$MeshFormat
2.2 0 8
$EndMeshFormat
$Nodes
1801
1 1 0 0
2 0 1 0
3 -1 0 0
4 0 -1 0
5 0.9987954562051792 0.04906767432727899 0
6 0.9951847266722262 0.09801714032926301 0
7 0.9891765099648416 0.1467304744549529 0
8 0.9807852804033356 0.1950903220155996 0
9 0.9700312531947028 0.2429801799026297 0
10 0.9569403357324346 0.2902846772537179 0
11 0.9415440651833341 0.3368898533913443 0
12 0.9238795325116899 0.3826834323641164 0
13 0.9039892931239508 0.4275550934292091 0
14 0.8819212643489791 0.4713967368248301 0
15 0.8577286100009944 0.5141027441920165 0
16 0.8314696123033888 0.5555702330183399 0
17 0.8032075314816457 0.595699304491084 0
18 0.7730104533638906 0.6343932841622397 0
19 0.7409511253561906 0.6715589548456598 0
20 0.7071067811878894 0.7071067811852056 0
21 0.6715589548483382 0.740951125353763 0
22 0.6343932841649219 0.7730104533616895 0
23 0.5956993044936661 0.8032075314797306 0
24 0.5555702330207417 0.8314696123017838 0
25 0.5141027441942989 0.8577286099996264 0
26 0.4713967368270139 0.8819212643478118 0
27 0.4275550934312226 0.9039892931229985 0
28 0.382683432365871 0.9238795325109631 0
29 0.3368898533928786 0.9415440651827851 0
30 0.2902846772549889 0.9569403357320492 0
31 0.2429801799036889 0.9700312531944375 0
32 0.1950903220164424 0.9807852804031679 0
33 0.1467304744556332 0.9891765099647407 0
34 0.09801714032975965 0.9951847266721773 0
35 0.04906767432754543 0.9987954562051662 0
36 -0.04906767432727899 0.9987954562051792 0
37 -0.09801714032926301 0.9951847266722262 0
38 -0.1467304744549529 0.9891765099648416 0
39 -0.1950903220155996 0.9807852804033356 0
40 -0.2429801799026297 0.9700312531947028 0
41 -0.2902846772537179 0.9569403357324346 0
42 -0.3368898533913443 0.9415440651833341 0
43 -0.3826834323641164 0.9238795325116899 0
44 -0.4275550934292091 0.9039892931239508 0
45 -0.4713967368248301 0.8819212643489791 0
46 -0.5141027441920165 0.8577286100009944 0
47 -0.5555702330183399 0.8314696123033888 0
48 -0.595699304491084 0.8032075314816457 0
49 -0.6343932841622397 0.7730104533638906 0
50 -0.6715589548456598 0.7409511253561906 0
51 -0.7071067811852056 0.7071067811878894 0
52 -0.740951125353763 0.6715589548483382 0
53 -0.7730104533616895 0.6343932841649219 0
54 -0.8032075314797306 0.5956993044936661 0
55 -0.8314696123017838 0.5555702330207417 0
56 -0.8577286099996264 0.5141027441942989 0
57 -0.8819212643478118 0.4713967368270139 0
58 -0.9039892931229985 0.4275550934312226 0
59 -0.9238795325109631 0.382683432365871 0
60 -0.9415440651827851 0.3368898533928786 0
61 -0.9569403357320492 0.2902846772549889 0
62 -0.9700312531944375 0.2429801799036889 0
63 -0.9807852804031679 0.1950903220164424 0
64 -0.9891765099647407 0.1467304744556332 0
65 -0.9951847266721773 0.09801714032975965 0
66 -0.9987954562051662 0.04906767432754543 0
67 -0.9987954562051792 -0.04906767432727899 0
68 -0.9951847266722262 -0.09801714032926301 0
69 -0.9891765099648416 -0.1467304744549529 0
70 -0.9807852804033356 -0.1950903220155996 0
71 -0.9700312531947028 -0.2429801799026297 0
72 -0.9569403357324346 -0.2902846772537179 0
73 -0.9415440651833341 -0.3368898533913443 0
74 -0.9238795325116899 -0.3826834323641164 0
75 -0.9039892931239508 -0.4275550934292091 0
76 -0.8819212643489791 -0.4713967368248301 0
77 -0.8577286100009944 -0.5141027441920165 0
78 -0.8314696123033888 -0.5555702330183399 0
79 -0.8032075314816457 -0.595699304491084 0
80 -0.7730104533638906 -0.6343932841622397 0
81 -0.7409511253561906 -0.6715589548456598 0
82 -0.7071067811878894 -0.7071067811852056 0
83 -0.6715589548483382 -0.740951125353763 0
84 -0.6343932841649219 -0.7730104533616895 0
85 -0.5956993044936661 -0.8032075314797306 0
86 -0.5555702330207417 -0.8314696123017838 0
87 -0.5141027441942989 -0.8577286099996264 0
88 -0.4713967368270139 -0.8819212643478118 0
89 -0.4275550934312226 -0.9039892931229985 0
90 -0.382683432365871 -0.9238795325109631 0
91 -0.3368898533928786 -0.9415440651827851 0
92 -0.2902846772549889 -0.9569403357320492 0
93 -0.2429801799036889 -0.9700312531944375 0
94 -0.1950903220164424 -0.9807852804031679 0
95 -0.1467304744556332 -0.9891765099647407 0
96 -0.09801714032975965 -0.9951847266721773 0
97 -0.04906767432754543 -0.9987954562051662 0
98 0.04906767432727899 -0.9987954562051792 0
99 0.09801714032926301 -0.9951847266722262 0
100 0.1467304744549529 -0.9891765099648416 0
101 0.1950903220155996 -0.9807852804033356 0
102 0.2429801799026297 -0.9700312531947028 0
103 0.2902846772537179 -0.9569403357324346 0
104 0.3368898533913443 -0.9415440651833341 0
105 0.3826834323641164 -0.9238795325116899 0
106 0.4275550934292091 -0.9039892931239508 0
107 0.4713967368248301 -0.8819212643489791 0
108 0.5141027441920165 -0.8577286100009944 0
109 0.5555702330183399 -0.8314696123033888 0
110 0.595699304491084 -0.8032075314816457 0
111 0.6343932841622397 -0.7730104533638906 0
112 0.6715589548456598 -0.7409511253561906 0
113 0.7071067811852056 -0.7071067811878894 0
114 0.740951125353763 -0.6715589548483382 0
115 0.7730104533616895 -0.6343932841649219 0
116 0.8032075314797306 -0.5956993044936661 0
117 0.8314696123017838 -0.5555702330207417 0
118 0.8577286099996264 -0.5141027441942989 0
119 0.8819212643478118 -0.4713967368270139 0
120 0.9039892931229985 -0.4275550934312226 0
121 0.9238795325109631 -0.382683432365871 0
122 0.9415440651827851 -0.3368898533928786 0
123 0.9569403357320492 -0.2902846772549889 0
124 0.9700312531944375 -0.2429801799036889 0
125 0.9807852804031679 -0.1950903220164424 0
126 0.9891765099647407 -0.1467304744556332 0
127 0.9951847266721773 -0.09801714032975965 0
128 0.9987954562051662 -0.04906767432754543 0
129 -0.001578178428850105 -0.004135685389760293 0
130 -0.408915564299039 -0.2879908331628738 0
131 -0.2879908331628772 0.4089155642990439 0
132 0.2902707676227591 -0.4098497302770455 0
133 0.4089155642990602 0.2879908331628887 0
134 0.5787895782440995 -0.1028104931473192 0
135 0.09644528593074937 0.5684159427319535 0
136 -0.1012241193029768 -0.5669186717076767 0
137 -0.5724099046495055 0.09595619825957398 0
138 -0.2854457533830888 -0.02098729067460478 0
139 -0.1121616535222942 -0.2750458500473855 0
140 -0.01294498311548731 0.2967539107767404 0
141 0.2770501708227687 -0.1134956553276474 0
142 -0.6818028761515096 -0.1796992663854829 0
143 -0.1812911960301317 0.6807353620289588 0
144 0.175097823694275 -0.6822228386206934 0
145 0.6842250952435995 0.1739760870800822 0
146 -0.3970883441468265 -0.5818414385357276 0
147 -0.5833541846807059 0.3946962688114318 0
148 0.5834652104689056 -0.3982791625023571 0
149 0.3946962688114285 0.583354184680713 0
150 0.2040701181702559 0.1303920705514119 0
151 -0.6177887973664996 -0.4359627555722957 0
152 -0.4359627555722974 0.6177887973665021 0
153 0.4359627555723006 -0.6177887973665075 0
154 0.6141669034218729 0.431587030902522 0
155 0.1126970724172694 -0.2679029212240541 0
156 -0.2136403983544954 0.1968094958696561 0
157 0.202584405155502 0.3667541927873834 0
158 0.4306804416447341 0.05968284014850318 0
159 0.02337623405081966 0.7793353450325387 0
160 -0.7793353450325395 0.02337623405081506 0
161 0.7793353450325395 -0.023376234050824 0
162 -0.02337623405081887 -0.7793353450325403 0
163 -0.7391061686415341 0.2479974031798144 0
164 -0.2479974031798159 -0.7391061686415339 0
165 0.2368463261826035 0.7469164752214228 0
166 0.7391061686415377 -0.2479974031798157 0
167 -0.4228866495137266 0.239840468030338 0
168 0.08334863395973086 -0.4789393111155491 0
169 -0.489122696725561 -0.09489069126774038 0
170 -0.0948906912677554 0.4891226967255662 0
171 -0.253908702388535 -0.4244032624993195 0
172 0.4285628611779849 -0.2541242407963397 0
173 -0.2646872542462928 -0.186413796717793 0
174 -0.3293455748194397 0.7724123590948663 0
175 -0.7724123590948659 -0.3293455748194427 0
176 0.7548522950655233 0.3281997139065023 0
177 0.3293455748194389 -0.772412359094869 0
178 -0.5682159021381202 -0.6005103524338703 0
179 0.6005103524338729 -0.5682159021381176 0
180 -0.6005103524338706 0.5682159021381211 0
181 0.5639622013946953 0.6034235738580788 0
182 -0.1416163839961132 -0.07178785131469068 0
183 0.05551923333463447 0.1457956019605147 0
184 -7.971384536171002e-05 -0.160065042649956 0
185 0.3422098442171361 0.4304015748468019 0
186 -0.8324362005425227 -0.1256011827300757 0
187 -0.1256011827300701 0.8324362005425233 0
188 0.83500348902088 0.1196531924792329 0
189 0.1256011827300692 -0.8324362005425252 0
190 -0.7427808768173412 0.3967784906297697 0
191 -0.3967784906297717 -0.7427808768173394 0
192 0.7427808768173436 -0.3967784906297708 0
193 0.3943358291604098 0.7447999906283436 0
194 -0.2879493091266377 0.5686824534518835 0
195 -0.5728848102055545 -0.2797975268475271 0
196 0.5696336213641543 0.2793153489607126 0
197 0.2793030522487641 -0.5719294393442357 0
198 -0.4526801976504394 -0.4443394673646646 0
199 0.4358498202248939 -0.4604212080221611 0
200 -0.4426686163217183 0.4526822454182089 0
201 -0.05731452159045684 -0.4190708107076724 0
202 -0.415938037899501 0.08810674144458119 0
203 0.5779400314639884 0.05383114187930706 0
204 0.1583949915437864 -0.008469996322772436 0
205 0.2462598328868322 0.5424207634858903 0
206 0.4224319498650387 -0.08297455021082027 0
207 -0.157727197059014 0.3350333122825334 0
208 0.2623119345242114 -0.2613764297660957 0
209 0.06093726890103772 0.4270175468805973 0
210 -0.1273681093515123 0.0798696409329315 0
211 -0.2467825505466087 -0.5826731660520833 0
212 -0.5931843621716261 0.2463461588004676 0
213 0.5931843621716317 -0.246346158800464 0
214 -0.6414230242542071 -0.03213925366088077 0
215 -0.03052676203431054 0.6420568393002146 0
216 0.03388275269243708 -0.6369254369322799 0
217 -0.8495689442705826 0.1425662625137372 0
218 -0.1425662625137404 -0.8495689442705829 0
219 0.1425662625137384 0.8495689442705838 0
220 0.8495689442705836 -0.1425662625137424 0
221 0.4794903992941745 0.4720391458121266 0
222 0.2748792137710109 0.2546649917865188 0
223 0.2980759409486406 0.02276635892726677 0
224 0.1367674060122348 0.2561982887893929 0
225 0.1488001605471488 -0.1430487827413039 0
226 0.5015595572124403 0.1643321875087461 0
227 -0.7383165303425678 -0.4586405192848257 0
228 -0.4586405192848237 0.7383165303425696 0
229 0.4586405192848226 -0.7383165303425733 0
230 0.7349638165158447 0.4634141426960031 0
231 0.6974790438444819 -0.1212567357748515 0
232 -0.1212567357748477 -0.6974790438444844 0
233 0.1220329768636818 0.6918413421182321 0
234 -0.6974790438444854 0.121256735774845 0
235 -0.08713063064967229 0.193453992569264 0
236 0.1668541845171677 -0.3800405979297231 0
237 -0.2998542968071787 0.2845656780544305 0
238 -0.3850026158619962 -0.1738010546228138 0
239 -0.2791018515095883 -0.2919978060762842 0
240 0.3568785348270924 0.1769241774964114 0
241 0.8431925681625909 0.246874746504029 0
242 0.2468747465040333 -0.8431925681625908 0
243 -0.2468747465040341 0.8431925681625903 0
244 -0.8431925681625901 -0.2468747465040384 0
245 -0.7081168193081524 0.5145461573134829 0
246 0.5162551041779934 0.7054767162844271 0
247 -0.514546157313484 -0.708116819308152 0
248 0.7081168193081543 -0.5145461573134822 0
249 -0.2891505660751133 0.1133562115210465 0
250 0.001673023769334334 -0.3157135479976512 0
251 0.6797268901948932 0.5623668963405968 0
252 0.5631836317634473 -0.6780797338373683 0
253 -0.5631836317634495 0.6780797338373696 0
254 -0.6780797338373685 -0.5631836317634521 0
255 0.1649595093818923 -0.5657608523067105 0
256 -0.4771155878698484 0.3459157376442011 0
257 0.6916032807697422 0.06512817205090232 0
258 -0.02329446198238753 0.8828674377062782 0
259 0.8874713677995008 0.01634219853423277 0
260 -0.882867437706278 -0.0232944619823936 0
261 0.02329446198238706 -0.8828674377062794 0
262 -0.8263079392688473 0.320169835819716 0
263 -0.3201698358197201 -0.8263079392688458 0
264 0.3201698358197158 0.8263079392688502 0
265 0.8263079392688484 -0.3201698358197198 0
266 0.305885412184687 0.6490630455701987 0
267 0.1723607410307373 0.4657321876169858 0
268 -0.2105332405807497 0.4818203564271142 0
269 -0.5675025361286905 -0.1672535393713949 0
270 0.382824306843526 -0.3572907752744655 0
271 -0.34866235892187 -0.4779853015073188 0
272 -0.5002215081036399 0.0198511510671911 0
273 -0.1486680164141901 -0.47844028529081 0
274 0.4915836677203508 0.3631604543036703 0
275 -0.402626399307543 -0.03117488673862884 0
276 -0.1616531266417497 -0.3567880743816965 0
277 -0.1556852781687921 0.5742414696949942 0
278 0.4784625061858462 -0.3313631559176698 0
279 0.4877825290637788 -0.1609032247410034 0
280 -0.5039464051114747 0.1811823779013003 0
281 -0.005375768019947481 -0.541214068162207 0
282 -0.323279441425708 -0.6629763473702501 0
283 0.6646638395145488 -0.3225482986074921 0
284 -0.6646882159586449 0.3223566829008722 0
285 -0.7331023169157541 -0.08098796857617288 0
286 -0.07577164317722962 0.7385683253351585 0
287 0.08201084981614892 -0.7347455228196025 0
288 0.01226048838660322 0.5188691405171826 0
289 -0.1634463548767112 -0.1761361794437378 0
290 0.362736813755543 -0.1671015802545686 0
291 0.4962948405757738 -0.008946855904182146 0
292 -0.04435527670349029 0.394991851591223 0
293 0.07075472078254681 -0.08981962208717391 0
294 -0.6536651068901079 -0.3369841461870511 0
295 -0.3369841461870543 0.65366510689011 0
296 0.3369841461870611 -0.6536651068901145 0
297 0.6536651068901167 0.3369841461870642 0
298 -0.5374985649326102 -0.5019279624034422 0
299 -0.5019279624034433 0.5374985649326137 0
300 0.5019279624034452 -0.5374985649326218 0
301 0.6485817102860368 -0.03073334238102582 0
302 0.208625265863626 -0.4733365285603687 0
303 -0.3665366319776796 0.3542146876553653 0
304 -0.4771175684703349 -0.2173914168978453 0
305 -0.3615263225782636 -0.3770871299617395 0
306 -0.03076977585233862 0.094139083975311 0
307 0.2115046282725346 0.6317037573600937 0
308 0.1266622916856357 0.08232717625561484 0
309 0.08112917630721909 0.3294813119135057 0
310 0.3823481167654973 -0.5305366933159634 0
311 -0.3823612685402638 0.5305387681652654 0
312 -0.5317224937660299 -0.3741750164602495 0
313 -0.1991870695885334 0.007976754857717427 0
314 0.3347742841672088 0.3362482904222618 0
315 -0.2449380762264665 -0.102357287092827 0
316 0.07336319536200751 -0.3868099644096366 0
317 -0.3402826336182641 0.2070599006835451 0
318 -0.246625729768023 -0.8829460963635294 0
319 -0.8829460963635297 0.2466257297680204 0
320 0.8829460963635314 -0.2466257297680228 0
321 0.2466257297680201 0.8829460963635315 0
322 -0.9094726518496128 0.07012222494799585 0
323 -0.07012222494799993 -0.909472651849613 0
324 0.07012222494799897 0.9094726518496139 0
325 0.9041245990989025 -0.07068532958684842 0
326 0.2570699329737341 0.4487302544340938 0
327 -0.2000887929280127 -0.2502026504217998 0
328 -0.05156873939455841 -0.07848561575725345 0
329 -0.4781331422498045 -0.6255409332811385 0
330 -0.6255409332811376 0.4781331422498065 0
331 0.6255409332811414 -0.4781331422498031 0
332 0.4781331422498044 0.625540933281141 0
333 -0.7599691889295681 -0.2427121369727182 0
334 -0.2427121369727151 0.7599691889295694 0
335 0.7500085719957874 0.2394658529907111 0
336 0.2427121369727144 -0.759969188929573 0
337 -0.8138334432559187 -0.4109890738328388 0
338 -0.4109890738328351 0.8138334432559208 0
339 0.4109890738328323 -0.8138334432559235 0
340 0.813833443255925 0.4109890738328287 0
341 0.5637698734821478 0.5030697721939894 0
342 0.5949205544384693 0.1966066587876988 0
343 0.6023305467623772 0.6871707719373292 0
344 -0.6022566806403827 -0.6856062088113081 0
345 -0.6856062088113085 0.6022566806403833 0
346 0.6856062088113091 -0.6022566806403824 0
347 -0.3339830293322413 -0.09344426012538759 0
348 0.2992273018181405 0.1111789956789127 0
349 0.3305762315327698 0.5146847967527546 0
350 0.05102780100243032 0.2425205165838903 0
351 0.3816979270765973 -0.008590421331401156 0
352 -0.3374460919083982 -0.2376563516794568 0
353 -0.2104574195282425 0.1021409251827832 0
354 0.4911858170535787 0.2466679611750921 0
355 0.1873713907580057 -0.219326484614209 0
356 -0.1448320585203803 0.4243042890157868 0
357 0.3494172441831733 -0.2797441464506776 0
358 0.08155282859180409 -0.1876149228329203 0
359 -0.6445621781000709 0.05365396057220145 0
360 0.05503224642570657 0.6418365658506096 0
361 -0.05139760145127679 -0.6419260577772092 0
362 -0.6247481508508455 0.1666396843823049 0
363 -0.1580805284867896 -0.6276387144395172 0
364 0.6294030435632808 -0.1650390271422025 0
365 -0.09385382595538611 -0.002528916263212113 0
366 -0.2773468173982849 -0.5137016002652655 0
367 -0.5770638992882939 -0.0880532451235439 0
368 -0.03615476898872418 -0.2366619706115486 0
369 0.4106333043590646 0.3715925685243036 0
370 -0.3312313778938725 0.8558442950066396 0
371 0.8558442950066447 0.3312313778938666 0
372 -0.8558442950066374 -0.3312313778938764 0
373 0.3312313778938703 -0.8558442950066424 0
374 0.2521944936543091 -0.646139218276866 0
375 -0.26160151167005 0.642843423489273 0
376 -0.6478597735610737 -0.2459389571699184 0
377 0.5171412184602627 -0.4628738679619555 0
378 -0.5234067802555873 0.4551299752899733 0
379 -0.4498169156800667 -0.5271408138831862 0
380 -0.1809939202060698 0.8969388003982024 0
381 0.8971117420003136 0.1817396480940565 0
382 -0.8969388003982018 -0.1809939202060745 0
383 0.1809939202060702 -0.8969388003982031 0
384 -0.7834606526320749 0.4728259286408469 0
385 -0.4728259286408483 -0.7834606526320747 0
386 0.4742789174124357 0.7833931391428932 0
387 0.7834606526320759 -0.4728259286408475 0
388 -0.5065710325482912 0.2639468224757305 0
389 0.07997572949192422 -0.5692484067642913 0
390 0.218614652393568 0.05333088722607416 0
391 0.2440738975440323 -0.03093805052058819 0
392 -0.1523305323006333 0.2524476433143576 0
393 0.1345351425089593 0.1672439294646755 0
394 0.7487409697100929 0.126222132933236 0
395 0.6655254151986647 0.25887153899912 0
396 -0.2458286848053092 0.3452474882860163 0
397 0.2415871955362314 -0.34742865541028 0
398 0.5138942028097745 -0.2558281488684542 0
399 -0.06870609890193975 0.5660849831012789 0
400 0.9176419589893262 0.1003676520037398 0
401 0.1050222339445927 -0.9158639582899819 0
402 -0.1050222339445927 0.9158639582899815 0
403 -0.9158639582899808 -0.1050222339445975 0
404 -0.826854328410765 0.4077296229180992 0
405 0.4039685780786446 0.8300909937029746 0
406 -0.4077296229181016 -0.8268543284107641 0
407 0.8268543284107657 -0.407729622918101 0
408 0.03960186725700581 0.07276641925353827 0
409 0.7768643583037057 -0.1045733479858584 0
410 0.1051133384220977 0.7734865822506907 0
411 -0.1050846042437907 -0.7718144311210741 0
412 -0.7718144311210748 0.1050846042437879 0
413 -0.4930560782512525 -0.3021209588475706 0
414 -0.2989357068515245 0.4966361161843643 0
415 0.3019395307573223 -0.4932148852608594 0
416 0.5713447722447966 0.3593707318458811 0
417 0.5047248224162163 0.08377484022922724 0
418 0.7948541412384753 0.05057376741596648 0
419 0.3796539714107252 0.6572912540513463 0
420 0.3141670748303392 0.7237393447767907 0
421 -0.08569438404570683 -0.160685364614236 0
422 -0.6112898922372434 -0.5124305041370238 0
423 -0.5124305041370236 0.6112898922372458 0
424 0.5124305041370233 -0.6112898922372505 0
425 -0.1589544388866188 0.7598116536208136 0
426 -0.7606393285823548 -0.1603941754896616 0
427 0.1589158409365911 -0.7598732588370596 0
428 -0.6620835106582166 0.4072732324197826 0
429 -0.4072732324197801 -0.6620835106582149 0
430 0.6620835106582202 -0.4072732324197808 0
431 -0.8117973829034939 -0.05239090228647594 0
432 -0.05239090228647051 0.8117973829034948 0
433 0.05239090228647018 -0.811797382903497 0
434 -0.7470737097177673 0.3199797671459236 0
435 -0.3199797671459261 -0.7470737097177662 0
436 0.7470737097177702 -0.3199797671459261 0
437 -0.3462980727323442 0.05011994780771201 0
438 -0.07246747424719462 -0.3435897745302415 0
439 -0.426738692763908 0.1687422795770688 0
440 -0.490784893834332 0.1050597942192955 0
441 0.01165711705348691 -0.4580086219671076 0
442 -0.06640439297675538 -0.4998466789326968 0
443 0.2097777382448985 0.2097884998709093 0
444 0.3656108238606549 -0.4396730552864869 0
445 0.623104957523731 0.1230742414936293 0
446 -0.3638157832879565 0.4411162858863562 0
447 0.4957876989893127 0.548940140066879 0
448 0.6672342835867826 0.6396896921060711 0
449 0.6362700182306669 -0.6669548732969548 0
450 -0.6362700182306679 0.6669548732969559 0
451 -0.6669548732969557 -0.6362700182306693 0
452 0.4025136971502257 0.4861601382741415 0
453 -0.5788229592339968 0.01371886001537577 0
454 -0.182255607668131 -0.5494866680377989 0
455 0.3410256408730241 -0.07707769650824123 0
456 0.08213075649434656 0.005593063165037244 0
457 0.2073232875190035 0.2931190703263664 0
458 -0.0116184063541872 0.1955775197784282 0
459 0.5665511570488139 -0.3190820983328118 0
460 -0.1074001981621157 0.6448784894915834 0
461 0.2875516042144127 -0.1905814436704555 0
462 0.7574563695957757 0.5378311089323748 0
463 0.5396998755668868 -0.7557759258116384 0
464 -0.5396998755668871 0.7557759258116383 0
465 -0.7557759258116371 -0.539699875566889 0
466 -0.4409715588712513 -0.3632212871718085 0
467 0.4372288292386156 0.1397192717021829 0
468 -0.08298201682296363 0.3348290906379017 0
469 0.1047389853656228 -0.6512151050650417 0
470 -0.5725019567382168 0.3198719222534429 0
471 0.6685323525221675 0.4882326596735822 0
472 -0.6861582763637576 -0.4095843306011885 0
473 -0.40958433060119 0.6861582763637589 0
474 0.4095843306011934 -0.686158276363762 0
475 0.683126380290658 0.4160746304935647 0
476 -0.3179030553124634 -0.5747293186548319 0
477 -0.6482089429706647 -0.1057013356011745 0
478 0.1724841184095962 0.5565032214156512 0
479 0.5726689789526355 -0.02310713947527277 0
480 0.6639871967779283 -0.2337724750059021 0
481 -0.2372883657169977 -0.6636895173942131 0
482 -0.6665237197855545 0.234689481012893 0
483 -0.7060871462784165 -0.0006584607887964736 0
484 0.003007582651300976 0.7065616304463549 0
485 -0.001148813146215698 -0.7056060532669621 0
486 0.1300329301587757 0.3884750125494521 0
487 0.0892985258881812 0.496970539086852 0
488 0.4977872175659388 -0.08492154533735255 0
489 -0.1504603642831998 0.156420125180986 0
490 0.1822044505857008 -0.2976744493633917 0
491 0.3483158553234425 0.245512876401964 0
492 0.5409019841632655 0.4321098782435662 0
493 -0.2207220742563001 0.2698956795291403 0
494 -0.7852238916261898 0.1791176100577668 0
495 -0.1791176100577696 -0.7852238916261903 0
496 0.1791233289780313 0.7861086391394029 0
497 0.7852238916261924 -0.1791176100577711 0
498 0.284028937431054 0.1864197607828391 0
499 0.03722615460803201 -0.2515888840278196 0
500 0.2127309500721603 -0.151541466582618 0
501 -0.9153360623955904 0.1590181769825506 0
502 -0.1590181769825519 -0.9153360623955908 0
503 0.1590181769825512 0.9153360623955917 0
504 0.9153360623955917 -0.1590181769825526 0
505 -0.417343191098797 -0.1000991027643682 0
506 -0.2314203450605452 -0.3586970591094739 0
507 0.3545316148465824 0.06453417539512468 0
508 -0.25963674640219 0.04868714524689112 0
509 0.8065498141835477 0.1904983049200472 0
510 0.4538333275695429 0.692861180875003 0
511 0.4217956776737444 0.2186822489305988 0
512 0.1799279004078372 -0.07947629860984048 0
513 -0.2181552379521296 0.3994335084135291 0
514 0.3107870703188211 -0.3420130746705597 0
515 0.5567926618742728 -0.1858321618754754 0
516 0.7170413008616868 -0.05452141413768917 0
517 0.2727846221398733 0.3846506748158658 0
518 -0.07232899637337679 0.2586942521253027 0
519 0.01232026415966581 0.3570743922566036 0
520 0.01276442253263467 0.5881393140315626 0
521 0.06542483542443173 0.8347565668167451 0
522 0.8347565668167454 -0.06542483542443739 0
523 -0.06542483542443103 -0.8347565668167455 0
524 -0.8347565668167456 0.06542483542442676 0
525 -0.3618295514784677 0.1311753696947967 0
526 0.0002016129686837822 -0.3841371348954107 0
527 -0.5103244746380434 -0.5644465500328572 0
528 -0.5644465500328584 0.5103244746380463 0
529 0.5644465500328683 -0.5103244746380461 0
530 -0.7033380438142381 -0.2903474888436655 0
531 -0.2903474888436644 0.7033380438142421 0
532 0.290347488843665 -0.7033380438142488 0
533 0.1330248910328065 0.6345216617674783 0
534 -0.809650511189672 0.2605087877412752 0
535 -0.2605087877412787 -0.809650511189672 0
536 0.2568864504884735 0.8101439407830178 0
537 0.8096505111896747 -0.2605087877412794 0
538 -0.6739006825482593 -0.47459244349327 0
539 -0.4745924434932717 0.6739006825482627 0
540 0.4745924434932751 -0.6739006825482681 0
541 0.1480322157504796 0.3292925013040343 0
542 -0.2162161181310703 0.5511934028084429 0
543 0.4457141800034263 -0.391350001289083 0
544 0.1449404536465317 -0.4341882078574616 0
545 -0.3690426388181722 0.2824287910245407 0
546 0.1155877995692021 -0.3315134156660806 0
547 -0.2693128028740279 0.2250910768336967 0
548 -0.4737996912974265 0.8006564890905072 0
549 -0.8006564890905055 -0.4737996912974282 0
550 0.8006564890905103 0.4737996912974223 0
551 0.4737996912974253 -0.8006564890905086 0
552 -0.03256922816514987 0.4649307713622856 0
553 0.615510026292115 0.5537639274581038 0
554 -0.09017290628778749 0.1240305970290244 0
555 0.1905030155617242 0.6998795177827699 0
556 0.3097624793837066 0.5829837419923319 0
557 0.4253829305825945 -0.1488199978668437 0
558 0.6353787178692327 -0.09293619603058199 0
559 -0.4313388497941864 0.03774849680558277 0
560 -0.1203992494179077 -0.4183028174223056 0
561 0.2305420641754955 -0.5362639495275758 0
562 -0.4323219918116337 0.4058296662268099 0
563 -0.7345680865663298 0.5789848147099406 0
564 -0.5789848147099415 -0.7345680865663289 0
565 0.7345680865663305 -0.5789848147099399 0
566 0.5789975407161921 0.734747178667978 0
567 -0.5972770699608168 -0.3692712725563796 0
568 -0.369271272556382 0.5972770699608191 0
569 0.3692712725563868 -0.5972770699608225 0
570 -0.4322486153068256 0.5439851327076647 0
571 -0.5489017596530721 -0.4379589356162857 0
572 0.4322333299615799 -0.5439846725115742 0
573 0.5627412733304965 0.1255590427393145 0
574 -0.7498625631189978 -0.3970307268568026 0
575 -0.3970307268568 0.7498625631189986 0
576 0.3970307268567987 -0.7498625631190029 0
577 0.7498625631190048 0.3970307268567959 0
578 0.7091290414673086 0.289322426256037 0
579 0.2216765455760976 -0.4128369985246284 0
580 -0.3174549822921298 0.3517147817797993 0
581 -0.4604613302086724 -0.1524609724394866 0
582 -0.2930734978308846 -0.376830991705509 0
583 -0.9332723149224149 0.02529880937286886 0
584 -0.02529880937287249 -0.9332723149224154 0
585 0.02529880937287215 0.9332723149224151 0
586 0.9396796224129815 -0.01653106448444253 0
587 -0.8894588859601487 0.292584875551168 0
588 -0.2925848755511697 -0.889458885960148 0
589 0.2925848755511675 0.8894588859601501 0
590 0.8894588859601497 -0.2925848755511696 0
591 -0.4145372827957544 -0.2239213085160552 0
592 -0.3520537479393887 -0.3197400982216314 0
593 -0.7105179983405121 0.1802072302135437 0
594 -0.1802072302135449 -0.7105179983405154 0
595 0.7079494929099573 -0.178639323320238 0
596 -0.3232411166853774 -0.1552137572256104 0
597 -0.2185862951154168 -0.4800964552252251 0
598 -0.5256670966832098 -0.0441112551260698 0
599 -0.4613116976945418 -0.7050040601373477 0
600 -0.7050040601373493 0.4613116976945413 0
601 0.7050040601373517 -0.4613116976945413 0
602 -0.8200178579546513 -0.196566353140611 0
603 -0.1965663531406061 0.8200178579546533 0
604 0.1965663531406057 -0.8200178579546562 0
605 -0.2547279094080924 0.9174402445633079 0
606 0.9116211898496648 0.2529601609729835 0
607 -0.917440244563307 -0.2547279094080929 0
608 0.2547279094080924 -0.9174402445633085 0
609 0.6420697481929892 0.02482756272084322 0
610 -0.1039946263746337 -0.2135866044736717 0
611 0.4428820802744962 0.4164482999416482 0
612 0.2113024352001424 -0.6168123031443472 0
613 -0.5095683415831317 0.4067485167446135 0
614 0.2655875865246296 0.3174584888231459 0
615 -0.2076763380120124 -0.1478968647448824 0
616 -0.538408416191697 -0.2324476126494498 0
617 -0.3983409197450298 -0.4265380589946855 0
618 -0.2688173349721553 -0.2485087923523515 0
619 0.2498425519175356 0.6821158857290637 0
620 0.07287450588007827 0.7371461717122623 0
621 -0.7319761025211435 0.06904969377416849 0
622 -0.06915344451953867 -0.7323088082708751 0
623 -0.1376615728468404 0.5128088188896742 0
624 0.4307949491025817 -0.3046008114073202 0
625 0.146292207221471 -0.5193916452659244 0
626 -0.4397805979301626 0.3127394057625752 0
627 -0.05093383605639229 0.03338053233763694 0
628 -0.270576865249319 0.1579983826350468 0
629 -0.1902646865205352 -0.4252487355991696 0
630 -0.4509221198263058 -0.03743695863811005 0
631 0.4363988408073728 0.006802301638895472 0
632 0.792925942441816 0.2813900312502797 0
633 -0.2794183899356111 0.7949621949978829 0
634 0.2794183899356104 -0.7949621949978858 0
635 -0.7949621949978822 -0.2794183899356141 0
636 -0.6515446592870129 0.5285880964291905 0
637 -0.52858809642919 -0.6515446592870121 0
638 0.5326447706045065 0.6506130712966256 0
639 0.6515446592870157 -0.5285880964291895 0
640 -0.008730065945277914 -0.5969067041031286 0
641 -0.1888128589260815 0.6224362527630698 0
642 0.5218380604913787 -0.3936245177771867 0
643 -0.5649201060858819 0.1566257381763153 0
644 0.003614231240199271 -0.09902932067788935 0
645 0.06373464228950394 -0.3115537579062695 0
646 -0.165581967625103 -0.316753418411629 0
647 0.4384962084078747 0.5401792412894648 0
648 0.3025838409772215 -0.04521942090006643 0
649 0.5080331507010571 0.3026427530527318 0
650 0.721079905479813 0.00172123422865678 0
651 0.5481552202260845 0.2287417536133504 0
652 0.5971226494149964 -0.6293814857241637 0
653 -0.5971226494149975 0.629381485724166 0
654 -0.6293814857241654 -0.5971226494149998 0
655 0.7039064049769259 0.6074492794614904 0
656 0.6071777436425227 -0.7042520640348159 0
657 -0.6071777436425236 0.7042520640348168 0
658 -0.7042520640348163 -0.6071777436425256 0
659 -0.6260737644108546 -0.2018957107610373 0
660 -0.4008955797808434 -0.5214886375867142 0
661 0.1262000813002308 -0.06871801956310944 0
662 0.3928270091319597 0.1244420733255537 0
663 0.2173671011053635 0.5030972885684597 0
664 0.3722519879681937 -0.2287197051802619 0
665 -0.9396056470728168 -0.04742293253747065 0
666 -0.04742293253746548 0.9396056470728167 0
667 0.04742293253746567 -0.939605647072817 0
668 0.9399373231465782 0.04953041618240713 0
669 -0.8686090653952767 0.3615479463635393 0
670 -0.3615479463635413 -0.8686090653952765 0
671 0.363627186076848 0.8682135390573917 0
672 0.8686090653952773 -0.3615479463635416 0
673 0.8396021797170314 0.07844545322604488 0
674 0.8230865883030631 0.007937003174638252 0
675 0.3433705744715487 0.7856722199213271 0
676 0.2480514010174865 0.6106328095835393 0
677 -0.5124108590927361 -0.1442357983905802 0
678 -0.3164589459869394 -0.4411443473669741 0
679 0.6738902973663979 0.1219654322548255 0
680 -0.08527997112131745 0.4167968369687169 0
681 0.1934879755257915 0.4296277381208697 0
682 0.003870079408270899 0.8380754767208536 0
683 -0.8380754767208544 0.00387007940826618 0
684 -0.003870079408270745 -0.8380754767208553 0
685 0.08996988922084323 -0.143526058796861 0
686 -0.2040835446262891 -0.05428119743409215 0
687 0.7367939208744431 0.1811367737385757 0
688 -0.02219951660732883 0.7473276021724096 0
689 0.02141699789776944 -0.7452146934074997 0
690 -0.7450486772800128 -0.02152905399706316 0
691 -0.6971011444332876 0.275995665152071 0
692 -0.273109707046609 -0.6930859233859368 0
693 0.6969251569377637 -0.2759847359862028 0
694 -0.2573958530259444 0.4578736429405 0
695 -0.6254559422432204 0.1014578102928782 0
696 -0.1028581213586783 -0.6228254116224679 0
697 -0.5249321542133287 -0.7808399272822665 0
698 -0.7808399272822673 0.5249321542133276 0
699 0.5264668491013662 0.781678611307455 0
700 0.7808399272822681 -0.5249321542133276 0
701 0.2706337290393961 0.4928234230574815 0
702 0.1300965066300521 -0.2155881750425025 0
703 -0.3366387174454955 -0.04341391556123438 0
704 -0.362437515876893 -0.7850873478100441 0
705 -0.7850873478100449 0.3624375158768901 0
706 0.7850873478100469 -0.3624375158768919 0
707 -0.8612135114977743 -0.07643866181401431 0
708 -0.07643866181400913 0.8612135114977745 0
709 0.0764386618140088 -0.8612135114977755 0
710 0.1119959299954089 0.4500464153720324 0
711 -0.2122546876081212 -0.1957475023307199 0
712 -0.1407593949492032 0.01810372558239228 0
713 -0.8325791293497492 0.2013931166148124 0
714 -0.2013931166148153 -0.8325791293497504 0
715 0.2013931166148113 0.8325791293497534 0
716 0.8325791293497545 -0.201393116614815 0
717 0.3465956348072536 0.6179384850474905 0
718 -0.1542063622271467 -0.2324065787079673 0
719 0.1008651560827289 0.2164361131852315 0
720 -0.524112142372795 0.06090274751327539 0
721 -0.119032435808833 -0.5134547776151275 0
722 -0.04502781937951843 -0.2948956970566269 0
723 0.4370467460905685 0.3304243697596444 0
724 -0.134461676207748 -0.1295142834796526 0
725 0.8778909700915288 0.3828909443898082 0
726 -0.3828909443898114 0.8778909700915261 0
727 0.3828909443898099 -0.8778909700915276 0
728 -0.8778909700915245 -0.3828909443898135 0
729 -0.4679650541976444 0.2330239742807374 0
730 0.06125702240308417 -0.5197395428195331 0
731 0.3950981009076077 0.4437191392401723 0
732 0.4547411822810383 -0.2006633764001247 0
733 0.2582215997146471 0.08656317952863875 0
734 -0.5723079536425405 -0.545158497616863 0
735 -0.5451584976168645 0.5723079536425437 0
736 0.5451584976168674 -0.5723079536425504 0
737 -0.1197067957338455 0.3723677564949368 0
738 -0.1772103149403857 0.0639379806134026 0
739 -0.2482225489441586 0.5127552554992436 0
740 0.6111566882270619 -0.2901082749885986 0
741 -0.1311227636241556 0.6891950565170469 0
742 -0.3544492781274818 0.706516475223447 0
743 -0.7065164752234452 -0.3544492781274801 0
744 0.7060853433454111 0.3549507461914106 0
745 0.3544492781274867 -0.7065164752234506 0
746 -0.05426786816071193 0.5120255989276608 0
747 0.6176753088082476 0.6032637203744443 0
748 -0.4475347305839171 -0.5862213853298565 0
749 -0.584107284488778 0.4475348255889971 0
750 0.5841376849475981 -0.4481329959904384 0
751 -0.6941940792544639 -0.2220003552958756 0
752 -0.2221002193058751 0.6938767024519046 0
753 0.2205998934802147 -0.6940498222952363 0
754 0.3121415915906334 -0.2378963110222908 0
755 0.2652444630371689 -0.4478417955027322 0
756 0.5299938337475393 0.0366646738315082 0
757 0.3275197383496726 -0.1187157991315273 0
758 -0.6124388883671158 0.2898720983099887 0
759 0.1220002427043915 -0.6965511432319459 0
760 -0.27794308853805 -0.6422822651764236 0
761 -0.6891686460418063 -0.04057889867075087 0
762 -0.03851590198806021 0.6929954568885751 0
763 0.04543423028223852 -0.6947153289272665 0
764 -0.6106840764334543 0.3491727528829848 0
765 0.01721901773692766 0.4650171238887274 0
766 -0.001738236041343056 0.1392294299939922 0
767 -0.2112203508728253 -0.9264380785955508 0
768 0.9264380785955518 -0.211220350872825 0
769 -0.9264380785955513 0.211220350872824 0
770 0.211220350872824 0.9264380785955524 0
771 -0.9437715619845515 0.1172755737126233 0
772 0.1172755737126244 0.9437715619845523 0
773 -0.1172755737126247 -0.9437715619845515 0
774 0.9430075544487361 -0.1173560172324609 0
775 0.6159871149857299 -0.3509393846563392 0
776 -0.5495118821843064 0.2320922781328537 0
777 0.6214102722255513 0.2953743509040185 0
778 0.09079616588306938 0.2755012522004667 0
779 0.03946686366025362 0.2940993624345813 0
780 0.6166464542572709 0.483492355505759 0
781 -0.3517019963974652 -0.6128782794071348 0
782 0.3790182047550303 -0.1128383626966565 0
783 -0.6964451407960519 -0.1245257318822465 0
784 0.4213314510139695 0.6309184732917923 0
785 0.242841954547771 -0.2145376909053685 0
786 0.3040466143950873 0.7642091066516302 0
787 0.1803940304334744 0.08749370896396988 0
788 0.3910212119640033 -0.4800393408698772 0
789 -0.4569499113315759 -0.2654694573535593 0
790 -0.3927719323375362 0.4784529537246627 0
791 -0.2757254480732725 -0.135226236108919 0
792 -0.117894784565666 0.2943063678540512 0
793 0.1212409548183513 0.02874081533030318 0
794 -0.785180444831956 -0.1029699998697964 0
795 -0.1024667928117251 0.7853181576825218 0
796 0.1029851110453997 -0.7850894885057993 0
797 -0.3610215010916257 -0.7046896537286408 0
798 -0.7047061181671198 0.3609353895235479 0
799 0.7047893529163958 -0.3609548293024964 0
800 0.5350562987857166 -0.1382143022514322 0
801 0.8066419204343281 0.3524818197077705 0
802 -0.3504825724872988 0.8082807475326949 0
803 0.3504825724872963 -0.8082807475326974 0
804 -0.8082807475326932 -0.3504825724873035 0
805 0.05658161238076996 0.5393788658199771 0
806 -0.2979780954944712 0.617333273016293 0
807 -0.6168250206730784 -0.3038627635344782 0
808 0.2984777041385252 -0.6204202609986842 0
809 -0.4916061579730301 -0.4787037189515911 0
810 -0.4822748567104901 0.4890719794430994 0
811 0.480770348432298 -0.4880015454946219 0
812 -0.05001625406009679 -0.5507781725709611 0
813 -0.244576218502373 -0.02423858320303747 0
814 -0.2869081934621713 -0.06537673145076847 0
815 0.03046467374706539 -0.05121231721096711 0
816 -0.4823425426292127 -0.3937854701244095 0
817 -0.3934578645808103 0.203967957439427 0
818 0.05826287167699808 -0.4386905852248454 0
819 -0.05215748441822499 -0.02715786977568813 0
820 0.6196866314618258 0.3795061176191409 0
821 0.457201332582905 -0.04284778884635728 0
822 -0.2366263128198169 -0.3172912557998829 0
823 0.3382252664614633 -0.3865338010160474 0
824 -0.7075828427115951 -0.5187582631413563 0
825 -0.5187582631413554 0.7075828427115973 0
826 0.5187582631413563 -0.7075828427115989 0
827 -0.9070570792613948 -0.3057191097959466 0
828 -0.3057191097959458 0.9070570792613954 0
829 0.3057191097959453 -0.9070570792613968 0
830 0.9060872368091238 0.3054244850567598 0
831 0.01521170748108974 0.4181049328452878 0
832 0.865088999858703 -0.02840141593368998 0
833 0.6566914370019739 0.6880489582221362 0
834 0.6898237012723076 -0.6561977816702611 0
835 -0.6898237012723079 0.6561977816702615 0
836 -0.6561977816702611 -0.6898237012723085 0
837 0.6994551910764364 0.2233882505801824 0
838 -0.5875221837833835 -0.2360406609602077 0
839 -0.4195831812467579 -0.4733670350107091 0
840 -0.02463061339106119 0.2472034658842522 0
841 0.2356805162416901 -0.584531075867873 0
842 -0.4677258946489158 0.4199752172070174 0
843 0.4655021236461576 0.2003592685879143 0
844 0.9371528924082932 0.1515689665987317 0
845 -0.1494557976106117 0.9368968196258924 0
846 -0.9368968196258926 -0.1494557976106166 0
847 0.149455797610612 -0.9368968196258926 0
848 0.3808230907674061 0.3311585444583833 0
849 0.356638370551623 0.3792695091447853 0
850 -0.8313838852300716 0.4582210551636968 0
851 -0.4582210551636987 -0.831383885230071 0
852 0.4616637184791033 0.8308301459942397 0
853 0.8313838852300719 -0.458221055163698 0
854 0.1053521339383973 0.1310094024856206 0
855 -0.1891021143366788 -0.1032464045273667 0
856 0.304121397554653 0.288844961467789 0
857 -0.0568178977456618 0.1638797155357109 0
858 0.119323770522223 -0.4010782177834553 0
859 -0.337056444421493 0.2626619300678628 0
860 -0.04073585668746034 -0.1841390932809592 0
861 0.03035836839762237 -0.2041894499155697 0
862 0.226684077527273 -0.1079383938196222 0
863 0.3804752693471755 0.5291227120750723 0
864 0.4768104025481563 0.04438522366083464 0
865 0.3262810071557363 -0.5384089442742866 0
866 -0.3247207865653435 0.5372238686619637 0
867 -0.5385467218042566 -0.3252782305465796 0
868 0.1471567839827391 0.7573410662064262 0
869 -0.1204322452218178 -0.3296566574609721 0
870 -0.5910413916025204 -0.03184684068494695 0
871 -0.09488205885981263 -0.05421082794854908 0
872 -0.7464181562302259 0.1454477907148936 0
873 -0.1454477907148945 -0.7464181562302248 0
874 0.7494939982805896 -0.1455214670538684 0
875 -0.240009525519271 0.5970771476797512 0
876 0.4823698058789206 -0.4274615793073452 0
877 -0.03220543787196734 0.3470733973001984 0
878 -0.2292089918701452 -0.5442354789168121 0
879 -0.3234711586932257 -0.5216665156999458 0
880 -0.600125196434275 -0.1288252147373188 0
881 -0.4759321818886212 0.05388420400276268 0
882 -0.1039096168863548 -0.4655005467755466 0
883 0.6050940546191894 0.2453828530537282 0
884 0.5179974368402129 0.5943937884994827 0
885 0.3324457823676322 0.2023276543401088 0
886 -0.5776686764890946 -0.4678031530366586 0
887 -0.4670893629979769 0.5770540981209213 0
888 0.4670874523298233 -0.5770540405964157 0
889 0.2835970834301622 0.4179398492365765 0
890 -0.002685720065164654 0.05482656333682154 0
891 0.04208170216953691 -0.1326563605454978 0
892 -0.07588461574763057 0.08230391206333408 0
893 0.7186134213718018 0.5048796432801327 0
894 -0.8931995911550636 0.1206381922349481 0
895 -0.120638192234951 -0.8931995911550634 0
896 0.1206381922349498 0.8931995911550645 0
897 0.8924719649304776 -0.1207148051109864 0
898 0.08109354377643878 0.3756526470606841 0
899 -0.5218850413510044 0.3183338292598524 0
900 0.1240534753079601 -0.5992456657548765 0
901 0.1277461696733137 0.5325091884520115 0
902 0.2183319193194259 0.5814376909675839 0
903 0.7455845271723502 0.08182471315932037 0
904 0.8499941182454401 0.1975597504897959 0
905 -0.397316584193044 -0.3331307558514376 0
906 0.4433225403842976 0.5925734663237058 0
907 -0.3869239131580418 0.01313840106769255 0
908 0.4479559075711571 0.7379021029806678 0
909 -0.3325571133833336 0.3959234382175342 0
910 0.5109477359099568 -0.2077008647401726 0
911 -0.8751487501519249 0.03078047345617829 0
912 0.03078047345618247 0.8751487501519249 0
913 -0.03078047345618272 -0.8751487501519254 0
914 -0.1652616069095338 0.2038040927439905 0
915 -0.04453061680446627 -0.1311581892181258 0
916 0.6483314706786518 0.2101381572275989 0
917 0.5293332416293821 -0.04744057700588339 0
918 -0.176267354193287 0.3806497891243073 0
919 0.2990158667502087 -0.2942005328790382 0
920 0.5491796945637103 0.5506374366691331 0
921 0.2505935303644932 0.01327405083610533 0
922 -0.49913583729936 -0.2610422311194395 0
923 0.6477909566182429 0.08075556199289143 0
924 0.0431810876282852 -0.5947133923788469 0
925 -0.1898899218507408 -0.8718706689429766 0
926 -0.8718706689429756 0.1898899218507377 0
927 0.8718706689429783 -0.1898899218507414 0
928 0.1898899218507381 0.8718706689429778 0
929 0.4663623129359816 -0.1178041823595294 0
930 0.2588449595377146 -0.4961869331962276 0
931 -0.09212564321806754 -0.1043070220554179 0
932 -0.06394378920127984 -0.9588855887511365 0
933 0.9515959593745379 -0.05866366170496801 0
934 -0.9588855887511361 0.0639437892012783 0
935 0.06394378920127956 0.9588855887511365 0
936 0.8062326467358337 0.5163001905247612 0
937 0.5165671571868355 -0.8059925833380988 0
938 -0.5165671571868357 0.8059925833380983 0
939 -0.8059925833380974 -0.5165671571868365 0
940 0.2057831862706754 0.004567728702329081 0
941 0.6349927822334869 -0.6024907771887485 0
942 -0.6349927822334857 0.6024907771887494 0
943 -0.6024907771887479 -0.6349927822334862 0
944 0.472633358379631 -0.2814858194470304 0
945 -0.9249540491182034 0.2648190554520471 0
946 0.264819055452047 0.9249540491182043 0
947 -0.264819055452048 -0.924954049118203 0
948 0.924954049118204 -0.2648190554520479 0
949 -0.1136795628419984 0.551363300218394 0
950 -0.1614112674200304 -0.02590998228897148 0
951 -0.1629611534746057 0.4697490983701897 0
952 0.3869442218094337 -0.3116302899820462 0
953 -0.8798309654489148 -0.135663599682188 0
954 -0.1356635996821834 0.8798309654489151 0
955 0.1356635996821844 -0.8798309654489164 0
956 0.8771682612224252 0.1447620092651173 0
957 -0.3765051494128568 -0.1228632209947494 0
958 -0.4243980841882045 -0.7826293029440762 0
959 -0.7826293029440775 0.4243980841882029 0
960 0.7826293029440783 -0.4243980841882046 0
961 0.428179831550174 0.7859663695258028 0
962 -0.1759922448488881 0.2894568054420066 0
963 0.5291899565486671 0.4697024057833448 0
964 0.6022365892879017 -0.05955463721995034 0
965 -0.1478740195676354 -0.5828972755283444 0
966 0.3195819060508974 0.473944143013218 0
967 -0.6012088885445693 0.05372579272717635 0
968 -0.6346858175726874 -0.3879428307632073 0
969 -0.3879428307632099 0.6346858175726896 0
970 0.3879428307632153 -0.6346858175726945 0
971 -0.320502767399967 0.1520090176827389 0
972 -0.233098543361824 0.7979042919444874 0
973 0.2330985433618232 -0.7979042919444901 0
974 -0.7979042919444863 -0.233098543361828 0
975 0.4822239781479103 0.1267511917084478 0
976 -0.6702074113779054 0.486451633284251 0
977 -0.486451633284252 -0.6702074113779056 0
978 0.6702074113779085 -0.4864516332842505 0
979 0.2128272643057831 -0.2589499363064105 0
980 0.03208986234031768 -0.347771819898105 0
981 0.1676044153086692 0.04149547201392804 0
982 0.3378998076580377 0.6834091999346733 0
983 0.8534392100103491 0.4266828308294115 0
984 0.4266828308294133 -0.8534392100103481 0
985 -0.4266828308294148 0.8534392100103467 0
986 -0.853439210010345 -0.4266828308294165 0
987 0.4002692043799486 -0.4034769430119749 0
988 0.932573934037952 0.2085420306445884 0
989 -0.2067266503570947 0.932642060607487 0
990 0.2067266503570948 -0.9326420606074871 0
991 -0.9326420606074858 -0.2067266503570969 0
992 -0.1615250125425663 0.1093247545577036 0
993 0.4589463041058113 0.2829761533618051 0
994 0.1816613342690315 0.1680810143645871 0
995 -0.6239087285144986 -0.7315476748793898 0
996 -0.7315476748793902 0.6239087285144984 0
997 0.7315476748793905 -0.6239087285144981 0
998 0.6240054364244912 0.7315424935756396 0
999 0.5837213480735245 -0.1486767317515837 0
1000 0.2595225833026898 0.1335879899427528 0
1001 0.05151389355112608 0.5902263173313111 0
1002 -0.4569213452626995 0.2732389557692509 0
1003 0.6843880851643865 0.01017943678873412 0
1004 -0.01911126370334793 -0.4968430819363717 0
1005 0.1031040241351742 -0.5246692878765395 0
1006 -0.4485925490443335 0.1224306913436348 0
1007 0.3219903298630146 0.1531222306835586 0
1008 -0.5860421543155822 0.1995434076905263 0
1009 -0.01748338188387667 0.5480251683632473 0
1010 -0.06192764700651022 -0.5963821582980668 0
1011 0.04043345066049202 0.1926727719391582 0
1012 0.3847425231998418 -0.05480277364447883 0
1013 0.7918367431348183 0.1007068334684201 0
1014 -0.7293347060709967 -0.2028045888435021 0
1015 -0.1998757639877673 0.7297113077319329 0
1016 0.1985115119004044 -0.7300532986278174 0
1017 0.6709879329088558 -0.1590923807472204 0
1018 -0.1604295274588701 -0.6713976836398318 0
1019 -0.6744789066655243 0.1578084736365342 0
1020 -0.4278516188201134 -0.6226607296845011 0
1021 -0.6221290159062143 0.4273235816914667 0
1022 0.6213819948163098 -0.4274015405474851 0
1023 0.1948725787246556 -0.3407193320320097 0
1024 0.5505976219372712 0.170708917393518 0
1025 0.7985482697032618 0.2339452917182888 0
1026 0.5737163009938047 0.4544172316238143 0
1027 0.4312313007619618 -0.502517533958288 0
1028 -0.4312945757134313 0.5025177600894538 0
1029 0.4853160913403225 0.6737648760838428 0
1030 0.3444784221574185 0.5633571317965855 0
1031 -0.620260965784164 0.009851343849092866 0
1032 0.3277324902033947 -0.008978018960069164 0
1033 -0.2020148767712809 -0.5925360460990555 0
1034 -0.2962484889825446 0.07044561383307016 0
1035 -0.379351803889343 -0.06735738806427925 0
1036 0.755190252379891 0.5907440108919734 0
1037 -0.5909721867227667 0.7549995688475699 0
1038 0.5909721867227663 -0.7549995688475697 0
1039 -0.7549995688475694 -0.5909721867227682 0
1040 -0.7723807208116529 0.2771791720282519 0
1041 -0.2771791720282548 -0.7723807208116527 0
1042 0.7723807208116555 -0.2771791720282552 0
1043 0.5209086486246294 -0.302633792308206 0
1044 -0.1094636625021873 0.5935644539518844 0
1045 -0.5045053262831065 -0.4384964634435061 0
1046 0.1581824060145309 0.2106239849105182 0
1047 -0.7780423910744463 -0.4348091451004955 0
1048 -0.4348091451004938 0.7780423910744482 0
1049 0.4348091451004918 -0.7780423910744531 0
1050 0.7780423910744545 0.4348091451004877 0
1051 0.2286662474056347 0.2520462816930295 0
1052 -0.2533600838349253 0.08998175353828447 0
1053 -0.08820358736141662 -0.3870514478199183 0
1054 -0.2527577588490965 0.3014786145290506 0
1055 0.1554458418342923 0.12775788368098 0
1056 -0.8457160832943031 0.2816522737894862 0
1057 -0.2816522737894894 -0.8457160832943025 0
1058 0.2811814228797165 0.8456126601520064 0
1059 0.8457160832943047 -0.2816522737894894 0
1060 -0.4489019704904951 -0.3169713573709146 0
1061 -0.3150058248862876 0.4495887435870148 0
1062 0.3184360297032126 -0.4457005033423809 0
1063 -0.5581789493198308 0.2766309202977136 0
1064 0.5553519220557366 -0.2725261731513612 0
1065 0.5266215643248344 0.3910802873501941 0
1066 -0.06903727163721708 0.6169996253255974 0
1067 -0.1970550015380934 0.1530402750068943 0
1068 0.01008638904555146 0.664053931237611 0
1069 -0.006807260377588909 -0.659613088700909 0
1070 0.6276139579045306 -0.2126814909567625 0
1071 0.08979931551233024 0.6616317534583492 0
1072 -0.3016814256643658 -0.2100138047951243 0
1073 0.07936376425368177 -0.2347432594100088 0
1074 -0.6825437848722815 0.08492356218208107 0
1075 -0.08282904856110816 -0.6827065517368325 0
1076 0.3102294236563474 0.06644398461120583 0
1077 0.04099481966953564 0.02704160593380081 0
1078 0.3912568235685084 0.03727548776594138 0
1079 0.1590015053527946 -0.2584344655235963 0
1080 -0.517753410799445 0.1487123309155207 0
1081 -0.3262598143370523 0.5822630827622322 0
1082 0.3267355033259367 -0.5829127109275929 0
1083 -0.5830205886797329 -0.3272219862456814 0
1084 -0.3606745084386385 -0.5531209785520085 0
1085 -0.6432342346279569 -0.1508672163711862 0
1086 -0.6179069370823178 -0.07266892258582022 0
1087 0.1353523865234583 0.586807239408891 0
1088 0.5820591993271288 0.6465468353304039 0
1089 -0.5566593975041363 -0.6926328550700334 0
1090 -0.6926328550700349 0.5566593975041357 0
1091 0.6926328550700365 -0.5566593975041348 0
1092 0.5576102964394843 0.6915469829042633 0
1093 0.5981385635876362 0.01611522261271385 0
1094 0.654153480487645 0.447417209104235 0
1095 -0.2773957581455298 -0.5566283153751002 0
1096 -0.819993036962797 0.1031525892769736 0
1097 -0.1031525892769772 -0.8199930369627968 0
1098 0.1031560100124897 0.8201921025734646 0
1099 0.8209677952542106 -0.1024618801037416 0
1100 -0.3453789034948204 -0.1988553694406287 0
1101 -0.3319727521795064 0.1021385283907421 0
1102 -0.02621052024188169 -0.3488536444246608 0
1103 -0.2657482425010886 -0.4638115891205126 0
1104 -0.5312414389860882 -0.08799609590031023 0
1105 -0.372580636233293 -0.255864341222321 0
1106 -0.3333250515081884 -0.2833107961077962 0
1107 0.7297493926079039 -0.09302511519278156 0
1108 -0.7485749001318845 -0.288313422361792 0
1109 -0.2883134223617922 0.7485749001318873 0
1110 0.2883134223617935 -0.748574900131893 0
1111 -0.3388740932891255 0.003293814172852232 0
1112 -0.003550308134194251 -0.2708992059720811 0
1113 -0.5202897839389408 -0.602850011582219 0
1114 -0.6028500115822194 0.5202897839389427 0
1115 0.6028500115822247 -0.5202897839389412 0
1116 0.164927830141955 0.6633160600864211 0
1117 0.4761558681116771 -0.2399604900504243 0
1118 0.1785352055414889 -0.17686864097681 0
1119 0.4332838667490476 0.461074501732488 0
1120 -0.5513312501751632 0.36660809569567 0
1121 0.1574046992542483 -0.6435109953941403 0
1122 0.6794896315753214 -0.07547179527258582 0
1123 0.03378255573024672 0.1111736666625988 0
1124 -0.1096060640939792 0.2300762272374661 0
1125 0.2917810928835717 0.6888275184957755 0
1126 0.5494573399782983 0.3203927382043282 0
1127 0.5249996198112002 -0.347016710996554 0
1128 -0.151272575570565 0.6475438823321094 0
1129 -0.4921018714209658 -0.7444124934813485 0
1130 -0.7444124934813499 0.4921018714209651 0
1131 0.7444124934813514 -0.4921018714209651 0
1132 -0.859480761592137 -0.2052990483265092 0
1133 -0.2052990483265055 0.8594807615921392 0
1134 0.2052990483265063 -0.8594807615921407 0
1135 0.2322401366995688 0.1734206239606894 0
1136 -0.197036251389513 -0.3375697499384406 0
1137 -0.6546983789340892 -0.5176423362820577 0
1138 -0.5176423362820564 0.6546983789340917 0
1139 0.5176423362820555 -0.6546983789340951 0
1140 -0.09883507281166147 0.04133833144782906 0
1141 0.3613838734242704 0.289722679458659 0
1142 0.6463758357692915 0.5288235792264112 0
1143 -0.2894155425485453 0.8355505909945805 0
1144 0.8351433404833705 0.289809870811476 0
1145 -0.8355505909945795 -0.2894155425485483 0
1146 0.2894155425485445 -0.8355505909945831 0
1147 0.4087351551530709 -0.1998857800996277 0
1148 0.07544909257995518 -0.617768999328323 0
1149 0.4954778840809477 0.4306805559287308 0
1150 0.6099383943404566 0.3367489208120857 0
1151 0.6534850260166688 -0.2729060902049125 0
1152 -0.3478829435670181 0.9012431884109171 0
1153 0.9010492199204642 0.347824018619179 0
1154 -0.9012431884109161 -0.3478829435670194 0
1155 0.3478829435670172 -0.9012431884109182 0
1156 0.2247684066610905 0.3269332853426002 0
1157 -0.4926586404382748 -0.3478696145501516 0
1158 0.5753252950506487 0.4075918988878584 0
1159 0.7881465730699948 0.1556102732659746 0
1160 0.3738196161614888 0.704544997515605 0
1161 0.08060042866357887 0.0525548144916219 0
1162 -0.8169765374891649 0.5051304230465824 0
1163 -0.5051304230465833 -0.8169765374891645 0
1164 0.8169765374891652 -0.5051304230465828 0
1165 0.5064164924415891 0.8170200237491996 0
1166 0.1871871147554221 -0.5200348986373284 0
1167 -0.4230844867295951 0.3598384478438154 0
1168 -0.07737243078444775 -0.2497967850566715 0
1169 0.2633791721272293 -0.07343436341727799 0
1170 0.2378109360272158 -0.3006115766627221 0
1171 0.2304713254897635 0.4053355988259832 0
1172 0.04905479333143321 0.691220925258843 0
1173 -0.347772767159863 0.4929136939470017 0
1174 0.3480973218759768 -0.4905462891495865 0
1175 0.1500915975773174 0.4243255107400887 0
1176 0.7672370670630522 0.01521810736963058 0
1177 -0.2507985053731611 0.3862312532167983 0
1178 0.2751711623434563 -0.3672123923358899 0
1179 0.184886428266529 0.2487598407095219 0
1180 -0.4396263234363427 -0.1810903238571543 0
1181 -0.3175454750954838 -0.3413573503140609 0
1182 -0.6544369814850564 0.2723939188921654 0
1183 0.5541042186838931 -0.2262522624521495 0
1184 -0.3870512236388108 0.3983739182353123 0
1185 -0.4010695644665133 0.1295770724230394 0
1186 -0.01558833982335741 -0.4216305285483589 0
1187 0.1187089462944955 -0.1721180698833824 0
1188 0.1192024192673578 -0.1107033214145632 0
1189 0.638807273939392 0.1630630674633983 0
1190 0.2509525674727928 -0.1604458503473436 0
1191 0.3268088501074853 -0.1955012435306995 0
1192 0.6683467083624692 0.3003930785911378 0
1193 0.4089707316613399 0.1717577028681976 0
1194 -0.1916758678387041 0.2391410677203956 0
1195 0.7574458453810228 -0.06304745884809276 0
1196 0.3911761144180725 0.2494361247450597 0
1197 -0.4328939376274711 -0.402478878503415 0
1198 -0.4935263699958686 -0.5218063915152172 0
1199 0.5239801428941533 -0.5004565140326878 0
1200 -0.5260400421057252 0.5003494133883254 0
1201 -0.2948285504305888 0.662493160029614 0
1202 -0.657614674642283 -0.2891988143151727 0
1203 0.294071117660892 -0.6630359136665245 0
1204 -0.5216422945671948 -0.1906118319117712 0
1205 -0.3545187976779586 -0.4256087868867148 0
1206 -0.2288853024017036 -0.7894859971720818 0
1207 -0.7894859971720813 0.2288853024017006 0
1208 0.2241983495538167 0.7901806233391248 0
1209 0.789485997172085 -0.2288853024017042 0
1210 -0.06575582533919033 0.6588079623519301 0
1211 -0.4761727298466091 0.1532209709379529 0
1212 -0.04872955808628558 -0.4562624038051141 0
1213 0.06199814414616047 0.7854284785901985 0
1214 -0.7844225805999987 0.06144714885762437 0
1215 -0.06146197039268022 -0.7844701099928175 0
1216 0.2566098231907015 0.2190242313944259 0
1217 -0.1998750367573693 0.3269008056532124 0
1218 0.2928938372520729 0.5432500186719897 0
1219 0.4980152139548304 0.7470925860409044 0
1220 0.4751267633173237 0.5146602140062245 0
1221 -0.6317875558058751 -0.473951271175432 0
1222 -0.4738323061689858 0.6316851260778483 0
1223 0.4738319877242954 -0.6316851164904347 0
1224 0.01341743908871995 0.2605520329245658 0
1225 0.9602751253514286 0.08496941762306424 0
1226 0.08771227085513855 -0.9537476016828119 0
1227 -0.08771227085513877 0.9537476016828118 0
1228 -0.9537476016828115 -0.08771227085514305 0
1229 0.3617425082009686 0.4796720840336934 0
1230 0.1634758592187907 0.292791594482131 0
1231 -0.8683467617657959 0.4041741236212818 0
1232 0.4037122847924071 0.8754296257682204 0
1233 -0.4041741236212839 -0.8683467617657958 0
1234 0.8683467617657962 -0.4041741236212836 0
1235 0.3131116259225208 0.3827025836906447 0
1236 -0.5749676180281199 -0.4049771055021816 0
1237 -0.4054270437198629 0.5801563160352907 0
1238 0.4054239470067877 -0.5801560514873458 0
1239 0.4589350539667136 0.0934989219139129 0
1240 0.193648779959545 0.7427688537593952 0
1241 0.7498772997480436 0.2874527594256826 0
1242 0.1857225981771118 -0.4355323809669283 0
1243 -0.3354419928970687 0.3126101644564334 0
1244 0.06937880486884919 -0.6598519002592662 0
1245 -0.5401923780722043 -0.001626228140600603 0
1246 -0.1203568194830837 0.7330668625170655 0
1247 0.0873410233050424 0.1706315638070401 0
1248 -0.07586199934995082 0.374997923102636 0
1249 -0.4924248965331591 0.7598341949745586 0
1250 -0.7598341949745577 -0.4924248965331608 0
1251 0.7643031853005329 0.4933494635422018 0
1252 0.4924248965331596 -0.7598341949745595 0
1253 0.6967745405368724 0.4574680450417748 0
1254 -0.1836729912988138 -0.5100192696070301 0
1255 0.5287903342956214 0.268395875638241 0
1256 0.3438291063341408 0.1052227879291364 0
1257 0.625198155097302 0.652943995594077 0
1258 -0.06035543476798974 0.2148141955217373 0
1259 0.8903018344494902 0.05622470751491715 0
1260 0.7120245788907177 0.1453345828506841 0
1261 0.3573714901373727 0.8268079514273166 0
1262 -0.6148739586362748 -0.5547163373241099 0
1263 -0.5547163373241085 0.6148739586362768 0
1264 0.5547163373241064 -0.6148739586362818 0
1265 -0.2032302453161308 0.4335121840613484 0
1266 0.3520305624308939 -0.3336557167382462 0
1267 -0.2261612371756104 -0.4024303607497737 0
1268 0.1246291929637736 -0.7385207985413162 0
1269 0.1874331851786928 -0.1287846818988539 0
1270 -0.05486989045441021 0.2998763484230804 0
1271 0.2671470294155393 0.04847569222585817 0
1272 0.5472042392219387 0.08230563996922392 0
1273 -0.4455376789700139 -0.6646956226869378 0
1274 0.6644825002089093 -0.4454626659245753 0
1275 -0.6646070037238908 0.4454496727819065 0
1276 -0.6528719599593042 0.3654632969222613 0
1277 -0.6559920188957533 -0.4359154844354642 0
1278 -0.4359103231742542 0.6559875750126496 0
1279 0.4359103093586312 -0.655987574596707 0
1280 -0.3104737976505783 -0.6169989639299168 0
1281 -0.6827694274160732 -0.08429545452583191 0
1282 0.1380565906683229 -0.3000477372535125 0
1283 0.07779787760401627 -0.03945799556662304 0
1284 -0.6312061369400348 0.2078885253940221 0
1285 0.7015793518258232 0.6606336042779413 0
1286 0.6620203555583505 -0.7009723889364772 0
1287 -0.6620203555583513 0.7009723889364778 0
1288 -0.7009723889364781 -0.6620203555583519 0
1289 0.6542696533193184 -0.3659544731854141 0
1290 -0.7404166455528532 -0.124004494483874 0
1291 -0.3663261681320535 -0.6534829195433884 0
1292 0.7190941640951456 0.5596053256667978 0
1293 0.5642037845932542 -0.7209789355011134 0
1294 -0.720978935501113 -0.5642037845932576 0
1295 -0.5642037845932543 0.720978935501114 0
1296 0.05340809250104953 0.5017821818604783 0
1297 0.5175433339155662 0.5120216518017637 0
1298 -0.4363330120978611 0.2074901089327625 0
1299 -0.3916611879985351 0.05696771938613141 0
1300 -0.01424509945087377 -0.05200416176231167 0
1301 0.0464892250850516 -0.4800190191108292 0
1302 0.4543138859037832 0.3700858904480948 0
1303 0.5946090409636892 0.1485737709045274 0
1304 0.3894527539310992 -0.2676712121608155 0
1305 -0.3779297117520937 0.2441251388386013 0
1306 0.09981990163257648 -0.4363089643933699 0
1307 -0.5960316853249372 0.1317201355447656 0
1308 0.5958294804156236 0.09640142487759618 0
1309 -0.4535737440224331 -0.07808179682165869 0
1310 0.4170591714112933 -0.03421661729069872 0
1311 -0.1993379736921626 -0.6437153076573577 0
1312 0.1940973390036577 -0.03903109067661699 0
1313 -0.6640842421770174 0.003428695259157241 0
1314 -0.7000653018900374 -0.4466676093247089 0
1315 -0.4466669948888506 0.7000647728563365 0
1316 0.446666993244135 -0.7000647728068223 0
1317 0.06098256540442747 -0.9007422630509894 0
1318 -0.06098256540442817 0.9007422630509887 0
1319 -0.9007422630509894 -0.06098256540443366 0
1320 -0.8274897625883001 0.3612730706514248 0
1321 -0.3612730706514277 -0.8274897625882999 0
1322 0.8274897625883011 -0.361273070651427 0
1323 0.07297188205659823 0.0988598070114371 0
1324 -0.1196729540674026 0.4587343193532096 0
1325 -0.2353400596226131 0.2315653372099615 0
1326 0.09477923017177972 0.6163792963695083 0
1327 -0.1219965145952431 -0.1768562829791654 0
1328 -0.1736325606251049 -0.1407353006395085 0
1329 -0.7747875872926664 -0.1988328488304291 0
1330 -0.1978774854198036 0.7760970631361856 0
1331 0.1977104794629709 -0.7761451102923937 0
1332 -0.5508238613245571 0.4243803771272008 0
1333 0.2130311619934072 -0.6590005095807756 0
1334 -0.8041907669176968 -0.1582850764599548 0
1335 -0.1578020252813292 0.8042940192064549 0
1336 0.1578541443357985 -0.8042741830724116 0
1337 0.3035718743503322 -0.0843099026819943 0
1338 -0.7987438821840629 0.1406490030412325 0
1339 -0.1406490030412353 -0.7987438821840627 0
1340 0.140940147558222 0.8010236945556796 0
1341 0.8002606367714649 -0.1404609548592037 0
1342 -0.4191142885655567 -0.704262999696038 0
1343 -0.7042509739419447 0.4190852689395261 0
1344 0.704244095814329 -0.4190906744264625 0
1345 -0.02599994160184811 0.6010341461965547 0
1346 0.1595247189727835 0.3638622563922243 0
1347 -0.4035373865810347 0.4349842520870372 0
1348 0.1159767721986445 0.3504813548978957 0
1349 -0.4439478422083507 -0.7444915051979546 0
1350 -0.7444900735605644 0.443944387490966 0
1351 0.7444892547358496 -0.4439450310013162 0
1352 -0.850892478891069 -0.165973558341434 0
1353 -0.1659442184982194 0.850898750288591 0
1354 0.1659473841356404 -0.8508975454699566 0
1355 -0.1244718618550969 0.188908694065669 0
1356 0.6627913609895899 0.5971941967999147 0
1357 0.2687371452770773 0.7267254320873267 0
1358 -0.8754741239079974 -0.2741800765250118 0
1359 -0.2741800765250091 0.8754741239079991 0
1360 0.2741800765250084 -0.8754741239080002 0
1361 0.8735652975521627 0.2736730454397646 0
1362 -0.4216883746850515 -0.1409114920961006 0
1363 -0.2696090972091348 -0.3458124482682823 0
1364 -0.7209501505816494 -0.1582221604105074 0
1365 0.1737263193245913 0.5139403207643766 0
1366 -0.801063172737207 -0.01463011634986703 0
1367 -0.01472589672275801 0.8013887334361207 0
1368 0.01461410833567822 -0.8010868893268498 0
1369 0.3765971160452207 0.2107734641303901 0
1370 -0.0866145909122806 -0.3042546227019677 0
1371 0.1204833092327776 -0.02209173860636301 0
1372 -0.2944715893335693 0.1937646801562859 0
1373 -0.7867038567497456 0.3146420240681365 0
1374 -0.3146420240681398 -0.786703856749745 0
1375 0.7867038567497479 -0.3146420240681398 0
1376 -0.9015303943033888 0.3341902258022059 0
1377 -0.3341902258022069 -0.901530394303388 0
1378 0.3345367657544239 0.9014644732470756 0
1379 0.9015303943033889 -0.334190225802207 0
1380 0.8196611046335311 -0.03290226072938538 0
1381 0.5383452718561851 -0.004301000232014921 0
1382 -0.8439931226201594 -0.03176254346481765 0
1383 -0.03176952454155426 0.844016851534075 0
1384 0.03176137669992984 -0.843994851234567 0
1385 -0.9609656752458929 -0.01062231644676258 0
1386 0.0106223164467602 -0.9609656752458935 0
1387 -0.01062231644676035 0.960965675245893 0
1388 0.9620888391732816 0.01243485453565458 0
1389 -0.7379060376916933 0.02839733211332245 0
1390 0.02849589914782164 0.7397433651492296 0
1391 -0.02849589914782132 -0.7397433651492313 0
1392 -0.1948495219811749 0.5812366057631992 0
1393 0.4799336952251676 -0.3743270038178992 0
1394 0.5440924015372564 -0.4291346477036903 0
1395 -0.2202312171410316 0.6557875382269204 0
1396 0.7226074051679419 0.4251641326565813 0
1397 0.7073436267437248 -0.3170524805268339 0
1398 -0.3170524805268368 -0.7073436267437228 0
1399 -0.7073436267437258 0.3170524805268373 0
1400 0.8842397883794 0.2227899913950437 0
1401 -0.2222987887168343 -0.7054751933963721 0
1402 0.7046909800765025 -0.2226030325048935 0
1403 -0.7064163266007502 0.2227277559576986 0
1404 0.07884765384133924 -0.3437357970792612 0
1405 0.790711282499307 0.5592289695717066 0
1406 0.5597017513971826 -0.7902890443564683 0
1407 -0.5597017513971827 0.7902890443564683 0
1408 -0.7902890443564677 -0.5597017513971835 0
1409 0.1566876016289103 -0.7205771207956274 0
1410 -0.7729919064088568 -0.05998771168788047 0
1411 -0.0599877116878753 0.7729919064088585 0
1412 0.05998771168787535 -0.7729919064088617 0
1413 0.6009385107629083 -0.6696670392233257 0
1414 -0.6009385107629096 0.669667039223327 0
1415 -0.6696670392233265 -0.6009385107629117 0
1416 0.4219151807678897 0.1039858806983062 0
1417 0.2082360723840707 0.5388305804621626 0
1418 0.5094927845025699 0.2045091856466819 0
1419 -0.2230985885681706 0.0544875668057694 0
1420 0.4151834005210934 0.6893580998957896 0
1421 -0.5339960915483919 0.1134513618167962 0
1422 0.170986149579024 0.6122717828280756 0
1423 -0.1901083264828789 0.5236571753461725 0
1424 0.4292775805071328 -0.3534341401000655 0
1425 -0.1297420137819673 -0.379492477293697 0
1426 0.6705458669962814 0.3807188678601275 0
1427 0.4037549593689479 -0.4415190765457828 0
1428 0.1142334996512718 0.7277262487013474 0
1429 -0.3063375047002817 -0.4836618707920033 0
1430 -0.159323522438712 0.718189380782969 0
1431 -0.5576687859860167 -0.1232727787046296 0
1432 0.3439207033833451 0.02890859440134472 0
1433 -0.2419865475161887 0.1310309957490749 0
1434 -0.7296467910943933 0.1053510101529047 0
1435 -0.1051478710839674 -0.7296973495244202 0
1436 -0.406209864603012 -0.3804912220966172 0
1437 -0.04497343145523915 -0.3837378182240265 0
1438 -0.7480486391636723 0.1996531799773757 0
1439 -0.1996531799773798 -0.7480486391636739 0
1440 0.7472990457310262 -0.1999474619655987 0
1441 0.4273188140078674 0.2539048772511642 0
1442 0.1664279651938307 -0.476161382881214 0
1443 -0.3903486151320012 0.3177632070830979 0
1444 -0.8681025242009816 0.08569952809845301 0
1445 0.08569952809845559 0.8681025242009826 0
1446 -0.08569952809845675 -0.8681025242009814 0
1447 0.8662961468679156 -0.08639617186159086 0
1448 0.306422412438874 0.2359808312527824 0
1449 -0.4283038159864075 -0.5502446534758757 0
1450 0.2164913653104799 -0.3722872675263672 0
1451 -0.6617540587592882 -0.2179052449230383 0
1452 -0.6945265819401039 0.03979913051868902 0
1453 -0.009316939464104019 -0.2051581246655224 0
1454 -0.2134417046359839 0.3691097326567984 0
1455 0.2728744461951867 -0.330293246391698 0
1456 -0.3747948611258113 0.09301422985783381 0
1457 -0.2429904630645445 0.01456151683035703 0
1458 0.617046495738148 -0.1285321980677595 0
1459 0.5625682325612057 -0.3617883748530497 0
1460 0.03411840140288293 -0.4025952686936887 0
1461 -0.6333245842619919 -0.6585407124705631 0
1462 -0.6585407124705622 0.6333245842619929 0
1463 0.6585407124705618 -0.6333245842619922 0
1464 -0.3677007910008045 0.1686582940174821 0
1465 0.03812300114469919 0.3879280662964767 0
1466 0.8313724511484577 0.1616167060840336 0
1467 0.06684504377687131 0.4667296796987546 0
1468 -0.2632070553974524 0.2602537751778169 0
1469 0.478267637988031 0.7150266322089112 0
1470 -0.2904763240415986 0.02521761569935707 0
1471 0.2760529618510705 -0.2258073185754435 0
1472 -0.3600543186860541 -0.7449078970184476 0
1473 -0.7449120131280682 0.3600327907940328 0
1474 0.744932821815389 -0.3600376507387713 0
1475 -0.8234662098666881 -0.08861070067166654 0
1476 -0.08834476942749991 0.8237196271041356 0
1477 0.08861262811752912 -0.823454608294476 0
1478 -0.8386657887465978 -0.4749849378263861 0
1479 -0.4749849378263854 0.8386657887465989 0
1480 0.474984937826385 -0.8386657887465999 0
1481 0.8386943677225216 0.4749531560808989 0
1482 0.7143687307818603 0.1080950066497937 0
1483 0.2621170458540273 0.6456328658369284 0
1484 0.5215839782322984 0.1271146456784003 0
1485 0.184284815546275 0.3287921501057899 0
1486 -0.1192366439684423 0.3354872053257058 0
1487 -0.4642123065158708 0.007281559702816439 0
1488 -0.2818997590982184 0.329864086831918 0
1489 0.04328183723130592 0.3450057787757484 0
1490 0.1525887496452862 -0.339921548303685 0
1491 0.5346965903367311 -0.09266977076744914 0
1492 0.1201673897570441 0.30674435111612 0
1493 0.08395658314590519 -0.6943183188941842 0
1494 0.6123446171469981 -0.01657279760206737 0
1495 0.465037252160904 -0.5257086438707266 0
1496 -0.4646514679057432 0.5267589173673362 0
1497 -0.5295561321250192 -0.4653860459897425 0
1498 -0.623665324260023 0.388018441338006 0
1499 -0.9535620220805378 0.1658848363522338 0
1500 -0.1658848363522343 -0.9535620220805381 0
1501 0.1658848363522341 0.9535620220805386 0
1502 0.9534840621279042 -0.1658930448746666 0
1503 0.1327615248127402 0.4918600676214674 0
1504 0.8730494221797164 0.098182591732301 0
1505 0.2886655510291222 0.3477056036775774 0
1506 0.3891733627156358 0.08252387421042759 0
1507 0.3868760385992935 0.7887818447056986 0
1508 0.1263130099358026 -0.556902691200287 0
1509 -0.03997201120059159 -0.6936506541503366 0
1510 -0.4812478924120422 0.3054861430918239 0
1511 -0.3686169649104232 0.6762070489804428 0
1512 0.3686169649104286 -0.6762070489804469 0
1513 -0.6762070489804406 -0.3686169649104206 0
1514 -0.08795723031809888 0.6941160374893085 0
1515 0.6274374968496969 -0.3899695586622753 0
1516 0.3859685593741308 0.6218358016054132 0
1517 -0.0841693005371655 -0.5327495752066155 0
1518 -0.2600456138376198 -0.3870078954824528 0
1519 0.03398007238257204 -0.5546038480178284 0
1520 0.01973795679532119 -0.5065984949246629 0
1521 -0.1278820912809686 0.1266536262450113 0
1522 0.4620820737344782 -0.0792285150892532 0
1523 0.5918464544937977 -0.1951309517194482 0
1524 -0.08965750654564378 0.5259833639366692 0
1525 -0.3895643855096595 -0.6260743558477673 0
1526 0.0310205590089841 -0.2902900567651447 0
1527 -0.158733378488315 -0.3988232141028637 0
1528 0.2500883177664147 0.2830808488882183 0
1529 0.04596198981722275 -0.01243426581370248 0
1530 0.09905677505137786 0.412408479999431 0
1531 0.5641363303685425 -0.06369532483632673 0
1532 0.2024956128396662 -0.5680745145068277 0
1533 -0.46664847039229 0.3820370824043319 0
1534 0.1641386214701455 -0.6019738416300204 0
1535 -0.511355797457221 0.3574312929833643 0
1536 -0.7407004330772342 0.5383009117230989 0
1537 -0.5383009117231004 -0.7407004330772331 0
1538 0.7407004330772355 -0.5383009117230984 0
1539 0.6537856140709442 -0.5715079298345531 0
1540 -0.6537856140709427 0.5715079298345546 0
1541 -0.5715079298345536 -0.6537856140709417 0
1542 0.4457821869837292 0.4948226482228891 0
1543 0.5362651924065138 0.7426690379083204 0
1544 -0.2460720448231259 0.4182107658867491 0
1545 -0.380285145075412 0.7850637283805053 0
1546 0.7823210296479777 0.3804070574050559 0
1547 0.3802851450754102 -0.7850637283805081 0
1548 -0.7850637283805045 -0.3802851450754155 0
1549 0.4513317919426925 0.659797858363067 0
1550 -0.1541259537156902 -0.2783154166377969 0
1551 0.2129353773089956 0.6732081591866429 0
1552 0.6583396144834924 -0.1243784168341383 0
1553 0.07306859335089232 -0.2745651007771117 0
1554 0.5670160699328137 0.7781784231847675 0
1555 -0.7777630797455559 0.5668337248073593 0
1556 -0.5668337248073603 -0.7777630797455547 0
1557 0.7777630797455567 -0.5668337248073586 0
1558 0.01720693467986895 0.6226458279926582 0
1559 0.3508814259208033 -0.04006976272616498 0
1560 0.349586872415467 0.736595864712277 0
1561 0.7736858410761981 0.2020344743374702 0
1562 0.7423066144441294 -0.02732664330889448 0
1563 -0.0686776261758745 0.4619048632240765 0
1564 -0.4577772727624905 -0.1152734974470362 0
1565 0.2254188660345802 0.71193572062777 0
1566 0.465659321311328 0.1609969286471829 0
1567 0.1258001514988219 -0.4744846359992724 0
1568 -0.4094849264014759 0.2783559944180673 0
1569 0.09699872535608831 -0.3048864549843816 0
1570 0.1558207242976579 -0.04355742875574047 0
1571 0.6923572210574391 -0.03019690483532346 0
1572 0.2216324773220059 -0.06616363940878915 0
1573 0.2169167495551197 0.4602179314450204 0
1574 0.3037010895170738 -0.1563736664671967 0
1575 0.4793836437269887 0.3312002795830562 0
1576 0.6642448244884765 -0.194963799753014 0
1577 -0.2462461031082196 -0.2183804425369462 0
1578 0.02245814403127385 0.5540740157511165 0
1579 0.5381340154666372 -0.5369606383344385 0
1580 -0.5382233835776424 0.5369559918050244 0
1581 -0.5359682606659718 -0.5387897617495228 0
1582 -0.2523680636969268 0.1950650463515745 0
1583 0.3273339523964277 -0.6877020021071495 0
1584 -0.3274601911913742 0.6876115431676608 0
1585 -0.6874922096155709 -0.3239400383307287 0
1586 -0.294110585526276 -0.1014747149676325 0
1587 0.7985164716557818 -0.06820176349194775 0
1588 -0.8134100375253317 -0.315978691536957 0
1589 -0.3159786915369535 0.8134100375253329 0
1590 0.3159786915369521 -0.8134100375253356 0
1591 0.810188599253638 0.3158801529694402 0
1592 -0.6170577153850579 -0.3431183013822223 0
1593 -0.343687231867634 0.6170448700404287 0
1594 0.343882291394225 -0.6177921932699818 0
1595 -0.5296940574462556 -0.2857918103676557 0
1596 0.5084980111160563 -0.5735882431180992 0
1597 -0.508498011116054 0.5735882431180904 0
1598 -0.5735882431180862 -0.5084980111160523 0
1599 -0.5633492545746143 0.04453547407496018 0
1600 0.0881771385170025 0.7002816291814289 0
1601 0.4934127571377957 -0.0485291168388878 0
1602 -0.146811834729278 -0.5445553324991955 0
1603 -0.6306829292252278 0.2474247643740208 0
1604 -0.1044590316870055 0.1603784101800164 0
1605 0.2818082230835647 -0.5280798808374843 0
1606 -0.4958362550315337 -0.01917282876622071 0
1607 -0.2236311184713057 -0.4428835825747915 0
1608 -0.4207634516288843 -0.062830026605409 0
1609 0.2633588965728175 0.7745688742402099 0
1610 0.6457401141632473 0.4089671637313615 0
1611 -0.1254018716453235 -0.6612464268394246 0
1612 -0.6612464268394269 0.1254018716453197 0
1613 0.2904414911134262 0.6137459696374029 0
1614 0.7333083789697986 -0.2862499996042833 0
1615 -0.2862499996042842 -0.7333083789697971 0
1616 -0.7333083789697991 0.286249999604283 0
1617 0.613800072550434 0.05619315205884445 0
1618 0.6920037060307049 0.3214129306094491 0
1619 -0.3593429045139673 -0.515845682560498 0
1620 -0.6067494870043869 -0.1645560388598577 0
1621 0.7319867729331068 0.03997763986625006 0
1622 -0.3040743511125392 -0.2542975102022026 0
1623 0.5967985243034413 0.5255356112802552 0
1624 -0.2281337252211342 0.8875280932052876 0
1625 0.2281337252211342 -0.8875280932052885 0
1626 -0.8875280932052864 -0.2281337252211373 0
1627 -0.3037537374906585 -0.9228855460593147 0
1628 0.9228855460593155 -0.3037537374906584 0
1629 -0.9228855460593151 0.3037537374906576 0
1630 0.3038230454811012 0.9228723618480528 0
1631 -0.3006974704086642 0.2388995068289396 0
1632 -0.1858254512161742 -0.462814268835439 0
1633 -0.4928030093108157 -0.05946403262780897 0
1634 -0.9703838070249221 0.025537591290986 0
1635 0.02553759129098736 0.9703838070249221 0
1636 -0.02553759129098751 -0.9703838070249223 0
1637 0.9728168208728972 -0.0238813125168769 0
1638 0.5230598053958224 0.3472215252748533 0
1639 0.4792371485521868 -0.7115016151975766 0
1640 -0.479237148672062 0.7115016152011808 0
1641 -0.7115016537604852 -0.4792371934560167 0
1642 0.0329615622546509 0.8154102838443709 0
1643 -0.03293578568963564 -0.8153337403126271 0
1644 -0.8153294129327397 0.03293391314655418 0
1645 0.2946184991422651 0.4527678489176343 0
1646 0.04683327335403629 -0.169479984367481 0
1647 -0.7194109930070185 -0.2512650264090939 0
1648 -0.6807980617448415 -0.2552434625816176 0
1649 -0.2507935329348034 0.7194208638167506 0
1650 -0.2566504200543355 0.6796266219714507 0
1651 0.2503161032826328 -0.7195067156066246 0
1652 0.2534267098191867 -0.6808450372067125 0
1653 -0.02474891454304147 0.429908408847525 0
1654 -0.4688898526851095 -0.5566243481544531 0
1655 -0.5564518021495385 0.4702586458764829 0
1656 0.5539473820936446 -0.4724592182588608 0
1657 -0.485034396819163 -0.5871366456761048 0
1658 -0.5866793163069063 0.485308174458455 0
1659 0.5861845123874954 -0.4858679230152179 0
1660 0.2585868177142696 -0.6096474448514115 0
1661 -0.4865863551650195 0.4497152412686226 0
1662 -0.2822570082210058 0.532719711922744 0
1663 0.006112588779843629 0.09232507822456604 0
1664 0.01642341370556589 -0.9213038124020543 0
1665 -0.9213038124020523 -0.01642341370557151 0
1666 0.9211736538154561 0.01381566980432114 0
1667 -0.01642341370556663 0.9213038124020527 0
1668 -0.8617811719076547 0.3262167277781862 0
1669 0.3262167277781857 0.8617811719076572 0
1670 -0.3262167277781888 -0.8617811719076517 0
1671 0.8617811719076545 -0.3262167277781888 0
1672 -0.1987699146659987 -0.2952628956606663 0
1673 -0.5072970747703541 0.2181136264322354 0
1674 0.4773783271069034 0.5810537953730727 0
1675 0.3569177356466476 -0.5635512493959906 0
1676 -0.3569177356466468 0.5635512493959873 0
1677 -0.5651068984477913 -0.3601847222622143 0
1678 -0.7264202906089356 -0.3249720929158584 0
1679 -0.3238376232277939 0.7255856779725203 0
1680 0.3238225947998248 -0.7255964468938908 0
1681 -0.153028138395496 -0.8824938166910533 0
1682 -0.882493816691053 0.1530281383954934 0
1683 0.8823119101349078 -0.1530472916145057 0
1684 0.1530281383954944 0.8824938166910544 0
1685 -0.5414212750047234 -0.5703510346830664 0
1686 -0.5702377590486911 0.5416188212325356 0
1687 0.570219885426494 -0.5416197505384187 0
1688 0.9620941978347498 0.1208042150187854 0
1689 0.1210793225877605 -0.9616484670376657 0
1690 -0.1210793225877606 0.9616484670376658 0
1691 -0.9616484670376635 -0.1210793225877639 0
1692 0.3558739217888407 0.139369148604489 0
1693 -0.572423898603786 -0.2025084158520187 0
1694 -0.3841298824004435 -0.4695208489996113 0
1695 0.01385227508304608 0.2261274464281464 0
1696 0.1177608922428709 -0.3638499235286403 0
1697 0.5024609018033825 -0.1204167973251811 0
1698 -0.6689818731972035 0.1949935250994994 0
1699 -0.1955368461666589 -0.6784029134523596 0
1700 0.5634173359215969 0.01584057972324828 0
1701 -0.8644529224738677 0.4382446969911635 0
1702 0.4382040774392617 0.8649613455298248 0
1703 -0.4382446969911646 -0.864452922473866 0
1704 0.8644529224738674 -0.4382446969911644 0
1705 0.6866520430198155 0.528380120367647 0
1706 0.9090058772917762 -0.0310668263668484 0
1707 -0.05454020312699991 0.1232839053642403 0
1708 -0.538245172211174 0.1893782932081253 0
1709 -0.1232665920071035 -0.02872512859916605 0
1710 0.1776988254799889 0.3963967182360002 0
1711 0.5817962825267163 0.5675516810183615 0
1712 0.2695566631621801 0.5769676929047496 0
1713 -0.2408180436407174 -0.619504151903346 0
1714 0.5226448064084313 -0.1731626384020209 0
1715 -0.2363478472126115 -0.8394129194220995 0
1716 -0.8394129194221002 0.236347847212608 0
1717 0.2363478472126071 0.8394129194221012 0
1718 0.8394129194221011 -0.2363478472126106 0
1719 0.224164596802927 0.09827356724256951 0
1720 -0.3751691034278868 -0.2178101473577488 0
1721 0.09147341937994551 0.5324726968260617 0
1722 -0.005942442722174059 0.389180174856219 0
1723 0.007558174339559017 0.3257988926926395 0
1724 0.4323007632138629 -0.4231612617600542 0
1725 -0.4525173024921949 0.0814459855631714 0
1726 -0.1942115042127114 -0.3799261989802363 0
1727 0.7181312705804378 0.2550160159851605 0
1728 -0.1509656473437806 -0.4411432561123324 0
1729 -0.2382750516672986 -0.2702739738079885 0
1730 -0.3732669056393165 -0.2909039966198705 0
1731 0.8237590274336545 -0.1696274123274926 0
1732 -0.1696466009174949 -0.8236042565573877 0
1733 -0.8236042565573878 0.169646600917492 0
1734 0.1696768931049668 0.8239271708313511 0
1735 -0.2521541630460313 -0.05879002449291502 0
1736 -0.2532292469495402 0.550435931355116 0
1737 -0.2351253752710047 0.1667888391224493 0
1738 0.2806639662269158 -0.00850585700268882 0
1739 0.4547361157215052 0.2341121586377742 0
1740 0.6450538147922056 0.5689290166276716 0
1741 -0.08700497948908642 -0.4310493371242013 0
1742 0.2133322846607514 -0.1866226260894135 0
1743 0.628782790689839 -0.248482679819947 0
1744 -0.2794066273361951 -0.5968958146178529 0
1745 0.4830454845108482 0.3950643207587194 0
1746 -0.3694570493801267 -0.02248635349989641 0
1747 -0.4272047177203895 -0.002088677560129427 0
1748 -0.6536608331668707 -0.06612770403349057 0
1749 -0.2864506198931119 -0.414451197700277 0
1750 -0.4822516751550562 -0.1771580686993675 0
1751 -0.3254518255024663 -0.3948207670144716 0
1752 0.6000223271464171 0.7641372160539611 0
1753 0.7640193652065395 -0.5999639713380769 0
1754 -0.7640193652065391 0.5999639713380773 0
1755 -0.5999639713380777 -0.7640193652065388 0
1756 0.5838664174334396 0.3145978728983041 0
1757 0.2948356324378932 0.8010857901695069 0
1758 0.2444882196965792 0.3605960704365295 0
1759 0.8316618114077923 0.3807805173431235 0
1760 0.3804269907514387 -0.8323920657129411 0
1761 -0.3804269907514407 0.8323920657129389 0
1762 -0.8323920657129371 -0.380426990751444 0
1763 -0.2457523960645171 -0.1546528673633996 0
1764 -0.2385180470895179 -0.5090473356287085 0
1765 -0.5595955404807257 -0.05315238109527395 0
1766 -0.7151923441564274 -0.3866865525342686 0
1767 -0.3866865525342681 0.7151923441564276 0
1768 0.3866865525342698 -0.7151923441564302 0
1769 0.7120692191154827 0.389562643178419 0
1770 -0.2864896709935435 0.3717443837171495 0
1771 0.2554120807115379 -0.3961083760546758 0
1772 -0.5281450800207743 -0.409785144365729 0
1773 -0.6142047528074854 -0.2619403607541147 0
1774 -0.4532407471051801 -0.4900260319651338 0
1775 0.1523127493402535 -0.1061462208455342 0
1776 0.7407951374057999 0.3681463425088932 0
1777 0.3619366453688715 -0.7424406528113585 0
1778 -0.3619391501068659 0.7424388579911275 0
1779 -0.742577960097196 -0.3621282283882113 0
1780 -0.4692204275261614 0.1931983516708973 0
1781 0.004557026691829128 -0.2353987839595021 0
1782 -0.4442531357773112 0.8169274644355643 0
1783 -0.8169274644355625 -0.444253135777313 0
1784 0.4442531357773096 -0.8169274644355666 0
1785 0.816933180230752 0.4442467794282098 0
1786 -0.8081518222628443 0.2908304186893732 0
1787 -0.2908304186893766 -0.8081518222628437 0
1788 0.8081518222628461 -0.2908304186893768 0
1789 0.3866871290451216 0.4042306450543323 0
1790 -0.1421692379960654 0.6134195773291991 0
1791 -0.01906673297732547 0.4986755400486598 0
1792 0.1554171476934862 0.713812181442432 0
1793 0.4252647867528037 -0.7306612800867424 0
1794 -0.4252647868527037 0.7306612800897485 0
1795 -0.7306613122225045 -0.4252648241726676 0
1796 -0.06879041337619456 -0.2089739636074174 0
1797 0.8523156330265571 0.03321545387097821 0
1798 0.7349275175805443 0.6329558267278609 0
1799 0.6342833162318752 -0.7358491648521581 0
1800 -0.6342833162318757 0.7358491648521587 0
1801 -0.7358491648521587 -0.6342833162318764 0
$EndNodes
$Elements
3600
1 1 2 1 1 1 5
2 1 2 1 1 5 6
3 1 2 1 1 6 7
4 1 2 1 1 7 8
5 1 2 1 1 8 9
6 1 2 1 1 9 10
7 1 2 1 1 10 11
8 1 2 1 1 11 12
9 1 2 1 1 12 13
10 1 2 1 1 13 14
11 1 2 1 1 14 15
12 1 2 1 1 15 16
13 1 2 1 1 16 17
14 1 2 1 1 17 18
15 1 2 1 1 18 19
16 1 2 1 1 19 20
17 1 2 1 1 20 21
18 1 2 1 1 21 22
19 1 2 1 1 22 23
20 1 2 1 1 23 24
21 1 2 1 1 24 25
22 1 2 1 1 25 26
23 1 2 1 1 26 27
24 1 2 1 1 27 28
25 1 2 1 1 28 29
26 1 2 1 1 29 30
27 1 2 1 1 30 31
28 1 2 1 1 31 32
29 1 2 1 1 32 33
30 1 2 1 1 33 34
31 1 2 1 1 34 35
32 1 2 1 1 35 2
33 1 2 1 2 2 36
34 1 2 1 2 36 37
35 1 2 1 2 37 38
36 1 2 1 2 38 39
37 1 2 1 2 39 40
38 1 2 1 2 40 41
39 1 2 1 2 41 42
40 1 2 1 2 42 43
41 1 2 1 2 43 44
42 1 2 1 2 44 45
43 1 2 1 2 45 46
44 1 2 1 2 46 47
45 1 2 1 2 47 48
46 1 2 1 2 48 49
47 1 2 1 2 49 50
48 1 2 1 2 50 51
49 1 2 1 2 51 52
50 1 2 1 2 52 53
51 1 2 1 2 53 54
52 1 2 1 2 54 55
53 1 2 1 2 55 56
54 1 2 1 2 56 57
55 1 2 1 2 57 58
56 1 2 1 2 58 59
57 1 2 1 2 59 60
58 1 2 1 2 60 61
59 1 2 1 2 61 62
60 1 2 1 2 62 63
61 1 2 1 2 63 64
62 1 2 1 2 64 65
63 1 2 1 2 65 66
64 1 2 1 2 66 3
65 1 2 1 3 3 67
66 1 2 1 3 67 68
67 1 2 1 3 68 69
68 1 2 1 3 69 70
69 1 2 1 3 70 71
70 1 2 1 3 71 72
71 1 2 1 3 72 73
72 1 2 1 3 73 74
73 1 2 1 3 74 75
74 1 2 1 3 75 76
75 1 2 1 3 76 77
76 1 2 1 3 77 78
77 1 2 1 3 78 79
78 1 2 1 3 79 80
79 1 2 1 3 80 81
80 1 2 1 3 81 82
81 1 2 1 3 82 83
82 1 2 1 3 83 84
83 1 2 1 3 84 85
84 1 2 1 3 85 86
85 1 2 1 3 86 87
86 1 2 1 3 87 88
87 1 2 1 3 88 89
88 1 2 1 3 89 90
89 1 2 1 3 90 91
90 1 2 1 3 91 92
91 1 2 1 3 92 93
92 1 2 1 3 93 94
93 1 2 1 3 94 95
94 1 2 1 3 95 96
95 1 2 1 3 96 97
96 1 2 1 3 97 4
97 1 2 1 4 4 98
98 1 2 1 4 98 99
99 1 2 1 4 99 100
100 1 2 1 4 100 101
101 1 2 1 4 101 102
102 1 2 1 4 102 103
103 1 2 1 4 103 104
104 1 2 1 4 104 105
105 1 2 1 4 105 106
106 1 2 1 4 106 107
107 1 2 1 4 107 108
108 1 2 1 4 108 109
109 1 2 1 4 109 110
110 1 2 1 4 110 111
111 1 2 1 4 111 112
112 1 2 1 4 112 113
113 1 2 1 4 113 114
114 1 2 1 4 114 115
115 1 2 1 4 115 116
116 1 2 1 4 116 117
117 1 2 1 4 117 118
118 1 2 1 4 118 119
119 1 2 1 4 119 120
120 1 2 1 4 120 121
121 1 2 1 4 121 122
122 1 2 1 4 122 123
123 1 2 1 4 123 124
124 1 2 1 4 124 125
125 1 2 1 4 125 126
126 1 2 1 4 126 127
127 1 2 1 4 127 128
128 1 2 1 4 128 1
129 2 2 7 6 701 1573 326
130 2 2 7 6 1789 611 731
131 2 2 7 6 663 1573 701
132 2 2 7 6 646 869 1550
133 2 2 7 6 1327 289 718
134 2 2 7 6 610 1327 718
135 2 2 7 6 369 611 1789
136 2 2 7 6 786 675 1757
137 2 2 7 6 1550 869 139
138 2 2 7 6 683 1644 911
139 2 2 7 6 682 1642 912
140 2 2 7 6 684 1643 913
141 2 2 7 6 675 264 1757
142 2 2 7 6 841 612 1660
143 2 2 7 6 1661 613 842
144 2 2 7 6 838 659 1773
145 2 2 7 6 1774 660 839
146 2 2 7 6 1692 1193 240
147 2 2 7 6 302 755 579
148 2 2 7 6 279 732 910
149 2 2 7 6 612 374 1660
150 2 2 7 6 378 613 1661
151 2 2 7 6 238 596 957
152 2 2 7 6 347 957 596
153 2 2 7 6 132 823 1178
154 2 2 7 6 289 711 718
155 2 2 7 6 8 988 844
156 2 2 7 6 39 989 845
157 2 2 7 6 101 990 847
158 2 2 7 6 70 991 846
159 2 2 7 6 224 778 719
160 2 2 7 6 350 719 778
161 2 2 7 6 279 557 732
162 2 2 7 6 311 570 1028
163 2 2 7 6 310 572 1027
164 2 2 7 6 365 819 627
165 2 2 7 6 129 627 819
166 2 2 7 6 188 1013 673
167 2 2 7 6 418 673 1013
168 2 2 7 6 72 607 71
169 2 2 7 6 41 605 40
170 2 2 7 6 103 608 102
171 2 2 7 6 10 606 9
172 2 2 7 6 326 1171 889
173 2 2 7 6 277 1392 1423
174 2 2 7 6 278 1424 1393
175 2 2 7 6 514 1178 823
176 2 2 7 6 289 615 711
177 2 2 7 6 302 561 930
178 2 2 7 6 357 664 754
179 2 2 7 6 290 557 782
180 2 2 7 6 381 904 956
181 2 2 7 6 904 1466 956
182 2 2 7 6 139 610 718
183 2 2 7 6 133 723 848
184 2 2 7 6 369 848 723
185 2 2 7 6 1742 1190 500
186 2 2 7 6 277 1423 623
187 2 2 7 6 278 624 1424
188 2 2 7 6 517 889 1171
189 2 2 7 6 356 737 680
190 2 2 7 6 205 663 701
191 2 2 7 6 425 1246 795
192 2 2 7 6 233 1071 533
193 2 2 7 6 1524 949 623
194 2 2 7 6 732 1117 910
195 2 2 7 6 206 557 929
196 2 2 7 6 1116 233 533
197 2 2 7 6 427 1268 796
198 2 2 7 6 659 376 1773
199 2 2 7 6 379 660 1774
200 2 2 7 6 327 718 711
201 2 2 7 6 427 796 1336
202 2 2 7 6 425 795 1335
203 2 2 7 6 426 794 1334
204 2 2 7 6 426 1290 794
205 2 2 7 6 786 420 1560
206 2 2 7 6 675 786 1560
207 2 2 7 6 206 782 557
208 2 2 7 6 1644 524 911
209 2 2 7 6 1642 521 912
210 2 2 7 6 1643 523 913
211 2 2 7 6 236 544 1242
212 2 2 7 6 170 1524 623
213 2 2 7 6 130 591 789
214 2 2 7 6 304 789 591
215 2 2 7 6 236 858 544
216 2 2 7 6 428 798 1276
217 2 2 7 6 428 1343 798
218 2 2 7 6 430 1344 799
219 2 2 7 6 429 1342 797
220 2 2 7 6 429 797 1291
221 2 2 7 6 430 799 1289
222 2 2 7 6 281 812 640
223 2 2 7 6 444 1062 1174
224 2 2 7 6 1459 1127 642
225 2 2 7 6 581 1564 677
226 2 2 7 6 169 677 1564
227 2 2 7 6 196 651 883
228 2 2 7 6 342 883 651
229 2 2 7 6 446 1061 1173
230 2 2 7 6 172 1304 624
231 2 2 7 6 719 1011 1247
232 2 2 7 6 254 654 1262
233 2 2 7 6 253 653 1263
234 2 2 7 6 252 652 1264
235 2 2 7 6 148 1459 642
236 2 2 7 6 172 1147 664
237 2 2 7 6 347 814 703
238 2 2 7 6 138 703 814
239 2 2 7 6 176 1618 578
240 2 2 7 6 1394 876 377
241 2 2 7 6 662 1193 1692
242 2 2 7 6 278 944 624
243 2 2 7 6 875 1395 375
244 2 2 7 6 350 1011 719
245 2 2 7 6 197 1605 561
246 2 2 7 6 72 827 607
247 2 2 7 6 41 828 605
248 2 2 7 6 103 829 608
249 2 2 7 6 10 830 606
250 2 2 7 6 170 623 1324
251 2 2 7 6 642 876 1394
252 2 2 7 6 641 1395 875
253 2 2 7 6 254 1262 1137
254 2 2 7 6 253 1263 1138
255 2 2 7 6 252 1264 1139
256 2 2 7 6 349 1229 863
257 2 2 7 6 347 596 1586
258 2 2 7 6 614 856 1505
259 2 2 7 6 459 740 1064
260 2 2 7 6 231 1107 1122
261 2 2 7 6 493 1217 1054
262 2 2 7 6 314 1505 856
263 2 2 7 6 173 791 596
264 2 2 7 6 324 585 912
265 2 2 7 6 323 584 913
266 2 2 7 6 322 583 911
267 2 2 7 6 137 1421 643
268 2 2 7 6 1674 906 647
269 2 2 7 6 158 631 864
270 2 2 7 6 281 640 1519
271 2 2 7 6 411 1215 622
272 2 2 7 6 410 1213 620
273 2 2 7 6 412 1214 621
274 2 2 7 6 266 717 982
275 2 2 7 6 202 1725 559
276 2 2 7 6 172 732 1147
277 2 2 7 6 419 982 717
278 2 2 7 6 213 1064 740
279 2 2 7 6 301 964 558
280 2 2 7 6 150 994 1055
281 2 2 7 6 197 561 841
282 2 2 7 6 200 842 562
283 2 2 7 6 293 1188 661
284 2 2 7 6 210 892 554
285 2 2 7 6 467 1193 662
286 2 2 7 6 292 1653 680
287 2 2 7 6 356 1265 918
288 2 2 7 6 357 919 1266
289 2 2 7 6 498 1448 1216
290 2 2 7 6 456 1161 1077
291 2 2 7 6 447 1674 647
292 2 2 7 6 680 1653 1563
293 2 2 7 6 268 1423 739
294 2 2 7 6 620 1213 1390
295 2 2 7 6 621 1214 1389
296 2 2 7 6 622 1215 1391
297 2 2 7 6 643 1421 1080
298 2 2 7 6 215 1068 762
299 2 2 7 6 216 1069 763
300 2 2 7 6 484 762 1068
301 2 2 7 6 485 763 1069
302 2 2 7 6 640 924 1519
303 2 2 7 6 614 1528 856
304 2 2 7 6 179 1264 652
305 2 2 7 6 180 1263 653
306 2 2 7 6 178 1262 654
307 2 2 7 6 525 1101 971
308 2 2 7 6 293 685 1188
309 2 2 7 6 458 766 1011
310 2 2 7 6 183 1011 766
311 2 2 7 6 181 638 884
312 2 2 7 6 332 884 638
313 2 2 7 6 290 1574 1191
314 2 2 7 6 210 554 1521
315 2 2 7 6 542 739 1423
316 2 2 7 6 293 644 891
317 2 2 7 6 843 1193 1566
318 2 2 7 6 785 1190 1742
319 2 2 7 6 236 1242 579
320 2 2 7 6 303 1243 580
321 2 2 7 6 303 580 909
322 2 2 7 6 395 1727 578
323 2 2 7 6 249 971 1101
324 2 2 7 6 449 1463 652
325 2 2 7 6 450 1462 653
326 2 2 7 6 451 1461 654
327 2 2 7 6 305 592 905
328 2 2 7 6 285 761 690
329 2 2 7 6 286 762 688
330 2 2 7 6 287 763 689
331 2 2 7 6 483 690 761
332 2 2 7 6 484 688 762
333 2 2 7 6 485 689 763
334 2 2 7 6 272 720 1245
335 2 2 7 6 222 856 1528
336 2 2 7 6 290 757 1574
337 2 2 7 6 273 1254 721
338 2 2 7 6 8 844 7
339 2 2 7 6 39 845 38
340 2 2 7 6 101 847 100
341 2 2 7 6 70 846 69
342 2 2 7 6 304 591 1180
343 2 2 7 6 305 1181 592
344 2 2 7 6 518 1270 792
345 2 2 7 6 132 1062 823
346 2 2 7 6 279 929 557
347 2 2 7 6 624 1304 952
348 2 2 7 6 418 1797 673
349 2 2 7 6 418 674 1797
350 2 2 7 6 1236 151 886
351 2 2 7 6 1237 152 887
352 2 2 7 6 1238 153 888
353 2 2 7 6 571 1236 886
354 2 2 7 6 570 1237 887
355 2 2 7 6 572 1238 888
356 2 2 7 6 702 1118 1187
357 2 2 7 6 513 918 1265
358 2 2 7 6 514 1266 919
359 2 2 7 6 257 609 1003
360 2 2 7 6 349 1030 1218
361 2 2 7 6 516 1122 1107
362 2 2 7 6 481 760 692
363 2 2 7 6 282 692 760
364 2 2 7 6 556 1218 1030
365 2 2 7 6 26 852 25
366 2 2 7 6 57 850 56
367 2 2 7 6 119 853 118
368 2 2 7 6 88 851 87
369 2 2 7 6 195 1595 616
370 2 2 7 6 268 739 694
371 2 2 7 6 224 1230 1492
372 2 2 7 6 290 1147 557
373 2 2 7 6 466 1060 1157
374 2 2 7 6 212 1063 758
375 2 2 7 6 470 758 1063
376 2 2 7 6 202 559 1299
377 2 2 7 6 674 832 1797
378 2 2 7 6 259 1797 832
379 2 2 7 6 518 1124 1258
380 2 2 7 6 310 1238 572
381 2 2 7 6 311 1237 570
382 2 2 7 6 455 782 1012
383 2 2 7 6 216 640 1069
384 2 2 7 6 361 1069 640
385 2 2 7 6 344 564 1089
386 2 2 7 6 345 563 1090
387 2 2 7 6 346 565 1091
388 2 2 7 6 343 566 1092
389 2 2 7 6 176 744 1618
390 2 2 7 6 206 1012 782
391 2 2 7 6 315 1763 615
392 2 2 7 6 518 792 1124
393 2 2 7 6 359 695 1074
394 2 2 7 6 361 696 1075
395 2 2 7 6 134 558 964
396 2 2 7 6 234 593 872
397 2 2 7 6 232 594 873
398 2 2 7 6 231 595 874
399 2 2 7 6 468 792 1270
400 2 2 7 6 301 609 1494
401 2 2 7 6 343 998 566
402 2 2 7 6 345 996 563
403 2 2 7 6 346 997 565
404 2 2 7 6 344 995 564
405 2 2 7 6 498 1000 1007
406 2 2 7 6 301 558 1122
407 2 2 7 6 721 1254 1602
408 2 2 7 6 720 1599 1245
409 2 2 7 6 421 610 1796
410 2 2 7 6 278 1043 944
411 2 2 7 6 302 1166 561
412 2 2 7 6 315 615 855
413 2 2 7 6 195 616 838
414 2 2 7 6 198 839 617
415 2 2 7 6 241 1025 904
416 2 2 7 6 509 904 1025
417 2 2 7 6 134 1458 558
418 2 2 7 6 317 1372 1631
419 2 2 7 6 257 923 609
420 2 2 7 6 439 1185 1464
421 2 2 7 6 542 1423 1392
422 2 2 7 6 543 1393 1424
423 2 2 7 6 444 1174 788
424 2 2 7 6 342 651 1024
425 2 2 7 6 623 951 1324
426 2 2 7 6 237 1243 859
427 2 2 7 6 545 859 1243
428 2 2 7 6 441 1460 1186
429 2 2 7 6 150 1055 787
430 2 2 7 6 694 1544 1265
431 2 2 7 6 446 1173 790
432 2 2 7 6 304 616 922
433 2 2 7 6 401 955 709
434 2 2 7 6 402 954 708
435 2 2 7 6 403 953 707
436 2 2 7 6 189 709 955
437 2 2 7 6 187 708 954
438 2 2 7 6 186 707 953
439 2 2 7 6 190 959 705
440 2 2 7 6 191 958 704
441 2 2 7 6 192 960 706
442 2 2 7 6 404 705 959
443 2 2 7 6 407 706 960
444 2 2 7 6 406 704 958
445 2 2 7 6 179 736 1264
446 2 2 7 6 180 735 1263
447 2 2 7 6 178 734 1262
448 2 2 7 6 182 855 724
449 2 2 7 6 652 1463 941
450 2 2 7 6 653 1462 942
451 2 2 7 6 654 1461 943
452 2 2 7 6 618 1577 1072
453 2 2 7 6 200 562 1347
454 2 2 7 6 224 1492 778
455 2 2 7 6 335 837 687
456 2 2 7 6 145 687 837
457 2 2 7 6 129 890 627
458 2 2 7 6 498 885 1448
459 2 2 7 6 25 852 1165
460 2 2 7 6 56 850 1162
461 2 2 7 6 118 853 1164
462 2 2 7 6 87 851 1163
463 2 2 7 6 596 791 1586
464 2 2 7 6 561 1605 930
465 2 2 7 6 676 902 1712
466 2 2 7 6 176 578 1241
467 2 2 7 6 293 815 644
468 2 2 7 6 302 579 1242
469 2 2 7 6 239 618 1622
470 2 2 7 6 311 1028 790
471 2 2 7 6 476 1084 781
472 2 2 7 6 146 781 1084
473 2 2 7 6 291 631 821
474 2 2 7 6 293 891 685
475 2 2 7 6 310 1027 788
476 2 2 7 6 392 1124 792
477 2 2 7 6 142 1085 783
478 2 2 7 6 477 783 1085
479 2 2 7 6 131 694 1061
480 2 2 7 6 414 1061 694
481 2 2 7 6 217 1444 1096
482 2 2 7 6 220 1447 1099
483 2 2 7 6 218 1446 1097
484 2 2 7 6 219 1445 1098
485 2 2 7 6 255 1166 625
486 2 2 7 6 256 626 1167
487 2 2 7 6 459 775 740
488 2 2 7 6 511 1193 843
489 2 2 7 6 268 694 1265
490 2 2 7 6 136 965 696
491 2 2 7 6 363 696 965
492 2 2 7 6 1712 902 205
493 2 2 7 6 210 738 712
494 2 2 7 6 414 694 739
495 2 2 7 6 318 588 947
496 2 2 7 6 319 587 945
497 2 2 7 6 320 590 948
498 2 2 7 6 321 589 946
499 2 2 7 6 322 934 583
500 2 2 7 6 324 935 585
501 2 2 7 6 323 932 584
502 2 2 7 6 137 695 967
503 2 2 7 6 359 967 695
504 2 2 7 6 680 737 1248
505 2 2 7 6 716 927 1731
506 2 2 7 6 715 928 1734
507 2 2 7 6 714 925 1732
508 2 2 7 6 713 926 1733
509 2 2 7 6 395 578 1192
510 2 2 7 6 217 894 1444
511 2 2 7 6 218 895 1446
512 2 2 7 6 220 897 1447
513 2 2 7 6 219 896 1445
514 2 2 7 6 313 738 1419
515 2 2 7 6 193 1420 908
516 2 2 7 6 348 1007 1000
517 2 2 7 6 184 644 915
518 2 2 7 6 328 915 644
519 2 2 7 6 470 1120 764
520 2 2 7 6 145 1189 679
521 2 2 7 6 445 679 1189
522 2 2 7 6 452 647 863
523 2 2 7 6 149 863 647
524 2 2 7 6 597 1607 1103
525 2 2 7 6 452 863 1229
526 2 2 7 6 421 1327 610
527 2 2 7 6 291 864 631
528 2 2 7 6 490 1023 1170
529 2 2 7 6 385 1129 697
530 2 2 7 6 384 1130 698
531 2 2 7 6 387 1131 700
532 2 2 7 6 591 238 1180
533 2 2 7 6 147 764 1120
534 2 2 7 6 439 1464 817
535 2 2 7 6 444 823 1062
536 2 2 7 6 381 844 988
537 2 2 7 6 380 845 989
538 2 2 7 6 383 847 990
539 2 2 7 6 382 846 991
540 2 2 7 6 313 1419 1457
541 2 2 7 6 441 818 1460
542 2 2 7 6 348 733 1076
543 2 2 7 6 448 655 1285
544 2 2 7 6 449 656 1286
545 2 2 7 6 450 657 1287
546 2 2 7 6 451 658 1288
547 2 2 7 6 358 861 1073
548 2 2 7 6 499 1073 861
549 2 2 7 6 154 1094 780
550 2 2 7 6 471 780 1094
551 2 2 7 6 9 606 988
552 2 2 7 6 40 605 989
553 2 2 7 6 102 608 990
554 2 2 7 6 71 607 991
555 2 2 7 6 236 579 1450
556 2 2 7 6 306 892 627
557 2 2 7 6 302 930 755
558 2 2 7 6 139 869 1370
559 2 2 7 6 234 1019 593
560 2 2 7 6 232 1018 594
561 2 2 7 6 231 1017 595
562 2 2 7 6 243 972 603
563 2 2 7 6 244 974 602
564 2 2 7 6 242 973 604
565 2 2 7 6 247 599 977
566 2 2 7 6 245 600 976
567 2 2 7 6 248 601 978
568 2 2 7 6 158 1078 631
569 2 2 7 6 351 631 1078
570 2 2 7 6 223 1432 1076
571 2 2 7 6 194 875 806
572 2 2 7 6 375 806 875
573 2 2 7 6 199 811 876
574 2 2 7 6 377 876 811
575 2 2 7 6 313 712 738
576 2 2 7 6 144 1121 759
577 2 2 7 6 469 759 1121
578 2 2 7 6 354 649 993
579 2 2 7 6 319 1056 587
580 2 2 7 6 318 1057 588
581 2 2 7 6 321 1058 589
582 2 2 7 6 320 1059 590
583 2 2 7 6 1720 238 591
584 2 2 7 6 1105 1730 1106
585 2 2 7 6 374 612 1333
586 2 2 7 6 378 1332 613
587 2 2 7 6 239 1729 618
588 2 2 7 6 249 1433 628
589 2 2 7 6 598 1104 1633
590 2 2 7 6 352 1105 1106
591 2 2 7 6 130 1105 591
592 2 2 7 6 392 914 1124
593 2 2 7 6 396 1054 1217
594 2 2 7 6 664 1191 754
595 2 2 7 6 182 724 931
596 2 2 7 6 784 1549 1420
597 2 2 7 6 355 1118 702
598 2 2 7 6 1731 927 220
599 2 2 7 6 1732 925 218
600 2 2 7 6 1734 928 219
601 2 2 7 6 1733 926 217
602 2 2 7 6 77 939 1478
603 2 2 7 6 46 938 1479
604 2 2 7 6 108 937 1480
605 2 2 7 6 15 936 1481
606 2 2 7 6 456 793 1161
607 2 2 7 6 173 596 1072
608 2 2 7 6 238 1100 596
609 2 2 7 6 138 813 1457
610 2 2 7 6 461 1190 785
611 2 2 7 6 149 647 906
612 2 2 7 6 160 1389 1214
613 2 2 7 6 159 1390 1213
614 2 2 7 6 162 1391 1215
615 2 2 7 6 914 1355 1124
616 2 2 7 6 281 1004 812
617 2 2 7 6 442 812 1004
618 2 2 7 6 138 1457 1470
619 2 2 7 6 418 1176 674
620 2 2 7 6 161 674 1176
621 2 2 7 6 250 722 1102
622 2 2 7 6 438 1102 722
623 2 2 7 6 307 1483 1551
624 2 2 7 6 306 627 890
625 2 2 7 6 289 1328 615
626 2 2 7 6 143 1128 741
627 2 2 7 6 460 741 1128
628 2 2 7 6 966 1645 185
629 2 2 7 6 651 1418 1024
630 2 2 7 6 317 1631 859
631 2 2 7 6 276 869 646
632 2 2 7 6 307 676 1483
633 2 2 7 6 247 1129 599
634 2 2 7 6 245 1130 600
635 2 2 7 6 248 1131 601
636 2 2 7 6 687 1159 1561
637 2 2 7 6 244 602 1132
638 2 2 7 6 243 603 1133
639 2 2 7 6 242 604 1134
640 2 2 7 6 138 1735 813
641 2 2 7 6 138 814 1735
642 2 2 7 6 301 1003 609
643 2 2 7 6 173 1072 1577
644 2 2 7 6 419 784 1420
645 2 2 7 6 235 1258 1124
646 2 2 7 6 524 1444 911
647 2 2 7 6 523 1446 913
648 2 2 7 6 521 1445 912
649 2 2 7 6 559 1725 881
650 2 2 7 6 444 987 823
651 2 2 7 6 270 823 987
652 2 2 7 6 898 1465 1489
653 2 2 7 6 470 764 758
654 2 2 7 6 94 767 93
655 2 2 7 6 125 768 124
656 2 2 7 6 63 769 62
657 2 2 7 6 32 770 31
658 2 2 7 6 269 1204 677
659 2 2 7 6 271 678 1205
660 2 2 7 6 313 813 686
661 2 2 7 6 421 860 915
662 2 2 7 6 184 915 860
663 2 2 7 6 616 1595 922
664 2 2 7 6 185 1645 889
665 2 2 7 6 236 1490 1696
666 2 2 7 6 90 670 1233
667 2 2 7 6 59 669 1231
668 2 2 7 6 121 672 1234
669 2 2 7 6 28 671 1232
670 2 2 7 6 290 782 757
671 2 2 7 6 257 1003 1621
672 2 2 7 6 65 771 64
673 2 2 7 6 34 772 33
674 2 2 7 6 96 773 95
675 2 2 7 6 127 774 126
676 2 2 7 6 67 1228 665
677 2 2 7 6 36 1227 666
678 2 2 7 6 98 1226 667
679 2 2 7 6 5 1225 668
680 2 2 7 6 550 1251 1050
681 2 2 7 6 551 1252 1049
682 2 2 7 6 549 1250 1047
683 2 2 7 6 548 1249 1048
684 2 2 7 6 365 871 819
685 2 2 7 6 328 819 871
686 2 2 7 6 136 696 1010
687 2 2 7 6 361 1010 696
688 2 2 7 6 746 1791 1009
689 2 2 7 6 243 633 972
690 2 2 7 6 242 634 973
691 2 2 7 6 244 635 974
692 2 2 7 6 336 973 634
693 2 2 7 6 334 972 633
694 2 2 7 6 333 974 635
695 2 2 7 6 184 891 644
696 2 2 7 6 315 791 1763
697 2 2 7 6 172 624 944
698 2 2 7 6 277 623 949
699 2 2 7 6 305 1436 617
700 2 2 7 6 139 1168 610
701 2 2 7 6 695 1612 1074
702 2 2 7 6 696 1611 1075
703 2 2 7 6 369 1302 611
704 2 2 7 6 284 758 764
705 2 2 7 6 330 636 976
706 2 2 7 6 331 639 978
707 2 2 7 6 329 637 977
708 2 2 7 6 245 976 636
709 2 2 7 6 248 978 639
710 2 2 7 6 247 977 637
711 2 2 7 6 283 740 775
712 2 2 7 6 221 1297 1220
713 2 2 7 6 221 1119 611
714 2 2 7 6 1747 630 275
715 2 2 7 6 597 1103 1764
716 2 2 7 6 598 1765 1104
717 2 2 7 6 478 902 1422
718 2 2 7 6 509 1561 1159
719 2 2 7 6 356 918 737
720 2 2 7 6 207 737 918
721 2 2 7 6 221 611 1149
722 2 2 7 6 510 908 1420
723 2 2 7 6 467 1566 1193
724 2 2 7 6 151 1236 968
725 2 2 7 6 152 1237 969
726 2 2 7 6 153 1238 970
727 2 2 7 6 567 968 1236
728 2 2 7 6 568 969 1237
729 2 2 7 6 569 970 1238
730 2 2 7 6 437 1111 1470
731 2 2 7 6 454 1254 878
732 2 2 7 6 242 1625 1360
733 2 2 7 6 243 1624 1359
734 2 2 7 6 244 1626 1358
735 2 2 7 6 579 755 1771
736 2 2 7 6 350 778 779
737 2 2 7 6 309 779 778
738 2 2 7 6 394 1159 687
739 2 2 7 6 365 627 1140
740 2 2 7 6 455 757 782
741 2 2 7 6 650 1621 1003
742 2 2 7 6 315 855 686
743 2 2 7 6 410 620 1428
744 2 2 7 6 878 1254 1764
745 2 2 7 6 412 621 1434
746 2 2 7 6 411 622 1435
747 2 2 7 6 230 1050 1251
748 2 2 7 6 229 1049 1252
749 2 2 7 6 227 1047 1250
750 2 2 7 6 228 1048 1249
751 2 2 7 6 249 628 971
752 2 2 7 6 526 980 1102
753 2 2 7 6 250 1102 980
754 2 2 7 6 453 870 1245
755 2 2 7 6 304 1204 616
756 2 2 7 6 305 617 1205
757 2 2 7 6 236 1696 858
758 2 2 7 6 198 617 1197
759 2 2 7 6 478 1422 1087
760 2 2 7 6 74 75 728
761 2 2 7 6 43 44 726
762 2 2 7 6 105 106 727
763 2 2 7 6 12 13 725
764 2 2 7 6 216 924 640
765 2 2 7 6 421 1796 860
766 2 2 7 6 870 1765 1245
767 2 2 7 6 824 1641 1250
768 2 2 7 6 825 1640 1249
769 2 2 7 6 826 1639 1252
770 2 2 7 6 257 679 923
771 2 2 7 6 465 824 1250
772 2 2 7 6 464 825 1249
773 2 2 7 6 463 826 1252
774 2 2 7 6 173 711 1763
775 2 2 7 6 615 1763 711
776 2 2 7 6 182 686 855
777 2 2 7 6 395 837 1727
778 2 2 7 6 442 882 721
779 2 2 7 6 273 721 882
780 2 2 7 6 272 881 720
781 2 2 7 6 440 720 881
782 2 2 7 6 221 963 1297
783 2 2 7 6 303 1443 1243
784 2 2 7 6 460 1514 741
785 2 2 7 6 1621 418 903
786 2 2 7 6 182 931 871
787 2 2 7 6 518 840 1270
788 2 2 7 6 140 1270 840
789 2 2 7 6 293 1283 815
790 2 2 7 6 1791 288 1009
791 2 2 7 6 208 919 754
792 2 2 7 6 357 754 919
793 2 2 7 6 313 686 950
794 2 2 7 6 1176 418 1621
795 2 2 7 6 256 1510 626
796 2 2 7 6 255 625 1508
797 2 2 7 6 239 1622 1106
798 2 2 7 6 277 641 1392
799 2 2 7 6 460 1210 1514
800 2 2 7 6 395 916 837
801 2 2 7 6 145 837 916
802 2 2 7 6 300 1495 888
803 2 2 7 6 298 1497 886
804 2 2 7 6 299 1496 887
805 2 2 7 6 513 1265 1544
806 2 2 7 6 661 512 1570
807 2 2 7 6 466 1157 816
808 2 2 7 6 225 1187 1118
809 2 2 7 6 213 1523 1183
810 2 2 7 6 176 632 1591
811 2 2 7 6 177 634 1590
812 2 2 7 6 174 633 1589
813 2 2 7 6 175 635 1588
814 2 2 7 6 519 1489 1465
815 2 2 7 6 251 655 1356
816 2 2 7 6 448 1356 655
817 2 2 7 6 733 1271 1076
818 2 2 7 6 292 680 1248
819 2 2 7 6 180 1540 636
820 2 2 7 6 179 1539 639
821 2 2 7 6 178 1541 637
822 2 2 7 6 619 1357 1565
823 2 2 7 6 275 630 1608
824 2 2 7 6 94 1500 767
825 2 2 7 6 125 1502 768
826 2 2 7 6 63 1499 769
827 2 2 7 6 32 1501 770
828 2 2 7 6 208 1170 919
829 2 2 7 6 335 1025 632
830 2 2 7 6 314 1141 848
831 2 2 7 6 246 1029 638
832 2 2 7 6 361 640 1010
833 2 2 7 6 333 635 1108
834 2 2 7 6 334 633 1109
835 2 2 7 6 336 634 1110
836 2 2 7 6 335 632 1241
837 2 2 7 6 369 849 848
838 2 2 7 6 314 848 849
839 2 2 7 6 397 1170 1023
840 2 2 7 6 330 1114 636
841 2 2 7 6 329 1113 637
842 2 2 7 6 331 1115 639
843 2 2 7 6 362 643 1008
844 2 2 7 6 241 632 1025
845 2 2 7 6 697 1129 1537
846 2 2 7 6 698 1130 1536
847 2 2 7 6 700 1131 1538
848 2 2 7 6 314 856 1141
849 2 2 7 6 64 771 1499
850 2 2 7 6 33 772 1501
851 2 2 7 6 95 773 1500
852 2 2 7 6 126 774 1502
853 2 2 7 6 308 981 787
854 2 2 7 6 316 818 1306
855 2 2 7 6 317 1305 817
856 2 2 7 6 332 638 1029
857 2 2 7 6 132 755 1062
858 2 2 7 6 415 1062 755
859 2 2 7 6 1255 196 1126
860 2 2 7 6 649 1255 1126
861 2 2 7 6 210 992 738
862 2 2 7 6 640 812 1010
863 2 2 7 6 815 1283 1529
864 2 2 7 6 1775 512 661
865 2 2 7 6 552 746 1563
866 2 2 7 6 266 1613 717
867 2 2 7 6 181 747 1088
868 2 2 7 6 308 793 981
869 2 2 7 6 556 717 1613
870 2 2 7 6 179 652 941
871 2 2 7 6 180 653 942
872 2 2 7 6 178 654 943
873 2 2 7 6 645 1526 980
874 2 2 7 6 438 869 1053
875 2 2 7 6 549 1478 939
876 2 2 7 6 548 1479 938
877 2 2 7 6 551 1480 937
878 2 2 7 6 550 1481 936
879 2 2 7 6 714 1715 925
880 2 2 7 6 716 1718 927
881 2 2 7 6 715 1717 928
882 2 2 7 6 713 1716 926
883 2 2 7 6 1715 318 925
884 2 2 7 6 1718 320 927
885 2 2 7 6 1717 321 928
886 2 2 7 6 1716 319 926
887 2 2 7 6 618 1072 1622
888 2 2 7 6 395 883 916
889 2 2 7 6 452 1542 647
890 2 2 7 6 250 980 1526
891 2 2 7 6 307 902 676
892 2 2 7 6 500 1190 862
893 2 2 7 6 141 862 1190
894 2 2 7 6 1790 641 277
895 2 2 7 6 313 950 712
896 2 2 7 6 259 1706 1666
897 2 2 7 6 1716 1207 534
898 2 2 7 6 1715 1206 535
899 2 2 7 6 1717 1208 536
900 2 2 7 6 1718 1209 537
901 2 2 7 6 316 1306 858
902 2 2 7 6 170 1563 746
903 2 2 7 6 317 859 1305
904 2 2 7 6 135 1001 805
905 2 2 7 6 72 73 827
906 2 2 7 6 41 42 828
907 2 2 7 6 103 104 829
908 2 2 7 6 10 11 830
909 2 2 7 6 393 1046 719
910 2 2 7 6 224 719 1046
911 2 2 7 6 919 1170 1455
912 2 2 7 6 415 1174 1062
913 2 2 7 6 414 1173 1061
914 2 2 7 6 572 888 1495
915 2 2 7 6 571 886 1497
916 2 2 7 6 570 887 1496
917 2 2 7 6 458 857 766
918 2 2 7 6 269 1693 1204
919 2 2 7 6 271 1205 1694
920 2 2 7 6 259 832 1706
921 2 2 7 6 713 1207 1716
922 2 2 7 6 714 1206 1715
923 2 2 7 6 715 1208 1717
924 2 2 7 6 716 1209 1718
925 2 2 7 6 209 765 831
926 2 2 7 6 621 1389 1452
927 2 2 7 6 137 643 1307
928 2 2 7 6 181 1088 638
929 2 2 7 6 245 636 1090
930 2 2 7 6 247 637 1089
931 2 2 7 6 246 638 1092
932 2 2 7 6 248 639 1091
933 2 2 7 6 175 1108 635
934 2 2 7 6 174 1109 633
935 2 2 7 6 177 1110 634
936 2 2 7 6 78 939 77
937 2 2 7 6 109 937 108
938 2 2 7 6 47 938 46
939 2 2 7 6 16 936 15
940 2 2 7 6 1719 1000 150
941 2 2 7 6 619 1551 1483
942 2 2 7 6 382 953 846
943 2 2 7 6 380 954 845
944 2 2 7 6 403 846 953
945 2 2 7 6 402 845 954
946 2 2 7 6 381 956 844
947 2 2 7 6 383 955 847
948 2 2 7 6 401 847 955
949 2 2 7 6 400 844 956
950 2 2 7 6 132 1771 755
951 2 2 7 6 385 851 958
952 2 2 7 6 384 850 959
953 2 2 7 6 386 852 961
954 2 2 7 6 387 853 960
955 2 2 7 6 406 958 851
956 2 2 7 6 404 959 850
957 2 2 7 6 407 960 853
958 2 2 7 6 405 961 852
959 2 2 7 6 608 1360 1625
960 2 2 7 6 605 1359 1624
961 2 2 7 6 607 1358 1626
962 2 2 7 6 328 644 1300
963 2 2 7 6 290 1191 664
964 2 2 7 6 178 637 1113
965 2 2 7 6 180 636 1114
966 2 2 7 6 179 639 1115
967 2 2 7 6 207 962 792
968 2 2 7 6 392 792 962
969 2 2 7 6 176 1241 632
970 2 2 7 6 267 1573 663
971 2 2 7 6 437 1470 1034
972 2 2 7 6 1647 1014 333
973 2 2 7 6 1649 1015 334
974 2 2 7 6 751 1014 1647
975 2 2 7 6 1651 1016 336
976 2 2 7 6 752 1015 1649
977 2 2 7 6 753 1016 1651
978 2 2 7 6 243 1143 633
979 2 2 7 6 241 1144 632
980 2 2 7 6 242 1146 634
981 2 2 7 6 244 1145 635
982 2 2 7 6 347 703 1035
983 2 2 7 6 351 1310 631
984 2 2 7 6 143 641 1128
985 2 2 7 6 733 1000 1719
986 2 2 7 6 255 1532 1166
987 2 2 7 6 256 1167 1533
988 2 2 7 6 62 769 945
989 2 2 7 6 93 767 947
990 2 2 7 6 124 768 948
991 2 2 7 6 31 770 946
992 2 2 7 6 341 1623 920
993 2 2 7 6 920 1623 1711
994 2 2 7 6 148 642 1394
995 2 2 7 6 143 1395 641
996 2 2 7 6 204 940 981
997 2 2 7 6 1560 982 1160
998 2 2 7 6 358 685 1646
999 2 2 7 6 455 1559 648
1000 2 2 7 6 65 934 771
1001 2 2 7 6 96 932 773
1002 2 2 7 6 127 933 774
1003 2 2 7 6 34 935 772
1004 2 2 7 6 171 1103 1607
1005 2 2 7 6 408 1077 1161
1006 2 2 7 6 609 1093 1494
1007 2 2 7 6 362 1307 643
1008 2 2 7 6 413 1157 1060
1009 2 2 7 6 585 1667 912
1010 2 2 7 6 584 1664 913
1011 2 2 7 6 583 1665 911
1012 2 2 7 6 805 1001 1578
1013 2 2 7 6 258 682 912
1014 2 2 7 6 260 683 911
1015 2 2 7 6 261 684 913
1016 2 2 7 6 276 646 1136
1017 2 2 7 6 327 711 1577
1018 2 2 7 6 291 756 864
1019 2 2 7 6 353 738 992
1020 2 2 7 6 592 1181 1106
1021 2 2 7 6 239 1106 1181
1022 2 2 7 6 507 1076 1432
1023 2 2 7 6 147 1120 1332
1024 2 2 7 6 231 1122 1552
1025 2 2 7 6 283 693 1151
1026 2 2 7 6 376 659 1451
1027 2 2 7 6 379 1449 660
1028 2 2 7 6 144 1333 1121
1029 2 2 7 6 284 691 1182
1030 2 2 7 6 268 951 1423
1031 2 2 7 6 623 1423 951
1032 2 2 7 6 270 1424 952
1033 2 2 7 6 624 952 1424
1034 2 2 7 6 447 647 1220
1035 2 2 7 6 445 923 679
1036 2 2 7 6 372 1358 827
1037 2 2 7 6 370 1359 828
1038 2 2 7 6 373 1360 829
1039 2 2 7 6 371 1361 830
1040 2 2 7 6 214 870 1031
1041 2 2 7 6 453 1031 870
1042 2 2 7 6 158 864 1239
1043 2 2 7 6 362 1284 1698
1044 2 2 7 6 267 681 1573
1045 2 2 7 6 304 922 789
1046 2 2 7 6 342 916 883
1047 2 2 7 6 204 981 793
1048 2 2 7 6 156 1067 914
1049 2 2 7 6 489 914 1067
1050 2 2 7 6 130 789 1060
1051 2 2 7 6 413 1060 789
1052 2 2 7 6 467 1239 975
1053 2 2 7 6 613 1332 1120
1054 2 2 7 6 454 878 1033
1055 2 2 7 6 211 1033 878
1056 2 2 7 6 493 962 1217
1057 2 2 7 6 595 1576 1402
1058 2 2 7 6 612 1121 1333
1059 2 2 7 6 1018 1311 1699
1060 2 2 7 6 485 1391 689
1061 2 2 7 6 483 1389 690
1062 2 2 7 6 484 1390 688
1063 2 2 7 6 162 689 1391
1064 2 2 7 6 160 690 1389
1065 2 2 7 6 159 688 1390
1066 2 2 7 6 363 1311 1018
1067 2 2 7 6 252 1413 652
1068 2 2 7 6 253 1414 653
1069 2 2 7 6 254 1415 654
1070 2 2 7 6 449 652 1413
1071 2 2 7 6 450 653 1414
1072 2 2 7 6 451 654 1415
1073 2 2 7 6 420 982 1560
1074 2 2 7 6 323 895 773
1075 2 2 7 6 325 897 774
1076 2 2 7 6 322 894 771
1077 2 2 7 6 324 896 772
1078 2 2 7 6 502 773 895
1079 2 2 7 6 501 771 894
1080 2 2 7 6 503 772 896
1081 2 2 7 6 504 774 897
1082 2 2 7 6 167 1568 1002
1083 2 2 7 6 167 1002 729
1084 2 2 7 6 362 1698 1019
1085 2 2 7 6 391 648 1738
1086 2 2 7 6 55 1162 698
1087 2 2 7 6 24 1165 699
1088 2 2 7 6 86 1163 697
1089 2 2 7 6 117 1164 700
1090 2 2 7 6 155 702 1073
1091 2 2 7 6 358 1073 702
1092 2 2 7 6 252 656 1413
1093 2 2 7 6 253 657 1414
1094 2 2 7 6 254 658 1415
1095 2 2 7 6 449 1413 656
1096 2 2 7 6 450 1414 657
1097 2 2 7 6 451 1415 658
1098 2 2 7 6 168 730 1005
1099 2 2 7 6 547 1631 1372
1100 2 2 7 6 168 1005 1567
1101 2 2 7 6 391 1169 648
1102 2 2 7 6 722 1168 1370
1103 2 2 7 6 477 880 1086
1104 2 2 7 6 367 1086 880
1105 2 2 7 6 455 648 1337
1106 2 2 7 6 185 731 1229
1107 2 2 7 6 452 1229 731
1108 2 2 7 6 469 1493 759
1109 2 2 7 6 395 777 883
1110 2 2 7 6 267 1175 681
1111 2 2 7 6 462 1292 893
1112 2 2 7 6 185 1235 849
1113 2 2 7 6 354 1255 649
1114 2 2 7 6 417 864 756
1115 2 2 7 6 681 1171 1573
1116 2 2 7 6 1573 1171 326
1117 2 2 7 6 366 879 1095
1118 2 2 7 6 476 1095 879
1119 2 2 7 6 467 1416 1239
1120 2 2 7 6 655 1798 1285
1121 2 2 7 6 656 1799 1286
1122 2 2 7 6 657 1800 1287
1123 2 2 7 6 658 1801 1288
1124 2 2 7 6 724 855 1328
1125 2 2 7 6 483 1452 1389
1126 2 2 7 6 495 1206 714
1127 2 2 7 6 494 1207 713
1128 2 2 7 6 497 1209 716
1129 2 2 7 6 496 1208 715
1130 2 2 7 6 149 906 784
1131 2 2 7 6 482 691 1403
1132 2 2 7 6 481 692 1401
1133 2 2 7 6 480 693 1402
1134 2 2 7 6 163 1403 691
1135 2 2 7 6 164 1401 692
1136 2 2 7 6 166 1402 693
1137 2 2 7 6 600 1343 1275
1138 2 2 7 6 601 1344 1274
1139 2 2 7 6 599 1342 1273
1140 2 2 7 6 146 1084 660
1141 2 2 7 6 142 659 1085
1142 2 2 7 6 183 1247 1011
1143 2 2 7 6 169 1633 1104
1144 2 2 7 6 400 1259 668
1145 2 2 7 6 237 1488 1243
1146 2 2 7 6 405 671 1261
1147 2 2 7 6 354 1418 651
1148 2 2 7 6 182 950 686
1149 2 2 7 6 239 822 1729
1150 2 2 7 6 249 1034 1052
1151 2 2 7 6 508 1052 1034
1152 2 2 7 6 869 1425 1053
1153 2 2 7 6 294 968 1592
1154 2 2 7 6 295 969 1593
1155 2 2 7 6 296 970 1594
1156 2 2 7 6 674 1380 832
1157 2 2 7 6 471 1142 780
1158 2 2 7 6 322 911 1444
1159 2 2 7 6 323 913 1446
1160 2 2 7 6 324 912 1445
1161 2 2 7 6 20 21 833
1162 2 2 7 6 113 114 834
1163 2 2 7 6 51 52 835
1164 2 2 7 6 82 83 836
1165 2 2 7 6 226 1024 1418
1166 2 2 7 6 573 1308 1303
1167 2 2 7 6 682 1383 1367
1168 2 2 7 6 683 1382 1366
1169 2 2 7 6 684 1384 1368
1170 2 2 7 6 442 1212 882
1171 2 2 7 6 208 785 979
1172 2 2 7 6 355 979 785
1173 2 2 7 6 354 651 1255
1174 2 2 7 6 185 889 1235
1175 2 2 7 6 196 1255 651
1176 2 2 7 6 355 702 1079
1177 2 2 7 6 155 1079 702
1178 2 2 7 6 725 983 1759
1179 2 2 7 6 727 984 1760
1180 2 2 7 6 1759 983 340
1181 2 2 7 6 1760 984 339
1182 2 2 7 6 726 985 1761
1183 2 2 7 6 1761 985 338
1184 2 2 7 6 728 986 1762
1185 2 2 7 6 1762 986 337
1186 2 2 7 6 90 1233 89
1187 2 2 7 6 59 1231 58
1188 2 2 7 6 121 1234 120
1189 2 2 7 6 28 1232 27
1190 2 2 7 6 440 1211 1080
1191 2 2 7 6 538 1137 1221
1192 2 2 7 6 539 1138 1222
1193 2 2 7 6 540 1139 1223
1194 2 2 7 6 327 1577 1729
1195 2 2 7 6 398 944 1043
1196 2 2 7 6 518 1258 840
1197 2 2 7 6 893 1292 1705
1198 2 2 7 6 309 898 1489
1199 2 2 7 6 251 1292 655
1200 2 2 7 6 252 1293 656
1201 2 2 7 6 253 1295 657
1202 2 2 7 6 254 1294 658
1203 2 2 7 6 372 1145 1358
1204 2 2 7 6 370 1143 1359
1205 2 2 7 6 373 1146 1360
1206 2 2 7 6 371 1144 1361
1207 2 2 7 6 68 1228 67
1208 2 2 7 6 37 1227 36
1209 2 2 7 6 99 1226 98
1210 2 2 7 6 6 1225 5
1211 2 2 7 6 142 1451 659
1212 2 2 7 6 146 660 1449
1213 2 2 7 6 283 1151 740
1214 2 2 7 6 467 662 1416
1215 2 2 7 6 388 899 1063
1216 2 2 7 6 470 1063 899
1217 2 2 7 6 196 883 777
1218 2 2 7 6 626 1002 1568
1219 2 2 7 6 135 901 1087
1220 2 2 7 6 478 1087 901
1221 2 2 7 6 129 1300 815
1222 2 2 7 6 329 1020 748
1223 2 2 7 6 330 1021 749
1224 2 2 7 6 331 1022 750
1225 2 2 7 6 349 701 966
1226 2 2 7 6 143 1015 752
1227 2 2 7 6 142 1014 751
1228 2 2 7 6 144 1016 753
1229 2 2 7 6 165 1565 1357
1230 2 2 7 6 901 1503 1365
1231 2 2 7 6 625 1567 1005
1232 2 2 7 6 129 819 1300
1233 2 2 7 6 393 1055 994
1234 2 2 7 6 222 1216 1448
1235 2 2 7 6 212 1008 776
1236 2 2 7 6 328 931 915
1237 2 2 7 6 882 1212 1741
1238 2 2 7 6 421 915 931
1239 2 2 7 6 432 1367 1383
1240 2 2 7 6 431 1366 1382
1241 2 2 7 6 433 1368 1384
1242 2 2 7 6 286 795 1246
1243 2 2 7 6 284 1182 758
1244 2 2 7 6 502 767 1500
1245 2 2 7 6 504 768 1502
1246 2 2 7 6 501 769 1499
1247 2 2 7 6 503 770 1501
1248 2 2 7 6 304 1180 1750
1249 2 2 7 6 305 1751 1181
1250 2 2 7 6 559 881 1487
1251 2 2 7 6 272 1487 881
1252 2 2 7 6 214 1313 761
1253 2 2 7 6 483 761 1313
1254 2 2 7 6 368 1168 722
1255 2 2 7 6 327 1550 718
1256 2 2 7 6 215 1345 1558
1257 2 2 7 6 207 918 1217
1258 2 2 7 6 75 986 728
1259 2 2 7 6 44 985 726
1260 2 2 7 6 13 983 725
1261 2 2 7 6 106 984 727
1262 2 2 7 6 501 1499 771
1263 2 2 7 6 503 1501 772
1264 2 2 7 6 502 1500 773
1265 2 2 7 6 504 1502 774
1266 2 2 7 6 129 1077 890
1267 2 2 7 6 267 663 1365
1268 2 2 7 6 267 710 1175
1269 2 2 7 6 206 929 1522
1270 2 2 7 6 5 668 1388
1271 2 2 7 6 36 666 1387
1272 2 2 7 6 98 667 1386
1273 2 2 7 6 67 665 1385
1274 2 2 7 6 293 661 1283
1275 2 2 7 6 428 1275 1343
1276 2 2 7 6 430 1274 1344
1277 2 2 7 6 429 1273 1342
1278 2 2 7 6 362 1612 695
1279 2 2 7 6 363 1611 696
1280 2 2 7 6 59 1376 669
1281 2 2 7 6 90 1377 670
1282 2 2 7 6 28 1378 671
1283 2 2 7 6 121 1379 672
1284 2 2 7 6 290 664 1147
1285 2 2 7 6 169 1104 677
1286 2 2 7 6 239 1363 822
1287 2 2 7 6 506 822 1363
1288 2 2 7 6 552 1653 765
1289 2 2 7 6 306 766 1707
1290 2 2 7 6 205 1417 663
1291 2 2 7 6 614 1505 1758
1292 2 2 7 6 650 1571 1562
1293 2 2 7 6 139 1370 1168
1294 2 2 7 6 61 62 945
1295 2 2 7 6 92 93 947
1296 2 2 7 6 30 31 946
1297 2 2 7 6 123 124 948
1298 2 2 7 6 466 816 1197
1299 2 2 7 6 198 1197 816
1300 2 2 7 6 65 66 934
1301 2 2 7 6 96 97 932
1302 2 2 7 6 34 35 935
1303 2 2 7 6 127 128 933
1304 2 2 7 6 139 718 1550
1305 2 2 7 6 459 1459 775
1306 2 2 7 6 421 931 724
1307 2 2 7 6 249 1052 1433
1308 2 2 7 6 261 709 1384
1309 2 2 7 6 258 708 1383
1310 2 2 7 6 260 707 1382
1311 2 2 7 6 188 673 1504
1312 2 2 7 6 161 1380 674
1313 2 2 7 6 86 697 1556
1314 2 2 7 6 55 698 1555
1315 2 2 7 6 117 700 1557
1316 2 2 7 6 24 699 1554
1317 2 2 7 6 357 1304 664
1318 2 2 7 6 332 784 906
1319 2 2 7 6 469 1244 1493
1320 2 2 7 6 74 728 1154
1321 2 2 7 6 43 726 1152
1322 2 2 7 6 105 727 1155
1323 2 2 7 6 12 725 1153
1324 2 2 7 6 262 1373 705
1325 2 2 7 6 263 1374 704
1326 2 2 7 6 265 1375 706
1327 2 2 7 6 666 1227 1318
1328 2 2 7 6 667 1226 1317
1329 2 2 7 6 665 1228 1319
1330 2 2 7 6 1318 1227 402
1331 2 2 7 6 1317 1226 401
1332 2 2 7 6 1319 1228 403
1333 2 2 7 6 193 1507 675
1334 2 2 7 6 154 1026 1158
1335 2 2 7 6 172 664 1304
1336 2 2 7 6 501 926 769
1337 2 2 7 6 502 925 767
1338 2 2 7 6 503 928 770
1339 2 2 7 6 504 927 768
1340 2 2 7 6 319 769 926
1341 2 2 7 6 318 767 925
1342 2 2 7 6 321 770 928
1343 2 2 7 6 320 768 927
1344 2 2 7 6 315 686 1735
1345 2 2 7 6 661 1188 1775
1346 2 2 7 6 622 1391 1509
1347 2 2 7 6 660 1619 1694
1348 2 2 7 6 659 1693 1620
1349 2 2 7 6 258 912 1667
1350 2 2 7 6 261 913 1664
1351 2 2 7 6 260 911 1665
1352 2 2 7 6 492 1149 1065
1353 2 2 7 6 580 1243 1488
1354 2 2 7 6 287 796 1268
1355 2 2 7 6 400 668 1225
1356 2 2 7 6 445 1308 923
1357 2 2 7 6 335 687 1561
1358 2 2 7 6 1320 404 1231
1359 2 2 7 6 1322 407 1234
1360 2 2 7 6 1321 406 1233
1361 2 2 7 6 669 1320 1231
1362 2 2 7 6 670 1321 1233
1363 2 2 7 6 672 1322 1234
1364 2 2 7 6 422 1221 1137
1365 2 2 7 6 423 1222 1138
1366 2 2 7 6 424 1223 1139
1367 2 2 7 6 522 1447 832
1368 2 2 7 6 325 832 1447
1369 2 2 7 6 141 1169 862
1370 2 2 7 6 388 1063 776
1371 2 2 7 6 212 776 1063
1372 2 2 7 6 405 1232 671
1373 2 2 7 6 490 979 1079
1374 2 2 7 6 355 1079 979
1375 2 2 7 6 261 1317 709
1376 2 2 7 6 258 1318 708
1377 2 2 7 6 260 1319 707
1378 2 2 7 6 445 1303 1308
1379 2 2 7 6 193 675 1560
1380 2 2 7 6 250 1112 722
1381 2 2 7 6 368 722 1112
1382 2 2 7 6 553 747 1711
1383 2 2 7 6 181 1711 747
1384 2 2 7 6 264 675 1261
1385 2 2 7 6 353 992 1067
1386 2 2 7 6 489 1067 992
1387 2 2 7 6 271 1429 678
1388 2 2 7 6 747 1257 1088
1389 2 2 7 6 269 677 1431
1390 2 2 7 6 189 1336 796
1391 2 2 7 6 187 1335 795
1392 2 2 7 6 186 1334 794
1393 2 2 7 6 262 705 1320
1394 2 2 7 6 263 704 1321
1395 2 2 7 6 265 706 1322
1396 2 2 7 6 257 1482 679
1397 2 2 7 6 154 780 1026
1398 2 2 7 6 685 891 1646
1399 2 2 7 6 225 685 1187
1400 2 2 7 6 358 1187 685
1401 2 2 7 6 556 1030 717
1402 2 2 7 6 149 717 1030
1403 2 2 7 6 327 1672 1550
1404 2 2 7 6 415 755 930
1405 2 2 7 6 487 1467 710
1406 2 2 7 6 190 798 1343
1407 2 2 7 6 192 799 1344
1408 2 2 7 6 191 797 1342
1409 2 2 7 6 175 804 1548
1410 2 2 7 6 174 802 1545
1411 2 2 7 6 176 801 1546
1412 2 2 7 6 177 803 1547
1413 2 2 7 6 765 1653 831
1414 2 2 7 6 619 1125 1357
1415 2 2 7 6 581 677 1750
1416 2 2 7 6 348 1000 733
1417 2 2 7 6 133 993 723
1418 2 2 7 6 164 1041 1206
1419 2 2 7 6 163 1040 1207
1420 2 2 7 6 166 1042 1209
1421 2 2 7 6 534 1207 1040
1422 2 2 7 6 535 1206 1041
1423 2 2 7 6 537 1209 1042
1424 2 2 7 6 199 1027 811
1425 2 2 7 6 356 680 1324
1426 2 2 7 6 342 1189 916
1427 2 2 7 6 284 1276 798
1428 2 2 7 6 200 1028 810
1429 2 2 7 6 145 679 1260
1430 2 2 7 6 365 712 1709
1431 2 2 7 6 282 760 1280
1432 2 2 7 6 308 854 1323
1433 2 2 7 6 447 920 884
1434 2 2 7 6 413 789 922
1435 2 2 7 6 766 857 1707
1436 2 2 7 6 131 1544 694
1437 2 2 7 6 564 1537 1089
1438 2 2 7 6 563 1536 1090
1439 2 2 7 6 565 1538 1091
1440 2 2 7 6 319 945 769
1441 2 2 7 6 318 947 767
1442 2 2 7 6 321 946 770
1443 2 2 7 6 320 948 768
1444 2 2 7 6 557 1147 732
1445 2 2 7 6 285 1281 761
1446 2 2 7 6 322 771 934
1447 2 2 7 6 323 773 932
1448 2 2 7 6 325 774 933
1449 2 2 7 6 324 772 935
1450 2 2 7 6 140 877 1270
1451 2 2 7 6 566 1543 1092
1452 2 2 7 6 243 1133 1624
1453 2 2 7 6 242 1134 1625
1454 2 2 7 6 244 1132 1626
1455 2 2 7 6 918 1454 1217
1456 2 2 7 6 545 1243 1443
1457 2 2 7 6 388 729 1002
1458 2 2 7 6 303 909 1184
1459 2 2 7 6 389 1005 730
1460 2 2 7 6 225 1188 685
1461 2 2 7 6 552 1791 746
1462 2 2 7 6 469 1121 900
1463 2 2 7 6 258 1383 682
1464 2 2 7 6 260 1382 683
1465 2 2 7 6 261 1384 684
1466 2 2 7 6 136 721 1602
1467 2 2 7 6 282 1280 781
1468 2 2 7 6 470 899 1120
1469 2 2 7 6 780 1142 1623
1470 2 2 7 6 145 1260 687
1471 2 2 7 6 394 687 1260
1472 2 2 7 6 285 783 1281
1473 2 2 7 6 1065 1149 1745
1474 2 2 7 6 303 1184 1167
1475 2 2 7 6 562 1167 1184
1476 2 2 7 6 520 1578 1001
1477 2 2 7 6 210 712 1140
1478 2 2 7 6 365 1140 712
1479 2 2 7 6 349 966 1229
1480 2 2 7 6 137 1599 720
1481 2 2 7 6 390 981 940
1482 2 2 7 6 480 1151 693
1483 2 2 7 6 283 1289 799
1484 2 2 7 6 923 1308 1617
1485 2 2 7 6 372 1154 728
1486 2 2 7 6 373 1155 727
1487 2 2 7 6 371 1153 725
1488 2 2 7 6 370 1152 726
1489 2 2 7 6 498 1007 885
1490 2 2 7 6 567 1592 968
1491 2 2 7 6 568 1593 969
1492 2 2 7 6 569 1594 970
1493 2 2 7 6 183 1323 854
1494 2 2 7 6 205 902 1417
1495 2 2 7 6 349 1218 701
1496 2 2 7 6 526 1437 1186
1497 2 2 7 6 114 997 834
1498 2 2 7 6 83 995 836
1499 2 2 7 6 21 998 833
1500 2 2 7 6 52 996 835
1501 2 2 7 6 206 821 1310
1502 2 2 7 6 441 1186 1212
1503 2 2 7 6 209 710 1467
1504 2 2 7 6 399 746 1009
1505 2 2 7 6 510 1420 1549
1506 2 2 7 6 138 1111 703
1507 2 2 7 6 1530 486 1175
1508 2 2 7 6 710 1530 1175
1509 2 2 7 6 480 1402 1576
1510 2 2 7 6 18 1798 1036
1511 2 2 7 6 111 1799 1038
1512 2 2 7 6 49 1800 1037
1513 2 2 7 6 80 1801 1039
1514 2 2 7 6 868 1792 1240
1515 2 2 7 6 394 903 1013
1516 2 2 7 6 418 1013 903
1517 2 2 7 6 135 1087 1326
1518 2 2 7 6 390 787 981
1519 2 2 7 6 497 874 1440
1520 2 2 7 6 495 873 1439
1521 2 2 7 6 494 872 1438
1522 2 2 7 6 285 794 1290
1523 2 2 7 6 176 1591 801
1524 2 2 7 6 177 1590 803
1525 2 2 7 6 174 1589 802
1526 2 2 7 6 175 1588 804
1527 2 2 7 6 482 1182 691
1528 2 2 7 6 561 1166 1532
1529 2 2 7 6 562 1533 1167
1530 2 2 7 6 310 1675 1238
1531 2 2 7 6 311 1676 1237
1532 2 2 7 6 312 1677 1236
1533 2 2 7 6 385 697 1163
1534 2 2 7 6 384 698 1162
1535 2 2 7 6 386 699 1165
1536 2 2 7 6 387 700 1164
1537 2 2 7 6 487 710 1503
1538 2 2 7 6 347 1035 957
1539 2 2 7 6 360 1071 1172
1540 2 2 7 6 275 1035 1746
1541 2 2 7 6 616 1204 1693
1542 2 2 7 6 617 1694 1205
1543 2 2 7 6 595 1440 874
1544 2 2 7 6 594 1439 873
1545 2 2 7 6 593 1438 872
1546 2 2 7 6 559 907 1299
1547 2 2 7 6 577 1050 1396
1548 2 2 7 6 282 1291 797
1549 2 2 7 6 515 1183 1523
1550 2 2 7 6 230 1396 1050
1551 2 2 7 6 703 1746 1035
1552 2 2 7 6 492 963 1149
1553 2 2 7 6 221 1149 963
1554 2 2 7 6 671 1669 1261
1555 2 2 7 6 492 1158 1026
1556 2 2 7 6 659 838 1693
1557 2 2 7 6 660 1694 839
1558 2 2 7 6 146 748 1020
1559 2 2 7 6 147 749 1021
1560 2 2 7 6 148 750 1022
1561 2 2 7 6 496 868 1240
1562 2 2 7 6 668 1259 1666
1563 2 2 7 6 131 1061 909
1564 2 2 7 6 446 909 1061
1565 2 2 7 6 741 1514 1246
1566 2 2 7 6 1514 286 1246
1567 2 2 7 6 134 800 999
1568 2 2 7 6 515 999 800
1569 2 2 7 6 198 1045 809
1570 2 2 7 6 603 1330 1335
1571 2 2 7 6 602 1329 1334
1572 2 2 7 6 604 1331 1336
1573 2 2 7 6 362 695 1307
1574 2 2 7 6 287 689 1412
1575 2 2 7 6 286 688 1411
1576 2 2 7 6 285 690 1410
1577 2 2 7 6 278 1393 1127
1578 2 2 7 6 642 1127 1393
1579 2 2 7 6 399 1345 1066
1580 2 2 7 6 441 1212 1004
1581 2 2 7 6 160 1366 690
1582 2 2 7 6 159 1367 688
1583 2 2 7 6 162 1368 689
1584 2 2 7 6 188 956 1466
1585 2 2 7 6 366 1764 1103
1586 2 2 7 6 20 833 1285
1587 2 2 7 6 113 834 1286
1588 2 2 7 6 82 836 1288
1589 2 2 7 6 51 835 1287
1590 2 2 7 6 154 1158 820
1591 2 2 7 6 416 820 1158
1592 2 2 7 6 478 901 1365
1593 2 2 7 6 469 900 1148
1594 2 2 7 6 389 1148 900
1595 2 2 7 6 408 890 1077
1596 2 2 7 6 558 1552 1122
1597 2 2 7 6 440 1006 1211
1598 2 2 7 6 284 1399 691
1599 2 2 7 6 282 1398 692
1600 2 2 7 6 283 1397 693
1601 2 2 7 6 612 1532 1534
1602 2 2 7 6 367 1104 1765
1603 2 2 7 6 386 1219 699
1604 2 2 7 6 163 691 1616
1605 2 2 7 6 164 692 1615
1606 2 2 7 6 166 693 1614
1607 2 2 7 6 613 1535 1533
1608 2 2 7 6 490 1170 979
1609 2 2 7 6 611 1119 731
1610 2 2 7 6 161 1587 1380
1611 2 2 7 6 435 704 1374
1612 2 2 7 6 434 705 1373
1613 2 2 7 6 436 706 1375
1614 2 2 7 6 525 971 1464
1615 2 2 7 6 453 967 1031
1616 2 2 7 6 359 1031 967
1617 2 2 7 6 454 1033 965
1618 2 2 7 6 363 965 1033
1619 2 2 7 6 172 1117 732
1620 2 2 7 6 386 1165 852
1621 2 2 7 6 384 1162 850
1622 2 2 7 6 387 1164 853
1623 2 2 7 6 385 1163 851
1624 2 2 7 6 458 1258 857
1625 2 2 7 6 205 701 1218
1626 2 2 7 6 241 1400 1361
1627 2 2 7 6 457 1528 1156
1628 2 2 7 6 390 1271 733
1629 2 2 7 6 137 1307 695
1630 2 2 7 6 431 1382 707
1631 2 2 7 6 432 1383 708
1632 2 2 7 6 433 1384 709
1633 2 2 7 6 485 1509 1391
1634 2 2 7 6 358 702 1187
1635 2 2 7 6 141 757 1337
1636 2 2 7 6 455 1337 757
1637 2 2 7 6 516 1562 1571
1638 2 2 7 6 341 1026 780
1639 2 2 7 6 683 1366 1644
1640 2 2 7 6 682 1367 1642
1641 2 2 7 6 684 1368 1643
1642 2 2 7 6 326 1645 701
1643 2 2 7 6 223 1032 1432
1644 2 2 7 6 136 1010 812
1645 2 2 7 6 349 863 1030
1646 2 2 7 6 18 1036 17
1647 2 2 7 6 111 1038 110
1648 2 2 7 6 49 1037 48
1649 2 2 7 6 80 1039 79
1650 2 2 7 6 315 1586 791
1651 2 2 7 6 24 25 1165
1652 2 2 7 6 55 56 1162
1653 2 2 7 6 86 87 1163
1654 2 2 7 6 117 118 1164
1655 2 2 7 6 514 823 1266
1656 2 2 7 6 270 1266 823
1657 2 2 7 6 342 1303 1189
1658 2 2 7 6 423 1138 1263
1659 2 2 7 6 422 1137 1262
1660 2 2 7 6 424 1139 1264
1661 2 2 7 6 199 788 1027
1662 2 2 7 6 1071 1600 1172
1663 2 2 7 6 215 1558 1068
1664 2 2 7 6 200 790 1028
1665 2 2 7 6 452 731 1119
1666 2 2 7 6 621 1074 1434
1667 2 2 7 6 234 1434 1074
1668 2 2 7 6 622 1075 1435
1669 2 2 7 6 232 1435 1075
1670 2 2 7 6 809 1198 1774
1671 2 2 7 6 807 1773 1202
1672 2 2 7 6 267 1503 710
1673 2 2 7 6 312 1236 1772
1674 2 2 7 6 533 1326 1087
1675 2 2 7 6 522 832 1380
1676 2 2 7 6 181 884 920
1677 2 2 7 6 538 824 1137
1678 2 2 7 6 539 825 1138
1679 2 2 7 6 540 826 1139
1680 2 2 7 6 552 1563 1653
1681 2 2 7 6 1774 1198 379
1682 2 2 7 6 343 833 998
1683 2 2 7 6 346 834 997
1684 2 2 7 6 345 835 996
1685 2 2 7 6 344 836 995
1686 2 2 7 6 1773 376 1202
1687 2 2 7 6 554 857 1604
1688 2 2 7 6 235 1604 857
1689 2 2 7 6 213 1070 1523
1690 2 2 7 6 175 1548 1779
1691 2 2 7 6 174 1545 1778
1692 2 2 7 6 176 1546 1776
1693 2 2 7 6 177 1547 1777
1694 2 2 7 6 397 1450 1771
1695 2 2 7 6 328 871 931
1696 2 2 7 6 399 1009 1345
1697 2 2 7 6 176 1776 744
1698 2 2 7 6 173 1577 711
1699 2 2 7 6 612 841 1532
1700 2 2 7 6 613 1533 842
1701 2 2 7 6 435 1472 704
1702 2 2 7 6 434 1473 705
1703 2 2 7 6 436 1474 706
1704 2 2 7 6 186 1475 707
1705 2 2 7 6 187 1476 708
1706 2 2 7 6 189 1477 709
1707 2 2 7 6 595 1017 1576
1708 2 2 7 6 468 1270 877
1709 2 2 7 6 315 814 1586
1710 2 2 7 6 552 765 1791
1711 2 2 7 6 288 1791 765
1712 2 2 7 6 406 1321 704
1713 2 2 7 6 404 1320 705
1714 2 2 7 6 407 1322 706
1715 2 2 7 6 403 707 1319
1716 2 2 7 6 402 708 1318
1717 2 2 7 6 401 709 1317
1718 2 2 7 6 212 758 1603
1719 2 2 7 6 497 1341 874
1720 2 2 7 6 495 1339 873
1721 2 2 7 6 494 1338 872
1722 2 2 7 6 264 1261 1669
1723 2 2 7 6 308 787 1055
1724 2 2 7 6 655 1036 1798
1725 2 2 7 6 656 1038 1799
1726 2 2 7 6 657 1037 1800
1727 2 2 7 6 658 1039 1801
1728 2 2 7 6 289 1327 724
1729 2 2 7 6 421 724 1327
1730 2 2 7 6 396 1770 1488
1731 2 2 7 6 393 719 1247
1732 2 2 7 6 297 744 1426
1733 2 2 7 6 629 1527 1726
1734 2 2 7 6 191 704 1472
1735 2 2 7 6 190 705 1473
1736 2 2 7 6 192 706 1474
1737 2 2 7 6 259 1666 1259
1738 2 2 7 6 542 1736 739
1739 2 2 7 6 417 756 1272
1740 2 2 7 6 203 1272 756
1741 2 2 7 6 437 1101 1456
1742 2 2 7 6 396 1177 1770
1743 2 2 7 6 397 1771 1178
1744 2 2 7 6 308 1323 1161
1745 2 2 7 6 431 707 1475
1746 2 2 7 6 432 708 1476
1747 2 2 7 6 433 709 1477
1748 2 2 7 6 410 868 1340
1749 2 2 7 6 496 1340 868
1750 2 2 7 6 235 857 1258
1751 2 2 7 6 209 1530 710
1752 2 2 7 6 614 1758 1156
1753 2 2 7 6 1713 1311 1033
1754 2 2 7 6 411 873 1339
1755 2 2 7 6 412 872 1338
1756 2 2 7 6 409 874 1341
1757 2 2 7 6 614 1156 1528
1758 2 2 7 6 185 1789 731
1759 2 2 7 6 211 1713 1033
1760 2 2 7 6 140 1224 779
1761 2 2 7 6 393 854 1055
1762 2 2 7 6 308 1055 854
1763 2 2 7 6 130 1060 905
1764 2 2 7 6 466 905 1060
1765 2 2 7 6 465 1294 824
1766 2 2 7 6 464 1295 825
1767 2 2 7 6 463 1293 826
1768 2 2 7 6 254 824 1294
1769 2 2 7 6 253 825 1295
1770 2 2 7 6 252 826 1293
1771 2 2 7 6 267 1365 1503
1772 2 2 7 6 400 1688 844
1773 2 2 7 6 401 1689 847
1774 2 2 7 6 402 1690 845
1775 2 2 7 6 403 1691 846
1776 2 2 7 6 448 1285 833
1777 2 2 7 6 449 1286 834
1778 2 2 7 6 450 1287 835
1779 2 2 7 6 451 1288 836
1780 2 2 7 6 426 1334 1329
1781 2 2 7 6 425 1335 1330
1782 2 2 7 6 427 1336 1331
1783 2 2 7 6 448 833 1257
1784 2 2 7 6 343 1257 833
1785 2 2 7 6 371 725 1759
1786 2 2 7 6 372 728 1762
1787 2 2 7 6 370 726 1761
1788 2 2 7 6 373 727 1760
1789 2 2 7 6 391 921 940
1790 2 2 7 6 76 986 75
1791 2 2 7 6 45 985 44
1792 2 2 7 6 107 984 106
1793 2 2 7 6 14 983 13
1794 2 2 7 6 227 1250 1641
1795 2 2 7 6 228 1249 1640
1796 2 2 7 6 229 1252 1639
1797 2 2 7 6 84 995 83
1798 2 2 7 6 53 996 52
1799 2 2 7 6 115 997 114
1800 2 2 7 6 22 998 21
1801 2 2 7 6 194 806 1081
1802 2 2 7 6 195 807 1083
1803 2 2 7 6 197 808 1082
1804 2 2 7 6 294 1513 968
1805 2 2 7 6 295 1511 969
1806 2 2 7 6 296 1512 970
1807 2 2 7 6 198 816 1045
1808 2 2 7 6 437 1456 1299
1809 2 2 7 6 744 1769 1426
1810 2 2 7 6 649 1575 993
1811 2 2 7 6 493 1194 962
1812 2 2 7 6 392 962 1194
1813 2 2 7 6 404 850 1701
1814 2 2 7 6 405 852 1702
1815 2 2 7 6 407 853 1704
1816 2 2 7 6 406 851 1703
1817 2 2 7 6 686 813 1735
1818 2 2 7 6 627 892 1140
1819 2 2 7 6 193 908 961
1820 2 2 7 6 386 961 908
1821 2 2 7 6 183 766 1123
1822 2 2 7 6 495 714 1732
1823 2 2 7 6 494 713 1733
1824 2 2 7 6 497 716 1731
1825 2 2 7 6 496 715 1734
1826 2 2 7 6 359 1313 1031
1827 2 2 7 6 297 777 1192
1828 2 2 7 6 395 1192 777
1829 2 2 7 6 160 1644 1366
1830 2 2 7 6 159 1642 1367
1831 2 2 7 6 162 1643 1368
1832 2 2 7 6 306 1663 766
1833 2 2 7 6 369 723 1302
1834 2 2 7 6 388 1673 729
1835 2 2 7 6 862 1169 1572
1836 2 2 7 6 271 1694 1619
1837 2 2 7 6 475 1426 1769
1838 2 2 7 6 269 1620 1693
1839 2 2 7 6 247 1089 1537
1840 2 2 7 6 245 1090 1536
1841 2 2 7 6 248 1091 1538
1842 2 2 7 6 446 1184 909
1843 2 2 7 6 231 874 1107
1844 2 2 7 6 409 1107 874
1845 2 2 7 6 490 1282 1490
1846 2 2 7 6 246 1092 1543
1847 2 2 7 6 417 1239 864
1848 2 2 7 6 213 740 1743
1849 2 2 7 6 506 1136 822
1850 2 2 7 6 297 1150 777
1851 2 2 7 6 149 1516 717
1852 2 2 7 6 389 730 1519
1853 2 2 7 6 390 733 1719
1854 2 2 7 6 644 815 1300
1855 2 2 7 6 420 786 1357
1856 2 2 7 6 511 1369 1193
1857 2 2 7 6 468 877 1248
1858 2 2 7 6 292 1248 877
1859 2 2 7 6 390 940 921
1860 2 2 7 6 270 987 1424
1861 2 2 7 6 543 1424 987
1862 2 2 7 6 180 942 1540
1863 2 2 7 6 179 941 1539
1864 2 2 7 6 178 943 1541
1865 2 2 7 6 442 721 1517
1866 2 2 7 6 133 848 1141
1867 2 2 7 6 206 1310 1012
1868 2 2 7 6 525 1464 1185
1869 2 2 7 6 526 1186 1460
1870 2 2 7 6 419 717 1516
1871 2 2 7 6 183 1123 1323
1872 2 2 7 6 650 1003 1571
1873 2 2 7 6 541 1492 1230
1874 2 2 7 6 167 729 1298
1875 2 2 7 6 353 1419 738
1876 2 2 7 6 168 1301 730
1877 2 2 7 6 212 1284 1008
1878 2 2 7 6 606 1361 1400
1879 2 2 7 6 461 754 1191
1880 2 2 7 6 524 1214 1096
1881 2 2 7 6 523 1215 1097
1882 2 2 7 6 521 1213 1098
1883 2 2 7 6 412 1096 1214
1884 2 2 7 6 411 1097 1215
1885 2 2 7 6 410 1098 1213
1886 2 2 7 6 317 1464 971
1887 2 2 7 6 546 1696 1490
1888 2 2 7 6 147 1332 749
1889 2 2 7 6 289 724 1328
1890 2 2 7 6 476 879 1084
1891 2 2 7 6 149 1030 863
1892 2 2 7 6 477 1085 880
1893 2 2 7 6 440 1421 720
1894 2 2 7 6 137 720 1421
1895 2 2 7 6 144 753 1333
1896 2 2 7 6 468 1248 737
1897 2 2 7 6 136 1517 721
1898 2 2 7 6 148 1394 750
1899 2 2 7 6 146 1449 748
1900 2 2 7 6 143 752 1395
1901 2 2 7 6 142 751 1451
1902 2 2 7 6 288 765 1296
1903 2 2 7 6 438 722 1370
1904 2 2 7 6 386 908 1219
1905 2 2 7 6 233 1116 1792
1906 2 2 7 6 490 1490 1023
1907 2 2 7 6 422 1262 734
1908 2 2 7 6 423 1263 735
1909 2 2 7 6 424 1264 736
1910 2 2 7 6 712 950 1709
1911 2 2 7 6 240 885 1007
1912 2 2 7 6 446 790 1347
1913 2 2 7 6 200 1347 790
1914 2 2 7 6 329 748 1657
1915 2 2 7 6 330 749 1658
1916 2 2 7 6 331 750 1659
1917 2 2 7 6 621 1452 1074
1918 2 2 7 6 356 951 1265
1919 2 2 7 6 357 1266 952
1920 2 2 7 6 512 1269 862
1921 2 2 7 6 354 993 1739
1922 2 2 7 6 484 1172 1390
1923 2 2 7 6 620 1390 1172
1924 2 2 7 6 215 762 1210
1925 2 2 7 6 143 741 1430
1926 2 2 7 6 140 840 1224
1927 2 2 7 6 141 1574 757
1928 2 2 7 6 226 1484 1024
1929 2 2 7 6 573 1024 1484
1930 2 2 7 6 417 1272 1484
1931 2 2 7 6 443 1046 994
1932 2 2 7 6 8 9 988
1933 2 2 7 6 39 40 989
1934 2 2 7 6 101 102 990
1935 2 2 7 6 70 71 991
1936 2 2 7 6 161 1195 1587
1937 2 2 7 6 167 1298 817
1938 2 2 7 6 439 817 1298
1939 2 2 7 6 414 739 1662
1940 2 2 7 6 448 1257 747
1941 2 2 7 6 168 818 1301
1942 2 2 7 6 441 1301 818
1943 2 2 7 6 555 1240 1792
1944 2 2 7 6 310 788 1174
1945 2 2 7 6 311 790 1173
1946 2 2 7 6 364 1017 1552
1947 2 2 7 6 398 1183 910
1948 2 2 7 6 993 1441 1739
1949 2 2 7 6 399 1524 746
1950 2 2 7 6 308 1161 793
1951 2 2 7 6 194 1081 866
1952 2 2 7 6 195 1083 867
1953 2 2 7 6 197 1082 865
1954 2 2 7 6 314 849 1235
1955 2 2 7 6 297 820 1150
1956 2 2 7 6 362 1019 1612
1957 2 2 7 6 363 1018 1611
1958 2 2 7 6 86 1556 85
1959 2 2 7 6 55 1555 54
1960 2 2 7 6 117 1557 116
1961 2 2 7 6 24 1554 23
1962 2 2 7 6 545 1305 859
1963 2 2 7 6 301 1494 964
1964 2 2 7 6 544 858 1306
1965 2 2 7 6 398 910 1117
1966 2 2 7 6 178 1685 734
1967 2 2 7 6 180 1686 735
1968 2 2 7 6 179 1687 736
1969 2 2 7 6 216 763 1244
1970 2 2 7 6 413 867 1157
1971 2 2 7 6 312 1157 867
1972 2 2 7 6 388 776 1673
1973 2 2 7 6 73 1154 827
1974 2 2 7 6 42 1152 828
1975 2 2 7 6 104 1155 829
1976 2 2 7 6 11 1153 830
1977 2 2 7 6 287 1268 759
1978 2 2 7 6 422 734 1598
1979 2 2 7 6 423 735 1597
1980 2 2 7 6 424 736 1596
1981 2 2 7 6 201 1186 1437
1982 2 2 7 6 298 886 1598
1983 2 2 7 6 299 887 1597
1984 2 2 7 6 300 888 1596
1985 2 2 7 6 136 1602 965
1986 2 2 7 6 207 1486 737
1987 2 2 7 6 468 737 1486
1988 2 2 7 6 230 893 1253
1989 2 2 7 6 471 1253 893
1990 2 2 7 6 641 875 1392
1991 2 2 7 6 642 1393 876
1992 2 2 7 6 390 1719 787
1993 2 2 7 6 517 1758 1505
1994 2 2 7 6 214 1086 870
1995 2 2 7 6 211 878 1095
1996 2 2 7 6 437 907 1111
1997 2 2 7 6 170 746 1524
1998 2 2 7 6 348 1256 1007
1999 2 2 7 6 900 1121 1534
2000 2 2 7 6 134 999 1458
2001 2 2 7 6 284 764 1276
2002 2 2 7 6 209 1467 765
2003 2 2 7 6 350 779 1224
2004 2 2 7 6 598 1245 1765
2005 2 2 7 6 354 843 1418
2006 2 2 7 6 204 793 1371
2007 2 2 7 6 456 1371 793
2008 2 2 7 6 297 1618 744
2009 2 2 7 6 606 1400 988
2010 2 2 7 6 597 1764 1254
2011 2 2 7 6 359 1452 1313
2012 2 2 7 6 377 811 1199
2013 2 2 7 6 378 810 1200
2014 2 2 7 6 374 1203 808
2015 2 2 7 6 375 1201 806
2016 2 2 7 6 214 761 1748
2017 2 2 7 6 371 1759 801
2018 2 2 7 6 372 1762 804
2019 2 2 7 6 370 1761 802
2020 2 2 7 6 373 1760 803
2021 2 2 7 6 416 1150 820
2022 2 2 7 6 312 816 1157
2023 2 2 7 6 280 1080 1211
2024 2 2 7 6 144 759 1409
2025 2 2 7 6 306 1707 892
2026 2 2 7 6 448 747 1356
2027 2 2 7 6 137 967 1599
2028 2 2 7 6 899 1535 1120
2029 2 2 7 6 254 1137 824
2030 2 2 7 6 253 1138 825
2031 2 2 7 6 252 1139 826
2032 2 2 7 6 195 1773 807
2033 2 2 7 6 198 809 1774
2034 2 2 7 6 364 1552 1458
2035 2 2 7 6 140 779 1723
2036 2 2 7 6 553 1740 747
2037 2 2 7 6 266 1125 1483
2038 2 2 7 6 619 1483 1125
2039 2 2 7 6 805 1296 1721
2040 2 2 7 6 1721 1296 487
2041 2 2 7 6 646 1550 1672
2042 2 2 7 6 197 1660 808
2043 2 2 7 6 200 810 1661
2044 2 2 7 6 288 1296 805
2045 2 2 7 6 414 866 1173
2046 2 2 7 6 311 1173 866
2047 2 2 7 6 283 775 1289
2048 2 2 7 6 415 865 1174
2049 2 2 7 6 310 1174 865
2050 2 2 7 6 560 1728 882
2051 2 2 7 6 273 882 1728
2052 2 2 7 6 203 756 1700
2053 2 2 7 6 372 827 1154
2054 2 2 7 6 370 828 1152
2055 2 2 7 6 373 829 1155
2056 2 2 7 6 371 830 1153
2057 2 2 7 6 617 1436 1197
2058 2 2 7 6 600 1275 976
2059 2 2 7 6 601 1274 978
2060 2 2 7 6 599 1273 977
2061 2 2 7 6 462 893 1251
2062 2 2 7 6 230 1251 893
2063 2 2 7 6 476 781 1280
2064 2 2 7 6 208 754 1471
2065 2 2 7 6 461 1471 754
2066 2 2 7 6 457 1179 1051
2067 2 2 7 6 291 1381 756
2068 2 2 7 6 173 1763 791
2069 2 2 7 6 140 1723 877
2070 2 2 7 6 477 1281 783
2071 2 2 7 6 367 870 1086
2072 2 2 7 6 416 1158 1065
2073 2 2 7 6 492 1065 1158
2074 2 2 7 6 287 759 1493
2075 2 2 7 6 372 804 1588
2076 2 2 7 6 370 802 1589
2077 2 2 7 6 371 801 1591
2078 2 2 7 6 373 803 1590
2079 2 2 7 6 216 1148 924
2080 2 2 7 6 481 1713 760
2081 2 2 7 6 298 1198 809
2082 2 2 7 6 300 1199 811
2083 2 2 7 6 299 1200 810
2084 2 2 7 6 282 781 1291
2085 2 2 7 6 150 787 1719
2086 2 2 7 6 294 807 1202
2087 2 2 7 6 295 806 1201
2088 2 2 7 6 296 808 1203
2089 2 2 7 6 285 1290 783
2090 2 2 7 6 457 1485 1230
2091 2 2 7 6 286 1514 762
2092 2 2 7 6 776 1008 1708
2093 2 2 7 6 287 1493 763
2094 2 2 7 6 366 1095 878
2095 2 2 7 6 491 856 1448
2096 2 2 7 6 222 1448 856
2097 2 2 7 6 641 1790 1128
2098 2 2 7 6 447 1297 920
2099 2 2 7 6 491 1141 856
2100 2 2 7 6 341 780 1623
2101 2 2 7 6 147 1498 764
2102 2 2 7 6 312 1772 816
2103 2 2 7 6 461 1191 1574
2104 2 2 7 6 305 905 1436
2105 2 2 7 6 133 1141 1196
2106 2 2 7 6 185 849 1789
2107 2 2 7 6 210 1521 992
2108 2 2 7 6 723 1575 1302
2109 2 2 7 6 274 1302 1575
2110 2 2 7 6 195 838 1773
2111 2 2 7 6 198 1774 839
2112 2 2 7 6 341 963 1026
2113 2 2 7 6 130 905 1730
2114 2 2 7 6 592 1730 905
2115 2 2 7 6 626 1510 1002
2116 2 2 7 6 189 1354 1336
2117 2 2 7 6 187 1353 1335
2118 2 2 7 6 186 1352 1334
2119 2 2 7 6 491 885 1369
2120 2 2 7 6 240 1369 885
2121 2 2 7 6 492 1026 963
2122 2 2 7 6 279 800 1697
2123 2 2 7 6 184 861 1646
2124 2 2 7 6 381 988 1400
2125 2 2 7 6 648 1559 1032
2126 2 2 7 6 625 1005 1508
2127 2 2 7 6 188 1159 1013
2128 2 2 7 6 638 1088 1092
2129 2 2 7 6 343 1092 1088
2130 2 2 7 6 286 1411 795
2131 2 2 7 6 287 1412 796
2132 2 2 7 6 285 1410 794
2133 2 2 7 6 148 1515 775
2134 2 2 7 6 400 1225 1688
2135 2 2 7 6 402 1227 1690
2136 2 2 7 6 401 1226 1689
2137 2 2 7 6 403 1228 1691
2138 2 2 7 6 419 1516 784
2139 2 2 7 6 142 783 1364
2140 2 2 7 6 438 1370 869
2141 2 2 7 6 277 949 1044
2142 2 2 7 6 399 1044 949
2143 2 2 7 6 284 798 1399
2144 2 2 7 6 282 797 1398
2145 2 2 7 6 283 799 1397
2146 2 2 7 6 505 957 1035
2147 2 2 7 6 573 1303 1024
2148 2 2 7 6 148 775 1459
2149 2 2 7 6 488 1491 917
2150 2 2 7 6 457 1230 1179
2151 2 2 7 6 197 841 1660
2152 2 2 7 6 200 1661 842
2153 2 2 7 6 182 871 1709
2154 2 2 7 6 393 1247 854
2155 2 2 7 6 554 892 1707
2156 2 2 7 6 146 1525 781
2157 2 2 7 6 184 860 1453
2158 2 2 7 6 196 777 1756
2159 2 2 7 6 156 914 1194
2160 2 2 7 6 190 1343 1350
2161 2 2 7 6 192 1344 1351
2162 2 2 7 6 191 1342 1349
2163 2 2 7 6 443 1179 1046
2164 2 2 7 6 366 1429 879
2165 2 2 7 6 184 1453 861
2166 2 2 7 6 367 880 1431
2167 2 2 7 6 288 1578 1009
2168 2 2 7 6 238 957 1362
2169 2 2 7 6 505 1362 957
2170 2 2 7 6 332 1549 784
2171 2 2 7 6 355 785 1742
2172 2 2 7 6 309 778 1492
2173 2 2 7 6 309 1489 779
2174 2 2 7 6 390 921 1271
2175 2 2 7 6 149 784 1516
2176 2 2 7 6 405 1702 1232
2177 2 2 7 6 404 1701 1231
2178 2 2 7 6 407 1704 1234
2179 2 2 7 6 406 1703 1233
2180 2 2 7 6 542 1392 875
2181 2 2 7 6 543 876 1393
2182 2 2 7 6 331 1274 1022
2183 2 2 7 6 329 1273 1020
2184 2 2 7 6 330 1275 1021
2185 2 2 7 6 581 1750 1180
2186 2 2 7 6 582 1181 1751
2187 2 2 7 6 398 1064 1183
2188 2 2 7 6 475 1253 1094
2189 2 2 7 6 573 1484 1272
2190 2 2 7 6 760 1713 1744
2191 2 2 7 6 661 1570 1371
2192 2 2 7 6 553 1623 1142
2193 2 2 7 6 208 1471 785
2194 2 2 7 6 461 785 1471
2195 2 2 7 6 212 1603 1284
2196 2 2 7 6 586 1706 933
2197 2 2 7 6 201 1741 1212
2198 2 2 7 6 138 1470 1111
2199 2 2 7 6 444 788 1427
2200 2 2 7 6 348 1076 1256
2201 2 2 7 6 507 1256 1076
2202 2 2 7 6 199 1427 788
2203 2 2 7 6 576 1547 1049
2204 2 2 7 6 575 1545 1048
2205 2 2 7 6 577 1546 1050
2206 2 2 7 6 574 1548 1047
2207 2 2 7 6 443 1135 1216
2208 2 2 7 6 478 1417 902
2209 2 2 7 6 241 904 1400
2210 2 2 7 6 325 933 1706
2211 2 2 7 6 184 1646 891
2212 2 2 7 6 393 994 1046
2213 2 2 7 6 223 1738 1032
2214 2 2 7 6 648 1032 1738
2215 2 2 7 6 508 1457 1419
2216 2 2 7 6 486 898 1348
2217 2 2 7 6 309 1348 898
2218 2 2 7 6 498 1216 1135
2219 2 2 7 6 129 815 1529
2220 2 2 7 6 247 1537 1129
2221 2 2 7 6 245 1536 1130
2222 2 2 7 6 248 1538 1131
2223 2 2 7 6 172 944 1117
2224 2 2 7 6 550 936 1251
2225 2 2 7 6 551 937 1252
2226 2 2 7 6 548 938 1249
2227 2 2 7 6 549 939 1250
2228 2 2 7 6 279 1714 800
2229 2 2 7 6 515 800 1714
2230 2 2 7 6 460 1044 1066
2231 2 2 7 6 459 1064 1043
2232 2 2 7 6 678 1103 1749
2233 2 2 7 6 171 1749 1103
2234 2 2 7 6 255 1534 1532
2235 2 2 7 6 256 1533 1535
2236 2 2 7 6 604 1336 1354
2237 2 2 7 6 603 1335 1353
2238 2 2 7 6 602 1334 1352
2239 2 2 7 6 328 1300 819
2240 2 2 7 6 917 1491 1531
2241 2 2 7 6 199 876 1724
2242 2 2 7 6 543 1724 876
2243 2 2 7 6 207 792 1486
2244 2 2 7 6 468 1486 792
2245 2 2 7 6 339 1049 1547
2246 2 2 7 6 338 1048 1545
2247 2 2 7 6 340 1050 1546
2248 2 2 7 6 337 1047 1548
2249 2 2 7 6 167 817 1305
2250 2 2 7 6 316 980 1460
2251 2 2 7 6 526 1460 980
2252 2 2 7 6 168 1306 818
2253 2 2 7 6 435 1398 797
2254 2 2 7 6 436 1397 799
2255 2 2 7 6 434 1399 798
2256 2 2 7 6 131 909 1770
2257 2 2 7 6 580 1770 909
2258 2 2 7 6 458 840 1258
2259 2 2 7 6 431 1475 794
2260 2 2 7 6 432 1476 795
2261 2 2 7 6 433 1477 796
2262 2 2 7 6 210 1140 892
2263 2 2 7 6 191 1472 797
2264 2 2 7 6 190 1473 798
2265 2 2 7 6 192 1474 799
2266 2 2 7 6 204 1312 940
2267 2 2 7 6 431 794 1410
2268 2 2 7 6 432 795 1411
2269 2 2 7 6 433 796 1412
2270 2 2 7 6 150 1135 994
2271 2 2 7 6 443 994 1135
2272 2 2 7 6 631 1310 821
2273 2 2 7 6 263 1670 1057
2274 2 2 7 6 262 1668 1056
2275 2 2 7 6 265 1671 1059
2276 2 2 7 6 264 1669 1058
2277 2 2 7 6 388 1510 899
2278 2 2 7 6 389 900 1508
2279 2 2 7 6 183 854 1247
2280 2 2 7 6 630 1309 1608
2281 2 2 7 6 600 1350 1343
2282 2 2 7 6 601 1351 1344
2283 2 2 7 6 599 1349 1342
2284 2 2 7 6 391 1738 921
2285 2 2 7 6 315 1735 814
2286 2 2 7 6 662 1256 1506
2287 2 2 7 6 507 1506 1256
2288 2 2 7 6 1 5 1388
2289 2 2 7 6 4 98 1386
2290 2 2 7 6 2 36 1387
2291 2 2 7 6 3 67 1385
2292 2 2 7 6 453 1245 1599
2293 2 2 7 6 622 1509 1075
2294 2 2 7 6 232 1075 1611
2295 2 2 7 6 234 1074 1612
2296 2 2 7 6 151 1221 886
2297 2 2 7 6 152 1222 887
2298 2 2 7 6 153 1223 888
2299 2 2 7 6 423 887 1222
2300 2 2 7 6 422 886 1221
2301 2 2 7 6 424 888 1223
2302 2 2 7 6 374 808 1660
2303 2 2 7 6 378 1661 810
2304 2 2 7 6 211 1744 1713
2305 2 2 7 6 220 927 1683
2306 2 2 7 6 218 925 1681
2307 2 2 7 6 219 928 1684
2308 2 2 7 6 217 926 1682
2309 2 2 7 6 520 1558 1345
2310 2 2 7 6 618 1729 1577
2311 2 2 7 6 435 797 1472
2312 2 2 7 6 434 798 1473
2313 2 2 7 6 436 799 1474
2314 2 2 7 6 186 794 1475
2315 2 2 7 6 187 795 1476
2316 2 2 7 6 189 796 1477
2317 2 2 7 6 278 1127 1043
2318 2 2 7 6 459 1043 1127
2319 2 2 7 6 650 1562 1176
2320 2 2 7 6 161 1176 1562
2321 2 2 7 6 194 1736 875
2322 2 2 7 6 542 875 1736
2323 2 2 7 6 28 29 1378
2324 2 2 7 6 59 60 1376
2325 2 2 7 6 121 122 1379
2326 2 2 7 6 90 91 1377
2327 2 2 7 6 43 1152 42
2328 2 2 7 6 74 1154 73
2329 2 2 7 6 105 1155 104
2330 2 2 7 6 12 1153 11
2331 2 2 7 6 136 812 1517
2332 2 2 7 6 516 1107 1195
2333 2 2 7 6 730 1520 1519
2334 2 2 7 6 360 1001 1326
2335 2 2 7 6 288 805 1578
2336 2 2 7 6 134 1491 800
2337 2 2 7 6 586 1666 1706
2338 2 2 7 6 295 1593 806
2339 2 2 7 6 294 1592 807
2340 2 2 7 6 296 1594 808
2341 2 2 7 6 454 1602 1254
2342 2 2 7 6 374 1333 1652
2343 2 2 7 6 753 1652 1333
2344 2 2 7 6 275 907 1747
2345 2 2 7 6 559 1747 907
2346 2 2 7 6 378 1655 1332
2347 2 2 7 6 749 1332 1655
2348 2 2 7 6 237 1054 1488
2349 2 2 7 6 135 805 1721
2350 2 2 7 6 299 810 1496
2351 2 2 7 6 298 809 1497
2352 2 2 7 6 300 811 1495
2353 2 2 7 6 276 1726 1527
2354 2 2 7 6 335 1241 1727
2355 2 2 7 6 220 1099 1341
2356 2 2 7 6 219 1098 1340
2357 2 2 7 6 217 1096 1338
2358 2 2 7 6 218 1097 1339
2359 2 2 7 6 398 1117 944
2360 2 2 7 6 442 1517 812
2361 2 2 7 6 458 1695 840
2362 2 2 7 6 281 1519 1520
2363 2 2 7 6 491 1196 1141
2364 2 2 7 6 249 1101 1034
2365 2 2 7 6 437 1034 1101
2366 2 2 7 6 313 1457 813
2367 2 2 7 6 266 982 1125
2368 2 2 7 6 420 1125 982
2369 2 2 7 6 182 1709 950
2370 2 2 7 6 142 1364 1014
2371 2 2 7 6 240 1193 1369
2372 2 2 7 6 447 1220 1297
2373 2 2 7 6 347 1586 814
2374 2 2 7 6 629 1726 1267
2375 2 2 7 6 297 1426 820
2376 2 2 7 6 603 972 1330
2377 2 2 7 6 602 974 1329
2378 2 2 7 6 604 973 1331
2379 2 2 7 6 398 1043 1064
2380 2 2 7 6 607 827 1358
2381 2 2 7 6 605 828 1359
2382 2 2 7 6 608 829 1360
2383 2 2 7 6 606 830 1361
2384 2 2 7 6 592 1106 1730
2385 2 2 7 6 399 1066 1044
2386 2 2 7 6 1792 1428 233
2387 2 2 7 6 868 1428 1792
2388 2 2 7 6 204 1371 1570
2389 2 2 7 6 238 1720 1100
2390 2 2 7 6 157 1171 1710
2391 2 2 7 6 681 1710 1171
2392 2 2 7 6 317 817 1464
2393 2 2 7 6 316 1460 818
2394 2 2 7 6 360 1172 1068
2395 2 2 7 6 484 1068 1172
2396 2 2 7 6 615 1328 855
2397 2 2 7 6 209 831 1465
2398 2 2 7 6 144 1409 1016
2399 2 2 7 6 498 1135 1000
2400 2 2 7 6 569 1238 1675
2401 2 2 7 6 568 1237 1676
2402 2 2 7 6 567 1236 1677
2403 2 2 7 6 236 1450 1023
2404 2 2 7 6 500 862 1269
2405 2 2 7 6 389 924 1148
2406 2 2 7 6 193 1160 1420
2407 2 2 7 6 154 820 1610
2408 2 2 7 6 257 903 1482
2409 2 2 7 6 143 1430 1015
2410 2 2 7 6 291 821 1601
2411 2 2 7 6 206 1522 821
2412 2 2 7 6 522 1099 1447
2413 2 2 7 6 521 1098 1445
2414 2 2 7 6 523 1097 1446
2415 2 2 7 6 524 1096 1444
2416 2 2 7 6 385 958 1349
2417 2 2 7 6 384 959 1350
2418 2 2 7 6 387 960 1351
2419 2 2 7 6 360 1326 1071
2420 2 2 7 6 346 1463 834
2421 2 2 7 6 345 1462 835
2422 2 2 7 6 344 1461 836
2423 2 2 7 6 526 1102 1437
2424 2 2 7 6 508 1470 1457
2425 2 2 7 6 325 1706 832
2426 2 2 7 6 515 910 1183
2427 2 2 7 6 562 1184 1347
2428 2 2 7 6 382 1352 953
2429 2 2 7 6 380 1353 954
2430 2 2 7 6 383 1354 955
2431 2 2 7 6 335 1727 837
2432 2 2 7 6 541 1230 1485
2433 2 2 7 6 410 1428 868
2434 2 2 7 6 188 1504 956
2435 2 2 7 6 280 1708 1080
2436 2 2 7 6 643 1080 1708
2437 2 2 7 6 449 834 1463
2438 2 2 7 6 450 835 1462
2439 2 2 7 6 451 836 1461
2440 2 2 7 6 538 1641 824
2441 2 2 7 6 539 1640 825
2442 2 2 7 6 540 1639 826
2443 2 2 7 6 412 1434 872
2444 2 2 7 6 411 1435 873
2445 2 2 7 6 341 920 1297
2446 2 2 7 6 193 961 1507
2447 2 2 7 6 414 1662 866
2448 2 2 7 6 415 1605 865
2449 2 2 7 6 413 1595 867
2450 2 2 7 6 616 1693 838
2451 2 2 7 6 617 839 1694
2452 2 2 7 6 188 1466 1159
2453 2 2 7 6 517 1235 889
2454 2 2 7 6 369 1789 849
2455 2 2 7 6 587 1056 1668
2456 2 2 7 6 588 1057 1670
2457 2 2 7 6 589 1058 1669
2458 2 2 7 6 590 1059 1671
2459 2 2 7 6 226 1418 843
2460 2 2 7 6 216 1244 1148
2461 2 2 7 6 645 980 1404
2462 2 2 7 6 486 1710 1175
2463 2 2 7 6 1007 1256 1692
2464 2 2 7 6 392 1194 914
2465 2 2 7 6 226 843 1566
2466 2 2 7 6 145 916 1189
2467 2 2 7 6 758 1182 1603
2468 2 2 7 6 150 1000 1135
2469 2 2 7 6 389 1508 1005
2470 2 2 7 6 353 1067 1433
2471 2 2 7 6 151 968 1277
2472 2 2 7 6 152 969 1278
2473 2 2 7 6 153 970 1279
2474 2 2 7 6 472 1277 968
2475 2 2 7 6 474 1279 970
2476 2 2 7 6 473 1278 969
2477 2 2 7 6 388 1002 1510
2478 2 2 7 6 354 1739 843
2479 2 2 7 6 486 1346 1710
2480 2 2 7 6 460 1066 1210
2481 2 2 7 6 456 1529 1283
2482 2 2 7 6 224 1046 1179
2483 2 2 7 6 596 1100 1072
2484 2 2 7 6 352 1072 1100
2485 2 2 7 6 419 1160 982
2486 2 2 7 6 225 1118 1269
2487 2 2 7 6 500 1269 1118
2488 2 2 7 6 511 843 1739
2489 2 2 7 6 408 1663 890
2490 2 2 7 6 811 1027 1495
2491 2 2 7 6 566 998 1752
2492 2 2 7 6 565 997 1753
2493 2 2 7 6 563 996 1754
2494 2 2 7 6 564 995 1755
2495 2 2 7 6 766 1663 1123
2496 2 2 7 6 38 845 1690
2497 2 2 7 6 100 847 1689
2498 2 2 7 6 7 844 1688
2499 2 2 7 6 69 846 1691
2500 2 2 7 6 561 1532 841
2501 2 2 7 6 562 842 1533
2502 2 2 7 6 416 1126 1756
2503 2 2 7 6 57 1701 850
2504 2 2 7 6 88 1703 851
2505 2 2 7 6 26 1702 852
2506 2 2 7 6 119 1704 853
2507 2 2 7 6 208 979 1170
2508 2 2 7 6 810 1028 1496
2509 2 2 7 6 307 1422 902
2510 2 2 7 6 519 877 1723
2511 2 2 7 6 416 1756 1150
2512 2 2 7 6 908 1469 1219
2513 2 2 7 6 475 1396 1253
2514 2 2 7 6 440 881 1725
2515 2 2 7 6 356 1324 951
2516 2 2 7 6 533 1422 1116
2517 2 2 7 6 307 1116 1422
2518 2 2 7 6 357 952 1304
2519 2 2 7 6 389 1519 924
2520 2 2 7 6 375 1395 1650
2521 2 2 7 6 752 1650 1395
2522 2 2 7 6 394 1013 1159
2523 2 2 7 6 377 1656 1394
2524 2 2 7 6 750 1394 1656
2525 2 2 7 6 366 1103 1429
2526 2 2 7 6 223 1076 1271
2527 2 2 7 6 201 1212 1186
2528 2 2 7 6 367 1431 1104
2529 2 2 7 6 276 1425 869
2530 2 2 7 6 545 1568 1305
2531 2 2 7 6 343 1088 1257
2532 2 2 7 6 554 1707 857
2533 2 2 7 6 544 1306 1567
2534 2 2 7 6 279 1697 929
2535 2 2 7 6 291 917 1381
2536 2 2 7 6 479 1381 917
2537 2 2 7 6 368 1453 860
2538 2 2 7 6 368 860 1796
2539 2 2 7 6 156 1194 1325
2540 2 2 7 6 170 1324 1563
2541 2 2 7 6 680 1563 1324
2542 2 2 7 6 439 1006 1185
2543 2 2 7 6 202 1185 1006
2544 2 2 7 6 237 859 1631
2545 2 2 7 6 643 1708 1008
2546 2 2 7 6 203 1093 1617
2547 2 2 7 6 609 1617 1093
2548 2 2 7 6 316 858 1696
2549 2 2 7 6 207 1217 962
2550 2 2 7 6 511 1196 1369
2551 2 2 7 6 312 867 1677
2552 2 2 7 6 311 866 1676
2553 2 2 7 6 310 865 1675
2554 2 2 7 6 649 1638 1575
2555 2 2 7 6 336 1331 973
2556 2 2 7 6 334 1330 972
2557 2 2 7 6 333 1329 974
2558 2 2 7 6 512 862 1572
2559 2 2 7 6 135 1326 1001
2560 2 2 7 6 14 1481 983
2561 2 2 7 6 107 1480 984
2562 2 2 7 6 45 1479 985
2563 2 2 7 6 76 1478 986
2564 2 2 7 6 471 893 1705
2565 2 2 7 6 499 861 1781
2566 2 2 7 6 292 877 1722
2567 2 2 7 6 519 1722 877
2568 2 2 7 6 437 1299 907
2569 2 2 7 6 235 1124 1355
2570 2 2 7 6 215 1210 1066
2571 2 2 7 6 786 1609 1357
2572 2 2 7 6 391 940 1312
2573 2 2 7 6 416 1065 1638
2574 2 2 7 6 185 1229 966
2575 2 2 7 6 189 955 1354
2576 2 2 7 6 187 954 1353
2577 2 2 7 6 186 953 1352
2578 2 2 7 6 234 872 1434
2579 2 2 7 6 232 873 1435
2580 2 2 7 6 223 1271 921
2581 2 2 7 6 417 1484 975
2582 2 2 7 6 422 1598 886
2583 2 2 7 6 423 1597 887
2584 2 2 7 6 424 1596 888
2585 2 2 7 6 520 1009 1578
2586 2 2 7 6 462 1251 936
2587 2 2 7 6 464 1249 938
2588 2 2 7 6 463 1252 937
2589 2 2 7 6 465 1250 939
2590 2 2 7 6 816 1772 1045
2591 2 2 7 6 190 1350 959
2592 2 2 7 6 192 1351 960
2593 2 2 7 6 191 1349 958
2594 2 2 7 6 213 1183 1064
2595 2 2 7 6 417 975 1239
2596 2 2 7 6 443 1216 1051
2597 2 2 7 6 271 879 1429
2598 2 2 7 6 20 1285 19
2599 2 2 7 6 113 1286 112
2600 2 2 7 6 51 1287 50
2601 2 2 7 6 82 1288 81
2602 2 2 7 6 269 1431 880
2603 2 2 7 6 358 1646 861
2604 2 2 7 6 385 1349 1129
2605 2 2 7 6 384 1350 1130
2606 2 2 7 6 387 1351 1131
2607 2 2 7 6 723 993 1575
2608 2 2 7 6 246 1469 1029
2609 2 2 7 6 439 1211 1006
2610 2 2 7 6 332 1674 884
2611 2 2 7 6 442 1004 1212
2612 2 2 7 6 351 1012 1310
2613 2 2 7 6 413 922 1595
2614 2 2 7 6 268 1265 951
2615 2 2 7 6 270 952 1266
2616 2 2 7 6 516 1195 1562
2617 2 2 7 6 443 1051 1179
2618 2 2 7 6 466 1436 905
2619 2 2 7 6 333 1014 1329
2620 2 2 7 6 334 1015 1330
2621 2 2 7 6 336 1016 1331
2622 2 2 7 6 382 1132 1352
2623 2 2 7 6 380 1133 1353
2624 2 2 7 6 383 1134 1354
2625 2 2 7 6 490 1079 1282
2626 2 2 7 6 155 1282 1079
2627 2 2 7 6 209 1465 898
2628 2 2 7 6 195 867 1595
2629 2 2 7 6 194 866 1662
2630 2 2 7 6 197 865 1605
2631 2 2 7 6 740 1151 1743
2632 2 2 7 6 416 1638 1126
2633 2 2 7 6 571 1772 1236
2634 2 2 7 6 399 949 1524
2635 2 2 7 6 367 1765 870
2636 2 2 7 6 316 1404 980
2637 2 2 7 6 415 930 1605
2638 2 2 7 6 237 1468 1054
2639 2 2 7 6 489 1355 914
2640 2 2 7 6 78 79 1408
2641 2 2 7 6 109 110 1406
2642 2 2 7 6 47 48 1407
2643 2 2 7 6 16 17 1405
2644 2 2 7 6 366 878 1764
2645 2 2 7 6 329 977 1273
2646 2 2 7 6 330 976 1275
2647 2 2 7 6 331 978 1274
2648 2 2 7 6 365 1709 871
2649 2 2 7 6 491 1448 885
2650 2 2 7 6 472 1766 1795
2651 2 2 7 6 473 1767 1794
2652 2 2 7 6 474 1768 1793
2653 2 2 7 6 510 1029 1469
2654 2 2 7 6 215 1066 1345
2655 2 2 7 6 429 1020 1273
2656 2 2 7 6 430 1022 1274
2657 2 2 7 6 428 1021 1275
2658 2 2 7 6 522 1380 1587
2659 2 2 7 6 655 1292 1036
2660 2 2 7 6 657 1295 1037
2661 2 2 7 6 656 1293 1038
2662 2 2 7 6 658 1294 1039
2663 2 2 7 6 341 1297 963
2664 2 2 7 6 376 1451 1648
2665 2 2 7 6 751 1648 1451
2666 2 2 7 6 678 1749 1751
2667 2 2 7 6 379 1654 1449
2668 2 2 7 6 748 1449 1654
2669 2 2 7 6 472 1795 1314
2670 2 2 7 6 473 1794 1315
2671 2 2 7 6 474 1793 1316
2672 2 2 7 6 322 1444 894
2673 2 2 7 6 324 1445 896
2674 2 2 7 6 323 1446 895
2675 2 2 7 6 325 1447 897
2676 2 2 7 6 16 1405 936
2677 2 2 7 6 109 1406 937
2678 2 2 7 6 47 1407 938
2679 2 2 7 6 78 1408 939
2680 2 2 7 6 381 1400 904
2681 2 2 7 6 222 1051 1216
2682 2 2 7 6 220 1341 1731
2683 2 2 7 6 219 1340 1734
2684 2 2 7 6 217 1338 1733
2685 2 2 7 6 218 1339 1732
2686 2 2 7 6 251 1705 1292
2687 2 2 7 6 271 1619 879
2688 2 2 7 6 332 906 1674
2689 2 2 7 6 590 1628 948
2690 2 2 7 6 588 1627 947
2691 2 2 7 6 589 1630 946
2692 2 2 7 6 587 1629 945
2693 2 2 7 6 269 880 1620
2694 2 2 7 6 499 1526 1553
2695 2 2 7 6 515 1523 999
2696 2 2 7 6 364 999 1523
2697 2 2 7 6 462 936 1405
2698 2 2 7 6 463 937 1406
2699 2 2 7 6 464 938 1407
2700 2 2 7 6 465 939 1408
2701 2 2 7 6 560 882 1741
2702 2 2 7 6 353 1052 1419
2703 2 2 7 6 438 1053 1437
2704 2 2 7 6 607 1626 991
2705 2 2 7 6 608 1625 990
2706 2 2 7 6 605 1624 989
2707 2 2 7 6 224 1179 1230
2708 2 2 7 6 583 934 1634
2709 2 2 7 6 585 935 1635
2710 2 2 7 6 584 932 1636
2711 2 2 7 6 586 933 1637
2712 2 2 7 6 520 1001 1558
2713 2 2 7 6 360 1558 1001
2714 2 2 7 6 678 1429 1103
2715 2 2 7 6 307 1551 1116
2716 2 2 7 6 555 1116 1551
2717 2 2 7 6 677 1104 1431
2718 2 2 7 6 488 1522 929
2719 2 2 7 6 409 1195 1107
2720 2 2 7 6 472 1314 1277
2721 2 2 7 6 473 1315 1278
2722 2 2 7 6 474 1316 1279
2723 2 2 7 6 538 1277 1314
2724 2 2 7 6 539 1278 1315
2725 2 2 7 6 540 1279 1316
2726 2 2 7 6 362 1008 1284
2727 2 2 7 6 469 1148 1244
2728 2 2 7 6 331 1659 1115
2729 2 2 7 6 330 1658 1114
2730 2 2 7 6 329 1657 1113
2731 2 2 7 6 209 898 1530
2732 2 2 7 6 553 1711 1623
2733 2 2 7 6 370 1589 1143
2734 2 2 7 6 372 1588 1145
2735 2 2 7 6 373 1590 1146
2736 2 2 7 6 371 1591 1144
2737 2 2 7 6 573 1272 1308
2738 2 2 7 6 203 1308 1272
2739 2 2 7 6 397 1455 1170
2740 2 2 7 6 336 1110 1651
2741 2 2 7 6 334 1109 1649
2742 2 2 7 6 333 1108 1647
2743 2 2 7 6 487 1503 901
2744 2 2 7 6 447 884 1674
2745 2 2 7 6 256 899 1510
2746 2 2 7 6 255 1508 900
2747 2 2 7 6 394 1482 903
2748 2 2 7 6 128 1637 933
2749 2 2 7 6 97 1636 932
2750 2 2 7 6 35 1635 935
2751 2 2 7 6 66 1634 934
2752 2 2 7 6 509 1466 904
2753 2 2 7 6 441 1004 1520
2754 2 2 7 6 486 1530 898
2755 2 2 7 6 314 1235 1505
2756 2 2 7 6 135 1721 901
2757 2 2 7 6 274 1065 1745
2758 2 2 7 6 555 1792 1116
2759 2 2 7 6 61 945 1629
2760 2 2 7 6 30 946 1630
2761 2 2 7 6 92 947 1627
2762 2 2 7 6 123 948 1628
2763 2 2 7 6 628 1372 971
2764 2 2 7 6 510 1469 908
2765 2 2 7 6 745 1512 1583
2766 2 2 7 6 296 1583 1512
2767 2 2 7 6 742 1511 1584
2768 2 2 7 6 295 1584 1511
2769 2 2 7 6 743 1513 1585
2770 2 2 7 6 294 1585 1513
2771 2 2 7 6 809 1045 1497
2772 2 2 7 6 256 1535 899
2773 2 2 7 6 428 1498 1021
2774 2 2 7 6 255 900 1534
2775 2 2 7 6 164 1615 1041
2776 2 2 7 6 163 1616 1040
2777 2 2 7 6 166 1614 1042
2778 2 2 7 6 163 1438 1403
2779 2 2 7 6 164 1439 1401
2780 2 2 7 6 166 1440 1402
2781 2 2 7 6 576 1049 1793
2782 2 2 7 6 575 1048 1794
2783 2 2 7 6 574 1047 1795
2784 2 2 7 6 438 1437 1102
2785 2 2 7 6 648 1169 1337
2786 2 2 7 6 326 889 1645
2787 2 2 7 6 512 1775 1269
2788 2 2 7 6 440 1725 1006
2789 2 2 7 6 306 890 1663
2790 2 2 7 6 342 1024 1303
2791 2 2 7 6 346 1539 941
2792 2 2 7 6 344 1541 943
2793 2 2 7 6 345 1540 942
2794 2 2 7 6 501 894 1682
2795 2 2 7 6 503 896 1684
2796 2 2 7 6 502 895 1681
2797 2 2 7 6 504 897 1683
2798 2 2 7 6 217 1682 894
2799 2 2 7 6 218 1681 895
2800 2 2 7 6 219 1684 896
2801 2 2 7 6 220 1683 897
2802 2 2 7 6 513 1454 918
2803 2 2 7 6 514 919 1455
2804 2 2 7 6 479 917 1531
2805 2 2 7 6 462 1036 1292
2806 2 2 7 6 465 1039 1294
2807 2 2 7 6 463 1038 1293
2808 2 2 7 6 464 1037 1295
2809 2 2 7 6 22 1752 998
2810 2 2 7 6 53 1754 996
2811 2 2 7 6 115 1753 997
2812 2 2 7 6 84 1755 995
2813 2 2 7 6 457 1156 1485
2814 2 2 7 6 471 1094 1253
2815 2 2 7 6 264 1058 1757
2816 2 2 7 6 317 971 1372
2817 2 2 7 6 487 901 1721
2818 2 2 7 6 221 1542 1119
2819 2 2 7 6 279 910 1714
2820 2 2 7 6 515 1714 910
2821 2 2 7 6 578 1727 1241
2822 2 2 7 6 520 1345 1009
2823 2 2 7 6 427 1016 1409
2824 2 2 7 6 363 1033 1311
2825 2 2 7 6 229 1793 1049
2826 2 2 7 6 228 1794 1048
2827 2 2 7 6 227 1795 1047
2828 2 2 7 6 352 1622 1072
2829 2 2 7 6 426 1014 1364
2830 2 2 7 6 214 1031 1313
2831 2 2 7 6 665 1319 1665
2832 2 2 7 6 666 1318 1667
2833 2 2 7 6 667 1317 1664
2834 2 2 7 6 261 1664 1317
2835 2 2 7 6 260 1665 1319
2836 2 2 7 6 258 1667 1318
2837 2 2 7 6 426 1329 1014
2838 2 2 7 6 425 1330 1015
2839 2 2 7 6 427 1331 1016
2840 2 2 7 6 141 1190 1574
2841 2 2 7 6 479 964 1494
2842 2 2 7 6 425 1015 1430
2843 2 2 7 6 346 941 1463
2844 2 2 7 6 345 942 1462
2845 2 2 7 6 344 943 1461
2846 2 2 7 6 76 77 1478
2847 2 2 7 6 45 46 1479
2848 2 2 7 6 107 108 1480
2849 2 2 7 6 14 15 1481
2850 2 2 7 6 509 1159 1466
2851 2 2 7 6 262 1320 1668
2852 2 2 7 6 265 1322 1671
2853 2 2 7 6 263 1321 1670
2854 2 2 7 6 669 1668 1320
2855 2 2 7 6 672 1671 1322
2856 2 2 7 6 670 1670 1321
2857 2 2 7 6 408 1123 1663
2858 2 2 7 6 291 1601 917
2859 2 2 7 6 482 1698 1284
2860 2 2 7 6 257 1621 903
2861 2 2 7 6 204 1570 1312
2862 2 2 7 6 489 1521 1604
2863 2 2 7 6 351 1559 1012
2864 2 2 7 6 88 89 1703
2865 2 2 7 6 119 120 1704
2866 2 2 7 6 57 58 1701
2867 2 2 7 6 26 27 1702
2868 2 2 7 6 505 1564 1362
2869 2 2 7 6 352 1100 1720
2870 2 2 7 6 1067 1737 1433
2871 2 2 7 6 201 1053 1741
2872 2 2 7 6 560 1741 1053
2873 2 2 7 6 68 69 1691
2874 2 2 7 6 99 100 1689
2875 2 2 7 6 37 38 1690
2876 2 2 7 6 6 7 1688
2877 2 2 7 6 352 1720 1105
2878 2 2 7 6 63 64 1499
2879 2 2 7 6 94 95 1500
2880 2 2 7 6 125 126 1502
2881 2 2 7 6 32 33 1501
2882 2 2 7 6 493 1325 1194
2883 2 2 7 6 462 1405 1036
2884 2 2 7 6 463 1406 1038
2885 2 2 7 6 464 1407 1037
2886 2 2 7 6 465 1408 1039
2887 2 2 7 6 263 1057 1787
2888 2 2 7 6 265 1059 1788
2889 2 2 7 6 262 1056 1786
2890 2 2 7 6 701 1645 966
2891 2 2 7 6 226 1566 975
2892 2 2 7 6 405 1507 961
2893 2 2 7 6 400 956 1504
2894 2 2 7 6 496 1240 1208
2895 2 2 7 6 165 1208 1240
2896 2 2 7 6 129 1529 1077
2897 2 2 7 6 430 1515 1022
2898 2 2 7 6 391 1572 1169
2899 2 2 7 6 649 1126 1638
2900 2 2 7 6 351 1032 1559
2901 2 2 7 6 275 1746 907
2902 2 2 7 6 457 1051 1528
2903 2 2 7 6 444 1427 987
2904 2 2 7 6 445 1189 1303
2905 2 2 7 6 593 1403 1438
2906 2 2 7 6 594 1401 1439
2907 2 2 7 6 595 1402 1440
2908 2 2 7 6 350 1695 1011
2909 2 2 7 6 519 1465 1722
2910 2 2 7 6 831 1722 1465
2911 2 2 7 6 661 1371 1283
2912 2 2 7 6 151 1277 1221
2913 2 2 7 6 152 1278 1222
2914 2 2 7 6 153 1279 1223
2915 2 2 7 6 538 1221 1277
2916 2 2 7 6 539 1222 1278
2917 2 2 7 6 540 1223 1279
2918 2 2 7 6 983 1481 1785
2919 2 2 7 6 984 1480 1784
2920 2 2 7 6 985 1479 1782
2921 2 2 7 6 986 1478 1783
2922 2 2 7 6 382 991 1626
2923 2 2 7 6 380 989 1624
2924 2 2 7 6 383 990 1625
2925 2 2 7 6 431 1410 1366
2926 2 2 7 6 432 1411 1367
2927 2 2 7 6 433 1412 1368
2928 2 2 7 6 688 1367 1411
2929 2 2 7 6 690 1366 1410
2930 2 2 7 6 689 1368 1412
2931 2 2 7 6 488 917 1601
2932 2 2 7 6 479 1093 1700
2933 2 2 7 6 19 1285 1798
2934 2 2 7 6 112 1286 1799
2935 2 2 7 6 50 1287 1800
2936 2 2 7 6 81 1288 1801
2937 2 2 7 6 439 1780 1211
2938 2 2 7 6 479 1531 964
2939 2 2 7 6 335 1561 1025
2940 2 2 7 6 259 1259 1797
2941 2 2 7 6 673 1797 1259
2942 2 2 7 6 533 1071 1326
2943 2 2 7 6 146 1020 1525
2944 2 2 7 6 133 1441 993
2945 2 2 7 6 493 1054 1468
2946 2 2 7 6 408 1161 1323
2947 2 2 7 6 429 1525 1020
2948 2 2 7 6 351 1432 1032
2949 2 2 7 6 460 1790 1044
2950 2 2 7 6 226 975 1484
2951 2 2 7 6 22 23 1752
2952 2 2 7 6 84 85 1755
2953 2 2 7 6 53 54 1754
2954 2 2 7 6 115 116 1753
2955 2 2 7 6 499 1553 1073
2956 2 2 7 6 274 1575 1638
2957 2 2 7 6 302 1242 1442
2958 2 2 7 6 544 1442 1242
2959 2 2 7 6 472 968 1513
2960 2 2 7 6 473 969 1511
2961 2 2 7 6 474 970 1512
2962 2 2 7 6 489 1604 1355
2963 2 2 7 6 332 1029 1549
2964 2 2 7 6 510 1549 1029
2965 2 2 7 6 221 1220 1542
2966 2 2 7 6 546 1490 1282
2967 2 2 7 6 92 1627 91
2968 2 2 7 6 61 1629 60
2969 2 2 7 6 123 1628 122
2970 2 2 7 6 30 1630 29
2971 2 2 7 6 645 1553 1526
2972 2 2 7 6 3 1634 66
2973 2 2 7 6 2 1635 35
2974 2 2 7 6 4 1636 97
2975 2 2 7 6 1 1637 128
2976 2 2 7 6 434 1373 1040
2977 2 2 7 6 435 1374 1041
2978 2 2 7 6 436 1375 1042
2979 2 2 7 6 609 923 1617
2980 2 2 7 6 509 1025 1561
2981 2 2 7 6 181 920 1711
2982 2 2 7 6 134 1531 1491
2983 2 2 7 6 148 1022 1515
2984 2 2 7 6 541 1346 1348
2985 2 2 7 6 486 1348 1346
2986 2 2 7 6 364 1576 1017
2987 2 2 7 6 822 1136 1672
2988 2 2 7 6 412 1338 1096
2989 2 2 7 6 411 1339 1097
2990 2 2 7 6 410 1340 1098
2991 2 2 7 6 409 1341 1099
2992 2 2 7 6 907 1746 1111
2993 2 2 7 6 572 1495 1027
2994 2 2 7 6 364 1458 999
2995 2 2 7 6 880 1085 1620
2996 2 2 7 6 439 1298 1780
2997 2 2 7 6 481 1699 1311
2998 2 2 7 6 570 1496 1028
2999 2 2 7 6 134 964 1531
3000 2 2 7 6 879 1619 1084
3001 2 2 7 6 677 1204 1750
3002 2 2 7 6 678 1751 1205
3003 2 2 7 6 223 921 1738
3004 2 2 7 6 339 1547 1760
3005 2 2 7 6 338 1545 1761
3006 2 2 7 6 340 1546 1759
3007 2 2 7 6 802 1761 1545
3008 2 2 7 6 803 1760 1547
3009 2 2 7 6 801 1759 1546
3010 2 2 7 6 337 1548 1762
3011 2 2 7 6 804 1762 1548
3012 2 2 7 6 18 19 1798
3013 2 2 7 6 49 50 1800
3014 2 2 7 6 111 112 1799
3015 2 2 7 6 80 81 1801
3016 2 2 7 6 502 1681 925
3017 2 2 7 6 501 1682 926
3018 2 2 7 6 504 1683 927
3019 2 2 7 6 503 1684 928
3020 2 2 7 6 408 1323 1123
3021 2 2 7 6 17 1036 1405
3022 2 2 7 6 110 1038 1406
3023 2 2 7 6 48 1037 1407
3024 2 2 7 6 79 1039 1408
3025 2 2 7 6 158 1239 1416
3026 2 2 7 6 488 929 1697
3027 2 2 7 6 471 1705 1142
3028 2 2 7 6 397 1023 1450
3029 2 2 7 6 489 992 1521
3030 2 2 7 6 525 1185 1456
3031 2 2 7 6 202 1456 1185
3032 2 2 7 6 351 1078 1432
3033 2 2 7 6 147 1021 1498
3034 2 2 7 6 650 1176 1621
3035 2 2 7 6 165 1357 1609
3036 2 2 7 6 760 1744 1280
3037 2 2 7 6 459 1127 1459
3038 2 2 7 6 467 975 1566
3039 2 2 7 6 507 1078 1506
3040 2 2 7 6 158 1506 1078
3041 2 2 7 6 508 1419 1052
3042 2 2 7 6 396 1217 1454
3043 2 2 7 6 300 1596 1579
3044 2 2 7 6 736 1579 1596
3045 2 2 7 6 299 1597 1580
3046 2 2 7 6 298 1598 1581
3047 2 2 7 6 735 1580 1597
3048 2 2 7 6 734 1581 1598
3049 2 2 7 6 741 1246 1430
3050 2 2 7 6 193 1560 1160
3051 2 2 7 6 534 1040 1786
3052 2 2 7 6 535 1041 1787
3053 2 2 7 6 537 1042 1788
3054 2 2 7 6 454 965 1602
3055 2 2 7 6 453 1599 967
3056 2 2 7 6 237 1631 1468
3057 2 2 7 6 560 1053 1425
3058 2 2 7 6 599 1129 1349
3059 2 2 7 6 600 1130 1350
3060 2 2 7 6 601 1131 1351
3061 2 2 7 6 361 1509 1069
3062 2 2 7 6 761 1281 1748
3063 2 2 7 6 420 1357 1125
3064 2 2 7 6 581 1362 1564
3065 2 2 7 6 167 1305 1568
3066 2 2 7 6 602 1352 1132
3067 2 2 7 6 603 1353 1133
3068 2 2 7 6 604 1354 1134
3069 2 2 7 6 292 1722 1653
3070 2 2 7 6 831 1653 1722
3071 2 2 7 6 168 1567 1306
3072 2 2 7 6 532 1651 1110
3073 2 2 7 6 531 1649 1109
3074 2 2 7 6 530 1647 1108
3075 2 2 7 6 361 1075 1509
3076 2 2 7 6 699 1543 1554
3077 2 2 7 6 529 1115 1659
3078 2 2 7 6 528 1114 1658
3079 2 2 7 6 527 1113 1657
3080 2 2 7 6 566 1554 1543
3081 2 2 7 6 563 1555 1536
3082 2 2 7 6 565 1557 1538
3083 2 2 7 6 564 1556 1537
3084 2 2 7 6 698 1536 1555
3085 2 2 7 6 700 1538 1557
3086 2 2 7 6 697 1537 1556
3087 2 2 7 6 353 1433 1052
3088 2 2 7 6 472 1513 1766
3089 2 2 7 6 473 1511 1767
3090 2 2 7 6 474 1512 1768
3091 2 2 7 6 364 1070 1576
3092 2 2 7 6 281 1520 1004
3093 2 2 7 6 508 1034 1470
3094 2 2 7 6 577 1776 1546
3095 2 2 7 6 576 1777 1547
3096 2 2 7 6 575 1778 1545
3097 2 2 7 6 574 1779 1548
3098 2 2 7 6 236 1023 1490
3099 2 2 7 6 201 1437 1053
3100 2 2 7 6 344 1089 1541
3101 2 2 7 6 346 1091 1539
3102 2 2 7 6 345 1090 1540
3103 2 2 7 6 275 1608 1035
3104 2 2 7 6 628 1582 1372
3105 2 2 7 6 141 1337 1169
3106 2 2 7 6 598 1606 1245
3107 2 2 7 6 272 1245 1606
3108 2 2 7 6 440 1080 1421
3109 2 2 7 6 460 1128 1790
3110 2 2 7 6 581 1180 1362
3111 2 2 7 6 238 1362 1180
3112 2 2 7 6 239 1181 1363
3113 2 2 7 6 582 1363 1181
3114 2 2 7 6 765 1467 1296
3115 2 2 7 6 743 1766 1513
3116 2 2 7 6 742 1767 1511
3117 2 2 7 6 745 1768 1512
3118 2 2 7 6 840 1695 1224
3119 2 2 7 6 480 1070 1743
3120 2 2 7 6 571 1497 1045
3121 2 2 7 6 241 1361 1144
3122 2 2 7 6 243 1359 1143
3123 2 2 7 6 242 1360 1146
3124 2 2 7 6 244 1358 1145
3125 2 2 7 6 867 1083 1677
3126 2 2 7 6 866 1081 1676
3127 2 2 7 6 865 1082 1675
3128 2 2 7 6 338 1782 1048
3129 2 2 7 6 337 1783 1047
3130 2 2 7 6 339 1784 1049
3131 2 2 7 6 340 1785 1050
3132 2 2 7 6 548 1048 1782
3133 2 2 7 6 549 1047 1783
3134 2 2 7 6 550 1050 1785
3135 2 2 7 6 551 1049 1784
3136 2 2 7 6 533 1087 1422
3137 2 2 7 6 507 1432 1078
3138 2 2 7 6 779 1489 1723
3139 2 2 7 6 428 1276 1498
3140 2 2 7 6 536 1757 1058
3141 2 2 7 6 169 1309 1633
3142 2 2 7 6 630 1633 1309
3143 2 2 7 6 477 1086 1748
3144 2 2 7 6 543 987 1724
3145 2 2 7 6 301 1571 1003
3146 2 2 7 6 359 1074 1452
3147 2 2 7 6 476 1744 1095
3148 2 2 7 6 534 1056 1716
3149 2 2 7 6 536 1058 1717
3150 2 2 7 6 535 1057 1715
3151 2 2 7 6 537 1059 1718
3152 2 2 7 6 321 1717 1058
3153 2 2 7 6 319 1716 1056
3154 2 2 7 6 320 1718 1059
3155 2 2 7 6 318 1715 1057
3156 2 2 7 6 446 1347 1184
3157 2 2 7 6 629 1267 1607
3158 2 2 7 6 171 1607 1267
3159 2 2 7 6 231 1552 1017
3160 2 2 7 6 455 1012 1559
3161 2 2 7 6 340 983 1785
3162 2 2 7 6 339 984 1784
3163 2 2 7 6 338 985 1782
3164 2 2 7 6 337 986 1783
3165 2 2 7 6 547 1372 1582
3166 2 2 7 6 743 1678 1779
3167 2 2 7 6 742 1679 1778
3168 2 2 7 6 745 1680 1777
3169 2 2 7 6 327 1729 1672
3170 2 2 7 6 822 1672 1729
3171 2 2 7 6 396 1488 1054
3172 2 2 7 6 513 1177 1454
3173 2 2 7 6 396 1454 1177
3174 2 2 7 6 397 1178 1455
3175 2 2 7 6 514 1455 1178
3176 2 2 7 6 582 1751 1749
3177 2 2 7 6 759 1268 1409
3178 2 2 7 6 441 1520 1301
3179 2 2 7 6 546 1569 1404
3180 2 2 7 6 645 1404 1569
3181 2 2 7 6 522 1587 1099
3182 2 2 7 6 409 1099 1587
3183 2 2 7 6 808 1594 1082
3184 2 2 7 6 806 1593 1081
3185 2 2 7 6 807 1592 1083
3186 2 2 7 6 233 1600 1071
3187 2 2 7 6 273 1632 1254
3188 2 2 7 6 597 1254 1632
3189 2 2 7 6 280 1780 1673
3190 2 2 7 6 475 1094 1610
3191 2 2 7 6 505 1035 1608
3192 2 2 7 6 425 1430 1246
3193 2 2 7 6 525 1456 1101
3194 2 2 7 6 163 1207 1438
3195 2 2 7 6 164 1206 1439
3196 2 2 7 6 166 1209 1440
3197 2 2 7 6 517 1505 1235
3198 2 2 7 6 427 1409 1268
3199 2 2 7 6 647 1542 1220
3200 2 2 7 6 222 1528 1051
3201 2 2 7 6 534 1786 1056
3202 2 2 7 6 535 1787 1057
3203 2 2 7 6 537 1788 1059
3204 2 2 7 6 232 1611 1018
3205 2 2 7 6 234 1612 1019
3206 2 2 7 6 240 1007 1692
3207 2 2 7 6 161 1562 1195
3208 2 2 7 6 485 1069 1509
3209 2 2 7 6 419 1420 1160
3210 2 2 7 6 394 1260 1482
3211 2 2 7 6 679 1482 1260
3212 2 2 7 6 202 1006 1725
3213 2 2 7 6 613 1120 1535
3214 2 2 7 6 458 1011 1695
3215 2 2 7 6 612 1534 1121
3216 2 2 7 6 555 1565 1240
3217 2 2 7 6 165 1240 1565
3218 2 2 7 6 364 1523 1070
3219 2 2 7 6 479 1700 1381
3220 2 2 7 6 426 1364 1290
3221 2 2 7 6 479 1494 1093
3222 2 2 7 6 491 1369 1196
3223 2 2 7 6 350 1224 1695
3224 2 2 7 6 480 1743 1151
3225 2 2 7 6 594 1018 1699
3226 2 2 7 6 593 1019 1698
3227 2 2 7 6 625 1166 1442
3228 2 2 7 6 626 1443 1167
3229 2 2 7 6 250 1526 1112
3230 2 2 7 6 133 1196 1441
3231 2 2 7 6 511 1441 1196
3232 2 2 7 6 821 1522 1601
3233 2 2 7 6 488 1601 1522
3234 2 2 7 6 456 1077 1529
3235 2 2 7 6 435 1041 1615
3236 2 2 7 6 436 1042 1614
3237 2 2 7 6 434 1040 1616
3238 2 2 7 6 154 1610 1094
3239 2 2 7 6 582 1518 1363
3240 2 2 7 6 506 1363 1518
3241 2 2 7 6 175 1779 1678
3242 2 2 7 6 174 1778 1679
3243 2 2 7 6 177 1777 1680
3244 2 2 7 6 360 1068 1558
3245 2 2 7 6 230 1253 1396
3246 2 2 7 6 211 1095 1744
3247 2 2 7 6 430 1289 1515
3248 2 2 7 6 302 1442 1166
3249 2 2 7 6 303 1167 1443
3250 2 2 7 6 368 1796 1168
3251 2 2 7 6 175 1678 1108
3252 2 2 7 6 174 1679 1109
3253 2 2 7 6 530 1108 1678
3254 2 2 7 6 177 1680 1110
3255 2 2 7 6 531 1109 1679
3256 2 2 7 6 532 1110 1680
3257 2 2 7 6 155 1073 1553
3258 2 2 7 6 203 1617 1308
3259 2 2 7 6 786 1757 1609
3260 2 2 7 6 536 1609 1757
3261 2 2 7 6 246 1219 1469
3262 2 2 7 6 301 1122 1571
3263 2 2 7 6 516 1571 1122
3264 2 2 7 6 527 1685 1113
3265 2 2 7 6 528 1686 1114
3266 2 2 7 6 529 1687 1115
3267 2 2 7 6 178 1113 1685
3268 2 2 7 6 180 1114 1686
3269 2 2 7 6 179 1115 1687
3270 2 2 7 6 203 1700 1093
3271 2 2 7 6 251 1740 1142
3272 2 2 7 6 553 1142 1740
3273 2 2 7 6 646 1672 1136
3274 2 2 7 6 214 1748 1086
3275 2 2 7 6 629 1632 1728
3276 2 2 7 6 639 1539 1091
3277 2 2 7 6 636 1540 1090
3278 2 2 7 6 637 1541 1089
3279 2 2 7 6 480 1576 1070
3280 2 2 7 6 729 1673 1780
3281 2 2 7 6 493 1468 1325
3282 2 2 7 6 368 1112 1781
3283 2 2 7 6 499 1112 1526
3284 2 2 7 6 280 1673 1708
3285 2 2 7 6 776 1708 1673
3286 2 2 7 6 579 1771 1450
3287 2 2 7 6 157 1485 1156
3288 2 2 7 6 783 1290 1364
3289 2 2 7 6 456 1283 1371
3290 2 2 7 6 466 1197 1436
3291 2 2 7 6 663 1417 1365
3292 2 2 7 6 297 1192 1618
3293 2 2 7 6 495 1439 1206
3294 2 2 7 6 494 1438 1207
3295 2 2 7 6 497 1440 1209
3296 2 2 7 6 571 1045 1772
3297 2 2 7 6 274 1638 1065
3298 2 2 7 6 452 1119 1542
3299 2 2 7 6 625 1442 1567
3300 2 2 7 6 626 1568 1443
3301 2 2 7 6 660 1084 1619
3302 2 2 7 6 277 1044 1790
3303 2 2 7 6 659 1620 1085
3304 2 2 7 6 568 1081 1593
3305 2 2 7 6 567 1083 1592
3306 2 2 7 6 569 1082 1594
3307 2 2 7 6 429 1291 1525
3308 2 2 7 6 374 1652 1203
3309 2 2 7 6 375 1650 1201
3310 2 2 7 6 376 1648 1202
3311 2 2 7 6 544 1567 1442
3312 2 2 7 6 545 1443 1568
3313 2 2 7 6 377 1199 1656
3314 2 2 7 6 378 1200 1655
3315 2 2 7 6 379 1198 1654
3316 2 2 7 6 482 1603 1182
3317 2 2 7 6 355 1742 1118
3318 2 2 7 6 777 1150 1756
3319 2 2 7 6 550 1785 1481
3320 2 2 7 6 551 1784 1480
3321 2 2 7 6 548 1782 1479
3322 2 2 7 6 549 1783 1478
3323 2 2 7 6 476 1280 1744
3324 2 2 7 6 477 1748 1281
3325 2 2 7 6 156 1737 1067
3326 2 2 7 6 747 1740 1356
3327 2 2 7 6 730 1301 1520
3328 2 2 7 6 762 1514 1210
3329 2 2 7 6 569 1675 1082
3330 2 2 7 6 568 1676 1081
3331 2 2 7 6 567 1677 1083
3332 2 2 7 6 213 1743 1070
3333 2 2 7 6 352 1106 1622
3334 2 2 7 6 171 1267 1518
3335 2 2 7 6 405 1261 1507
3336 2 2 7 6 662 1506 1416
3337 2 2 7 6 158 1416 1506
3338 2 2 7 6 505 1309 1564
3339 2 2 7 6 400 1504 1259
3340 2 2 7 6 558 1458 1552
3341 2 2 7 6 202 1299 1456
3342 2 2 7 6 703 1111 1746
3343 2 2 7 6 298 1581 1198
3344 2 2 7 6 299 1580 1200
3345 2 2 7 6 300 1579 1199
3346 2 2 7 6 527 1198 1581
3347 2 2 7 6 528 1200 1580
3348 2 2 7 6 529 1199 1579
3349 2 2 7 6 630 1747 1487
3350 2 2 7 6 483 1313 1452
3351 2 2 7 6 506 1726 1136
3352 2 2 7 6 157 1346 1485
3353 2 2 7 6 541 1485 1346
3354 2 2 7 6 294 1202 1585
3355 2 2 7 6 295 1201 1584
3356 2 2 7 6 530 1585 1202
3357 2 2 7 6 531 1584 1201
3358 2 2 7 6 296 1203 1583
3359 2 2 7 6 532 1583 1203
3360 2 2 7 6 546 1282 1569
3361 2 2 7 6 155 1569 1282
3362 2 2 7 6 541 1348 1492
3363 2 2 7 6 309 1492 1348
3364 2 2 7 6 131 1177 1544
3365 2 2 7 6 513 1544 1177
3366 2 2 7 6 763 1493 1244
3367 2 2 7 6 205 1218 1712
3368 2 2 7 6 556 1712 1218
3369 2 2 7 6 89 1233 1703
3370 2 2 7 6 58 1231 1701
3371 2 2 7 6 120 1234 1704
3372 2 2 7 6 27 1232 1702
3373 2 2 7 6 274 1745 1302
3374 2 2 7 6 611 1302 1745
3375 2 2 7 6 633 1143 1589
3376 2 2 7 6 635 1145 1588
3377 2 2 7 6 634 1146 1590
3378 2 2 7 6 632 1144 1591
3379 2 2 7 6 68 1691 1228
3380 2 2 7 6 99 1689 1226
3381 2 2 7 6 37 1690 1227
3382 2 2 7 6 6 1688 1225
3383 2 2 7 6 165 1609 1208
3384 2 2 7 6 536 1208 1609
3385 2 2 7 6 591 1105 1720
3386 2 2 7 6 130 1730 1105
3387 2 2 7 6 380 1624 1133
3388 2 2 7 6 382 1626 1132
3389 2 2 7 6 383 1625 1134
3390 2 2 7 6 620 1600 1428
3391 2 2 7 6 233 1428 1600
3392 2 2 7 6 580 1488 1770
3393 2 2 7 6 478 1365 1417
3394 2 2 7 6 487 1296 1467
3395 2 2 7 6 512 1572 1312
3396 2 2 7 6 529 1656 1199
3397 2 2 7 6 528 1655 1200
3398 2 2 7 6 527 1654 1198
3399 2 2 7 6 532 1203 1652
3400 2 2 7 6 531 1201 1650
3401 2 2 7 6 530 1202 1648
3402 2 2 7 6 157 1156 1758
3403 2 2 7 6 500 1118 1742
3404 2 2 7 6 482 1284 1603
3405 2 2 7 6 499 1781 1112
3406 2 2 7 6 620 1172 1600
3407 2 2 7 6 673 1259 1504
3408 2 2 7 6 764 1498 1276
3409 2 2 7 6 1040 1373 1786
3410 2 2 7 6 1041 1374 1787
3411 2 2 7 6 1042 1375 1788
3412 2 2 7 6 699 1219 1543
3413 2 2 7 6 246 1543 1219
3414 2 2 7 6 251 1142 1705
3415 2 2 7 6 675 1507 1261
3416 2 2 7 6 547 1325 1468
3417 2 2 7 6 560 1425 1527
3418 2 2 7 6 276 1527 1425
3419 2 2 7 6 276 1136 1726
3420 2 2 7 6 461 1574 1190
3421 2 2 7 6 157 1758 1171
3422 2 2 7 6 588 1670 1377
3423 2 2 7 6 587 1668 1376
3424 2 2 7 6 590 1671 1379
3425 2 2 7 6 670 1377 1670
3426 2 2 7 6 589 1669 1378
3427 2 2 7 6 672 1379 1671
3428 2 2 7 6 669 1376 1668
3429 2 2 7 6 671 1378 1669
3430 2 2 7 6 196 1756 1126
3431 2 2 7 6 506 1518 1267
3432 2 2 7 6 665 1665 1385
3433 2 2 7 6 666 1667 1387
3434 2 2 7 6 667 1664 1386
3435 2 2 7 6 668 1666 1388
3436 2 2 7 6 583 1385 1665
3437 2 2 7 6 585 1387 1667
3438 2 2 7 6 584 1386 1664
3439 2 2 7 6 586 1388 1666
3440 2 2 7 6 280 1211 1780
3441 2 2 7 6 409 1587 1195
3442 2 2 7 6 481 1311 1713
3443 2 2 7 6 775 1515 1289
3444 2 2 7 6 512 1312 1570
3445 2 2 7 6 611 1745 1149
3446 2 2 7 6 781 1525 1291
3447 2 2 7 6 578 1618 1192
3448 2 2 7 6 681 1175 1710
3449 2 2 7 6 547 1582 1325
3450 2 2 7 6 156 1325 1582
3451 2 2 7 6 475 1610 1426
3452 2 2 7 6 629 1728 1527
3453 2 2 7 6 521 1642 1213
3454 2 2 7 6 523 1643 1215
3455 2 2 7 6 524 1644 1214
3456 2 2 7 6 588 1377 1627
3457 2 2 7 6 590 1379 1628
3458 2 2 7 6 587 1376 1629
3459 2 2 7 6 589 1378 1630
3460 2 2 7 6 91 1627 1377
3461 2 2 7 6 122 1628 1379
3462 2 2 7 6 60 1629 1376
3463 2 2 7 6 29 1630 1378
3464 2 2 7 6 554 1604 1521
3465 2 2 7 6 693 1397 1614
3466 2 2 7 6 692 1398 1615
3467 2 2 7 6 691 1399 1616
3468 2 2 7 6 436 1614 1397
3469 2 2 7 6 435 1615 1398
3470 2 2 7 6 434 1616 1399
3471 2 2 7 6 517 1171 1758
3472 2 2 7 6 225 1775 1188
3473 2 2 7 6 160 1214 1644
3474 2 2 7 6 159 1213 1642
3475 2 2 7 6 162 1215 1643
3476 2 2 7 6 506 1267 1726
3477 2 2 7 6 3 1385 1634
3478 2 2 7 6 2 1387 1635
3479 2 2 7 6 4 1386 1636
3480 2 2 7 6 1 1388 1637
3481 2 2 7 6 583 1634 1385
3482 2 2 7 6 585 1635 1387
3483 2 2 7 6 584 1636 1386
3484 2 2 7 6 586 1637 1388
3485 2 2 7 6 610 1168 1796
3486 2 2 7 6 494 1733 1338
3487 2 2 7 6 495 1732 1339
3488 2 2 7 6 496 1734 1340
3489 2 2 7 6 497 1731 1341
3490 2 2 7 6 861 1453 1781
3491 2 2 7 6 131 1770 1177
3492 2 2 7 6 132 1178 1771
3493 2 2 7 6 169 1564 1309
3494 2 2 7 6 547 1468 1631
3495 2 2 7 6 391 1312 1572
3496 2 2 7 6 662 1692 1256
3497 2 2 7 6 273 1728 1632
3498 2 2 7 6 304 1750 1204
3499 2 2 7 6 305 1205 1751
3500 2 2 7 6 157 1710 1346
3501 2 2 7 6 505 1608 1309
3502 2 2 7 6 482 1403 1698
3503 2 2 7 6 593 1698 1403
3504 2 2 7 6 481 1401 1699
3505 2 2 7 6 594 1699 1401
3506 2 2 7 6 676 1613 1483
3507 2 2 7 6 266 1483 1613
3508 2 2 7 6 225 1269 1775
3509 2 2 7 6 368 1781 1453
3510 2 2 7 6 539 1315 1640
3511 2 2 7 6 538 1314 1641
3512 2 2 7 6 540 1316 1639
3513 2 2 7 6 235 1355 1604
3514 2 2 7 6 630 1487 1606
3515 2 2 7 6 272 1606 1487
3516 2 2 7 6 676 1712 1613
3517 2 2 7 6 556 1613 1712
3518 2 2 7 6 227 1641 1314
3519 2 2 7 6 229 1639 1316
3520 2 2 7 6 228 1640 1315
3521 2 2 7 6 574 1795 1766
3522 2 2 7 6 575 1794 1767
3523 2 2 7 6 576 1793 1768
3524 2 2 7 6 316 1696 1404
3525 2 2 7 6 194 1662 1736
3526 2 2 7 6 739 1736 1662
3527 2 2 7 6 736 1687 1579
3528 2 2 7 6 734 1685 1581
3529 2 2 7 6 735 1686 1580
3530 2 2 7 6 729 1780 1298
3531 2 2 7 6 820 1426 1610
3532 2 2 7 6 171 1518 1749
3533 2 2 7 6 745 1583 1680
3534 2 2 7 6 742 1584 1679
3535 2 2 7 6 743 1585 1678
3536 2 2 7 6 155 1553 1569
3537 2 2 7 6 645 1569 1553
3538 2 2 7 6 619 1565 1551
3539 2 2 7 6 227 1314 1795
3540 2 2 7 6 229 1316 1793
3541 2 2 7 6 228 1315 1794
3542 2 2 7 6 756 1381 1700
3543 2 2 7 6 251 1356 1740
3544 2 2 7 6 577 1396 1769
3545 2 2 7 6 475 1769 1396
3546 2 2 7 6 488 1697 1491
3547 2 2 7 6 800 1491 1697
3548 2 2 7 6 546 1404 1696
3549 2 2 7 6 199 1724 1427
3550 2 2 7 6 987 1427 1724
3551 2 2 7 6 555 1551 1565
3552 2 2 7 6 511 1739 1441
3553 2 2 7 6 628 1433 1737
3554 2 2 7 6 598 1633 1606
3555 2 2 7 6 630 1606 1633
3556 2 2 7 6 629 1607 1632
3557 2 2 7 6 597 1632 1607
3558 2 2 7 6 23 1554 1752
3559 2 2 7 6 85 1556 1755
3560 2 2 7 6 116 1557 1753
3561 2 2 7 6 54 1555 1754
3562 2 2 7 6 262 1786 1373
3563 2 2 7 6 263 1787 1374
3564 2 2 7 6 265 1788 1375
3565 2 2 7 6 527 1657 1654
3566 2 2 7 6 528 1658 1655
3567 2 2 7 6 748 1654 1657
3568 2 2 7 6 749 1655 1658
3569 2 2 7 6 529 1659 1656
3570 2 2 7 6 750 1656 1659
3571 2 2 7 6 530 1648 1647
3572 2 2 7 6 751 1647 1648
3573 2 2 7 6 531 1650 1649
3574 2 2 7 6 752 1649 1650
3575 2 2 7 6 532 1652 1651
3576 2 2 7 6 753 1651 1652
3577 2 2 7 6 519 1723 1489
3578 2 2 7 6 582 1749 1518
3579 2 2 7 6 559 1487 1747
3580 2 2 7 6 156 1582 1737
3581 2 2 7 6 628 1737 1582
3582 2 2 7 6 560 1527 1728
3583 2 2 7 6 528 1580 1686
3584 2 2 7 6 527 1581 1685
3585 2 2 7 6 529 1579 1687
3586 2 2 7 6 531 1679 1584
3587 2 2 7 6 530 1678 1585
3588 2 2 7 6 532 1680 1583
3589 2 2 7 6 566 1752 1554
3590 2 2 7 6 565 1753 1557
3591 2 2 7 6 563 1754 1555
3592 2 2 7 6 564 1755 1556
3593 2 2 7 6 743 1779 1766
3594 2 2 7 6 742 1778 1767
3595 2 2 7 6 745 1777 1768
3596 2 2 7 6 744 1776 1769
3597 2 2 7 6 577 1769 1776
3598 2 2 7 6 576 1768 1777
3599 2 2 7 6 575 1767 1778
3600 2 2 7 6 574 1766 1779
$EndElements
