$MeshFormat
2.2 0 8
$EndMeshFormat
$Nodes
5361
1 -1 -1 0
2 1 -1 0
3 1 1 0
4 -1 1 0
5 -0.9062500000001823 -1 0
6 -0.8437500000002702 -1 0
7 -0.7812500000003679 -1 0
8 -0.7187500000005091 -1 0
9 -0.6562500000006943 -1 0
10 -0.5937500000008795 -1 0
11 -0.5312500000010647 -1 0
12 -0.468750000001257 -1 0
13 -0.4062500000014564 -1 0
14 -0.3437500000016558 -1 0
15 -0.2812500000018552 -1 0
16 -0.2187500000020547 -1 0
17 -0.1562500000022541 -1 0
18 -0.09375000000245359 -1 0
19 -0.03125000000265304 -1 0
20 0.03124999999733319 -1 0
21 0.09374999999750525 -1 0
22 0.1562499999976773 -1 0
23 0.2187499999978493 -1 0
24 0.2812499999980215 -1 0
25 0.3437499999981936 -1 0
26 0.4062499999983655 -1 0
27 0.4687499999985375 -1 0
28 0.5312499999987096 -1 0
29 0.5937499999988817 -1 0
30 0.6562499999990538 -1 0
31 0.7187499999992257 -1 0
32 0.7812499999993977 -1 0
33 0.8437499999995698 -1 0
34 0.9062499999997419 -1 0
35 0.968749999999914 -1 0
36 -0.9375000000001432 -1 0
37 -0.8750000000002213 -1 0
38 -0.8125000000003193 -1 0
39 -0.7500000000004167 -1 0
40 -0.6875000000006017 -1 0
41 -0.6250000000007869 -1 0
42 -0.5625000000009721 -1 0
43 -0.5000000000011573 -1 0
44 -0.4375000000013567 -1 0
45 -0.3750000000015561 -1 0
46 -0.3125000000017555 -1 0
47 -0.250000000001955 -1 0
48 -0.1875000000021544 -1 0
49 -0.1250000000023539 -1 0
50 -0.06250000000255329 -1 0
51 -2.752797989558076e-12 -1 0
52 0.06249999999741918 -1 0
53 0.1249999999975913 -1 0
54 0.1874999999977633 -1 0
55 0.2499999999979354 -1 0
56 0.3124999999981075 -1 0
57 0.3749999999982796 -1 0
58 0.4374999999984515 -1 0
59 0.4999999999986235 -1 0
60 0.5624999999987956 -1 0
61 0.6249999999989677 -1 0
62 0.6874999999991398 -1 0
63 0.7499999999993117 -1 0
64 0.8124999999994837 -1 0
65 0.8749999999996558 -1 0
66 0.9374999999998279 -1 0
67 -0.9687500000000716 -1 0
68 1 -0.9062500000001823 0
69 1 -0.8437500000002702 0
70 1 -0.7812500000003679 0
71 1 -0.7187500000005091 0
72 1 -0.6562500000006943 0
73 1 -0.5937500000008795 0
74 1 -0.5312500000010647 0
75 1 -0.468750000001257 0
76 1 -0.4062500000014564 0
77 1 -0.3437500000016558 0
78 1 -0.2812500000018552 0
79 1 -0.2187500000020547 0
80 1 -0.1562500000022541 0
81 1 -0.09375000000245359 0
82 1 -0.03125000000265304 0
83 1 0.03124999999733319 0
84 1 0.09374999999750525 0
85 1 0.1562499999976773 0
86 1 0.2187499999978493 0
87 1 0.2812499999980215 0
88 1 0.3437499999981936 0
89 1 0.4062499999983655 0
90 1 0.4687499999985375 0
91 1 0.5312499999987096 0
92 1 0.5937499999988817 0
93 1 0.6562499999990538 0
94 1 0.7187499999992257 0
95 1 0.7812499999993977 0
96 1 0.8437499999995698 0
97 1 0.9062499999997419 0
98 1 0.968749999999914 0
99 1 -0.9375000000001432 0
100 1 -0.8750000000002213 0
101 1 -0.8125000000003193 0
102 1 -0.7500000000004167 0
103 1 -0.6875000000006017 0
104 1 -0.6250000000007869 0
105 1 -0.5625000000009721 0
106 1 -0.5000000000011573 0
107 1 -0.4375000000013567 0
108 1 -0.3750000000015561 0
109 1 -0.3125000000017555 0
110 1 -0.250000000001955 0
111 1 -0.1875000000021544 0
112 1 -0.1250000000023539 0
113 1 -0.06250000000255329 0
114 1 -2.752797989558076e-12 0
115 1 0.06249999999741918 0
116 1 0.1249999999975913 0
117 1 0.1874999999977633 0
118 1 0.2499999999979354 0
119 1 0.3124999999981075 0
120 1 0.3749999999982796 0
121 1 0.4374999999984515 0
122 1 0.4999999999986235 0
123 1 0.5624999999987956 0
124 1 0.6249999999989677 0
125 1 0.6874999999991398 0
126 1 0.7499999999993117 0
127 1 0.8124999999994837 0
128 1 0.8749999999996558 0
129 1 0.9374999999998279 0
130 1 -0.9687500000000716 0
131 0.9062500000001823 1 0
132 0.8437500000002702 1 0
133 0.7812500000003679 1 0
134 0.7187500000005091 1 0
135 0.6562500000006943 1 0
136 0.5937500000008795 1 0
137 0.5312500000010647 1 0
138 0.468750000001257 1 0
139 0.4062500000014564 1 0
140 0.3437500000016558 1 0
141 0.2812500000018552 1 0
142 0.2187500000020547 1 0
143 0.1562500000022541 1 0
144 0.09375000000245359 1 0
145 0.03125000000265304 1 0
146 -0.03124999999733319 1 0
147 -0.09374999999750525 1 0
148 -0.1562499999976773 1 0
149 -0.2187499999978493 1 0
150 -0.2812499999980215 1 0
151 -0.3437499999981936 1 0
152 -0.4062499999983655 1 0
153 -0.4687499999985375 1 0
154 -0.5312499999987096 1 0
155 -0.5937499999988817 1 0
156 -0.6562499999990538 1 0
157 -0.7187499999992257 1 0
158 -0.7812499999993977 1 0
159 -0.8437499999995698 1 0
160 -0.9062499999997419 1 0
161 -0.968749999999914 1 0
162 0.9375000000001432 1 0
163 0.8750000000002213 1 0
164 0.8125000000003193 1 0
165 0.7500000000004167 1 0
166 0.6875000000006017 1 0
167 0.6250000000007869 1 0
168 0.5625000000009721 1 0
169 0.5000000000011573 1 0
170 0.4375000000013567 1 0
171 0.3750000000015561 1 0
172 0.3125000000017555 1 0
173 0.250000000001955 1 0
174 0.1875000000021544 1 0
175 0.1250000000023539 1 0
176 0.06250000000255329 1 0
177 2.752797989558076e-12 1 0
178 -0.06249999999741918 1 0
179 -0.1249999999975913 1 0
180 -0.1874999999977633 1 0
181 -0.2499999999979354 1 0
182 -0.3124999999981075 1 0
183 -0.3749999999982796 1 0
184 -0.4374999999984515 1 0
185 -0.4999999999986235 1 0
186 -0.5624999999987956 1 0
187 -0.6249999999989677 1 0
188 -0.6874999999991398 1 0
189 -0.7499999999993117 1 0
190 -0.8124999999994837 1 0
191 -0.8749999999996558 1 0
192 -0.9374999999998279 1 0
193 0.9687500000000716 1 0
194 -1 0.9062500000001823 0
195 -1 0.8437500000002702 0
196 -1 0.7812500000003679 0
197 -1 0.7187500000005091 0
198 -1 0.6562500000006943 0
199 -1 0.5937500000008795 0
200 -1 0.5312500000010647 0
201 -1 0.468750000001257 0
202 -1 0.4062500000014564 0
203 -1 0.3437500000016558 0
204 -1 0.2812500000018552 0
205 -1 0.2187500000020547 0
206 -1 0.1562500000022541 0
207 -1 0.09375000000245359 0
208 -1 0.03125000000265304 0
209 -1 -0.03124999999733319 0
210 -1 -0.09374999999750525 0
211 -1 -0.1562499999976773 0
212 -1 -0.2187499999978493 0
213 -1 -0.2812499999980215 0
214 -1 -0.3437499999981936 0
215 -1 -0.4062499999983655 0
216 -1 -0.4687499999985375 0
217 -1 -0.5312499999987096 0
218 -1 -0.5937499999988817 0
219 -1 -0.6562499999990538 0
220 -1 -0.7187499999992257 0
221 -1 -0.7812499999993977 0
222 -1 -0.8437499999995698 0
223 -1 -0.9062499999997419 0
224 -1 -0.968749999999914 0
225 -1 0.9375000000001432 0
226 -1 0.8750000000002213 0
227 -1 0.8125000000003193 0
228 -1 0.7500000000004167 0
229 -1 0.6875000000006017 0
230 -1 0.6250000000007869 0
231 -1 0.5625000000009721 0
232 -1 0.5000000000011573 0
233 -1 0.4375000000013567 0
234 -1 0.3750000000015561 0
235 -1 0.3125000000017555 0
236 -1 0.250000000001955 0
237 -1 0.1875000000021544 0
238 -1 0.1250000000023539 0
239 -1 0.06250000000255329 0
240 -1 2.752797989558076e-12 0
241 -1 -0.06249999999741918 0
242 -1 -0.1249999999975913 0
243 -1 -0.1874999999977633 0
244 -1 -0.2499999999979354 0
245 -1 -0.3124999999981075 0
246 -1 -0.3749999999982796 0
247 -1 -0.4374999999984515 0
248 -1 -0.4999999999986235 0
249 -1 -0.5624999999987956 0
250 -1 -0.6249999999989677 0
251 -1 -0.6874999999991398 0
252 -1 -0.7499999999993117 0
253 -1 -0.8124999999994837 0
254 -1 -0.8749999999996558 0
255 -1 -0.9374999999998279 0
256 -1 0.9687500000000716 0
257 -2.257813770273854e-19 -1.128906885136927e-19 0
258 0.4076687130804075 -0.4199178015383086 0
259 0.4199178015383086 0.4076687130804075 0
260 -0.4076687130804074 0.4199178015383086 0
261 -0.4199178015383086 -0.4076687130804076 0
262 -0.002711865794148722 -0.5618907071737439 0
263 0.5618907071737439 -0.002711865794148722 0
264 0.002711865794148723 0.5618907071737439 0
265 -0.5618907071737439 0.002711865794148722 0
266 -0.6554715568723082 -0.6576276709418546 0
267 0.6576276709418547 -0.655471556872308 0
268 0.655471556872308 0.6576276709418547 0
269 -0.6576276709418547 0.6554715568723082 0
270 0.1353861148719903 -0.2770290663998157 0
271 0.2770290663998157 0.1353861148719903 0
272 -0.1353861148719903 0.2770290663998157 0
273 -0.2770290663998157 -0.1353861148719903 0
274 -0.2794794593142307 -0.6923998875487685 0
275 0.6923998875487685 -0.2794794593142307 0
276 0.2794794593142307 0.6923998875487685 0
277 -0.6923998875487685 0.2794794593142307 0
278 0.281489133025135 -0.6956306116326837 0
279 0.6956306116326837 0.281489133025135 0
280 -0.281489133025135 0.6956306116326837 0
281 -0.6956306116326837 -0.281489133025135 0
282 0.3237864253488595 -0.1237106628990374 0
283 0.1237106628990374 0.3237864253488595 0
284 -0.1237106628990374 -0.3237864253488595 0
285 -0.3237864253488595 0.1237106628990374 0
286 -0.06205172351965056 -0.7703210994245813 0
287 0.7703210994245812 -0.06205172351965058 0
288 0.06205172351965058 0.7703210994245813 0
289 -0.7703210994245812 0.06205172351965058 0
290 0.2034998125374698 -0.478178665508998 0
291 0.478178665508998 0.2034998125374697 0
292 -0.2034998125374697 0.478178665508998 0
293 -0.4781786655089979 -0.2034998125374697 0
294 0.7859468774209716 -0.484898689338977 0
295 0.4848986893389771 0.7859468774209712 0
296 -0.7859468774209712 0.484898689338977 0
297 -0.4848986893389769 -0.7859468774209719 0
298 0.4875040321274555 -0.7863303545283735 0
299 0.7863303545283735 0.4875040321274555 0
300 -0.4875040321274555 0.7863303545283735 0
301 -0.7863303545283733 -0.4875040321274555 0
302 -0.8041658717698432 -0.7990908759578355 0
303 0.7990908759578355 -0.8041658717698433 0
304 0.8041658717698433 0.7990908759578355 0
305 -0.7990908759578355 0.8041658717698433 0
306 0.4913107753276515 -0.2240562372916034 0
307 0.2240562372916034 0.4913107753276515 0
308 -0.4913107753276515 0.2240562372916034 0
309 -0.2240562372916033 -0.4913107753276515 0
310 0.1265224536863273 -0.8081167370391773 0
311 0.8081167370391773 0.1265224536863273 0
312 -0.1265224536863273 0.8081167370391773 0
313 -0.8081167370391773 -0.1265224536863274 0
314 0.5979259956232719 -0.4828142213426009 0
315 0.4828142213426009 0.5979259956232719 0
316 -0.5979259956232719 0.4828142213426009 0
317 -0.4828142213426008 -0.597925995623272 0
318 0.4501748296848214 -0.6029037840025141 0
319 0.6029037840025141 0.4501748296848214 0
320 -0.4501748296848214 0.6029037840025141 0
321 -0.6029037840025141 -0.4501748296848213 0
322 0.1516462474959484 -0.09966842968987709 0
323 0.09966842968987709 0.1516462474959484 0
324 -0.1516462474959484 0.09966842968987709 0
325 -0.09966842968987709 -0.1516462474959484 0
326 0.3084625514142917 -0.2920060045391672 0
327 0.2920060045391671 0.3084625514142917 0
328 -0.3084625514142918 0.2920060045391671 0
329 -0.2920060045391671 -0.3084625514142917 0
330 0.8366413331837499 -0.6399810494899291 0
331 0.6399810494899291 0.8366413331837498 0
332 -0.8366413331837499 0.6399810494899291 0
333 -0.639981049489929 -0.83664133318375 0
334 0.6384427509568822 -0.8331269365115586 0
335 0.8331269365115586 0.6384427509568822 0
336 -0.6384427509568822 0.8331269365115586 0
337 -0.8331269365115584 -0.6384427509568815 0
338 -0.2165569307652687 -0.8377411551747214 0
339 0.8377411551747214 -0.2165569307652688 0
340 0.2165569307652688 0.8377411551747214 0
341 -0.8377411551747214 0.2165569307652688 0
342 0.0403592427041931 -0.3975939915897761 0
343 0.397593991589776 0.0403592427041931 0
344 -0.0403592427041931 0.3975939915897761 0
345 -0.3975939915897761 -0.0403592427041931 0
346 0.31719002822678 -0.8431442895134595 0
347 0.8431442895134595 0.31719002822678 0
348 -0.31719002822678 0.8431442895134595 0
349 -0.8431442895134595 -0.3171900282267798 0
350 0.1289158296420358 -0.6494342268870539 0
351 0.6494342268870539 0.1289158296420358 0
352 -0.1289158296420358 0.6494342268870539 0
353 -0.6494342268870539 -0.1289158296420358 0
354 -0.1358096344262759 -0.6348189268480288 0
355 0.6348189268480288 -0.1358096344262759 0
356 0.1358096344262759 0.6348189268480288 0
357 -0.6348189268480288 0.1358096344262759 0
358 0.8586922295983627 -0.3581653768564541 0
359 0.3581653768564541 0.8586922295983627 0
360 -0.8586922295983627 0.3581653768564541 0
361 -0.3581653768564541 -0.8586922295983629 0
362 0.032665432889833 -0.1810167323804462 0
363 0.1810167323804462 0.03266543288983301 0
364 -0.032665432889833 0.1810167323804462 0
365 -0.1810167323804462 -0.03266543288983301 0
366 -0.1083615053635371 -0.4685959650159119 0
367 0.4685959650159119 -0.108361505363537 0
368 0.1083615053635371 0.4685959650159119 0
369 -0.4685959650159119 0.1083615053635371 0
370 0.5617020718450192 -0.3453077860736367 0
371 0.3453077860736367 0.5617020718450192 0
372 -0.5617020718450192 0.3453077860736367 0
373 -0.3453077860736367 -0.5617020718450192 0
374 0.3343148524734187 -0.5206552737679842 0
375 0.5206552737679842 0.3343148524734187 0
376 -0.3343148524734187 0.5206552737679842 0
377 -0.520655273767984 -0.3343148524734187 0
378 0.008800124304488182 -0.8803881175041338 0
379 0.8803881175041338 0.008800124304488181 0
380 -0.008800124304488182 0.8803881175041338 0
381 -0.8803881175041338 -0.008800124304488182 0
382 0.01280249760305945 -0.6734522642919705 0
383 0.6734522642919705 0.01280249760305945 0
384 -0.01280249760305945 0.6734522642919705 0
385 -0.6734522642919706 -0.01280249760305945 0
386 0.6874592553493597 -0.4016504719004306 0
387 0.4016504719004306 0.6874592553493597 0
388 -0.6874592553493597 0.4016504719004306 0
389 -0.4016504719004304 -0.6874592553493597 0
390 0.5318273829468196 -0.6758059006078807 0
391 0.6758059006078807 0.5318273829468196 0
392 -0.5318273829468196 0.6758059006078807 0
393 -0.6758059006078808 -0.5318273829468192 0
394 -0.8902220676488842 -0.2071022506827244 0
395 0.2071022506827244 -0.8902220676488839 0
396 0.8902220676488837 0.2071022506827244 0
397 -0.2071022506827244 0.8902220676488839 0
398 0.2954089525007855 -0.4060858028711005 0
399 0.4060858028711005 0.2954089525007855 0
400 -0.2954089525007855 0.4060858028711005 0
401 -0.4060858028711004 -0.2954089525007855 0
402 0.2303093179282285 -0.2008388242564756 0
403 0.2008388242564756 0.2303093179282285 0
404 -0.2303093179282285 0.2008388242564756 0
405 -0.2008388242564756 -0.2303093179282285 0
406 0.2906816832914382 -0.02205569549219909 0
407 0.02205569549219909 0.2906816832914383 0
408 -0.02205569549219909 -0.2906816832914382 0
409 -0.2906816832914382 0.02205569549219909 0
410 -0.8786450980165463 -0.8870861367770517 0
411 0.8870861367770519 -0.8786450980165461 0
412 0.8786450980165461 0.8870861367770519 0
413 -0.8870861367770519 0.8786450980165461 0
414 -0.530888022927582 -0.8896357297860205 0
415 0.8896357297860207 -0.5308880229275823 0
416 0.5308880229275823 0.8896357297860207 0
417 -0.8896357297860207 0.5308880229275823 0
418 0.5317572561289945 -0.8921568633521653 0
419 0.8921568633521652 0.5317572561289945 0
420 -0.5317572561289945 0.8921568633521652 0
421 -0.892156863352165 -0.5317572561289942 0
422 -0.1159193818213882 -0.8849387083053615 0
423 0.8849387083053615 -0.1159193818213882 0
424 0.1159193818213882 0.8849387083053615 0
425 -0.8849387083053615 0.1159193818213882 0
426 0.6878222952783993 -0.5463262478435414 0
427 0.5463262478435413 0.6878222952783996 0
428 -0.6878222952783993 0.5463262478435413 0
429 -0.5463262478435413 -0.6878222952783997 0
430 -0.698082321719362 -0.4025567990161434 0
431 0.4025567990161434 -0.6980823217193619 0
432 0.6980823217193618 0.4025567990161434 0
433 -0.4025567990161434 0.6980823217193619 0
434 0.1381969317622187 -0.3896945989550468 0
435 0.3896945989550468 0.1381969317622187 0
436 -0.1381969317622187 0.3896945989550468 0
437 -0.3896945989550468 -0.1381969317622187 0
438 0.0928005639855866 -0.4957324833416916 0
439 0.4957324833416916 0.0928005639855866 0
440 -0.0928005639855866 0.4957324833416916 0
441 -0.4957324833416916 -0.0928005639855866 0
442 -0.733539719983776 -0.8895813937699388 0
443 0.8895813937699388 -0.7335397199837761 0
444 0.7335397199837761 0.8895813937699388 0
445 -0.8895813937699388 0.7335397199837761 0
446 -0.8922731129597878 -0.730616387392175 0
447 0.730616387392175 -0.8922731129597876 0
448 0.8922731129597876 0.730616387392175 0
449 -0.730616387392175 0.8922731129597875 0
450 -0.1746546184978312 -0.7387081118982876 0
451 0.7387081118982876 -0.1746546184978312 0
452 0.1746546184978312 0.7387081118982876 0
453 -0.7387081118982876 0.1746546184978312 0
454 0.3882022973108118 -0.2128090127347684 0
455 0.2128090127347684 0.3882022973108118 0
456 -0.3882022973108118 0.2128090127347684 0
457 -0.2128090127347684 -0.3882022973108118 0
458 0.2214684738336556 -0.5940472026803911 0
459 0.5940472026803911 0.2214684738336556 0
460 -0.2214684738336555 0.5940472026803911 0
461 -0.5940472026803911 -0.2214684738336557 0
462 -0.5004278792960324 -0.4845510863180111 0
463 0.4845510863180112 -0.5004278792960323 0
464 0.5004278792960323 0.4845510863180112 0
465 -0.4845510863180112 0.5004278792960323 0
466 0.4253108897273648 -0.893686023651673 0
467 0.893686023651673 0.4253108897273648 0
468 -0.4253108897273648 0.893686023651673 0
469 -0.893686023651673 -0.4253108897273649 0
470 0.7602797024525725 -0.7046648973155603 0
471 0.7046648973155603 0.7602797024525726 0
472 -0.7602797024525725 0.7046648973155603 0
473 -0.70466489731556 -0.7602797024525725 0
474 0.4298908358925135 -0.3123067161768103 0
475 0.3123067161768103 0.4298908358925135 0
476 -0.4298908358925135 0.3123067161768103 0
477 -0.3123067161768103 -0.4298908358925135 0
478 0.5787860468783059 -0.5802961441532943 0
479 0.5802961441532943 0.5787860468783058 0
480 -0.5787860468783058 0.5802961441532942 0
481 -0.5802961441532942 -0.5787860468783057 0
482 -0.7744653372323675 -0.2281342509798421 0
483 0.2281342509798423 -0.7744653372323673 0
484 0.7744653372323675 0.2281342509798423 0
485 -0.2281342509798423 0.7744653372323675 0
486 -0.2329649326762709 -0.6004327017288197 0
487 0.6004327017288197 -0.2329649326762709 0
488 0.2329649326762709 0.6004327017288197 0
489 -0.6004327017288197 0.2329649326762709 0
490 0.09620664524129269 -0.01683273325058381 0
491 0.01683273325058381 0.09620664524129269 0
492 -0.09620664524129269 0.01683273325058381 0
493 -0.01683273325058381 -0.09620664524129269 0
494 -0.6186709525316528 -0.3449302325660857 0
495 0.3449302325660858 -0.6186709525316532 0
496 0.6186709525316532 0.3449302325660858 0
497 -0.3449302325660858 0.6186709525316532 0
498 0.1043578979928386 -0.9032639808434757 0
499 0.9032639808434757 0.1043578979928386 0
500 -0.1043578979928386 0.9032639808434757 0
501 -0.9032639808434757 -0.1043578979928387 0
502 0.2177773919885901 -0.3317868300364509 0
503 0.3317868300364509 0.2177773919885901 0
504 -0.2177773919885901 0.3317868300364509 0
505 -0.3317868300364509 -0.2177773919885901 0
506 0.6095833101730477 -0.7398876204736262 0
507 0.7398876204736262 0.6095833101730477 0
508 -0.6095833101730477 0.739887620473626 0
509 -0.739887620473626 -0.609583310173047 0
510 0.02240077637116444 -0.7726896487120576 0
511 0.7726896487120576 0.02240077637116444 0
512 -0.02240077637116444 0.7726896487120576 0
513 -0.7726896487120575 -0.02240077637116444 0
514 -0.3435540701260681 -0.7638435790175373 0
515 0.763843579017537 -0.3435540701260683 0
516 0.3435540701260683 0.763843579017537 0
517 -0.763843579017537 0.3435540701260683 0
518 0.9057887783174312 -0.4397921074426846 0
519 0.4397921074426846 0.9057887783174312 0
520 -0.9057887783174312 0.4397921074426846 0
521 -0.4397921074426844 -0.9057887783174314 0
522 0.9106943768297754 -0.2813069872171065 0
523 0.2813069872171064 0.9106943768297753 0
524 -0.9106943768297753 0.2813069872171064 0
525 -0.2813069872171066 -0.9106943768297752 0
526 0.2439009579890115 -0.08839025977123427 0
527 0.08839025977123427 0.2439009579890115 0
528 -0.08839025977123427 -0.2439009579890115 0
529 -0.2439009579890115 0.08839025977123427 0
530 0.5512519375956958 -0.1614858121471699 0
531 0.1614858121471699 0.5512519375956958 0
532 -0.5512519375956958 0.1614858121471699 0
533 -0.1614858121471699 -0.5512519375956958 0
534 -0.4075046870682461 -0.5070893917470473 0
535 0.5070893917470471 -0.407504687068246 0
536 0.407504687068246 0.5070893917470471 0
537 -0.5070893917470471 0.407504687068246 0
538 0.1222815302228733 -0.1914080271132135 0
539 0.1914080271132135 0.1222815302228733 0
540 -0.1222815302228733 0.1914080271132135 0
541 -0.1914080271132135 -0.1222815302228733 0
542 0.7425690986768817 -0.6223250688127587 0
543 0.6223250688127587 0.7425690986768817 0
544 -0.7425690986768816 0.6223250688127587 0
545 -0.6223250688127586 -0.7425690986768818 0
546 -0.7824740439135325 -0.710649595252686 0
547 0.7106495952526863 -0.7824740439135327 0
548 0.7824740439135327 0.7106495952526863 0
549 -0.7106495952526863 0.7824740439135327 0
550 0.1572746370639254 -0.5667077686809313 0
551 0.5667077686809313 0.1572746370639254 0
552 -0.1572746370639254 0.5667077686809313 0
553 -0.5667077686809313 -0.1572746370639255 0
554 0.9149666409305818 -0.6506651622832922 0
555 0.6506651622832922 0.9149666409305818 0
556 -0.9149666409305818 0.6506651622832922 0
557 -0.6506651622832919 -0.9149666409305816 0
558 0.6525517562844613 -0.9185272292149564 0
559 0.9185272292149564 0.6525517562844613 0
560 -0.6525517562844613 0.9185272292149564 0
561 -0.9185272292149562 -0.6525517562844608 0
562 0.3837939935434767 -0.04647583133357445 0
563 0.04647583133357445 0.3837939935434767 0
564 -0.04647583133357445 -0.3837939935434767 0
565 -0.3837939935434767 0.04647583133357445 0
566 -0.01398634516500474 -0.473995640054083 0
567 0.473995640054083 -0.01398634516500474 0
568 0.01398634516500474 0.473995640054083 0
569 -0.473995640054083 0.01398634516500474 0
570 -0.9210003430871805 -0.2909319842478669 0
571 0.2909319842478671 -0.9210003430871805 0
572 0.9210003430871805 0.2909319842478671 0
573 -0.2909319842478671 0.9210003430871805 0
574 0.1014100325077105 0.06833126917405116 0
575 -0.06833126917405116 0.1014100325077105 0
576 -0.1014100325077105 -0.06833126917405118 0
577 0.06833126917405118 -0.1014100325077105 0
578 -0.07888166338363821 -0.6934264357600817 0
579 0.6934264357600817 -0.0788816633836382 0
580 0.0788816633836382 0.6934264357600817 0
581 -0.6934264357600817 0.0788816633836382 0
582 0.2970985085042982 -0.1906772958615282 0
583 0.1906772958615282 0.2970985085042982 0
584 -0.2970985085042982 0.1906772958615282 0
585 -0.1906772958615282 -0.2970985085042982 0
586 0.09731004658574961 -0.7255304264924101 0
587 0.7255304264924101 0.0973100465857496 0
588 -0.0973100465857496 0.7255304264924101 0
589 -0.7255304264924101 -0.0973100465857495 0
590 -0.7465371186938607 -0.3215588926134672 0
591 0.321558892613467 -0.7465371186938607 0
592 0.7465371186938607 0.321558892613467 0
593 -0.321558892613467 0.7465371186938607 0
594 -0.7070172479118997 -0.1983536599248747 0
595 0.1983536599248748 -0.7070172479118996 0
596 0.7070172479118996 0.1983536599248748 0
597 -0.1983536599248748 0.7070172479118996 0
598 0.5578857357232088 -0.8073570506717893 0
599 0.8073570506717893 0.5578857357232088 0
600 -0.5578857357232088 0.8073570506717893 0
601 -0.8073570506717884 -0.5578857357232084 0
602 -0.5516022046946778 -0.7950676002506698 0
603 0.7950676002506696 -0.5516022046946781 0
604 0.5516022046946781 0.7950676002506696 0
605 -0.7950676002506696 0.5516022046946781 0
606 0.06616793914019517 -0.3280000470309161 0
607 0.3280000470309161 0.06616793914019517 0
608 -0.06616793914019517 0.3280000470309161 0
609 -0.3280000470309161 -0.06616793914019517 0
610 -0.1846822573046872 -0.9173737291531252 0
611 0.9173737291531252 -0.1846822573046872 0
612 0.1846822573046872 0.9173737291531252 0
613 -0.9173737291531252 0.1846822573046872 0
614 0.3518827570786628 -0.3442282671242587 0
615 0.3442282671242587 0.3518827570786628 0
616 -0.3518827570786628 0.3442282671242587 0
617 -0.3442282671242587 -0.3518827570786628 0
618 0.7900520686691094 -0.2626154286494535 0
619 0.2626154286494535 0.7900520686691094 0
620 -0.7900520686691094 0.2626154286494535 0
621 -0.2626154286494535 -0.7900520686691093 0
622 0.9189930503690457 -0.8128273094751223 0
623 0.8128273094751223 0.9189930503690457 0
624 -0.9189930503690457 0.8128273094751223 0
625 -0.8128273094751224 -0.9189930503690455 0
626 0.8096135777213586 -0.9186225509773591 0
627 0.9186225509773591 0.8096135777213586 0
628 -0.8096135777213586 0.9186225509773591 0
629 -0.918622550977359 -0.8096135777213587 0
630 -0.8007479385088437 -0.399033429006081 0
631 0.3990334290060806 -0.8007479385088437 0
632 0.8007479385088437 0.3990334290060806 0
633 -0.3990334290060806 0.8007479385088437 0
634 -0.07329671138650523 -0.5758664028527192 0
635 0.5758664028527192 -0.07329671138650523 0
636 0.07329671138650523 0.5758664028527192 0
637 -0.5758664028527192 0.07329671138650523 0
638 -0.1487781655826036 -0.8105467197609529 0
639 0.8105467197609529 -0.1487781655826036 0
640 0.1487781655826036 0.8105467197609529 0
641 -0.8105467197609529 0.1487781655826036 0
642 0.05504262602400423 -0.6185498308138289 0
643 0.6185498308138289 0.05504262602400423 0
644 -0.05504262602400423 0.6185498308138289 0
645 -0.6185498308138289 -0.05504262602400423 0
646 0.4092454760643495 -0.4917454554960744 0
647 0.4917454554960744 0.4092454760643495 0
648 -0.4092454760643495 0.4917454554960744 0
649 -0.4917454554960743 -0.4092454760643496 0
650 0.2291430989918381 -0.4193552485196378 0
651 0.4193552485196378 0.2291430989918381 0
652 -0.2291430989918381 0.4193552485196379 0
653 -0.4193552485196377 -0.229143098991838 0
654 -0.3187823381346511 -0.5026757943506558 0
655 0.5026757943506559 -0.3187823381346511 0
656 0.3187823381346511 0.5026757943506559 0
657 -0.5026757943506559 0.3187823381346511 0
658 -0.04357395372233906 -0.9271873583217604 0
659 0.9271873583217604 -0.04357395372233906 0
660 0.04357395372233906 0.9271873583217604 0
661 -0.9271873583217604 0.04357395372233906 0
662 0.0717187099271186 -0.260918068982727 0
663 0.260918068982727 0.0717187099271186 0
664 -0.0717187099271186 0.260918068982727 0
665 -0.260918068982727 -0.0717187099271186 0
666 0.5106453299139776 -0.5692642582186823 0
667 0.5692642582186823 0.5106453299139776 0
668 -0.5106453299139776 0.5692642582186823 0
669 -0.5692642582186822 -0.5106453299139776 0
670 0.4618059868966295 -0.6717358609463 0
671 0.6717358609463 0.4618059868966295 0
672 -0.4618059868966295 0.6717358609463 0
673 -0.6717358609463003 -0.4618059868966294 0
674 0.6656824604296058 -0.2074209496753619 0
675 0.2074209496753618 0.6656824604296057 0
676 -0.6656824604296058 0.2074209496753619 0
677 -0.2074209496753618 -0.6656824604296057 0
678 0.4141510990819143 -0.1442817499090907 0
679 0.1442817499090907 0.4141510990819143 0
680 -0.4141510990819143 0.1442817499090907 0
681 -0.1442817499090907 -0.4141510990819143 0
682 0.7097082230658309 -0.4784495010880511 0
683 0.4784495010880511 0.7097082230658309 0
684 -0.7097082230658309 0.4784495010880511 0
685 -0.478449501088051 -0.7097082230658313 0
686 0.6567786254021285 -0.3374104978026443 0
687 0.3374104978026443 0.6567786254021284 0
688 -0.6567786254021285 0.3374104978026443 0
689 -0.3374104978026443 -0.6567786254021286 0
690 0.614769324521022 -0.3846620944412368 0
691 0.3846620944412368 0.614769324521022 0
692 -0.614769324521022 0.3846620944412369 0
693 -0.3846620944412367 -0.6147693245210224 0
694 0.187883392982309 -0.01762727056379579 0
695 0.01762727056379579 0.187883392982309 0
696 -0.187883392982309 0.01762727056379579 0
697 -0.01762727056379579 -0.187883392982309 0
698 0.8004685120118388 -0.4015002684144071 0
699 0.4015002684144072 0.8004685120118388 0
700 -0.8004685120118388 0.4015002684144072 0
701 -0.4015002684144069 -0.8004685120118392 0
702 0.9450352128467087 -0.338359155564761 0
703 0.338359155564761 0.9450352128467085 0
704 -0.9450352128467085 0.338359155564761 0
705 -0.3383591555647613 -0.9450352128467087 0
706 0.2637922392969775 -0.5223812097194079 0
707 0.5223812097194079 0.2637922392969775 0
708 -0.2637922392969775 0.5223812097194079 0
709 -0.5223812097194078 -0.2637922392969774 0
710 -0.2872737969758242 -0.8515231054884687 0
711 0.8515231054884687 -0.287273796975824 0
712 0.287273796975824 0.8515231054884684 0
713 -0.8515231054884684 0.287273796975824 0
714 -0.9266748810067038 -0.3704534866482754 0
715 0.3704534866482756 -0.9266748810067038 0
716 0.9266748810067038 0.3704534866482756 0
717 -0.3704534866482756 0.9266748810067038 0
718 0.3539517138666828 -0.4531968225655287 0
719 0.4531968225655287 0.3539517138666828 0
720 -0.3539517138666828 0.4531968225655287 0
721 -0.4531968225655286 -0.3539517138666829 0
722 0.8203013970788242 -0.7053333308140938 0
723 0.7053333308140938 0.820301397078824 0
724 -0.8203013970788241 0.7053333308140938 0
725 -0.7053333308140934 -0.8203013970788242 0
726 -0.04692198929308079 -0.8396628860474499 0
727 0.8396628860474499 -0.04692198929308079 0
728 0.04692198929308079 0.83966288604745 0
729 -0.8396628860474499 0.04692198929308079 0
730 -0.5937806482240267 -0.9427364213304795 0
731 0.9427364213304795 -0.5937806482240268 0
732 0.5937806482240268 0.9427364213304795 0
733 -0.9427364213304795 0.5937806482240268 0
734 -0.943266102595277 -0.5931353592053604 0
735 0.5931353592053609 -0.9432661025952773 0
736 0.9432661025952773 0.5931353592053608 0
737 -0.5931353592053608 0.9432661025952773 0
738 0.472367516304511 -0.1622471416592785 0
739 0.1622471416592785 0.472367516304511 0
740 -0.472367516304511 0.1622471416592785 0
741 -0.1622471416592785 -0.472367516304511 0
742 -0.9360396414329282 -0.1576196731357267 0
743 0.1576196731357265 -0.9360396414329279 0
744 0.9360396414329279 0.1576196731357265 0
745 -0.1576196731357264 0.9360396414329278 0
746 0.2022504372559586 -0.2662849305001639 0
747 0.2662849305001639 0.2022504372559586 0
748 -0.2022504372559586 0.2662849305001639 0
749 -0.2662849305001639 -0.2022504372559586 0
750 0.6711066144853678 -0.7219686820922161 0
751 0.7219686820922161 0.6711066144853678 0
752 -0.6711066144853678 0.7219686820922161 0
753 -0.721968682092216 -0.6711066144853672 0
754 -0.02690633646653309 -0.6245055031034129 0
755 0.6245055031034129 -0.02690633646653309 0
756 0.02690633646653309 0.6245055031034129 0
757 -0.6245055031034129 0.02690633646653309 0
758 -0.9339618623507389 -0.4742072075771842 0
759 0.4742072075771842 -0.9339618623507387 0
760 0.9339618623507389 0.4742072075771842 0
761 -0.4742072075771843 0.9339618623507387 0
762 0.9245518105931707 -0.9235469250264832 0
763 0.9235469250264832 0.9245518105931707 0
764 -0.9245518105931707 0.9235469250264832 0
765 -0.9235469250264832 -0.9245518105931707 0
766 0.04936315810567761 -0.9317144188405078 0
767 0.9317144188405078 0.04936315810567761 0
768 -0.04936315810567761 0.9317144188405078 0
769 -0.9317144188405078 -0.04936315810567761 0
770 0.2637381368673632 -0.8325709746480867 0
771 0.8325709746480867 0.2637381368673632 0
772 -0.2637381368673632 0.8325709746480867 0
773 -0.8325709746480865 -0.263738136867363 0
774 0.5403254470578609 -0.7444268933263242 0
775 0.7444268933263242 0.5403254470578609 0
776 -0.5403254470578609 0.7444268933263241 0
777 -0.7444268933263238 -0.54032544705786 0
778 0.4779313307925569 -0.8597402855820122 0
779 0.8597402855820122 0.4779313307925569 0
780 -0.4779313307925569 0.8597402855820122 0
781 -0.8597402855820119 -0.4779313307925571 0
782 -0.4763460005467444 -0.8496091366600815 0
783 0.8496091366600815 -0.4763460005467451 0
784 0.4763460005467451 0.8496091366600815 0
785 -0.8496091366600815 0.4763460005467451 0
786 -0.5648099778203133 -0.3844333122991594 0
787 0.3844333122991592 -0.5648099778203135 0
788 0.5648099778203135 0.3844333122991592 0
789 -0.3844333122991592 0.5648099778203135 0
790 0.3734819593153416 -0.2757612055504898 0
791 0.2757612055504898 0.3734819593153417 0
792 -0.3734819593153416 0.2757612055504898 0
793 -0.2757612055504898 -0.3734819593153417 0
794 0.260976269585836 -0.4611589803702807 0
795 0.4611589803702806 0.2609762695858359 0
796 -0.2609762695858359 0.4611589803702806 0
797 -0.4611589803702806 -0.2609762695858359 0
798 0.09181220627922901 -0.4308731304141889 0
799 0.4308731304141889 0.09181220627922901 0
800 -0.09181220627922901 0.4308731304141889 0
801 -0.430873130414189 -0.09181220627922901 0
802 0.1438864052176123 -0.455996624226834 0
803 0.455996624226834 0.1438864052176123 0
804 -0.1438864052176123 0.455996624226834 0
805 -0.4559966242268338 -0.1438864052176123 0
806 0.1498746877173953 -0.7572954987743126 0
807 0.7572954987743126 0.1498746877173953 0
808 -0.1498746877173953 0.7572954987743126 0
809 -0.7572954987743126 -0.1498746877173952 0
810 0.07262024703154529 -0.8479266752663017 0
811 0.8479266752663017 0.07262024703154529 0
812 -0.07262024703154529 0.8479266752663017 0
813 -0.8479266752663017 -0.07262024703154529 0
814 -0.8610758581940084 -0.1554268160129639 0
815 0.1554268160129636 -0.8610758581940082 0
816 0.8610758581940082 0.1554268160129636 0
817 -0.1554268160129636 0.8610758581940082 0
818 0.2848986276148449 -0.6324377579066733 0
819 0.6324377579066733 0.2848986276148449 0
820 -0.2848986276148449 0.6324377579066733 0
821 -0.6324377579066732 -0.2848986276148448 0
822 0.06041811413896252 -0.5578815778038364 0
823 0.5578815778038364 0.06041811413896252 0
824 -0.06041811413896252 0.5578815778038364 0
825 -0.5578815778038364 -0.06041811413896252 0
826 0.457759828749363 -0.366974355460601 0
827 0.366974355460601 0.457759828749363 0
828 -0.457759828749363 0.366974355460601 0
829 -0.366974355460601 -0.4577598287493631 0
830 0.5937400358119679 -0.6469638994253019 0
831 0.6469638994253019 0.5937400358119679 0
832 -0.593740035811968 0.646963899425302 0
833 -0.646963899425302 -0.5937400358119677 0
834 0.2649332106987499 -0.138152932338374 0
835 0.138152932338374 0.2649332106987499 0
836 -0.2649332106987499 0.138152932338374 0
837 -0.138152932338374 -0.2649332106987499 0
838 -0.5363890436056865 -0.6214247840995127 0
839 0.6214247840995126 -0.5363890436056865 0
840 0.5363890436056865 0.6214247840995126 0
841 -0.6214247840995126 0.5363890436056865 0
842 0.6390591476942187 -0.596606753554869 0
843 0.5966067535548689 0.6390591476942187 0
844 -0.6390591476942187 0.596606753554869 0
845 -0.5966067535548691 -0.6390591476942186 0
846 0.2799703802535414 -0.3434045453949175 0
847 0.3434045453949175 0.2799703802535414 0
848 -0.2799703802535414 0.3434045453949175 0
849 -0.3434045453949175 -0.2799703802535414 0
850 -0.526752853319623 -0.7409093477238123 0
851 0.7409093477238122 -0.5267528533196232 0
852 0.5267528533196232 0.7409093477238123 0
853 -0.7409093477238122 0.5267528533196232 0
854 0.8501405013412023 -0.8247273103522925 0
855 0.8247273103522925 0.8501405013412023 0
856 -0.8501405013412023 0.8247273103522925 0
857 -0.8247273103522923 -0.8501405013412021 0
858 -0.4943674191065003 -0.9372553887135435 0
859 0.9372553887135436 -0.4943674191065005 0
860 0.4943674191065005 0.9372553887135436 0
861 -0.9372553887135436 0.4943674191065005 0
862 -0.05257340331502526 -0.510243070282081 0
863 0.510243070282081 -0.05257340331502526 0
864 0.05257340331502526 0.5102430702820809 0
865 -0.510243070282081 0.05257340331502526 0
866 0.2019900157146833 -0.1396853858669745 0
867 0.1396853858669745 0.2019900157146833 0
868 -0.2019900157146833 0.1396853858669745 0
869 -0.1396853858669745 -0.2019900157146833 0
870 -0.0166589107974492 -0.7290688491422109 0
871 0.7290688491422109 -0.0166589107974492 0
872 0.0166589107974492 0.7290688491422109 0
873 -0.7290688491422109 0.0166589107974492 0
874 0.5575245302400067 -0.2789346291926594 0
875 0.2789346291926594 0.5575245302400068 0
876 -0.5575245302400068 0.2789346291926594 0
877 -0.2789346291926594 -0.5575245302400067 0
878 0.3331252311844516 -0.05890873294865552 0
879 0.05890873294865552 0.3331252311844517 0
880 -0.05890873294865552 -0.3331252311844516 0
881 -0.3331252311844516 0.05890873294865552 0
882 -0.860466141593916 -0.7882346054654025 0
883 0.7882346054654024 -0.860466141593916 0
884 0.860466141593916 0.7882346054654024 0
885 -0.7882346054654024 0.860466141593916 0
886 -0.5212984014421723 -0.5551776786379699 0
887 0.5551776786379699 -0.5212984014421724 0
888 0.5212984014421724 0.5551776786379699 0
889 -0.5551776786379699 0.5212984014421723 0
890 0.4340396869371204 -0.2497101804602058 0
891 0.2497101804602058 0.4340396869371204 0
892 -0.4340396869371204 0.2497101804602058 0
893 -0.2497101804602058 -0.4340396869371204 0
894 -0.9416190458985928 -0.2340653516299511 0
895 0.2340653516299511 -0.9416190458985927 0
896 0.9416190458985927 0.2340653516299511 0
897 -0.2340653516299511 0.9416190458985927 0
898 -0.4289223881189339 -0.7427438485984109 0
899 0.7427438485984109 -0.428922388118934 0
900 0.428922388118934 0.7427438485984107 0
901 -0.7427438485984107 0.428922388118934 0
902 0.6442769716639988 -0.4503353872213196 0
903 0.4503353872213196 0.6442769716639989 0
904 -0.6442769716639988 0.4503353872213196 0
905 -0.4503353872213193 -0.6442769716639991 0
906 -0.6426153778824778 -0.3994138598093452 0
907 0.3994138598093454 -0.6426153778824777 0
908 0.6426153778824777 0.3994138598093454 0
909 -0.3994138598093454 0.6426153778824777 0
910 -0.6838544169474693 -0.34508463957944 0
911 0.34508463957944 -0.6838544169474692 0
912 0.6838544169474692 0.34508463957944 0
913 -0.34508463957944 0.6838544169474692 0
914 -0.09569378994531511 -0.9429436501270463 0
915 0.9429436501270461 -0.09569378994531511 0
916 0.09569378994531511 0.9429436501270463 0
917 -0.9429436501270463 0.09569378994531511 0
918 -0.7084120811760921 -0.9437987290382881 0
919 0.9437987290382881 -0.7084120811760921 0
920 0.7084120811760921 0.9437987290382881 0
921 -0.9437987290382881 0.7084120811760921 0
922 0.7078799069095646 -0.9547275206353923 0
923 0.9547275206353923 0.7078799069095646 0
924 -0.7078799069095646 0.9547275206353923 0
925 -0.954727520635392 -0.7078799069095647 0
926 -0.5867989087558453 -0.8632696889757498 0
927 0.8632696889757498 -0.5867989087558457 0
928 0.5867989087558456 0.8632696889757496 0
929 -0.8632696889757498 0.5867989087558457 0
930 0.5921570896949377 -0.8705646437652361 0
931 0.870564643765236 0.5921570896949377 0
932 -0.5921570896949377 0.8705646437652361 0
933 -0.870564643765235 -0.5921570896949365 0
934 0.2632267457503961 -0.2459968121885557 0
935 0.2459968121885557 0.2632267457503961 0
936 -0.2632267457503961 0.2459968121885557 0
937 -0.2459968121885557 -0.2632267457503961 0
938 -0.1167598744104432 -0.7479282329346284 0
939 0.7479282329346282 -0.1167598744104432 0
940 0.1167598744104432 0.7479282329346284 0
941 -0.7479282329346282 0.1167598744104432 0
942 0.4482903788651998 -0.730449051604979 0
943 0.730449051604979 0.4482903788651998 0
944 -0.4482903788651998 0.730449051604979 0
945 -0.7304490516049792 -0.4482903788651998 0
946 0.9452395370592417 -0.8669585389035197 0
947 0.8669585389035197 0.9452395370592417 0
948 -0.9452395370592416 0.8669585389035197 0
949 -0.8669585389035201 -0.9452395370592414 0
950 0.8651731273647605 -0.9395552339787875 0
951 0.9395552339787875 0.8651731273647605 0
952 -0.8651731273647605 0.9395552339787875 0
953 -0.9395552339787874 -0.8651731273647605 0
954 0.1660802657333755 -0.3262608003706671 0
955 0.3262608003706671 0.1660802657333756 0
956 -0.1660802657333756 0.3262608003706671 0
957 -0.3262608003706671 -0.1660802657333756 0
958 0.6903537235975794 -0.8306068290888887 0
959 0.8306068290888888 0.6903537235975794 0
960 -0.6903537235975794 0.8306068290888887 0
961 -0.8306068290888888 -0.690353723597579 0
962 0.3060896313402416 -0.5732948239360333 0
963 0.5732948239360333 0.3060896313402416 0
964 -0.3060896313402416 0.5732948239360333 0
965 -0.5732948239360329 -0.3060896313402419 0
966 0.06585050395896565 0.02947874542094498 0
967 -0.02947874542094499 0.06585050395896565 0
968 -0.06585050395896565 -0.02947874542094499 0
969 0.02947874542094499 -0.06585050395896565 0
970 0.002299049793070539 -0.3480928658072428 0
971 0.3480928658072428 0.002299049793070539 0
972 -0.002299049793070539 0.3480928658072428 0
973 -0.3480928658072428 -0.002299049793070539 0
974 0.2347750435758136 0.01413716632712433 0
975 -0.01413716632712433 0.2347750435758136 0
976 0.01413716632712433 -0.2347750435758136 0
977 -0.2347750435758136 -0.01413716632712433 0
978 0.446230790999367 -0.5441492481760548 0
979 0.5441492481760548 0.446230790999367 0
980 -0.446230790999367 0.5441492481760548 0
981 -0.5441492481760547 -0.446230790999367 0
982 -0.6280304575824189 -0.5011512621780246 0
983 0.501151262178025 -0.6280304575824189 0
984 0.6280304575824189 0.501151262178025 0
985 -0.501151262178025 0.6280304575824189 0
986 -0.6533137692549319 -0.1800695301587504 0
987 0.1800695301587504 -0.6533137692549318 0
988 0.6533137692549318 0.1800695301587504 0
989 -0.1800695301587503 0.6533137692549318 0
990 0.6301910243124536 -0.2756904618391552 0
991 0.2756904618391552 0.6301910243124536 0
992 -0.6301910243124536 0.2756904618391552 0
993 -0.2756904618391552 -0.6301910243124537 0
994 0.535282973137383 -0.4559435370815889 0
995 0.4559435370815889 0.535282973137383 0
996 -0.535282973137383 0.4559435370815888 0
997 -0.4559435370815888 -0.5352829731373832 0
998 0.07934357437899622 -0.671641837817805 0
999 0.671641837817805 0.07934357437899622 0
1000 -0.07934357437899622 0.671641837817805 0
1001 -0.671641837817805 -0.07934357437899614 0
1002 -0.337729663626348 -0.7079419658798439 0
1003 0.707941965879844 -0.3377296636263482 0
1004 0.3377296636263482 0.707941965879844 0
1005 -0.707941965879844 0.3377296636263482 0
1006 0.2747203982089866 -0.746928244044564 0
1007 0.746928244044564 0.2747203982089866 0
1008 -0.2747203982089866 0.746928244044564 0
1009 -0.7469282440445639 -0.2747203982089867 0
1010 0.653272045382061 -0.7781880544242836 0
1011 0.7781880544242836 0.653272045382061 0
1012 -0.653272045382061 0.7781880544242836 0
1013 -0.7781880544242833 -0.6532720453820594 0
1014 0.2004299742974689 -0.5346082619208635 0
1015 0.5346082619208635 0.2004299742974689 0
1016 -0.2004299742974689 0.5346082619208635 0
1017 -0.5346082619208635 -0.2004299742974689 0
1018 0.7281701772078566 -0.2334271368157848 0
1019 0.2334271368157848 0.7281701772078566 0
1020 -0.7281701772078566 0.2334271368157848 0
1021 -0.2334271368157846 -0.7281701772078564 0
1022 0.03683365356239432 -0.4566550200362816 0
1023 0.4566550200362814 0.03683365356239432 0
1024 -0.03683365356239431 0.4566550200362816 0
1025 -0.4566550200362814 -0.03683365356239431 0
1026 -0.445604318555965 -0.462583612930929 0
1027 0.462583612930929 -0.445604318555965 0
1028 0.445604318555965 0.462583612930929 0
1029 -0.462583612930929 0.445604318555965 0
1030 0.9512241617216897 -0.4052781870481781 0
1031 0.4052781870481781 0.9512241617216897 0
1032 -0.9512241617216897 0.4052781870481781 0
1033 -0.4052781870481784 -0.9512241617216899 0
1034 0.08466268004588325 -0.1523319862279665 0
1035 0.1523319862279664 0.08466268004588325 0
1036 -0.08466268004588325 0.1523319862279664 0
1037 -0.1523319862279664 -0.08466268004588325 0
1038 -0.6733698911347362 -0.718400103157785 0
1039 0.7184001031577849 -0.6733698911347362 0
1040 0.6733698911347362 0.7184001031577849 0
1041 -0.7184001031577848 0.6733698911347362 0
1042 -0.2360233767219111 -0.9468078624048868 0
1043 0.9468078624048868 -0.2360233767219112 0
1044 0.2360233767219112 0.9468078624048868 0
1045 -0.9468078624048868 0.2360233767219112 0
1046 -0.1790473690170473 -0.5979668973061451 0
1047 0.5979668973061452 -0.1790473690170473 0
1048 0.1790473690170473 0.5979668973061451 0
1049 -0.5979668973061452 0.1790473690170473 0
1050 -0.1709362789650848 -0.8669153482850185 0
1051 0.8669153482850185 -0.1709362789650848 0
1052 0.1709362789650848 0.8669153482850185 0
1053 -0.8669153482850185 0.1709362789650848 0
1054 0.7843220775956146 -0.2068420705672569 0
1055 0.2068420705672569 0.7843220775956146 0
1056 -0.7843220775956146 0.2068420705672569 0
1057 -0.2068420705672567 -0.7843220775956148 0
1058 0.5515578925747101 -0.210056497267873 0
1059 0.210056497267873 0.5515578925747102 0
1060 -0.5515578925747102 0.210056497267873 0
1061 -0.210056497267873 -0.5515578925747101 0
1062 0.8370314976750295 -0.764373354271924 0
1063 0.764373354271924 0.8370314976750297 0
1064 -0.8370314976750297 0.764373354271924 0
1065 -0.7643733542719235 -0.8370314976750293 0
1066 -0.146628601563333 -0.6911949007932446 0
1067 0.6911949007932446 -0.146628601563333 0
1068 0.146628601563333 0.6911949007932446 0
1069 -0.6911949007932446 0.146628601563333 0
1070 0.3538059289803311 -0.1687647678735661 0
1071 0.1687647678735661 0.3538059289803311 0
1072 -0.1687647678735661 -0.3538059289803311 0
1073 -0.3538059289803311 0.1687647678735661 0
1074 -0.8560005268239596 -0.3755364395748249 0
1075 0.3755364395748249 -0.8560005268239597 0
1076 0.8560005268239596 0.3755364395748249 0
1077 -0.3755364395748249 0.8560005268239596 0
1078 -0.6572716711930849 -0.7821289395654074 0
1079 0.7821289395654069 -0.6572716711930849 0
1080 0.6572716711930849 0.7821289395654069 0
1081 -0.7821289395654069 0.6572716711930849 0
1082 -0.9508645534018232 -0.4164943167899111 0
1083 0.4164943167899111 -0.9508645534018231 0
1084 0.9508645534018232 0.4164943167899112 0
1085 -0.4164943167899112 0.9508645534018232 0
1086 -0.7601733134272659 -0.7679545805273287 0
1087 0.7679545805273287 -0.7601733134272659 0
1088 0.760173313427266 0.7679545805273287 0
1089 -0.7679545805273287 0.760173313427266 0
1090 0.86321937791142 -0.4131886086401553 0
1091 0.4131886086401553 0.86321937791142 0
1092 -0.86321937791142 0.4131886086401553 0
1093 -0.4131886086401553 -0.8632193779114206 0
1094 -0.8087123745812154 -0.1760728926091083 0
1095 0.1760728926091082 -0.8087123745812155 0
1096 0.8087123745812155 0.1760728926091082 0
1097 -0.1760728926091082 0.8087123745812155 0
1098 0.5323199645817918 -0.9538769656596364 0
1099 0.9538769656596362 0.5323199645817918 0
1100 -0.5323199645817918 0.9538769656596362 0
1101 -0.9538769656596362 -0.5323199645817915 0
1102 -0.07909317284917598 -0.6307668130504293 0
1103 0.6307668130504293 -0.07909317284917597 0
1104 0.07909317284917598 0.6307668130504293 0
1105 -0.6307668130504293 0.079093172849176 0
1106 0.872092275347409 -0.6816222154714036 0
1107 0.6816222154714036 0.872092275347409 0
1108 -0.872092275347409 0.6816222154714036 0
1109 -0.6816222154714036 -0.8720922753474087 0
1110 -0.01860816992290638 -0.7944057594574583 0
1111 0.7944057594574583 -0.01860816992290638 0
1112 0.01860816992290638 0.7944057594574583 0
1113 -0.7944057594574582 0.01860816992290638 0
1114 0.5534634620158727 -0.3980605923783165 0
1115 0.3980605923783165 0.5534634620158727 0
1116 -0.5534634620158726 0.3980605923783165 0
1117 -0.3980605923783164 -0.5534634620158729 0
1118 -0.823764060654687 -0.7476223175803549 0
1119 0.7476223175803546 -0.8237640606546865 0
1120 0.8237640606546865 0.7476223175803546 0
1121 -0.7476223175803546 0.8237640606546865 0
1122 0.09396195266654152 -0.9557705377789879 0
1123 0.9557705377789879 0.09396195266654152 0
1124 -0.09396195266654152 0.9557705377789879 0
1125 -0.9557705377789879 -0.09396195266654152 0
1126 0.08989511763655605 -0.3744652701135752 0
1127 0.3744652701135752 0.08989511763655605 0
1128 -0.08989511763655605 0.3744652701135752 0
1129 -0.3744652701135752 -0.08989511763655605 0
1130 0.1508580368967207 -0.5117046538266711 0
1131 0.5117046538266712 0.1508580368967207 0
1132 -0.1508580368967207 0.5117046538266711 0
1133 -0.5117046538266711 -0.1508580368967207 0
1134 0.1680601687901654 -0.2114651661429547 0
1135 0.2114651661429547 0.1680601687901654 0
1136 -0.1680601687901654 0.2114651661429547 0
1137 -0.2114651661429547 -0.1680601687901654 0
1138 0.2352436271019945 -0.6644425152343452 0
1139 0.6644425152343452 0.2352436271019945 0
1140 -0.2352436271019945 0.6644425152343452 0
1141 -0.6644425152343452 -0.2352436271019945 0
1142 0.04424392680398549 -0.7251496100953334 0
1143 0.7251496100953334 0.04424392680398549 0
1144 -0.04424392680398549 0.7251496100953333 0
1145 -0.7251496100953333 -0.04424392680398548 0
1146 0.1064457163193247 -0.6014801590999793 0
1147 0.6014801590999793 0.1064457163193247 0
1148 -0.1064457163193247 0.6014801590999793 0
1149 -0.6014801590999794 -0.1064457163193247 0
1150 0.5192161978770788 -0.3628820798573575 0
1151 0.3628820798573575 0.5192161978770788 0
1152 -0.5192161978770788 0.3628820798573575 0
1153 -0.3628820798573575 -0.5192161978770788 0
1154 0.1309682668191531 0.02075329369396309 0
1155 -0.02075329369396309 0.1309682668191531 0
1156 0.02075329369396309 -0.1309682668191531 0
1157 -0.1309682668191531 -0.02075329369396309 0
1158 -0.2308559767316586 -0.8920410349215827 0
1159 0.8920410349215827 -0.2308559767316588 0
1160 0.2308559767316588 0.8920410349215827 0
1161 -0.8920410349215827 0.2308559767316588 0
1162 0.141471285556649 -0.04579196352264069 0
1163 0.04579196352264068 0.141471285556649 0
1164 -0.141471285556649 0.04579196352264069 0
1165 -0.04579196352264068 -0.141471285556649 0
1166 -0.6986945800539681 -0.1406600450466212 0
1167 0.1406600450466216 -0.6986945800539683 0
1168 0.6986945800539683 0.1406600450466216 0
1169 -0.1406600450466216 0.6986945800539683 0
1170 -0.3644901362476367 -0.4048256162570236 0
1171 0.4048256162570236 -0.3644901362476367 0
1172 0.3644901362476367 0.4048256162570236 0
1173 -0.4048256162570236 0.3644901362476367 0
1174 0.3640350444790271 -0.4009826264874455 0
1175 0.4009826264874455 0.3640350444790271 0
1176 -0.3640350444790271 0.4009826264874455 0
1177 -0.4009826264874454 -0.3640350444790274 0
1178 0.3314890862575375 -0.2360990993634419 0
1179 0.2360990993634419 0.3314890862575375 0
1180 -0.3314890862575375 0.2360990993634419 0
1181 -0.2360990993634419 -0.3314890862575375 0
1182 0.02217540564720735 -0.511437081070787 0
1183 0.511437081070787 0.02217540564720735 0
1184 -0.02217540564720735 0.511437081070787 0
1185 -0.5114370810707869 -0.02217540564720735 0
1186 -0.9531246369145077 -0.7621219744043789 0
1187 0.7621219744043787 -0.9531246369145079 0
1188 0.9531246369145077 0.7621219744043788 0
1189 -0.7621219744043788 0.9531246369145079 0
1190 -0.7688285465267439 -0.9475915231424107 0
1191 0.9475915231424108 -0.7688285465267441 0
1192 0.7688285465267441 0.9475915231424108 0
1193 -0.9475915231424108 0.7688285465267441 0
1194 0.6952466763920548 -0.6110978569751802 0
1195 0.61109785697518 0.6952466763920548 0
1196 -0.6952466763920548 0.6110978569751803 0
1197 -0.6110978569751802 -0.6952466763920548 0
1198 0.07737930346756332 -0.780443267139825 0
1199 0.780443267139825 0.07737930346756332 0
1200 -0.07737930346756332 0.780443267139825 0
1201 -0.780443267139825 -0.0773793034675633 0
1202 -0.1417590858151797 -0.9490512175171066 0
1203 0.9490512175171066 -0.1417590858151797 0
1204 0.1417590858151797 0.9490512175171066 0
1205 -0.9490512175171066 0.1417590858151797 0
1206 0.8072111804082681 -0.3293072346444276 0
1207 0.3293072346444276 0.807211180408268 0
1208 -0.807211180408268 0.3293072346444276 0
1209 -0.3293072346444279 -0.8072111804082684 0
1210 -0.007118451453276336 -0.416521262331485 0
1211 0.416521262331485 -0.007118451453276335 0
1212 0.007118451453276338 0.416521262331485 0
1213 -0.416521262331485 0.007118451453276338 0
1214 0.2543375013325556 -0.295895824531851 0
1215 0.295895824531851 0.2543375013325556 0
1216 -0.2543375013325556 0.295895824531851 0
1217 -0.295895824531851 -0.2543375013325556 0
1218 0.6190504105668826 -0.6911929264782397 0
1219 0.6911929264782397 0.6190504105668826 0
1220 -0.6190504105668826 0.6911929264782397 0
1221 -0.6911929264782404 -0.6190504105668828 0
1222 0.4952974867641481 -0.7103577305474149 0
1223 0.7103577305474149 0.4952974867641481 0
1224 -0.4952974867641481 0.7103577305474149 0
1225 -0.7103577305474151 -0.4952974867641477 0
1226 -0.747554048617371 -0.3863197127207216 0
1227 0.3863197127207215 -0.747554048617371 0
1228 0.7475540486173708 0.3863197127207214 0
1229 -0.3863197127207215 0.747554048617371 0
1230 -0.7906632201303045 -0.2929964351325675 0
1231 0.2929964351325675 -0.7906632201303047 0
1232 0.7906632201303045 0.2929964351325675 0
1233 -0.2929964351325675 0.7906632201303047 0
1234 0.07385786348873985 -0.2092852695487906 0
1235 0.2092852695487906 0.07385786348873985 0
1236 -0.07385786348873985 0.2092852695487906 0
1237 -0.2092852695487906 -0.07385786348873985 0
1238 -0.6202535289636553 -0.5471840212937653 0
1239 0.5471840212937656 -0.6202535289636553 0
1240 0.6202535289636553 0.5471840212937656 0
1241 -0.5471840212937656 0.6202535289636554 0
1242 -0.2976854988627188 -0.7482698097885638 0
1243 0.7482698097885638 -0.2976854988627188 0
1244 0.2976854988627188 0.7482698097885638 0
1245 -0.7482698097885638 0.2976854988627188 0
1246 0.2457649119625204 -0.04327123629799141 0
1247 0.04327123629799141 0.2457649119625204 0
1248 -0.04327123629799141 -0.2457649119625204 0
1249 -0.2457649119625204 0.04327123629799141 0
1250 0.6050313066070532 -0.7909818837381016 0
1251 0.7909818837381016 0.6050313066070532 0
1252 -0.6050313066070532 0.7909818837381016 0
1253 -0.7909818837380999 -0.6050313066070515 0
1254 -0.2836379039014979 -0.9605074904162741 0
1255 0.9605074904162741 -0.2836379039014978 0
1256 0.2836379039014978 0.9605074904162741 0
1257 -0.9605074904162741 0.2836379039014978 0
1258 0.9025994218152038 -0.3797399169111002 0
1259 0.3797399169111002 0.9025994218152038 0
1260 -0.9025994218152038 0.3797399169111002 0
1261 -0.3797399169111003 -0.902599421815204 0
1262 -0.6058497802385646 -0.7952445834772516 0
1263 0.7952445834772507 -0.6058497802385653 0
1264 0.6058497802385653 0.7952445834772507 0
1265 -0.7952445834772507 0.6058497802385653 0
1266 -0.1241282671543781 -0.5250820538689341 0
1267 0.5250820538689341 -0.1241282671543781 0
1268 0.1241282671543781 0.5250820538689341 0
1269 -0.5250820538689343 0.1241282671543781 0
1270 0.9548960076767692 -0.5381886592070866 0
1271 0.5381886592070866 0.9548960076767692 0
1272 -0.9548960076767692 0.5381886592070866 0
1273 -0.5381886592070864 -0.9548960076767694 0
1274 0.2897145274051548 -0.08424779289716794 0
1275 0.08424779289716794 0.2897145274051548 0
1276 -0.08424779289716794 -0.2897145274051548 0
1277 -0.2897145274051548 0.08424779289716794 0
1278 -0.126497846462886 -0.5862322177019822 0
1279 0.5862322177019822 -0.1264978464628859 0
1280 0.126497846462886 0.5862322177019822 0
1281 -0.5862322177019822 0.126497846462886 0
1282 -0.0003581946511003666 -0.9523211813318521 0
1283 0.9523211813318521 -0.0003581946511003669 0
1284 0.0003581946511003666 0.9523211813318521 0
1285 -0.9523211813318521 0.0003581946511003666 0
1286 -0.09301929398078203 -0.8205511102460528 0
1287 0.8205511102460528 -0.09301929398078203 0
1288 0.09301929398078203 0.8205511102460528 0
1289 -0.8205511102460527 0.09301929398078203 0
1290 0.02525565222705033 -0.8237916686752353 0
1291 0.8237916686752355 0.02525565222705033 0
1292 -0.02525565222705033 0.8237916686752355 0
1293 -0.8237916686752353 -0.02525565222705033 0
1294 -0.5016451691254276 -0.6593414889609055 0
1295 0.6593414889609049 -0.5016451691254278 0
1296 0.5016451691254278 0.6593414889609049 0
1297 -0.6593414889609049 0.5016451691254278 0
1298 0.8384035736787823 -0.8821577524896456 0
1299 0.8821577524896456 0.8384035736787823 0
1300 -0.8384035736787823 0.8821577524896456 0
1301 -0.8821577524896453 -0.8384035736787823 0
1302 0.3302613930755043 -0.8932712948624134 0
1303 0.8932712948624133 0.3302613930755043 0
1304 -0.3302613930755043 0.8932712948624133 0
1305 -0.8932712948624135 -0.3302613930755037 0
1306 0.5789053173113157 -0.6996554480622745 0
1307 0.6996554480622745 0.5789053173113157 0
1308 -0.5789053173113157 0.6996554480622745 0
1309 -0.6996554480622748 -0.5789053173113153 0
1310 -0.3826713724372375 -0.7404914321713983 0
1311 0.7404914321713982 -0.3826713724372376 0
1312 0.3826713724372376 0.740491432171398 0
1313 -0.740491432171398 0.3826713724372377 0
1314 0.1437485641623918 -0.1501310914004189 0
1315 0.1501310914004189 0.1437485641623918 0
1316 -0.1437485641623918 0.1501310914004189 0
1317 -0.1501310914004189 -0.1437485641623918 0
1318 0.1152382443343001 -0.2315184451732364 0
1319 0.2315184451732364 0.1152382443343001 0
1320 -0.1152382443343001 0.2315184451732364 0
1321 -0.2315184451732364 -0.1152382443343001 0
1322 0.526228842914905 -0.8416014361678781 0
1323 0.8416014361678781 0.526228842914905 0
1324 -0.526228842914905 0.841601436167878 0
1325 -0.8416014361678779 -0.5262288429149051 0
1326 0.8916367704956119 -0.3236560659143682 0
1327 0.3236560659143682 0.8916367704956119 0
1328 -0.8916367704956119 0.3236560659143682 0
1329 -0.3236560659143687 -0.8916367704956114 0
1330 0.1946843689548828 -0.3769723735613578 0
1331 0.3769723735613578 0.1946843689548827 0
1332 -0.1946843689548827 0.3769723735613578 0
1333 -0.3769723735613578 -0.1946843689548827 0
1334 -0.9639514192796775 -0.2812499999980215 0
1335 0.2812499999980215 -0.9639514192796779 0
1336 0.9639514192796779 0.2812499999980215 0
1337 -0.2812499999980215 0.9639514192796779 0
1338 0.4318983088473159 -0.8322354733283387 0
1339 0.8322354733283387 0.4318983088473159 0
1340 -0.4318983088473159 0.8322354733283387 0
1341 -0.8322354733283384 -0.4318983088473164 0
1342 0.8400268817840453 -0.5230264338376431 0
1343 0.5230264338376431 0.8400268817840453 0
1344 -0.8400268817840453 0.5230264338376431 0
1345 -0.5230264338376421 -0.8400268817840454 0
1346 0.1962296145192775 -0.08073380705306046 0
1347 0.08073380705306046 0.1962296145192775 0
1348 -0.1962296145192775 0.08073380705306046 0
1349 -0.08073380705306046 -0.1962296145192775 0
1350 0.2640535533496198 -0.880119849841479 0
1351 0.880119849841479 0.2640535533496198 0
1352 -0.2640535533496198 0.880119849841479 0
1353 -0.8801198498414798 -0.2640535533496193 0
1354 0.4400142749924018 -0.1986208644109894 0
1355 0.1986208644109894 0.4400142749924018 0
1356 -0.4400142749924018 0.1986208644109894 0
1357 -0.1986208644109894 -0.4400142749924018 0
1358 0.3746097901828471 -0.1006470372074435 0
1359 0.1006470372074435 0.3746097901828471 0
1360 -0.1006470372074435 -0.3746097901828471 0
1361 -0.3746097901828471 0.1006470372074435 0
1362 -0.7974411903812998 -0.3487724895457402 0
1363 0.3487724895457402 -0.7974411903812998 0
1364 0.7974411903812998 0.3487724895457402 0
1365 -0.3487724895457402 0.7974411903812998 0
1366 0.2167972904177822 -0.8350241545479219 0
1367 0.8350241545479219 0.2167972904177822 0
1368 -0.2167972904177822 0.8350241545479219 0
1369 -0.8350241545479228 -0.2167972904177813 0
1370 0.2435882138481666 -0.717696791211172 0
1371 0.717696791211172 0.2435882138481666 0
1372 -0.2435882138481666 0.717696791211172 0
1373 -0.7176967912111719 -0.2435882138481666 0
1374 0.1127634626557227 -0.3221180502168876 0
1375 0.3221180502168876 0.1127634626557227 0
1376 -0.1127634626557227 0.3221180502168876 0
1377 -0.3221180502168876 -0.1127634626557227 0
1378 0.9549827461966119 -0.4508785693382256 0
1379 0.4508785693382256 0.9549827461966119 0
1380 -0.9549827461966119 0.4508785693382256 0
1381 -0.4508785693382257 -0.9549827461966121 0
1382 -0.6539796988123125 -0.9616925021448075 0
1383 0.9616925021448075 -0.6539796988123127 0
1384 0.6539796988123127 0.9616925021448075 0
1385 -0.9616925021448075 0.6539796988123125 0
1386 -0.964686426161888 -0.6554595492703066 0
1387 0.6554595492703066 -0.9646864261618888 0
1388 0.9646864261618888 0.6554595492703066 0
1389 -0.6554595492703066 0.9646864261618888 0
1390 0.7428099336331779 -0.5773256686473911 0
1391 0.5773256686473911 0.7428099336331782 0
1392 -0.7428099336331779 0.5773256686473911 0
1393 -0.5773256686473909 -0.7428099336331783 0
1394 -0.7800928867563799 -0.8850302486398787 0
1395 0.8850302486398789 -0.7800928867563799 0
1396 0.7800928867563799 0.8850302486398789 0
1397 -0.8850302486398789 0.7800928867563799 0
1398 0.2428866068816568 -0.3727832765004854 0
1399 0.3727832765004854 0.2428866068816568 0
1400 -0.2428866068816568 0.3727832765004854 0
1401 -0.3727832765004854 -0.2428866068816568 0
1402 -0.06763490339242172 -0.4345586886416856 0
1403 0.4345586886416856 -0.06763490339242172 0
1404 0.06763490339242172 0.4345586886416856 0
1405 -0.4345586886416856 0.06763490339242172 0
1406 -0.7311483274770855 -0.7240942687900026 0
1407 0.7240942687900029 -0.7311483274770856 0
1408 0.7311483274770856 0.7240942687900029 0
1409 -0.7240942687900028 0.7311483274770856 0
1410 0.6608243415852071 -0.8690197503080855 0
1411 0.8690197503080855 0.6608243415852071 0
1412 -0.6608243415852071 0.8690197503080855 0
1413 -0.8690197503080852 -0.6608243415852066 0
1414 0.5161844574530553 -0.1785248517264682 0
1415 0.1785248517264682 0.5161844574530553 0
1416 -0.5161844574530554 0.1785248517264682 0
1417 -0.1785248517264682 -0.5161844574530552 0
1418 0.2920057683221832 0.03000685189516283 0
1419 -0.03000685189516283 0.2920057683221832 0
1420 0.03000685189516283 -0.2920057683221832 0
1421 -0.2920057683221832 -0.03000685189516283 0
1422 -0.6121414435437905 -0.1571190708709261 0
1423 0.1571190708709259 -0.6121414435437904 0
1424 0.6121414435437904 0.1571190708709259 0
1425 -0.1571190708709259 0.6121414435437903 0
1426 -0.4761723643274638 -0.3072472246748799 0
1427 0.30724722467488 -0.4761723643274639 0
1428 0.4761723643274639 0.30724722467488 0
1429 -0.30724722467488 0.4761723643274639 0
1430 0.326537986551154 -0.9543385215557578 0
1431 0.9543385215557578 0.3265379865511541 0
1432 -0.3265379865511541 0.9543385215557578 0
1433 -0.954338521555758 -0.326537986551154 0
1434 0.113559413680904 -0.5467013285506219 0
1435 0.5467013285506219 0.113559413680904 0
1436 -0.1135594136809039 0.5467013285506219 0
1437 -0.5467013285506219 -0.113559413680904 0
1438 -0.03392618158367904 -0.6697636652142989 0
1439 0.6697636652142989 -0.03392618158367904 0
1440 0.03392618158367904 0.6697636652142989 0
1441 -0.6697636652142989 0.03392618158367904 0
1442 0.4830883245495896 -0.276758020251186 0
1443 0.276758020251186 0.4830883245495896 0
1444 -0.4830883245495896 0.276758020251186 0
1445 -0.276758020251186 -0.4830883245495896 0
1446 0.05878535685863743 -0.8908232981136047 0
1447 0.8908232981136047 0.05878535685863742 0
1448 -0.05878535685863743 0.8908232981136047 0
1449 -0.8908232981136047 -0.05878535685863744 0
1450 0.01309249842674665 -0.6037117230346739 0
1451 0.6037117230346739 0.01309249842674665 0
1452 -0.01309249842674665 0.6037117230346739 0
1453 -0.6037117230346739 -0.01309249842674665 0
1454 0.09670714682943768 -0.062185971079431 0
1455 0.062185971079431 0.09670714682943768 0
1456 -0.09670714682943768 0.062185971079431 0
1457 -0.062185971079431 -0.09670714682943768 0
1458 -0.9631383218688746 -0.9631383218687454 0
1459 0.9631383218687452 -0.9631383218688745 0
1460 0.9631383218688745 0.9631383218687452 0
1461 -0.9631383218687452 0.9631383218688745 0
1462 0.8950995357571011 -0.4846761819371752 0
1463 0.4846761819371751 0.8950995357571011 0
1464 -0.8950995357571011 0.4846761819371751 0
1465 -0.4846761819371747 -0.895099535757101 0
1466 0.1797199403219197 -0.4238920043041646 0
1467 0.4238920043041646 0.1797199403219197 0
1468 -0.1797199403219197 0.4238920043041646 0
1469 -0.4238920043041646 -0.1797199403219197 0
1470 -0.06428896919224417 -0.8842186224387533 0
1471 0.8842186224387534 -0.06428896919224417 0
1472 0.06428896919224417 0.8842186224387534 0
1473 -0.8842186224387533 0.06428896919224417 0
1474 -0.9682056183040236 -0.906249999999742 0
1475 0.906249999999742 -0.9682056183040233 0
1476 0.9682056183040233 0.906249999999742 0
1477 -0.906249999999742 0.9682056183040233 0
1478 -0.9062500000001822 -0.9682056183041559 0
1479 0.9682056183041554 -0.9062500000001823 0
1480 0.9062500000001823 0.9682056183041554 0
1481 -0.9682056183041554 0.9062500000001823 0
1482 0.02006477067471948 0.05278472661034826 0
1483 -0.05278472661034826 0.02006477067471948 0
1484 -0.02006477067471948 -0.05278472661034826 0
1485 0.05278472661034826 -0.02006477067471948 0
1486 0.1090191815415424 -0.1131455021810808 0
1487 0.1131455021810808 0.1090191815415424 0
1488 -0.1090191815415424 0.1131455021810808 0
1489 -0.1131455021810808 -0.1090191815415425 0
1490 0.4327974696614683 -0.7762359918710562 0
1491 0.7762359918710562 0.4327974696614683 0
1492 -0.4327974696614683 0.7762359918710562 0
1493 -0.7762359918710563 -0.4327974696614686 0
1494 0.5832885020997881 -0.4358435559053625 0
1495 0.4358435559053625 0.5832885020997882 0
1496 -0.5832885020997881 0.4358435559053625 0
1497 -0.4358435559053622 -0.5832885020997887 0
1498 0.6053744939102023 -0.3225528677281231 0
1499 0.3225528677281231 0.6053744939102023 0
1500 -0.6053744939102023 0.3225528677281231 0
1501 -0.3225528677281231 -0.6053744939102025 0
1502 0.5835382828776108 -0.3339303269008799 0
1503 0.5882356981830206 -0.3649849402574368 0
1504 0.6100719092156122 -0.3536074810846799 0
1505 0.3339303269008799 0.5835382828776108 0
1506 0.3649849402574368 0.5882356981830206 0
1507 0.3536074810846799 0.6100719092156122 0
1508 -0.5835382828776108 0.3339303269008799 0
1509 -0.5882356981830206 0.3649849402574368 0
1510 -0.6100719092156122 0.35360748108468 0
1511 -0.3339303269008799 -0.5835382828776108 0
1512 -0.3649849402574367 -0.5882356981830208 0
1513 -0.3536074810846799 -0.6100719092156124 0
1514 0.6310765596561654 -0.3299816827653837 0
1515 0.6357739749615752 -0.3610362961219405 0
1516 0.3299816827653837 0.6310765596561654 0
1517 0.3610362961219405 0.6357739749615752 0
1518 -0.6310765596561654 0.3299816827653837 0
1519 -0.6357739749615752 0.3610362961219406 0
1520 -0.3299816827653837 -0.6310765596561656 0
1521 -0.3610362961219405 -0.6357739749615755 0
1522 -0.033279874240015 -0.492119355168082 0
1523 -0.01519899883390896 -0.510840075676434 0
1524 0.004094530241101305 -0.492716360562435 0
1525 0.492119355168082 -0.033279874240015 0
1526 0.510840075676434 -0.01519899883390896 0
1527 0.492716360562435 0.004094530241101305 0
1528 0.033279874240015 0.492119355168082 0
1529 0.01519899883390896 0.510840075676434 0
1530 -0.004094530241101305 0.492716360562435 0
1531 -0.492119355168082 0.033279874240015 0
1532 -0.510840075676434 0.01519899883390896 0
1533 -0.492716360562435 -0.004094530241101305 0
1534 -0.02764263455458699 -0.5360668887279125 0
1535 0.009731769926529313 -0.5366638941222655 0
1536 0.5360668887279125 -0.02764263455458699 0
1537 0.5366638941222655 0.009731769926529313 0
1538 0.02764263455458699 0.5360668887279124 0
1539 -0.009731769926529313 0.5366638941222655 0
1540 -0.5360668887279125 0.02764263455458699 0
1541 -0.5366638941222655 -0.009731769926529313 0
1542 -0.07753550875021629 -0.795436104835317 0
1543 -0.08940579896504688 -0.7591246661796048 0
1544 -0.1048895841956126 -0.7842396715903406 0
1545 0.7954361048353169 -0.07753550875021631 0
1546 0.7591246661796047 -0.0894057989650469 0
1547 0.7842396715903405 -0.1048895841956126 0
1548 0.07753550875021631 0.795436104835317 0
1549 0.0894057989650469 0.7591246661796048 0
1550 0.1048895841956126 0.7842396715903406 0
1551 -0.7954361048353169 0.07753550875021631 0
1552 -0.7591246661796047 0.0894057989650469 0
1553 -0.7842396715903404 0.1048895841956126 0
1554 -0.1208987297816928 -0.8155489150035029 0
1555 -0.1327690199965234 -0.7792374763477907 0
1556 0.8155489150035029 -0.1208987297816928 0
1557 0.7792374763477905 -0.1327690199965234 0
1558 0.1208987297816928 0.8155489150035029 0
1559 0.1327690199965234 0.7792374763477907 0
1560 -0.8155489150035028 0.1208987297816928 0
1561 -0.7792374763477905 0.1327690199965234 0
1562 -0.7210838651632723 -0.3015240128193011 0
1563 -0.7151957678206651 -0.3333217660964536 0
1564 -0.6897425142900765 -0.3132868863022875 0
1565 0.301524012819301 -0.7210838651632723 0
1566 0.3333217660964535 -0.715195767820665 0
1567 0.3132868863022875 -0.6897425142900764 0
1568 0.7210838651632723 0.301524012819301 0
1569 0.715195767820665 0.3333217660964535 0
1570 0.6897425142900764 0.3132868863022875 0
1571 -0.301524012819301 0.7210838651632723 0
1572 -0.3333217660964535 0.715195767820665 0
1573 -0.3132868863022875 0.6897425142900764 0
1574 0.8758039870571659 -0.6453231058866107 0
1575 0.8891181649531659 -0.6187320355195689 0
1576 0.8499555110797499 -0.6133899791228874 0
1577 0.6453231058866107 0.8758039870571658 0
1578 0.6187320355195689 0.8891181649531656 0
1579 0.6133899791228874 0.8499555110797496 0
1580 -0.8758039870571659 0.6453231058866107 0
1581 -0.8891181649531659 0.6187320355195689 0
1582 -0.8499555110797499 0.6133899791228874 0
1583 -0.6453231058866105 -0.8758039870571658 0
1584 -0.6187320355195686 -0.8891181649531656 0
1585 -0.6133899791228872 -0.8499555110797499 0
1586 0.1594258299007311 0.001563011565083651 0
1587 0.136219776187901 -0.0125193349143388 0
1588 0.164677339269479 -0.03170961704321824 0
1589 -0.001563011565083651 0.1594258299007311 0
1590 0.01251933491433879 0.136219776187901 0
1591 0.03170961704321823 0.164677339269479 0
1592 -0.1594258299007311 -0.001563011565083651 0
1593 -0.136219776187901 0.0125193349143388 0
1594 -0.164677339269479 0.03170961704321824 0
1595 0.001563011565083651 -0.1594258299007311 0
1596 -0.01251933491433879 -0.136219776187901 0
1597 -0.03170961704321823 -0.164677339269479 0
1598 0.02670936329189805 -0.1559924995997997 0
1599 0.007519081163018606 -0.1844500626813776 0
1600 0.1559924995997997 0.02670936329189805 0
1601 0.1844500626813776 0.007519081163018609 0
1602 -0.02670936329189805 0.1559924995997997 0
1603 -0.007519081163018606 0.1844500626813776 0
1604 -0.1559924995997997 -0.02670936329189805 0
1605 -0.1844500626813776 -0.007519081163018609 0
1606 0.8177780070405265 -0.480622344942861 0
1607 0.8250388243359601 -0.4389231344805761 0
1608 0.7932076947164052 -0.4431994788766921 0
1609 0.4806223449428611 0.8177780070405264 0
1610 0.4389231344805762 0.8250388243359601 0
1611 0.4431994788766922 0.7932076947164051 0
1612 -0.8177780070405264 0.480622344942861 0
1613 -0.8250388243359601 0.4389231344805762 0
1614 -0.7932076947164051 0.4431994788766921 0
1615 -0.4806223449428607 -0.8177780070405267 0
1616 -0.4389231344805756 -0.8250388243359603 0
1617 -0.4431994788766919 -0.7932076947164055 0
1618 0.5301001622953313 -0.2988584836636552 0
1619 0.5203064273947982 -0.2778463247219227 0
1620 0.4928820594501228 -0.2977701791929186 0
1621 0.2988584836636552 0.5301001622953314 0
1622 0.2778463247219227 0.5203064273947982 0
1623 0.2977701791929186 0.4928820594501228 0
1624 -0.5301001622953314 0.2988584836636552 0
1625 -0.5203064273947982 0.2778463247219227 0
1626 -0.4928820594501228 0.2977701791929186 0
1627 -0.2988584836636552 -0.5301001622953312 0
1628 -0.2778463247219227 -0.5203064273947982 0
1629 -0.2977701791929186 -0.4928820594501227 0
1630 0.2943598180238047 -0.1309317976187057 0
1631 0.2810158596015241 -0.1644151140999511 0
1632 0.3104424669265788 -0.1571939793802828 0
1633 0.1309317976187057 0.2943598180238047 0
1634 0.1644151140999511 0.2810158596015241 0
1635 0.1571939793802828 0.3104424669265788 0
1636 -0.1309317976187057 -0.2943598180238047 0
1637 -0.1644151140999511 -0.2810158596015241 0
1638 -0.1571939793802828 -0.3104424669265788 0
1639 -0.2943598180238047 0.1309317976187057 0
1640 -0.2810158596015241 0.1644151140999511 0
1641 -0.3104424669265788 0.1571939793802828 0
1642 -0.5583425938794904 -0.6001054154889092 0
1643 -0.5288437225239294 -0.5883012313687412 0
1644 -0.5507972727977333 -0.5669818627581378 0
1645 0.6001054154889093 -0.5583425938794904 0
1646 0.5883012313687412 -0.5288437225239295 0
1647 0.5669818627581379 -0.5507972727977334 0
1648 0.5583425938794904 0.6001054154889092 0
1649 0.5288437225239295 0.5883012313687412 0
1650 0.5507972727977334 0.5669818627581378 0
1651 -0.6001054154889092 0.5583425938794904 0
1652 -0.5883012313687412 0.5288437225239294 0
1653 -0.5669818627581378 0.5507972727977333 0
1654 -0.2395861797073611 -0.8138966119219153 0
1655 -0.2749446128126388 -0.820787587078789 0
1656 -0.2519153638705465 -0.844632130331595 0
1657 0.8138966119219153 -0.2395861797073611 0
1658 0.8207875870787891 -0.2749446128126387 0
1659 0.844632130331595 -0.2519153638705464 0
1660 0.2395861797073611 0.8138966119219153 0
1661 0.2749446128126387 0.8207875870787888 0
1662 0.2519153638705464 0.8446321303315949 0
1663 -0.8138966119219153 0.2395861797073611 0
1664 -0.8207875870787888 0.2749446128126387 0
1665 -0.8446321303315949 0.2519153638705464 0
1666 -0.1617163920402174 -0.7746274158296202 0
1667 -0.1457072464541372 -0.7433181724164579 0
1668 0.7746274158296202 -0.1617163920402174 0
1669 0.7433181724164579 -0.1457072464541372 0
1670 0.1617163920402174 0.7746274158296202 0
1671 0.1457072464541372 0.7433181724164579 0
1672 -0.7746274158296202 0.1617163920402174 0
1673 -0.7433181724164579 0.1457072464541372 0
1674 0.5244176527838291 -0.2514954332421314 0
1675 0.4871995499386206 -0.2504071287713947 0
1676 0.2514954332421314 0.5244176527838291 0
1677 0.2504071287713947 0.4871995499386206 0
1678 -0.5244176527838291 0.2514954332421314 0
1679 -0.4871995499386206 0.2504071287713947 0
1680 -0.2514954332421313 -0.5244176527838291 0
1681 -0.2504071287713946 -0.4871995499386206 0
1682 -0.905400171087372 -0.6915840718383179 0
1683 -0.9366273749251741 -0.6802158315970128 0
1684 -0.9235003167975899 -0.7192481471508698 0
1685 0.6915840718383182 -0.905400171087372 0
1686 0.6802158315970129 -0.9366273749251743 0
1687 0.7192481471508698 -0.9235003167975899 0
1688 0.905400171087372 0.6915840718383182 0
1689 0.9366273749251743 0.6802158315970129 0
1690 0.9235003167975899 0.7192481471508698 0
1691 -0.6915840718383182 0.905400171087372 0
1692 -0.6802158315970129 0.9366273749251743 0
1693 -0.7192481471508698 0.9235003167975899 0
1694 -0.7470455836556158 -0.3539393026670944 0
1695 -0.7157042327824201 -0.3657021761500808 0
1696 0.3539393026670943 -0.7470455836556158 0
1697 0.3657021761500808 -0.7157042327824201 0
1698 0.7470455836556158 0.3539393026670942 0
1699 0.71570423278242 0.3657021761500807 0
1700 -0.3539393026670943 0.7470455836556158 0
1701 -0.3657021761500808 0.7157042327824201 0
1702 0.1893715554487905 -0.5803774856806612 0
1703 0.2109492240655622 -0.5643277323006273 0
1704 0.1788523056806972 -0.5506580153008974 0
1705 0.5803774856806612 0.1893715554487905 0
1706 0.5643277323006273 0.2109492240655622 0
1707 0.5506580153008974 0.1788523056806972 0
1708 -0.1893715554487904 0.5803774856806612 0
1709 -0.2109492240655622 0.5643277323006273 0
1710 -0.1788523056806972 0.5506580153008974 0
1711 -0.5803774856806612 -0.1893715554487906 0
1712 -0.5643277323006273 -0.2109492240655623 0
1713 -0.5506580153008974 -0.1788523056806972 0
1714 0.3301726542464772 -0.318117135831713 0
1715 0.3626823581970022 -0.3099947363373742 0
1716 0.3409722553648167 -0.2838836050448285 0
1717 0.3181171358317129 0.3301726542464772 0
1718 0.3099947363373742 0.3626823581970022 0
1719 0.2838836050448285 0.3409722553648167 0
1720 -0.3301726542464773 0.3181171358317129 0
1721 -0.3626823581970022 0.3099947363373742 0
1722 -0.3409722553648167 0.2838836050448285 0
1723 -0.3181171358317129 -0.3301726542464772 0
1724 -0.3099947363373742 -0.3626823581970022 0
1725 -0.2838836050448285 -0.3409722553648167 0
1726 0.4016863976039275 -0.29403396086365 0
1727 0.3908867964855881 -0.3282674916505345 0
1728 0.29403396086365 0.4016863976039276 0
1729 0.3282674916505345 0.3908867964855881 0
1730 -0.4016863976039275 0.29403396086365 0
1731 -0.3908867964855881 0.3282674916505345 0
1732 -0.29403396086365 -0.4016863976039276 0
1733 -0.3282674916505345 -0.3908867964855881 0
1734 -0.8126636547377208 -0.9594965251845228 0
1735 -0.8398929241893213 -0.9321162937141434 0
1736 -0.8397292694519197 -0.9726197685296207 0
1737 0.9594965251845229 -0.8126636547377208 0
1738 0.9321162937141436 -0.8398929241893209 0
1739 0.9726197685296208 -0.8397292694519195 0
1740 0.8126636547377208 0.9594965251845229 0
1741 0.8398929241893209 0.9321162937141436 0
1742 0.8397292694519195 0.9726197685296208 0
1743 -0.9594965251845229 0.8126636547377208 0
1744 -0.9321162937141436 0.8398929241893209 0
1745 -0.9726197685296207 0.8397292694519195 0
1746 -0.9697776169893937 -0.8388365636821221 0
1747 -0.9290888924780731 -0.8373933525430596 0
1748 -0.9593112754886794 -0.8110567888604212 0
1749 0.8388365636821221 -0.9697776169893937 0
1750 0.8373933525430595 -0.9290888924780734 0
1751 0.8110567888604212 -0.9593112754886796 0
1752 0.9697776169893937 0.8388365636821221 0
1753 0.9290888924780734 0.8373933525430595 0
1754 0.9593112754886796 0.8110567888604212 0
1755 -0.8388365636821221 0.9697776169893937 0
1756 -0.8373933525430595 0.9290888924780734 0
1757 -0.8110567888604212 0.9593112754886796 0
1758 -0.1574285017216616 -0.6163929120770869 0
1759 -0.1932341593462045 -0.6318246788678754 0
1760 -0.1716152920508188 -0.6502506936388173 0
1761 0.616392912077087 -0.1574285017216616 0
1762 0.6318246788678754 -0.1932341593462046 0
1763 0.6502506936388173 -0.1716152920508189 0
1764 0.1574285017216616 0.6163929120770869 0
1765 0.1932341593462045 0.6318246788678754 0
1766 0.1716152920508188 0.6502506936388173 0
1767 -0.616392912077087 0.1574285017216616 0
1768 -0.6318246788678754 0.1932341593462046 0
1769 -0.6502506936388173 0.1716152920508189 0
1770 -0.1503008195630377 -0.9011562187292433 0
1771 -0.1632206715599335 -0.9332124733351159 0
1772 -0.1288392338182839 -0.9169949629112341 0
1773 0.9011562187292433 -0.1503008195630377 0
1774 0.9332124733351159 -0.1632206715599335 0
1775 0.9169949629112341 -0.1288392338182839 0
1776 0.1503008195630377 0.9011562187292433 0
1777 0.1632206715599335 0.9332124733351159 0
1778 0.1288392338182839 0.9169949629112341 0
1779 -0.9011562187292433 0.1503008195630377 0
1780 -0.9332124733351159 0.1632206715599335 0
1781 -0.9169949629112341 0.1288392338182839 0
1782 0.8543668042655794 -0.6608016324806663 0
1783 0.8935294581389954 -0.6661436888773479 0
1784 0.6608016324806663 0.8543668042655794 0
1785 0.6661436888773479 0.8935294581389954 0
1786 -0.8543668042655794 0.6608016324806663 0
1787 -0.8935294581389954 0.6661436888773479 0
1788 -0.6608016324806663 -0.8543668042655794 0
1789 -0.6661436888773478 -0.8935294581389952 0
1790 0.6721189403757442 -0.3695304848515374 0
1791 0.6511142899351908 -0.3931562831708337 0
1792 0.3695304848515374 0.672118940375744 0
1793 0.3931562831708337 0.6511142899351908 0
1794 -0.6721189403757442 0.3695304848515374 0
1795 -0.6511142899351908 0.3931562831708337 0
1796 -0.3695304848515374 -0.6721189403757442 0
1797 -0.3931562831708336 -0.651114289935191 0
1798 0.2942164658339165 -0.3177052749670424 0
1799 0.3159265686661021 -0.3438164062595881 0
1800 0.3177052749670423 0.2942164658339165 0
1801 0.3438164062595881 0.3159265686661021 0
1802 -0.2942164658339166 0.3177052749670423 0
1803 -0.3159265686661021 0.3438164062595881 0
1804 -0.3177052749670423 -0.2942164658339165 0
1805 -0.3438164062595881 -0.3159265686661021 0
1806 0.3236458547897242 -0.3751570349976796 0
1807 0.2876896663771634 -0.374745174133009 0
1808 0.3751570349976796 0.3236458547897242 0
1809 0.374745174133009 0.2876896663771634 0
1810 -0.3236458547897242 0.3751570349976796 0
1811 -0.2876896663771634 0.374745174133009 0
1812 -0.3751570349976796 -0.3236458547897242 0
1813 -0.374745174133009 -0.2876896663771634 0
1814 0.2161496668214559 -0.170262105061725 0
1815 0.1850250922524244 -0.1755752760049646 0
1816 0.1991847433591969 -0.2061519951997152 0
1817 0.170262105061725 0.2161496668214559 0
1818 0.1755752760049646 0.1850250922524244 0
1819 0.2061519951997152 0.1991847433591969 0
1820 -0.2161496668214559 0.170262105061725 0
1821 -0.1850250922524244 0.1755752760049646 0
1822 -0.1991847433591969 0.2061519951997152 0
1823 -0.170262105061725 -0.2161496668214559 0
1824 -0.1755752760049646 -0.1850250922524244 0
1825 -0.2061519951997152 -0.1991847433591969 0
1826 0.3808102134735452 -0.4365573120519186 0
1827 0.3815985949655162 -0.4724711390308015 0
1828 0.4084570945723785 -0.4558316285171915 0
1829 0.4365573120519186 0.3808102134735452 0
1830 0.4724711390308015 0.3815985949655162 0
1831 0.4558316285171915 0.4084570945723785 0
1832 -0.3808102134735451 0.4365573120519186 0
1833 -0.3815985949655162 0.4724711390308015 0
1834 -0.4084570945723784 0.4558316285171915 0
1835 -0.4365573120519186 -0.3808102134735453 0
1836 -0.4724711390308015 -0.3815985949655162 0
1837 -0.4558316285171914 -0.4084570945723786 0
1838 -0.8759485744670885 -0.5048442934607756 0
1839 -0.8968510739663753 -0.4760692691848707 0
1840 -0.9130593628514519 -0.5029822318530892 0
1841 0.5048442934607758 -0.8759485744670887 0
1842 0.4760692691848706 -0.8968510739663755 0
1843 0.5029822318530893 -0.9130593628514521 0
1844 0.8759485744670887 0.5048442934607758 0
1845 0.8968510739663755 0.4760692691848706 0
1846 0.9130593628514521 0.5029822318530893 0
1847 -0.5048442934607758 0.8759485744670887 0
1848 -0.4760692691848706 0.8968510739663755 0
1849 -0.5029822318530894 0.9130593628514519 0
1850 -0.913823943001206 -0.4497590486522746 0
1851 -0.8767131546168425 -0.451621110259961 0
1852 0.4497590486522745 -0.9138239430012058 0
1853 0.4516211102599609 -0.8767131546168426 0
1854 0.913823943001206 0.4497590486522745 0
1855 0.8767131546168426 0.4516211102599609 0
1856 -0.4497590486522746 0.9138239430012058 0
1857 -0.4516211102599609 0.8767131546168426 0
1858 0.1035524123995544 -0.2689735676912713 0
1859 0.09224108629142064 -0.2915180595998073 0
1860 0.1240747887638565 -0.2995735583083516 0
1861 0.2689735676912713 0.1035524123995544 0
1862 0.2915180595998073 0.09224108629142064 0
1863 0.2995735583083516 0.1240747887638565 0
1864 -0.1035524123995544 0.2689735676912713 0
1865 -0.09224108629142064 0.2915180595998073 0
1866 -0.1240747887638565 0.2995735583083516 0
1867 -0.2689735676912713 -0.1035524123995544 0
1868 -0.2915180595998073 -0.09224108629142064 0
1869 -0.2995735583083516 -0.1240747887638565 0
1870 0.08946570089795894 -0.3250590486239019 0
1871 0.06894332453365688 -0.2944590580068216 0
1872 0.3250590486239019 0.08946570089795894 0
1873 0.2944590580068216 0.06894332453365688 0
1874 -0.08946570089795894 0.3250590486239019 0
1875 -0.06894332453365688 0.2944590580068216 0
1876 -0.3250590486239019 -0.08946570089795894 0
1877 -0.2944590580068216 -0.06894332453365688 0
1878 0.1892937723522907 -0.6030943231120908 0
1879 0.1571968539674256 -0.5894246061123609 0
1880 0.6030943231120908 0.1892937723522907 0
1881 0.5894246061123609 0.1571968539674256 0
1882 -0.1892937723522907 0.6030943231120907 0
1883 -0.1571968539674256 0.5894246061123608 0
1884 -0.6030943231120909 -0.1892937723522909 0
1885 -0.5894246061123609 -0.1571968539674258 0
1886 0.2132439554523586 -0.7407412925721335 0
1887 0.174114173821135 -0.732156373343106 0
1888 0.1890044693486188 -0.7658804180033399 0
1889 0.7407412925721335 0.2132439554523586 0
1890 0.732156373343106 0.174114173821135 0
1891 0.7658804180033401 0.1890044693486188 0
1892 -0.2132439554523586 0.7407412925721335 0
1893 -0.174114173821135 0.732156373343106 0
1894 -0.1890044693486188 0.7658804180033401 0
1895 -0.7407412925721336 -0.2132439554523584 0
1896 -0.7321563733431061 -0.1741141738211349 0
1897 -0.7658804180033401 -0.1890044693486186 0
1898 0.1728692899385376 -0.1449082386336967 0
1899 0.1559043664762786 -0.1807981287716868 0
1900 0.1449082386336967 0.1728692899385376 0
1901 0.1807981287716868 0.1559043664762786 0
1902 -0.1728692899385376 0.1449082386336967 0
1903 -0.1559043664762786 0.1807981287716868 0
1904 -0.1449082386336967 -0.1728692899385376 0
1905 -0.1807981287716868 -0.1559043664762786 0
1906 -0.03935531715854988 -0.749694974283396 0
1907 -0.04777028709054371 -0.7112476424511462 0
1908 -0.07046669345164439 -0.7318737675923315 0
1909 0.749694974283396 -0.03935531715854989 0
1910 0.7112476424511462 -0.0477702870905437 0
1911 0.7318737675923315 -0.07046669345164439 0
1912 0.03935531715854989 0.749694974283396 0
1913 0.0477702870905437 0.7112476424511462 0
1914 0.07046669345164439 0.7318737675923315 0
1915 -0.749694974283396 0.03935531715854989 0
1916 -0.7112476424511462 0.0477702870905437 0
1917 -0.7318737675923315 0.07046669345164439 0
1918 -0.6909683693334157 -0.3738207192977917 0
1919 -0.7228181851683665 -0.3944382558684325 0
1920 0.3738207192977917 -0.6909683693334155 0
1921 0.3944382558684325 -0.7228181851683664 0
1922 0.6909683693334154 0.3738207192977917 0
1923 0.7228181851683664 0.3944382558684324 0
1924 -0.3738207192977917 0.6909683693334155 0
1925 -0.3944382558684325 0.7228181851683664 0
1926 -0.2801504637560861 -0.7691609392288365 0
1927 -0.3134963667535733 -0.7777404950984161 0
1928 -0.2959613316469407 -0.7986316245386889 0
1929 0.7691609392288365 -0.2801504637560861 0
1930 0.7777404950984159 -0.3134963667535732 0
1931 0.7986316245386887 -0.2959613316469406 0
1932 0.2801504637560861 0.7691609392288365 0
1933 0.3134963667535732 0.7777404950984159 0
1934 0.2959613316469406 0.7986316245386886 0
1935 -0.7691609392288365 0.2801504637560861 0
1936 -0.7777404950984159 0.3134963667535732 0
1937 -0.7986316245386886 0.2959613316469406 0
1938 0.6957203644886911 -0.8806464316339366 0
1939 0.6566880489348341 -0.893773489761521 0
1940 0.8806464316339366 0.6957203644886911 0
1941 0.893773489761521 0.6566880489348341 0
1942 -0.6957203644886911 0.8806464316339365 0
1943 -0.6566880489348341 0.893773489761521 0
1944 -0.8806464316339365 -0.6957203644886909 0
1945 -0.8937734897615207 -0.6566880489348337 0
1946 0.5226948839253321 -0.7968437026000814 0
1947 0.5491055913905348 -0.7758919719990567 0
1948 0.5139147395926582 -0.7653786239273488 0
1949 0.7968437026000814 0.5226948839253321 0
1950 0.7758919719990567 0.5491055913905348 0
1951 0.7653786239273488 0.5139147395926582 0
1952 -0.5226948839253321 0.7968437026000814 0
1953 -0.5491055913905348 0.7758919719990567 0
1954 -0.5139147395926582 0.7653786239273488 0
1955 -0.7968437026000809 -0.522694883925332 0
1956 -0.7758919719990561 -0.5491055913905343 0
1957 -0.7653786239273486 -0.5139147395926578 0
1958 -0.1412191179948044 -0.6630069138206367 0
1959 -0.1127551324734856 -0.6923106682766631 0
1960 -0.107345648904957 -0.6641226813040553 0
1961 0.6630069138206367 -0.1412191179948044 0
1962 0.6923106682766631 -0.1127551324734856 0
1963 0.6641226813040553 -0.107345648904957 0
1964 0.1412191179948044 0.6630069138206367 0
1965 0.1127551324734856 0.6923106682766631 0
1966 0.107345648904957 0.6641226813040553 0
1967 -0.6630069138206367 0.1412191179948044 0
1968 -0.6923106682766631 0.1127551324734856 0
1969 -0.6641226813040553 0.107345648904957 0
1970 0.7941279888030764 -0.7327533221206799 0
1971 0.8024930391011791 -0.7622733338495949 0
1972 0.8286664473769269 -0.7348533425430088 0
1973 0.7327533221206799 0.7941279888030763 0
1974 0.7622733338495951 0.8024930391011792 0
1975 0.7348533425430088 0.8286664473769269 0
1976 -0.7941279888030763 0.7327533221206799 0
1977 -0.8024930391011792 0.7622733338495951 0
1978 -0.828666447376927 0.7348533425430088 0
1979 -0.7327533221206797 -0.7941279888030764 0
1980 -0.7622733338495947 -0.802493039101179 0
1981 -0.7348533425430085 -0.8286664473769267 0
1982 -0.2434502044947962 -0.6790411739891871 0
1983 -0.2415557057572585 -0.6479367423710296 0
1984 -0.2775849605766929 -0.661295455930611 0
1985 0.6790411739891871 -0.2434502044947963 0
1986 0.6479367423710296 -0.2415557057572585 0
1987 0.661295455930611 -0.2775849605766929 0
1988 0.2434502044947962 0.6790411739891871 0
1989 0.2415557057572585 0.6479367423710296 0
1990 0.2775849605766929 0.661295455930611 0
1991 -0.6790411739891871 0.2434502044947963 0
1992 -0.6479367423710296 0.2415557057572585 0
1993 -0.661295455930611 0.2775849605766929 0
1994 -0.254327697257713 -0.6153118630206367 0
1995 -0.2201929411758163 -0.6330575810792127 0
1996 0.6153118630206367 -0.254327697257713 0
1997 0.6330575810792127 -0.2201929411758164 0
1998 0.254327697257713 0.6153118630206367 0
1999 0.2201929411758163 0.6330575810792127 0
2000 -0.6153118630206367 0.254327697257713 0
2001 -0.6330575810792127 0.2201929411758164 0
2002 0.5749543786154543 -0.7421572568999752 0
2003 0.572678376832457 -0.7677043885322129 0
2004 0.6073073083900504 -0.765434752105864 0
2005 0.7421572568999752 0.5749543786154543 0
2006 0.7677043885322129 0.572678376832457 0
2007 0.765434752105864 0.6073073083900504 0
2008 -0.5749543786154543 0.742157256899975 0
2009 -0.572678376832457 0.7677043885322128 0
2010 -0.6073073083900504 0.7654347521058638 0
2011 -0.7421572568999749 -0.5749543786154535 0
2012 -0.7677043885322119 -0.5726783768324557 0
2013 -0.7654347521058629 -0.6073073083900493 0
2014 -0.583671013308212 -0.2637790525869488 0
2015 -0.5478380168277204 -0.2849409353186096 0
2016 -0.5582142061998995 -0.2426303565653166 0
2017 0.2637790525869486 -0.5836710133082121 0
2018 0.2849409353186095 -0.5478380168277206 0
2019 0.2426303565653165 -0.5582142061998996 0
2020 0.5836710133082121 0.2637790525869486 0
2021 0.5478380168277206 0.2849409353186095 0
2022 0.5582142061998996 0.2426303565653165 0
2023 -0.2637790525869486 0.5836710133082121 0
2024 -0.2849409353186095 0.5478380168277206 0
2025 -0.2426303565653165 0.5582142061998996 0
2026 0.359374082386289 -0.5427326257941488 0
2027 0.3968393941817544 -0.528277716658194 0
2028 0.3717801642688841 -0.5062003646320292 0
2029 0.5427326257941488 0.359374082386289 0
2030 0.528277716658194 0.3968393941817544 0
2031 0.5062003646320292 0.3717801642688841 0
2032 -0.359374082386289 0.5427326257941488 0
2033 -0.3968393941817544 0.528277716658194 0
2034 -0.3717801642688841 0.5062003646320292 0
2035 -0.5427326257941487 -0.359374082386289 0
2036 -0.5282777166581938 -0.3968393941817545 0
2037 -0.5062003646320292 -0.3717801642688842 0
2038 -0.6950171483237478 -0.9079455021928484 0
2039 -0.6795386217296919 -0.9293826849844349 0
2040 0.9079455021928485 -0.6950171483237478 0
2041 0.9293826849844349 -0.6795386217296921 0
2042 0.6950171483237478 0.9079455021928485 0
2043 0.6795386217296921 0.9293826849844349 0
2044 -0.9079455021928485 0.6950171483237478 0
2045 -0.9293826849844349 0.6795386217296921 0
2046 -0.08799820437797941 -0.4515773268287988 0
2047 -0.1059583266507562 -0.4243548938617999 0
2048 -0.1263216276363139 -0.4413735320489131 0
2049 0.4515773268287988 -0.08799820437797937 0
2050 0.4243548938617999 -0.1059583266507562 0
2051 0.4413735320489131 -0.1263216276363139 0
2052 0.08799820437797941 0.4515773268287988 0
2053 0.1059583266507562 0.4243548938617999 0
2054 0.1263216276363139 0.4413735320489131 0
2055 -0.4515773268287988 0.08799820437797941 0
2056 -0.4243548938617999 0.1059583266507562 0
2057 -0.4413735320489131 0.1263216276363139 0
2058 0.2622760257463118 -0.4127205256953692 0
2059 0.245059684288837 -0.4402571144449592 0
2060 0.2781926110433107 -0.4336223916206906 0
2061 0.4127205256953692 0.2622760257463118 0
2062 0.4402571144449592 0.245059684288837 0
2063 0.4336223916206906 0.2781926110433107 0
2064 -0.2622760257463118 0.4127205256953692 0
2065 -0.245059684288837 0.4402571144449592 0
2066 -0.2781926110433107 0.4336223916206906 0
2067 -0.412720525695369 -0.2622760257463118 0
2068 -0.4402571144449591 -0.245059684288837 0
2069 -0.4336223916206905 -0.2781926110433107 0
2070 0.2322380410616529 -0.4696688229396394 0
2071 0.2163214557646539 -0.4487669570143179 0
2072 0.4696688229396393 0.2322380410616528 0
2073 0.4487669570143179 0.2163214557646539 0
2074 -0.2322380410616528 0.4696688229396393 0
2075 -0.2163214557646539 0.448766957014318 0
2076 -0.4696688229396392 -0.2322380410616528 0
2077 -0.4487669570143178 -0.2163214557646538 0
2078 -0.0789874181164071 -0.6620966244052555 0
2079 -0.1074514036377259 -0.632792869949229 0
2080 0.6620966244052555 -0.07898741811640708 0
2081 0.632792869949229 -0.1074514036377259 0
2082 0.07898741811640708 0.6620966244052555 0
2083 0.1074514036377259 0.632792869949229 0
2084 -0.6620966244052555 0.0789874181164071 0
2085 -0.632792869949229 0.1074514036377259 0
2086 -0.08414097029993262 -0.4045842394122664 0
2087 -0.1224643935582671 -0.3943804446323807 0
2088 0.4045842394122664 -0.08414097029993262 0
2089 0.3943804446323807 -0.1224643935582671 0
2090 0.08414097029993262 0.4045842394122664 0
2091 0.1224643935582671 0.3943804446323807 0
2092 -0.4045842394122664 0.08414097029993262 0
2093 -0.3943804446323807 0.1224643935582671 0
2094 -0.336430652385248 -0.7855273797129029 0
2095 -0.3206197844943934 -0.7560566944030506 0
2096 0.7855273797129025 -0.3364306523852479 0
2097 0.7560566944030505 -0.3206197844943935 0
2098 0.3364306523852479 0.7855273797129025 0
2099 0.3206197844943935 0.7560566944030505 0
2100 -0.7855273797129025 0.3364306523852479 0
2101 -0.7560566944030505 0.3206197844943935 0
2102 0.581458521165131 -0.7991694672049454 0
2103 0.7991694672049454 0.581458521165131 0
2104 -0.581458521165131 0.7991694672049454 0
2105 -0.7991694672049441 -0.58145852116513 0
2106 -0.4869260481667563 -0.3441332831700508 0
2107 0.3441332831700508 -0.4869260481667564 0
2108 0.4869260481667564 0.3441332831700508 0
2109 -0.3441332831700508 0.4869260481667564 0
2110 -0.06293505735076524 -0.5430547365674001 0
2111 -0.03800428859032698 -0.5688785550132316 0
2112 0.5430547365674001 -0.06293505735076524 0
2113 0.5688785550132316 -0.03800428859032698 0
2114 0.06293505735076524 0.5430547365674001 0
2115 0.03800428859032698 0.5688785550132316 0
2116 -0.5430547365674001 0.06293505735076524 0
2117 -0.5688785550132316 0.03800428859032698 0
2118 -0.05010152392651916 -0.600185952978066 0
2119 -0.01480910113034091 -0.5931981051385784 0
2120 0.600185952978066 -0.05010152392651916 0
2121 0.5931981051385784 -0.01480910113034091 0
2122 0.05010152392651916 0.600185952978066 0
2123 0.01480910113034091 0.5931981051385784 0
2124 -0.600185952978066 0.05010152392651916 0
2125 -0.5931981051385784 0.01480910113034091 0
2126 -0.2060061508466591 -0.5991997995174824 0
2127 0.5991997995174825 -0.2060061508466591 0
2128 0.2060061508466591 0.5991997995174824 0
2129 -0.5991997995174825 0.2060061508466591 0
2130 0.1507331903026829 -0.3016449333852415 0
2131 0.1841653514946671 -0.2962728654354155 0
2132 0.1688182760639744 -0.2716569984499898 0
2133 0.3016449333852415 0.150733190302683 0
2134 0.2962728654354155 0.1841653514946671 0
2135 0.2716569984499898 0.1688182760639744 0
2136 -0.150733190302683 0.3016449333852415 0
2137 -0.1841653514946671 0.2962728654354155 0
2138 -0.1688182760639744 0.2716569984499898 0
2139 -0.3016449333852415 -0.150733190302683 0
2140 -0.2962728654354155 -0.1841653514946671 0
2141 -0.2716569984499898 -0.1688182760639744 0
2142 0.2100139146222744 -0.2990358802683074 0
2143 0.1919288288609828 -0.329023815203559 0
2144 0.2990358802683074 0.2100139146222744 0
2145 0.329023815203559 0.1919288288609828 0
2146 -0.2100139146222744 0.2990358802683074 0
2147 -0.1919288288609828 0.329023815203559 0
2148 -0.2990358802683074 -0.2100139146222744 0
2149 -0.329023815203559 -0.1919288288609828 0
2150 -0.7209759005799341 -0.9166900614041135 0
2151 -0.7075809677275897 -0.8808368345586738 0
2152 0.9166900614041135 -0.7209759005799341 0
2153 0.8808368345586739 -0.7075809677275898 0
2154 0.7209759005799341 0.9166900614041135 0
2155 0.7075809677275898 0.8808368345586739 0
2156 -0.9166900614041135 0.7209759005799341 0
2157 -0.8808368345586739 0.7075809677275898 0
2158 -0.8280217061527395 -0.09957135035893634 0
2159 -0.854501266730155 -0.1140235315222546 0
2160 -0.8345962976165928 -0.1409746348496456 0
2161 0.0995713503589363 -0.8280217061527395 0
2162 0.1140235315222544 -0.854501266730155 0
2163 0.1409746348496455 -0.8345962976165928 0
2164 0.8280217061527395 0.0995713503589363 0
2165 0.854501266730155 0.1140235315222544 0
2166 0.8345962976165928 0.1409746348496455 0
2167 -0.0995713503589363 0.8280217061527395 0
2168 -0.1140235315222544 0.854501266730155 0
2169 -0.1409746348496455 0.8345962976165928 0
2170 -0.882169919518742 -0.1298923570029013 0
2171 -0.8755953280548887 -0.088489072512192 0
2172 0.1298923570029011 -0.882169919518742 0
2173 0.08848907251219194 -0.8755953280548887 0
2174 0.882169919518742 0.1298923570029011 0
2175 0.8755953280548887 0.08848907251219194 0
2176 -0.1298923570029011 0.882169919518742 0
2177 -0.08848907251219194 0.8755953280548887 0
2178 0.3254522187423147 -0.1797210318675471 0
2179 0.3387961771645953 -0.1462377153863018 0
2180 0.1797210318675471 0.3254522187423147 0
2181 0.1462377153863018 0.3387961771645953 0
2182 -0.3254522187423147 0.1797210318675471 0
2183 -0.3387961771645953 0.1462377153863018 0
2184 -0.1797210318675471 -0.3254522187423147 0
2185 -0.1462377153863018 -0.3387961771645953 0
2186 0.2637039132162634 -0.1957580600590019 0
2187 0.2476212643134892 -0.1694958782974248 0
2188 0.1957580600590019 0.2637039132162634 0
2189 0.1694958782974248 0.2476212643134892 0
2190 -0.2637039132162634 0.1957580600590019 0
2191 -0.2476212643134892 0.1694958782974248 0
2192 -0.1957580600590019 -0.2637039132162634 0
2193 -0.1694958782974248 -0.2476212643134892 0
2194 0.2467680318393123 -0.2234178182225157 0
2195 0.2801626271273472 -0.2183370540250419 0
2196 0.2234178182225157 0.2467680318393123 0
2197 0.2183370540250419 0.2801626271273472 0
2198 -0.2467680318393123 0.2234178182225157 0
2199 -0.2801626271273472 0.2183370540250419 0
2200 -0.2234178182225157 -0.2467680318393123 0
2201 -0.2183370540250419 -0.2801626271273472 0
2202 0.5545412114073585 -0.2444955632302662 0
2203 0.5214343339511808 -0.2170563672797382 0
2204 0.2444955632302662 0.5545412114073585 0
2205 0.2170563672797382 0.5214343339511809 0
2206 -0.5545412114073585 0.2444955632302662 0
2207 -0.5214343339511809 0.2170563672797382 0
2208 -0.2444955632302662 -0.5545412114073585 0
2209 -0.2170563672797381 -0.5214343339511808 0
2210 -0.9680198207164641 -0.141309836566659 0
2211 -0.945905089605958 -0.1257908129011341 0
2212 -0.9778852688894939 -0.1094809763320664 0
2213 0.1413098365666589 -0.968019820716464 0
2214 0.125790812901134 -0.945905089605958 0
2215 0.1094809763320664 -0.9778852688894939 0
2216 0.968019820716464 0.1413098365666589 0
2217 0.945905089605958 0.125790812901134 0
2218 0.9778852688894939 0.1094809763320664 0
2219 -0.1413098365666589 0.9680198207164639 0
2220 -0.1257908129011339 0.9459050896059579 0
2221 -0.1094809763320664 0.9778852688894939 0
2222 -0.5644639366710343 -0.7689387669419241 0
2223 -0.5915877244429777 -0.7690272585552149 0
2224 -0.5787259924666213 -0.7951560918639606 0
2225 0.7689387669419238 -0.5644639366710347 0
2226 0.7690272585552143 -0.5915877244429781 0
2227 0.7951560918639602 -0.5787259924666217 0
2228 0.5644639366710347 0.7689387669419239 0
2229 0.5915877244429781 0.7690272585552145 0
2230 0.5787259924666217 0.7951560918639602 0
2231 -0.7689387669419238 0.5644639366710347 0
2232 -0.7690272585552143 0.5915877244429781 0
2233 -0.7951560918639602 0.5787259924666217 0
2234 0.5750214127090733 -0.8389608472185127 0
2235 0.5985941981509955 -0.8307732637516689 0
2236 0.8389608472185126 0.5750214127090733 0
2237 0.8307732637516688 0.5985941981509955 0
2238 -0.5750214127090733 0.8389608472185127 0
2239 -0.5985941981509955 0.8307732637516689 0
2240 -0.8389608472185117 -0.5750214127090725 0
2241 -0.8307732637516674 -0.598594198150994 0
2242 0.9586868645765626 -0.1860911286534208 0
2243 0.932090795779006 -0.2103528170132992 0
2244 0.9734039312024434 -0.2117616883620328 0
2245 0.1860911286534208 0.9586868645765626 0
2246 0.2103528170132992 0.932090795779006 0
2247 0.2117616883620328 0.9734039312024434 0
2248 -0.9586868645765626 0.1860911286534208 0
2249 -0.932090795779006 0.2103528170132992 0
2250 -0.9734039312024434 0.2117616883620328 0
2251 -0.1860911286534208 -0.9586868645765626 0
2252 -0.2103528170132992 -0.932090795779006 0
2253 -0.2117616883620327 -0.9734039312024434 0
2254 -0.09782076889704071 -0.720677334347355 0
2255 0.7206773343473549 -0.09782076889704069 0
2256 0.09782076889704069 0.720677334347355 0
2257 -0.7206773343473549 0.09782076889704069 0
2258 0.2358612324140044 -0.7460810642217697 0
2259 0.2209709368865207 -0.7123570195615359 0
2260 0.7460810642217698 0.2358612324140044 0
2261 0.7123570195615359 0.2209709368865207 0
2262 -0.2358612324140044 0.7460810642217698 0
2263 -0.2209709368865207 0.7123570195615359 0
2264 -0.7460810642217697 -0.2358612324140044 0
2265 -0.7123570195615359 -0.2209709368865206 0
2266 0.2514273245944144 -0.7606967906384656 0
2267 0.2605653430562049 -0.782564278681336 0
2268 0.283858416670777 -0.7687957320874343 0
2269 0.7606967906384658 0.2514273245944144 0
2270 0.782564278681336 0.2605653430562049 0
2271 0.7687957320874343 0.283858416670777 0
2272 -0.2514273245944144 0.7606967906384658 0
2273 -0.2605653430562049 0.782564278681336 0
2274 -0.283858416670777 0.7687957320874343 0
2275 -0.7606967906384657 -0.2514273245944144 0
2276 -0.782564278681336 -0.2605653430562048 0
2277 -0.7687957320874342 -0.2838584166707771 0
2278 -0.803518155940227 -0.2459361939236026 0
2279 -0.8116170973891955 -0.2783672859999653 0
2280 0.2459361939236027 -0.803518155940227 0
2281 0.2783672859999654 -0.8116170973891956 0
2282 0.8035181559402271 0.2459361939236027 0
2283 0.8116170973891956 0.2783672859999654 0
2284 -0.2459361939236027 0.8035181559402271 0
2285 -0.2783672859999654 0.8116170973891956 0
2286 -0.3396405358187056 -0.4438253323209383 0
2287 -0.3428783467976261 -0.4802178115500094 0
2288 -0.3155445271557307 -0.4662833151215846 0
2289 0.4438253323209382 -0.3396405358187056 0
2290 0.4802178115500094 -0.3428783467976261 0
2291 0.4662833151215847 -0.3155445271557307 0
2292 0.3396405358187056 0.4438253323209382 0
2293 0.3428783467976261 0.4802178115500094 0
2294 0.3155445271557307 0.4662833151215847 0
2295 -0.4438253323209382 0.3396405358187056 0
2296 -0.4802178115500094 0.3428783467976261 0
2297 -0.4662833151215847 0.3155445271557307 0
2298 -0.5058257713293 -0.7634281125723921 0
2299 -0.5391775290071503 -0.7679884739872411 0
2300 -0.5182504470168273 -0.7905072388358209 0
2301 0.7634281125723918 -0.5058257713293001 0
2302 0.7679884739872409 -0.5391775290071507 0
2303 0.7905072388358205 -0.5182504470168275 0
2304 0.5058257713293002 0.7634281125723918 0
2305 0.5391775290071507 0.7679884739872409 0
2306 0.5182504470168277 0.7905072388358204 0
2307 -0.7634281125723917 0.5058257713293001 0
2308 -0.7679884739872409 0.5391775290071507 0
2309 -0.7905072388358204 0.5182504470168275 0
2310 -0.8120544101248292 -0.6217370287819666 0
2311 -0.8518457901383967 -0.6152999203259091 0
2312 0.6217370287819677 -0.8120544101248302 0
2313 0.61529992032591 -0.8518457901383973 0
2314 0.8120544101248302 0.6217370287819677 0
2315 0.8518457901383973 0.61529992032591 0
2316 -0.6217370287819677 0.8120544101248302 0
2317 -0.61529992032591 0.8518457901383973 0
2318 0.05326359092219414 -0.3627970193103461 0
2319 0.03423349446663285 -0.3380464564190795 0
2320 0.02132914624863182 -0.3728434286985094 0
2321 0.362797019310346 0.05326359092219414 0
2322 0.3380464564190795 0.03423349446663285 0
2323 0.3728434286985094 0.02132914624863182 0
2324 -0.05326359092219414 0.3627970193103461 0
2325 -0.03423349446663285 0.3380464564190795 0
2326 -0.02132914624863182 0.3728434286985094 0
2327 -0.3627970193103461 -0.05326359092219414 0
2328 -0.3380464564190795 -0.03423349446663285 0
2329 -0.3728434286985094 -0.02132914624863182 0
2330 -0.6132424802935321 -0.2531835507242503 0
2331 -0.6028662909213531 -0.2954941294775434 0
2332 0.2531835507242503 -0.6132424802935322 0
2333 0.2954941294775433 -0.6028662909213534 0
2334 0.6132424802935322 0.2531835507242503 0
2335 0.6028662909213534 0.2954941294775433 0
2336 -0.2531835507242502 0.6132424802935322 0
2337 -0.2954941294775433 0.6028662909213534 0
2338 0.8564142572857507 -0.4447673045934502 0
2339 0.8318439449616294 -0.4073444385272812 0
2340 0.4447673045934502 0.8564142572857507 0
2341 0.4073444385272812 0.8318439449616294 0
2342 -0.8564142572857507 0.4447673045934502 0
2343 -0.8318439449616294 0.4073444385272812 0
2344 -0.4447673045934498 -0.856414257285751 0
2345 -0.4073444385272811 -0.8318439449616299 0
2346 -0.5020563113923866 -0.5765518371306209 0
2347 -0.5096016324741437 -0.6096753898613924 0
2348 0.5765518371306209 -0.5020563113923866 0
2349 0.6096753898613922 -0.5096016324741437 0
2350 0.5020563113923866 0.5765518371306209 0
2351 0.5096016324741437 0.6096753898613922 0
2352 -0.5765518371306209 0.5020563113923866 0
2353 -0.6096753898613922 0.5096016324741437 0
2354 0.2781047656170608 -0.7212794278386239 0
2355 0.2981396454112268 -0.7467326813692123 0
2356 0.7212794278386239 0.2781047656170608 0
2357 0.7467326813692123 0.2981396454112268 0
2358 -0.2781047656170608 0.7212794278386239 0
2359 -0.2981396454112268 0.7467326813692123 0
2360 -0.7212794278386239 -0.2781047656170609 0
2361 -0.7467326813692123 -0.298139645411227 0
2362 -0.164629542908667 -0.9745256087585533 0
2363 0.9745256087585533 -0.164629542908667 0
2364 0.164629542908667 0.9745256087585533 0
2365 -0.9745256087585533 0.164629542908667 0
2366 0.5329115042759738 -0.5452813298304273 0
2367 0.5447156883961417 -0.5747802011859884 0
2368 0.5452813298304273 0.5329115042759738 0
2369 0.5747802011859884 0.5447156883961417 0
2370 -0.5329115042759738 0.5452813298304273 0
2371 -0.5447156883961417 0.5747802011859883 0
2372 -0.5452813298304273 -0.5329115042759738 0
2373 -0.5747802011859882 -0.5447156883961417 0
2374 -0.53731431926616 -0.8175472410173577 0
2375 -0.5039625615883095 -0.8129868796025086 0
2376 0.8175472410173574 -0.5373143192661607 0
2377 0.8129868796025084 -0.5039625615883101 0
2378 0.5373143192661607 0.8175472410173574 0
2379 0.5039625615883101 0.8129868796025083 0
2380 -0.8175472410173574 0.5373143192661607 0
2381 -0.8129868796025083 0.5039625615883101 0
2382 0.5068664375211802 -0.8139658953481258 0
2383 0.5420572893190569 -0.8244792434198337 0
2384 0.8139658953481258 0.5068664375211802 0
2385 0.8244792434198337 0.5420572893190569 0
2386 -0.5068664375211802 0.8139658953481257 0
2387 -0.5420572893190569 0.8244792434198336 0
2388 -0.8139658953481256 -0.5068664375211803 0
2389 -0.8244792434198331 -0.5420572893190567 0
2390 -0.552039260983507 -0.7418596406784953 0
2391 0.7418596406784951 -0.5520392609835072 0
2392 0.5520392609835072 0.7418596406784952 0
2393 -0.7418596406784951 0.5520392609835072 0
2394 -0.3254295777832584 -0.9725176064233543 0
2395 -0.3566795777831587 -0.9725176064233543 0
2396 0.9725176064233543 -0.3254295777832582 0
2397 0.9725176064233543 -0.3566795777831585 0
2398 0.3254295777832582 0.9725176064233543 0
2399 0.3566795777831585 0.9725176064233543 0
2400 -0.9725176064233543 0.3254295777832582 0
2401 -0.9725176064233543 0.3566795777831585 0
2402 -0.9680198207164641 -0.172559836566745 0
2403 0.1725598365667449 -0.968019820716464 0
2404 0.968019820716464 0.1725598365667449 0
2405 -0.1725598365667448 0.9680198207164639 0
2406 -0.3082905158101261 -0.8293671429483686 0
2407 0.8293671429483684 -0.3082905158101258 0
2408 0.3082905158101258 0.8293671429483682 0
2409 -0.8293671429483682 0.3082905158101258 0
2410 -0.3543592016859477 -0.3783541866678432 0
2411 -0.3383984262122235 -0.4173582260747686 0
2412 0.3783541866678432 -0.3543592016859477 0
2413 0.4173582260747686 -0.3383984262122235 0
2414 0.3543592016859477 0.3783541866678432 0
2415 0.3383984262122235 0.4173582260747686 0
2416 -0.3783541866678432 0.3543592016859477 0
2417 -0.4173582260747686 0.3383984262122235 0
2418 0.06512718017037458 -0.3860296308516756 0
2419 0.07803152838837561 -0.3512326585722457 0
2420 0.3860296308516756 0.06512718017037458 0
2421 0.3512326585722457 0.07803152838837561 0
2422 -0.06512718017037458 0.3860296308516756 0
2423 -0.07803152838837561 0.3512326585722457 0
2424 -0.3860296308516756 -0.06512718017037458 0
2425 -0.3512326585722457 -0.07803152838837561 0
2426 -0.732419105371413 -0.7641171414899506 0
2427 -0.7049991140648267 -0.7902905497656983 0
2428 0.7641171414899506 -0.7324191053714131 0
2429 0.7902905497656983 -0.7049991140648271 0
2430 0.7324191053714131 0.7641171414899506 0
2431 0.7049991140648271 0.7902905497656982 0
2432 -0.7641171414899506 0.7324191053714131 0
2433 -0.7902905497656982 0.7049991140648271 0
2434 -0.4035342146792729 -0.3297219984899065 0
2435 -0.3726054468058521 -0.3579589007788451 0
2436 0.3297219984899064 -0.403534214679273 0
2437 0.357958900778845 -0.3726054468058521 0
2438 0.403534214679273 0.3297219984899064 0
2439 0.3726054468058521 0.357958900778845 0
2440 -0.3297219984899064 0.403534214679273 0
2441 -0.357958900778845 0.3726054468058521 0
2442 -0.1187264378802474 -0.9459974338220765 0
2443 -0.1058065858833517 -0.9139411792162039 0
2444 0.9459974338220764 -0.1187264378802474 0
2445 0.9139411792162038 -0.1058065858833517 0
2446 0.1187264378802474 0.9459974338220765 0
2447 0.1058065858833517 0.9139411792162039 0
2448 -0.9459974338220765 0.1187264378802474 0
2449 -0.9139411792162039 0.1058065858833517 0
2450 -0.1434278303932365 -0.87592702829519 0
2451 -0.177809268134886 -0.8921445387190718 0
2452 0.87592702829519 -0.1434278303932365 0
2453 0.8921445387190718 -0.177809268134886 0
2454 0.1434278303932365 0.87592702829519 0
2455 0.177809268134886 0.8921445387190718 0
2456 -0.87592702829519 0.1434278303932365 0
2457 -0.8921445387190718 0.177809268134886 0
2458 -0.9226988749371478 -0.746369180898277 0
2459 -0.9358735939459333 -0.7858677760628687 0
2460 -0.9054478319685735 -0.7701149825567668 0
2461 0.7463691808982769 -0.9226988749371478 0
2462 0.7858677760628686 -0.9358735939459335 0
2463 0.7701149825567668 -0.9054478319685734 0
2464 0.9226988749371476 0.7463691808982769 0
2465 0.9358735939459334 0.7858677760628687 0
2466 0.9054478319685734 0.7701149825567668 0
2467 -0.7463691808982769 0.9226988749371476 0
2468 -0.7858677760628687 0.9358735939459335 0
2469 -0.7701149825567668 0.9054478319685733 0
2470 0.4432593076932126 -0.1532644457841846 0
2471 0.4704817406602114 -0.1353043235114078 0
2472 0.1532644457841846 0.4432593076932126 0
2473 0.1353043235114078 0.4704817406602114 0
2474 -0.4432593076932126 0.1532644457841846 0
2475 -0.4704817406602114 0.1353043235114078 0
2476 -0.1532644457841846 -0.4432593076932126 0
2477 -0.1353043235114078 -0.4704817406602114 0
2478 0.03392256181353184 -0.6460010475528997 0
2479 0.03406756222537544 -0.6111307769242513 0
2480 0.01294749801490305 -0.6385819936633221 0
2481 0.6460010475528997 0.03392256181353184 0
2482 0.6111307769242513 0.03406756222537544 0
2483 0.6385819936633221 0.01294749801490305 0
2484 -0.03392256181353184 0.6460010475528997 0
2485 -0.03406756222537544 0.6111307769242513 0
2486 -0.01294749801490305 0.6385819936633221 0
2487 -0.6460010475528997 -0.03392256181353184 0
2488 -0.6111307769242513 -0.03406756222537544 0
2489 -0.6385819936633222 -0.01294749801490305 0
2490 0.4871036037879038 -0.9669809311753694 0
2491 0.4558536037878179 -0.9669809311753694 0
2492 0.9669809311753694 0.4871036037879038 0
2493 0.9669809311753694 0.4558536037878179 0
2494 -0.4871036037879039 0.9669809311753694 0
2495 -0.4558536037878179 0.9669809311753694 0
2496 -0.9669809311753694 -0.4871036037879038 0
2497 -0.9669809311753694 -0.4558536037878179 0
2498 0.9030395935730489 -0.8457362037458342 0
2499 0.884566775855124 -0.8187773099137075 0
2500 0.8686133190591272 -0.8516862041844193 0
2501 0.8457362037458342 0.9030395935730489 0
2502 0.8187773099137075 0.884566775855124 0
2503 0.8516862041844193 0.8686133190591272 0
2504 -0.9030395935730489 0.8457362037458342 0
2505 -0.884566775855124 0.8187773099137075 0
2506 -0.8686133190591272 0.8516862041844193 0
2507 -0.8457362037458344 -0.9030395935730486 0
2508 -0.8187773099137073 -0.8845667758551239 0
2509 -0.8516862041844193 -0.868613319059127 0
2510 -0.01738691470892544 -0.9037877379129471 0
2511 -0.02196607418671971 -0.9397542698268062 0
2512 0.004220964826693908 -0.9163546494179929 0
2513 0.9037877379129471 -0.01738691470892544 0
2514 0.9397542698268062 -0.02196607418671971 0
2515 0.9163546494179929 0.004220964826693907 0
2516 0.01738691470892544 0.9037877379129471 0
2517 0.02196607418671971 0.9397542698268062 0
2518 -0.004220964826693908 0.9163546494179929 0
2519 -0.9037877379129471 0.01738691470892544 0
2520 -0.9397542698268062 0.02196607418671971 0
2521 -0.9163546494179929 -0.004220964826693908 0
2522 0.06719310020150022 -0.6450958343158169 0
2523 0.09289464534916046 -0.6365609984588921 0
2524 0.08074417117166446 -0.610014994956904 0
2525 0.6450958343158169 0.06719310020150022 0
2526 0.6365609984588921 0.09289464534916046 0
2527 0.610014994956904 0.08074417117166446 0
2528 -0.06719310020150022 0.6450958343158169 0
2529 -0.09289464534916046 0.6365609984588921 0
2530 -0.08074417117166446 0.610014994956904 0
2531 -0.6450958343158169 -0.06719310020150018 0
2532 -0.6365609984588922 -0.09289464534916042 0
2533 -0.6100149949569041 -0.08074417117166446 0
2534 0.05086278091114071 -0.2764619186524551 0
2535 0.048087395517679 -0.3100029076765497 0
2536 0.2764619186524551 0.05086278091114071 0
2537 0.3100029076765497 0.048087395517679 0
2538 -0.05086278091114071 0.2764619186524551 0
2539 -0.048087395517679 0.3100029076765497 0
2540 -0.2764619186524551 -0.05086278091114071 0
2541 -0.3100029076765497 -0.048087395517679 0
2542 0.01702788826576926 -0.8520898930896845 0
2543 -0.01083316853301523 -0.8317272773613427 0
2544 -0.0190609324942963 -0.8600255017757918 0
2545 0.8520898930896846 0.01702788826576926 0
2546 0.8317272773613427 -0.01083316853301523 0
2547 0.8600255017757918 -0.01906093249429631 0
2548 -0.01702788826576926 0.8520898930896846 0
2549 0.01083316853301523 0.8317272773613427 0
2550 0.0190609324942963 0.8600255017757918 0
2551 -0.8520898930896845 -0.01702788826576926 0
2552 -0.8317272773613427 0.01083316853301523 0
2553 -0.8600255017757918 0.0190609324942963 0
2554 -0.5838568809114137 -0.4173040709919904 0
2555 -0.6037126778513955 -0.3919235860542523 0
2556 -0.6227595809424959 -0.4247943447470832 0
2557 0.4173040709919903 -0.5838568809114137 0
2558 0.3919235860542523 -0.6037126778513956 0
2559 0.4247943447470834 -0.6227595809424959 0
2560 0.5838568809114137 0.4173040709919903 0
2561 0.6037126778513956 0.3919235860542523 0
2562 0.6227595809424959 0.4247943447470834 0
2563 -0.4173040709919903 0.5838568809114137 0
2564 -0.3919235860542523 0.6037126778513956 0
2565 -0.4247943447470834 0.6227595809424959 0
2566 -0.6306431652070653 -0.3721720461877154 0
2567 -0.591740465175983 -0.3646817724326226 0
2568 0.3721720461877156 -0.6306431652070654 0
2569 0.3646817724326225 -0.5917404651759833 0
2570 0.6306431652070654 0.3721720461877156 0
2571 0.5917404651759833 0.3646817724326225 0
2572 -0.3721720461877156 0.6306431652070654 0
2573 -0.3646817724326225 0.5917404651759833 0
2574 0.104129702010516 -0.6605380323524295 0
2575 0.1176807729806802 -0.6254571929935167 0
2576 0.6605380323524295 0.104129702010516 0
2577 0.6254571929935167 0.1176807729806802 0
2578 -0.104129702010516 0.6605380323524295 0
2579 -0.1176807729806802 0.6254571929935167 0
2580 -0.6605380323524295 -0.104129702010516 0
2581 -0.6254571929935167 -0.1176807729806802 0
2582 0.003323741152071975 -0.8090987140663468 0
2583 -0.03276507960799359 -0.8170343227524541 0
2584 0.8090987140663468 0.003323741152071975 0
2585 0.8170343227524541 -0.03276507960799359 0
2586 -0.003323741152071975 0.8090987140663468 0
2587 0.03276507960799359 0.8170343227524541 0
2588 -0.8090987140663468 -0.003323741152071975 0
2589 -0.817034322752454 0.03276507960799359 0
2590 -0.8895443462856375 -0.7989240915933806 0
2591 -0.876369627276852 -0.7594254964287888 0
2592 0.7989240915933804 -0.8895443462856376 0
2593 0.7594254964287888 -0.8763696272768517 0
2594 0.8895443462856376 0.7989240915933804 0
2595 0.8763696272768517 0.7594254964287888 0
2596 -0.7989240915933804 0.8895443462856376 0
2597 -0.7594254964287888 0.8763696272768517 0
2598 0.811031616385168 -0.2116995006662629 0
2599 0.787187073132362 -0.2347287496083552 0
2600 0.2116995006662629 0.811031616385168 0
2601 0.2347287496083552 0.787187073132362 0
2602 -0.811031616385168 0.2116995006662629 0
2603 -0.787187073132362 0.2347287496083552 0
2604 -0.2116995006662627 -0.8110316163851681 0
2605 -0.2347287496083551 -0.787187073132362 0
2606 -0.6093903241124068 -0.9713682106652397 0
2607 -0.6238801735181696 -0.9522144617376436 0
2608 -0.6394898494065497 -0.9808462510724038 0
2609 0.9713682106652397 -0.6093903241124068 0
2610 0.9522144617376436 -0.6238801735181697 0
2611 0.9808462510724038 -0.6394898494065497 0
2612 0.6093903241124068 0.9713682106652397 0
2613 0.6238801735181697 0.9522144617376436 0
2614 0.6394898494065497 0.9808462510724038 0
2615 -0.9713682106652397 0.6093903241124068 0
2616 -0.9522144617376436 0.6238801735181696 0
2617 -0.9808462510724038 0.6394898494065497 0
2618 -0.982343213080944 -0.6402297746346371 0
2619 -0.9539762643785825 -0.6242974542378334 0
2620 -0.9716330512976386 -0.6090676796021641 0
2621 0.6402297746346371 -0.9823432130809444 0
2622 0.6242974542378337 -0.9539762643785831 0
2623 0.6090676796021643 -0.9716330512976387 0
2624 0.9823432130809444 0.6402297746346371 0
2625 0.9539762643785831 0.6242974542378337 0
2626 0.9716330512976387 0.6090676796021642 0
2627 -0.6402297746346371 0.9823432130809444 0
2628 -0.6242974542378337 0.9539762643785831 0
2629 -0.6090676796021642 0.9716330512976387 0
2630 -0.5781403241124994 -0.9713682106652397 0
2631 0.9713682106652397 -0.5781403241124994 0
2632 0.5781403241124994 0.9713682106652397 0
2633 -0.9713682106652397 0.5781403241124994 0
2634 -0.9716330512976386 -0.577817679602078 0
2635 0.5778176796020782 -0.9716330512976387 0
2636 0.9716330512976387 0.5778176796020782 0
2637 -0.5778176796020782 0.9716330512976387 0
2638 -0.03142909732682683 -0.9761605906659261 0
2639 -0.05303697686244618 -0.9635936791608801 0
2640 0.9761605906659261 -0.03142909732682683 0
2641 0.9635936791608801 -0.05303697686244618 0
2642 0.03142909732682683 0.9761605906659261 0
2643 0.05303697686244618 0.9635936791608801 0
2644 -0.9761605906659261 0.03142909732682683 0
2645 -0.9635936791608801 0.05303697686244618 0
2646 0.8241439374678372 -0.1826675481739362 0
2647 0.7974343986782837 -0.1778101180749302 0
2648 0.1826675481739362 0.8241439374678372 0
2649 0.1778101180749302 0.7974343986782837 0
2650 -0.8241439374678372 0.1826675481739362 0
2651 -0.7974343986782837 0.1778101180749302 0
2652 -0.1826675481739362 -0.8241439374678372 0
2653 -0.1778101180749301 -0.7974343986782839 0
2654 0.7615150947469511 -0.1907483445325441 0
2655 0.1907483445325441 0.7615150947469511 0
2656 -0.7615150947469511 0.1907483445325441 0
2657 -0.190748344532544 -0.7615150947469511 0
2658 0.4001576279374809 -0.02679714139342539 0
2659 0.3823070640693639 -0.002409700830102898 0
2660 0.3659434296753598 -0.02208839077025196 0
2661 0.02679714139342539 0.4001576279374809 0
2662 0.002409700830102899 0.3823070640693639 0
2663 0.02208839077025196 0.3659434296753598 0
2664 -0.02679714139342539 -0.4001576279374809 0
2665 -0.002409700830102899 -0.3823070640693639 0
2666 -0.02208839077025196 -0.3659434296753598 0
2667 -0.4001576279374809 0.02679714139342539 0
2668 -0.3823070640693639 0.002409700830102899 0
2669 -0.3659434296753598 0.02208839077025196 0
2670 0.9161628369181468 -0.8728018184600329 0
2671 0.8728018184600329 0.9161628369181468 0
2672 -0.9161628369181467 0.8728018184600329 0
2673 -0.8728018184600332 -0.9161628369181465 0
2674 -0.4686748870260197 -0.4359145444976393 0
2675 -0.4327610600471368 -0.4351261630056683 0
2676 0.4359145444976392 -0.4686748870260197 0
2677 0.4351261630056682 -0.4327610600471368 0
2678 0.4686748870260197 0.4359145444976392 0
2679 0.4327610600471368 0.4351261630056682 0
2680 -0.4359145444976392 0.4686748870260197 0
2681 -0.4351261630056682 0.4327610600471368 0
2682 0.4735673496244701 -0.4730160989259986 0
2683 0.4468982811911804 -0.4960866673960533 0
2684 0.4730160989259986 0.4735673496244701 0
2685 0.4960866673960533 0.4468982811911804 0
2686 -0.4735673496244701 0.4730160989259986 0
2687 -0.4468982811911804 0.4960866673960533 0
2688 -0.4730160989259987 -0.47356734962447 0
2689 -0.4960866673960533 -0.4468982811911804 0
2690 0.4653909386586891 -0.5222885637360435 0
2691 0.4784380604566723 -0.5567067531973686 0
2692 0.4975982081159944 -0.5348460687573573 0
2693 0.5222885637360435 0.4653909386586891 0
2694 0.5567067531973686 0.4784380604566723 0
2695 0.5348460687573573 0.4975982081159944 0
2696 -0.4653909386586891 0.5222885637360435 0
2697 -0.4784380604566723 0.5567067531973686 0
2698 -0.4975982081159944 0.5348460687573573 0
2699 -0.5222885637360435 -0.4653909386586891 0
2700 -0.5567067531973684 -0.4784380604566723 0
2701 -0.5348460687573573 -0.4975982081159943 0
2702 -0.5860840211105982 -0.4804100797993994 0
2703 -0.5735265160892844 -0.4482028103420942 0
2704 0.4804100797993995 -0.5860840211105982 0
2705 0.4482028103420942 -0.5735265160892844 0
2706 0.5860840211105982 0.4804100797993995 0
2707 0.5735265160892844 0.4482028103420942 0
2708 -0.4804100797993995 0.5860840211105982 0
2709 -0.4482028103420942 0.5735265160892844 0
2710 0.8292571362265002 -0.5963243444972055 0
2711 0.8291686446132097 -0.5692005567252619 0
2712 0.5963243444972055 0.8292571362265002 0
2713 0.5692005567252618 0.8291686446132096 0
2714 -0.8292571362265002 0.5963243444972055 0
2715 -0.8291686446132097 0.5692005567252619 0
2716 -0.596324344497205 -0.8292571362265007 0
2717 -0.5692005567252616 -0.8291686446132098 0
2718 -0.7906642732635316 -0.9737957615712054 0
2719 -0.7908279280009332 -0.9332922867557281 0
2720 0.9737957615712054 -0.7906642732635317 0
2721 0.9332922867557283 -0.7908279280009332 0
2722 0.7906642732635317 0.9737957615712054 0
2723 0.7908279280009332 0.9332922867557283 0
2724 -0.9737957615712054 0.7906642732635317 0
2725 -0.9332922867557283 0.7908279280009332 0
2726 -0.9765623184572538 -0.7873109872019313 0
2727 0.7873109872019313 -0.9765623184572539 0
2728 0.9765623184572538 0.7873109872019313 0
2729 -0.7873109872019313 0.9765623184572539 0
2730 -0.8748432752378164 -0.4004236646510949 0
2731 -0.8913377039153316 -0.3729949631115501 0
2732 -0.9101804523291884 -0.3978821881878202 0
2733 0.4004236646510949 -0.8748432752378164 0
2734 0.3729949631115502 -0.8913377039153317 0
2735 0.3978821881878202 -0.9101804523291884 0
2736 0.8748432752378164 0.4004236646510949 0
2737 0.8913377039153316 0.3729949631115502 0
2738 0.9101804523291884 0.3978821881878202 0
2739 -0.4004236646510949 0.8748432752378164 0
2740 -0.3729949631115502 0.8913377039153316 0
2741 -0.3978821881878202 0.9101804523291884 0
2742 -0.481674095213514 -0.7478275502434015 0
2743 -0.502601177203837 -0.7253087853948218 0
2744 0.7478275502434013 -0.4816740952135141 0
2745 0.7253087853948216 -0.5026011772038371 0
2746 0.4816740952135141 0.7478275502434011 0
2747 0.5026011772038371 0.7253087853948217 0
2748 -0.7478275502434011 0.4816740952135141 0
2749 -0.7253087853948216 0.5026011772038371 0
2750 -0.5365395505815822 -0.7143658215011059 0
2751 -0.5123878744657961 -0.6987652591721154 0
2752 0.7143658215011057 -0.5365395505815823 0
2753 0.6987652591721152 -0.5123878744657963 0
2754 0.5365395505815822 0.7143658215011059 0
2755 0.5123878744657963 0.6987652591721152 0
2756 -0.7143658215011057 0.5365395505815822 0
2757 -0.6987652591721152 0.5123878744657963 0
2758 -0.2980689519516267 -0.980253745208137 0
2759 -0.3109985297331296 -0.9527713516314914 0
2760 0.980253745208137 -0.2980689519516266 0
2761 0.9527713516314914 -0.3109985297331294 0
2762 0.2980689519516266 0.980253745208137 0
2763 0.3109985297331294 0.9527713516314913 0
2764 -0.980253745208137 0.2980689519516266 0
2765 -0.9527713516314913 0.3109985297331294 0
2766 -0.02774442244387799 -0.8823033699714435 0
2767 -0.05393146145729161 -0.9057029903802568 0
2768 0.8823033699714435 -0.02774442244387799 0
2769 0.9057029903802569 -0.05393146145729161 0
2770 0.02774442244387799 0.8823033699714435 0
2771 0.05393146145729161 0.9057029903802569 0
2772 -0.8823033699714435 0.02774442244387799 0
2773 -0.9057029903802568 0.05393146145729161 0
2774 0.0559315790515484 -0.9658572094202539 0
2775 0.02450248172728862 -0.9420178000861799 0
2776 0.03107090267315941 -0.9761605906659261 0
2777 0.9658572094202539 0.0559315790515484 0
2778 0.9420178000861799 0.02450248172728862 0
2779 0.9761605906659261 0.03107090267315941 0
2780 -0.0559315790515484 0.9658572094202539 0
2781 -0.02450248172728862 0.9420178000861799 0
2782 -0.03107090267315941 0.9761605906659261 0
2783 -0.9658572094202539 -0.0559315790515484 0
2784 -0.9420178000861799 -0.02450248172728862 0
2785 -0.9761605906659261 -0.03107090267315941 0
2786 0.3202022419068301 -0.5469750488520086 0
2787 0.3452614718197004 -0.5690524008781734 0
2788 0.5469750488520086 0.3202022419068301 0
2789 0.5690524008781734 0.3452614718197004 0
2790 -0.3202022419068301 0.5469750488520086 0
2791 -0.3452614718197004 0.5690524008781734 0
2792 -0.5469750488520084 -0.3202022419068303 0
2793 -0.5690524008781731 -0.3452614718197007 0
2794 -0.5959828882338429 -0.3255099319531638 0
2795 0.3255099319531637 -0.5959828882338432 0
2796 0.5959828882338432 0.3255099319531637 0
2797 -0.3255099319531637 0.5959828882338432 0
2798 -0.942413207876281 -0.4453507621835476 0
2799 -0.9754322767009116 -0.4269971583941813 0
2800 0.4453507621835476 -0.9424132078762809 0
2801 0.4269971583941813 -0.9754322767009116 0
2802 0.942413207876281 0.4453507621835477 0
2803 0.9754322767009116 0.4269971583941814 0
2804 -0.4453507621835477 0.942413207876281 0
2805 -0.4269971583941814 0.9754322767009116 0
2806 -0.9697776169893937 -0.8700865636822082 0
2807 0.8700865636822082 -0.9697776169893937 0
2808 0.9697776169893937 0.8700865636822082 0
2809 -0.8700865636822082 0.9697776169893937 0
2810 -0.8709792694518708 -0.9726197685296207 0
2811 0.9726197685296208 -0.8709792694518705 0
2812 0.8709792694518705 0.9726197685296208 0
2813 -0.9726197685296207 0.8709792694518705 0
2814 -0.2560814819743826 -0.9013677058756789 0
2815 -0.2590648868537414 -0.8717820702050256 0
2816 -0.2842903920964654 -0.8811087411591219 0
2817 0.901367705875679 -0.2560814819743826 0
2818 0.8717820702050256 -0.2590648868537414 0
2819 0.8811087411591221 -0.2842903920964652 0
2820 0.2560814819743826 0.901367705875679 0
2821 0.2590648868537414 0.8717820702050256 0
2822 0.2842903920964652 0.8811087411591219 0
2823 -0.901367705875679 0.2560814819743826 0
2824 -0.8717820702050256 0.2590648868537414 0
2825 -0.8811087411591219 0.2842903920964652 0
2826 -0.2237064537484637 -0.8648910950481521 0
2827 0.8648910950481521 -0.2237064537484638 0
2828 0.2237064537484638 0.8648910950481521 0
2829 -0.8648910950481521 0.2237064537484638 0
2830 -0.0001790973269265823 -0.9761605906659261 0
2831 0.9761605906659261 -0.0001790973269265825 0
2832 0.0001790973269265823 0.9761605906659261 0
2833 -0.9761605906659261 0.0001790973269265823 0
2834 0.9288515311305306 -0.6222229052536594 0
2835 0.9030030551531147 -0.5902897784899362 0
2836 0.6222229052536594 0.9288515311305306 0
2837 0.5902897784899361 0.9030030551531145 0
2838 -0.9288515311305306 0.6222229052536594 0
2839 -0.9030030551531147 0.5902897784899362 0
2840 -0.6222229052536592 -0.9288515311305305 0
2841 -0.5902897784899359 -0.9030030551531147 0
2842 -0.8945459364900956 -0.6223544229896987 0
2843 -0.9069153731802559 -0.5926462244501485 0
2844 -0.9308966659051165 -0.6228435577449106 0
2845 0.6223544229896996 -0.8945459364900963 0
2846 0.5926462244501494 -0.9069153731802567 0
2847 0.6228435577449111 -0.9308966659051169 0
2848 0.8945459364900963 0.6223544229896996 0
2849 0.9069153731802566 0.5926462244501493 0
2850 0.9308966659051169 0.622843557744911 0
2851 -0.6223544229896996 0.8945459364900963 0
2852 -0.5926462244501493 0.9069153731802567 0
2853 -0.622843557744911 0.9308966659051169 0
2854 -0.1770247756193474 -0.6784386806114251 0
2855 0.6784386806114252 -0.1770247756193474 0
2856 0.1770247756193474 0.6784386806114251 0
2857 -0.6784386806114252 0.1770247756193474 0
2858 -0.1044693379010851 -0.8527449092757071 0
2859 -0.1323487737019959 -0.8477427140331573 0
2860 0.8527449092757071 -0.1044693379010851 0
2861 0.8477427140331573 -0.1323487737019959 0
2862 0.1044693379010851 0.8527449092757071 0
2863 0.1323487737019959 0.8477427140331573 0
2864 -0.8527449092757071 0.1044693379010851 0
2865 -0.8477427140331573 0.1323487737019959 0
2866 -0.3631127212816528 -0.7521675055944679 0
2867 -0.3920858204258222 -0.7704799720916188 0
2868 -0.3725271692702375 -0.7821560455146883 0
2869 0.7521675055944677 -0.363112721281653 0
2870 0.7704799720916184 -0.3920858204258224 0
2871 0.7821560455146879 -0.3725271692702377 0
2872 0.363112721281653 0.7521675055944674 0
2873 0.3920858204258224 0.7704799720916184 0
2874 0.3725271692702378 0.7821560455146879 0
2875 -0.7521675055944674 0.363112721281653 0
2876 -0.7704799720916184 0.3920858204258225 0
2877 -0.7821560455146879 0.3725271692702378 0
2878 0.09915992532969006 -0.9295172593112317 0
2879 0.1309887855642826 -0.9196518111382018 0
2880 0.9295172593112317 0.09915992532969006 0
2881 0.9196518111382018 0.1309887855642826 0
2882 -0.09915992532969006 0.9295172593112317 0
2883 -0.1309887855642825 0.9196518111382017 0
2884 -0.9295172593112317 -0.09915992532969012 0
2885 -0.9196518111382019 -0.1309887855642827 0
2886 -0.06963387183382708 -0.9350655042244034 0
2887 -0.0790968949739342 -0.9714718250635231 0
2888 0.9350655042244032 -0.06963387183382708 0
2889 0.971471825063523 -0.0790968949739342 0
2890 0.06963387183382708 0.9350655042244034 0
2891 0.0790968949739342 0.9714718250635231 0
2892 -0.9350655042244034 0.06963387183382708 0
2893 -0.9714718250635231 0.0790968949739342 0
2894 -0.1937466048651768 -0.8523282517298699 0
2895 -0.1598572222738442 -0.8387310340229857 0
2896 0.8523282517298699 -0.1937466048651768 0
2897 0.8387310340229857 -0.1598572222738442 0
2898 0.1937466048651768 0.8523282517298699 0
2899 0.1598572222738442 0.8387310340229857 0
2900 -0.8523282517298699 0.1937466048651768 0
2901 -0.8387310340229857 0.1598572222738442 0
2902 0.2682232976269793 -0.03266346589509525 0
2903 0.2677397196838376 -0.06375951459757967 0
2904 0.2901981053482965 -0.05315174419468351 0
2905 0.03266346589509525 0.2682232976269793 0
2906 0.06375951459757967 0.2677397196838376 0
2907 0.05315174419468351 0.2901981053482965 0
2908 -0.03266346589509525 -0.2682232976269793 0
2909 -0.06375951459757967 -0.2677397196838376 0
2910 -0.05315174419468351 -0.2901981053482965 0
2911 -0.2682232976269793 0.03266346589509525 0
2912 -0.2677397196838376 0.06375951459757967 0
2913 -0.2901981053482965 0.05315174419468351 0
2914 -0.04081062427871323 -0.4542771643478843 0
2915 -0.06010415335372349 -0.4724008794618834 0
2916 0.4542771643478843 -0.04081062427871323 0
2917 0.4724008794618834 -0.06010415335372349 0
2918 0.04081062427871323 0.4542771643478843 0
2919 0.06010415335372349 0.4724008794618832 0
2920 -0.4542771643478843 0.04081062427871323 0
2921 -0.4724008794618834 0.06010415335372349 0
2922 0.3114198792948032 -0.07157826292291172 0
2923 0.3119034572379449 -0.0404822142204273 0
2924 0.07157826292291172 0.3114198792948032 0
2925 0.0404822142204273 0.311903457237945 0
2926 -0.07157826292291172 -0.3114198792948032 0
2927 -0.0404822142204273 -0.3119034572379449 0
2928 -0.3114198792948032 0.07157826292291172 0
2929 -0.3119034572379449 0.0404822142204273 0
2930 0.156523244574345 -0.898557749813468 0
2931 0.898557749813468 0.156523244574345 0
2932 -0.156523244574345 0.898557749813468 0
2933 -0.8985577498134683 -0.1565232445743453 0
2934 0.181264533347844 -0.8756489629214461 0
2935 0.1823609619092255 -0.9131308545409059 0
2936 0.8756489629214459 0.181264533347844 0
2937 0.9131308545409058 0.1823609619092255 0
2938 -0.181264533347844 0.8756489629214461 0
2939 -0.1823609619092254 0.9131308545409058 0
2940 -0.8756489629214463 -0.1812645333478441 0
2941 -0.9131308545409063 -0.1823609619092255 0
2942 0.0290816412050829 -0.9060512681723207 0
2943 0.9060512681723207 0.02908164120508289 0
2944 -0.0290816412050829 0.9060512681723207 0
2945 -0.9060512681723207 -0.0290816412050829 0
2946 -0.6140874245256616 -0.7689068410770667 0
2947 -0.5998253687300747 -0.74268951615503 0
2948 0.7689068410770662 -0.614087424525662 0
2949 0.7426895161550298 -0.599825368730075 0
2950 0.614087424525662 0.7689068410770662 0
2951 0.599825368730075 0.74268951615503 0
2952 -0.7689068410770661 0.614087424525662 0
2953 -0.7426895161550298 0.599825368730075 0
2954 0.482424610248205 -0.3872395212644235 0
2955 0.460171720840146 -0.406289337008283 0
2956 0.4848365023389881 -0.4265545028121055 0
2957 0.3872395212644235 0.482424610248205 0
2958 0.406289337008283 0.460171720840146 0
2959 0.4265545028121055 0.4848365023389881 0
2960 -0.482424610248205 0.3872395212644235 0
2961 -0.460171720840146 0.406289337008283 0
2962 -0.4848365023389881 0.4265545028121055 0
2963 -0.3872395212644235 -0.4824246102482052 0
2964 -0.406289337008283 -0.460171720840146 0
2965 -0.4265545028121056 -0.4848365023389881 0
2966 0.4327142709148852 -0.3934460784994548 0
2967 0.3934460784994548 0.4327142709148852 0
2968 -0.4327142709148852 0.3934460784994548 0
2969 -0.3934460784994548 -0.4327142709148853 0
2970 0.04607303599102783 -0.6725470510548877 0
2971 0.6725470510548877 0.04607303599102783 0
2972 -0.04607303599102783 0.6725470510548877 0
2973 -0.6725470510548878 -0.04607303599102779 0
2974 0.7936627407116189 -0.8323160066818797 0
2975 0.8191875534033024 -0.8425967259731042 0
2976 0.8246156886495188 -0.8144465910610679 0
2977 0.8323160066818797 0.7936627407116189 0
2978 0.8425967259731042 0.8191875534033024 0
2979 0.8144465910610679 0.8246156886495188 0
2980 -0.7936627407116189 0.8323160066818797 0
2981 -0.8191875534033024 0.8425967259731042 0
2982 -0.8246156886495188 0.8144465910610679 0
2983 -0.8323160066818795 -0.793662740711619 0
2984 -0.8425967259731042 -0.8191875534033023 0
2985 -0.8144465910610678 -0.8246156886495188 0
2986 0.08734467502665647 -0.7529868468161176 0
2987 0.1136269955924793 -0.7688693829570687 0
2988 0.1235923671515725 -0.7414129626333613 0
2989 0.7529868468161176 0.08734467502665647 0
2990 0.7688693829570687 0.1136269955924793 0
2991 0.7414129626333613 0.1235923671515724 0
2992 -0.08734467502665647 0.7529868468161176 0
2993 -0.1136269955924793 0.7688693829570687 0
2994 -0.1235923671515724 0.7414129626333613 0
2995 -0.7529868468161176 -0.08734467502665641 0
2996 -0.7688693829570687 -0.1136269955924793 0
2997 -0.7414129626333613 -0.1235923671515723 0
2998 -0.7827061179067449 -0.1381985707018613 0
2999 -0.7942800020895011 -0.1019508785769453 0
3000 0.1381985707018613 -0.7827061179067449 0
3001 0.1019508785769453 -0.7942800020895011 0
3002 0.7827061179067449 0.1381985707018613 0
3003 0.7942800020895011 0.1019508785769453 0
3004 -0.1381985707018613 0.7827061179067449 0
3005 -0.1019508785769453 0.7942800020895011 0
3006 0.8159429583305002 -0.6229154148642472 0
3007 0.6229154148642472 0.8159429583305002 0
3008 -0.8159429583305002 0.6229154148642472 0
3009 -0.6229154148642468 -0.8159429583305008 0
3010 0.01662039562545838 -0.4070576269606305 0
3011 0.4070576269606305 0.01662039562545838 0
3012 -0.01662039562545838 0.4070576269606305 0
3013 -0.4070576269606305 -0.01662039562545838 0
3014 -0.312121207633148 -0.5596133010425129 0
3015 -0.3320450621041439 -0.5321889330978375 0
3016 0.5596133010425129 -0.312121207633148 0
3017 0.5321889330978375 -0.3320450621041439 0
3018 0.312121207633148 0.5596133010425131 0
3019 0.3320450621041439 0.5321889330978375 0
3020 -0.5596133010425131 0.312121207633148 0
3021 -0.5321889330978375 0.3320450621041439 0
3022 0.2336460259172236 -0.500279937614203 0
3023 0.2623842544414067 -0.4917700950448443 0
3024 0.500279937614203 0.2336460259172236 0
3025 0.4917700950448443 0.2623842544414067 0
3026 -0.2336460259172236 0.500279937614203 0
3027 -0.2623842544414067 0.4917700950448443 0
3028 -0.5002799376142029 -0.2336460259172236 0
3029 -0.4917700950448442 -0.2623842544414067 0
3030 -0.6523224305478021 -0.9383295715376945 0
3031 0.9383295715376947 -0.6523224305478024 0
3032 0.6523224305478024 0.9383295715376947 0
3033 -0.9383295715376947 0.6523224305478024 0
3034 0.6540056527773839 -0.9416068276884226 0
3035 0.9416068276884226 0.6540056527773839 0
3036 -0.6540056527773839 0.9416068276884226 0
3037 -0.9416068276884222 -0.6540056527773837 0
3038 -0.00690691901989322 -0.6141086130690434 0
3039 -0.007051919431736819 -0.6489788836976917 0
3040 0.6141086130690434 -0.00690691901989322 0
3041 0.6489788836976917 -0.007051919431736819 0
3042 0.00690691901989322 0.6141086130690434 0
3043 0.007051919431736819 0.6489788836976917 0
3044 -0.6141086130690434 0.00690691901989322 0
3045 -0.6489788836976917 0.007051919431736819 0
3046 0.8180611868164325 -0.7842696130208837 0
3047 0.7835227282425821 -0.7821695925985546 0
3048 0.7842696130208837 0.8180611868164326 0
3049 0.7821695925985547 0.7835227282425821 0
3050 -0.8180611868164326 0.7842696130208837 0
3051 -0.7835227282425821 0.7821695925985547 0
3052 -0.7842696130208834 -0.8180611868164324 0
3053 -0.7821695925985546 -0.7835227282425821 0
3054 -0.625554355219163 -0.3149144300904653 0
3055 -0.6581460874270713 -0.3149916335971424 0
3056 -0.6512626847395611 -0.3450074360727629 0
3057 0.3149144300904654 -0.6255543552191632 0
3058 0.3149916335971424 -0.6581460874270713 0
3059 0.3450074360727629 -0.6512626847395612 0
3060 0.6255543552191632 0.3149144300904654 0
3061 0.6581460874270713 0.3149916335971424 0
3062 0.6512626847395612 0.3450074360727629 0
3063 -0.3149144300904654 0.6255543552191632 0
3064 -0.3149916335971424 0.6581460874270713 0
3065 -0.3450074360727629 0.6512626847395612 0
3066 -0.6640341847696785 -0.2831938803199899 0
3067 0.2831938803199899 -0.6640341847696785 0
3068 0.6640341847696785 0.2831938803199899 0
3069 -0.2831938803199899 0.6640341847696785 0
3070 -0.6571756194143891 -0.4306099233529873 0
3071 -0.6373198224744072 -0.4559904082907253 0
3072 0.4306099233529874 -0.6571756194143888 0
3073 0.4559904082907255 -0.637319822474407 0
3074 0.6571756194143888 0.4306099233529874 0
3075 0.637319822474407 0.4559904082907255 0
3076 -0.4306099233529874 0.6571756194143888 0
3077 -0.4559904082907255 0.637319822474407 0
3078 0.4321813929563865 -0.684909091332831 0
3079 0.4009853294127444 -0.6703488498009198 0
3080 0.6849090913328308 0.4321813929563865 0
3081 0.6703488498009198 0.4009853294127444 0
3082 -0.4321813929563865 0.684909091332831 0
3083 -0.4009853294127444 0.6703488498009198 0
3084 -0.6849090913328312 -0.4321813929563864 0
3085 -0.6703488498009199 -0.4009853294127443 0
3086 0.8329517050033154 -0.3437363057504409 0
3087 0.8038398462100534 -0.3654037515294174 0
3088 0.8295803708051007 -0.3798328226354306 0
3089 0.3437363057504409 0.8329517050033153 0
3090 0.3654037515294174 0.8038398462100533 0
3091 0.3798328226354307 0.8295803708051007 0
3092 -0.8329517050033153 0.3437363057504409 0
3093 -0.8038398462100533 0.3654037515294174 0
3094 -0.8295803708051007 0.3798328226354307 0
3095 -0.343736305750441 -0.8329517050033157 0
3096 -0.3654037515294174 -0.8038398462100538 0
3097 -0.3798328226354305 -0.8295803708051011 0
3098 0.5591929663049213 -0.8560830399665571 0
3099 0.8560830399665571 0.5591929663049213 0
3100 -0.5591929663049213 0.8560830399665571 0
3101 -0.8560830399665564 -0.5591929663049209 0
3102 -0.5549126712967437 -0.8516482853798977 0
3103 0.8516482853798976 -0.5549126712967445 0
3104 0.5549126712967444 0.8516482853798975 0
3105 -0.8516482853798976 0.5549126712967445 0
3106 -0.8746359108431865 -0.3528989163251643 0
3107 -0.9099730879345587 -0.3503574398618895 0
3108 0.3528989163251646 -0.8746359108431865 0
3109 0.3503574398618899 -0.9099730879345587 0
3110 0.8746359108431865 0.3528989163251646 0
3111 0.9099730879345586 0.3503574398618899 0
3112 -0.3528989163251646 0.8746359108431865 0
3113 -0.3503574398618899 0.9099730879345586 0
3114 -0.05560547924266248 -0.8619407542431016 0
3115 0.8619407542431017 -0.05560547924266248 0
3116 0.05560547924266248 0.8619407542431017 0
3117 -0.8619407542431016 0.05560547924266248 0
3118 -0.7265585047846508 -0.6976004416376849 0
3119 -0.7022591093059108 -0.7212471859738938 0
3120 -0.6976692866134762 -0.6947533588215762 0
3121 0.6976004416376853 -0.7265585047846508 0
3122 0.7212471859738939 -0.702259109305911 0
3123 0.6947533588215764 -0.6976692866134762 0
3124 0.7265585047846508 0.6976004416376853 0
3125 0.702259109305911 0.7212471859738939 0
3126 0.6976692866134762 0.6947533588215764 0
3127 -0.6976004416376853 0.7265585047846508 0
3128 -0.7212471859738938 0.702259109305911 0
3129 -0.6947533588215763 0.6976692866134762 0
3130 0.4277381335318583 -0.5179473518360647 0
3131 0.5179473518360647 0.4277381335318583 0
3132 -0.4277381335318583 0.5179473518360647 0
3133 -0.5179473518360644 -0.4277381335318583 0
3134 -0.8616320696774697 -0.2906217907881995 0
3135 -0.8866955723519467 -0.2971574732125615 0
3136 -0.8682077921879365 -0.3237257106511418 0
3137 0.2906217907881999 -0.8616320696774693 0
3138 0.297157473212562 -0.8866955723519462 0
3139 0.3237257106511421 -0.8682077921879365 0
3140 0.8616320696774693 0.2906217907881999 0
3141 0.8866955723519461 0.297157473212562 0
3142 0.8682077921879364 0.3237257106511421 0
3143 -0.2906217907881999 0.8616320696774693 0
3144 -0.297157473212562 0.8866955723519461 0
3145 -0.3237257106511421 0.8682077921879364 0
3146 0.6658681135066793 -0.4259929295608751 0
3147 0.6769925973649149 -0.4643924441546854 0
3148 0.6985837392075953 -0.4400499864942409 0
3149 0.4259929295608751 0.6658681135066793 0
3150 0.4643924441546854 0.6769925973649149 0
3151 0.4400499864942409 0.6985837392075953 0
3152 -0.6658681135066793 0.4259929295608751 0
3153 -0.6769925973649149 0.4643924441546854 0
3154 -0.6985837392075953 0.4400499864942409 0
3155 -0.4259929295608749 -0.6658681135066794 0
3156 -0.4643924441546852 -0.6769925973649151 0
3157 -0.4400499864942407 -0.6985837392075955 0
3158 -0.4569105387289554 -0.7643453630096915 0
3159 -0.4536859446034924 -0.7262260358321211 0
3160 0.7643453630096912 -0.4569105387289555 0
3161 0.7262260358321209 -0.4536859446034925 0
3162 0.4569105387289556 0.764345363009691 0
3163 0.4536859446034925 0.7262260358321209 0
3164 -0.764345363009691 0.4569105387289555 0
3165 -0.7262260358321209 0.4536859446034925 0
3166 0.6295231480925103 -0.4174987408312782 0
3167 0.4174987408312782 0.6295231480925104 0
3168 -0.6295231480925103 0.4174987408312782 0
3169 -0.417498740831278 -0.6295231480925108 0
3170 0.5099170297276971 -0.4781857081888106 0
3171 0.498933293034156 -0.450773927818777 0
3172 0.4781857081888106 0.5099170297276971 0
3173 0.450773927818777 0.498933293034156 0
3174 -0.5099170297276971 0.4781857081888106 0
3175 -0.498933293034156 0.4507739278187769 0
3176 -0.4781857081888106 -0.5099170297276971 0
3177 -0.4507739278187769 -0.4989332930341561 0
3178 -0.08046745433928118 -0.4894195176489965 0
3179 0.4894195176489965 -0.08046745433928112 0
3180 0.08046745433928118 0.4894195176489964 0
3181 -0.4894195176489965 0.08046745433928118 0
3182 0.4756630459314232 -0.6154671207924665 0
3183 0.5058982960460012 -0.5986473579005507 0
3184 0.6154671207924665 0.4756630459314232 0
3185 0.5986473579005507 0.5058982960460012 0
3186 -0.4756630459314232 0.6154671207924665 0
3187 -0.5058982960460012 0.5986473579005507 0
3188 -0.6154671207924665 -0.4756630459314229 0
3189 -0.5986473579005506 -0.5058982960460011 0
3190 -0.613630021789298 -0.5862630413451366 0
3191 -0.6217853264900856 -0.6163995917530931 0
3192 -0.5884514488540817 -0.6089225972862622 0
3193 0.5862630413451368 -0.613630021789298 0
3194 0.6163995917530933 -0.6217853264900854 0
3195 0.6089225972862623 -0.5884514488540817 0
3196 0.613630021789298 0.5862630413451368 0
3197 0.6217853264900854 0.6163995917530933 0
3198 0.5884514488540816 0.6089225972862622 0
3199 -0.5862630413451368 0.613630021789298 0
3200 -0.6163995917530933 0.6217853264900854 0
3201 -0.6089225972862622 0.5884514488540816 0
3202 -0.6260391552135887 -0.6483434093180366 0
3203 -0.6512177281488051 -0.6256838533769111 0
3204 0.6483434093180367 -0.6260391552135884 0
3205 0.6256838533769113 -0.651217728148805 0
3206 0.6260391552135884 0.6483434093180367 0
3207 0.651217728148805 0.6256838533769113 0
3208 -0.6483434093180367 0.6260391552135887 0
3209 -0.6256838533769113 0.6512177281488051 0
3210 0.3013280885878328 -0.4411290835992822 0
3211 0.3305994692707814 -0.4646845934464963 0
3212 0.3246803331837341 -0.4296413127183146 0
3213 0.4411290835992822 0.3013280885878328 0
3214 0.4646845934464963 0.3305994692707814 0
3215 0.4296413127183146 0.3246803331837341 0
3216 -0.3013280885878328 0.4411290835992822 0
3217 -0.3305994692707814 0.4646845934464963 0
3218 -0.3246803331837341 0.4296413127183146 0
3219 -0.4411290835992821 -0.3013280885878327 0
3220 -0.4646845934464962 -0.3305994692707814 0
3221 -0.4296413127183145 -0.3246803331837342 0
3222 -0.9708095229492963 -0.2107826758138572 0
3223 -0.9388293436657604 -0.1958425123828389 0
3224 0.2107826758138572 -0.9708095229492963 0
3225 0.1958425123828388 -0.9388293436657603 0
3226 0.9708095229492963 0.2107826758138572 0
3227 0.9388293436657603 0.1958425123828388 0
3228 -0.2107826758138572 0.9708095229492963 0
3229 -0.1958425123828387 0.9388293436657602 0
3230 0.4814786245373273 -0.6498831592643595 0
3231 0.6498831592643595 0.4814786245373273 0
3232 -0.4814786245373273 0.6498831592643595 0
3233 -0.6498831592643597 -0.481478624537327 0
3234 0.7716061803051248 -0.4152113282666706 0
3235 0.4152113282666706 0.7716061803051247 0
3236 -0.7716061803051247 0.4152113282666706 0
3237 -0.4152113282666704 -0.7716061803051251 0
3238 0.07278828670792922 -0.2351016692657588 0
3239 0.04399751490793209 -0.2220301565623021 0
3240 0.04292793812712146 -0.2478465562792703 0
3241 0.2351016692657588 0.07278828670792922 0
3242 0.2220301565623021 0.04399751490793209 0
3243 0.2478465562792703 0.04292793812712146 0
3244 -0.07278828670792922 0.2351016692657588 0
3245 -0.04399751490793209 0.2220301565623021 0
3246 -0.04292793812712146 0.2478465562792703 0
3247 -0.2351016692657588 -0.07278828670792922 0
3248 -0.2220301565623021 -0.04399751490793209 0
3249 -0.2478465562792703 -0.04292793812712146 0
3250 0.05326164818928643 -0.1951510009646184 0
3251 0.02340129960847866 -0.2078958879781299 0
3252 0.1951510009646184 0.05326164818928643 0
3253 0.2078958879781299 0.02340129960847867 0
3254 -0.05326164818928643 0.1951510009646184 0
3255 -0.02340129960847866 0.2078958879781299 0
3256 -0.1951510009646184 -0.05326164818928643 0
3257 -0.2078958879781299 -0.02340129960847867 0
3258 0.2044315196568789 -0.4216236264119012 0
3259 0.1916098764296947 -0.4510353349065813 0
3260 0.4216236264119012 0.2044315196568789 0
3261 0.4510353349065813 0.1916098764296947 0
3262 -0.2044315196568789 0.4216236264119013 0
3263 -0.1916098764296947 0.4510353349065813 0
3264 -0.4216236264119012 -0.2044315196568788 0
3265 -0.4510353349065813 -0.1916098764296947 0
3266 0.6977006106146019 -0.3696900677633894 0
3267 0.6823602956409862 -0.3375700807144962 0
3268 0.3696900677633894 0.6977006106146019 0
3269 0.3375700807144962 0.6823602956409862 0
3270 -0.6977006106146019 0.3696900677633894 0
3271 -0.6823602956409862 0.3375700807144962 0
3272 -0.3696900677633892 -0.6977006106146018 0
3273 -0.3375700807144961 -0.6823602956409862 0
3274 -0.309833071390934 -0.9278647948382419 0
3275 -0.2824724455593023 -0.9356009336230247 0
3276 0.927864794838242 -0.3098330713909337 0
3277 0.9356009336230248 -0.2824724455593022 0
3278 0.3098330713909337 0.9278647948382419 0
3279 0.2824724455593021 0.9356009336230247 0
3280 -0.9278647948382419 0.3098330713909337 0
3281 -0.9356009336230247 0.2824724455593021 0
3282 0.3808421283130767 -0.2442851091426291 0
3283 0.403760823126231 -0.2627356930053478 0
3284 0.4111209921239661 -0.2312595965974871 0
3285 0.2442851091426291 0.3808421283130767 0
3286 0.2627356930053478 0.4037608231262311 0
3287 0.2312595965974871 0.4111209921239661 0
3288 -0.3808421283130767 0.2442851091426291 0
3289 -0.403760823126231 0.2627356930053478 0
3290 -0.4111209921239661 0.2312595965974871 0
3291 -0.2442851091426291 -0.3808421283130767 0
3292 -0.2627356930053478 -0.4037608231262311 0
3293 -0.2312595965974871 -0.4111209921239661 0
3294 0.4319652614148169 -0.281008448318508 0
3295 0.281008448318508 0.4319652614148169 0
3296 -0.4319652614148169 0.281008448318508 0
3297 -0.281008448318508 -0.4319652614148169 0
3298 -0.6887201194822621 -0.6643671427136109 0
3299 -0.6644207240035223 -0.6880138870498198 0
3300 0.6643671427136113 -0.6887201194822621 0
3301 0.6880138870498198 -0.664420724003522 0
3302 0.6887201194822621 0.6643671427136113 0
3303 0.664420724003522 0.6880138870498198 0
3304 -0.6643671427136113 0.6887201194822621 0
3305 -0.6880138870498198 0.6644207240035223 0
3306 0.4153320516492631 -0.5544796129981842 0
3307 0.5544796129981842 0.4153320516492631 0
3308 -0.4153320516492631 0.5544796129981842 0
3309 -0.5544796129981839 -0.4153320516492632 0
3310 -0.7803310491689079 -0.6819608203173727 0
3311 -0.804397441756586 -0.6718128844898192 0
3312 -0.8065404365012107 -0.7005016594251325 0
3313 0.6819608203173737 -0.7803310491689082 0
3314 0.6718128844898201 -0.8043974417565862 0
3315 0.7005016594251329 -0.8065404365012108 0
3316 0.7803310491689082 0.6819608203173737 0
3317 0.8043974417565862 0.6718128844898201 0
3318 0.8065404365012108 0.7005016594251329 0
3319 -0.6819608203173737 0.7803310491689082 0
3320 -0.6718128844898201 0.8043974417565862 0
3321 -0.7005016594251329 0.8065404365012108 0
3322 -0.8318668828002236 -0.6643982372772302 0
3323 -0.8056574954679209 -0.6458573981694704 0
3324 0.6643982372772308 -0.8318668828002236 0
3325 0.6458573981694715 -0.8056574954679211 0
3326 0.8318668828002237 0.6643982372772308 0
3327 0.8056574954679211 0.6458573981694715 0
3328 -0.6643982372772308 0.8318668828002236 0
3329 -0.6458573981694715 0.8056574954679211 0
3330 0.4942759868787832 -0.1703859966928734 0
3331 0.5206332556609947 -0.1513265594404231 0
3332 0.4987247850867226 -0.1431877044068283 0
3333 0.1703859966928734 0.4942759868787832 0
3334 0.1513265594404231 0.5206332556609947 0
3335 0.1431877044068283 0.4987247850867226 0
3336 -0.4942759868787832 0.1703859966928734 0
3337 -0.5206332556609948 0.1513265594404231 0
3338 -0.4987247850867226 0.1431877044068283 0
3339 -0.1703859966928734 -0.4942759868787831 0
3340 -0.1513265594404231 -0.5206332556609947 0
3341 -0.1431877044068283 -0.4987247850867226 0
3342 -0.837857632080773 -0.2904640825470714 0
3343 -0.8563454122447831 -0.2638958451084912 0
3344 0.2904640825470716 -0.8378576320807731 0
3345 0.2638958451084915 -0.8563454122447829 0
3346 0.8378576320807731 0.2904640825470716 0
3347 0.8563454122447829 0.2638958451084915 0
3348 -0.2904640825470716 0.8378576320807731 0
3349 -0.2638958451084915 0.8563454122447829 0
3350 0.8133190895720923 -0.8713119470417807 0
3351 0.8442720375099924 -0.853442531420969 0
3352 0.8713119470417807 0.8133190895720923 0
3353 0.853442531420969 0.8442720375099924 0
3354 -0.8133190895720923 0.8713119470417807 0
3355 -0.8442720375099924 0.853442531420969 0
3356 -0.8713119470417807 -0.8133190895720923 0
3357 -0.8534425314209688 -0.8442720375099921 0
3358 -0.4057968802780857 -0.7416176403849046 0
3359 0.7416176403849046 -0.4057968802780858 0
3360 0.4057968802780858 0.7416176403849044 0
3361 -0.7416176403849044 0.4057968802780859 0
3362 0.5198643824779905 -0.5108631403691024 0
3363 0.5108631403691024 0.5198643824779905 0
3364 -0.5198643824779905 0.5108631403691023 0
3365 -0.5108631403691024 -0.5198643824779905 0
3366 -0.8697921970366601 -0.6264907156400716 0
3367 0.6264907156400724 -0.8697921970366609 0
3368 0.8697921970366608 0.6264907156400724 0
3369 -0.6264907156400724 0.8697921970366609 0
3370 0.1100018097128089 -0.6851682089358866 0
3371 0.1347879373443287 -0.6740644034705111 0
3372 0.6851682089358866 0.1100018097128089 0
3373 0.6740644034705111 0.1347879373443287 0
3374 -0.1100018097128089 0.6851682089358866 0
3375 -0.1347879373443287 0.6740644034705111 0
3376 -0.6851682089358866 -0.1100018097128087 0
3377 -0.674064403470511 -0.1347879373443285 0
3378 0.3067504763770071 -0.1039792278981027 0
3379 0.2773238690519524 -0.111200362617771 0
3380 0.1039792278981027 0.3067504763770071 0
3381 0.111200362617771 0.2773238690519524 0
3382 -0.1039792278981027 -0.3067504763770071 0
3383 -0.111200362617771 -0.2773238690519524 0
3384 -0.3067504763770071 0.1039792278981027 0
3385 -0.2773238690519524 0.111200362617771 0
3386 0.07499977524955431 -0.8141849712030633 0
3387 0.05131747784730682 -0.8021174679075302 0
3388 0.04893794962929781 -0.8358591719707685 0
3389 0.8141849712030633 0.07499977524955431 0
3390 0.8021174679075302 0.05131747784730682 0
3391 0.8358591719707686 0.04893794962929781 0
3392 -0.07499977524955431 0.8141849712030633 0
3393 -0.05131747784730682 0.8021174679075302 0
3394 -0.04893794962929781 0.8358591719707686 0
3395 -0.8141849712030633 -0.0749997752495543 0
3396 -0.8021174679075302 -0.05131747784730682 0
3397 -0.8358591719707685 -0.04893794962929781 0
3398 0.2691477796912212 -0.389434539685793 0
3399 0.2360148529367475 -0.3960692625100616 0
3400 0.389434539685793 0.2691477796912212 0
3401 0.3960692625100616 0.2360148529367475 0
3402 -0.2691477796912212 0.389434539685793 0
3403 -0.2360148529367475 0.3960692625100617 0
3404 -0.3894345396857929 -0.2691477796912212 0
3405 -0.3960692625100616 -0.2360148529367474 0
3406 0.284111747130358 -0.4686656723488723 0
3407 0.4686656723488722 0.284111747130358 0
3408 -0.284111747130358 0.4686656723488722 0
3409 -0.4686656723488722 -0.2841117471303579 0
3410 -0.1162448862589576 -0.496839009442423 0
3411 0.496839009442423 -0.1162448862589575 0
3412 0.1162448862589576 0.496839009442423 0
3413 -0.4968390094424231 0.1162448862589576 0
3414 -0.3408322089960043 -0.5109459961138674 0
3415 -0.3540949329654971 -0.540459134861049 0
3416 0.5109459961138674 -0.3408322089960043 0
3417 0.540459134861049 -0.3540949329654971 0
3418 0.3408322089960043 0.5109459961138674 0
3419 0.3540949329654971 0.540459134861049 0
3420 -0.5109459961138674 0.3408322089960043 0
3421 -0.540459134861049 0.3540949329654971 0
3422 -0.4152864300096821 -0.7151015519738853 0
3423 0.7151015519738853 -0.4152864300096823 0
3424 0.4152864300096823 0.7151015519738853 0
3425 -0.7151015519738853 0.4152864300096823 0
3426 0.4564895802210516 -0.2945323682139981 0
3427 0.2945323682139981 0.4564895802210516 0
3428 -0.4564895802210516 0.2945323682139981 0
3429 -0.2945323682139981 -0.4564895802210516 0
3430 0.3710041131455715 -0.1907868903041672 0
3431 0.3426475076189343 -0.202431933618504 0
3432 0.3598456917841746 -0.2244540560491051 0
3433 0.1907868903041672 0.3710041131455715 0
3434 0.202431933618504 0.3426475076189343 0
3435 0.2244540560491051 0.3598456917841746 0
3436 -0.3710041131455715 0.1907868903041672 0
3437 -0.3426475076189343 0.202431933618504 0
3438 -0.3598456917841746 0.2244540560491051 0
3439 -0.1907868903041672 -0.3710041131455715 0
3440 -0.202431933618504 -0.3426475076189343 0
3441 -0.2244540560491051 -0.3598456917841746 0
3442 0.4254235889406716 -0.7142656866621704 0
3443 0.4550481828809146 -0.7010924562756395 0
3444 0.7142656866621704 0.4254235889406716 0
3445 0.7010924562756395 0.4550481828809146 0
3446 -0.4254235889406716 0.7142656866621704 0
3447 -0.4550481828809146 0.7010924562756395 0
3448 -0.7142656866621706 -0.4254235889406716 0
3449 -0.7010924562756398 -0.4550481828809146 0
3450 0.1254801972089707 -0.3559063245859672 0
3451 0.1013292901461394 -0.3482916601652314 0
3452 0.1140460246993874 -0.382079934534311 0
3453 0.3559063245859672 0.1254801972089707 0
3454 0.3482916601652314 0.1013292901461394 0
3455 0.382079934534311 0.1140460246993874 0
3456 -0.1254801972089707 0.3559063245859672 0
3457 -0.1013292901461394 0.3482916601652314 0
3458 -0.1140460246993874 0.382079934534311 0
3459 -0.3559063245859672 -0.1254801972089707 0
3460 -0.3482916601652314 -0.1013292901461394 0
3461 -0.382079934534311 -0.1140460246993874 0
3462 0.521186182442215 -0.4317241120749175 0
3463 0.4317241120749175 0.521186182442215 0
3464 -0.521186182442215 0.4317241120749174 0
3465 -0.4317241120749175 -0.5211861824422153 0
3466 0.3207810385741494 -0.498413819047724 0
3467 0.2855197319859287 -0.4992767870234359 0
3468 0.2990535458851981 -0.5215182417436961 0
3469 0.498413819047724 0.3207810385741494 0
3470 0.4992767870234359 0.2855197319859287 0
3471 0.5215182417436961 0.2990535458851981 0
3472 -0.3207810385741494 0.498413819047724 0
3473 -0.2855197319859287 0.4992767870234359 0
3474 -0.2990535458851981 0.5215182417436961 0
3475 -0.4984138190477239 -0.3207810385741493 0
3476 -0.4992767870234358 -0.2855197319859287 0
3477 -0.5215182417436959 -0.2990535458851981 0
3478 0.1189850458161856 -0.7121125032731892 0
3479 0.08832681048237292 -0.6985861321551075 0
3480 0.7121125032731892 0.1189850458161856 0
3481 0.6985861321551075 0.08832681048237291 0
3482 -0.1189850458161856 0.7121125032731892 0
3483 -0.08832681048237291 0.6985861321551075 0
3484 -0.7121125032731891 -0.1189850458161854 0
3485 -0.6985861321551075 -0.08832681048237281 0
3486 0.4141082861516068 -0.2057149385728789 0
3487 0.427082687037158 -0.17145130716004 0
3488 0.401176698196363 -0.1785453813219295 0
3489 0.2057149385728789 0.4141082861516068 0
3490 0.17145130716004 0.427082687037158 0
3491 0.1785453813219295 0.401176698196363 0
3492 -0.4141082861516068 0.2057149385728789 0
3493 -0.427082687037158 0.17145130716004 0
3494 -0.401176698196363 0.1785453813219295 0
3495 -0.2057149385728789 -0.4141082861516068 0
3496 -0.17145130716004 -0.427082687037158 0
3497 -0.1785453813219295 -0.401176698196363 0
3498 0.3406090484958472 -0.02830484157779249 0
3499 0.3584596123639642 -0.05269228214111499 0
3500 0.02830484157779249 0.3406090484958473 0
3501 0.05269228214111499 0.3584596123639642 0
3502 -0.02830484157779249 -0.3406090484958472 0
3503 -0.05269228214111499 -0.3584596123639642 0
3504 -0.3406090484958472 0.02830484157779249 0
3505 -0.3584596123639642 0.05269228214111499 0
3506 0.1521385987477971 -0.357977699662857 0
3507 0.1394218641945491 -0.3241894252937774 0
3508 0.357977699662857 0.1521385987477971 0
3509 0.3241894252937774 0.1394218641945491 0
3510 -0.1521385987477971 0.357977699662857 0
3511 -0.1394218641945491 0.3241894252937774 0
3512 -0.357977699662857 -0.1521385987477971 0
3513 -0.3241894252937774 -0.1394218641945491 0
3514 0.4884880133132209 -0.3649282176589792 0
3515 0.3649282176589792 0.4884880133132209 0
3516 -0.4884880133132209 0.3649282176589792 0
3517 -0.3649282176589792 -0.488488013313221 0
3518 -0.06997064163693141 -0.8301069981467513 0
3519 -0.0786541315865131 -0.852384866342403 0
3520 0.8301069981467513 -0.06997064163693141 0
3521 0.8523848663424031 -0.0786541315865131 0
3522 0.06997064163693141 0.8301069981467514 0
3523 0.0786541315865131 0.8523848663424031 0
3524 -0.8301069981467513 0.06997064163693141 0
3525 -0.852384866342403 0.0786541315865131 0
3526 -0.09871248927044166 -0.5504742283608266 0
3527 -0.1253130568086321 -0.5556571357854582 0
3528 -0.09989727892469562 -0.5810493102773506 0
3529 0.5504742283608266 -0.09871248927044166 0
3530 0.5556571357854582 -0.125313056808632 0
3531 0.5810493102773506 -0.09989727892469556 0
3532 0.09871248927044166 0.5504742283608266 0
3533 0.1253130568086321 0.5556571357854582 0
3534 0.09989727892469562 0.5810493102773506 0
3535 -0.5504742283608267 0.09871248927044166 0
3536 -0.5556571357854583 0.1253130568086321 0
3537 -0.5810493102773506 0.09989727892469562 0
3538 0.5164893225624223 -0.6519181790951498 0
3539 0.4968166849217246 -0.6737708807770904 0
3540 0.6519181790951498 0.5164893225624223 0
3541 0.6737708807770904 0.4968166849217246 0
3542 -0.5164893225624223 0.6519181790951498 0
3543 -0.4968166849217246 0.6737708807770904 0
3544 -0.6519181790951498 -0.5164893225624219 0
3545 -0.6737708807770906 -0.4968166849217243 0
3546 0.5178114669110045 -0.7273923119368695 0
3547 0.4914007594458018 -0.7483440425378942 0
3548 0.7273923119368695 0.5178114669110045 0
3549 0.7483440425378942 0.4914007594458018 0
3550 -0.5178114669110045 0.7273923119368695 0
3551 -0.4914007594458018 0.7483440425378942 0
3552 -0.7273923119368695 -0.5178114669110039 0
3553 -0.7483440425378942 -0.4914007594458016 0
3554 -0.1606416100305821 -0.7149515063457661 0
3555 -0.1910377840865965 -0.7021952861639467 0
3556 0.7149515063457661 -0.1606416100305821 0
3557 0.7021952861639467 -0.1910377840865966 0
3558 0.1606416100305821 0.7149515063457661 0
3559 0.1910377840865965 0.7021952861639467 0
3560 -0.7149515063457661 0.1606416100305821 0
3561 -0.7021952861639467 0.1910377840865966 0
3562 0.1253121796031452 -0.2542737557865261 0
3563 0.09347847713070935 -0.2462182570779817 0
3564 0.2542737557865261 0.1253121796031452 0
3565 0.2462182570779817 0.09347847713070935 0
3566 -0.1253121796031452 0.2542737557865261 0
3567 -0.09347847713070935 0.2462182570779817 0
3568 -0.2542737557865261 -0.1253121796031452 0
3569 -0.2462182570779817 -0.09347847713070935 0
3570 0.185155303023062 -0.2388750483215593 0
3571 0.1517231418310778 -0.2442471162713852 0
3572 0.2388750483215593 0.185155303023062 0
3573 0.2442471162713852 0.1517231418310778 0
3574 -0.185155303023062 0.2388750483215593 0
3575 -0.1517231418310778 0.2442471162713852 0
3576 -0.2388750483215593 -0.185155303023062 0
3577 -0.2442471162713852 -0.1517231418310778 0
3578 0.5289146756038716 -0.5947588935911687 0
3579 0.5629850340860358 -0.6002748365584748 0
3580 0.5947588935911687 0.5289146756038716 0
3581 0.6002748365584748 0.5629850340860357 0
3582 -0.5289146756038716 0.5947588935911688 0
3583 -0.5629850340860357 0.6002748365584748 0
3584 -0.5947588935911687 -0.5289146756038714 0
3585 -0.6002748365584747 -0.5629850340860355 0
3586 -0.001745052118335729 -0.2113292182790613 0
3587 0.2113292182790613 -0.001745052118335729 0
3588 0.001745052118335729 0.2113292182790613 0
3589 -0.2113292182790613 0.001745052118335729 0
3590 0.5759952971517649 -0.221510714972072 0
3591 0.5789786159844132 -0.2559497809344651 0
3592 0.221510714972072 0.575995297151765 0
3593 0.2559497809344651 0.5789786159844132 0
3594 -0.575995297151765 0.221510714972072 0
3595 -0.5789786159844132 0.2559497809344651 0
3596 -0.221510714972072 -0.5759952971517649 0
3597 -0.2559497809344651 -0.5789786159844132 0
3598 -0.6890173942251481 -0.7393399028051788 0
3599 -0.7179066123963227 -0.7421869856212875 0
3600 0.7393399028051787 -0.6890173942251483 0
3601 0.7421869856212877 -0.7179066123963229 0
3602 0.6890173942251483 0.7393399028051788 0
3603 0.7179066123963229 0.7421869856212877 0
3604 -0.7393399028051786 0.6890173942251483 0
3605 -0.7421869856212877 0.7179066123963229 0
3606 -0.1316942379868881 -0.7195615668639366 0
3607 0.7195615668639364 -0.1316942379868881 0
3608 0.1316942379868881 0.7195615668639366 0
3609 -0.7195615668639364 0.1316942379868881 0
3610 0.2019648934174693 -0.5063934637149308 0
3611 0.2321111067972232 -0.5284947358201357 0
3612 0.5063934637149308 0.2019648934174693 0
3613 0.5284947358201357 0.2321111067972232 0
3614 -0.2019648934174693 0.5063934637149308 0
3615 -0.2321111067972232 0.5284947358201357 0
3616 -0.5063934637149308 -0.2019648934174693 0
3617 -0.5284947358201357 -0.2321111067972232 0
3618 0.7102850323783125 -0.2564532980650077 0
3619 0.6969263188187311 -0.2204240432455734 0
3620 0.2564532980650077 0.7102850323783125 0
3621 0.2204240432455733 0.6969263188187311 0
3622 -0.7102850323783125 0.2564532980650077 0
3623 -0.6969263188187311 0.2204240432455734 0
3624 -0.2564532980650077 -0.7102850323783124 0
3625 -0.2204240432455732 -0.696926318818731 0
3626 -0.9708095229492963 -0.2420326758139432 0
3627 0.2420326758139432 -0.9708095229492963 0
3628 0.9708095229492963 0.2420326758139432 0
3629 -0.2420326758139432 0.9708095229492963 0
3630 -0.6801655085834157 -0.1892115950418126 0
3631 -0.6760041746544501 -0.1603647876026858 0
3632 -0.7028559139829339 -0.1695068524857479 0
3633 0.1892115950418126 -0.6801655085834157 0
3634 0.160364787602686 -0.6760041746544501 0
3635 0.1695068524857482 -0.702855913982934 0
3636 0.6801655085834157 0.1892115950418126 0
3637 0.6760041746544501 0.160364787602686 0
3638 0.702855913982934 0.1695068524857482 0
3639 -0.1892115950418126 0.6801655085834157 0
3640 -0.160364787602686 0.6760041746544501 0
3641 -0.1695068524857482 0.702855913982934 0
3642 0.7334391445530721 -0.204040877656808 0
3643 0.204040877656808 0.7334391445530721 0
3644 -0.7334391445530721 0.204040877656808 0
3645 -0.2040408776568079 -0.7334391445530719 0
3646 0.6434848248572911 -0.3065504798208998 0
3647 0.6745892564754485 -0.3084449785584375 0
3648 0.3065504798208998 0.643484824857291 0
3649 0.3084449785584375 0.6745892564754484 0
3650 -0.6434848248572911 0.3065504798208998 0
3651 -0.6745892564754485 0.3084449785584375 0
3652 -0.3065504798208998 -0.6434848248572911 0
3653 -0.3084449785584375 -0.6745892564754485 0
3654 -0.07356143427050897 -0.3792018918631619 0
3655 -0.05705536736299809 -0.4091763410925812 0
3656 0.3792018918631619 -0.07356143427050897 0
3657 0.4091763410925812 -0.05705536736299809 0
3658 0.07356143427050897 0.3792018918631619 0
3659 0.05705536736299809 0.4091763410925812 0
3660 -0.3792018918631619 0.07356143427050897 0
3661 -0.4091763410925812 0.05705536736299809 0
3662 -0.427089724526487 -0.3589933791728551 0
3663 0.358993379172855 -0.4270897245264871 0
3664 0.4270897245264871 0.358993379172855 0
3665 -0.358993379172855 0.4270897245264871 0
3666 0.5619571729119661 -0.8813607535587007 0
3667 0.5289930495219497 -0.8668791497600217 0
3668 0.8813607535587006 0.5619571729119661 0
3669 0.8668791497600217 0.5289930495219497 0
3670 -0.5619571729119661 0.8813607535587007 0
3671 -0.5289930495219497 0.8668791497600216 0
3672 -0.8813607535587 -0.5619571729119653 0
3673 -0.8668791497600215 -0.5289930495219497 0
3674 0.2973579160039668 -0.2410479557759988 0
3675 0.3142937973809178 -0.2133881976124851 0
3676 0.2410479557759988 0.2973579160039668 0
3677 0.2133881976124851 0.3142937973809178 0
3678 -0.2973579160039668 0.2410479557759988 0
3679 -0.3142937973809178 0.2133881976124851 0
3680 -0.2410479557759988 -0.2973579160039668 0
3681 -0.2133881976124851 -0.3142937973809178 0
3682 0.7001709267143063 -0.3086045614702895 0
3683 0.3086045614702895 0.7001709267143063 0
3684 -0.7001709267143063 0.3086045614702895 0
3685 -0.3086045614702894 -0.7001709267143061 0
3686 -0.5269572283826121 -0.864831305785033 0
3687 -0.5588434658417136 -0.8764527093808852 0
3688 0.864831305785033 -0.5269572283826127 0
3689 0.8764527093808853 -0.5588434658417141 0
3690 0.5269572283826127 0.864831305785033 0
3691 0.558843465841714 0.8764527093808852 0
3692 -0.864831305785033 0.5269572283826127 0
3693 -0.8764527093808853 0.5588434658417141 0
3694 0.01485760105455899 -0.4365881411838833 0
3695 0.03859644813329371 -0.4271245058130289 0
3696 0.4365881411838832 0.01485760105455899 0
3697 0.4271245058130287 0.03859644813329371 0
3698 -0.01485760105455899 0.4365881411838833 0
3699 -0.03859644813329371 0.4271245058130289 0
3700 -0.4365881411838832 -0.01485760105455899 0
3701 -0.4271245058130287 -0.03859644813329371 0
3702 0.1544926799003931 -0.6513739980709928 0
3703 0.6513739980709928 0.1544926799003931 0
3704 -0.1544926799003931 0.6513739980709928 0
3705 -0.6513739980709929 -0.1544926799003931 0
3706 0.3839785140311227 -0.1565232588913284 0
3707 0.1565232588913284 0.3839785140311227 0
3708 -0.3839785140311227 0.1565232588913284 0
3709 -0.1565232588913284 -0.3839785140311227 0
3710 0.1150045690207239 -0.4102838646846179 0
3711 0.1178493057484207 -0.4434348773205115 0
3712 0.1410416684899155 -0.4228456115909404 0
3713 0.4102838646846179 0.1150045690207239 0
3714 0.4434348773205115 0.1178493057484207 0
3715 0.4228456115909404 0.1410416684899155 0
3716 -0.1150045690207239 0.4102838646846179 0
3717 -0.1178493057484207 0.4434348773205115 0
3718 -0.1410416684899155 0.4228456115909404 0
3719 -0.4102838646846179 -0.1150045690207239 0
3720 -0.4434348773205114 -0.1178493057484207 0
3721 -0.4228456115909403 -0.1410416684899155 0
3722 0.1183434846015995 -0.4758645537842628 0
3723 0.0923063851324078 -0.4633028068779402 0
3724 0.4758645537842628 0.1183434846015995 0
3725 0.4633028068779402 0.0923063851324078 0
3726 -0.1183434846015995 0.4758645537842628 0
3727 -0.0923063851324078 0.4633028068779402 0
3728 -0.4758645537842627 -0.1183434846015995 0
3729 -0.4633028068779403 -0.0923063851324078 0
3730 0.8873058212049089 -0.756816303370078 0
3731 0.9163108858911448 -0.774460716641562 0
3732 0.9185864584561748 -0.7511841332552601 0
3733 0.756816303370078 0.8873058212049089 0
3734 0.774460716641562 0.9163108858911448 0
3735 0.7511841332552601 0.9185864584561748 0
3736 -0.8873058212049089 0.756816303370078 0
3737 -0.9163108858911448 0.774460716641562 0
3738 -0.9185864584561748 0.7511841332552601 0
3739 -0.7568163033700779 -0.8873058212049088 0
3740 -0.7744607166415619 -0.9163108858911446 0
3741 -0.75118413325526 -0.9185864584561747 0
3742 -0.09010417550681618 -0.8845786653720573 0
3743 0.8845786653720574 -0.09010417550681618 0
3744 0.09010417550681618 0.8845786653720574 0
3745 -0.8845786653720573 0.09010417550681618 0
3746 0.9058189736851113 -0.9010960115215146 0
3747 0.9348956738262062 -0.8952527319650014 0
3748 0.9010960115215146 0.9058189736851113 0
3749 0.8952527319650014 0.9348956738262062 0
3750 -0.9058189736851113 0.9010960115215146 0
3751 -0.9348956738262062 0.8952527319650014 0
3752 -0.9010960115215148 -0.9058189736851112 0
3753 -0.8952527319650017 -0.934895673826206 0
3754 0.8761296320709062 -0.9091001659976667 0
3755 0.8948624689789656 -0.9315510795026354 0
3756 0.9091001659976667 0.8761296320709062 0
3757 0.9315510795026354 0.8948624689789656 0
3758 -0.8761296320709062 0.9091001659976667 0
3759 -0.8948624689789656 0.9315510795026354 0
3760 -0.9091001659976669 -0.8761296320709061 0
3761 -0.9315510795026353 -0.8948624689789656 0
3762 -0.5190171063655571 -0.6403831365302091 0
3763 -0.4922296952340142 -0.6286337422920887 0
3764 0.6403831365302088 -0.5190171063655571 0
3765 0.6286337422920885 -0.4922296952340143 0
3766 0.5190171063655571 0.6403831365302088 0
3767 0.4922296952340143 0.6286337422920885 0
3768 -0.6403831365302088 0.5190171063655571 0
3769 -0.6286337422920885 0.4922296952340143 0
3770 0.3957471583940954 -0.9754322767009116 0
3771 0.3934739017190934 -0.9387697172042635 0
3772 0.3727267433232776 -0.9633374405033519 0
3773 0.9754322767009116 0.3957471583940954 0
3774 0.9387697172042635 0.3934739017190934 0
3775 0.9633374405033519 0.3727267433232776 0
3776 -0.3957471583940954 0.9754322767009116 0
3777 -0.3934739017190934 0.9387697172042635 0
3778 -0.3727267433232776 0.9633374405033519 0
3779 -0.9754322767009116 -0.3957471583940954 0
3780 -0.9387697172042635 -0.3934739017190932 0
3781 -0.9633374405033519 -0.3727267433232775 0
3782 -0.7197715342679504 -0.5942443137421811 0
3783 -0.7220411706942993 -0.5596153821845877 0
3784 0.5942443137421817 -0.7197715342679504 0
3785 0.5596153821845883 -0.7220411706942993 0
3786 0.7197715342679504 0.5942443137421817 0
3787 0.7220411706942993 0.5596153821845883 0
3788 -0.5942443137421817 0.7197715342679503 0
3789 -0.5596153821845883 0.7220411706942993 0
3790 -0.2773125455159073 -0.5938577772762301 0
3791 0.5938577772762301 -0.2773125455159073 0
3792 0.2773125455159073 0.5938577772762301 0
3793 -0.5938577772762301 0.2773125455159073 0
3794 0.4785517368303888 -0.6910467957468575 0
3795 0.5135624348554839 -0.6930818155776478 0
3796 0.6910467957468575 0.4785517368303888 0
3797 0.6930818155776478 0.5135624348554839 0
3798 -0.4785517368303888 0.6910467957468575 0
3799 -0.5135624348554839 0.6930818155776478 0
3800 -0.6910467957468578 -0.4785517368303885 0
3801 -0.6930818155776479 -0.5135624348554835 0
3802 0.9734039312024434 -0.2430116883619331 0
3803 0.2430116883619331 0.9734039312024434 0
3804 -0.9734039312024434 0.2430116883619331 0
3805 -0.243011688361933 -0.9734039312024434 0
3806 0.3858518787797173 -0.4104502140128771 0
3807 0.4104502140128771 0.3858518787797173 0
3808 -0.3858518787797173 0.4104502140128771 0
3809 -0.410450214012877 -0.3858518787797175 0
3810 -0.4759902781733735 -0.6518092303124523 0
3811 -0.4665748042819601 -0.6211014836436355 0
3812 0.6518092303124519 -0.4759902781733737 0
3813 0.6211014836436353 -0.4665748042819602 0
3814 0.4759902781733737 0.6518092303124519 0
3815 0.4665748042819602 0.6211014836436354 0
3816 -0.6518092303124519 0.4759902781733737 0
3817 -0.6211014836436353 0.4665748042819602 0
3818 0.6845248560133679 -0.4900473351067395 0
3819 0.6735818921196521 -0.5239857084844846 0
3820 0.4900473351067395 0.6845248560133679 0
3821 0.5239857084844846 0.6735818921196522 0
3822 -0.6845248560133679 0.4900473351067395 0
3823 -0.6735818921196521 0.5239857084844846 0
3824 -0.4900473351067393 -0.6845248560133683 0
3825 -0.5239857084844844 -0.6735818921196526 0
3826 0.8093851363745783 -0.648626360341507 0
3827 0.8012151683221156 -0.6813025010035894 0
3828 0.8284713651312871 -0.6726571901520114 0
3829 0.648626360341507 0.8093851363745783 0
3830 0.6813025010035894 0.8012151683221154 0
3831 0.6726571901520114 0.8284713651312869 0
3832 -0.8093851363745783 0.648626360341507 0
3833 -0.8012151683221155 0.6813025010035894 0
3834 -0.8284713651312869 0.6726571901520114 0
3835 -0.648626360341507 -0.8093851363745788 0
3836 -0.6813025010035891 -0.8012151683221158 0
3837 -0.6726571901520112 -0.8284713651312872 0
3838 0.7712043210089896 -0.6809682842543225 0
3839 0.6809682842543225 0.7712043210089897 0
3840 -0.7712043210089896 0.6809682842543225 0
3841 -0.6809682842543225 -0.7712043210089899 0
3842 -0.6632348974149735 -0.3722492496943926 0
3843 0.3722492496943927 -0.6632348974149734 0
3844 0.6632348974149734 0.3722492496943927 0
3845 -0.3722492496943927 0.6632348974149734 0
3846 -0.9230169145059006 -0.5320386103553929 0
3847 -0.9485715341274565 -0.5627276618935759 0
3848 -0.917711482973721 -0.5624463076671773 0
3849 0.5320386103553931 -0.9230169145059008 0
3850 0.5627276618935764 -0.9485715341274569 0
3851 0.5624463076671777 -0.9177114829737213 0
3852 0.9230169145059006 0.5320386103553931 0
3853 0.9485715341274568 0.5627276618935763 0
3854 0.9177114829737212 0.5624463076671776 0
3855 -0.5320386103553931 0.9230169145059006 0
3856 -0.5627276618935763 0.9485715341274568 0
3857 -0.5624463076671776 0.9177114829737212 0
3858 0.1188389653989708 -0.03131234838661225 0
3859 0.1135874560302229 0.001960280221689641 0
3860 0.03131234838661225 0.1188389653989708 0
3861 -0.001960280221689641 0.1135874560302229 0
3862 -0.1188389653989708 0.03131234838661225 0
3863 -0.1135874560302229 -0.001960280221689641 0
3864 -0.03131234838661225 -0.1188389653989708 0
3865 0.001960280221689641 -0.1135874560302229 0
3866 0.471793932814674 -0.7204033910761969 0
3867 0.4678972054963276 -0.7583897030666762 0
3868 0.7204033910761969 0.471793932814674 0
3869 0.7583897030666762 0.4678972054963276 0
3870 -0.471793932814674 0.7204033910761969 0
3871 -0.4678972054963276 0.7583897030666762 0
3872 -0.7204033910761971 -0.4717939328146737 0
3873 -0.7583897030666762 -0.4678972054963276 0
3874 0.8448180092220634 -0.4996862171921941 0
3875 0.4996862171921941 0.8448180092220634 0
3876 -0.8448180092220634 0.4996862171921941 0
3877 -0.4996862171921933 -0.8448180092220634 0
3878 -0.8230353200551925 -0.4827176814600063 0
3879 -0.8506708608749449 -0.5020800868537312 0
3880 0.4827176814600062 -0.8230353200551929 0
3881 0.502080086853731 -0.8506708608749451 0
3882 0.8230353200551929 0.4827176814600062 0
3883 0.8506708608749451 0.502080086853731 0
3884 -0.4827176814600062 0.8230353200551929 0
3885 -0.502080086853731 0.8506708608749451 0
3886 0.5575827669304459 -0.3716841892259766 0
3887 0.5841163932684473 -0.3913613434097766 0
3888 0.3716841892259766 0.5575827669304459 0
3889 0.3913613434097766 0.5841163932684473 0
3890 -0.5575827669304458 0.3716841892259766 0
3891 -0.5841163932684472 0.3913613434097767 0
3892 -0.3716841892259766 -0.5575827669304461 0
3893 -0.3913613434097766 -0.5841163932684477 0
3894 -0.9222752885267481 -0.420902603258638 0
3895 0.4209026032586379 -0.922275288526748 0
3896 0.9222752885267481 0.420902603258638 0
3897 -0.420902603258638 0.9222752885267481 0
3898 -0.5623343355758044 -0.91618607555825 0
3899 -0.5659846537155565 -0.9488162145036245 0
3900 -0.5345383410673341 -0.9222658687313949 0
3901 0.91618607555825 -0.5623343355758046 0
3902 0.9488162145036243 -0.5659846537155566 0
3903 0.9222658687313949 -0.5345383410673344 0
3904 0.5623343355758046 0.91618607555825 0
3905 0.5659846537155566 0.9488162145036243 0
3906 0.5345383410673344 0.9222658687313949 0
3907 -0.91618607555825 0.5623343355758046 0
3908 -0.9488162145036243 0.5659846537155566 0
3909 -0.9222658687313949 0.5345383410673344 0
3910 0.8609558037548913 -0.3856769927483047 0
3911 0.3856769927483047 0.8609558037548913 0
3912 -0.8609558037548913 0.3856769927483047 0
3913 -0.3856769927483047 -0.8609558037548917 0
3914 0.09840938538905938 0.02511601955745404 0
3915 0.08102857460012916 0.006323006085180586 0
3916 -0.02511601955745404 0.09840938538905938 0
3917 -0.006323006085180591 0.08102857460012916 0
3918 -0.09840938538905938 -0.02511601955745404 0
3919 -0.08102857460012916 -0.006323006085180591 0
3920 0.02511601955745404 -0.09840938538905938 0
3921 0.006323006085180591 -0.08102857460012916 0
3922 0.08363026823333808 0.04890500729749807 0
3923 0.1161891496634318 0.04454228143400712 0
3924 -0.04890500729749808 0.08363026823333808 0
3925 -0.04454228143400712 0.1161891496634318 0
3926 -0.08363026823333808 -0.04890500729749808 0
3927 -0.1161891496634318 -0.04454228143400713 0
3928 0.04890500729749808 -0.08363026823333808 0
3929 0.04454228143400713 -0.1161891496634318 0
3930 -0.2008961278483717 -0.8794781916033005 0
3931 0.8794781916033005 -0.2008961278483718 0
3932 0.2008961278483718 0.8794781916033005 0
3933 -0.8794781916033005 0.2008961278483718 0
3934 -0.02529254619056412 -0.699416257178255 0
3935 -0.05640392248365862 -0.6815950504871903 0
3936 0.699416257178255 -0.02529254619056412 0
3937 0.6815950504871903 -0.05640392248365862 0
3938 0.02529254619056412 0.699416257178255 0
3939 0.05640392248365862 0.6815950504871903 0
3940 -0.699416257178255 0.02529254619056412 0
3941 -0.6815950504871903 0.05640392248365862 0
3942 -0.9159205567737385 -0.2205838011563377 0
3943 0.2205838011563377 -0.9159205567737383 0
3944 0.9159205567737382 0.2205838011563377 0
3945 -0.2205838011563377 0.9159205567737383 0
3946 0.4597011704873857 -0.8092829139283562 0
3947 0.4549148198199364 -0.8459878794551754 0
3948 0.8092829139283562 0.4597011704873857 0
3949 0.8459878794551754 0.4549148198199364 0
3950 -0.4597011704873857 0.8092829139283562 0
3951 -0.4549148198199364 0.8459878794551754 0
3952 -0.8092829139283558 -0.459701170487386 0
3953 -0.8459878794551752 -0.4549148198199368 0
3954 0.538166995732315 -0.142807039650774 0
3955 0.5337181975243755 -0.170005331936819 0
3956 0.142807039650774 0.538166995732315 0
3957 0.170005331936819 0.5337181975243755 0
3958 -0.538166995732315 0.142807039650774 0
3959 -0.5337181975243757 0.170005331936819 0
3960 -0.142807039650774 -0.538166995732315 0
3961 -0.170005331936819 -0.5337181975243754 0
3962 -0.3718186713064698 -0.9481296872841993 0
3963 -0.3901390935248673 -0.9756120808608449 0
3964 0.9481296872841991 -0.3718186713064695 0
3965 0.9756120808608448 -0.3901390935248671 0
3966 0.3718186713064695 0.9481296872841991 0
3967 0.3901390935248671 0.9756120808608448 0
3968 -0.9481296872841991 0.3718186713064695 0
3969 -0.9756120808608448 0.3901390935248671 0
3970 0.3199758188359146 -0.2640525519513046 0
3971 0.2858446485823439 -0.2690014083638614 0
3972 0.2640525519513045 0.3199758188359146 0
3973 0.2690014083638614 0.2858446485823439 0
3974 -0.3199758188359146 0.2640525519513045 0
3975 -0.2858446485823439 0.2690014083638614 0
3976 -0.2640525519513045 -0.3199758188359146 0
3977 -0.2690014083638614 -0.2858446485823439 0
3978 0.1629737901632518 -0.783003936677764 0
3979 0.2021035717944752 -0.7915888559067914 0
3980 0.783003936677764 0.1629737901632518 0
3981 0.7915888559067915 0.2021035717944752 0
3982 -0.1629737901632518 0.783003936677764 0
3983 -0.2021035717944752 0.7915888559067915 0
3984 -0.7830039366777639 -0.1629737901632518 0
3985 -0.7915888559067914 -0.2021035717944752 0
3986 0.1685943005148381 -0.6327276063993611 0
3987 0.200769001996203 -0.6236804859676615 0
3988 0.6327276063993611 0.1685943005148381 0
3989 0.6236804859676615 0.200769001996203 0
3990 -0.1685943005148381 0.632727606399361 0
3991 -0.2007690019962029 0.6236804859676615 0
3992 -0.6327276063993612 -0.1685943005148383 0
3993 -0.6236804859676615 -0.2007690019962031 0
3994 -0.9439194140051875 -0.5032635860794878 0
3995 0.503263586079488 -0.9439194140051876 0
3996 0.9439194140051875 0.503263586079488 0
3997 -0.5032635860794881 0.9439194140051874 0
3998 -0.3024815265657377 -0.9011655736626933 0
3999 -0.331007610739565 -0.91833599167116 0
4000 0.9011655736626936 -0.3024815265657373 0
4001 0.9183359916711602 -0.3310076107395646 0
4002 0.3024815265657373 0.9011655736626936 0
4003 0.3310076107395646 0.9183359916711602 0
4004 -0.9011655736626936 0.3024815265657373 0
4005 -0.9183359916711602 0.3310076107395646 0
4006 0.4561908956484564 -0.180434003035134 0
4007 0.180434003035134 0.4561908956484564 0
4008 -0.4561908956484564 0.180434003035134 0
4009 -0.180434003035134 -0.4561908956484564 0
4010 0.4818391458160812 -0.193151689475441 0
4011 0.4656625251600267 -0.2113385508512964 0
4012 0.193151689475441 0.4818391458160812 0
4013 0.2113385508512964 0.4656625251600267 0
4014 -0.4818391458160812 0.193151689475441 0
4015 -0.4656625251600267 0.2113385508512964 0
4016 -0.1931516894754409 -0.4818391458160812 0
4017 -0.2113385508512963 -0.4656625251600267 0
4018 0.9047073820373539 -0.207769117018173 0
4019 0.207769117018173 0.9047073820373539 0
4020 -0.9047073820373539 0.207769117018173 0
4021 -0.2077691170181729 -0.9047073820373539 0
4022 0.2229454868518474 -0.1140378228191044 0
4023 0.2334616132067166 -0.1389191591026742 0
4024 0.2544170843438807 -0.1132715960548041 0
4025 0.1140378228191044 0.2229454868518474 0
4026 0.1389191591026742 0.2334616132067166 0
4027 0.1132715960548041 0.2544170843438807 0
4028 -0.1140378228191044 -0.2229454868518474 0
4029 -0.1389191591026742 -0.2334616132067166 0
4030 -0.1132715960548041 -0.2544170843438807 0
4031 -0.2229454868518474 0.1140378228191044 0
4032 -0.2334616132067166 0.1389191591026742 0
4033 -0.2544170843438807 0.1132715960548041 0
4034 0.1451708495065193 -0.2014365966280841 0
4035 0.1330150471926325 -0.1707695592568162 0
4036 0.2014365966280841 0.1451708495065193 0
4037 0.1707695592568162 0.1330150471926325 0
4038 -0.1451708495065193 0.2014365966280841 0
4039 -0.1330150471926325 0.1707695592568162 0
4040 -0.2014365966280841 -0.1451708495065193 0
4041 -0.1707695592568162 -0.1330150471926325 0
4042 0.7104850554948772 -0.8614399710243381 0
4043 0.6755890325913932 -0.8498132896984871 0
4044 0.8614399710243382 0.7104850554948772 0
4045 0.8498132896984871 0.6755890325913932 0
4046 -0.7104850554948772 0.8614399710243381 0
4047 -0.6755890325913932 0.8498132896984871 0
4048 -0.8614399710243383 -0.7104850554948769 0
4049 -0.849813289698487 -0.6755890325913928 0
4050 0.6546235396889559 -0.541357645724614 0
4051 0.6302419658968657 -0.5664978985802778 0
4052 0.6634407214863089 -0.5714665006992052 0
4053 0.5413576457246139 0.6546235396889561 0
4054 0.5664978985802778 0.6302419658968657 0
4055 0.5714665006992051 0.6634407214863092 0
4056 -0.6546235396889559 0.5413576457246139 0
4057 -0.6302419658968657 0.5664978985802778 0
4058 -0.6634407214863089 0.5714665006992052 0
4059 -0.5413576457246139 -0.6546235396889561 0
4060 -0.5664978985802778 -0.6302419658968657 0
4061 -0.5714665006992052 -0.6634407214863092 0
4062 0.9456951260903494 -0.7386203138514181 0
4063 0.7386203138514181 0.9456951260903494 0
4064 -0.9456951260903494 0.7386203138514181 0
4065 -0.738620313851418 -0.9456951260903494 0
4066 -0.9539260787749498 -0.7350009406569717 0
4067 0.7350009406569716 -0.9539260787749502 0
4068 0.9539260787749499 0.7350009406569717 0
4069 -0.7350009406569717 0.9539260787749502 0
4070 -0.6811958899942023 -0.9527456155915478 0
4071 0.9527456155915478 -0.6811958899942023 0
4072 0.6811958899942023 0.9527456155915478 0
4073 -0.9527456155915478 0.6811958899942023 0
4074 0.6816697280899355 -0.9597069733986405 0
4075 0.9597069733986405 0.6816697280899355 0
4076 -0.6816697280899355 0.9597069733986405 0
4077 -0.9597069733986401 -0.6816697280899356 0
4078 0.2162798775920936 -0.2335618773783197 0
4079 0.2327385915031774 -0.2561408713443598 0
4080 0.2335618773783197 0.2162798775920936 0
4081 0.2561408713443598 0.2327385915031774 0
4082 -0.2162798775920936 0.2335618773783197 0
4083 -0.2327385915031774 0.2561408713443598 0
4084 -0.2335618773783197 -0.2162798775920936 0
4085 -0.2561408713443598 -0.2327385915031774 0
4086 0.2774927687987434 -0.9005600964643297 0
4087 0.2490594524897854 -0.9108694478700359 0
4088 0.2624986679389091 -0.9313096944928866 0
4089 0.9005600964643297 0.2774927687987434 0
4090 0.9108694478700359 0.2490594524897854 0
4091 0.9313096944928866 0.2624986679389091 0
4092 -0.2774927687987434 0.9005600964643297 0
4093 -0.2490594524897854 0.9108694478700359 0
4094 -0.2624986679389091 0.9313096944928866 0
4095 -0.9005600964643301 -0.2774927687987431 0
4096 -0.9108694478700363 -0.2490594524897852 0
4097 -0.9313096944928867 -0.262498667938909 0
4098 0.01142365419869479 -0.4653253300451823 0
4099 -0.01055239830914054 -0.445258451192784 0
4100 0.4653253300451822 0.01142365419869479 0
4101 0.445258451192784 -0.01055239830914054 0
4102 -0.01142365419869479 0.4653253300451823 0
4103 0.01055239830914054 0.445258451192784 0
4104 -0.4653253300451822 -0.01142365419869479 0
4105 -0.445258451192784 0.01055239830914054 0
4106 0.06432292992081166 -0.4437640752252353 0
4107 0.06608572449171106 -0.4142335610019825 0
4108 0.4437640752252351 0.06432292992081166 0
4109 0.4142335610019824 0.06608572449171106 0
4110 -0.06432292992081166 0.4437640752252353 0
4111 -0.06608572449171106 0.4142335610019825 0
4112 -0.4437640752252352 -0.06432292992081166 0
4113 -0.4142335610019826 -0.06608572449171106 0
4114 -0.1103468949738345 -0.9714718250635231 0
4115 0.971471825063523 -0.1103468949738345 0
4116 0.1103468949738345 0.9714718250635231 0
4117 -0.9714718250635231 0.1103468949738345 0
4118 0.568742077648839 -0.1439918293050279 0
4119 0.143991829305028 0.568742077648839 0
4120 -0.568742077648839 0.143991829305028 0
4121 -0.143991829305028 -0.568742077648839 0
4122 -0.3054649314450965 -0.87157993799204 0
4123 0.8715799379920403 -0.3054649314450961 0
4124 0.3054649314450961 0.8715799379920401 0
4125 -0.8715799379920401 0.3054649314450961 0
4126 0.6383390407543686 -0.6733322416752738 0
4127 0.6450785125261251 -0.706580804285228 0
4128 0.6733322416752738 0.6383390407543686 0
4129 0.706580804285228 0.6450785125261251 0
4130 -0.6383390407543686 0.6733322416752739 0
4131 -0.6450785125261251 0.706580804285228 0
4132 -0.6733322416752743 -0.6383390407543688 0
4133 -0.7065808042852282 -0.645078512526125 0
4134 0.6403449623292077 -0.7309281512829211 0
4135 0.6143168603699651 -0.715540273475933 0
4136 0.7309281512829211 0.6403449623292077 0
4137 0.715540273475933 0.6143168603699651 0
4138 -0.6403449623292077 0.7309281512829211 0
4139 -0.6143168603699651 0.7155402734759329 0
4140 -0.730928151282921 -0.6403449623292071 0
4141 -0.7155402734759332 -0.6143168603699649 0
4142 0.8751645000469872 -0.3409107213854111 0
4143 0.8551076675434157 -0.3227195869161391 0
4144 0.3409107213854111 0.8751645000469872 0
4145 0.3227195869161391 0.8551076675434155 0
4146 -0.8751645000469872 0.3409107213854111 0
4147 -0.8551076675434155 0.3227195869161391 0
4148 -0.3409107213854114 -0.8751645000469872 0
4149 -0.3227195869161392 -0.8551076675434157 0
4150 -0.9405067012812309 -0.3484957365997147 0
4151 -0.977169260777879 -0.3507689932747168 0
4152 0.3484957365997148 -0.9405067012812308 0
4153 0.3507689932747168 -0.9771692607778789 0
4154 0.9405067012812308 0.3484957365997149 0
4155 0.9771692607778789 0.3507689932747169 0
4156 -0.3484957365997149 0.9405067012812308 0
4157 -0.3507689932747169 0.9771692607778789 0
4158 0.02382821429910739 -0.7982406586936465 0
4159 0.04989003991936388 -0.7765664579259413 0
4160 0.7982406586936466 0.02382821429910739 0
4161 0.7765664579259413 0.04989003991936388 0
4162 -0.02382821429910739 0.7982406586936466 0
4163 -0.04989003991936388 0.7765664579259413 0
4164 -0.7982406586936464 -0.02382821429910739 0
4165 -0.7765664579259413 -0.04989003991936387 0
4166 0.4601507508944619 -0.7812831731997149 0
4167 0.4323478892543921 -0.8042357325996974 0
4168 0.7812831731997149 0.4601507508944619 0
4169 0.8042357325996974 0.4323478892543921 0
4170 -0.4601507508944619 0.7812831731997149 0
4171 -0.4323478892543921 0.8042357325996974 0
4172 -0.7812831731997147 -0.4601507508944621 0
4173 -0.8042357325996974 -0.4323478892543925 0
4174 0.8461968362131166 -0.6934777731427486 0
4175 0.6934777731427486 0.8461968362131165 0
4176 -0.8461968362131165 0.6934777731427486 0
4177 -0.6934777731427485 -0.8461968362131165 0
4178 0.06401823751919833 0.06309294612519133 0
4179 0.04112537087707524 0.07474593671989296 0
4180 0.04295763731684257 0.04113173601564662 0
4181 -0.06309294612519134 0.06401823751919833 0
4182 -0.07474593671989296 0.04112537087707524 0
4183 -0.04113173601564662 0.04295763731684257 0
4184 -0.06401823751919833 -0.06309294612519134 0
4185 -0.04112537087707524 -0.07474593671989296 0
4186 -0.04295763731684257 -0.04113173601564662 0
4187 0.06309294612519134 -0.06401823751919833 0
4188 0.07474593671989296 -0.04112537087707524 0
4189 0.04113173601564662 -0.04295763731684257 0
4190 0.005190316316298964 -0.5828012151042089 0
4191 0.03675530628285458 -0.5807966504192552 0
4192 0.0288531241724069 -0.5598861424887902 0
4193 0.5828012151042089 0.005190316316298964 0
4194 0.5807966504192552 0.03675530628285458 0
4195 0.5598861424887902 0.0288531241724069 0
4196 -0.005190316316298963 0.5828012151042089 0
4197 -0.03675530628285458 0.5807966504192552 0
4198 -0.0288531241724069 0.5598861424887902 0
4199 -0.5828012151042089 -0.005190316316298964 0
4200 -0.5807966504192552 -0.03675530628285458 0
4201 -0.5598861424887902 -0.0288531241724069 0
4202 0.05773037008148338 -0.5882157043088326 0
4203 0.5882157043088326 0.05773037008148338 0
4204 -0.05773037008148338 0.5882157043088326 0
4205 -0.5882157043088326 -0.05773037008148338 0
4206 0.08179800179357075 0.08251920800174442 0
4207 -0.08251920800174442 0.08179800179357075 0
4208 -0.08179800179357075 -0.08251920800174442 0
4209 0.08251920800174442 -0.08179800179357075 0
4210 -0.08835083523470168 -0.5176625620755075 0
4211 0.5176625620755075 -0.08835083523470168 0
4212 0.08835083523470168 0.5176625620755075 0
4213 -0.5176625620755076 0.08835083523470168 0
4214 -0.7194365253989348 -0.8549413954243815 0
4215 -0.7489565371278497 -0.8633064457224841 0
4216 0.8549413954243815 -0.719436525398935 0
4217 0.8633064457224842 -0.74895653712785 0
4218 0.719436525398935 0.8549413954243814 0
4219 0.74895653712785 0.8633064457224843 0
4220 -0.8549413954243814 0.719436525398935 0
4221 -0.8633064457224843 0.74895653712785 0
4222 0.599028913310405 -0.4102528251732996 0
4223 0.6137827368818934 -0.4430894715633411 0
4224 0.4102528251732996 0.5990289133104051 0
4225 0.4430894715633411 0.6137827368818936 0
4226 -0.599028913310405 0.4102528251732997 0
4227 -0.6137827368818934 0.4430894715633411 0
4228 -0.4102528251732995 -0.5990289133104055 0
4229 -0.4430894715633408 -0.6137827368818939 0
4230 0.5906072488615299 -0.4593288886239817 0
4231 0.4593288886239817 0.59060724886153 0
4232 -0.5906072488615299 0.4593288886239817 0
4233 -0.4593288886239815 -0.5906072488615304 0
4234 -0.7522213630028742 -0.6908781048690267 0
4235 -0.7500783682582497 -0.6621893299337134 0
4236 0.6908781048690271 -0.7522213630028745 0
4237 0.6621893299337144 -0.7500783682582499 0
4238 0.7522213630028745 0.6908781048690271 0
4239 0.7500783682582499 0.6621893299337144 0
4240 -0.6908781048690271 0.7522213630028745 0
4241 -0.6621893299337144 0.7500783682582499 0
4242 0.6314276777775543 -0.7590378374489549 0
4243 0.7590378374489549 0.6314276777775543 0
4244 -0.6314276777775543 0.7590378374489548 0
4245 -0.7590378374489546 -0.6314276777775532 0
4246 0.09085366195789253 -0.4026692002638821 0
4247 0.4026692002638821 0.09085366195789253 0
4248 -0.09085366195789253 0.4026692002638821 0
4249 -0.4026692002638821 -0.09085366195789253 0
4250 0.4173050457929607 -0.739001550111175 0
4251 0.7390015501111749 0.4173050457929606 0
4252 -0.4173050457929607 0.739001550111175 0
4253 -0.7390015501111751 -0.4173050457929607 0
4254 0.05748798481639698 -0.5035847822062394 0
4255 0.04129675989308493 -0.5346593294373116 0
4256 0.07660933906227456 -0.526807030572764 0
4257 0.5035847822062394 0.05748798481639698 0
4258 0.5346593294373116 0.04129675989308493 0
4259 0.526807030572764 0.07660933906227456 0
4260 -0.05748798481639698 0.5035847822062394 0
4261 -0.04129675989308493 0.5346593294373116 0
4262 -0.07660933906227456 0.526807030572764 0
4263 -0.5035847822062393 -0.05748798481639698 0
4264 -0.5346593294373116 -0.04129675989308493 0
4265 -0.526807030572764 -0.07660933906227456 0
4266 0.161803172769766 -0.4399443142654993 0
4267 0.1736931088775411 -0.467087644867916 0
4268 0.4399443142654993 0.161803172769766 0
4269 0.467087644867916 0.173693108877541 0
4270 -0.161803172769766 0.4399443142654993 0
4271 -0.173693108877541 0.467087644867916 0
4272 -0.4399443142654992 -0.161803172769766 0
4273 -0.4670876448679159 -0.173693108877541 0
4274 -0.6038523052650246 -0.6671529120431368 0
4275 -0.5787120524093607 -0.6915344858352273 0
4276 0.6671529120431368 -0.6038523052650246 0
4277 0.691534485835227 -0.5787120524093607 0
4278 0.6038523052650244 0.6671529120431368 0
4279 0.5787120524093607 0.6915344858352273 0
4280 -0.6671529120431368 0.6038523052650246 0
4281 -0.691534485835227 0.5787120524093607 0
4282 0.5452303258876765 -0.4886209692618807 0
4283 0.4886209692618807 0.5452303258876765 0
4284 -0.5452303258876765 0.4886209692618806 0
4285 -0.4886209692618806 -0.5452303258876765 0
4286 0.1416492065622327 -0.2214918056580956 0
4287 0.2214918056580956 0.1416492065622327 0
4288 -0.1416492065622327 0.2214918056580956 0
4289 -0.2214918056580956 -0.1416492065622327 0
4290 0.8627448552279171 -0.8804014252530958 0
4291 0.8517883505217714 -0.9108564932342165 0
4292 0.8804014252530958 0.8627448552279171 0
4293 0.9108564932342165 0.8517883505217714 0
4294 -0.8627448552279171 0.8804014252530958 0
4295 -0.8517883505217714 0.9108564932342165 0
4296 -0.8804014252530958 -0.862744855227917 0
4297 -0.9108564932342164 -0.8517883505217714 0
4298 -0.9003901517335022 -0.8240085757000705 0
4299 0.8240085757000704 -0.9003901517335023 0
4300 0.9003901517335023 0.8240085757000704 0
4301 -0.8240085757000704 0.9003901517335023 0
4302 0.8845040781144256 -0.4264903580414199 0
4303 0.8776989574887564 -0.4580690539947149 0
4304 0.4264903580414199 0.8845040781144256 0
4305 0.4580690539947149 0.8776989574887564 0
4306 -0.8845040781144256 0.4264903580414199 0
4307 -0.8776989574887564 0.4580690539947149 0
4308 -0.4264903580414198 -0.884504078114426 0
4309 -0.4580690539947144 -0.8776989574887565 0
4310 0.7203348486686662 -0.2885824790884747 0
4311 0.7382199934982102 -0.2655563178392518 0
4312 0.2885824790884747 0.7203348486686662 0
4313 0.2655563178392518 0.7382199934982102 0
4314 -0.7203348486686662 0.2885824790884747 0
4315 -0.7382199934982102 0.2655563178392518 0
4316 -0.2885824790884747 -0.7203348486686662 0
4317 -0.2655563178392517 -0.7382199934982101 0
4318 -0.7945503323121079 -0.8435859995081156 0
4319 0.8435859995081159 -0.7945503323121083 0
4320 0.7945503323121083 0.8435859995081161 0
4321 -0.8435859995081161 0.7945503323121083 0
4322 -0.5162780391567934 -0.9460756981951565 0
4323 -0.5126277210170411 -0.913445559249782 0
4324 0.9460756981951564 -0.5162780391567936 0
4325 0.9134455592497821 -0.5126277210170413 0
4326 0.5162780391567936 0.9460756981951564 0
4327 0.5126277210170413 0.9134455592497821 0
4328 -0.9460756981951564 0.5162780391567936 0
4329 -0.9134455592497821 0.5126277210170413 0
4330 0.01615295084411669 -0.320049317064713 0
4331 0.320049317064713 0.01615295084411669 0
4332 -0.01615295084411669 0.320049317064713 0
4333 -0.320049317064713 -0.01615295084411669 0
4334 0.2668077426970832 -0.0863190263342011 0
4335 0.0863190263342011 0.2668077426970832 0
4336 -0.0863190263342011 -0.2668077426970832 0
4337 -0.2668077426970832 0.0863190263342011 0
4338 0.2355779020161721 -0.8851709587451815 0
4339 0.8851709587451813 0.2355779020161721 0
4340 -0.2355779020161721 0.8851709587451815 0
4341 -0.885170958745182 -0.2355779020161718 0
4342 0.1218293004411536 -0.5037185685841814 0
4343 0.1473722210571665 -0.4838506390267525 0
4344 0.5037185685841814 0.1218293004411536 0
4345 0.4838506390267526 0.1473722210571665 0
4346 -0.1218293004411536 0.5037185685841814 0
4347 -0.1473722210571665 0.4838506390267525 0
4348 -0.5037185685841814 -0.1218293004411536 0
4349 -0.4838506390267524 -0.1473722210571665 0
4350 0.3642078595815891 -0.1347059025405048 0
4351 0.1347059025405048 0.3642078595815891 0
4352 -0.3642078595815891 0.1347059025405048 0
4353 -0.1347059025405048 -0.3642078595815891 0
4354 0.2360574466605729 -0.3138413272841509 0
4355 0.2282939692942571 -0.2810903775160074 0
4356 0.3138413272841509 0.2360574466605729 0
4357 0.2810903775160074 0.2282939692942571 0
4358 -0.2360574466605729 0.3138413272841509 0
4359 -0.2282939692942571 0.2810903775160074 0
4360 -0.3138413272841509 -0.2360574466605729 0
4361 -0.2810903775160074 -0.2282939692942571 0
4362 -0.6877306743350777 -0.5553663501290673 0
4363 -0.6733096737437884 -0.5863226765616415 0
4364 -0.6613849000165914 -0.5627837093793935 0
4365 0.5553663501290677 -0.6877306743350776 0
4366 0.5863226765616418 -0.6733096737437883 0
4367 0.5627837093793937 -0.6613849000165912 0
4368 0.6877306743350776 0.5553663501290677 0
4369 0.6733096737437883 0.5863226765616418 0
4370 0.6613849000165912 0.5627837093793937 0
4371 -0.5553663501290677 0.6877306743350776 0
4372 -0.5863226765616418 0.6733096737437883 0
4373 -0.5627837093793938 0.6613849000165913 0
4374 0.759111122938483 -0.2480212827326191 0
4375 0.2480212827326191 0.759111122938483 0
4376 -0.759111122938483 0.2480212827326191 0
4377 -0.248021282732619 -0.7591111229384828 0
4378 -0.07619494211784061 -0.6033166079515742 0
4379 -0.05299975465785454 -0.6276361580769211 0
4380 0.6033166079515742 -0.0761949421178406 0
4381 0.6276361580769211 -0.05299975465785453 0
4382 0.07619494211784061 0.6033166079515742 0
4383 0.05299975465785454 0.6276361580769211 0
4384 -0.6033166079515742 0.07619494211784061 0
4385 -0.6276361580769211 0.05299975465785454 0
4386 -0.05448685640636568 -0.8049919927360156 0
4387 -0.04032994672127847 -0.7823634294410198 0
4388 0.8049919927360155 -0.05448685640636569 0
4389 0.7823634294410198 -0.04032994672127848 0
4390 0.05448685640636569 0.8049919927360156 0
4391 0.04032994672127848 0.7823634294410198 0
4392 -0.8049919927360155 0.05448685640636569 0
4393 -0.7823634294410197 0.04032994672127848 0
4394 0.3491981077658533 -0.1121788500532405 0
4395 0.1121788500532405 0.3491981077658533 0
4396 -0.1121788500532405 -0.3491981077658533 0
4397 -0.3491981077658533 0.1121788500532405 0
4398 -0.3007437484603912 -0.5814495120751046 0
4399 -0.2991216647836391 -0.6177827591113281 0
4400 0.5814495120751044 -0.3007437484603912 0
4401 0.6177827591113279 -0.2991216647836391 0
4402 0.3007437484603912 0.5814495120751045 0
4403 0.2991216647836391 0.6177827591113279 0
4404 -0.5814495120751045 0.3007437484603912 0
4405 -0.6177827591113279 0.2991216647836391 0
4406 -0.8510733434098219 -0.6496335462710441 0
4407 0.6496335462710446 -0.8510733434098221 0
4408 0.8510733434098221 0.6496335462710446 0
4409 -0.6496335462710446 0.8510733434098221 0
4410 -0.9769384828298181 -0.5474099822902936 0
4411 0.5474099822902937 -0.9769384828298182 0
4412 0.9769384828298181 0.5474099822902937 0
4413 -0.5474099822902937 0.9769384828298181 0
4414 -0.7618950202442136 -0.4095585911910951 0
4415 -0.7533425217380177 -0.4405439242633342 0
4416 0.4095585911910949 -0.7618950202442136 0
4417 0.4405439242633341 -0.7533425217380176 0
4418 0.7618950202442135 0.4095585911910948 0
4419 0.7533425217380176 0.4405439242633341 0
4420 -0.4095585911910949 0.7618950202442136 0
4421 -0.4405439242633341 0.7533425217380176 0
4422 0.4370269809647611 -0.2241655224355976 0
4423 0.462675231132386 -0.2368832088759046 0
4424 0.2241655224355976 0.4370269809647611 0
4425 0.2368832088759046 0.462675231132386 0
4426 -0.4370269809647611 0.2241655224355976 0
4427 -0.462675231132386 0.2368832088759046 0
4428 -0.2241655224355976 -0.4370269809647611 0
4429 -0.2368832088759045 -0.462675231132386 0
4430 0.1920565037507933 -0.04918053880842813 0
4431 0.220997263240899 -0.06200252167552593 0
4432 0.2168241524724147 -0.0304492534308936 0
4433 0.04918053880842813 0.1920565037507933 0
4434 0.06200252167552593 0.220997263240899 0
4435 0.0304492534308936 0.2168241524724147 0
4436 -0.1920565037507933 0.04918053880842813 0
4437 -0.220997263240899 0.06200252167552593 0
4438 -0.2168241524724147 0.0304492534308936 0
4439 -0.04918053880842813 -0.1920565037507933 0
4440 -0.06200252167552593 -0.220997263240899 0
4441 -0.0304492534308936 -0.2168241524724147 0
4442 0.1512976731477177 -0.8084145558101964 0
4443 0.8084145558101964 0.1512976731477177 0
4444 -0.1512976731477177 0.8084145558101964 0
4445 -0.8084145558101963 -0.1512976731477179 0
4446 0.7679284615228785 -0.8421151011243013 0
4447 0.7391193524862648 -0.8580185868072371 0
4448 0.8421151011243013 0.7679284615228785 0
4449 0.8580185868072371 0.7391193524862648 0
4450 -0.7679284615228785 0.8421151011243013 0
4451 -0.7391193524862648 0.858018586807237 0
4452 -0.8421151011243015 -0.7679284615228787 0
4453 -0.8580185868072374 -0.7391193524862649 0
4454 0.5161599822902077 -0.9769384828298182 0
4455 0.9769384828298181 0.5161599822902077 0
4456 -0.5161599822902077 0.9769384828298181 0
4457 -0.9769384828298181 -0.5161599822902075 0
4458 -0.01056184199030979 -0.6716079647531347 0
4459 -0.001928206597194874 -0.7012605567170906 0
4460 0.6716079647531347 -0.01056184199030979 0
4461 0.7012605567170906 -0.001928206597194874 0
4462 0.01056184199030979 0.6716079647531347 0
4463 0.001928206597194874 0.7012605567170906 0
4464 -0.6716079647531348 0.01056184199030979 0
4465 -0.7012605567170908 0.001928206597194874 0
4466 -0.6292448589573681 -0.2283560504678251 0
4467 -0.6484401365705093 -0.2600711273584196 0
4468 0.228356050467825 -0.6292448589573681 0
4469 0.2600711273584197 -0.6484401365705093 0
4470 0.6292448589573681 0.228356050467825 0
4471 0.6484401365705093 0.2600711273584197 0
4472 -0.228356050467825 0.6292448589573681 0
4473 -0.2600711273584197 0.6484401365705093 0
4474 0.3105966886616857 -0.9071358189747969 0
4475 0.9071358189747969 0.3105966886616857 0
4476 -0.3105966886616857 0.9071358189747969 0
4477 -0.907135818974797 -0.3105966886616853 0
4478 0.513152794812063 -0.3851933834628017 0
4479 0.3851933834628017 0.513152794812063 0
4480 -0.513152794812063 0.3851933834628017 0
4481 -0.3851933834628018 -0.5131527948120631 0
4482 0.3524855227864395 -0.2559301524569658 0
4483 0.2559301524569658 0.3524855227864396 0
4484 -0.3524855227864395 0.2559301524569658 0
4485 -0.2559301524569658 -0.3524855227864396 0
4486 0.971899364519144 -0.6979560405883469 0
4487 0.971899364519144 -0.7292060405882543 0
4488 0.6979560405883469 0.971899364519144 0
4489 0.7292060405882543 0.971899364519144 0
4490 -0.971899364519144 0.6979560405883469 0
4491 -0.971899364519144 0.7292060405882543 0
4492 -0.6979560405883469 -0.971899364519144 0
4493 -0.7292060405882543 -0.971899364519144 0
4494 0.7289399534544381 -0.9773637603176961 0
4495 0.6976899534543521 -0.9773637603176961 0
4496 0.9773637603176961 0.7289399534544381 0
4497 0.9773637603176961 0.6976899534543521 0
4498 -0.7289399534544381 0.9773637603176961 0
4499 -0.6976899534543521 0.9773637603176961 0
4500 -0.977363760317696 -0.7289399534544382 0
4501 -0.977363760317696 -0.6976899534543523 0
4502 0.08343191522914362 -0.5796808684519079 0
4503 0.5796808684519079 0.08343191522914362 0
4504 -0.08343191522914362 0.5796808684519079 0
4505 -0.5796808684519079 -0.08343191522914362 0
4506 -0.6478474799737475 -0.7304846009173334 0
4507 -0.6653207811639106 -0.7502645213615962 0
4508 -0.6397983700029217 -0.7623490191211446 0
4509 0.7304846009173334 -0.6478474799737475 0
4510 0.7502645213615959 -0.6653207811639106 0
4511 0.7623490191211443 -0.6397983700029218 0
4512 0.6478474799737475 0.7304846009173334 0
4513 0.6653207811639106 0.7502645213615959 0
4514 0.6397983700029218 0.7623490191211443 0
4515 -0.7304846009173331 0.6478474799737475 0
4516 -0.7502645213615958 0.6653207811639106 0
4517 -0.7623490191211442 0.6397983700029218 0
4518 -0.8271854448717879 -0.7189880205889669 0
4519 0.7189880205889669 -0.8271854448717877 0
4520 0.8271854448717877 0.7189880205889669 0
4521 -0.7189880205889669 0.8271854448717877 0
4522 0.2119497705502533 -0.8626231110984028 0
4523 0.1861120532153729 -0.8480500063709651 0
4524 0.8626231110984028 0.2119497705502533 0
4525 0.8480500063709651 0.1861120532153729 0
4526 -0.2119497705502533 0.8626231110984028 0
4527 -0.1861120532153729 0.8480500063709651 0
4528 -0.8626231110984035 -0.2119497705502529 0
4529 -0.8480500063709656 -0.1861120532153726 0
4530 0.06481710877399047 -0.4761937516889866 0
4531 0.02950452960480084 -0.4840460505535343 0
4532 0.4761937516889865 0.06481710877399047 0
4533 0.4840460505535342 0.02950452960480084 0
4534 -0.06481710877399045 0.4761937516889866 0
4535 -0.02950452960480083 0.4840460505535343 0
4536 -0.4761937516889865 -0.06481710877399045 0
4537 -0.4840460505535341 -0.02950452960480083 0
4538 -0.03041625902510606 -0.6471345841588558 0
4539 0.6471345841588558 -0.03041625902510606 0
4540 0.03041625902510606 0.6471345841588558 0
4541 -0.6471345841588558 0.03041625902510606 0
4542 0.244832934975766 -0.06583074803461283 0
4543 0.2200652862541445 -0.08456203341214737 0
4544 0.06583074803461283 0.244832934975766 0
4545 0.08456203341214737 0.2200652862541445 0
4546 -0.06583074803461283 -0.244832934975766 0
4547 -0.08456203341214737 -0.2200652862541445 0
4548 -0.244832934975766 0.06583074803461283 0
4549 -0.2200652862541445 0.08456203341214737 0
4550 0.07823097633198035 -0.9778852688894939 0
4551 0.07166255538610956 -0.9437424783097479 0
4552 0.9778852688894939 0.07823097633198035 0
4553 0.9437424783097479 0.07166255538610956 0
4554 -0.07823097633198035 0.9778852688894939 0
4555 -0.07166255538610956 0.9437424783097479 0
4556 -0.9778852688894939 -0.07823097633198035 0
4557 -0.9437424783097479 -0.07166255538610956 0
4558 0.3193872745493405 -0.009878322849564275 0
4559 0.009878322849564275 0.3193872745493406 0
4560 -0.009878322849564275 -0.3193872745493405 0
4561 -0.3193872745493405 0.009878322849564275 0
4562 0.9020116495044623 -0.796460098115751 0
4563 0.796460098115751 0.9020116495044623 0
4564 -0.9020116495044623 0.796460098115751 0
4565 -0.7964600981157511 -0.9020116495044621 0
4566 -0.07999137956877964 -0.9135811362828998 0
4567 0.9135811362828997 -0.07999137956877964 0
4568 0.07999137956877964 0.9135811362828998 0
4569 -0.9135811362828998 0.07999137956877964 0
4570 0.07686052804925811 -0.9174891998419917 0
4571 0.9174891998419917 0.07686052804925811 0
4572 -0.07686052804925811 0.9174891998419917 0
4573 -0.9174891998419917 -0.07686052804925816 0
4574 -0.2201346036915207 -0.7562461274017356 0
4575 0.7562461274017356 -0.2201346036915209 0
4576 0.2201346036915209 0.7562461274017356 0
4577 -0.7562461274017356 0.2201346036915209 0
4578 0.9774480038383846 -0.5503443296040293 0
4579 0.5503443296040293 0.9774480038383846 0
4580 -0.9774480038383846 0.5503443296040293 0
4581 -0.5503443296040292 -0.9774480038383847 0
4582 -0.7919686870409764 -0.7577884490538418 0
4583 -0.8139649662122651 -0.7733565967690952 0
4584 0.7577884490538416 -0.7919686870409762 0
4585 0.773356596769095 -0.813964966212265 0
4586 0.7919686870409763 0.7577884490538416 0
4587 0.813964966212265 0.773356596769095 0
4588 -0.7577884490538416 0.7919686870409763 0
4589 -0.773356596769095 0.813964966212265 0
4590 0.5037476163903534 -0.2012905445090358 0
4591 0.2012905445090358 0.5037476163903534 0
4592 -0.5037476163903535 0.2012905445090358 0
4593 -0.2012905445090357 -0.5037476163903534 0
4594 -0.756811185695309 -0.7173719320213443 0
4595 0.7173719320213446 -0.7568111856953091 0
4596 0.7568111856953091 0.7173719320213446 0
4597 -0.7173719320213445 0.7568111856953091 0
4598 -0.4754392846696915 -0.977491373098306 0
4599 -0.472622994222363 -0.9461190674550778 0
4600 -0.4971837095538288 -0.9686276943567718 0
4601 0.9774913730983059 -0.4754392846696914 0
4602 0.9461190674550778 -0.4726229942223631 0
4603 0.9686276943567718 -0.4971837095538289 0
4604 0.4754392846696914 0.9774913730983059 0
4605 0.4726229942223631 0.9461190674550778 0
4606 0.4971837095538289 0.9686276943567718 0
4607 -0.9774913730983059 0.4754392846696914 0
4608 -0.9461190674550778 0.4726229942223631 0
4609 -0.9686276943567718 0.4971837095538289 0
4610 0.05407425748215752 -0.9112688584770563 0
4611 0.03379274058156281 -0.8856057078088693 0
4612 0.9112688584770563 0.05407425748215752 0
4613 0.8856057078088693 0.0337927405815628 0
4614 -0.05407425748215752 0.9112688584770563 0
4615 -0.03379274058156281 0.8856057078088693 0
4616 -0.9112688584770563 -0.05407425748215752 0
4617 -0.8856057078088693 -0.03379274058156281 0
4618 0.9774913730983059 -0.4441892846697911 0
4619 0.4441892846697911 0.9774913730983059 0
4620 -0.9774913730983059 0.4441892846697911 0
4621 -0.4441892846697912 -0.977491373098306 0
4622 -0.102795509656031 -0.6084995153762057 0
4623 0.6084995153762057 -0.1027955096560309 0
4624 0.102795509656031 0.6084995153762057 0
4625 -0.6084995153762057 0.102795509656031 0
4626 0.01379250800326815 -0.7271092296187722 0
4627 0.02852321220352247 -0.6993009371936519 0
4628 0.7271092296187722 0.01379250800326815 0
4629 0.6993009371936519 0.02852321220352247 0
4630 -0.01379250800326815 0.7271092296187721 0
4631 -0.02852321220352247 0.6993009371936518 0
4632 -0.7271092296187721 -0.01379250800326814 0
4633 -0.6993009371936519 -0.02852321220352247 0
4634 0.03332235158757497 -0.7489196294036955 0
4635 0.00287093278685762 -0.7508792489271343 0
4636 0.7489196294036955 0.03332235158757497 0
4637 0.7508792489271343 0.00287093278685762 0
4638 -0.03332235158757497 0.7489196294036955 0
4639 -0.00287093278685762 0.7508792489271343 0
4640 -0.7489196294036954 -0.03332235158757496 0
4641 -0.7508792489271342 -0.00287093278685762 0
4642 0.2913437258068107 0.00397557820148187 0
4643 -0.00397557820148187 0.2913437258068108 0
4644 0.00397557820148187 -0.2913437258068107 0
4645 -0.2913437258068107 -0.00397557820148187 0
4646 -0.4270020647299526 -0.544373217576628 0
4647 -0.4027826397232813 -0.5302764268814602 0
4648 0.5443732175766278 -0.4270020647299527 0
4649 0.5302764268814599 -0.4027826397232812 0
4650 0.4270020647299527 0.5443732175766278 0
4651 0.4027826397232812 0.5302764268814599 0
4652 -0.5443732175766278 0.4270020647299526 0
4653 -0.5302764268814599 0.4027826397232812 0
4654 -0.6954241872702576 -0.598977863939099 0
4655 -0.6690784129517712 -0.6063952231894252 0
4656 0.5989778639390991 -0.6954241872702571 0
4657 0.6063952231894252 -0.6690784129517708 0
4658 0.6954241872702571 0.5989778639390991 0
4659 0.6690784129517708 0.6063952231894252 0
4660 -0.5989778639390991 0.6954241872702571 0
4661 -0.6063952231894253 0.6690784129517708 0
4662 0.9756120808608448 -0.4213890935247674 0
4663 0.4213890935247674 0.9756120808608448 0
4664 -0.9756120808608448 0.4213890935247674 0
4665 -0.4213890935247676 -0.9756120808608449 0
4666 0.7560609872018451 -0.9765623184572539 0
4667 0.9765623184572538 0.7560609872018452 0
4668 -0.7560609872018452 0.9765623184572539 0
4669 -0.9765623184572538 -0.7560609872018453 0
4670 -0.7594142732635802 -0.9737957615712054 0
4671 0.9737957615712054 -0.7594142732635805 0
4672 0.7594142732635805 0.9737957615712054 0
4673 -0.9737957615712054 0.7594142732635805 0
4674 -0.4693788792120948 -0.5666044843803275 0
4675 0.5666044843803275 -0.4693788792120949 0
4676 0.4693788792120949 0.5666044843803275 0
4677 -0.5666044843803275 0.4693788792120949 0
4678 0.1142056221041375 -0.1512315388141927 0
4679 0.1034721051343783 -0.17187000667059 0
4680 0.1512315388141927 0.1142056221041375 0
4681 0.1718700066705899 0.1034721051343783 0
4682 -0.1142056221041375 0.1512315388141927 0
4683 -0.1034721051343783 0.1718700066705899 0
4684 -0.1512315388141927 -0.1142056221041375 0
4685 -0.1718700066705899 -0.1034721051343783 0
4686 0.3538675106836494 -0.0797778850780495 0
4687 0.3284558282666555 -0.09130969792384647 0
4688 0.0797778850780495 0.3538675106836494 0
4689 0.09130969792384647 0.3284558282666556 0
4690 -0.0797778850780495 -0.3538675106836494 0
4691 -0.09130969792384647 -0.3284558282666555 0
4692 -0.3538675106836494 0.0797778850780495 0
4693 -0.3284558282666555 0.09130969792384647 0
4694 0.2224657706988122 -0.8047447458901447 0
4695 0.2402677136425727 -0.8337975645980042 0
4696 0.8047447458901447 0.2224657706988122 0
4697 0.8337975645980042 0.2402677136425727 0
4698 -0.2224657706988122 0.8047447458901447 0
4699 -0.2402677136425727 0.8337975645980042 0
4700 -0.8047447458901451 -0.2224657706988117 0
4701 -0.8337975645980047 -0.2402677136425722 0
4702 -0.5942117628112855 -0.7190283050126165 0
4703 -0.5618259582454661 -0.7153161144557889 0
4704 0.7190283050126164 -0.5942117628112856 0
4705 0.7153161144557887 -0.5618259582454663 0
4706 0.5942117628112855 0.7190283050126165 0
4707 0.5618259582454662 0.7153161144557889 0
4708 -0.7190283050126164 0.5942117628112857 0
4709 -0.7153161144557887 0.5618259582454662 0
4710 0.5360764150023403 -0.7101163969671025 0
4711 0.7101163969671025 0.5360764150023403 0
4712 -0.5360764150023403 0.7101163969671024 0
4713 -0.7101163969671023 -0.5360764150023396 0
4714 -0.8031190522841097 -0.7291359564165205 0
4715 -0.7713236786703992 -0.7393020878900074 0
4716 0.7291359564165205 -0.8031190522841096 0
4717 0.7393020878900075 -0.7713236786703993 0
4718 0.8031190522841096 0.7291359564165205 0
4719 0.7713236786703994 0.7393020878900075 0
4720 -0.7291359564165205 0.8031190522841096 0
4721 -0.7393020878900075 0.7713236786703994 0
4722 0.02207200911114358 -0.2633904059489984 0
4723 0.2633904059489984 0.02207200911114358 0
4724 -0.02207200911114358 0.2633904059489984 0
4725 -0.2633904059489984 -0.02207200911114358 0
4726 0.2627283634336259 -0.00395926458253738 0
4727 0.00395926458253738 0.2627283634336259 0
4728 -0.00395926458253738 -0.2627283634336259 0
4729 -0.2627283634336259 0.00395926458253738 0
4730 0.08157162742573801 -0.8970436394785402 0
4731 0.8970436394785402 0.08157162742573801 0
4732 -0.08157162742573801 0.8970436394785402 0
4733 -0.8970436394785402 -0.08157162742573808 0
4734 -0.1311537404445809 -0.6105255722750055 0
4735 0.6105255722750055 -0.1311537404445809 0
4736 0.1311537404445809 0.6105255722750055 0
4737 -0.6105255722750055 0.1311537404445809 0
4738 0.2076565786303725 -0.6588781422446385 0
4739 0.6588781422446385 0.2076565786303725 0
4740 -0.2076565786303724 0.6588781422446385 0
4741 -0.6588781422446386 -0.2076565786303725 0
4742 -0.01763354036017779 -0.7617373042998346 0
4743 0.7617373042998346 -0.01763354036017779 0
4744 0.01763354036017779 0.7617373042998346 0
4745 -0.7617373042998346 0.01763354036017779 0
4746 0.00189630322412903 -0.7835477040847579 0
4747 0.7835477040847579 0.00189630322412903 0
4748 -0.00189630322412903 0.7835477040847579 0
4749 -0.7835477040847578 -0.00189630322412903 0
4750 0.1263838728519671 -0.1316382967907498 0
4751 0.09684093079371282 -0.1327387442045236 0
4752 0.1316382967907498 0.1263838728519671 0
4753 0.1327387442045236 0.09684093079371282 0
4754 -0.1263838728519671 0.1316382967907498 0
4755 -0.09684093079371282 0.1327387442045236 0
4756 -0.1316382967907498 -0.1263838728519671 0
4757 -0.1327387442045236 -0.09684093079371286 0
4758 -0.816903754821882 -0.3050932316796736 0
4759 0.3050932316796737 -0.816903754821882 0
4760 0.816903754821882 0.3050932316796737 0
4761 -0.3050932316796737 0.816903754821882 0
4762 0.3195189932746307 -0.9771692607778789 0
4763 0.9771692607778789 0.3195189932746308 0
4764 -0.3195189932746308 0.9771692607778789 0
4765 -0.977169260777879 -0.3195189932746307 0
4766 -0.8629607484900057 -0.4286045992873406 0
4767 0.4286045992873403 -0.8629607484900059 0
4768 0.8629607484900059 0.4286045992873403 0
4769 -0.4286045992873403 0.8629607484900059 0
4770 0.5241676417358954 -0.6241419932730371 0
4771 0.6241419932730371 0.5241676417358954 0
4772 -0.5241676417358954 0.6241419932730372 0
4773 -0.6241419932730371 -0.5241676417358949 0
4774 0.2576576758139863 -0.9527852325891353 0
4775 0.2860909921229443 -0.9424758811834292 0
4776 0.9527852325891353 0.2576576758139863 0
4777 0.9424758811834292 0.2860909921229443 0
4778 -0.2576576758139863 0.9527852325891353 0
4779 -0.2860909921229443 0.9424758811834292 0
4780 -0.9527852325891352 -0.2576576758139863 0
4781 -0.9424758811834291 -0.2860909921229442 0
4782 0.1771789247170952 -0.4949416596678345 0
4783 0.4949416596678346 0.1771789247170952 0
4784 -0.1771789247170952 0.4949416596678345 0
4785 -0.4949416596678345 -0.1771789247170952 0
4786 -0.8348941163876119 -0.1657498543110361 0
4787 0.1657498543110359 -0.8348941163876118 0
4788 0.8348941163876118 0.1657498543110359 0
4789 -0.1657498543110359 0.8348941163876118 0
4790 0.1416501265235597 0.05270798686992317 0
4791 0.1268710093678385 0.07649697460996721 0
4792 -0.05270798686992317 0.1416501265235597 0
4793 -0.07649697460996721 0.1268710093678385 0
4794 -0.1416501265235597 -0.05270798686992317 0
4795 -0.1268710093678385 -0.07649697460996721 0
4796 0.05270798686992317 -0.1416501265235598 0
4797 0.07649697460996721 -0.1268710093678385 0
4798 0.05866405646785812 -0.1666743593042063 0
4799 0.1666743593042063 0.05866405646785813 0
4800 -0.05866405646785812 0.1666743593042063 0
4801 -0.1666743593042063 -0.05866405646785813 0
4802 0.1100025650001143 -0.5740907438253007 0
4803 0.08698876390993326 -0.5522914531772292 0
4804 0.5740907438253007 0.1100025650001143 0
4805 0.5522914531772292 0.08698876390993326 0
4806 -0.1100025650001143 0.5740907438253007 0
4807 -0.08698876390993321 0.5522914531772292 0
4808 -0.5740907438253007 -0.1100025650001143 0
4809 -0.5522914531772292 -0.08698876390993326 0
4810 0.713975343760379 -0.3921609221688341 0
4811 0.7242166990256211 -0.3602005180317929 0
4812 0.3921609221688341 0.7139753437603789 0
4813 0.3602005180317929 0.724216699025621 0
4814 -0.7139753437603789 0.3921609221688341 0
4815 -0.724216699025621 0.360200518031793 0
4816 -0.3921609221688339 -0.7139753437603791 0
4817 -0.3602005180317928 -0.7242166990256211 0
4818 -0.3689526468837772 -0.8806458257067835 0
4819 -0.3516979914127345 -0.8971180961554077 0
4820 0.8806458257067833 -0.3689526468837772 0
4821 0.8971180961554078 -0.3516979914127342 0
4822 0.3689526468837772 0.8806458257067833 0
4823 0.3516979914127342 0.8971180961554078 0
4824 -0.8806458257067833 0.3689526468837772 0
4825 -0.8971180961554078 0.3516979914127342 0
4826 0.9808462510724038 -0.6707398494064571 0
4827 0.6707398494064571 0.9808462510724038 0
4828 -0.9808462510724038 0.6707398494064571 0
4829 -0.6707398494064571 -0.9808462510724038 0
4830 0.6714797746347232 -0.9823432130809444 0
4831 0.9823432130809444 0.6714797746347232 0
4832 -0.6714797746347232 0.9823432130809444 0
4833 -0.982343213080944 -0.6714797746347232 0
4834 -0.3657322458541188 -0.4312927225031934 0
4835 0.4312927225031933 -0.3657322458541188 0
4836 0.3657322458541188 0.4312927225031933 0
4837 -0.4312927225031933 0.3657322458541188 0
4838 0.1452673663820084 -0.7279950394141405 0
4839 0.7279950394141405 0.1452673663820084 0
4840 -0.1452673663820084 0.7279950394141405 0
4841 -0.7279950394141403 -0.1452673663820082 0
4842 -0.4805110912419596 -0.8723543362085913 0
4843 -0.4622341446899295 -0.9004441570372662 0
4844 0.8723543362085913 -0.4805110912419601 0
4845 0.9004441570372661 -0.4622341446899299 0
4846 0.4805110912419601 0.8723543362085913 0
4847 0.4622341446899298 0.9004441570372661 0
4848 -0.8723543362085913 0.4805110912419601 0
4849 -0.9004441570372661 0.4622341446899298 0
4850 0.1964350915134452 -0.8218682645645687 0
4851 0.8218682645645687 0.1964350915134452 0
4852 -0.1964350915134452 0.8218682645645687 0
4853 -0.8218682645645691 -0.1964350915134448 0
4854 0.2614284935675991 -0.3580939109477015 0
4855 0.3580939109477015 0.2614284935675991 0
4856 -0.2614284935675991 0.3580939109477015 0
4857 -0.3580939109477015 -0.2614284935675991 0
4858 0.173937931007613 -0.09020111837146877 0
4859 0.1688504500379633 -0.06326288528785058 0
4860 0.1465587665262987 -0.07273019660625889 0
4861 0.09020111837146877 0.173937931007613 0
4862 0.06326288528785057 0.1688504500379633 0
4863 0.07273019660625889 0.1465587665262987 0
4864 -0.173937931007613 0.09020111837146877 0
4865 -0.1688504500379633 0.06326288528785058 0
4866 -0.1465587665262987 0.07273019660625889 0
4867 -0.09020111837146877 -0.173937931007613 0
4868 -0.06326288528785057 -0.1688504500379633 0
4869 -0.07273019660625889 -0.1465587665262987 0
4870 -0.3590495362379308 -0.9238173173309563 0
4871 0.9238173173309563 -0.3590495362379306 0
4872 0.3590495362379306 0.9238173173309562 0
4873 -0.9238173173309562 0.3590495362379306 0
4874 -0.6332847069237442 -0.6764371736669548 0
4875 0.6764371736669548 -0.6332847069237441 0
4876 0.6332847069237439 0.6764371736669548 0
4877 -0.6764371736669548 0.6332847069237442 0
4878 -0.5190943296041218 -0.9774480038383847 0
4879 0.9774480038383846 -0.5190943296041219 0
4880 0.5190943296041219 0.9774480038383846 0
4881 -0.9774480038383846 0.5190943296041219 0
4882 -0.6336087141944786 -0.5704620285528665 0
4883 -0.6480297147857681 -0.5395057021202923 0
4884 0.5704620285528668 -0.6336087141944786 0
4885 0.5395057021202927 -0.648029714785768 0
4886 0.6336087141944786 0.5704620285528668 0
4887 0.648029714785768 0.5395057021202927 0
4888 -0.5704620285528668 0.6336087141944786 0
4889 -0.5395057021202927 0.6480297147857681 0
4890 0.2587821235414759 -0.2709463183602033 0
4891 0.2709463183602033 0.2587821235414759 0
4892 -0.2587821235414759 0.2709463183602033 0
4893 -0.2709463183602033 -0.2587821235414759 0
4894 -0.5036170117371632 -0.869622433223051 0
4895 0.8696224332230511 -0.5036170117371637 0
4896 0.5036170117371637 0.8696224332230511 0
4897 -0.8696224332230511 0.5036170117371637 0
4898 -0.5077821024323783 -0.8923676327715607 0
4899 0.8923676327715608 -0.5077821024323788 0
4900 0.5077821024323788 0.8923676327715608 0
4901 -0.8923676327715608 0.5077821024323788 0
4902 0.2583663800635648 -0.6800365634335144 0
4903 0.6800365634335144 0.2583663800635648 0
4904 -0.2583663800635648 0.6800365634335144 0
4905 -0.6800365634335144 -0.2583663800635648 0
4906 0.458564005743355 -0.2632341003556959 0
4907 0.2632341003556959 0.458564005743355 0
4908 -0.458564005743355 0.2632341003556959 0
4909 -0.2632341003556959 -0.458564005743355 0
4910 0.1190892161930433 -0.05398896730103585 0
4911 0.124176697162693 -0.08092720038465405 0
4912 0.05398896730103584 0.1190892161930433 0
4913 0.08092720038465405 0.124176697162693 0
4914 -0.1190892161930433 0.05398896730103585 0
4915 -0.124176697162693 0.08092720038465405 0
4916 -0.05398896730103584 -0.1190892161930433 0
4917 -0.08092720038465405 -0.124176697162693 0
4918 -0.8024100985543361 -0.8675853749905404 0
4919 -0.7722331205141517 -0.861030873157454 0
4920 0.8675853749905407 -0.8024100985543362 0
4921 0.8610308731574542 -0.7722331205141519 0
4922 0.8024100985543362 0.8675853749905407 0
4923 0.7722331205141519 0.8610308731574543 0
4924 -0.8675853749905407 0.8024100985543362 0
4925 -0.8610308731574543 0.7722331205141519 0
4926 0.1991098151169804 -0.1102095964600175 0
4927 0.1102095964600175 0.1991098151169804 0
4928 -0.1991098151169804 0.1102095964600175 0
4929 -0.1102095964600175 -0.1991098151169804 0
4930 0.10286316418549 -0.0876657366302559 0
4931 0.1303327145187454 -0.1064069659354789 0
4932 0.0876657366302559 0.10286316418549 0
4933 0.1064069659354789 0.1303327145187454 0
4934 -0.10286316418549 0.0876657366302559 0
4935 -0.1303327145187454 0.1064069659354789 0
4936 -0.0876657366302559 -0.1028631641854901 0
4937 -0.1064069659354789 -0.1303327145187455 0
4938 -0.1333795429087668 -0.9745256087585533 0
4939 0.9745256087585533 -0.1333795429087668 0
4940 0.1333795429087668 0.9745256087585533 0
4941 -0.9745256087585533 0.1333795429087668 0
4942 -0.732312517627868 -0.2591543060285766 0
4943 0.2591543060285766 -0.732312517627868 0
4944 0.732312517627868 0.2591543060285766 0
4945 -0.2591543060285766 0.732312517627868 0
4946 0.1031799888332453 -0.5212169059461568 0
4947 0.1322087252888123 -0.5292029911886464 0
4948 0.5212169059461568 0.1031799888332453 0
4949 0.5292029911886466 0.1322087252888123 0
4950 -0.1031799888332453 0.5212169059461568 0
4951 -0.1322087252888123 0.5292029911886464 0
4952 -0.5212169059461568 -0.1031799888332453 0
4953 -0.5292029911886464 -0.1322087252888123 0
4954 -0.9376694323214693 -0.3087349853995105 0
4955 -0.9238049082090858 -0.3283996898133288 0
4956 0.3087349853995106 -0.9376694323214692 0
4957 0.3283996898133291 -0.9238049082090856 0
4958 0.9376694323214692 0.3087349853995106 0
4959 0.9238049082090856 0.3283996898133292 0
4960 -0.3087349853995106 0.9376694323214692 0
4961 -0.3283996898133292 0.9238049082090856 0
4962 0.9463787144486631 -0.9148984625133327 0
4963 0.9567225776816985 -0.886604269451851 0
4964 0.9148984625133327 0.9463787144486631 0
4965 0.886604269451851 0.9567225776816985 0
4966 -0.9463787144486631 0.9148984625133327 0
4967 -0.9567225776816985 0.886604269451851 0
4968 -0.9148984625133327 -0.9463787144486633 0
4969 -0.8866042694518512 -0.9567225776816985 0
4970 0.8857115636822512 -0.9538804261414053 0
4971 0.9154009052964563 -0.9458762716652532 0
4972 0.9538804261414053 0.8857115636822512 0
4973 0.9458762716652532 0.9154009052964563 0
4974 -0.8857115636822512 0.9538804261414053 0
4975 -0.9154009052964563 0.9458762716652532 0
4976 -0.9538804261414056 -0.8857115636822512 0
4977 -0.9458762716652533 -0.9154009052964563 0
4978 -0.8495724081687095 -0.3463632339008024 0
4979 0.3463632339008025 -0.8495724081687096 0
4980 0.8495724081687095 0.3463632339008025 0
4981 -0.3463632339008025 0.8495724081687095 0
4982 0.4062471646687156 -0.3922039688929727 0
4983 0.3922039688929727 0.4062471646687156 0
4984 -0.4062471646687155 0.3922039688929727 0
4985 -0.3922039688929727 -0.4062471646687156 0
4986 0.551404915085203 -0.1857711547075215 0
4987 0.5747623949404277 -0.1945519331424602 0
4988 0.5746094174509204 -0.1702665905821086 0
4989 0.1857711547075215 0.551404915085203 0
4990 0.1945519331424602 0.5747623949404277 0
4991 0.1702665905821086 0.5746094174509204 0
4992 -0.551404915085203 0.1857711547075215 0
4993 -0.5747623949404277 0.1945519331424602 0
4994 -0.5746094174509204 0.1702665905821086 0
4995 -0.1857711547075215 -0.551404915085203 0
4996 -0.1945519331424602 -0.5747623949404276 0
4997 -0.1702665905821086 -0.5746094174509204 0
4998 0.2814000263734237 -0.2939509145355091 0
4999 0.2671539407930485 -0.3196501849633843 0
5000 0.293950914535509 0.2814000263734237 0
5001 0.3196501849633843 0.2671539407930485 0
5002 -0.2814000263734237 0.293950914535509 0
5003 -0.2671539407930485 0.3196501849633843 0
5004 -0.293950914535509 -0.2814000263734237 0
5005 -0.3196501849633843 -0.2671539407930485 0
5006 0.2488738861210658 -0.3375956877156842 0
5007 0.3375956877156842 0.2488738861210658 0
5008 -0.2488738861210658 0.3375956877156842 0
5009 -0.3375956877156842 -0.2488738861210658 0
5010 0.240269977769167 -0.01456703498543354 0
5011 0.01456703498543354 0.240269977769167 0
5012 -0.240269977769167 0.01456703498543354 0
5013 -0.01456703498543354 -0.240269977769167 0
5014 -0.6857298815731224 -0.2167986435134346 0
5015 0.2167986435134346 -0.6857298815731223 0
5016 0.6857298815731223 0.2167986435134346 0
5017 -0.2167986435134346 0.6857298815731223 0
5018 0.1589584360420692 -0.4067933016296057 0
5019 0.4067933016296057 0.1589584360420692 0
5020 -0.1589584360420692 0.4067933016296057 0
5021 -0.4067933016296057 -0.1589584360420692 0
5022 0.06179375059149086 -0.6983957239565692 0
5023 0.6983957239565692 0.06179375059149086 0
5024 -0.06179375059149086 0.6983957239565691 0
5025 -0.6983957239565691 -0.06179375059149081 0
5026 0.07077698669486755 -0.7253400182938717 0
5027 0.7253400182938717 0.07077698669486754 0
5028 -0.07077698669486754 0.7253400182938716 0
5029 -0.7253400182938716 -0.07077698669486748 0
5030 0.06570280194509136 -0.8693749866899532 0
5031 0.8693749866899532 0.06570280194509136 0
5032 -0.06570280194509136 0.8693749866899532 0
5033 -0.8693749866899532 -0.06570280194509137 0
5034 -0.8575720021947013 -0.2404254218837003 0
5035 0.240425421883701 -0.8575720021947004 0
5036 0.8575720021947004 0.240425421883701 0
5037 -0.240425421883701 0.8575720021947004 0
5038 0.3739029592759104 -0.7990945644450718 0
5039 0.3621544645602826 -0.8267208586026298 0
5040 0.3872849342904527 -0.8283742326664016 0
5041 0.7990945644450718 0.3739029592759104 0
5042 0.8267208586026297 0.3621544645602826 0
5043 0.8283742326664016 0.3872849342904527 0
5044 -0.3739029592759104 0.7990945644450718 0
5045 -0.3621544645602826 0.8267208586026297 0
5046 -0.3872849342904527 0.8283742326664016 0
5047 -0.7990945644450718 -0.3739029592759106 0
5048 -0.8267208586026297 -0.3621544645602826 0
5049 -0.8283742326664016 -0.387284934290453 0
5050 0.3329812588862601 -0.8202927399473796 0
5051 0.8202927399473796 0.3329812588862601 0
5052 -0.3329812588862601 0.8202927399473796 0
5053 -0.8202927399473796 -0.33298125888626 0
5054 0.06081161513577441 -0.7527964386175792 0
5055 0.7527964386175792 0.06081161513577441 0
5056 -0.06081161513577441 0.7527964386175792 0
5057 -0.7527964386175792 -0.06081161513577439 0
5058 0.04071018566801674 -0.8641573963852178 0
5059 0.8641573963852178 0.04071018566801674 0
5060 -0.04071018566801674 0.8641573963852178 0
5061 -0.8641573963852178 -0.04071018566801674 0
5062 -0.4458935464934755 -0.5592857376185859 0
5063 -0.4169520741418393 -0.5683759820578308 0
5064 0.5592857376185856 -0.4458935464934757 0
5065 0.5683759820578305 -0.4169520741418395 0
5066 0.4458935464934757 0.5592857376185856 0
5067 0.4169520741418395 0.5683759820578305 0
5068 -0.5592857376185856 0.4458935464934757 0
5069 -0.5683759820578304 0.4169520741418395 0
5070 0.1768181316053158 -0.1196769077784258 0
5071 0.1196769077784258 0.1768181316053158 0
5072 -0.1768181316053158 0.1196769077784258 0
5073 -0.1196769077784258 -0.1768181316053158 0
5074 0.3072776638730172 -0.7686001694120828 0
5075 0.7686001694120826 0.3072776638730172 0
5076 -0.3072776638730172 0.7686001694120828 0
5077 -0.7686001694120826 -0.3072776638730174 0
5078 0.1756440055970948 -0.5231564578737673 0
5079 0.5231564578737673 0.1756440055970948 0
5080 -0.1756440055970948 0.5231564578737673 0
5081 -0.5231564578737673 -0.1756440055970948 0
5082 0.2656249999979785 -0.9819757096398389 0
5083 0.9819757096398389 0.2656249999979785 0
5084 -0.2656249999979785 0.9819757096398389 0
5085 -0.9819757096398387 -0.2656249999979785 0
5086 0.980253745208137 -0.2668189519517264 0
5087 0.2668189519517264 0.980253745208137 0
5088 -0.980253745208137 0.2668189519517264 0
5089 -0.2668189519517264 -0.980253745208137 0
5090 0.7068233897749199 -0.6422338740549582 0
5091 0.6422338740549581 0.7068233897749199 0
5092 -0.7068233897749199 0.6422338740549582 0
5093 -0.6422338740549582 -0.7068233897749199 0
5094 0.154066336980323 -0.5392062112538012 0
5095 0.5392062112538012 0.154066336980323 0
5096 -0.154066336980323 0.5392062112538012 0
5097 -0.5392062112538012 -0.1540663369803231 0
5098 0.9215220835154874 -0.4670797632745926 0
5099 0.9303857622570215 -0.4453353383904551 0
5100 0.4670797632745926 0.9215220835154874 0
5101 0.4453353383904551 0.9303857622570215 0
5102 -0.9215220835154874 0.4670797632745926 0
5103 -0.9303857622570215 0.4453353383904551 0
5104 -0.4670797632745923 -0.9215220835154875 0
5105 -0.445335338390455 -0.9303857622570217 0
5106 0.4154658689266982 -0.8164917059185912 0
5107 0.4159154493337744 -0.78849196518995 0
5108 0.8164917059185912 0.4154658689266982 0
5109 0.78849196518995 0.4159154493337744 0
5110 -0.4154658689266982 0.8164917059185912 0
5111 -0.4159154493337744 0.78849196518995 0
5112 -0.816491705918591 -0.4154658689266987 0
5113 -0.78849196518995 -0.4159154493337748 0
5114 0.1354170253724147 -0.5567045486157767 0
5115 0.131860176691625 -0.5840939638904553 0
5116 0.5567045486157767 0.1354170253724147 0
5117 0.5840939638904553 0.131860176691625 0
5118 -0.1354170253724147 0.5567045486157767 0
5119 -0.131860176691625 0.5840939638904553 0
5120 -0.5567045486157767 -0.1354170253724147 0
5121 -0.5840939638904554 -0.1318601766916251 0
5122 0.1476974058291701 -0.124899760545148 0
5123 0.124899760545148 0.1476974058291701 0
5124 -0.1476974058291701 0.124899760545148 0
5125 -0.124899760545148 -0.1476974058291701 0
5126 0.9815691609343726 -0.9815691609344372 0
5127 0.9503191609342865 -0.9815691609344372 0
5128 0.9815691609344372 0.9815691609343726 0
5129 0.9815691609344372 0.9503191609342865 0
5130 -0.9815691609343726 0.9815691609344372 0
5131 -0.9503191609342865 0.9815691609344372 0
5132 -0.9815691609344372 -0.9815691609343726 0
5133 -0.9815691609344372 -0.9503191609342867 0
5134 0.9815691609343726 -0.9503191609345089 0
5135 0.9503191609345089 0.9815691609343726 0
5136 -0.9815691609343726 0.9503191609345089 0
5137 -0.950319160934509 -0.9815691609343726 0
5138 0.2303319994351234 -0.3522850532684682 0
5139 0.3522850532684682 0.2303319994351234 0
5140 -0.2303319994351234 0.3522850532684682 0
5141 -0.3522850532684682 -0.2303319994351234 0
5142 -0.4895218005218375 -0.9161774622353223 0
5143 0.9161774622353224 -0.4895218005218379 0
5144 0.4895218005218378 0.9161774622353224 0
5145 -0.9161774622353224 0.4895218005218378 0
5146 0.2394159204750805 -0.6910696532227586 0
5147 0.6910696532227586 0.2394159204750805 0
5148 -0.2394159204750805 0.6910696532227586 0
5149 -0.6910696532227585 -0.2394159204750805 0
5150 -0.9819757096398387 -0.2968749999980645 0
5151 0.2968749999980645 -0.9819757096398389 0
5152 0.9819757096398389 0.2968749999980645 0
5153 -0.2968749999980645 0.9819757096398389 0
5154 0.1664406503585508 -0.3833334862582023 0
5155 0.1803823173441292 -0.3516165869660125 0
5156 0.3833334862582023 0.1664406503585507 0
5157 0.3516165869660125 0.1803823173441291 0
5158 -0.1664406503585507 0.3833334862582023 0
5159 -0.1803823173441291 0.3516165869660125 0
5160 -0.3833334862582023 -0.1664406503585507 0
5161 -0.3516165869660125 -0.1803823173441291 0
5162 0.02639236330517413 -0.01003238533735974 0
5163 0.05931761528465695 0.00470698737311275 0
5164 0.03292525197948282 0.01473937271047249 0
5165 0.01003238533735974 0.02639236330517413 0
5166 -0.004706987373112755 0.05931761528465695 0
5167 -0.0147393727104725 0.03292525197948282 0
5168 -0.02639236330517413 0.01003238533735974 0
5169 -0.05931761528465695 -0.004706987373112755 0
5170 -0.03292525197948282 -0.0147393727104725 0
5171 -0.01003238533735974 -0.02639236330517413 0
5172 0.004706987373112755 -0.05931761528465695 0
5173 0.0147393727104725 -0.03292525197948282 0
5174 0.9194244486632348 -0.233439676726785 0
5175 0.233439676726785 0.9194244486632348 0
5176 -0.9194244486632348 0.233439676726785 0
5177 -0.2334396767267848 -0.9194244486632348 0
5178 -0.2586651819695088 -0.928751119617331 0
5179 0.928751119617331 -0.2586651819695088 0
5180 0.2586651819695088 0.928751119617331 0
5181 -0.928751119617331 0.2586651819695088 0
5182 0.1808086278883785 0.07926027176731154 0
5183 -0.07926027176731154 0.1808086278883785 0
5184 0.07926027176731154 -0.1808086278883785 0
5185 -0.1808086278883785 -0.07926027176731154 0
5186 0.09806969685580658 -0.200346648331002 0
5187 0.200346648331002 0.09806969685580658 0
5188 -0.09806969685580658 0.200346648331002 0
5189 -0.200346648331002 -0.09806969685580658 0
5190 -0.7845849690811916 -0.6291516759945555 0
5191 0.629151675994557 -0.7845849690811926 0
5192 0.7845849690811926 0.629151675994557 0
5193 -0.629151675994557 0.7845849690811926 0
5194 0.9218749999997849 -0.9841028091520116 0
5195 0.8906249999996989 -0.9841028091520116 0
5196 0.9841028091520116 0.9218749999997849 0
5197 0.9841028091520116 0.8906249999996989 0
5198 -0.9218749999997849 0.9841028091520116 0
5199 -0.8906249999996989 0.9841028091520116 0
5200 -0.9841028091520119 -0.9218749999997849 0
5201 -0.9841028091520119 -0.8906249999996989 0
5202 0.9841028091520777 -0.8906250000002018 0
5203 0.9841028091520777 -0.9218750000001628 0
5204 0.8906250000002018 0.9841028091520777 0
5205 0.9218750000001628 0.9841028091520777 0
5206 -0.9841028091520777 0.8906250000002018 0
5207 -0.9841028091520777 0.9218750000001628 0
5208 -0.8906250000002017 -0.9841028091520779 0
5209 -0.9218750000001628 -0.9841028091520779 0
5210 -0.844118000076149 -0.4037173742110707 0
5211 0.4037173742110704 -0.8441180000761492 0
5212 0.8441180000761491 0.4037173742110704 0
5213 -0.4037173742110704 0.8441180000761491 0
5214 -0.03737667742284902 -0.4255399754865853 0
5215 0.4255399754865853 -0.03737667742284902 0
5216 0.03737667742284903 0.4255399754865853 0
5217 -0.4255399754865853 0.03737667742284903 0
5218 -0.05650967721642751 -0.650265239132364 0
5219 0.650265239132364 -0.05650967721642751 0
5220 0.05650967721642751 0.650265239132364 0
5221 -0.650265239132364 0.05650967721642752 0
5222 -0.380471336117837 -0.5363398299464759 0
5223 0.5363398299464758 -0.380471336117837 0
5224 0.380471336117837 0.5363398299464758 0
5225 -0.5363398299464757 0.380471336117837 0
5226 0.7281058878342039 -0.3177075812445335 0
5227 0.3177075812445335 0.7281058878342039 0
5228 -0.7281058878342039 0.3177075812445335 0
5229 -0.3177075812445334 -0.7281058878342039 0
5230 0.3844303303680254 -0.3827363813675411 0
5231 0.3827363813675411 0.3844303303680254 0
5232 -0.3844303303680254 0.3827363813675411 0
5233 -0.3827363813675411 -0.3844303303680255 0
5234 -0.6167114628939694 -0.7189078875344683 0
5235 0.7189078875344683 -0.6167114628939694 0
5236 0.6167114628939694 0.7189078875344683 0
5237 -0.7189078875344682 0.6167114628939695 0
5238 0.2625386734366508 -0.7066637014219279 0
5239 0.7066637014219279 0.2625386734366508 0
5240 -0.2625386734366508 0.7066637014219279 0
5241 -0.7066637014219278 -0.2625386734366508 0
5242 -0.340641866876208 -0.7358927724486906 0
5243 0.7358927724486906 -0.3406418668762082 0
5244 0.3406418668762082 0.7358927724486906 0
5245 -0.7358927724486906 0.3406418668762082 0
5246 0.1187598872785867 -0.2114632361432249 0
5247 0.2114632361432249 0.1187598872785867 0
5248 -0.1187598872785867 0.2114632361432249 0
5249 -0.2114632361432249 -0.1187598872785867 0
5250 0.2062308804717365 -0.3543796017989044 0
5251 0.3543796017989044 0.2062308804717364 0
5252 -0.2062308804717364 0.3543796017989044 0
5253 -0.3543796017989044 -0.2062308804717364 0
5254 0.9269117917684467 -0.3925090519796391 0
5255 0.3925090519796391 0.9269117917684467 0
5256 -0.9269117917684467 0.3925090519796391 0
5257 -0.3925090519796394 -0.926911791768447 0
5258 0.9285064700195604 -0.4225351472454313 0
5259 0.9041941000663175 -0.4097660121768924 0
5260 0.4225351472454313 0.9285064700195604 0
5261 0.4097660121768924 0.9041941000663175 0
5262 -0.9285064700195604 0.4225351472454313 0
5263 -0.9041941000663175 0.4097660121768924 0
5264 -0.4225351472454314 -0.9285064700195607 0
5265 -0.4097660121768923 -0.9041941000663177 0
5266 -0.6315607257158248 -0.7886867615213295 0
5267 0.7886867615213288 -0.6315607257158251 0
5268 0.6315607257158251 0.7886867615213288 0
5269 -0.7886867615213288 0.6315607257158251 0
5270 0.882909399863312 -0.3964642627756277 0
5271 0.3964642627756277 0.882909399863312 0
5272 -0.882909399863312 0.3964642627756277 0
5273 -0.3964642627756278 -0.8829093998633123 0
5274 0.07449568592582048 -0.01844875196265165 0
5275 0.09645689603536518 -0.03950935216500741 0
5276 0.01844875196265165 0.07449568592582048 0
5277 0.03950935216500741 0.09645689603536518 0
5278 -0.07449568592582048 0.01844875196265165 0
5279 -0.09645689603536518 0.03950935216500741 0
5280 -0.01844875196265165 -0.07449568592582048 0
5281 -0.03950935216500741 -0.09645689603536518 0
5282 0.9536576764105804 -0.2598306403117045 0
5283 0.2598306403117045 0.9536576764105804 0
5284 -0.9536576764105804 0.2598306403117045 0
5285 -0.2598306403117045 -0.9536576764105804 0
5286 0.9531034539591507 -0.4280783781932018 0
5287 0.4280783781932018 0.9531034539591507 0
5288 -0.9531034539591507 0.4280783781932018 0
5289 -0.428078378193202 -0.953103453959151 0
5290 -0.1527726077399666 -0.5920995575040636 0
5291 0.5920995575040637 -0.1527726077399666 0
5292 0.1527726077399666 0.5920995575040636 0
5293 -0.5920995575040637 0.1527726077399666 0
5294 0.2204018573610135 0.09454805391151998 0
5295 -0.09454805391151998 0.2204018573610135 0
5296 0.09454805391151998 -0.2204018573610135 0
5297 -0.2204018573610135 -0.09454805391151998 0
5298 -0.6307878352154221 -0.1430174502564809 0
5299 0.1430174502564808 -0.6307878352154221 0
5300 0.6307878352154221 0.1430174502564808 0
5301 -0.1430174502564808 0.6307878352154221 0
5302 -0.7741509935631073 -0.3926765708634013 0
5303 0.392676570863401 -0.7741509935631073 0
5304 0.7741509935631072 0.392676570863401 0
5305 -0.392676570863401 0.7741509935631073 0
5306 0.1872021546384013 -0.4004321889327612 0
5307 0.4004321889327612 0.1872021546384012 0
5308 -0.1872021546384012 0.4004321889327612 0
5309 -0.4004321889327612 -0.1872021546384012 0
5310 0.5338711750138827 -0.1942906744971706 0
5311 0.1942906744971706 0.5338711750138827 0
5312 -0.5338711750138828 0.1942906744971706 0
5313 -0.1942906744971706 -0.5338711750138827 0
5314 0.3351656910796036 -0.7719891545375803 0
5315 0.3675461011332308 -0.7724976194993354 0
5316 0.7719891545375803 0.3351656910796036 0
5317 0.7724976194993354 0.3675461011332308 0
5318 -0.3351656910796036 0.7719891545375803 0
5319 -0.3675461011332308 0.7724976194993354 0
5320 -0.7719891545375803 -0.3351656910796037 0
5321 -0.7724976194993354 -0.3675461011332309 0
5322 -0.7456608204521757 -0.7460244246586656 0
5323 0.7460244246586658 -0.7456608204521757 0
5324 0.7456608204521757 0.7460244246586658 0
5325 -0.7460244246586658 0.7456608204521757 0
5326 -0.9656719700864491 -0.9346941609342436 0
5327 -0.9433426234476789 -0.9438450662309581 0
5328 0.9346941609342436 -0.9656719700864489 0
5329 0.9438450662309579 -0.9433426234476788 0
5330 0.9656719700864489 0.9346941609342436 0
5331 0.9433426234476788 0.9438450662309579 0
5332 -0.9346941609342436 0.9656719700864489 0
5333 -0.9438450662309579 0.9433426234476788 0
5334 -0.9346941609345284 -0.9656719700864507 0
5335 0.9656719700864502 -0.9346941609345284 0
5336 0.9346941609345284 0.9656719700864502 0
5337 -0.9656719700864502 0.9346941609345284 0
5338 0.1072777673443956 0.08867522535779679 0
5339 -0.08867522535779679 0.1072777673443956 0
5340 -0.1072777673443956 -0.08867522535779684 0
5341 0.08867522535779679 -0.1072777673443956 0
5342 0.2119137339733604 -0.3981638110404978 0
5343 0.3981638110404978 0.2119137339733604 0
5344 -0.2119137339733604 0.3981638110404979 0
5345 -0.3981638110404978 -0.2119137339733603 0
5346 0.2187854879182698 -0.3748778250309216 0
5347 0.3748778250309216 0.2187854879182697 0
5348 -0.2187854879182697 0.3748778250309216 0
5349 -0.3748778250309216 -0.2187854879182697 0
5350 0.3208844623391539 -0.7940522052558022 0
5351 0.7940522052558021 0.3208844623391539 0
5352 -0.3208844623391539 0.7940522052558022 0
5353 -0.7940522052558021 -0.3208844623391539 0
5354 -0.6068108013218849 -0.1317823935951254 0
5355 0.1317823935951253 -0.6068108013218849 0
5356 0.6068108013218849 0.1317823935951253 0
5357 -0.1317823935951253 0.6068108013218848 0
5358 -0.9591449704177177 -0.3038939932745878 0
5359 0.3038939932745878 -0.9591449704177178 0
5360 0.9591449704177178 0.3038939932745878 0
5361 -0.3038939932745878 0.9591449704177178 0
$EndNodes
$Elements
10724
1 15 2 0 2 1
2 15 2 0 3 2
3 15 2 0 4 3
4 15 2 0 5 4
5 1 2 0 1 1 67
6 1 2 0 1 67 36
7 1 2 0 1 36 5
8 1 2 0 1 5 37
9 1 2 0 1 37 6
10 1 2 0 1 6 38
11 1 2 0 1 38 7
12 1 2 0 1 7 39
13 1 2 0 1 39 8
14 1 2 0 1 8 40
15 1 2 0 1 40 9
16 1 2 0 1 9 41
17 1 2 0 1 41 10
18 1 2 0 1 10 42
19 1 2 0 1 42 11
20 1 2 0 1 11 43
21 1 2 0 1 43 12
22 1 2 0 1 12 44
23 1 2 0 1 44 13
24 1 2 0 1 13 45
25 1 2 0 1 45 14
26 1 2 0 1 14 46
27 1 2 0 1 46 15
28 1 2 0 1 15 47
29 1 2 0 1 47 16
30 1 2 0 1 16 48
31 1 2 0 1 48 17
32 1 2 0 1 17 49
33 1 2 0 1 49 18
34 1 2 0 1 18 50
35 1 2 0 1 50 19
36 1 2 0 1 19 51
37 1 2 0 1 51 20
38 1 2 0 1 20 52
39 1 2 0 1 52 21
40 1 2 0 1 21 53
41 1 2 0 1 53 22
42 1 2 0 1 22 54
43 1 2 0 1 54 23
44 1 2 0 1 23 55
45 1 2 0 1 55 24
46 1 2 0 1 24 56
47 1 2 0 1 56 25
48 1 2 0 1 25 57
49 1 2 0 1 57 26
50 1 2 0 1 26 58
51 1 2 0 1 58 27
52 1 2 0 1 27 59
53 1 2 0 1 59 28
54 1 2 0 1 28 60
55 1 2 0 1 60 29
56 1 2 0 1 29 61
57 1 2 0 1 61 30
58 1 2 0 1 30 62
59 1 2 0 1 62 31
60 1 2 0 1 31 63
61 1 2 0 1 63 32
62 1 2 0 1 32 64
63 1 2 0 1 64 33
64 1 2 0 1 33 65
65 1 2 0 1 65 34
66 1 2 0 1 34 66
67 1 2 0 1 66 35
68 1 2 0 1 35 2
69 1 2 0 2 2 130
70 1 2 0 2 130 99
71 1 2 0 2 99 68
72 1 2 0 2 68 100
73 1 2 0 2 100 69
74 1 2 0 2 69 101
75 1 2 0 2 101 70
76 1 2 0 2 70 102
77 1 2 0 2 102 71
78 1 2 0 2 71 103
79 1 2 0 2 103 72
80 1 2 0 2 72 104
81 1 2 0 2 104 73
82 1 2 0 2 73 105
83 1 2 0 2 105 74
84 1 2 0 2 74 106
85 1 2 0 2 106 75
86 1 2 0 2 75 107
87 1 2 0 2 107 76
88 1 2 0 2 76 108
89 1 2 0 2 108 77
90 1 2 0 2 77 109
91 1 2 0 2 109 78
92 1 2 0 2 78 110
93 1 2 0 2 110 79
94 1 2 0 2 79 111
95 1 2 0 2 111 80
96 1 2 0 2 80 112
97 1 2 0 2 112 81
98 1 2 0 2 81 113
99 1 2 0 2 113 82
100 1 2 0 2 82 114
101 1 2 0 2 114 83
102 1 2 0 2 83 115
103 1 2 0 2 115 84
104 1 2 0 2 84 116
105 1 2 0 2 116 85
106 1 2 0 2 85 117
107 1 2 0 2 117 86
108 1 2 0 2 86 118
109 1 2 0 2 118 87
110 1 2 0 2 87 119
111 1 2 0 2 119 88
112 1 2 0 2 88 120
113 1 2 0 2 120 89
114 1 2 0 2 89 121
115 1 2 0 2 121 90
116 1 2 0 2 90 122
117 1 2 0 2 122 91
118 1 2 0 2 91 123
119 1 2 0 2 123 92
120 1 2 0 2 92 124
121 1 2 0 2 124 93
122 1 2 0 2 93 125
123 1 2 0 2 125 94
124 1 2 0 2 94 126
125 1 2 0 2 126 95
126 1 2 0 2 95 127
127 1 2 0 2 127 96
128 1 2 0 2 96 128
129 1 2 0 2 128 97
130 1 2 0 2 97 129
131 1 2 0 2 129 98
132 1 2 0 2 98 3
133 1 2 0 3 3 193
134 1 2 0 3 193 162
135 1 2 0 3 162 131
136 1 2 0 3 131 163
137 1 2 0 3 163 132
138 1 2 0 3 132 164
139 1 2 0 3 164 133
140 1 2 0 3 133 165
141 1 2 0 3 165 134
142 1 2 0 3 134 166
143 1 2 0 3 166 135
144 1 2 0 3 135 167
145 1 2 0 3 167 136
146 1 2 0 3 136 168
147 1 2 0 3 168 137
148 1 2 0 3 137 169
149 1 2 0 3 169 138
150 1 2 0 3 138 170
151 1 2 0 3 170 139
152 1 2 0 3 139 171
153 1 2 0 3 171 140
154 1 2 0 3 140 172
155 1 2 0 3 172 141
156 1 2 0 3 141 173
157 1 2 0 3 173 142
158 1 2 0 3 142 174
159 1 2 0 3 174 143
160 1 2 0 3 143 175
161 1 2 0 3 175 144
162 1 2 0 3 144 176
163 1 2 0 3 176 145
164 1 2 0 3 145 177
165 1 2 0 3 177 146
166 1 2 0 3 146 178
167 1 2 0 3 178 147
168 1 2 0 3 147 179
169 1 2 0 3 179 148
170 1 2 0 3 148 180
171 1 2 0 3 180 149
172 1 2 0 3 149 181
173 1 2 0 3 181 150
174 1 2 0 3 150 182
175 1 2 0 3 182 151
176 1 2 0 3 151 183
177 1 2 0 3 183 152
178 1 2 0 3 152 184
179 1 2 0 3 184 153
180 1 2 0 3 153 185
181 1 2 0 3 185 154
182 1 2 0 3 154 186
183 1 2 0 3 186 155
184 1 2 0 3 155 187
185 1 2 0 3 187 156
186 1 2 0 3 156 188
187 1 2 0 3 188 157
188 1 2 0 3 157 189
189 1 2 0 3 189 158
190 1 2 0 3 158 190
191 1 2 0 3 190 159
192 1 2 0 3 159 191
193 1 2 0 3 191 160
194 1 2 0 3 160 192
195 1 2 0 3 192 161
196 1 2 0 3 161 4
197 1 2 0 4 4 256
198 1 2 0 4 256 225
199 1 2 0 4 225 194
200 1 2 0 4 194 226
201 1 2 0 4 226 195
202 1 2 0 4 195 227
203 1 2 0 4 227 196
204 1 2 0 4 196 228
205 1 2 0 4 228 197
206 1 2 0 4 197 229
207 1 2 0 4 229 198
208 1 2 0 4 198 230
209 1 2 0 4 230 199
210 1 2 0 4 199 231
211 1 2 0 4 231 200
212 1 2 0 4 200 232
213 1 2 0 4 232 201
214 1 2 0 4 201 233
215 1 2 0 4 233 202
216 1 2 0 4 202 234
217 1 2 0 4 234 203
218 1 2 0 4 203 235
219 1 2 0 4 235 204
220 1 2 0 4 204 236
221 1 2 0 4 236 205
222 1 2 0 4 205 237
223 1 2 0 4 237 206
224 1 2 0 4 206 238
225 1 2 0 4 238 207
226 1 2 0 4 207 239
227 1 2 0 4 239 208
228 1 2 0 4 208 240
229 1 2 0 4 240 209
230 1 2 0 4 209 241
231 1 2 0 4 241 210
232 1 2 0 4 210 242
233 1 2 0 4 242 211
234 1 2 0 4 211 243
235 1 2 0 4 243 212
236 1 2 0 4 212 244
237 1 2 0 4 244 213
238 1 2 0 4 213 245
239 1 2 0 4 245 214
240 1 2 0 4 214 246
241 1 2 0 4 246 215
242 1 2 0 4 215 247
243 1 2 0 4 247 216
244 1 2 0 4 216 248
245 1 2 0 4 248 217
246 1 2 0 4 217 249
247 1 2 0 4 249 218
248 1 2 0 4 218 250
249 1 2 0 4 250 219
250 1 2 0 4 219 251
251 1 2 0 4 251 220
252 1 2 0 4 220 252
253 1 2 0 4 252 221
254 1 2 0 4 221 253
255 1 2 0 4 253 222
256 1 2 0 4 222 254
257 1 2 0 4 254 223
258 1 2 0 4 223 255
259 1 2 0 4 255 224
260 1 2 0 4 224 1
261 2 2 0 6 1498 1502 1504
262 2 2 0 6 1502 1503 1504
263 2 2 0 6 1502 370 1503
264 2 2 0 6 1504 1503 690
265 2 2 0 6 1499 1505 1507
266 2 2 0 6 1505 1506 1507
267 2 2 0 6 1505 371 1506
268 2 2 0 6 1507 1506 691
269 2 2 0 6 1500 1508 1510
270 2 2 0 6 1508 1509 1510
271 2 2 0 6 1508 372 1509
272 2 2 0 6 1510 1509 692
273 2 2 0 6 1501 1511 1513
274 2 2 0 6 1511 1512 1513
275 2 2 0 6 1511 373 1512
276 2 2 0 6 1513 1512 693
277 2 2 0 6 686 1514 1515
278 2 2 0 6 1514 1504 1515
279 2 2 0 6 1514 1498 1504
280 2 2 0 6 1515 1504 690
281 2 2 0 6 687 1516 1517
282 2 2 0 6 1516 1507 1517
283 2 2 0 6 1516 1499 1507
284 2 2 0 6 1517 1507 691
285 2 2 0 6 688 1518 1519
286 2 2 0 6 1518 1510 1519
287 2 2 0 6 1518 1500 1510
288 2 2 0 6 1519 1510 692
289 2 2 0 6 689 1520 1521
290 2 2 0 6 1520 1513 1521
291 2 2 0 6 1520 1501 1513
292 2 2 0 6 1521 1513 693
293 2 2 0 6 566 1522 1524
294 2 2 0 6 1522 1523 1524
295 2 2 0 6 1522 862 1523
296 2 2 0 6 1524 1523 1182
297 2 2 0 6 567 1525 1527
298 2 2 0 6 1525 1526 1527
299 2 2 0 6 1525 863 1526
300 2 2 0 6 1527 1526 1183
301 2 2 0 6 568 1528 1530
302 2 2 0 6 1528 1529 1530
303 2 2 0 6 1528 864 1529
304 2 2 0 6 1530 1529 1184
305 2 2 0 6 569 1531 1533
306 2 2 0 6 1531 1532 1533
307 2 2 0 6 1531 865 1532
308 2 2 0 6 1533 1532 1185
309 2 2 0 6 1182 1523 1535
310 2 2 0 6 1523 1534 1535
311 2 2 0 6 1523 862 1534
312 2 2 0 6 1535 1534 262
313 2 2 0 6 1183 1526 1537
314 2 2 0 6 1526 1536 1537
315 2 2 0 6 1526 863 1536
316 2 2 0 6 1537 1536 263
317 2 2 0 6 1184 1529 1539
318 2 2 0 6 1529 1538 1539
319 2 2 0 6 1529 864 1538
320 2 2 0 6 1539 1538 264
321 2 2 0 6 1185 1532 1541
322 2 2 0 6 1532 1540 1541
323 2 2 0 6 1532 865 1540
324 2 2 0 6 1541 1540 265
325 2 2 0 6 1286 1542 1544
326 2 2 0 6 1542 1543 1544
327 2 2 0 6 1542 286 1543
328 2 2 0 6 1544 1543 938
329 2 2 0 6 1287 1545 1547
330 2 2 0 6 1545 1546 1547
331 2 2 0 6 1545 287 1546
332 2 2 0 6 1547 1546 939
333 2 2 0 6 1288 1548 1550
334 2 2 0 6 1548 1549 1550
335 2 2 0 6 1548 288 1549
336 2 2 0 6 1550 1549 940
337 2 2 0 6 1289 1551 1553
338 2 2 0 6 1551 1552 1553
339 2 2 0 6 1551 289 1552
340 2 2 0 6 1553 1552 941
341 2 2 0 6 638 1554 1555
342 2 2 0 6 1554 1544 1555
343 2 2 0 6 1554 1286 1544
344 2 2 0 6 1555 1544 938
345 2 2 0 6 639 1556 1557
346 2 2 0 6 1556 1547 1557
347 2 2 0 6 1556 1287 1547
348 2 2 0 6 1557 1547 939
349 2 2 0 6 640 1558 1559
350 2 2 0 6 1558 1550 1559
351 2 2 0 6 1558 1288 1550
352 2 2 0 6 1559 1550 940
353 2 2 0 6 641 1560 1561
354 2 2 0 6 1560 1553 1561
355 2 2 0 6 1560 1289 1553
356 2 2 0 6 1561 1553 941
357 2 2 0 6 281 1562 1564
358 2 2 0 6 1562 1563 1564
359 2 2 0 6 1562 590 1563
360 2 2 0 6 1564 1563 910
361 2 2 0 6 278 1565 1567
362 2 2 0 6 1565 1566 1567
363 2 2 0 6 1565 591 1566
364 2 2 0 6 1567 1566 911
365 2 2 0 6 279 1568 1570
366 2 2 0 6 1568 1569 1570
367 2 2 0 6 1568 592 1569
368 2 2 0 6 1570 1569 912
369 2 2 0 6 280 1571 1573
370 2 2 0 6 1571 1572 1573
371 2 2 0 6 1571 593 1572
372 2 2 0 6 1573 1572 913
373 2 2 0 6 330 1574 1576
374 2 2 0 6 1574 1575 1576
375 2 2 0 6 1574 554 1575
376 2 2 0 6 1576 1575 927
377 2 2 0 6 331 1577 1579
378 2 2 0 6 1577 1578 1579
379 2 2 0 6 1577 555 1578
380 2 2 0 6 1579 1578 928
381 2 2 0 6 332 1580 1582
382 2 2 0 6 1580 1581 1582
383 2 2 0 6 1580 556 1581
384 2 2 0 6 1582 1581 929
385 2 2 0 6 333 1583 1585
386 2 2 0 6 1583 1584 1585
387 2 2 0 6 1583 557 1584
388 2 2 0 6 1585 1584 926
389 2 2 0 6 694 1586 1588
390 2 2 0 6 1586 1587 1588
391 2 2 0 6 1586 1154 1587
392 2 2 0 6 1588 1587 1162
393 2 2 0 6 695 1589 1591
394 2 2 0 6 1589 1590 1591
395 2 2 0 6 1589 1155 1590
396 2 2 0 6 1591 1590 1163
397 2 2 0 6 696 1592 1594
398 2 2 0 6 1592 1593 1594
399 2 2 0 6 1592 1157 1593
400 2 2 0 6 1594 1593 1164
401 2 2 0 6 697 1595 1597
402 2 2 0 6 1595 1596 1597
403 2 2 0 6 1595 1156 1596
404 2 2 0 6 1597 1596 1165
405 2 2 0 6 362 1598 1599
406 2 2 0 6 1598 1595 1599
407 2 2 0 6 1598 1156 1595
408 2 2 0 6 1599 1595 697
409 2 2 0 6 363 1600 1601
410 2 2 0 6 1600 1586 1601
411 2 2 0 6 1600 1154 1586
412 2 2 0 6 1601 1586 694
413 2 2 0 6 364 1602 1603
414 2 2 0 6 1602 1589 1603
415 2 2 0 6 1602 1155 1589
416 2 2 0 6 1603 1589 695
417 2 2 0 6 365 1604 1605
418 2 2 0 6 1604 1592 1605
419 2 2 0 6 1604 1157 1592
420 2 2 0 6 1605 1592 696
421 2 2 0 6 294 1606 1608
422 2 2 0 6 1606 1607 1608
423 2 2 0 6 1606 783 1607
424 2 2 0 6 1608 1607 698
425 2 2 0 6 295 1609 1611
426 2 2 0 6 1609 1610 1611
427 2 2 0 6 1609 784 1610
428 2 2 0 6 1611 1610 699
429 2 2 0 6 296 1612 1614
430 2 2 0 6 1612 1613 1614
431 2 2 0 6 1612 785 1613
432 2 2 0 6 1614 1613 700
433 2 2 0 6 297 1615 1617
434 2 2 0 6 1615 1616 1617
435 2 2 0 6 1615 782 1616
436 2 2 0 6 1617 1616 701
437 2 2 0 6 655 1618 1620
438 2 2 0 6 1618 1619 1620
439 2 2 0 6 1618 874 1619
440 2 2 0 6 1620 1619 1442
441 2 2 0 6 656 1621 1623
442 2 2 0 6 1621 1622 1623
443 2 2 0 6 1621 875 1622
444 2 2 0 6 1623 1622 1443
445 2 2 0 6 657 1624 1626
446 2 2 0 6 1624 1625 1626
447 2 2 0 6 1624 876 1625
448 2 2 0 6 1626 1625 1444
449 2 2 0 6 654 1627 1629
450 2 2 0 6 1627 1628 1629
451 2 2 0 6 1627 877 1628
452 2 2 0 6 1629 1628 1445
453 2 2 0 6 282 1630 1632
454 2 2 0 6 1630 1631 1632
455 2 2 0 6 1630 834 1631
456 2 2 0 6 1632 1631 582
457 2 2 0 6 283 1633 1635
458 2 2 0 6 1633 1634 1635
459 2 2 0 6 1633 835 1634
460 2 2 0 6 1635 1634 583
461 2 2 0 6 284 1636 1638
462 2 2 0 6 1636 1637 1638
463 2 2 0 6 1636 837 1637
464 2 2 0 6 1638 1637 585
465 2 2 0 6 285 1639 1641
466 2 2 0 6 1639 1640 1641
467 2 2 0 6 1639 836 1640
468 2 2 0 6 1641 1640 584
469 2 2 0 6 481 1642 1644
470 2 2 0 6 1642 1643 1644
471 2 2 0 6 1642 838 1643
472 2 2 0 6 1644 1643 886
473 2 2 0 6 478 1645 1647
474 2 2 0 6 1645 1646 1647
475 2 2 0 6 1645 839 1646
476 2 2 0 6 1647 1646 887
477 2 2 0 6 479 1648 1650
478 2 2 0 6 1648 1649 1650
479 2 2 0 6 1648 840 1649
480 2 2 0 6 1650 1649 888
481 2 2 0 6 480 1651 1653
482 2 2 0 6 1651 1652 1653
483 2 2 0 6 1651 841 1652
484 2 2 0 6 1653 1652 889
485 2 2 0 6 338 1654 1656
486 2 2 0 6 1654 1655 1656
487 2 2 0 6 1654 621 1655
488 2 2 0 6 1656 1655 710
489 2 2 0 6 339 1657 1659
490 2 2 0 6 1657 1658 1659
491 2 2 0 6 1657 618 1658
492 2 2 0 6 1659 1658 711
493 2 2 0 6 340 1660 1662
494 2 2 0 6 1660 1661 1662
495 2 2 0 6 1660 619 1661
496 2 2 0 6 1662 1661 712
497 2 2 0 6 341 1663 1665
498 2 2 0 6 1663 1664 1665
499 2 2 0 6 1663 620 1664
500 2 2 0 6 1665 1664 713
501 2 2 0 6 450 1666 1667
502 2 2 0 6 1666 1555 1667
503 2 2 0 6 1666 638 1555
504 2 2 0 6 1667 1555 938
505 2 2 0 6 451 1668 1669
506 2 2 0 6 1668 1557 1669
507 2 2 0 6 1668 639 1557
508 2 2 0 6 1669 1557 939
509 2 2 0 6 452 1670 1671
510 2 2 0 6 1670 1559 1671
511 2 2 0 6 1670 640 1559
512 2 2 0 6 1671 1559 940
513 2 2 0 6 453 1672 1673
514 2 2 0 6 1672 1561 1673
515 2 2 0 6 1672 641 1561
516 2 2 0 6 1673 1561 941
517 2 2 0 6 1442 1619 1675
518 2 2 0 6 1619 1674 1675
519 2 2 0 6 1619 874 1674
520 2 2 0 6 1675 1674 306
521 2 2 0 6 1443 1622 1677
522 2 2 0 6 1622 1676 1677
523 2 2 0 6 1622 875 1676
524 2 2 0 6 1677 1676 307
525 2 2 0 6 1444 1625 1679
526 2 2 0 6 1625 1678 1679
527 2 2 0 6 1625 876 1678
528 2 2 0 6 1679 1678 308
529 2 2 0 6 1445 1628 1681
530 2 2 0 6 1628 1680 1681
531 2 2 0 6 1628 877 1680
532 2 2 0 6 1681 1680 309
533 2 2 0 6 446 1682 1684
534 2 2 0 6 1682 1683 1684
535 2 2 0 6 1682 561 1683
536 2 2 0 6 1684 1683 925
537 2 2 0 6 447 1685 1687
538 2 2 0 6 1685 1686 1687
539 2 2 0 6 1685 558 1686
540 2 2 0 6 1687 1686 922
541 2 2 0 6 448 1688 1690
542 2 2 0 6 1688 1689 1690
543 2 2 0 6 1688 559 1689
544 2 2 0 6 1690 1689 923
545 2 2 0 6 449 1691 1693
546 2 2 0 6 1691 1692 1693
547 2 2 0 6 1691 560 1692
548 2 2 0 6 1693 1692 924
549 2 2 0 6 590 1694 1563
550 2 2 0 6 1694 1695 1563
551 2 2 0 6 1694 1226 1695
552 2 2 0 6 1563 1695 910
553 2 2 0 6 591 1696 1566
554 2 2 0 6 1696 1697 1566
555 2 2 0 6 1696 1227 1697
556 2 2 0 6 1566 1697 911
557 2 2 0 6 592 1698 1569
558 2 2 0 6 1698 1699 1569
559 2 2 0 6 1698 1228 1699
560 2 2 0 6 1569 1699 912
561 2 2 0 6 593 1700 1572
562 2 2 0 6 1700 1701 1572
563 2 2 0 6 1700 1229 1701
564 2 2 0 6 1572 1701 913
565 2 2 0 6 550 1702 1704
566 2 2 0 6 1702 1703 1704
567 2 2 0 6 1702 458 1703
568 2 2 0 6 1704 1703 1014
569 2 2 0 6 551 1705 1707
570 2 2 0 6 1705 1706 1707
571 2 2 0 6 1705 459 1706
572 2 2 0 6 1707 1706 1015
573 2 2 0 6 552 1708 1710
574 2 2 0 6 1708 1709 1710
575 2 2 0 6 1708 460 1709
576 2 2 0 6 1710 1709 1016
577 2 2 0 6 553 1711 1713
578 2 2 0 6 1711 1712 1713
579 2 2 0 6 1711 461 1712
580 2 2 0 6 1713 1712 1017
581 2 2 0 6 326 1714 1716
582 2 2 0 6 1714 1715 1716
583 2 2 0 6 1714 614 1715
584 2 2 0 6 1716 1715 790
585 2 2 0 6 327 1717 1719
586 2 2 0 6 1717 1718 1719
587 2 2 0 6 1717 615 1718
588 2 2 0 6 1719 1718 791
589 2 2 0 6 328 1720 1722
590 2 2 0 6 1720 1721 1722
591 2 2 0 6 1720 616 1721
592 2 2 0 6 1722 1721 792
593 2 2 0 6 329 1723 1725
594 2 2 0 6 1723 1724 1725
595 2 2 0 6 1723 617 1724
596 2 2 0 6 1725 1724 793
597 2 2 0 6 474 1726 1727
598 2 2 0 6 1726 1715 1727
599 2 2 0 6 1726 790 1715
600 2 2 0 6 1727 1715 614
601 2 2 0 6 475 1728 1729
602 2 2 0 6 1728 1718 1729
603 2 2 0 6 1728 791 1718
604 2 2 0 6 1729 1718 615
605 2 2 0 6 476 1730 1731
606 2 2 0 6 1730 1721 1731
607 2 2 0 6 1730 792 1721
608 2 2 0 6 1731 1721 616
609 2 2 0 6 477 1732 1733
610 2 2 0 6 1732 1724 1733
611 2 2 0 6 1732 793 1724
612 2 2 0 6 1733 1724 617
613 2 2 0 6 38 1734 1736
614 2 2 0 6 1734 1735 1736
615 2 2 0 6 1734 625 1735
616 2 2 0 6 1736 1735 949
617 2 2 0 6 101 1737 1739
618 2 2 0 6 1737 1738 1739
619 2 2 0 6 1737 622 1738
620 2 2 0 6 1739 1738 946
621 2 2 0 6 164 1740 1742
622 2 2 0 6 1740 1741 1742
623 2 2 0 6 1740 623 1741
624 2 2 0 6 1742 1741 947
625 2 2 0 6 227 1743 1745
626 2 2 0 6 1743 1744 1745
627 2 2 0 6 1743 624 1744
628 2 2 0 6 1745 1744 948
629 2 2 0 6 253 1746 1748
630 2 2 0 6 1746 1747 1748
631 2 2 0 6 1746 953 1747
632 2 2 0 6 1748 1747 629
633 2 2 0 6 64 1749 1751
634 2 2 0 6 1749 1750 1751
635 2 2 0 6 1749 950 1750
636 2 2 0 6 1751 1750 626
637 2 2 0 6 127 1752 1754
638 2 2 0 6 1752 1753 1754
639 2 2 0 6 1752 951 1753
640 2 2 0 6 1754 1753 627
641 2 2 0 6 190 1755 1757
642 2 2 0 6 1755 1756 1757
643 2 2 0 6 1755 952 1756
644 2 2 0 6 1757 1756 628
645 2 2 0 6 354 1758 1760
646 2 2 0 6 1758 1759 1760
647 2 2 0 6 1758 1046 1759
648 2 2 0 6 1760 1759 677
649 2 2 0 6 355 1761 1763
650 2 2 0 6 1761 1762 1763
651 2 2 0 6 1761 1047 1762
652 2 2 0 6 1763 1762 674
653 2 2 0 6 356 1764 1766
654 2 2 0 6 1764 1765 1766
655 2 2 0 6 1764 1048 1765
656 2 2 0 6 1766 1765 675
657 2 2 0 6 357 1767 1769
658 2 2 0 6 1767 1768 1769
659 2 2 0 6 1767 1049 1768
660 2 2 0 6 1769 1768 676
661 2 2 0 6 422 1770 1772
662 2 2 0 6 1770 1771 1772
663 2 2 0 6 1770 610 1771
664 2 2 0 6 1772 1771 1202
665 2 2 0 6 423 1773 1775
666 2 2 0 6 1773 1774 1775
667 2 2 0 6 1773 611 1774
668 2 2 0 6 1775 1774 1203
669 2 2 0 6 424 1776 1778
670 2 2 0 6 1776 1777 1778
671 2 2 0 6 1776 612 1777
672 2 2 0 6 1778 1777 1204
673 2 2 0 6 425 1779 1781
674 2 2 0 6 1779 1780 1781
675 2 2 0 6 1779 613 1780
676 2 2 0 6 1781 1780 1205
677 2 2 0 6 330 1782 1574
678 2 2 0 6 1782 1783 1574
679 2 2 0 6 1782 1106 1783
680 2 2 0 6 1574 1783 554
681 2 2 0 6 331 1784 1577
682 2 2 0 6 1784 1785 1577
683 2 2 0 6 1784 1107 1785
684 2 2 0 6 1577 1785 555
685 2 2 0 6 332 1786 1580
686 2 2 0 6 1786 1787 1580
687 2 2 0 6 1786 1108 1787
688 2 2 0 6 1580 1787 556
689 2 2 0 6 333 1788 1583
690 2 2 0 6 1788 1789 1583
691 2 2 0 6 1788 1109 1789
692 2 2 0 6 1583 1789 557
693 2 2 0 6 386 1790 1791
694 2 2 0 6 1790 1515 1791
695 2 2 0 6 1790 686 1515
696 2 2 0 6 1791 1515 690
697 2 2 0 6 387 1792 1793
698 2 2 0 6 1792 1517 1793
699 2 2 0 6 1792 687 1517
700 2 2 0 6 1793 1517 691
701 2 2 0 6 388 1794 1795
702 2 2 0 6 1794 1519 1795
703 2 2 0 6 1794 688 1519
704 2 2 0 6 1795 1519 692
705 2 2 0 6 389 1796 1797
706 2 2 0 6 1796 1521 1797
707 2 2 0 6 1796 689 1521
708 2 2 0 6 1797 1521 693
709 2 2 0 6 326 1798 1714
710 2 2 0 6 1798 1799 1714
711 2 2 0 6 1798 846 1799
712 2 2 0 6 1714 1799 614
713 2 2 0 6 327 1800 1717
714 2 2 0 6 1800 1801 1717
715 2 2 0 6 1800 847 1801
716 2 2 0 6 1717 1801 615
717 2 2 0 6 328 1802 1720
718 2 2 0 6 1802 1803 1720
719 2 2 0 6 1802 848 1803
720 2 2 0 6 1720 1803 616
721 2 2 0 6 329 1804 1723
722 2 2 0 6 1804 1805 1723
723 2 2 0 6 1804 849 1805
724 2 2 0 6 1723 1805 617
725 2 2 0 6 398 1806 1807
726 2 2 0 6 1806 1799 1807
727 2 2 0 6 1806 614 1799
728 2 2 0 6 1807 1799 846
729 2 2 0 6 399 1808 1809
730 2 2 0 6 1808 1801 1809
731 2 2 0 6 1808 615 1801
732 2 2 0 6 1809 1801 847
733 2 2 0 6 400 1810 1811
734 2 2 0 6 1810 1803 1811
735 2 2 0 6 1810 616 1803
736 2 2 0 6 1811 1803 848
737 2 2 0 6 401 1812 1813
738 2 2 0 6 1812 1805 1813
739 2 2 0 6 1812 617 1805
740 2 2 0 6 1813 1805 849
741 2 2 0 6 402 1814 1816
742 2 2 0 6 1814 1815 1816
743 2 2 0 6 1814 866 1815
744 2 2 0 6 1816 1815 1134
745 2 2 0 6 403 1817 1819
746 2 2 0 6 1817 1818 1819
747 2 2 0 6 1817 867 1818
748 2 2 0 6 1819 1818 1135
749 2 2 0 6 404 1820 1822
750 2 2 0 6 1820 1821 1822
751 2 2 0 6 1820 868 1821
752 2 2 0 6 1822 1821 1136
753 2 2 0 6 405 1823 1825
754 2 2 0 6 1823 1824 1825
755 2 2 0 6 1823 869 1824
756 2 2 0 6 1825 1824 1137
757 2 2 0 6 258 1826 1828
758 2 2 0 6 1826 1827 1828
759 2 2 0 6 1826 718 1827
760 2 2 0 6 1828 1827 646
761 2 2 0 6 259 1829 1831
762 2 2 0 6 1829 1830 1831
763 2 2 0 6 1829 719 1830
764 2 2 0 6 1831 1830 647
765 2 2 0 6 260 1832 1834
766 2 2 0 6 1832 1833 1834
767 2 2 0 6 1832 720 1833
768 2 2 0 6 1834 1833 648
769 2 2 0 6 261 1835 1837
770 2 2 0 6 1835 1836 1837
771 2 2 0 6 1835 721 1836
772 2 2 0 6 1837 1836 649
773 2 2 0 6 421 1838 1840
774 2 2 0 6 1838 1839 1840
775 2 2 0 6 1838 781 1839
776 2 2 0 6 1840 1839 758
777 2 2 0 6 418 1841 1843
778 2 2 0 6 1841 1842 1843
779 2 2 0 6 1841 778 1842
780 2 2 0 6 1843 1842 759
781 2 2 0 6 419 1844 1846
782 2 2 0 6 1844 1845 1846
783 2 2 0 6 1844 779 1845
784 2 2 0 6 1846 1845 760
785 2 2 0 6 420 1847 1849
786 2 2 0 6 1847 1848 1849
787 2 2 0 6 1847 780 1848
788 2 2 0 6 1849 1848 761
789 2 2 0 6 469 1850 1851
790 2 2 0 6 1850 1839 1851
791 2 2 0 6 1850 758 1839
792 2 2 0 6 1851 1839 781
793 2 2 0 6 466 1852 1853
794 2 2 0 6 1852 1842 1853
795 2 2 0 6 1852 759 1842
796 2 2 0 6 1853 1842 778
797 2 2 0 6 467 1854 1855
798 2 2 0 6 1854 1845 1855
799 2 2 0 6 1854 760 1845
800 2 2 0 6 1855 1845 779
801 2 2 0 6 468 1856 1857
802 2 2 0 6 1856 1848 1857
803 2 2 0 6 1856 761 1848
804 2 2 0 6 1857 1848 780
805 2 2 0 6 270 1858 1860
806 2 2 0 6 1858 1859 1860
807 2 2 0 6 1858 662 1859
808 2 2 0 6 1860 1859 1374
809 2 2 0 6 271 1861 1863
810 2 2 0 6 1861 1862 1863
811 2 2 0 6 1861 663 1862
812 2 2 0 6 1863 1862 1375
813 2 2 0 6 272 1864 1866
814 2 2 0 6 1864 1865 1866
815 2 2 0 6 1864 664 1865
816 2 2 0 6 1866 1865 1376
817 2 2 0 6 273 1867 1869
818 2 2 0 6 1867 1868 1869
819 2 2 0 6 1867 665 1868
820 2 2 0 6 1869 1868 1377
821 2 2 0 6 606 1870 1871
822 2 2 0 6 1870 1859 1871
823 2 2 0 6 1870 1374 1859
824 2 2 0 6 1871 1859 662
825 2 2 0 6 607 1872 1873
826 2 2 0 6 1872 1862 1873
827 2 2 0 6 1872 1375 1862
828 2 2 0 6 1873 1862 663
829 2 2 0 6 608 1874 1875
830 2 2 0 6 1874 1865 1875
831 2 2 0 6 1874 1376 1865
832 2 2 0 6 1875 1865 664
833 2 2 0 6 609 1876 1877
834 2 2 0 6 1876 1868 1877
835 2 2 0 6 1876 1377 1868
836 2 2 0 6 1877 1868 665
837 2 2 0 6 1423 1878 1879
838 2 2 0 6 1878 1702 1879
839 2 2 0 6 1878 458 1702
840 2 2 0 6 1879 1702 550
841 2 2 0 6 1424 1880 1881
842 2 2 0 6 1880 1705 1881
843 2 2 0 6 1880 459 1705
844 2 2 0 6 1881 1705 551
845 2 2 0 6 1425 1882 1883
846 2 2 0 6 1882 1708 1883
847 2 2 0 6 1882 460 1708
848 2 2 0 6 1883 1708 552
849 2 2 0 6 1422 1884 1885
850 2 2 0 6 1884 1711 1885
851 2 2 0 6 1884 461 1711
852 2 2 0 6 1885 1711 553
853 2 2 0 6 483 1886 1888
854 2 2 0 6 1886 1887 1888
855 2 2 0 6 1886 595 1887
856 2 2 0 6 1888 1887 806
857 2 2 0 6 484 1889 1891
858 2 2 0 6 1889 1890 1891
859 2 2 0 6 1889 596 1890
860 2 2 0 6 1891 1890 807
861 2 2 0 6 485 1892 1894
862 2 2 0 6 1892 1893 1894
863 2 2 0 6 1892 597 1893
864 2 2 0 6 1894 1893 808
865 2 2 0 6 482 1895 1897
866 2 2 0 6 1895 1896 1897
867 2 2 0 6 1895 594 1896
868 2 2 0 6 1897 1896 809
869 2 2 0 6 866 1898 1815
870 2 2 0 6 1898 1899 1815
871 2 2 0 6 1898 1314 1899
872 2 2 0 6 1815 1899 1134
873 2 2 0 6 867 1900 1818
874 2 2 0 6 1900 1901 1818
875 2 2 0 6 1900 1315 1901
876 2 2 0 6 1818 1901 1135
877 2 2 0 6 868 1902 1821
878 2 2 0 6 1902 1903 1821
879 2 2 0 6 1902 1316 1903
880 2 2 0 6 1821 1903 1136
881 2 2 0 6 869 1904 1824
882 2 2 0 6 1904 1905 1824
883 2 2 0 6 1904 1317 1905
884 2 2 0 6 1824 1905 1137
885 2 2 0 6 286 1906 1908
886 2 2 0 6 1906 1907 1908
887 2 2 0 6 1906 870 1907
888 2 2 0 6 1908 1907 578
889 2 2 0 6 287 1909 1911
890 2 2 0 6 1909 1910 1911
891 2 2 0 6 1909 871 1910
892 2 2 0 6 1911 1910 579
893 2 2 0 6 288 1912 1914
894 2 2 0 6 1912 1913 1914
895 2 2 0 6 1912 872 1913
896 2 2 0 6 1914 1913 580
897 2 2 0 6 289 1915 1917
898 2 2 0 6 1915 1916 1917
899 2 2 0 6 1915 873 1916
900 2 2 0 6 1917 1916 581
901 2 2 0 6 430 1918 1919
902 2 2 0 6 1918 1695 1919
903 2 2 0 6 1918 910 1695
904 2 2 0 6 1919 1695 1226
905 2 2 0 6 431 1920 1921
906 2 2 0 6 1920 1697 1921
907 2 2 0 6 1920 911 1697
908 2 2 0 6 1921 1697 1227
909 2 2 0 6 432 1922 1923
910 2 2 0 6 1922 1699 1923
911 2 2 0 6 1922 912 1699
912 2 2 0 6 1923 1699 1228
913 2 2 0 6 433 1924 1925
914 2 2 0 6 1924 1701 1925
915 2 2 0 6 1924 913 1701
916 2 2 0 6 1925 1701 1229
917 2 2 0 6 621 1926 1928
918 2 2 0 6 1926 1927 1928
919 2 2 0 6 1926 1242 1927
920 2 2 0 6 1928 1927 1209
921 2 2 0 6 618 1929 1931
922 2 2 0 6 1929 1930 1931
923 2 2 0 6 1929 1243 1930
924 2 2 0 6 1931 1930 1206
925 2 2 0 6 619 1932 1934
926 2 2 0 6 1932 1933 1934
927 2 2 0 6 1932 1244 1933
928 2 2 0 6 1934 1933 1207
929 2 2 0 6 620 1935 1937
930 2 2 0 6 1935 1936 1937
931 2 2 0 6 1935 1245 1936
932 2 2 0 6 1937 1936 1208
933 2 2 0 6 447 1938 1685
934 2 2 0 6 1938 1939 1685
935 2 2 0 6 1938 1410 1939
936 2 2 0 6 1685 1939 558
937 2 2 0 6 448 1940 1688
938 2 2 0 6 1940 1941 1688
939 2 2 0 6 1940 1411 1941
940 2 2 0 6 1688 1941 559
941 2 2 0 6 449 1942 1691
942 2 2 0 6 1942 1943 1691
943 2 2 0 6 1942 1412 1943
944 2 2 0 6 1691 1943 560
945 2 2 0 6 446 1944 1682
946 2 2 0 6 1944 1945 1682
947 2 2 0 6 1944 1413 1945
948 2 2 0 6 1682 1945 561
949 2 2 0 6 298 1946 1948
950 2 2 0 6 1946 1947 1948
951 2 2 0 6 1946 598 1947
952 2 2 0 6 1948 1947 774
953 2 2 0 6 299 1949 1951
954 2 2 0 6 1949 1950 1951
955 2 2 0 6 1949 599 1950
956 2 2 0 6 1951 1950 775
957 2 2 0 6 300 1952 1954
958 2 2 0 6 1952 1953 1954
959 2 2 0 6 1952 600 1953
960 2 2 0 6 1954 1953 776
961 2 2 0 6 301 1955 1957
962 2 2 0 6 1955 1956 1957
963 2 2 0 6 1955 601 1956
964 2 2 0 6 1957 1956 777
965 2 2 0 6 354 1958 1960
966 2 2 0 6 1958 1959 1960
967 2 2 0 6 1958 1066 1959
968 2 2 0 6 1960 1959 578
969 2 2 0 6 355 1961 1963
970 2 2 0 6 1961 1962 1963
971 2 2 0 6 1961 1067 1962
972 2 2 0 6 1963 1962 579
973 2 2 0 6 356 1964 1966
974 2 2 0 6 1964 1965 1966
975 2 2 0 6 1964 1068 1965
976 2 2 0 6 1966 1965 580
977 2 2 0 6 357 1967 1969
978 2 2 0 6 1967 1968 1969
979 2 2 0 6 1967 1069 1968
980 2 2 0 6 1969 1968 581
981 2 2 0 6 722 1970 1972
982 2 2 0 6 1970 1971 1972
983 2 2 0 6 1970 1087 1971
984 2 2 0 6 1972 1971 1062
985 2 2 0 6 723 1973 1975
986 2 2 0 6 1973 1974 1975
987 2 2 0 6 1973 1088 1974
988 2 2 0 6 1975 1974 1063
989 2 2 0 6 724 1976 1978
990 2 2 0 6 1976 1977 1978
991 2 2 0 6 1976 1089 1977
992 2 2 0 6 1978 1977 1064
993 2 2 0 6 725 1979 1981
994 2 2 0 6 1979 1980 1981
995 2 2 0 6 1979 1086 1980
996 2 2 0 6 1981 1980 1065
997 2 2 0 6 274 1982 1984
998 2 2 0 6 1982 1983 1984
999 2 2 0 6 1982 677 1983
1000 2 2 0 6 1984 1983 993
1001 2 2 0 6 275 1985 1987
1002 2 2 0 6 1985 1986 1987
1003 2 2 0 6 1985 674 1986
1004 2 2 0 6 1987 1986 990
1005 2 2 0 6 276 1988 1990
1006 2 2 0 6 1988 1989 1990
1007 2 2 0 6 1988 675 1989
1008 2 2 0 6 1990 1989 991
1009 2 2 0 6 277 1991 1993
1010 2 2 0 6 1991 1992 1993
1011 2 2 0 6 1991 676 1992
1012 2 2 0 6 1993 1992 992
1013 2 2 0 6 486 1994 1995
1014 2 2 0 6 1994 1983 1995
1015 2 2 0 6 1994 993 1983
1016 2 2 0 6 1995 1983 677
1017 2 2 0 6 487 1996 1997
1018 2 2 0 6 1996 1986 1997
1019 2 2 0 6 1996 990 1986
1020 2 2 0 6 1997 1986 674
1021 2 2 0 6 488 1998 1999
1022 2 2 0 6 1998 1989 1999
1023 2 2 0 6 1998 991 1989
1024 2 2 0 6 1999 1989 675
1025 2 2 0 6 489 2000 2001
1026 2 2 0 6 2000 1992 2001
1027 2 2 0 6 2000 992 1992
1028 2 2 0 6 2001 1992 676
1029 2 2 0 6 506 2002 2004
1030 2 2 0 6 2002 2003 2004
1031 2 2 0 6 2002 774 2003
1032 2 2 0 6 2004 2003 1250
1033 2 2 0 6 507 2005 2007
1034 2 2 0 6 2005 2006 2007
1035 2 2 0 6 2005 775 2006
1036 2 2 0 6 2007 2006 1251
1037 2 2 0 6 508 2008 2010
1038 2 2 0 6 2008 2009 2010
1039 2 2 0 6 2008 776 2009
1040 2 2 0 6 2010 2009 1252
1041 2 2 0 6 509 2011 2013
1042 2 2 0 6 2011 2012 2013
1043 2 2 0 6 2011 777 2012
1044 2 2 0 6 2013 2012 1253
1045 2 2 0 6 461 2014 2016
1046 2 2 0 6 2014 2015 2016
1047 2 2 0 6 2014 965 2015
1048 2 2 0 6 2016 2015 709
1049 2 2 0 6 458 2017 2019
1050 2 2 0 6 2017 2018 2019
1051 2 2 0 6 2017 962 2018
1052 2 2 0 6 2019 2018 706
1053 2 2 0 6 459 2020 2022
1054 2 2 0 6 2020 2021 2022
1055 2 2 0 6 2020 963 2021
1056 2 2 0 6 2022 2021 707
1057 2 2 0 6 460 2023 2025
1058 2 2 0 6 2023 2024 2025
1059 2 2 0 6 2023 964 2024
1060 2 2 0 6 2025 2024 708
1061 2 2 0 6 374 2026 2028
1062 2 2 0 6 2026 2027 2028
1063 2 2 0 6 2026 787 2027
1064 2 2 0 6 2028 2027 646
1065 2 2 0 6 375 2029 2031
1066 2 2 0 6 2029 2030 2031
1067 2 2 0 6 2029 788 2030
1068 2 2 0 6 2031 2030 647
1069 2 2 0 6 376 2032 2034
1070 2 2 0 6 2032 2033 2034
1071 2 2 0 6 2032 789 2033
1072 2 2 0 6 2034 2033 648
1073 2 2 0 6 377 2035 2037
1074 2 2 0 6 2035 2036 2037
1075 2 2 0 6 2035 786 2036
1076 2 2 0 6 2037 2036 649
1077 2 2 0 6 557 1789 2039
1078 2 2 0 6 1789 2038 2039
1079 2 2 0 6 1789 1109 2038
1080 2 2 0 6 2039 2038 918
1081 2 2 0 6 554 1783 2041
1082 2 2 0 6 1783 2040 2041
1083 2 2 0 6 1783 1106 2040
1084 2 2 0 6 2041 2040 919
1085 2 2 0 6 555 1785 2043
1086 2 2 0 6 1785 2042 2043
1087 2 2 0 6 1785 1107 2042
1088 2 2 0 6 2043 2042 920
1089 2 2 0 6 556 1787 2045
1090 2 2 0 6 1787 2044 2045
1091 2 2 0 6 1787 1108 2044
1092 2 2 0 6 2045 2044 921
1093 2 2 0 6 366 2046 2048
1094 2 2 0 6 2046 2047 2048
1095 2 2 0 6 2046 1402 2047
1096 2 2 0 6 2048 2047 681
1097 2 2 0 6 367 2049 2051
1098 2 2 0 6 2049 2050 2051
1099 2 2 0 6 2049 1403 2050
1100 2 2 0 6 2051 2050 678
1101 2 2 0 6 368 2052 2054
1102 2 2 0 6 2052 2053 2054
1103 2 2 0 6 2052 1404 2053
1104 2 2 0 6 2054 2053 679
1105 2 2 0 6 369 2055 2057
1106 2 2 0 6 2055 2056 2057
1107 2 2 0 6 2055 1405 2056
1108 2 2 0 6 2057 2056 680
1109 2 2 0 6 398 2058 2060
1110 2 2 0 6 2058 2059 2060
1111 2 2 0 6 2058 650 2059
1112 2 2 0 6 2060 2059 794
1113 2 2 0 6 399 2061 2063
1114 2 2 0 6 2061 2062 2063
1115 2 2 0 6 2061 651 2062
1116 2 2 0 6 2063 2062 795
1117 2 2 0 6 400 2064 2066
1118 2 2 0 6 2064 2065 2066
1119 2 2 0 6 2064 652 2065
1120 2 2 0 6 2066 2065 796
1121 2 2 0 6 401 2067 2069
1122 2 2 0 6 2067 2068 2069
1123 2 2 0 6 2067 653 2068
1124 2 2 0 6 2069 2068 797
1125 2 2 0 6 290 2070 2071
1126 2 2 0 6 2070 2059 2071
1127 2 2 0 6 2070 794 2059
1128 2 2 0 6 2071 2059 650
1129 2 2 0 6 291 2072 2073
1130 2 2 0 6 2072 2062 2073
1131 2 2 0 6 2072 795 2062
1132 2 2 0 6 2073 2062 651
1133 2 2 0 6 292 2074 2075
1134 2 2 0 6 2074 2065 2075
1135 2 2 0 6 2074 796 2065
1136 2 2 0 6 2075 2065 652
1137 2 2 0 6 293 2076 2077
1138 2 2 0 6 2076 2068 2077
1139 2 2 0 6 2076 797 2068
1140 2 2 0 6 2077 2068 653
1141 2 2 0 6 354 1960 2079
1142 2 2 0 6 1960 2078 2079
1143 2 2 0 6 1960 578 2078
1144 2 2 0 6 2079 2078 1102
1145 2 2 0 6 355 1963 2081
1146 2 2 0 6 1963 2080 2081
1147 2 2 0 6 1963 579 2080
1148 2 2 0 6 2081 2080 1103
1149 2 2 0 6 356 1966 2083
1150 2 2 0 6 1966 2082 2083
1151 2 2 0 6 1966 580 2082
1152 2 2 0 6 2083 2082 1104
1153 2 2 0 6 357 1969 2085
1154 2 2 0 6 1969 2084 2085
1155 2 2 0 6 1969 581 2084
1156 2 2 0 6 2085 2084 1105
1157 2 2 0 6 681 2047 2087
1158 2 2 0 6 2047 2086 2087
1159 2 2 0 6 2047 1402 2086
1160 2 2 0 6 2087 2086 1360
1161 2 2 0 6 678 2050 2089
1162 2 2 0 6 2050 2088 2089
1163 2 2 0 6 2050 1403 2088
1164 2 2 0 6 2089 2088 1358
1165 2 2 0 6 679 2053 2091
1166 2 2 0 6 2053 2090 2091
1167 2 2 0 6 2053 1404 2090
1168 2 2 0 6 2091 2090 1359
1169 2 2 0 6 680 2056 2093
1170 2 2 0 6 2056 2092 2093
1171 2 2 0 6 2056 1405 2092
1172 2 2 0 6 2093 2092 1361
1173 2 2 0 6 514 2094 2095
1174 2 2 0 6 2094 1927 2095
1175 2 2 0 6 2094 1209 1927
1176 2 2 0 6 2095 1927 1242
1177 2 2 0 6 515 2096 2097
1178 2 2 0 6 2096 1930 2097
1179 2 2 0 6 2096 1206 1930
1180 2 2 0 6 2097 1930 1243
1181 2 2 0 6 516 2098 2099
1182 2 2 0 6 2098 1933 2099
1183 2 2 0 6 2098 1207 1933
1184 2 2 0 6 2099 1933 1244
1185 2 2 0 6 517 2100 2101
1186 2 2 0 6 2100 1936 2101
1187 2 2 0 6 2100 1208 1936
1188 2 2 0 6 2101 1936 1245
1189 2 2 0 6 598 2102 1947
1190 2 2 0 6 2102 2003 1947
1191 2 2 0 6 2102 1250 2003
1192 2 2 0 6 1947 2003 774
1193 2 2 0 6 599 2103 1950
1194 2 2 0 6 2103 2006 1950
1195 2 2 0 6 2103 1251 2006
1196 2 2 0 6 1950 2006 775
1197 2 2 0 6 600 2104 1953
1198 2 2 0 6 2104 2009 1953
1199 2 2 0 6 2104 1252 2009
1200 2 2 0 6 1953 2009 776
1201 2 2 0 6 601 2105 1956
1202 2 2 0 6 2105 2012 1956
1203 2 2 0 6 2105 1253 2012
1204 2 2 0 6 1956 2012 777
1205 2 2 0 6 377 2037 2106
1206 2 2 0 6 2037 1836 2106
1207 2 2 0 6 2037 649 1836
1208 2 2 0 6 2106 1836 721
1209 2 2 0 6 374 2028 2107
1210 2 2 0 6 2028 1827 2107
1211 2 2 0 6 2028 646 1827
1212 2 2 0 6 2107 1827 718
1213 2 2 0 6 375 2031 2108
1214 2 2 0 6 2031 1830 2108
1215 2 2 0 6 2031 647 1830
1216 2 2 0 6 2108 1830 719
1217 2 2 0 6 376 2034 2109
1218 2 2 0 6 2034 1833 2109
1219 2 2 0 6 2034 648 1833
1220 2 2 0 6 2109 1833 720
1221 2 2 0 6 262 1534 2111
1222 2 2 0 6 1534 2110 2111
1223 2 2 0 6 1534 862 2110
1224 2 2 0 6 2111 2110 634
1225 2 2 0 6 263 1536 2113
1226 2 2 0 6 1536 2112 2113
1227 2 2 0 6 1536 863 2112
1228 2 2 0 6 2113 2112 635
1229 2 2 0 6 264 1538 2115
1230 2 2 0 6 1538 2114 2115
1231 2 2 0 6 1538 864 2114
1232 2 2 0 6 2115 2114 636
1233 2 2 0 6 265 1540 2117
1234 2 2 0 6 1540 2116 2117
1235 2 2 0 6 1540 865 2116
1236 2 2 0 6 2117 2116 637
1237 2 2 0 6 262 2111 2119
1238 2 2 0 6 2111 2118 2119
1239 2 2 0 6 2111 634 2118
1240 2 2 0 6 2119 2118 754
1241 2 2 0 6 263 2113 2121
1242 2 2 0 6 2113 2120 2121
1243 2 2 0 6 2113 635 2120
1244 2 2 0 6 2121 2120 755
1245 2 2 0 6 264 2115 2123
1246 2 2 0 6 2115 2122 2123
1247 2 2 0 6 2115 636 2122
1248 2 2 0 6 2123 2122 756
1249 2 2 0 6 265 2117 2125
1250 2 2 0 6 2117 2124 2125
1251 2 2 0 6 2117 637 2124
1252 2 2 0 6 2125 2124 757
1253 2 2 0 6 486 1995 2126
1254 2 2 0 6 1995 1759 2126
1255 2 2 0 6 1995 677 1759
1256 2 2 0 6 2126 1759 1046
1257 2 2 0 6 487 1997 2127
1258 2 2 0 6 1997 1762 2127
1259 2 2 0 6 1997 674 1762
1260 2 2 0 6 2127 1762 1047
1261 2 2 0 6 488 1999 2128
1262 2 2 0 6 1999 1765 2128
1263 2 2 0 6 1999 675 1765
1264 2 2 0 6 2128 1765 1048
1265 2 2 0 6 489 2001 2129
1266 2 2 0 6 2001 1768 2129
1267 2 2 0 6 2001 676 1768
1268 2 2 0 6 2129 1768 1049
1269 2 2 0 6 270 2130 2132
1270 2 2 0 6 2130 2131 2132
1271 2 2 0 6 2130 954 2131
1272 2 2 0 6 2132 2131 746
1273 2 2 0 6 271 2133 2135
1274 2 2 0 6 2133 2134 2135
1275 2 2 0 6 2133 955 2134
1276 2 2 0 6 2135 2134 747
1277 2 2 0 6 272 2136 2138
1278 2 2 0 6 2136 2137 2138
1279 2 2 0 6 2136 956 2137
1280 2 2 0 6 2138 2137 748
1281 2 2 0 6 273 2139 2141
1282 2 2 0 6 2139 2140 2141
1283 2 2 0 6 2139 957 2140
1284 2 2 0 6 2141 2140 749
1285 2 2 0 6 502 2142 2143
1286 2 2 0 6 2142 2131 2143
1287 2 2 0 6 2142 746 2131
1288 2 2 0 6 2143 2131 954
1289 2 2 0 6 503 2144 2145
1290 2 2 0 6 2144 2134 2145
1291 2 2 0 6 2144 747 2134
1292 2 2 0 6 2145 2134 955
1293 2 2 0 6 504 2146 2147
1294 2 2 0 6 2146 2137 2147
1295 2 2 0 6 2146 748 2137
1296 2 2 0 6 2147 2137 956
1297 2 2 0 6 505 2148 2149
1298 2 2 0 6 2148 2140 2149
1299 2 2 0 6 2148 749 2140
1300 2 2 0 6 2149 2140 957
1301 2 2 0 6 442 2150 2151
1302 2 2 0 6 2150 2038 2151
1303 2 2 0 6 2150 918 2038
1304 2 2 0 6 2151 2038 1109
1305 2 2 0 6 443 2152 2153
1306 2 2 0 6 2152 2040 2153
1307 2 2 0 6 2152 919 2040
1308 2 2 0 6 2153 2040 1106
1309 2 2 0 6 444 2154 2155
1310 2 2 0 6 2154 2042 2155
1311 2 2 0 6 2154 920 2042
1312 2 2 0 6 2155 2042 1107
1313 2 2 0 6 445 2156 2157
1314 2 2 0 6 2156 2044 2157
1315 2 2 0 6 2156 921 2044
1316 2 2 0 6 2157 2044 1108
1317 2 2 0 6 313 2158 2160
1318 2 2 0 6 2158 2159 2160
1319 2 2 0 6 2158 813 2159
1320 2 2 0 6 2160 2159 814
1321 2 2 0 6 310 2161 2163
1322 2 2 0 6 2161 2162 2163
1323 2 2 0 6 2161 810 2162
1324 2 2 0 6 2163 2162 815
1325 2 2 0 6 311 2164 2166
1326 2 2 0 6 2164 2165 2166
1327 2 2 0 6 2164 811 2165
1328 2 2 0 6 2166 2165 816
1329 2 2 0 6 312 2167 2169
1330 2 2 0 6 2167 2168 2169
1331 2 2 0 6 2167 812 2168
1332 2 2 0 6 2169 2168 817
1333 2 2 0 6 501 2170 2171
1334 2 2 0 6 2170 2159 2171
1335 2 2 0 6 2170 814 2159
1336 2 2 0 6 2171 2159 813
1337 2 2 0 6 498 2172 2173
1338 2 2 0 6 2172 2162 2173
1339 2 2 0 6 2172 815 2162
1340 2 2 0 6 2173 2162 810
1341 2 2 0 6 499 2174 2175
1342 2 2 0 6 2174 2165 2175
1343 2 2 0 6 2174 816 2165
1344 2 2 0 6 2175 2165 811
1345 2 2 0 6 500 2176 2177
1346 2 2 0 6 2176 2168 2177
1347 2 2 0 6 2176 817 2168
1348 2 2 0 6 2177 2168 812
1349 2 2 0 6 282 1632 2179
1350 2 2 0 6 1632 2178 2179
1351 2 2 0 6 1632 582 2178
1352 2 2 0 6 2179 2178 1070
1353 2 2 0 6 283 1635 2181
1354 2 2 0 6 1635 2180 2181
1355 2 2 0 6 1635 583 2180
1356 2 2 0 6 2181 2180 1071
1357 2 2 0 6 285 1641 2183
1358 2 2 0 6 1641 2182 2183
1359 2 2 0 6 1641 584 2182
1360 2 2 0 6 2183 2182 1073
1361 2 2 0 6 284 1638 2185
1362 2 2 0 6 1638 2184 2185
1363 2 2 0 6 1638 585 2184
1364 2 2 0 6 2185 2184 1072
1365 2 2 0 6 402 2186 2187
1366 2 2 0 6 2186 1631 2187
1367 2 2 0 6 2186 582 1631
1368 2 2 0 6 2187 1631 834
1369 2 2 0 6 403 2188 2189
1370 2 2 0 6 2188 1634 2189
1371 2 2 0 6 2188 583 1634
1372 2 2 0 6 2189 1634 835
1373 2 2 0 6 404 2190 2191
1374 2 2 0 6 2190 1640 2191
1375 2 2 0 6 2190 584 1640
1376 2 2 0 6 2191 1640 836
1377 2 2 0 6 405 2192 2193
1378 2 2 0 6 2192 1637 2193
1379 2 2 0 6 2192 585 1637
1380 2 2 0 6 2193 1637 837
1381 2 2 0 6 402 2194 2186
1382 2 2 0 6 2194 2195 2186
1383 2 2 0 6 2194 934 2195
1384 2 2 0 6 2186 2195 582
1385 2 2 0 6 403 2196 2188
1386 2 2 0 6 2196 2197 2188
1387 2 2 0 6 2196 935 2197
1388 2 2 0 6 2188 2197 583
1389 2 2 0 6 404 2198 2190
1390 2 2 0 6 2198 2199 2190
1391 2 2 0 6 2198 936 2199
1392 2 2 0 6 2190 2199 584
1393 2 2 0 6 405 2200 2192
1394 2 2 0 6 2200 2201 2192
1395 2 2 0 6 2200 937 2201
1396 2 2 0 6 2192 2201 585
1397 2 2 0 6 306 1674 2203
1398 2 2 0 6 1674 2202 2203
1399 2 2 0 6 1674 874 2202
1400 2 2 0 6 2203 2202 1058
1401 2 2 0 6 307 1676 2205
1402 2 2 0 6 1676 2204 2205
1403 2 2 0 6 1676 875 2204
1404 2 2 0 6 2205 2204 1059
1405 2 2 0 6 308 1678 2207
1406 2 2 0 6 1678 2206 2207
1407 2 2 0 6 1678 876 2206
1408 2 2 0 6 2207 2206 1060
1409 2 2 0 6 309 1680 2209
1410 2 2 0 6 1680 2208 2209
1411 2 2 0 6 1680 877 2208
1412 2 2 0 6 2209 2208 1061
1413 2 2 0 6 242 2210 2212
1414 2 2 0 6 2210 2211 2212
1415 2 2 0 6 2210 742 2211
1416 2 2 0 6 2212 2211 1125
1417 2 2 0 6 53 2213 2215
1418 2 2 0 6 2213 2214 2215
1419 2 2 0 6 2213 743 2214
1420 2 2 0 6 2215 2214 1122
1421 2 2 0 6 116 2216 2218
1422 2 2 0 6 2216 2217 2218
1423 2 2 0 6 2216 744 2217
1424 2 2 0 6 2218 2217 1123
1425 2 2 0 6 179 2219 2221
1426 2 2 0 6 2219 2220 2221
1427 2 2 0 6 2219 745 2220
1428 2 2 0 6 2221 2220 1124
1429 2 2 0 6 602 2222 2224
1430 2 2 0 6 2222 2223 2224
1431 2 2 0 6 2222 1393 2223
1432 2 2 0 6 2224 2223 1262
1433 2 2 0 6 603 2225 2227
1434 2 2 0 6 2225 2226 2227
1435 2 2 0 6 2225 1390 2226
1436 2 2 0 6 2227 2226 1263
1437 2 2 0 6 604 2228 2230
1438 2 2 0 6 2228 2229 2230
1439 2 2 0 6 2228 1391 2229
1440 2 2 0 6 2230 2229 1264
1441 2 2 0 6 605 2231 2233
1442 2 2 0 6 2231 2232 2233
1443 2 2 0 6 2231 1392 2232
1444 2 2 0 6 2233 2232 1265
1445 2 2 0 6 598 2234 2102
1446 2 2 0 6 2234 2235 2102
1447 2 2 0 6 2234 930 2235
1448 2 2 0 6 2102 2235 1250
1449 2 2 0 6 599 2236 2103
1450 2 2 0 6 2236 2237 2103
1451 2 2 0 6 2236 931 2237
1452 2 2 0 6 2103 2237 1251
1453 2 2 0 6 600 2238 2104
1454 2 2 0 6 2238 2239 2104
1455 2 2 0 6 2238 932 2239
1456 2 2 0 6 2104 2239 1252
1457 2 2 0 6 601 2240 2105
1458 2 2 0 6 2240 2241 2105
1459 2 2 0 6 2240 933 2241
1460 2 2 0 6 2105 2241 1253
1461 2 2 0 6 111 2242 2244
1462 2 2 0 6 2242 2243 2244
1463 2 2 0 6 2242 611 2243
1464 2 2 0 6 2244 2243 1043
1465 2 2 0 6 174 2245 2247
1466 2 2 0 6 2245 2246 2247
1467 2 2 0 6 2245 612 2246
1468 2 2 0 6 2247 2246 1044
1469 2 2 0 6 237 2248 2250
1470 2 2 0 6 2248 2249 2250
1471 2 2 0 6 2248 613 2249
1472 2 2 0 6 2250 2249 1045
1473 2 2 0 6 48 2251 2253
1474 2 2 0 6 2251 2252 2253
1475 2 2 0 6 2251 610 2252
1476 2 2 0 6 2253 2252 1042
1477 2 2 0 6 286 1908 1543
1478 2 2 0 6 1908 2254 1543
1479 2 2 0 6 1908 578 2254
1480 2 2 0 6 1543 2254 938
1481 2 2 0 6 287 1911 1546
1482 2 2 0 6 1911 2255 1546
1483 2 2 0 6 1911 579 2255
1484 2 2 0 6 1546 2255 939
1485 2 2 0 6 288 1914 1549
1486 2 2 0 6 1914 2256 1549
1487 2 2 0 6 1914 580 2256
1488 2 2 0 6 1549 2256 940
1489 2 2 0 6 289 1917 1552
1490 2 2 0 6 1917 2257 1552
1491 2 2 0 6 1917 581 2257
1492 2 2 0 6 1552 2257 941
1493 2 2 0 6 483 2258 1886
1494 2 2 0 6 2258 2259 1886
1495 2 2 0 6 2258 1370 2259
1496 2 2 0 6 1886 2259 595
1497 2 2 0 6 484 2260 1889
1498 2 2 0 6 2260 2261 1889
1499 2 2 0 6 2260 1371 2261
1500 2 2 0 6 1889 2261 596
1501 2 2 0 6 485 2262 1892
1502 2 2 0 6 2262 2263 1892
1503 2 2 0 6 2262 1372 2263
1504 2 2 0 6 1892 2263 597
1505 2 2 0 6 482 2264 1895
1506 2 2 0 6 2264 2265 1895
1507 2 2 0 6 2264 1373 2265
1508 2 2 0 6 1895 2265 594
1509 2 2 0 6 1006 2266 2268
1510 2 2 0 6 2266 2267 2268
1511 2 2 0 6 2266 483 2267
1512 2 2 0 6 2268 2267 1231
1513 2 2 0 6 1007 2269 2271
1514 2 2 0 6 2269 2270 2271
1515 2 2 0 6 2269 484 2270
1516 2 2 0 6 2271 2270 1232
1517 2 2 0 6 1008 2272 2274
1518 2 2 0 6 2272 2273 2274
1519 2 2 0 6 2272 485 2273
1520 2 2 0 6 2274 2273 1233
1521 2 2 0 6 1009 2275 2277
1522 2 2 0 6 2275 2276 2277
1523 2 2 0 6 2275 482 2276
1524 2 2 0 6 2277 2276 1230
1525 2 2 0 6 1230 2276 2279
1526 2 2 0 6 2276 2278 2279
1527 2 2 0 6 2276 482 2278
1528 2 2 0 6 2279 2278 773
1529 2 2 0 6 1231 2267 2281
1530 2 2 0 6 2267 2280 2281
1531 2 2 0 6 2267 483 2280
1532 2 2 0 6 2281 2280 770
1533 2 2 0 6 1232 2270 2283
1534 2 2 0 6 2270 2282 2283
1535 2 2 0 6 2270 484 2282
1536 2 2 0 6 2283 2282 771
1537 2 2 0 6 1233 2273 2285
1538 2 2 0 6 2273 2284 2285
1539 2 2 0 6 2273 485 2284
1540 2 2 0 6 2285 2284 772
1541 2 2 0 6 477 2286 2288
1542 2 2 0 6 2286 2287 2288
1543 2 2 0 6 2286 829 2287
1544 2 2 0 6 2288 2287 654
1545 2 2 0 6 474 2289 2291
1546 2 2 0 6 2289 2290 2291
1547 2 2 0 6 2289 826 2290
1548 2 2 0 6 2291 2290 655
1549 2 2 0 6 475 2292 2294
1550 2 2 0 6 2292 2293 2294
1551 2 2 0 6 2292 827 2293
1552 2 2 0 6 2294 2293 656
1553 2 2 0 6 476 2295 2297
1554 2 2 0 6 2295 2296 2297
1555 2 2 0 6 2295 828 2296
1556 2 2 0 6 2297 2296 657
1557 2 2 0 6 297 2298 2300
1558 2 2 0 6 2298 2299 2300
1559 2 2 0 6 2298 850 2299
1560 2 2 0 6 2300 2299 602
1561 2 2 0 6 294 2301 2303
1562 2 2 0 6 2301 2302 2303
1563 2 2 0 6 2301 851 2302
1564 2 2 0 6 2303 2302 603
1565 2 2 0 6 295 2304 2306
1566 2 2 0 6 2304 2305 2306
1567 2 2 0 6 2304 852 2305
1568 2 2 0 6 2306 2305 604
1569 2 2 0 6 296 2307 2309
1570 2 2 0 6 2307 2308 2309
1571 2 2 0 6 2307 853 2308
1572 2 2 0 6 2309 2308 605
1573 2 2 0 6 337 2310 2311
1574 2 2 0 6 2310 2241 2311
1575 2 2 0 6 2310 1253 2241
1576 2 2 0 6 2311 2241 933
1577 2 2 0 6 334 2312 2313
1578 2 2 0 6 2312 2235 2313
1579 2 2 0 6 2312 1250 2235
1580 2 2 0 6 2313 2235 930
1581 2 2 0 6 335 2314 2315
1582 2 2 0 6 2314 2237 2315
1583 2 2 0 6 2314 1251 2237
1584 2 2 0 6 2315 2237 931
1585 2 2 0 6 336 2316 2317
1586 2 2 0 6 2316 2239 2317
1587 2 2 0 6 2316 1252 2239
1588 2 2 0 6 2317 2239 932
1589 2 2 0 6 342 2318 2320
1590 2 2 0 6 2318 2319 2320
1591 2 2 0 6 2318 606 2319
1592 2 2 0 6 2320 2319 970
1593 2 2 0 6 343 2321 2323
1594 2 2 0 6 2321 2322 2323
1595 2 2 0 6 2321 607 2322
1596 2 2 0 6 2323 2322 971
1597 2 2 0 6 344 2324 2326
1598 2 2 0 6 2324 2325 2326
1599 2 2 0 6 2324 608 2325
1600 2 2 0 6 2326 2325 972
1601 2 2 0 6 345 2327 2329
1602 2 2 0 6 2327 2328 2329
1603 2 2 0 6 2327 609 2328
1604 2 2 0 6 2329 2328 973
1605 2 2 0 6 461 2330 2014
1606 2 2 0 6 2330 2331 2014
1607 2 2 0 6 2330 821 2331
1608 2 2 0 6 2014 2331 965
1609 2 2 0 6 458 2332 2017
1610 2 2 0 6 2332 2333 2017
1611 2 2 0 6 2332 818 2333
1612 2 2 0 6 2017 2333 962
1613 2 2 0 6 459 2334 2020
1614 2 2 0 6 2334 2335 2020
1615 2 2 0 6 2334 819 2335
1616 2 2 0 6 2020 2335 963
1617 2 2 0 6 460 2336 2023
1618 2 2 0 6 2336 2337 2023
1619 2 2 0 6 2336 820 2337
1620 2 2 0 6 2023 2337 964
1621 2 2 0 6 698 1607 2339
1622 2 2 0 6 1607 2338 2339
1623 2 2 0 6 1607 783 2338
1624 2 2 0 6 2339 2338 1090
1625 2 2 0 6 699 1610 2341
1626 2 2 0 6 1610 2340 2341
1627 2 2 0 6 1610 784 2340
1628 2 2 0 6 2341 2340 1091
1629 2 2 0 6 700 1613 2343
1630 2 2 0 6 1613 2342 2343
1631 2 2 0 6 1613 785 2342
1632 2 2 0 6 2343 2342 1092
1633 2 2 0 6 701 1616 2345
1634 2 2 0 6 1616 2344 2345
1635 2 2 0 6 1616 782 2344
1636 2 2 0 6 2345 2344 1093
1637 2 2 0 6 317 2346 2347
1638 2 2 0 6 2346 1643 2347
1639 2 2 0 6 2346 886 1643
1640 2 2 0 6 2347 1643 838
1641 2 2 0 6 314 2348 2349
1642 2 2 0 6 2348 1646 2349
1643 2 2 0 6 2348 887 1646
1644 2 2 0 6 2349 1646 839
1645 2 2 0 6 315 2350 2351
1646 2 2 0 6 2350 1649 2351
1647 2 2 0 6 2350 888 1649
1648 2 2 0 6 2351 1649 840
1649 2 2 0 6 316 2352 2353
1650 2 2 0 6 2352 1652 2353
1651 2 2 0 6 2352 889 1652
1652 2 2 0 6 2353 1652 841
1653 2 2 0 6 278 2354 1565
1654 2 2 0 6 2354 2355 1565
1655 2 2 0 6 2354 1006 2355
1656 2 2 0 6 1565 2355 591
1657 2 2 0 6 279 2356 1568
1658 2 2 0 6 2356 2357 1568
1659 2 2 0 6 2356 1007 2357
1660 2 2 0 6 1568 2357 592
1661 2 2 0 6 280 2358 1571
1662 2 2 0 6 2358 2359 1571
1663 2 2 0 6 2358 1008 2359
1664 2 2 0 6 1571 2359 593
1665 2 2 0 6 281 2360 1562
1666 2 2 0 6 2360 2361 1562
1667 2 2 0 6 2360 1009 2361
1668 2 2 0 6 1562 2361 590
1669 2 2 0 6 48 2362 2251
1670 2 2 0 6 2362 1771 2251
1671 2 2 0 6 2362 1202 1771
1672 2 2 0 6 2251 1771 610
1673 2 2 0 6 111 2363 2242
1674 2 2 0 6 2363 1774 2242
1675 2 2 0 6 2363 1203 1774
1676 2 2 0 6 2242 1774 611
1677 2 2 0 6 174 2364 2245
1678 2 2 0 6 2364 1777 2245
1679 2 2 0 6 2364 1204 1777
1680 2 2 0 6 2245 1777 612
1681 2 2 0 6 237 2365 2248
1682 2 2 0 6 2365 1780 2248
1683 2 2 0 6 2365 1205 1780
1684 2 2 0 6 2248 1780 613
1685 2 2 0 6 478 1647 2367
1686 2 2 0 6 1647 2366 2367
1687 2 2 0 6 1647 887 2366
1688 2 2 0 6 2367 2366 666
1689 2 2 0 6 479 1650 2369
1690 2 2 0 6 1650 2368 2369
1691 2 2 0 6 1650 888 2368
1692 2 2 0 6 2369 2368 667
1693 2 2 0 6 480 1653 2371
1694 2 2 0 6 1653 2370 2371
1695 2 2 0 6 1653 889 2370
1696 2 2 0 6 2371 2370 668
1697 2 2 0 6 481 1644 2373
1698 2 2 0 6 1644 2372 2373
1699 2 2 0 6 1644 886 2372
1700 2 2 0 6 2373 2372 669
1701 2 2 0 6 297 2300 2375
1702 2 2 0 6 2300 2374 2375
1703 2 2 0 6 2300 602 2374
1704 2 2 0 6 2375 2374 1345
1705 2 2 0 6 294 2303 2377
1706 2 2 0 6 2303 2376 2377
1707 2 2 0 6 2303 603 2376
1708 2 2 0 6 2377 2376 1342
1709 2 2 0 6 295 2306 2379
1710 2 2 0 6 2306 2378 2379
1711 2 2 0 6 2306 604 2378
1712 2 2 0 6 2379 2378 1343
1713 2 2 0 6 296 2309 2381
1714 2 2 0 6 2309 2380 2381
1715 2 2 0 6 2309 605 2380
1716 2 2 0 6 2381 2380 1344
1717 2 2 0 6 298 2382 1946
1718 2 2 0 6 2382 2383 1946
1719 2 2 0 6 2382 1322 2383
1720 2 2 0 6 1946 2383 598
1721 2 2 0 6 299 2384 1949
1722 2 2 0 6 2384 2385 1949
1723 2 2 0 6 2384 1323 2385
1724 2 2 0 6 1949 2385 599
1725 2 2 0 6 300 2386 1952
1726 2 2 0 6 2386 2387 1952
1727 2 2 0 6 2386 1324 2387
1728 2 2 0 6 1952 2387 600
1729 2 2 0 6 301 2388 1955
1730 2 2 0 6 2388 2389 1955
1731 2 2 0 6 2388 1325 2389
1732 2 2 0 6 1955 2389 601
1733 2 2 0 6 602 2299 2222
1734 2 2 0 6 2299 2390 2222
1735 2 2 0 6 2299 850 2390
1736 2 2 0 6 2222 2390 1393
1737 2 2 0 6 603 2302 2225
1738 2 2 0 6 2302 2391 2225
1739 2 2 0 6 2302 851 2391
1740 2 2 0 6 2225 2391 1390
1741 2 2 0 6 604 2305 2228
1742 2 2 0 6 2305 2392 2228
1743 2 2 0 6 2305 852 2392
1744 2 2 0 6 2228 2392 1391
1745 2 2 0 6 605 2308 2231
1746 2 2 0 6 2308 2393 2231
1747 2 2 0 6 2308 853 2393
1748 2 2 0 6 2231 2393 1392
1749 2 2 0 6 45 14 2395
1750 2 2 0 6 14 2394 2395
1751 2 2 0 6 14 46 2394
1752 2 2 0 6 2395 2394 705
1753 2 2 0 6 108 77 2397
1754 2 2 0 6 77 2396 2397
1755 2 2 0 6 77 109 2396
1756 2 2 0 6 2397 2396 702
1757 2 2 0 6 171 140 2399
1758 2 2 0 6 140 2398 2399
1759 2 2 0 6 140 172 2398
1760 2 2 0 6 2399 2398 703
1761 2 2 0 6 234 203 2401
1762 2 2 0 6 203 2400 2401
1763 2 2 0 6 203 235 2400
1764 2 2 0 6 2401 2400 704
1765 2 2 0 6 242 211 2210
1766 2 2 0 6 211 2402 2210
1767 2 2 0 6 211 243 2402
1768 2 2 0 6 2210 2402 742
1769 2 2 0 6 53 22 2213
1770 2 2 0 6 22 2403 2213
1771 2 2 0 6 22 54 2403
1772 2 2 0 6 2213 2403 743
1773 2 2 0 6 116 85 2216
1774 2 2 0 6 85 2404 2216
1775 2 2 0 6 85 117 2404
1776 2 2 0 6 2216 2404 744
1777 2 2 0 6 179 148 2219
1778 2 2 0 6 148 2405 2219
1779 2 2 0 6 148 180 2405
1780 2 2 0 6 2219 2405 745
1781 2 2 0 6 621 1928 1655
1782 2 2 0 6 1928 2406 1655
1783 2 2 0 6 1928 1209 2406
1784 2 2 0 6 1655 2406 710
1785 2 2 0 6 618 1931 1658
1786 2 2 0 6 1931 2407 1658
1787 2 2 0 6 1931 1206 2407
1788 2 2 0 6 1658 2407 711
1789 2 2 0 6 619 1934 1661
1790 2 2 0 6 1934 2408 1661
1791 2 2 0 6 1934 1207 2408
1792 2 2 0 6 1661 2408 712
1793 2 2 0 6 620 1937 1664
1794 2 2 0 6 1937 2409 1664
1795 2 2 0 6 1937 1208 2409
1796 2 2 0 6 1664 2409 713
1797 2 2 0 6 477 1733 2411
1798 2 2 0 6 1733 2410 2411
1799 2 2 0 6 1733 617 2410
1800 2 2 0 6 2411 2410 1170
1801 2 2 0 6 474 1727 2413
1802 2 2 0 6 1727 2412 2413
1803 2 2 0 6 1727 614 2412
1804 2 2 0 6 2413 2412 1171
1805 2 2 0 6 475 1729 2415
1806 2 2 0 6 1729 2414 2415
1807 2 2 0 6 1729 615 2414
1808 2 2 0 6 2415 2414 1172
1809 2 2 0 6 476 1731 2417
1810 2 2 0 6 1731 2416 2417
1811 2 2 0 6 1731 616 2416
1812 2 2 0 6 2417 2416 1173
1813 2 2 0 6 342 2418 2318
1814 2 2 0 6 2418 2419 2318
1815 2 2 0 6 2418 1126 2419
1816 2 2 0 6 2318 2419 606
1817 2 2 0 6 343 2420 2321
1818 2 2 0 6 2420 2421 2321
1819 2 2 0 6 2420 1127 2421
1820 2 2 0 6 2321 2421 607
1821 2 2 0 6 344 2422 2324
1822 2 2 0 6 2422 2423 2324
1823 2 2 0 6 2422 1128 2423
1824 2 2 0 6 2324 2423 608
1825 2 2 0 6 345 2424 2327
1826 2 2 0 6 2424 2425 2327
1827 2 2 0 6 2424 1129 2425
1828 2 2 0 6 2327 2425 609
1829 2 2 0 6 473 2426 2427
1830 2 2 0 6 2426 1979 2427
1831 2 2 0 6 2426 1086 1979
1832 2 2 0 6 2427 1979 725
1833 2 2 0 6 470 2428 2429
1834 2 2 0 6 2428 1970 2429
1835 2 2 0 6 2428 1087 1970
1836 2 2 0 6 2429 1970 722
1837 2 2 0 6 471 2430 2431
1838 2 2 0 6 2430 1973 2431
1839 2 2 0 6 2430 1088 1973
1840 2 2 0 6 2431 1973 723
1841 2 2 0 6 472 2432 2433
1842 2 2 0 6 2432 1976 2433
1843 2 2 0 6 2432 1089 1976
1844 2 2 0 6 2433 1976 724
1845 2 2 0 6 401 2434 1812
1846 2 2 0 6 2434 2435 1812
1847 2 2 0 6 2434 1177 2435
1848 2 2 0 6 1812 2435 617
1849 2 2 0 6 398 2436 1806
1850 2 2 0 6 2436 2437 1806
1851 2 2 0 6 2436 1174 2437
1852 2 2 0 6 1806 2437 614
1853 2 2 0 6 399 2438 1808
1854 2 2 0 6 2438 2439 1808
1855 2 2 0 6 2438 1175 2439
1856 2 2 0 6 1808 2439 615
1857 2 2 0 6 400 2440 1810
1858 2 2 0 6 2440 2441 1810
1859 2 2 0 6 2440 1176 2441
1860 2 2 0 6 1810 2441 616
1861 2 2 0 6 422 1772 2443
1862 2 2 0 6 1772 2442 2443
1863 2 2 0 6 1772 1202 2442
1864 2 2 0 6 2443 2442 914
1865 2 2 0 6 423 1775 2445
1866 2 2 0 6 1775 2444 2445
1867 2 2 0 6 1775 1203 2444
1868 2 2 0 6 2445 2444 915
1869 2 2 0 6 424 1778 2447
1870 2 2 0 6 1778 2446 2447
1871 2 2 0 6 1778 1204 2446
1872 2 2 0 6 2447 2446 916
1873 2 2 0 6 425 1781 2449
1874 2 2 0 6 1781 2448 2449
1875 2 2 0 6 1781 1205 2448
1876 2 2 0 6 2449 2448 917
1877 2 2 0 6 422 2450 1770
1878 2 2 0 6 2450 2451 1770
1879 2 2 0 6 2450 1050 2451
1880 2 2 0 6 1770 2451 610
1881 2 2 0 6 423 2452 1773
1882 2 2 0 6 2452 2453 1773
1883 2 2 0 6 2452 1051 2453
1884 2 2 0 6 1773 2453 611
1885 2 2 0 6 424 2454 1776
1886 2 2 0 6 2454 2455 1776
1887 2 2 0 6 2454 1052 2455
1888 2 2 0 6 1776 2455 612
1889 2 2 0 6 425 2456 1779
1890 2 2 0 6 2456 2457 1779
1891 2 2 0 6 2456 1053 2457
1892 2 2 0 6 1779 2457 613
1893 2 2 0 6 446 2458 2460
1894 2 2 0 6 2458 2459 2460
1895 2 2 0 6 2458 1186 2459
1896 2 2 0 6 2460 2459 629
1897 2 2 0 6 447 2461 2463
1898 2 2 0 6 2461 2462 2463
1899 2 2 0 6 2461 1187 2462
1900 2 2 0 6 2463 2462 626
1901 2 2 0 6 448 2464 2466
1902 2 2 0 6 2464 2465 2466
1903 2 2 0 6 2464 1188 2465
1904 2 2 0 6 2466 2465 627
1905 2 2 0 6 449 2467 2469
1906 2 2 0 6 2467 2468 2469
1907 2 2 0 6 2467 1189 2468
1908 2 2 0 6 2469 2468 628
1909 2 2 0 6 367 2051 2471
1910 2 2 0 6 2051 2470 2471
1911 2 2 0 6 2051 678 2470
1912 2 2 0 6 2471 2470 738
1913 2 2 0 6 368 2054 2473
1914 2 2 0 6 2054 2472 2473
1915 2 2 0 6 2054 679 2472
1916 2 2 0 6 2473 2472 739
1917 2 2 0 6 369 2057 2475
1918 2 2 0 6 2057 2474 2475
1919 2 2 0 6 2057 680 2474
1920 2 2 0 6 2475 2474 740
1921 2 2 0 6 366 2048 2477
1922 2 2 0 6 2048 2476 2477
1923 2 2 0 6 2048 681 2476
1924 2 2 0 6 2477 2476 741
1925 2 2 0 6 382 2478 2480
1926 2 2 0 6 2478 2479 2480
1927 2 2 0 6 2478 642 2479
1928 2 2 0 6 2480 2479 1450
1929 2 2 0 6 383 2481 2483
1930 2 2 0 6 2481 2482 2483
1931 2 2 0 6 2481 643 2482
1932 2 2 0 6 2483 2482 1451
1933 2 2 0 6 384 2484 2486
1934 2 2 0 6 2484 2485 2486
1935 2 2 0 6 2484 644 2485
1936 2 2 0 6 2486 2485 1452
1937 2 2 0 6 385 2487 2489
1938 2 2 0 6 2487 2488 2489
1939 2 2 0 6 2487 645 2488
1940 2 2 0 6 2489 2488 1453
1941 2 2 0 6 59 2490 27
1942 2 2 0 6 2490 2491 27
1943 2 2 0 6 2490 759 2491
1944 2 2 0 6 27 2491 58
1945 2 2 0 6 122 2492 90
1946 2 2 0 6 2492 2493 90
1947 2 2 0 6 2492 760 2493
1948 2 2 0 6 90 2493 121
1949 2 2 0 6 185 2494 153
1950 2 2 0 6 2494 2495 153
1951 2 2 0 6 2494 761 2495
1952 2 2 0 6 153 2495 184
1953 2 2 0 6 248 2496 216
1954 2 2 0 6 2496 2497 216
1955 2 2 0 6 2496 758 2497
1956 2 2 0 6 216 2497 247
1957 2 2 0 6 411 2498 2500
1958 2 2 0 6 2498 2499 2500
1959 2 2 0 6 2498 622 2499
1960 2 2 0 6 2500 2499 854
1961 2 2 0 6 412 2501 2503
1962 2 2 0 6 2501 2502 2503
1963 2 2 0 6 2501 623 2502
1964 2 2 0 6 2503 2502 855
1965 2 2 0 6 413 2504 2506
1966 2 2 0 6 2504 2505 2506
1967 2 2 0 6 2504 624 2505
1968 2 2 0 6 2506 2505 856
1969 2 2 0 6 410 2507 2509
1970 2 2 0 6 2507 2508 2509
1971 2 2 0 6 2507 625 2508
1972 2 2 0 6 2509 2508 857
1973 2 2 0 6 378 2510 2512
1974 2 2 0 6 2510 2511 2512
1975 2 2 0 6 2510 658 2511
1976 2 2 0 6 2512 2511 1282
1977 2 2 0 6 379 2513 2515
1978 2 2 0 6 2513 2514 2515
1979 2 2 0 6 2513 659 2514
1980 2 2 0 6 2515 2514 1283
1981 2 2 0 6 380 2516 2518
1982 2 2 0 6 2516 2517 2518
1983 2 2 0 6 2516 660 2517
1984 2 2 0 6 2518 2517 1284
1985 2 2 0 6 381 2519 2521
1986 2 2 0 6 2519 2520 2521
1987 2 2 0 6 2519 661 2520
1988 2 2 0 6 2521 2520 1285
1989 2 2 0 6 642 2522 2524
1990 2 2 0 6 2522 2523 2524
1991 2 2 0 6 2522 998 2523
1992 2 2 0 6 2524 2523 1146
1993 2 2 0 6 643 2525 2527
1994 2 2 0 6 2525 2526 2527
1995 2 2 0 6 2525 999 2526
1996 2 2 0 6 2527 2526 1147
1997 2 2 0 6 644 2528 2530
1998 2 2 0 6 2528 2529 2530
1999 2 2 0 6 2528 1000 2529
2000 2 2 0 6 2530 2529 1148
2001 2 2 0 6 645 2531 2533
2002 2 2 0 6 2531 2532 2533
2003 2 2 0 6 2531 1001 2532
2004 2 2 0 6 2533 2532 1149
2005 2 2 0 6 606 1871 2535
2006 2 2 0 6 1871 2534 2535
2007 2 2 0 6 1871 662 2534
2008 2 2 0 6 2535 2534 1420
2009 2 2 0 6 607 1873 2537
2010 2 2 0 6 1873 2536 2537
2011 2 2 0 6 1873 663 2536
2012 2 2 0 6 2537 2536 1418
2013 2 2 0 6 608 1875 2539
2014 2 2 0 6 1875 2538 2539
2015 2 2 0 6 1875 664 2538
2016 2 2 0 6 2539 2538 1419
2017 2 2 0 6 609 1877 2541
2018 2 2 0 6 1877 2540 2541
2019 2 2 0 6 1877 665 2540
2020 2 2 0 6 2541 2540 1421
2021 2 2 0 6 378 2542 2544
2022 2 2 0 6 2542 2543 2544
2023 2 2 0 6 2542 1290 2543
2024 2 2 0 6 2544 2543 726
2025 2 2 0 6 379 2545 2547
2026 2 2 0 6 2545 2546 2547
2027 2 2 0 6 2545 1291 2546
2028 2 2 0 6 2547 2546 727
2029 2 2 0 6 380 2548 2550
2030 2 2 0 6 2548 2549 2550
2031 2 2 0 6 2548 1292 2549
2032 2 2 0 6 2550 2549 728
2033 2 2 0 6 381 2551 2553
2034 2 2 0 6 2551 2552 2553
2035 2 2 0 6 2551 1293 2552
2036 2 2 0 6 2553 2552 729
2037 2 2 0 6 321 2554 2556
2038 2 2 0 6 2554 2555 2556
2039 2 2 0 6 2554 786 2555
2040 2 2 0 6 2556 2555 906
2041 2 2 0 6 318 2557 2559
2042 2 2 0 6 2557 2558 2559
2043 2 2 0 6 2557 787 2558
2044 2 2 0 6 2559 2558 907
2045 2 2 0 6 319 2560 2562
2046 2 2 0 6 2560 2561 2562
2047 2 2 0 6 2560 788 2561
2048 2 2 0 6 2562 2561 908
2049 2 2 0 6 320 2563 2565
2050 2 2 0 6 2563 2564 2565
2051 2 2 0 6 2563 789 2564
2052 2 2 0 6 2565 2564 909
2053 2 2 0 6 494 2566 2567
2054 2 2 0 6 2566 2555 2567
2055 2 2 0 6 2566 906 2555
2056 2 2 0 6 2567 2555 786
2057 2 2 0 6 495 2568 2569
2058 2 2 0 6 2568 2558 2569
2059 2 2 0 6 2568 907 2558
2060 2 2 0 6 2569 2558 787
2061 2 2 0 6 496 2570 2571
2062 2 2 0 6 2570 2561 2571
2063 2 2 0 6 2570 908 2561
2064 2 2 0 6 2571 2561 788
2065 2 2 0 6 497 2572 2573
2066 2 2 0 6 2572 2564 2573
2067 2 2 0 6 2572 909 2564
2068 2 2 0 6 2573 2564 789
2069 2 2 0 6 1146 2523 2575
2070 2 2 0 6 2523 2574 2575
2071 2 2 0 6 2523 998 2574
2072 2 2 0 6 2575 2574 350
2073 2 2 0 6 1147 2526 2577
2074 2 2 0 6 2526 2576 2577
2075 2 2 0 6 2526 999 2576
2076 2 2 0 6 2577 2576 351
2077 2 2 0 6 1148 2529 2579
2078 2 2 0 6 2529 2578 2579
2079 2 2 0 6 2529 1000 2578
2080 2 2 0 6 2579 2578 352
2081 2 2 0 6 1149 2532 2581
2082 2 2 0 6 2532 2580 2581
2083 2 2 0 6 2532 1001 2580
2084 2 2 0 6 2581 2580 353
2085 2 2 0 6 726 2543 2583
2086 2 2 0 6 2543 2582 2583
2087 2 2 0 6 2543 1290 2582
2088 2 2 0 6 2583 2582 1110
2089 2 2 0 6 727 2546 2585
2090 2 2 0 6 2546 2584 2585
2091 2 2 0 6 2546 1291 2584
2092 2 2 0 6 2585 2584 1111
2093 2 2 0 6 728 2549 2587
2094 2 2 0 6 2549 2586 2587
2095 2 2 0 6 2549 1292 2586
2096 2 2 0 6 2587 2586 1112
2097 2 2 0 6 729 2552 2589
2098 2 2 0 6 2552 2588 2589
2099 2 2 0 6 2552 1293 2588
2100 2 2 0 6 2589 2588 1113
2101 2 2 0 6 446 2460 2591
2102 2 2 0 6 2460 2590 2591
2103 2 2 0 6 2460 629 2590
2104 2 2 0 6 2591 2590 882
2105 2 2 0 6 447 2463 2593
2106 2 2 0 6 2463 2592 2593
2107 2 2 0 6 2463 626 2592
2108 2 2 0 6 2593 2592 883
2109 2 2 0 6 448 2466 2595
2110 2 2 0 6 2466 2594 2595
2111 2 2 0 6 2466 627 2594
2112 2 2 0 6 2595 2594 884
2113 2 2 0 6 449 2469 2597
2114 2 2 0 6 2469 2596 2597
2115 2 2 0 6 2469 628 2596
2116 2 2 0 6 2597 2596 885
2117 2 2 0 6 339 2598 1657
2118 2 2 0 6 2598 2599 1657
2119 2 2 0 6 2598 1054 2599
2120 2 2 0 6 1657 2599 618
2121 2 2 0 6 340 2600 1660
2122 2 2 0 6 2600 2601 1660
2123 2 2 0 6 2600 1055 2601
2124 2 2 0 6 1660 2601 619
2125 2 2 0 6 341 2602 1663
2126 2 2 0 6 2602 2603 1663
2127 2 2 0 6 2602 1056 2603
2128 2 2 0 6 1663 2603 620
2129 2 2 0 6 338 2604 1654
2130 2 2 0 6 2604 2605 1654
2131 2 2 0 6 2604 1057 2605
2132 2 2 0 6 1654 2605 621
2133 2 2 0 6 41 2606 2608
2134 2 2 0 6 2606 2607 2608
2135 2 2 0 6 2606 730 2607
2136 2 2 0 6 2608 2607 1382
2137 2 2 0 6 104 2609 2611
2138 2 2 0 6 2609 2610 2611
2139 2 2 0 6 2609 731 2610
2140 2 2 0 6 2611 2610 1383
2141 2 2 0 6 167 2612 2614
2142 2 2 0 6 2612 2613 2614
2143 2 2 0 6 2612 732 2613
2144 2 2 0 6 2614 2613 1384
2145 2 2 0 6 230 2615 2617
2146 2 2 0 6 2615 2616 2617
2147 2 2 0 6 2615 733 2616
2148 2 2 0 6 2617 2616 1385
2149 2 2 0 6 250 2618 2620
2150 2 2 0 6 2618 2619 2620
2151 2 2 0 6 2618 1386 2619
2152 2 2 0 6 2620 2619 734
2153 2 2 0 6 61 2621 2623
2154 2 2 0 6 2621 2622 2623
2155 2 2 0 6 2621 1387 2622
2156 2 2 0 6 2623 2622 735
2157 2 2 0 6 124 2624 2626
2158 2 2 0 6 2624 2625 2626
2159 2 2 0 6 2624 1388 2625
2160 2 2 0 6 2626 2625 736
2161 2 2 0 6 187 2627 2629
2162 2 2 0 6 2627 2628 2629
2163 2 2 0 6 2627 1389 2628
2164 2 2 0 6 2629 2628 737
2165 2 2 0 6 41 10 2606
2166 2 2 0 6 10 2630 2606
2167 2 2 0 6 10 42 2630
2168 2 2 0 6 2606 2630 730
2169 2 2 0 6 104 73 2609
2170 2 2 0 6 73 2631 2609
2171 2 2 0 6 73 105 2631
2172 2 2 0 6 2609 2631 731
2173 2 2 0 6 167 136 2612
2174 2 2 0 6 136 2632 2612
2175 2 2 0 6 136 168 2632
2176 2 2 0 6 2612 2632 732
2177 2 2 0 6 230 199 2615
2178 2 2 0 6 199 2633 2615
2179 2 2 0 6 199 231 2633
2180 2 2 0 6 2615 2633 733
2181 2 2 0 6 250 2620 218
2182 2 2 0 6 2620 2634 218
2183 2 2 0 6 2620 734 2634
2184 2 2 0 6 218 2634 249
2185 2 2 0 6 61 2623 29
2186 2 2 0 6 2623 2635 29
2187 2 2 0 6 2623 735 2635
2188 2 2 0 6 29 2635 60
2189 2 2 0 6 124 2626 92
2190 2 2 0 6 2626 2636 92
2191 2 2 0 6 2626 736 2636
2192 2 2 0 6 92 2636 123
2193 2 2 0 6 187 2629 155
2194 2 2 0 6 2629 2637 155
2195 2 2 0 6 2629 737 2637
2196 2 2 0 6 155 2637 186
2197 2 2 0 6 50 2638 2639
2198 2 2 0 6 2638 2511 2639
2199 2 2 0 6 2638 1282 2511
2200 2 2 0 6 2639 2511 658
2201 2 2 0 6 113 2640 2641
2202 2 2 0 6 2640 2514 2641
2203 2 2 0 6 2640 1283 2514
2204 2 2 0 6 2641 2514 659
2205 2 2 0 6 176 2642 2643
2206 2 2 0 6 2642 2517 2643
2207 2 2 0 6 2642 1284 2517
2208 2 2 0 6 2643 2517 660
2209 2 2 0 6 239 2644 2645
2210 2 2 0 6 2644 2520 2645
2211 2 2 0 6 2644 1285 2520
2212 2 2 0 6 2645 2520 661
2213 2 2 0 6 339 2646 2598
2214 2 2 0 6 2646 2647 2598
2215 2 2 0 6 2646 639 2647
2216 2 2 0 6 2598 2647 1054
2217 2 2 0 6 340 2648 2600
2218 2 2 0 6 2648 2649 2600
2219 2 2 0 6 2648 640 2649
2220 2 2 0 6 2600 2649 1055
2221 2 2 0 6 341 2650 2602
2222 2 2 0 6 2650 2651 2602
2223 2 2 0 6 2650 641 2651
2224 2 2 0 6 2602 2651 1056
2225 2 2 0 6 338 2652 2604
2226 2 2 0 6 2652 2653 2604
2227 2 2 0 6 2652 638 2653
2228 2 2 0 6 2604 2653 1057
2229 2 2 0 6 451 2654 1668
2230 2 2 0 6 2654 2647 1668
2231 2 2 0 6 2654 1054 2647
2232 2 2 0 6 1668 2647 639
2233 2 2 0 6 452 2655 1670
2234 2 2 0 6 2655 2649 1670
2235 2 2 0 6 2655 1055 2649
2236 2 2 0 6 1670 2649 640
2237 2 2 0 6 453 2656 1672
2238 2 2 0 6 2656 2651 1672
2239 2 2 0 6 2656 1056 2651
2240 2 2 0 6 1672 2651 641
2241 2 2 0 6 450 2657 1666
2242 2 2 0 6 2657 2653 1666
2243 2 2 0 6 2657 1057 2653
2244 2 2 0 6 1666 2653 638
2245 2 2 0 6 562 2658 2660
2246 2 2 0 6 2658 2659 2660
2247 2 2 0 6 2658 1211 2659
2248 2 2 0 6 2660 2659 971
2249 2 2 0 6 563 2661 2663
2250 2 2 0 6 2661 2662 2663
2251 2 2 0 6 2661 1212 2662
2252 2 2 0 6 2663 2662 972
2253 2 2 0 6 564 2664 2666
2254 2 2 0 6 2664 2665 2666
2255 2 2 0 6 2664 1210 2665
2256 2 2 0 6 2666 2665 970
2257 2 2 0 6 565 2667 2669
2258 2 2 0 6 2667 2668 2669
2259 2 2 0 6 2667 1213 2668
2260 2 2 0 6 2669 2668 973
2261 2 2 0 6 411 2670 2498
2262 2 2 0 6 2670 1738 2498
2263 2 2 0 6 2670 946 1738
2264 2 2 0 6 2498 1738 622
2265 2 2 0 6 412 2671 2501
2266 2 2 0 6 2671 1741 2501
2267 2 2 0 6 2671 947 1741
2268 2 2 0 6 2501 1741 623
2269 2 2 0 6 413 2672 2504
2270 2 2 0 6 2672 1744 2504
2271 2 2 0 6 2672 948 1744
2272 2 2 0 6 2504 1744 624
2273 2 2 0 6 410 2673 2507
2274 2 2 0 6 2673 1735 2507
2275 2 2 0 6 2673 949 1735
2276 2 2 0 6 2507 1735 625
2277 2 2 0 6 261 1837 2675
2278 2 2 0 6 1837 2674 2675
2279 2 2 0 6 1837 649 2674
2280 2 2 0 6 2675 2674 1026
2281 2 2 0 6 258 1828 2677
2282 2 2 0 6 1828 2676 2677
2283 2 2 0 6 1828 646 2676
2284 2 2 0 6 2677 2676 1027
2285 2 2 0 6 259 1831 2679
2286 2 2 0 6 1831 2678 2679
2287 2 2 0 6 1831 647 2678
2288 2 2 0 6 2679 2678 1028
2289 2 2 0 6 260 1834 2681
2290 2 2 0 6 1834 2680 2681
2291 2 2 0 6 1834 648 2680
2292 2 2 0 6 2681 2680 1029
2293 2 2 0 6 463 2682 2683
2294 2 2 0 6 2682 2676 2683
2295 2 2 0 6 2682 1027 2676
2296 2 2 0 6 2683 2676 646
2297 2 2 0 6 464 2684 2685
2298 2 2 0 6 2684 2678 2685
2299 2 2 0 6 2684 1028 2678
2300 2 2 0 6 2685 2678 647
2301 2 2 0 6 465 2686 2687
2302 2 2 0 6 2686 2680 2687
2303 2 2 0 6 2686 1029 2680
2304 2 2 0 6 2687 2680 648
2305 2 2 0 6 462 2688 2689
2306 2 2 0 6 2688 2674 2689
2307 2 2 0 6 2688 1026 2674
2308 2 2 0 6 2689 2674 649
2309 2 2 0 6 463 2690 2692
2310 2 2 0 6 2690 2691 2692
2311 2 2 0 6 2690 978 2691
2312 2 2 0 6 2692 2691 666
2313 2 2 0 6 464 2693 2695
2314 2 2 0 6 2693 2694 2695
2315 2 2 0 6 2693 979 2694
2316 2 2 0 6 2695 2694 667
2317 2 2 0 6 465 2696 2698
2318 2 2 0 6 2696 2697 2698
2319 2 2 0 6 2696 980 2697
2320 2 2 0 6 2698 2697 668
2321 2 2 0 6 462 2699 2701
2322 2 2 0 6 2699 2700 2701
2323 2 2 0 6 2699 981 2700
2324 2 2 0 6 2701 2700 669
2325 2 2 0 6 321 2702 2703
2326 2 2 0 6 2702 2700 2703
2327 2 2 0 6 2702 669 2700
2328 2 2 0 6 2703 2700 981
2329 2 2 0 6 318 2704 2705
2330 2 2 0 6 2704 2691 2705
2331 2 2 0 6 2704 666 2691
2332 2 2 0 6 2705 2691 978
2333 2 2 0 6 319 2706 2707
2334 2 2 0 6 2706 2694 2707
2335 2 2 0 6 2706 667 2694
2336 2 2 0 6 2707 2694 979
2337 2 2 0 6 320 2708 2709
2338 2 2 0 6 2708 2697 2709
2339 2 2 0 6 2708 668 2697
2340 2 2 0 6 2709 2697 980
2341 2 2 0 6 603 2227 2711
2342 2 2 0 6 2227 2710 2711
2343 2 2 0 6 2227 1263 2710
2344 2 2 0 6 2711 2710 927
2345 2 2 0 6 604 2230 2713
2346 2 2 0 6 2230 2712 2713
2347 2 2 0 6 2230 1264 2712
2348 2 2 0 6 2713 2712 928
2349 2 2 0 6 605 2233 2715
2350 2 2 0 6 2233 2714 2715
2351 2 2 0 6 2233 1265 2714
2352 2 2 0 6 2715 2714 929
2353 2 2 0 6 602 2224 2717
2354 2 2 0 6 2224 2716 2717
2355 2 2 0 6 2224 1262 2716
2356 2 2 0 6 2717 2716 926
2357 2 2 0 6 38 2718 1734
2358 2 2 0 6 2718 2719 1734
2359 2 2 0 6 2718 1190 2719
2360 2 2 0 6 1734 2719 625
2361 2 2 0 6 101 2720 1737
2362 2 2 0 6 2720 2721 1737
2363 2 2 0 6 2720 1191 2721
2364 2 2 0 6 1737 2721 622
2365 2 2 0 6 164 2722 1740
2366 2 2 0 6 2722 2723 1740
2367 2 2 0 6 2722 1192 2723
2368 2 2 0 6 1740 2723 623
2369 2 2 0 6 227 2724 1743
2370 2 2 0 6 2724 2725 1743
2371 2 2 0 6 2724 1193 2725
2372 2 2 0 6 1743 2725 624
2373 2 2 0 6 253 1748 2726
2374 2 2 0 6 1748 2459 2726
2375 2 2 0 6 1748 629 2459
2376 2 2 0 6 2726 2459 1186
2377 2 2 0 6 64 1751 2727
2378 2 2 0 6 1751 2462 2727
2379 2 2 0 6 1751 626 2462
2380 2 2 0 6 2727 2462 1187
2381 2 2 0 6 127 1754 2728
2382 2 2 0 6 1754 2465 2728
2383 2 2 0 6 1754 627 2465
2384 2 2 0 6 2728 2465 1188
2385 2 2 0 6 190 1757 2729
2386 2 2 0 6 1757 2468 2729
2387 2 2 0 6 1757 628 2468
2388 2 2 0 6 2729 2468 1189
2389 2 2 0 6 469 2730 2732
2390 2 2 0 6 2730 2731 2732
2391 2 2 0 6 2730 1074 2731
2392 2 2 0 6 2732 2731 714
2393 2 2 0 6 466 2733 2735
2394 2 2 0 6 2733 2734 2735
2395 2 2 0 6 2733 1075 2734
2396 2 2 0 6 2735 2734 715
2397 2 2 0 6 467 2736 2738
2398 2 2 0 6 2736 2737 2738
2399 2 2 0 6 2736 1076 2737
2400 2 2 0 6 2738 2737 716
2401 2 2 0 6 468 2739 2741
2402 2 2 0 6 2739 2740 2741
2403 2 2 0 6 2739 1077 2740
2404 2 2 0 6 2741 2740 717
2405 2 2 0 6 297 2742 2298
2406 2 2 0 6 2742 2743 2298
2407 2 2 0 6 2742 685 2743
2408 2 2 0 6 2298 2743 850
2409 2 2 0 6 294 2744 2301
2410 2 2 0 6 2744 2745 2301
2411 2 2 0 6 2744 682 2745
2412 2 2 0 6 2301 2745 851
2413 2 2 0 6 295 2746 2304
2414 2 2 0 6 2746 2747 2304
2415 2 2 0 6 2746 683 2747
2416 2 2 0 6 2304 2747 852
2417 2 2 0 6 296 2748 2307
2418 2 2 0 6 2748 2749 2307
2419 2 2 0 6 2748 684 2749
2420 2 2 0 6 2307 2749 853
2421 2 2 0 6 429 2750 2751
2422 2 2 0 6 2750 2743 2751
2423 2 2 0 6 2750 850 2743
2424 2 2 0 6 2751 2743 685
2425 2 2 0 6 426 2752 2753
2426 2 2 0 6 2752 2745 2753
2427 2 2 0 6 2752 851 2745
2428 2 2 0 6 2753 2745 682
2429 2 2 0 6 427 2754 2755
2430 2 2 0 6 2754 2747 2755
2431 2 2 0 6 2754 852 2747
2432 2 2 0 6 2755 2747 683
2433 2 2 0 6 428 2756 2757
2434 2 2 0 6 2756 2749 2757
2435 2 2 0 6 2756 853 2749
2436 2 2 0 6 2757 2749 684
2437 2 2 0 6 46 2758 2394
2438 2 2 0 6 2758 2759 2394
2439 2 2 0 6 2758 1254 2759
2440 2 2 0 6 2394 2759 705
2441 2 2 0 6 109 2760 2396
2442 2 2 0 6 2760 2761 2396
2443 2 2 0 6 2760 1255 2761
2444 2 2 0 6 2396 2761 702
2445 2 2 0 6 172 2762 2398
2446 2 2 0 6 2762 2763 2398
2447 2 2 0 6 2762 1256 2763
2448 2 2 0 6 2398 2763 703
2449 2 2 0 6 235 2764 2400
2450 2 2 0 6 2764 2765 2400
2451 2 2 0 6 2764 1257 2765
2452 2 2 0 6 2400 2765 704
2453 2 2 0 6 378 2766 2510
2454 2 2 0 6 2766 2767 2510
2455 2 2 0 6 2766 1470 2767
2456 2 2 0 6 2510 2767 658
2457 2 2 0 6 379 2768 2513
2458 2 2 0 6 2768 2769 2513
2459 2 2 0 6 2768 1471 2769
2460 2 2 0 6 2513 2769 659
2461 2 2 0 6 380 2770 2516
2462 2 2 0 6 2770 2771 2516
2463 2 2 0 6 2770 1472 2771
2464 2 2 0 6 2516 2771 660
2465 2 2 0 6 381 2772 2519
2466 2 2 0 6 2772 2773 2519
2467 2 2 0 6 2772 1473 2773
2468 2 2 0 6 2519 2773 661
2469 2 2 0 6 52 2774 2776
2470 2 2 0 6 2774 2775 2776
2471 2 2 0 6 2774 766 2775
2472 2 2 0 6 2776 2775 1282
2473 2 2 0 6 115 2777 2779
2474 2 2 0 6 2777 2778 2779
2475 2 2 0 6 2777 767 2778
2476 2 2 0 6 2779 2778 1283
2477 2 2 0 6 178 2780 2782
2478 2 2 0 6 2780 2781 2782
2479 2 2 0 6 2780 768 2781
2480 2 2 0 6 2782 2781 1284
2481 2 2 0 6 241 2783 2785
2482 2 2 0 6 2783 2784 2785
2483 2 2 0 6 2783 769 2784
2484 2 2 0 6 2785 2784 1285
2485 2 2 0 6 374 2786 2026
2486 2 2 0 6 2786 2787 2026
2487 2 2 0 6 2786 962 2787
2488 2 2 0 6 2026 2787 787
2489 2 2 0 6 375 2788 2029
2490 2 2 0 6 2788 2789 2029
2491 2 2 0 6 2788 963 2789
2492 2 2 0 6 2029 2789 788
2493 2 2 0 6 376 2790 2032
2494 2 2 0 6 2790 2791 2032
2495 2 2 0 6 2790 964 2791
2496 2 2 0 6 2032 2791 789
2497 2 2 0 6 377 2792 2035
2498 2 2 0 6 2792 2793 2035
2499 2 2 0 6 2792 965 2793
2500 2 2 0 6 2035 2793 786
2501 2 2 0 6 494 2567 2794
2502 2 2 0 6 2567 2793 2794
2503 2 2 0 6 2567 786 2793
2504 2 2 0 6 2794 2793 965
2505 2 2 0 6 495 2569 2795
2506 2 2 0 6 2569 2787 2795
2507 2 2 0 6 2569 787 2787
2508 2 2 0 6 2795 2787 962
2509 2 2 0 6 496 2571 2796
2510 2 2 0 6 2571 2789 2796
2511 2 2 0 6 2571 788 2789
2512 2 2 0 6 2796 2789 963
2513 2 2 0 6 497 2573 2797
2514 2 2 0 6 2573 2791 2797
2515 2 2 0 6 2573 789 2791
2516 2 2 0 6 2797 2791 964
2517 2 2 0 6 247 2497 2799
2518 2 2 0 6 2497 2798 2799
2519 2 2 0 6 2497 758 2798
2520 2 2 0 6 2799 2798 1082
2521 2 2 0 6 58 2491 2801
2522 2 2 0 6 2491 2800 2801
2523 2 2 0 6 2491 759 2800
2524 2 2 0 6 2801 2800 1083
2525 2 2 0 6 121 2493 2803
2526 2 2 0 6 2493 2802 2803
2527 2 2 0 6 2493 760 2802
2528 2 2 0 6 2803 2802 1084
2529 2 2 0 6 184 2495 2805
2530 2 2 0 6 2495 2804 2805
2531 2 2 0 6 2495 761 2804
2532 2 2 0 6 2805 2804 1085
2533 2 2 0 6 254 2806 222
2534 2 2 0 6 2806 1746 222
2535 2 2 0 6 2806 953 1746
2536 2 2 0 6 222 1746 253
2537 2 2 0 6 65 2807 33
2538 2 2 0 6 2807 1749 33
2539 2 2 0 6 2807 950 1749
2540 2 2 0 6 33 1749 64
2541 2 2 0 6 128 2808 96
2542 2 2 0 6 2808 1752 96
2543 2 2 0 6 2808 951 1752
2544 2 2 0 6 96 1752 127
2545 2 2 0 6 191 2809 159
2546 2 2 0 6 2809 1755 159
2547 2 2 0 6 2809 952 1755
2548 2 2 0 6 159 1755 190
2549 2 2 0 6 37 6 2810
2550 2 2 0 6 6 1736 2810
2551 2 2 0 6 6 38 1736
2552 2 2 0 6 2810 1736 949
2553 2 2 0 6 100 69 2811
2554 2 2 0 6 69 1739 2811
2555 2 2 0 6 69 101 1739
2556 2 2 0 6 2811 1739 946
2557 2 2 0 6 163 132 2812
2558 2 2 0 6 132 1742 2812
2559 2 2 0 6 132 164 1742
2560 2 2 0 6 2812 1742 947
2561 2 2 0 6 226 195 2813
2562 2 2 0 6 195 1745 2813
2563 2 2 0 6 195 227 1745
2564 2 2 0 6 2813 1745 948
2565 2 2 0 6 525 2814 2816
2566 2 2 0 6 2814 2815 2816
2567 2 2 0 6 2814 1158 2815
2568 2 2 0 6 2816 2815 710
2569 2 2 0 6 522 2817 2819
2570 2 2 0 6 2817 2818 2819
2571 2 2 0 6 2817 1159 2818
2572 2 2 0 6 2819 2818 711
2573 2 2 0 6 523 2820 2822
2574 2 2 0 6 2820 2821 2822
2575 2 2 0 6 2820 1160 2821
2576 2 2 0 6 2822 2821 712
2577 2 2 0 6 524 2823 2825
2578 2 2 0 6 2823 2824 2825
2579 2 2 0 6 2823 1161 2824
2580 2 2 0 6 2825 2824 713
2581 2 2 0 6 338 1656 2826
2582 2 2 0 6 1656 2815 2826
2583 2 2 0 6 1656 710 2815
2584 2 2 0 6 2826 2815 1158
2585 2 2 0 6 339 1659 2827
2586 2 2 0 6 1659 2818 2827
2587 2 2 0 6 1659 711 2818
2588 2 2 0 6 2827 2818 1159
2589 2 2 0 6 340 1662 2828
2590 2 2 0 6 1662 2821 2828
2591 2 2 0 6 1662 712 2821
2592 2 2 0 6 2828 2821 1160
2593 2 2 0 6 341 1665 2829
2594 2 2 0 6 1665 2824 2829
2595 2 2 0 6 1665 713 2824
2596 2 2 0 6 2829 2824 1161
2597 2 2 0 6 51 20 2830
2598 2 2 0 6 20 2776 2830
2599 2 2 0 6 20 52 2776
2600 2 2 0 6 2830 2776 1282
2601 2 2 0 6 114 83 2831
2602 2 2 0 6 83 2779 2831
2603 2 2 0 6 83 115 2779
2604 2 2 0 6 2831 2779 1283
2605 2 2 0 6 177 146 2832
2606 2 2 0 6 146 2782 2832
2607 2 2 0 6 146 178 2782
2608 2 2 0 6 2832 2782 1284
2609 2 2 0 6 240 209 2833
2610 2 2 0 6 209 2785 2833
2611 2 2 0 6 209 241 2785
2612 2 2 0 6 2833 2785 1285
2613 2 2 0 6 554 2834 1575
2614 2 2 0 6 2834 2835 1575
2615 2 2 0 6 2834 731 2835
2616 2 2 0 6 1575 2835 927
2617 2 2 0 6 555 2836 1578
2618 2 2 0 6 2836 2837 1578
2619 2 2 0 6 2836 732 2837
2620 2 2 0 6 1578 2837 928
2621 2 2 0 6 556 2838 1581
2622 2 2 0 6 2838 2839 1581
2623 2 2 0 6 2838 733 2839
2624 2 2 0 6 1581 2839 929
2625 2 2 0 6 557 2840 1584
2626 2 2 0 6 2840 2841 1584
2627 2 2 0 6 2840 730 2841
2628 2 2 0 6 1584 2841 926
2629 2 2 0 6 561 2842 2844
2630 2 2 0 6 2842 2843 2844
2631 2 2 0 6 2842 933 2843
2632 2 2 0 6 2844 2843 734
2633 2 2 0 6 558 2845 2847
2634 2 2 0 6 2845 2846 2847
2635 2 2 0 6 2845 930 2846
2636 2 2 0 6 2847 2846 735
2637 2 2 0 6 559 2848 2850
2638 2 2 0 6 2848 2849 2850
2639 2 2 0 6 2848 931 2849
2640 2 2 0 6 2850 2849 736
2641 2 2 0 6 560 2851 2853
2642 2 2 0 6 2851 2852 2853
2643 2 2 0 6 2851 932 2852
2644 2 2 0 6 2853 2852 737
2645 2 2 0 6 354 1760 1958
2646 2 2 0 6 1760 2854 1958
2647 2 2 0 6 1760 677 2854
2648 2 2 0 6 1958 2854 1066
2649 2 2 0 6 355 1763 1961
2650 2 2 0 6 1763 2855 1961
2651 2 2 0 6 1763 674 2855
2652 2 2 0 6 1961 2855 1067
2653 2 2 0 6 356 1766 1964
2654 2 2 0 6 1766 2856 1964
2655 2 2 0 6 1766 675 2856
2656 2 2 0 6 1964 2856 1068
2657 2 2 0 6 357 1769 1967
2658 2 2 0 6 1769 2857 1967
2659 2 2 0 6 1769 676 2857
2660 2 2 0 6 1967 2857 1069
2661 2 2 0 6 422 2858 2859
2662 2 2 0 6 2858 1554 2859
2663 2 2 0 6 2858 1286 1554
2664 2 2 0 6 2859 1554 638
2665 2 2 0 6 423 2860 2861
2666 2 2 0 6 2860 1556 2861
2667 2 2 0 6 2860 1287 1556
2668 2 2 0 6 2861 1556 639
2669 2 2 0 6 424 2862 2863
2670 2 2 0 6 2862 1558 2863
2671 2 2 0 6 2862 1288 1558
2672 2 2 0 6 2863 1558 640
2673 2 2 0 6 425 2864 2865
2674 2 2 0 6 2864 1560 2865
2675 2 2 0 6 2864 1289 1560
2676 2 2 0 6 2865 1560 641
2677 2 2 0 6 514 2866 2868
2678 2 2 0 6 2866 2867 2868
2679 2 2 0 6 2866 1310 2867
2680 2 2 0 6 2868 2867 701
2681 2 2 0 6 515 2869 2871
2682 2 2 0 6 2869 2870 2871
2683 2 2 0 6 2869 1311 2870
2684 2 2 0 6 2871 2870 698
2685 2 2 0 6 516 2872 2874
2686 2 2 0 6 2872 2873 2874
2687 2 2 0 6 2872 1312 2873
2688 2 2 0 6 2874 2873 699
2689 2 2 0 6 517 2875 2877
2690 2 2 0 6 2875 2876 2877
2691 2 2 0 6 2875 1313 2876
2692 2 2 0 6 2877 2876 700
2693 2 2 0 6 498 2878 2879
2694 2 2 0 6 2878 2214 2879
2695 2 2 0 6 2878 1122 2214
2696 2 2 0 6 2879 2214 743
2697 2 2 0 6 499 2880 2881
2698 2 2 0 6 2880 2217 2881
2699 2 2 0 6 2880 1123 2217
2700 2 2 0 6 2881 2217 744
2701 2 2 0 6 500 2882 2883
2702 2 2 0 6 2882 2220 2883
2703 2 2 0 6 2882 1124 2220
2704 2 2 0 6 2883 2220 745
2705 2 2 0 6 501 2884 2885
2706 2 2 0 6 2884 2211 2885
2707 2 2 0 6 2884 1125 2211
2708 2 2 0 6 2885 2211 742
2709 2 2 0 6 50 2639 2887
2710 2 2 0 6 2639 2886 2887
2711 2 2 0 6 2639 658 2886
2712 2 2 0 6 2887 2886 914
2713 2 2 0 6 113 2641 2889
2714 2 2 0 6 2641 2888 2889
2715 2 2 0 6 2641 659 2888
2716 2 2 0 6 2889 2888 915
2717 2 2 0 6 176 2643 2891
2718 2 2 0 6 2643 2890 2891
2719 2 2 0 6 2643 660 2890
2720 2 2 0 6 2891 2890 916
2721 2 2 0 6 239 2645 2893
2722 2 2 0 6 2645 2892 2893
2723 2 2 0 6 2645 661 2892
2724 2 2 0 6 2893 2892 917
2725 2 2 0 6 338 2894 2652
2726 2 2 0 6 2894 2895 2652
2727 2 2 0 6 2894 1050 2895
2728 2 2 0 6 2652 2895 638
2729 2 2 0 6 339 2896 2646
2730 2 2 0 6 2896 2897 2646
2731 2 2 0 6 2896 1051 2897
2732 2 2 0 6 2646 2897 639
2733 2 2 0 6 340 2898 2648
2734 2 2 0 6 2898 2899 2648
2735 2 2 0 6 2898 1052 2899
2736 2 2 0 6 2648 2899 640
2737 2 2 0 6 341 2900 2650
2738 2 2 0 6 2900 2901 2650
2739 2 2 0 6 2900 1053 2901
2740 2 2 0 6 2650 2901 641
2741 2 2 0 6 406 2902 2904
2742 2 2 0 6 2902 2903 2904
2743 2 2 0 6 2902 1246 2903
2744 2 2 0 6 2904 2903 1274
2745 2 2 0 6 407 2905 2907
2746 2 2 0 6 2905 2906 2907
2747 2 2 0 6 2905 1247 2906
2748 2 2 0 6 2907 2906 1275
2749 2 2 0 6 408 2908 2910
2750 2 2 0 6 2908 2909 2910
2751 2 2 0 6 2908 1248 2909
2752 2 2 0 6 2910 2909 1276
2753 2 2 0 6 409 2911 2913
2754 2 2 0 6 2911 2912 2913
2755 2 2 0 6 2911 1249 2912
2756 2 2 0 6 2913 2912 1277
2757 2 2 0 6 566 2914 1522
2758 2 2 0 6 2914 2915 1522
2759 2 2 0 6 2914 1402 2915
2760 2 2 0 6 1522 2915 862
2761 2 2 0 6 567 2916 1525
2762 2 2 0 6 2916 2917 1525
2763 2 2 0 6 2916 1403 2917
2764 2 2 0 6 1525 2917 863
2765 2 2 0 6 568 2918 1528
2766 2 2 0 6 2918 2919 1528
2767 2 2 0 6 2918 1404 2919
2768 2 2 0 6 1528 2919 864
2769 2 2 0 6 569 2920 1531
2770 2 2 0 6 2920 2921 1531
2771 2 2 0 6 2920 1405 2921
2772 2 2 0 6 1531 2921 865
2773 2 2 0 6 406 2904 2923
2774 2 2 0 6 2904 2922 2923
2775 2 2 0 6 2904 1274 2922
2776 2 2 0 6 2923 2922 878
2777 2 2 0 6 407 2907 2925
2778 2 2 0 6 2907 2924 2925
2779 2 2 0 6 2907 1275 2924
2780 2 2 0 6 2925 2924 879
2781 2 2 0 6 408 2910 2927
2782 2 2 0 6 2910 2926 2927
2783 2 2 0 6 2910 1276 2926
2784 2 2 0 6 2927 2926 880
2785 2 2 0 6 409 2913 2929
2786 2 2 0 6 2913 2928 2929
2787 2 2 0 6 2913 1277 2928
2788 2 2 0 6 2929 2928 881
2789 2 2 0 6 498 2879 2172
2790 2 2 0 6 2879 2930 2172
2791 2 2 0 6 2879 743 2930
2792 2 2 0 6 2172 2930 815
2793 2 2 0 6 499 2881 2174
2794 2 2 0 6 2881 2931 2174
2795 2 2 0 6 2881 744 2931
2796 2 2 0 6 2174 2931 816
2797 2 2 0 6 500 2883 2176
2798 2 2 0 6 2883 2932 2176
2799 2 2 0 6 2883 745 2932
2800 2 2 0 6 2176 2932 817
2801 2 2 0 6 501 2885 2170
2802 2 2 0 6 2885 2933 2170
2803 2 2 0 6 2885 742 2933
2804 2 2 0 6 2170 2933 814
2805 2 2 0 6 395 2934 2935
2806 2 2 0 6 2934 2930 2935
2807 2 2 0 6 2934 815 2930
2808 2 2 0 6 2935 2930 743
2809 2 2 0 6 396 2936 2937
2810 2 2 0 6 2936 2931 2937
2811 2 2 0 6 2936 816 2931
2812 2 2 0 6 2937 2931 744
2813 2 2 0 6 397 2938 2939
2814 2 2 0 6 2938 2932 2939
2815 2 2 0 6 2938 817 2932
2816 2 2 0 6 2939 2932 745
2817 2 2 0 6 394 2940 2941
2818 2 2 0 6 2940 2933 2941
2819 2 2 0 6 2940 814 2933
2820 2 2 0 6 2941 2933 742
2821 2 2 0 6 378 2512 2942
2822 2 2 0 6 2512 2775 2942
2823 2 2 0 6 2512 1282 2775
2824 2 2 0 6 2942 2775 766
2825 2 2 0 6 379 2515 2943
2826 2 2 0 6 2515 2778 2943
2827 2 2 0 6 2515 1283 2778
2828 2 2 0 6 2943 2778 767
2829 2 2 0 6 380 2518 2944
2830 2 2 0 6 2518 2781 2944
2831 2 2 0 6 2518 1284 2781
2832 2 2 0 6 2944 2781 768
2833 2 2 0 6 381 2521 2945
2834 2 2 0 6 2521 2784 2945
2835 2 2 0 6 2521 1285 2784
2836 2 2 0 6 2945 2784 769
2837 2 2 0 6 422 2859 2450
2838 2 2 0 6 2859 2895 2450
2839 2 2 0 6 2859 638 2895
2840 2 2 0 6 2450 2895 1050
2841 2 2 0 6 423 2861 2452
2842 2 2 0 6 2861 2897 2452
2843 2 2 0 6 2861 639 2897
2844 2 2 0 6 2452 2897 1051
2845 2 2 0 6 424 2863 2454
2846 2 2 0 6 2863 2899 2454
2847 2 2 0 6 2863 640 2899
2848 2 2 0 6 2454 2899 1052
2849 2 2 0 6 425 2865 2456
2850 2 2 0 6 2865 2901 2456
2851 2 2 0 6 2865 641 2901
2852 2 2 0 6 2456 2901 1053
2853 2 2 0 6 545 2946 2947
2854 2 2 0 6 2946 2223 2947
2855 2 2 0 6 2946 1262 2223
2856 2 2 0 6 2947 2223 1393
2857 2 2 0 6 542 2948 2949
2858 2 2 0 6 2948 2226 2949
2859 2 2 0 6 2948 1263 2226
2860 2 2 0 6 2949 2226 1390
2861 2 2 0 6 543 2950 2951
2862 2 2 0 6 2950 2229 2951
2863 2 2 0 6 2950 1264 2229
2864 2 2 0 6 2951 2229 1391
2865 2 2 0 6 544 2952 2953
2866 2 2 0 6 2952 2232 2953
2867 2 2 0 6 2952 1265 2232
2868 2 2 0 6 2953 2232 1392
2869 2 2 0 6 535 2954 2956
2870 2 2 0 6 2954 2955 2956
2871 2 2 0 6 2954 826 2955
2872 2 2 0 6 2956 2955 1027
2873 2 2 0 6 536 2957 2959
2874 2 2 0 6 2957 2958 2959
2875 2 2 0 6 2957 827 2958
2876 2 2 0 6 2959 2958 1028
2877 2 2 0 6 537 2960 2962
2878 2 2 0 6 2960 2961 2962
2879 2 2 0 6 2960 828 2961
2880 2 2 0 6 2962 2961 1029
2881 2 2 0 6 534 2963 2965
2882 2 2 0 6 2963 2964 2965
2883 2 2 0 6 2963 829 2964
2884 2 2 0 6 2965 2964 1026
2885 2 2 0 6 258 2677 2966
2886 2 2 0 6 2677 2955 2966
2887 2 2 0 6 2677 1027 2955
2888 2 2 0 6 2966 2955 826
2889 2 2 0 6 259 2679 2967
2890 2 2 0 6 2679 2958 2967
2891 2 2 0 6 2679 1028 2958
2892 2 2 0 6 2967 2958 827
2893 2 2 0 6 260 2681 2968
2894 2 2 0 6 2681 2961 2968
2895 2 2 0 6 2681 1029 2961
2896 2 2 0 6 2968 2961 828
2897 2 2 0 6 261 2675 2969
2898 2 2 0 6 2675 2964 2969
2899 2 2 0 6 2675 1026 2964
2900 2 2 0 6 2969 2964 829
2901 2 2 0 6 382 2970 2478
2902 2 2 0 6 2970 2522 2478
2903 2 2 0 6 2970 998 2522
2904 2 2 0 6 2478 2522 642
2905 2 2 0 6 383 2971 2481
2906 2 2 0 6 2971 2525 2481
2907 2 2 0 6 2971 999 2525
2908 2 2 0 6 2481 2525 643
2909 2 2 0 6 384 2972 2484
2910 2 2 0 6 2972 2528 2484
2911 2 2 0 6 2972 1000 2528
2912 2 2 0 6 2484 2528 644
2913 2 2 0 6 385 2973 2487
2914 2 2 0 6 2973 2531 2487
2915 2 2 0 6 2973 1001 2531
2916 2 2 0 6 2487 2531 645
2917 2 2 0 6 303 2974 2976
2918 2 2 0 6 2974 2975 2976
2919 2 2 0 6 2974 883 2975
2920 2 2 0 6 2976 2975 854
2921 2 2 0 6 304 2977 2979
2922 2 2 0 6 2977 2978 2979
2923 2 2 0 6 2977 884 2978
2924 2 2 0 6 2979 2978 855
2925 2 2 0 6 305 2980 2982
2926 2 2 0 6 2980 2981 2982
2927 2 2 0 6 2980 885 2981
2928 2 2 0 6 2982 2981 856
2929 2 2 0 6 302 2983 2985
2930 2 2 0 6 2983 2984 2985
2931 2 2 0 6 2983 882 2984
2932 2 2 0 6 2985 2984 857
2933 2 2 0 6 586 2986 2988
2934 2 2 0 6 2986 2987 2988
2935 2 2 0 6 2986 1198 2987
2936 2 2 0 6 2988 2987 806
2937 2 2 0 6 587 2989 2991
2938 2 2 0 6 2989 2990 2991
2939 2 2 0 6 2989 1199 2990
2940 2 2 0 6 2991 2990 807
2941 2 2 0 6 588 2992 2994
2942 2 2 0 6 2992 2993 2994
2943 2 2 0 6 2992 1200 2993
2944 2 2 0 6 2994 2993 808
2945 2 2 0 6 589 2995 2997
2946 2 2 0 6 2995 2996 2997
2947 2 2 0 6 2995 1201 2996
2948 2 2 0 6 2997 2996 809
2949 2 2 0 6 313 2998 2999
2950 2 2 0 6 2998 2996 2999
2951 2 2 0 6 2998 809 2996
2952 2 2 0 6 2999 2996 1201
2953 2 2 0 6 310 3000 3001
2954 2 2 0 6 3000 2987 3001
2955 2 2 0 6 3000 806 2987
2956 2 2 0 6 3001 2987 1198
2957 2 2 0 6 311 3002 3003
2958 2 2 0 6 3002 2990 3003
2959 2 2 0 6 3002 807 2990
2960 2 2 0 6 3003 2990 1199
2961 2 2 0 6 312 3004 3005
2962 2 2 0 6 3004 2993 3005
2963 2 2 0 6 3004 808 2993
2964 2 2 0 6 3005 2993 1200
2965 2 2 0 6 330 1576 3006
2966 2 2 0 6 1576 2710 3006
2967 2 2 0 6 1576 927 2710
2968 2 2 0 6 3006 2710 1263
2969 2 2 0 6 331 1579 3007
2970 2 2 0 6 1579 2712 3007
2971 2 2 0 6 1579 928 2712
2972 2 2 0 6 3007 2712 1264
2973 2 2 0 6 332 1582 3008
2974 2 2 0 6 1582 2714 3008
2975 2 2 0 6 1582 929 2714
2976 2 2 0 6 3008 2714 1265
2977 2 2 0 6 333 1585 3009
2978 2 2 0 6 1585 2716 3009
2979 2 2 0 6 1585 926 2716
2980 2 2 0 6 3009 2716 1262
2981 2 2 0 6 342 2320 3010
2982 2 2 0 6 2320 2665 3010
2983 2 2 0 6 2320 970 2665
2984 2 2 0 6 3010 2665 1210
2985 2 2 0 6 343 2323 3011
2986 2 2 0 6 2323 2659 3011
2987 2 2 0 6 2323 971 2659
2988 2 2 0 6 3011 2659 1211
2989 2 2 0 6 344 2326 3012
2990 2 2 0 6 2326 2662 3012
2991 2 2 0 6 2326 972 2662
2992 2 2 0 6 3012 2662 1212
2993 2 2 0 6 345 2329 3013
2994 2 2 0 6 2329 2668 3013
2995 2 2 0 6 2329 973 2668
2996 2 2 0 6 3013 2668 1213
2997 2 2 0 6 373 3014 3015
2998 2 2 0 6 3014 1627 3015
2999 2 2 0 6 3014 877 1627
3000 2 2 0 6 3015 1627 654
3001 2 2 0 6 370 3016 3017
3002 2 2 0 6 3016 1618 3017
3003 2 2 0 6 3016 874 1618
3004 2 2 0 6 3017 1618 655
3005 2 2 0 6 371 3018 3019
3006 2 2 0 6 3018 1621 3019
3007 2 2 0 6 3018 875 1621
3008 2 2 0 6 3019 1621 656
3009 2 2 0 6 372 3020 3021
3010 2 2 0 6 3020 1624 3021
3011 2 2 0 6 3020 876 1624
3012 2 2 0 6 3021 1624 657
3013 2 2 0 6 290 3022 2070
3014 2 2 0 6 3022 3023 2070
3015 2 2 0 6 3022 706 3023
3016 2 2 0 6 2070 3023 794
3017 2 2 0 6 291 3024 2072
3018 2 2 0 6 3024 3025 2072
3019 2 2 0 6 3024 707 3025
3020 2 2 0 6 2072 3025 795
3021 2 2 0 6 292 3026 2074
3022 2 2 0 6 3026 3027 2074
3023 2 2 0 6 3026 708 3027
3024 2 2 0 6 2074 3027 796
3025 2 2 0 6 293 3028 2076
3026 2 2 0 6 3028 3029 2076
3027 2 2 0 6 3028 709 3029
3028 2 2 0 6 2076 3029 797
3029 2 2 0 6 557 3030 2840
3030 2 2 0 6 3030 2607 2840
3031 2 2 0 6 3030 1382 2607
3032 2 2 0 6 2840 2607 730
3033 2 2 0 6 554 3031 2834
3034 2 2 0 6 3031 2610 2834
3035 2 2 0 6 3031 1383 2610
3036 2 2 0 6 2834 2610 731
3037 2 2 0 6 555 3032 2836
3038 2 2 0 6 3032 2613 2836
3039 2 2 0 6 3032 1384 2613
3040 2 2 0 6 2836 2613 732
3041 2 2 0 6 556 3033 2838
3042 2 2 0 6 3033 2616 2838
3043 2 2 0 6 3033 1385 2616
3044 2 2 0 6 2838 2616 733
3045 2 2 0 6 558 2847 3034
3046 2 2 0 6 2847 2622 3034
3047 2 2 0 6 2847 735 2622
3048 2 2 0 6 3034 2622 1387
3049 2 2 0 6 559 2850 3035
3050 2 2 0 6 2850 2625 3035
3051 2 2 0 6 2850 736 2625
3052 2 2 0 6 3035 2625 1388
3053 2 2 0 6 560 2853 3036
3054 2 2 0 6 2853 2628 3036
3055 2 2 0 6 2853 737 2628
3056 2 2 0 6 3036 2628 1389
3057 2 2 0 6 561 2844 3037
3058 2 2 0 6 2844 2619 3037
3059 2 2 0 6 2844 734 2619
3060 2 2 0 6 3037 2619 1386
3061 2 2 0 6 382 2480 3039
3062 2 2 0 6 2480 3038 3039
3063 2 2 0 6 2480 1450 3038
3064 2 2 0 6 3039 3038 754
3065 2 2 0 6 383 2483 3041
3066 2 2 0 6 2483 3040 3041
3067 2 2 0 6 2483 1451 3040
3068 2 2 0 6 3041 3040 755
3069 2 2 0 6 384 2486 3043
3070 2 2 0 6 2486 3042 3043
3071 2 2 0 6 2486 1452 3042
3072 2 2 0 6 3043 3042 756
3073 2 2 0 6 385 2489 3045
3074 2 2 0 6 2489 3044 3045
3075 2 2 0 6 2489 1453 3044
3076 2 2 0 6 3045 3044 757
3077 2 2 0 6 303 3046 3047
3078 2 2 0 6 3046 1971 3047
3079 2 2 0 6 3046 1062 1971
3080 2 2 0 6 3047 1971 1087
3081 2 2 0 6 304 3048 3049
3082 2 2 0 6 3048 1974 3049
3083 2 2 0 6 3048 1063 1974
3084 2 2 0 6 3049 1974 1088
3085 2 2 0 6 305 3050 3051
3086 2 2 0 6 3050 1977 3051
3087 2 2 0 6 3050 1064 1977
3088 2 2 0 6 3051 1977 1089
3089 2 2 0 6 302 3052 3053
3090 2 2 0 6 3052 1980 3053
3091 2 2 0 6 3052 1065 1980
3092 2 2 0 6 3053 1980 1086
3093 2 2 0 6 494 3054 3056
3094 2 2 0 6 3054 3055 3056
3095 2 2 0 6 3054 821 3055
3096 2 2 0 6 3056 3055 910
3097 2 2 0 6 495 3057 3059
3098 2 2 0 6 3057 3058 3059
3099 2 2 0 6 3057 818 3058
3100 2 2 0 6 3059 3058 911
3101 2 2 0 6 496 3060 3062
3102 2 2 0 6 3060 3061 3062
3103 2 2 0 6 3060 819 3061
3104 2 2 0 6 3062 3061 912
3105 2 2 0 6 497 3063 3065
3106 2 2 0 6 3063 3064 3065
3107 2 2 0 6 3063 820 3064
3108 2 2 0 6 3065 3064 913
3109 2 2 0 6 281 1564 3066
3110 2 2 0 6 1564 3055 3066
3111 2 2 0 6 1564 910 3055
3112 2 2 0 6 3066 3055 821
3113 2 2 0 6 278 1567 3067
3114 2 2 0 6 1567 3058 3067
3115 2 2 0 6 1567 911 3058
3116 2 2 0 6 3067 3058 818
3117 2 2 0 6 279 1570 3068
3118 2 2 0 6 1570 3061 3068
3119 2 2 0 6 1570 912 3061
3120 2 2 0 6 3068 3061 819
3121 2 2 0 6 280 1573 3069
3122 2 2 0 6 1573 3064 3069
3123 2 2 0 6 1573 913 3064
3124 2 2 0 6 3069 3064 820
3125 2 2 0 6 321 2556 3071
3126 2 2 0 6 2556 3070 3071
3127 2 2 0 6 2556 906 3070
3128 2 2 0 6 3071 3070 673
3129 2 2 0 6 318 2559 3073
3130 2 2 0 6 2559 3072 3073
3131 2 2 0 6 2559 907 3072
3132 2 2 0 6 3073 3072 670
3133 2 2 0 6 319 2562 3075
3134 2 2 0 6 2562 3074 3075
3135 2 2 0 6 2562 908 3074
3136 2 2 0 6 3075 3074 671
3137 2 2 0 6 320 2565 3077
3138 2 2 0 6 2565 3076 3077
3139 2 2 0 6 2565 909 3076
3140 2 2 0 6 3077 3076 672
3141 2 2 0 6 431 3078 3079
3142 2 2 0 6 3078 3072 3079
3143 2 2 0 6 3078 670 3072
3144 2 2 0 6 3079 3072 907
3145 2 2 0 6 432 3080 3081
3146 2 2 0 6 3080 3074 3081
3147 2 2 0 6 3080 671 3074
3148 2 2 0 6 3081 3074 908
3149 2 2 0 6 433 3082 3083
3150 2 2 0 6 3082 3076 3083
3151 2 2 0 6 3082 672 3076
3152 2 2 0 6 3083 3076 909
3153 2 2 0 6 430 3084 3085
3154 2 2 0 6 3084 3070 3085
3155 2 2 0 6 3084 673 3070
3156 2 2 0 6 3085 3070 906
3157 2 2 0 6 358 3086 3088
3158 2 2 0 6 3086 3087 3088
3159 2 2 0 6 3086 1206 3087
3160 2 2 0 6 3088 3087 698
3161 2 2 0 6 359 3089 3091
3162 2 2 0 6 3089 3090 3091
3163 2 2 0 6 3089 1207 3090
3164 2 2 0 6 3091 3090 699
3165 2 2 0 6 360 3092 3094
3166 2 2 0 6 3092 3093 3094
3167 2 2 0 6 3092 1208 3093
3168 2 2 0 6 3094 3093 700
3169 2 2 0 6 361 3095 3097
3170 2 2 0 6 3095 3096 3097
3171 2 2 0 6 3095 1209 3096
3172 2 2 0 6 3097 3096 701
3173 2 2 0 6 515 2871 2096
3174 2 2 0 6 2871 3087 2096
3175 2 2 0 6 2871 698 3087
3176 2 2 0 6 2096 3087 1206
3177 2 2 0 6 516 2874 2098
3178 2 2 0 6 2874 3090 2098
3179 2 2 0 6 2874 699 3090
3180 2 2 0 6 2098 3090 1207
3181 2 2 0 6 517 2877 2100
3182 2 2 0 6 2877 3093 2100
3183 2 2 0 6 2877 700 3093
3184 2 2 0 6 2100 3093 1208
3185 2 2 0 6 514 2868 2094
3186 2 2 0 6 2868 3096 2094
3187 2 2 0 6 2868 701 3096
3188 2 2 0 6 2094 3096 1209
3189 2 2 0 6 598 2383 2234
3190 2 2 0 6 2383 3098 2234
3191 2 2 0 6 2383 1322 3098
3192 2 2 0 6 2234 3098 930
3193 2 2 0 6 599 2385 2236
3194 2 2 0 6 2385 3099 2236
3195 2 2 0 6 2385 1323 3099
3196 2 2 0 6 2236 3099 931
3197 2 2 0 6 600 2387 2238
3198 2 2 0 6 2387 3100 2238
3199 2 2 0 6 2387 1324 3100
3200 2 2 0 6 2238 3100 932
3201 2 2 0 6 601 2389 2240
3202 2 2 0 6 2389 3101 2240
3203 2 2 0 6 2389 1325 3101
3204 2 2 0 6 2240 3101 933
3205 2 2 0 6 602 2717 2374
3206 2 2 0 6 2717 3102 2374
3207 2 2 0 6 2717 926 3102
3208 2 2 0 6 2374 3102 1345
3209 2 2 0 6 603 2711 2376
3210 2 2 0 6 2711 3103 2376
3211 2 2 0 6 2711 927 3103
3212 2 2 0 6 2376 3103 1342
3213 2 2 0 6 604 2713 2378
3214 2 2 0 6 2713 3104 2378
3215 2 2 0 6 2713 928 3104
3216 2 2 0 6 2378 3104 1343
3217 2 2 0 6 605 2715 2380
3218 2 2 0 6 2715 3105 2380
3219 2 2 0 6 2715 929 3105
3220 2 2 0 6 2380 3105 1344
3221 2 2 0 6 714 2731 3107
3222 2 2 0 6 2731 3106 3107
3223 2 2 0 6 2731 1074 3106
3224 2 2 0 6 3107 3106 1305
3225 2 2 0 6 715 2734 3109
3226 2 2 0 6 2734 3108 3109
3227 2 2 0 6 2734 1075 3108
3228 2 2 0 6 3109 3108 1302
3229 2 2 0 6 716 2737 3111
3230 2 2 0 6 2737 3110 3111
3231 2 2 0 6 2737 1076 3110
3232 2 2 0 6 3111 3110 1303
3233 2 2 0 6 717 2740 3113
3234 2 2 0 6 2740 3112 3113
3235 2 2 0 6 2740 1077 3112
3236 2 2 0 6 3113 3112 1304
3237 2 2 0 6 378 2544 2766
3238 2 2 0 6 2544 3114 2766
3239 2 2 0 6 2544 726 3114
3240 2 2 0 6 2766 3114 1470
3241 2 2 0 6 379 2547 2768
3242 2 2 0 6 2547 3115 2768
3243 2 2 0 6 2547 727 3115
3244 2 2 0 6 2768 3115 1471
3245 2 2 0 6 380 2550 2770
3246 2 2 0 6 2550 3116 2770
3247 2 2 0 6 2550 728 3116
3248 2 2 0 6 2770 3116 1472
3249 2 2 0 6 381 2553 2772
3250 2 2 0 6 2553 3117 2772
3251 2 2 0 6 2553 729 3117
3252 2 2 0 6 2772 3117 1473
3253 2 2 0 6 753 3118 3120
3254 2 2 0 6 3118 3119 3120
3255 2 2 0 6 3118 1406 3119
3256 2 2 0 6 3120 3119 1038
3257 2 2 0 6 750 3121 3123
3258 2 2 0 6 3121 3122 3123
3259 2 2 0 6 3121 1407 3122
3260 2 2 0 6 3123 3122 1039
3261 2 2 0 6 751 3124 3126
3262 2 2 0 6 3124 3125 3126
3263 2 2 0 6 3124 1408 3125
3264 2 2 0 6 3126 3125 1040
3265 2 2 0 6 752 3127 3129
3266 2 2 0 6 3127 3128 3129
3267 2 2 0 6 3127 1409 3128
3268 2 2 0 6 3129 3128 1041
3269 2 2 0 6 463 2683 2690
3270 2 2 0 6 2683 3130 2690
3271 2 2 0 6 2683 646 3130
3272 2 2 0 6 2690 3130 978
3273 2 2 0 6 464 2685 2693
3274 2 2 0 6 2685 3131 2693
3275 2 2 0 6 2685 647 3131
3276 2 2 0 6 2693 3131 979
3277 2 2 0 6 465 2687 2696
3278 2 2 0 6 2687 3132 2696
3279 2 2 0 6 2687 648 3132
3280 2 2 0 6 2696 3132 980
3281 2 2 0 6 462 2689 2699
3282 2 2 0 6 2689 3133 2699
3283 2 2 0 6 2689 649 3133
3284 2 2 0 6 2699 3133 981
3285 2 2 0 6 349 3134 3136
3286 2 2 0 6 3134 3135 3136
3287 2 2 0 6 3134 1353 3135
3288 2 2 0 6 3136 3135 1305
3289 2 2 0 6 346 3137 3139
3290 2 2 0 6 3137 3138 3139
3291 2 2 0 6 3137 1350 3138
3292 2 2 0 6 3139 3138 1302
3293 2 2 0 6 347 3140 3142
3294 2 2 0 6 3140 3141 3142
3295 2 2 0 6 3140 1351 3141
3296 2 2 0 6 3142 3141 1303
3297 2 2 0 6 348 3143 3145
3298 2 2 0 6 3143 3144 3145
3299 2 2 0 6 3143 1352 3144
3300 2 2 0 6 3145 3144 1304
3301 2 2 0 6 386 3146 3148
3302 2 2 0 6 3146 3147 3148
3303 2 2 0 6 3146 902 3147
3304 2 2 0 6 3148 3147 682
3305 2 2 0 6 387 3149 3151
3306 2 2 0 6 3149 3150 3151
3307 2 2 0 6 3149 903 3150
3308 2 2 0 6 3151 3150 683
3309 2 2 0 6 388 3152 3154
3310 2 2 0 6 3152 3153 3154
3311 2 2 0 6 3152 904 3153
3312 2 2 0 6 3154 3153 684
3313 2 2 0 6 389 3155 3157
3314 2 2 0 6 3155 3156 3157
3315 2 2 0 6 3155 905 3156
3316 2 2 0 6 3157 3156 685
3317 2 2 0 6 297 3158 2742
3318 2 2 0 6 3158 3159 2742
3319 2 2 0 6 3158 898 3159
3320 2 2 0 6 2742 3159 685
3321 2 2 0 6 294 3160 2744
3322 2 2 0 6 3160 3161 2744
3323 2 2 0 6 3160 899 3161
3324 2 2 0 6 2744 3161 682
3325 2 2 0 6 295 3162 2746
3326 2 2 0 6 3162 3163 2746
3327 2 2 0 6 3162 900 3163
3328 2 2 0 6 2746 3163 683
3329 2 2 0 6 296 3164 2748
3330 2 2 0 6 3164 3165 2748
3331 2 2 0 6 3164 901 3165
3332 2 2 0 6 2748 3165 684
3333 2 2 0 6 386 1791 3146
3334 2 2 0 6 1791 3166 3146
3335 2 2 0 6 1791 690 3166
3336 2 2 0 6 3146 3166 902
3337 2 2 0 6 387 1793 3149
3338 2 2 0 6 1793 3167 3149
3339 2 2 0 6 1793 691 3167
3340 2 2 0 6 3149 3167 903
3341 2 2 0 6 388 1795 3152
3342 2 2 0 6 1795 3168 3152
3343 2 2 0 6 1795 692 3168
3344 2 2 0 6 3152 3168 904
3345 2 2 0 6 389 1797 3155
3346 2 2 0 6 1797 3169 3155
3347 2 2 0 6 1797 693 3169
3348 2 2 0 6 3155 3169 905
3349 2 2 0 6 463 3170 2682
3350 2 2 0 6 3170 3171 2682
3351 2 2 0 6 3170 994 3171
3352 2 2 0 6 2682 3171 1027
3353 2 2 0 6 464 3172 2684
3354 2 2 0 6 3172 3173 2684
3355 2 2 0 6 3172 995 3173
3356 2 2 0 6 2684 3173 1028
3357 2 2 0 6 465 3174 2686
3358 2 2 0 6 3174 3175 2686
3359 2 2 0 6 3174 996 3175
3360 2 2 0 6 2686 3175 1029
3361 2 2 0 6 462 3176 2688
3362 2 2 0 6 3176 3177 2688
3363 2 2 0 6 3176 997 3177
3364 2 2 0 6 2688 3177 1026
3365 2 2 0 6 366 3178 2046
3366 2 2 0 6 3178 2915 2046
3367 2 2 0 6 3178 862 2915
3368 2 2 0 6 2046 2915 1402
3369 2 2 0 6 367 3179 2049
3370 2 2 0 6 3179 2917 2049
3371 2 2 0 6 3179 863 2917
3372 2 2 0 6 2049 2917 1403
3373 2 2 0 6 368 3180 2052
3374 2 2 0 6 3180 2919 2052
3375 2 2 0 6 3180 864 2919
3376 2 2 0 6 2052 2919 1404
3377 2 2 0 6 369 3181 2055
3378 2 2 0 6 3181 2921 2055
3379 2 2 0 6 3181 865 2921
3380 2 2 0 6 2055 2921 1405
3381 2 2 0 6 318 3182 2704
3382 2 2 0 6 3182 3183 2704
3383 2 2 0 6 3182 983 3183
3384 2 2 0 6 2704 3183 666
3385 2 2 0 6 319 3184 2706
3386 2 2 0 6 3184 3185 2706
3387 2 2 0 6 3184 984 3185
3388 2 2 0 6 2706 3185 667
3389 2 2 0 6 320 3186 2708
3390 2 2 0 6 3186 3187 2708
3391 2 2 0 6 3186 985 3187
3392 2 2 0 6 2708 3187 668
3393 2 2 0 6 321 3188 2702
3394 2 2 0 6 3188 3189 2702
3395 2 2 0 6 3188 982 3189
3396 2 2 0 6 2702 3189 669
3397 2 2 0 6 481 3190 3192
3398 2 2 0 6 3190 3191 3192
3399 2 2 0 6 3190 833 3191
3400 2 2 0 6 3192 3191 845
3401 2 2 0 6 478 3193 3195
3402 2 2 0 6 3193 3194 3195
3403 2 2 0 6 3193 830 3194
3404 2 2 0 6 3195 3194 842
3405 2 2 0 6 479 3196 3198
3406 2 2 0 6 3196 3197 3198
3407 2 2 0 6 3196 831 3197
3408 2 2 0 6 3198 3197 843
3409 2 2 0 6 480 3199 3201
3410 2 2 0 6 3199 3200 3201
3411 2 2 0 6 3199 832 3200
3412 2 2 0 6 3201 3200 844
3413 2 2 0 6 266 3202 3203
3414 2 2 0 6 3202 3191 3203
3415 2 2 0 6 3202 845 3191
3416 2 2 0 6 3203 3191 833
3417 2 2 0 6 267 3204 3205
3418 2 2 0 6 3204 3194 3205
3419 2 2 0 6 3204 842 3194
3420 2 2 0 6 3205 3194 830
3421 2 2 0 6 268 3206 3207
3422 2 2 0 6 3206 3197 3207
3423 2 2 0 6 3206 843 3197
3424 2 2 0 6 3207 3197 831
3425 2 2 0 6 269 3208 3209
3426 2 2 0 6 3208 3200 3209
3427 2 2 0 6 3208 844 3200
3428 2 2 0 6 3209 3200 832
3429 2 2 0 6 398 3210 3212
3430 2 2 0 6 3210 3211 3212
3431 2 2 0 6 3210 1427 3211
3432 2 2 0 6 3212 3211 718
3433 2 2 0 6 399 3213 3215
3434 2 2 0 6 3213 3214 3215
3435 2 2 0 6 3213 1428 3214
3436 2 2 0 6 3215 3214 719
3437 2 2 0 6 400 3216 3218
3438 2 2 0 6 3216 3217 3218
3439 2 2 0 6 3216 1429 3217
3440 2 2 0 6 3218 3217 720
3441 2 2 0 6 401 3219 3221
3442 2 2 0 6 3219 3220 3221
3443 2 2 0 6 3219 1426 3220
3444 2 2 0 6 3221 3220 721
3445 2 2 0 6 243 3222 2402
3446 2 2 0 6 3222 3223 2402
3447 2 2 0 6 3222 894 3223
3448 2 2 0 6 2402 3223 742
3449 2 2 0 6 54 3224 2403
3450 2 2 0 6 3224 3225 2403
3451 2 2 0 6 3224 895 3225
3452 2 2 0 6 2403 3225 743
3453 2 2 0 6 117 3226 2404
3454 2 2 0 6 3226 3227 2404
3455 2 2 0 6 3226 896 3227
3456 2 2 0 6 2404 3227 744
3457 2 2 0 6 180 3228 2405
3458 2 2 0 6 3228 3229 2405
3459 2 2 0 6 3228 897 3229
3460 2 2 0 6 2405 3229 745
3461 2 2 0 6 318 3073 3182
3462 2 2 0 6 3073 3230 3182
3463 2 2 0 6 3073 670 3230
3464 2 2 0 6 3182 3230 983
3465 2 2 0 6 319 3075 3184
3466 2 2 0 6 3075 3231 3184
3467 2 2 0 6 3075 671 3231
3468 2 2 0 6 3184 3231 984
3469 2 2 0 6 320 3077 3186
3470 2 2 0 6 3077 3232 3186
3471 2 2 0 6 3077 672 3232
3472 2 2 0 6 3186 3232 985
3473 2 2 0 6 321 3071 3188
3474 2 2 0 6 3071 3233 3188
3475 2 2 0 6 3071 673 3233
3476 2 2 0 6 3188 3233 982
3477 2 2 0 6 51 2830 19
3478 2 2 0 6 2830 2638 19
3479 2 2 0 6 2830 1282 2638
3480 2 2 0 6 19 2638 50
3481 2 2 0 6 114 2831 82
3482 2 2 0 6 2831 2640 82
3483 2 2 0 6 2831 1283 2640
3484 2 2 0 6 82 2640 113
3485 2 2 0 6 177 2832 145
3486 2 2 0 6 2832 2642 145
3487 2 2 0 6 2832 1284 2642
3488 2 2 0 6 145 2642 176
3489 2 2 0 6 240 2833 208
3490 2 2 0 6 2833 2644 208
3491 2 2 0 6 2833 1285 2644
3492 2 2 0 6 208 2644 239
3493 2 2 0 6 294 1608 3160
3494 2 2 0 6 1608 3234 3160
3495 2 2 0 6 1608 698 3234
3496 2 2 0 6 3160 3234 899
3497 2 2 0 6 295 1611 3162
3498 2 2 0 6 1611 3235 3162
3499 2 2 0 6 1611 699 3235
3500 2 2 0 6 3162 3235 900
3501 2 2 0 6 296 1614 3164
3502 2 2 0 6 1614 3236 3164
3503 2 2 0 6 1614 700 3236
3504 2 2 0 6 3164 3236 901
3505 2 2 0 6 297 1617 3158
3506 2 2 0 6 1617 3237 3158
3507 2 2 0 6 1617 701 3237
3508 2 2 0 6 3158 3237 898
3509 2 2 0 6 662 3238 3240
3510 2 2 0 6 3238 3239 3240
3511 2 2 0 6 3238 1234 3239
3512 2 2 0 6 3240 3239 976
3513 2 2 0 6 663 3241 3243
3514 2 2 0 6 3241 3242 3243
3515 2 2 0 6 3241 1235 3242
3516 2 2 0 6 3243 3242 974
3517 2 2 0 6 664 3244 3246
3518 2 2 0 6 3244 3245 3246
3519 2 2 0 6 3244 1236 3245
3520 2 2 0 6 3246 3245 975
3521 2 2 0 6 665 3247 3249
3522 2 2 0 6 3247 3248 3249
3523 2 2 0 6 3247 1237 3248
3524 2 2 0 6 3249 3248 977
3525 2 2 0 6 1234 3250 3239
3526 2 2 0 6 3250 3251 3239
3527 2 2 0 6 3250 362 3251
3528 2 2 0 6 3239 3251 976
3529 2 2 0 6 1235 3252 3242
3530 2 2 0 6 3252 3253 3242
3531 2 2 0 6 3252 363 3253
3532 2 2 0 6 3242 3253 974
3533 2 2 0 6 1236 3254 3245
3534 2 2 0 6 3254 3255 3245
3535 2 2 0 6 3254 364 3255
3536 2 2 0 6 3245 3255 975
3537 2 2 0 6 1237 3256 3248
3538 2 2 0 6 3256 3257 3248
3539 2 2 0 6 3256 365 3257
3540 2 2 0 6 3248 3257 977
3541 2 2 0 6 290 2071 3259
3542 2 2 0 6 2071 3258 3259
3543 2 2 0 6 2071 650 3258
3544 2 2 0 6 3259 3258 1466
3545 2 2 0 6 291 2073 3261
3546 2 2 0 6 2073 3260 3261
3547 2 2 0 6 2073 651 3260
3548 2 2 0 6 3261 3260 1467
3549 2 2 0 6 292 2075 3263
3550 2 2 0 6 2075 3262 3263
3551 2 2 0 6 2075 652 3262
3552 2 2 0 6 3263 3262 1468
3553 2 2 0 6 293 2077 3265
3554 2 2 0 6 2077 3264 3265
3555 2 2 0 6 2077 653 3264
3556 2 2 0 6 3265 3264 1469
3557 2 2 0 6 386 3266 1790
3558 2 2 0 6 3266 3267 1790
3559 2 2 0 6 3266 1003 3267
3560 2 2 0 6 1790 3267 686
3561 2 2 0 6 387 3268 1792
3562 2 2 0 6 3268 3269 1792
3563 2 2 0 6 3268 1004 3269
3564 2 2 0 6 1792 3269 687
3565 2 2 0 6 388 3270 1794
3566 2 2 0 6 3270 3271 1794
3567 2 2 0 6 3270 1005 3271
3568 2 2 0 6 1794 3271 688
3569 2 2 0 6 389 3272 1796
3570 2 2 0 6 3272 3273 1796
3571 2 2 0 6 3272 1002 3273
3572 2 2 0 6 1796 3273 689
3573 2 2 0 6 525 3274 3275
3574 2 2 0 6 3274 2759 3275
3575 2 2 0 6 3274 705 2759
3576 2 2 0 6 3275 2759 1254
3577 2 2 0 6 522 3276 3277
3578 2 2 0 6 3276 2761 3277
3579 2 2 0 6 3276 702 2761
3580 2 2 0 6 3277 2761 1255
3581 2 2 0 6 523 3278 3279
3582 2 2 0 6 3278 2763 3279
3583 2 2 0 6 3278 703 2763
3584 2 2 0 6 3279 2763 1256
3585 2 2 0 6 524 3280 3281
3586 2 2 0 6 3280 2765 3281
3587 2 2 0 6 3280 704 2765
3588 2 2 0 6 3281 2765 1257
3589 2 2 0 6 454 3282 3284
3590 2 2 0 6 3282 3283 3284
3591 2 2 0 6 3282 790 3283
3592 2 2 0 6 3284 3283 890
3593 2 2 0 6 455 3285 3287
3594 2 2 0 6 3285 3286 3287
3595 2 2 0 6 3285 791 3286
3596 2 2 0 6 3287 3286 891
3597 2 2 0 6 456 3288 3290
3598 2 2 0 6 3288 3289 3290
3599 2 2 0 6 3288 792 3289
3600 2 2 0 6 3290 3289 892
3601 2 2 0 6 457 3291 3293
3602 2 2 0 6 3291 3292 3293
3603 2 2 0 6 3291 793 3292
3604 2 2 0 6 3293 3292 893
3605 2 2 0 6 474 3294 1726
3606 2 2 0 6 3294 3283 1726
3607 2 2 0 6 3294 890 3283
3608 2 2 0 6 1726 3283 790
3609 2 2 0 6 475 3295 1728
3610 2 2 0 6 3295 3286 1728
3611 2 2 0 6 3295 891 3286
3612 2 2 0 6 1728 3286 791
3613 2 2 0 6 476 3296 1730
3614 2 2 0 6 3296 3289 1730
3615 2 2 0 6 3296 892 3289
3616 2 2 0 6 1730 3289 792
3617 2 2 0 6 477 3297 1732
3618 2 2 0 6 3297 3292 1732
3619 2 2 0 6 3297 893 3292
3620 2 2 0 6 1732 3292 793
3621 2 2 0 6 266 3298 3299
3622 2 2 0 6 3298 3120 3299
3623 2 2 0 6 3298 753 3120
3624 2 2 0 6 3299 3120 1038
3625 2 2 0 6 267 3300 3301
3626 2 2 0 6 3300 3123 3301
3627 2 2 0 6 3300 750 3123
3628 2 2 0 6 3301 3123 1039
3629 2 2 0 6 268 3302 3303
3630 2 2 0 6 3302 3126 3303
3631 2 2 0 6 3302 751 3126
3632 2 2 0 6 3303 3126 1040
3633 2 2 0 6 269 3304 3305
3634 2 2 0 6 3304 3129 3305
3635 2 2 0 6 3304 752 3129
3636 2 2 0 6 3305 3129 1041
3637 2 2 0 6 646 2027 3130
3638 2 2 0 6 2027 3306 3130
3639 2 2 0 6 2027 787 3306
3640 2 2 0 6 3130 3306 978
3641 2 2 0 6 647 2030 3131
3642 2 2 0 6 2030 3307 3131
3643 2 2 0 6 2030 788 3307
3644 2 2 0 6 3131 3307 979
3645 2 2 0 6 648 2033 3132
3646 2 2 0 6 2033 3308 3132
3647 2 2 0 6 2033 789 3308
3648 2 2 0 6 3132 3308 980
3649 2 2 0 6 649 2036 3133
3650 2 2 0 6 2036 3309 3133
3651 2 2 0 6 2036 786 3309
3652 2 2 0 6 3133 3309 981
3653 2 2 0 6 546 3310 3312
3654 2 2 0 6 3310 3311 3312
3655 2 2 0 6 3310 1013 3311
3656 2 2 0 6 3312 3311 961
3657 2 2 0 6 547 3313 3315
3658 2 2 0 6 3313 3314 3315
3659 2 2 0 6 3313 1010 3314
3660 2 2 0 6 3315 3314 958
3661 2 2 0 6 548 3316 3318
3662 2 2 0 6 3316 3317 3318
3663 2 2 0 6 3316 1011 3317
3664 2 2 0 6 3318 3317 959
3665 2 2 0 6 549 3319 3321
3666 2 2 0 6 3319 3320 3321
3667 2 2 0 6 3319 1012 3320
3668 2 2 0 6 3321 3320 960
3669 2 2 0 6 337 3322 3323
3670 2 2 0 6 3322 3311 3323
3671 2 2 0 6 3322 961 3311
3672 2 2 0 6 3323 3311 1013
3673 2 2 0 6 334 3324 3325
3674 2 2 0 6 3324 3314 3325
3675 2 2 0 6 3324 958 3314
3676 2 2 0 6 3325 3314 1010
3677 2 2 0 6 335 3326 3327
3678 2 2 0 6 3326 3317 3327
3679 2 2 0 6 3326 959 3317
3680 2 2 0 6 3327 3317 1011
3681 2 2 0 6 336 3328 3329
3682 2 2 0 6 3328 3320 3329
3683 2 2 0 6 3328 960 3320
3684 2 2 0 6 3329 3320 1012
3685 2 2 0 6 738 3330 3332
3686 2 2 0 6 3330 3331 3332
3687 2 2 0 6 3330 1414 3331
3688 2 2 0 6 3332 3331 1267
3689 2 2 0 6 739 3333 3335
3690 2 2 0 6 3333 3334 3335
3691 2 2 0 6 3333 1415 3334
3692 2 2 0 6 3335 3334 1268
3693 2 2 0 6 740 3336 3338
3694 2 2 0 6 3336 3337 3338
3695 2 2 0 6 3336 1416 3337
3696 2 2 0 6 3338 3337 1269
3697 2 2 0 6 741 3339 3341
3698 2 2 0 6 3339 3340 3341
3699 2 2 0 6 3339 1417 3340
3700 2 2 0 6 3341 3340 1266
3701 2 2 0 6 349 3342 3134
3702 2 2 0 6 3342 3343 3134
3703 2 2 0 6 3342 773 3343
3704 2 2 0 6 3134 3343 1353
3705 2 2 0 6 346 3344 3137
3706 2 2 0 6 3344 3345 3137
3707 2 2 0 6 3344 770 3345
3708 2 2 0 6 3137 3345 1350
3709 2 2 0 6 347 3346 3140
3710 2 2 0 6 3346 3347 3140
3711 2 2 0 6 3346 771 3347
3712 2 2 0 6 3140 3347 1351
3713 2 2 0 6 348 3348 3143
3714 2 2 0 6 3348 3349 3143
3715 2 2 0 6 3348 772 3349
3716 2 2 0 6 3143 3349 1352
3717 2 2 0 6 854 2975 3351
3718 2 2 0 6 2975 3350 3351
3719 2 2 0 6 2975 883 3350
3720 2 2 0 6 3351 3350 1298
3721 2 2 0 6 855 2978 3353
3722 2 2 0 6 2978 3352 3353
3723 2 2 0 6 2978 884 3352
3724 2 2 0 6 3353 3352 1299
3725 2 2 0 6 856 2981 3355
3726 2 2 0 6 2981 3354 3355
3727 2 2 0 6 2981 885 3354
3728 2 2 0 6 3355 3354 1300
3729 2 2 0 6 857 2984 3357
3730 2 2 0 6 2984 3356 3357
3731 2 2 0 6 2984 882 3356
3732 2 2 0 6 3357 3356 1301
3733 2 2 0 6 701 2867 3237
3734 2 2 0 6 2867 3358 3237
3735 2 2 0 6 2867 1310 3358
3736 2 2 0 6 3237 3358 898
3737 2 2 0 6 698 2870 3234
3738 2 2 0 6 2870 3359 3234
3739 2 2 0 6 2870 1311 3359
3740 2 2 0 6 3234 3359 899
3741 2 2 0 6 699 2873 3235
3742 2 2 0 6 2873 3360 3235
3743 2 2 0 6 2873 1312 3360
3744 2 2 0 6 3235 3360 900
3745 2 2 0 6 700 2876 3236
3746 2 2 0 6 2876 3361 3236
3747 2 2 0 6 2876 1313 3361
3748 2 2 0 6 3236 3361 901
3749 2 2 0 6 463 2692 3362
3750 2 2 0 6 2692 2366 3362
3751 2 2 0 6 2692 666 2366
3752 2 2 0 6 3362 2366 887
3753 2 2 0 6 464 2695 3363
3754 2 2 0 6 2695 2368 3363
3755 2 2 0 6 2695 667 2368
3756 2 2 0 6 3363 2368 888
3757 2 2 0 6 465 2698 3364
3758 2 2 0 6 2698 2370 3364
3759 2 2 0 6 2698 668 2370
3760 2 2 0 6 3364 2370 889
3761 2 2 0 6 462 2701 3365
3762 2 2 0 6 2701 2372 3365
3763 2 2 0 6 2701 669 2372
3764 2 2 0 6 3365 2372 886
3765 2 2 0 6 561 1945 2842
3766 2 2 0 6 1945 3366 2842
3767 2 2 0 6 1945 1413 3366
3768 2 2 0 6 2842 3366 933
3769 2 2 0 6 558 1939 2845
3770 2 2 0 6 1939 3367 2845
3771 2 2 0 6 1939 1410 3367
3772 2 2 0 6 2845 3367 930
3773 2 2 0 6 559 1941 2848
3774 2 2 0 6 1941 3368 2848
3775 2 2 0 6 1941 1411 3368
3776 2 2 0 6 2848 3368 931
3777 2 2 0 6 560 1943 2851
3778 2 2 0 6 1943 3369 2851
3779 2 2 0 6 1943 1412 3369
3780 2 2 0 6 2851 3369 932
3781 2 2 0 6 350 2574 3371
3782 2 2 0 6 2574 3370 3371
3783 2 2 0 6 2574 998 3370
3784 2 2 0 6 3371 3370 1167
3785 2 2 0 6 351 2576 3373
3786 2 2 0 6 2576 3372 3373
3787 2 2 0 6 2576 999 3372
3788 2 2 0 6 3373 3372 1168
3789 2 2 0 6 352 2578 3375
3790 2 2 0 6 2578 3374 3375
3791 2 2 0 6 2578 1000 3374
3792 2 2 0 6 3375 3374 1169
3793 2 2 0 6 353 2580 3377
3794 2 2 0 6 2580 3376 3377
3795 2 2 0 6 2580 1001 3376
3796 2 2 0 6 3377 3376 1166
3797 2 2 0 6 282 3378 1630
3798 2 2 0 6 3378 3379 1630
3799 2 2 0 6 3378 1274 3379
3800 2 2 0 6 1630 3379 834
3801 2 2 0 6 283 3380 1633
3802 2 2 0 6 3380 3381 1633
3803 2 2 0 6 3380 1275 3381
3804 2 2 0 6 1633 3381 835
3805 2 2 0 6 284 3382 1636
3806 2 2 0 6 3382 3383 1636
3807 2 2 0 6 3382 1276 3383
3808 2 2 0 6 1636 3383 837
3809 2 2 0 6 285 3384 1639
3810 2 2 0 6 3384 3385 1639
3811 2 2 0 6 3384 1277 3385
3812 2 2 0 6 1639 3385 836
3813 2 2 0 6 810 3386 3388
3814 2 2 0 6 3386 3387 3388
3815 2 2 0 6 3386 1198 3387
3816 2 2 0 6 3388 3387 1290
3817 2 2 0 6 811 3389 3391
3818 2 2 0 6 3389 3390 3391
3819 2 2 0 6 3389 1199 3390
3820 2 2 0 6 3391 3390 1291
3821 2 2 0 6 812 3392 3394
3822 2 2 0 6 3392 3393 3394
3823 2 2 0 6 3392 1200 3393
3824 2 2 0 6 3394 3393 1292
3825 2 2 0 6 813 3395 3397
3826 2 2 0 6 3395 3396 3397
3827 2 2 0 6 3395 1201 3396
3828 2 2 0 6 3397 3396 1293
3829 2 2 0 6 398 3398 2058
3830 2 2 0 6 3398 3399 2058
3831 2 2 0 6 3398 1398 3399
3832 2 2 0 6 2058 3399 650
3833 2 2 0 6 399 3400 2061
3834 2 2 0 6 3400 3401 2061
3835 2 2 0 6 3400 1399 3401
3836 2 2 0 6 2061 3401 651
3837 2 2 0 6 400 3402 2064
3838 2 2 0 6 3402 3403 2064
3839 2 2 0 6 3402 1400 3403
3840 2 2 0 6 2064 3403 652
3841 2 2 0 6 401 3404 2067
3842 2 2 0 6 3404 3405 2067
3843 2 2 0 6 3404 1401 3405
3844 2 2 0 6 2067 3405 653
3845 2 2 0 6 398 2060 3210
3846 2 2 0 6 2060 3406 3210
3847 2 2 0 6 2060 794 3406
3848 2 2 0 6 3210 3406 1427
3849 2 2 0 6 399 2063 3213
3850 2 2 0 6 2063 3407 3213
3851 2 2 0 6 2063 795 3407
3852 2 2 0 6 3213 3407 1428
3853 2 2 0 6 400 2066 3216
3854 2 2 0 6 2066 3408 3216
3855 2 2 0 6 2066 796 3408
3856 2 2 0 6 3216 3408 1429
3857 2 2 0 6 401 2069 3219
3858 2 2 0 6 2069 3409 3219
3859 2 2 0 6 2069 797 3409
3860 2 2 0 6 3219 3409 1426
3861 2 2 0 6 366 2477 3410
3862 2 2 0 6 2477 3341 3410
3863 2 2 0 6 2477 741 3341
3864 2 2 0 6 3410 3341 1266
3865 2 2 0 6 367 2471 3411
3866 2 2 0 6 2471 3332 3411
3867 2 2 0 6 2471 738 3332
3868 2 2 0 6 3411 3332 1267
3869 2 2 0 6 368 2473 3412
3870 2 2 0 6 2473 3335 3412
3871 2 2 0 6 2473 739 3335
3872 2 2 0 6 3412 3335 1268
3873 2 2 0 6 369 2475 3413
3874 2 2 0 6 2475 3338 3413
3875 2 2 0 6 2475 740 3338
3876 2 2 0 6 3413 3338 1269
3877 2 2 0 6 373 3015 3415
3878 2 2 0 6 3015 3414 3415
3879 2 2 0 6 3015 654 3414
3880 2 2 0 6 3415 3414 1153
3881 2 2 0 6 370 3017 3417
3882 2 2 0 6 3017 3416 3417
3883 2 2 0 6 3017 655 3416
3884 2 2 0 6 3417 3416 1150
3885 2 2 0 6 371 3019 3419
3886 2 2 0 6 3019 3418 3419
3887 2 2 0 6 3019 656 3418
3888 2 2 0 6 3419 3418 1151
3889 2 2 0 6 372 3021 3421
3890 2 2 0 6 3021 3420 3421
3891 2 2 0 6 3021 657 3420
3892 2 2 0 6 3421 3420 1152
3893 2 2 0 6 389 3157 3422
3894 2 2 0 6 3157 3159 3422
3895 2 2 0 6 3157 685 3159
3896 2 2 0 6 3422 3159 898
3897 2 2 0 6 386 3148 3423
3898 2 2 0 6 3148 3161 3423
3899 2 2 0 6 3148 682 3161
3900 2 2 0 6 3423 3161 899
3901 2 2 0 6 387 3151 3424
3902 2 2 0 6 3151 3163 3424
3903 2 2 0 6 3151 683 3163
3904 2 2 0 6 3424 3163 900
3905 2 2 0 6 388 3154 3425
3906 2 2 0 6 3154 3165 3425
3907 2 2 0 6 3154 684 3165
3908 2 2 0 6 3425 3165 901
3909 2 2 0 6 474 2291 3426
3910 2 2 0 6 2291 1620 3426
3911 2 2 0 6 2291 655 1620
3912 2 2 0 6 3426 1620 1442
3913 2 2 0 6 475 2294 3427
3914 2 2 0 6 2294 1623 3427
3915 2 2 0 6 2294 656 1623
3916 2 2 0 6 3427 1623 1443
3917 2 2 0 6 476 2297 3428
3918 2 2 0 6 2297 1626 3428
3919 2 2 0 6 2297 657 1626
3920 2 2 0 6 3428 1626 1444
3921 2 2 0 6 477 2288 3429
3922 2 2 0 6 2288 1629 3429
3923 2 2 0 6 2288 654 1629
3924 2 2 0 6 3429 1629 1445
3925 2 2 0 6 454 3430 3432
3926 2 2 0 6 3430 3431 3432
3927 2 2 0 6 3430 1070 3431
3928 2 2 0 6 3432 3431 1178
3929 2 2 0 6 455 3433 3435
3930 2 2 0 6 3433 3434 3435
3931 2 2 0 6 3433 1071 3434
3932 2 2 0 6 3435 3434 1179
3933 2 2 0 6 456 3436 3438
3934 2 2 0 6 3436 3437 3438
3935 2 2 0 6 3436 1073 3437
3936 2 2 0 6 3438 3437 1180
3937 2 2 0 6 457 3439 3441
3938 2 2 0 6 3439 3440 3441
3939 2 2 0 6 3439 1072 3440
3940 2 2 0 6 3441 3440 1181
3941 2 2 0 6 431 3442 3078
3942 2 2 0 6 3442 3443 3078
3943 2 2 0 6 3442 942 3443
3944 2 2 0 6 3078 3443 670
3945 2 2 0 6 432 3444 3080
3946 2 2 0 6 3444 3445 3080
3947 2 2 0 6 3444 943 3445
3948 2 2 0 6 3080 3445 671
3949 2 2 0 6 433 3446 3082
3950 2 2 0 6 3446 3447 3082
3951 2 2 0 6 3446 944 3447
3952 2 2 0 6 3082 3447 672
3953 2 2 0 6 430 3448 3084
3954 2 2 0 6 3448 3449 3084
3955 2 2 0 6 3448 945 3449
3956 2 2 0 6 3084 3449 673
3957 2 2 0 6 434 3450 3452
3958 2 2 0 6 3450 3451 3452
3959 2 2 0 6 3450 1374 3451
3960 2 2 0 6 3452 3451 1126
3961 2 2 0 6 435 3453 3455
3962 2 2 0 6 3453 3454 3455
3963 2 2 0 6 3453 1375 3454
3964 2 2 0 6 3455 3454 1127
3965 2 2 0 6 436 3456 3458
3966 2 2 0 6 3456 3457 3458
3967 2 2 0 6 3456 1376 3457
3968 2 2 0 6 3458 3457 1128
3969 2 2 0 6 437 3459 3461
3970 2 2 0 6 3459 3460 3461
3971 2 2 0 6 3459 1377 3460
3972 2 2 0 6 3461 3460 1129
3973 2 2 0 6 535 2956 3462
3974 2 2 0 6 2956 3171 3462
3975 2 2 0 6 2956 1027 3171
3976 2 2 0 6 3462 3171 994
3977 2 2 0 6 536 2959 3463
3978 2 2 0 6 2959 3173 3463
3979 2 2 0 6 2959 1028 3173
3980 2 2 0 6 3463 3173 995
3981 2 2 0 6 537 2962 3464
3982 2 2 0 6 2962 3175 3464
3983 2 2 0 6 2962 1029 3175
3984 2 2 0 6 3464 3175 996
3985 2 2 0 6 534 2965 3465
3986 2 2 0 6 2965 3177 3465
3987 2 2 0 6 2965 1026 3177
3988 2 2 0 6 3465 3177 997
3989 2 2 0 6 374 3466 3468
3990 2 2 0 6 3466 3467 3468
3991 2 2 0 6 3466 1427 3467
3992 2 2 0 6 3468 3467 706
3993 2 2 0 6 375 3469 3471
3994 2 2 0 6 3469 3470 3471
3995 2 2 0 6 3469 1428 3470
3996 2 2 0 6 3471 3470 707
3997 2 2 0 6 376 3472 3474
3998 2 2 0 6 3472 3473 3474
3999 2 2 0 6 3472 1429 3473
4000 2 2 0 6 3474 3473 708
4001 2 2 0 6 377 3475 3477
4002 2 2 0 6 3475 3476 3477
4003 2 2 0 6 3475 1426 3476
4004 2 2 0 6 3477 3476 709
4005 2 2 0 6 586 3478 3479
4006 2 2 0 6 3478 3370 3479
4007 2 2 0 6 3478 1167 3370
4008 2 2 0 6 3479 3370 998
4009 2 2 0 6 587 3480 3481
4010 2 2 0 6 3480 3372 3481
4011 2 2 0 6 3480 1168 3372
4012 2 2 0 6 3481 3372 999
4013 2 2 0 6 588 3482 3483
4014 2 2 0 6 3482 3374 3483
4015 2 2 0 6 3482 1169 3374
4016 2 2 0 6 3483 3374 1000
4017 2 2 0 6 589 3484 3485
4018 2 2 0 6 3484 3376 3485
4019 2 2 0 6 3484 1166 3376
4020 2 2 0 6 3485 3376 1001
4021 2 2 0 6 454 3486 3488
4022 2 2 0 6 3486 3487 3488
4023 2 2 0 6 3486 1354 3487
4024 2 2 0 6 3488 3487 678
4025 2 2 0 6 455 3489 3491
4026 2 2 0 6 3489 3490 3491
4027 2 2 0 6 3489 1355 3490
4028 2 2 0 6 3491 3490 679
4029 2 2 0 6 456 3492 3494
4030 2 2 0 6 3492 3493 3494
4031 2 2 0 6 3492 1356 3493
4032 2 2 0 6 3494 3493 680
4033 2 2 0 6 457 3495 3497
4034 2 2 0 6 3495 3496 3497
4035 2 2 0 6 3495 1357 3496
4036 2 2 0 6 3497 3496 681
4037 2 2 0 6 562 2660 3499
4038 2 2 0 6 2660 3498 3499
4039 2 2 0 6 2660 971 3498
4040 2 2 0 6 3499 3498 878
4041 2 2 0 6 563 2663 3501
4042 2 2 0 6 2663 3500 3501
4043 2 2 0 6 2663 972 3500
4044 2 2 0 6 3501 3500 879
4045 2 2 0 6 564 2666 3503
4046 2 2 0 6 2666 3502 3503
4047 2 2 0 6 2666 970 3502
4048 2 2 0 6 3503 3502 880
4049 2 2 0 6 565 2669 3505
4050 2 2 0 6 2669 3504 3505
4051 2 2 0 6 2669 973 3504
4052 2 2 0 6 3505 3504 881
4053 2 2 0 6 434 3506 3450
4054 2 2 0 6 3506 3507 3450
4055 2 2 0 6 3506 954 3507
4056 2 2 0 6 3450 3507 1374
4057 2 2 0 6 435 3508 3453
4058 2 2 0 6 3508 3509 3453
4059 2 2 0 6 3508 955 3509
4060 2 2 0 6 3453 3509 1375
4061 2 2 0 6 436 3510 3456
4062 2 2 0 6 3510 3511 3456
4063 2 2 0 6 3510 956 3511
4064 2 2 0 6 3456 3511 1376
4065 2 2 0 6 437 3512 3459
4066 2 2 0 6 3512 3513 3459
4067 2 2 0 6 3512 957 3513
4068 2 2 0 6 3459 3513 1377
4069 2 2 0 6 655 2290 3416
4070 2 2 0 6 2290 3514 3416
4071 2 2 0 6 2290 826 3514
4072 2 2 0 6 3416 3514 1150
4073 2 2 0 6 656 2293 3418
4074 2 2 0 6 2293 3515 3418
4075 2 2 0 6 2293 827 3515
4076 2 2 0 6 3418 3515 1151
4077 2 2 0 6 657 2296 3420
4078 2 2 0 6 2296 3516 3420
4079 2 2 0 6 2296 828 3516
4080 2 2 0 6 3420 3516 1152
4081 2 2 0 6 654 2287 3414
4082 2 2 0 6 2287 3517 3414
4083 2 2 0 6 2287 829 3517
4084 2 2 0 6 3414 3517 1153
4085 2 2 0 6 726 3518 3114
4086 2 2 0 6 3518 3519 3114
4087 2 2 0 6 3518 1286 3519
4088 2 2 0 6 3114 3519 1470
4089 2 2 0 6 727 3520 3115
4090 2 2 0 6 3520 3521 3115
4091 2 2 0 6 3520 1287 3521
4092 2 2 0 6 3115 3521 1471
4093 2 2 0 6 728 3522 3116
4094 2 2 0 6 3522 3523 3116
4095 2 2 0 6 3522 1288 3523
4096 2 2 0 6 3116 3523 1472
4097 2 2 0 6 729 3524 3117
4098 2 2 0 6 3524 3525 3117
4099 2 2 0 6 3524 1289 3525
4100 2 2 0 6 3117 3525 1473
4101 2 2 0 6 634 3526 3528
4102 2 2 0 6 3526 3527 3528
4103 2 2 0 6 3526 1266 3527
4104 2 2 0 6 3528 3527 1278
4105 2 2 0 6 635 3529 3531
4106 2 2 0 6 3529 3530 3531
4107 2 2 0 6 3529 1267 3530
4108 2 2 0 6 3531 3530 1279
4109 2 2 0 6 636 3532 3534
4110 2 2 0 6 3532 3533 3534
4111 2 2 0 6 3532 1268 3533
4112 2 2 0 6 3534 3533 1280
4113 2 2 0 6 637 3535 3537
4114 2 2 0 6 3535 3536 3537
4115 2 2 0 6 3535 1269 3536
4116 2 2 0 6 3537 3536 1281
4117 2 2 0 6 390 3538 3539
4118 2 2 0 6 3538 3230 3539
4119 2 2 0 6 3538 983 3230
4120 2 2 0 6 3539 3230 670
4121 2 2 0 6 391 3540 3541
4122 2 2 0 6 3540 3231 3541
4123 2 2 0 6 3540 984 3231
4124 2 2 0 6 3541 3231 671
4125 2 2 0 6 392 3542 3543
4126 2 2 0 6 3542 3232 3543
4127 2 2 0 6 3542 985 3232
4128 2 2 0 6 3543 3232 672
4129 2 2 0 6 393 3544 3545
4130 2 2 0 6 3544 3233 3545
4131 2 2 0 6 3544 982 3233
4132 2 2 0 6 3545 3233 673
4133 2 2 0 6 298 1948 3547
4134 2 2 0 6 1948 3546 3547
4135 2 2 0 6 1948 774 3546
4136 2 2 0 6 3547 3546 1222
4137 2 2 0 6 299 1951 3549
4138 2 2 0 6 1951 3548 3549
4139 2 2 0 6 1951 775 3548
4140 2 2 0 6 3549 3548 1223
4141 2 2 0 6 300 1954 3551
4142 2 2 0 6 1954 3550 3551
4143 2 2 0 6 1954 776 3550
4144 2 2 0 6 3551 3550 1224
4145 2 2 0 6 301 1957 3553
4146 2 2 0 6 1957 3552 3553
4147 2 2 0 6 1957 777 3552
4148 2 2 0 6 3553 3552 1225
4149 2 2 0 6 450 3554 3555
4150 2 2 0 6 3554 2854 3555
4151 2 2 0 6 3554 1066 2854
4152 2 2 0 6 3555 2854 677
4153 2 2 0 6 451 3556 3557
4154 2 2 0 6 3556 2855 3557
4155 2 2 0 6 3556 1067 2855
4156 2 2 0 6 3557 2855 674
4157 2 2 0 6 452 3558 3559
4158 2 2 0 6 3558 2856 3559
4159 2 2 0 6 3558 1068 2856
4160 2 2 0 6 3559 2856 675
4161 2 2 0 6 453 3560 3561
4162 2 2 0 6 3560 2857 3561
4163 2 2 0 6 3560 1069 2857
4164 2 2 0 6 3561 2857 676
4165 2 2 0 6 270 3562 1858
4166 2 2 0 6 3562 3563 1858
4167 2 2 0 6 3562 1318 3563
4168 2 2 0 6 1858 3563 662
4169 2 2 0 6 271 3564 1861
4170 2 2 0 6 3564 3565 1861
4171 2 2 0 6 3564 1319 3565
4172 2 2 0 6 1861 3565 663
4173 2 2 0 6 272 3566 1864
4174 2 2 0 6 3566 3567 1864
4175 2 2 0 6 3566 1320 3567
4176 2 2 0 6 1864 3567 664
4177 2 2 0 6 273 3568 1867
4178 2 2 0 6 3568 3569 1867
4179 2 2 0 6 3568 1321 3569
4180 2 2 0 6 1867 3569 665
4181 2 2 0 6 270 2132 3571
4182 2 2 0 6 2132 3570 3571
4183 2 2 0 6 2132 746 3570
4184 2 2 0 6 3571 3570 1134
4185 2 2 0 6 271 2135 3573
4186 2 2 0 6 2135 3572 3573
4187 2 2 0 6 2135 747 3572
4188 2 2 0 6 3573 3572 1135
4189 2 2 0 6 272 2138 3575
4190 2 2 0 6 2138 3574 3575
4191 2 2 0 6 2138 748 3574
4192 2 2 0 6 3575 3574 1136
4193 2 2 0 6 273 2141 3577
4194 2 2 0 6 2141 3576 3577
4195 2 2 0 6 2141 749 3576
4196 2 2 0 6 3577 3576 1137
4197 2 2 0 6 478 2367 3579
4198 2 2 0 6 2367 3578 3579
4199 2 2 0 6 2367 666 3578
4200 2 2 0 6 3579 3578 1239
4201 2 2 0 6 479 2369 3581
4202 2 2 0 6 2369 3580 3581
4203 2 2 0 6 2369 667 3580
4204 2 2 0 6 3581 3580 1240
4205 2 2 0 6 480 2371 3583
4206 2 2 0 6 2371 3582 3583
4207 2 2 0 6 2371 668 3582
4208 2 2 0 6 3583 3582 1241
4209 2 2 0 6 481 2373 3585
4210 2 2 0 6 2373 3584 3585
4211 2 2 0 6 2373 669 3584
4212 2 2 0 6 3585 3584 1238
4213 2 2 0 6 362 1599 3251
4214 2 2 0 6 1599 3586 3251
4215 2 2 0 6 1599 697 3586
4216 2 2 0 6 3251 3586 976
4217 2 2 0 6 363 1601 3253
4218 2 2 0 6 1601 3587 3253
4219 2 2 0 6 1601 694 3587
4220 2 2 0 6 3253 3587 974
4221 2 2 0 6 364 1603 3255
4222 2 2 0 6 1603 3588 3255
4223 2 2 0 6 1603 695 3588
4224 2 2 0 6 3255 3588 975
4225 2 2 0 6 365 1605 3257
4226 2 2 0 6 1605 3589 3257
4227 2 2 0 6 1605 696 3589
4228 2 2 0 6 3257 3589 977
4229 2 2 0 6 487 3590 3591
4230 2 2 0 6 3590 2202 3591
4231 2 2 0 6 3590 1058 2202
4232 2 2 0 6 3591 2202 874
4233 2 2 0 6 488 3592 3593
4234 2 2 0 6 3592 2204 3593
4235 2 2 0 6 3592 1059 2204
4236 2 2 0 6 3593 2204 875
4237 2 2 0 6 489 3594 3595
4238 2 2 0 6 3594 2206 3595
4239 2 2 0 6 3594 1060 2206
4240 2 2 0 6 3595 2206 876
4241 2 2 0 6 486 3596 3597
4242 2 2 0 6 3596 2208 3597
4243 2 2 0 6 3596 1061 2208
4244 2 2 0 6 3597 2208 877
4245 2 2 0 6 473 3598 3599
4246 2 2 0 6 3598 3119 3599
4247 2 2 0 6 3598 1038 3119
4248 2 2 0 6 3599 3119 1406
4249 2 2 0 6 470 3600 3601
4250 2 2 0 6 3600 3122 3601
4251 2 2 0 6 3600 1039 3122
4252 2 2 0 6 3601 3122 1407
4253 2 2 0 6 471 3602 3603
4254 2 2 0 6 3602 3125 3603
4255 2 2 0 6 3602 1040 3125
4256 2 2 0 6 3603 3125 1408
4257 2 2 0 6 472 3604 3605
4258 2 2 0 6 3604 3128 3605
4259 2 2 0 6 3604 1041 3128
4260 2 2 0 6 3605 3128 1409
4261 2 2 0 6 578 1959 2254
4262 2 2 0 6 1959 3606 2254
4263 2 2 0 6 1959 1066 3606
4264 2 2 0 6 2254 3606 938
4265 2 2 0 6 579 1962 2255
4266 2 2 0 6 1962 3607 2255
4267 2 2 0 6 1962 1067 3607
4268 2 2 0 6 2255 3607 939
4269 2 2 0 6 580 1965 2256
4270 2 2 0 6 1965 3608 2256
4271 2 2 0 6 1965 1068 3608
4272 2 2 0 6 2256 3608 940
4273 2 2 0 6 581 1968 2257
4274 2 2 0 6 1968 3609 2257
4275 2 2 0 6 1968 1069 3609
4276 2 2 0 6 2257 3609 941
4277 2 2 0 6 290 3610 3022
4278 2 2 0 6 3610 3611 3022
4279 2 2 0 6 3610 1014 3611
4280 2 2 0 6 3022 3611 706
4281 2 2 0 6 291 3612 3024
4282 2 2 0 6 3612 3613 3024
4283 2 2 0 6 3612 1015 3613
4284 2 2 0 6 3024 3613 707
4285 2 2 0 6 292 3614 3026
4286 2 2 0 6 3614 3615 3026
4287 2 2 0 6 3614 1016 3615
4288 2 2 0 6 3026 3615 708
4289 2 2 0 6 293 3616 3028
4290 2 2 0 6 3616 3617 3028
4291 2 2 0 6 3616 1017 3617
4292 2 2 0 6 3028 3617 709
4293 2 2 0 6 461 2016 1712
4294 2 2 0 6 2016 3617 1712
4295 2 2 0 6 2016 709 3617
4296 2 2 0 6 1712 3617 1017
4297 2 2 0 6 458 2019 1703
4298 2 2 0 6 2019 3611 1703
4299 2 2 0 6 2019 706 3611
4300 2 2 0 6 1703 3611 1014
4301 2 2 0 6 459 2022 1706
4302 2 2 0 6 2022 3613 1706
4303 2 2 0 6 2022 707 3613
4304 2 2 0 6 1706 3613 1015
4305 2 2 0 6 460 2025 1709
4306 2 2 0 6 2025 3615 1709
4307 2 2 0 6 2025 708 3615
4308 2 2 0 6 1709 3615 1016
4309 2 2 0 6 275 3618 1985
4310 2 2 0 6 3618 3619 1985
4311 2 2 0 6 3618 1018 3619
4312 2 2 0 6 1985 3619 674
4313 2 2 0 6 276 3620 1988
4314 2 2 0 6 3620 3621 1988
4315 2 2 0 6 3620 1019 3621
4316 2 2 0 6 1988 3621 675
4317 2 2 0 6 277 3622 1991
4318 2 2 0 6 3622 3623 1991
4319 2 2 0 6 3622 1020 3623
4320 2 2 0 6 1991 3623 676
4321 2 2 0 6 274 3624 1982
4322 2 2 0 6 3624 3625 1982
4323 2 2 0 6 3624 1021 3625
4324 2 2 0 6 1982 3625 677
4325 2 2 0 6 244 3626 212
4326 2 2 0 6 3626 3222 212
4327 2 2 0 6 3626 894 3222
4328 2 2 0 6 212 3222 243
4329 2 2 0 6 55 3627 23
4330 2 2 0 6 3627 3224 23
4331 2 2 0 6 3627 895 3224
4332 2 2 0 6 23 3224 54
4333 2 2 0 6 118 3628 86
4334 2 2 0 6 3628 3226 86
4335 2 2 0 6 3628 896 3226
4336 2 2 0 6 86 3226 117
4337 2 2 0 6 181 3629 149
4338 2 2 0 6 3629 3228 149
4339 2 2 0 6 3629 897 3228
4340 2 2 0 6 149 3228 180
4341 2 2 0 6 594 3630 3632
4342 2 2 0 6 3630 3631 3632
4343 2 2 0 6 3630 986 3631
4344 2 2 0 6 3632 3631 1166
4345 2 2 0 6 595 3633 3635
4346 2 2 0 6 3633 3634 3635
4347 2 2 0 6 3633 987 3634
4348 2 2 0 6 3635 3634 1167
4349 2 2 0 6 596 3636 3638
4350 2 2 0 6 3636 3637 3638
4351 2 2 0 6 3636 988 3637
4352 2 2 0 6 3638 3637 1168
4353 2 2 0 6 597 3639 3641
4354 2 2 0 6 3639 3640 3641
4355 2 2 0 6 3639 989 3640
4356 2 2 0 6 3641 3640 1169
4357 2 2 0 6 451 3557 3642
4358 2 2 0 6 3557 3619 3642
4359 2 2 0 6 3557 674 3619
4360 2 2 0 6 3642 3619 1018
4361 2 2 0 6 452 3559 3643
4362 2 2 0 6 3559 3621 3643
4363 2 2 0 6 3559 675 3621
4364 2 2 0 6 3643 3621 1019
4365 2 2 0 6 453 3561 3644
4366 2 2 0 6 3561 3623 3644
4367 2 2 0 6 3561 676 3623
4368 2 2 0 6 3644 3623 1020
4369 2 2 0 6 450 3555 3645
4370 2 2 0 6 3555 3625 3645
4371 2 2 0 6 3555 677 3625
4372 2 2 0 6 3645 3625 1021
4373 2 2 0 6 275 1987 3647
4374 2 2 0 6 1987 3646 3647
4375 2 2 0 6 1987 990 3646
4376 2 2 0 6 3647 3646 686
4377 2 2 0 6 276 1990 3649
4378 2 2 0 6 1990 3648 3649
4379 2 2 0 6 1990 991 3648
4380 2 2 0 6 3649 3648 687
4381 2 2 0 6 277 1993 3651
4382 2 2 0 6 1993 3650 3651
4383 2 2 0 6 1993 992 3650
4384 2 2 0 6 3651 3650 688
4385 2 2 0 6 274 1984 3653
4386 2 2 0 6 1984 3652 3653
4387 2 2 0 6 1984 993 3652
4388 2 2 0 6 3653 3652 689
4389 2 2 0 6 564 3654 3655
4390 2 2 0 6 3654 2086 3655
4391 2 2 0 6 3654 1360 2086
4392 2 2 0 6 3655 2086 1402
4393 2 2 0 6 562 3656 3657
4394 2 2 0 6 3656 2088 3657
4395 2 2 0 6 3656 1358 2088
4396 2 2 0 6 3657 2088 1403
4397 2 2 0 6 563 3658 3659
4398 2 2 0 6 3658 2090 3659
4399 2 2 0 6 3658 1359 2090
4400 2 2 0 6 3659 2090 1404
4401 2 2 0 6 565 3660 3661
4402 2 2 0 6 3660 2092 3661
4403 2 2 0 6 3660 1361 2092
4404 2 2 0 6 3661 2092 1405
4405 2 2 0 6 401 3221 2434
4406 2 2 0 6 3221 3662 2434
4407 2 2 0 6 3221 721 3662
4408 2 2 0 6 2434 3662 1177
4409 2 2 0 6 398 3212 2436
4410 2 2 0 6 3212 3663 2436
4411 2 2 0 6 3212 718 3663
4412 2 2 0 6 2436 3663 1174
4413 2 2 0 6 399 3215 2438
4414 2 2 0 6 3215 3664 2438
4415 2 2 0 6 3215 719 3664
4416 2 2 0 6 2438 3664 1175
4417 2 2 0 6 400 3218 2440
4418 2 2 0 6 3218 3665 2440
4419 2 2 0 6 3218 720 3665
4420 2 2 0 6 2440 3665 1176
4421 2 2 0 6 418 3666 3667
4422 2 2 0 6 3666 3098 3667
4423 2 2 0 6 3666 930 3098
4424 2 2 0 6 3667 3098 1322
4425 2 2 0 6 419 3668 3669
4426 2 2 0 6 3668 3099 3669
4427 2 2 0 6 3668 931 3099
4428 2 2 0 6 3669 3099 1323
4429 2 2 0 6 420 3670 3671
4430 2 2 0 6 3670 3100 3671
4431 2 2 0 6 3670 932 3100
4432 2 2 0 6 3671 3100 1324
4433 2 2 0 6 421 3672 3673
4434 2 2 0 6 3672 3101 3673
4435 2 2 0 6 3672 933 3101
4436 2 2 0 6 3673 3101 1325
4437 2 2 0 6 582 2195 3675
4438 2 2 0 6 2195 3674 3675
4439 2 2 0 6 2195 934 3674
4440 2 2 0 6 3675 3674 1178
4441 2 2 0 6 583 2197 3677
4442 2 2 0 6 2197 3676 3677
4443 2 2 0 6 2197 935 3676
4444 2 2 0 6 3677 3676 1179
4445 2 2 0 6 584 2199 3679
4446 2 2 0 6 2199 3678 3679
4447 2 2 0 6 2199 936 3678
4448 2 2 0 6 3679 3678 1180
4449 2 2 0 6 585 2201 3681
4450 2 2 0 6 2201 3680 3681
4451 2 2 0 6 2201 937 3680
4452 2 2 0 6 3681 3680 1181
4453 2 2 0 6 275 3647 3682
4454 2 2 0 6 3647 3267 3682
4455 2 2 0 6 3647 686 3267
4456 2 2 0 6 3682 3267 1003
4457 2 2 0 6 276 3649 3683
4458 2 2 0 6 3649 3269 3683
4459 2 2 0 6 3649 687 3269
4460 2 2 0 6 3683 3269 1004
4461 2 2 0 6 277 3651 3684
4462 2 2 0 6 3651 3271 3684
4463 2 2 0 6 3651 688 3271
4464 2 2 0 6 3684 3271 1005
4465 2 2 0 6 274 3653 3685
4466 2 2 0 6 3653 3273 3685
4467 2 2 0 6 3653 689 3273
4468 2 2 0 6 3685 3273 1002
4469 2 2 0 6 414 3686 3687
4470 2 2 0 6 3686 3102 3687
4471 2 2 0 6 3686 1345 3102
4472 2 2 0 6 3687 3102 926
4473 2 2 0 6 415 3688 3689
4474 2 2 0 6 3688 3103 3689
4475 2 2 0 6 3688 1342 3103
4476 2 2 0 6 3689 3103 927
4477 2 2 0 6 416 3690 3691
4478 2 2 0 6 3690 3104 3691
4479 2 2 0 6 3690 1343 3104
4480 2 2 0 6 3691 3104 928
4481 2 2 0 6 417 3692 3693
4482 2 2 0 6 3692 3105 3693
4483 2 2 0 6 3692 1344 3105
4484 2 2 0 6 3693 3105 929
4485 2 2 0 6 582 3675 2178
4486 2 2 0 6 3675 3431 2178
4487 2 2 0 6 3675 1178 3431
4488 2 2 0 6 2178 3431 1070
4489 2 2 0 6 583 3677 2180
4490 2 2 0 6 3677 3434 2180
4491 2 2 0 6 3677 1179 3434
4492 2 2 0 6 2180 3434 1071
4493 2 2 0 6 584 3679 2182
4494 2 2 0 6 3679 3437 2182
4495 2 2 0 6 3679 1180 3437
4496 2 2 0 6 2182 3437 1073
4497 2 2 0 6 585 3681 2184
4498 2 2 0 6 3681 3440 2184
4499 2 2 0 6 3681 1181 3440
4500 2 2 0 6 2184 3440 1072
4501 2 2 0 6 342 3010 3695
4502 2 2 0 6 3010 3694 3695
4503 2 2 0 6 3010 1210 3694
4504 2 2 0 6 3695 3694 1022
4505 2 2 0 6 343 3011 3697
4506 2 2 0 6 3011 3696 3697
4507 2 2 0 6 3011 1211 3696
4508 2 2 0 6 3697 3696 1023
4509 2 2 0 6 344 3012 3699
4510 2 2 0 6 3012 3698 3699
4511 2 2 0 6 3012 1212 3698
4512 2 2 0 6 3699 3698 1024
4513 2 2 0 6 345 3013 3701
4514 2 2 0 6 3013 3700 3701
4515 2 2 0 6 3013 1213 3700
4516 2 2 0 6 3701 3700 1025
4517 2 2 0 6 350 3371 3702
4518 2 2 0 6 3371 3634 3702
4519 2 2 0 6 3371 1167 3634
4520 2 2 0 6 3702 3634 987
4521 2 2 0 6 351 3373 3703
4522 2 2 0 6 3373 3637 3703
4523 2 2 0 6 3373 1168 3637
4524 2 2 0 6 3703 3637 988
4525 2 2 0 6 352 3375 3704
4526 2 2 0 6 3375 3640 3704
4527 2 2 0 6 3375 1169 3640
4528 2 2 0 6 3704 3640 989
4529 2 2 0 6 353 3377 3705
4530 2 2 0 6 3377 3631 3705
4531 2 2 0 6 3377 1166 3631
4532 2 2 0 6 3705 3631 986
4533 2 2 0 6 454 3488 3430
4534 2 2 0 6 3488 3706 3430
4535 2 2 0 6 3488 678 3706
4536 2 2 0 6 3430 3706 1070
4537 2 2 0 6 455 3491 3433
4538 2 2 0 6 3491 3707 3433
4539 2 2 0 6 3491 679 3707
4540 2 2 0 6 3433 3707 1071
4541 2 2 0 6 456 3494 3436
4542 2 2 0 6 3494 3708 3436
4543 2 2 0 6 3494 680 3708
4544 2 2 0 6 3436 3708 1073
4545 2 2 0 6 457 3497 3439
4546 2 2 0 6 3497 3709 3439
4547 2 2 0 6 3497 681 3709
4548 2 2 0 6 3439 3709 1072
4549 2 2 0 6 434 3710 3712
4550 2 2 0 6 3710 3711 3712
4551 2 2 0 6 3710 798 3711
4552 2 2 0 6 3712 3711 802
4553 2 2 0 6 435 3713 3715
4554 2 2 0 6 3713 3714 3715
4555 2 2 0 6 3713 799 3714
4556 2 2 0 6 3715 3714 803
4557 2 2 0 6 436 3716 3718
4558 2 2 0 6 3716 3717 3718
4559 2 2 0 6 3716 800 3717
4560 2 2 0 6 3718 3717 804
4561 2 2 0 6 437 3719 3721
4562 2 2 0 6 3719 3720 3721
4563 2 2 0 6 3719 801 3720
4564 2 2 0 6 3721 3720 805
4565 2 2 0 6 438 3722 3723
4566 2 2 0 6 3722 3711 3723
4567 2 2 0 6 3722 802 3711
4568 2 2 0 6 3723 3711 798
4569 2 2 0 6 439 3724 3725
4570 2 2 0 6 3724 3714 3725
4571 2 2 0 6 3724 803 3714
4572 2 2 0 6 3725 3714 799
4573 2 2 0 6 440 3726 3727
4574 2 2 0 6 3726 3717 3727
4575 2 2 0 6 3726 804 3717
4576 2 2 0 6 3727 3717 800
4577 2 2 0 6 441 3728 3729
4578 2 2 0 6 3728 3720 3729
4579 2 2 0 6 3728 805 3720
4580 2 2 0 6 3729 3720 801
4581 2 2 0 6 443 3730 3732
4582 2 2 0 6 3730 3731 3732
4583 2 2 0 6 3730 1395 3731
4584 2 2 0 6 3732 3731 1191
4585 2 2 0 6 444 3733 3735
4586 2 2 0 6 3733 3734 3735
4587 2 2 0 6 3733 1396 3734
4588 2 2 0 6 3735 3734 1192
4589 2 2 0 6 445 3736 3738
4590 2 2 0 6 3736 3737 3738
4591 2 2 0 6 3736 1397 3737
4592 2 2 0 6 3738 3737 1193
4593 2 2 0 6 442 3739 3741
4594 2 2 0 6 3739 3740 3741
4595 2 2 0 6 3739 1394 3740
4596 2 2 0 6 3741 3740 1190
4597 2 2 0 6 1470 3519 3742
4598 2 2 0 6 3519 2858 3742
4599 2 2 0 6 3519 1286 2858
4600 2 2 0 6 3742 2858 422
4601 2 2 0 6 1471 3521 3743
4602 2 2 0 6 3521 2860 3743
4603 2 2 0 6 3521 1287 2860
4604 2 2 0 6 3743 2860 423
4605 2 2 0 6 1472 3523 3744
4606 2 2 0 6 3523 2862 3744
4607 2 2 0 6 3523 1288 2862
4608 2 2 0 6 3744 2862 424
4609 2 2 0 6 1473 3525 3745
4610 2 2 0 6 3525 2864 3745
4611 2 2 0 6 3525 1289 2864
4612 2 2 0 6 3745 2864 425
4613 2 2 0 6 411 3746 2670
4614 2 2 0 6 3746 3747 2670
4615 2 2 0 6 3746 762 3747
4616 2 2 0 6 2670 3747 946
4617 2 2 0 6 412 3748 2671
4618 2 2 0 6 3748 3749 2671
4619 2 2 0 6 3748 763 3749
4620 2 2 0 6 2671 3749 947
4621 2 2 0 6 413 3750 2672
4622 2 2 0 6 3750 3751 2672
4623 2 2 0 6 3750 764 3751
4624 2 2 0 6 2672 3751 948
4625 2 2 0 6 410 3752 2673
4626 2 2 0 6 3752 3753 2673
4627 2 2 0 6 3752 765 3753
4628 2 2 0 6 2673 3753 949
4629 2 2 0 6 411 3754 3746
4630 2 2 0 6 3754 3755 3746
4631 2 2 0 6 3754 950 3755
4632 2 2 0 6 3746 3755 762
4633 2 2 0 6 412 3756 3748
4634 2 2 0 6 3756 3757 3748
4635 2 2 0 6 3756 951 3757
4636 2 2 0 6 3748 3757 763
4637 2 2 0 6 413 3758 3750
4638 2 2 0 6 3758 3759 3750
4639 2 2 0 6 3758 952 3759
4640 2 2 0 6 3750 3759 764
4641 2 2 0 6 410 3760 3752
4642 2 2 0 6 3760 3761 3752
4643 2 2 0 6 3760 953 3761
4644 2 2 0 6 3752 3761 765
4645 2 2 0 6 374 3468 2786
4646 2 2 0 6 3468 2018 2786
4647 2 2 0 6 3468 706 2018
4648 2 2 0 6 2786 2018 962
4649 2 2 0 6 375 3471 2788
4650 2 2 0 6 3471 2021 2788
4651 2 2 0 6 3471 707 2021
4652 2 2 0 6 2788 2021 963
4653 2 2 0 6 376 3474 2790
4654 2 2 0 6 3474 2024 2790
4655 2 2 0 6 3474 708 2024
4656 2 2 0 6 2790 2024 964
4657 2 2 0 6 377 3477 2792
4658 2 2 0 6 3477 2015 2792
4659 2 2 0 6 3477 709 2015
4660 2 2 0 6 2792 2015 965
4661 2 2 0 6 317 2347 3763
4662 2 2 0 6 2347 3762 3763
4663 2 2 0 6 2347 838 3762
4664 2 2 0 6 3763 3762 1294
4665 2 2 0 6 314 2349 3765
4666 2 2 0 6 2349 3764 3765
4667 2 2 0 6 2349 839 3764
4668 2 2 0 6 3765 3764 1295
4669 2 2 0 6 315 2351 3767
4670 2 2 0 6 2351 3766 3767
4671 2 2 0 6 2351 840 3766
4672 2 2 0 6 3767 3766 1296
4673 2 2 0 6 316 2353 3769
4674 2 2 0 6 2353 3768 3769
4675 2 2 0 6 2353 841 3768
4676 2 2 0 6 3769 3768 1297
4677 2 2 0 6 57 3770 3772
4678 2 2 0 6 3770 3771 3772
4679 2 2 0 6 3770 1083 3771
4680 2 2 0 6 3772 3771 715
4681 2 2 0 6 120 3773 3775
4682 2 2 0 6 3773 3774 3775
4683 2 2 0 6 3773 1084 3774
4684 2 2 0 6 3775 3774 716
4685 2 2 0 6 183 3776 3778
4686 2 2 0 6 3776 3777 3778
4687 2 2 0 6 3776 1085 3777
4688 2 2 0 6 3778 3777 717
4689 2 2 0 6 246 3779 3781
4690 2 2 0 6 3779 3780 3781
4691 2 2 0 6 3779 1082 3780
4692 2 2 0 6 3781 3780 714
4693 2 2 0 6 509 3782 2011
4694 2 2 0 6 3782 3783 2011
4695 2 2 0 6 3782 1309 3783
4696 2 2 0 6 2011 3783 777
4697 2 2 0 6 506 3784 2002
4698 2 2 0 6 3784 3785 2002
4699 2 2 0 6 3784 1306 3785
4700 2 2 0 6 2002 3785 774
4701 2 2 0 6 507 3786 2005
4702 2 2 0 6 3786 3787 2005
4703 2 2 0 6 3786 1307 3787
4704 2 2 0 6 2005 3787 775
4705 2 2 0 6 508 3788 2008
4706 2 2 0 6 3788 3789 2008
4707 2 2 0 6 3788 1308 3789
4708 2 2 0 6 2008 3789 776
4709 2 2 0 6 486 3597 1994
4710 2 2 0 6 3597 3790 1994
4711 2 2 0 6 3597 877 3790
4712 2 2 0 6 1994 3790 993
4713 2 2 0 6 487 3591 1996
4714 2 2 0 6 3591 3791 1996
4715 2 2 0 6 3591 874 3791
4716 2 2 0 6 1996 3791 990
4717 2 2 0 6 488 3593 1998
4718 2 2 0 6 3593 3792 1998
4719 2 2 0 6 3593 875 3792
4720 2 2 0 6 1998 3792 991
4721 2 2 0 6 489 3595 2000
4722 2 2 0 6 3595 3793 2000
4723 2 2 0 6 3595 876 3793
4724 2 2 0 6 2000 3793 992
4725 2 2 0 6 390 3539 3795
4726 2 2 0 6 3539 3794 3795
4727 2 2 0 6 3539 670 3794
4728 2 2 0 6 3795 3794 1222
4729 2 2 0 6 391 3541 3797
4730 2 2 0 6 3541 3796 3797
4731 2 2 0 6 3541 671 3796
4732 2 2 0 6 3797 3796 1223
4733 2 2 0 6 392 3543 3799
4734 2 2 0 6 3543 3798 3799
4735 2 2 0 6 3543 672 3798
4736 2 2 0 6 3799 3798 1224
4737 2 2 0 6 393 3545 3801
4738 2 2 0 6 3545 3800 3801
4739 2 2 0 6 3545 673 3800
4740 2 2 0 6 3801 3800 1225
4741 2 2 0 6 110 79 3802
4742 2 2 0 6 79 2244 3802
4743 2 2 0 6 79 111 2244
4744 2 2 0 6 3802 2244 1043
4745 2 2 0 6 173 142 3803
4746 2 2 0 6 142 2247 3803
4747 2 2 0 6 142 174 2247
4748 2 2 0 6 3803 2247 1044
4749 2 2 0 6 236 205 3804
4750 2 2 0 6 205 2250 3804
4751 2 2 0 6 205 237 2250
4752 2 2 0 6 3804 2250 1045
4753 2 2 0 6 47 16 3805
4754 2 2 0 6 16 2253 3805
4755 2 2 0 6 16 48 2253
4756 2 2 0 6 3805 2253 1042
4757 2 2 0 6 258 3806 1826
4758 2 2 0 6 3806 3663 1826
4759 2 2 0 6 3806 1174 3663
4760 2 2 0 6 1826 3663 718
4761 2 2 0 6 259 3807 1829
4762 2 2 0 6 3807 3664 1829
4763 2 2 0 6 3807 1175 3664
4764 2 2 0 6 1829 3664 719
4765 2 2 0 6 260 3808 1832
4766 2 2 0 6 3808 3665 1832
4767 2 2 0 6 3808 1176 3665
4768 2 2 0 6 1832 3665 720
4769 2 2 0 6 261 3809 1835
4770 2 2 0 6 3809 3662 1835
4771 2 2 0 6 3809 1177 3662
4772 2 2 0 6 1835 3662 721
4773 2 2 0 6 310 3001 2161
4774 2 2 0 6 3001 3386 2161
4775 2 2 0 6 3001 1198 3386
4776 2 2 0 6 2161 3386 810
4777 2 2 0 6 311 3003 2164
4778 2 2 0 6 3003 3389 2164
4779 2 2 0 6 3003 1199 3389
4780 2 2 0 6 2164 3389 811
4781 2 2 0 6 312 3005 2167
4782 2 2 0 6 3005 3392 2167
4783 2 2 0 6 3005 1200 3392
4784 2 2 0 6 2167 3392 812
4785 2 2 0 6 313 2999 2158
4786 2 2 0 6 2999 3395 2158
4787 2 2 0 6 2999 1201 3395
4788 2 2 0 6 2158 3395 813
4789 2 2 0 6 317 3763 3811
4790 2 2 0 6 3763 3810 3811
4791 2 2 0 6 3763 1294 3810
4792 2 2 0 6 3811 3810 905
4793 2 2 0 6 314 3765 3813
4794 2 2 0 6 3765 3812 3813
4795 2 2 0 6 3765 1295 3812
4796 2 2 0 6 3813 3812 902
4797 2 2 0 6 315 3767 3815
4798 2 2 0 6 3767 3814 3815
4799 2 2 0 6 3767 1296 3814
4800 2 2 0 6 3815 3814 903
4801 2 2 0 6 316 3769 3817
4802 2 2 0 6 3769 3816 3817
4803 2 2 0 6 3769 1297 3816
4804 2 2 0 6 3817 3816 904
4805 2 2 0 6 426 2753 3819
4806 2 2 0 6 2753 3818 3819
4807 2 2 0 6 2753 682 3818
4808 2 2 0 6 3819 3818 1295
4809 2 2 0 6 427 2755 3821
4810 2 2 0 6 2755 3820 3821
4811 2 2 0 6 2755 683 3820
4812 2 2 0 6 3821 3820 1296
4813 2 2 0 6 428 2757 3823
4814 2 2 0 6 2757 3822 3823
4815 2 2 0 6 2757 684 3822
4816 2 2 0 6 3823 3822 1297
4817 2 2 0 6 429 2751 3825
4818 2 2 0 6 2751 3824 3825
4819 2 2 0 6 2751 685 3824
4820 2 2 0 6 3825 3824 1294
4821 2 2 0 6 330 3826 3828
4822 2 2 0 6 3826 3827 3828
4823 2 2 0 6 3826 1079 3827
4824 2 2 0 6 3828 3827 722
4825 2 2 0 6 331 3829 3831
4826 2 2 0 6 3829 3830 3831
4827 2 2 0 6 3829 1080 3830
4828 2 2 0 6 3831 3830 723
4829 2 2 0 6 332 3832 3834
4830 2 2 0 6 3832 3833 3834
4831 2 2 0 6 3832 1081 3833
4832 2 2 0 6 3834 3833 724
4833 2 2 0 6 333 3835 3837
4834 2 2 0 6 3835 3836 3837
4835 2 2 0 6 3835 1078 3836
4836 2 2 0 6 3837 3836 725
4837 2 2 0 6 470 2429 3838
4838 2 2 0 6 2429 3827 3838
4839 2 2 0 6 2429 722 3827
4840 2 2 0 6 3838 3827 1079
4841 2 2 0 6 471 2431 3839
4842 2 2 0 6 2431 3830 3839
4843 2 2 0 6 2431 723 3830
4844 2 2 0 6 3839 3830 1080
4845 2 2 0 6 472 2433 3840
4846 2 2 0 6 2433 3833 3840
4847 2 2 0 6 2433 724 3833
4848 2 2 0 6 3840 3833 1081
4849 2 2 0 6 473 2427 3841
4850 2 2 0 6 2427 3836 3841
4851 2 2 0 6 2427 725 3836
4852 2 2 0 6 3841 3836 1078
4853 2 2 0 6 494 3056 2566
4854 2 2 0 6 3056 3842 2566
4855 2 2 0 6 3056 910 3842
4856 2 2 0 6 2566 3842 906
4857 2 2 0 6 495 3059 2568
4858 2 2 0 6 3059 3843 2568
4859 2 2 0 6 3059 911 3843
4860 2 2 0 6 2568 3843 907
4861 2 2 0 6 496 3062 2570
4862 2 2 0 6 3062 3844 2570
4863 2 2 0 6 3062 912 3844
4864 2 2 0 6 2570 3844 908
4865 2 2 0 6 497 3065 2572
4866 2 2 0 6 3065 3845 2572
4867 2 2 0 6 3065 913 3845
4868 2 2 0 6 2572 3845 909
4869 2 2 0 6 431 3079 1920
4870 2 2 0 6 3079 3843 1920
4871 2 2 0 6 3079 907 3843
4872 2 2 0 6 1920 3843 911
4873 2 2 0 6 432 3081 1922
4874 2 2 0 6 3081 3844 1922
4875 2 2 0 6 3081 908 3844
4876 2 2 0 6 1922 3844 912
4877 2 2 0 6 433 3083 1924
4878 2 2 0 6 3083 3845 1924
4879 2 2 0 6 3083 909 3845
4880 2 2 0 6 1924 3845 913
4881 2 2 0 6 430 3085 1918
4882 2 2 0 6 3085 3842 1918
4883 2 2 0 6 3085 906 3842
4884 2 2 0 6 1918 3842 910
4885 2 2 0 6 421 3846 3848
4886 2 2 0 6 3846 3847 3848
4887 2 2 0 6 3846 1101 3847
4888 2 2 0 6 3848 3847 734
4889 2 2 0 6 418 3849 3851
4890 2 2 0 6 3849 3850 3851
4891 2 2 0 6 3849 1098 3850
4892 2 2 0 6 3851 3850 735
4893 2 2 0 6 419 3852 3854
4894 2 2 0 6 3852 3853 3854
4895 2 2 0 6 3852 1099 3853
4896 2 2 0 6 3854 3853 736
4897 2 2 0 6 420 3855 3857
4898 2 2 0 6 3855 3856 3857
4899 2 2 0 6 3855 1100 3856
4900 2 2 0 6 3857 3856 737
4901 2 2 0 6 490 3858 3859
4902 2 2 0 6 3858 1587 3859
4903 2 2 0 6 3858 1162 1587
4904 2 2 0 6 3859 1587 1154
4905 2 2 0 6 491 3860 3861
4906 2 2 0 6 3860 1590 3861
4907 2 2 0 6 3860 1163 1590
4908 2 2 0 6 3861 1590 1155
4909 2 2 0 6 492 3862 3863
4910 2 2 0 6 3862 1593 3863
4911 2 2 0 6 3862 1164 1593
4912 2 2 0 6 3863 1593 1157
4913 2 2 0 6 493 3864 3865
4914 2 2 0 6 3864 1596 3865
4915 2 2 0 6 3864 1165 1596
4916 2 2 0 6 3865 1596 1156
4917 2 2 0 6 298 3547 3867
4918 2 2 0 6 3547 3866 3867
4919 2 2 0 6 3547 1222 3866
4920 2 2 0 6 3867 3866 942
4921 2 2 0 6 299 3549 3869
4922 2 2 0 6 3549 3868 3869
4923 2 2 0 6 3549 1223 3868
4924 2 2 0 6 3869 3868 943
4925 2 2 0 6 300 3551 3871
4926 2 2 0 6 3551 3870 3871
4927 2 2 0 6 3551 1224 3870
4928 2 2 0 6 3871 3870 944
4929 2 2 0 6 301 3553 3873
4930 2 2 0 6 3553 3872 3873
4931 2 2 0 6 3553 1225 3872
4932 2 2 0 6 3873 3872 945
4933 2 2 0 6 294 2377 1606
4934 2 2 0 6 2377 3874 1606
4935 2 2 0 6 2377 1342 3874
4936 2 2 0 6 1606 3874 783
4937 2 2 0 6 295 2379 1609
4938 2 2 0 6 2379 3875 1609
4939 2 2 0 6 2379 1343 3875
4940 2 2 0 6 1609 3875 784
4941 2 2 0 6 296 2381 1612
4942 2 2 0 6 2381 3876 1612
4943 2 2 0 6 2381 1344 3876
4944 2 2 0 6 1612 3876 785
4945 2 2 0 6 297 2375 1615
4946 2 2 0 6 2375 3877 1615
4947 2 2 0 6 2375 1345 3877
4948 2 2 0 6 1615 3877 782
4949 2 2 0 6 301 3878 2388
4950 2 2 0 6 3878 3879 2388
4951 2 2 0 6 3878 781 3879
4952 2 2 0 6 2388 3879 1325
4953 2 2 0 6 298 3880 2382
4954 2 2 0 6 3880 3881 2382
4955 2 2 0 6 3880 778 3881
4956 2 2 0 6 2382 3881 1322
4957 2 2 0 6 299 3882 2384
4958 2 2 0 6 3882 3883 2384
4959 2 2 0 6 3882 779 3883
4960 2 2 0 6 2384 3883 1323
4961 2 2 0 6 300 3884 2386
4962 2 2 0 6 3884 3885 2386
4963 2 2 0 6 3884 780 3885
4964 2 2 0 6 2386 3885 1324
4965 2 2 0 6 370 3886 1503
4966 2 2 0 6 3886 3887 1503
4967 2 2 0 6 3886 1114 3887
4968 2 2 0 6 1503 3887 690
4969 2 2 0 6 371 3888 1506
4970 2 2 0 6 3888 3889 1506
4971 2 2 0 6 3888 1115 3889
4972 2 2 0 6 1506 3889 691
4973 2 2 0 6 372 3890 1509
4974 2 2 0 6 3890 3891 1509
4975 2 2 0 6 3890 1116 3891
4976 2 2 0 6 1509 3891 692
4977 2 2 0 6 373 3892 1512
4978 2 2 0 6 3892 3893 1512
4979 2 2 0 6 3892 1117 3893
4980 2 2 0 6 1512 3893 693
4981 2 2 0 6 469 3894 1850
4982 2 2 0 6 3894 2798 1850
4983 2 2 0 6 3894 1082 2798
4984 2 2 0 6 1850 2798 758
4985 2 2 0 6 466 3895 1852
4986 2 2 0 6 3895 2800 1852
4987 2 2 0 6 3895 1083 2800
4988 2 2 0 6 1852 2800 759
4989 2 2 0 6 467 3896 1854
4990 2 2 0 6 3896 2802 1854
4991 2 2 0 6 3896 1084 2802
4992 2 2 0 6 1854 2802 760
4993 2 2 0 6 468 3897 1856
4994 2 2 0 6 3897 2804 1856
4995 2 2 0 6 3897 1085 2804
4996 2 2 0 6 1856 2804 761
4997 2 2 0 6 414 3898 3900
4998 2 2 0 6 3898 3899 3900
4999 2 2 0 6 3898 730 3899
5000 2 2 0 6 3900 3899 1273
5001 2 2 0 6 415 3901 3903
5002 2 2 0 6 3901 3902 3903
5003 2 2 0 6 3901 731 3902
5004 2 2 0 6 3903 3902 1270
5005 2 2 0 6 416 3904 3906
5006 2 2 0 6 3904 3905 3906
5007 2 2 0 6 3904 732 3905
5008 2 2 0 6 3906 3905 1271
5009 2 2 0 6 417 3907 3909
5010 2 2 0 6 3907 3908 3909
5011 2 2 0 6 3907 733 3908
5012 2 2 0 6 3909 3908 1272
5013 2 2 0 6 358 3088 3910
5014 2 2 0 6 3088 2339 3910
5015 2 2 0 6 3088 698 2339
5016 2 2 0 6 3910 2339 1090
5017 2 2 0 6 359 3091 3911
5018 2 2 0 6 3091 2341 3911
5019 2 2 0 6 3091 699 2341
5020 2 2 0 6 3911 2341 1091
5021 2 2 0 6 360 3094 3912
5022 2 2 0 6 3094 2343 3912
5023 2 2 0 6 3094 700 2343
5024 2 2 0 6 3912 2343 1092
5025 2 2 0 6 361 3097 3913
5026 2 2 0 6 3097 2345 3913
5027 2 2 0 6 3097 701 2345
5028 2 2 0 6 3913 2345 1093
5029 2 2 0 6 706 3467 3023
5030 2 2 0 6 3467 3406 3023
5031 2 2 0 6 3467 1427 3406
5032 2 2 0 6 3023 3406 794
5033 2 2 0 6 707 3470 3025
5034 2 2 0 6 3470 3407 3025
5035 2 2 0 6 3470 1428 3407
5036 2 2 0 6 3025 3407 795
5037 2 2 0 6 708 3473 3027
5038 2 2 0 6 3473 3408 3027
5039 2 2 0 6 3473 1429 3408
5040 2 2 0 6 3027 3408 796
5041 2 2 0 6 709 3476 3029
5042 2 2 0 6 3476 3409 3029
5043 2 2 0 6 3476 1426 3409
5044 2 2 0 6 3029 3409 797
5045 2 2 0 6 490 3859 3915
5046 2 2 0 6 3859 3914 3915
5047 2 2 0 6 3859 1154 3914
5048 2 2 0 6 3915 3914 966
5049 2 2 0 6 491 3861 3917
5050 2 2 0 6 3861 3916 3917
5051 2 2 0 6 3861 1155 3916
5052 2 2 0 6 3917 3916 967
5053 2 2 0 6 492 3863 3919
5054 2 2 0 6 3863 3918 3919
5055 2 2 0 6 3863 1157 3918
5056 2 2 0 6 3919 3918 968
5057 2 2 0 6 493 3865 3921
5058 2 2 0 6 3865 3920 3921
5059 2 2 0 6 3865 1156 3920
5060 2 2 0 6 3921 3920 969
5061 2 2 0 6 574 3922 3923
5062 2 2 0 6 3922 3914 3923
5063 2 2 0 6 3922 966 3914
5064 2 2 0 6 3923 3914 1154
5065 2 2 0 6 575 3924 3925
5066 2 2 0 6 3924 3916 3925
5067 2 2 0 6 3924 967 3916
5068 2 2 0 6 3925 3916 1155
5069 2 2 0 6 576 3926 3927
5070 2 2 0 6 3926 3918 3927
5071 2 2 0 6 3926 968 3918
5072 2 2 0 6 3927 3918 1157
5073 2 2 0 6 577 3928 3929
5074 2 2 0 6 3928 3920 3929
5075 2 2 0 6 3928 969 3920
5076 2 2 0 6 3929 3920 1156
5077 2 2 0 6 338 2826 2894
5078 2 2 0 6 2826 3930 2894
5079 2 2 0 6 2826 1158 3930
5080 2 2 0 6 2894 3930 1050
5081 2 2 0 6 339 2827 2896
5082 2 2 0 6 2827 3931 2896
5083 2 2 0 6 2827 1159 3931
5084 2 2 0 6 2896 3931 1051
5085 2 2 0 6 340 2828 2898
5086 2 2 0 6 2828 3932 2898
5087 2 2 0 6 2828 1160 3932
5088 2 2 0 6 2898 3932 1052
5089 2 2 0 6 341 2829 2900
5090 2 2 0 6 2829 3933 2900
5091 2 2 0 6 2829 1161 3933
5092 2 2 0 6 2900 3933 1053
5093 2 2 0 6 578 1907 3935
5094 2 2 0 6 1907 3934 3935
5095 2 2 0 6 1907 870 3934
5096 2 2 0 6 3935 3934 1438
5097 2 2 0 6 579 1910 3937
5098 2 2 0 6 1910 3936 3937
5099 2 2 0 6 1910 871 3936
5100 2 2 0 6 3937 3936 1439
5101 2 2 0 6 580 1913 3939
5102 2 2 0 6 1913 3938 3939
5103 2 2 0 6 1913 872 3938
5104 2 2 0 6 3939 3938 1440
5105 2 2 0 6 581 1916 3941
5106 2 2 0 6 1916 3940 3941
5107 2 2 0 6 1916 873 3940
5108 2 2 0 6 3941 3940 1441
5109 2 2 0 6 394 2941 3942
5110 2 2 0 6 2941 3223 3942
5111 2 2 0 6 2941 742 3223
5112 2 2 0 6 3942 3223 894
5113 2 2 0 6 395 2935 3943
5114 2 2 0 6 2935 3225 3943
5115 2 2 0 6 2935 743 3225
5116 2 2 0 6 3943 3225 895
5117 2 2 0 6 396 2937 3944
5118 2 2 0 6 2937 3227 3944
5119 2 2 0 6 2937 744 3227
5120 2 2 0 6 3944 3227 896
5121 2 2 0 6 397 2939 3945
5122 2 2 0 6 2939 3229 3945
5123 2 2 0 6 2939 745 3229
5124 2 2 0 6 3945 3229 897
5125 2 2 0 6 298 3946 3880
5126 2 2 0 6 3946 3947 3880
5127 2 2 0 6 3946 1338 3947
5128 2 2 0 6 3880 3947 778
5129 2 2 0 6 299 3948 3882
5130 2 2 0 6 3948 3949 3882
5131 2 2 0 6 3948 1339 3949
5132 2 2 0 6 3882 3949 779
5133 2 2 0 6 300 3950 3884
5134 2 2 0 6 3950 3951 3884
5135 2 2 0 6 3950 1340 3951
5136 2 2 0 6 3884 3951 780
5137 2 2 0 6 301 3952 3878
5138 2 2 0 6 3952 3953 3878
5139 2 2 0 6 3952 1341 3953
5140 2 2 0 6 3878 3953 781
5141 2 2 0 6 530 3954 3955
5142 2 2 0 6 3954 3331 3955
5143 2 2 0 6 3954 1267 3331
5144 2 2 0 6 3955 3331 1414
5145 2 2 0 6 531 3956 3957
5146 2 2 0 6 3956 3334 3957
5147 2 2 0 6 3956 1268 3334
5148 2 2 0 6 3957 3334 1415
5149 2 2 0 6 532 3958 3959
5150 2 2 0 6 3958 3337 3959
5151 2 2 0 6 3958 1269 3337
5152 2 2 0 6 3959 3337 1416
5153 2 2 0 6 533 3960 3961
5154 2 2 0 6 3960 3340 3961
5155 2 2 0 6 3960 1266 3340
5156 2 2 0 6 3961 3340 1417
5157 2 2 0 6 45 2395 3963
5158 2 2 0 6 2395 3962 3963
5159 2 2 0 6 2395 705 3962
5160 2 2 0 6 3963 3962 1033
5161 2 2 0 6 108 2397 3965
5162 2 2 0 6 2397 3964 3965
5163 2 2 0 6 2397 702 3964
5164 2 2 0 6 3965 3964 1030
5165 2 2 0 6 171 2399 3967
5166 2 2 0 6 2399 3966 3967
5167 2 2 0 6 2399 703 3966
5168 2 2 0 6 3967 3966 1031
5169 2 2 0 6 234 2401 3969
5170 2 2 0 6 2401 3968 3969
5171 2 2 0 6 2401 704 3968
5172 2 2 0 6 3969 3968 1032
5173 2 2 0 6 326 3970 3971
5174 2 2 0 6 3970 3674 3971
5175 2 2 0 6 3970 1178 3674
5176 2 2 0 6 3971 3674 934
5177 2 2 0 6 327 3972 3973
5178 2 2 0 6 3972 3676 3973
5179 2 2 0 6 3972 1179 3676
5180 2 2 0 6 3973 3676 935
5181 2 2 0 6 328 3974 3975
5182 2 2 0 6 3974 3678 3975
5183 2 2 0 6 3974 1180 3678
5184 2 2 0 6 3975 3678 936
5185 2 2 0 6 329 3976 3977
5186 2 2 0 6 3976 3680 3977
5187 2 2 0 6 3976 1181 3680
5188 2 2 0 6 3977 3680 937
5189 2 2 0 6 483 1888 3979
5190 2 2 0 6 1888 3978 3979
5191 2 2 0 6 1888 806 3978
5192 2 2 0 6 3979 3978 1095
5193 2 2 0 6 484 1891 3981
5194 2 2 0 6 1891 3980 3981
5195 2 2 0 6 1891 807 3980
5196 2 2 0 6 3981 3980 1096
5197 2 2 0 6 485 1894 3983
5198 2 2 0 6 1894 3982 3983
5199 2 2 0 6 1894 808 3982
5200 2 2 0 6 3983 3982 1097
5201 2 2 0 6 482 1897 3985
5202 2 2 0 6 1897 3984 3985
5203 2 2 0 6 1897 809 3984
5204 2 2 0 6 3985 3984 1094
5205 2 2 0 6 458 1878 3987
5206 2 2 0 6 1878 3986 3987
5207 2 2 0 6 1878 1423 3986
5208 2 2 0 6 3987 3986 987
5209 2 2 0 6 459 1880 3989
5210 2 2 0 6 1880 3988 3989
5211 2 2 0 6 1880 1424 3988
5212 2 2 0 6 3989 3988 988
5213 2 2 0 6 460 1882 3991
5214 2 2 0 6 1882 3990 3991
5215 2 2 0 6 1882 1425 3990
5216 2 2 0 6 3991 3990 989
5217 2 2 0 6 461 1884 3993
5218 2 2 0 6 1884 3992 3993
5219 2 2 0 6 1884 1422 3992
5220 2 2 0 6 3993 3992 986
5221 2 2 0 6 421 1840 3846
5222 2 2 0 6 1840 3994 3846
5223 2 2 0 6 1840 758 3994
5224 2 2 0 6 3846 3994 1101
5225 2 2 0 6 418 1843 3849
5226 2 2 0 6 1843 3995 3849
5227 2 2 0 6 1843 759 3995
5228 2 2 0 6 3849 3995 1098
5229 2 2 0 6 419 1846 3852
5230 2 2 0 6 1846 3996 3852
5231 2 2 0 6 1846 760 3996
5232 2 2 0 6 3852 3996 1099
5233 2 2 0 6 420 1849 3855
5234 2 2 0 6 1849 3997 3855
5235 2 2 0 6 1849 761 3997
5236 2 2 0 6 3855 3997 1100
5237 2 2 0 6 525 3998 3274
5238 2 2 0 6 3998 3999 3274
5239 2 2 0 6 3998 1329 3999
5240 2 2 0 6 3274 3999 705
5241 2 2 0 6 522 4000 3276
5242 2 2 0 6 4000 4001 3276
5243 2 2 0 6 4000 1326 4001
5244 2 2 0 6 3276 4001 702
5245 2 2 0 6 523 4002 3278
5246 2 2 0 6 4002 4003 3278
5247 2 2 0 6 4002 1327 4003
5248 2 2 0 6 3278 4003 703
5249 2 2 0 6 524 4004 3280
5250 2 2 0 6 4004 4005 3280
5251 2 2 0 6 4004 1328 4005
5252 2 2 0 6 3280 4005 704
5253 2 2 0 6 414 3687 3898
5254 2 2 0 6 3687 2841 3898
5255 2 2 0 6 3687 926 2841
5256 2 2 0 6 3898 2841 730
5257 2 2 0 6 415 3689 3901
5258 2 2 0 6 3689 2835 3901
5259 2 2 0 6 3689 927 2835
5260 2 2 0 6 3901 2835 731
5261 2 2 0 6 416 3691 3904
5262 2 2 0 6 3691 2837 3904
5263 2 2 0 6 3691 928 2837
5264 2 2 0 6 3904 2837 732
5265 2 2 0 6 417 3693 3907
5266 2 2 0 6 3693 2839 3907
5267 2 2 0 6 3693 929 2839
5268 2 2 0 6 3907 2839 733
5269 2 2 0 6 418 3851 3666
5270 2 2 0 6 3851 2846 3666
5271 2 2 0 6 3851 735 2846
5272 2 2 0 6 3666 2846 930
5273 2 2 0 6 419 3854 3668
5274 2 2 0 6 3854 2849 3668
5275 2 2 0 6 3854 736 2849
5276 2 2 0 6 3668 2849 931
5277 2 2 0 6 420 3857 3670
5278 2 2 0 6 3857 2852 3670
5279 2 2 0 6 3857 737 2852
5280 2 2 0 6 3670 2852 932
5281 2 2 0 6 421 3848 3672
5282 2 2 0 6 3848 2843 3672
5283 2 2 0 6 3848 734 2843
5284 2 2 0 6 3672 2843 933
5285 2 2 0 6 678 3487 2470
5286 2 2 0 6 3487 4006 2470
5287 2 2 0 6 3487 1354 4006
5288 2 2 0 6 2470 4006 738
5289 2 2 0 6 679 3490 2472
5290 2 2 0 6 3490 4007 2472
5291 2 2 0 6 3490 1355 4007
5292 2 2 0 6 2472 4007 739
5293 2 2 0 6 680 3493 2474
5294 2 2 0 6 3493 4008 2474
5295 2 2 0 6 3493 1356 4008
5296 2 2 0 6 2474 4008 740
5297 2 2 0 6 681 3496 2476
5298 2 2 0 6 3496 4009 2476
5299 2 2 0 6 3496 1357 4009
5300 2 2 0 6 2476 4009 741
5301 2 2 0 6 306 4010 4011
5302 2 2 0 6 4010 4006 4011
5303 2 2 0 6 4010 738 4006
5304 2 2 0 6 4011 4006 1354
5305 2 2 0 6 307 4012 4013
5306 2 2 0 6 4012 4007 4013
5307 2 2 0 6 4012 739 4007
5308 2 2 0 6 4013 4007 1355
5309 2 2 0 6 308 4014 4015
5310 2 2 0 6 4014 4008 4015
5311 2 2 0 6 4014 740 4008
5312 2 2 0 6 4015 4008 1356
5313 2 2 0 6 309 4016 4017
5314 2 2 0 6 4016 4009 4017
5315 2 2 0 6 4016 741 4009
5316 2 2 0 6 4017 4009 1357
5317 2 2 0 6 611 2453 4018
5318 2 2 0 6 2453 3931 4018
5319 2 2 0 6 2453 1051 3931
5320 2 2 0 6 4018 3931 1159
5321 2 2 0 6 612 2455 4019
5322 2 2 0 6 2455 3932 4019
5323 2 2 0 6 2455 1052 3932
5324 2 2 0 6 4019 3932 1160
5325 2 2 0 6 613 2457 4020
5326 2 2 0 6 2457 3933 4020
5327 2 2 0 6 2457 1053 3933
5328 2 2 0 6 4020 3933 1161
5329 2 2 0 6 610 2451 4021
5330 2 2 0 6 2451 3930 4021
5331 2 2 0 6 2451 1050 3930
5332 2 2 0 6 4021 3930 1158
5333 2 2 0 6 526 4022 4024
5334 2 2 0 6 4022 4023 4024
5335 2 2 0 6 4022 866 4023
5336 2 2 0 6 4024 4023 834
5337 2 2 0 6 527 4025 4027
5338 2 2 0 6 4025 4026 4027
5339 2 2 0 6 4025 867 4026
5340 2 2 0 6 4027 4026 835
5341 2 2 0 6 528 4028 4030
5342 2 2 0 6 4028 4029 4030
5343 2 2 0 6 4028 869 4029
5344 2 2 0 6 4030 4029 837
5345 2 2 0 6 529 4031 4033
5346 2 2 0 6 4031 4032 4033
5347 2 2 0 6 4031 868 4032
5348 2 2 0 6 4033 4032 836
5349 2 2 0 6 538 4034 4035
5350 2 2 0 6 4034 1899 4035
5351 2 2 0 6 4034 1134 1899
5352 2 2 0 6 4035 1899 1314
5353 2 2 0 6 539 4036 4037
5354 2 2 0 6 4036 1901 4037
5355 2 2 0 6 4036 1135 1901
5356 2 2 0 6 4037 1901 1315
5357 2 2 0 6 540 4038 4039
5358 2 2 0 6 4038 1903 4039
5359 2 2 0 6 4038 1136 1903
5360 2 2 0 6 4039 1903 1316
5361 2 2 0 6 541 4040 4041
5362 2 2 0 6 4040 1905 4041
5363 2 2 0 6 4040 1137 1905
5364 2 2 0 6 4041 1905 1317
5365 2 2 0 6 447 4042 1938
5366 2 2 0 6 4042 4043 1938
5367 2 2 0 6 4042 958 4043
5368 2 2 0 6 1938 4043 1410
5369 2 2 0 6 448 4044 1940
5370 2 2 0 6 4044 4045 1940
5371 2 2 0 6 4044 959 4045
5372 2 2 0 6 1940 4045 1411
5373 2 2 0 6 449 4046 1942
5374 2 2 0 6 4046 4047 1942
5375 2 2 0 6 4046 960 4047
5376 2 2 0 6 1942 4047 1412
5377 2 2 0 6 446 4048 1944
5378 2 2 0 6 4048 4049 1944
5379 2 2 0 6 4048 961 4049
5380 2 2 0 6 1944 4049 1413
5381 2 2 0 6 426 4050 4052
5382 2 2 0 6 4050 4051 4052
5383 2 2 0 6 4050 839 4051
5384 2 2 0 6 4052 4051 842
5385 2 2 0 6 427 4053 4055
5386 2 2 0 6 4053 4054 4055
5387 2 2 0 6 4053 840 4054
5388 2 2 0 6 4055 4054 843
5389 2 2 0 6 428 4056 4058
5390 2 2 0 6 4056 4057 4058
5391 2 2 0 6 4056 841 4057
5392 2 2 0 6 4058 4057 844
5393 2 2 0 6 429 4059 4061
5394 2 2 0 6 4059 4060 4061
5395 2 2 0 6 4059 838 4060
5396 2 2 0 6 4061 4060 845
5397 2 2 0 6 478 3195 1645
5398 2 2 0 6 3195 4051 1645
5399 2 2 0 6 3195 842 4051
5400 2 2 0 6 1645 4051 839
5401 2 2 0 6 479 3198 1648
5402 2 2 0 6 3198 4054 1648
5403 2 2 0 6 3198 843 4054
5404 2 2 0 6 1648 4054 840
5405 2 2 0 6 480 3201 1651
5406 2 2 0 6 3201 4057 1651
5407 2 2 0 6 3201 844 4057
5408 2 2 0 6 1651 4057 841
5409 2 2 0 6 481 3192 1642
5410 2 2 0 6 3192 4060 1642
5411 2 2 0 6 3192 845 4060
5412 2 2 0 6 1642 4060 838
5413 2 2 0 6 443 3732 2152
5414 2 2 0 6 3732 4062 2152
5415 2 2 0 6 3732 1191 4062
5416 2 2 0 6 2152 4062 919
5417 2 2 0 6 444 3735 2154
5418 2 2 0 6 3735 4063 2154
5419 2 2 0 6 3735 1192 4063
5420 2 2 0 6 2154 4063 920
5421 2 2 0 6 445 3738 2156
5422 2 2 0 6 3738 4064 2156
5423 2 2 0 6 3738 1193 4064
5424 2 2 0 6 2156 4064 921
5425 2 2 0 6 442 3741 2150
5426 2 2 0 6 3741 4065 2150
5427 2 2 0 6 3741 1190 4065
5428 2 2 0 6 2150 4065 918
5429 2 2 0 6 446 1684 2458
5430 2 2 0 6 1684 4066 2458
5431 2 2 0 6 1684 925 4066
5432 2 2 0 6 2458 4066 1186
5433 2 2 0 6 447 1687 2461
5434 2 2 0 6 1687 4067 2461
5435 2 2 0 6 1687 922 4067
5436 2 2 0 6 2461 4067 1187
5437 2 2 0 6 448 1690 2464
5438 2 2 0 6 1690 4068 2464
5439 2 2 0 6 1690 923 4068
5440 2 2 0 6 2464 4068 1188
5441 2 2 0 6 449 1693 2467
5442 2 2 0 6 1693 4069 2467
5443 2 2 0 6 1693 924 4069
5444 2 2 0 6 2467 4069 1189
5445 2 2 0 6 557 2039 3030
5446 2 2 0 6 2039 4070 3030
5447 2 2 0 6 2039 918 4070
5448 2 2 0 6 3030 4070 1382
5449 2 2 0 6 554 2041 3031
5450 2 2 0 6 2041 4071 3031
5451 2 2 0 6 2041 919 4071
5452 2 2 0 6 3031 4071 1383
5453 2 2 0 6 555 2043 3032
5454 2 2 0 6 2043 4072 3032
5455 2 2 0 6 2043 920 4072
5456 2 2 0 6 3032 4072 1384
5457 2 2 0 6 556 2045 3033
5458 2 2 0 6 2045 4073 3033
5459 2 2 0 6 2045 921 4073
5460 2 2 0 6 3033 4073 1385
5461 2 2 0 6 558 3034 1686
5462 2 2 0 6 3034 4074 1686
5463 2 2 0 6 3034 1387 4074
5464 2 2 0 6 1686 4074 922
5465 2 2 0 6 559 3035 1689
5466 2 2 0 6 3035 4075 1689
5467 2 2 0 6 3035 1388 4075
5468 2 2 0 6 1689 4075 923
5469 2 2 0 6 560 3036 1692
5470 2 2 0 6 3036 4076 1692
5471 2 2 0 6 3036 1389 4076
5472 2 2 0 6 1692 4076 924
5473 2 2 0 6 561 3037 1683
5474 2 2 0 6 3037 4077 1683
5475 2 2 0 6 3037 1386 4077
5476 2 2 0 6 1683 4077 925
5477 2 2 0 6 402 4078 2194
5478 2 2 0 6 4078 4079 2194
5479 2 2 0 6 4078 746 4079
5480 2 2 0 6 2194 4079 934
5481 2 2 0 6 403 4080 2196
5482 2 2 0 6 4080 4081 2196
5483 2 2 0 6 4080 747 4081
5484 2 2 0 6 2196 4081 935
5485 2 2 0 6 404 4082 2198
5486 2 2 0 6 4082 4083 2198
5487 2 2 0 6 4082 748 4083
5488 2 2 0 6 2198 4083 936
5489 2 2 0 6 405 4084 2200
5490 2 2 0 6 4084 4085 2200
5491 2 2 0 6 4084 749 4085
5492 2 2 0 6 2200 4085 937
5493 2 2 0 6 571 4086 4088
5494 2 2 0 6 4086 4087 4088
5495 2 2 0 6 4086 1350 4087
5496 2 2 0 6 4088 4087 895
5497 2 2 0 6 572 4089 4091
5498 2 2 0 6 4089 4090 4091
5499 2 2 0 6 4089 1351 4090
5500 2 2 0 6 4091 4090 896
5501 2 2 0 6 573 4092 4094
5502 2 2 0 6 4092 4093 4094
5503 2 2 0 6 4092 1352 4093
5504 2 2 0 6 4094 4093 897
5505 2 2 0 6 570 4095 4097
5506 2 2 0 6 4095 4096 4097
5507 2 2 0 6 4095 1353 4096
5508 2 2 0 6 4097 4096 894
5509 2 2 0 6 566 4098 4099
5510 2 2 0 6 4098 3694 4099
5511 2 2 0 6 4098 1022 3694
5512 2 2 0 6 4099 3694 1210
5513 2 2 0 6 567 4100 4101
5514 2 2 0 6 4100 3696 4101
5515 2 2 0 6 4100 1023 3696
5516 2 2 0 6 4101 3696 1211
5517 2 2 0 6 568 4102 4103
5518 2 2 0 6 4102 3698 4103
5519 2 2 0 6 4102 1024 3698
5520 2 2 0 6 4103 3698 1212
5521 2 2 0 6 569 4104 4105
5522 2 2 0 6 4104 3700 4105
5523 2 2 0 6 4104 1025 3700
5524 2 2 0 6 4105 3700 1213
5525 2 2 0 6 342 3695 4107
5526 2 2 0 6 3695 4106 4107
5527 2 2 0 6 3695 1022 4106
5528 2 2 0 6 4107 4106 798
5529 2 2 0 6 343 3697 4109
5530 2 2 0 6 3697 4108 4109
5531 2 2 0 6 3697 1023 4108
5532 2 2 0 6 4109 4108 799
5533 2 2 0 6 344 3699 4111
5534 2 2 0 6 3699 4110 4111
5535 2 2 0 6 3699 1024 4110
5536 2 2 0 6 4111 4110 800
5537 2 2 0 6 345 3701 4113
5538 2 2 0 6 3701 4112 4113
5539 2 2 0 6 3701 1025 4112
5540 2 2 0 6 4113 4112 801
5541 2 2 0 6 49 18 4114
5542 2 2 0 6 18 2887 4114
5543 2 2 0 6 18 50 2887
5544 2 2 0 6 4114 2887 914
5545 2 2 0 6 112 81 4115
5546 2 2 0 6 81 2889 4115
5547 2 2 0 6 81 113 2889
5548 2 2 0 6 4115 2889 915
5549 2 2 0 6 175 144 4116
5550 2 2 0 6 144 2891 4116
5551 2 2 0 6 144 176 2891
5552 2 2 0 6 4116 2891 916
5553 2 2 0 6 238 207 4117
5554 2 2 0 6 207 2893 4117
5555 2 2 0 6 207 239 2893
5556 2 2 0 6 4117 2893 917
5557 2 2 0 6 530 4118 3954
5558 2 2 0 6 4118 3530 3954
5559 2 2 0 6 4118 1279 3530
5560 2 2 0 6 3954 3530 1267
5561 2 2 0 6 531 4119 3956
5562 2 2 0 6 4119 3533 3956
5563 2 2 0 6 4119 1280 3533
5564 2 2 0 6 3956 3533 1268
5565 2 2 0 6 532 4120 3958
5566 2 2 0 6 4120 3536 3958
5567 2 2 0 6 4120 1281 3536
5568 2 2 0 6 3958 3536 1269
5569 2 2 0 6 533 4121 3960
5570 2 2 0 6 4121 3527 3960
5571 2 2 0 6 4121 1278 3527
5572 2 2 0 6 3960 3527 1266
5573 2 2 0 6 525 2816 3998
5574 2 2 0 6 2816 4122 3998
5575 2 2 0 6 2816 710 4122
5576 2 2 0 6 3998 4122 1329
5577 2 2 0 6 522 2819 4000
5578 2 2 0 6 2819 4123 4000
5579 2 2 0 6 2819 711 4123
5580 2 2 0 6 4000 4123 1326
5581 2 2 0 6 523 2822 4002
5582 2 2 0 6 2822 4124 4002
5583 2 2 0 6 2822 712 4124
5584 2 2 0 6 4002 4124 1327
5585 2 2 0 6 524 2825 4004
5586 2 2 0 6 2825 4125 4004
5587 2 2 0 6 2825 713 4125
5588 2 2 0 6 4004 4125 1328
5589 2 2 0 6 267 4126 3300
5590 2 2 0 6 4126 4127 3300
5591 2 2 0 6 4126 1218 4127
5592 2 2 0 6 3300 4127 750
5593 2 2 0 6 268 4128 3302
5594 2 2 0 6 4128 4129 3302
5595 2 2 0 6 4128 1219 4129
5596 2 2 0 6 3302 4129 751
5597 2 2 0 6 269 4130 3304
5598 2 2 0 6 4130 4131 3304
5599 2 2 0 6 4130 1220 4131
5600 2 2 0 6 3304 4131 752
5601 2 2 0 6 266 4132 3298
5602 2 2 0 6 4132 4133 3298
5603 2 2 0 6 4132 1221 4133
5604 2 2 0 6 3298 4133 753
5605 2 2 0 6 506 4134 4135
5606 2 2 0 6 4134 4127 4135
5607 2 2 0 6 4134 750 4127
5608 2 2 0 6 4135 4127 1218
5609 2 2 0 6 507 4136 4137
5610 2 2 0 6 4136 4129 4137
5611 2 2 0 6 4136 751 4129
5612 2 2 0 6 4137 4129 1219
5613 2 2 0 6 508 4138 4139
5614 2 2 0 6 4138 4131 4139
5615 2 2 0 6 4138 752 4131
5616 2 2 0 6 4139 4131 1220
5617 2 2 0 6 509 4140 4141
5618 2 2 0 6 4140 4133 4141
5619 2 2 0 6 4140 753 4133
5620 2 2 0 6 4141 4133 1221
5621 2 2 0 6 358 4142 4143
5622 2 2 0 6 4142 4123 4143
5623 2 2 0 6 4142 1326 4123
5624 2 2 0 6 4143 4123 711
5625 2 2 0 6 359 4144 4145
5626 2 2 0 6 4144 4124 4145
5627 2 2 0 6 4144 1327 4124
5628 2 2 0 6 4145 4124 712
5629 2 2 0 6 360 4146 4147
5630 2 2 0 6 4146 4125 4147
5631 2 2 0 6 4146 1328 4125
5632 2 2 0 6 4147 4125 713
5633 2 2 0 6 361 4148 4149
5634 2 2 0 6 4148 4122 4149
5635 2 2 0 6 4148 1329 4122
5636 2 2 0 6 4149 4122 710
5637 2 2 0 6 318 2705 2557
5638 2 2 0 6 2705 3306 2557
5639 2 2 0 6 2705 978 3306
5640 2 2 0 6 2557 3306 787
5641 2 2 0 6 319 2707 2560
5642 2 2 0 6 2707 3307 2560
5643 2 2 0 6 2707 979 3307
5644 2 2 0 6 2560 3307 788
5645 2 2 0 6 320 2709 2563
5646 2 2 0 6 2709 3308 2563
5647 2 2 0 6 2709 980 3308
5648 2 2 0 6 2563 3308 789
5649 2 2 0 6 321 2703 2554
5650 2 2 0 6 2703 3309 2554
5651 2 2 0 6 2703 981 3309
5652 2 2 0 6 2554 3309 786
5653 2 2 0 6 246 3781 4151
5654 2 2 0 6 3781 4150 4151
5655 2 2 0 6 3781 714 4150
5656 2 2 0 6 4151 4150 1433
5657 2 2 0 6 57 3772 4153
5658 2 2 0 6 3772 4152 4153
5659 2 2 0 6 3772 715 4152
5660 2 2 0 6 4153 4152 1430
5661 2 2 0 6 120 3775 4155
5662 2 2 0 6 3775 4154 4155
5663 2 2 0 6 3775 716 4154
5664 2 2 0 6 4155 4154 1431
5665 2 2 0 6 183 3778 4157
5666 2 2 0 6 3778 4156 4157
5667 2 2 0 6 3778 717 4156
5668 2 2 0 6 4157 4156 1432
5669 2 2 0 6 510 4158 4159
5670 2 2 0 6 4158 3387 4159
5671 2 2 0 6 4158 1290 3387
5672 2 2 0 6 4159 3387 1198
5673 2 2 0 6 511 4160 4161
5674 2 2 0 6 4160 3390 4161
5675 2 2 0 6 4160 1291 3390
5676 2 2 0 6 4161 3390 1199
5677 2 2 0 6 512 4162 4163
5678 2 2 0 6 4162 3393 4163
5679 2 2 0 6 4162 1292 3393
5680 2 2 0 6 4163 3393 1200
5681 2 2 0 6 513 4164 4165
5682 2 2 0 6 4164 3396 4165
5683 2 2 0 6 4164 1293 3396
5684 2 2 0 6 4165 3396 1201
5685 2 2 0 6 298 4166 3946
5686 2 2 0 6 4166 4167 3946
5687 2 2 0 6 4166 1490 4167
5688 2 2 0 6 3946 4167 1338
5689 2 2 0 6 299 4168 3948
5690 2 2 0 6 4168 4169 3948
5691 2 2 0 6 4168 1491 4169
5692 2 2 0 6 3948 4169 1339
5693 2 2 0 6 300 4170 3950
5694 2 2 0 6 4170 4171 3950
5695 2 2 0 6 4170 1492 4171
5696 2 2 0 6 3950 4171 1340
5697 2 2 0 6 301 4172 3952
5698 2 2 0 6 4172 4173 3952
5699 2 2 0 6 4172 1493 4173
5700 2 2 0 6 3952 4173 1341
5701 2 2 0 6 402 2187 1814
5702 2 2 0 6 2187 4023 1814
5703 2 2 0 6 2187 834 4023
5704 2 2 0 6 1814 4023 866
5705 2 2 0 6 403 2189 1817
5706 2 2 0 6 2189 4026 1817
5707 2 2 0 6 2189 835 4026
5708 2 2 0 6 1817 4026 867
5709 2 2 0 6 404 2191 1820
5710 2 2 0 6 2191 4032 1820
5711 2 2 0 6 2191 836 4032
5712 2 2 0 6 1820 4032 868
5713 2 2 0 6 405 2193 1823
5714 2 2 0 6 2193 4029 1823
5715 2 2 0 6 2193 837 4029
5716 2 2 0 6 1823 4029 869
5717 2 2 0 6 330 3828 1782
5718 2 2 0 6 3828 4174 1782
5719 2 2 0 6 3828 722 4174
5720 2 2 0 6 1782 4174 1106
5721 2 2 0 6 331 3831 1784
5722 2 2 0 6 3831 4175 1784
5723 2 2 0 6 3831 723 4175
5724 2 2 0 6 1784 4175 1107
5725 2 2 0 6 332 3834 1786
5726 2 2 0 6 3834 4176 1786
5727 2 2 0 6 3834 724 4176
5728 2 2 0 6 1786 4176 1108
5729 2 2 0 6 333 3837 1788
5730 2 2 0 6 3837 4177 1788
5731 2 2 0 6 3837 725 4177
5732 2 2 0 6 1788 4177 1109
5733 2 2 0 6 966 4178 4180
5734 2 2 0 6 4178 4179 4180
5735 2 2 0 6 4178 1455 4179
5736 2 2 0 6 4180 4179 1482
5737 2 2 0 6 967 4181 4183
5738 2 2 0 6 4181 4182 4183
5739 2 2 0 6 4181 1456 4182
5740 2 2 0 6 4183 4182 1483
5741 2 2 0 6 968 4184 4186
5742 2 2 0 6 4184 4185 4186
5743 2 2 0 6 4184 1457 4185
5744 2 2 0 6 4186 4185 1484
5745 2 2 0 6 969 4187 4189
5746 2 2 0 6 4187 4188 4189
5747 2 2 0 6 4187 1454 4188
5748 2 2 0 6 4189 4188 1485
5749 2 2 0 6 262 4190 4192
5750 2 2 0 6 4190 4191 4192
5751 2 2 0 6 4190 1450 4191
5752 2 2 0 6 4192 4191 822
5753 2 2 0 6 263 4193 4195
5754 2 2 0 6 4193 4194 4195
5755 2 2 0 6 4193 1451 4194
5756 2 2 0 6 4195 4194 823
5757 2 2 0 6 264 4196 4198
5758 2 2 0 6 4196 4197 4198
5759 2 2 0 6 4196 1452 4197
5760 2 2 0 6 4198 4197 824
5761 2 2 0 6 265 4199 4201
5762 2 2 0 6 4199 4200 4201
5763 2 2 0 6 4199 1453 4200
5764 2 2 0 6 4201 4200 825
5765 2 2 0 6 642 4202 2479
5766 2 2 0 6 4202 4191 2479
5767 2 2 0 6 4202 822 4191
5768 2 2 0 6 2479 4191 1450
5769 2 2 0 6 643 4203 2482
5770 2 2 0 6 4203 4194 2482
5771 2 2 0 6 4203 823 4194
5772 2 2 0 6 2482 4194 1451
5773 2 2 0 6 644 4204 2485
5774 2 2 0 6 4204 4197 2485
5775 2 2 0 6 4204 824 4197
5776 2 2 0 6 2485 4197 1452
5777 2 2 0 6 645 4205 2488
5778 2 2 0 6 4205 4200 2488
5779 2 2 0 6 4205 825 4200
5780 2 2 0 6 2488 4200 1453
5781 2 2 0 6 574 4206 3922
5782 2 2 0 6 4206 4178 3922
5783 2 2 0 6 4206 1455 4178
5784 2 2 0 6 3922 4178 966
5785 2 2 0 6 575 4207 3924
5786 2 2 0 6 4207 4181 3924
5787 2 2 0 6 4207 1456 4181
5788 2 2 0 6 3924 4181 967
5789 2 2 0 6 576 4208 3926
5790 2 2 0 6 4208 4184 3926
5791 2 2 0 6 4208 1457 4184
5792 2 2 0 6 3926 4184 968
5793 2 2 0 6 577 4209 3928
5794 2 2 0 6 4209 4187 3928
5795 2 2 0 6 4209 1454 4187
5796 2 2 0 6 3928 4187 969
5797 2 2 0 6 377 2106 3475
5798 2 2 0 6 2106 3220 3475
5799 2 2 0 6 2106 721 3220
5800 2 2 0 6 3475 3220 1426
5801 2 2 0 6 374 2107 3466
5802 2 2 0 6 2107 3211 3466
5803 2 2 0 6 2107 718 3211
5804 2 2 0 6 3466 3211 1427
5805 2 2 0 6 375 2108 3469
5806 2 2 0 6 2108 3214 3469
5807 2 2 0 6 2108 719 3214
5808 2 2 0 6 3469 3214 1428
5809 2 2 0 6 376 2109 3472
5810 2 2 0 6 2109 3217 3472
5811 2 2 0 6 2109 720 3217
5812 2 2 0 6 3472 3217 1429
5813 2 2 0 6 634 2110 3526
5814 2 2 0 6 2110 4210 3526
5815 2 2 0 6 2110 862 4210
5816 2 2 0 6 3526 4210 1266
5817 2 2 0 6 635 2112 3529
5818 2 2 0 6 2112 4211 3529
5819 2 2 0 6 2112 863 4211
5820 2 2 0 6 3529 4211 1267
5821 2 2 0 6 636 2114 3532
5822 2 2 0 6 2114 4212 3532
5823 2 2 0 6 2114 864 4212
5824 2 2 0 6 3532 4212 1268
5825 2 2 0 6 637 2116 3535
5826 2 2 0 6 2116 4213 3535
5827 2 2 0 6 2116 865 4213
5828 2 2 0 6 3535 4213 1269
5829 2 2 0 6 442 4214 4215
5830 2 2 0 6 4214 1981 4215
5831 2 2 0 6 4214 725 1981
5832 2 2 0 6 4215 1981 1065
5833 2 2 0 6 443 4216 4217
5834 2 2 0 6 4216 1972 4217
5835 2 2 0 6 4216 722 1972
5836 2 2 0 6 4217 1972 1062
5837 2 2 0 6 444 4218 4219
5838 2 2 0 6 4218 1975 4219
5839 2 2 0 6 4218 723 1975
5840 2 2 0 6 4219 1975 1063
5841 2 2 0 6 445 4220 4221
5842 2 2 0 6 4220 1978 4221
5843 2 2 0 6 4220 724 1978
5844 2 2 0 6 4221 1978 1064
5845 2 2 0 6 469 2732 3894
5846 2 2 0 6 2732 3780 3894
5847 2 2 0 6 2732 714 3780
5848 2 2 0 6 3894 3780 1082
5849 2 2 0 6 466 2735 3895
5850 2 2 0 6 2735 3771 3895
5851 2 2 0 6 2735 715 3771
5852 2 2 0 6 3895 3771 1083
5853 2 2 0 6 467 2738 3896
5854 2 2 0 6 2738 3774 3896
5855 2 2 0 6 2738 716 3774
5856 2 2 0 6 3896 3774 1084
5857 2 2 0 6 468 2741 3897
5858 2 2 0 6 2741 3777 3897
5859 2 2 0 6 2741 717 3777
5860 2 2 0 6 3897 3777 1085
5861 2 2 0 6 690 4222 3166
5862 2 2 0 6 4222 4223 3166
5863 2 2 0 6 4222 1494 4223
5864 2 2 0 6 3166 4223 902
5865 2 2 0 6 691 4224 3167
5866 2 2 0 6 4224 4225 3167
5867 2 2 0 6 4224 1495 4225
5868 2 2 0 6 3167 4225 903
5869 2 2 0 6 692 4226 3168
5870 2 2 0 6 4226 4227 3168
5871 2 2 0 6 4226 1496 4227
5872 2 2 0 6 3168 4227 904
5873 2 2 0 6 693 4228 3169
5874 2 2 0 6 4228 4229 3169
5875 2 2 0 6 4228 1497 4229
5876 2 2 0 6 3169 4229 905
5877 2 2 0 6 314 3813 4230
5878 2 2 0 6 3813 4223 4230
5879 2 2 0 6 3813 902 4223
5880 2 2 0 6 4230 4223 1494
5881 2 2 0 6 315 3815 4231
5882 2 2 0 6 3815 4225 4231
5883 2 2 0 6 3815 903 4225
5884 2 2 0 6 4231 4225 1495
5885 2 2 0 6 316 3817 4232
5886 2 2 0 6 3817 4227 4232
5887 2 2 0 6 3817 904 4227
5888 2 2 0 6 4232 4227 1496
5889 2 2 0 6 317 3811 4233
5890 2 2 0 6 3811 4229 4233
5891 2 2 0 6 3811 905 4229
5892 2 2 0 6 4233 4229 1497
5893 2 2 0 6 546 4234 3310
5894 2 2 0 6 4234 4235 3310
5895 2 2 0 6 4234 753 4235
5896 2 2 0 6 3310 4235 1013
5897 2 2 0 6 547 4236 3313
5898 2 2 0 6 4236 4237 3313
5899 2 2 0 6 4236 750 4237
5900 2 2 0 6 3313 4237 1010
5901 2 2 0 6 548 4238 3316
5902 2 2 0 6 4238 4239 3316
5903 2 2 0 6 4238 751 4239
5904 2 2 0 6 3316 4239 1011
5905 2 2 0 6 549 4240 3319
5906 2 2 0 6 4240 4241 3319
5907 2 2 0 6 4240 752 4241
5908 2 2 0 6 3319 4241 1012
5909 2 2 0 6 506 4242 4134
5910 2 2 0 6 4242 4237 4134
5911 2 2 0 6 4242 1010 4237
5912 2 2 0 6 4134 4237 750
5913 2 2 0 6 507 4243 4136
5914 2 2 0 6 4243 4239 4136
5915 2 2 0 6 4243 1011 4239
5916 2 2 0 6 4136 4239 751
5917 2 2 0 6 508 4244 4138
5918 2 2 0 6 4244 4241 4138
5919 2 2 0 6 4244 1012 4241
5920 2 2 0 6 4138 4241 752
5921 2 2 0 6 509 4245 4140
5922 2 2 0 6 4245 4235 4140
5923 2 2 0 6 4245 1013 4235
5924 2 2 0 6 4140 4235 753
5925 2 2 0 6 342 4107 2418
5926 2 2 0 6 4107 4246 2418
5927 2 2 0 6 4107 798 4246
5928 2 2 0 6 2418 4246 1126
5929 2 2 0 6 343 4109 2420
5930 2 2 0 6 4109 4247 2420
5931 2 2 0 6 4109 799 4247
5932 2 2 0 6 2420 4247 1127
5933 2 2 0 6 344 4111 2422
5934 2 2 0 6 4111 4248 2422
5935 2 2 0 6 4111 800 4248
5936 2 2 0 6 2422 4248 1128
5937 2 2 0 6 345 4113 2424
5938 2 2 0 6 4113 4249 2424
5939 2 2 0 6 4113 801 4249
5940 2 2 0 6 2424 4249 1129
5941 2 2 0 6 431 1921 3442
5942 2 2 0 6 1921 4250 3442
5943 2 2 0 6 1921 1227 4250
5944 2 2 0 6 3442 4250 942
5945 2 2 0 6 432 1923 3444
5946 2 2 0 6 1923 4251 3444
5947 2 2 0 6 1923 1228 4251
5948 2 2 0 6 3444 4251 943
5949 2 2 0 6 433 1925 3446
5950 2 2 0 6 1925 4252 3446
5951 2 2 0 6 1925 1229 4252
5952 2 2 0 6 3446 4252 944
5953 2 2 0 6 430 1919 3448
5954 2 2 0 6 1919 4253 3448
5955 2 2 0 6 1919 1226 4253
5956 2 2 0 6 3448 4253 945
5957 2 2 0 6 438 4254 4256
5958 2 2 0 6 4254 4255 4256
5959 2 2 0 6 4254 1182 4255
5960 2 2 0 6 4256 4255 822
5961 2 2 0 6 439 4257 4259
5962 2 2 0 6 4257 4258 4259
5963 2 2 0 6 4257 1183 4258
5964 2 2 0 6 4259 4258 823
5965 2 2 0 6 440 4260 4262
5966 2 2 0 6 4260 4261 4262
5967 2 2 0 6 4260 1184 4261
5968 2 2 0 6 4262 4261 824
5969 2 2 0 6 441 4263 4265
5970 2 2 0 6 4263 4264 4265
5971 2 2 0 6 4263 1185 4264
5972 2 2 0 6 4265 4264 825
5973 2 2 0 6 290 3259 4267
5974 2 2 0 6 3259 4266 4267
5975 2 2 0 6 3259 1466 4266
5976 2 2 0 6 4267 4266 802
5977 2 2 0 6 291 3261 4269
5978 2 2 0 6 3261 4268 4269
5979 2 2 0 6 3261 1467 4268
5980 2 2 0 6 4269 4268 803
5981 2 2 0 6 292 3263 4271
5982 2 2 0 6 3263 4270 4271
5983 2 2 0 6 3263 1468 4270
5984 2 2 0 6 4271 4270 804
5985 2 2 0 6 293 3265 4273
5986 2 2 0 6 3265 4272 4273
5987 2 2 0 6 3265 1469 4272
5988 2 2 0 6 4273 4272 805
5989 2 2 0 6 429 4061 4275
5990 2 2 0 6 4061 4274 4275
5991 2 2 0 6 4061 845 4274
5992 2 2 0 6 4275 4274 1197
5993 2 2 0 6 426 4052 4277
5994 2 2 0 6 4052 4276 4277
5995 2 2 0 6 4052 842 4276
5996 2 2 0 6 4277 4276 1194
5997 2 2 0 6 427 4055 4279
5998 2 2 0 6 4055 4278 4279
5999 2 2 0 6 4055 843 4278
6000 2 2 0 6 4279 4278 1195
6001 2 2 0 6 428 4058 4281
6002 2 2 0 6 4058 4280 4281
6003 2 2 0 6 4058 844 4280
6004 2 2 0 6 4281 4280 1196
6005 2 2 0 6 463 3362 3170
6006 2 2 0 6 3362 4282 3170
6007 2 2 0 6 3362 887 4282
6008 2 2 0 6 3170 4282 994
6009 2 2 0 6 464 3363 3172
6010 2 2 0 6 3363 4283 3172
6011 2 2 0 6 3363 888 4283
6012 2 2 0 6 3172 4283 995
6013 2 2 0 6 465 3364 3174
6014 2 2 0 6 3364 4284 3174
6015 2 2 0 6 3364 889 4284
6016 2 2 0 6 3174 4284 996
6017 2 2 0 6 462 3365 3176
6018 2 2 0 6 3365 4285 3176
6019 2 2 0 6 3365 886 4285
6020 2 2 0 6 3176 4285 997
6021 2 2 0 6 270 3571 3562
6022 2 2 0 6 3571 4286 3562
6023 2 2 0 6 3571 1134 4286
6024 2 2 0 6 3562 4286 1318
6025 2 2 0 6 271 3573 3564
6026 2 2 0 6 3573 4287 3564
6027 2 2 0 6 3573 1135 4287
6028 2 2 0 6 3564 4287 1319
6029 2 2 0 6 272 3575 3566
6030 2 2 0 6 3575 4288 3566
6031 2 2 0 6 3575 1136 4288
6032 2 2 0 6 3566 4288 1320
6033 2 2 0 6 273 3577 3568
6034 2 2 0 6 3577 4289 3568
6035 2 2 0 6 3577 1137 4289
6036 2 2 0 6 3568 4289 1321
6037 2 2 0 6 411 4290 3754
6038 2 2 0 6 4290 4291 3754
6039 2 2 0 6 4290 1298 4291
6040 2 2 0 6 3754 4291 950
6041 2 2 0 6 412 4292 3756
6042 2 2 0 6 4292 4293 3756
6043 2 2 0 6 4292 1299 4293
6044 2 2 0 6 3756 4293 951
6045 2 2 0 6 413 4294 3758
6046 2 2 0 6 4294 4295 3758
6047 2 2 0 6 4294 1300 4295
6048 2 2 0 6 3758 4295 952
6049 2 2 0 6 410 4296 3760
6050 2 2 0 6 4296 4297 3760
6051 2 2 0 6 4296 1301 4297
6052 2 2 0 6 3760 4297 953
6053 2 2 0 6 629 1747 4298
6054 2 2 0 6 1747 4297 4298
6055 2 2 0 6 1747 953 4297
6056 2 2 0 6 4298 4297 1301
6057 2 2 0 6 626 1750 4299
6058 2 2 0 6 1750 4291 4299
6059 2 2 0 6 1750 950 4291
6060 2 2 0 6 4299 4291 1298
6061 2 2 0 6 627 1753 4300
6062 2 2 0 6 1753 4293 4300
6063 2 2 0 6 1753 951 4293
6064 2 2 0 6 4300 4293 1299
6065 2 2 0 6 628 1756 4301
6066 2 2 0 6 1756 4295 4301
6067 2 2 0 6 1756 952 4295
6068 2 2 0 6 4301 4295 1300
6069 2 2 0 6 518 4302 4303
6070 2 2 0 6 4302 2338 4303
6071 2 2 0 6 4302 1090 2338
6072 2 2 0 6 4303 2338 783
6073 2 2 0 6 519 4304 4305
6074 2 2 0 6 4304 2340 4305
6075 2 2 0 6 4304 1091 2340
6076 2 2 0 6 4305 2340 784
6077 2 2 0 6 520 4306 4307
6078 2 2 0 6 4306 2342 4307
6079 2 2 0 6 4306 1092 2342
6080 2 2 0 6 4307 2342 785
6081 2 2 0 6 521 4308 4309
6082 2 2 0 6 4308 2344 4309
6083 2 2 0 6 4308 1093 2344
6084 2 2 0 6 4309 2344 782
6085 2 2 0 6 443 2153 4216
6086 2 2 0 6 2153 4174 4216
6087 2 2 0 6 2153 1106 4174
6088 2 2 0 6 4216 4174 722
6089 2 2 0 6 444 2155 4218
6090 2 2 0 6 2155 4175 4218
6091 2 2 0 6 2155 1107 4175
6092 2 2 0 6 4218 4175 723
6093 2 2 0 6 445 2157 4220
6094 2 2 0 6 2157 4176 4220
6095 2 2 0 6 2157 1108 4176
6096 2 2 0 6 4220 4176 724
6097 2 2 0 6 442 2151 4214
6098 2 2 0 6 2151 4177 4214
6099 2 2 0 6 2151 1109 4177
6100 2 2 0 6 4214 4177 725
6101 2 2 0 6 358 4143 3086
6102 2 2 0 6 4143 2407 3086
6103 2 2 0 6 4143 711 2407
6104 2 2 0 6 3086 2407 1206
6105 2 2 0 6 359 4145 3089
6106 2 2 0 6 4145 2408 3089
6107 2 2 0 6 4145 712 2408
6108 2 2 0 6 3089 2408 1207
6109 2 2 0 6 360 4147 3092
6110 2 2 0 6 4147 2409 3092
6111 2 2 0 6 4147 713 2409
6112 2 2 0 6 3092 2409 1208
6113 2 2 0 6 361 4149 3095
6114 2 2 0 6 4149 2406 3095
6115 2 2 0 6 4149 710 2406
6116 2 2 0 6 3095 2406 1209
6117 2 2 0 6 275 4310 3618
6118 2 2 0 6 4310 4311 3618
6119 2 2 0 6 4310 1243 4311
6120 2 2 0 6 3618 4311 1018
6121 2 2 0 6 276 4312 3620
6122 2 2 0 6 4312 4313 3620
6123 2 2 0 6 4312 1244 4313
6124 2 2 0 6 3620 4313 1019
6125 2 2 0 6 277 4314 3622
6126 2 2 0 6 4314 4315 3622
6127 2 2 0 6 4314 1245 4315
6128 2 2 0 6 3622 4315 1020
6129 2 2 0 6 274 4316 3624
6130 2 2 0 6 4316 4317 3624
6131 2 2 0 6 4316 1242 4317
6132 2 2 0 6 3624 4317 1021
6133 2 2 0 6 302 2985 3052
6134 2 2 0 6 2985 4318 3052
6135 2 2 0 6 2985 857 4318
6136 2 2 0 6 3052 4318 1065
6137 2 2 0 6 303 2976 3046
6138 2 2 0 6 2976 4319 3046
6139 2 2 0 6 2976 854 4319
6140 2 2 0 6 3046 4319 1062
6141 2 2 0 6 304 2979 3048
6142 2 2 0 6 2979 4320 3048
6143 2 2 0 6 2979 855 4320
6144 2 2 0 6 3048 4320 1063
6145 2 2 0 6 305 2982 3050
6146 2 2 0 6 2982 4321 3050
6147 2 2 0 6 2982 856 4321
6148 2 2 0 6 3050 4321 1064
6149 2 2 0 6 414 3900 4323
6150 2 2 0 6 3900 4322 4323
6151 2 2 0 6 3900 1273 4322
6152 2 2 0 6 4323 4322 858
6153 2 2 0 6 415 3903 4325
6154 2 2 0 6 3903 4324 4325
6155 2 2 0 6 3903 1270 4324
6156 2 2 0 6 4325 4324 859
6157 2 2 0 6 416 3906 4327
6158 2 2 0 6 3906 4326 4327
6159 2 2 0 6 3906 1271 4326
6160 2 2 0 6 4327 4326 860
6161 2 2 0 6 417 3909 4329
6162 2 2 0 6 3909 4328 4329
6163 2 2 0 6 3909 1272 4328
6164 2 2 0 6 4329 4328 861
6165 2 2 0 6 606 2535 2319
6166 2 2 0 6 2535 4330 2319
6167 2 2 0 6 2535 1420 4330
6168 2 2 0 6 2319 4330 970
6169 2 2 0 6 607 2537 2322
6170 2 2 0 6 2537 4331 2322
6171 2 2 0 6 2537 1418 4331
6172 2 2 0 6 2322 4331 971
6173 2 2 0 6 608 2539 2325
6174 2 2 0 6 2539 4332 2325
6175 2 2 0 6 2539 1419 4332
6176 2 2 0 6 2325 4332 972
6177 2 2 0 6 609 2541 2328
6178 2 2 0 6 2541 4333 2328
6179 2 2 0 6 2541 1421 4333
6180 2 2 0 6 2328 4333 973
6181 2 2 0 6 526 4024 4334
6182 2 2 0 6 4024 3379 4334
6183 2 2 0 6 4024 834 3379
6184 2 2 0 6 4334 3379 1274
6185 2 2 0 6 527 4027 4335
6186 2 2 0 6 4027 3381 4335
6187 2 2 0 6 4027 835 3381
6188 2 2 0 6 4335 3381 1275
6189 2 2 0 6 528 4030 4336
6190 2 2 0 6 4030 3383 4336
6191 2 2 0 6 4030 837 3383
6192 2 2 0 6 4336 3383 1276
6193 2 2 0 6 529 4033 4337
6194 2 2 0 6 4033 3385 4337
6195 2 2 0 6 4033 836 3385
6196 2 2 0 6 4337 3385 1277
6197 2 2 0 6 395 3943 4338
6198 2 2 0 6 3943 4087 4338
6199 2 2 0 6 3943 895 4087
6200 2 2 0 6 4338 4087 1350
6201 2 2 0 6 396 3944 4339
6202 2 2 0 6 3944 4090 4339
6203 2 2 0 6 3944 896 4090
6204 2 2 0 6 4339 4090 1351
6205 2 2 0 6 397 3945 4340
6206 2 2 0 6 3945 4093 4340
6207 2 2 0 6 3945 897 4093
6208 2 2 0 6 4340 4093 1352
6209 2 2 0 6 394 3942 4341
6210 2 2 0 6 3942 4096 4341
6211 2 2 0 6 3942 894 4096
6212 2 2 0 6 4341 4096 1353
6213 2 2 0 6 438 4342 3722
6214 2 2 0 6 4342 4343 3722
6215 2 2 0 6 4342 1130 4343
6216 2 2 0 6 3722 4343 802
6217 2 2 0 6 439 4344 3724
6218 2 2 0 6 4344 4345 3724
6219 2 2 0 6 4344 1131 4345
6220 2 2 0 6 3724 4345 803
6221 2 2 0 6 440 4346 3726
6222 2 2 0 6 4346 4347 3726
6223 2 2 0 6 4346 1132 4347
6224 2 2 0 6 3726 4347 804
6225 2 2 0 6 441 4348 3728
6226 2 2 0 6 4348 4349 3728
6227 2 2 0 6 4348 1133 4349
6228 2 2 0 6 3728 4349 805
6229 2 2 0 6 678 2089 3706
6230 2 2 0 6 2089 4350 3706
6231 2 2 0 6 2089 1358 4350
6232 2 2 0 6 3706 4350 1070
6233 2 2 0 6 679 2091 3707
6234 2 2 0 6 2091 4351 3707
6235 2 2 0 6 2091 1359 4351
6236 2 2 0 6 3707 4351 1071
6237 2 2 0 6 680 2093 3708
6238 2 2 0 6 2093 4352 3708
6239 2 2 0 6 2093 1361 4352
6240 2 2 0 6 3708 4352 1073
6241 2 2 0 6 681 2087 3709
6242 2 2 0 6 2087 4353 3709
6243 2 2 0 6 2087 1360 4353
6244 2 2 0 6 3709 4353 1072
6245 2 2 0 6 502 4354 2142
6246 2 2 0 6 4354 4355 2142
6247 2 2 0 6 4354 1214 4355
6248 2 2 0 6 2142 4355 746
6249 2 2 0 6 503 4356 2144
6250 2 2 0 6 4356 4357 2144
6251 2 2 0 6 4356 1215 4357
6252 2 2 0 6 2144 4357 747
6253 2 2 0 6 504 4358 2146
6254 2 2 0 6 4358 4359 2146
6255 2 2 0 6 4358 1216 4359
6256 2 2 0 6 2146 4359 748
6257 2 2 0 6 505 4360 2148
6258 2 2 0 6 4360 4361 2148
6259 2 2 0 6 4360 1217 4361
6260 2 2 0 6 2148 4361 749
6261 2 2 0 6 393 4362 4364
6262 2 2 0 6 4362 4363 4364
6263 2 2 0 6 4362 1309 4363
6264 2 2 0 6 4364 4363 833
6265 2 2 0 6 390 4365 4367
6266 2 2 0 6 4365 4366 4367
6267 2 2 0 6 4365 1306 4366
6268 2 2 0 6 4367 4366 830
6269 2 2 0 6 391 4368 4370
6270 2 2 0 6 4368 4369 4370
6271 2 2 0 6 4368 1307 4369
6272 2 2 0 6 4370 4369 831
6273 2 2 0 6 392 4371 4373
6274 2 2 0 6 4371 4372 4373
6275 2 2 0 6 4371 1308 4372
6276 2 2 0 6 4373 4372 832
6277 2 2 0 6 618 4374 1929
6278 2 2 0 6 4374 4311 1929
6279 2 2 0 6 4374 1018 4311
6280 2 2 0 6 1929 4311 1243
6281 2 2 0 6 619 4375 1932
6282 2 2 0 6 4375 4313 1932
6283 2 2 0 6 4375 1019 4313
6284 2 2 0 6 1932 4313 1244
6285 2 2 0 6 620 4376 1935
6286 2 2 0 6 4376 4315 1935
6287 2 2 0 6 4376 1020 4315
6288 2 2 0 6 1935 4315 1245
6289 2 2 0 6 621 4377 1926
6290 2 2 0 6 4377 4317 1926
6291 2 2 0 6 4377 1021 4317
6292 2 2 0 6 1926 4317 1242
6293 2 2 0 6 634 4378 2118
6294 2 2 0 6 4378 4379 2118
6295 2 2 0 6 4378 1102 4379
6296 2 2 0 6 2118 4379 754
6297 2 2 0 6 635 4380 2120
6298 2 2 0 6 4380 4381 2120
6299 2 2 0 6 4380 1103 4381
6300 2 2 0 6 2120 4381 755
6301 2 2 0 6 636 4382 2122
6302 2 2 0 6 4382 4383 2122
6303 2 2 0 6 4382 1104 4383
6304 2 2 0 6 2122 4383 756
6305 2 2 0 6 637 4384 2124
6306 2 2 0 6 4384 4385 2124
6307 2 2 0 6 4384 1105 4385
6308 2 2 0 6 2124 4385 757
6309 2 2 0 6 286 4386 4387
6310 2 2 0 6 4386 2583 4387
6311 2 2 0 6 4386 726 2583
6312 2 2 0 6 4387 2583 1110
6313 2 2 0 6 287 4388 4389
6314 2 2 0 6 4388 2585 4389
6315 2 2 0 6 4388 727 2585
6316 2 2 0 6 4389 2585 1111
6317 2 2 0 6 288 4390 4391
6318 2 2 0 6 4390 2587 4391
6319 2 2 0 6 4390 728 2587
6320 2 2 0 6 4391 2587 1112
6321 2 2 0 6 289 4392 4393
6322 2 2 0 6 4392 2589 4393
6323 2 2 0 6 4392 729 2589
6324 2 2 0 6 4393 2589 1113
6325 2 2 0 6 282 2179 4394
6326 2 2 0 6 2179 4350 4394
6327 2 2 0 6 2179 1070 4350
6328 2 2 0 6 4394 4350 1358
6329 2 2 0 6 283 2181 4395
6330 2 2 0 6 2181 4351 4395
6331 2 2 0 6 2181 1071 4351
6332 2 2 0 6 4395 4351 1359
6333 2 2 0 6 284 2185 4396
6334 2 2 0 6 2185 4353 4396
6335 2 2 0 6 2185 1072 4353
6336 2 2 0 6 4396 4353 1360
6337 2 2 0 6 285 2183 4397
6338 2 2 0 6 2183 4352 4397
6339 2 2 0 6 2183 1073 4352
6340 2 2 0 6 4397 4352 1361
6341 2 2 0 6 877 4398 3790
6342 2 2 0 6 4398 4399 3790
6343 2 2 0 6 4398 1501 4399
6344 2 2 0 6 3790 4399 993
6345 2 2 0 6 874 4400 3791
6346 2 2 0 6 4400 4401 3791
6347 2 2 0 6 4400 1498 4401
6348 2 2 0 6 3791 4401 990
6349 2 2 0 6 875 4402 3792
6350 2 2 0 6 4402 4403 3792
6351 2 2 0 6 4402 1499 4403
6352 2 2 0 6 3792 4403 991
6353 2 2 0 6 876 4404 3793
6354 2 2 0 6 4404 4405 3793
6355 2 2 0 6 4404 1500 4405
6356 2 2 0 6 3793 4405 992
6357 2 2 0 6 337 2311 4406
6358 2 2 0 6 2311 3366 4406
6359 2 2 0 6 2311 933 3366
6360 2 2 0 6 4406 3366 1413
6361 2 2 0 6 334 2313 4407
6362 2 2 0 6 2313 3367 4407
6363 2 2 0 6 2313 930 3367
6364 2 2 0 6 4407 3367 1410
6365 2 2 0 6 335 2315 4408
6366 2 2 0 6 2315 3368 4408
6367 2 2 0 6 2315 931 3368
6368 2 2 0 6 4408 3368 1411
6369 2 2 0 6 336 2317 4409
6370 2 2 0 6 2317 3369 4409
6371 2 2 0 6 2317 932 3369
6372 2 2 0 6 4409 3369 1412
6373 2 2 0 6 249 2634 4410
6374 2 2 0 6 2634 3847 4410
6375 2 2 0 6 2634 734 3847
6376 2 2 0 6 4410 3847 1101
6377 2 2 0 6 60 2635 4411
6378 2 2 0 6 2635 3850 4411
6379 2 2 0 6 2635 735 3850
6380 2 2 0 6 4411 3850 1098
6381 2 2 0 6 123 2636 4412
6382 2 2 0 6 2636 3853 4412
6383 2 2 0 6 2636 736 3853
6384 2 2 0 6 4412 3853 1099
6385 2 2 0 6 186 2637 4413
6386 2 2 0 6 2637 3856 4413
6387 2 2 0 6 2637 737 3856
6388 2 2 0 6 4413 3856 1100
6389 2 2 0 6 945 4253 4415
6390 2 2 0 6 4253 4414 4415
6391 2 2 0 6 4253 1226 4414
6392 2 2 0 6 4415 4414 1493
6393 2 2 0 6 942 4250 4417
6394 2 2 0 6 4250 4416 4417
6395 2 2 0 6 4250 1227 4416
6396 2 2 0 6 4417 4416 1490
6397 2 2 0 6 943 4251 4419
6398 2 2 0 6 4251 4418 4419
6399 2 2 0 6 4251 1228 4418
6400 2 2 0 6 4419 4418 1491
6401 2 2 0 6 944 4252 4421
6402 2 2 0 6 4252 4420 4421
6403 2 2 0 6 4252 1229 4420
6404 2 2 0 6 4421 4420 1492
6405 2 2 0 6 57 26 3770
6406 2 2 0 6 26 2801 3770
6407 2 2 0 6 26 58 2801
6408 2 2 0 6 3770 2801 1083
6409 2 2 0 6 120 89 3773
6410 2 2 0 6 89 2803 3773
6411 2 2 0 6 89 121 2803
6412 2 2 0 6 3773 2803 1084
6413 2 2 0 6 183 152 3776
6414 2 2 0 6 152 2805 3776
6415 2 2 0 6 152 184 2805
6416 2 2 0 6 3776 2805 1085
6417 2 2 0 6 246 215 3779
6418 2 2 0 6 215 2799 3779
6419 2 2 0 6 215 247 2799
6420 2 2 0 6 3779 2799 1082
6421 2 2 0 6 306 4011 4423
6422 2 2 0 6 4011 4422 4423
6423 2 2 0 6 4011 1354 4422
6424 2 2 0 6 4423 4422 890
6425 2 2 0 6 307 4013 4425
6426 2 2 0 6 4013 4424 4425
6427 2 2 0 6 4013 1355 4424
6428 2 2 0 6 4425 4424 891
6429 2 2 0 6 308 4015 4427
6430 2 2 0 6 4015 4426 4427
6431 2 2 0 6 4015 1356 4426
6432 2 2 0 6 4427 4426 892
6433 2 2 0 6 309 4017 4429
6434 2 2 0 6 4017 4428 4429
6435 2 2 0 6 4017 1357 4428
6436 2 2 0 6 4429 4428 893
6437 2 2 0 6 694 4430 4432
6438 2 2 0 6 4430 4431 4432
6439 2 2 0 6 4430 1346 4431
6440 2 2 0 6 4432 4431 1246
6441 2 2 0 6 695 4433 4435
6442 2 2 0 6 4433 4434 4435
6443 2 2 0 6 4433 1347 4434
6444 2 2 0 6 4435 4434 1247
6445 2 2 0 6 696 4436 4438
6446 2 2 0 6 4436 4437 4438
6447 2 2 0 6 4436 1348 4437
6448 2 2 0 6 4438 4437 1249
6449 2 2 0 6 697 4439 4441
6450 2 2 0 6 4439 4440 4441
6451 2 2 0 6 4439 1349 4440
6452 2 2 0 6 4441 4440 1248
6453 2 2 0 6 310 4442 3000
6454 2 2 0 6 4442 3978 3000
6455 2 2 0 6 4442 1095 3978
6456 2 2 0 6 3000 3978 806
6457 2 2 0 6 311 4443 3002
6458 2 2 0 6 4443 3980 3002
6459 2 2 0 6 4443 1096 3980
6460 2 2 0 6 3002 3980 807
6461 2 2 0 6 312 4444 3004
6462 2 2 0 6 4444 3982 3004
6463 2 2 0 6 4444 1097 3982
6464 2 2 0 6 3004 3982 808
6465 2 2 0 6 313 4445 2998
6466 2 2 0 6 4445 3984 2998
6467 2 2 0 6 4445 1094 3984
6468 2 2 0 6 2998 3984 809
6469 2 2 0 6 447 2593 4447
6470 2 2 0 6 2593 4446 4447
6471 2 2 0 6 2593 883 4446
6472 2 2 0 6 4447 4446 1119
6473 2 2 0 6 448 2595 4449
6474 2 2 0 6 2595 4448 4449
6475 2 2 0 6 2595 884 4448
6476 2 2 0 6 4449 4448 1120
6477 2 2 0 6 449 2597 4451
6478 2 2 0 6 2597 4450 4451
6479 2 2 0 6 2597 885 4450
6480 2 2 0 6 4451 4450 1121
6481 2 2 0 6 446 2591 4453
6482 2 2 0 6 2591 4452 4453
6483 2 2 0 6 2591 882 4452
6484 2 2 0 6 4453 4452 1118
6485 2 2 0 6 59 4454 2490
6486 2 2 0 6 4454 3995 2490
6487 2 2 0 6 4454 1098 3995
6488 2 2 0 6 2490 3995 759
6489 2 2 0 6 122 4455 2492
6490 2 2 0 6 4455 3996 2492
6491 2 2 0 6 4455 1099 3996
6492 2 2 0 6 2492 3996 760
6493 2 2 0 6 185 4456 2494
6494 2 2 0 6 4456 3997 2494
6495 2 2 0 6 4456 1100 3997
6496 2 2 0 6 2494 3997 761
6497 2 2 0 6 248 4457 2496
6498 2 2 0 6 4457 3994 2496
6499 2 2 0 6 4457 1101 3994
6500 2 2 0 6 2496 3994 758
6501 2 2 0 6 494 2794 3054
6502 2 2 0 6 2794 2331 3054
6503 2 2 0 6 2794 965 2331
6504 2 2 0 6 3054 2331 821
6505 2 2 0 6 495 2795 3057
6506 2 2 0 6 2795 2333 3057
6507 2 2 0 6 2795 962 2333
6508 2 2 0 6 3057 2333 818
6509 2 2 0 6 496 2796 3060
6510 2 2 0 6 2796 2335 3060
6511 2 2 0 6 2796 963 2335
6512 2 2 0 6 3060 2335 819
6513 2 2 0 6 497 2797 3063
6514 2 2 0 6 2797 2337 3063
6515 2 2 0 6 2797 964 2337
6516 2 2 0 6 3063 2337 820
6517 2 2 0 6 382 4458 4459
6518 2 2 0 6 4458 3934 4459
6519 2 2 0 6 4458 1438 3934
6520 2 2 0 6 4459 3934 870
6521 2 2 0 6 383 4460 4461
6522 2 2 0 6 4460 3936 4461
6523 2 2 0 6 4460 1439 3936
6524 2 2 0 6 4461 3936 871
6525 2 2 0 6 384 4462 4463
6526 2 2 0 6 4462 3938 4463
6527 2 2 0 6 4462 1440 3938
6528 2 2 0 6 4463 3938 872
6529 2 2 0 6 385 4464 4465
6530 2 2 0 6 4464 3940 4465
6531 2 2 0 6 4464 1441 3940
6532 2 2 0 6 4465 3940 873
6533 2 2 0 6 461 4466 2330
6534 2 2 0 6 4466 4467 2330
6535 2 2 0 6 4466 1141 4467
6536 2 2 0 6 2330 4467 821
6537 2 2 0 6 458 4468 2332
6538 2 2 0 6 4468 4469 2332
6539 2 2 0 6 4468 1138 4469
6540 2 2 0 6 2332 4469 818
6541 2 2 0 6 459 4470 2334
6542 2 2 0 6 4470 4471 2334
6543 2 2 0 6 4470 1139 4471
6544 2 2 0 6 2334 4471 819
6545 2 2 0 6 460 4472 2336
6546 2 2 0 6 4472 4473 2336
6547 2 2 0 6 4472 1140 4473
6548 2 2 0 6 2336 4473 820
6549 2 2 0 6 571 4474 4086
6550 2 2 0 6 4474 3138 4086
6551 2 2 0 6 4474 1302 3138
6552 2 2 0 6 4086 3138 1350
6553 2 2 0 6 572 4475 4089
6554 2 2 0 6 4475 3141 4089
6555 2 2 0 6 4475 1303 3141
6556 2 2 0 6 4089 3141 1351
6557 2 2 0 6 573 4476 4092
6558 2 2 0 6 4476 3144 4092
6559 2 2 0 6 4476 1304 3144
6560 2 2 0 6 4092 3144 1352
6561 2 2 0 6 570 4477 4095
6562 2 2 0 6 4477 3135 4095
6563 2 2 0 6 4477 1305 3135
6564 2 2 0 6 4095 3135 1353
6565 2 2 0 6 286 1542 4386
6566 2 2 0 6 1542 3518 4386
6567 2 2 0 6 1542 1286 3518
6568 2 2 0 6 4386 3518 726
6569 2 2 0 6 287 1545 4388
6570 2 2 0 6 1545 3520 4388
6571 2 2 0 6 1545 1287 3520
6572 2 2 0 6 4388 3520 727
6573 2 2 0 6 288 1548 4390
6574 2 2 0 6 1548 3522 4390
6575 2 2 0 6 1548 1288 3522
6576 2 2 0 6 4390 3522 728
6577 2 2 0 6 289 1551 4392
6578 2 2 0 6 1551 3524 4392
6579 2 2 0 6 1551 1289 3524
6580 2 2 0 6 4392 3524 729
6581 2 2 0 6 535 4478 2954
6582 2 2 0 6 4478 3514 2954
6583 2 2 0 6 4478 1150 3514
6584 2 2 0 6 2954 3514 826
6585 2 2 0 6 536 4479 2957
6586 2 2 0 6 4479 3515 2957
6587 2 2 0 6 4479 1151 3515
6588 2 2 0 6 2957 3515 827
6589 2 2 0 6 537 4480 2960
6590 2 2 0 6 4480 3516 2960
6591 2 2 0 6 4480 1152 3516
6592 2 2 0 6 2960 3516 828
6593 2 2 0 6 534 4481 2963
6594 2 2 0 6 4481 3517 2963
6595 2 2 0 6 4481 1153 3517
6596 2 2 0 6 2963 3517 829
6597 2 2 0 6 454 3432 3282
6598 2 2 0 6 3432 4482 3282
6599 2 2 0 6 3432 1178 4482
6600 2 2 0 6 3282 4482 790
6601 2 2 0 6 455 3435 3285
6602 2 2 0 6 3435 4483 3285
6603 2 2 0 6 3435 1179 4483
6604 2 2 0 6 3285 4483 791
6605 2 2 0 6 456 3438 3288
6606 2 2 0 6 3438 4484 3288
6607 2 2 0 6 3438 1180 4484
6608 2 2 0 6 3288 4484 792
6609 2 2 0 6 457 3441 3291
6610 2 2 0 6 3441 4485 3291
6611 2 2 0 6 3441 1181 4485
6612 2 2 0 6 3291 4485 793
6613 2 2 0 6 102 71 4487
6614 2 2 0 6 71 4486 4487
6615 2 2 0 6 71 103 4486
6616 2 2 0 6 4487 4486 919
6617 2 2 0 6 165 134 4489
6618 2 2 0 6 134 4488 4489
6619 2 2 0 6 134 166 4488
6620 2 2 0 6 4489 4488 920
6621 2 2 0 6 228 197 4491
6622 2 2 0 6 197 4490 4491
6623 2 2 0 6 197 229 4490
6624 2 2 0 6 4491 4490 921
6625 2 2 0 6 39 8 4493
6626 2 2 0 6 8 4492 4493
6627 2 2 0 6 8 40 4492
6628 2 2 0 6 4493 4492 918
6629 2 2 0 6 63 4494 31
6630 2 2 0 6 4494 4495 31
6631 2 2 0 6 4494 922 4495
6632 2 2 0 6 31 4495 62
6633 2 2 0 6 126 4496 94
6634 2 2 0 6 4496 4497 94
6635 2 2 0 6 4496 923 4497
6636 2 2 0 6 94 4497 125
6637 2 2 0 6 189 4498 157
6638 2 2 0 6 4498 4499 157
6639 2 2 0 6 4498 924 4499
6640 2 2 0 6 157 4499 188
6641 2 2 0 6 252 4500 220
6642 2 2 0 6 4500 4501 220
6643 2 2 0 6 4500 925 4501
6644 2 2 0 6 220 4501 251
6645 2 2 0 6 642 2524 4202
6646 2 2 0 6 2524 4502 4202
6647 2 2 0 6 2524 1146 4502
6648 2 2 0 6 4202 4502 822
6649 2 2 0 6 643 2527 4203
6650 2 2 0 6 2527 4503 4203
6651 2 2 0 6 2527 1147 4503
6652 2 2 0 6 4203 4503 823
6653 2 2 0 6 644 2530 4204
6654 2 2 0 6 2530 4504 4204
6655 2 2 0 6 2530 1148 4504
6656 2 2 0 6 4204 4504 824
6657 2 2 0 6 645 2533 4205
6658 2 2 0 6 2533 4505 4205
6659 2 2 0 6 2533 1149 4505
6660 2 2 0 6 4205 4505 825
6661 2 2 0 6 545 4506 4508
6662 2 2 0 6 4506 4507 4508
6663 2 2 0 6 4506 1038 4507
6664 2 2 0 6 4508 4507 1078
6665 2 2 0 6 542 4509 4511
6666 2 2 0 6 4509 4510 4511
6667 2 2 0 6 4509 1039 4510
6668 2 2 0 6 4511 4510 1079
6669 2 2 0 6 543 4512 4514
6670 2 2 0 6 4512 4513 4514
6671 2 2 0 6 4512 1040 4513
6672 2 2 0 6 4514 4513 1080
6673 2 2 0 6 544 4515 4517
6674 2 2 0 6 4515 4516 4517
6675 2 2 0 6 4515 1041 4516
6676 2 2 0 6 4517 4516 1081
6677 2 2 0 6 473 3841 3598
6678 2 2 0 6 3841 4507 3598
6679 2 2 0 6 3841 1078 4507
6680 2 2 0 6 3598 4507 1038
6681 2 2 0 6 470 3838 3600
6682 2 2 0 6 3838 4510 3600
6683 2 2 0 6 3838 1079 4510
6684 2 2 0 6 3600 4510 1039
6685 2 2 0 6 471 3839 3602
6686 2 2 0 6 3839 4513 3602
6687 2 2 0 6 3839 1080 4513
6688 2 2 0 6 3602 4513 1040
6689 2 2 0 6 472 3840 3604
6690 2 2 0 6 3840 4516 3604
6691 2 2 0 6 3840 1081 4516
6692 2 2 0 6 3604 4516 1041
6693 2 2 0 6 262 2119 4190
6694 2 2 0 6 2119 3038 4190
6695 2 2 0 6 2119 754 3038
6696 2 2 0 6 4190 3038 1450
6697 2 2 0 6 263 2121 4193
6698 2 2 0 6 2121 3040 4193
6699 2 2 0 6 2121 755 3040
6700 2 2 0 6 4193 3040 1451
6701 2 2 0 6 264 2123 4196
6702 2 2 0 6 2123 3042 4196
6703 2 2 0 6 2123 756 3042
6704 2 2 0 6 4196 3042 1452
6705 2 2 0 6 265 2125 4199
6706 2 2 0 6 2125 3044 4199
6707 2 2 0 6 2125 757 3044
6708 2 2 0 6 4199 3044 1453
6709 2 2 0 6 446 4453 4048
6710 2 2 0 6 4453 4518 4048
6711 2 2 0 6 4453 1118 4518
6712 2 2 0 6 4048 4518 961
6713 2 2 0 6 447 4447 4042
6714 2 2 0 6 4447 4519 4042
6715 2 2 0 6 4447 1119 4519
6716 2 2 0 6 4042 4519 958
6717 2 2 0 6 448 4449 4044
6718 2 2 0 6 4449 4520 4044
6719 2 2 0 6 4449 1120 4520
6720 2 2 0 6 4044 4520 959
6721 2 2 0 6 449 4451 4046
6722 2 2 0 6 4451 4521 4046
6723 2 2 0 6 4451 1121 4521
6724 2 2 0 6 4046 4521 960
6725 2 2 0 6 402 1816 4078
6726 2 2 0 6 1816 3570 4078
6727 2 2 0 6 1816 1134 3570
6728 2 2 0 6 4078 3570 746
6729 2 2 0 6 403 1819 4080
6730 2 2 0 6 1819 3572 4080
6731 2 2 0 6 1819 1135 3572
6732 2 2 0 6 4080 3572 747
6733 2 2 0 6 404 1822 4082
6734 2 2 0 6 1822 3574 4082
6735 2 2 0 6 1822 1136 3574
6736 2 2 0 6 4082 3574 748
6737 2 2 0 6 405 1825 4084
6738 2 2 0 6 1825 3576 4084
6739 2 2 0 6 1825 1137 3576
6740 2 2 0 6 4084 3576 749
6741 2 2 0 6 395 4522 2934
6742 2 2 0 6 4522 4523 2934
6743 2 2 0 6 4522 1366 4523
6744 2 2 0 6 2934 4523 815
6745 2 2 0 6 396 4524 2936
6746 2 2 0 6 4524 4525 2936
6747 2 2 0 6 4524 1367 4525
6748 2 2 0 6 2936 4525 816
6749 2 2 0 6 397 4526 2938
6750 2 2 0 6 4526 4527 2938
6751 2 2 0 6 4526 1368 4527
6752 2 2 0 6 2938 4527 817
6753 2 2 0 6 394 4528 2940
6754 2 2 0 6 4528 4529 2940
6755 2 2 0 6 4528 1369 4529
6756 2 2 0 6 2940 4529 814
6757 2 2 0 6 438 4530 4254
6758 2 2 0 6 4530 4531 4254
6759 2 2 0 6 4530 1022 4531
6760 2 2 0 6 4254 4531 1182
6761 2 2 0 6 439 4532 4257
6762 2 2 0 6 4532 4533 4257
6763 2 2 0 6 4532 1023 4533
6764 2 2 0 6 4257 4533 1183
6765 2 2 0 6 440 4534 4260
6766 2 2 0 6 4534 4535 4260
6767 2 2 0 6 4534 1024 4535
6768 2 2 0 6 4260 4535 1184
6769 2 2 0 6 441 4536 4263
6770 2 2 0 6 4536 4537 4263
6771 2 2 0 6 4536 1025 4537
6772 2 2 0 6 4263 4537 1185
6773 2 2 0 6 382 3039 4458
6774 2 2 0 6 3039 4538 4458
6775 2 2 0 6 3039 754 4538
6776 2 2 0 6 4458 4538 1438
6777 2 2 0 6 383 3041 4460
6778 2 2 0 6 3041 4539 4460
6779 2 2 0 6 3041 755 4539
6780 2 2 0 6 4460 4539 1439
6781 2 2 0 6 384 3043 4462
6782 2 2 0 6 3043 4540 4462
6783 2 2 0 6 3043 756 4540
6784 2 2 0 6 4462 4540 1440
6785 2 2 0 6 385 3045 4464
6786 2 2 0 6 3045 4541 4464
6787 2 2 0 6 3045 757 4541
6788 2 2 0 6 4464 4541 1441
6789 2 2 0 6 526 4542 4543
6790 2 2 0 6 4542 4431 4543
6791 2 2 0 6 4542 1246 4431
6792 2 2 0 6 4543 4431 1346
6793 2 2 0 6 527 4544 4545
6794 2 2 0 6 4544 4434 4545
6795 2 2 0 6 4544 1247 4434
6796 2 2 0 6 4545 4434 1347
6797 2 2 0 6 528 4546 4547
6798 2 2 0 6 4546 4440 4547
6799 2 2 0 6 4546 1248 4440
6800 2 2 0 6 4547 4440 1349
6801 2 2 0 6 529 4548 4549
6802 2 2 0 6 4548 4437 4549
6803 2 2 0 6 4548 1249 4437
6804 2 2 0 6 4549 4437 1348
6805 2 2 0 6 52 4550 2774
6806 2 2 0 6 4550 4551 2774
6807 2 2 0 6 4550 1122 4551
6808 2 2 0 6 2774 4551 766
6809 2 2 0 6 115 4552 2777
6810 2 2 0 6 4552 4553 2777
6811 2 2 0 6 4552 1123 4553
6812 2 2 0 6 2777 4553 767
6813 2 2 0 6 178 4554 2780
6814 2 2 0 6 4554 4555 2780
6815 2 2 0 6 4554 1124 4555
6816 2 2 0 6 2780 4555 768
6817 2 2 0 6 241 4556 2783
6818 2 2 0 6 4556 4557 2783
6819 2 2 0 6 4556 1125 4557
6820 2 2 0 6 2783 4557 769
6821 2 2 0 6 406 2923 4558
6822 2 2 0 6 2923 3498 4558
6823 2 2 0 6 2923 878 3498
6824 2 2 0 6 4558 3498 971
6825 2 2 0 6 407 2925 4559
6826 2 2 0 6 2925 3500 4559
6827 2 2 0 6 2925 879 3500
6828 2 2 0 6 4559 3500 972
6829 2 2 0 6 408 2927 4560
6830 2 2 0 6 2927 3502 4560
6831 2 2 0 6 2927 880 3502
6832 2 2 0 6 4560 3502 970
6833 2 2 0 6 409 2929 4561
6834 2 2 0 6 2929 3504 4561
6835 2 2 0 6 2929 881 3504
6836 2 2 0 6 4561 3504 973
6837 2 2 0 6 622 2721 4562
6838 2 2 0 6 2721 3731 4562
6839 2 2 0 6 2721 1191 3731
6840 2 2 0 6 4562 3731 1395
6841 2 2 0 6 623 2723 4563
6842 2 2 0 6 2723 3734 4563
6843 2 2 0 6 2723 1192 3734
6844 2 2 0 6 4563 3734 1396
6845 2 2 0 6 624 2725 4564
6846 2 2 0 6 2725 3737 4564
6847 2 2 0 6 2725 1193 3737
6848 2 2 0 6 4564 3737 1397
6849 2 2 0 6 625 2719 4565
6850 2 2 0 6 2719 3740 4565
6851 2 2 0 6 2719 1190 3740
6852 2 2 0 6 4565 3740 1394
6853 2 2 0 6 422 2443 3742
6854 2 2 0 6 2443 4566 3742
6855 2 2 0 6 2443 914 4566
6856 2 2 0 6 3742 4566 1470
6857 2 2 0 6 423 2445 3743
6858 2 2 0 6 2445 4567 3743
6859 2 2 0 6 2445 915 4567
6860 2 2 0 6 3743 4567 1471
6861 2 2 0 6 424 2447 3744
6862 2 2 0 6 2447 4568 3744
6863 2 2 0 6 2447 916 4568
6864 2 2 0 6 3744 4568 1472
6865 2 2 0 6 425 2449 3745
6866 2 2 0 6 2449 4569 3745
6867 2 2 0 6 2449 917 4569
6868 2 2 0 6 3745 4569 1473
6869 2 2 0 6 658 2767 2886
6870 2 2 0 6 2767 4566 2886
6871 2 2 0 6 2767 1470 4566
6872 2 2 0 6 2886 4566 914
6873 2 2 0 6 659 2769 2888
6874 2 2 0 6 2769 4567 2888
6875 2 2 0 6 2769 1471 4567
6876 2 2 0 6 2888 4567 915
6877 2 2 0 6 660 2771 2890
6878 2 2 0 6 2771 4568 2890
6879 2 2 0 6 2771 1472 4568
6880 2 2 0 6 2890 4568 916
6881 2 2 0 6 661 2773 2892
6882 2 2 0 6 2773 4569 2892
6883 2 2 0 6 2773 1473 4569
6884 2 2 0 6 2892 4569 917
6885 2 2 0 6 498 4570 2878
6886 2 2 0 6 4570 4551 2878
6887 2 2 0 6 4570 766 4551
6888 2 2 0 6 2878 4551 1122
6889 2 2 0 6 499 4571 2880
6890 2 2 0 6 4571 4553 2880
6891 2 2 0 6 4571 767 4553
6892 2 2 0 6 2880 4553 1123
6893 2 2 0 6 500 4572 2882
6894 2 2 0 6 4572 4555 2882
6895 2 2 0 6 4572 768 4555
6896 2 2 0 6 2882 4555 1124
6897 2 2 0 6 501 4573 2884
6898 2 2 0 6 4573 4557 2884
6899 2 2 0 6 4573 769 4557
6900 2 2 0 6 2884 4557 1125
6901 2 2 0 6 621 2605 4377
6902 2 2 0 6 2605 4574 4377
6903 2 2 0 6 2605 1057 4574
6904 2 2 0 6 4377 4574 1021
6905 2 2 0 6 618 2599 4374
6906 2 2 0 6 2599 4575 4374
6907 2 2 0 6 2599 1054 4575
6908 2 2 0 6 4374 4575 1018
6909 2 2 0 6 619 2601 4375
6910 2 2 0 6 2601 4576 4375
6911 2 2 0 6 2601 1055 4576
6912 2 2 0 6 4375 4576 1019
6913 2 2 0 6 620 2603 4376
6914 2 2 0 6 2603 4577 4376
6915 2 2 0 6 2603 1056 4577
6916 2 2 0 6 4376 4577 1020
6917 2 2 0 6 450 3645 2657
6918 2 2 0 6 3645 4574 2657
6919 2 2 0 6 3645 1021 4574
6920 2 2 0 6 2657 4574 1057
6921 2 2 0 6 451 3642 2654
6922 2 2 0 6 3642 4575 2654
6923 2 2 0 6 3642 1018 4575
6924 2 2 0 6 2654 4575 1054
6925 2 2 0 6 452 3643 2655
6926 2 2 0 6 3643 4576 2655
6927 2 2 0 6 3643 1019 4576
6928 2 2 0 6 2655 4576 1055
6929 2 2 0 6 453 3644 2656
6930 2 2 0 6 3644 4577 2656
6931 2 2 0 6 3644 1020 4577
6932 2 2 0 6 2656 4577 1056
6933 2 2 0 6 438 3723 4530
6934 2 2 0 6 3723 4106 4530
6935 2 2 0 6 3723 798 4106
6936 2 2 0 6 4530 4106 1022
6937 2 2 0 6 439 3725 4532
6938 2 2 0 6 3725 4108 4532
6939 2 2 0 6 3725 799 4108
6940 2 2 0 6 4532 4108 1023
6941 2 2 0 6 440 3727 4534
6942 2 2 0 6 3727 4110 4534
6943 2 2 0 6 3727 800 4110
6944 2 2 0 6 4534 4110 1024
6945 2 2 0 6 441 3729 4536
6946 2 2 0 6 3729 4112 4536
6947 2 2 0 6 3729 801 4112
6948 2 2 0 6 4536 4112 1025
6949 2 2 0 6 105 4578 2631
6950 2 2 0 6 4578 3902 2631
6951 2 2 0 6 4578 1270 3902
6952 2 2 0 6 2631 3902 731
6953 2 2 0 6 168 4579 2632
6954 2 2 0 6 4579 3905 2632
6955 2 2 0 6 4579 1271 3905
6956 2 2 0 6 2632 3905 732
6957 2 2 0 6 231 4580 2633
6958 2 2 0 6 4580 3908 2633
6959 2 2 0 6 4580 1272 3908
6960 2 2 0 6 2633 3908 733
6961 2 2 0 6 42 4581 2630
6962 2 2 0 6 4581 3899 2630
6963 2 2 0 6 4581 1273 3899
6964 2 2 0 6 2630 3899 730
6965 2 2 0 6 302 3053 4583
6966 2 2 0 6 3053 4582 4583
6967 2 2 0 6 3053 1086 4582
6968 2 2 0 6 4583 4582 1118
6969 2 2 0 6 303 3047 4585
6970 2 2 0 6 3047 4584 4585
6971 2 2 0 6 3047 1087 4584
6972 2 2 0 6 4585 4584 1119
6973 2 2 0 6 304 3049 4587
6974 2 2 0 6 3049 4586 4587
6975 2 2 0 6 3049 1088 4586
6976 2 2 0 6 4587 4586 1120
6977 2 2 0 6 305 3051 4589
6978 2 2 0 6 3051 4588 4589
6979 2 2 0 6 3051 1089 4588
6980 2 2 0 6 4589 4588 1121
6981 2 2 0 6 306 4590 4010
6982 2 2 0 6 4590 3330 4010
6983 2 2 0 6 4590 1414 3330
6984 2 2 0 6 4010 3330 738
6985 2 2 0 6 307 4591 4012
6986 2 2 0 6 4591 3333 4012
6987 2 2 0 6 4591 1415 3333
6988 2 2 0 6 4012 3333 739
6989 2 2 0 6 308 4592 4014
6990 2 2 0 6 4592 3336 4014
6991 2 2 0 6 4592 1416 3336
6992 2 2 0 6 4014 3336 740
6993 2 2 0 6 309 4593 4016
6994 2 2 0 6 4593 3339 4016
6995 2 2 0 6 4593 1417 3339
6996 2 2 0 6 4016 3339 741
6997 2 2 0 6 546 4594 4234
6998 2 2 0 6 4594 3118 4234
6999 2 2 0 6 4594 1406 3118
7000 2 2 0 6 4234 3118 753
7001 2 2 0 6 547 4595 4236
7002 2 2 0 6 4595 3121 4236
7003 2 2 0 6 4595 1407 3121
7004 2 2 0 6 4236 3121 750
7005 2 2 0 6 548 4596 4238
7006 2 2 0 6 4596 3124 4238
7007 2 2 0 6 4596 1408 3124
7008 2 2 0 6 4238 3124 751
7009 2 2 0 6 549 4597 4240
7010 2 2 0 6 4597 3127 4240
7011 2 2 0 6 4597 1409 3127
7012 2 2 0 6 4240 3127 752
7013 2 2 0 6 43 4598 4600
7014 2 2 0 6 4598 4599 4600
7015 2 2 0 6 4598 1381 4599
7016 2 2 0 6 4600 4599 858
7017 2 2 0 6 106 4601 4603
7018 2 2 0 6 4601 4602 4603
7019 2 2 0 6 4601 1378 4602
7020 2 2 0 6 4603 4602 859
7021 2 2 0 6 169 4604 4606
7022 2 2 0 6 4604 4605 4606
7023 2 2 0 6 4604 1379 4605
7024 2 2 0 6 4606 4605 860
7025 2 2 0 6 232 4607 4609
7026 2 2 0 6 4607 4608 4609
7027 2 2 0 6 4607 1380 4608
7028 2 2 0 6 4609 4608 861
7029 2 2 0 6 378 2942 4611
7030 2 2 0 6 2942 4610 4611
7031 2 2 0 6 2942 766 4610
7032 2 2 0 6 4611 4610 1446
7033 2 2 0 6 379 2943 4613
7034 2 2 0 6 2943 4612 4613
7035 2 2 0 6 2943 767 4612
7036 2 2 0 6 4613 4612 1447
7037 2 2 0 6 380 2944 4615
7038 2 2 0 6 2944 4614 4615
7039 2 2 0 6 2944 768 4614
7040 2 2 0 6 4615 4614 1448
7041 2 2 0 6 381 2945 4617
7042 2 2 0 6 2945 4616 4617
7043 2 2 0 6 2945 769 4616
7044 2 2 0 6 4617 4616 1449
7045 2 2 0 6 106 75 4601
7046 2 2 0 6 75 4618 4601
7047 2 2 0 6 75 107 4618
7048 2 2 0 6 4601 4618 1378
7049 2 2 0 6 169 138 4604
7050 2 2 0 6 138 4619 4604
7051 2 2 0 6 138 170 4619
7052 2 2 0 6 4604 4619 1379
7053 2 2 0 6 232 201 4607
7054 2 2 0 6 201 4620 4607
7055 2 2 0 6 201 233 4620
7056 2 2 0 6 4607 4620 1380
7057 2 2 0 6 43 12 4598
7058 2 2 0 6 12 4621 4598
7059 2 2 0 6 12 44 4621
7060 2 2 0 6 4598 4621 1381
7061 2 2 0 6 634 3528 4378
7062 2 2 0 6 3528 4622 4378
7063 2 2 0 6 3528 1278 4622
7064 2 2 0 6 4378 4622 1102
7065 2 2 0 6 635 3531 4380
7066 2 2 0 6 3531 4623 4380
7067 2 2 0 6 3531 1279 4623
7068 2 2 0 6 4380 4623 1103
7069 2 2 0 6 636 3534 4382
7070 2 2 0 6 3534 4624 4382
7071 2 2 0 6 3534 1280 4624
7072 2 2 0 6 4382 4624 1104
7073 2 2 0 6 637 3537 4384
7074 2 2 0 6 3537 4625 4384
7075 2 2 0 6 3537 1281 4625
7076 2 2 0 6 4384 4625 1105
7077 2 2 0 6 382 4459 4627
7078 2 2 0 6 4459 4626 4627
7079 2 2 0 6 4459 870 4626
7080 2 2 0 6 4627 4626 1142
7081 2 2 0 6 383 4461 4629
7082 2 2 0 6 4461 4628 4629
7083 2 2 0 6 4461 871 4628
7084 2 2 0 6 4629 4628 1143
7085 2 2 0 6 384 4463 4631
7086 2 2 0 6 4463 4630 4631
7087 2 2 0 6 4463 872 4630
7088 2 2 0 6 4631 4630 1144
7089 2 2 0 6 385 4465 4633
7090 2 2 0 6 4465 4632 4633
7091 2 2 0 6 4465 873 4632
7092 2 2 0 6 4633 4632 1145
7093 2 2 0 6 510 4634 4635
7094 2 2 0 6 4634 4626 4635
7095 2 2 0 6 4634 1142 4626
7096 2 2 0 6 4635 4626 870
7097 2 2 0 6 511 4636 4637
7098 2 2 0 6 4636 4628 4637
7099 2 2 0 6 4636 1143 4628
7100 2 2 0 6 4637 4628 871
7101 2 2 0 6 512 4638 4639
7102 2 2 0 6 4638 4630 4639
7103 2 2 0 6 4638 1144 4630
7104 2 2 0 6 4639 4630 872
7105 2 2 0 6 513 4640 4641
7106 2 2 0 6 4640 4632 4641
7107 2 2 0 6 4640 1145 4632
7108 2 2 0 6 4641 4632 873
7109 2 2 0 6 406 4558 4642
7110 2 2 0 6 4558 4331 4642
7111 2 2 0 6 4558 971 4331
7112 2 2 0 6 4642 4331 1418
7113 2 2 0 6 407 4559 4643
7114 2 2 0 6 4559 4332 4643
7115 2 2 0 6 4559 972 4332
7116 2 2 0 6 4643 4332 1419
7117 2 2 0 6 408 4560 4644
7118 2 2 0 6 4560 4330 4644
7119 2 2 0 6 4560 970 4330
7120 2 2 0 6 4644 4330 1420
7121 2 2 0 6 409 4561 4645
7122 2 2 0 6 4561 4333 4645
7123 2 2 0 6 4561 973 4333
7124 2 2 0 6 4645 4333 1421
7125 2 2 0 6 534 3465 4647
7126 2 2 0 6 3465 4646 4647
7127 2 2 0 6 3465 997 4646
7128 2 2 0 6 4647 4646 1117
7129 2 2 0 6 535 3462 4649
7130 2 2 0 6 3462 4648 4649
7131 2 2 0 6 3462 994 4648
7132 2 2 0 6 4649 4648 1114
7133 2 2 0 6 536 3463 4651
7134 2 2 0 6 3463 4650 4651
7135 2 2 0 6 3463 995 4650
7136 2 2 0 6 4651 4650 1115
7137 2 2 0 6 537 3464 4653
7138 2 2 0 6 3464 4652 4653
7139 2 2 0 6 3464 996 4652
7140 2 2 0 6 4653 4652 1116
7141 2 2 0 6 833 4363 4655
7142 2 2 0 6 4363 4654 4655
7143 2 2 0 6 4363 1309 4654
7144 2 2 0 6 4655 4654 1221
7145 2 2 0 6 830 4366 4657
7146 2 2 0 6 4366 4656 4657
7147 2 2 0 6 4366 1306 4656
7148 2 2 0 6 4657 4656 1218
7149 2 2 0 6 831 4369 4659
7150 2 2 0 6 4369 4658 4659
7151 2 2 0 6 4369 1307 4658
7152 2 2 0 6 4659 4658 1219
7153 2 2 0 6 832 4372 4661
7154 2 2 0 6 4372 4660 4661
7155 2 2 0 6 4372 1308 4660
7156 2 2 0 6 4661 4660 1220
7157 2 2 0 6 108 3965 76
7158 2 2 0 6 3965 4662 76
7159 2 2 0 6 3965 1030 4662
7160 2 2 0 6 76 4662 107
7161 2 2 0 6 171 3967 139
7162 2 2 0 6 3967 4663 139
7163 2 2 0 6 3967 1031 4663
7164 2 2 0 6 139 4663 170
7165 2 2 0 6 234 3969 202
7166 2 2 0 6 3969 4664 202
7167 2 2 0 6 3969 1032 4664
7168 2 2 0 6 202 4664 233
7169 2 2 0 6 45 3963 13
7170 2 2 0 6 3963 4665 13
7171 2 2 0 6 3963 1033 4665
7172 2 2 0 6 13 4665 44
7173 2 2 0 6 63 32 4666
7174 2 2 0 6 32 2727 4666
7175 2 2 0 6 32 64 2727
7176 2 2 0 6 4666 2727 1187
7177 2 2 0 6 126 95 4667
7178 2 2 0 6 95 2728 4667
7179 2 2 0 6 95 127 2728
7180 2 2 0 6 4667 2728 1188
7181 2 2 0 6 189 158 4668
7182 2 2 0 6 158 2729 4668
7183 2 2 0 6 158 190 2729
7184 2 2 0 6 4668 2729 1189
7185 2 2 0 6 252 221 4669
7186 2 2 0 6 221 2726 4669
7187 2 2 0 6 221 253 2726
7188 2 2 0 6 4669 2726 1186
7189 2 2 0 6 39 4670 7
7190 2 2 0 6 4670 2718 7
7191 2 2 0 6 4670 1190 2718
7192 2 2 0 6 7 2718 38
7193 2 2 0 6 102 4671 70
7194 2 2 0 6 4671 2720 70
7195 2 2 0 6 4671 1191 2720
7196 2 2 0 6 70 2720 101
7197 2 2 0 6 165 4672 133
7198 2 2 0 6 4672 2722 133
7199 2 2 0 6 4672 1192 2722
7200 2 2 0 6 133 2722 164
7201 2 2 0 6 228 4673 196
7202 2 2 0 6 4673 2724 196
7203 2 2 0 6 4673 1193 2724
7204 2 2 0 6 196 2724 227
7205 2 2 0 6 317 4674 2346
7206 2 2 0 6 4674 4285 2346
7207 2 2 0 6 4674 997 4285
7208 2 2 0 6 2346 4285 886
7209 2 2 0 6 314 4675 2348
7210 2 2 0 6 4675 4282 2348
7211 2 2 0 6 4675 994 4282
7212 2 2 0 6 2348 4282 887
7213 2 2 0 6 315 4676 2350
7214 2 2 0 6 4676 4283 2350
7215 2 2 0 6 4676 995 4283
7216 2 2 0 6 2350 4283 888
7217 2 2 0 6 316 4677 2352
7218 2 2 0 6 4677 4284 2352
7219 2 2 0 6 4677 996 4284
7220 2 2 0 6 2352 4284 889
7221 2 2 0 6 538 4035 4679
7222 2 2 0 6 4035 4678 4679
7223 2 2 0 6 4035 1314 4678
7224 2 2 0 6 4679 4678 1034
7225 2 2 0 6 539 4037 4681
7226 2 2 0 6 4037 4680 4681
7227 2 2 0 6 4037 1315 4680
7228 2 2 0 6 4681 4680 1035
7229 2 2 0 6 540 4039 4683
7230 2 2 0 6 4039 4682 4683
7231 2 2 0 6 4039 1316 4682
7232 2 2 0 6 4683 4682 1036
7233 2 2 0 6 541 4041 4685
7234 2 2 0 6 4041 4684 4685
7235 2 2 0 6 4041 1317 4684
7236 2 2 0 6 4685 4684 1037
7237 2 2 0 6 282 4394 4687
7238 2 2 0 6 4394 4686 4687
7239 2 2 0 6 4394 1358 4686
7240 2 2 0 6 4687 4686 878
7241 2 2 0 6 283 4395 4689
7242 2 2 0 6 4395 4688 4689
7243 2 2 0 6 4395 1359 4688
7244 2 2 0 6 4689 4688 879
7245 2 2 0 6 284 4396 4691
7246 2 2 0 6 4396 4690 4691
7247 2 2 0 6 4396 1360 4690
7248 2 2 0 6 4691 4690 880
7249 2 2 0 6 285 4397 4693
7250 2 2 0 6 4397 4692 4693
7251 2 2 0 6 4397 1361 4692
7252 2 2 0 6 4693 4692 881
7253 2 2 0 6 562 3499 3656
7254 2 2 0 6 3499 4686 3656
7255 2 2 0 6 3499 878 4686
7256 2 2 0 6 3656 4686 1358
7257 2 2 0 6 563 3501 3658
7258 2 2 0 6 3501 4688 3658
7259 2 2 0 6 3501 879 4688
7260 2 2 0 6 3658 4688 1359
7261 2 2 0 6 564 3503 3654
7262 2 2 0 6 3503 4690 3654
7263 2 2 0 6 3503 880 4690
7264 2 2 0 6 3654 4690 1360
7265 2 2 0 6 565 3505 3660
7266 2 2 0 6 3505 4692 3660
7267 2 2 0 6 3505 881 4692
7268 2 2 0 6 3660 4692 1361
7269 2 2 0 6 483 4694 2280
7270 2 2 0 6 4694 4695 2280
7271 2 2 0 6 4694 1366 4695
7272 2 2 0 6 2280 4695 770
7273 2 2 0 6 484 4696 2282
7274 2 2 0 6 4696 4697 2282
7275 2 2 0 6 4696 1367 4697
7276 2 2 0 6 2282 4697 771
7277 2 2 0 6 485 4698 2284
7278 2 2 0 6 4698 4699 2284
7279 2 2 0 6 4698 1368 4699
7280 2 2 0 6 2284 4699 772
7281 2 2 0 6 482 4700 2278
7282 2 2 0 6 4700 4701 2278
7283 2 2 0 6 4700 1369 4701
7284 2 2 0 6 2278 4701 773
7285 2 2 0 6 429 4275 4703
7286 2 2 0 6 4275 4702 4703
7287 2 2 0 6 4275 1197 4702
7288 2 2 0 6 4703 4702 1393
7289 2 2 0 6 426 4277 4705
7290 2 2 0 6 4277 4704 4705
7291 2 2 0 6 4277 1194 4704
7292 2 2 0 6 4705 4704 1390
7293 2 2 0 6 427 4279 4707
7294 2 2 0 6 4279 4706 4707
7295 2 2 0 6 4279 1195 4706
7296 2 2 0 6 4707 4706 1391
7297 2 2 0 6 428 4281 4709
7298 2 2 0 6 4281 4708 4709
7299 2 2 0 6 4281 1196 4708
7300 2 2 0 6 4709 4708 1392
7301 2 2 0 6 390 3795 4710
7302 2 2 0 6 3795 3546 4710
7303 2 2 0 6 3795 1222 3546
7304 2 2 0 6 4710 3546 774
7305 2 2 0 6 391 3797 4711
7306 2 2 0 6 3797 3548 4711
7307 2 2 0 6 3797 1223 3548
7308 2 2 0 6 4711 3548 775
7309 2 2 0 6 392 3799 4712
7310 2 2 0 6 3799 3550 4712
7311 2 2 0 6 3799 1224 3550
7312 2 2 0 6 4712 3550 776
7313 2 2 0 6 393 3801 4713
7314 2 2 0 6 3801 3552 4713
7315 2 2 0 6 3801 1225 3552
7316 2 2 0 6 4713 3552 777
7317 2 2 0 6 546 4714 4715
7318 2 2 0 6 4714 4582 4715
7319 2 2 0 6 4714 1118 4582
7320 2 2 0 6 4715 4582 1086
7321 2 2 0 6 547 4716 4717
7322 2 2 0 6 4716 4584 4717
7323 2 2 0 6 4716 1119 4584
7324 2 2 0 6 4717 4584 1087
7325 2 2 0 6 548 4718 4719
7326 2 2 0 6 4718 4586 4719
7327 2 2 0 6 4718 1120 4586
7328 2 2 0 6 4719 4586 1088
7329 2 2 0 6 549 4720 4721
7330 2 2 0 6 4720 4588 4721
7331 2 2 0 6 4720 1121 4588
7332 2 2 0 6 4721 4588 1089
7333 2 2 0 6 662 3240 2534
7334 2 2 0 6 3240 4722 2534
7335 2 2 0 6 3240 976 4722
7336 2 2 0 6 2534 4722 1420
7337 2 2 0 6 663 3243 2536
7338 2 2 0 6 3243 4723 2536
7339 2 2 0 6 3243 974 4723
7340 2 2 0 6 2536 4723 1418
7341 2 2 0 6 664 3246 2538
7342 2 2 0 6 3246 4724 2538
7343 2 2 0 6 3246 975 4724
7344 2 2 0 6 2538 4724 1419
7345 2 2 0 6 665 3249 2540
7346 2 2 0 6 3249 4725 2540
7347 2 2 0 6 3249 977 4725
7348 2 2 0 6 2540 4725 1421
7349 2 2 0 6 406 4642 4726
7350 2 2 0 6 4642 4723 4726
7351 2 2 0 6 4642 1418 4723
7352 2 2 0 6 4726 4723 974
7353 2 2 0 6 407 4643 4727
7354 2 2 0 6 4643 4724 4727
7355 2 2 0 6 4643 1419 4724
7356 2 2 0 6 4727 4724 975
7357 2 2 0 6 408 4644 4728
7358 2 2 0 6 4644 4722 4728
7359 2 2 0 6 4644 1420 4722
7360 2 2 0 6 4728 4722 976
7361 2 2 0 6 409 4645 4729
7362 2 2 0 6 4645 4725 4729
7363 2 2 0 6 4645 1421 4725
7364 2 2 0 6 4729 4725 977
7365 2 2 0 6 498 4730 4570
7366 2 2 0 6 4730 4610 4570
7367 2 2 0 6 4730 1446 4610
7368 2 2 0 6 4570 4610 766
7369 2 2 0 6 499 4731 4571
7370 2 2 0 6 4731 4612 4571
7371 2 2 0 6 4731 1447 4612
7372 2 2 0 6 4571 4612 767
7373 2 2 0 6 500 4732 4572
7374 2 2 0 6 4732 4614 4572
7375 2 2 0 6 4732 1448 4614
7376 2 2 0 6 4572 4614 768
7377 2 2 0 6 501 4733 4573
7378 2 2 0 6 4733 4616 4573
7379 2 2 0 6 4733 1449 4616
7380 2 2 0 6 4573 4616 769
7381 2 2 0 6 354 2079 4734
7382 2 2 0 6 2079 4622 4734
7383 2 2 0 6 2079 1102 4622
7384 2 2 0 6 4734 4622 1278
7385 2 2 0 6 355 2081 4735
7386 2 2 0 6 2081 4623 4735
7387 2 2 0 6 2081 1103 4623
7388 2 2 0 6 4735 4623 1279
7389 2 2 0 6 356 2083 4736
7390 2 2 0 6 2083 4624 4736
7391 2 2 0 6 2083 1104 4624
7392 2 2 0 6 4736 4624 1280
7393 2 2 0 6 357 2085 4737
7394 2 2 0 6 2085 4625 4737
7395 2 2 0 6 2085 1105 4625
7396 2 2 0 6 4737 4625 1281
7397 2 2 0 6 458 3987 4468
7398 2 2 0 6 3987 4738 4468
7399 2 2 0 6 3987 987 4738
7400 2 2 0 6 4468 4738 1138
7401 2 2 0 6 459 3989 4470
7402 2 2 0 6 3989 4739 4470
7403 2 2 0 6 3989 988 4739
7404 2 2 0 6 4470 4739 1139
7405 2 2 0 6 460 3991 4472
7406 2 2 0 6 3991 4740 4472
7407 2 2 0 6 3991 989 4740
7408 2 2 0 6 4472 4740 1140
7409 2 2 0 6 461 3993 4466
7410 2 2 0 6 3993 4741 4466
7411 2 2 0 6 3993 986 4741
7412 2 2 0 6 4466 4741 1141
7413 2 2 0 6 286 4387 1906
7414 2 2 0 6 4387 4742 1906
7415 2 2 0 6 4387 1110 4742
7416 2 2 0 6 1906 4742 870
7417 2 2 0 6 287 4389 1909
7418 2 2 0 6 4389 4743 1909
7419 2 2 0 6 4389 1111 4743
7420 2 2 0 6 1909 4743 871
7421 2 2 0 6 288 4391 1912
7422 2 2 0 6 4391 4744 1912
7423 2 2 0 6 4391 1112 4744
7424 2 2 0 6 1912 4744 872
7425 2 2 0 6 289 4393 1915
7426 2 2 0 6 4393 4745 1915
7427 2 2 0 6 4393 1113 4745
7428 2 2 0 6 1915 4745 873
7429 2 2 0 6 510 4635 4746
7430 2 2 0 6 4635 4742 4746
7431 2 2 0 6 4635 870 4742
7432 2 2 0 6 4746 4742 1110
7433 2 2 0 6 511 4637 4747
7434 2 2 0 6 4637 4743 4747
7435 2 2 0 6 4637 871 4743
7436 2 2 0 6 4747 4743 1111
7437 2 2 0 6 512 4639 4748
7438 2 2 0 6 4639 4744 4748
7439 2 2 0 6 4639 872 4744
7440 2 2 0 6 4748 4744 1112
7441 2 2 0 6 513 4641 4749
7442 2 2 0 6 4641 4745 4749
7443 2 2 0 6 4641 873 4745
7444 2 2 0 6 4749 4745 1113
7445 2 2 0 6 1034 4678 4751
7446 2 2 0 6 4678 4750 4751
7447 2 2 0 6 4678 1314 4750
7448 2 2 0 6 4751 4750 1486
7449 2 2 0 6 1035 4680 4753
7450 2 2 0 6 4680 4752 4753
7451 2 2 0 6 4680 1315 4752
7452 2 2 0 6 4753 4752 1487
7453 2 2 0 6 1036 4682 4755
7454 2 2 0 6 4682 4754 4755
7455 2 2 0 6 4682 1316 4754
7456 2 2 0 6 4755 4754 1488
7457 2 2 0 6 1037 4684 4757
7458 2 2 0 6 4684 4756 4757
7459 2 2 0 6 4684 1317 4756
7460 2 2 0 6 4757 4756 1489
7461 2 2 0 6 349 4758 3342
7462 2 2 0 6 4758 2279 3342
7463 2 2 0 6 4758 1230 2279
7464 2 2 0 6 3342 2279 773
7465 2 2 0 6 346 4759 3344
7466 2 2 0 6 4759 2281 3344
7467 2 2 0 6 4759 1231 2281
7468 2 2 0 6 3344 2281 770
7469 2 2 0 6 347 4760 3346
7470 2 2 0 6 4760 2283 3346
7471 2 2 0 6 4760 1232 2283
7472 2 2 0 6 3346 2283 771
7473 2 2 0 6 348 4761 3348
7474 2 2 0 6 4761 2285 3348
7475 2 2 0 6 4761 1233 2285
7476 2 2 0 6 3348 2285 772
7477 2 2 0 6 57 4153 25
7478 2 2 0 6 4153 4762 25
7479 2 2 0 6 4153 1430 4762
7480 2 2 0 6 25 4762 56
7481 2 2 0 6 120 4155 88
7482 2 2 0 6 4155 4763 88
7483 2 2 0 6 4155 1431 4763
7484 2 2 0 6 88 4763 119
7485 2 2 0 6 183 4157 151
7486 2 2 0 6 4157 4764 151
7487 2 2 0 6 4157 1432 4764
7488 2 2 0 6 151 4764 182
7489 2 2 0 6 246 4151 214
7490 2 2 0 6 4151 4765 214
7491 2 2 0 6 4151 1433 4765
7492 2 2 0 6 214 4765 245
7493 2 2 0 6 469 1851 4766
7494 2 2 0 6 1851 3953 4766
7495 2 2 0 6 1851 781 3953
7496 2 2 0 6 4766 3953 1341
7497 2 2 0 6 466 1853 4767
7498 2 2 0 6 1853 3947 4767
7499 2 2 0 6 1853 778 3947
7500 2 2 0 6 4767 3947 1338
7501 2 2 0 6 467 1855 4768
7502 2 2 0 6 1855 3949 4768
7503 2 2 0 6 1855 779 3949
7504 2 2 0 6 4768 3949 1339
7505 2 2 0 6 468 1857 4769
7506 2 2 0 6 1857 3951 4769
7507 2 2 0 6 1857 780 3951
7508 2 2 0 6 4769 3951 1340
7509 2 2 0 6 666 3183 3578
7510 2 2 0 6 3183 4770 3578
7511 2 2 0 6 3183 983 4770
7512 2 2 0 6 3578 4770 1239
7513 2 2 0 6 667 3185 3580
7514 2 2 0 6 3185 4771 3580
7515 2 2 0 6 3185 984 4771
7516 2 2 0 6 3580 4771 1240
7517 2 2 0 6 668 3187 3582
7518 2 2 0 6 3187 4772 3582
7519 2 2 0 6 3187 985 4772
7520 2 2 0 6 3582 4772 1241
7521 2 2 0 6 669 3189 3584
7522 2 2 0 6 3189 4773 3584
7523 2 2 0 6 3189 982 4773
7524 2 2 0 6 3584 4773 1238
7525 2 2 0 6 571 4088 4775
7526 2 2 0 6 4088 4774 4775
7527 2 2 0 6 4088 895 4774
7528 2 2 0 6 4775 4774 1335
7529 2 2 0 6 572 4091 4777
7530 2 2 0 6 4091 4776 4777
7531 2 2 0 6 4091 896 4776
7532 2 2 0 6 4777 4776 1336
7533 2 2 0 6 573 4094 4779
7534 2 2 0 6 4094 4778 4779
7535 2 2 0 6 4094 897 4778
7536 2 2 0 6 4779 4778 1337
7537 2 2 0 6 570 4097 4781
7538 2 2 0 6 4097 4780 4781
7539 2 2 0 6 4097 894 4780
7540 2 2 0 6 4781 4780 1334
7541 2 2 0 6 290 4267 4782
7542 2 2 0 6 4267 4343 4782
7543 2 2 0 6 4267 802 4343
7544 2 2 0 6 4782 4343 1130
7545 2 2 0 6 291 4269 4783
7546 2 2 0 6 4269 4345 4783
7547 2 2 0 6 4269 803 4345
7548 2 2 0 6 4783 4345 1131
7549 2 2 0 6 292 4271 4784
7550 2 2 0 6 4271 4347 4784
7551 2 2 0 6 4271 804 4347
7552 2 2 0 6 4784 4347 1132
7553 2 2 0 6 293 4273 4785
7554 2 2 0 6 4273 4349 4785
7555 2 2 0 6 4273 805 4349
7556 2 2 0 6 4785 4349 1133
7557 2 2 0 6 390 4710 4365
7558 2 2 0 6 4710 3785 4365
7559 2 2 0 6 4710 774 3785
7560 2 2 0 6 4365 3785 1306
7561 2 2 0 6 391 4711 4368
7562 2 2 0 6 4711 3787 4368
7563 2 2 0 6 4711 775 3787
7564 2 2 0 6 4368 3787 1307
7565 2 2 0 6 392 4712 4371
7566 2 2 0 6 4712 3789 4371
7567 2 2 0 6 4712 776 3789
7568 2 2 0 6 4371 3789 1308
7569 2 2 0 6 393 4713 4362
7570 2 2 0 6 4713 3783 4362
7571 2 2 0 6 4713 777 3783
7572 2 2 0 6 4362 3783 1309
7573 2 2 0 6 313 2160 4445
7574 2 2 0 6 2160 4786 4445
7575 2 2 0 6 2160 814 4786
7576 2 2 0 6 4445 4786 1094
7577 2 2 0 6 310 2163 4442
7578 2 2 0 6 2163 4787 4442
7579 2 2 0 6 2163 815 4787
7580 2 2 0 6 4442 4787 1095
7581 2 2 0 6 311 2166 4443
7582 2 2 0 6 2166 4788 4443
7583 2 2 0 6 2166 816 4788
7584 2 2 0 6 4443 4788 1096
7585 2 2 0 6 312 2169 4444
7586 2 2 0 6 2169 4789 4444
7587 2 2 0 6 2169 817 4789
7588 2 2 0 6 4444 4789 1097
7589 2 2 0 6 574 3923 4791
7590 2 2 0 6 3923 4790 4791
7591 2 2 0 6 3923 1154 4790
7592 2 2 0 6 4791 4790 1035
7593 2 2 0 6 575 3925 4793
7594 2 2 0 6 3925 4792 4793
7595 2 2 0 6 3925 1155 4792
7596 2 2 0 6 4793 4792 1036
7597 2 2 0 6 576 3927 4795
7598 2 2 0 6 3927 4794 4795
7599 2 2 0 6 3927 1157 4794
7600 2 2 0 6 4795 4794 1037
7601 2 2 0 6 577 3929 4797
7602 2 2 0 6 3929 4796 4797
7603 2 2 0 6 3929 1156 4796
7604 2 2 0 6 4797 4796 1034
7605 2 2 0 6 362 4798 1598
7606 2 2 0 6 4798 4796 1598
7607 2 2 0 6 4798 1034 4796
7608 2 2 0 6 1598 4796 1156
7609 2 2 0 6 363 4799 1600
7610 2 2 0 6 4799 4790 1600
7611 2 2 0 6 4799 1035 4790
7612 2 2 0 6 1600 4790 1154
7613 2 2 0 6 364 4800 1602
7614 2 2 0 6 4800 4792 1602
7615 2 2 0 6 4800 1036 4792
7616 2 2 0 6 1602 4792 1155
7617 2 2 0 6 365 4801 1604
7618 2 2 0 6 4801 4794 1604
7619 2 2 0 6 4801 1037 4794
7620 2 2 0 6 1604 4794 1157
7621 2 2 0 6 434 3452 3710
7622 2 2 0 6 3452 4246 3710
7623 2 2 0 6 3452 1126 4246
7624 2 2 0 6 3710 4246 798
7625 2 2 0 6 435 3455 3713
7626 2 2 0 6 3455 4247 3713
7627 2 2 0 6 3455 1127 4247
7628 2 2 0 6 3713 4247 799
7629 2 2 0 6 436 3458 3716
7630 2 2 0 6 3458 4248 3716
7631 2 2 0 6 3458 1128 4248
7632 2 2 0 6 3716 4248 800
7633 2 2 0 6 437 3461 3719
7634 2 2 0 6 3461 4249 3719
7635 2 2 0 6 3461 1129 4249
7636 2 2 0 6 3719 4249 801
7637 2 2 0 6 822 4502 4803
7638 2 2 0 6 4502 4802 4803
7639 2 2 0 6 4502 1146 4802
7640 2 2 0 6 4803 4802 1434
7641 2 2 0 6 823 4503 4805
7642 2 2 0 6 4503 4804 4805
7643 2 2 0 6 4503 1147 4804
7644 2 2 0 6 4805 4804 1435
7645 2 2 0 6 824 4504 4807
7646 2 2 0 6 4504 4806 4807
7647 2 2 0 6 4504 1148 4806
7648 2 2 0 6 4807 4806 1436
7649 2 2 0 6 825 4505 4809
7650 2 2 0 6 4505 4808 4809
7651 2 2 0 6 4505 1149 4808
7652 2 2 0 6 4809 4808 1437
7653 2 2 0 6 386 4810 3266
7654 2 2 0 6 4810 4811 3266
7655 2 2 0 6 4810 1311 4811
7656 2 2 0 6 3266 4811 1003
7657 2 2 0 6 387 4812 3268
7658 2 2 0 6 4812 4813 3268
7659 2 2 0 6 4812 1312 4813
7660 2 2 0 6 3268 4813 1004
7661 2 2 0 6 388 4814 3270
7662 2 2 0 6 4814 4815 3270
7663 2 2 0 6 4814 1313 4815
7664 2 2 0 6 3270 4815 1005
7665 2 2 0 6 389 4816 3272
7666 2 2 0 6 4816 4817 3272
7667 2 2 0 6 4816 1310 4817
7668 2 2 0 6 3272 4817 1002
7669 2 2 0 6 361 4818 4148
7670 2 2 0 6 4818 4819 4148
7671 2 2 0 6 4818 1261 4819
7672 2 2 0 6 4148 4819 1329
7673 2 2 0 6 358 4820 4142
7674 2 2 0 6 4820 4821 4142
7675 2 2 0 6 4820 1258 4821
7676 2 2 0 6 4142 4821 1326
7677 2 2 0 6 359 4822 4144
7678 2 2 0 6 4822 4823 4144
7679 2 2 0 6 4822 1259 4823
7680 2 2 0 6 4144 4823 1327
7681 2 2 0 6 360 4824 4146
7682 2 2 0 6 4824 4825 4146
7683 2 2 0 6 4824 1260 4825
7684 2 2 0 6 4146 4825 1328
7685 2 2 0 6 103 4826 4486
7686 2 2 0 6 4826 4071 4486
7687 2 2 0 6 4826 1383 4071
7688 2 2 0 6 4486 4071 919
7689 2 2 0 6 166 4827 4488
7690 2 2 0 6 4827 4072 4488
7691 2 2 0 6 4827 1384 4072
7692 2 2 0 6 4488 4072 920
7693 2 2 0 6 229 4828 4490
7694 2 2 0 6 4828 4073 4490
7695 2 2 0 6 4828 1385 4073
7696 2 2 0 6 4490 4073 921
7697 2 2 0 6 40 4829 4492
7698 2 2 0 6 4829 4070 4492
7699 2 2 0 6 4829 1382 4070
7700 2 2 0 6 4492 4070 918
7701 2 2 0 6 62 4495 4830
7702 2 2 0 6 4495 4074 4830
7703 2 2 0 6 4495 922 4074
7704 2 2 0 6 4830 4074 1387
7705 2 2 0 6 125 4497 4831
7706 2 2 0 6 4497 4075 4831
7707 2 2 0 6 4497 923 4075
7708 2 2 0 6 4831 4075 1388
7709 2 2 0 6 188 4499 4832
7710 2 2 0 6 4499 4076 4832
7711 2 2 0 6 4499 924 4076
7712 2 2 0 6 4832 4076 1389
7713 2 2 0 6 251 4501 4833
7714 2 2 0 6 4501 4077 4833
7715 2 2 0 6 4501 925 4077
7716 2 2 0 6 4833 4077 1386
7717 2 2 0 6 477 2411 2286
7718 2 2 0 6 2411 4834 2286
7719 2 2 0 6 2411 1170 4834
7720 2 2 0 6 2286 4834 829
7721 2 2 0 6 474 2413 2289
7722 2 2 0 6 2413 4835 2289
7723 2 2 0 6 2413 1171 4835
7724 2 2 0 6 2289 4835 826
7725 2 2 0 6 475 2415 2292
7726 2 2 0 6 2415 4836 2292
7727 2 2 0 6 2415 1172 4836
7728 2 2 0 6 2292 4836 827
7729 2 2 0 6 476 2417 2295
7730 2 2 0 6 2417 4837 2295
7731 2 2 0 6 2417 1173 4837
7732 2 2 0 6 2295 4837 828
7733 2 2 0 6 326 1716 3970
7734 2 2 0 6 1716 4482 3970
7735 2 2 0 6 1716 790 4482
7736 2 2 0 6 3970 4482 1178
7737 2 2 0 6 327 1719 3972
7738 2 2 0 6 1719 4483 3972
7739 2 2 0 6 1719 791 4483
7740 2 2 0 6 3972 4483 1179
7741 2 2 0 6 328 1722 3974
7742 2 2 0 6 1722 4484 3974
7743 2 2 0 6 1722 792 4484
7744 2 2 0 6 3974 4484 1180
7745 2 2 0 6 329 1725 3976
7746 2 2 0 6 1725 4485 3976
7747 2 2 0 6 1725 793 4485
7748 2 2 0 6 3976 4485 1181
7749 2 2 0 6 595 3635 1887
7750 2 2 0 6 3635 4838 1887
7751 2 2 0 6 3635 1167 4838
7752 2 2 0 6 1887 4838 806
7753 2 2 0 6 596 3638 1890
7754 2 2 0 6 3638 4839 1890
7755 2 2 0 6 3638 1168 4839
7756 2 2 0 6 1890 4839 807
7757 2 2 0 6 597 3641 1893
7758 2 2 0 6 3641 4840 1893
7759 2 2 0 6 3641 1169 4840
7760 2 2 0 6 1893 4840 808
7761 2 2 0 6 594 3632 1896
7762 2 2 0 6 3632 4841 1896
7763 2 2 0 6 3632 1166 4841
7764 2 2 0 6 1896 4841 809
7765 2 2 0 6 59 28 4454
7766 2 2 0 6 28 4411 4454
7767 2 2 0 6 28 60 4411
7768 2 2 0 6 4454 4411 1098
7769 2 2 0 6 122 91 4455
7770 2 2 0 6 91 4412 4455
7771 2 2 0 6 91 123 4412
7772 2 2 0 6 4455 4412 1099
7773 2 2 0 6 185 154 4456
7774 2 2 0 6 154 4413 4456
7775 2 2 0 6 154 186 4413
7776 2 2 0 6 4456 4413 1100
7777 2 2 0 6 248 217 4457
7778 2 2 0 6 217 4410 4457
7779 2 2 0 6 217 249 4410
7780 2 2 0 6 4457 4410 1101
7781 2 2 0 6 521 4309 4843
7782 2 2 0 6 4309 4842 4843
7783 2 2 0 6 4309 782 4842
7784 2 2 0 6 4843 4842 1465
7785 2 2 0 6 518 4303 4845
7786 2 2 0 6 4303 4844 4845
7787 2 2 0 6 4303 783 4844
7788 2 2 0 6 4845 4844 1462
7789 2 2 0 6 519 4305 4847
7790 2 2 0 6 4305 4846 4847
7791 2 2 0 6 4305 784 4846
7792 2 2 0 6 4847 4846 1463
7793 2 2 0 6 520 4307 4849
7794 2 2 0 6 4307 4848 4849
7795 2 2 0 6 4307 785 4848
7796 2 2 0 6 4849 4848 1464
7797 2 2 0 6 815 4523 4787
7798 2 2 0 6 4523 4850 4787
7799 2 2 0 6 4523 1366 4850
7800 2 2 0 6 4787 4850 1095
7801 2 2 0 6 816 4525 4788
7802 2 2 0 6 4525 4851 4788
7803 2 2 0 6 4525 1367 4851
7804 2 2 0 6 4788 4851 1096
7805 2 2 0 6 817 4527 4789
7806 2 2 0 6 4527 4852 4789
7807 2 2 0 6 4527 1368 4852
7808 2 2 0 6 4789 4852 1097
7809 2 2 0 6 814 4529 4786
7810 2 2 0 6 4529 4853 4786
7811 2 2 0 6 4529 1369 4853
7812 2 2 0 6 4786 4853 1094
7813 2 2 0 6 398 1807 3398
7814 2 2 0 6 1807 4854 3398
7815 2 2 0 6 1807 846 4854
7816 2 2 0 6 3398 4854 1398
7817 2 2 0 6 399 1809 3400
7818 2 2 0 6 1809 4855 3400
7819 2 2 0 6 1809 847 4855
7820 2 2 0 6 3400 4855 1399
7821 2 2 0 6 400 1811 3402
7822 2 2 0 6 1811 4856 3402
7823 2 2 0 6 1811 848 4856
7824 2 2 0 6 3402 4856 1400
7825 2 2 0 6 401 1813 3404
7826 2 2 0 6 1813 4857 3404
7827 2 2 0 6 1813 849 4857
7828 2 2 0 6 3404 4857 1401
7829 2 2 0 6 322 4858 4860
7830 2 2 0 6 4858 4859 4860
7831 2 2 0 6 4858 1346 4859
7832 2 2 0 6 4860 4859 1162
7833 2 2 0 6 323 4861 4863
7834 2 2 0 6 4861 4862 4863
7835 2 2 0 6 4861 1347 4862
7836 2 2 0 6 4863 4862 1163
7837 2 2 0 6 324 4864 4866
7838 2 2 0 6 4864 4865 4866
7839 2 2 0 6 4864 1348 4865
7840 2 2 0 6 4866 4865 1164
7841 2 2 0 6 325 4867 4869
7842 2 2 0 6 4867 4868 4869
7843 2 2 0 6 4867 1349 4868
7844 2 2 0 6 4869 4868 1165
7845 2 2 0 6 694 1588 4430
7846 2 2 0 6 1588 4859 4430
7847 2 2 0 6 1588 1162 4859
7848 2 2 0 6 4430 4859 1346
7849 2 2 0 6 695 1591 4433
7850 2 2 0 6 1591 4862 4433
7851 2 2 0 6 1591 1163 4862
7852 2 2 0 6 4433 4862 1347
7853 2 2 0 6 696 1594 4436
7854 2 2 0 6 1594 4865 4436
7855 2 2 0 6 1594 1164 4865
7856 2 2 0 6 4436 4865 1348
7857 2 2 0 6 697 1597 4439
7858 2 2 0 6 1597 4868 4439
7859 2 2 0 6 1597 1165 4868
7860 2 2 0 6 4439 4868 1349
7861 2 2 0 6 705 3999 4870
7862 2 2 0 6 3999 4819 4870
7863 2 2 0 6 3999 1329 4819
7864 2 2 0 6 4870 4819 1261
7865 2 2 0 6 702 4001 4871
7866 2 2 0 6 4001 4821 4871
7867 2 2 0 6 4001 1326 4821
7868 2 2 0 6 4871 4821 1258
7869 2 2 0 6 703 4003 4872
7870 2 2 0 6 4003 4823 4872
7871 2 2 0 6 4003 1327 4823
7872 2 2 0 6 4872 4823 1259
7873 2 2 0 6 704 4005 4873
7874 2 2 0 6 4005 4825 4873
7875 2 2 0 6 4005 1328 4825
7876 2 2 0 6 4873 4825 1260
7877 2 2 0 6 302 4583 2983
7878 2 2 0 6 4583 4452 2983
7879 2 2 0 6 4583 1118 4452
7880 2 2 0 6 2983 4452 882
7881 2 2 0 6 303 4585 2974
7882 2 2 0 6 4585 4446 2974
7883 2 2 0 6 4585 1119 4446
7884 2 2 0 6 2974 4446 883
7885 2 2 0 6 304 4587 2977
7886 2 2 0 6 4587 4448 2977
7887 2 2 0 6 4587 1120 4448
7888 2 2 0 6 2977 4448 884
7889 2 2 0 6 305 4589 2980
7890 2 2 0 6 4589 4450 2980
7891 2 2 0 6 4589 1121 4450
7892 2 2 0 6 2980 4450 885
7893 2 2 0 6 266 4874 3202
7894 2 2 0 6 4874 4274 3202
7895 2 2 0 6 4874 1197 4274
7896 2 2 0 6 3202 4274 845
7897 2 2 0 6 267 4875 3204
7898 2 2 0 6 4875 4276 3204
7899 2 2 0 6 4875 1194 4276
7900 2 2 0 6 3204 4276 842
7901 2 2 0 6 268 4876 3206
7902 2 2 0 6 4876 4278 3206
7903 2 2 0 6 4876 1195 4278
7904 2 2 0 6 3206 4278 843
7905 2 2 0 6 269 4877 3208
7906 2 2 0 6 4877 4280 3208
7907 2 2 0 6 4877 1196 4280
7908 2 2 0 6 3208 4280 844
7909 2 2 0 6 418 3667 1841
7910 2 2 0 6 3667 3881 1841
7911 2 2 0 6 3667 1322 3881
7912 2 2 0 6 1841 3881 778
7913 2 2 0 6 419 3669 1844
7914 2 2 0 6 3669 3883 1844
7915 2 2 0 6 3669 1323 3883
7916 2 2 0 6 1844 3883 779
7917 2 2 0 6 420 3671 1847
7918 2 2 0 6 3671 3885 1847
7919 2 2 0 6 3671 1324 3885
7920 2 2 0 6 1847 3885 780
7921 2 2 0 6 421 3673 1838
7922 2 2 0 6 3673 3879 1838
7923 2 2 0 6 3673 1325 3879
7924 2 2 0 6 1838 3879 781
7925 2 2 0 6 43 4600 4878
7926 2 2 0 6 4600 4322 4878
7927 2 2 0 6 4600 858 4322
7928 2 2 0 6 4878 4322 1273
7929 2 2 0 6 106 4603 4879
7930 2 2 0 6 4603 4324 4879
7931 2 2 0 6 4603 859 4324
7932 2 2 0 6 4879 4324 1270
7933 2 2 0 6 169 4606 4880
7934 2 2 0 6 4606 4326 4880
7935 2 2 0 6 4606 860 4326
7936 2 2 0 6 4880 4326 1271
7937 2 2 0 6 232 4609 4881
7938 2 2 0 6 4609 4328 4881
7939 2 2 0 6 4609 861 4328
7940 2 2 0 6 4881 4328 1272
7941 2 2 0 6 393 4364 4883
7942 2 2 0 6 4364 4882 4883
7943 2 2 0 6 4364 833 4882
7944 2 2 0 6 4883 4882 1238
7945 2 2 0 6 390 4367 4885
7946 2 2 0 6 4367 4884 4885
7947 2 2 0 6 4367 830 4884
7948 2 2 0 6 4885 4884 1239
7949 2 2 0 6 391 4370 4887
7950 2 2 0 6 4370 4886 4887
7951 2 2 0 6 4370 831 4886
7952 2 2 0 6 4887 4886 1240
7953 2 2 0 6 392 4373 4889
7954 2 2 0 6 4373 4888 4889
7955 2 2 0 6 4373 832 4888
7956 2 2 0 6 4889 4888 1241
7957 2 2 0 6 746 4355 4079
7958 2 2 0 6 4355 4890 4079
7959 2 2 0 6 4355 1214 4890
7960 2 2 0 6 4079 4890 934
7961 2 2 0 6 747 4357 4081
7962 2 2 0 6 4357 4891 4081
7963 2 2 0 6 4357 1215 4891
7964 2 2 0 6 4081 4891 935
7965 2 2 0 6 748 4359 4083
7966 2 2 0 6 4359 4892 4083
7967 2 2 0 6 4359 1216 4892
7968 2 2 0 6 4083 4892 936
7969 2 2 0 6 749 4361 4085
7970 2 2 0 6 4361 4893 4085
7971 2 2 0 6 4361 1217 4893
7972 2 2 0 6 4085 4893 937
7973 2 2 0 6 414 4894 3686
7974 2 2 0 6 4894 3877 3686
7975 2 2 0 6 4894 782 3877
7976 2 2 0 6 3686 3877 1345
7977 2 2 0 6 415 4895 3688
7978 2 2 0 6 4895 3874 3688
7979 2 2 0 6 4895 783 3874
7980 2 2 0 6 3688 3874 1342
7981 2 2 0 6 416 4896 3690
7982 2 2 0 6 4896 3875 3690
7983 2 2 0 6 4896 784 3875
7984 2 2 0 6 3690 3875 1343
7985 2 2 0 6 417 4897 3692
7986 2 2 0 6 4897 3876 3692
7987 2 2 0 6 4897 785 3876
7988 2 2 0 6 3692 3876 1344
7989 2 2 0 6 414 4898 4894
7990 2 2 0 6 4898 4842 4894
7991 2 2 0 6 4898 1465 4842
7992 2 2 0 6 4894 4842 782
7993 2 2 0 6 415 4899 4895
7994 2 2 0 6 4899 4844 4895
7995 2 2 0 6 4899 1462 4844
7996 2 2 0 6 4895 4844 783
7997 2 2 0 6 416 4900 4896
7998 2 2 0 6 4900 4846 4896
7999 2 2 0 6 4900 1463 4846
8000 2 2 0 6 4896 4846 784
8001 2 2 0 6 417 4901 4897
8002 2 2 0 6 4901 4848 4897
8003 2 2 0 6 4901 1464 4848
8004 2 2 0 6 4897 4848 785
8005 2 2 0 6 278 3067 4902
8006 2 2 0 6 3067 4469 4902
8007 2 2 0 6 3067 818 4469
8008 2 2 0 6 4902 4469 1138
8009 2 2 0 6 279 3068 4903
8010 2 2 0 6 3068 4471 4903
8011 2 2 0 6 3068 819 4471
8012 2 2 0 6 4903 4471 1139
8013 2 2 0 6 280 3069 4904
8014 2 2 0 6 3069 4473 4904
8015 2 2 0 6 3069 820 4473
8016 2 2 0 6 4904 4473 1140
8017 2 2 0 6 281 3066 4905
8018 2 2 0 6 3066 4467 4905
8019 2 2 0 6 3066 821 4467
8020 2 2 0 6 4905 4467 1141
8021 2 2 0 6 586 2988 3478
8022 2 2 0 6 2988 4838 3478
8023 2 2 0 6 2988 806 4838
8024 2 2 0 6 3478 4838 1167
8025 2 2 0 6 587 2991 3480
8026 2 2 0 6 2991 4839 3480
8027 2 2 0 6 2991 807 4839
8028 2 2 0 6 3480 4839 1168
8029 2 2 0 6 588 2994 3482
8030 2 2 0 6 2994 4840 3482
8031 2 2 0 6 2994 808 4840
8032 2 2 0 6 3482 4840 1169
8033 2 2 0 6 589 2997 3484
8034 2 2 0 6 2997 4841 3484
8035 2 2 0 6 2997 809 4841
8036 2 2 0 6 3484 4841 1166
8037 2 2 0 6 106 4879 74
8038 2 2 0 6 4879 4578 74
8039 2 2 0 6 4879 1270 4578
8040 2 2 0 6 74 4578 105
8041 2 2 0 6 169 4880 137
8042 2 2 0 6 4880 4579 137
8043 2 2 0 6 4880 1271 4579
8044 2 2 0 6 137 4579 168
8045 2 2 0 6 232 4881 200
8046 2 2 0 6 4881 4580 200
8047 2 2 0 6 4881 1272 4580
8048 2 2 0 6 200 4580 231
8049 2 2 0 6 43 4878 11
8050 2 2 0 6 4878 4581 11
8051 2 2 0 6 4878 1273 4581
8052 2 2 0 6 11 4581 42
8053 2 2 0 6 474 3426 3294
8054 2 2 0 6 3426 4906 3294
8055 2 2 0 6 3426 1442 4906
8056 2 2 0 6 3294 4906 890
8057 2 2 0 6 475 3427 3295
8058 2 2 0 6 3427 4907 3295
8059 2 2 0 6 3427 1443 4907
8060 2 2 0 6 3295 4907 891
8061 2 2 0 6 476 3428 3296
8062 2 2 0 6 3428 4908 3296
8063 2 2 0 6 3428 1444 4908
8064 2 2 0 6 3296 4908 892
8065 2 2 0 6 477 3429 3297
8066 2 2 0 6 3429 4909 3297
8067 2 2 0 6 3429 1445 4909
8068 2 2 0 6 3297 4909 893
8069 2 2 0 6 322 4860 4911
8070 2 2 0 6 4860 4910 4911
8071 2 2 0 6 4860 1162 4910
8072 2 2 0 6 4911 4910 1454
8073 2 2 0 6 323 4863 4913
8074 2 2 0 6 4863 4912 4913
8075 2 2 0 6 4863 1163 4912
8076 2 2 0 6 4913 4912 1455
8077 2 2 0 6 324 4866 4915
8078 2 2 0 6 4866 4914 4915
8079 2 2 0 6 4866 1164 4914
8080 2 2 0 6 4915 4914 1456
8081 2 2 0 6 325 4869 4917
8082 2 2 0 6 4869 4916 4917
8083 2 2 0 6 4869 1165 4916
8084 2 2 0 6 4917 4916 1457
8085 2 2 0 6 857 4918 4318
8086 2 2 0 6 4918 4919 4318
8087 2 2 0 6 4918 1394 4919
8088 2 2 0 6 4318 4919 1065
8089 2 2 0 6 854 4920 4319
8090 2 2 0 6 4920 4921 4319
8091 2 2 0 6 4920 1395 4921
8092 2 2 0 6 4319 4921 1062
8093 2 2 0 6 855 4922 4320
8094 2 2 0 6 4922 4923 4320
8095 2 2 0 6 4922 1396 4923
8096 2 2 0 6 4320 4923 1063
8097 2 2 0 6 856 4924 4321
8098 2 2 0 6 4924 4925 4321
8099 2 2 0 6 4924 1397 4925
8100 2 2 0 6 4321 4925 1064
8101 2 2 0 6 526 4543 4022
8102 2 2 0 6 4543 4926 4022
8103 2 2 0 6 4543 1346 4926
8104 2 2 0 6 4022 4926 866
8105 2 2 0 6 527 4545 4025
8106 2 2 0 6 4545 4927 4025
8107 2 2 0 6 4545 1347 4927
8108 2 2 0 6 4025 4927 867
8109 2 2 0 6 529 4549 4031
8110 2 2 0 6 4549 4928 4031
8111 2 2 0 6 4549 1348 4928
8112 2 2 0 6 4031 4928 868
8113 2 2 0 6 528 4547 4028
8114 2 2 0 6 4547 4929 4028
8115 2 2 0 6 4547 1349 4929
8116 2 2 0 6 4028 4929 869
8117 2 2 0 6 322 4911 4931
8118 2 2 0 6 4911 4930 4931
8119 2 2 0 6 4911 1454 4930
8120 2 2 0 6 4931 4930 1486
8121 2 2 0 6 323 4913 4933
8122 2 2 0 6 4913 4932 4933
8123 2 2 0 6 4913 1455 4932
8124 2 2 0 6 4933 4932 1487
8125 2 2 0 6 324 4915 4935
8126 2 2 0 6 4915 4934 4935
8127 2 2 0 6 4915 1456 4934
8128 2 2 0 6 4935 4934 1488
8129 2 2 0 6 325 4917 4937
8130 2 2 0 6 4917 4936 4937
8131 2 2 0 6 4917 1457 4936
8132 2 2 0 6 4937 4936 1489
8133 2 2 0 6 49 4938 17
8134 2 2 0 6 4938 2362 17
8135 2 2 0 6 4938 1202 2362
8136 2 2 0 6 17 2362 48
8137 2 2 0 6 112 4939 80
8138 2 2 0 6 4939 2363 80
8139 2 2 0 6 4939 1203 2363
8140 2 2 0 6 80 2363 111
8141 2 2 0 6 175 4940 143
8142 2 2 0 6 4940 2364 143
8143 2 2 0 6 4940 1204 2364
8144 2 2 0 6 143 2364 174
8145 2 2 0 6 238 4941 206
8146 2 2 0 6 4941 2365 206
8147 2 2 0 6 4941 1205 2365
8148 2 2 0 6 206 2365 237
8149 2 2 0 6 482 2275 2264
8150 2 2 0 6 2275 4942 2264
8151 2 2 0 6 2275 1009 4942
8152 2 2 0 6 2264 4942 1373
8153 2 2 0 6 483 2266 2258
8154 2 2 0 6 2266 4943 2258
8155 2 2 0 6 2266 1006 4943
8156 2 2 0 6 2258 4943 1370
8157 2 2 0 6 484 2269 2260
8158 2 2 0 6 2269 4944 2260
8159 2 2 0 6 2269 1007 4944
8160 2 2 0 6 2260 4944 1371
8161 2 2 0 6 485 2272 2262
8162 2 2 0 6 2272 4945 2262
8163 2 2 0 6 2272 1008 4945
8164 2 2 0 6 2262 4945 1372
8165 2 2 0 6 438 4946 4342
8166 2 2 0 6 4946 4947 4342
8167 2 2 0 6 4946 1434 4947
8168 2 2 0 6 4342 4947 1130
8169 2 2 0 6 439 4948 4344
8170 2 2 0 6 4948 4949 4344
8171 2 2 0 6 4948 1435 4949
8172 2 2 0 6 4344 4949 1131
8173 2 2 0 6 440 4950 4346
8174 2 2 0 6 4950 4951 4346
8175 2 2 0 6 4950 1436 4951
8176 2 2 0 6 4346 4951 1132
8177 2 2 0 6 441 4952 4348
8178 2 2 0 6 4952 4953 4348
8179 2 2 0 6 4952 1437 4953
8180 2 2 0 6 4348 4953 1133
8181 2 2 0 6 450 1667 3554
8182 2 2 0 6 1667 3606 3554
8183 2 2 0 6 1667 938 3606
8184 2 2 0 6 3554 3606 1066
8185 2 2 0 6 451 1669 3556
8186 2 2 0 6 1669 3607 3556
8187 2 2 0 6 1669 939 3607
8188 2 2 0 6 3556 3607 1067
8189 2 2 0 6 452 1671 3558
8190 2 2 0 6 1671 3608 3558
8191 2 2 0 6 1671 940 3608
8192 2 2 0 6 3558 3608 1068
8193 2 2 0 6 453 1673 3560
8194 2 2 0 6 1673 3609 3560
8195 2 2 0 6 1673 941 3609
8196 2 2 0 6 3560 3609 1069
8197 2 2 0 6 570 4954 4477
8198 2 2 0 6 4954 4955 4477
8199 2 2 0 6 4954 1433 4955
8200 2 2 0 6 4477 4955 1305
8201 2 2 0 6 571 4956 4474
8202 2 2 0 6 4956 4957 4474
8203 2 2 0 6 4956 1430 4957
8204 2 2 0 6 4474 4957 1302
8205 2 2 0 6 572 4958 4475
8206 2 2 0 6 4958 4959 4475
8207 2 2 0 6 4958 1431 4959
8208 2 2 0 6 4475 4959 1303
8209 2 2 0 6 573 4960 4476
8210 2 2 0 6 4960 4961 4476
8211 2 2 0 6 4960 1432 4961
8212 2 2 0 6 4476 4961 1304
8213 2 2 0 6 53 2215 21
8214 2 2 0 6 2215 4550 21
8215 2 2 0 6 2215 1122 4550
8216 2 2 0 6 21 4550 52
8217 2 2 0 6 116 2218 84
8218 2 2 0 6 2218 4552 84
8219 2 2 0 6 2218 1123 4552
8220 2 2 0 6 84 4552 115
8221 2 2 0 6 179 2221 147
8222 2 2 0 6 2221 4554 147
8223 2 2 0 6 2221 1124 4554
8224 2 2 0 6 147 4554 178
8225 2 2 0 6 242 2212 210
8226 2 2 0 6 2212 4556 210
8227 2 2 0 6 2212 1125 4556
8228 2 2 0 6 210 4556 241
8229 2 2 0 6 762 4962 3747
8230 2 2 0 6 4962 4963 3747
8231 2 2 0 6 4962 1479 4963
8232 2 2 0 6 3747 4963 946
8233 2 2 0 6 763 4964 3749
8234 2 2 0 6 4964 4965 3749
8235 2 2 0 6 4964 1480 4965
8236 2 2 0 6 3749 4965 947
8237 2 2 0 6 764 4966 3751
8238 2 2 0 6 4966 4967 3751
8239 2 2 0 6 4966 1481 4967
8240 2 2 0 6 3751 4967 948
8241 2 2 0 6 765 4968 3753
8242 2 2 0 6 4968 4969 3753
8243 2 2 0 6 4968 1478 4969
8244 2 2 0 6 3753 4969 949
8245 2 2 0 6 762 3755 4971
8246 2 2 0 6 3755 4970 4971
8247 2 2 0 6 3755 950 4970
8248 2 2 0 6 4971 4970 1475
8249 2 2 0 6 763 3757 4973
8250 2 2 0 6 3757 4972 4973
8251 2 2 0 6 3757 951 4972
8252 2 2 0 6 4973 4972 1476
8253 2 2 0 6 764 3759 4975
8254 2 2 0 6 3759 4974 4975
8255 2 2 0 6 3759 952 4974
8256 2 2 0 6 4975 4974 1477
8257 2 2 0 6 765 3761 4977
8258 2 2 0 6 3761 4976 4977
8259 2 2 0 6 3761 953 4976
8260 2 2 0 6 4977 4976 1474
8261 2 2 0 6 349 3136 4978
8262 2 2 0 6 3136 3106 4978
8263 2 2 0 6 3136 1305 3106
8264 2 2 0 6 4978 3106 1074
8265 2 2 0 6 346 3139 4979
8266 2 2 0 6 3139 3108 4979
8267 2 2 0 6 3139 1302 3108
8268 2 2 0 6 4979 3108 1075
8269 2 2 0 6 347 3142 4980
8270 2 2 0 6 3142 3110 4980
8271 2 2 0 6 3142 1303 3110
8272 2 2 0 6 4980 3110 1076
8273 2 2 0 6 348 3145 4981
8274 2 2 0 6 3145 3112 4981
8275 2 2 0 6 3145 1304 3112
8276 2 2 0 6 4981 3112 1077
8277 2 2 0 6 258 2966 4982
8278 2 2 0 6 2966 4835 4982
8279 2 2 0 6 2966 826 4835
8280 2 2 0 6 4982 4835 1171
8281 2 2 0 6 259 2967 4983
8282 2 2 0 6 2967 4836 4983
8283 2 2 0 6 2967 827 4836
8284 2 2 0 6 4983 4836 1172
8285 2 2 0 6 260 2968 4984
8286 2 2 0 6 2968 4837 4984
8287 2 2 0 6 2968 828 4837
8288 2 2 0 6 4984 4837 1173
8289 2 2 0 6 261 2969 4985
8290 2 2 0 6 2969 4834 4985
8291 2 2 0 6 2969 829 4834
8292 2 2 0 6 4985 4834 1170
8293 2 2 0 6 530 4986 4988
8294 2 2 0 6 4986 4987 4988
8295 2 2 0 6 4986 1058 4987
8296 2 2 0 6 4988 4987 1047
8297 2 2 0 6 531 4989 4991
8298 2 2 0 6 4989 4990 4991
8299 2 2 0 6 4989 1059 4990
8300 2 2 0 6 4991 4990 1048
8301 2 2 0 6 532 4992 4994
8302 2 2 0 6 4992 4993 4994
8303 2 2 0 6 4992 1060 4993
8304 2 2 0 6 4994 4993 1049
8305 2 2 0 6 533 4995 4997
8306 2 2 0 6 4995 4996 4997
8307 2 2 0 6 4995 1061 4996
8308 2 2 0 6 4997 4996 1046
8309 2 2 0 6 262 4192 1535
8310 2 2 0 6 4192 4255 1535
8311 2 2 0 6 4192 822 4255
8312 2 2 0 6 1535 4255 1182
8313 2 2 0 6 263 4195 1537
8314 2 2 0 6 4195 4258 1537
8315 2 2 0 6 4195 823 4258
8316 2 2 0 6 1537 4258 1183
8317 2 2 0 6 264 4198 1539
8318 2 2 0 6 4198 4261 1539
8319 2 2 0 6 4198 824 4261
8320 2 2 0 6 1539 4261 1184
8321 2 2 0 6 265 4201 1541
8322 2 2 0 6 4201 4264 1541
8323 2 2 0 6 4201 825 4264
8324 2 2 0 6 1541 4264 1185
8325 2 2 0 6 411 2500 4290
8326 2 2 0 6 2500 3351 4290
8327 2 2 0 6 2500 854 3351
8328 2 2 0 6 4290 3351 1298
8329 2 2 0 6 412 2503 4292
8330 2 2 0 6 2503 3353 4292
8331 2 2 0 6 2503 855 3353
8332 2 2 0 6 4292 3353 1299
8333 2 2 0 6 413 2506 4294
8334 2 2 0 6 2506 3355 4294
8335 2 2 0 6 2506 856 3355
8336 2 2 0 6 4294 3355 1300
8337 2 2 0 6 410 2509 4296
8338 2 2 0 6 2509 3357 4296
8339 2 2 0 6 2509 857 3357
8340 2 2 0 6 4296 3357 1301
8341 2 2 0 6 326 4998 1798
8342 2 2 0 6 4998 4999 1798
8343 2 2 0 6 4998 1214 4999
8344 2 2 0 6 1798 4999 846
8345 2 2 0 6 327 5000 1800
8346 2 2 0 6 5000 5001 1800
8347 2 2 0 6 5000 1215 5001
8348 2 2 0 6 1800 5001 847
8349 2 2 0 6 328 5002 1802
8350 2 2 0 6 5002 5003 1802
8351 2 2 0 6 5002 1216 5003
8352 2 2 0 6 1802 5003 848
8353 2 2 0 6 329 5004 1804
8354 2 2 0 6 5004 5005 1804
8355 2 2 0 6 5004 1217 5005
8356 2 2 0 6 1804 5005 849
8357 2 2 0 6 502 5006 4354
8358 2 2 0 6 5006 4999 4354
8359 2 2 0 6 5006 846 4999
8360 2 2 0 6 4354 4999 1214
8361 2 2 0 6 503 5007 4356
8362 2 2 0 6 5007 5001 4356
8363 2 2 0 6 5007 847 5001
8364 2 2 0 6 4356 5001 1215
8365 2 2 0 6 504 5008 4358
8366 2 2 0 6 5008 5003 4358
8367 2 2 0 6 5008 848 5003
8368 2 2 0 6 4358 5003 1216
8369 2 2 0 6 505 5009 4360
8370 2 2 0 6 5009 5005 4360
8371 2 2 0 6 5009 849 5005
8372 2 2 0 6 4360 5005 1217
8373 2 2 0 6 714 3107 4150
8374 2 2 0 6 3107 4955 4150
8375 2 2 0 6 3107 1305 4955
8376 2 2 0 6 4150 4955 1433
8377 2 2 0 6 715 3109 4152
8378 2 2 0 6 3109 4957 4152
8379 2 2 0 6 3109 1302 4957
8380 2 2 0 6 4152 4957 1430
8381 2 2 0 6 716 3111 4154
8382 2 2 0 6 3111 4959 4154
8383 2 2 0 6 3111 1303 4959
8384 2 2 0 6 4154 4959 1431
8385 2 2 0 6 717 3113 4156
8386 2 2 0 6 3113 4961 4156
8387 2 2 0 6 3113 1304 4961
8388 2 2 0 6 4156 4961 1432
8389 2 2 0 6 694 4432 3587
8390 2 2 0 6 4432 5010 3587
8391 2 2 0 6 4432 1246 5010
8392 2 2 0 6 3587 5010 974
8393 2 2 0 6 695 4435 3588
8394 2 2 0 6 4435 5011 3588
8395 2 2 0 6 4435 1247 5011
8396 2 2 0 6 3588 5011 975
8397 2 2 0 6 696 4438 3589
8398 2 2 0 6 4438 5012 3589
8399 2 2 0 6 4438 1249 5012
8400 2 2 0 6 3589 5012 977
8401 2 2 0 6 697 4441 3586
8402 2 2 0 6 4441 5013 3586
8403 2 2 0 6 4441 1248 5013
8404 2 2 0 6 3586 5013 976
8405 2 2 0 6 266 3203 4132
8406 2 2 0 6 3203 4655 4132
8407 2 2 0 6 3203 833 4655
8408 2 2 0 6 4132 4655 1221
8409 2 2 0 6 267 3205 4126
8410 2 2 0 6 3205 4657 4126
8411 2 2 0 6 3205 830 4657
8412 2 2 0 6 4126 4657 1218
8413 2 2 0 6 268 3207 4128
8414 2 2 0 6 3207 4659 4128
8415 2 2 0 6 3207 831 4659
8416 2 2 0 6 4128 4659 1219
8417 2 2 0 6 269 3209 4130
8418 2 2 0 6 3209 4661 4130
8419 2 2 0 6 3209 832 4661
8420 2 2 0 6 4130 4661 1220
8421 2 2 0 6 594 5014 3630
8422 2 2 0 6 5014 4741 3630
8423 2 2 0 6 5014 1141 4741
8424 2 2 0 6 3630 4741 986
8425 2 2 0 6 595 5015 3633
8426 2 2 0 6 5015 4738 3633
8427 2 2 0 6 5015 1138 4738
8428 2 2 0 6 3633 4738 987
8429 2 2 0 6 596 5016 3636
8430 2 2 0 6 5016 4739 3636
8431 2 2 0 6 5016 1139 4739
8432 2 2 0 6 3636 4739 988
8433 2 2 0 6 597 5017 3639
8434 2 2 0 6 5017 4740 3639
8435 2 2 0 6 5017 1140 4740
8436 2 2 0 6 3639 4740 989
8437 2 2 0 6 434 3712 5018
8438 2 2 0 6 3712 4266 5018
8439 2 2 0 6 3712 802 4266
8440 2 2 0 6 5018 4266 1466
8441 2 2 0 6 435 3715 5019
8442 2 2 0 6 3715 4268 5019
8443 2 2 0 6 3715 803 4268
8444 2 2 0 6 5019 4268 1467
8445 2 2 0 6 436 3718 5020
8446 2 2 0 6 3718 4270 5020
8447 2 2 0 6 3718 804 4270
8448 2 2 0 6 5020 4270 1468
8449 2 2 0 6 437 3721 5021
8450 2 2 0 6 3721 4272 5021
8451 2 2 0 6 3721 805 4272
8452 2 2 0 6 5021 4272 1469
8453 2 2 0 6 382 4627 2970
8454 2 2 0 6 4627 5022 2970
8455 2 2 0 6 4627 1142 5022
8456 2 2 0 6 2970 5022 998
8457 2 2 0 6 383 4629 2971
8458 2 2 0 6 4629 5023 2971
8459 2 2 0 6 4629 1143 5023
8460 2 2 0 6 2971 5023 999
8461 2 2 0 6 384 4631 2972
8462 2 2 0 6 4631 5024 2972
8463 2 2 0 6 4631 1144 5024
8464 2 2 0 6 2972 5024 1000
8465 2 2 0 6 385 4633 2973
8466 2 2 0 6 4633 5025 2973
8467 2 2 0 6 4633 1145 5025
8468 2 2 0 6 2973 5025 1001
8469 2 2 0 6 586 3479 5026
8470 2 2 0 6 3479 5022 5026
8471 2 2 0 6 3479 998 5022
8472 2 2 0 6 5026 5022 1142
8473 2 2 0 6 587 3481 5027
8474 2 2 0 6 3481 5023 5027
8475 2 2 0 6 3481 999 5023
8476 2 2 0 6 5027 5023 1143
8477 2 2 0 6 588 3483 5028
8478 2 2 0 6 3483 5024 5028
8479 2 2 0 6 3483 1000 5024
8480 2 2 0 6 5028 5024 1144
8481 2 2 0 6 589 3485 5029
8482 2 2 0 6 3485 5025 5029
8483 2 2 0 6 3485 1001 5025
8484 2 2 0 6 5029 5025 1145
8485 2 2 0 6 498 2173 4730
8486 2 2 0 6 2173 5030 4730
8487 2 2 0 6 2173 810 5030
8488 2 2 0 6 4730 5030 1446
8489 2 2 0 6 499 2175 4731
8490 2 2 0 6 2175 5031 4731
8491 2 2 0 6 2175 811 5031
8492 2 2 0 6 4731 5031 1447
8493 2 2 0 6 500 2177 4732
8494 2 2 0 6 2177 5032 4732
8495 2 2 0 6 2177 812 5032
8496 2 2 0 6 4732 5032 1448
8497 2 2 0 6 501 2171 4733
8498 2 2 0 6 2171 5033 4733
8499 2 2 0 6 2171 813 5033
8500 2 2 0 6 4733 5033 1449
8501 2 2 0 6 773 4701 3343
8502 2 2 0 6 4701 5034 3343
8503 2 2 0 6 4701 1369 5034
8504 2 2 0 6 3343 5034 1353
8505 2 2 0 6 770 4695 3345
8506 2 2 0 6 4695 5035 3345
8507 2 2 0 6 4695 1366 5035
8508 2 2 0 6 3345 5035 1350
8509 2 2 0 6 771 4697 3347
8510 2 2 0 6 4697 5036 3347
8511 2 2 0 6 4697 1367 5036
8512 2 2 0 6 3347 5036 1351
8513 2 2 0 6 772 4699 3349
8514 2 2 0 6 4699 5037 3349
8515 2 2 0 6 4699 1368 5037
8516 2 2 0 6 3349 5037 1352
8517 2 2 0 6 394 4341 4528
8518 2 2 0 6 4341 5034 4528
8519 2 2 0 6 4341 1353 5034
8520 2 2 0 6 4528 5034 1369
8521 2 2 0 6 395 4338 4522
8522 2 2 0 6 4338 5035 4522
8523 2 2 0 6 4338 1350 5035
8524 2 2 0 6 4522 5035 1366
8525 2 2 0 6 396 4339 4524
8526 2 2 0 6 4339 5036 4524
8527 2 2 0 6 4339 1351 5036
8528 2 2 0 6 4524 5036 1367
8529 2 2 0 6 397 4340 4526
8530 2 2 0 6 4340 5037 4526
8531 2 2 0 6 4340 1352 5037
8532 2 2 0 6 4526 5037 1368
8533 2 2 0 6 631 5038 5040
8534 2 2 0 6 5038 5039 5040
8535 2 2 0 6 5038 1363 5039
8536 2 2 0 6 5040 5039 1075
8537 2 2 0 6 632 5041 5043
8538 2 2 0 6 5041 5042 5043
8539 2 2 0 6 5041 1364 5042
8540 2 2 0 6 5043 5042 1076
8541 2 2 0 6 633 5044 5046
8542 2 2 0 6 5044 5045 5046
8543 2 2 0 6 5044 1365 5045
8544 2 2 0 6 5046 5045 1077
8545 2 2 0 6 630 5047 5049
8546 2 2 0 6 5047 5048 5049
8547 2 2 0 6 5047 1362 5048
8548 2 2 0 6 5049 5048 1074
8549 2 2 0 6 346 4979 5050
8550 2 2 0 6 4979 5039 5050
8551 2 2 0 6 4979 1075 5039
8552 2 2 0 6 5050 5039 1363
8553 2 2 0 6 347 4980 5051
8554 2 2 0 6 4980 5042 5051
8555 2 2 0 6 4980 1076 5042
8556 2 2 0 6 5051 5042 1364
8557 2 2 0 6 348 4981 5052
8558 2 2 0 6 4981 5045 5052
8559 2 2 0 6 4981 1077 5045
8560 2 2 0 6 5052 5045 1365
8561 2 2 0 6 349 4978 5053
8562 2 2 0 6 4978 5048 5053
8563 2 2 0 6 4978 1074 5048
8564 2 2 0 6 5053 5048 1362
8565 2 2 0 6 510 4159 4634
8566 2 2 0 6 4159 5054 4634
8567 2 2 0 6 4159 1198 5054
8568 2 2 0 6 4634 5054 1142
8569 2 2 0 6 511 4161 4636
8570 2 2 0 6 4161 5055 4636
8571 2 2 0 6 4161 1199 5055
8572 2 2 0 6 4636 5055 1143
8573 2 2 0 6 512 4163 4638
8574 2 2 0 6 4163 5056 4638
8575 2 2 0 6 4163 1200 5056
8576 2 2 0 6 4638 5056 1144
8577 2 2 0 6 513 4165 4640
8578 2 2 0 6 4165 5057 4640
8579 2 2 0 6 4165 1201 5057
8580 2 2 0 6 4640 5057 1145
8581 2 2 0 6 586 5026 2986
8582 2 2 0 6 5026 5054 2986
8583 2 2 0 6 5026 1142 5054
8584 2 2 0 6 2986 5054 1198
8585 2 2 0 6 587 5027 2989
8586 2 2 0 6 5027 5055 2989
8587 2 2 0 6 5027 1143 5055
8588 2 2 0 6 2989 5055 1199
8589 2 2 0 6 588 5028 2992
8590 2 2 0 6 5028 5056 2992
8591 2 2 0 6 5028 1144 5056
8592 2 2 0 6 2992 5056 1200
8593 2 2 0 6 589 5029 2995
8594 2 2 0 6 5029 5057 2995
8595 2 2 0 6 5029 1145 5057
8596 2 2 0 6 2995 5057 1201
8597 2 2 0 6 478 3579 3193
8598 2 2 0 6 3579 4884 3193
8599 2 2 0 6 3579 1239 4884
8600 2 2 0 6 3193 4884 830
8601 2 2 0 6 479 3581 3196
8602 2 2 0 6 3581 4886 3196
8603 2 2 0 6 3581 1240 4886
8604 2 2 0 6 3196 4886 831
8605 2 2 0 6 480 3583 3199
8606 2 2 0 6 3583 4888 3199
8607 2 2 0 6 3583 1241 4888
8608 2 2 0 6 3199 4888 832
8609 2 2 0 6 481 3585 3190
8610 2 2 0 6 3585 4882 3190
8611 2 2 0 6 3585 1238 4882
8612 2 2 0 6 3190 4882 833
8613 2 2 0 6 378 5058 2542
8614 2 2 0 6 5058 3388 2542
8615 2 2 0 6 5058 810 3388
8616 2 2 0 6 2542 3388 1290
8617 2 2 0 6 379 5059 2545
8618 2 2 0 6 5059 3391 2545
8619 2 2 0 6 5059 811 3391
8620 2 2 0 6 2545 3391 1291
8621 2 2 0 6 380 5060 2548
8622 2 2 0 6 5060 3394 2548
8623 2 2 0 6 5060 812 3394
8624 2 2 0 6 2548 3394 1292
8625 2 2 0 6 381 5061 2551
8626 2 2 0 6 5061 3397 2551
8627 2 2 0 6 5061 813 3397
8628 2 2 0 6 2551 3397 1293
8629 2 2 0 6 486 2126 3596
8630 2 2 0 6 2126 4996 3596
8631 2 2 0 6 2126 1046 4996
8632 2 2 0 6 3596 4996 1061
8633 2 2 0 6 487 2127 3590
8634 2 2 0 6 2127 4987 3590
8635 2 2 0 6 2127 1047 4987
8636 2 2 0 6 3590 4987 1058
8637 2 2 0 6 488 2128 3592
8638 2 2 0 6 2128 4990 3592
8639 2 2 0 6 2128 1048 4990
8640 2 2 0 6 3592 4990 1059
8641 2 2 0 6 489 2129 3594
8642 2 2 0 6 2129 4993 3594
8643 2 2 0 6 2129 1049 4993
8644 2 2 0 6 3594 4993 1060
8645 2 2 0 6 526 4334 4542
8646 2 2 0 6 4334 2903 4542
8647 2 2 0 6 4334 1274 2903
8648 2 2 0 6 4542 2903 1246
8649 2 2 0 6 527 4335 4544
8650 2 2 0 6 4335 2906 4544
8651 2 2 0 6 4335 1275 2906
8652 2 2 0 6 4544 2906 1247
8653 2 2 0 6 528 4336 4546
8654 2 2 0 6 4336 2909 4546
8655 2 2 0 6 4336 1276 2909
8656 2 2 0 6 4546 2909 1248
8657 2 2 0 6 529 4337 4548
8658 2 2 0 6 4337 2912 4548
8659 2 2 0 6 4337 1277 2912
8660 2 2 0 6 4548 2912 1249
8661 2 2 0 6 546 3312 4714
8662 2 2 0 6 3312 4518 4714
8663 2 2 0 6 3312 961 4518
8664 2 2 0 6 4714 4518 1118
8665 2 2 0 6 547 3315 4716
8666 2 2 0 6 3315 4519 4716
8667 2 2 0 6 3315 958 4519
8668 2 2 0 6 4716 4519 1119
8669 2 2 0 6 548 3318 4718
8670 2 2 0 6 3318 4520 4718
8671 2 2 0 6 3318 959 4520
8672 2 2 0 6 4718 4520 1120
8673 2 2 0 6 549 3321 4720
8674 2 2 0 6 3321 4521 4720
8675 2 2 0 6 3321 960 4521
8676 2 2 0 6 4720 4521 1121
8677 2 2 0 6 373 1511 3014
8678 2 2 0 6 1511 4398 3014
8679 2 2 0 6 1511 1501 4398
8680 2 2 0 6 3014 4398 877
8681 2 2 0 6 370 1502 3016
8682 2 2 0 6 1502 4400 3016
8683 2 2 0 6 1502 1498 4400
8684 2 2 0 6 3016 4400 874
8685 2 2 0 6 371 1505 3018
8686 2 2 0 6 1505 4402 3018
8687 2 2 0 6 1505 1499 4402
8688 2 2 0 6 3018 4402 875
8689 2 2 0 6 372 1508 3020
8690 2 2 0 6 1508 4404 3020
8691 2 2 0 6 1508 1500 4404
8692 2 2 0 6 3020 4404 876
8693 2 2 0 6 997 5062 4646
8694 2 2 0 6 5062 5063 4646
8695 2 2 0 6 5062 1497 5063
8696 2 2 0 6 4646 5063 1117
8697 2 2 0 6 994 5064 4648
8698 2 2 0 6 5064 5065 4648
8699 2 2 0 6 5064 1494 5065
8700 2 2 0 6 4648 5065 1114
8701 2 2 0 6 995 5066 4650
8702 2 2 0 6 5066 5067 4650
8703 2 2 0 6 5066 1495 5067
8704 2 2 0 6 4650 5067 1115
8705 2 2 0 6 996 5068 4652
8706 2 2 0 6 5068 5069 4652
8707 2 2 0 6 5068 1496 5069
8708 2 2 0 6 4652 5069 1116
8709 2 2 0 6 322 5070 4858
8710 2 2 0 6 5070 4926 4858
8711 2 2 0 6 5070 866 4926
8712 2 2 0 6 4858 4926 1346
8713 2 2 0 6 323 5071 4861
8714 2 2 0 6 5071 4927 4861
8715 2 2 0 6 5071 867 4927
8716 2 2 0 6 4861 4927 1347
8717 2 2 0 6 324 5072 4864
8718 2 2 0 6 5072 4928 4864
8719 2 2 0 6 5072 868 4928
8720 2 2 0 6 4864 4928 1348
8721 2 2 0 6 325 5073 4867
8722 2 2 0 6 5073 4929 4867
8723 2 2 0 6 5073 869 4929
8724 2 2 0 6 4867 4929 1349
8725 2 2 0 6 591 2355 5074
8726 2 2 0 6 2355 2268 5074
8727 2 2 0 6 2355 1006 2268
8728 2 2 0 6 5074 2268 1231
8729 2 2 0 6 592 2357 5075
8730 2 2 0 6 2357 2271 5075
8731 2 2 0 6 2357 1007 2271
8732 2 2 0 6 5075 2271 1232
8733 2 2 0 6 593 2359 5076
8734 2 2 0 6 2359 2274 5076
8735 2 2 0 6 2359 1008 2274
8736 2 2 0 6 5076 2274 1233
8737 2 2 0 6 590 2361 5077
8738 2 2 0 6 2361 2277 5077
8739 2 2 0 6 2361 1009 2277
8740 2 2 0 6 5077 2277 1230
8741 2 2 0 6 378 4611 5058
8742 2 2 0 6 4611 5030 5058
8743 2 2 0 6 4611 1446 5030
8744 2 2 0 6 5058 5030 810
8745 2 2 0 6 379 4613 5059
8746 2 2 0 6 4613 5031 5059
8747 2 2 0 6 4613 1447 5031
8748 2 2 0 6 5059 5031 811
8749 2 2 0 6 380 4615 5060
8750 2 2 0 6 4615 5032 5060
8751 2 2 0 6 4615 1448 5032
8752 2 2 0 6 5060 5032 812
8753 2 2 0 6 381 4617 5061
8754 2 2 0 6 4617 5033 5061
8755 2 2 0 6 4617 1449 5033
8756 2 2 0 6 5061 5033 813
8757 2 2 0 6 393 4883 3544
8758 2 2 0 6 4883 4773 3544
8759 2 2 0 6 4883 1238 4773
8760 2 2 0 6 3544 4773 982
8761 2 2 0 6 390 4885 3538
8762 2 2 0 6 4885 4770 3538
8763 2 2 0 6 4885 1239 4770
8764 2 2 0 6 3538 4770 983
8765 2 2 0 6 391 4887 3540
8766 2 2 0 6 4887 4771 3540
8767 2 2 0 6 4887 1240 4771
8768 2 2 0 6 3540 4771 984
8769 2 2 0 6 392 4889 3542
8770 2 2 0 6 4889 4772 3542
8771 2 2 0 6 4889 1241 4772
8772 2 2 0 6 3542 4772 985
8773 2 2 0 6 290 4782 3610
8774 2 2 0 6 4782 5078 3610
8775 2 2 0 6 4782 1130 5078
8776 2 2 0 6 3610 5078 1014
8777 2 2 0 6 291 4783 3612
8778 2 2 0 6 4783 5079 3612
8779 2 2 0 6 4783 1131 5079
8780 2 2 0 6 3612 5079 1015
8781 2 2 0 6 292 4784 3614
8782 2 2 0 6 4784 5080 3614
8783 2 2 0 6 4784 1132 5080
8784 2 2 0 6 3614 5080 1016
8785 2 2 0 6 293 4785 3616
8786 2 2 0 6 4785 5081 3616
8787 2 2 0 6 4785 1133 5081
8788 2 2 0 6 3616 5081 1017
8789 2 2 0 6 566 1524 4098
8790 2 2 0 6 1524 4531 4098
8791 2 2 0 6 1524 1182 4531
8792 2 2 0 6 4098 4531 1022
8793 2 2 0 6 567 1527 4100
8794 2 2 0 6 1527 4533 4100
8795 2 2 0 6 1527 1183 4533
8796 2 2 0 6 4100 4533 1023
8797 2 2 0 6 568 1530 4102
8798 2 2 0 6 1530 4535 4102
8799 2 2 0 6 1530 1184 4535
8800 2 2 0 6 4102 4535 1024
8801 2 2 0 6 569 1533 4104
8802 2 2 0 6 1533 4537 4104
8803 2 2 0 6 1533 1185 4537
8804 2 2 0 6 4104 4537 1025
8805 2 2 0 6 55 5082 3627
8806 2 2 0 6 5082 4774 3627
8807 2 2 0 6 5082 1335 4774
8808 2 2 0 6 3627 4774 895
8809 2 2 0 6 118 5083 3628
8810 2 2 0 6 5083 4776 3628
8811 2 2 0 6 5083 1336 4776
8812 2 2 0 6 3628 4776 896
8813 2 2 0 6 181 5084 3629
8814 2 2 0 6 5084 4778 3629
8815 2 2 0 6 5084 1337 4778
8816 2 2 0 6 3629 4778 897
8817 2 2 0 6 244 5085 3626
8818 2 2 0 6 5085 4780 3626
8819 2 2 0 6 5085 1334 4780
8820 2 2 0 6 3626 4780 894
8821 2 2 0 6 426 3819 4050
8822 2 2 0 6 3819 3764 4050
8823 2 2 0 6 3819 1295 3764
8824 2 2 0 6 4050 3764 839
8825 2 2 0 6 427 3821 4053
8826 2 2 0 6 3821 3766 4053
8827 2 2 0 6 3821 1296 3766
8828 2 2 0 6 4053 3766 840
8829 2 2 0 6 428 3823 4056
8830 2 2 0 6 3823 3768 4056
8831 2 2 0 6 3823 1297 3768
8832 2 2 0 6 4056 3768 841
8833 2 2 0 6 429 3825 4059
8834 2 2 0 6 3825 3762 4059
8835 2 2 0 6 3825 1294 3762
8836 2 2 0 6 4059 3762 838
8837 2 2 0 6 438 4256 4946
8838 2 2 0 6 4256 4803 4946
8839 2 2 0 6 4256 822 4803
8840 2 2 0 6 4946 4803 1434
8841 2 2 0 6 439 4259 4948
8842 2 2 0 6 4259 4805 4948
8843 2 2 0 6 4259 823 4805
8844 2 2 0 6 4948 4805 1435
8845 2 2 0 6 440 4262 4950
8846 2 2 0 6 4262 4807 4950
8847 2 2 0 6 4262 824 4807
8848 2 2 0 6 4950 4807 1436
8849 2 2 0 6 441 4265 4952
8850 2 2 0 6 4265 4809 4952
8851 2 2 0 6 4265 825 4809
8852 2 2 0 6 4952 4809 1437
8853 2 2 0 6 622 4562 2499
8854 2 2 0 6 4562 4920 2499
8855 2 2 0 6 4562 1395 4920
8856 2 2 0 6 2499 4920 854
8857 2 2 0 6 623 4563 2502
8858 2 2 0 6 4563 4922 2502
8859 2 2 0 6 4563 1396 4922
8860 2 2 0 6 2502 4922 855
8861 2 2 0 6 624 4564 2505
8862 2 2 0 6 4564 4924 2505
8863 2 2 0 6 4564 1397 4924
8864 2 2 0 6 2505 4924 856
8865 2 2 0 6 625 4565 2508
8866 2 2 0 6 4565 4918 2508
8867 2 2 0 6 4565 1394 4918
8868 2 2 0 6 2508 4918 857
8869 2 2 0 6 110 5086 78
8870 2 2 0 6 5086 2760 78
8871 2 2 0 6 5086 1255 2760
8872 2 2 0 6 78 2760 109
8873 2 2 0 6 173 5087 141
8874 2 2 0 6 5087 2762 141
8875 2 2 0 6 5087 1256 2762
8876 2 2 0 6 141 2762 172
8877 2 2 0 6 236 5088 204
8878 2 2 0 6 5088 2764 204
8879 2 2 0 6 5088 1257 2764
8880 2 2 0 6 204 2764 235
8881 2 2 0 6 47 5089 15
8882 2 2 0 6 5089 2758 15
8883 2 2 0 6 5089 1254 2758
8884 2 2 0 6 15 2758 46
8885 2 2 0 6 366 3410 3178
8886 2 2 0 6 3410 4210 3178
8887 2 2 0 6 3410 1266 4210
8888 2 2 0 6 3178 4210 862
8889 2 2 0 6 367 3411 3179
8890 2 2 0 6 3411 4211 3179
8891 2 2 0 6 3411 1267 4211
8892 2 2 0 6 3179 4211 863
8893 2 2 0 6 368 3412 3180
8894 2 2 0 6 3412 4212 3180
8895 2 2 0 6 3412 1268 4212
8896 2 2 0 6 3180 4212 864
8897 2 2 0 6 369 3413 3181
8898 2 2 0 6 3413 4213 3181
8899 2 2 0 6 3413 1269 4213
8900 2 2 0 6 3181 4213 865
8901 2 2 0 6 267 3301 4875
8902 2 2 0 6 3301 5090 4875
8903 2 2 0 6 3301 1039 5090
8904 2 2 0 6 4875 5090 1194
8905 2 2 0 6 268 3303 4876
8906 2 2 0 6 3303 5091 4876
8907 2 2 0 6 3303 1040 5091
8908 2 2 0 6 4876 5091 1195
8909 2 2 0 6 269 3305 4877
8910 2 2 0 6 3305 5092 4877
8911 2 2 0 6 3305 1041 5092
8912 2 2 0 6 4877 5092 1196
8913 2 2 0 6 266 3299 4874
8914 2 2 0 6 3299 5093 4874
8915 2 2 0 6 3299 1038 5093
8916 2 2 0 6 4874 5093 1197
8917 2 2 0 6 550 1704 5094
8918 2 2 0 6 1704 5078 5094
8919 2 2 0 6 1704 1014 5078
8920 2 2 0 6 5094 5078 1130
8921 2 2 0 6 551 1707 5095
8922 2 2 0 6 1707 5079 5095
8923 2 2 0 6 1707 1015 5079
8924 2 2 0 6 5095 5079 1131
8925 2 2 0 6 552 1710 5096
8926 2 2 0 6 1710 5080 5096
8927 2 2 0 6 1710 1016 5080
8928 2 2 0 6 5096 5080 1132
8929 2 2 0 6 553 1713 5097
8930 2 2 0 6 1713 5081 5097
8931 2 2 0 6 1713 1017 5081
8932 2 2 0 6 5097 5081 1133
8933 2 2 0 6 518 5098 5099
8934 2 2 0 6 5098 4602 5099
8935 2 2 0 6 5098 859 4602
8936 2 2 0 6 5099 4602 1378
8937 2 2 0 6 519 5100 5101
8938 2 2 0 6 5100 4605 5101
8939 2 2 0 6 5100 860 4605
8940 2 2 0 6 5101 4605 1379
8941 2 2 0 6 520 5102 5103
8942 2 2 0 6 5102 4608 5103
8943 2 2 0 6 5102 861 4608
8944 2 2 0 6 5103 4608 1380
8945 2 2 0 6 521 5104 5105
8946 2 2 0 6 5104 4599 5105
8947 2 2 0 6 5104 858 4599
8948 2 2 0 6 5105 4599 1381
8949 2 2 0 6 682 3147 3818
8950 2 2 0 6 3147 3812 3818
8951 2 2 0 6 3147 902 3812
8952 2 2 0 6 3818 3812 1295
8953 2 2 0 6 683 3150 3820
8954 2 2 0 6 3150 3814 3820
8955 2 2 0 6 3150 903 3814
8956 2 2 0 6 3820 3814 1296
8957 2 2 0 6 684 3153 3822
8958 2 2 0 6 3153 3816 3822
8959 2 2 0 6 3153 904 3816
8960 2 2 0 6 3822 3816 1297
8961 2 2 0 6 685 3156 3824
8962 2 2 0 6 3156 3810 3824
8963 2 2 0 6 3156 905 3810
8964 2 2 0 6 3824 3810 1294
8965 2 2 0 6 282 4687 3378
8966 2 2 0 6 4687 2922 3378
8967 2 2 0 6 4687 878 2922
8968 2 2 0 6 3378 2922 1274
8969 2 2 0 6 283 4689 3380
8970 2 2 0 6 4689 2924 3380
8971 2 2 0 6 4689 879 2924
8972 2 2 0 6 3380 2924 1275
8973 2 2 0 6 284 4691 3382
8974 2 2 0 6 4691 2926 3382
8975 2 2 0 6 4691 880 2926
8976 2 2 0 6 3382 2926 1276
8977 2 2 0 6 285 4693 3384
8978 2 2 0 6 4693 2928 3384
8979 2 2 0 6 4693 881 2928
8980 2 2 0 6 3384 2928 1277
8981 2 2 0 6 252 4669 4500
8982 2 2 0 6 4669 4066 4500
8983 2 2 0 6 4669 1186 4066
8984 2 2 0 6 4500 4066 925
8985 2 2 0 6 63 4666 4494
8986 2 2 0 6 4666 4067 4494
8987 2 2 0 6 4666 1187 4067
8988 2 2 0 6 4494 4067 922
8989 2 2 0 6 126 4667 4496
8990 2 2 0 6 4667 4068 4496
8991 2 2 0 6 4667 1188 4068
8992 2 2 0 6 4496 4068 923
8993 2 2 0 6 189 4668 4498
8994 2 2 0 6 4668 4069 4498
8995 2 2 0 6 4668 1189 4069
8996 2 2 0 6 4498 4069 924
8997 2 2 0 6 102 4487 4671
8998 2 2 0 6 4487 4062 4671
8999 2 2 0 6 4487 919 4062
9000 2 2 0 6 4671 4062 1191
9001 2 2 0 6 165 4489 4672
9002 2 2 0 6 4489 4063 4672
9003 2 2 0 6 4489 920 4063
9004 2 2 0 6 4672 4063 1192
9005 2 2 0 6 228 4491 4673
9006 2 2 0 6 4491 4064 4673
9007 2 2 0 6 4491 921 4064
9008 2 2 0 6 4673 4064 1193
9009 2 2 0 6 39 4493 4670
9010 2 2 0 6 4493 4065 4670
9011 2 2 0 6 4493 918 4065
9012 2 2 0 6 4670 4065 1190
9013 2 2 0 6 631 5106 5107
9014 2 2 0 6 5106 4167 5107
9015 2 2 0 6 5106 1338 4167
9016 2 2 0 6 5107 4167 1490
9017 2 2 0 6 632 5108 5109
9018 2 2 0 6 5108 4169 5109
9019 2 2 0 6 5108 1339 4169
9020 2 2 0 6 5109 4169 1491
9021 2 2 0 6 633 5110 5111
9022 2 2 0 6 5110 4171 5111
9023 2 2 0 6 5110 1340 4171
9024 2 2 0 6 5111 4171 1492
9025 2 2 0 6 630 5112 5113
9026 2 2 0 6 5112 4173 5113
9027 2 2 0 6 5112 1341 4173
9028 2 2 0 6 5113 4173 1493
9029 2 2 0 6 550 5114 5115
9030 2 2 0 6 5114 4802 5115
9031 2 2 0 6 5114 1434 4802
9032 2 2 0 6 5115 4802 1146
9033 2 2 0 6 551 5116 5117
9034 2 2 0 6 5116 4804 5117
9035 2 2 0 6 5116 1435 4804
9036 2 2 0 6 5117 4804 1147
9037 2 2 0 6 552 5118 5119
9038 2 2 0 6 5118 4806 5119
9039 2 2 0 6 5118 1436 4806
9040 2 2 0 6 5119 4806 1148
9041 2 2 0 6 553 5120 5121
9042 2 2 0 6 5120 4808 5121
9043 2 2 0 6 5120 1437 4808
9044 2 2 0 6 5121 4808 1149
9045 2 2 0 6 322 5122 5070
9046 2 2 0 6 5122 1898 5070
9047 2 2 0 6 5122 1314 1898
9048 2 2 0 6 5070 1898 866
9049 2 2 0 6 323 5123 5071
9050 2 2 0 6 5123 1900 5071
9051 2 2 0 6 5123 1315 1900
9052 2 2 0 6 5071 1900 867
9053 2 2 0 6 324 5124 5072
9054 2 2 0 6 5124 1902 5072
9055 2 2 0 6 5124 1316 1902
9056 2 2 0 6 5072 1902 868
9057 2 2 0 6 325 5125 5073
9058 2 2 0 6 5125 1904 5073
9059 2 2 0 6 5125 1317 1904
9060 2 2 0 6 5073 1904 869
9061 2 2 0 6 2 5126 35
9062 2 2 0 6 5126 5127 35
9063 2 2 0 6 5126 1459 5127
9064 2 2 0 6 35 5127 66
9065 2 2 0 6 3 5128 98
9066 2 2 0 6 5128 5129 98
9067 2 2 0 6 5128 1460 5129
9068 2 2 0 6 98 5129 129
9069 2 2 0 6 4 5130 161
9070 2 2 0 6 5130 5131 161
9071 2 2 0 6 5130 1461 5131
9072 2 2 0 6 161 5131 192
9073 2 2 0 6 1 5132 224
9074 2 2 0 6 5132 5133 224
9075 2 2 0 6 5132 1458 5133
9076 2 2 0 6 224 5133 255
9077 2 2 0 6 2 130 5126
9078 2 2 0 6 130 5134 5126
9079 2 2 0 6 130 99 5134
9080 2 2 0 6 5126 5134 1459
9081 2 2 0 6 3 193 5128
9082 2 2 0 6 193 5135 5128
9083 2 2 0 6 193 162 5135
9084 2 2 0 6 5128 5135 1460
9085 2 2 0 6 4 256 5130
9086 2 2 0 6 256 5136 5130
9087 2 2 0 6 256 225 5136
9088 2 2 0 6 5130 5136 1461
9089 2 2 0 6 1 67 5132
9090 2 2 0 6 67 5137 5132
9091 2 2 0 6 67 36 5137
9092 2 2 0 6 5132 5137 1458
9093 2 2 0 6 502 5138 5006
9094 2 2 0 6 5138 4854 5006
9095 2 2 0 6 5138 1398 4854
9096 2 2 0 6 5006 4854 846
9097 2 2 0 6 503 5139 5007
9098 2 2 0 6 5139 4855 5007
9099 2 2 0 6 5139 1399 4855
9100 2 2 0 6 5007 4855 847
9101 2 2 0 6 504 5140 5008
9102 2 2 0 6 5140 4856 5008
9103 2 2 0 6 5140 1400 4856
9104 2 2 0 6 5008 4856 848
9105 2 2 0 6 505 5141 5009
9106 2 2 0 6 5141 4857 5009
9107 2 2 0 6 5141 1401 4857
9108 2 2 0 6 5009 4857 849
9109 2 2 0 6 49 4114 4938
9110 2 2 0 6 4114 2442 4938
9111 2 2 0 6 4114 914 2442
9112 2 2 0 6 4938 2442 1202
9113 2 2 0 6 112 4115 4939
9114 2 2 0 6 4115 2444 4939
9115 2 2 0 6 4115 915 2444
9116 2 2 0 6 4939 2444 1203
9117 2 2 0 6 175 4116 4940
9118 2 2 0 6 4116 2446 4940
9119 2 2 0 6 4116 916 2446
9120 2 2 0 6 4940 2446 1204
9121 2 2 0 6 238 4117 4941
9122 2 2 0 6 4117 2448 4941
9123 2 2 0 6 4117 917 2448
9124 2 2 0 6 4941 2448 1205
9125 2 2 0 6 414 4323 4898
9126 2 2 0 6 4323 5142 4898
9127 2 2 0 6 4323 858 5142
9128 2 2 0 6 4898 5142 1465
9129 2 2 0 6 415 4325 4899
9130 2 2 0 6 4325 5143 4899
9131 2 2 0 6 4325 859 5143
9132 2 2 0 6 4899 5143 1462
9133 2 2 0 6 416 4327 4900
9134 2 2 0 6 4327 5144 4900
9135 2 2 0 6 4327 860 5144
9136 2 2 0 6 4900 5144 1463
9137 2 2 0 6 417 4329 4901
9138 2 2 0 6 4329 5145 4901
9139 2 2 0 6 4329 861 5145
9140 2 2 0 6 4901 5145 1464
9141 2 2 0 6 429 4703 2750
9142 2 2 0 6 4703 2390 2750
9143 2 2 0 6 4703 1393 2390
9144 2 2 0 6 2750 2390 850
9145 2 2 0 6 426 4705 2752
9146 2 2 0 6 4705 2391 2752
9147 2 2 0 6 4705 1390 2391
9148 2 2 0 6 2752 2391 851
9149 2 2 0 6 427 4707 2754
9150 2 2 0 6 4707 2392 2754
9151 2 2 0 6 4707 1391 2392
9152 2 2 0 6 2754 2392 852
9153 2 2 0 6 428 4709 2756
9154 2 2 0 6 4709 2393 2756
9155 2 2 0 6 4709 1392 2393
9156 2 2 0 6 2756 2393 853
9157 2 2 0 6 326 3971 4998
9158 2 2 0 6 3971 4890 4998
9159 2 2 0 6 3971 934 4890
9160 2 2 0 6 4998 4890 1214
9161 2 2 0 6 327 3973 5000
9162 2 2 0 6 3973 4891 5000
9163 2 2 0 6 3973 935 4891
9164 2 2 0 6 5000 4891 1215
9165 2 2 0 6 328 3975 5002
9166 2 2 0 6 3975 4892 5002
9167 2 2 0 6 3975 936 4892
9168 2 2 0 6 5002 4892 1216
9169 2 2 0 6 329 3977 5004
9170 2 2 0 6 3977 4893 5004
9171 2 2 0 6 3977 937 4893
9172 2 2 0 6 5004 4893 1217
9173 2 2 0 6 595 2259 5015
9174 2 2 0 6 2259 5146 5015
9175 2 2 0 6 2259 1370 5146
9176 2 2 0 6 5015 5146 1138
9177 2 2 0 6 596 2261 5016
9178 2 2 0 6 2261 5147 5016
9179 2 2 0 6 2261 1371 5147
9180 2 2 0 6 5016 5147 1139
9181 2 2 0 6 597 2263 5017
9182 2 2 0 6 2263 5148 5017
9183 2 2 0 6 2263 1372 5148
9184 2 2 0 6 5017 5148 1140
9185 2 2 0 6 594 2265 5014
9186 2 2 0 6 2265 5149 5014
9187 2 2 0 6 2265 1373 5149
9188 2 2 0 6 5014 5149 1141
9189 2 2 0 6 670 3443 3794
9190 2 2 0 6 3443 3866 3794
9191 2 2 0 6 3443 942 3866
9192 2 2 0 6 3794 3866 1222
9193 2 2 0 6 671 3445 3796
9194 2 2 0 6 3445 3868 3796
9195 2 2 0 6 3445 943 3868
9196 2 2 0 6 3796 3868 1223
9197 2 2 0 6 672 3447 3798
9198 2 2 0 6 3447 3870 3798
9199 2 2 0 6 3447 944 3870
9200 2 2 0 6 3798 3870 1224
9201 2 2 0 6 673 3449 3800
9202 2 2 0 6 3449 3872 3800
9203 2 2 0 6 3449 945 3872
9204 2 2 0 6 3800 3872 1225
9205 2 2 0 6 626 4299 2592
9206 2 2 0 6 4299 3350 2592
9207 2 2 0 6 4299 1298 3350
9208 2 2 0 6 2592 3350 883
9209 2 2 0 6 627 4300 2594
9210 2 2 0 6 4300 3352 2594
9211 2 2 0 6 4300 1299 3352
9212 2 2 0 6 2594 3352 884
9213 2 2 0 6 628 4301 2596
9214 2 2 0 6 4301 3354 2596
9215 2 2 0 6 4301 1300 3354
9216 2 2 0 6 2596 3354 885
9217 2 2 0 6 629 4298 2590
9218 2 2 0 6 4298 3356 2590
9219 2 2 0 6 4298 1301 3356
9220 2 2 0 6 2590 3356 882
9221 2 2 0 6 244 213 5085
9222 2 2 0 6 213 5150 5085
9223 2 2 0 6 213 245 5150
9224 2 2 0 6 5085 5150 1334
9225 2 2 0 6 55 24 5082
9226 2 2 0 6 24 5151 5082
9227 2 2 0 6 24 56 5151
9228 2 2 0 6 5082 5151 1335
9229 2 2 0 6 118 87 5083
9230 2 2 0 6 87 5152 5083
9231 2 2 0 6 87 119 5152
9232 2 2 0 6 5083 5152 1336
9233 2 2 0 6 181 150 5084
9234 2 2 0 6 150 5153 5084
9235 2 2 0 6 150 182 5153
9236 2 2 0 6 5084 5153 1337
9237 2 2 0 6 434 5154 3506
9238 2 2 0 6 5154 5155 3506
9239 2 2 0 6 5154 1330 5155
9240 2 2 0 6 3506 5155 954
9241 2 2 0 6 435 5156 3508
9242 2 2 0 6 5156 5157 3508
9243 2 2 0 6 5156 1331 5157
9244 2 2 0 6 3508 5157 955
9245 2 2 0 6 436 5158 3510
9246 2 2 0 6 5158 5159 3510
9247 2 2 0 6 5158 1332 5159
9248 2 2 0 6 3510 5159 956
9249 2 2 0 6 437 5160 3512
9250 2 2 0 6 5160 5161 3512
9251 2 2 0 6 5160 1333 5161
9252 2 2 0 6 3512 5161 957
9253 2 2 0 6 257 5162 5164
9254 2 2 0 6 5162 5163 5164
9255 2 2 0 6 5162 1485 5163
9256 2 2 0 6 5164 5163 966
9257 2 2 0 6 257 5165 5167
9258 2 2 0 6 5165 5166 5167
9259 2 2 0 6 5165 1482 5166
9260 2 2 0 6 5167 5166 967
9261 2 2 0 6 257 5168 5170
9262 2 2 0 6 5168 5169 5170
9263 2 2 0 6 5168 1483 5169
9264 2 2 0 6 5170 5169 968
9265 2 2 0 6 257 5171 5173
9266 2 2 0 6 5171 5172 5173
9267 2 2 0 6 5171 1484 5172
9268 2 2 0 6 5173 5172 969
9269 2 2 0 6 257 5164 5165
9270 2 2 0 6 5164 4180 5165
9271 2 2 0 6 5164 966 4180
9272 2 2 0 6 5165 4180 1482
9273 2 2 0 6 257 5167 5168
9274 2 2 0 6 5167 4183 5168
9275 2 2 0 6 5167 967 4183
9276 2 2 0 6 5168 4183 1483
9277 2 2 0 6 257 5170 5171
9278 2 2 0 6 5170 4186 5171
9279 2 2 0 6 5170 968 4186
9280 2 2 0 6 5171 4186 1484
9281 2 2 0 6 257 5173 5162
9282 2 2 0 6 5173 4189 5162
9283 2 2 0 6 5173 969 4189
9284 2 2 0 6 5162 4189 1485
9285 2 2 0 6 518 4845 5098
9286 2 2 0 6 4845 5143 5098
9287 2 2 0 6 4845 1462 5143
9288 2 2 0 6 5098 5143 859
9289 2 2 0 6 519 4847 5100
9290 2 2 0 6 4847 5144 5100
9291 2 2 0 6 4847 1463 5144
9292 2 2 0 6 5100 5144 860
9293 2 2 0 6 520 4849 5102
9294 2 2 0 6 4849 5145 5102
9295 2 2 0 6 4849 1464 5145
9296 2 2 0 6 5102 5145 861
9297 2 2 0 6 521 4843 5104
9298 2 2 0 6 4843 5142 5104
9299 2 2 0 6 4843 1465 5142
9300 2 2 0 6 5104 5142 858
9301 2 2 0 6 104 2611 72
9302 2 2 0 6 2611 4826 72
9303 2 2 0 6 2611 1383 4826
9304 2 2 0 6 72 4826 103
9305 2 2 0 6 167 2614 135
9306 2 2 0 6 2614 4827 135
9307 2 2 0 6 2614 1384 4827
9308 2 2 0 6 135 4827 166
9309 2 2 0 6 230 2617 198
9310 2 2 0 6 2617 4828 198
9311 2 2 0 6 2617 1385 4828
9312 2 2 0 6 198 4828 229
9313 2 2 0 6 41 2608 9
9314 2 2 0 6 2608 4829 9
9315 2 2 0 6 2608 1382 4829
9316 2 2 0 6 9 4829 40
9317 2 2 0 6 250 219 2618
9318 2 2 0 6 219 4833 2618
9319 2 2 0 6 219 251 4833
9320 2 2 0 6 2618 4833 1386
9321 2 2 0 6 61 30 2621
9322 2 2 0 6 30 4830 2621
9323 2 2 0 6 30 62 4830
9324 2 2 0 6 2621 4830 1387
9325 2 2 0 6 124 93 2624
9326 2 2 0 6 93 4831 2624
9327 2 2 0 6 93 125 4831
9328 2 2 0 6 2624 4831 1388
9329 2 2 0 6 187 156 2627
9330 2 2 0 6 156 4832 2627
9331 2 2 0 6 156 188 4832
9332 2 2 0 6 2627 4832 1389
9333 2 2 0 6 611 4018 2243
9334 2 2 0 6 4018 5174 2243
9335 2 2 0 6 4018 1159 5174
9336 2 2 0 6 2243 5174 1043
9337 2 2 0 6 612 4019 2246
9338 2 2 0 6 4019 5175 2246
9339 2 2 0 6 4019 1160 5175
9340 2 2 0 6 2246 5175 1044
9341 2 2 0 6 613 4020 2249
9342 2 2 0 6 4020 5176 2249
9343 2 2 0 6 4020 1161 5176
9344 2 2 0 6 2249 5176 1045
9345 2 2 0 6 610 4021 2252
9346 2 2 0 6 4021 5177 2252
9347 2 2 0 6 4021 1158 5177
9348 2 2 0 6 2252 5177 1042
9349 2 2 0 6 525 5178 2814
9350 2 2 0 6 5178 5177 2814
9351 2 2 0 6 5178 1042 5177
9352 2 2 0 6 2814 5177 1158
9353 2 2 0 6 522 5179 2817
9354 2 2 0 6 5179 5174 2817
9355 2 2 0 6 5179 1043 5174
9356 2 2 0 6 2817 5174 1159
9357 2 2 0 6 523 5180 2820
9358 2 2 0 6 5180 5175 2820
9359 2 2 0 6 5180 1044 5175
9360 2 2 0 6 2820 5175 1160
9361 2 2 0 6 524 5181 2823
9362 2 2 0 6 5181 5176 2823
9363 2 2 0 6 5181 1045 5176
9364 2 2 0 6 2823 5176 1161
9365 2 2 0 6 363 3252 4799
9366 2 2 0 6 3252 5182 4799
9367 2 2 0 6 3252 1235 5182
9368 2 2 0 6 4799 5182 1035
9369 2 2 0 6 364 3254 4800
9370 2 2 0 6 3254 5183 4800
9371 2 2 0 6 3254 1236 5183
9372 2 2 0 6 4800 5183 1036
9373 2 2 0 6 362 3250 4798
9374 2 2 0 6 3250 5184 4798
9375 2 2 0 6 3250 1234 5184
9376 2 2 0 6 4798 5184 1034
9377 2 2 0 6 365 3256 4801
9378 2 2 0 6 3256 5185 4801
9379 2 2 0 6 3256 1237 5185
9380 2 2 0 6 4801 5185 1037
9381 2 2 0 6 538 4679 5186
9382 2 2 0 6 4679 5184 5186
9383 2 2 0 6 4679 1034 5184
9384 2 2 0 6 5186 5184 1234
9385 2 2 0 6 539 4681 5187
9386 2 2 0 6 4681 5182 5187
9387 2 2 0 6 4681 1035 5182
9388 2 2 0 6 5187 5182 1235
9389 2 2 0 6 540 4683 5188
9390 2 2 0 6 4683 5183 5188
9391 2 2 0 6 4683 1036 5183
9392 2 2 0 6 5188 5183 1236
9393 2 2 0 6 541 4685 5189
9394 2 2 0 6 4685 5185 5189
9395 2 2 0 6 4685 1037 5185
9396 2 2 0 6 5189 5185 1237
9397 2 2 0 6 337 3323 2310
9398 2 2 0 6 3323 5190 2310
9399 2 2 0 6 3323 1013 5190
9400 2 2 0 6 2310 5190 1253
9401 2 2 0 6 334 3325 2312
9402 2 2 0 6 3325 5191 2312
9403 2 2 0 6 3325 1010 5191
9404 2 2 0 6 2312 5191 1250
9405 2 2 0 6 335 3327 2314
9406 2 2 0 6 3327 5192 2314
9407 2 2 0 6 3327 1011 5192
9408 2 2 0 6 2314 5192 1251
9409 2 2 0 6 336 3329 2316
9410 2 2 0 6 3329 5193 2316
9411 2 2 0 6 3329 1012 5193
9412 2 2 0 6 2316 5193 1252
9413 2 2 0 6 65 34 5195
9414 2 2 0 6 34 5194 5195
9415 2 2 0 6 34 66 5194
9416 2 2 0 6 5195 5194 1475
9417 2 2 0 6 128 97 5197
9418 2 2 0 6 97 5196 5197
9419 2 2 0 6 97 129 5196
9420 2 2 0 6 5197 5196 1476
9421 2 2 0 6 191 160 5199
9422 2 2 0 6 160 5198 5199
9423 2 2 0 6 160 192 5198
9424 2 2 0 6 5199 5198 1477
9425 2 2 0 6 254 223 5201
9426 2 2 0 6 223 5200 5201
9427 2 2 0 6 223 255 5200
9428 2 2 0 6 5201 5200 1474
9429 2 2 0 6 100 5202 68
9430 2 2 0 6 5202 5203 68
9431 2 2 0 6 5202 1479 5203
9432 2 2 0 6 68 5203 99
9433 2 2 0 6 163 5204 131
9434 2 2 0 6 5204 5205 131
9435 2 2 0 6 5204 1480 5205
9436 2 2 0 6 131 5205 162
9437 2 2 0 6 226 5206 194
9438 2 2 0 6 5206 5207 194
9439 2 2 0 6 5206 1481 5207
9440 2 2 0 6 194 5207 225
9441 2 2 0 6 37 5208 5
9442 2 2 0 6 5208 5209 5
9443 2 2 0 6 5208 1478 5209
9444 2 2 0 6 5 5209 36
9445 2 2 0 6 469 4766 2730
9446 2 2 0 6 4766 5210 2730
9447 2 2 0 6 4766 1341 5210
9448 2 2 0 6 2730 5210 1074
9449 2 2 0 6 466 4767 2733
9450 2 2 0 6 4767 5211 2733
9451 2 2 0 6 4767 1338 5211
9452 2 2 0 6 2733 5211 1075
9453 2 2 0 6 467 4768 2736
9454 2 2 0 6 4768 5212 2736
9455 2 2 0 6 4768 1339 5212
9456 2 2 0 6 2736 5212 1076
9457 2 2 0 6 468 4769 2739
9458 2 2 0 6 4769 5213 2739
9459 2 2 0 6 4769 1340 5213
9460 2 2 0 6 2739 5213 1077
9461 2 2 0 6 454 3284 3486
9462 2 2 0 6 3284 4422 3486
9463 2 2 0 6 3284 890 4422
9464 2 2 0 6 3486 4422 1354
9465 2 2 0 6 455 3287 3489
9466 2 2 0 6 3287 4424 3489
9467 2 2 0 6 3287 891 4424
9468 2 2 0 6 3489 4424 1355
9469 2 2 0 6 456 3290 3492
9470 2 2 0 6 3290 4426 3492
9471 2 2 0 6 3290 892 4426
9472 2 2 0 6 3492 4426 1356
9473 2 2 0 6 457 3293 3495
9474 2 2 0 6 3293 4428 3495
9475 2 2 0 6 3293 893 4428
9476 2 2 0 6 3495 4428 1357
9477 2 2 0 6 389 3422 4816
9478 2 2 0 6 3422 3358 4816
9479 2 2 0 6 3422 898 3358
9480 2 2 0 6 4816 3358 1310
9481 2 2 0 6 386 3423 4810
9482 2 2 0 6 3423 3359 4810
9483 2 2 0 6 3423 899 3359
9484 2 2 0 6 4810 3359 1311
9485 2 2 0 6 387 3424 4812
9486 2 2 0 6 3424 3360 4812
9487 2 2 0 6 3424 900 3360
9488 2 2 0 6 4812 3360 1312
9489 2 2 0 6 388 3425 4814
9490 2 2 0 6 3425 3361 4814
9491 2 2 0 6 3425 901 3361
9492 2 2 0 6 4814 3361 1313
9493 2 2 0 6 566 4099 2914
9494 2 2 0 6 4099 5214 2914
9495 2 2 0 6 4099 1210 5214
9496 2 2 0 6 2914 5214 1402
9497 2 2 0 6 567 4101 2916
9498 2 2 0 6 4101 5215 2916
9499 2 2 0 6 4101 1211 5215
9500 2 2 0 6 2916 5215 1403
9501 2 2 0 6 568 4103 2918
9502 2 2 0 6 4103 5216 2918
9503 2 2 0 6 4103 1212 5216
9504 2 2 0 6 2918 5216 1404
9505 2 2 0 6 569 4105 2920
9506 2 2 0 6 4105 5217 2920
9507 2 2 0 6 4105 1213 5217
9508 2 2 0 6 2920 5217 1405
9509 2 2 0 6 606 2419 1870
9510 2 2 0 6 2419 3451 1870
9511 2 2 0 6 2419 1126 3451
9512 2 2 0 6 1870 3451 1374
9513 2 2 0 6 607 2421 1872
9514 2 2 0 6 2421 3454 1872
9515 2 2 0 6 2421 1127 3454
9516 2 2 0 6 1872 3454 1375
9517 2 2 0 6 608 2423 1874
9518 2 2 0 6 2423 3457 1874
9519 2 2 0 6 2423 1128 3457
9520 2 2 0 6 1874 3457 1376
9521 2 2 0 6 609 2425 1876
9522 2 2 0 6 2425 3460 1876
9523 2 2 0 6 2425 1129 3460
9524 2 2 0 6 1876 3460 1377
9525 2 2 0 6 406 4726 2902
9526 2 2 0 6 4726 5010 2902
9527 2 2 0 6 4726 974 5010
9528 2 2 0 6 2902 5010 1246
9529 2 2 0 6 407 4727 2905
9530 2 2 0 6 4727 5011 2905
9531 2 2 0 6 4727 975 5011
9532 2 2 0 6 2905 5011 1247
9533 2 2 0 6 408 4728 2908
9534 2 2 0 6 4728 5013 2908
9535 2 2 0 6 4728 976 5013
9536 2 2 0 6 2908 5013 1248
9537 2 2 0 6 409 4729 2911
9538 2 2 0 6 4729 5012 2911
9539 2 2 0 6 4729 977 5012
9540 2 2 0 6 2911 5012 1249
9541 2 2 0 6 578 3935 2078
9542 2 2 0 6 3935 5218 2078
9543 2 2 0 6 3935 1438 5218
9544 2 2 0 6 2078 5218 1102
9545 2 2 0 6 579 3937 2080
9546 2 2 0 6 3937 5219 2080
9547 2 2 0 6 3937 1439 5219
9548 2 2 0 6 2080 5219 1103
9549 2 2 0 6 580 3939 2082
9550 2 2 0 6 3939 5220 2082
9551 2 2 0 6 3939 1440 5220
9552 2 2 0 6 2082 5220 1104
9553 2 2 0 6 581 3941 2084
9554 2 2 0 6 3941 5221 2084
9555 2 2 0 6 3941 1441 5221
9556 2 2 0 6 2084 5221 1105
9557 2 2 0 6 754 4379 4538
9558 2 2 0 6 4379 5218 4538
9559 2 2 0 6 4379 1102 5218
9560 2 2 0 6 4538 5218 1438
9561 2 2 0 6 755 4381 4539
9562 2 2 0 6 4381 5219 4539
9563 2 2 0 6 4381 1103 5219
9564 2 2 0 6 4539 5219 1439
9565 2 2 0 6 756 4383 4540
9566 2 2 0 6 4383 5220 4540
9567 2 2 0 6 4383 1104 5220
9568 2 2 0 6 4540 5220 1440
9569 2 2 0 6 757 4385 4541
9570 2 2 0 6 4385 5221 4541
9571 2 2 0 6 4385 1105 5221
9572 2 2 0 6 4541 5221 1441
9573 2 2 0 6 373 3415 3892
9574 2 2 0 6 3415 5222 3892
9575 2 2 0 6 3415 1153 5222
9576 2 2 0 6 3892 5222 1117
9577 2 2 0 6 370 3417 3886
9578 2 2 0 6 3417 5223 3886
9579 2 2 0 6 3417 1150 5223
9580 2 2 0 6 3886 5223 1114
9581 2 2 0 6 371 3419 3888
9582 2 2 0 6 3419 5224 3888
9583 2 2 0 6 3419 1151 5224
9584 2 2 0 6 3888 5224 1115
9585 2 2 0 6 372 3421 3890
9586 2 2 0 6 3421 5225 3890
9587 2 2 0 6 3421 1152 5225
9588 2 2 0 6 3890 5225 1116
9589 2 2 0 6 534 4647 4481
9590 2 2 0 6 4647 5222 4481
9591 2 2 0 6 4647 1117 5222
9592 2 2 0 6 4481 5222 1153
9593 2 2 0 6 535 4649 4478
9594 2 2 0 6 4649 5223 4478
9595 2 2 0 6 4649 1114 5223
9596 2 2 0 6 4478 5223 1150
9597 2 2 0 6 536 4651 4479
9598 2 2 0 6 4651 5224 4479
9599 2 2 0 6 4651 1115 5224
9600 2 2 0 6 4479 5224 1151
9601 2 2 0 6 537 4653 4480
9602 2 2 0 6 4653 5225 4480
9603 2 2 0 6 4653 1116 5225
9604 2 2 0 6 4480 5225 1152
9605 2 2 0 6 275 3682 4310
9606 2 2 0 6 3682 5226 4310
9607 2 2 0 6 3682 1003 5226
9608 2 2 0 6 4310 5226 1243
9609 2 2 0 6 276 3683 4312
9610 2 2 0 6 3683 5227 4312
9611 2 2 0 6 3683 1004 5227
9612 2 2 0 6 4312 5227 1244
9613 2 2 0 6 277 3684 4314
9614 2 2 0 6 3684 5228 4314
9615 2 2 0 6 3684 1005 5228
9616 2 2 0 6 4314 5228 1245
9617 2 2 0 6 274 3685 4316
9618 2 2 0 6 3685 5229 4316
9619 2 2 0 6 3685 1002 5229
9620 2 2 0 6 4316 5229 1242
9621 2 2 0 6 614 2437 2412
9622 2 2 0 6 2437 5230 2412
9623 2 2 0 6 2437 1174 5230
9624 2 2 0 6 2412 5230 1171
9625 2 2 0 6 615 2439 2414
9626 2 2 0 6 2439 5231 2414
9627 2 2 0 6 2439 1175 5231
9628 2 2 0 6 2414 5231 1172
9629 2 2 0 6 616 2441 2416
9630 2 2 0 6 2441 5232 2416
9631 2 2 0 6 2441 1176 5232
9632 2 2 0 6 2416 5232 1173
9633 2 2 0 6 617 2435 2410
9634 2 2 0 6 2435 5233 2410
9635 2 2 0 6 2435 1177 5233
9636 2 2 0 6 2410 5233 1170
9637 2 2 0 6 258 4982 3806
9638 2 2 0 6 4982 5230 3806
9639 2 2 0 6 4982 1171 5230
9640 2 2 0 6 3806 5230 1174
9641 2 2 0 6 259 4983 3807
9642 2 2 0 6 4983 5231 3807
9643 2 2 0 6 4983 1172 5231
9644 2 2 0 6 3807 5231 1175
9645 2 2 0 6 260 4984 3808
9646 2 2 0 6 4984 5232 3808
9647 2 2 0 6 4984 1173 5232
9648 2 2 0 6 3808 5232 1176
9649 2 2 0 6 261 4985 3809
9650 2 2 0 6 4985 5233 3809
9651 2 2 0 6 4985 1170 5233
9652 2 2 0 6 3809 5233 1177
9653 2 2 0 6 306 4423 1675
9654 2 2 0 6 4423 4906 1675
9655 2 2 0 6 4423 890 4906
9656 2 2 0 6 1675 4906 1442
9657 2 2 0 6 307 4425 1677
9658 2 2 0 6 4425 4907 1677
9659 2 2 0 6 4425 891 4907
9660 2 2 0 6 1677 4907 1443
9661 2 2 0 6 308 4427 1679
9662 2 2 0 6 4427 4908 1679
9663 2 2 0 6 4427 892 4908
9664 2 2 0 6 1679 4908 1444
9665 2 2 0 6 309 4429 1681
9666 2 2 0 6 4429 4909 1681
9667 2 2 0 6 4429 893 4909
9668 2 2 0 6 1681 4909 1445
9669 2 2 0 6 510 4746 4158
9670 2 2 0 6 4746 2582 4158
9671 2 2 0 6 4746 1110 2582
9672 2 2 0 6 4158 2582 1290
9673 2 2 0 6 511 4747 4160
9674 2 2 0 6 4747 2584 4160
9675 2 2 0 6 4747 1111 2584
9676 2 2 0 6 4160 2584 1291
9677 2 2 0 6 512 4748 4162
9678 2 2 0 6 4748 2586 4162
9679 2 2 0 6 4748 1112 2586
9680 2 2 0 6 4162 2586 1292
9681 2 2 0 6 513 4749 4164
9682 2 2 0 6 4749 2588 4164
9683 2 2 0 6 4749 1113 2588
9684 2 2 0 6 4164 2588 1293
9685 2 2 0 6 545 5234 4506
9686 2 2 0 6 5234 5093 4506
9687 2 2 0 6 5234 1197 5093
9688 2 2 0 6 4506 5093 1038
9689 2 2 0 6 542 5235 4509
9690 2 2 0 6 5235 5090 4509
9691 2 2 0 6 5235 1194 5090
9692 2 2 0 6 4509 5090 1039
9693 2 2 0 6 543 5236 4512
9694 2 2 0 6 5236 5091 4512
9695 2 2 0 6 5236 1195 5091
9696 2 2 0 6 4512 5091 1040
9697 2 2 0 6 544 5237 4515
9698 2 2 0 6 5237 5092 4515
9699 2 2 0 6 5237 1196 5092
9700 2 2 0 6 4515 5092 1041
9701 2 2 0 6 278 4902 5238
9702 2 2 0 6 4902 5146 5238
9703 2 2 0 6 4902 1138 5146
9704 2 2 0 6 5238 5146 1370
9705 2 2 0 6 279 4903 5239
9706 2 2 0 6 4903 5147 5239
9707 2 2 0 6 4903 1139 5147
9708 2 2 0 6 5239 5147 1371
9709 2 2 0 6 280 4904 5240
9710 2 2 0 6 4904 5148 5240
9711 2 2 0 6 4904 1140 5148
9712 2 2 0 6 5240 5148 1372
9713 2 2 0 6 281 4905 5241
9714 2 2 0 6 4905 5149 5241
9715 2 2 0 6 4905 1141 5149
9716 2 2 0 6 5241 5149 1373
9717 2 2 0 6 514 2095 5242
9718 2 2 0 6 2095 5229 5242
9719 2 2 0 6 2095 1242 5229
9720 2 2 0 6 5242 5229 1002
9721 2 2 0 6 515 2097 5243
9722 2 2 0 6 2097 5226 5243
9723 2 2 0 6 2097 1243 5226
9724 2 2 0 6 5243 5226 1003
9725 2 2 0 6 516 2099 5244
9726 2 2 0 6 2099 5227 5244
9727 2 2 0 6 2099 1244 5227
9728 2 2 0 6 5244 5227 1004
9729 2 2 0 6 517 2101 5245
9730 2 2 0 6 2101 5228 5245
9731 2 2 0 6 2101 1245 5228
9732 2 2 0 6 5245 5228 1005
9733 2 2 0 6 483 3979 4694
9734 2 2 0 6 3979 4850 4694
9735 2 2 0 6 3979 1095 4850
9736 2 2 0 6 4694 4850 1366
9737 2 2 0 6 484 3981 4696
9738 2 2 0 6 3981 4851 4696
9739 2 2 0 6 3981 1096 4851
9740 2 2 0 6 4696 4851 1367
9741 2 2 0 6 485 3983 4698
9742 2 2 0 6 3983 4852 4698
9743 2 2 0 6 3983 1097 4852
9744 2 2 0 6 4698 4852 1368
9745 2 2 0 6 482 3985 4700
9746 2 2 0 6 3985 4853 4700
9747 2 2 0 6 3985 1094 4853
9748 2 2 0 6 4700 4853 1369
9749 2 2 0 6 538 5246 4034
9750 2 2 0 6 5246 4286 4034
9751 2 2 0 6 5246 1318 4286
9752 2 2 0 6 4034 4286 1134
9753 2 2 0 6 539 5247 4036
9754 2 2 0 6 5247 4287 4036
9755 2 2 0 6 5247 1319 4287
9756 2 2 0 6 4036 4287 1135
9757 2 2 0 6 540 5248 4038
9758 2 2 0 6 5248 4288 4038
9759 2 2 0 6 5248 1320 4288
9760 2 2 0 6 4038 4288 1136
9761 2 2 0 6 541 5249 4040
9762 2 2 0 6 5249 4289 4040
9763 2 2 0 6 5249 1321 4289
9764 2 2 0 6 4040 4289 1137
9765 2 2 0 6 502 2143 5250
9766 2 2 0 6 2143 5155 5250
9767 2 2 0 6 2143 954 5155
9768 2 2 0 6 5250 5155 1330
9769 2 2 0 6 503 2145 5251
9770 2 2 0 6 2145 5157 5251
9771 2 2 0 6 2145 955 5157
9772 2 2 0 6 5251 5157 1331
9773 2 2 0 6 504 2147 5252
9774 2 2 0 6 2147 5159 5252
9775 2 2 0 6 2147 956 5159
9776 2 2 0 6 5252 5159 1332
9777 2 2 0 6 505 2149 5253
9778 2 2 0 6 2149 5161 5253
9779 2 2 0 6 2149 957 5161
9780 2 2 0 6 5253 5161 1333
9781 2 2 0 6 506 2004 4242
9782 2 2 0 6 2004 5191 4242
9783 2 2 0 6 2004 1250 5191
9784 2 2 0 6 4242 5191 1010
9785 2 2 0 6 507 2007 4243
9786 2 2 0 6 2007 5192 4243
9787 2 2 0 6 2007 1251 5192
9788 2 2 0 6 4243 5192 1011
9789 2 2 0 6 508 2010 4244
9790 2 2 0 6 2010 5193 4244
9791 2 2 0 6 2010 1252 5193
9792 2 2 0 6 4244 5193 1012
9793 2 2 0 6 509 2013 4245
9794 2 2 0 6 2013 5190 4245
9795 2 2 0 6 2013 1253 5190
9796 2 2 0 6 4245 5190 1013
9797 2 2 0 6 702 4871 3964
9798 2 2 0 6 4871 5254 3964
9799 2 2 0 6 4871 1258 5254
9800 2 2 0 6 3964 5254 1030
9801 2 2 0 6 703 4872 3966
9802 2 2 0 6 4872 5255 3966
9803 2 2 0 6 4872 1259 5255
9804 2 2 0 6 3966 5255 1031
9805 2 2 0 6 704 4873 3968
9806 2 2 0 6 4873 5256 3968
9807 2 2 0 6 4873 1260 5256
9808 2 2 0 6 3968 5256 1032
9809 2 2 0 6 705 4870 3962
9810 2 2 0 6 4870 5257 3962
9811 2 2 0 6 4870 1261 5257
9812 2 2 0 6 3962 5257 1033
9813 2 2 0 6 518 5258 5259
9814 2 2 0 6 5258 5254 5259
9815 2 2 0 6 5258 1030 5254
9816 2 2 0 6 5259 5254 1258
9817 2 2 0 6 519 5260 5261
9818 2 2 0 6 5260 5255 5261
9819 2 2 0 6 5260 1031 5255
9820 2 2 0 6 5261 5255 1259
9821 2 2 0 6 520 5262 5263
9822 2 2 0 6 5262 5256 5263
9823 2 2 0 6 5262 1032 5256
9824 2 2 0 6 5263 5256 1260
9825 2 2 0 6 521 5264 5265
9826 2 2 0 6 5264 5257 5265
9827 2 2 0 6 5264 1033 5257
9828 2 2 0 6 5265 5257 1261
9829 2 2 0 6 100 2811 5202
9830 2 2 0 6 2811 4963 5202
9831 2 2 0 6 2811 946 4963
9832 2 2 0 6 5202 4963 1479
9833 2 2 0 6 163 2812 5204
9834 2 2 0 6 2812 4965 5204
9835 2 2 0 6 2812 947 4965
9836 2 2 0 6 5204 4965 1480
9837 2 2 0 6 226 2813 5206
9838 2 2 0 6 2813 4967 5206
9839 2 2 0 6 2813 948 4967
9840 2 2 0 6 5206 4967 1481
9841 2 2 0 6 37 2810 5208
9842 2 2 0 6 2810 4969 5208
9843 2 2 0 6 2810 949 4969
9844 2 2 0 6 5208 4969 1478
9845 2 2 0 6 254 5201 2806
9846 2 2 0 6 5201 4976 2806
9847 2 2 0 6 5201 1474 4976
9848 2 2 0 6 2806 4976 953
9849 2 2 0 6 65 5195 2807
9850 2 2 0 6 5195 4970 2807
9851 2 2 0 6 5195 1475 4970
9852 2 2 0 6 2807 4970 950
9853 2 2 0 6 128 5197 2808
9854 2 2 0 6 5197 4972 2808
9855 2 2 0 6 5197 1476 4972
9856 2 2 0 6 2808 4972 951
9857 2 2 0 6 191 5199 2809
9858 2 2 0 6 5199 4974 2809
9859 2 2 0 6 5199 1477 4974
9860 2 2 0 6 2809 4974 952
9861 2 2 0 6 333 3009 3835
9862 2 2 0 6 3009 5266 3835
9863 2 2 0 6 3009 1262 5266
9864 2 2 0 6 3835 5266 1078
9865 2 2 0 6 330 3006 3826
9866 2 2 0 6 3006 5267 3826
9867 2 2 0 6 3006 1263 5267
9868 2 2 0 6 3826 5267 1079
9869 2 2 0 6 331 3007 3829
9870 2 2 0 6 3007 5268 3829
9871 2 2 0 6 3007 1264 5268
9872 2 2 0 6 3829 5268 1080
9873 2 2 0 6 332 3008 3832
9874 2 2 0 6 3008 5269 3832
9875 2 2 0 6 3008 1265 5269
9876 2 2 0 6 3832 5269 1081
9877 2 2 0 6 545 4508 2946
9878 2 2 0 6 4508 5266 2946
9879 2 2 0 6 4508 1078 5266
9880 2 2 0 6 2946 5266 1262
9881 2 2 0 6 542 4511 2948
9882 2 2 0 6 4511 5267 2948
9883 2 2 0 6 4511 1079 5267
9884 2 2 0 6 2948 5267 1263
9885 2 2 0 6 543 4514 2950
9886 2 2 0 6 4514 5268 2950
9887 2 2 0 6 4514 1080 5268
9888 2 2 0 6 2950 5268 1264
9889 2 2 0 6 544 4517 2952
9890 2 2 0 6 4517 5269 2952
9891 2 2 0 6 4517 1081 5269
9892 2 2 0 6 2952 5269 1265
9893 2 2 0 6 270 1860 2130
9894 2 2 0 6 1860 3507 2130
9895 2 2 0 6 1860 1374 3507
9896 2 2 0 6 2130 3507 954
9897 2 2 0 6 271 1863 2133
9898 2 2 0 6 1863 3509 2133
9899 2 2 0 6 1863 1375 3509
9900 2 2 0 6 2133 3509 955
9901 2 2 0 6 272 1866 2136
9902 2 2 0 6 1866 3511 2136
9903 2 2 0 6 1866 1376 3511
9904 2 2 0 6 2136 3511 956
9905 2 2 0 6 273 1869 2139
9906 2 2 0 6 1869 3513 2139
9907 2 2 0 6 1869 1377 3513
9908 2 2 0 6 2139 3513 957
9909 2 2 0 6 358 3910 4820
9910 2 2 0 6 3910 5270 4820
9911 2 2 0 6 3910 1090 5270
9912 2 2 0 6 4820 5270 1258
9913 2 2 0 6 359 3911 4822
9914 2 2 0 6 3911 5271 4822
9915 2 2 0 6 3911 1091 5271
9916 2 2 0 6 4822 5271 1259
9917 2 2 0 6 360 3912 4824
9918 2 2 0 6 3912 5272 4824
9919 2 2 0 6 3912 1092 5272
9920 2 2 0 6 4824 5272 1260
9921 2 2 0 6 361 3913 4818
9922 2 2 0 6 3913 5273 4818
9923 2 2 0 6 3913 1093 5273
9924 2 2 0 6 4818 5273 1261
9925 2 2 0 6 490 5274 5275
9926 2 2 0 6 5274 4188 5275
9927 2 2 0 6 5274 1485 4188
9928 2 2 0 6 5275 4188 1454
9929 2 2 0 6 491 5276 5277
9930 2 2 0 6 5276 4179 5277
9931 2 2 0 6 5276 1482 4179
9932 2 2 0 6 5277 4179 1455
9933 2 2 0 6 492 5278 5279
9934 2 2 0 6 5278 4182 5279
9935 2 2 0 6 5278 1483 4182
9936 2 2 0 6 5279 4182 1456
9937 2 2 0 6 493 5280 5281
9938 2 2 0 6 5280 4185 5281
9939 2 2 0 6 5280 1484 4185
9940 2 2 0 6 5281 4185 1457
9941 2 2 0 6 110 3802 5086
9942 2 2 0 6 3802 5282 5086
9943 2 2 0 6 3802 1043 5282
9944 2 2 0 6 5086 5282 1255
9945 2 2 0 6 173 3803 5087
9946 2 2 0 6 3803 5283 5087
9947 2 2 0 6 3803 1044 5283
9948 2 2 0 6 5087 5283 1256
9949 2 2 0 6 236 3804 5088
9950 2 2 0 6 3804 5284 5088
9951 2 2 0 6 3804 1045 5284
9952 2 2 0 6 5088 5284 1257
9953 2 2 0 6 47 3805 5089
9954 2 2 0 6 3805 5285 5089
9955 2 2 0 6 3805 1042 5285
9956 2 2 0 6 5089 5285 1254
9957 2 2 0 6 334 4407 3324
9958 2 2 0 6 4407 4043 3324
9959 2 2 0 6 4407 1410 4043
9960 2 2 0 6 3324 4043 958
9961 2 2 0 6 335 4408 3326
9962 2 2 0 6 4408 4045 3326
9963 2 2 0 6 4408 1411 4045
9964 2 2 0 6 3326 4045 959
9965 2 2 0 6 336 4409 3328
9966 2 2 0 6 4409 4047 3328
9967 2 2 0 6 4409 1412 4047
9968 2 2 0 6 3328 4047 960
9969 2 2 0 6 337 4406 3322
9970 2 2 0 6 4406 4049 3322
9971 2 2 0 6 4406 1413 4049
9972 2 2 0 6 3322 4049 961
9973 2 2 0 6 107 4662 4618
9974 2 2 0 6 4662 5286 4618
9975 2 2 0 6 4662 1030 5286
9976 2 2 0 6 4618 5286 1378
9977 2 2 0 6 170 4663 4619
9978 2 2 0 6 4663 5287 4619
9979 2 2 0 6 4663 1031 5287
9980 2 2 0 6 4619 5287 1379
9981 2 2 0 6 233 4664 4620
9982 2 2 0 6 4664 5288 4620
9983 2 2 0 6 4664 1032 5288
9984 2 2 0 6 4620 5288 1380
9985 2 2 0 6 44 4665 4621
9986 2 2 0 6 4665 5289 4621
9987 2 2 0 6 4665 1033 5289
9988 2 2 0 6 4621 5289 1381
9989 2 2 0 6 522 3277 5179
9990 2 2 0 6 3277 5282 5179
9991 2 2 0 6 3277 1255 5282
9992 2 2 0 6 5179 5282 1043
9993 2 2 0 6 523 3279 5180
9994 2 2 0 6 3279 5283 5180
9995 2 2 0 6 3279 1256 5283
9996 2 2 0 6 5180 5283 1044
9997 2 2 0 6 524 3281 5181
9998 2 2 0 6 3281 5284 5181
9999 2 2 0 6 3281 1257 5284
10000 2 2 0 6 5181 5284 1045
10001 2 2 0 6 525 3275 5178
10002 2 2 0 6 3275 5285 5178
10003 2 2 0 6 3275 1254 5285
10004 2 2 0 6 5178 5285 1042
10005 2 2 0 6 514 5242 2866
10006 2 2 0 6 5242 4817 2866
10007 2 2 0 6 5242 1002 4817
10008 2 2 0 6 2866 4817 1310
10009 2 2 0 6 515 5243 2869
10010 2 2 0 6 5243 4811 2869
10011 2 2 0 6 5243 1003 4811
10012 2 2 0 6 2869 4811 1311
10013 2 2 0 6 516 5244 2872
10014 2 2 0 6 5244 4813 2872
10015 2 2 0 6 5244 1004 4813
10016 2 2 0 6 2872 4813 1312
10017 2 2 0 6 517 5245 2875
10018 2 2 0 6 5245 4815 2875
10019 2 2 0 6 5245 1005 4815
10020 2 2 0 6 2875 4815 1313
10021 2 2 0 6 354 4734 1758
10022 2 2 0 6 4734 5290 1758
10023 2 2 0 6 4734 1278 5290
10024 2 2 0 6 1758 5290 1046
10025 2 2 0 6 355 4735 1761
10026 2 2 0 6 4735 5291 1761
10027 2 2 0 6 4735 1279 5291
10028 2 2 0 6 1761 5291 1047
10029 2 2 0 6 356 4736 1764
10030 2 2 0 6 4736 5292 1764
10031 2 2 0 6 4736 1280 5292
10032 2 2 0 6 1764 5292 1048
10033 2 2 0 6 357 4737 1767
10034 2 2 0 6 4737 5293 1767
10035 2 2 0 6 4737 1281 5293
10036 2 2 0 6 1767 5293 1049
10037 2 2 0 6 530 4988 4118
10038 2 2 0 6 4988 5291 4118
10039 2 2 0 6 4988 1047 5291
10040 2 2 0 6 4118 5291 1279
10041 2 2 0 6 531 4991 4119
10042 2 2 0 6 4991 5292 4119
10043 2 2 0 6 4991 1048 5292
10044 2 2 0 6 4119 5292 1280
10045 2 2 0 6 532 4994 4120
10046 2 2 0 6 4994 5293 4120
10047 2 2 0 6 4994 1049 5293
10048 2 2 0 6 4120 5293 1281
10049 2 2 0 6 533 4997 4121
10050 2 2 0 6 4997 5290 4121
10051 2 2 0 6 4997 1046 5290
10052 2 2 0 6 4121 5290 1278
10053 2 2 0 6 550 5094 5114
10054 2 2 0 6 5094 4947 5114
10055 2 2 0 6 5094 1130 4947
10056 2 2 0 6 5114 4947 1434
10057 2 2 0 6 551 5095 5116
10058 2 2 0 6 5095 4949 5116
10059 2 2 0 6 5095 1131 4949
10060 2 2 0 6 5116 4949 1435
10061 2 2 0 6 552 5096 5118
10062 2 2 0 6 5096 4951 5118
10063 2 2 0 6 5096 1132 4951
10064 2 2 0 6 5118 4951 1436
10065 2 2 0 6 553 5097 5120
10066 2 2 0 6 5097 4953 5120
10067 2 2 0 6 5097 1133 4953
10068 2 2 0 6 5120 4953 1437
10069 2 2 0 6 298 3867 4166
10070 2 2 0 6 3867 4417 4166
10071 2 2 0 6 3867 942 4417
10072 2 2 0 6 4166 4417 1490
10073 2 2 0 6 299 3869 4168
10074 2 2 0 6 3869 4419 4168
10075 2 2 0 6 3869 943 4419
10076 2 2 0 6 4168 4419 1491
10077 2 2 0 6 300 3871 4170
10078 2 2 0 6 3871 4421 4170
10079 2 2 0 6 3871 944 4421
10080 2 2 0 6 4170 4421 1492
10081 2 2 0 6 301 3873 4172
10082 2 2 0 6 3873 4415 4172
10083 2 2 0 6 3873 945 4415
10084 2 2 0 6 4172 4415 1493
10085 2 2 0 6 518 5099 5258
10086 2 2 0 6 5099 5286 5258
10087 2 2 0 6 5099 1378 5286
10088 2 2 0 6 5258 5286 1030
10089 2 2 0 6 519 5101 5260
10090 2 2 0 6 5101 5287 5260
10091 2 2 0 6 5101 1379 5287
10092 2 2 0 6 5260 5287 1031
10093 2 2 0 6 520 5103 5262
10094 2 2 0 6 5103 5288 5262
10095 2 2 0 6 5103 1380 5288
10096 2 2 0 6 5262 5288 1032
10097 2 2 0 6 521 5105 5264
10098 2 2 0 6 5105 5289 5264
10099 2 2 0 6 5105 1381 5289
10100 2 2 0 6 5264 5289 1033
10101 2 2 0 6 663 3565 3241
10102 2 2 0 6 3565 5294 3241
10103 2 2 0 6 3565 1319 5294
10104 2 2 0 6 3241 5294 1235
10105 2 2 0 6 664 3567 3244
10106 2 2 0 6 3567 5295 3244
10107 2 2 0 6 3567 1320 5295
10108 2 2 0 6 3244 5295 1236
10109 2 2 0 6 662 3563 3238
10110 2 2 0 6 3563 5296 3238
10111 2 2 0 6 3563 1318 5296
10112 2 2 0 6 3238 5296 1234
10113 2 2 0 6 665 3569 3247
10114 2 2 0 6 3569 5297 3247
10115 2 2 0 6 3569 1321 5297
10116 2 2 0 6 3247 5297 1237
10117 2 2 0 6 353 3705 5298
10118 2 2 0 6 3705 3992 5298
10119 2 2 0 6 3705 986 3992
10120 2 2 0 6 5298 3992 1422
10121 2 2 0 6 350 3702 5299
10122 2 2 0 6 3702 3986 5299
10123 2 2 0 6 3702 987 3986
10124 2 2 0 6 5299 3986 1423
10125 2 2 0 6 351 3703 5300
10126 2 2 0 6 3703 3988 5300
10127 2 2 0 6 3703 988 3988
10128 2 2 0 6 5300 3988 1424
10129 2 2 0 6 352 3704 5301
10130 2 2 0 6 3704 3990 5301
10131 2 2 0 6 3704 989 3990
10132 2 2 0 6 5301 3990 1425
10133 2 2 0 6 490 3915 5274
10134 2 2 0 6 3915 5163 5274
10135 2 2 0 6 3915 966 5163
10136 2 2 0 6 5274 5163 1485
10137 2 2 0 6 491 3917 5276
10138 2 2 0 6 3917 5166 5276
10139 2 2 0 6 3917 967 5166
10140 2 2 0 6 5276 5166 1482
10141 2 2 0 6 492 3919 5278
10142 2 2 0 6 3919 5169 5278
10143 2 2 0 6 3919 968 5169
10144 2 2 0 6 5278 5169 1483
10145 2 2 0 6 493 3921 5280
10146 2 2 0 6 3921 5172 5280
10147 2 2 0 6 3921 969 5172
10148 2 2 0 6 5280 5172 1484
10149 2 2 0 6 630 5113 5302
10150 2 2 0 6 5113 4414 5302
10151 2 2 0 6 5113 1493 4414
10152 2 2 0 6 5302 4414 1226
10153 2 2 0 6 631 5107 5303
10154 2 2 0 6 5107 4416 5303
10155 2 2 0 6 5107 1490 4416
10156 2 2 0 6 5303 4416 1227
10157 2 2 0 6 632 5109 5304
10158 2 2 0 6 5109 4418 5304
10159 2 2 0 6 5109 1491 4418
10160 2 2 0 6 5304 4418 1228
10161 2 2 0 6 633 5111 5305
10162 2 2 0 6 5111 4420 5305
10163 2 2 0 6 5111 1492 4420
10164 2 2 0 6 5305 4420 1229
10165 2 2 0 6 281 5241 2360
10166 2 2 0 6 5241 4942 2360
10167 2 2 0 6 5241 1373 4942
10168 2 2 0 6 2360 4942 1009
10169 2 2 0 6 278 5238 2354
10170 2 2 0 6 5238 4943 2354
10171 2 2 0 6 5238 1370 4943
10172 2 2 0 6 2354 4943 1006
10173 2 2 0 6 279 5239 2356
10174 2 2 0 6 5239 4944 2356
10175 2 2 0 6 5239 1371 4944
10176 2 2 0 6 2356 4944 1007
10177 2 2 0 6 280 5240 2358
10178 2 2 0 6 5240 4945 2358
10179 2 2 0 6 5240 1372 4945
10180 2 2 0 6 2358 4945 1008
10181 2 2 0 6 518 5259 4302
10182 2 2 0 6 5259 5270 4302
10183 2 2 0 6 5259 1258 5270
10184 2 2 0 6 4302 5270 1090
10185 2 2 0 6 519 5261 4304
10186 2 2 0 6 5261 5271 4304
10187 2 2 0 6 5261 1259 5271
10188 2 2 0 6 4304 5271 1091
10189 2 2 0 6 520 5263 4306
10190 2 2 0 6 5263 5272 4306
10191 2 2 0 6 5263 1260 5272
10192 2 2 0 6 4306 5272 1092
10193 2 2 0 6 521 5265 4308
10194 2 2 0 6 5265 5273 4308
10195 2 2 0 6 5265 1261 5273
10196 2 2 0 6 4308 5273 1093
10197 2 2 0 6 434 5018 5154
10198 2 2 0 6 5018 5306 5154
10199 2 2 0 6 5018 1466 5306
10200 2 2 0 6 5154 5306 1330
10201 2 2 0 6 435 5019 5156
10202 2 2 0 6 5019 5307 5156
10203 2 2 0 6 5019 1467 5307
10204 2 2 0 6 5156 5307 1331
10205 2 2 0 6 436 5020 5158
10206 2 2 0 6 5020 5308 5158
10207 2 2 0 6 5020 1468 5308
10208 2 2 0 6 5158 5308 1332
10209 2 2 0 6 437 5021 5160
10210 2 2 0 6 5021 5309 5160
10211 2 2 0 6 5021 1469 5309
10212 2 2 0 6 5160 5309 1333
10213 2 2 0 6 317 4233 4674
10214 2 2 0 6 4233 5062 4674
10215 2 2 0 6 4233 1497 5062
10216 2 2 0 6 4674 5062 997
10217 2 2 0 6 314 4230 4675
10218 2 2 0 6 4230 5064 4675
10219 2 2 0 6 4230 1494 5064
10220 2 2 0 6 4675 5064 994
10221 2 2 0 6 315 4231 4676
10222 2 2 0 6 4231 5066 4676
10223 2 2 0 6 4231 1495 5066
10224 2 2 0 6 4676 5066 995
10225 2 2 0 6 316 4232 4677
10226 2 2 0 6 4232 5068 4677
10227 2 2 0 6 4232 1496 5068
10228 2 2 0 6 4677 5068 996
10229 2 2 0 6 530 3955 4986
10230 2 2 0 6 3955 5310 4986
10231 2 2 0 6 3955 1414 5310
10232 2 2 0 6 4986 5310 1058
10233 2 2 0 6 531 3957 4989
10234 2 2 0 6 3957 5311 4989
10235 2 2 0 6 3957 1415 5311
10236 2 2 0 6 4989 5311 1059
10237 2 2 0 6 532 3959 4992
10238 2 2 0 6 3959 5312 4992
10239 2 2 0 6 3959 1416 5312
10240 2 2 0 6 4992 5312 1060
10241 2 2 0 6 533 3961 4995
10242 2 2 0 6 3961 5313 4995
10243 2 2 0 6 3961 1417 5313
10244 2 2 0 6 4995 5313 1061
10245 2 2 0 6 322 4931 5122
10246 2 2 0 6 4931 4750 5122
10247 2 2 0 6 4931 1486 4750
10248 2 2 0 6 5122 4750 1314
10249 2 2 0 6 323 4933 5123
10250 2 2 0 6 4933 4752 5123
10251 2 2 0 6 4933 1487 4752
10252 2 2 0 6 5123 4752 1315
10253 2 2 0 6 324 4935 5124
10254 2 2 0 6 4935 4754 5124
10255 2 2 0 6 4935 1488 4754
10256 2 2 0 6 5124 4754 1316
10257 2 2 0 6 325 4937 5125
10258 2 2 0 6 4937 4756 5125
10259 2 2 0 6 4937 1489 4756
10260 2 2 0 6 5125 4756 1317
10261 2 2 0 6 686 3646 1514
10262 2 2 0 6 3646 4401 1514
10263 2 2 0 6 3646 990 4401
10264 2 2 0 6 1514 4401 1498
10265 2 2 0 6 687 3648 1516
10266 2 2 0 6 3648 4403 1516
10267 2 2 0 6 3648 991 4403
10268 2 2 0 6 1516 4403 1499
10269 2 2 0 6 688 3650 1518
10270 2 2 0 6 3650 4405 1518
10271 2 2 0 6 3650 992 4405
10272 2 2 0 6 1518 4405 1500
10273 2 2 0 6 689 3652 1520
10274 2 2 0 6 3652 4399 1520
10275 2 2 0 6 3652 993 4399
10276 2 2 0 6 1520 4399 1501
10277 2 2 0 6 306 2203 4590
10278 2 2 0 6 2203 5310 4590
10279 2 2 0 6 2203 1058 5310
10280 2 2 0 6 4590 5310 1414
10281 2 2 0 6 307 2205 4591
10282 2 2 0 6 2205 5311 4591
10283 2 2 0 6 2205 1059 5311
10284 2 2 0 6 4591 5311 1415
10285 2 2 0 6 308 2207 4592
10286 2 2 0 6 2207 5312 4592
10287 2 2 0 6 2207 1060 5312
10288 2 2 0 6 4592 5312 1416
10289 2 2 0 6 309 2209 4593
10290 2 2 0 6 2209 5313 4593
10291 2 2 0 6 2209 1061 5313
10292 2 2 0 6 4593 5313 1417
10293 2 2 0 6 591 5314 1696
10294 2 2 0 6 5314 5315 1696
10295 2 2 0 6 5314 1363 5315
10296 2 2 0 6 1696 5315 1227
10297 2 2 0 6 592 5316 1698
10298 2 2 0 6 5316 5317 1698
10299 2 2 0 6 5316 1364 5317
10300 2 2 0 6 1698 5317 1228
10301 2 2 0 6 593 5318 1700
10302 2 2 0 6 5318 5319 1700
10303 2 2 0 6 5318 1365 5319
10304 2 2 0 6 1700 5319 1229
10305 2 2 0 6 590 5320 1694
10306 2 2 0 6 5320 5321 1694
10307 2 2 0 6 5320 1362 5321
10308 2 2 0 6 1694 5321 1226
10309 2 2 0 6 631 5303 5038
10310 2 2 0 6 5303 5315 5038
10311 2 2 0 6 5303 1227 5315
10312 2 2 0 6 5038 5315 1363
10313 2 2 0 6 632 5304 5041
10314 2 2 0 6 5304 5317 5041
10315 2 2 0 6 5304 1228 5317
10316 2 2 0 6 5041 5317 1364
10317 2 2 0 6 633 5305 5044
10318 2 2 0 6 5305 5319 5044
10319 2 2 0 6 5305 1229 5319
10320 2 2 0 6 5044 5319 1365
10321 2 2 0 6 630 5302 5047
10322 2 2 0 6 5302 5321 5047
10323 2 2 0 6 5302 1226 5321
10324 2 2 0 6 5047 5321 1362
10325 2 2 0 6 630 5049 5112
10326 2 2 0 6 5049 5210 5112
10327 2 2 0 6 5049 1074 5210
10328 2 2 0 6 5112 5210 1341
10329 2 2 0 6 631 5040 5106
10330 2 2 0 6 5040 5211 5106
10331 2 2 0 6 5040 1075 5211
10332 2 2 0 6 5106 5211 1338
10333 2 2 0 6 632 5043 5108
10334 2 2 0 6 5043 5212 5108
10335 2 2 0 6 5043 1076 5212
10336 2 2 0 6 5108 5212 1339
10337 2 2 0 6 633 5046 5110
10338 2 2 0 6 5046 5213 5110
10339 2 2 0 6 5046 1077 5213
10340 2 2 0 6 5110 5213 1340
10341 2 2 0 6 506 4135 3784
10342 2 2 0 6 4135 4656 3784
10343 2 2 0 6 4135 1218 4656
10344 2 2 0 6 3784 4656 1306
10345 2 2 0 6 507 4137 3786
10346 2 2 0 6 4137 4658 3786
10347 2 2 0 6 4137 1219 4658
10348 2 2 0 6 3786 4658 1307
10349 2 2 0 6 508 4139 3788
10350 2 2 0 6 4139 4660 3788
10351 2 2 0 6 4139 1220 4660
10352 2 2 0 6 3788 4660 1308
10353 2 2 0 6 509 4141 3782
10354 2 2 0 6 4141 4654 3782
10355 2 2 0 6 4141 1221 4654
10356 2 2 0 6 3782 4654 1309
10357 2 2 0 6 442 4215 3739
10358 2 2 0 6 4215 4919 3739
10359 2 2 0 6 4215 1065 4919
10360 2 2 0 6 3739 4919 1394
10361 2 2 0 6 443 4217 3730
10362 2 2 0 6 4217 4921 3730
10363 2 2 0 6 4217 1062 4921
10364 2 2 0 6 3730 4921 1395
10365 2 2 0 6 444 4219 3733
10366 2 2 0 6 4219 4923 3733
10367 2 2 0 6 4219 1063 4923
10368 2 2 0 6 3733 4923 1396
10369 2 2 0 6 445 4221 3736
10370 2 2 0 6 4221 4925 3736
10371 2 2 0 6 4221 1064 4925
10372 2 2 0 6 3736 4925 1397
10373 2 2 0 6 546 4715 4594
10374 2 2 0 6 4715 5322 4594
10375 2 2 0 6 4715 1086 5322
10376 2 2 0 6 4594 5322 1406
10377 2 2 0 6 547 4717 4595
10378 2 2 0 6 4717 5323 4595
10379 2 2 0 6 4717 1087 5323
10380 2 2 0 6 4595 5323 1407
10381 2 2 0 6 548 4719 4596
10382 2 2 0 6 4719 5324 4596
10383 2 2 0 6 4719 1088 5324
10384 2 2 0 6 4596 5324 1408
10385 2 2 0 6 549 4721 4597
10386 2 2 0 6 4721 5325 4597
10387 2 2 0 6 4721 1089 5325
10388 2 2 0 6 4597 5325 1409
10389 2 2 0 6 765 4977 5327
10390 2 2 0 6 4977 5326 5327
10391 2 2 0 6 4977 1474 5326
10392 2 2 0 6 5327 5326 1458
10393 2 2 0 6 762 4971 5329
10394 2 2 0 6 4971 5328 5329
10395 2 2 0 6 4971 1475 5328
10396 2 2 0 6 5329 5328 1459
10397 2 2 0 6 763 4973 5331
10398 2 2 0 6 4973 5330 5331
10399 2 2 0 6 4973 1476 5330
10400 2 2 0 6 5331 5330 1460
10401 2 2 0 6 764 4975 5333
10402 2 2 0 6 4975 5332 5333
10403 2 2 0 6 4975 1477 5332
10404 2 2 0 6 5333 5332 1461
10405 2 2 0 6 66 5127 5194
10406 2 2 0 6 5127 5328 5194
10407 2 2 0 6 5127 1459 5328
10408 2 2 0 6 5194 5328 1475
10409 2 2 0 6 129 5129 5196
10410 2 2 0 6 5129 5330 5196
10411 2 2 0 6 5129 1460 5330
10412 2 2 0 6 5196 5330 1476
10413 2 2 0 6 192 5131 5198
10414 2 2 0 6 5131 5332 5198
10415 2 2 0 6 5131 1461 5332
10416 2 2 0 6 5198 5332 1477
10417 2 2 0 6 255 5133 5200
10418 2 2 0 6 5133 5326 5200
10419 2 2 0 6 5133 1458 5326
10420 2 2 0 6 5200 5326 1474
10421 2 2 0 6 36 5209 5137
10422 2 2 0 6 5209 5334 5137
10423 2 2 0 6 5209 1478 5334
10424 2 2 0 6 5137 5334 1458
10425 2 2 0 6 99 5203 5134
10426 2 2 0 6 5203 5335 5134
10427 2 2 0 6 5203 1479 5335
10428 2 2 0 6 5134 5335 1459
10429 2 2 0 6 162 5205 5135
10430 2 2 0 6 5205 5336 5135
10431 2 2 0 6 5205 1480 5336
10432 2 2 0 6 5135 5336 1460
10433 2 2 0 6 225 5207 5136
10434 2 2 0 6 5207 5337 5136
10435 2 2 0 6 5207 1481 5337
10436 2 2 0 6 5136 5337 1461
10437 2 2 0 6 765 5327 4968
10438 2 2 0 6 5327 5334 4968
10439 2 2 0 6 5327 1458 5334
10440 2 2 0 6 4968 5334 1478
10441 2 2 0 6 762 5329 4962
10442 2 2 0 6 5329 5335 4962
10443 2 2 0 6 5329 1459 5335
10444 2 2 0 6 4962 5335 1479
10445 2 2 0 6 763 5331 4964
10446 2 2 0 6 5331 5336 4964
10447 2 2 0 6 5331 1460 5336
10448 2 2 0 6 4964 5336 1480
10449 2 2 0 6 764 5333 4966
10450 2 2 0 6 5333 5337 4966
10451 2 2 0 6 5333 1461 5337
10452 2 2 0 6 4966 5337 1481
10453 2 2 0 6 574 4791 5338
10454 2 2 0 6 4791 4753 5338
10455 2 2 0 6 4791 1035 4753
10456 2 2 0 6 5338 4753 1487
10457 2 2 0 6 575 4793 5339
10458 2 2 0 6 4793 4755 5339
10459 2 2 0 6 4793 1036 4755
10460 2 2 0 6 5339 4755 1488
10461 2 2 0 6 576 4795 5340
10462 2 2 0 6 4795 4757 5340
10463 2 2 0 6 4795 1037 4757
10464 2 2 0 6 5340 4757 1489
10465 2 2 0 6 577 4797 5341
10466 2 2 0 6 4797 4751 5341
10467 2 2 0 6 4797 1034 4751
10468 2 2 0 6 5341 4751 1486
10469 2 2 0 6 545 2947 5234
10470 2 2 0 6 2947 4702 5234
10471 2 2 0 6 2947 1393 4702
10472 2 2 0 6 5234 4702 1197
10473 2 2 0 6 542 2949 5235
10474 2 2 0 6 2949 4704 5235
10475 2 2 0 6 2949 1390 4704
10476 2 2 0 6 5235 4704 1194
10477 2 2 0 6 543 2951 5236
10478 2 2 0 6 2951 4706 5236
10479 2 2 0 6 2951 1391 4706
10480 2 2 0 6 5236 4706 1195
10481 2 2 0 6 544 2953 5237
10482 2 2 0 6 2953 4708 5237
10483 2 2 0 6 2953 1392 4708
10484 2 2 0 6 5237 4708 1196
10485 2 2 0 6 473 3599 2426
10486 2 2 0 6 3599 5322 2426
10487 2 2 0 6 3599 1406 5322
10488 2 2 0 6 2426 5322 1086
10489 2 2 0 6 470 3601 2428
10490 2 2 0 6 3601 5323 2428
10491 2 2 0 6 3601 1407 5323
10492 2 2 0 6 2428 5323 1087
10493 2 2 0 6 471 3603 2430
10494 2 2 0 6 3603 5324 2430
10495 2 2 0 6 3603 1408 5324
10496 2 2 0 6 2430 5324 1088
10497 2 2 0 6 472 3605 2432
10498 2 2 0 6 3605 5325 2432
10499 2 2 0 6 3605 1409 5325
10500 2 2 0 6 2432 5325 1089
10501 2 2 0 6 650 5342 3258
10502 2 2 0 6 5342 5306 3258
10503 2 2 0 6 5342 1330 5306
10504 2 2 0 6 3258 5306 1466
10505 2 2 0 6 651 5343 3260
10506 2 2 0 6 5343 5307 3260
10507 2 2 0 6 5343 1331 5307
10508 2 2 0 6 3260 5307 1467
10509 2 2 0 6 652 5344 3262
10510 2 2 0 6 5344 5308 3262
10511 2 2 0 6 5344 1332 5308
10512 2 2 0 6 3262 5308 1468
10513 2 2 0 6 653 5345 3264
10514 2 2 0 6 5345 5309 3264
10515 2 2 0 6 5345 1333 5309
10516 2 2 0 6 3264 5309 1469
10517 2 2 0 6 502 5250 5138
10518 2 2 0 6 5250 5346 5138
10519 2 2 0 6 5250 1330 5346
10520 2 2 0 6 5138 5346 1398
10521 2 2 0 6 503 5251 5139
10522 2 2 0 6 5251 5347 5139
10523 2 2 0 6 5251 1331 5347
10524 2 2 0 6 5139 5347 1399
10525 2 2 0 6 504 5252 5140
10526 2 2 0 6 5252 5348 5140
10527 2 2 0 6 5252 1332 5348
10528 2 2 0 6 5140 5348 1400
10529 2 2 0 6 505 5253 5141
10530 2 2 0 6 5253 5349 5141
10531 2 2 0 6 5253 1333 5349
10532 2 2 0 6 5141 5349 1401
10533 2 2 0 6 650 3399 5342
10534 2 2 0 6 3399 5346 5342
10535 2 2 0 6 3399 1398 5346
10536 2 2 0 6 5342 5346 1330
10537 2 2 0 6 651 3401 5343
10538 2 2 0 6 3401 5347 5343
10539 2 2 0 6 3401 1399 5347
10540 2 2 0 6 5343 5347 1331
10541 2 2 0 6 652 3403 5344
10542 2 2 0 6 3403 5348 5344
10543 2 2 0 6 3403 1400 5348
10544 2 2 0 6 5344 5348 1332
10545 2 2 0 6 653 3405 5345
10546 2 2 0 6 3405 5349 5345
10547 2 2 0 6 3405 1401 5349
10548 2 2 0 6 5345 5349 1333
10549 2 2 0 6 591 5074 5314
10550 2 2 0 6 5074 5350 5314
10551 2 2 0 6 5074 1231 5350
10552 2 2 0 6 5314 5350 1363
10553 2 2 0 6 592 5075 5316
10554 2 2 0 6 5075 5351 5316
10555 2 2 0 6 5075 1232 5351
10556 2 2 0 6 5316 5351 1364
10557 2 2 0 6 593 5076 5318
10558 2 2 0 6 5076 5352 5318
10559 2 2 0 6 5076 1233 5352
10560 2 2 0 6 5318 5352 1365
10561 2 2 0 6 590 5077 5320
10562 2 2 0 6 5077 5353 5320
10563 2 2 0 6 5077 1230 5353
10564 2 2 0 6 5320 5353 1362
10565 2 2 0 6 346 5050 4759
10566 2 2 0 6 5050 5350 4759
10567 2 2 0 6 5050 1363 5350
10568 2 2 0 6 4759 5350 1231
10569 2 2 0 6 347 5051 4760
10570 2 2 0 6 5051 5351 4760
10571 2 2 0 6 5051 1364 5351
10572 2 2 0 6 4760 5351 1232
10573 2 2 0 6 348 5052 4761
10574 2 2 0 6 5052 5352 4761
10575 2 2 0 6 5052 1365 5352
10576 2 2 0 6 4761 5352 1233
10577 2 2 0 6 349 5053 4758
10578 2 2 0 6 5053 5353 4758
10579 2 2 0 6 5053 1362 5353
10580 2 2 0 6 4758 5353 1230
10581 2 2 0 6 553 5121 1885
10582 2 2 0 6 5121 5354 1885
10583 2 2 0 6 5121 1149 5354
10584 2 2 0 6 1885 5354 1422
10585 2 2 0 6 550 5115 1879
10586 2 2 0 6 5115 5355 1879
10587 2 2 0 6 5115 1146 5355
10588 2 2 0 6 1879 5355 1423
10589 2 2 0 6 551 5117 1881
10590 2 2 0 6 5117 5356 1881
10591 2 2 0 6 5117 1147 5356
10592 2 2 0 6 1881 5356 1424
10593 2 2 0 6 552 5119 1883
10594 2 2 0 6 5119 5357 1883
10595 2 2 0 6 5119 1148 5357
10596 2 2 0 6 1883 5357 1425
10597 2 2 0 6 350 5299 2575
10598 2 2 0 6 5299 5355 2575
10599 2 2 0 6 5299 1423 5355
10600 2 2 0 6 2575 5355 1146
10601 2 2 0 6 351 5300 2577
10602 2 2 0 6 5300 5356 2577
10603 2 2 0 6 5300 1424 5356
10604 2 2 0 6 2577 5356 1147
10605 2 2 0 6 352 5301 2579
10606 2 2 0 6 5301 5357 2579
10607 2 2 0 6 5301 1425 5357
10608 2 2 0 6 2579 5357 1148
10609 2 2 0 6 353 5298 2581
10610 2 2 0 6 5298 5354 2581
10611 2 2 0 6 5298 1422 5354
10612 2 2 0 6 2581 5354 1149
10613 2 2 0 6 539 5187 5247
10614 2 2 0 6 5187 5294 5247
10615 2 2 0 6 5187 1235 5294
10616 2 2 0 6 5247 5294 1319
10617 2 2 0 6 540 5188 5248
10618 2 2 0 6 5188 5295 5248
10619 2 2 0 6 5188 1236 5295
10620 2 2 0 6 5248 5295 1320
10621 2 2 0 6 538 5186 5246
10622 2 2 0 6 5186 5296 5246
10623 2 2 0 6 5186 1234 5296
10624 2 2 0 6 5246 5296 1318
10625 2 2 0 6 541 5189 5249
10626 2 2 0 6 5189 5297 5249
10627 2 2 0 6 5189 1237 5297
10628 2 2 0 6 5249 5297 1321
10629 2 2 0 6 690 3887 4222
10630 2 2 0 6 3887 5065 4222
10631 2 2 0 6 3887 1114 5065
10632 2 2 0 6 4222 5065 1494
10633 2 2 0 6 691 3889 4224
10634 2 2 0 6 3889 5067 4224
10635 2 2 0 6 3889 1115 5067
10636 2 2 0 6 4224 5067 1495
10637 2 2 0 6 692 3891 4226
10638 2 2 0 6 3891 5069 4226
10639 2 2 0 6 3891 1116 5069
10640 2 2 0 6 4226 5069 1496
10641 2 2 0 6 693 3893 4228
10642 2 2 0 6 3893 5063 4228
10643 2 2 0 6 3893 1117 5063
10644 2 2 0 6 4228 5063 1497
10645 2 2 0 6 570 4781 4954
10646 2 2 0 6 4781 5358 4954
10647 2 2 0 6 4781 1334 5358
10648 2 2 0 6 4954 5358 1433
10649 2 2 0 6 571 4775 4956
10650 2 2 0 6 4775 5359 4956
10651 2 2 0 6 4775 1335 5359
10652 2 2 0 6 4956 5359 1430
10653 2 2 0 6 572 4777 4958
10654 2 2 0 6 4777 5360 4958
10655 2 2 0 6 4777 1336 5360
10656 2 2 0 6 4958 5360 1431
10657 2 2 0 6 573 4779 4960
10658 2 2 0 6 4779 5361 4960
10659 2 2 0 6 4779 1337 5361
10660 2 2 0 6 4960 5361 1432
10661 2 2 0 6 562 3657 2658
10662 2 2 0 6 3657 5215 2658
10663 2 2 0 6 3657 1403 5215
10664 2 2 0 6 2658 5215 1211
10665 2 2 0 6 563 3659 2661
10666 2 2 0 6 3659 5216 2661
10667 2 2 0 6 3659 1404 5216
10668 2 2 0 6 2661 5216 1212
10669 2 2 0 6 564 3655 2664
10670 2 2 0 6 3655 5214 2664
10671 2 2 0 6 3655 1402 5214
10672 2 2 0 6 2664 5214 1210
10673 2 2 0 6 565 3661 2667
10674 2 2 0 6 3661 5217 2667
10675 2 2 0 6 3661 1405 5217
10676 2 2 0 6 2667 5217 1213
10677 2 2 0 6 490 5275 3858
10678 2 2 0 6 5275 4910 3858
10679 2 2 0 6 5275 1454 4910
10680 2 2 0 6 3858 4910 1162
10681 2 2 0 6 491 5277 3860
10682 2 2 0 6 5277 4912 3860
10683 2 2 0 6 5277 1455 4912
10684 2 2 0 6 3860 4912 1163
10685 2 2 0 6 492 5279 3862
10686 2 2 0 6 5279 4914 3862
10687 2 2 0 6 5279 1456 4914
10688 2 2 0 6 3862 4914 1164
10689 2 2 0 6 493 5281 3864
10690 2 2 0 6 5281 4916 3864
10691 2 2 0 6 5281 1457 4916
10692 2 2 0 6 3864 4916 1165
10693 2 2 0 6 574 5338 4206
10694 2 2 0 6 5338 4932 4206
10695 2 2 0 6 5338 1487 4932
10696 2 2 0 6 4206 4932 1455
10697 2 2 0 6 575 5339 4207
10698 2 2 0 6 5339 4934 4207
10699 2 2 0 6 5339 1488 4934
10700 2 2 0 6 4207 4934 1456
10701 2 2 0 6 576 5340 4208
10702 2 2 0 6 5340 4936 4208
10703 2 2 0 6 5340 1489 4936
10704 2 2 0 6 4208 4936 1457
10705 2 2 0 6 577 5341 4209
10706 2 2 0 6 5341 4930 4209
10707 2 2 0 6 5341 1486 4930
10708 2 2 0 6 4209 4930 1454
10709 2 2 0 6 245 4765 5150
10710 2 2 0 6 4765 5358 5150
10711 2 2 0 6 4765 1433 5358
10712 2 2 0 6 5150 5358 1334
10713 2 2 0 6 56 4762 5151
10714 2 2 0 6 4762 5359 5151
10715 2 2 0 6 4762 1430 5359
10716 2 2 0 6 5151 5359 1335
10717 2 2 0 6 119 4763 5152
10718 2 2 0 6 4763 5360 5152
10719 2 2 0 6 4763 1431 5360
10720 2 2 0 6 5152 5360 1336
10721 2 2 0 6 182 4764 5153
10722 2 2 0 6 4764 5361 5153
10723 2 2 0 6 4764 1432 5361
10724 2 2 0 6 5153 5361 1337
$EndElements
