$MeshFormat
2.2 0 8
$EndMeshFormat
$Nodes
3015
1 0.02012 0.02225 0
2 0.009209999999999999 0.02855 0
3 0.02855 0.009209999999999999 0
4 0.02225 0.02012 0
5 -0.02225 0.02012 0
6 -0.02855 0.009209999999999999 0
7 -0.009209999999999999 0.02855 0
8 -0.02012 0.02225 0
9 -0.02012 -0.02225 0
10 -0.009209999999999999 -0.02855 0
11 -0.02855 -0.009209999999999999 0
12 -0.02225 -0.02012 0
13 0.02225 -0.02012 0
14 0.02855 -0.009209999999999999 0
15 0.009209999999999999 -0.02855 0
16 0.02012 -0.02225 0
17 0.01924947877730694 0.02300726986850047 0
18 0.01835048015450108 0.02373050311517356 0
19 0.01742433409712532 0.02441862979922821 0
20 0.01647241073224161 0.02507063191601542 0
21 0.01549611832149206 0.02568554490304456 0
22 0.01449690117772381 0.02626245906695163 0
23 0.01347623752830898 0.02680052092927667 0
24 0.01243563732827404 0.02729893448909018 0
25 0.01137664002648806 0.02775696240058897 0
26 0.01030081228820547 0.02817392706392127 0
27 0.008014492648206624 0.02890838126896492 0
28 0.006805113082244201 0.029216725277448 0
29 0.00558395460646407 0.02947449831554303 0
30 0.004353130913232968 0.02968125420618636 0
31 0.003114772424352623 0.02983663507744284 0
32 0.001871022603536048 0.02994037198194199 0
33 0.0006240342463061221 0.02999228536239673 0
34 -0.000624034246266841 0.02999228536239755 0
35 -0.001871022603504567 0.02994037198194396 0
36 -0.003114772424325099 0.02983663507744571 0
37 -0.004353130913214723 0.02968125420618904 0
38 -0.005583954606453412 0.02947449831554505 0
39 -0.006805113082238416 0.02921672527744935 0
40 -0.008014492648205135 0.02890838126896534 0
41 -0.0103010967400545 0.02817470507302674 0
42 -0.01137695418678076 0.02775772889542463 0
43 -0.01243598073225526 0.02729968833571138 0
44 -0.01347660966794723 0.02680126101245595 0
45 -0.01449730150247638 0.02626318429182371 0
46 -0.01549654623913214 0.02568625419671852 0
47 -0.01647286560971881 0.02507132422916954 0
48 -0.0174248152614958 0.02441930410766742 0
49 -0.01835098689394347 0.02373115842133112 0
50 -0.01925001034216189 0.02300790520292232 0
51 -0.02085364684106552 0.02156391229411115 0
52 -0.02156391229410913 0.02085364684106761 0
53 -0.02300726986850047 0.01924947877730694 0
54 -0.02373050311517356 0.01835048015450108 0
55 -0.02441862979922821 0.01742433409712532 0
56 -0.02507063191601542 0.01647241073224161 0
57 -0.02568554490304456 0.01549611832149206 0
58 -0.02626245906695163 0.01449690117772381 0
59 -0.02680052092927667 0.01347623752830898 0
60 -0.02729893448909018 0.01243563732827404 0
61 -0.02775696240058897 0.01137664002648806 0
62 -0.02817392706392127 0.01030081228820547 0
63 -0.02890838126896492 0.008014492648206624 0
64 -0.029216725277448 0.006805113082244201 0
65 -0.02947449831554303 0.00558395460646407 0
66 -0.02968125420618636 0.004353130913232968 0
67 -0.02983663507744284 0.003114772424352623 0
68 -0.02994037198194199 0.001871022603536048 0
69 -0.02999228536239673 0.0006240342463061221 0
70 -0.02999228536239755 -0.000624034246266841 0
71 -0.02994037198194396 -0.001871022603504567 0
72 -0.02983663507744571 -0.003114772424325099 0
73 -0.02968125420618904 -0.004353130913214723 0
74 -0.02947449831554505 -0.005583954606453412 0
75 -0.02921672527744935 -0.006805113082238416 0
76 -0.02890838126896534 -0.008014492648205135 0
77 -0.02817470507302674 -0.0103010967400545 0
78 -0.02775772889542463 -0.01137695418678076 0
79 -0.02729968833571138 -0.01243598073225526 0
80 -0.02680126101245595 -0.01347660966794723 0
81 -0.02626318429182371 -0.01449730150247638 0
82 -0.02568625419671852 -0.01549654623913214 0
83 -0.02507132422916954 -0.01647286560971881 0
84 -0.02441930410766742 -0.0174248152614958 0
85 -0.02373115842133112 -0.01835098689394347 0
86 -0.02300790520292232 -0.01925001034216189 0
87 -0.02156391229411115 -0.02085364684106552 0
88 -0.02085364684106761 -0.02156391229410913 0
89 -0.01924947877730694 -0.02300726986850047 0
90 -0.01835048015450108 -0.02373050311517356 0
91 -0.01742433409712532 -0.02441862979922821 0
92 -0.01647241073224161 -0.02507063191601542 0
93 -0.01549611832149206 -0.02568554490304456 0
94 -0.01449690117772381 -0.02626245906695163 0
95 -0.01347623752830898 -0.02680052092927667 0
96 -0.01243563732827404 -0.02729893448909018 0
97 -0.01137664002648806 -0.02775696240058897 0
98 -0.01030081228820547 -0.02817392706392127 0
99 -0.008014492648206624 -0.02890838126896492 0
100 -0.006805113082244201 -0.029216725277448 0
101 -0.00558395460646407 -0.02947449831554303 0
102 -0.004353130913232968 -0.02968125420618636 0
103 -0.003114772424352623 -0.02983663507744284 0
104 -0.001871022603536048 -0.02994037198194199 0
105 -0.0006240342463061221 -0.02999228536239673 0
106 0.000624034246266841 -0.02999228536239755 0
107 0.001871022603504567 -0.02994037198194396 0
108 0.003114772424325099 -0.02983663507744571 0
109 0.004353130913214723 -0.02968125420618904 0
110 0.005583954606453412 -0.02947449831554505 0
111 0.006805113082238416 -0.02921672527744935 0
112 0.008014492648205135 -0.02890838126896534 0
113 0.0103010967400545 -0.02817470507302674 0
114 0.01137695418678076 -0.02775772889542463 0
115 0.01243598073225526 -0.02729968833571138 0
116 0.01347660966794723 -0.02680126101245595 0
117 0.01449730150247638 -0.02626318429182371 0
118 0.01549654623913214 -0.02568625419671852 0
119 0.01647286560971881 -0.02507132422916954 0
120 0.0174248152614958 -0.02441930410766742 0
121 0.01835098689394347 -0.02373115842133112 0
122 0.01925001034216189 -0.02300790520292232 0
123 0.02085364684106552 -0.02156391229411115 0
124 0.02156391229410913 -0.02085364684106761 0
125 0.02300726986850047 -0.01924947877730694 0
126 0.02373050311517356 -0.01835048015450108 0
127 0.02441862979922821 -0.01742433409712532 0
128 0.02507063191601542 -0.01647241073224161 0
129 0.02568554490304456 -0.01549611832149206 0
130 0.02626245906695163 -0.01449690117772381 0
131 0.02680052092927667 -0.01347623752830898 0
132 0.02729893448909018 -0.01243563732827404 0
133 0.02775696240058897 -0.01137664002648806 0
134 0.02817392706392127 -0.01030081228820547 0
135 0.02890838126896492 -0.008014492648206624 0
136 0.029216725277448 -0.006805113082244201 0
137 0.02947449831554303 -0.00558395460646407 0
138 0.02968125420618636 -0.004353130913232968 0
139 0.02983663507744284 -0.003114772424352623 0
140 0.02994037198194199 -0.001871022603536048 0
141 0.02999228536239673 -0.0006240342463061221 0
142 0.02999228536239755 0.000624034246266841 0
143 0.02994037198194396 0.001871022603504567 0
144 0.02983663507744571 0.003114772424325099 0
145 0.02968125420618904 0.004353130913214723 0
146 0.02947449831554505 0.005583954606453412 0
147 0.02921672527744935 0.006805113082238416 0
148 0.02890838126896534 0.008014492648205135 0
149 0.02817470507302674 0.0103010967400545 0
150 0.02775772889542463 0.01137695418678076 0
151 0.02729968833571138 0.01243598073225526 0
152 0.02680126101245595 0.01347660966794723 0
153 0.02626318429182371 0.01449730150247638 0
154 0.02568625419671852 0.01549654623913214 0
155 0.02507132422916954 0.01647286560971881 0
156 0.02441930410766742 0.0174248152614958 0
157 0.02373115842133112 0.01835098689394347 0
158 0.02300790520292232 0.01925001034216189 0
159 0.02156391229411115 0.02085364684106552 0
160 0.02085364684106761 0.02156391229410913 0
161 2.887138838749343e-15 2.810815108808422e-15 0
162 -0.01045915294575381 -0.01053994777057896 0
163 -0.01047127408628976 0.01040743885855663 0
164 0.01053811018700913 -0.0105653684592948 0
165 0.01075926156251565 0.01061619570384497 0
166 6.063290832520295e-05 0.01732621837289567 0
167 0.01745622853891421 1.886368387190484e-05 0
168 -0.01753626709593459 -0.0001845313901215823 0
169 -0.0001846475973911805 -0.0175359704372576 0
170 -0.008826097575848907 -0.001667278060635505 0
171 -0.001749536722223 -0.008679841268457382 0
172 -0.001903506951767462 0.008703856111396837 0
173 0.008607579381590106 -0.002053570285704033 0
174 -0.01926542884268865 -0.008674500064751303 0
175 -0.008631160470185299 0.01920624799420724 0
176 0.008674500064751185 -0.01926542884268924 0
177 0.01930826887717594 0.008646980557391066 0
178 -0.00867423635874286 -0.01926501750713306 0
179 0.01920590298705393 -0.008630871835024059 0
180 -0.01926501750713364 0.00867423635874276 0
181 0.008646245541747455 0.01929068408873885 0
182 -0.01591401954188833 -0.01591401954188678 0
183 -0.01591401954188749 0.01591401954188904 0
184 0.0159140195418875 -0.01591401954188906 0
185 0.01591401954188976 0.01591401954188821 0
186 0.005816772363347429 0.004974754600143965 0
187 0.004704514124230935 -0.007338224579369571 0
188 -0.007484667841128888 0.004686643675630561 0
189 0.004176467333649837 0.01197453897747475 0
190 0.01216812426151636 0.00399324964095889 0
191 -0.01359652319149937 0.005053817764685159 0
192 0.005053829882486577 -0.01359652564283994 0
193 -0.003289157577746482 -0.02310973250797142 0
194 0.003306029623810978 -0.02317713469860855 0
195 0.02310973250797135 -0.003289157577745646 0
196 0.02313779806968197 0.003309027065666584 0
197 -0.02320695305484675 0.00317616891585082 0
198 -0.02321861917214651 -0.003313496328206295 0
199 0.003451262251388073 0.02326016329431713 0
200 -0.003313496328205743 0.02321861917214531 0
201 -0.01380066146623822 -0.005432733964598098 0
202 -0.005442368454768722 0.01396269756995886 0
203 -0.005432766309144567 -0.01380030727017084 0
204 0.0139721405141676 -0.005434146851028785 0
205 -0.00690792863294144 -0.006960099890474273 0
206 -0.01370833690166429 0.0206443313073313 0
207 -0.02064433130733108 -0.01370833690166469 0
208 0.0206443313073315 0.01370833690166416 0
209 0.01370833690166457 -0.02064433130733128 0
210 0.02064230087906981 -0.01365259861790642 0
211 -0.01365259861790661 -0.0206423008790698 0
212 0.01365259861790651 0.02064230087906988 0
213 -0.02064230087906985 0.01365259861790669 0
214 -0.0152911894016941 -0.0112301932033547 0
215 -0.01119439367411544 0.01530122848127762 0
216 0.01123056627243033 -0.01521596235579572 0
217 0.01518685293233205 0.01122420264767636 0
218 -0.01123028391196037 -0.01529109869308882 0
219 0.01506394906945438 -0.01111430941875832 0
220 -0.01529109869309016 0.01123028391196114 0
221 0.0110919317773593 0.01519144099263192 0
222 -0.004009109557278152 -0.003009747105441877 0
223 0.0007086699891417738 0.005198626774354504 0
224 0.004634193124899469 0.01665216419772046 0
225 0.0006339479562887619 -0.004707170823577545 0
226 0.0004397987594200919 -0.01276375086215371 0
227 -0.01274485093039249 0.0004700002770959397 0
228 0.01703405100239088 0.004688274754531383 0
229 -0.02407991119616909 -0.007921760630969853 0
230 -0.007921760630968892 0.02407991119616956 0
231 0.007903232750525624 -0.02398888315230383 0
232 0.02396294405352688 0.00798467111176048 0
233 -0.007922004534754399 -0.02407960493214815 0
234 0.02407960493214858 -0.00792200453475349 0
235 -0.02398913857191899 0.007903456069691225 0
236 0.007984696804603749 0.02396275404480571 0
237 0.004574046027240227 0.0003439345041432762 0
238 -0.006540920479389777 0.009096820211453272 0
239 0.009067024166787346 -0.006228154183743457 0
240 0.0128332369561418 -0.0003624082942691098 0
241 -0.0003886419949320833 0.01271034102499871 0
242 0.004401168014702597 -0.01803810921958939 0
243 -0.01803791262507705 0.004401022008981625 0
244 -0.004243439644948874 0.001478638553289928 0
245 -0.01812157981596435 -0.00460126785510648 0
246 -0.004655384717508679 0.01829259735452893 0
247 -0.004601064085004976 -0.01812092155706692 0
248 0.01829201944464974 -0.004650852565549885 0
249 0.006822557935886979 0.008802269728387636 0
250 -0.01915245702236391 -0.01791088649891007 0
251 -0.01791088649891041 0.01915245702236427 0
252 0.01791088649891042 -0.01915245702236428 0
253 0.01915245702236463 0.01791088649891075 0
254 0.007736836017127052 0.01343727572817138 0
255 0.008935451704436338 0.002473244803295091 0
256 0.003070538102736044 0.008089432181065649 0
257 0.0133067939736984 0.008048843932678389 0
258 -0.02579580373377911 -2.751856863840932e-06 0
259 2.751856863434689e-06 -0.02579580373377918 0
260 -2.751856864700489e-06 0.02579580373377909 0
261 0.02579580373377916 2.751856864298914e-06 0
262 0.005133527445877673 -0.003505911476022287 0
263 0.006799200741828681 -0.01043599303800175 0
264 -0.01042495328158453 0.006804133152404451 0
265 -0.00363240565393912 0.005254411010385386 0
266 -0.01064180066532486 -0.006886940321636289 0
267 -0.006877374551244542 -0.01064439500244417 0
268 0.009125874975714895 0.006095483045879769 0
269 -9.983895430296751e-07 -0.02122878510897354 0
270 -0.02122878510897355 9.983895429822264e-07 0
271 0.02112474001096435 -4.71328223008557e-06 0
272 0.0001259248944546621 0.02144667691336474 0
273 -0.0093330690165579 0.001755531099908053 0
274 0.001669520220219426 -0.009322758667996055 0
275 0.02366223586733419 0.01166789179850643 0
276 -0.01191953755173954 0.02374740587031638 0
277 0.01191953755173989 -0.02374740587031627 0
278 -0.02374740587031606 -0.01191953755174017 0
279 0.01166751810000615 0.02366162924957465 0
280 0.02374673650491095 -0.01191819829822396 0
281 -0.02374673650491084 0.01191819829822441 0
282 -0.01191819829822476 -0.02374673650491065 0
283 0.007772680316891427 -0.01587664263130152 0
284 -0.0158762462717639 0.007772845909898038 0
285 0.005381900075003282 0.01999527970288401 0
286 0.02031799316087788 0.005453033652156911 0
287 0.01709237609150287 0.02055423703903059 0
288 0.02055423703903052 -0.01709237609150293 0
289 -0.0205542370390305 0.0170923760915031 0
290 -0.01709237609150314 -0.02055423703903043 0
291 -0.008656654327852297 0.01320818620246902 0
292 0.01329364122442436 -0.008682620801412839 0
293 -0.01606075673994234 -0.007980328541695718 0
294 -0.007980425431978289 -0.01606033280105556 0
295 -0.002079654969385908 -0.01464192252608511 0
296 -0.01464200792020641 -0.002079585422952835 0
297 -0.005257199672935886 0.02612819524418483 0
298 0.02611741990373577 0.005332473864292937 0
299 -0.02612819524418544 -0.00525719967293769 0
300 0.005208814893869136 -0.02603246758175594 0
301 -0.005061021528922589 -0.02589422632436475 0
302 0.02589422632436487 -0.005061021528921542 0
303 -0.02605712280280133 0.005177196956767654 0
304 0.005094817387413958 0.02602625069740516 0
305 0.005776845616357275 -0.02105176901720776 0
306 -0.02105396594864638 0.005776095973101691 0
307 -0.02116494773194594 -0.005941416690876206 0
308 -0.005975046528196442 0.02117845068284007 0
309 -0.005940571292029169 -0.02116681270582526 0
310 0.02118074986474748 -0.00597416759165546 0
311 -0.01757887503843455 -0.0133093124974597 0
312 -0.01330931249746078 0.01757887503843502 0
313 0.01330931249746081 -0.01757887503843503 0
314 0.01757887503843551 0.01330931249746189 0
315 -0.01339063336712852 -0.01741370171393594 0
316 -0.01741443093174724 0.01339168444820718 0
317 0.01741443093174721 -0.01339168444820719 0
318 0.01323125301632395 0.01765093553420675 0
319 -0.007786394004856088 0.01630974134639386 0
320 0.01630950602655541 -0.007786217759373661 0
321 -0.01185991678320036 -0.002743059745921638 0
322 -0.003093653210025948 -0.01182967787586096 0
323 0.01530313697892042 -0.002406456722269953 0
324 0.01482544362039492 0.002265403847604402 0
325 -0.01529053627336729 0.002360615762614704 0
326 0.002360615762613196 -0.01529053627336753 0
327 -0.003771062042858394 -0.006128698333931695 0
328 0.002280911705698948 0.01462781387860327 0
329 -0.003719389627715319 0.01116753969983326 0
330 0.01116438455474282 -0.003878682178980865 0
331 -0.002446963829741079 0.01536592056940852 0
332 0.008537682884708112 -0.01296775759003341 0
333 -0.01298239345127556 0.008653538721974141 0
334 -0.01307056207048396 -0.008746233566943165 0
335 -0.008786765328491354 -0.01317549490735368 0
336 0.0138105013552625 0.01381041064665698 0
337 0.01381041064665652 -0.01381050135526192 0
338 -0.01381041064665638 0.01381050135526202 0
339 -0.01384711792543061 -0.01382097330786485 0
340 0.002379313278118432 -0.001914402722452999 0
341 0.01639335446909739 0.007654159295717955 0
342 0.007689810068966096 0.01647299941399626 0
343 0.01934950999844058 0.002550490822266114 0
344 -0.001408712458445445 0.002692720650501565 0
345 0.003281743484363892 0.003163751717560056 0
346 0.0007076496728759662 0.01015426962606871 0
347 0.00234602141937622 0.01931763581579259 0
348 -0.01641602756016134 0.02160664314625134 0
349 0.02160664314625144 0.01641602756016125 0
350 -0.02160664314625124 -0.0164160275601616 0
351 0.0164160275601615 -0.02160664314625133 0
352 0.00418825840498258 -0.01087360801661885 0
353 -0.01088849499422358 0.003812156423705614 0
354 -0.005963305659727631 -0.0008451595297140318 0
355 -0.006645023488052686 -0.003962339575105757 0
356 -0.004774118869017902 -0.008821223861995358 0
357 -0.02093733413618656 -0.01092229805474668 0
358 -0.01092229805474635 0.02093733413618675 0
359 0.01092229805474669 -0.02093733413618674 0
360 0.02093733413618691 0.01092229805474638 0
361 -0.01092192755460027 -0.02093690873634052 0
362 0.0209369087363407 -0.01092192755459995 0
363 -0.02093690873634069 0.0109219275546003 0
364 0.01092192755459998 0.02093690873634088 0
365 0.002699712139116679 -0.02040801233810514 0
366 -0.001052813932927527 -0.002737773974457543 0
367 -0.02039629192398775 0.002706031529861684 0
368 -0.02330103939037938 -0.01425613577603902 0
369 -0.0142561357760388 0.02330103939037955 0
370 0.01425613577603902 -0.0233010393903795 0
371 0.02330103939037966 0.0142561357760388 0
372 -0.009111485736428266 -0.004535870015922257 0
373 -0.02020675018752192 -0.002573982327058922 0
374 -0.002767653478713317 0.02042871845858896 0
375 -0.009005660470917429 -0.008715413055627421 0
376 0.02312277175870208 -0.0141866018940255 0
377 -0.01418660189402613 -0.02312277175870182 0
378 0.01418660189402523 0.02312277175870223 0
379 -0.02312277175870198 0.01418660189402586 0
380 -0.002602739642025627 -0.02043478850527462 0
381 0.02041347849304767 -0.002748999480835549 0
382 0.000366656121443212 0.007144451222714832 0
383 0.01079257360763517 0.008047383344539248 0
384 0.01136995082325309 0.001768329096618193 0
385 0.002483202156682472 -0.02697954654974448 0
386 -0.02698310101135582 -0.002483359943872991 0
387 0.02697879759807317 0.002483212136288422 0
388 -0.002483359943872396 0.02698310101135658 0
389 -0.02704720388112248 0.002552782643735302 0
390 -0.002552782643735714 -0.02704720388112244 0
391 0.002552782643734265 0.02704720388112273 0
392 0.02704720388112268 -0.002552782643734694 0
393 -0.006488285090317237 0.0116399378349561 0
394 0.01163982497175091 -0.006488585741450691 0
395 -0.01572545153910628 -0.01851644991178985 0
396 -0.01851644991178998 0.01572545153910687 0
397 0.01851644991178992 -0.01572545153910688 0
398 0.01572545153910747 0.01851644991179007 0
399 0.01459355089739095 0.005583817224881871 0
400 -0.006803766244628339 0.00215077845211203 0
401 0.01076611751927228 0.01780153587411481 0
402 0.01788136186759204 -0.01081044535773643 0
403 -0.0178288455089919 0.01065254156900329 0
404 -0.01066418633511503 -0.01771904155494992 0
405 0.01773127423735479 0.01067587315708051 0
406 -0.01081044348664783 0.01788152676511315 0
407 0.01065256585532174 -0.01782898355166456 0
408 -0.01771920895258564 -0.01066422977952088 0
409 0.006569874653738258 -0.005583505945666855 0
410 -0.01839730651202044 -0.01550429508484218 0
411 -0.01550429508484281 0.0183973065120209 0
412 0.01550429508484285 -0.01839730651202088 0
413 0.01839730651202134 0.01550429508484346 0
414 0.005300936343871578 0.01418183089909782 0
415 0.003200987414179428 -0.005185604573021273 0
416 0.01018723891592461 0.01304652912857122 0
417 -0.005701076199271656 0.006645505947881579 0
418 -0.008781964661332888 0.008593711575529054 0
419 0.008845489132357935 -0.008852756064255856 0
420 0.0001924579125284298 -0.007226793803701823 0
421 -0.01286496232611681 -0.01155283815957923 0
422 -0.01161401713672589 0.01287776187852913 0
423 0.01161675930400143 -0.01287077712510214 0
424 0.01286496232612003 0.01155283815957991 0
425 -0.002795157247979543 -0.0005941119555142047 0
426 0.006095647180326147 0.002415173518478837 0
427 0.003204640777195671 0.005627533601359369 0
428 -0.009952015804565824 0.02553131715004002 0
429 0.0257077897474917 0.01003356396940278 0
430 0.009952015804566346 -0.0255313171500398 0
431 -0.02553131715003951 -0.009952015804566613 0
432 0.00724465167400748 5.952431629991503e-05 0
433 0.02553053764166754 -0.00995222767802687 0
434 0.01003361620077846 0.02570711266374086 0
435 -0.009952227678027635 -0.02553053764166706 0
436 -0.02553053764166732 0.009952227678027418 0
437 0.008057906511525832 0.01107453385941343 0
438 0.00747480967417386 0.02151590958806703 0
439 0.02145834084794436 0.007644843059268086 0
440 0.01302573505279096 -0.01098172288399143 0
441 -0.01294436430075865 0.01095541523410014 0
442 0.001009140029951636 0.002242785852108976 0
443 0.005122436948860041 0.007275771824027129 0
444 -0.01097462292629051 -0.01311426541568377 0
445 -0.001757842380379589 -0.00500604660014678 0
446 -0.008678825923247216 0.02162078187843307 0
447 -0.02152887462621582 -0.008662385176516867 0
448 0.008678555612489747 -0.02150550757497215 0
449 0.02162049249249187 -0.008678520908027475 0
450 -0.008661905303249694 -0.02152874613136705 0
451 -0.02150571567922227 0.008677800114078694 0
452 -0.01918983857047314 -0.02008809802437775 0
453 0.02008809802437813 -0.01918983857047304 0
454 -0.02008809802437805 0.01918983857047311 0
455 0.01918983857047301 0.02008809802437843 0
456 -0.01313016210322642 0.002923336584951601 0
457 0.002923393215509043 -0.01313015988241497 0
458 0.02633568395453505 0.007976279892660094 0
459 -0.007848976569235069 0.02641507366919848 0
460 0.007985400604537129 -0.02636792304533703 0
461 -0.02641507366919781 -0.007848976569236034 0
462 -0.01048456899383991 -0.0002173419923254905 0
463 -0.0003733143164829327 -0.01055266993112425 0
464 -0.01780945705749731 -0.006814140784390098 0
465 -0.006814163485069186 -0.01780892735571131 0
466 0.007979120291798357 0.0263428850723519 0
467 0.02641407562545656 -0.007849854727212582 0
468 -0.0263671703055617 0.007986010057822518 0
469 -0.007849854727213515 -0.02641407562545608 0
470 0.004640619781498235 0.009749595423603668 0
471 0.02292496093283273 0.005866218604565834 0
472 -0.01602057700918823 0.00558706591784674 0
473 0.005586864853902043 -0.01602075112550602 0
474 -0.01798601096902505 0.0067557278424536 0
475 0.006755847526366252 -0.01798653539175475 0
476 0.006077584868771947 0.02307960206363485 0
477 0.02330166861736756 0.0006558460290744299 0
478 -0.0008817863086313964 0.02367467499924035 0
479 0.0007879583745986388 -0.02352979666387309 0
480 -0.02365961068789578 -0.0009737561394488183 0
481 0.01058474427638277 -0.0003834269573312589 0
482 0.002371963832228185 0.01675556543465148 0
483 -0.01598012064089683 -0.00413698347556141 0
484 -0.004137161521819573 -0.01597969091869524 0
485 -0.004238604931662272 0.00838281317657919 0
486 -0.001156674192624152 0.005971707552659244 0
487 0.005662120253785092 -0.02341195859577444 0
488 -0.02353018628324485 -0.005650411247988069 0
489 -0.005650411247987409 0.02353018628324403 0
490 0.008475899577809512 -0.004413287883969653 0
491 -0.02333155455423894 0.005638958959689922 0
492 -0.002739866149249947 0.0131116732126404 0
493 0.01299679769918955 -0.00259919217017011 0
494 -0.005636173787856174 -0.02344874159536991 0
495 0.02344874159536982 -0.005636173787855208 0
496 0.002237909617085164 0.0002415626137200969 0
497 -0.001802058719086988 0.01106569569958307 0
498 0.007794062125930221 0.004274325881433332 0
499 -0.002338345355420235 -0.01731995869518022 0
500 -0.01732040276932283 -0.002338323556966331 0
501 0.001686260163353497 0.01200091625316443 0
502 0.01809177625301043 0.006707196265542521 0
503 -0.006601272354898007 0.01817432896025988 0
504 0.01817394427530045 -0.006601380183111433 0
505 -0.005443670666909448 0.01627187624065303 0
506 0.01627215532462225 -0.005440831940593702 0
507 0.006882952923098406 -0.007800333952771133 0
508 0.01005211466005534 0.004098652216530278 0
509 0.006601790644774953 0.01836793803066297 0
510 0.0002732062344487269 0.01516431533839455 0
511 -0.008442050409669929 0.006825309228356429 0
512 0.01517078421092385 -1.407010016224591e-05 0
513 0.0001081956801891348 -0.01497024301829019 0
514 -0.01496933123181471 0.0001165558293561669 0
515 0.002154639074614255 -0.0181592169714837 0
516 -0.01816279769727507 0.002154251605083541 0
517 -0.005441562593158493 0.003819371992002857 0
518 0.00640210142567714 0.011917579553882 0
519 -0.002094780251835974 0.01832847959141728 0
520 0.01827990041590538 -0.002085109647803628 0
521 0.002506641816356279 -0.007310684121739974 0
522 -0.02134564856405145 -0.01831165255275169 0
523 -0.01831165255275141 0.02134564856405155 0
524 0.01831165255275152 -0.02134564856405151 0
525 0.02134564856405161 0.01831165255275125 0
526 -0.00841935212349444 0.01094934809432653 0
527 0.01087720758272535 -0.008429380686968434 0
528 0.01198278690837559 0.006373552782972931 0
529 0.0163348144878735 0.02254668829288471 0
530 0.02254668829288466 -0.01633481448787381 0
531 -0.02254668829288459 0.01633481448787412 0
532 -0.01633481448787444 -0.02254668829288454 0
533 0.01694946864202899 0.002140707634412357 0
534 0.009181072544324933 0.01470394704531661 0
535 0.008650864767754816 0.008909755390783092 0
536 -0.005260317835463915 -0.01188401835922468 0
537 -0.0118894970500328 -0.005279487709696525 0
538 -0.008027254891920693 0.0001912554611611662 0
539 0.007261085339991369 0.006943705550684541 0
540 0.01493709076440181 0.009108247597121354 0
541 0.02111278283576674 0.002243085252107883 0
542 0.02274014438729954 0.009760822818330159 0
543 0.009737888112012366 0.02273635789674526 0
544 0.006491612755664634 -0.001924590822977389 0
545 -0.01727423248498115 -0.01700432303406539 0
546 -0.01700432303406596 0.01727423248498166 0
547 0.01700432303406594 -0.01727423248498168 0
548 0.01727423248498219 0.01700432303406649 0
549 -0.01928502958989149 -0.01218243941800292 0
550 0.01218243941800436 -0.01928502958989135 0
551 -0.01218243941800435 0.01928502958989126 0
552 0.01928502958989112 0.01218243941800578 0
553 -0.01218266755618599 -0.01928477550687667 0
554 -0.01928477550687655 0.01218266755618738 0
555 0.01928477550687643 -0.01218266755618747 0
556 0.01218266755618887 0.01928477550687632 0
557 -0.02398554386779315 0.001170678626862095 0
558 -0.001279942162982235 -0.02398365261690213 0
559 0.001193599858916567 0.02385507849681738 0
560 0.02398365261690249 -0.001279942162981274 0
561 0.01220378631190845 0.009604986499327626 0
562 0.006633135901940045 -0.01238363270980552 0
563 -0.01238355207424889 0.006633090537241091 0
564 0.01517685853260578 -0.009214175119530543 0
565 -0.009013860463962072 0.0151653852492875 0
566 -0.000864841994407905 -0.01928397426448679 0
567 -0.01948260691153316 -0.0008177082635092738 0
568 -0.01562507092396583 -0.01391083629349188 0
569 0.01391083629349263 -0.01562507092396664 0
570 -0.0139108362934926 0.0156250709239667 0
571 0.0156250709239675 0.01391083629349336 0
572 -0.01372225894974332 -0.01574031088770633 0
573 -0.01574966173469137 0.01397477553938976 0
574 0.01574966173469145 -0.01397477553938984 0
575 0.01407582747481219 0.01572991361903076 0
576 0.002165826594005794 0.02134568002875314 0
577 0.00543359748222192 -0.009253209176352258 0
578 0.002826259591989787 0.01021427523867194 0
579 0.00432573969761121 -0.001600537092889647 0
580 0.009339118908385376 -0.01467166751410255 0
581 -0.0147233088362822 0.009355954287103464 0
582 -0.009371226064025864 0.00514580028476678 0
583 0.00875793630369002 -0.01085556160602667 0
584 -0.01100203096163681 0.008699894654480945 0
585 -0.003066107784171961 0.003303843792563623 0
586 -0.01133293052582553 -0.008579197590107883 0
587 -0.008625941914350937 -0.0110576603149917 0
588 -0.02799094517107729 -0.0007408295987600701 0
589 0.0007408295987596484 -0.02799094517107724 0
590 -0.0007408295987598023 0.02799094517107788 0
591 0.02799094517107783 0.0007408295987594099 0
592 0.002052970489354472 -0.01122430023983296 0
593 -0.01139059378279993 0.001985513770175975 0
594 -0.002394693469093793 0.02494679885447082 0
595 0.02489373035485806 0.00229263252975748 0
596 -0.02494679885447135 -0.002394693469094064 0
597 0.002391741048402739 -0.02494784366891857 0
598 0.01926737186018384 0.0005561327459346064 0
599 -0.01305311585078073 -0.001485012424631046 0
600 -0.001402957865176024 -0.01297816353607124 0
601 -0.006908777945116155 -0.01263463294199152 0
602 -0.01263500737972851 -0.006908780538830546 0
603 0.01194559643397009 0.01327482729972427 0
604 -0.008815515536715194 -0.006377088620536088 0
605 0.004199942849866287 0.01841437416149013 0
606 -0.01575380505849557 -0.006123133840316154 0
607 -0.006123224585489129 -0.01575336611055275 0
608 -0.009412435149170808 -0.01479190925052357 0
609 -0.01504569969888628 -0.009462107169900097 0
610 -0.0004283435262522752 0.01931836071610995 0
611 0.02485028966096672 0.01315812869342065 0
612 -0.01315812869342084 0.02485028966096668 0
613 0.01315812869342113 -0.02485028966096654 0
614 -0.02485028966096649 -0.01315812869342135 0
615 0.01315561269530042 0.02485206201170855 0
616 0.02485206201170827 -0.01315561269530081 0
617 -0.02485206201170804 0.01315561269530123 0
618 -0.01315561269530162 -0.02485206201170775 0
619 -0.01750134631182541 0.008842349882740979 0
620 0.008842287387603643 -0.01750175455724166 0
621 0.02520742093699718 -0.003311189099557598 0
622 -0.003311189099558606 -0.025207420936997 0
623 0.003363177184976031 0.02517893785443761 0
624 -0.02519804034656561 0.003328759802557743 0
625 0.006845826971549483 -0.01424584648770875 0
626 -0.01424571896639921 0.006845750035922389 0
627 -0.002791306217200719 0.007024314444810071 0
628 -0.02333794206538893 -0.009726950307598702 0
629 -0.009726950307598075 0.02333794206538953 0
630 0.009726950307598504 -0.0233379420653894 0
631 -0.009726809713755237 -0.02333738888755596 0
632 0.02333738888755655 -0.009726809713754579 0
633 -0.02333738888755639 0.009726809713755067 0
634 -0.006672959924038058 -0.008746869025666912 0
635 -0.007207476491958635 0.01432009202929423 0
636 0.01431992989332118 -0.007207485253066851 0
637 -0.005597059997407292 -0.005555286323008108 0
638 -0.001943154002309812 -0.00677891644497103 0
639 -0.01353192545056659 -0.003638429667107979 0
640 -0.003635464619779526 -0.0135353022909506 0
641 0.01749510561616933 -0.009060842386367271 0
642 -0.00906092552166244 0.01749541639486334 0
643 -0.008730494740958352 0.003368026187491384 0
644 0.01291877394559737 0.002464817755651248 0
645 -0.02199780739731166 0.001838455619370463 0
646 0.0219899935336198 0.01244143112178078 0
647 -0.01244143112178084 0.02198999353361954 0
648 0.01244143112178114 -0.02198999353361947 0
649 -0.02198999353361917 -0.01244143112178118 0
650 0.02198945802195724 -0.01244101391370624 0
651 0.01244101391370622 0.02198945802195752 0
652 -0.02198945802195715 0.01244101391370656 0
653 -0.0124410139137066 -0.02198945802195688 0
654 -0.02015143470472699 -0.01533969567993732 0
655 -0.0153396956799374 0.02015143470472734 0
656 0.02015143470472764 0.01533969567993762 0
657 0.01533969567993754 -0.0201514347047273 0
658 -0.001665205946318138 -0.02216229947368867 0
659 0.02212332700311494 -0.001690729230916839 0
660 -0.001580665155785516 0.0008339922448746982 0
661 0.0187487107112524 0.00444342963608515 0
662 -0.01777287206835908 -0.01894058860029729 0
663 0.0189405886002978 -0.01777287206835967 0
664 -0.01894058860029775 0.01777287206835968 0
665 0.01777287206836026 0.01894058860029825 0
666 0.0009676242584589311 -0.01962042185319297 0
667 -0.01962312945629653 0.0009692529078401528 0
668 -0.003279272874470363 -0.009924186066013158 0
669 0.008983964906947445 0.000390067900718162 0
670 0.003423481580476805 -0.008881447542422861 0
671 -0.008920767281235887 -0.01757613109680212 0
672 -0.01757653052459159 -0.008920723304671006 0
673 0.000765957696798497 -0.002882908871773622 0
674 -0.02013700727130752 -0.004456621484598692 0
675 -0.00438505200322135 0.02005543928825207 0
676 -0.004458930650818422 -0.02013572357397297 0
677 0.02005763956595186 -0.004386607505163224 0
678 0.009509053967791684 0.01657237809080185 0
679 -0.0100733017682205 0.01215898715777262 0
680 0.01754507850652177 0.008973713164813126 0
681 0.004252557939017472 -0.019872554329432 0
682 0.01667333212586165 -0.003362022049025966 0
683 0.01125893129556593 -0.00216195786908185 0
684 -0.01987288355005327 0.004254473715149656 0
685 0.01534652444901743 0.02015340930527019 0
686 0.02015340930527013 -0.0153465244490175 0
687 -0.02015340930527017 0.01534652444901773 0
688 -0.0153465244490178 -0.02015340930527013 0
689 -0.02775500176967012 -0.00434662772619498 0
690 0.004346627726194536 -0.02775500176967019 0
691 -0.004346627726194466 0.02775500176967036 0
692 0.02775500176967042 0.004346627726194016 0
693 0.009190943738808717 0.02100043504063716 0
694 -0.004345037180422604 -0.02775450059898508 0
695 -0.02775450059898512 0.004345037180422128 0
696 0.02775450059898518 -0.004345037180421537 0
697 0.004345037180421043 0.02775450059898523 0
698 0.00373275336435007 -0.01640300421528734 0
699 -0.01640273101865149 0.003732915860876795 0
700 0.001750600158344087 -0.02175361963108135 0
701 0.01526952894893368 0.004013393922766831 0
702 0.003937417985796594 0.02124049475700774 0
703 0.006896832755454446 0.01484907655903854 0
704 -0.00360208821731892 0.01677050432646091 0
705 -0.01972643209832437 -0.006973621861118447 0
706 -0.007400869762671611 -0.01433158890383077 0
707 -0.0143319314421006 -0.007400854011795365 0
708 -0.006972487046463032 -0.01972717013272639 0
709 -0.0161320336562231 0.02338459642361046 0
710 0.02338459642361055 0.01613203365622302 0
711 -0.02338459642361026 -0.01613203365622335 0
712 0.01613203365622327 -0.02338459642361037 0
713 0.02155151330986221 0.004015013240437731 0
714 0.003380470821084641 -0.003470219564512439 0
715 0.0217380726933757 -0.01822676582090821 0
716 -0.01822676582090851 -0.02173807269337542 0
717 0.01822676582090806 0.0217380726933759 0
718 -0.02173807269337562 0.01822676582090836 0
719 -0.006996890724059407 -0.002161415993413869 0
720 0.006827874040709612 -0.01967405881852636 0
721 0.02092530372631283 0.009185568211339881 0
722 -0.01967443463642653 0.006827252678096876 0
723 -0.01900104003600202 -0.01406871972555837 0
724 -0.01406871972555919 0.0190010400360024 0
725 0.01406871972555926 -0.01900104003600239 0
726 0.01900104003600278 0.0140687197255601 0
727 0.004188006527774855 -0.02160162741448676 0
728 0.004984959362892697 -0.005445271159195716 0
729 0.003655423108268989 0.01356956704186413 0
730 -0.02160245838727698 0.00418386502946901 0
731 -0.01017355068809178 0.01383939451443365 0
732 0.01013951138296494 -0.01210114158339592 0
733 -0.01002605677251915 -0.002993456849627836 0
734 0.00679926211862918 -0.003647657553383542 0
735 -0.01415161741636872 -0.01898424166973862 0
736 -0.01898424166973865 0.01415161741636951 0
737 0.01898424166973856 -0.0141516174163695 0
738 0.01415161741637028 0.01898424166973863 0
739 0.00703482588112752 -0.02231833282815383 0
740 -0.001628324622717639 0.02190877808551175 0
741 -0.02186052108460165 -0.001548006606248664 0
742 0.02476237031516884 0.00638878004341612 0
743 -0.007117075557777703 0.0224716653027956 0
744 -0.02247166530279563 -0.007117075557778685 0
745 -0.02232098656567287 0.007034071585324275 0
746 -0.005199406445873015 -0.007159407945294786 0
747 0.02247185611211135 -0.007117659810081301 0
748 -0.007117659810081986 -0.02247185611211131 0
749 0.02573970129843409 0.01171592626229732 0
750 -0.01164908689549832 0.02565588944010242 0
751 0.01164908689549884 -0.02565588944010231 0
752 -0.02565588944010216 -0.01164908689549912 0
753 -0.01164818170929492 -0.02565580020571 0
754 0.02565580020571036 -0.01164818170929406 0
755 -0.02565580020571019 0.01164818170929461 0
756 0.01171471648139522 0.02574047484783041 0
757 0.01398832961399331 -0.01219763841790818 0
758 -0.0139883296139932 0.01219763841790831 0
759 0.02432522339222484 0.0046714270312958 0
760 0.006422794965798101 0.02479710692583265 0
761 0.001940026638165015 0.00671772612734936 0
762 0.01969682844148141 -0.001114143135032663 0
763 -0.01212225492433668 -0.01016378351507694 0
764 -0.003375668937569194 -0.007766880437392252 0
765 -0.007171677791860859 0.01999771033587494 0
766 0.01483221766336898 0.007162124657993017 0
767 -0.004498068065478817 -0.0001622493335552193 0
768 -1.254451270588835e-06 -0.008946245736669174 0
769 0.02001682847710296 -0.007186460056064041 0
770 0.006525537434169082 -0.02490219764014095 0
771 -0.006229921663875283 0.02751282565976816 0
772 0.02767017522703955 0.006176191657041577 0
773 -0.02751282565976774 -0.00622992166387748 0
774 0.006229921663877046 -0.02751282565976794 0
775 -0.006587808859556889 0.0249857224326859 0
776 -0.02498572243268598 -0.006587808859558431 0
777 0.02751246015851299 -0.006233493831535663 0
778 -0.006233493831536913 -0.02751246015851262 0
779 0.006233493831535281 0.02751246015851316 0
780 -0.0275124601585128 0.006233493831536466 0
781 -0.01483251195353785 -0.01702725659997246 0
782 -0.01702707844619478 0.01483278338732863 0
783 0.01702707844619476 -0.0148327833873287 0
784 0.0148070032221999 0.01700092669984285 0
785 -0.02508522287532389 0.00650526517362545 0
786 -0.01939487055043687 -0.01036440215265154 0
787 0.01035097613742906 -0.01934188537962117 0
788 -0.01035019989137689 0.0193943247587907 0
789 0.01941276456866615 0.01029375738583958 0
790 -0.01036410398179571 -0.01939456943555003 0
791 -0.01934159415618688 0.01035066169358388 0
792 0.0193940231550745 -0.01034987382586092 0
793 0.01032138629879343 0.01942635543848335 0
794 -0.003440409573296023 -0.004483546536967253 0
795 0.01514513875764614 -0.004100284238760571 0
796 -0.006589585449270066 -0.02500378262708823 0
797 0.02500378262708842 -0.006589585449268904 0
798 -0.02823127530186345 0.001141761921435755 0
799 -0.00114176192143616 -0.02823127530186341 0
800 0.00114176192143547 0.02823127530186402 0
801 0.02823127530186396 -0.001141761921435868 0
802 0.004255084978428138 -0.02449888447042125 0
803 -0.01223357855735505 -0.01405095818382491 0
804 -0.02192266315896373 -0.004478301525662609 0
805 -0.004478301525661996 0.02192266315896267 0
806 -0.005432330993305597 0.01039355184031292 0
807 0.01044282666280203 -0.005445136668725807 0
808 -0.005719694305989113 0.0008086148916033454 0
809 -0.004192348789521881 0.02453769370220731 0
810 -0.02453769370220849 -0.004192348789522677 0
811 -0.01677152837967226 -0.01199065586923541 0
812 -0.01196713844418 0.01676219608172434 0
813 0.01198385572085005 -0.01676404607606759 0
814 0.01677668607667495 0.011995343343414 0
815 -0.01197980382401043 -0.01675910152141459 0
816 0.0167487875755989 -0.01196198890800369 0
817 -0.01674959075304886 0.01197968155142177 0
818 0.0119529364850054 0.01672284281525109 0
819 0.0166679606587454 -0.001499166578975464 0
820 0.003641210516083212 0.01538498948534088 0
821 0.01381224435298567 0.01032975099119899 0
822 -0.001080712095245897 -0.01610990826201177 0
823 -0.01610991971062282 -0.001080503883650756 0
824 0.02192565288479234 -0.004477888491961277 0
825 -0.004477888491961994 -0.02192565288479242 0
826 -0.004091040827767833 0.01507586564489505 0
827 0.0161794632433763 0.006038459338480407 0
828 -0.005126982352096091 0.01228462209713879 0
829 0.01235312059902984 -0.005027361174624413 0
830 -0.01498846994378113 -0.02170815848754572 0
831 0.02170815848754565 -0.01498846994378079 0
832 -0.02170815848754566 0.01498846994378105 0
833 0.01498846994378069 0.02170815848754559 0
834 -0.001445044560782578 0.01665353370979195 0
835 0.01198819925012928 -0.009738346484050413 0
836 0.003854220591232155 -0.01469266729659311 0
837 -0.01469256949075746 0.0038541950699268 0
838 0.001423562013218394 0.008551523319388438 0
839 -0.01703400867224151 -0.01487254526040527 0
840 0.014872545260406 -0.01703400867224211 0
841 -0.01487254526040599 0.01703400867224212 0
842 0.01703400867224272 0.0148725452604067 0
843 -0.0005594914338354852 0.004043806236346289 0
844 -0.0166627702554108 0.001461608969723833 0
845 0.004715349223588576 0.00379983645704618 0
846 0.001459701215967621 -0.01666064314189191 0
847 -0.0074701601499082 -0.005359659279428689 0
848 -0.0003614709086850908 0.008880717667903514 0
849 0.01991045557599453 0.007176177777443763 0
850 -0.00320466253667613 0.009688390374116382 0
851 0.01634861464843871 0.009988729518080315 0
852 -0.01617736363583739 -0.009748966993137195 0
853 -0.009971360167005335 -0.01626895859224797 0
854 0.009935946333723626 -0.01618658800484189 0
855 -0.01618624859704995 0.009935951562051371 0
856 0.009728121271106293 -0.003252999367653872 0
857 0.007189534393770216 0.01997489943824227 0
858 -0.002733043864293687 -0.019115174568236 0
859 -0.01909020801560005 -0.002728965642822718 0
860 0.01420152661911898 0.01231984125735096 0
861 -0.01237223130987904 0.01421882334568956 0
862 0.01236923774474146 -0.01421582982101471 0
863 -0.01421016721576262 -0.01236970396990988 0
864 0.01270948390649445 0.01488026134877377 0
865 -0.01475049739028128 0.02176372272584685 0
866 -0.02176372272584669 -0.01475049739028149 0
867 0.02176372272584701 0.01475049739028125 0
868 0.01475049739028147 -0.02176372272584684 0
869 0.003459005132652229 0.001476912680969742 0
870 -0.005369746540075343 -0.01017659792827747 0
871 -0.01391785712838859 0.001549736331274429 0
872 0.001549736331273035 -0.01391785712838877 0
873 -0.008164298299167708 -0.003471738863381276 0
874 -0.001269473036578099 0.01427484543496102 0
875 0.01413743245503193 -0.001165500338725126 0
876 0.01067029275757937 0.005501291461009729 0
877 0.001055889543116596 0.01360723087983963 0
878 -0.005345933445253742 -0.002288584900916518 0
879 0.0206025962143161 0.01970980215193827 0
880 0.01970980215193832 -0.02060259621431618 0
881 -0.01970980215193823 0.02060259621431625 0
882 -0.02060259621431634 -0.01970980215193828 0
883 0.01366335853276069 0.001022325373483371 0
884 0.005593802375790127 -0.01111894986289027 0
885 -0.01107174431950561 0.005523166983578613 0
886 0.001467614577983669 -0.006021510423038956 0
887 0.006191826755505739 0.01031884049949777 0
888 -0.01019555605310049 0.0164322987757679 0
889 0.01643695392618808 -0.01019701571681328 0
890 0.009474996834599262 0.01168501803349628 0
891 0.001039548569090586 -0.001179402969624579 0
892 -0.007102252972261348 0.007807243987508994 0
893 -0.02562065441440258 0.001667177208596286 0
894 -0.001667177208596671 -0.02562065441440255 0
895 0.001667177208595156 0.02562065441440329 0
896 0.02562065441440326 -0.001667177208595542 0
897 -0.001071861780599284 -0.001016380857329867 0
898 -0.001195208156574192 0.007295225298179564 0
899 -0.00494640274471151 -0.00410054214815688 0
900 0.002345286711562547 0.00431309189795767 0
901 0.01140447992530457 0.01187209056269944 0
902 0.006173533020656707 0.01624537108123686 0
903 0.008365055942496372 0.007687879392797742 0
904 -0.002248523077019897 0.004435044650178483 0
905 0.008423485500333176 0.01775298308749238 0
906 -0.01720588563621008 -0.005353302340064788 0
907 -0.005353291936073763 -0.01720529493363616 0
908 0.01385130193835737 0.003612990884355263 0
909 -0.01194489863400086 0.009780098394576848 0
910 -0.009959220976411703 -0.01204934175197666 0
911 -0.02694894433587489 -0.009074381084450113 0
912 0.009084324527256086 -0.02694550770148281 0
913 -0.009074381084449249 0.0269489443358751 0
914 0.02694315791352364 0.009083659752337164 0
915 0.0201316909551046 0.01691320256130484 0
916 -0.01691320256130477 0.02013169095510441 0
917 0.01691320256130488 -0.02013169095510442 0
918 -0.02013169095510422 -0.0169132025613048 0
919 -0.009075041170941836 -0.0269486780800644 0
920 -0.02694525932497015 0.009084965028857767 0
921 0.02694867808006461 -0.009075041170941059 0
922 0.009084462859321728 0.02694348926424076 0
923 -0.0002802919594131145 -0.005706060994309879 0
924 -0.001914132209362963 -0.01063468239727339 0
925 0.005832559165114273 0.02153345711134558 0
926 -0.000167696725261973 0.0114143837167836 0
927 0.001007728900003463 0.01862832639061533 0
928 0.005759624130752984 -0.0004678774454222884 0
929 -0.01367246637473188 -0.01027684632048793 0
930 -0.002598171710725693 -0.002159693056440089 0
931 -0.0222422724408672 -0.01757069018584325 0
932 -0.01757069018584295 0.02224227244086734 0
933 0.01757069018584309 -0.0222422724408673 0
934 0.02224227244086744 0.01757069018584279 0
935 0.004826986546997684 0.02447566333829039 0
936 0.0101252266890664 -0.0137619260406959 0
937 0.004383583161296455 -0.0125664206634562 0
938 -0.01256643063383607 0.004383566977830237 0
939 -0.007192207254071377 0.01036232777928302 0
940 0.01034630078327393 -0.007159480713373986 0
941 -0.002748887490606023 0.001892541167178807 0
942 0.001553425101321902 -0.003785300223977241 0
943 0.0009098776502923724 0.02248271177001099 0
944 -0.005756009881587899 0.0050556274696551 0
945 -0.0006313968201399713 0.001606466828093042 0
946 -0.01897716601885255 -0.005533190945595317 0
947 -0.005533430423837724 -0.01897637831258827 0
948 0.02412325484212096 0.0101979528040307 0
949 0.001032920342118995 0.02014828713978222 0
950 0.0101978401643842 0.0241226739539885 0
951 -0.0114946120627563 -0.001513821930111108 0
952 0.001021643754302323 0.01631122268735774 0
953 0.01421292900306674 -0.01028008595272084 0
954 0.02596796411831678 0.003647311484407499 0
955 -0.007147060219570294 0.01299397001535454 0
956 0.01299381287625086 -0.007147262885455013 0
957 0.003649649987892145 -0.02596563828800744 0
958 0.02150448873366883 0.006025170806858529 0
959 0.007291635255888508 0.001798107039523671 0
960 0.005753826956670757 -0.01910243914385228 0
961 -0.004457453917182413 0.006570533552759954 0
962 -0.0005041171838118839 -0.003926348601857707 0
963 -0.01910217305481494 0.005754491887485265 0
964 0.009984512102645206 0.002507948001792853 0
965 0.01531180989846901 -0.01277676107860609 0
966 -0.01531180989846887 0.01277676107860613 0
967 0.007692069048447275 -0.006497207203118515 0
968 -0.02262395083984891 0.000338295905241511 0
969 -0.01036716784628683 -0.005406651514019786 0
970 -0.009804212865629049 0.002869204483168586 0
971 0.01570005552597674 0.02382825175499664 0
972 0.02382825175499651 -0.01570005552597702 0
973 -0.02382825175499639 0.01570005552597734 0
974 -0.01570005552597762 -0.02382825175499628 0
975 -0.01278805220567124 -0.01549516366092645 0
976 0.002703145388699945 -0.01026896835998637 0
977 0.005962692325462705 0.001025343370188264 0
978 0.003667023068372269 0.02013625457986085 0
979 0.013391201182891 0.006457232650614442 0
980 -0.002251779243810868 -0.003696912704453556 0
981 0.01366277548653488 -0.003602734694232703 0
982 0.006837678071803506 0.005424232710699439 0
983 0.00442940069905638 0.005749132813940178 0
984 -0.003671476045168561 0.02599292743200883 0
985 -0.02599292743201001 -0.003671476045170717 0
986 0.01985015441865579 0.003620938776135606 0
987 0.007448325197417 -0.009005523331592193 0
988 0.01179173507659838 -0.0113743529353892 0
989 -0.01185419571789215 0.01131529805695803 0
990 0.004507786488755668 0.001935609770964314 0
991 -0.01139171027015555 -0.01165194915811915 0
992 0.01747196630602881 0.003198831335828946 0
993 -0.01071658438419355 0.02245087562768326 0
994 0.01071658438419396 -0.0224508756276832 0
995 -0.02245087562768296 -0.01071658438419443 0
996 0.02245038945617066 -0.01071633599283321 0
997 -0.0224503894561706 0.01071633599283374 0
998 -0.01071633599283416 -0.02245038945617037 0
999 0.006315436108404477 0.01336701512352896 0
1000 -0.00525763462479626 0.002539879451420591 0
1001 -0.02459247312209056 0.004756144811921968 0
1002 -0.005758284072257812 0.01951539189560354 0
1003 0.01951442925743245 -0.0057593814917307 0
1004 0.003426535586882193 -0.01886634318425142 0
1005 -0.01886746049913102 0.00342731245032463 0
1006 -0.003941174155373435 -0.001583034365399343 0
1007 -0.01280177654507335 0.01554727919351204 0
1008 0.01555066023944089 0.01280118967237962 0
1009 -0.01555066023943863 -0.01280118967237824 0
1010 0.01280118967237896 -0.01555066023943973 0
1011 -0.02068736189843456 -0.00931852485924602 0
1012 0.009331733653305106 -0.02067662527107164 0
1013 -0.009316464791877999 0.02070899431149296 0
1014 -0.009318005815692816 -0.02068711847401442 0
1015 -0.02067652044850165 0.009331044740601188 0
1016 0.02070864078475669 -0.009316107578084954 0
1017 -0.0004133162548638351 -0.0224458717743961 0
1018 0.02271456772147526 -0.0003235929123587741 0
1019 0.005557006199733388 0.008325067246102109 0
1020 0.0158257747203065 0.00136113353511844 0
1021 0.01196909411797991 0.0001847864051798411 0
1022 0.00627049872308966 0.003655250410666093 0
1023 8.482823210126297e-05 0.006002508858202395 0
1024 0.02209742283604023 0.01107811561194577 0
1025 0.01107464640834867 0.02209652341870269 0
1026 -0.002927345177779888 0.01919008475005567 0
1027 0.01915832343792152 -0.003032050524170257 0
1028 0.01043279369318321 0.009134542102844867 0
1029 0.01803975726862941 0.001186446245743176 0
1030 -0.01097868009130318 -0.004036525655725704 0
1031 0.003127934635863452 -0.0008951012416535726 0
1032 0.003507916017217203 0.007136579942781261 0
1033 -0.009326694285383075 6.28747750491228e-05 0
1034 0.02536997943708742 0.008515112204723355 0
1035 -0.008455146209175882 0.02507961399760798 0
1036 0.008642773247558723 -0.02503758464914666 0
1037 -0.02507961399760732 -0.008455146209176825 0
1038 0.008520600354776227 0.02537433183917141 0
1039 0.02507901008976825 -0.008455644999293981 0
1040 -0.0250369983340548 0.00864316993804915 0
1041 -0.008455644999294826 -0.02507901008976765 0
1042 -0.009918183878093364 -0.009644279667462386 0
1043 -0.005428493994386998 0.008057666801015538 0
1044 -0.006892821755461692 0.006138878212496573 0
1045 0.008331505498506009 0.02249822774671775 0
1046 -0.003788235916407482 0.01341037523062637 0
1047 0.01149085516622017 0.003295015945508711 0
1048 0.02287959372014247 0.007169017845792245 0
1049 -0.008044511863297122 -0.007573708395683769 0
1050 -0.001104887002838782 0.02019344132070494 0
1051 -0.0080256334455695 0.001531411996200946 0
1052 0.005959357801633435 -0.006788506630999745 0
1053 -0.01281601838476192 -0.01280261239108749 0
1054 -0.02098345170975391 -0.007464927598668892 0
1055 0.003842518103311337 0.004103427863067423 0
1056 -0.009856233071291812 -0.008020335884964855 0
1057 -0.0006132546857545572 -0.01190915011116736 0
1058 0.0244519116515851 0.01446593347617267 0
1059 -0.01446593347617273 0.02445191165158503 0
1060 0.01446593347617292 -0.02445191165158493 0
1061 -0.02445191165158484 -0.01446593347617298 0
1062 -0.006646380829499735 0.003453571619821262 0
1063 -0.00746411050580399 -0.02098394466856444 0
1064 -0.02835064403593401 -0.00181024234636269 0
1065 0.001810242346362308 -0.028350644035934 0
1066 -0.001810242346361894 0.02835064403593444 0
1067 0.02835064403593442 0.001810242346361547 0
1068 0.02465947370572794 -0.004725165643616579 0
1069 -0.004725165643617553 -0.02465947370572787 0
1070 -0.00806608795446998 -0.009924970653273647 0
1071 0.004921472229529291 0.01273141766520682 0
1072 0.009382872764527006 0.01034308048171479 0
1073 -0.01286897838433352 0.01289040478141513 0
1074 0.01292541415934388 -0.01287575349015819 0
1075 0.006805738446023057 -0.01634035517738937 0
1076 -0.01633995505097177 0.006805966216364742 0
1077 0.02061714730549744 0.01252876710518177 0
1078 -0.01230192664928191 0.02069473818177626 0
1079 0.01230192664928213 -0.02069473818177628 0
1080 -0.02069473818177617 -0.01230192664928177 0
1081 0.01251649005244682 0.02061340059270681 0
1082 0.02067473558072692 -0.0123074880516795 0
1083 -0.02067473558072694 0.01230748805167977 0
1084 -0.01230748805167957 -0.02067473558072684 0
1085 0.007476436540015061 0.002728854431933263 0
1086 0.00135234834919163 -0.008092336015924493 0
1087 0.01209605489649321 0.008309322171151486 0
1088 0.01024261046589526 0.006742531473643826 0
1089 0.01453520532570857 0.02468095573392769 0
1090 0.0246809557339275 -0.01453520532570888 0
1091 -0.02468095573392726 0.01453520532570923 0
1092 -0.01453520532570957 -0.02468095573392703 0
1093 -0.02588036126690495 -0.001524385727675918 0
1094 0.001521221904142348 -0.025880315722145 0
1095 -0.001524385727675886 0.02588036126690518 0
1096 0.02607939518407451 0.001480482683583489 0
1097 -0.009108878985478623 0.00761083869592753 0
1098 -0.01630392743323033 -0.002854535862031549 0
1099 -0.002854641976519929 -0.01630357708846701 0
1100 0.007432660891046767 -0.02097876778753079 0
1101 0.004678173085415415 0.01083496001795859 0
1102 -0.006281116277705485 0.01714426823258798 0
1103 0.01714401614668852 -0.006280660273702951 0
1104 0.003740355199255769 -0.006783684742391946 0
1105 -0.02098013329084388 0.007430966809877888 0
1106 0.023217394534878 0.01285322124216766 0
1107 -0.01292574397155447 0.02320404802963727 0
1108 0.01292574397155476 -0.02320404802963715 0
1109 -0.02320404802963682 -0.01292574397155491 0
1110 0.005205026368239063 0.01792836990415533 0
1111 -0.01292011632287387 -0.023152255823522 0
1112 0.02315225582352236 -0.01292011632287321 0
1113 -0.02315225582352223 0.01292011632287359 0
1114 0.01287446115408992 0.0232091430487728 0
1115 0.01316212218758924 0.00512435407779609 0
1116 -0.001269435673394119 -0.02065582143498051 0
1117 0.007508656210640506 0.01195146264428834 0
1118 -0.009447716602445757 0.01018277927758632 0
1119 0.009963216637940265 -0.009399981348533227 0
1120 0.001127115307425342 0.000971924919934305 0
1121 -0.01851131969049741 -0.01705854076610796 0
1122 -0.01705854076610848 0.01851131969049787 0
1123 0.01705854076610849 -0.01851131969049787 0
1124 0.01851131969049832 0.01705854076610899 0
1125 -0.01407663591969148 0.01035085416436496 0
1126 -0.01413502379198542 0.008189997643782296 0
1127 0.02212219911468219 0.001080268571449283 0
1128 0.008191286730775516 -0.01412313442769375 0
1129 -0.01515679563643824 -0.01501754301779516 0
1130 -0.01509274748724435 0.01493614441481055 0
1131 0.01509274748724439 -0.01493614441481055 0
1132 0.01497377469178515 0.01508796153719621 0
1133 -0.009891716247211678 -0.001940290148222383 0
1134 0.01012782943782004 0.0007561649376747429 0
1135 0.008612565671291402 -0.007718976600734338 0
1136 0.008846820104975473 0.01289791808368517 0
1137 0.01035000556697746 0.01450078464299682 0
1138 -0.01055683704661135 -0.01418398881882378 0
1139 0.0004640763668251822 0.003455279381356815 0
1140 -0.003851251665189021 -0.01092429728486365 0
1141 -0.02180094594448344 -0.002998920712973529 0
1142 -0.002777245641064234 0.02161890753700496 0
1143 -0.02436028332560809 -0.01035373689488636 0
1144 -0.01035373689488577 0.02436028332560868 0
1145 0.01035373689488621 -0.02436028332560849 0
1146 -0.01035359552378809 -0.02435946099530957 0
1147 0.02435946099531014 -0.01035359552378746 0
1148 -0.02435946099530993 0.01035359552378795 0
1149 -0.002733418139115306 0.01176592868184156 0
1150 -0.006186427900575531 0.01549532510212283 0
1151 0.01549512451771201 -0.006185778344225814 0
1152 -0.002819574683106979 -0.02187003127009601 0
1153 0.02184686817865584 -0.002897283779621292 0
1154 0.0175979289136262 0.007810207796441885 0
1155 -0.01725162125765946 0.005263021000469497 0
1156 0.005262844314667442 -0.01725154807561253 0
1157 -0.01650606181939015 -0.01917226494869177 0
1158 -0.01917226494869183 0.01650606181939065 0
1159 0.01917226494869179 -0.01650606181939061 0
1160 0.01650606181939111 0.01917226494869186 0
1161 0.00586493637311212 0.006304254028359109 0
1162 -0.0006250762602898891 0.01013741841756866 0
1163 -0.01162211530737955 -0.007476807552913181 0
1164 -0.007528658634894776 -0.01164260463276631 0
1165 0.007725502643167043 0.009452980114207976 0
1166 0.002563826322928316 0.01346506114648792 0
1167 -0.003040819540905068 0.0002692630383545126 0
1168 -0.00162043152336004 0.01245615113059368 0
1169 -0.01628749060116622 -0.01718653952786436 0
1170 -0.01718653952786487 0.01628749060116673 0
1171 0.01718653952786483 -0.01628749060116677 0
1172 0.01628749060116728 0.01718653952786534 0
1173 -0.01829042439421724 -0.01210349670445806 0
1174 0.01210349670445916 -0.01829042439421802 0
1175 -0.01185554768287702 0.01796555622709867 0
1176 0.01829042439421888 0.0121034967044602 0
1177 -0.01210478036543992 -0.01829101327794441 0
1178 -0.01829101327794518 0.01210478036544098 0
1179 0.01796402630912064 -0.01185571570161803 0
1180 0.01228236369105932 0.01791475932692342 0
1181 -0.01366518868461165 -0.0004537440979938301 0
1182 -0.0003920741939200329 -0.01375176053598149 0
1183 0.004258429387826592 0.007974232079575433 0
1184 0.0008867282187903847 0.02691735178050169 0
1185 0.02691735178050163 -0.0008867282187908227 0
1186 -0.02691735178050106 0.0008867282187914081 0
1187 -0.0008867282187918336 -0.02691735178050103 0
1188 -0.01719672512302704 -0.003605352537598256 0
1189 -0.003605329255668204 -0.01719618414003239 0
1190 0.01009954283078554 -0.001697073018886095 0
1191 0.0161367790060732 -0.0171582755956944 0
1192 -0.01715827559569381 -0.01613677900607258 0
1193 0.01715827559569498 0.01613677900607382 0
1194 -0.01613677900607322 0.01715827559569438 0
1195 -0.003055707713597017 -0.02839720696115935 0
1196 -0.02839720696115938 0.003055707713596521 0
1197 0.02839720696115948 -0.003055707713596024 0
1198 0.00305570771359554 0.02839720696115951 0
1199 -0.01967750801469725 -0.01899725956314486 0
1200 0.01899725956314534 -0.01967750801469685 0
1201 -0.01899725956314527 0.01967750801469695 0
1202 0.01967750801469655 0.01899725956314575 0
1203 0.007584608307488387 -0.001096381902360846 0
1204 0.008780152507311812 0.003519377281005221 0
1205 -0.01462196489245007 -0.003997697624577425 0
1206 -0.003997479880780551 -0.01462206044293216 0
1207 0.005609902363502263 -0.00473391248907225 0
1208 -0.0205519714036602 -0.001444171722953546 0
1209 0.002477546520635259 0.002251585474411732 0
1210 0.009556186721400703 0.01823711201865219 0
1211 -0.001026900360951312 -0.007688744130077326 0
1212 0.01741720321627772 -0.007411714649189489 0
1213 -0.007411903695278354 0.01741750779865607 0
1214 0.007133870621852653 0.02268700847375114 0
1215 0.02251136131983383 0.008399633190928034 0
1216 0.01085223434907183 0.01655782027759619 0
1217 -0.01190369327158234 0.007825980617383876 0
1218 0.007826054039855814 -0.01190391408991551 0
1219 -0.01795030423001185 -0.001251400487958647 0
1220 0.009118365565082158 0.004644194795280368 0
1221 -0.001209298757072249 -0.01808959975828039 0
1222 0.00424201231770791 -0.00448558557290712 0
1223 0.0117794011134141 -0.001062377571034137 0
1224 0.005146127629108709 0.01546355883187654 0
1225 -0.01983900841298961 -0.02108864731886244 0
1226 -0.0210886473188625 0.01983900841298958 0
1227 0.02108864731886257 -0.01983900841298953 0
1228 0.01983900841298951 0.02108864731886263 0
1229 -0.007558592812350049 0.008698222520938525 0
1230 0.007926490320978311 -0.002847232326795833 0
1231 0.02215297399839987 -0.01366752080006223 0
1232 0.01366474776988828 0.02215642924774704 0
1233 -0.02215297399839983 0.01366752080006252 0
1234 -0.01366752080006258 -0.02215297399839975 0
1235 0.01763012586300259 0.02264910983536187 0
1236 0.0226491098353617 -0.01763012586300287 0
1237 -0.02264910983536162 0.01763012586300313 0
1238 -0.01763012586300343 -0.02264910983536145 0
1239 0.003606323920330597 0.009190635047325205 0
1240 -0.01168052446119905 0.003001427782350033 0
1241 0.002990598340660607 -0.01170234845145211 0
1242 0.00823470356050943 -0.00556073714691889 0
1243 -0.01671920705082922 -0.006898904661079085 0
1244 -0.006899015067639665 -0.01671871944296412 0
1245 0.003601306129568722 0.01737582794601223 0
1246 0.01228705112057395 -0.008078696644979535 0
1247 -0.007952088061745523 0.01231518325071447 0
1248 0.01726258456584469 0.005752664246787408 0
1249 0.02688492592809935 0.01021313618042728 0
1250 -0.01021138121693336 0.02687745694925519 0
1251 0.01021262414728453 -0.02687702736995612 0
1252 -0.02687745694925503 -0.01021138121693394 0
1253 0.0008953052948416723 -0.0103500899822539 0
1254 0.01021294420602436 0.02688461821007107 0
1255 0.02687704907253499 -0.01021142737600203 0
1256 -0.02687662172814812 0.01021266785824194 0
1257 -0.01021142737600257 -0.0268770490725348 0
1258 0.02017205174900695 0.001806830802247689 0
1259 -0.01149244291232308 0.0001938751908919034 0
1260 0.01648386324653295 0.0031327120696159 0
1261 -0.003897130082110325 -0.02645031797074935 0
1262 0.02645031797074946 -0.003897130082109319 0
1263 -0.0264503179707494 0.003897130082110094 0
1264 0.003897130082109023 0.02645031797074954 0
1265 -0.00794242808929977 -0.01821906500476924 0
1266 -0.01821961938922449 -0.007942520559687234 0
1267 0.01829995954368635 -0.0008610253423946927 0
1268 -0.007281768578037986 0.0212512698781859 0
1269 0.0212534383768586 -0.007282877196844 0
1270 -0.004408342358050079 0.00961281084164897 0
1271 0.01172156185702991 0.01075424017306737 0
1272 0.01243013142144141 -0.003901471689184682 0
1273 0.004252162404814422 0.02226735969823052 0
1274 0.009664021041155121 -0.004408235901527576 0
1275 0.00565973739494303 -0.008075807792929797 0
1276 -0.01836716377522185 0.007981538508196301 0
1277 0.007981744157138348 -0.01836755361658219 0
1278 0.002072185442482946 0.005416942341668759 0
1279 0.005850528967996861 -0.01453085620920723 0
1280 -0.01453074979439825 0.005850583905366817 0
1281 -0.007702423324150684 -0.001177607165323119 0
1282 -0.003287556771108859 0.01448696886697799 0
1283 0.001854976429438462 -0.005097224408339701 0
1284 -0.01834612449275365 0.0008715863910180309 0
1285 -0.0008060675181236788 0.02480438599109872 0
1286 0.02480630245827652 0.0009877715166287696 0
1287 -0.0248013731288297 -0.0008244614842867898 0
1288 0.0007866691666098381 -0.02477540121507323 0
1289 0.0008731473525612172 -0.01834380962979335 0
1290 -0.01323720096986846 0.009770553122383837 0
1291 0.013845674182543 0.008914528587415141 0
1292 0.02264731340439175 0.004509687167880996 0
1293 -0.021422265690168 -0.01011572393184387 0
1294 0.01011992096470542 -0.02141739373608162 0
1295 -0.01011777831460948 0.02143848564235057 0
1296 -0.01011532829345797 -0.02142190025063596 0
1297 -0.02141709618239943 0.01011946168427744 0
1298 0.02143808148947444 -0.01011743077448177 0
1299 -0.001495843726665 0.01544130753973254 0
1300 -0.01753782217981334 0.003238054833327694 0
1301 -0.004561104677338618 -0.01294299466004248 0
1302 -0.01293145776733425 -0.004573801481722472 0
1303 0.00323906555217037 -0.01753742183301757 0
1304 0.01552123373598625 -0.001202056083287336 0
1305 0.006472337974367797 0.007789308001592565 0
1306 0.009659356526103766 -0.01841081031064669 0
1307 -0.018410459743997 0.009659284212920394 0
1308 0.02128053970530895 -0.01607109830842488 0
1309 0.01607109830842478 0.02128053970530893 0
1310 -0.01607109830842516 -0.02128053970530892 0
1311 -0.02128053970530892 0.01607109830842509 0
1312 -0.01374734623060985 0.02223508477246931 0
1313 0.02223644666075933 0.01373994595210094 0
1314 -0.02223508477246911 -0.01374734623061014 0
1315 0.01374734623061009 -0.02223508477246929 0
1316 0.01303884436969236 -0.009761702751429936 0
1317 0.005489055906209205 -0.01257772814488541 0
1318 -0.01257770054744664 0.005489027393756923 0
1319 -0.01605753415064472 0.0004521490526471896 0
1320 0.0004498150034177844 -0.01605740440882972 0
1321 0.005330746242220835 -0.02214594296713825 0
1322 0.005242064657606801 -0.002350497263424869 0
1323 0.01245864730923088 0.001401674401009177 0
1324 -0.02214534425380849 0.00532692046264716 0
1325 -0.02074526757167468 0.001548182203424946 0
1326 -0.009389331053277704 0.006469596695259611 0
1327 -0.01461389861451293 -0.00631564935810033 0
1328 0.001448933728318046 -0.01236350667886053 0
1329 -0.0125055966606377 0.00167365957220564 0
1330 0.01607548308710864 0.008878660506599684 0
1331 -0.006315664444507065 -0.01461352482559464 0
1332 0.002700570460211894 -0.01426818230139969 0
1333 -0.01426808594036386 0.002700672265802721 0
1334 0.002839343497300124 0.0115896635227038 0
1335 0.00803289390058359 0.0145346565365964 0
1336 -0.01036121369893317 0.0009938082893648156 0
1337 -0.0005257484985536284 -0.001921879620152666 0
1338 0.001771102010835147 0.01084427671252517 0
1339 0.01926461994725541 0.005335840029750478 0
1340 -0.004433735224366141 -0.005061587185560448 0
1341 -0.005511153263998621 0.01782250931681169 0
1342 0.01785171668915533 -0.005486236827536677 0
1343 0.02296341688344913 0.002042716028250807 0
1344 0.01322597289265562 0.01296764582803133 0
1345 0.001650029461944754 0.003295482991095607 0
1346 -0.002158204075706122 0.02371148932571682 0
1347 -0.02371207068112547 -0.002200538816142848 0
1348 0.002177591021918867 -0.02368792988058232 0
1349 0.0006417398782827987 -0.01152724463423212 0
1350 -0.002552408152305372 -0.005775907031404402 0
1351 -0.02421915834808131 0.002505549812440905 0
1352 -0.002543673753867827 -0.02418259281727246 0
1353 0.002556046053579855 0.02419051343049776 0
1354 0.02418259281727254 -0.002543673753867394 0
1355 0.002936677029405942 -0.02153202977905568 0
1356 0.002773709628481407 0.01563729308886584 0
1357 0.02092931804912852 -0.001130585209056565 0
1358 -0.004704862823943391 0.004955234817185248 0
1359 -0.002454066258847727 0.005610890831288749 0
1360 -0.01174469209461627 -0.006393574139681072 0
1361 -0.006381268279645597 -0.01173904684994869 0
1362 -0.02282607220610313 -0.008597770678205725 0
1363 -0.008607124315393034 0.02284625798664965 0
1364 0.008547974542786229 -0.02281696775728035 0
1365 -0.008597541411481703 -0.02282574812351988 0
1366 0.02284591828463648 -0.008606909531940122 0
1367 -0.0228174293059314 0.008547726325618607 0
1368 -0.008667160528930646 0.01609592390183381 0
1369 0.01609781481581978 -0.008700358682333216 0
1370 -0.02153204570803365 0.00296442031715244 0
1371 -0.009752603867309801 0.0185014140368901 0
1372 0.01850116266379454 -0.009752423678801088 0
1373 -0.02770657332723482 -0.008274412307231305 0
1374 0.008295321946960888 -0.02769934657605588 0
1375 -0.008274412307230977 0.02770657332723496 0
1376 0.02769440530766144 0.008293924020275694 0
1377 -0.008274658524436063 -0.02770634771919397 0
1378 -0.02769915856562424 0.008295526979939556 0
1379 0.02770634771919414 -0.008274658524435555 0
1380 0.008294470989144983 0.02769543638077583 0
1381 -0.009917108002857007 -0.01297037843532327 0
1382 0.006976451582976596 0.01098297725674415 0
1383 0.009614012395557814 0.008045667545352707 0
1384 0.009267719945093336 -0.0009285339999535803 0
1385 0.006734826817947859 -0.01532339863616263 0
1386 -0.01532315186090445 0.006734916846275856 0
1387 -0.00800579495399187 0.005734396606733278 0
1388 0.01446280177367865 -0.008212743113121649 0
1389 -0.008213233590077628 0.01443832872006838 0
1390 -0.01357060382218126 0.003880072348924399 0
1391 0.00388014602264923 -0.01357055183419479 0
1392 -0.003487913578101646 0.02857536237821908 0
1393 0.02856907864634986 0.003490386408077342 0
1394 -0.02857536237821912 -0.003487913578102259 0
1395 0.003489958020972974 -0.02857016722491373 0
1396 0.008306862202902738 -0.009892226873517502 0
1397 0.007424668777809239 -0.01320456817901291 0
1398 -0.01322601271642234 0.007459488240147565 0
1399 -0.002009494541875838 0.01969851603401189 0
1400 0.0178660825685614 -0.003218656632489799 0
1401 0.002708655048803472 0.01813574660992368 0
1402 -0.01810977885303188 -0.02003747194662244 0
1403 0.02003747194662288 -0.01810977885303184 0
1404 -0.02003747194662282 0.01810977885303194 0
1405 0.0181097788530319 0.02003747194662324 0
1406 0.01418680141064657 -0.002700619554379351 0
1407 -0.008276658995549125 0.009688370359160134 0
1408 0.007561117610793064 -0.01713855525903583 0
1409 0.009715997809367091 -0.00815406995848381 0
1410 -0.01713810151392063 0.007561206521097729 0
1411 -0.003491450624083148 0.01797144193760295 0
1412 -0.0009999482863555676 -0.009496688177685762 0
1413 0.01293787693453136 0.01597800049191294 0
1414 -0.002997368277305056 0.008186374518208505 0
1415 -0.01289726774732868 -0.01646587840048319 0
1416 0.01643718203783828 -0.01293411232140678 0
1417 -0.01643729677747392 0.01293663984189508 0
1418 0.007768788977565855 0.008525869407778873 0
1419 -0.02221287337637008 -0.005515729277764518 0
1420 -0.005497882881449599 0.02226466396332536 0
1421 0.002149485800866073 0.02301151469411088 0
1422 0.006751904133301088 0.01712193912536722 0
1423 0.02592596361632622 0.006530806964026639 0
1424 0.007369138191908393 -0.004697809310590712 0
1425 -0.006873853465688414 0.0008510167498139776 0
1426 -0.0004408118522609805 0.02242159587685946 0
1427 -0.01849690168897757 -0.009763833584185082 0
1428 -0.009763701573281724 -0.01849662103254202 0
1429 0.02226038211416233 -0.005494808061213861 0
1430 -0.00551278435147376 -0.02220602829301638 0
1431 0.005539578397317838 0.01881809314973872 0
1432 0.0110532446560244 0.004390095060638781 0
1433 -0.000888998777742951 0.01821174868205114 0
1434 0.001297035345436918 0.01772409126040331 0
1435 -0.02298011878464011 -0.004493495481482209 0
1436 -0.004490945996293825 0.02298751743991855 0
1437 -0.009449387845479362 0.02439920449438391 0
1438 -0.02439920449438326 -0.009449387845480051 0
1439 0.009427434069091628 -0.02437170699695463 0
1440 -0.001942817631384502 -0.01172238061612819 0
1441 0.00687488455703229 -0.02349527830761784 0
1442 -0.002028311906312258 0.009837649323081295 0
1443 -0.009449446797149978 -0.02439856385935611 0
1444 -0.02437097778562264 0.009427574293510359 0
1445 0.02439856385935672 -0.009449446797149291 0
1446 0.004162000319272872 -0.009765572843609792 0
1447 0.00161833228821821 -0.0206198844665494 0
1448 0.006402971011811889 0.02612997904407989 0
1449 -0.02343912826706332 0.006770493379803197 0
1450 -0.00834716321487259 0.02027551297279066 0
1451 -0.0122931929605073 -0.0007696596775503181 0
1452 0.02301134824349467 -0.004457949725577077 0
1453 -0.004460517767043592 -0.0230035834119024 0
1454 0.02027841350947863 -0.00834916707540574 0
1455 0.006522751445927812 -0.009496916604293134 0
1456 0.003674733928914908 0.01092512687887988 0
1457 0.00353534292784387 -0.007863685141866221 0
1458 0.01301814911829906 -0.005983139587395824 0
1459 -0.005982959009562318 0.01301843505757524 0
1460 0.004463779373811349 -0.02296954476695365 0
1461 0.001201804576810408 -0.01545142002420362 0
1462 -0.01544985466146074 0.001202048419724676 0
1463 -0.02377054878012017 -0.006884155406247392 0
1464 -0.006884155406246315 0.0237705487801201 0
1465 0.006440450095541273 -0.0261789688573677 0
1466 0.01147353114942716 0.01419388868967702 0
1467 0.007825612446643475 0.006069867813614667 0
1468 -0.006822564750109067 -0.02380171143880229 0
1469 0.02380171143880241 -0.006822564750108099 0
1470 -0.006415673423175469 0.02627990933493204 0
1471 -0.02627990933493187 -0.006415673423176878 0
1472 0.01831445438650135 0.009863262416597128 0
1473 -0.02617091314371842 0.006435618930108406 0
1474 -0.009687230332680076 0.01119855112232072 0
1475 -0.009596711323023584 0.004071908484333586 0
1476 -0.02296590064605143 0.004407749372685744 0
1477 0.0006585435763212297 0.01226544122901602 0
1478 -0.016728633386581 -0.01805744609998136 0
1479 -0.01805744609998173 0.01672863338658151 0
1480 0.01805744609998172 -0.01672863338658153 0
1481 0.01672863338658204 0.01805744609998209 0
1482 0.0163924754799559 -0.0003030946935712857 0
1483 0.02627656340460448 -0.006383353018540688 0
1484 -0.006383353018541824 -0.02627656340460413 0
1485 0.001325249839977385 0.01505450528169648 0
1486 0.001632181714428002 0.009666513216937152 0
1487 0.009993670759309693 0.01554295955014801 0
1488 0.00351048783697246 0.0003932683400796609 0
1489 0.002164584204229557 -0.01940815019991787 0
1490 -0.01942585198657294 0.002155670446291376 0
1491 0.01283667875695482 -0.00146134106354715 0
1492 0.002622992166610993 -0.00616938751989332 0
1493 0.01928287082339406 0.01614554215596112 0
1494 -0.01614554215596058 0.01928287082339353 0
1495 0.01614554215596061 -0.01928287082339345 0
1496 -0.01928287082339292 -0.01614554215596005 0
1497 0.009016302784413718 -0.01576692851439153 0
1498 -0.0157525384182347 0.00907299758254489 0
1499 -0.0004484185661738766 0.01615303907435808 0
1500 -0.008731208048557156 -0.0007295753257131717 0
1501 0.002595027866983285 -0.01638766016676312 0
1502 -0.009924252723397153 0.008451749021892978 0
1503 0.01136061240733815 0.009023367638726298 0
1504 -0.01638791777104893 0.002595498056298867 0
1505 -0.02013484138281656 -0.008328715814859326 0
1506 -0.008328070241569887 -0.02013484925581947 0
1507 0.02367262665754643 0.008898564053895488 0
1508 8.936534291751423e-05 0.02432427258790511 0
1509 -0.02431620426534226 5.69061387173122e-05 0
1510 0.02428273345401496 -0.0001002078099076347 0
1511 -0.0001117521136003749 -0.02431228599994701 0
1512 0.008859438903023077 0.02367320281206133 0
1513 0.007710960316979357 0.0186479550030602 0
1514 -0.01652141722357262 -0.01290542788529152 0
1515 0.01290445643552298 -0.01652034832305838 0
1516 -0.01290273896479232 0.01651621998566334 0
1517 0.01652215403743159 0.01290609752446146 0
1518 -0.01405006540942871 -0.01130511683252836 0
1519 -0.003956181521678945 0.01235985969153687 0
1520 0.01715085561734519 -0.004582325491311107 0
1521 -0.007781596721625527 0.002684567255515712 0
1522 0.0113235003663515 -0.01399667187365617 0
1523 -0.002659445196512076 -0.01296539416722901 0
1524 -0.01305142640695221 -0.002625038349352842 0
1525 0.0189418747417326 0.007634608063775269 0
1526 0.01548697025293866 0.005076283354708966 0
1527 -0.007612380550018623 0.01864805479185955 0
1528 0.01864777966637919 -0.00761237890959125 0
1529 -0.01805064254739729 -0.01466866767367338 0
1530 -0.01466866767367414 0.0180506425473977 0
1531 0.01466866767367417 -0.01805064254739771 0
1532 0.01805064254739812 0.01466866767367492 0
1533 -0.02156273916395809 -0.0193474847646819 0
1534 -0.01934748476468188 0.02156273916395812 0
1535 0.01934748476468197 -0.02156273916395803 0
1536 0.02156273916395805 0.01934748476468194 0
1537 0.01438625465138203 0.008079195156044279 0
1538 -9.580405090837301e-05 0.01395866521074206 0
1539 0.002411043558372577 -0.008443032299237391 0
1540 0.004263801925316089 -0.00274740853201537 0
1541 -0.0009894025266950718 -0.01489770580674942 0
1542 -0.01484299949540745 -0.0009890576167624217 0
1543 -0.005209909184707278 0.01508559920921974 0
1544 0.01510289878932927 -0.005153595995859597 0
1545 0.02471004003619061 0.01118588073902072 0
1546 0.01118591413062452 0.02471006235303145 0
1547 0.02431355945866516 0.003540656715883694 0
1548 -0.01311469564924823 -0.01842425753919712 0
1549 -0.01842436171317029 0.01311484580368897 0
1550 0.01837764928905241 -0.01307926513742859 0
1551 0.01321458281055343 0.01858757059732941 0
1552 0.01722174331107833 0.02160607469589396 0
1553 0.02160607469589391 -0.01722174331107838 0
1554 -0.02160607469589388 0.01722174331107855 0
1555 -0.01722174331107856 -0.02160607469589387 0
1556 -0.01848988022860479 -0.01301942368191378 0
1557 0.01301942368191494 -0.01848988022860504 0
1558 -0.01298400239311746 0.0184434704904451 0
1559 0.01848988022860528 0.01301942368191606 0
1560 0.006150403581266793 -0.0133770552459529 0
1561 -0.01337697310920456 0.006150338976718154 0
1562 -0.02458545858644353 -0.00539542702925427 0
1563 -0.00539542702925306 0.0245854585864429 0
1564 0.009575746387837314 0.01364078869751001 0
1565 -0.004364870941679229 0.003084299994874673 0
1566 0.004480028256268145 -0.008502126537172501 0
1567 -0.005723751788231988 -0.01279537743315276 0
1568 0.008159459864978928 0.02041692115990474 0
1569 -0.01279568513565786 -0.005725689115919889 0
1570 0.001888214562062606 -0.000987184030674372 0
1571 -0.01792525451167312 0.02018617725588247 0
1572 0.02018617725588252 0.01792525451167321 0
1573 -0.02018617725588241 -0.01792525451167309 0
1574 0.01792525451167318 -0.02018617725588245 0
1575 -0.01808412524336103 -0.01794027299753146 0
1576 0.01794027299753199 -0.01808412524336151 0
1577 -0.01794027299753196 0.01808412524336151 0
1578 0.01808412524336198 0.01794027299753249 0
1579 0.02032229776787412 0.008168542786325422 0
1580 0.01398530962057271 -6.295303967683809e-05 0
1581 0.01146329804741298 0.007158120477506457 0
1582 0.01475378812163967 0.01329959543517646 0
1583 0.01316429395186534 -0.01463498432175902 0
1584 -0.01316480544298412 0.01463492896158011 0
1585 -0.01463671822014722 -0.01316516433111368 0
1586 0.008660431159298434 0.01572611550473299 0
1587 -0.02886193975016388 0.0001437512473891087 0
1588 -0.0001437512473893892 -0.02886193975016384 0
1589 0.0001437512473892168 0.02886193975016431 0
1590 0.02886193975016425 -0.0001437512473894821 0
1591 -0.01129785751131108 0.01405657123389623 0
1592 -0.004648018972817788 0.01716964806432722 0
1593 -0.003034222549801006 -0.00887539482325536 0
1594 -0.01710995011542347 -0.007944994155989602 0
1595 -0.007945152590004093 -0.01710945986714054 0
1596 0.01679821719187434 0.0008669303966382182 0
1597 -0.006252593202621141 -0.007651176622713599 0
1598 0.0215982671151131 0.01003881487382541 0
1599 0.01001525639825251 0.02159067035515515 0
1600 0.01427893721831927 0.0113203360854038 0
1601 -0.01673721956264879 0.01094715767286947 0
1602 0.01093723991937379 -0.01674472231545924 0
1603 0.002724897755061309 0.02027379933742799 0
1604 -0.008209650814516774 -0.004494793810311551 0
1605 -5.465176299780472e-05 -0.02011375320525645 0
1606 0.01486306684404766 0.01030770432912042 0
1607 -0.01219408892343849 0.02475104288235033 0
1608 0.01219408892343883 -0.02475104288235019 0
1609 -0.02475104288235008 -0.01219408892343906 0
1610 0.02475126293572923 -0.01219226369398637 0
1611 -0.02475126293572905 0.01219226369398681 0
1612 -0.01219226369398716 -0.02475126293572886 0
1613 -0.02024549415867916 -0.0001519394193355309 0
1614 -0.02026645049527053 0.008573839234922262 0
1615 0.008574612568118848 -0.02026644577408438 0
1616 0.02495459390505911 0.007571565178594144 0
1617 -0.02316255664707344 0.002086147294661623 0
1618 -0.008471792405867432 0.004453419122409052 0
1619 0.006231897270580815 0.02065375025450638 0
1620 0.02571815324820241 0.01278891348679794 0
1621 -0.0127767720456541 0.02566779284548687 0
1622 0.01277677204565443 -0.02566779284548677 0
1623 -0.02566779284548669 -0.01277677204565464 0
1624 0.02567088154108867 -0.0127724369878472 0
1625 0.01278532329747988 0.02572069362659633 0
1626 -0.01277243698784789 -0.02567088154108832 0
1627 -0.02567088154108851 0.0127724369878476 0
1628 -0.007679318516701544 -0.00880049909828589 0
1629 0.01127922805983966 0.02008690793119692 0
1630 0.01990897135211095 -0.01128433127469266 0
1631 -0.01990897135211107 0.01128433127469275 0
1632 -0.01128433127469197 -0.01990897135211134 0
1633 0.02007831758702519 0.01128099785682739 0
1634 -0.0112843632693905 0.01990949552476718 0
1635 0.01128436326939066 -0.01990949552476729 0
1636 -0.01990949552476757 -0.01128436326938985 0
1637 0.01864743515433247 0.01112893281133546 0
1638 -0.01109015027382947 0.01881214293737332 0
1639 0.01121810084939739 -0.01869543830569364 0
1640 -0.01864510171679185 -0.01112363823553491 0
1641 0.01124695089094189 0.01864150852168133 0
1642 0.01881178746533499 -0.01109008080630448 0
1643 -0.01869535893215609 0.01121815398745652 0
1644 -0.01112378268896652 -0.01864495919603046 0
1645 -0.01721152461785179 0.0210043315470346 0
1646 0.02100433154703469 0.01721152461785173 0
1647 -0.02100433154703449 -0.01721152461785199 0
1648 0.01721152461785192 -0.02100433154703458 0
1649 -0.01330841923991461 -0.0146152463192135 0
1650 0.02438019533141688 0.0157113962643992 0
1651 -0.01571139626439923 0.02438019533141684 0
1652 0.01571139626439934 -0.02438019533141677 0
1653 -0.02438019533141669 -0.01571139626439938 0
1654 0.01520001240402078 0.022775195332334 0
1655 0.02277519533233398 -0.01520001240402105 0
1656 -0.02277519533233391 0.01520001240402137 0
1657 -0.01520001240402163 -0.02277519533233387 0
1658 -0.009560427911661982 -0.01042494198106741 0
1659 -0.01957630856891944 -0.001967996716995756 0
1660 0.02209165454295249 0.003025969246321961 0
1661 -0.01579397547007248 -0.008930647027184595 0
1662 -0.009107540533371313 -0.01568778863352623 0
1663 -0.001928279349184525 -0.01960485004788 0
1664 0.0119840834603258 0.005234576640665518 0
1665 -0.004051449013162527 0.004161355785409973 0
1666 -0.01175397222068806 -0.004038213351132374 0
1667 -0.0197260677205573 -0.01315467284980548 0
1668 0.01315467284980666 -0.01972606772055712 0
1669 -0.01315467284980662 0.01972606772055705 0
1670 0.01968473775825176 0.01327595874031499 0
1671 -0.01016014311096754 0.0148723244541098 0
1672 -0.0149661783280932 -0.00508336783319693 0
1673 -0.005083416284079787 -0.01496584031597514 0
1674 -0.008051906641779454 0.007735050781660946 0
1675 -0.01315168767545972 -0.01972883430627661 0
1676 -0.01972883430627644 0.01315168767546087 0
1677 0.01972883430627631 -0.01315168767546093 0
1678 0.01329454532839169 0.01969133762210089 0
1679 -0.01425619901906748 -0.01780023691543969 0
1680 -0.01780008110558006 0.01425678940770415 0
1681 0.01779340790213463 -0.01425170645538125 0
1682 0.01423074906833633 0.01786243032677607 0
1683 0.009578164185202917 -0.01039518679943398 0
1684 -0.01035006303056215 0.009516107073190651 0
1685 -0.01026033874469054 0.005839511035176726 0
1686 -0.01996690474124711 -0.005725779162951265 0
1687 0.0167150649147582 0.02357840786745258 0
1688 0.02357840786745245 -0.01671506491475845 0
1689 -0.02357840786745233 0.01671506491475872 0
1690 -0.01671506491475888 -0.02357840786745226 0
1691 -0.005725492870933515 -0.01996701225916375 0
1692 -0.01475118463262785 0.01375853008214069 0
1693 0.01475118463262796 -0.01375853008214064 0
1694 -0.007123845266395536 -0.01541020335957761 0
1695 -0.01541063644688831 -0.00712375622774745 0
1696 -0.009100910129081463 -0.007388368602014917 0
1697 -0.008565652460952896 -0.0140931055100062 0
1698 -0.01409694603816737 -0.008515425650415772 0
1699 0.003216100730062656 -0.02420050158749346 0
1700 0.007553795919289515 0.02498275441280561 0
1701 -0.004310094571085265 -0.009702847118425275 0
1702 0.01813556620407535 0.002359769725681355 0
1703 -0.003035433190972243 -0.01518701485314067 0
1704 -0.01518725056308553 -0.003035348954735373 0
1705 -0.02334224952861044 -0.01727229302553158 0
1706 0.01727229302553152 -0.02334224952861051 0
1707 -0.01727229302553141 0.02334224952861056 0
1708 0.02334224952861062 0.01727229302553136 0
1709 0.005404065881826467 -0.02450236863365693 0
1710 0.009488975366700568 0.001554298459291918 0
1711 -0.005144902096183112 -0.02839538003443283 0
1712 -0.0283953800344329 0.005144902096182812 0
1713 0.005144902096182063 0.02839538003443308 0
1714 0.028395380034433 -0.005144902096182356 0
1715 -0.02831894722424349 -0.005376364369818258 0
1716 0.00537636436981777 -0.02831894722424357 0
1717 -0.005376364369816977 0.02831894722424419 0
1718 0.02828979356173692 0.005368239000716782 0
1719 -0.0109583460924769 -0.01674734106574211 0
1720 -0.01651058051223261 -0.01092278117447334 0
1721 -0.01912884015513653 -0.003894496323065877 0
1722 0.002972657198840689 0.02207482942225966 0
1723 0.009035162118412472 -0.01197927880333209 0
1724 -0.006918893082673611 -0.0003380972557535658 0
1725 -0.004933521589077956 -0.001204660647878436 0
1726 -0.003896314264887024 -0.01913314707204091 0
1727 0.005021919771787644 -0.01040626933298374 0
1728 -0.01868035338609523 -0.01930985332768191 0
1729 -0.01930985332768233 0.01868035338609541 0
1730 0.01930985332768239 -0.01868035338609535 0
1731 0.01868035338609552 0.01930985332768279 0
1732 -0.002555155075036365 0.01703480292294823 0
1733 -0.02103514969518012 -0.003623869717026276 0
1734 -0.003807028365768305 0.02105294449218041 0
1735 0.02126469677230266 0.001154178314733064 0
1736 0.021085597373814 -0.003821104810746259 0
1737 -0.003746261222334563 -0.02104858974822197 0
1738 -0.006189134488666703 -0.009718737274631576 0
1739 -0.0003280479037598338 0.002686472230707618 0
1740 -0.002873709252363938 0.01063810994914458 0
1741 0.01940409050456762 -0.002093463846014433 0
1742 -0.004192634983894048 -0.01188112261677117 0
1743 0.0230940077804847 -0.002177510129058471 0
1744 -0.002176821273899238 -0.02310484016078028 0
1745 -0.002151932609605028 0.00333679462802867 0
1746 -0.003204234109064738 0.02424316229055143 0
1747 -0.0242290796362354 -0.003214606989147659 0
1748 -0.0002070737328521669 -0.01849357602456234 0
1749 0.009172212122697119 -0.01367898939198587 0
1750 -0.01481076302683625 -0.0160203832144633 0
1751 -0.0160972996172292 0.01490713316700477 0
1752 0.01609729961722921 -0.01490713316700482 0
1753 0.01490131166376069 0.01610929036984423 0
1754 0.0007037209712985656 -0.02215563393149313 0
1755 -0.01851082500630079 -0.0002644804961468695 0
1756 0.01402922688211738 -0.00925711224332138 0
1757 0.01240175942478298 -0.0119755307340912 0
1758 -0.01260980448066819 0.01195910589618708 0
1759 0.0009757993351432294 -0.0001570625798514852 0
1760 0.008094070838362064 0.001145137983617093 0
1761 0.01705572077231596 -0.002525432822029916 0
1762 -0.01115402781643999 -0.009718964104690135 0
1763 0.01276281632661218 0.01062965775906173 0
1764 -0.007723214549188831 -0.01328510995288187 0
1765 -0.01330577193278934 -0.007704730522676565 0
1766 -0.006588860293817327 -0.005895148790869331 0
1767 0.02011102083429502 -0.0001721256664699188 0
1768 -0.02229283452163728 -0.0004963461421566739 0
1769 -0.01377232244307344 -0.002104412686809478 0
1770 -0.002097608443454096 -0.01374927021218405 0
1771 0.00935091336276081 0.01999343806551581 0
1772 -0.01611732005541597 -0.01489392175373731 0
1773 0.01490031669161633 -0.01609855719643459 0
1774 -0.01490031669161633 0.01609855719643461 0
1775 0.01610175704991942 0.0148999097230755 0
1776 0.00331472609647605 0.0126373323140497 0
1777 -0.006150998190215392 -0.002885835277666053 0
1778 0.01583772120128881 0.002353687063750974 0
1779 0.01677294680206343 0.01096274495492807 0
1780 -0.005522309367464542 0.009116817670007347 0
1781 0.0203594330407936 0.006459885916833493 0
1782 -0.01081836761271723 -0.002272711336629614 0
1783 -0.01218038322738925 -0.009151280375134638 0
1784 0.01386334193764968 0.01674664653500122 0
1785 0.01042952623596264 -0.01482418102595414 0
1786 0.00418466899227214 -0.0005496361643252945 0
1787 0.01471439120120552 0.0009972443600168583 0
1788 0.01268176055553262 0.01411278483794801 0
1789 0.01698117982881818 0.006845598320082721 0
1790 0.003574147019881932 0.01632423266420875 0
1791 0.006935277052667196 -0.01139792326591622 0
1792 -0.0113979015034268 0.006935125100828296 0
1793 0.003363517552302878 -0.002219758101764693 0
1794 -0.009893095717244579 -0.006398695776346543 0
1795 0.006918901224083716 0.02381258097126377 0
1796 -0.00818539462184247 0.01546477171345911 0
1797 0.01545163712404668 -0.00817366136371505 0
1798 0.01551501840623725 -0.01023139373834518 0
1799 0.01269890734766985 0.007056778335455139 0
1800 -0.01722327909853276 0.009888960266670268 0
1801 0.009887288792022034 -0.01722477948374878 0
1802 0.02147805775555967 0.004962578305698206 0
1803 0.003828381805870315 0.02424816126587553 0
1804 0.003725393710592745 -0.02066482153369166 0
1805 -0.007641859512076048 0.003713739495498721 0
1806 -0.01569338406351879 0.02235098294298371 0
1807 0.02235098294298384 0.01569338406351873 0
1808 -0.02235098294298355 -0.01569338406351906 0
1809 0.01569338406351899 -0.02235098294298365 0
1810 -0.00387482557539545 -0.02419906544947197 0
1811 0.02419985777922637 -0.003874563530347011 0
1812 -0.02418157512820343 0.003836711805554983 0
1813 0.01784869884857205 0.004956770647456483 0
1814 0.002089048630235228 0.007806191586507793 0
1815 0.01369837769946296 0.01479649204111085 0
1816 -0.01915729914897022 -0.01506298174366314 0
1817 0.01506298174366378 -0.01915729914897049 0
1818 -0.0150629817436637 0.01915729914897049 0
1819 0.01915729914897077 0.01506298174366435 0
1820 -0.02067544165759617 0.003725349647328439 0
1821 -0.01563448822399136 0.00432883586623039 0
1822 0.004328752369486274 -0.01563457044932146 0
1823 -0.004131748216899357 -0.006991632699755725 0
1824 -0.0007025714679363586 -0.006600242567406438 0
1825 -0.0152104165105745 0.0102700795009311 0
1826 0.005543412154447641 -0.01999747885686975 0
1827 -0.01999816151864487 0.005543702622203744 0
1828 0.01035247539105046 0.01202626419145333 0
1829 0.009297053928146139 -0.005383765013398857 0
1830 -0.004812451446774356 -0.006219147291924222 0
1831 0.02402812719269435 0.001840635113063402 0
1832 -0.002145224180245644 -0.009812658078340421 0
1833 -0.005480996407239389 0.01135250454385241 0
1834 0.01137376616517989 -0.00547081699945142 0
1835 0.008236589642653299 -0.0002470778577394644 0
1836 0.02032129252884047 0.00266691336476769 0
1837 0.01993992647430323 0.009412801621197096 0
1838 -0.01197003634614443 0.0088903507154436 0
1839 0.008663126792199239 0.01196723496752903 0
1840 0.001105945382068728 0.02120692835391049 0
1841 0.01541861868239397 0.007999612452065737 0
1842 -0.01510444156833998 -0.008261694917189859 0
1843 -0.008295550681875534 -0.01505977997870836 0
1844 -0.00234497055936128 -0.007772469901426967 0
1845 0.01402451848834607 -0.01133279423681495 0
1846 0.02065864870548221 0.02061278430349556 0
1847 -0.02061278430349555 0.02065864870548227 0
1848 0.02061278430349561 -0.02065864870548222 0
1849 -0.02065864870548228 -0.02061278430349559 0
1850 -0.009299401701365515 0.01410561388527105 0
1851 0.01115200602558897 0.01277286365394631 0
1852 -0.01181123011270717 -0.01228224836658857 0
1853 -0.001936165198237538 -0.0001514073307539786 0
1854 -0.0145712337351971 -0.01035981146960277 0
1855 0.01134808744487023 -0.007315824385555182 0
1856 -0.007346770334984471 0.01134590596842907 0
1857 0.007446484752835941 -0.02513230100775911 0
1858 -0.00516187825979891 0.005827255888819436 0
1859 -0.009100472459970321 -0.01213336663702539 0
1860 -0.0004125442164571877 0.02692165100600261 0
1861 0.02695482332553081 0.000405227042441466 0
1862 -0.02692165100600195 -0.0004125442164570059 0
1863 0.0004120169125344075 -0.02692164341520861 0
1864 0.004282724850463421 0.01465500601958588 0
1865 -0.0199474918334665 -0.01438550137310582 0
1866 0.01438550137310607 -0.01994749183346691 0
1867 -0.01438550137310588 0.01994749183346696 0
1868 0.01993284586418655 0.01437848002012578 0
1869 -0.02516144959410188 0.007442688324861937 0
1870 0.0191712203353781 0.02191332905343868 0
1871 0.02191332905343856 -0.01917122033537817 0
1872 -0.0219133290534385 0.01917122033537824 0
1873 -0.01917122033537831 -0.02191332905343838 0
1874 0.002784919575242408 -0.004302215943533569 0
1875 -0.009126853581493049 -0.003633566437358908 0
1876 0.001101597805728535 0.006208445679249638 0
1877 -0.001748005967087582 0.01357053817772335 0
1878 0.01390684023704403 0.002787095899047786 0
1879 -0.008544626497573031 -0.005396657307917547 0
1880 0.01061047588923169 -0.002892452529147014 0
1881 -0.01080078545474469 0.01131092811362632 0
1882 -0.0103314327000031 0.002031371440040593 0
1883 -0.003019835318550569 -0.006869084141480344 0
1884 -0.007723335670759286 -0.006335617085648712 0
1885 0.02222584786084035 0.01857072493153702 0
1886 -0.01857072493153712 0.02222584786084034 0
1887 0.01857072493153722 -0.0222258478608403 0
1888 -0.02222584786084031 -0.01857072493153731 0
1889 -0.02250223221063383 -0.002459603325511712 0
1890 -0.002505722475346946 0.02260231687431019 0
1891 -0.009061265773539101 0.01215671999981022 0
1892 0.0245179647545865 0.0122525393520126 0
1893 0.004929954708540941 0.02116473546684623 0
1894 0.01423200408180008 0.004580334964953793 0
1895 -0.003759125829824285 0.007347169782713072 0
1896 0.01225224484334423 0.02451714192319984 0
1897 -0.02117657624852287 -0.01551791725343799 0
1898 -0.0155179172534378 0.02117657624852306 0
1899 0.01551791725343797 -0.02117657624852303 0
1900 0.02117657624852322 0.01551791725343778 0
1901 0.01098882253834971 -0.009676399134241297 0
1902 -0.01621187385812175 -0.005184098938588918 0
1903 -0.005184173981149896 -0.01621137222727217 0
1904 -0.01024647049604732 -0.0153142199532299 0
1905 0.004758023570174749 0.004836722593566063 0
1906 -0.02905949151048776 -0.001223263515893148 0
1907 0.001223263515892966 -0.02905949151048772 0
1908 -0.00122326351589295 0.02905949151048797 0
1909 0.02905949151048794 0.001223263515892781 0
1910 -0.01064033448315496 0.01300784508207408 0
1911 -0.01082536537569467 0.007739128731432653 0
1912 0.007689041963202044 -0.01072837977555671 0
1913 -0.01654218590308653 0.004626156965648688 0
1914 0.004626061958701867 -0.01654207757508684 0
1915 -0.009830945422433342 -0.01724040758379874 0
1916 -0.01720427037478253 -0.009833355426878767 0
1917 0.02386419172944705 0.006958850008894357 0
1918 -0.02709415673023297 -0.005341932834523986 0
1919 0.005221668211661579 -0.0271159452561472 0
1920 -0.005341932834522397 0.02709415673023271 0
1921 0.02716148647195448 0.005263043449441476 0
1922 -0.009650751457037358 0.01307945780697177 0
1923 -0.005177489622952893 -0.02704724141527479 0
1924 -0.02711807550659705 0.005223206895524234 0
1925 0.005213623658344827 0.02709900513073747 0
1926 0.02704724141527499 -0.00517748962295185 0
1927 -0.02727415394491259 -0.001491693422447024 0
1928 0.00149169342244662 -0.02727415394491259 0
1929 -0.001491693422446792 0.02727415394491393 0
1930 0.02730121961684683 0.001519111973764398 0
1931 0.02407793122007271 0.00572913336951803 0
1932 0.004821985528384696 -0.0208282343549395 0
1933 -0.02083907001172375 0.004819846168071342 0
1934 0.002481092479828021 -0.02257433904021653 0
1935 -0.01408641923873462 0.0007478651673616329 0
1936 0.0008263381291155336 -0.01411232145053085 0
1937 -0.01532285271829356 -0.01933524333619389 0
1938 -0.01933524333619391 0.01532285271829389 0
1939 0.01933524333619385 -0.01532285271829377 0
1940 0.0153228527182941 0.0193352433361939 0
1941 -0.0008463406486843735 -0.02506613726224136 0
1942 -0.02507062489527064 0.0008597912712789336 0
1943 0.02506362429064895 -0.0008453589902062922 0
1944 0.0008012306509464158 0.02505643095445235 0
1945 -0.02673969880343833 -0.01144840406869317 0
1946 0.01144840406869284 -0.02673969880343836 0
1947 -0.01144840406869217 0.02673969880343835 0
1948 0.02671810548476663 0.01145527100758413 0
1949 -0.003725287583486108 0.002241278937144794 0
1950 0.01441871976731067 0.01993321039152504 0
1951 0.01993945983888757 -0.01439491015848871 0
1952 -0.01993945983888764 0.01439491015848885 0
1953 -0.01439491015848849 -0.01993945983888765 0
1954 -0.01144799440924748 -0.02674000031006617 0
1955 -0.02674000031006629 0.01144799440924718 0
1956 0.02674000031006635 -0.01144799440924654 0
1957 0.01145469885918889 0.02671814294311423 0
1958 -0.002017624905418555 0.007720087720929318 0
1959 0.01230185253839359 0.01228710590845993 0
1960 0.006071170514719147 -0.003002292062021916 0
1961 -0.004933078544500249 0.01926685593274482 0
1962 0.007580603372838578 -0.01491828864814761 0
1963 -0.01491977004498159 0.007580418420807511 0
1964 -0.01115354037112818 0.01618357246794636 0
1965 0.01611473876840587 -0.01110357682342819 0
1966 -0.002653027334678706 -0.02598834555141051 0
1967 -0.02598737814502406 0.002668210633128673 0
1968 0.02598834555141079 -0.002653027334677669 0
1969 0.002668210633127683 0.02598737814502434 0
1970 0.01926668028958631 -0.004933779894427839 0
1971 0.01601215584962456 -0.004324551456476977 0
1972 -0.0003637285028233879 0.005045793680064941 0
1973 0.02820236340439327 0.00711509717542384 0
1974 -0.007120800224388676 0.02817816647977689 0
1975 0.007124285164343979 -0.02817696202124685 0
1976 -0.02817816647977658 -0.00712080022438913 0
1977 -0.007399532505221899 0.0247153360751439 0
1978 -0.02471533607514353 -0.007399532505223174 0
1979 0.01570433003701255 -0.003282365417941435 0
1980 0.002441318995489675 0.008919761764982695 0
1981 -0.02817646350279772 0.007124848176382766 0
1982 -0.007121370100465691 -0.02817766169505922 0
1983 0.007124672177916496 0.02817584313865656 0
1984 0.0281776616950595 -0.007121370100465081 0
1985 0.01912071926701711 0.001535194497064464 0
1986 0.02705642347800222 0.003443134379158903 0
1987 0.001923827269179297 0.001340074867398528 0
1988 0.02472484453812994 -0.00738802054383432 0
1989 -0.007388020543835379 -0.02472484453812955 0
1990 -0.006499582580927123 -0.01358076954347033 0
1991 -0.01358354999510315 -0.006497591748334985 0
1992 4.70223718676576e-05 0.02037472112352681 0
1993 -0.02100345979386713 -0.004978707331735254 0
1994 -0.004952428208496171 0.02104445787259348 0
1995 0.007873778655827281 -0.008153592696614314 0
1996 0.0232660835180302 0.01070628774377676 0
1997 0.01070612213785249 0.02326555987725783 0
1998 -0.002078599197162999 -0.02892112031883551 0
1999 -0.02892112031883551 0.002078599197162731 0
2000 0.02892112031883576 -0.002078599197162745 0
2001 0.002078599197162473 0.02892112031883577 0
2002 0.01724830674850278 0.00996352126124578 0
2003 0.003443235073267432 -0.02706149432562543 0
2004 -0.00711146242791986 -0.007946470606564889 0
2005 -0.006429029796517364 -0.004813255268604309 0
2006 0.02476117458296403 0.00941843588043487 0
2007 0.001692179122621318 -0.00280798866410523 0
2008 0.01734965860604501 -0.01002256567588516 0
2009 -0.01002248224981979 0.01734920957589317 0
2010 -0.004977379380447396 -0.0210050211300252 0
2011 0.02104775171773401 -0.004952468198846508 0
2012 -0.004390448332530145 0.01602240327158862 0
2013 0.00941919194068689 0.02476074152851921 0
2014 -0.004883158167640629 0.007408434762405916 0
2015 0.01176077579972838 -0.002889771668004369 0
2016 -0.006187383113052941 0.01453352182285516 0
2017 0.01453443189138746 -0.006184558098822551 0
2018 0.0183858323333418 0.0002031379118525302 0
2019 -0.01397696896424303 -0.0166909378819445 0
2020 -0.002722457789654997 0.02600051362936535 0
2021 -0.02600051362936527 -0.002722457789656361 0
2022 0.007658634005880452 0.01544406298079894 0
2023 0.01673489540590994 -0.01402896487567246 0
2024 -0.01673570349437192 0.01402987088434045 0
2025 0.00273077365425077 -0.02599897170235091 0
2026 0.0260082279425022 0.00263587564992216 0
2027 -0.01807360186673301 -0.005741773636366557 0
2028 0.01231627409924067 0.003162607259172985 0
2029 -0.003227800761080066 0.01585307500032958 0
2030 -0.005741795108666416 -0.01807291847810831 0
2031 -0.001400144305642279 -0.005826549756341171 0
2032 -0.004105833251798476 -0.003911000710514284 0
2033 0.004453691179680415 0.01947523117272441 0
2034 0.004408177001738855 0.02530097890164972 0
2035 0.007588106681362701 -0.002042343135767761 0
2036 -0.01358261322315409 0.02397818459127206 0
2037 0.02400039636366043 0.01355547203533586 0
2038 0.01358261322315432 -0.02397818459127192 0
2039 -0.02397818459127171 -0.01358261322315425 0
2040 0.01361464895399662 0.02399570245936367 0
2041 0.02396994984723287 -0.01372041187083355 0
2042 -0.02396994984723271 0.01372041187083392 0
2043 -0.01372041187083426 -0.02396994984723246 0
2044 0.0184294259167866 0.008655425111897239 0
2045 0.003261990069146145 -0.01544610345045537 0
2046 -0.0154460547863634 0.003262122146958379 0
2047 0.009122321968607234 0.02184748606152474 0
2048 -0.01702255134376835 -0.001206088893268366 0
2049 -0.001154258563695206 0.009280500900765371 0
2050 -0.001932783885949522 0.006656894864755607 0
2051 -0.001266803369699492 -0.01705367084298821 0
2052 -0.005604771622580029 -0.008495977730286739 0
2053 0.003324411996402829 0.01917556707604506 0
2054 0.02544070697745928 0.0139501325794015 0
2055 -0.0139501325794017 0.02544070697745919 0
2056 0.01395013257940197 -0.02544070697745903 0
2057 -0.02544070697745893 -0.01395013257940219 0
2058 0.01079668871298725 -0.01139848850293011 0
2059 0.006087135412874428 0.0150884890717846 0
2060 -0.004797507362433943 0.0007342686416564357 0
2061 0.01518444285893672 0.006197762797264909 0
2062 -0.01383360399041412 0.009123682856329455 0
2063 -0.01661688569825552 0.02258534889646468 0
2064 0.02258534889646478 0.01661688569825543 0
2065 0.01661688569825567 -0.02258534889646463 0
2066 -0.02258534889646454 -0.01661688569825577 0
2067 -0.0003584596867332547 0.00780558345481634 0
2068 0.000213683572429514 0.02332300927569703 0
2069 0.01861786363795347 0.003391200273172774 0
2070 -0.003455990833136139 0.02708993220020611 0
2071 -0.02708993220020649 -0.003455990833137099 0
2072 0.006971142502909794 0.01393480971442352 0
2073 0.003236454778816324 0.01450500309450478 0
2074 0.006902904634485361 0.009883546466150155 0
2075 0.01393111531797656 0.02545754015291764 0
2076 0.02545754015291743 -0.01393111531797686 0
2077 -0.02545754015291718 0.01393111531797727 0
2078 -0.01393111531797761 -0.02545754015291694 0
2079 -0.009008693957488458 -0.009816352231754831 0
2080 0.005253360795486224 0.01190815244041281 0
2081 -0.0006974292982498963 0.0006871441330063245 0
2082 0.01821348871340707 -0.008517192168262949 0
2083 -0.008517409407189454 0.0182139000988971 0
2084 0.01975738453518947 0.004655348275978373 0
2085 -0.02546117543627499 0.004358912583333185 0
2086 0.01146628232255473 -0.01055390306733632 0
2087 0.0004268833551263322 -0.003704796003305609 0
2088 -0.01158985340485006 0.004829440235164841 0
2089 0.004926600696799262 -0.01159743520015608 0
2090 -0.005380043292612258 -7.606659185814068e-05 0
2091 -5.683652674023246e-05 -0.002869422398184073 0
2092 0.009772050143719655 -0.0112445409450159 0
2093 -0.008735001358068066 0.002441748204456936 0
2094 -0.02350048139539068 -0.01097212783584085 0
2095 -0.01097212783584016 0.02350048139539104 0
2096 0.01097212783584056 -0.02350048139539092 0
2097 -0.01097162292215224 -0.0234997026636586 0
2098 0.02349970266365892 -0.01097162292215147 0
2099 -0.02349970266365881 0.01097162292215197 0
2100 0.0157567803871847 0.00695265439269628 0
2101 -0.001845305105396887 0.00177446107023093 0
2102 -0.003069984700870314 -0.003397537386525083 0
2103 0.01243937729158787 -0.009052956596363994 0
2104 0.000424553037008344 -0.006293240645952538 0
2105 -0.002820527218302614 -0.01079321241114088 0
2106 -0.007199153702272879 -0.003243639213180739 0
2107 -0.008016799805447302 -0.00239263146520619 0
2108 -0.000386569272731188 0.006780123991423509 0
2109 -0.01132194240218251 -0.01079439461329367 0
2110 0.009897754972782601 0.0174476909185156 0
2111 -0.01938288855725934 -0.01709935899853245 0
2112 0.01709935899853286 -0.01938288855725961 0
2113 -0.01709935899853286 0.01938288855725959 0
2114 0.01938288855725986 0.01709935899853324 0
2115 0.01292984342975531 0.008910690728057506 0
2116 0.009390128017481188 -0.007153635610031183 0
2117 -0.01150665988874475 0.02166858798612302 0
2118 0.01150675284697847 -0.02166767292007978 0
2119 -0.02166788428834977 -0.01150657075996364 0
2120 0.02182605956866029 0.009160170412635621 0
2121 0.02166722695379028 -0.01150656990052648 0
2122 -0.02166631651252111 0.01150665801094075 0
2123 -0.01150647868501686 -0.02166652493558386 0
2124 -0.005725627576850318 -0.02443849676148499 0
2125 0.02443849676148501 -0.005725627576849268 0
2126 -0.007710811440146626 -0.01919972406998367 0
2127 -0.01919981790423932 -0.007711470675570267 0
2128 0.006626568251490983 -0.0009110436525042071 0
2129 0.01201087183307692 0.002297500700151128 0
2130 0.001896730888560647 -0.01025007661540208 0
2131 0.009257649810264904 0.007026798706946648 0
2132 0.005960459795921612 -0.01021338441508154 0
2133 0.009938322150643868 -0.006266045226527783 0
2134 -0.006324010916471212 0.009925958710329167 0
2135 0.008514497267604254 0.01688550427387518 0
2136 -0.01174701412564222 0.02276023207379509 0
2137 0.01174702961868146 -0.02276007956278779 0
2138 -0.02276011479083257 -0.01174699927084586 0
2139 0.02275096157066839 -0.01174564289171909 0
2140 -0.02275080983045679 0.0117456575767885 0
2141 -0.01174562768913475 -0.02275084456763372 0
2142 -0.006165935932616698 -0.001778153464941814 0
2143 0.01740750058758265 -0.0009322447136336709 0
2144 0.0007818556313977377 0.01121676289597688 0
2145 -0.02520863794228126 -0.01082403378711441 0
2146 -0.01082403378711361 0.02520863794228167 0
2147 0.01082403378711416 -0.02520863794228149 0
2148 -0.01082388082916748 -0.02520779585995163 0
2149 -0.02520779585995184 0.01082388082916726 0
2150 0.02520779585995203 -0.0108238808291667 0
2151 -0.0007933600986272994 -0.00487170201131865 0
2152 -0.005960162170434296 -0.006602250342669694 0
2153 0.004764218023065273 -0.01898684374441428 0
2154 0.0005976659788021328 0.009213888745764438 0
2155 -0.01898678294109966 0.004764893255839637 0
2156 -0.01294202332510331 -0.009740565053291107 0
2157 -0.02180317913834282 0.0007586491511258531 0
2158 -0.01702418852788513 -0.01404922927963914 0
2159 -0.01404975871069401 0.01702076565690111 0
2160 0.01405000406365556 -0.01702135541938611 0
2161 0.01702207050050903 0.01405018036657011 0
2162 0.0119404460307064 0.01575567599529564 0
2163 -0.004519021001870917 -0.01688877181841875 0
2164 -0.01688942479234827 -0.004519064590722929 0
2165 -0.01883574340263908 0.00717980527119434 0
2166 -0.002155276639458633 -0.001196652416835606 0
2167 0.007180112020797224 -0.01883597282649214 0
2168 0.00150432440721051 -0.006966599629899907 0
2169 0.0057210837126972 0.00946332426504911 0
2170 0.01112232862196101 0.006276331313305491 0
2171 0.005543086895617333 0.0169596133166182 0
2172 -0.003548938101197933 0.006263586140784332 0
2173 -0.01061121716601186 -0.007831311905991302 0
2174 -0.01317322076895036 0.02140974390464958 0
2175 0.02139670701094608 0.01323299241320997 0
2176 -0.02140974390464938 -0.01317322076895079 0
2177 0.01317322076895066 -0.02140974390464958 0
2178 -0.02085618356577267 -0.01463598975258851 0
2179 0.01463598975258858 -0.02085618356577292 0
2180 -0.01463598975258841 0.02085618356577294 0
2181 0.02086097840369123 0.01465703097704015 0
2182 -0.007810640547394771 -0.01076282757586878 0
2183 -0.003210795887984038 -0.01818791513285033 0
2184 0.005225577809408404 -0.0013188891286709 0
2185 0.021300359541529 0.01172916085841744 0
2186 -0.0181833829995739 -0.00320981327135792 0
2187 -0.02429140683139165 0.005864974954096181 0
2188 0.01172793070790465 0.02130013319555435 0
2189 0.0001026434772629382 0.01837633625219044 0
2190 -0.01828216679874208 -0.002218135161495062 0
2191 -0.002212004943809814 -0.01831658096437802 0
2192 -0.0004921219963576305 -0.01285070626134345 0
2193 -0.001998225040352067 -0.02125457740114428 0
2194 -0.0104630614750532 0.004870330574454359 0
2195 0.01367833062617779 -0.007759240345243046 0
2196 -0.007759172678145039 0.0136783534428931 0
2197 0.0004856606533918908 0.008143095060667089 0
2198 0.02138461049880953 -0.0131466007092037 0
2199 0.01321542115561152 0.02136903506646603 0
2200 -0.01314660070920419 -0.02138461049880934 0
2201 -0.02138461049880952 0.01314660070920406 0
2202 -0.009665214153294372 -0.0009489175465947189 0
2203 -0.01463086407445138 0.004768702210960828 0
2204 0.004768687255626586 -0.01463090869352296 0
2205 0.02190063699287895 -0.0007322057483520406 0
2206 -0.0009110442406279076 -0.02155293450721751 0
2207 0.002574680444470439 -0.009473225198614729 0
2208 -0.01476436584074785 -0.02084878212194684 0
2209 0.02084878212194684 -0.01476436584074766 0
2210 -0.02084878212194687 0.01476436584074789 0
2211 0.01476833410888463 0.02084774054738645 0
2212 -0.004985543222587543 -0.003165612618656663 0
2213 0.02509623952618131 0.005489729094301678 0
2214 -0.007196221272377602 -0.009726114993180802 0
2215 -0.01369121787386434 0.01133569515816374 0
2216 0.002667053972623755 0.007221197056857933 0
2217 0.02278144569552643 0.0118681933680326 0
2218 0.01186880290789176 0.0227804753180442 0
2219 0.004215105008121748 0.002966885751514745 0
2220 0.01473807318103333 0.003202719432456939 0
2221 0.004021095883074186 0.02871925518568843 0
2222 0.02871925518568831 -0.004021095883074651 0
2223 -0.02871925518568817 0.004021095883075154 0
2224 -0.004021095883075589 -0.02871925518568806 0
2225 0.01930612980548735 0.00635751362350528 0
2226 -0.002181228681135683 0.01447178960006151 0
2227 0.02534836492310084 0.004322069425864226 0
2228 0.01328891382443717 -0.004739517438708808 0
2229 0.008497333775037084 -0.01657561401892363 0
2230 -0.01657521603049194 0.00849755189665773 0
2231 0.00812146027320837 0.00519574403463407 0
2232 0.02547374321584926 -0.004253375086071815 0
2233 -0.004253388728567972 -0.02547370196586195 0
2234 0.01017994256884252 0.02050578592788821 0
2235 0.007309556269716724 0.007864903230845651 0
2236 0.02119314386116352 -0.002090177807611888 0
2237 -0.001204315714679368 -0.01102173630472406 0
2238 0.01114409841751069 0.009908704886078062 0
2239 -0.01153268735559611 -0.01436354474083198 0
2240 0.005703393171666335 0.02413372497446425 0
2241 0.004786827190384553 0.02340183223412727 0
2242 -0.004454886246908954 0.01420481707825993 0
2243 -0.001220020589871379 -0.02302706708713353 0
2244 0.02297118282176821 -0.001187111579388495 0
2245 0.024119533924095 0.01660268076347364 0
2246 -0.01660268076347367 0.02411953392409496 0
2247 0.01660268076347374 -0.02411953392409492 0
2248 -0.02411953392409487 -0.01660268076347379 0
2249 0.02063298190671158 0.004379630247371167 0
2250 0.009783571085868435 0.005469013590983201 0
2251 0.01852561419021936 0.0226076569131701 0
2252 0.02260765691317 -0.01852561419021945 0
2253 -0.02260765691316995 0.01852561419021955 0
2254 -0.01852561419021966 -0.02260765691316986 0
2255 -0.006503380377204536 0.004405121433032718 0
2256 0.01381217492139517 0.007196235424602363 0
2257 -0.01889013192769405 -0.006572513005452813 0
2258 -0.001359911925940584 0.004782180826002368 0
2259 -0.006572634573003868 -0.01888986526520795 0
2260 0.002550166904351667 -0.003044503797953067 0
2261 0.02052370609257596 0.0101510381014779 0
2262 0.01872841678714952 0.02095604932260814 0
2263 0.02095604932260792 -0.01872841678714961 0
2264 -0.02095604932260785 0.01872841678714972 0
2265 -0.01872841678714981 -0.02095604932260762 0
2266 -0.002003228871901995 -0.0156157490870466 0
2267 -0.006288525588864067 0.02027878807729069 0
2268 -0.01560679853084874 -0.002003072244199377 0
2269 -0.01754656732668213 0.001434284309915488 0
2270 0.0106522620738356 -0.01295148220418891 0
2271 0.001434182560621054 -0.01754410931372392 0
2272 0.02028089854670874 -0.006288430064977686 0
2273 0.005066824463371006 0.001100140951748816 0
2274 -0.005941408904553226 0.001710672709873618 0
2275 0.01457230255842356 0.01418105919072677 0
2276 -0.01414599690060106 0.01455303514755201 0
2277 0.01414589460237737 -0.01455304621958775 0
2278 -0.01452511935934673 -0.01426416608637361 0
2279 0.009571908253329875 -0.01288592711737623 0
2280 0.01579350771147104 -0.01194698140736696 0
2281 -0.01589450377573781 0.0117894288130699 0
2282 0.009741064641560897 -4.143202972298356e-05 0
2283 0.005502743166542827 0.02513365015600767 0
2284 -0.01296576833805498 -0.01071198318477404 0
2285 -0.0101396659171977 -0.004263470131863885 0
2286 0.01369646612858042 -0.001803986144405924 0
2287 0.008795380485481074 -0.003328926553308463 0
2288 -0.004491223724241111 -0.007959467891561361 0
2289 -0.01545999951100105 -0.02475823094592586 0
2290 -0.02475823094592595 0.01545999951100064 0
2291 0.02475823094592602 -0.01545999951100028 0
2292 0.01545999951099994 0.02475823094592608 0
2293 0.007625437905768199 -0.02288635714289886 0
2294 0.004132745674023984 0.01286389037154908 0
2295 0.005680339786905268 -0.005839743321945865 0
2296 0.0137267932078423 -0.006599908679667371 0
2297 -0.006600752865204319 0.01372607767161364 0
2298 0.004845970885816462 -0.006316133256865274 0
2299 0.00566095124719162 -0.01819834049053887 0
2300 -0.02606429670532257 -0.00912077361692153 0
2301 0.009125135047118631 -0.02602692884388116 0
2302 -0.009120773616920833 0.0260642967053229 0
2303 0.02602003668525017 0.009146366547763437 0
2304 -0.01819797589945607 0.005661214819617046 0
2305 -0.02290856022765711 0.007617741607443537 0
2306 -0.009120882956921823 -0.02606389998044085 0
2307 -0.02602660756720299 0.009125121332001062 0
2308 0.02606389998044114 -0.009120882956921057 0
2309 0.009146779315712965 0.02602025314781533 0
2310 -0.0002038789752646654 -0.02778463108376282 0
2311 -0.02778463260192152 0.0002037735144798393 0
2312 0.0277912670658277 -0.0002052369492830595 0
2313 0.0002037735144796162 0.0277846326019221 0
2314 -0.000668301175622988 -0.008580651152466803 0
2315 -0.00882528332564006 -0.01838920866031161 0
2316 -0.01838962011137057 -0.008825394378323656 0
2317 -0.01242964063524434 -0.008063726259274952 0
2318 -0.008112305138668729 -0.01232147823116841 0
2319 0.0007205286488491593 -0.009092048261768078 0
2320 -0.01664446857219845 -0.00880204785912932 0
2321 -0.008887349765618179 -0.01665065759045132 0
2322 0.01627791796186852 0.02002461698984511 0
2323 0.02002461698984505 -0.01627791796186836 0
2324 -0.02002461698984507 0.0162779179618685 0
2325 -0.01627791796186833 -0.02002461698984501 0
2326 -0.008931888043345061 0.0009294046175208799 0
2327 0.02216810185805274 0.00534324285263388 0
2328 0.02356833770180394 0.004195723099491169 0
2329 -0.009506835812414434 0.02235644080593295 0
2330 0.009498653321947746 -0.0223327756003473 0
2331 -0.02233811037951183 -0.009502857417174278 0
2332 -0.01926479047298324 -0.004743711959960368 0
2333 0.006414983716708605 -0.02163065105759338 0
2334 0.02235602470985724 -0.009506551528983871 0
2335 -0.02233256026713582 0.009498283944630618 0
2336 -0.009502539213804206 -0.02233772502970277 0
2337 -0.01148005729757028 0.01042529585205944 0
2338 0.008581242491169302 0.01364523498967723 0
2339 0.006603598613322213 0.01937544476556465 0
2340 -0.0047435225074351 -0.01926285757225119 0
2341 -0.004466176909300686 -0.00224357031330455 0
2342 -0.01518955226298133 0.02341709604264633 0
2343 -0.02341709604264618 -0.01518955226298156 0
2344 0.02341709604264642 0.01518955226298127 0
2345 0.01518955226298151 -0.02341709604264627 0
2346 0.006468089408532803 -0.02063010202011404 0
2347 -0.02163236512542563 0.006413656695070914 0
2348 0.003939546224410543 -0.00573094447071244 0
2349 -0.02029513258493732 -0.01029133051736042 0
2350 -0.01029133051735945 0.02029513258493819 0
2351 0.01029133051735993 -0.02029513258493807 0
2352 -0.02063121764150162 0.006467008184392454 0
2353 -0.01029089617379084 -0.02029480688522456 0
2354 0.02029480688522546 -0.01029089617378986 0
2355 -0.02029480688522529 0.01029089617379036 0
2356 0.02062577773433685 0.01888113690693021 0
2357 0.01888113690693033 -0.02062577773433691 0
2358 -0.01888113690693026 0.02062577773433697 0
2359 -0.02062577773433704 -0.01888113690693037 0
2360 0.008421581847998266 0.02144320830479831 0
2361 0.005560496918663575 0.004122233251694799 0
2362 0.01689504317046176 0.00842124243645373 0
2363 0.02591625609731976 0.01080990400360538 0
2364 -0.005924932495738066 -0.0108424168285024 0
2365 -0.01181396529833173 -0.01593384287464272 0
2366 0.004563646772476325 0.01750841786586741 0
2367 0.01080919089098192 0.02591571201153094 0
2368 0.006969483714576979 -0.006716809461739419 0
2369 -0.02285460009860022 -0.006278137221231304 0
2370 -0.00627813722123038 0.02285460009859964 0
2371 0.008379998422660923 -0.01507133234712739 0
2372 -0.01508137747264956 0.00839444276882724 0
2373 -0.01786383690341524 -0.02094760849935261 0
2374 0.0209476084993529 -0.01786383690341496 0
2375 -0.02094760849935284 0.01786383690341511 0
2376 0.01786383690341483 0.02094760849935311 0
2377 -0.01725890646009898 0.00223033670892634 0
2378 0.02285497222285557 -0.006277331714457404 0
2379 -0.006277331714458432 -0.02285497222285593 0
2380 0.002221425341676736 -0.01725696392007986 0
2381 -0.01084450529017456 0.002685200558462912 0
2382 0.02092672992379821 0.003325258354523673 0
2383 0.01619374107779964 -0.002255118113336794 0
2384 0.01615447479664238 0.004159900718394695 0
2385 -0.003997065730342896 -0.008625162826525921 0
2386 0.01093065487903709 -0.001326208854083335 0
2387 0.007206945660441401 0.02717132075887548 0
2388 0.02721443947671888 -0.007146067153344386 0
2389 -0.02718523313524298 0.007215099595157943 0
2390 -0.007146067153345357 -0.02721443947671808 0
2391 0.01478700722202956 -0.0119761669787374 0
2392 -0.01484343579303245 0.01201477052997497 0
2393 0.01282831804664689 0.01694248641083205 0
2394 0.00658829080732772 0.004357578772871388 0
2395 0.0001923333791868569 -0.008219879354675497 0
2396 0.0005374181704258196 0.01936642430013385 0
2397 -0.001320642572240783 -0.01392775012883338 0
2398 -0.01396344244452407 -0.001381562115942825 0
2399 -0.003467550799769928 -0.02738669452688964 0
2400 -0.02738669452688965 0.003467550799769516 0
2401 0.02738669452688975 -0.003467550799768904 0
2402 0.003467550799768473 0.02738669452688979 0
2403 -0.02721731479279859 -0.007162851333306042 0
2404 0.007195658905899666 -0.02719545233821309 0
2405 -0.007162851333305881 0.02721731479279918 0
2406 0.02708624457433748 0.007010719158533024 0
2407 -0.007171965129842616 0.00949195739496725 0
2408 -0.01389982187376165 -0.00951683153844014 0
2409 0.007592762958282418 0.01760901214938392 0
2410 -0.001451712718805692 -0.004058035291678827 0
2411 0.001580192601197636 -0.02274026382944928 0
2412 -0.002055352315150717 -0.02784621020992921 0
2413 -0.02784621020992922 0.002055352315150299 0
2414 0.02784621020992972 -0.002055352315150388 0
2415 0.002055352315149939 0.02784621020992973 0
2416 0.01910253903731712 -0.0004813508906167074 0
2417 0.006313739803667767 0.0001603166421594491 0
2418 0.01082195463435309 0.0136078349596804 0
2419 0.01999284817748642 -0.003562868444018099 0
2420 0.001764395634234843 0.01863166285106265 0
2421 -0.00356355610991198 0.01998798693426795 0
2422 -0.02059607782384756 -0.006611669240138259 0
2423 -0.02871765927634927 -0.004488712298187878 0
2424 0.004488712298187383 -0.02871765927634926 0
2425 -0.004488712298186622 0.02871765927634937 0
2426 0.02871765927634936 0.004488712298186175 0
2427 -0.001029886490210642 0.01164373393931524 0
2428 0.004553789820760812 -0.02542212924518556 0
2429 -0.006610306973402805 -0.02059701297277691 0
2430 -0.02659157159904475 -0.004421139408379996 0
2431 -0.004421139408378546 0.02659157159904427 0
2432 -0.001888576757081767 0.02092053950689896 0
2433 -0.001376988090492855 0.003585842005476504 0
2434 -0.009008637046947963 -0.002683160304072016 0
2435 -0.01066167078779655 -0.01145897390361616 0
2436 -0.006101959828057477 0.002774479002515137 0
2437 1.365447481237394e-05 -0.0009291513615001971 0
2438 -0.002518648308460369 -0.004508857520606287 0
2439 0.009122185321249136 -0.009717952801587723 0
2440 0.01434505713405632 -0.004379339857728134 0
2441 -0.006729399217074095 0.01925824503783867 0
2442 0.003511331684598025 -0.02231443619886535 0
2443 -0.0008400479751873737 0.02125216251929461 0
2444 -0.01590803221028899 -0.01191262638526227 0
2445 0.01181056439164452 -0.01593401689371152 0
2446 0.0159662889428369 0.01181015527916713 0
2447 0.01926098979065759 -0.006731593840593273 0
2448 -0.005249573218285048 -0.009383076782723283 0
2449 -0.01726416543933613 -0.01968620159157292 0
2450 -0.01968620159157308 0.01726416543933644 0
2451 0.01968620159157308 -0.01726416543933638 0
2452 0.0172641654393367 0.01968620159157321 0
2453 0.0141337130001161 -0.01302992083797736 0
2454 -0.01413371300011595 0.01302992083797747 0
2455 0.004619115930566862 0.01358841879198915 0
2456 -0.004578441018677155 0.01073355763547594 0
2457 -0.007229474675571467 0.01528928699327134 0
2458 0.01528028211058325 -0.007221045792362926 0
2459 -0.02192669921748136 -0.007756263327206754 0
2460 -0.01262573972574829 -0.003523708519047461 0
2461 0.001872781054680947 0.01576986153890548 0
2462 -0.0172044014510118 0.004106286189122206 0
2463 0.007045387452782895 -0.002830615824453961 0
2464 0.01211216389256171 -0.001952269525144575 0
2465 -0.003685325427610883 -0.000663421227578803 0
2466 -0.02232515767300165 0.003497131804499613 0
2467 0.004106586155434095 -0.01720378612857513 0
2468 0.01424998279892501 0.006387915670177515 0
2469 -0.007756190458980875 -0.02192671448639529 0
2470 0.01275240401378341 0.005907513824906743 0
2471 0.000170993360654405 0.0008898839284943201 0
2472 -0.0217443307515421 -0.006669316987666374 0
2473 -0.007430654278612425 0.006939223167300657 0
2474 0.002518497768598581 0.003448436034176908 0
2475 0.01322645402274304 0.009674204731331829 0
2476 0.007766271797369332 -0.02181232366913844 0
2477 -0.01397043758093647 -0.004545206114240581 0
2478 -0.004542046354224611 -0.01397330099601424 0
2479 -0.004543022628613396 0.02549308691488255 0
2480 -0.02549308691488342 -0.004543022628614793 0
2481 0.000819059582075527 0.01438698625139503 0
2482 0.02140867264612509 0.008511751532099409 0
2483 -0.02181353939899866 0.007765826948324213 0
2484 -0.01971242282471525 -0.00945688449884228 0
2485 0.009480418244511315 -0.01970938802717519 0
2486 -0.009448153792163671 0.01973027110985164 0
2487 -0.02244627148579247 0.002695931738613625 0
2488 0.01365418120626529 0.001949191272733456 0
2489 -0.006668422158033002 -0.02174390592307793 0
2490 -0.009456502357478972 -0.01971216376504726 0
2491 -0.01970914153938583 0.009479993735760139 0
2492 0.01973049166423062 -0.009448223361161103 0
2493 -0.006377433499398213 0.01083669777952711 0
2494 0.01085806431049394 -0.006309532235097256 0
2495 -0.0008738068955359071 -0.0001535109269850464 0
2496 -0.007947292264197308 0.02224481711415521 0
2497 0.02132602787229178 0.02010803774832082 0
2498 -0.02010803774832077 0.02132602787229197 0
2499 0.02010803774832083 -0.02132602787229189 0
2500 -0.02132602787229203 -0.02010803774832079 0
2501 -0.00675979877725248 -0.001230084317416823 0
2502 -0.001171833843166144 -0.0291893985430403 0
2503 -0.02918939854304031 0.001171833843165953 0
2504 0.02918939854304054 -0.001171833843166053 0
2505 0.001171833843165866 0.02918939854304057 0
2506 0.005465423260667472 0.002967470784313725 0
2507 0.007852841873767134 -0.01956767030159638 0
2508 -0.02128857147769108 -0.002280798449496573 0
2509 0.006876308232855535 0.01587032303870373 0
2510 -0.01956694423901441 0.007851953708377421 0
2511 0.02224472354218324 -0.007947455482188446 0
2512 -0.002230501785917089 0.01611125122032377 0
2513 -0.0136918482024363 -0.0129827099573108 0
2514 -0.0228054538371788 -0.001535650205901743 0
2515 -0.001522969866932617 0.02286377103232771 0
2516 0.002779013204320393 0.006364718739824218 0
2517 -0.00639912249259232 0.02198272058221484 0
2518 -0.009447759597616685 -0.0138429753844061 0
2519 -0.007872749697625749 0.02318334438552724 0
2520 -0.02312076977437584 -0.007751474104168791 0
2521 0.01299066010341941 0.0004781666779964684 0
2522 0.001246010402305952 0.007262405953414975 0
2523 -0.005080562173550567 0.001590254454019125 0
2524 0.00130228816591855 0.004274851190085017 0
2525 0.01075137897983117 -0.004608609373802556 0
2526 0.01051291254816597 0.003346805939800161 0
2527 0.02316846254012564 -0.007822066888286022 0
2528 -0.007776059955123413 -0.02312548428594529 0
2529 -0.01090690404169038 -0.003243744818173835 0
2530 0.0006973736652368292 -0.02060229403707427 0
2531 0.02198341778204022 -0.006399277456147224 0
2532 -0.0134303502521269 -0.01220846163240531 0
2533 -0.01496269552392068 -0.01204998197450235 0
2534 -0.01203234478276575 0.01496477201562904 0
2535 0.01498967567894796 0.01212922006285906 0
2536 0.01204484093981291 -0.01495670018916792 0
2537 -0.0008760702073669674 0.0172936631134224 0
2538 0.00698100542682531 0.01283540225454862 0
2539 -0.01196363201974635 0.01587214022647688 0
2540 0.004260339729822665 -0.003568111441157761 0
2541 -0.02520001669486232 -0.003456434285201045 0
2542 -0.003454705471852895 0.02520236380391438 0
2543 0.02017676674896165 0.0008125829018799696 0
2544 -0.01838599683454447 0.008789352240650108 0
2545 0.008789472033899235 -0.01838638683178995 0
2546 -0.01230235879336375 -0.00188366304907935 0
2547 0.004399829787105741 -0.02653294440717514 0
2548 0.001414538864887896 0.01944940819076524 0
2549 -0.01131365365012941 -0.0006888516746337559 0
2550 -0.01991959106494923 -0.003455587098914496 0
2551 -0.01296621715644692 -0.01365290351530955 0
2552 -0.003487457928871864 -0.01997348469354929 0
2553 -0.01278132057624433 -0.02409445342462034 0
2554 0.02409445342462074 -0.01278132057624358 0
2555 -0.02409445342462058 0.01278132057624399 0
2556 -0.0128835198473181 0.0137871849931696 0
2557 0.01289410599106896 -0.01378366710201899 0
2558 0.02515256191354052 -0.002362357531362689 0
2559 0.00239206820759444 0.025133714989329 0
2560 -0.002362357531363691 -0.02515256191354007 0
2561 -0.02515780542033828 0.002361283543367959 0
2562 -0.02410619420690823 -0.01275602247266195 0
2563 0.01275602247266179 -0.02410619420690841 0
2564 -0.01275602247266149 0.02410619420690854 0
2565 -0.01220430987374565 0.01347559444263524 0
2566 0.01221876635299749 -0.01350074749367892 0
2567 0.02653345553632383 0.00438966333634272 0
2568 0.005368019283183102 0.02234815100407826 0
2569 -0.02262857528135493 -0.01483911151686635 0
2570 -0.01483911151686608 0.02262857528135501 0
2571 0.0148391115168663 -0.02262857528135502 0
2572 0.02262864618349433 0.01483872624622311 0
2573 -0.00734033956889864 -0.004306614084695447 0
2574 -0.01790102831101282 -0.01630269101682185 0
2575 -0.0163026910168225 0.01790102831101333 0
2576 0.0163026910168225 -0.01790102831101334 0
2577 0.01790102831101385 0.01630269101682311 0
2578 0.02200974264526266 0.006946397712365352 0
2579 0.007704328167768572 -0.003701878444429499 0
2580 0.02138043722171503 0.01401776072685929 0
2581 -0.01400307820881884 0.021381813255214 0
2582 0.01400307820881908 -0.02138181325521398 0
2583 -0.02138181325521378 -0.01400307820881913 0
2584 0.006409258926540776 -0.008623874485683098 0
2585 0.01708265311568628 -0.0111218564608363 0
2586 -0.0111251567989932 0.01708753000114713 0
2587 -0.004791935583570418 0.01320680112084934 0
2588 0.005789339828831228 0.01106960696392849 0
2589 -0.009478592875240929 -0.005396405561101017 0
2590 0.02031017937613776 -0.001822086642664808 0
2591 0.009481308783301832 -0.002355115379744577 0
2592 -0.02527428441114324 0.005653611301472076 0
2593 0.0115710094991342 -0.004675464211412294 0
2594 -0.00457239818548138 0.01157961673356745 0
2595 -0.00597145671224892 -0.0166437964447748 0
2596 -0.01664426810188016 -0.005971399940047988 0
2597 0.0044739974034787 0.02040239913586464 0
2598 0.006190189027159522 0.01414283149301363 0
2599 -0.005774059611567028 0.01867200287105979 0
2600 0.009976050148496035 0.01101878715431613 0
2601 0.01867277944291203 -0.005772986091448846 0
2602 0.02769122601234067 0.009478803633901585 0
2603 -0.009475686762021325 0.02769229595755301 0
2604 0.009478961865377269 -0.02769116402236224 0
2605 -0.02769229595755306 -0.00947568676202154 0
2606 -0.02072917108679335 0.0006250286465196806 0
2607 -0.01417092778397692 -0.002916358073347006 0
2608 -0.002918923010504487 -0.01418474302857916 0
2609 0.009478680126274456 0.02769136485844769 0
2610 0.0276922353703565 -0.009475542270854832 0
2611 -0.02769110932412684 0.009478810923473281 0
2612 -0.009475542270855036 -0.02769223537035649 0
2613 0.006270431449599363 -0.02269555618862317 0
2614 -0.004785751955365018 0.02388138749525712 0
2615 -0.02388063253043354 -0.004786012106915526 0
2616 -0.01182394276402174 -0.01345572542670061 0
2617 0.00705075866031837 -0.02432002201374378 0
2618 -0.006326169519944871 0.008250823323364569 0
2619 -0.01542594909434761 -0.01763089137471553 0
2620 -0.01763089137471593 0.01542594909434803 0
2621 0.01763089137471588 -0.01542594909434814 0
2622 0.01542594909434852 0.01763089137471625 0
2623 0.007389980612669197 -0.005799177184800594 0
2624 -0.00116508819547896 0.008280995192331823 0
2625 0.003074049059380035 0.02118501101943741 0
2626 -0.008330670390469386 0.01699989897529436 0
2627 0.01699984761679553 -0.008332574383746398 0
2628 0.001414276142362369 -0.00196848389256526 0
2629 0.009009419421442622 0.01104979387959345 0
2630 -0.0155192133967695 -0.01034477200209362 0
2631 -0.003098884282082973 0.004550973105448061 0
2632 -0.02266211418021898 0.006255615579822692 0
2633 -0.02437212211540953 0.006978871065975395 0
2634 0.0103307023362645 0.01851832751180336 0
2635 -0.006252089555368516 0.007321110885996259 0
2636 0.001707599515791261 -0.01470290950186037 0
2637 0.003073977168631331 0.004772033245613258 0
2638 -0.01467806465980762 0.001704734943647119 0
2639 -0.006800678037103988 0.01225240321561947 0
2640 0.01224795319457647 -0.006816798872753314 0
2641 0.006623046537849777 0.02188742746637747 0
2642 -0.003997355435690241 0.02377367602001594 0
2643 -0.02376922876513281 -0.003999991939054873 0
2644 0.01753952159662089 0.01154837006347718 0
2645 -0.01748133706857668 -0.01153008507937135 0
2646 0.0115277558012074 -0.01748724161368324 0
2647 0.01150270773625693 0.01741972221224209 0
2648 -0.01156074582704151 -0.0175778026126223 0
2649 -0.01751232882967244 0.01153839178259091 0
2650 -0.003628460537510043 -0.01263089832217084 0
2651 -0.003368552612232012 -0.005322673910407975 0
2652 0.004329083499551486 0.01578392435973136 0
2653 -0.003527139178130747 -0.002306960961110419 0
2654 0.008466220638305225 0.006708725574310216 0
2655 -0.003117040726546489 -0.001417312330479744 0
2656 0.006896869836723001 0.0009807997559717033 0
2657 -8.800027626578917e-06 -0.009733094422709219 0
2658 -0.004818163015240943 -0.01090188335601077 0
2659 -0.01746038539783199 -0.01249269477154792 0
2660 0.01249149228627278 -0.01746007031937841 0
2661 -0.01255173507981162 0.01734414128878266 0
2662 0.01746801385484515 0.01249550930696072 0
2663 -0.001975506526231836 -0.002908947658651478 0
2664 -0.01250798779669955 -0.01748862584426626 0
2665 -0.01747150371384299 0.01251100396554082 0
2666 0.01733562734282276 -0.01257401940518164 0
2667 0.001804442752424315 0.02652360738045956 0
2668 -0.02652360738045879 0.001804442752425721 0
2669 0.02652360738045948 -0.001804442752424776 0
2670 -0.001804442752426143 -0.02652360738045876 0
2671 0.01587748419480488 0.01072604825228727 0
2672 0.01048247528516175 0.001668677716336337 0
2673 -0.01412483945302921 -0.02147656497057173 0
2674 0.02147656497057177 -0.01412483945302891 0
2675 0.01413340708822186 0.02151746752630139 0
2676 -0.02147656497057178 0.01412483945302918 0
2677 -0.01925401912504365 0.0001506166797693096 0
2678 0.01997478736093619 0.02019251986690548 0
2679 0.02019251986690558 -0.01997478736093623 0
2680 -0.0201925198669054 0.01997478736093633 0
2681 -0.01997478736093637 -0.0201925198669055 0
2682 0.005995645183126974 0.007095640768450926 0
2683 0.01306817597859016 0.004298799556955897 0
2684 -0.01824198523416821 -0.01378389359341495 0
2685 0.013783893593416 -0.01824198523416833 0
2686 -0.01378389359341595 0.01824198523416826 0
2687 0.01824198523416837 0.01378389359341699 0
2688 0.004222864506693534 0.001108901421489097 0
2689 -0.02232476381666998 -0.003662915787370961 0
2690 -0.003562123388723507 0.02223382811242035 0
2691 0.005863877404342275 0.01264222328668182 0
2692 0.0001608818154668999 -0.01921837040017728 0
2693 -0.009597376663285594 -0.01125454493840131 0
2694 0.01953921964117897 -0.007872298275940534 0
2695 -0.007872861635546092 0.01953891154469437 0
2696 0.006501924530322368 -0.004446240153224644 0
2697 0.01842042002190372 0.00559223574152122 0
2698 -0.01084408519316433 -0.01591109223579031 0
2699 0.004622752900428544 0.006614331397105104 0
2700 0.008522268920018351 0.01017527270623413 0
2701 0.003370881004383777 -0.01984056385177762 0
2702 0.02051355692005055 0.01613232033537708 0
2703 -0.01613232033537718 0.0205135569200505 0
2704 0.01613232033537738 -0.02051355692005049 0
2705 -0.02051355692005042 -0.01613232033537748 0
2706 0.01636703970414451 0.005196767820926997 0
2707 -0.006159517552337025 0.0242149331880408 0
2708 -0.02421493318804115 -0.006159517552338203 0
2709 0.006474429122949482 0.001696369184041827 0
2710 -0.003512284523479746 0.008889576120031757 0
2711 0.0003103629170453266 0.004403671452441513 0
2712 0.003972402152286463 -0.02373842984865211 0
2713 -0.01752098759001496 -0.01549834686308409 0
2714 0.01549834686308478 -0.0175209875900155 0
2715 -0.01549834686308477 0.0175209875900155 0
2716 0.01752098759001603 0.01549834686308544 0
2717 0.01070648138867533 -0.01584713552110757 0
2718 -0.01588097759286726 0.01079929028681444 0
2719 0.005754229758997035 -0.02533575424027541 0
2720 -0.02132121511031443 -0.0008268464504053877 0
2721 0.01035755909257329 -0.00379823141664952 0
2722 -0.007198936175761145 0.02561773713780986 0
2723 -0.02561773713780914 -0.007198936175762831 0
2724 -0.002478843598423799 0.001086357707476371 0
2725 -0.0156615322413334 -0.0003461839287142968 0
2726 -0.01984189498734515 0.00337160673236975 0
2727 0.02231554663816711 -0.003720647212698989 0
2728 -0.003712838766039097 -0.02231442161912585 0
2729 -0.009356131202657414 0.009286543461471829 0
2730 -0.0003473059577608188 -0.01566049691760419 0
2731 0.01559893068188947 0.01668155504325691 0
2732 -0.0166832408758442 0.0156026927852667 0
2733 -0.01562244071012619 -0.01670750139992099 0
2734 0.01668324087584417 -0.01560269278526675 0
2735 -0.01666806129313963 -0.01559449739212665 0
2736 0.01559525869425571 -0.01666582761945194 0
2737 -0.01559525869425572 0.01666582761945193 0
2738 0.01666620855439117 0.0155952102456205 0
2739 0.02379703594907654 0.002652838590597095 0
2740 0.02566011360284203 -0.007150302985747133 0
2741 -0.007150302985748543 -0.02566011360284141 0
2742 -0.01655429881032907 -0.0002806536169109172 0
2743 0.009866994261610196 -0.01541803538322015 0
2744 -0.0002915955508984591 -0.01655906382568302 0
2745 -0.026032022377914 -0.01083309849963524 0
2746 -0.01083309849963431 0.02603202237791434 0
2747 0.01083327606111362 -0.02603196100944291 0
2748 0.01167985125280071 -0.008997516020928308 0
2749 -0.01083319809549435 -0.0260315116906272 0
2750 -0.02603145064142929 0.0108333753072426 0
2751 0.02603151169062756 -0.0108331980954935 0
2752 0.001798549575082213 0.02044399895530028 0
2753 0.02204917396766666 0.001939710552689951 0
2754 0.005928277287850055 0.01783919070530849 0
2755 0.01458684090837084 -0.001831675430170377 0
2756 -0.01120123204943362 0.009539931049952965 0
2757 0.001532630003059602 0.01296040857021551 0
2758 0.004836745336740736 -0.02382552651596541 0
2759 0.004687217620763615 0.008902433372699645 0
2760 -0.002682506908259911 0.009016643842148073 0
2761 -0.02301196693369943 0.00111742067907837 0
2762 0.001710941584671898 0.01397099471612754 0
2763 0.01553856508655311 0.009764717671387632 0
2764 0.005043579866012581 -0.0003270062843005554 0
2765 0.003588237326905759 0.002358949079084118 0
2766 -0.003756908958696524 0.01036808170004383 0
2767 0.01647768351942531 0.01643293213527041 0
2768 -0.01643313859732023 0.01647808603947694 0
2769 0.01643313859732019 -0.01647808603947697 0
2770 -0.01648070289644636 -0.01643593612374206 0
2771 -0.001247880987972317 0.01905255801311947 0
2772 0.006242142358298022 -0.02408499658386767 0
2773 -0.006748266105364962 0.005286317810795547 0
2774 0.008098171229652364 0.01269125332005872 0
2775 0.005358849897994572 0.01027990877254903 0
2776 0.01226215921435314 -0.01048200562443946 0
2777 0.01707998699500529 -0.005474166917271277 0
2778 -0.005470989795357836 0.01710207546359498 0
2779 0.02539533391525511 -0.005813291576771738 0
2780 -0.005813291576772968 -0.02539533391525504 0
2781 0.009643625644787901 0.003308372265821788 0
2782 0.01584106217638326 0.0005041217114075751 0
2783 0.002039414207737381 -0.01318337240161036 0
2784 -0.0132191785304321 0.002067054128399542 0
2785 0.0005209636240937365 -0.002020887032626388 0
2786 0.00950854117474007 0.01903689506637102 0
2787 0.01194486567209251 0.01484598962452077 0
2788 -0.009983440018089706 0.007533710452192408 0
2789 0.01422076156760067 0.009648273828959383 0
2790 0.0008201600082612244 -0.005565041459043724 0
2791 -0.01043496344243729 0.01574789246158119 0
2792 0.001260844231172818 -0.01326816170430885 0
2793 -0.0132602503185179 0.001267158372232109 0
2794 0.02902383608882404 0.002383467759608754 0
2795 -0.002383173375087947 0.02902458415214184 0
2796 0.002383416761144212 -0.02902396568151011 0
2797 -0.02902458415214174 -0.002383173375088296 0
2798 0.01598203167156876 -0.009521599830214026 0
2799 -0.005357556027167025 0.02022276174514851 0
2800 -0.009591562325417647 0.01587390672027779 0
2801 0.003869648547143058 0.01009929963947681 0
2802 0.0202243857781781 -0.005358783792164802 0
2803 -0.00591936712190317 0.01216767571739477 0
2804 -0.001531474424051558 -0.001938768834676745 0
2805 0.01217374158544176 -0.005912814780113481 0
2806 0.009588734470933353 0.01249790029432599 0
2807 0.01480973284816503 -0.00333055932562206 0
2808 -0.01078592717936975 -0.0122545261718846 0
2809 0.01866283764996685 0.01855417691904263 0
2810 0.01855417691904218 -0.01866283764996646 0
2811 -0.01855417691904213 0.01866283764996647 0
2812 -0.01866283764996608 -0.01855417691904166 0
2813 0.01754862270892719 0.02348402533660967 0
2814 0.02348402533660943 -0.01754862270892733 0
2815 -0.02348402533660924 0.01754862270892748 0
2816 -0.01754862270892761 -0.02348402533660899 0
2817 -0.001572009774552967 0.0175044456039262 0
2818 -0.01449072775482497 -0.02234625754244188 0
2819 -0.02234625754244173 0.01449072775482488 0
2820 0.02234625754244172 -0.01449072775482462 0
2821 0.01449102943147064 0.0223485668825642 0
2822 0.001820417841338375 0.02211702654041398 0
2823 0.01344493645574344 0.01110595488234223 0
2824 0.003466190036632876 -0.0251723281603962 0
2825 0.01343861549915302 0.01210123826935262 0
2826 0.01749123246649357 -0.001814351469651571 0
2827 0.007736045794636363 0.02321229986601108 0
2828 -0.005801112517799231 0.02546588085280022 0
2829 -0.02546588085280069 -0.005801112517801026 0
2830 -0.005826941736058532 -0.003800382592704665 0
2831 0.0208376333384164 0.007130230350478823 0
2832 -0.01564859878602559 -0.02207764545451826 0
2833 -0.02207764545451827 0.0156485987860254 0
2834 0.02207764545451831 -0.01564859878602513 0
2835 0.01564859878602494 0.0220776454545183 0
2836 -0.006052010440297025 0.005790717065929647 0
2837 0.01080209272367607 0.01134605609983204 0
2838 -0.01088800096945474 -0.006053380238423741 0
2839 -0.002244189089645069 0.002600072261700719 0
2840 0.007695898350638405 -0.007311586290488132 0
2841 -0.01207964472892562 -0.0111928661662386 0
2842 -0.0169846543014547 0.0006667910894912161 0
2843 -0.01061135545332481 -0.001263655771419512 0
2844 0.0006653350634921385 -0.01698376188916636 0
2845 0.006023157394610127 -0.003867202746744927 0
2846 0.005459293369695384 0.0003205595344250944 0
2847 -0.01594776974032194 0.00190494280209052 0
2848 0.007120585162958371 0.02075768670956641 0
2849 0.0112331193291951 -0.01211196218084958 0
2850 -0.02598560844088244 0.001043077518845701 0
2851 -0.001040387394327117 -0.02598471091427658 0
2852 0.001031365394778314 0.02598276965271919 0
2853 0.0259842083199585 -0.001040191062630627 0
2854 0.01680044809486628 0.009280257938354613 0
2855 0.001904287355593627 -0.01594756490155654 0
2856 0.01212863784698659 0.01145036183030548 0
2857 -0.0110136697058795 -0.00486592532448313 0
2858 0.009274286833706215 -0.01666682208143998 0
2859 -0.01666541303889322 0.00927865073020904 0
2860 -0.01182750957181911 0.003887343664568806 0
2861 0.00384436710101594 -0.01168900716323402 0
2862 -0.005516430274431291 -0.004679987214589974 0
2863 0.00776649745462347 0.01949733803033889 0
2864 0.02857071115723283 0.006209719104374805 0
2865 -0.006223230789354553 0.02854023259135673 0
2866 0.006223927777346124 -0.02853999169965055 0
2867 -0.02854023259135644 -0.006223230789355339 0
2868 0.005595467140255413 0.00185668459662263 0
2869 0.006178427158868422 0.02855498138491877 0
2870 0.0285553450961993 -0.006177766743378274 0
2871 -0.02855510545774689 0.006178462358562064 0
2872 -0.006177766743378798 -0.02855534509619914 0
2873 -0.004534358993692208 0.002186870278149822 0
2874 0.01672690204209774 -0.00930582611255989 0
2875 0.007353236310255654 -0.009911807924592257 0
2876 -0.009311392844900067 0.01670777572398839 0
2877 0.01478202157660556 -0.0007483829907610022 0
2878 0.01478275393578798 0.02386018466420838 0
2879 0.02385589256218649 -0.01480038108859438 0
2880 -0.02385589256218637 0.01480038108859473 0
2881 -0.01480038108859504 -0.02385589256218622 0
2882 -0.01126540650690106 0.01210498769752454 0
2883 0.0004129394190394154 0.01309986615645184 0
2884 0.01555215524953893 0.003138251595658262 0
2885 3.527509026255998e-05 0.01062128983830332 0
2886 0.01303824841005766 0.003386593499357011 0
2887 0.003797281524849216 0.006146805929559688 0
2888 0.01047024984206299 -0.01856927938690651 0
2889 -0.01856906458533297 0.01047016036574102 0
2890 -0.01233324875431402 0.01027841041604168 0
2891 0.006677473757781491 0.002960191558514682 0
2892 0.003286630106948728 -0.01082415307478517 0
2893 -0.0005172568328496087 -0.02350136914460293 0
2894 0.02350136914460244 -0.0005172568328476863 0
2895 0.01116545687497141 0.0008993675999145053 0
2896 0.007933530319255316 0.002206499821167945 0
2897 -0.01215116442813818 -0.01495830907875473 0
2898 -0.01651286662122291 -0.001937107420451057 0
2899 0.01399794724716919 0.01309937329180393 0
2900 -0.001943415136452405 -0.0165167163987405 0
2901 0.000991701303535849 -0.02132559932608201 0
2902 0.008404226607045557 -0.001163610504920612 0
2903 0.01345887002406727 -0.0008918627643873502 0
2904 -0.0006425021775915147 0.01492092387591701 0
2905 0.02203751545553279 0.0002405075513829719 0
2906 0.002721755275304882 0.001140680795315952 0
2907 0.01701714947924406 0.003868669963842973 0
2908 0.008790636978476119 0.0184689049456292 0
2909 0.02454426372723677 0.008477669685881668 0
2910 0.005991756602615138 -0.01182721889680609 0
2911 -0.01178553152192336 0.005974694086041571 0
2912 -0.01002065134979091 -0.00730513049819078 0
2913 0.01908096804468665 0.009374445418584421 0
2914 -0.01428672963253079 -0.01510120216639902 0
2915 -0.001284722023992892 -0.01029971883214315 0
2916 0.008467544784475893 0.02455075692747265 0
2917 -0.00875909001117125 0.02368686593327334 0
2918 0.008805305813386193 -0.02380102460212105 0
2919 -0.02368686593327247 -0.00875909001117175 0
2920 -0.004301107751212354 0.005774204281986871 0
2921 0.003410126903792115 -0.0124122443649872 0
2922 -0.01241224436498679 0.003410126903793305 0
2923 0.01888088780235469 -0.001455032064478465 0
2924 0.02389078246827753 -0.004872285735267495 0
2925 -0.00487257451960662 -0.02388990928854835 0
2926 0.02368642168248114 -0.008758956070883559 0
2927 -0.02380068948581559 0.008805278110292629 0
2928 -0.008758956070884101 -0.02368642168248028 0
2929 0.02326565681446251 0.007882063636467384 0
2930 0.007621386857664389 0.01035577030105796 0
2931 -0.003944981913717694 0.0005125662184762925 0
2932 0.02526754829366534 0.003259842139186362 0
2933 -0.01096841987298067 0.006241162574872047 0
2934 -0.0009290304451141423 0.01353823151036014 0
2935 0.006745248410999629 0.006290569405513344 0
2936 0.00247201076438274 0.0124230088071288 0
2937 -0.012389716650547 0.002510186456979349 0
2938 0.002432954946469756 -0.01224660354807822 0
2939 0.002251330403771229 -0.02107838655369789 0
2940 0.003873523690477832 0.005180872570509804 0
2941 0.01016097355819665 0.0100777464091316 0
2942 -0.01249355563112067 0.009474590274084023 0
2943 -0.00168936209735252 -0.02478283868295143 0
2944 -0.02479733980587452 0.001691131568968365 0
2945 0.02478258225727941 -0.001689261928119017 0
2946 0.001680242778386119 0.02476761350551738 0
2947 0.01097526295975385 0.002480712900034564 0
2948 -0.02451787806770557 -0.001642180764027725 0
2949 0.001641210275364333 -0.02448038288078587 0
2950 -0.001626599280618124 0.02451966335527745 0
2951 0.00556965103944241 0.01343576759020835 0
2952 0.01778973999757361 0.004091196101819618 0
2953 0.0249815096239871 0.0103613494134959 0
2954 0.0267922579586787 0.006062647018667131 0
2955 -0.01174179306273229 0.001105189957217862 0
2956 0.01036131732857961 0.02498095573203044 0
2957 0.006295975279884956 -0.01093982339978846 0
2958 -0.003992644529500882 0.01912740103290873 0
2959 -0.01884790160455993 -0.001554619986289407 0
2960 0.01907225951788716 -0.00398675563918556 0
2961 -0.02442843079064036 -0.01129892776947745 0
2962 -0.01129892776947691 0.02442843079064063 0
2963 0.0112989277694773 -0.02442843079064046 0
2964 -0.003363709962014594 0.001246774270320117 0
2965 -0.01129806295858297 -0.02442708794379845 0
2966 0.02442708794379863 -0.01129806295858232 0
2967 -0.0244270879437985 0.01129806295858279 0
2968 0.01327315134785144 -0.01187268795259279 0
2969 -0.001649063058169086 -0.01887454939814091 0
2970 0.0002695607948263155 0.001679506751867652 0
2971 0.003229987567973758 -0.009842673403883785 0
2972 -0.02116785315025194 0.002264272417452383 0
2973 0.009471808303407129 0.009465754046315339 0
2974 0.0235087533302652 0.004994437854550365 0
2975 0.008448731469192505 -0.006745049505839085 0
2976 0.005379436661169381 0.005665083261408824 0
2977 -0.01492849382738788 -0.01843876849920113 0
2978 0.01843827075770662 -0.01492816638105565 0
2979 -0.01843875714279746 0.01492853685863022 0
2980 0.01495123617337946 0.01845571426805179 0
2981 -0.01232171777692616 0.02645420923376691 0
2982 0.02647029193982057 0.01233398174075965 0
2983 0.01232171777692655 -0.02645420923376687 0
2984 -0.02645420923376681 -0.01232171777692675 0
2985 0.01373021086039661 0.005673528068888408 0
2986 -0.01736162068660021 -0.006147351828207842 0
2987 -0.02338394578062034 1.352405209885569e-05 0
2988 -0.0279141712665764 -0.002662153367704738 0
2989 0.002624357812668649 -0.02790440728642851 0
2990 -0.002662153367703447 0.02791417126657708 0
2991 0.02790527618226188 0.002625564220691442 0
2992 -0.01031304215476333 -0.008751583701473995 0
2993 0.01821822686752858 -0.02291906726772774 0
2994 -0.0182182268675285 0.02291906726772776 0
2995 -0.02291906726772772 -0.01821822686752864 0
2996 0.02291906726772779 0.01821822686752843 0
2997 0.009114493072436612 0.01750574917854901 0
2998 0.007202932255089011 0.003540691083661712 0
2999 -0.006147364721279056 -0.01736109623276537 0
3000 -0.01232041570391535 -0.02645462049965868 0
3001 0.02645462049965891 -0.01232041570391473 0
3002 -0.02645462049965881 0.01232041570391512 0
3003 0.0123327193512969 0.02647071040832689 0
3004 0.006416562228377376 -0.01870147643849116 0
3005 0.01629362198615696 -0.006726569578449092 0
3006 -0.006726782042763927 0.01629393558342447 0
3007 0.01013551774492194 0.004820649424888471 0
3008 0.008020427575339627 0.003123832217082761 0
3009 0.006272227333157245 -0.01715601425330623 0
3010 -0.01715570695003687 0.006272367052974891 0
3011 -0.01870055826037188 0.006416882350716989 0
3012 -0.006168241342608598 8.77552822777388e-05 0
3013 -0.01451685573404102 0.0112332202805507 0
3014 -0.02381448416708441 0.004925356098286681 0
3015 0.003012404647293538 0.003960148151675063 0
$EndNodes
$Elements
6028
1 1 2 1 1 1 17
2 1 2 1 1 17 18
3 1 2 1 1 18 19
4 1 2 1 1 19 20
5 1 2 1 1 20 21
6 1 2 1 1 21 22
7 1 2 1 1 22 23
8 1 2 1 1 23 24
9 1 2 1 1 24 25
10 1 2 1 1 25 26
11 1 2 1 1 26 2
12 1 2 9 2 2 27
13 1 2 9 2 27 28
14 1 2 9 2 28 29
15 1 2 9 2 29 30
16 1 2 9 2 30 31
17 1 2 9 2 31 32
18 1 2 9 2 32 33
19 1 2 9 2 33 34
20 1 2 9 2 34 35
21 1 2 9 2 35 36
22 1 2 9 2 36 37
23 1 2 9 2 37 38
24 1 2 9 2 38 39
25 1 2 9 2 39 40
26 1 2 9 2 40 7
27 1 2 8 3 7 41
28 1 2 8 3 41 42
29 1 2 8 3 42 43
30 1 2 8 3 43 44
31 1 2 8 3 44 45
32 1 2 8 3 45 46
33 1 2 8 3 46 47
34 1 2 8 3 47 48
35 1 2 8 3 48 49
36 1 2 8 3 49 50
37 1 2 8 3 50 8
38 1 2 9 4 8 51
39 1 2 9 4 51 52
40 1 2 9 4 52 5
41 1 2 7 5 5 53
42 1 2 7 5 53 54
43 1 2 7 5 54 55
44 1 2 7 5 55 56
45 1 2 7 5 56 57
46 1 2 7 5 57 58
47 1 2 7 5 58 59
48 1 2 7 5 59 60
49 1 2 7 5 60 61
50 1 2 7 5 61 62
51 1 2 7 5 62 6
52 1 2 9 6 6 63
53 1 2 9 6 63 64
54 1 2 9 6 64 65
55 1 2 9 6 65 66
56 1 2 9 6 66 67
57 1 2 9 6 67 68
58 1 2 9 6 68 69
59 1 2 9 6 69 70
60 1 2 9 6 70 71
61 1 2 9 6 71 72
62 1 2 9 6 72 73
63 1 2 9 6 73 74
64 1 2 9 6 74 75
65 1 2 9 6 75 76
66 1 2 9 6 76 11
67 1 2 6 7 11 77
68 1 2 6 7 77 78
69 1 2 6 7 78 79
70 1 2 6 7 79 80
71 1 2 6 7 80 81
72 1 2 6 7 81 82
73 1 2 6 7 82 83
74 1 2 6 7 83 84
75 1 2 6 7 84 85
76 1 2 6 7 85 86
77 1 2 6 7 86 12
78 1 2 9 8 12 87
79 1 2 9 8 87 88
80 1 2 9 8 88 9
81 1 2 5 9 9 89
82 1 2 5 9 89 90
83 1 2 5 9 90 91
84 1 2 5 9 91 92
85 1 2 5 9 92 93
86 1 2 5 9 93 94
87 1 2 5 9 94 95
88 1 2 5 9 95 96
89 1 2 5 9 96 97
90 1 2 5 9 97 98
91 1 2 5 9 98 10
92 1 2 9 10 10 99
93 1 2 9 10 99 100
94 1 2 9 10 100 101
95 1 2 9 10 101 102
96 1 2 9 10 102 103
97 1 2 9 10 103 104
98 1 2 9 10 104 105
99 1 2 9 10 105 106
100 1 2 9 10 106 107
101 1 2 9 10 107 108
102 1 2 9 10 108 109
103 1 2 9 10 109 110
104 1 2 9 10 110 111
105 1 2 9 10 111 112
106 1 2 9 10 112 15
107 1 2 4 11 15 113
108 1 2 4 11 113 114
109 1 2 4 11 114 115
110 1 2 4 11 115 116
111 1 2 4 11 116 117
112 1 2 4 11 117 118
113 1 2 4 11 118 119
114 1 2 4 11 119 120
115 1 2 4 11 120 121
116 1 2 4 11 121 122
117 1 2 4 11 122 16
118 1 2 9 12 16 123
119 1 2 9 12 123 124
120 1 2 9 12 124 13
121 1 2 3 13 13 125
122 1 2 3 13 125 126
123 1 2 3 13 126 127
124 1 2 3 13 127 128
125 1 2 3 13 128 129
126 1 2 3 13 129 130
127 1 2 3 13 130 131
128 1 2 3 13 131 132
129 1 2 3 13 132 133
130 1 2 3 13 133 134
131 1 2 3 13 134 14
132 1 2 9 14 14 135
133 1 2 9 14 135 136
134 1 2 9 14 136 137
135 1 2 9 14 137 138
136 1 2 9 14 138 139
137 1 2 9 14 139 140
138 1 2 9 14 140 141
139 1 2 9 14 141 142
140 1 2 9 14 142 143
141 1 2 9 14 143 144
142 1 2 9 14 144 145
143 1 2 9 14 145 146
144 1 2 9 14 146 147
145 1 2 9 14 147 148
146 1 2 9 14 148 3
147 1 2 2 15 3 149
148 1 2 2 15 149 150
149 1 2 2 15 150 151
150 1 2 2 15 151 152
151 1 2 2 15 152 153
152 1 2 2 15 153 154
153 1 2 2 15 154 155
154 1 2 2 15 155 156
155 1 2 2 15 156 157
156 1 2 2 15 157 158
157 1 2 2 15 158 4
158 1 2 9 16 4 159
159 1 2 9 16 159 160
160 1 2 9 16 160 1
161 2 2 28 18 2976 982 1161
162 2 2 28 18 2781 508 1220
163 2 2 28 18 1204 2781 1220
164 2 2 28 18 2682 1305 1019
165 2 2 28 18 186 982 2976
166 2 2 28 18 2119 357 1293
167 2 2 28 18 2118 359 1294
168 2 2 28 18 2117 358 1295
169 2 2 28 18 2123 1296 361
170 2 2 28 18 2122 1297 363
171 2 2 28 18 2121 1298 362
172 2 2 28 18 995 2119 1293
173 2 2 28 18 994 2118 1294
174 2 2 28 18 993 2117 1295
175 2 2 28 18 998 1296 2123
176 2 2 28 18 997 1297 2122
177 2 2 28 18 996 1298 2121
178 2 2 28 18 668 1593 1701
179 2 2 28 18 1593 2385 1701
180 2 2 28 18 443 2682 1019
181 2 2 28 18 2890 2337 989
182 2 2 28 18 946 1686 2257
183 2 2 28 18 2195 1246 292
184 2 2 28 18 2196 291 1247
185 2 2 28 18 1287 1093 2948
186 2 2 28 18 2949 1288 1094
187 2 2 28 18 2950 1285 1095
188 2 2 28 18 2919 1037 1438
189 2 2 28 18 2917 1035 1437
190 2 2 28 18 2918 1036 1439
191 2 2 28 18 2325 688 1937
192 2 2 28 18 2324 687 1938
193 2 2 28 18 2323 686 1939
194 2 2 28 18 2322 685 1940
195 2 2 28 18 441 2890 989
196 2 2 28 18 1156 3009 473
197 2 2 28 18 947 2259 1691
198 2 2 28 18 1155 472 3010
199 2 2 28 18 2630 609 852
200 2 2 28 18 2928 1443 1041
201 2 2 28 18 2927 1444 1040
202 2 2 28 18 2926 1445 1039
203 2 2 28 18 3009 1075 473
204 2 2 28 18 2578 1215 439
205 2 2 28 18 3010 472 1076
206 2 2 28 18 956 1246 2195
207 2 2 28 18 955 2196 1247
208 2 2 28 18 852 609 1661
209 2 2 28 18 1048 1215 2578
210 2 2 28 18 2473 511 1387
211 2 2 28 18 1157 2325 1937
212 2 2 28 18 1158 2324 1938
213 2 2 28 18 1159 2323 1939
214 2 2 28 18 1160 2322 1940
215 2 2 28 18 2257 1686 705
216 2 2 28 18 2259 708 1691
217 2 2 28 18 1093 596 2948
218 2 2 28 18 597 2949 1094
219 2 2 28 18 594 2950 1095
220 2 2 28 18 3005 320 1212
221 2 2 28 18 3006 1213 319
222 2 2 28 18 375 2992 1042
223 2 2 28 18 373 859 1659
224 2 2 28 18 380 1663 858
225 2 2 28 18 2550 859 373
226 2 2 28 18 2552 380 858
227 2 2 28 18 1022 2506 2891
228 2 2 28 18 1103 3005 1212
229 2 2 28 18 581 2062 1125
230 2 2 28 18 1102 1213 3006
231 2 2 28 18 707 1765 1991
232 2 2 28 18 706 1990 1764
233 2 2 28 18 969 2589 2285
234 2 2 28 18 720 960 1826
235 2 2 28 18 1056 2992 375
236 2 2 28 18 1044 2635 2473
237 2 2 28 18 2326 273 1336
238 2 2 28 18 523 1645 932
239 2 2 28 18 525 1646 934
240 2 2 28 18 522 1647 931
241 2 2 28 18 524 1648 933
242 2 2 28 18 1044 2473 1387
243 2 2 28 18 1022 2361 2506
244 2 2 28 18 417 2635 1044
245 2 2 28 18 574 1693 1131
246 2 2 28 18 573 1692 1130
247 2 2 28 18 605 1110 1431
248 2 2 28 18 227 1181 1451
249 2 2 28 18 256 1032 1183
250 2 2 28 18 1033 2326 1336
251 2 2 28 18 628 995 2331
252 2 2 28 18 630 994 2330
253 2 2 28 18 629 993 2329
254 2 2 28 18 1125 2062 1290
255 2 2 28 18 599 1451 1181
256 2 2 28 18 432 1760 2656
257 2 2 28 18 631 2336 998
258 2 2 28 18 633 2335 997
259 2 2 28 18 632 2334 996
260 2 2 28 18 402 1642 1372
261 2 2 28 18 406 1371 1638
262 2 2 28 18 516 1490 1284
263 2 2 28 18 722 1827 963
264 2 2 28 18 432 1835 1760
265 2 2 28 18 2976 2699 983
266 2 2 28 18 959 1085 2891
267 2 2 28 18 1161 2699 2976
268 2 2 28 18 515 1289 1489
269 2 2 28 18 177 1525 1579
270 2 2 28 18 443 2699 1161
271 2 2 28 18 242 1303 1004
272 2 2 28 18 243 1005 1300
273 2 2 28 18 959 2891 2709
274 2 2 28 18 845 1055 2219
275 2 2 28 18 483 1098 1188
276 2 2 28 18 486 2108 898
277 2 2 28 18 484 1189 1099
278 2 2 28 18 247 2163 907
279 2 2 28 18 2285 2857 969
280 2 2 28 18 245 906 2164
281 2 2 28 18 713 1660 1292
282 2 2 28 18 667 1284 1490
283 2 2 28 18 849 1579 1525
284 2 2 28 18 788 1638 1371
285 2 2 28 18 792 1372 1642
286 2 2 28 18 472 2203 1280
287 2 2 28 18 2204 473 1279
288 2 2 28 18 459 913 2302
289 2 2 28 18 458 914 2303
290 2 2 28 18 461 911 2300
291 2 2 28 18 460 912 2301
292 2 2 28 18 500 1188 1098
293 2 2 28 18 515 1004 1303
294 2 2 28 18 535 903 1383
295 2 2 28 18 678 1586 1487
296 2 2 28 18 499 1099 1189
297 2 2 28 18 516 1300 1005
298 2 2 28 18 230 1035 2917
299 2 2 28 18 229 1037 2919
300 2 2 28 18 231 1036 2918
301 2 2 28 18 345 2219 1055
302 2 2 28 18 56 973 1689
303 2 2 28 18 92 974 1690
304 2 2 28 18 128 972 1688
305 2 2 28 18 20 971 1687
306 2 2 28 18 268 2250 1088
307 2 2 28 18 876 1088 2250
308 2 2 28 18 902 2171 1224
309 2 2 28 18 1030 2857 2285
310 2 2 28 18 467 2308 921
311 2 2 28 18 468 2307 920
312 2 2 28 18 469 2306 919
313 2 2 28 18 466 2309 922
314 2 2 28 18 666 1489 1289
315 2 2 28 18 779 1925 1448
316 2 2 28 18 225 1283 942
317 2 2 28 18 426 2891 2506
318 2 2 28 18 233 2928 1041
319 2 2 28 18 234 2926 1039
320 2 2 28 18 235 2927 1040
321 2 2 28 18 1821 2203 472
322 2 2 28 18 1822 473 2204
323 2 2 28 18 1259 1336 2955
324 2 2 28 18 225 2151 923
325 2 2 28 18 423 2270 1522
326 2 2 28 18 486 898 2050
327 2 2 28 18 224 1224 2171
328 2 2 28 18 400 1062 1521
329 2 2 28 18 225 942 2087
330 2 2 28 18 686 1308 2209
331 2 2 28 18 685 1309 2211
332 2 2 28 18 687 1311 2210
333 2 2 28 18 688 1310 2208
334 2 2 28 18 535 1418 903
335 2 2 28 18 196 1292 1660
336 2 2 28 18 246 1592 1411
337 2 2 28 18 673 2087 942
338 2 2 28 18 995 1293 2331
339 2 2 28 18 994 1294 2330
340 2 2 28 18 993 1295 2329
341 2 2 28 18 372 2285 2589
342 2 2 28 18 998 2336 1296
343 2 2 28 18 997 2335 1297
344 2 2 28 18 996 2334 1298
345 2 2 28 18 605 1401 1245
346 2 2 28 18 1190 1384 2591
347 2 2 28 18 544 2128 2184
348 2 2 28 18 481 1223 1021
349 2 2 28 18 1384 173 2591
350 2 2 28 18 1859 2318 587
351 2 2 28 18 240 1021 1223
352 2 2 28 18 245 2027 906
353 2 2 28 18 504 1103 1212
354 2 2 28 18 383 1028 1383
355 2 2 28 18 503 1213 1102
356 2 2 28 18 247 907 2030
357 2 2 28 18 1086 2395 2319
358 2 2 28 18 465 1244 1595
359 2 2 28 18 464 1594 1243
360 2 2 28 18 274 1086 2319
361 2 2 28 18 21 2075 1089
362 2 2 28 18 129 2076 1090
363 2 2 28 18 57 2077 1091
364 2 2 28 18 93 2078 1092
365 2 2 28 18 1131 1693 2277
366 2 2 28 18 1130 1692 2276
367 2 2 28 18 803 1649 2897
368 2 2 28 18 704 1411 1592
369 2 2 28 18 2955 1336 593
370 2 2 28 18 714 1874 1222
371 2 2 28 18 465 1595 1265
372 2 2 28 18 464 1266 1594
373 2 2 28 18 219 953 1845
374 2 2 28 18 2729 418 1407
375 2 2 28 18 2788 264 1326
376 2 2 28 18 421 2284 1518
377 2 2 28 18 651 1232 1114
378 2 2 28 18 650 1231 1112
379 2 2 28 18 652 1233 1113
380 2 2 28 18 653 1234 1111
381 2 2 28 18 728 1207 1222
382 2 2 28 18 1097 2788 1326
383 2 2 28 18 443 1019 1183
384 2 2 28 18 507 1052 1275
385 2 2 28 18 192 1317 937
386 2 2 28 18 191 938 1318
387 2 2 28 18 236 1700 1795
388 2 2 28 18 936 1522 2270
389 2 2 28 18 843 1739 1139
390 2 2 28 18 2619 1478 395
391 2 2 28 18 2620 1479 396
392 2 2 28 18 2621 1480 397
393 2 2 28 18 2622 1481 398
394 2 2 28 18 702 1273 1722
395 2 2 28 18 262 1222 1207
396 2 2 28 18 154 1058 2054
397 2 2 28 18 46 1059 2055
398 2 2 28 18 118 1060 2056
399 2 2 28 18 82 1061 2057
400 2 2 28 18 928 2184 2128
401 2 2 28 18 214 1720 2444
402 2 2 28 18 471 2578 958
403 2 2 28 18 378 1114 1232
404 2 2 28 18 376 1112 1231
405 2 2 28 18 379 1113 1233
406 2 2 28 18 377 1111 1234
407 2 2 28 18 926 2427 1162
408 2 2 28 18 904 2258 1359
409 2 2 28 18 241 2427 926
410 2 2 28 18 592 1349 1328
411 2 2 28 18 383 1088 1581
412 2 2 28 18 1169 1478 2619
413 2 2 28 18 1170 1479 2620
414 2 2 28 18 1171 1480 2621
415 2 2 28 18 1172 1481 2622
416 2 2 28 18 187 1275 1052
417 2 2 28 18 1106 1892 2037
418 2 2 28 18 539 903 2235
419 2 2 28 18 425 1853 1167
420 2 2 28 18 539 2654 903
421 2 2 28 18 348 932 1645
422 2 2 28 18 349 934 1646
423 2 2 28 18 350 931 1647
424 2 2 28 18 351 933 1648
425 2 2 28 18 431 1438 1037
426 2 2 28 18 428 1437 1035
427 2 2 28 18 430 1439 1036
428 2 2 28 18 643 1475 970
429 2 2 28 18 497 1162 2427
430 2 2 28 18 1118 2729 1407
431 2 2 28 18 461 1373 911
432 2 2 28 18 460 1374 912
433 2 2 28 18 459 1375 913
434 2 2 28 18 458 1376 914
435 2 2 28 18 1114 2040 1896
436 2 2 28 18 408 1427 1640
437 2 2 28 18 404 1644 1428
438 2 2 28 18 435 1041 1443
439 2 2 28 18 436 1040 1444
440 2 2 28 18 433 1039 1445
441 2 2 28 18 419 1409 1135
442 2 2 28 18 469 919 1377
443 2 2 28 18 468 920 1378
444 2 2 28 18 467 921 1379
445 2 2 28 18 466 922 1380
446 2 2 28 18 214 2630 1720
447 2 2 28 18 586 1163 2317
448 2 2 28 18 587 2318 1164
449 2 2 28 18 793 1629 2234
450 2 2 28 18 586 2317 1783
451 2 2 28 18 21 22 2075
452 2 2 28 18 129 130 2076
453 2 2 28 18 57 58 2077
454 2 2 28 18 93 94 2078
455 2 2 28 18 248 1400 1520
456 2 2 28 18 585 1745 904
457 2 2 28 18 366 2410 962
458 2 2 28 18 102 2224 1711
459 2 2 28 18 66 2223 1712
460 2 2 28 18 138 2222 1714
461 2 2 28 18 30 2221 1713
462 2 2 28 18 199 1722 1273
463 2 2 28 18 464 2257 1266
464 2 2 28 18 2631 585 904
465 2 2 28 18 16 1535 122
466 2 2 28 18 4 1536 158
467 2 2 28 18 12 1533 86
468 2 2 28 18 8 1534 50
469 2 2 28 18 465 1265 2259
470 2 2 28 18 415 1222 1874
471 2 2 28 18 395 1157 1937
472 2 2 28 18 396 1158 1938
473 2 2 28 18 397 1159 1939
474 2 2 28 18 398 1160 1940
475 2 2 28 18 959 2656 1760
476 2 2 28 18 575 1413 1815
477 2 2 28 18 477 2905 1018
478 2 2 28 18 422 1910 1591
479 2 2 28 18 383 1383 1088
480 2 2 28 18 1266 2257 2127
481 2 2 28 18 592 2892 976
482 2 2 28 18 285 2339 1619
483 2 2 28 18 1265 2126 2259
484 2 2 28 18 440 953 1316
485 2 2 28 18 756 1896 1625
486 2 2 28 18 344 2101 945
487 2 2 28 18 786 1640 1427
488 2 2 28 18 682 1520 1400
489 2 2 28 18 790 1428 1644
490 2 2 28 18 749 1620 1892
491 2 2 28 18 864 1815 1413
492 2 2 28 18 533 992 1260
493 2 2 28 18 534 1487 1586
494 2 2 28 18 438 1045 1214
495 2 2 28 18 226 1328 1349
496 2 2 28 18 660 945 2101
497 2 2 28 18 304 1448 1925
498 2 2 28 18 101 102 1711
499 2 2 28 18 65 66 1712
500 2 2 28 18 137 138 1714
501 2 2 28 18 29 30 1713
502 2 2 28 18 1167 1853 2724
503 2 2 28 18 522 931 1888
504 2 2 28 18 523 932 1886
505 2 2 28 18 524 933 1887
506 2 2 28 18 525 934 1885
507 2 2 28 18 493 1272 981
508 2 2 28 18 255 964 2781
509 2 2 28 18 191 1390 938
510 2 2 28 18 192 937 1391
511 2 2 28 18 482 1401 1434
512 2 2 28 18 225 923 2790
513 2 2 28 18 659 1153 1743
514 2 2 28 18 658 1152 1744
515 2 2 28 18 477 1127 2905
516 2 2 28 18 526 1407 939
517 2 2 28 18 527 940 1409
518 2 2 28 18 758 1758 1073
519 2 2 28 18 843 2433 1739
520 2 2 28 18 667 1490 1325
521 2 2 28 18 241 926 1477
522 2 2 28 18 346 1162 2154
523 2 2 28 18 166 952 1434
524 2 2 28 18 1104 2348 1492
525 2 2 28 18 803 2551 1649
526 2 2 28 18 225 962 2151
527 2 2 28 18 367 1325 1490
528 2 2 28 18 848 2154 1162
529 2 2 28 18 481 1021 2895
530 2 2 28 18 476 2568 2641
531 2 2 28 18 195 1743 1153
532 2 2 28 18 193 1744 1152
533 2 2 28 18 1028 2973 1383
534 2 2 28 18 2185 1633 360
535 2 2 28 18 476 2641 1214
536 2 2 28 18 2188 364 1629
537 2 2 28 18 2348 415 1492
538 2 2 28 18 517 1358 944
539 2 2 28 18 497 1168 1149
540 2 2 28 18 423 1074 1757
541 2 2 28 18 422 1073 1758
542 2 2 28 18 643 1618 1475
543 2 2 28 18 929 1518 2284
544 2 2 28 18 930 2102 2663
545 2 2 28 18 1077 1633 2185
546 2 2 28 18 705 1054 1505
547 2 2 28 18 1081 2188 1629
548 2 2 28 18 256 1183 1239
549 2 2 28 18 492 1282 1046
550 2 2 28 18 1461 2636 1936
551 2 2 28 18 153 154 2054
552 2 2 28 18 45 46 2055
553 2 2 28 18 117 118 2056
554 2 2 28 18 81 82 2057
555 2 2 28 18 708 1506 1063
556 2 2 28 18 1462 1935 2638
557 2 2 28 18 574 1416 965
558 2 2 28 18 573 1417 966
559 2 2 28 18 471 1048 2578
560 2 2 28 18 223 1876 1023
561 2 2 28 18 245 946 2027
562 2 2 28 18 1399 2432 374
563 2 2 28 18 492 1149 1168
564 2 2 28 18 247 2030 947
565 2 2 28 18 417 1044 2836
566 2 2 28 18 190 1432 1047
567 2 2 28 18 471 958 2327
568 2 2 28 18 665 1481 1578
569 2 2 28 18 663 1480 1576
570 2 2 28 18 664 1479 1577
571 2 2 28 18 662 1478 1575
572 2 2 28 18 1050 2432 1399
573 2 2 28 18 513 1461 1936
574 2 2 28 18 272 943 1426
575 2 2 28 18 462 1033 1336
576 2 2 28 18 463 1057 1349
577 2 2 28 18 431 1143 1438
578 2 2 28 18 428 1144 1437
579 2 2 28 18 430 1145 1439
580 2 2 28 18 444 2616 1138
581 2 2 28 18 1100 2346 2333
582 2 2 28 18 910 1381 1859
583 2 2 28 18 514 1935 1462
584 2 2 28 18 481 2895 1134
585 2 2 28 18 435 1443 1146
586 2 2 28 18 436 1444 1148
587 2 2 28 18 433 1445 1147
588 2 2 28 18 1211 2314 2395
589 2 2 28 18 497 1442 1162
590 2 2 28 18 1138 2616 2239
591 2 2 28 18 446 1013 1450
592 2 2 28 18 498 1204 1220
593 2 2 28 18 1105 2347 2352
594 2 2 28 18 510 952 1499
595 2 2 28 18 449 1454 1016
596 2 2 28 18 587 1070 2079
597 2 2 28 18 405 1472 1637
598 2 2 28 18 166 1499 952
599 2 2 28 18 1007 2539 1516
600 2 2 28 18 956 1458 2640
601 2 2 28 18 955 2639 1459
602 2 2 28 18 447 1293 1011
603 2 2 28 18 448 1294 1012
604 2 2 28 18 446 1295 1013
605 2 2 28 18 7 2603 1375
606 2 2 28 18 3 2602 1376
607 2 2 28 18 15 2604 1374
608 2 2 28 18 11 2605 1373
609 2 2 28 18 534 1586 1335
610 2 2 28 18 450 1014 1296
611 2 2 28 18 451 1015 1297
612 2 2 28 18 449 1016 1298
613 2 2 28 18 14 1379 2610
614 2 2 28 18 2 1380 2609
615 2 2 28 18 10 1377 2612
616 2 2 28 18 6 1378 2611
617 2 2 28 18 2666 317 1550
618 2 2 28 18 2664 315 1548
619 2 2 28 18 2665 316 1549
620 2 2 28 18 447 1011 1505
621 2 2 28 18 375 1049 1696
622 2 2 28 18 450 1506 1014
623 2 2 28 18 519 1399 1026
624 2 2 28 18 661 2069 986
625 2 2 28 18 595 1286 1096
626 2 2 28 18 605 2053 1401
627 2 2 28 18 559 943 1421
628 2 2 28 18 605 1431 2033
629 2 2 28 18 400 1051 1425
630 2 2 28 18 470 1101 2801
631 2 2 28 18 366 2663 2410
632 2 2 28 18 308 1268 2267
633 2 2 28 18 2639 2803 1459
634 2 2 28 18 1458 2805 2640
635 2 2 28 18 789 1637 1472
636 2 2 28 18 343 986 2069
637 2 2 28 18 1190 2591 1880
638 2 2 28 18 423 1757 2849
639 2 2 28 18 592 1241 2892
640 2 2 28 18 473 1075 1385
641 2 2 28 18 472 1386 1076
642 2 2 28 18 448 1012 1615
643 2 2 28 18 739 1100 2333
644 2 2 28 18 420 1211 2395
645 2 2 28 18 1101 1456 2801
646 2 2 28 18 481 1384 1190
647 2 2 28 18 291 1922 1891
648 2 2 28 18 285 1431 2339
649 2 2 28 18 451 1614 1015
650 2 2 28 18 482 1434 952
651 2 2 28 18 357 1080 1636
652 2 2 28 18 358 1078 1634
653 2 2 28 18 359 1079 1635
654 2 2 28 18 330 2015 1880
655 2 2 28 18 259 1288 1511
656 2 2 28 18 258 1287 1509
657 2 2 28 18 261 1286 1510
658 2 2 28 18 260 1285 1508
659 2 2 28 18 361 1632 1084
660 2 2 28 18 363 1631 1083
661 2 2 28 18 362 1630 1082
662 2 2 28 18 2662 1559 314
663 2 2 28 18 2661 1558 312
664 2 2 28 18 2660 1557 313
665 2 2 28 18 2659 1556 311
666 2 2 28 18 1032 2699 1183
667 2 2 28 18 375 1696 1056
668 2 2 28 18 660 2081 945
669 2 2 28 18 826 1282 2029
670 2 2 28 18 310 2272 1269
671 2 2 28 18 745 2347 1105
672 2 2 28 18 486 1359 2258
673 2 2 28 18 458 2303 1034
674 2 2 28 18 459 2302 1035
675 2 2 28 18 460 2301 1036
676 2 2 28 18 461 2300 1037
677 2 2 28 18 375 1628 1049
678 2 2 28 18 333 1398 1217
679 2 2 28 18 332 1218 1397
680 2 2 28 18 1008 2446 1517
681 2 2 28 18 1010 2445 1515
682 2 2 28 18 1009 2444 1514
683 2 2 28 18 535 1383 2973
684 2 2 28 18 2539 812 1516
685 2 2 28 18 374 1026 1399
686 2 2 28 18 845 1905 1055
687 2 2 28 18 422 1758 2882
688 2 2 28 18 1401 2420 1434
689 2 2 28 18 683 1190 1880
690 2 2 28 18 231 1857 1036
691 2 2 28 18 543 1512 1045
692 2 2 28 18 249 1019 1305
693 2 2 28 18 466 1038 2309
694 2 2 28 18 467 1039 2308
695 2 2 28 18 468 1040 2307
696 2 2 28 18 469 1041 2306
697 2 2 28 18 331 2029 1282
698 2 2 28 18 563 1217 1398
699 2 2 28 18 562 1397 1218
700 2 2 28 18 720 1826 2346
701 2 2 28 18 580 1785 936
702 2 2 28 18 429 2303 1249
703 2 2 28 18 430 2301 1251
704 2 2 28 18 428 2302 1250
705 2 2 28 18 431 2300 1252
706 2 2 28 18 170 2202 1133
707 2 2 28 18 2418 1564 416
708 2 2 28 18 235 1040 1869
709 2 2 28 18 930 2653 2102
710 2 2 28 18 510 1485 952
711 2 2 28 18 186 2394 982
712 2 2 28 18 447 1505 1054
713 2 2 28 18 1137 1564 2418
714 2 2 28 18 434 1254 2309
715 2 2 28 18 433 1255 2308
716 2 2 28 18 436 1256 2307
717 2 2 28 18 435 1257 2306
718 2 2 28 18 831 2209 1308
719 2 2 28 18 833 2211 1309
720 2 2 28 18 832 2210 1311
721 2 2 28 18 830 2208 1310
722 2 2 28 18 187 2298 1104
723 2 2 28 18 758 2215 1758
724 2 2 28 18 272 1840 943
725 2 2 28 18 526 939 1856
726 2 2 28 18 527 1855 940
727 2 2 28 18 673 942 2007
728 2 2 28 18 941 585 1949
729 2 2 28 18 450 1063 1506
730 2 2 28 18 517 944 2255
731 2 2 28 18 353 2381 970
732 2 2 28 18 572 1415 975
733 2 2 28 18 727 1460 1321
734 2 2 28 18 1104 2298 2348
735 2 2 28 18 335 1859 1381
736 2 2 28 18 643 970 2093
737 2 2 28 18 611 2037 1892
738 2 2 28 18 2446 814 1517
739 2 2 28 18 2445 813 1515
740 2 2 28 18 2444 811 1514
741 2 2 28 18 324 2488 1787
742 2 2 28 18 421 1053 1852
743 2 2 28 18 1062 1805 1521
744 2 2 28 18 232 1917 1616
745 2 2 28 18 542 1507 948
746 2 2 28 18 863 2533 1585
747 2 2 28 18 861 2534 1584
748 2 2 28 18 862 2536 1583
749 2 2 28 18 860 2535 1582
750 2 2 28 18 914 1249 2303
751 2 2 28 18 912 1251 2301
752 2 2 28 18 913 1250 2302
753 2 2 28 18 911 1252 2300
754 2 2 28 18 492 1046 1519
755 2 2 28 18 2683 1664 190
756 2 2 28 18 273 2093 970
757 2 2 28 18 543 950 1512
758 2 2 28 18 921 2308 1255
759 2 2 28 18 922 2309 1254
760 2 2 28 18 920 2307 1256
761 2 2 28 18 919 2306 1257
762 2 2 28 18 331 2226 1299
763 2 2 28 18 520 1400 1027
764 2 2 28 18 1009 1585 2533
765 2 2 28 18 1007 1584 2534
766 2 2 28 18 1010 1583 2536
767 2 2 28 18 1008 1582 2535
768 2 2 28 18 166 1434 2189
769 2 2 28 18 615 1625 1896
770 2 2 28 18 1545 275 1996
771 2 2 28 18 722 2352 1827
772 2 2 28 18 350 2066 931
773 2 2 28 18 348 2063 932
774 2 2 28 18 351 2065 933
775 2 2 28 18 349 2064 934
776 2 2 28 18 1546 1997 279
777 2 2 28 18 625 1560 1279
778 2 2 28 18 626 1280 1561
779 2 2 28 18 245 2332 946
780 2 2 28 18 1177 2664 1548
781 2 2 28 18 1179 2666 1550
782 2 2 28 18 1178 2665 1549
783 2 2 28 18 255 2781 1204
784 2 2 28 18 545 1575 1478
785 2 2 28 18 546 1577 1479
786 2 2 28 18 547 1576 1480
787 2 2 28 18 548 1578 1481
788 2 2 28 18 611 1892 1620
789 2 2 28 18 580 936 1749
790 2 2 28 18 730 1324 1476
791 2 2 28 18 247 947 2340
792 2 2 28 18 192 1279 1560
793 2 2 28 18 191 1561 1280
794 2 2 28 18 545 1478 1169
795 2 2 28 18 546 1479 1170
796 2 2 28 18 547 1480 1171
797 2 2 28 18 548 1481 1172
798 2 2 28 18 904 1359 2631
799 2 2 28 18 519 1026 1411
800 2 2 28 18 948 1545 1996
801 2 2 28 18 1045 1512 2827
802 2 2 28 18 419 987 1396
803 2 2 28 18 950 1997 1546
804 2 2 28 18 122 1535 1887
805 2 2 28 18 86 1533 1888
806 2 2 28 18 158 1536 1885
807 2 2 28 18 50 1534 1886
808 2 2 28 18 615 1896 2040
809 2 2 28 18 342 1422 2509
810 2 2 28 18 704 2029 1732
811 2 2 28 18 610 1050 2771
812 2 2 28 18 1124 2577 1493
813 2 2 28 18 1122 2575 1494
814 2 2 28 18 1123 2576 1495
815 2 2 28 18 1121 2574 1496
816 2 2 28 18 2839 585 941
817 2 2 28 18 493 981 1406
818 2 2 28 18 242 1004 2153
819 2 2 28 18 364 2234 1629
820 2 2 28 18 707 1991 1327
821 2 2 28 18 286 1781 2225
822 2 2 28 18 471 1931 1917
823 2 2 28 18 706 1331 1990
824 2 2 28 18 646 1106 1313
825 2 2 28 18 647 1107 1312
826 2 2 28 18 648 1108 1315
827 2 2 28 18 649 1109 1314
828 2 2 28 18 275 1892 1106
829 2 2 28 18 492 1877 2226
830 2 2 28 18 243 2155 1005
831 2 2 28 18 492 2226 1282
832 2 2 28 18 980 2663 2102
833 2 2 28 18 1173 1556 2659
834 2 2 28 18 1175 1558 2661
835 2 2 28 18 1174 1557 2660
836 2 2 28 18 1176 1559 2662
837 2 2 28 18 260 1095 1285
838 2 2 28 18 261 1096 1286
839 2 2 28 18 258 1093 1287
840 2 2 28 18 259 1094 1288
841 2 2 28 18 471 1917 1048
842 2 2 28 18 959 2896 1085
843 2 2 28 18 760 1795 1700
844 2 2 28 18 382 1023 1876
845 2 2 28 18 199 1273 2241
846 2 2 28 18 470 2759 2169
847 2 2 28 18 720 1100 2507
848 2 2 28 18 279 1114 1896
849 2 2 28 18 722 2510 1105
850 2 2 28 18 1732 2029 2512
851 2 2 28 18 236 2827 1512
852 2 2 28 18 384 2895 1323
853 2 2 28 18 443 1183 2699
854 2 2 28 18 219 1798 953
855 2 2 28 18 729 2073 1166
856 2 2 28 18 2904 510 1499
857 2 2 28 18 448 1615 1100
858 2 2 28 18 1299 2904 1499
859 2 2 28 18 441 1125 1290
860 2 2 28 18 371 1313 1106
861 2 2 28 18 369 1312 1107
862 2 2 28 18 370 1315 1108
863 2 2 28 18 368 1314 1109
864 2 2 28 18 774 1465 1919
865 2 2 28 18 451 1105 1614
866 2 2 28 18 344 945 1739
867 2 2 28 18 775 1977 1464
868 2 2 28 18 776 1978 1463
869 2 2 28 18 517 1565 1665
870 2 2 28 18 924 2105 1440
871 2 2 28 18 353 970 1475
872 2 2 28 18 681 2153 1004
873 2 2 28 18 2577 413 1493
874 2 2 28 18 2575 411 1494
875 2 2 28 18 2576 412 1495
876 2 2 28 18 2574 410 1496
877 2 2 28 18 927 2189 1434
878 2 2 28 18 475 1408 3009
879 2 2 28 18 330 1272 2015
880 2 2 28 18 474 3010 1410
881 2 2 28 18 780 1924 1473
882 2 2 28 18 876 1664 2170
883 2 2 28 18 417 961 2014
884 2 2 28 18 511 1097 1326
885 2 2 28 18 328 1166 2073
886 2 2 28 18 479 1754 1017
887 2 2 28 18 340 1031 1570
888 2 2 28 18 199 2241 1803
889 2 2 28 18 246 2599 1341
890 2 2 28 18 248 1342 2601
891 2 2 28 18 440 1845 953
892 2 2 28 18 684 1005 2155
893 2 2 28 18 498 982 2394
894 2 2 28 18 874 1299 2226
895 2 2 28 18 797 1469 1988
896 2 2 28 18 796 1468 1989
897 2 2 28 18 1115 1664 2683
898 2 2 28 18 322 1440 2105
899 2 2 28 18 490 1242 1829
900 2 2 28 18 483 1672 1205
901 2 2 28 18 225 2087 962
902 2 2 28 18 484 1206 1673
903 2 2 28 18 463 1349 1253
904 2 2 28 18 542 948 1996
905 2 2 28 18 1075 3009 1408
906 2 2 28 18 1076 1410 3010
907 2 2 28 18 515 1489 1004
908 2 2 28 18 1335 1586 2022
909 2 2 28 18 357 2119 1080
910 2 2 28 18 358 2117 1078
911 2 2 28 18 359 2118 1079
912 2 2 28 18 162 1042 1762
913 2 2 28 18 564 953 1798
914 2 2 28 18 91 92 1690
915 2 2 28 18 55 56 1689
916 2 2 28 18 127 128 1688
917 2 2 28 18 19 20 1687
918 2 2 28 18 361 1084 2123
919 2 2 28 18 362 1082 2121
920 2 2 28 18 363 1083 2122
921 2 2 28 18 975 2897 1649
922 2 2 28 18 543 1997 950
923 2 2 28 18 246 1961 2599
924 2 2 28 18 342 2135 2409
925 2 2 28 18 516 1005 1490
926 2 2 28 18 248 2601 1970
927 2 2 28 18 806 2134 1780
928 2 2 28 18 564 1756 953
929 2 2 28 18 789 2261 1633
930 2 2 28 18 2546 321 951
931 2 2 28 18 291 1891 1247
932 2 2 28 18 366 962 2091
933 2 2 28 18 482 952 2461
934 2 2 28 18 1449 2633 2187
935 2 2 28 18 221 2162 1216
936 2 2 28 18 720 3004 960
937 2 2 28 18 587 2079 1658
938 2 2 28 18 702 1893 1273
939 2 2 28 18 223 1278 1876
940 2 2 28 18 902 2509 1422
941 2 2 28 18 529 971 1654
942 2 2 28 18 530 972 1655
943 2 2 28 18 531 973 1656
944 2 2 28 18 532 974 1657
945 2 2 28 18 951 321 1782
946 2 2 28 18 818 1216 2162
947 2 2 28 18 490 1829 1274
948 2 2 28 18 578 1334 1338
949 2 2 28 18 420 2168 2104
950 2 2 28 18 1021 1323 2895
951 2 2 28 18 442 1139 1739
952 2 2 28 18 852 2320 1916
953 2 2 28 18 853 1915 2321
954 2 2 28 18 577 2584 1275
955 2 2 28 18 577 1455 2584
956 2 2 28 18 542 1215 1507
957 2 2 28 18 602 1991 1765
958 2 2 28 18 505 1102 3006
959 2 2 28 18 486 1023 2108
960 2 2 28 18 601 1764 1990
961 2 2 28 18 506 3005 1103
962 2 2 28 18 559 2068 943
963 2 2 28 18 722 963 3011
964 2 2 28 18 170 1500 2202
965 2 2 28 18 501 1338 1334
966 2 2 28 18 526 1118 1407
967 2 2 28 18 686 2323 1308
968 2 2 28 18 685 2322 1309
969 2 2 28 18 687 2324 1311
970 2 2 28 18 688 2325 1310
971 2 2 28 18 527 1409 1119
972 2 2 28 18 1046 2587 1519
973 2 2 28 18 498 2998 3008
974 2 2 28 18 419 1119 1409
975 2 2 28 18 1519 2587 828
976 2 2 28 18 511 1326 1387
977 2 2 28 18 462 1336 1259
978 2 2 28 18 226 1349 1057
979 2 2 28 18 669 1134 1710
980 2 2 28 18 492 1519 1149
981 2 2 28 18 795 1544 1971
982 2 2 28 18 383 1503 1028
983 2 2 28 18 2652 820 1864
984 2 2 28 18 472 1280 1386
985 2 2 28 18 473 1385 1279
986 2 2 28 18 498 3008 1204
987 2 2 28 18 544 2184 1322
988 2 2 28 18 1115 1894 2985
989 2 2 28 18 1105 2510 1614
990 2 2 28 18 575 1815 1132
991 2 2 28 18 419 1995 987
992 2 2 28 18 669 1710 1760
993 2 2 28 18 485 1780 1043
994 2 2 28 18 582 1387 1326
995 2 2 28 18 1044 1387 2773
996 2 2 28 18 1100 1615 2507
997 2 2 28 18 581 1825 1498
998 2 2 28 18 223 1023 1972
999 2 2 28 18 692 1986 1393
1000 2 2 28 18 247 1189 2163
1001 2 2 28 18 767 1725 2465
1002 2 2 28 18 245 2164 1188
1003 2 2 28 18 582 1475 1618
1004 2 2 28 18 1088 2170 1581
1005 2 2 28 18 1603 347 2053
1006 2 2 28 18 14 135 1379
1007 2 2 28 18 10 99 1377
1008 2 2 28 18 2 27 1380
1009 2 2 28 18 6 63 1378
1010 2 2 28 18 11 1373 76
1011 2 2 28 18 7 1375 40
1012 2 2 28 18 15 1374 112
1013 2 2 28 18 3 1376 148
1014 2 2 28 18 855 1498 1825
1015 2 2 28 18 505 3006 1150
1016 2 2 28 18 506 1151 3005
1017 2 2 28 18 232 1616 2909
1018 2 2 28 18 417 1858 961
1019 2 2 28 18 765 2267 1268
1020 2 2 28 18 978 1603 2053
1021 2 2 28 18 483 1704 1098
1022 2 2 28 18 484 1099 1703
1023 2 2 28 18 517 1665 1358
1024 2 2 28 18 426 2709 2891
1025 2 2 28 18 82 1653 1061
1026 2 2 28 18 46 1651 1059
1027 2 2 28 18 118 1652 1060
1028 2 2 28 18 154 1650 1058
1029 2 2 28 18 981 2440 2807
1030 2 2 28 18 1006 2465 1725
1031 2 2 28 18 1019 2169 2759
1032 2 2 28 18 769 1269 2272
1033 2 2 28 18 574 965 1693
1034 2 2 28 18 573 966 1692
1035 2 2 28 18 1224 2652 1864
1036 2 2 28 18 286 958 1781
1037 2 2 28 18 521 1539 1457
1038 2 2 28 18 144 145 1393
1039 2 2 28 18 36 37 1392
1040 2 2 28 18 108 109 1395
1041 2 2 28 18 72 73 1394
1042 2 2 28 18 1466 1788 2787
1043 2 2 28 18 666 1447 1489
1044 2 2 28 18 236 2916 1700
1045 2 2 28 18 806 1780 1270
1046 2 2 28 18 474 1410 1276
1047 2 2 28 18 365 1489 1447
1048 2 2 28 18 475 1277 1408
1049 2 2 28 18 446 1450 1268
1050 2 2 28 18 1050 1399 2771
1051 2 2 28 18 592 976 2130
1052 2 2 28 18 399 2985 1894
1053 2 2 28 18 517 2436 1000
1054 2 2 28 18 670 1457 1539
1055 2 2 28 18 421 1852 2841
1056 2 2 28 18 785 2187 2633
1057 2 2 28 18 503 1102 1341
1058 2 2 28 18 504 1342 1103
1059 2 2 28 18 360 1598 1024
1060 2 2 28 18 449 1269 1454
1061 2 2 28 18 300 1919 1465
1062 2 2 28 18 286 2225 1339
1063 2 2 28 18 364 1025 1599
1064 2 2 28 18 690 2003 1395
1065 2 2 28 18 678 1487 1216
1066 2 2 28 18 552 1633 1077
1067 2 2 28 18 551 1634 1078
1068 2 2 28 18 550 1635 1079
1069 2 2 28 18 549 1636 1080
1070 2 2 28 18 535 1165 1418
1071 2 2 28 18 572 975 1649
1072 2 2 28 18 556 1081 1629
1073 2 2 28 18 555 1082 1630
1074 2 2 28 18 554 1083 1631
1075 2 2 28 18 553 1084 1632
1076 2 2 28 18 2443 1992 272
1077 2 2 28 18 286 1802 958
1078 2 2 28 18 731 1591 1910
1079 2 2 28 18 663 1159 1480
1080 2 2 28 18 664 1158 1479
1081 2 2 28 18 662 1157 1478
1082 2 2 28 18 665 1160 1481
1083 2 2 28 18 601 1361 1164
1084 2 2 28 18 602 1163 1360
1085 2 2 28 18 267 1164 1361
1086 2 2 28 18 303 1473 1924
1087 2 2 28 18 266 1360 1163
1088 2 2 28 18 529 1687 971
1089 2 2 28 18 530 1688 972
1090 2 2 28 18 531 1689 973
1091 2 2 28 18 532 1690 974
1092 2 2 28 18 259 1511 1941
1093 2 2 28 18 258 1509 1942
1094 2 2 28 18 261 1510 1943
1095 2 2 28 18 260 1508 1944
1096 2 2 28 18 420 1086 2168
1097 2 2 28 18 249 1418 1165
1098 2 2 28 18 826 2012 1543
1099 2 2 28 18 442 1209 1345
1100 2 2 28 18 283 1385 1075
1101 2 2 28 18 845 2361 1905
1102 2 2 28 18 284 1076 1386
1103 2 2 28 18 1393 1986 2991
1104 2 2 28 18 255 1710 964
1105 2 2 28 18 980 2410 2663
1106 2 2 28 18 542 1024 1598
1107 2 2 28 18 578 1980 1239
1108 2 2 28 18 1115 2683 1894
1109 2 2 28 18 914 1376 2602
1110 2 2 28 18 913 1375 2603
1111 2 2 28 18 912 1374 2604
1112 2 2 28 18 911 1373 2605
1113 2 2 28 18 543 1599 1025
1114 2 2 28 18 702 2625 978
1115 2 2 28 18 418 1229 1407
1116 2 2 28 18 173 1230 2287
1117 2 2 28 18 230 1464 1977
1118 2 2 28 18 229 1463 1978
1119 2 2 28 18 921 2610 1379
1120 2 2 28 18 922 2609 1380
1121 2 2 28 18 919 2612 1377
1122 2 2 28 18 920 2611 1378
1123 2 2 28 18 746 2052 2288
1124 2 2 28 18 259 1187 1863
1125 2 2 28 18 258 1186 1862
1126 2 2 28 18 260 1184 1860
1127 2 2 28 18 261 1185 1861
1128 2 2 28 18 241 1168 2427
1129 2 2 28 18 283 1075 1408
1130 2 2 28 18 801 1185 2414
1131 2 2 28 18 800 1184 2415
1132 2 2 28 18 798 1186 2413
1133 2 2 28 18 799 1187 2412
1134 2 2 28 18 284 1410 1076
1135 2 2 28 18 80 2057 1623
1136 2 2 28 18 116 2056 1622
1137 2 2 28 18 44 2055 1621
1138 2 2 28 18 152 2054 1620
1139 2 2 28 18 2754 509 1431
1140 2 2 28 18 1110 2754 1431
1141 2 2 28 18 442 1120 1987
1142 2 2 28 18 571 2161 1775
1143 2 2 28 18 569 2160 1773
1144 2 2 28 18 570 2159 1774
1145 2 2 28 18 568 2158 1772
1146 2 2 28 18 477 1343 1127
1147 2 2 28 18 343 1836 986
1148 2 2 28 18 568 1009 1514
1149 2 2 28 18 570 1007 1516
1150 2 2 28 18 569 1010 1515
1151 2 2 28 18 571 1008 1517
1152 2 2 28 18 705 1505 2127
1153 2 2 28 18 883 1787 2488
1154 2 2 28 18 234 1988 1469
1155 2 2 28 18 233 1989 1468
1156 2 2 28 18 1813 661 2697
1157 2 2 28 18 836 1332 2045
1158 2 2 28 18 837 2046 1333
1159 2 2 28 18 579 1031 1793
1160 2 2 28 18 566 1116 1605
1161 2 2 28 18 496 1120 1759
1162 2 2 28 18 383 1087 1503
1163 2 2 28 18 422 1591 2565
1164 2 2 28 18 1208 1613 2720
1165 2 2 28 18 517 1000 1565
1166 2 2 28 18 708 2126 1506
1167 2 2 28 18 188 2773 1387
1168 2 2 28 18 227 1451 1259
1169 2 2 28 18 746 1597 2052
1170 2 2 28 18 1185 2669 2414
1171 2 2 28 18 1184 2667 2415
1172 2 2 28 18 1187 2670 2412
1173 2 2 28 18 1186 2668 2413
1174 2 2 28 18 2826 1761 1400
1175 2 2 28 18 988 2849 1757
1176 2 2 28 18 1050 1992 2443
1177 2 2 28 18 538 1425 1051
1178 2 2 28 18 822 1541 2266
1179 2 2 28 18 823 2268 1542
1180 2 2 28 18 243 2462 1155
1181 2 2 28 18 705 1686 2422
1182 2 2 28 18 242 1156 2467
1183 2 2 28 18 437 1117 1382
1184 2 2 28 18 340 1793 1031
1185 2 2 28 18 326 2045 1332
1186 2 2 28 18 325 1333 2046
1187 2 2 28 18 442 1345 1139
1188 2 2 28 18 421 1518 2532
1189 2 2 28 18 1273 1893 2568
1190 2 2 28 18 285 1619 1893
1191 2 2 28 18 459 1035 2722
1192 2 2 28 18 461 1037 2723
1193 2 2 28 18 1395 2003 2989
1194 2 2 28 18 167 1596 1482
1195 2 2 28 18 702 978 2597
1196 2 2 28 18 661 986 2084
1197 2 2 28 18 305 1932 1321
1198 2 2 28 18 759 1547 2227
1199 2 2 28 18 926 1162 2885
1200 2 2 28 18 925 1893 1619
1201 2 2 28 18 2266 295 1703
1202 2 2 28 18 420 2104 1824
1203 2 2 28 18 1099 2266 1703
1204 2 2 28 18 483 1205 1704
1205 2 2 28 18 2268 1704 296
1206 2 2 28 18 484 1703 1206
1207 2 2 28 18 1098 1704 2268
1208 2 2 28 18 518 1382 1117
1209 2 2 28 18 315 1679 1548
1210 2 2 28 18 316 1680 1549
1211 2 2 28 18 317 1681 1550
1212 2 2 28 18 318 1682 1551
1213 2 2 28 18 324 1787 1020
1214 2 2 28 18 600 1057 1440
1215 2 2 28 18 538 1033 1500
1216 2 2 28 18 423 1522 2566
1217 2 2 28 18 269 1605 1116
1218 2 2 28 18 571 1582 1008
1219 2 2 28 18 570 1584 1007
1220 2 2 28 18 569 1583 1010
1221 2 2 28 18 568 1585 1009
1222 2 2 28 18 348 1645 2703
1223 2 2 28 18 349 1646 2702
1224 2 2 28 18 350 1647 2705
1225 2 2 28 18 351 1648 2704
1226 2 2 28 18 240 2521 1021
1227 2 2 28 18 268 2231 1220
1228 2 2 28 18 1135 1409 2116
1229 2 2 28 18 467 2740 1039
1230 2 2 28 18 469 2741 1041
1231 2 2 28 18 273 970 1882
1232 2 2 28 18 533 1596 1029
1233 2 2 28 18 577 1566 1446
1234 2 2 28 18 167 1029 1596
1235 2 2 28 18 626 1398 1126
1236 2 2 28 18 625 1128 1397
1237 2 2 28 18 250 1575 1121
1238 2 2 28 18 252 1576 1123
1239 2 2 28 18 251 1577 1122
1240 2 2 28 18 253 1578 1124
1241 2 2 28 18 834 1299 1499
1242 2 2 28 18 727 2442 1460
1243 2 2 28 18 20 2292 971
1244 2 2 28 18 128 2291 972
1245 2 2 28 18 56 2290 973
1246 2 2 28 18 92 2289 974
1247 2 2 28 18 474 2304 3010
1248 2 2 28 18 475 3009 2299
1249 2 2 28 18 219 1845 2391
1250 2 2 28 18 333 1126 1398
1251 2 2 28 18 496 1031 1488
1252 2 2 28 18 332 1397 1128
1253 2 2 28 18 708 2429 1691
1254 2 2 28 18 1011 1293 2349
1255 2 2 28 18 1012 1294 2351
1256 2 2 28 18 1013 1295 2350
1257 2 2 28 18 2477 1672 201
1258 2 2 28 18 2478 203 1673
1259 2 2 28 18 444 1138 1381
1260 2 2 28 18 873 2573 2106
1261 2 2 28 18 592 1253 1349
1262 2 2 28 18 1547 2932 2227
1263 2 2 28 18 797 2125 1469
1264 2 2 28 18 796 2124 1468
1265 2 2 28 18 1014 2353 1296
1266 2 2 28 18 1015 2355 1297
1267 2 2 28 18 1016 2354 1298
1268 2 2 28 18 1205 1672 2477
1269 2 2 28 18 1206 2478 1673
1270 2 2 28 18 175 1450 2486
1271 2 2 28 18 735 1548 1679
1272 2 2 28 18 736 1549 1680
1273 2 2 28 18 737 1550 1681
1274 2 2 28 18 738 1551 1682
1275 2 2 28 18 253 1572 1202
1276 2 2 28 18 252 1574 1200
1277 2 2 28 18 251 1571 1201
1278 2 2 28 18 250 1573 1199
1279 2 2 28 18 918 2705 1647
1280 2 2 28 18 916 2703 1645
1281 2 2 28 18 917 2704 1648
1282 2 2 28 18 915 2702 1646
1283 2 2 28 18 1013 2486 1450
1284 2 2 28 18 670 1446 1566
1285 2 2 28 18 409 1052 2368
1286 2 2 28 18 179 2492 1454
1287 2 2 28 18 205 1884 1049
1288 2 2 28 18 502 1154 1789
1289 2 2 28 18 604 1049 1884
1290 2 2 28 18 1016 1454 2492
1291 2 2 28 18 306 1324 1933
1292 2 2 28 18 257 1087 1799
1293 2 2 28 18 1446 2971 2892
1294 2 2 28 18 352 1446 2892
1295 2 2 28 18 440 2776 988
1296 2 2 28 18 989 2882 1758
1297 2 2 28 18 603 1788 1466
1298 2 2 28 18 730 1476 2466
1299 2 2 28 18 470 2169 2775
1300 2 2 28 18 270 2720 1613
1301 2 2 28 18 498 2231 982
1302 2 2 28 18 442 1987 1209
1303 2 2 28 18 293 1695 1243
1304 2 2 28 18 294 1244 1694
1305 2 2 28 18 567 1613 1208
1306 2 2 28 18 418 1097 1674
1307 2 2 28 18 727 1321 1932
1308 2 2 28 18 401 2110 1216
1309 2 2 28 18 958 2578 2831
1310 2 2 28 18 545 1121 1575
1311 2 2 28 18 547 1123 1576
1312 2 2 28 18 546 1122 1577
1313 2 2 28 18 548 1124 1578
1314 2 2 28 18 187 1104 1457
1315 2 2 28 18 9 1225 88
1316 2 2 28 18 5 1226 52
1317 2 2 28 18 13 1227 124
1318 2 2 28 18 1 1228 160
1319 2 2 28 18 357 2349 1293
1320 2 2 28 18 359 2351 1294
1321 2 2 28 18 358 2350 1295
1322 2 2 28 18 482 1790 1245
1323 2 2 28 18 2863 857 2339
1324 2 2 28 18 361 1296 2353
1325 2 2 28 18 363 1297 2355
1326 2 2 28 18 362 1298 2354
1327 2 2 28 18 779 1448 2387
1328 2 2 28 18 95 1626 2078
1329 2 2 28 18 59 1627 2077
1330 2 2 28 18 131 1624 2076
1331 2 2 28 18 23 1625 2075
1332 2 2 28 18 773 1471 1918
1333 2 2 28 18 771 1470 1920
1334 2 2 28 18 552 1077 1670
1335 2 2 28 18 551 1078 1669
1336 2 2 28 18 550 1079 1668
1337 2 2 28 18 549 1080 1667
1338 2 2 28 18 301 1923 1261
1339 2 2 28 18 302 1926 1262
1340 2 2 28 18 303 1924 1263
1341 2 2 28 18 304 1925 1264
1342 2 2 28 18 606 1243 1695
1343 2 2 28 18 607 1694 1244
1344 2 2 28 18 1155 2462 1913
1345 2 2 28 18 475 2299 3004
1346 2 2 28 18 506 1971 1544
1347 2 2 28 18 517 1062 2436
1348 2 2 28 18 500 2186 1188
1349 2 2 28 18 474 3011 2304
1350 2 2 28 18 440 988 1757
1351 2 2 28 18 441 989 1758
1352 2 2 28 18 499 1189 2183
1353 2 2 28 18 1156 1914 2467
1354 2 2 28 18 533 1702 992
1355 2 2 28 18 629 2095 993
1356 2 2 28 18 630 2096 994
1357 2 2 28 18 628 2094 995
1358 2 2 28 18 778 1923 1484
1359 2 2 28 18 777 1926 1483
1360 2 2 28 18 892 1229 1674
1361 2 2 28 18 2697 661 1339
1362 2 2 28 18 713 1292 1802
1363 2 2 28 18 221 1487 1137
1364 2 2 28 18 583 1683 2439
1365 2 2 28 18 500 2190 2186
1366 2 2 28 18 566 1663 1116
1367 2 2 28 18 208 1670 1077
1368 2 2 28 18 206 1669 1078
1369 2 2 28 18 209 1668 1079
1370 2 2 28 18 207 1667 1080
1371 2 2 28 18 632 996 2098
1372 2 2 28 18 633 997 2099
1373 2 2 28 18 631 998 2097
1374 2 2 28 18 77 78 1252
1375 2 2 28 18 113 114 1251
1376 2 2 28 18 41 42 1250
1377 2 2 28 18 149 150 1249
1378 2 2 28 18 521 1457 1104
1379 2 2 28 18 556 1678 1081
1380 2 2 28 18 555 1677 1082
1381 2 2 28 18 554 1676 1083
1382 2 2 28 18 553 1675 1084
1383 2 2 28 18 97 98 1257
1384 2 2 28 18 61 62 1256
1385 2 2 28 18 133 134 1255
1386 2 2 28 18 25 26 1254
1387 2 2 28 18 610 1992 1050
1388 2 2 28 18 470 2775 1101
1389 2 2 28 18 499 2183 2191
1390 2 2 28 18 583 2439 1396
1391 2 2 28 18 1183 2759 1239
1392 2 2 28 18 308 2517 1268
1393 2 2 28 18 1513 2863 2339
1394 2 2 28 18 517 2255 1062
1395 2 2 28 18 520 2826 1400
1396 2 2 28 18 400 1425 2274
1397 2 2 28 18 479 1017 2893
1398 2 2 28 18 477 1018 2894
1399 2 2 28 18 529 1552 1235
1400 2 2 28 18 530 1553 1236
1401 2 2 28 18 531 1554 1237
1402 2 2 28 18 532 1555 1238
1403 2 2 28 18 212 1081 1678
1404 2 2 28 18 210 1082 1677
1405 2 2 28 18 213 1083 1676
1406 2 2 28 18 211 1084 1675
1407 2 2 28 18 730 1933 1324
1408 2 2 28 18 380 1116 1663
1409 2 2 28 18 869 2688 990
1410 2 2 28 18 173 2287 2591
1411 2 2 28 18 528 2170 1664
1412 2 2 28 18 507 987 1995
1413 2 2 28 18 381 1741 1027
1414 2 2 28 18 1034 2909 1616
1415 2 2 28 18 189 1456 1101
1416 2 2 28 18 533 1020 1596
1417 2 2 28 18 265 2631 1359
1418 2 2 28 18 496 1570 1031
1419 2 2 28 18 534 1137 1487
1420 2 2 28 18 163 1118 1474
1421 2 2 28 18 518 1117 2538
1422 2 2 28 18 2584 987 507
1423 2 2 28 18 902 1224 2059
1424 2 2 28 18 958 2831 1781
1425 2 2 28 18 819 2143 1482
1426 2 2 28 18 353 1240 2381
1427 2 2 28 18 427 1278 2637
1428 2 2 28 18 168 1219 2048
1429 2 2 28 18 310 1269 2531
1430 2 2 28 18 169 2051 1221
1431 2 2 28 18 795 2807 2440
1432 2 2 28 18 699 1300 1504
1433 2 2 28 18 698 1501 1303
1434 2 2 28 18 400 1521 1051
1435 2 2 28 18 694 1261 1923
1436 2 2 28 18 696 1262 1926
1437 2 2 28 18 695 1263 1924
1438 2 2 28 18 697 1264 1925
1439 2 2 28 18 490 1274 2287
1440 2 2 28 18 345 1055 3015
1441 2 2 28 18 856 1880 2591
1442 2 2 28 18 505 2778 1102
1443 2 2 28 18 506 1103 2777
1444 2 2 28 18 402 1179 1642
1445 2 2 28 18 406 1638 1175
1446 2 2 28 18 505 1543 2012
1447 2 2 28 18 502 1789 1248
1448 2 2 28 18 616 1624 1610
1449 2 2 28 18 617 1627 1611
1450 2 2 28 18 618 1626 1612
1451 2 2 28 18 612 1607 1621
1452 2 2 28 18 613 1608 1622
1453 2 2 28 18 614 1609 1623
1454 2 2 28 18 269 2206 1017
1455 2 2 28 18 2765 869 990
1456 2 2 28 18 578 1486 1980
1457 2 2 28 18 620 1408 1277
1458 2 2 28 18 619 1276 1410
1459 2 2 28 18 145 2426 1393
1460 2 2 28 18 37 2425 1392
1461 2 2 28 18 109 2424 1395
1462 2 2 28 18 73 2423 1394
1463 2 2 28 18 819 1482 1304
1464 2 2 28 18 754 1610 1624
1465 2 2 28 18 755 1611 1627
1466 2 2 28 18 753 1612 1626
1467 2 2 28 18 750 1621 1607
1468 2 2 28 18 751 1622 1608
1469 2 2 28 18 752 1623 1609
1470 2 2 28 18 565 1671 1850
1471 2 2 28 18 476 1214 1795
1472 2 2 28 18 856 2287 1274
1473 2 2 28 18 838 2197 2522
1474 2 2 28 18 626 1561 1398
1475 2 2 28 18 625 1397 1560
1476 2 2 28 18 561 1503 1087
1477 2 2 28 18 421 2532 1053
1478 2 2 28 18 338 2454 1073
1479 2 2 28 18 337 2453 1074
1480 2 2 28 18 628 1438 1143
1481 2 2 28 18 629 1437 1144
1482 2 2 28 18 630 1439 1145
1483 2 2 28 18 1038 1700 2916
1484 2 2 28 18 428 1035 2302
1485 2 2 28 18 430 1036 2301
1486 2 2 28 18 431 1037 2300
1487 2 2 28 18 847 1879 1884
1488 2 2 28 18 647 1078 2117
1489 2 2 28 18 648 1079 2118
1490 2 2 28 18 649 1080 2119
1491 2 2 28 18 691 2070 1392
1492 2 2 28 18 689 2071 1394
1493 2 2 28 18 650 2121 1082
1494 2 2 28 18 652 2122 1083
1495 2 2 28 18 653 2123 1084
1496 2 2 28 18 299 1918 1471
1497 2 2 28 18 297 1920 1470
1498 2 2 28 18 533 1778 1020
1499 2 2 28 18 318 1180 2393
1500 2 2 28 18 681 1004 2701
1501 2 2 28 18 418 1502 1097
1502 2 2 28 18 526 1474 1118
1503 2 2 28 18 658 1017 2206
1504 2 2 28 18 631 1146 1443
1505 2 2 28 18 632 1147 1445
1506 2 2 28 18 633 1148 1444
1507 2 2 28 18 820 1356 2073
1508 2 2 28 18 1162 1442 2049
1509 2 2 28 18 414 1224 1864
1510 2 2 28 18 757 1074 2453
1511 2 2 28 18 758 1073 2454
1512 2 2 28 18 1035 1977 2722
1513 2 2 28 18 1037 1978 2723
1514 2 2 28 18 533 1029 1702
1515 2 2 28 18 1180 1641 2647
1516 2 2 28 18 1178 1643 2649
1517 2 2 28 18 1177 1644 2648
1518 2 2 28 18 521 1086 1539
1519 2 2 28 18 827 1789 2100
1520 2 2 28 18 1176 2644 1637
1521 2 2 28 18 1174 2646 1639
1522 2 2 28 18 1173 2645 1640
1523 2 2 28 18 521 1104 1492
1524 2 2 28 18 425 1167 2465
1525 2 2 28 18 433 2308 1039
1526 2 2 28 18 436 2307 1040
1527 2 2 28 18 435 2306 1041
1528 2 2 28 18 529 1235 1687
1529 2 2 28 18 530 1236 1688
1530 2 2 28 18 532 1238 1690
1531 2 2 28 18 531 1237 1689
1532 2 2 28 18 818 2393 1180
1533 2 2 28 18 231 2617 1857
1534 2 2 28 18 301 1484 1923
1535 2 2 28 18 302 1483 1926
1536 2 2 28 18 1529 2158 2684
1537 2 2 28 18 1531 2160 2685
1538 2 2 28 18 1530 2159 2686
1539 2 2 28 18 1532 2161 2687
1540 2 2 28 18 485 1270 1780
1541 2 2 28 18 1428 178 2315
1542 2 2 28 18 162 1658 1042
1543 2 2 28 18 328 2073 1356
1544 2 2 28 18 174 1427 2316
1545 2 2 28 18 360 1633 2261
1546 2 2 28 18 563 1398 1561
1547 2 2 28 18 562 1560 1397
1548 2 2 28 18 2607 1524 1769
1549 2 2 28 18 249 2169 1019
1550 2 2 28 18 1601 2718 2281
1551 2 2 28 18 684 2726 1005
1552 2 2 28 18 2608 1770 1523
1553 2 2 28 18 318 1551 1180
1554 2 2 28 18 827 1248 1789
1555 2 2 28 18 876 1432 1664
1556 2 2 28 18 1039 2740 1988
1557 2 2 28 18 1041 2741 1989
1558 2 2 28 18 1142 2690 1734
1559 2 2 28 18 1141 2689 1733
1560 2 2 28 18 742 1616 1917
1561 2 2 28 18 273 1051 2093
1562 2 2 28 18 221 1137 1466
1563 2 2 28 18 401 2647 1641
1564 2 2 28 18 403 2649 1643
1565 2 2 28 18 404 2648 1644
1566 2 2 28 18 405 1637 2644
1567 2 2 28 18 407 1639 2646
1568 2 2 28 18 408 1640 2645
1569 2 2 28 18 419 1135 1995
1570 2 2 28 18 226 1182 1936
1571 2 2 28 18 227 1935 1181
1572 2 2 28 18 646 2185 1024
1573 2 2 28 18 360 1024 2185
1574 2 2 28 18 269 1017 1754
1575 2 2 28 18 923 1824 2104
1576 2 2 28 18 364 2188 1025
1577 2 2 28 18 651 1025 2188
1578 2 2 28 18 235 1869 2633
1579 2 2 28 18 2490 178 1428
1580 2 2 28 18 2484 1427 174
1581 2 2 28 18 274 1539 1086
1582 2 2 28 18 447 1054 2459
1583 2 2 28 18 338 1073 2556
1584 2 2 28 18 337 1074 2557
1585 2 2 28 18 189 2080 1071
1586 2 2 28 18 982 2935 1161
1587 2 2 28 18 2690 805 1734
1588 2 2 28 18 2689 804 1733
1589 2 2 28 18 580 1749 1128
1590 2 2 28 18 332 1128 1749
1591 2 2 28 18 329 1740 1149
1592 2 2 28 18 1085 3008 2998
1593 2 2 28 18 625 1279 1385
1594 2 2 28 18 626 1386 1280
1595 2 2 28 18 402 2585 1179
1596 2 2 28 18 406 1175 2586
1597 2 2 28 18 981 2807 1406
1598 2 2 28 18 483 1902 1672
1599 2 2 28 18 484 1673 1903
1600 2 2 28 18 1482 1596 2782
1601 2 2 28 18 268 1467 2231
1602 2 2 28 18 646 1024 2217
1603 2 2 28 18 450 2469 1063
1604 2 2 28 18 651 2218 1025
1605 2 2 28 18 422 2565 1073
1606 2 2 28 18 423 2566 1074
1607 2 2 28 18 482 1245 1401
1608 2 2 28 18 168 2842 1284
1609 2 2 28 18 171 1211 1844
1610 2 2 28 18 639 1524 2607
1611 2 2 28 18 178 2490 1506
1612 2 2 28 18 579 1786 1031
1613 2 2 28 18 529 1309 1552
1614 2 2 28 18 530 1308 1553
1615 2 2 28 18 531 1311 1554
1616 2 2 28 18 532 1310 1555
1617 2 2 28 18 842 1775 2161
1618 2 2 28 18 840 1773 2160
1619 2 2 28 18 841 1774 2159
1620 2 2 28 18 839 1772 2158
1621 2 2 28 18 638 1844 1211
1622 2 2 28 18 174 1505 2484
1623 2 2 28 18 640 2608 1523
1624 2 2 28 18 169 1289 2844
1625 2 2 28 18 768 2319 2395
1626 2 2 28 18 1011 2484 1505
1627 2 2 28 18 1014 1506 2490
1628 2 2 28 18 482 1356 1790
1629 2 2 28 18 669 1760 1835
1630 2 2 28 18 829 2228 1272
1631 2 2 28 18 1088 1383 2131
1632 2 2 28 18 602 1360 1569
1633 2 2 28 18 601 1567 1361
1634 2 2 28 18 324 1020 1778
1635 2 2 28 18 308 1994 1420
1636 2 2 28 18 307 1993 1419
1637 2 2 28 18 538 2326 1033
1638 2 2 28 18 520 1027 1741
1639 2 2 28 18 491 1449 2187
1640 2 2 28 18 658 2243 1017
1641 2 2 28 18 1152 1737 2728
1642 2 2 28 18 1153 1736 2727
1643 2 2 28 18 518 2538 2691
1644 2 2 28 18 553 1177 1548
1645 2 2 28 18 554 1178 1549
1646 2 2 28 18 555 1179 1550
1647 2 2 28 18 556 1180 1551
1648 2 2 28 18 817 1601 2281
1649 2 2 28 18 1049 1628 2004
1650 2 2 28 18 80 81 2057
1651 2 2 28 18 116 117 2056
1652 2 2 28 18 44 45 2055
1653 2 2 28 18 152 153 2054
1654 2 2 28 18 635 2457 1389
1655 2 2 28 18 636 1388 2458
1656 2 2 28 18 458 1034 1616
1657 2 2 28 18 1284 2842 2269
1658 2 2 28 18 1027 1400 2960
1659 2 2 28 18 382 2108 1023
1660 2 2 28 18 371 1058 2344
1661 2 2 28 18 369 1059 2342
1662 2 2 28 18 370 1060 2345
1663 2 2 28 18 368 1061 2343
1664 2 2 28 18 1215 2929 1507
1665 2 2 28 18 383 1581 1087
1666 2 2 28 18 401 1216 2647
1667 2 2 28 18 537 1569 1360
1668 2 2 28 18 1289 2271 2844
1669 2 2 28 18 536 1361 1567
1670 2 2 28 18 542 1996 1024
1671 2 2 28 18 577 1275 1566
1672 2 2 28 18 549 1556 1173
1673 2 2 28 18 550 1557 1174
1674 2 2 28 18 551 1558 1175
1675 2 2 28 18 552 1559 1176
1676 2 2 28 18 705 2422 1054
1677 2 2 28 18 905 2409 2135
1678 2 2 28 18 1047 1432 2526
1679 2 2 28 18 189 1334 1456
1680 2 2 28 18 490 1424 1242
1681 2 2 28 18 805 1420 1994
1682 2 2 28 18 804 1419 1993
1683 2 2 28 18 2728 1737 825
1684 2 2 28 18 2727 1736 824
1685 2 2 28 18 543 1025 1997
1686 2 2 28 18 668 1701 1140
1687 2 2 28 18 1046 1282 2242
1688 2 2 28 18 507 2368 1052
1689 2 2 28 18 395 1478 1157
1690 2 2 28 18 396 1479 1158
1691 2 2 28 18 397 1480 1159
1692 2 2 28 18 398 1481 1160
1693 2 2 28 18 189 1101 2080
1694 2 2 28 18 418 1674 1229
1695 2 2 28 18 309 1430 2010
1696 2 2 28 18 310 1429 2011
1697 2 2 28 18 442 1739 2970
1698 2 2 28 18 1042 2992 1762
1699 2 2 28 18 316 2024 1680
1700 2 2 28 18 317 2023 1681
1701 2 2 28 18 457 1332 1391
1702 2 2 28 18 456 1390 1333
1703 2 2 28 18 239 1242 2975
1704 2 2 28 18 187 1566 1275
1705 2 2 28 18 1389 2457 1796
1706 2 2 28 18 1388 1797 2458
1707 2 2 28 18 1026 2958 1411
1708 2 2 28 18 708 1063 2429
1709 2 2 28 18 179 1372 2492
1710 2 2 28 18 175 2486 1371
1711 2 2 28 18 578 1456 1334
1712 2 2 28 18 315 2019 1679
1713 2 2 28 18 256 2216 1032
1714 2 2 28 18 967 2975 1242
1715 2 2 28 18 400 2436 1062
1716 2 2 28 18 929 2408 1854
1717 2 2 28 18 389 1967 1263
1718 2 2 28 18 391 1969 1264
1719 2 2 28 18 392 1968 1262
1720 2 2 28 18 390 1966 1261
1721 2 2 28 18 888 2009 2586
1722 2 2 28 18 583 1218 1723
1723 2 2 28 18 889 2585 2008
1724 2 2 28 18 604 1696 1049
1725 2 2 28 18 900 1278 2524
1726 2 2 28 18 420 1824 1211
1727 2 2 28 18 409 2368 2623
1728 2 2 28 18 538 1051 2326
1729 2 2 28 18 902 2059 2509
1730 2 2 28 18 342 2409 1422
1731 2 2 28 18 486 1972 1023
1732 2 2 28 18 375 1070 1628
1733 2 2 28 18 223 2524 1278
1734 2 2 28 18 825 2010 1430
1735 2 2 28 18 824 2011 1429
1736 2 2 28 18 332 1723 1218
1737 2 2 28 18 882 2681 1199
1738 2 2 28 18 880 2679 1200
1739 2 2 28 18 881 2680 1201
1740 2 2 28 18 879 2678 1202
1741 2 2 28 18 1392 2070 2990
1742 2 2 28 18 1394 2071 2988
1743 2 2 28 18 238 1229 2618
1744 2 2 28 18 1069 2233 1810
1745 2 2 28 18 1068 2232 1811
1746 2 2 28 18 167 2018 1029
1747 2 2 28 18 860 1582 2899
1748 2 2 28 18 588 1064 1927
1749 2 2 28 18 589 1065 1928
1750 2 2 28 18 590 1066 1929
1751 2 2 28 18 591 1067 1930
1752 2 2 28 18 892 2618 1229
1753 2 2 28 18 672 1916 2320
1754 2 2 28 18 671 2321 1915
1755 2 2 28 18 438 1568 2360
1756 2 2 28 18 836 1391 1332
1757 2 2 28 18 837 1333 1390
1758 2 2 28 18 372 1604 1875
1759 2 2 28 18 438 2848 1568
1760 2 2 28 18 900 2637 1278
1761 2 2 28 18 248 2960 1400
1762 2 2 28 18 527 1119 1901
1763 2 2 28 18 1001 2085 1812
1764 2 2 28 18 273 2326 1051
1765 2 2 28 18 346 2885 1162
1766 2 2 28 18 520 1267 2826
1767 2 2 28 18 329 1149 1519
1768 2 2 28 18 838 2522 1814
1769 2 2 28 18 640 1206 2608
1770 2 2 28 18 466 1700 1038
1771 2 2 28 18 639 2607 1205
1772 2 2 28 18 495 1469 2125
1773 2 2 28 18 494 1468 2124
1774 2 2 28 18 678 1216 2110
1775 2 2 28 18 873 1875 1604
1776 2 2 28 18 221 1216 1487
1777 2 2 28 18 470 1239 2759
1778 2 2 28 18 986 2382 2249
1779 2 2 28 18 966 2392 2454
1780 2 2 28 18 965 2391 2453
1781 2 2 28 18 241 2934 1168
1782 2 2 28 18 762 1357 1767
1783 2 2 28 18 230 1977 1035
1784 2 2 28 18 229 1978 1037
1785 2 2 28 18 452 1199 2681
1786 2 2 28 18 453 1200 2679
1787 2 2 28 18 454 1201 2680
1788 2 2 28 18 455 1202 2678
1789 2 2 28 18 844 1319 1462
1790 2 2 28 18 886 2104 2168
1791 2 2 28 18 647 2136 1107
1792 2 2 28 18 648 2137 1108
1793 2 2 28 18 649 2138 1109
1794 2 2 28 18 568 1129 2278
1795 2 2 28 18 569 1131 2277
1796 2 2 28 18 570 1130 2276
1797 2 2 28 18 571 1132 2275
1798 2 2 28 18 1140 2658 1742
1799 2 2 28 18 534 1564 1137
1800 2 2 28 18 498 2394 2998
1801 2 2 28 18 2658 536 1742
1802 2 2 28 18 374 2421 1026
1803 2 2 28 18 255 1204 3008
1804 2 2 28 18 369 2036 1059
1805 2 2 28 18 368 2039 1061
1806 2 2 28 18 371 2037 1058
1807 2 2 28 18 370 2038 1060
1808 2 2 28 18 966 1417 2281
1809 2 2 28 18 965 1416 2280
1810 2 2 28 18 598 1029 2018
1811 2 2 28 18 305 2333 2346
1812 2 2 28 18 2233 622 1810
1813 2 2 28 18 2232 621 1811
1814 2 2 28 18 481 2282 1384
1815 2 2 28 18 306 2352 2347
1816 2 2 28 18 981 1272 2228
1817 2 2 28 18 723 1667 1865
1818 2 2 28 18 725 1668 1866
1819 2 2 28 18 724 1669 1867
1820 2 2 28 18 726 1670 1868
1821 2 2 28 18 438 2360 1045
1822 2 2 28 18 1187 2310 1863
1823 2 2 28 18 1186 2311 1862
1824 2 2 28 18 1185 2312 1861
1825 2 2 28 18 1184 2313 1860
1826 2 2 28 18 179 2082 1372
1827 2 2 28 18 246 1411 2958
1828 2 2 28 18 1619 2848 2641
1829 2 2 28 18 2626 2083 642
1830 2 2 28 18 175 1371 2083
1831 2 2 28 18 846 1461 1320
1832 2 2 28 18 609 1854 2408
1833 2 2 28 18 2959 1755 567
1834 2 2 28 18 381 1027 2419
1835 2 2 28 18 67 1999 1196
1836 2 2 28 18 103 1998 1195
1837 2 2 28 18 31 2001 1198
1838 2 2 28 18 139 2000 1197
1839 2 2 28 18 234 1039 1988
1840 2 2 28 18 233 1041 1989
1841 2 2 28 18 767 2090 1725
1842 2 2 28 18 417 2014 2635
1843 2 2 28 18 2627 641 2082
1844 2 2 28 18 347 2752 2548
1845 2 2 28 18 556 1641 1180
1846 2 2 28 18 555 1642 1179
1847 2 2 28 18 554 1643 1178
1848 2 2 28 18 553 1644 1177
1849 2 2 28 18 731 1850 1671
1850 2 2 28 18 552 1176 1637
1851 2 2 28 18 551 1175 1638
1852 2 2 28 18 550 1174 1639
1853 2 2 28 18 549 1173 1640
1854 2 2 28 18 462 2202 1033
1855 2 2 28 18 991 2841 1852
1856 2 2 28 18 650 1112 2139
1857 2 2 28 18 652 1113 2140
1858 2 2 28 18 653 1111 2141
1859 2 2 28 18 740 2443 1426
1860 2 2 28 18 740 1142 2432
1861 2 2 28 18 733 2434 1133
1862 2 2 28 18 567 1208 1659
1863 2 2 28 18 103 1195 2224
1864 2 2 28 18 67 1196 2223
1865 2 2 28 18 139 1197 2222
1866 2 2 28 18 31 1198 2221
1867 2 2 28 18 624 1812 2085
1868 2 2 28 18 485 1043 2014
1869 2 2 28 18 170 1133 2434
1870 2 2 28 18 765 1268 1450
1871 2 2 28 18 180 1307 2491
1872 2 2 28 18 415 1283 1492
1873 2 2 28 18 373 1659 1208
1874 2 2 28 18 176 2485 1306
1875 2 2 28 18 1132 1815 2275
1876 2 2 28 18 416 1564 2806
1877 2 2 28 18 612 1059 2036
1878 2 2 28 18 614 1061 2039
1879 2 2 28 18 613 1060 2038
1880 2 2 28 18 611 1058 2037
1881 2 2 28 18 94 95 2078
1882 2 2 28 18 58 59 2077
1883 2 2 28 18 130 131 2076
1884 2 2 28 18 22 23 2075
1885 2 2 28 18 276 1107 2136
1886 2 2 28 18 277 1108 2137
1887 2 2 28 18 278 1109 2138
1888 2 2 28 18 757 2968 1074
1889 2 2 28 18 271 1767 1357
1890 2 2 28 18 812 2586 1175
1891 2 2 28 18 816 1179 2585
1892 2 2 28 18 505 1150 1543
1893 2 2 28 18 506 1544 1151
1894 2 2 28 18 873 2107 2434
1895 2 2 28 18 1219 1755 2959
1896 2 2 28 18 886 1492 1283
1897 2 2 28 18 502 1525 1154
1898 2 2 28 18 714 1222 2540
1899 2 2 28 18 1350 2438 2651
1900 2 2 28 18 543 1045 2047
1901 2 2 28 18 240 1223 1491
1902 2 2 28 18 769 1454 1269
1903 2 2 28 18 167 1482 2143
1904 2 2 28 18 598 1985 1029
1905 2 2 28 18 2508 1733 373
1906 2 2 28 18 409 2295 1052
1907 2 2 28 18 182 1750 1129
1908 2 2 28 18 183 1751 1130
1909 2 2 28 18 184 1752 1131
1910 2 2 28 18 185 1753 1132
1911 2 2 28 18 218 1904 1138
1912 2 2 28 18 511 1674 1097
1913 2 2 28 18 1136 2806 1564
1914 2 2 28 18 513 1182 1541
1915 2 2 28 18 514 1542 1181
1916 2 2 28 18 187 1052 2298
1917 2 2 28 18 393 2803 2639
1918 2 2 28 18 280 2139 1112
1919 2 2 28 18 281 2140 1113
1920 2 2 28 18 282 2141 1111
1921 2 2 28 18 394 2640 2805
1922 2 2 28 18 535 2700 1165
1923 2 2 28 18 176 1277 2507
1924 2 2 28 18 908 2220 1894
1925 2 2 28 18 707 1695 1842
1926 2 2 28 18 706 1843 1694
1927 2 2 28 18 602 2317 1163
1928 2 2 28 18 601 1164 2318
1929 2 2 28 18 180 2510 1276
1930 2 2 28 18 497 1149 1740
1931 2 2 28 18 892 1674 2473
1932 2 2 28 18 1004 1489 2701
1933 2 2 28 18 2150 2966 754
1934 2 2 28 18 2149 2967 755
1935 2 2 28 18 2148 2965 753
1936 2 2 28 18 864 2787 1788
1937 2 2 28 18 302 1068 2779
1938 2 2 28 18 301 1069 2780
1939 2 2 28 18 1267 2143 2826
1940 2 2 28 18 163 1684 1118
1941 2 2 28 18 164 1119 1683
1942 2 2 28 18 180 2544 1307
1943 2 2 28 18 740 1426 2515
1944 2 2 28 18 578 1338 1486
1945 2 2 28 18 176 1306 2545
1946 2 2 28 18 1777 2830 2212
1947 2 2 28 18 2966 1610 754
1948 2 2 28 18 2967 1611 755
1949 2 2 28 18 2965 1612 753
1950 2 2 28 18 205 1049 2004
1951 2 2 28 18 190 1047 2028
1952 2 2 28 18 668 1140 2105
1953 2 2 28 18 1141 1733 2508
1954 2 2 28 18 2145 752 2961
1955 2 2 28 18 2147 751 2963
1956 2 2 28 18 2146 750 2962
1957 2 2 28 18 322 2105 1140
1958 2 2 28 18 203 1301 1567
1959 2 2 28 18 201 1569 1302
1960 2 2 28 18 822 2730 1541
1961 2 2 28 18 823 1542 2725
1962 2 2 28 18 519 1411 1732
1963 2 2 28 18 537 1360 2838
1964 2 2 28 18 260 2852 1184
1965 2 2 28 18 261 2853 1185
1966 2 2 28 18 258 2850 1186
1967 2 2 28 18 259 2851 1187
1968 2 2 28 18 615 2040 1089
1969 2 2 28 18 616 2041 1090
1970 2 2 28 18 617 2042 1091
1971 2 2 28 18 618 2043 1092
1972 2 2 28 18 463 2237 1057
1973 2 2 28 18 2961 752 1609
1974 2 2 28 18 2963 751 1608
1975 2 2 28 18 2962 750 1607
1976 2 2 28 18 1292 2327 1802
1977 2 2 28 18 448 1100 2476
1978 2 2 28 18 1005 2726 1490
1979 2 2 28 18 374 2432 1142
1980 2 2 28 18 975 1415 2365
1981 2 2 28 18 682 2383 1979
1982 2 2 28 18 409 1207 2295
1983 2 2 28 18 908 1894 2683
1984 2 2 28 18 608 1138 1904
1985 2 2 28 18 719 1281 2107
1986 2 2 28 18 346 1486 1338
1987 2 2 28 18 606 1327 1672
1988 2 2 28 18 1167 2931 2465
1989 2 2 28 18 607 1673 1331
1990 2 2 28 18 537 2838 2857
1991 2 2 28 18 504 1212 1528
1992 2 2 28 18 503 1527 1213
1993 2 2 28 18 262 1322 1540
1994 2 2 28 18 451 2483 1105
1995 2 2 28 18 575 1784 1413
1996 2 2 28 18 170 2107 1281
1997 2 2 28 18 872 2636 1332
1998 2 2 28 18 2457 635 2016
1999 2 2 28 18 587 2182 1070
2000 2 2 28 18 196 1660 1343
2001 2 2 28 18 2458 2017 636
2002 2 2 28 18 1120 2471 1759
2003 2 2 28 18 226 1057 2192
2004 2 2 28 18 873 1604 2573
2005 2 2 28 18 871 1333 2638
2006 2 2 28 18 838 1814 1980
2007 2 2 28 18 714 1540 1793
2008 2 2 28 18 878 1777 2212
2009 2 2 28 18 460 1036 1857
2010 2 2 28 18 728 2295 1207
2011 2 2 28 18 897 1337 2437
2012 2 2 28 18 588 1906 1064
2013 2 2 28 18 589 1907 1065
2014 2 2 28 18 590 1908 1066
2015 2 2 28 18 591 1909 1067
2016 2 2 28 18 189 1071 2294
2017 2 2 28 18 201 1672 1327
2018 2 2 28 18 604 1884 1879
2019 2 2 28 18 203 1331 1673
2020 2 2 28 18 1213 2083 2626
2021 2 2 28 18 826 1543 2242
2022 2 2 28 18 500 1098 2898
2023 2 2 28 18 1212 2627 2082
2024 2 2 28 18 188 1805 2255
2025 2 2 28 18 499 2900 1099
2026 2 2 28 18 716 1238 1555
2027 2 2 28 18 715 1236 1553
2028 2 2 28 18 718 1237 1554
2029 2 2 28 18 717 1235 1552
2030 2 2 28 18 742 1917 1931
2031 2 2 28 18 579 1540 1322
2032 2 2 28 18 331 1299 2512
2033 2 2 28 18 940 1855 2494
2034 2 2 28 18 939 2493 1856
2035 2 2 28 18 815 2365 1415
2036 2 2 28 18 538 1500 1281
2037 2 2 28 18 826 2242 1282
2038 2 2 28 18 596 1093 2021
2039 2 2 28 18 594 1095 2020
2040 2 2 28 18 208 1077 2175
2041 2 2 28 18 206 1078 2174
2042 2 2 28 18 209 1079 2177
2043 2 2 28 18 207 1080 2176
2044 2 2 28 18 739 2476 1100
2045 2 2 28 18 468 1869 1040
2046 2 2 28 18 1719 2698 2365
2047 2 2 28 18 2471 161 1759
2048 2 2 28 18 892 2473 2635
2049 2 2 28 18 420 2395 1086
2050 2 2 28 18 733 1133 1782
2051 2 2 28 18 199 1353 1421
2052 2 2 28 18 1062 2255 1805
2053 2 2 28 18 713 2249 2382
2054 2 2 28 18 311 2684 2158
2055 2 2 28 18 313 2685 2160
2056 2 2 28 18 312 2686 2159
2057 2 2 28 18 314 2687 2161
2058 2 2 28 18 660 2724 1853
2059 2 2 28 18 375 1042 2079
2060 2 2 28 18 257 1537 1291
2061 2 2 28 18 539 1467 2654
2062 2 2 28 18 745 1105 2483
2063 2 2 28 18 182 1129 1772
2064 2 2 28 18 183 1130 1774
2065 2 2 28 18 184 1131 1773
2066 2 2 28 18 185 1132 1775
2067 2 2 28 18 238 1780 2134
2068 2 2 28 18 1485 2481 2762
2069 2 2 28 18 1472 2044 2913
2070 2 2 28 18 1043 2635 2014
2071 2 2 28 18 559 1421 1353
2072 2 2 28 18 1021 2521 1323
2073 2 2 28 18 1150 2457 2016
2074 2 2 28 18 925 2641 2568
2075 2 2 28 18 1151 2017 2458
2076 2 2 28 18 600 2192 1057
2077 2 2 28 18 496 1759 1570
2078 2 2 28 18 255 1760 1710
2079 2 2 28 18 843 1139 2711
2080 2 2 28 18 597 1094 2025
2081 2 2 28 18 382 1876 2522
2082 2 2 28 18 557 2987 2761
2083 2 2 28 18 573 1130 1751
2084 2 2 28 18 574 1131 1752
2085 2 2 28 18 575 1132 1753
2086 2 2 28 18 815 1719 2365
2087 2 2 28 18 646 2175 1077
2088 2 2 28 18 647 2174 1078
2089 2 2 28 18 648 2177 1079
2090 2 2 28 18 649 2176 1080
2091 2 2 28 18 897 2437 2495
2092 2 2 28 18 536 2364 1361
2093 2 2 28 18 595 1096 2026
2094 2 2 28 18 545 2574 1121
2095 2 2 28 18 546 2575 1122
2096 2 2 28 18 547 2576 1123
2097 2 2 28 18 548 2577 1124
2098 2 2 28 18 735 1953 1675
2099 2 2 28 18 736 1952 1676
2100 2 2 28 18 737 1951 1677
2101 2 2 28 18 738 1950 1678
2102 2 2 28 18 581 1125 1825
2103 2 2 28 18 728 2348 2298
2104 2 2 28 18 834 1499 2537
2105 2 2 28 18 212 2199 1081
2106 2 2 28 18 210 2198 1082
2107 2 2 28 18 213 2201 1083
2108 2 2 28 18 211 2200 1084
2109 2 2 28 18 611 2054 1058
2110 2 2 28 18 612 2055 1059
2111 2 2 28 18 613 2056 1060
2112 2 2 28 18 614 2057 1061
2113 2 2 28 18 836 2204 1391
2114 2 2 28 18 863 1585 2513
2115 2 2 28 18 837 1390 2203
2116 2 2 28 18 391 1264 2402
2117 2 2 28 18 389 1263 2400
2118 2 2 28 18 392 1262 2401
2119 2 2 28 18 390 1261 2399
2120 2 2 28 18 808 2274 1425
2121 2 2 28 18 375 2079 1070
2122 2 2 28 18 386 2021 1093
2123 2 2 28 18 388 2020 1095
2124 2 2 28 18 776 1463 2708
2125 2 2 28 18 775 1464 2707
2126 2 2 28 18 817 2281 1417
2127 2 2 28 18 816 2280 1416
2128 2 2 28 18 782 1680 2024
2129 2 2 28 18 783 1681 2023
2130 2 2 28 18 427 2516 1278
2131 2 2 28 18 478 1508 1285
2132 2 2 28 18 477 1510 1286
2133 2 2 28 18 480 1509 1287
2134 2 2 28 18 479 1511 1288
2135 2 2 28 18 513 1320 1461
2136 2 2 28 18 514 1462 1319
2137 2 2 28 18 781 1679 2019
2138 2 2 28 18 1139 2524 2711
2139 2 2 28 18 257 2115 1087
2140 2 2 28 18 512 1304 1482
2141 2 2 28 18 487 1321 1460
2142 2 2 28 18 82 83 1653
2143 2 2 28 18 118 119 1652
2144 2 2 28 18 46 47 1651
2145 2 2 28 18 154 155 1650
2146 2 2 28 18 488 1419 1435
2147 2 2 28 18 489 1420 1436
2148 2 2 28 18 804 1435 1419
2149 2 2 28 18 805 1436 1420
2150 2 2 28 18 949 1840 1992
2151 2 2 28 18 352 2089 1727
2152 2 2 28 18 600 1440 1523
2153 2 2 28 18 328 1485 2762
2154 2 2 28 18 199 1421 1722
2155 2 2 28 18 170 1281 1500
2156 2 2 28 18 322 1523 1440
2157 2 2 28 18 223 2711 2524
2158 2 2 28 18 942 1874 2260
2159 2 2 28 18 365 2701 1489
2160 2 2 28 18 646 2217 1106
2161 2 2 28 18 191 2203 1390
2162 2 2 28 18 192 1391 2204
2163 2 2 28 18 169 2744 2051
2164 2 2 28 18 264 1685 1326
2165 2 2 28 18 651 1081 2199
2166 2 2 28 18 650 1082 2198
2167 2 2 28 18 652 1083 2201
2168 2 2 28 18 653 1084 2200
2169 2 2 28 18 21 1089 2292
2170 2 2 28 18 129 1090 2291
2171 2 2 28 18 57 1091 2290
2172 2 2 28 18 93 1092 2289
2173 2 2 28 18 509 1513 2339
2174 2 2 28 18 385 2025 1094
2175 2 2 28 18 168 2048 2742
2176 2 2 28 18 925 1619 2641
2177 2 2 28 18 387 2026 1096
2178 2 2 28 18 272 1992 1840
2179 2 2 28 18 818 2647 1216
2180 2 2 28 18 651 1114 2218
2181 2 2 28 18 295 2266 1541
2182 2 2 28 18 740 1890 1142
2183 2 2 28 18 728 1222 2348
2184 2 2 28 18 296 1542 2268
2185 2 2 28 18 293 1243 1594
2186 2 2 28 18 294 1595 1244
2187 2 2 28 18 302 2232 1068
2188 2 2 28 18 301 2233 1069
2189 2 2 28 18 388 1095 1929
2190 2 2 28 18 386 1093 1927
2191 2 2 28 18 387 1096 1930
2192 2 2 28 18 385 1094 1928
2193 2 2 28 18 720 2346 1100
2194 2 2 28 18 374 1142 1734
2195 2 2 28 18 521 2168 1086
2196 2 2 28 18 90 1238 2254
2197 2 2 28 18 54 1237 2253
2198 2 2 28 18 126 1236 2252
2199 2 2 28 18 18 1235 2251
2200 2 2 28 18 1140 1701 2658
2201 2 2 28 18 521 1492 2168
2202 2 2 28 18 367 1490 2726
2203 2 2 28 18 561 1087 2115
2204 2 2 28 18 538 1281 1724
2205 2 2 28 18 491 1476 1324
2206 2 2 28 18 275 1106 2217
2207 2 2 28 18 442 2970 1120
2208 2 2 28 18 258 1862 1093
2209 2 2 28 18 259 1863 1094
2210 2 2 28 18 260 1860 1095
2211 2 2 28 18 261 1861 1096
2212 2 2 28 18 415 2348 1222
2213 2 2 28 18 861 1584 2556
2214 2 2 28 18 862 1583 2557
2215 2 2 28 18 608 1904 1662
2216 2 2 28 18 853 1662 1904
2217 2 2 28 18 343 1258 1836
2218 2 2 28 18 722 1105 2352
2219 2 2 28 18 344 1739 2433
2220 2 2 28 18 622 1261 1966
2221 2 2 28 18 624 1263 1967
2222 2 2 28 18 621 1262 1968
2223 2 2 28 18 623 1264 1969
2224 2 2 28 18 679 1891 1922
2225 2 2 28 18 494 1453 1430
2226 2 2 28 18 495 1452 1429
2227 2 2 28 18 903 1418 2235
2228 2 2 28 18 599 2546 1451
2229 2 2 28 18 825 1430 1453
2230 2 2 28 18 824 1429 1452
2231 2 2 28 18 951 1451 2546
2232 2 2 28 18 806 2456 1833
2233 2 2 28 18 562 1317 1560
2234 2 2 28 18 1828 2600 2837
2235 2 2 28 18 557 1509 2987
2236 2 2 28 18 143 2794 1909
2237 2 2 28 18 107 2796 1907
2238 2 2 28 18 35 2795 1908
2239 2 2 28 18 71 2797 1906
2240 2 2 28 18 563 1561 1318
2241 2 2 28 18 476 1795 2240
2242 2 2 28 18 1019 2759 1183
2243 2 2 28 18 545 1169 2770
2244 2 2 28 18 546 1170 2768
2245 2 2 28 18 547 1171 2769
2246 2 2 28 18 548 1172 2767
2247 2 2 28 18 839 2158 1529
2248 2 2 28 18 840 2160 1531
2249 2 2 28 18 841 2159 1530
2250 2 2 28 18 842 2161 1532
2251 2 2 28 18 443 1161 2682
2252 2 2 28 18 568 1772 1129
2253 2 2 28 18 570 1774 1130
2254 2 2 28 18 569 1773 1131
2255 2 2 28 18 571 1775 1132
2256 2 2 28 18 380 1737 1152
2257 2 2 28 18 381 1736 1153
2258 2 2 28 18 680 2044 1472
2259 2 2 28 18 586 1762 2992
2260 2 2 28 18 279 2218 1114
2261 2 2 28 18 437 1839 1117
2262 2 2 28 18 366 2091 1337
2263 2 2 28 18 886 2168 1492
2264 2 2 28 18 345 2474 1209
2265 2 2 28 18 345 1209 2765
2266 2 2 28 18 910 2808 1381
2267 2 2 28 18 224 1245 1790
2268 2 2 28 18 876 2170 1088
2269 2 2 28 18 646 1077 2185
2270 2 2 28 18 651 2188 1081
2271 2 2 28 18 890 2600 1828
2272 2 2 28 18 1419 2369 2472
2273 2 2 28 18 356 1701 2385
2274 2 2 28 18 540 1291 1537
2275 2 2 28 18 268 1088 2131
2276 2 2 28 18 615 1089 2075
2277 2 2 28 18 616 1090 2076
2278 2 2 28 18 617 1091 2077
2279 2 2 28 18 618 1092 2078
2280 2 2 28 18 1048 2929 1215
2281 2 2 28 18 192 1560 1317
2282 2 2 28 18 784 1682 1784
2283 2 2 28 18 322 1140 1742
2284 2 2 28 18 480 1768 2987
2285 2 2 28 18 191 1318 1561
2286 2 2 28 18 807 1274 1829
2287 2 2 28 18 545 2770 1192
2288 2 2 28 18 547 2769 1191
2289 2 2 28 18 546 2768 1194
2290 2 2 28 18 548 2767 1193
2291 2 2 28 18 1833 2456 2594
2292 2 2 28 18 845 2506 2361
2293 2 2 28 18 672 1594 1266
2294 2 2 28 18 671 1265 1595
2295 2 2 28 18 180 2491 1614
2296 2 2 28 18 869 2765 1209
2297 2 2 28 18 595 1831 1286
2298 2 2 28 18 250 2111 1573
2299 2 2 28 18 252 2112 1574
2300 2 2 28 18 251 2113 1571
2301 2 2 28 18 253 2114 1572
2302 2 2 28 18 328 1356 2461
2303 2 2 28 18 1015 1614 2491
2304 2 2 28 18 829 1272 2593
2305 2 2 28 18 176 1615 2485
2306 2 2 28 18 682 1761 2383
2307 2 2 28 18 171 1832 1412
2308 2 2 28 18 164 1901 1119
2309 2 2 28 18 439 1579 2831
2310 2 2 28 18 714 1793 2260
2311 2 2 28 18 439 2482 1579
2312 2 2 28 18 1012 2485 1615
2313 2 2 28 18 448 2476 1364
2314 2 2 28 18 458 1423 2406
2315 2 2 28 18 1430 2489 2379
2316 2 2 28 18 347 1603 2752
2317 2 2 28 18 384 1323 2129
2318 2 2 28 18 276 2564 1107
2319 2 2 28 18 277 2563 1108
2320 2 2 28 18 278 2562 1109
2321 2 2 28 18 545 1192 2574
2322 2 2 28 18 547 1191 2576
2323 2 2 28 18 546 1194 2575
2324 2 2 28 18 548 1193 2577
2325 2 2 28 18 534 1335 2338
2326 2 2 28 18 328 2762 1166
2327 2 2 28 18 163 2337 2756
2328 2 2 28 18 287 1552 1309
2329 2 2 28 18 288 1553 1308
2330 2 2 28 18 289 1554 1311
2331 2 2 28 18 290 1555 1310
2332 2 2 28 18 1709 2428 2719
2333 2 2 28 18 250 1199 2812
2334 2 2 28 18 251 1201 2811
2335 2 2 28 18 252 1200 2810
2336 2 2 28 18 253 1202 2809
2337 2 2 28 18 451 1367 2483
2338 2 2 28 18 222 2102 2653
2339 2 2 28 18 756 1546 1896
2340 2 2 28 18 318 1784 1682
2341 2 2 28 18 432 2128 1203
2342 2 2 28 18 270 2157 1768
2343 2 2 28 18 280 1112 2554
2344 2 2 28 18 282 1111 2553
2345 2 2 28 18 281 1113 2555
2346 2 2 28 18 195 1153 2727
2347 2 2 28 18 193 1152 2728
2348 2 2 28 18 869 1209 2906
2349 2 2 28 18 749 1892 1545
2350 2 2 28 18 679 1910 2882
2351 2 2 28 18 852 1661 2320
2352 2 2 28 18 872 1332 2783
2353 2 2 28 18 883 1580 1787
2354 2 2 28 18 707 1327 1695
2355 2 2 28 18 853 2321 1662
2356 2 2 28 18 871 2784 1333
2357 2 2 28 18 452 2265 1402
2358 2 2 28 18 453 2263 1403
2359 2 2 28 18 454 2264 1404
2360 2 2 28 18 455 2262 1405
2361 2 2 28 18 706 1694 1331
2362 2 2 28 18 1030 2529 1666
2363 2 2 28 18 340 1570 2628
2364 2 2 28 18 604 1794 1696
2365 2 2 28 18 248 1520 1342
2366 2 2 28 18 644 1323 2488
2367 2 2 28 18 645 2761 2157
2368 2 2 28 18 336 1815 1788
2369 2 2 28 18 512 1787 1580
2370 2 2 28 18 812 1175 2661
2371 2 2 28 18 207 1865 1667
2372 2 2 28 18 209 1866 1668
2373 2 2 28 18 206 1867 1669
2374 2 2 28 18 208 1868 1670
2375 2 2 28 18 333 2062 1126
2376 2 2 28 18 816 2666 1179
2377 2 2 28 18 410 1529 1816
2378 2 2 28 18 411 1530 1818
2379 2 2 28 18 412 1531 1817
2380 2 2 28 18 413 1532 1819
2381 2 2 28 18 197 1351 1617
2382 2 2 28 18 1168 2934 1877
2383 2 2 28 18 768 2395 2314
2384 2 2 28 18 701 1894 2220
2385 2 2 28 18 225 2790 1283
2386 2 2 28 18 864 1788 1815
2387 2 2 28 18 540 1841 1330
2388 2 2 28 18 535 2973 2700
2389 2 2 28 18 508 3007 1220
2390 2 2 28 18 341 1789 1154
2391 2 2 28 18 884 1727 2089
2392 2 2 28 18 195 1452 1811
2393 2 2 28 18 193 1453 1810
2394 2 2 28 18 883 2488 1323
2395 2 2 28 18 536 1567 1301
2396 2 2 28 18 246 1341 1592
2397 2 2 28 18 537 1302 1569
2398 2 2 28 18 2829 2480 299
2399 2 2 28 18 2828 2479 297
2400 2 2 28 18 1067 1909 2794
2401 2 2 28 18 1066 1908 2795
2402 2 2 28 18 1065 1907 2796
2403 2 2 28 18 1064 1906 2797
2404 2 2 28 18 445 2438 1350
2405 2 2 28 18 968 1768 2157
2406 2 2 28 18 497 2427 1168
2407 2 2 28 18 714 2260 1874
2408 2 2 28 18 923 2151 2031
2409 2 2 28 18 1045 2827 1214
2410 2 2 28 18 441 2215 1125
2411 2 2 28 18 452 1728 1199
2412 2 2 28 18 454 1729 1201
2413 2 2 28 18 453 1730 1200
2414 2 2 28 18 455 1731 1202
2415 2 2 28 18 2755 2877 875
2416 2 2 28 18 729 1166 1776
2417 2 2 28 18 584 1502 1684
2418 2 2 28 18 1087 1581 1799
2419 2 2 28 18 98 2612 1257
2420 2 2 28 18 62 2611 1256
2421 2 2 28 18 134 2610 1255
2422 2 2 28 18 26 2609 1254
2423 2 2 28 18 1277 2167 2507
2424 2 2 28 18 1304 2877 2755
2425 2 2 28 18 634 1738 2052
2426 2 2 28 18 249 1305 2235
2427 2 2 28 18 496 1987 1120
2428 2 2 28 18 77 1252 2605
2429 2 2 28 18 113 1251 2604
2430 2 2 28 18 41 1250 2603
2431 2 2 28 18 149 1249 2602
2432 2 2 28 18 441 1758 2215
2433 2 2 28 18 1276 2510 2165
2434 2 2 28 18 1563 2479 2828
2435 2 2 28 18 1562 2480 2829
2436 2 2 28 18 419 2439 1119
2437 2 2 28 18 1337 2091 2785
2438 2 2 28 18 323 2383 1304
2439 2 2 28 18 371 1106 2037
2440 2 2 28 18 369 1107 2036
2441 2 2 28 18 370 1108 2038
2442 2 2 28 18 368 1109 2039
2443 2 2 28 18 394 2494 1855
2444 2 2 28 18 321 1666 2529
2445 2 2 28 18 774 2404 1465
2446 2 2 28 18 393 1856 2493
2447 2 2 28 18 805 1994 1734
2448 2 2 28 18 804 1993 1733
2449 2 2 28 18 1364 2476 2293
2450 2 2 28 18 605 2366 1110
2451 2 2 28 18 819 1304 2383
2452 2 2 28 18 662 2449 1157
2453 2 2 28 18 664 2450 1158
2454 2 2 28 18 663 2451 1159
2455 2 2 28 18 665 2452 1160
2456 2 2 28 18 1053 2551 2616
2457 2 2 28 18 169 1221 1748
2458 2 2 28 18 250 1121 2111
2459 2 2 28 18 252 1123 2112
2460 2 2 28 18 251 1122 2113
2461 2 2 28 18 253 1124 2114
2462 2 2 28 18 743 1268 2517
2463 2 2 28 18 581 1126 2062
2464 2 2 28 18 168 1755 1219
2465 2 2 28 18 256 1980 1814
2466 2 2 28 18 380 2193 1116
2467 2 2 28 18 1423 2954 2406
2468 2 2 28 18 794 2651 2438
2469 2 2 28 18 377 2043 1111
2470 2 2 28 18 376 2041 1112
2471 2 2 28 18 379 2042 1113
2472 2 2 28 18 378 2040 1114
2473 2 2 28 18 793 2234 1771
2474 2 2 28 18 1028 2238 2941
2475 2 2 28 18 267 2214 2182
2476 2 2 28 18 834 2512 1299
2477 2 2 28 18 1367 2305 2483
2478 2 2 28 18 341 2100 1789
2479 2 2 28 18 533 1260 1778
2480 2 2 28 18 407 1801 1306
2481 2 2 28 18 403 1307 1800
2482 2 2 28 18 307 1419 2472
2483 2 2 28 18 669 2282 1134
2484 2 2 28 18 526 1856 1247
2485 2 2 28 18 527 1246 1855
2486 2 2 28 18 1029 1985 1702
2487 2 2 28 18 935 2034 1803
2488 2 2 28 18 165 1271 2837
2489 2 2 28 18 1070 2182 2214
2490 2 2 28 18 536 2658 2364
2491 2 2 28 18 481 1134 2282
2492 2 2 28 18 780 1473 2389
2493 2 2 28 18 584 1838 1217
2494 2 2 28 18 866 1314 2569
2495 2 2 28 18 865 1312 2570
2496 2 2 28 18 868 1315 2571
2497 2 2 28 18 867 1313 2572
2498 2 2 28 18 581 2372 1126
2499 2 2 28 18 580 1128 2371
2500 2 2 28 18 818 1180 2647
2501 2 2 28 18 901 2837 1271
2502 2 2 28 18 863 2532 1518
2503 2 2 28 18 328 2461 1485
2504 2 2 28 18 544 1322 1960
2505 2 2 28 18 747 2531 1269
2506 2 2 28 18 626 1126 1963
2507 2 2 28 18 2910 884 2089
2508 2 2 28 18 625 1962 1128
2509 2 2 28 18 2911 2088 885
2510 2 2 28 18 1602 2445 2717
2511 2 2 28 18 870 2658 1701
2512 2 2 28 18 902 1422 2171
2513 2 2 28 18 293 1842 1695
2514 2 2 28 18 294 1694 1843
2515 2 2 28 18 608 2518 1138
2516 2 2 28 18 1209 2474 1345
2517 2 2 28 18 173 2035 1230
2518 2 2 28 18 309 2489 1430
2519 2 2 28 18 918 1496 2705
2520 2 2 28 18 917 1495 2704
2521 2 2 28 18 916 1494 2703
2522 2 2 28 18 915 1493 2702
2523 2 2 28 18 620 1306 1801
2524 2 2 28 18 223 1972 2711
2525 2 2 28 18 619 1800 1307
2526 2 2 28 18 333 1217 1838
2527 2 2 28 18 479 2411 1754
2528 2 2 28 18 380 1152 2193
2529 2 2 28 18 215 1591 1671
2530 2 2 28 18 269 1116 2206
2531 2 2 28 18 409 2696 1207
2532 2 2 28 18 558 1744 1352
2533 2 2 28 18 560 1743 1354
2534 2 2 28 18 735 1675 1548
2535 2 2 28 18 736 1676 1549
2536 2 2 28 18 737 1677 1550
2537 2 2 28 18 738 1678 1551
2538 2 2 28 18 2543 1985 598
2539 2 2 28 18 918 1573 2111
2540 2 2 28 18 917 1574 2112
2541 2 2 28 18 916 1571 2113
2542 2 2 28 18 915 1572 2114
2543 2 2 28 18 1206 1703 2608
2544 2 2 28 18 1205 2607 1704
2545 2 2 28 18 365 1355 1804
2546 2 2 28 18 603 1466 2418
2547 2 2 28 18 683 1880 2015
2548 2 2 28 18 795 2440 1544
2549 2 2 28 18 770 1465 1857
2550 2 2 28 18 628 1143 2094
2551 2 2 28 18 629 1144 2095
2552 2 2 28 18 630 1145 2096
2553 2 2 28 18 174 2127 1505
2554 2 2 28 18 731 1671 1591
2555 2 2 28 18 585 1665 1565
2556 2 2 28 18 254 1335 2072
2557 2 2 28 18 723 1816 1529
2558 2 2 28 18 725 1817 1531
2559 2 2 28 18 724 1818 1530
2560 2 2 28 18 726 1819 1532
2561 2 2 28 18 1001 2592 2085
2562 2 2 28 18 583 1912 1218
2563 2 2 28 18 584 1217 1911
2564 2 2 28 18 178 1506 2126
2565 2 2 28 18 1258 1985 2543
2566 2 2 28 18 623 1803 2034
2567 2 2 28 18 326 1332 2636
2568 2 2 28 18 575 1753 1784
2569 2 2 28 18 1259 1451 2549
2570 2 2 28 18 679 2882 1881
2571 2 2 28 18 631 2097 1146
2572 2 2 28 18 632 2098 1147
2573 2 2 28 18 633 2099 1148
2574 2 2 28 18 369 2570 1312
2575 2 2 28 18 368 2569 1314
2576 2 2 28 18 370 2571 1315
2577 2 2 28 18 371 2572 1313
2578 2 2 28 18 194 1348 1699
2579 2 2 28 18 784 1784 1753
2580 2 2 28 18 325 2638 1333
2581 2 2 28 18 727 1804 1355
2582 2 2 28 18 1362 2459 2520
2583 2 2 28 18 813 2445 1602
2584 2 2 28 18 604 2589 1794
2585 2 2 28 18 758 2454 2392
2586 2 2 28 18 757 2453 2391
2587 2 2 28 18 1738 2448 2052
2588 2 2 28 18 197 1476 1812
2589 2 2 28 18 566 1748 1221
2590 2 2 28 18 330 2593 1272
2591 2 2 28 18 526 1247 1891
2592 2 2 28 18 218 1138 2239
2593 2 2 28 18 541 1258 1735
2594 2 2 28 18 541 1735 2753
2595 2 2 28 18 785 1869 1473
2596 2 2 28 18 536 1301 1742
2597 2 2 28 18 367 1820 1370
2598 2 2 28 18 1141 2508 1889
2599 2 2 28 18 825 1737 2010
2600 2 2 28 18 824 1736 2011
2601 2 2 28 18 479 2893 1511
2602 2 2 28 18 477 2894 1510
2603 2 2 28 18 838 1486 2154
2604 2 2 28 18 501 2144 1338
2605 2 2 28 18 1365 2528 2469
2606 2 2 28 18 1317 2910 2089
2607 2 2 28 18 477 1286 1831
2608 2 2 28 18 1318 2088 2911
2609 2 2 28 18 1412 1832 2915
2610 2 2 28 18 787 1306 2485
2611 2 2 28 18 791 2491 1307
2612 2 2 28 18 472 1155 1913
2613 2 2 28 18 346 2154 1486
2614 2 2 28 18 473 1914 1156
2615 2 2 28 18 105 106 1588
2616 2 2 28 18 69 70 1587
2617 2 2 28 18 141 142 1590
2618 2 2 28 18 33 34 1589
2619 2 2 28 18 886 1283 2790
2620 2 2 28 18 658 2193 1152
2621 2 2 28 18 703 2072 1335
2622 2 2 28 18 343 1702 1985
2623 2 2 28 18 539 1305 2682
2624 2 2 28 18 217 1600 1606
2625 2 2 28 18 432 1203 1835
2626 2 2 28 18 911 2605 1252
2627 2 2 28 18 912 2604 1251
2628 2 2 28 18 913 2603 1250
2629 2 2 28 18 914 2602 1249
2630 2 2 28 18 919 1257 2612
2631 2 2 28 18 920 1256 2611
2632 2 2 28 18 921 1255 2610
2633 2 2 28 18 922 1254 2609
2634 2 2 28 18 466 2387 1448
2635 2 2 28 18 492 1168 1877
2636 2 2 28 18 680 2362 1154
2637 2 2 28 18 460 1857 1465
2638 2 2 28 18 637 1830 1340
2639 2 2 28 18 181 1771 1568
2640 2 2 28 18 447 2459 1362
2641 2 2 28 18 890 2806 1839
2642 2 2 28 18 341 1154 2362
2643 2 2 28 18 1779 2446 2671
2644 2 2 28 18 862 2566 1522
2645 2 2 28 18 749 1545 2363
2646 2 2 28 18 821 1606 1600
2647 2 2 28 18 627 1895 2172
2648 2 2 28 18 1028 1503 2238
2649 2 2 28 18 609 2630 1854
2650 2 2 28 18 353 2860 1240
2651 2 2 28 18 373 1208 2508
2652 2 2 28 18 811 2444 1720
2653 2 2 28 18 204 1458 2296
2654 2 2 28 18 202 2297 1459
2655 2 2 28 18 730 1370 1820
2656 2 2 28 18 327 1340 1830
2657 2 2 28 18 756 2367 1546
2658 2 2 28 18 741 1889 2508
2659 2 2 28 18 232 1507 2929
2660 2 2 28 18 563 1792 1217
2661 2 2 28 18 562 1218 1791
2662 2 2 28 18 450 1365 2469
2663 2 2 28 18 638 1211 1824
2664 2 2 28 18 1127 2753 1735
2665 2 2 28 18 814 2446 1779
2666 2 2 28 18 960 2153 1826
2667 2 2 28 18 468 1473 1869
2668 2 2 28 18 963 1827 2155
2669 2 2 28 18 177 1579 1837
2670 2 2 28 18 807 1834 2525
2671 2 2 28 18 693 1568 1771
2672 2 2 28 18 597 1699 1348
2673 2 2 28 18 604 1879 2589
2674 2 2 28 18 173 2902 2035
2675 2 2 28 18 534 2338 1564
2676 2 2 28 18 899 1340 2032
2677 2 2 28 18 999 2691 2538
2678 2 2 28 18 1527 2441 2695
2679 2 2 28 18 189 1776 1334
2680 2 2 28 18 680 1154 2044
2681 2 2 28 18 381 1153 2236
2682 2 2 28 18 978 2625 1603
2683 2 2 28 18 249 2235 1418
2684 2 2 28 18 871 2638 1935
2685 2 2 28 18 802 2428 1709
2686 2 2 28 18 1834 2593 2525
2687 2 2 28 18 721 1837 1579
2688 2 2 28 18 961 2172 1895
2689 2 2 28 18 861 2565 1591
2690 2 2 28 18 872 1936 2636
2691 2 2 28 18 537 1666 1302
2692 2 2 28 18 1413 1784 2393
2693 2 2 28 18 156 157 1708
2694 2 2 28 18 48 49 1707
2695 2 2 28 18 84 85 1705
2696 2 2 28 18 120 121 1706
2697 2 2 28 18 514 1181 1935
2698 2 2 28 18 513 1936 1182
2699 2 2 28 18 1528 2694 2447
2700 2 2 28 18 444 1381 2808
2701 2 2 28 18 669 1835 1384
2702 2 2 28 18 681 1826 2153
2703 2 2 28 18 586 2173 1163
2704 2 2 28 18 587 1164 2182
2705 2 2 28 18 741 2508 1208
2706 2 2 28 18 438 1214 2641
2707 2 2 28 18 1671 2800 2791
2708 2 2 28 18 684 2155 1827
2709 2 2 28 18 761 1278 2516
2710 2 2 28 18 102 103 2224
2711 2 2 28 18 66 67 2223
2712 2 2 28 18 138 139 2222
2713 2 2 28 18 30 31 2221
2714 2 2 28 18 202 2242 1543
2715 2 2 28 18 582 1618 1387
2716 2 2 28 18 390 2399 1195
2717 2 2 28 18 389 2400 1196
2718 2 2 28 18 392 2401 1197
2719 2 2 28 18 391 2402 1198
2720 2 2 28 18 723 1556 1667
2721 2 2 28 18 725 1557 1668
2722 2 2 28 18 724 1558 1669
2723 2 2 28 18 726 1559 1670
2724 2 2 28 18 439 1215 2482
2725 2 2 28 18 561 1271 2238
2726 2 2 28 18 885 2088 2194
2727 2 2 28 18 287 1309 2322
2728 2 2 28 18 288 1308 2323
2729 2 2 28 18 289 1311 2324
2730 2 2 28 18 290 1310 2325
2731 2 2 28 18 266 1163 2173
2732 2 2 28 18 267 2182 1164
2733 2 2 28 18 1136 1839 2806
2734 2 2 28 18 257 1799 2256
2735 2 2 28 18 263 2875 1455
2736 2 2 28 18 848 1162 2049
2737 2 2 28 18 987 1455 2875
2738 2 2 28 18 564 1388 1756
2739 2 2 28 18 1142 1890 2690
2740 2 2 28 18 1141 1889 2689
2741 2 2 28 18 944 1358 1858
2742 2 2 28 18 508 2526 1432
2743 2 2 28 18 188 1387 1618
2744 2 2 28 18 406 2586 2009
2745 2 2 28 18 402 2008 2585
2746 2 2 28 18 355 2106 2573
2747 2 2 28 18 323 1304 2755
2748 2 2 28 18 992 2907 1260
2749 2 2 28 18 578 1239 2801
2750 2 2 28 18 431 2145 1143
2751 2 2 28 18 428 2146 1144
2752 2 2 28 18 430 2147 1145
2753 2 2 28 18 695 1196 2400
2754 2 2 28 18 694 1195 2399
2755 2 2 28 18 696 1197 2401
2756 2 2 28 18 697 1198 2402
2757 2 2 28 18 984 2020 2070
2758 2 2 28 18 985 2021 2071
2759 2 2 28 18 169 1748 1289
2760 2 2 28 18 675 1734 1994
2761 2 2 28 18 674 1733 1993
2762 2 2 28 18 637 2152 1830
2763 2 2 28 18 435 1146 2148
2764 2 2 28 18 433 1147 2150
2765 2 2 28 18 436 1148 2149
2766 2 2 28 18 439 2831 2578
2767 2 2 28 18 168 1284 1755
2768 2 2 28 18 262 1207 2845
2769 2 2 28 18 354 1725 2090
2770 2 2 28 18 659 2236 1153
2771 2 2 28 18 991 1852 2808
2772 2 2 28 18 187 1457 1566
2773 2 2 28 18 561 1763 1271
2774 2 2 28 18 470 2801 1239
2775 2 2 28 18 67 68 1999
2776 2 2 28 18 31 32 2001
2777 2 2 28 18 103 104 1998
2778 2 2 28 18 139 140 2000
2779 2 2 28 18 520 2923 1267
2780 2 2 28 18 1696 1794 2912
2781 2 2 28 18 565 2800 1671
2782 2 2 28 18 979 2256 1799
2783 2 2 28 18 528 2470 1799
2784 2 2 28 18 1545 2953 2363
2785 2 2 28 18 700 1934 1355
2786 2 2 28 18 600 1182 2192
2787 2 2 28 18 670 1566 1457
2788 2 2 28 18 88 1225 1849
2789 2 2 28 18 52 1226 1847
2790 2 2 28 18 124 1227 1848
2791 2 2 28 18 160 1228 1846
2792 2 2 28 18 1203 2035 2902
2793 2 2 28 18 249 1165 2074
2794 2 2 28 18 827 2706 1248
2795 2 2 28 18 1546 2367 2956
2796 2 2 28 18 683 2386 1190
2797 2 2 28 18 1403 2263 2374
2798 2 2 28 18 1405 2262 2376
2799 2 2 28 18 1402 2265 2373
2800 2 2 28 18 1404 2264 2375
2801 2 2 28 18 788 1371 2486
2802 2 2 28 18 792 2492 1372
2803 2 2 28 18 957 2025 2003
2804 2 2 28 18 485 2710 1270
2805 2 2 28 18 481 1190 2386
2806 2 2 28 18 522 1573 1647
2807 2 2 28 18 523 1571 1645
2808 2 2 28 18 524 1574 1648
2809 2 2 28 18 525 1572 1646
2810 2 2 28 18 171 2314 1211
2811 2 2 28 18 954 2026 1986
2812 2 2 28 18 243 1155 2304
2813 2 2 28 18 390 1195 2412
2814 2 2 28 18 389 1196 2413
2815 2 2 28 18 392 1197 2414
2816 2 2 28 18 391 1198 2415
2817 2 2 28 18 242 2299 1156
2818 2 2 28 18 645 2157 1325
2819 2 2 28 18 346 1338 2144
2820 2 2 28 18 544 2035 1203
2821 2 2 28 18 388 2070 2020
2822 2 2 28 18 386 2071 2021
2823 2 2 28 18 239 1829 1242
2824 2 2 28 18 599 1181 2398
2825 2 2 28 18 600 2397 1182
2826 2 2 28 18 200 2690 1890
2827 2 2 28 18 198 2689 1889
2828 2 2 28 18 898 2624 1958
2829 2 2 28 18 1139 1345 2524
2830 2 2 28 18 480 2514 1768
2831 2 2 28 18 483 1188 2164
2832 2 2 28 18 228 1813 1248
2833 2 2 28 18 484 2163 1189
2834 2 2 28 18 557 1617 1351
2835 2 2 28 18 199 1803 1353
2836 2 2 28 18 742 1423 1616
2837 2 2 28 18 228 1248 2706
2838 2 2 28 18 162 2435 2693
2839 2 2 28 18 850 1270 2710
2840 2 2 28 18 336 1788 1344
2841 2 2 28 18 540 1537 1841
2842 2 2 28 18 226 2192 1182
2843 2 2 28 18 882 1199 2359
2844 2 2 28 18 880 1200 2357
2845 2 2 28 18 881 1201 2358
2846 2 2 28 18 879 1202 2356
2847 2 2 28 18 760 1700 1448
2848 2 2 28 18 565 1850 1389
2849 2 2 28 18 967 2623 2368
2850 2 2 28 18 457 1391 2921
2851 2 2 28 18 456 2922 1390
2852 2 2 28 18 1129 1750 2914
2853 2 2 28 18 764 1593 1844
2854 2 2 28 18 857 1619 2339
2855 2 2 28 18 603 2418 1851
2856 2 2 28 18 219 1965 1798
2857 2 2 28 18 858 1726 2552
2858 2 2 28 18 211 1675 1953
2859 2 2 28 18 213 1676 1952
2860 2 2 28 18 210 1677 1951
2861 2 2 28 18 212 1678 1950
2862 2 2 28 18 497 1740 1442
2863 2 2 28 18 564 1369 1797
2864 2 2 28 18 565 1796 1368
2865 2 2 28 18 676 2010 1737
2866 2 2 28 18 677 2011 1736
2867 2 2 28 18 1421 2822 1722
2868 2 2 28 18 603 1344 1788
2869 2 2 28 18 198 1347 1747
2870 2 2 28 18 200 1346 1746
2871 2 2 28 18 193 1810 1352
2872 2 2 28 18 195 1811 1354
2873 2 2 28 18 226 1936 2792
2874 2 2 28 18 227 2793 1935
2875 2 2 28 18 864 1413 2162
2876 2 2 28 18 385 2003 2025
2877 2 2 28 18 245 1188 2186
2878 2 2 28 18 247 2183 1189
2879 2 2 28 18 197 1812 1351
2880 2 2 28 18 794 2032 1340
2881 2 2 28 18 544 1203 2128
2882 2 2 28 18 171 1844 1593
2883 2 2 28 18 742 2213 1423
2884 2 2 28 18 387 1986 2026
2885 2 2 28 18 1238 2816 1690
2886 2 2 28 18 1237 2815 1689
2887 2 2 28 18 1236 2814 1688
2888 2 2 28 18 1235 2813 1687
2889 2 2 28 18 352 1727 1446
2890 2 2 28 18 1202 1572 2356
2891 2 2 28 18 1201 1571 2358
2892 2 2 28 18 1200 1574 2357
2893 2 2 28 18 1199 1573 2359
2894 2 2 28 18 966 2454 1692
2895 2 2 28 18 965 2453 1693
2896 2 2 28 18 829 1458 2228
2897 2 2 28 18 582 1326 1685
2898 2 2 28 18 803 2616 2551
2899 2 2 28 18 392 2414 2669
2900 2 2 28 18 391 2415 2667
2901 2 2 28 18 390 2412 2670
2902 2 2 28 18 389 2413 2668
2903 2 2 28 18 568 2278 1585
2904 2 2 28 18 569 2277 1583
2905 2 2 28 18 570 2276 1584
2906 2 2 28 18 571 2275 1582
2907 2 2 28 18 13 1871 1227
2908 2 2 28 18 1 1870 1228
2909 2 2 28 18 9 1873 1225
2910 2 2 28 18 5 1872 1226
2911 2 2 28 18 695 2223 1196
2912 2 2 28 18 694 2224 1195
2913 2 2 28 18 696 2222 1197
2914 2 2 28 18 697 2221 1198
2915 2 2 28 18 415 1874 1283
2916 2 2 28 18 859 2186 2190
2917 2 2 28 18 204 2228 1458
2918 2 2 28 18 462 1259 2549
2919 2 2 28 18 1229 2407 1407
2920 2 2 28 18 859 2550 1721
2921 2 2 28 18 163 1474 1881
2922 2 2 28 18 593 1336 1882
2923 2 2 28 18 807 1829 2133
2924 2 2 28 18 501 1477 2144
2925 2 2 28 18 585 2839 1745
2926 2 2 28 18 542 2120 1215
2927 2 2 28 18 623 1353 1803
2928 2 2 28 18 458 1616 1423
2929 2 2 28 18 1303 1501 2380
2930 2 2 28 18 511 2473 1674
2931 2 2 28 18 205 1766 1884
2932 2 2 28 18 466 1448 1700
2933 2 2 28 18 564 1797 1388
2934 2 2 28 18 163 2756 1684
2935 2 2 28 18 858 2191 2183
2936 2 2 28 18 565 1389 1796
2937 2 2 28 18 606 1695 1327
2938 2 2 28 18 1300 2377 1504
2939 2 2 28 18 607 1331 1694
2940 2 2 28 18 445 2031 2151
2941 2 2 28 18 500 2048 1219
2942 2 2 28 18 942 1283 1874
2943 2 2 28 18 889 1798 1965
2944 2 2 28 18 303 2085 2592
2945 2 2 28 18 265 1358 1665
2946 2 2 28 18 482 2461 1356
2947 2 2 28 18 499 1221 2051
2948 2 2 28 18 786 1427 2484
2949 2 2 28 18 790 2490 1428
2950 2 2 28 18 639 1205 2477
2951 2 2 28 18 446 1268 2496
2952 2 2 28 18 622 1352 1810
2953 2 2 28 18 621 1354 1811
2954 2 2 28 18 640 2478 1206
2955 2 2 28 18 847 1884 1766
2956 2 2 28 18 694 1711 2224
2957 2 2 28 18 695 1712 2223
2958 2 2 28 18 696 1714 2222
2959 2 2 28 18 697 1713 2221
2960 2 2 28 18 802 2824 2428
2961 2 2 28 18 624 1351 1812
2962 2 2 28 18 711 1808 2343
2963 2 2 28 18 709 1806 2342
2964 2 2 28 18 712 1809 2345
2965 2 2 28 18 710 1807 2344
2966 2 2 28 18 623 2034 1264
2967 2 2 28 18 873 2434 1875
2968 2 2 28 18 539 2682 2935
2969 2 2 28 18 572 2914 1750
2970 2 2 28 18 679 1881 1474
2971 2 2 28 18 541 1836 1258
2972 2 2 28 18 918 1647 1573
2973 2 2 28 18 916 1645 1571
2974 2 2 28 18 917 1648 1574
2975 2 2 28 18 915 1646 1572
2976 2 2 28 18 224 2652 1224
2977 2 2 28 18 596 1747 1347
2978 2 2 28 18 594 1746 1346
2979 2 2 28 18 593 1240 2937
2980 2 2 28 18 592 2938 1241
2981 2 2 28 18 566 1221 2969
2982 2 2 28 18 304 1264 2034
2983 2 2 28 18 327 1883 1350
2984 2 2 28 18 320 2627 1212
2985 2 2 28 18 319 1213 2626
2986 2 2 28 18 449 2511 1269
2987 2 2 28 18 519 1732 2817
2988 2 2 28 18 979 1799 2470
2989 2 2 28 18 518 2588 1382
2990 2 2 28 18 887 1382 2588
2991 2 2 28 18 968 2157 2761
2992 2 2 28 18 741 1208 2720
2993 2 2 28 18 1808 2569 2343
2994 2 2 28 18 1806 2570 2342
2995 2 2 28 18 1809 2571 2345
2996 2 2 28 18 1807 2572 2344
2997 2 2 28 18 800 2313 1184
2998 2 2 28 18 801 2312 1185
2999 2 2 28 18 798 2311 1186
3000 2 2 28 18 799 2310 1187
3001 2 2 28 18 638 1350 1883
3002 2 2 28 18 901 1959 1851
3003 2 2 28 18 348 1898 1806
3004 2 2 28 18 349 1900 1807
3005 2 2 28 18 350 1897 1808
3006 2 2 28 18 351 1899 1809
3007 2 2 28 18 414 2059 1224
3008 2 2 28 18 1051 1521 2093
3009 2 2 28 18 852 1720 2630
3010 2 2 28 18 89 90 2254
3011 2 2 28 18 53 54 2253
3012 2 2 28 18 125 126 2252
3013 2 2 28 18 17 18 2251
3014 2 2 28 18 743 2496 1268
3015 2 2 28 18 603 1851 1959
3016 2 2 28 18 186 1905 2361
3017 2 2 28 18 500 1219 2190
3018 2 2 28 18 715 2252 1236
3019 2 2 28 18 717 2251 1235
3020 2 2 28 18 716 2254 1238
3021 2 2 28 18 718 2253 1237
3022 2 2 28 18 584 1911 1502
3023 2 2 28 18 1477 2757 2883
3024 2 2 28 18 298 1423 2213
3025 2 2 28 18 499 2191 1221
3026 2 2 28 18 765 2695 2441
3027 2 2 28 18 268 1220 2250
3028 2 2 28 18 262 2540 1222
3029 2 2 28 18 938 1390 2922
3030 2 2 28 18 937 2921 1391
3031 2 2 28 18 527 2748 1246
3032 2 2 28 18 457 2783 1332
3033 2 2 28 18 456 1333 2784
3034 2 2 28 18 867 1807 1900
3035 2 2 28 18 865 1806 1898
3036 2 2 28 18 866 1808 1897
3037 2 2 28 18 868 1809 1899
3038 2 2 28 18 227 1259 2955
3039 2 2 28 18 126 2814 1236
3040 2 2 28 18 18 2813 1235
3041 2 2 28 18 90 2816 1238
3042 2 2 28 18 54 2815 1237
3043 2 2 28 18 1030 1666 2857
3044 2 2 28 18 747 1269 2511
3045 2 2 28 18 343 1985 1258
3046 2 2 28 18 847 1604 1879
3047 2 2 28 18 904 2433 2258
3048 2 2 28 18 257 1291 2115
3049 2 2 28 18 150 1948 1249
3050 2 2 28 18 42 1947 1250
3051 2 2 28 18 78 1945 1252
3052 2 2 28 18 114 1946 1251
3053 2 2 28 18 849 1525 2225
3054 2 2 28 18 571 1517 2161
3055 2 2 28 18 569 1515 2160
3056 2 2 28 18 570 1516 2159
3057 2 2 28 18 568 1514 2158
3058 2 2 28 18 683 1223 2386
3059 2 2 28 18 481 2386 1223
3060 2 2 28 18 133 1255 1956
3061 2 2 28 18 97 1257 1954
3062 2 2 28 18 25 1254 1957
3063 2 2 28 18 61 1256 1955
3064 2 2 28 18 335 1697 1764
3065 2 2 28 18 498 1220 2231
3066 2 2 28 18 334 1765 1698
3067 2 2 28 18 660 1853 2495
3068 2 2 28 18 605 2033 2053
3069 2 2 28 18 769 2447 2694
3070 2 2 28 18 256 1239 1980
3071 2 2 28 18 577 2132 1455
3072 2 2 28 18 522 1888 1533
3073 2 2 28 18 523 1886 1534
3074 2 2 28 18 524 1887 1535
3075 2 2 28 18 525 1885 1536
3076 2 2 28 18 452 1402 1728
3077 2 2 28 18 453 1403 1730
3078 2 2 28 18 454 1404 1729
3079 2 2 28 18 455 1405 1731
3080 2 2 28 18 444 2808 1852
3081 2 2 28 18 1024 1996 2217
3082 2 2 28 18 901 1271 2856
3083 2 2 28 18 953 1756 1316
3084 2 2 28 18 967 1242 2623
3085 2 2 28 18 579 2184 1786
3086 2 2 28 18 1025 2218 1997
3087 2 2 28 18 899 2862 1340
3088 2 2 28 18 274 1253 2130
3089 2 2 28 18 936 1785 1522
3090 2 2 28 18 399 1894 1526
3091 2 2 28 18 835 1316 2103
3092 2 2 28 18 502 2225 1525
3093 2 2 28 18 1115 2470 1664
3094 2 2 28 18 1422 2754 2171
3095 2 2 28 18 601 2318 1764
3096 2 2 28 18 602 1765 2317
3097 2 2 28 18 275 2217 1996
3098 2 2 28 18 292 1316 1756
3099 2 2 28 18 204 2296 2017
3100 2 2 28 18 202 2016 2297
3101 2 2 28 18 654 2705 1496
3102 2 2 28 18 657 2704 1495
3103 2 2 28 18 655 2703 1494
3104 2 2 28 18 656 2702 1493
3105 2 2 28 18 279 1997 2218
3106 2 2 28 18 1 17 1870
3107 2 2 28 18 13 125 1871
3108 2 2 28 18 5 53 1872
3109 2 2 28 18 9 89 1873
3110 2 2 28 18 1476 3014 1812
3111 2 2 28 18 641 1372 2082
3112 2 2 28 18 683 2464 1223
3113 2 2 28 18 936 2270 2279
3114 2 2 28 18 642 2083 1371
3115 2 2 28 18 761 1876 1278
3116 2 2 28 18 706 1764 1697
3117 2 2 28 18 707 1698 1765
3118 2 2 28 18 408 1916 1427
3119 2 2 28 18 404 1428 1915
3120 2 2 28 18 978 2053 2033
3121 2 2 28 18 537 2857 1666
3122 2 2 28 18 292 2103 1316
3123 2 2 28 18 539 2935 1467
3124 2 2 28 18 478 1285 2950
3125 2 2 28 18 479 1288 2949
3126 2 2 28 18 480 1287 2948
3127 2 2 28 18 106 107 1907
3128 2 2 28 18 142 143 1909
3129 2 2 28 18 70 71 1906
3130 2 2 28 18 34 35 1908
3131 2 2 28 18 849 2225 1781
3132 2 2 28 18 937 1317 2089
3133 2 2 28 18 377 1234 2818
3134 2 2 28 18 379 1233 2819
3135 2 2 28 18 376 1231 2820
3136 2 2 28 18 378 1232 2821
3137 2 2 28 18 938 2088 1318
3138 2 2 28 18 650 2198 1231
3139 2 2 28 18 651 2199 1232
3140 2 2 28 18 653 2200 1234
3141 2 2 28 18 652 2201 1233
3142 2 2 28 18 274 2130 2207
3143 2 2 28 18 606 2596 1243
3144 2 2 28 18 607 1244 2595
3145 2 2 28 18 1230 2463 2579
3146 2 2 28 18 701 1526 1894
3147 2 2 28 18 605 1245 2366
3148 2 2 28 18 190 1664 1432
3149 2 2 28 18 295 1541 2397
3150 2 2 28 18 193 1352 1744
3151 2 2 28 18 195 1354 1743
3152 2 2 28 18 296 2398 1542
3153 2 2 28 18 177 2913 2044
3154 2 2 28 18 760 1448 2283
3155 2 2 28 18 583 1396 1912
3156 2 2 28 18 982 1467 2935
3157 2 2 28 18 238 2407 1229
3158 2 2 28 18 734 2579 2463
3159 2 2 28 18 1155 3010 2304
3160 2 2 28 18 463 1253 2657
3161 2 2 28 18 167 1267 2018
3162 2 2 28 18 339 2513 1585
3163 2 2 28 18 164 2058 2086
3164 2 2 28 18 1156 2299 3009
3165 2 2 28 18 771 2405 1470
3166 2 2 28 18 773 2403 1471
3167 2 2 28 18 1355 1934 2442
3168 2 2 28 18 339 1649 2551
3169 2 2 28 18 988 2086 2058
3170 2 2 28 18 672 1427 1916
3171 2 2 28 18 292 1246 2103
3172 2 2 28 18 671 1915 1428
3173 2 2 28 18 315 1415 2019
3174 2 2 28 18 929 1854 1518
3175 2 2 28 18 624 2085 1263
3176 2 2 28 18 662 1728 1402
3177 2 2 28 18 664 1729 1404
3178 2 2 28 18 663 1730 1403
3179 2 2 28 18 665 1731 1405
3180 2 2 28 18 366 1337 2804
3181 2 2 28 18 224 2366 1245
3182 2 2 28 18 501 2757 1477
3183 2 2 28 18 644 2129 1323
3184 2 2 28 18 486 2050 1359
3185 2 2 28 18 162 2693 1658
3186 2 2 28 18 897 2804 1337
3187 2 2 28 18 887 2074 1382
3188 2 2 28 18 316 1417 2024
3189 2 2 28 18 317 1416 2023
3190 2 2 28 18 303 1263 2085
3191 2 2 28 18 301 1261 2233
3192 2 2 28 18 302 1262 2232
3193 2 2 28 18 956 2640 1246
3194 2 2 28 18 955 1247 2639
3195 2 2 28 18 777 1483 2388
3196 2 2 28 18 778 1484 2390
3197 2 2 28 18 399 1526 2061
3198 2 2 28 18 879 2356 1536
3199 2 2 28 18 880 2357 1535
3200 2 2 28 18 881 2358 1534
3201 2 2 28 18 882 2359 1533
3202 2 2 28 18 441 1290 2890
3203 2 2 28 18 593 2381 1240
3204 2 2 28 18 157 2996 1708
3205 2 2 28 18 49 2994 1707
3206 2 2 28 18 121 2993 1706
3207 2 2 28 18 85 2995 1705
3208 2 2 28 18 592 2130 1253
3209 2 2 28 18 1452 2924 1811
3210 2 2 28 18 1453 2925 1810
3211 2 2 28 18 719 2501 1281
3212 2 2 28 18 827 2061 1526
3213 2 2 28 18 704 1732 1411
3214 2 2 28 18 428 1250 2746
3215 2 2 28 18 430 1251 2747
3216 2 2 28 18 431 1252 2745
3217 2 2 28 18 820 1790 1356
3218 2 2 28 18 433 2751 1255
3219 2 2 28 18 436 2750 1256
3220 2 2 28 18 435 2749 1257
3221 2 2 28 18 429 1249 2363
3222 2 2 28 18 639 1302 2460
3223 2 2 28 18 333 1290 2062
3224 2 2 28 18 640 2650 1301
3225 2 2 28 18 622 2233 1261
3226 2 2 28 18 621 2232 1262
3227 2 2 28 18 478 1426 2068
3228 2 2 28 18 1606 2763 2671
3229 2 2 28 18 434 2367 1254
3230 2 2 28 18 460 1465 2404
3231 2 2 28 18 493 2015 1272
3232 2 2 28 18 238 2618 1780
3233 2 2 28 18 432 2417 2128
3234 2 2 28 18 637 1340 2862
3235 2 2 28 18 167 2143 1267
3236 2 2 28 18 464 1243 2986
3237 2 2 28 18 666 1289 2692
3238 2 2 28 18 465 2999 1244
3239 2 2 28 18 611 1620 2054
3240 2 2 28 18 612 1621 2055
3241 2 2 28 18 613 1622 2056
3242 2 2 28 18 614 1623 2057
3243 2 2 28 18 304 2283 1448
3244 2 2 28 18 667 2677 1284
3245 2 2 28 18 452 2681 1225
3246 2 2 28 18 454 2680 1226
3247 2 2 28 18 453 2679 1227
3248 2 2 28 18 455 2678 1228
3249 2 2 28 18 525 1536 2356
3250 2 2 28 18 524 1535 2357
3251 2 2 28 18 523 1534 2358
3252 2 2 28 18 522 1533 2359
3253 2 2 28 18 585 2631 1665
3254 2 2 28 18 1022 2998 2394
3255 2 2 28 18 891 2628 1570
3256 2 2 28 18 170 2434 2107
3257 2 2 28 18 814 2662 1517
3258 2 2 28 18 812 2661 1516
3259 2 2 28 18 813 2660 1515
3260 2 2 28 18 811 2659 1514
3261 2 2 28 18 1125 3013 1825
3262 2 2 28 18 661 2084 1339
3263 2 2 28 18 538 1724 1425
3264 2 2 28 18 549 1640 1636
3265 2 2 28 18 550 1639 1635
3266 2 2 28 18 551 1638 1634
3267 2 2 28 18 552 1637 1633
3268 2 2 28 18 603 1959 1344
3269 2 2 28 18 292 1756 1388
3270 2 2 28 18 553 1632 1644
3271 2 2 28 18 554 1631 1643
3272 2 2 28 18 555 1630 1642
3273 2 2 28 18 556 1629 1641
3274 2 2 28 18 217 1606 2671
3275 2 2 28 18 1043 1780 2618
3276 2 2 28 18 468 2389 1473
3277 2 2 28 18 166 2537 1499
3278 2 2 28 18 164 2092 2058
3279 2 2 28 18 274 2319 1253
3280 2 2 28 18 976 2207 2130
3281 2 2 28 18 671 2315 1265
3282 2 2 28 18 672 1266 2316
3283 2 2 28 18 682 1400 1761
3284 2 2 28 18 271 2905 1735
3285 2 2 28 18 339 2278 1649
3286 2 2 28 18 927 1434 2420
3287 2 2 28 18 174 1266 2127
3288 2 2 28 18 945 2970 1739
3289 2 2 28 18 178 2126 1265
3290 2 2 28 18 335 1381 2518
3291 2 2 28 18 272 1426 2443
3292 2 2 28 18 1786 2184 2764
3293 2 2 28 18 190 2886 2683
3294 2 2 28 18 1220 3007 2250
3295 2 2 28 18 286 1339 2084
3296 2 2 28 18 668 2105 1832
3297 2 2 28 18 786 1636 1640
3298 2 2 28 18 787 1635 1639
3299 2 2 28 18 788 1634 1638
3300 2 2 28 18 789 1633 1637
3301 2 2 28 18 924 1832 2105
3302 2 2 28 18 790 1644 1632
3303 2 2 28 18 791 1643 1631
3304 2 2 28 18 792 1642 1630
3305 2 2 28 18 793 1641 1629
3306 2 2 28 18 888 2586 1964
3307 2 2 28 18 577 1446 1727
3308 2 2 28 18 338 2556 1584
3309 2 2 28 18 337 2557 1583
3310 2 2 28 18 889 1965 2585
3311 2 2 28 18 502 1248 2697
3312 2 2 28 18 838 1980 1486
3313 2 2 28 18 968 2987 1768
3314 2 2 28 18 1074 2968 1757
3315 2 2 28 18 1127 1735 2905
3316 2 2 28 18 257 2256 1537
3317 2 2 28 18 789 1837 2261
3318 2 2 28 18 828 2594 1519
3319 2 2 28 18 163 1881 2337
3320 2 2 28 18 874 1538 2904
3321 2 2 28 18 619 2544 1276
3322 2 2 28 18 620 1277 2545
3323 2 2 28 18 643 1521 1805
3324 2 2 28 18 178 1265 2315
3325 2 2 28 18 174 2316 1266
3326 2 2 28 18 989 2337 1881
3327 2 2 28 18 660 2495 2081
3328 2 2 28 18 319 1368 1796
3329 2 2 28 18 988 2776 2086
3330 2 2 28 18 850 1442 1740
3331 2 2 28 18 1058 1650 2344
3332 2 2 28 18 1059 1651 2342
3333 2 2 28 18 1060 1652 2345
3334 2 2 28 18 1061 1653 2343
3335 2 2 28 18 320 1797 1369
3336 2 2 28 18 438 2641 2848
3337 2 2 28 18 943 1840 2822
3338 2 2 28 18 273 1882 1336
3339 2 2 28 18 354 2142 1725
3340 2 2 28 18 878 1725 2142
3341 2 2 28 18 766 1841 1537
3342 2 2 28 18 806 1270 2456
3343 2 2 28 18 847 1766 2005
3344 2 2 28 18 194 1460 2442
3345 2 2 28 18 409 1424 2696
3346 2 2 28 18 971 2878 1654
3347 2 2 28 18 972 2879 1655
3348 2 2 28 18 973 2880 1656
3349 2 2 28 18 974 2881 1657
3350 2 2 28 18 874 2934 1538
3351 2 2 28 18 429 2006 2303
3352 2 2 28 18 295 2397 1770
3353 2 2 28 18 477 1831 1343
3354 2 2 28 18 296 1769 2398
3355 2 2 28 18 507 1275 2584
3356 2 2 28 18 479 1348 2411
3357 2 2 28 18 1031 1786 1488
3358 2 2 28 18 434 2309 2013
3359 2 2 28 18 540 2789 1291
3360 2 2 28 18 341 1330 1841
3361 2 2 28 18 764 1823 2288
3362 2 2 28 18 203 1567 1990
3363 2 2 28 18 201 1991 1569
3364 2 2 28 18 405 2002 1472
3365 2 2 28 18 201 1327 1991
3366 2 2 28 18 203 1990 1331
3367 2 2 28 18 982 2231 1467
3368 2 2 28 18 165 2238 1271
3369 2 2 28 18 1343 1660 2753
3370 2 2 28 18 703 2509 2059
3371 2 2 28 18 2697 2225 502
3372 2 2 28 18 190 2028 2886
3373 2 2 28 18 592 1328 2938
3374 2 2 28 18 593 2937 1329
3375 2 2 28 18 406 2009 1371
3376 2 2 28 18 918 2111 1496
3377 2 2 28 18 917 2112 1495
3378 2 2 28 18 916 2113 1494
3379 2 2 28 18 915 2114 1493
3380 2 2 28 18 402 1372 2008
3381 2 2 28 18 1138 2518 1381
3382 2 2 28 18 615 2075 1625
3383 2 2 28 18 616 2076 1624
3384 2 2 28 18 617 2077 1627
3385 2 2 28 18 618 2078 1626
3386 2 2 28 18 807 2525 1274
3387 2 2 28 18 526 1891 1474
3388 2 2 28 18 549 1667 1556
3389 2 2 28 18 550 1668 1557
3390 2 2 28 18 551 1669 1558
3391 2 2 28 18 552 1670 1559
3392 2 2 28 18 874 2904 1299
3393 2 2 28 18 1072 2700 2973
3394 2 2 28 18 1325 2157 2606
3395 2 2 28 18 200 1890 1346
3396 2 2 28 18 198 1889 1347
3397 2 2 28 18 694 2399 1261
3398 2 2 28 18 696 2401 1262
3399 2 2 28 18 695 2400 1263
3400 2 2 28 18 697 2402 1264
3401 2 2 28 18 23 24 3003
3402 2 2 28 18 131 132 3001
3403 2 2 28 18 59 60 3002
3404 2 2 28 18 95 96 3000
3405 2 2 28 18 478 2068 1508
3406 2 2 28 18 285 2033 1431
3407 2 2 28 18 582 2194 1475
3408 2 2 28 18 220 1825 3013
3409 2 2 28 18 766 2100 1841
3410 2 2 28 18 1034 2303 2006
3411 2 2 28 18 553 1548 1675
3412 2 2 28 18 554 1549 1676
3413 2 2 28 18 555 1550 1677
3414 2 2 28 18 556 1551 1678
3415 2 2 28 18 151 152 2982
3416 2 2 28 18 43 44 2981
3417 2 2 28 18 115 116 2983
3418 2 2 28 18 79 80 2984
3419 2 2 28 18 216 1785 2717
3420 2 2 28 18 680 1472 2002
3421 2 2 28 18 271 1735 2543
3422 2 2 28 18 1339 2225 2697
3423 2 2 28 18 850 2766 1270
3424 2 2 28 18 561 2238 1503
3425 2 2 28 18 1038 2013 2309
3426 2 2 28 18 411 1818 1494
3427 2 2 28 18 413 1819 1493
3428 2 2 28 18 410 1816 1496
3429 2 2 28 18 412 1817 1495
3430 2 2 28 18 164 1683 2092
3431 2 2 28 18 976 2892 2971
3432 2 2 28 18 197 2466 1476
3433 2 2 28 18 106 1907 1588
3434 2 2 28 18 70 1906 1587
3435 2 2 28 18 142 1909 1590
3436 2 2 28 18 34 1908 1589
3437 2 2 28 18 987 2584 1455
3438 2 2 28 18 227 2955 1329
3439 2 2 28 18 478 2950 1346
3440 2 2 28 18 479 2949 1348
3441 2 2 28 18 480 2948 1347
3442 2 2 28 18 262 1960 1322
3443 2 2 28 18 271 2543 1767
3444 2 2 28 18 642 1371 2009
3445 2 2 28 18 475 2167 1277
3446 2 2 28 18 641 2008 1372
3447 2 2 28 18 474 1276 2165
3448 2 2 28 18 1209 1987 2906
3449 2 2 28 18 540 1330 2763
3450 2 2 28 18 577 1727 2132
3451 2 2 28 18 1785 2743 2717
3452 2 2 28 18 528 1799 1581
3453 2 2 28 18 180 1276 2544
3454 2 2 28 18 176 2545 1277
3455 2 2 28 18 851 2763 1330
3456 2 2 28 18 485 1895 1414
3457 2 2 28 18 949 2548 2752
3458 2 2 28 18 192 2204 1279
3459 2 2 28 18 191 1280 2203
3460 2 2 28 18 2005 2862 2830
3461 2 2 28 18 764 2288 2385
3462 2 2 28 18 903 2131 1383
3463 2 2 28 18 478 2515 1426
3464 2 2 28 18 452 1225 2265
3465 2 2 28 18 454 1226 2264
3466 2 2 28 18 453 1227 2263
3467 2 2 28 18 455 1228 2262
3468 2 2 28 18 512 2877 1304
3469 2 2 28 18 355 2005 2830
3470 2 2 28 18 506 1520 1971
3471 2 2 28 18 516 1284 2269
3472 2 2 28 18 578 2801 1456
3473 2 2 28 18 515 2271 1289
3474 2 2 28 18 23 3003 1625
3475 2 2 28 18 131 3001 1624
3476 2 2 28 18 59 3002 1627
3477 2 2 28 18 95 3000 1626
3478 2 2 28 18 152 1620 2982
3479 2 2 28 18 44 1621 2981
3480 2 2 28 18 116 1622 2983
3481 2 2 28 18 80 1623 2984
3482 2 2 28 18 194 1934 1348
3483 2 2 28 18 993 2095 2136
3484 2 2 28 18 994 2096 2137
3485 2 2 28 18 995 2094 2138
3486 2 2 28 18 1065 2989 1928
3487 2 2 28 18 1064 2988 1927
3488 2 2 28 18 1066 2990 1929
3489 2 2 28 18 1067 2991 1930
3490 2 2 28 18 291 1389 1850
3491 2 2 28 18 1213 1527 2083
3492 2 2 28 18 1212 2082 1528
3493 2 2 28 18 447 2331 1293
3494 2 2 28 18 446 2329 1295
3495 2 2 28 18 448 2330 1294
3496 2 2 28 18 682 1971 1520
3497 2 2 28 18 996 2139 2098
3498 2 2 28 18 997 2140 2099
3499 2 2 28 18 998 2141 2097
3500 2 2 28 18 856 1274 2721
3501 2 2 28 18 627 1414 1895
3502 2 2 28 18 331 1282 2226
3503 2 2 28 18 450 1296 2336
3504 2 2 28 18 451 1297 2335
3505 2 2 28 18 449 1298 2334
3506 2 2 28 18 781 2619 1679
3507 2 2 28 18 783 2621 1681
3508 2 2 28 18 782 2620 1680
3509 2 2 28 18 784 2622 1682
3510 2 2 28 18 276 2136 2095
3511 2 2 28 18 277 2137 2096
3512 2 2 28 18 278 2138 2094
3513 2 2 28 18 869 1488 2688
3514 2 2 28 18 347 1401 2053
3515 2 2 28 18 280 2098 2139
3516 2 2 28 18 281 2099 2140
3517 2 2 28 18 282 2097 2141
3518 2 2 28 18 516 2377 1300
3519 2 2 28 18 638 2031 1350
3520 2 2 28 18 515 1303 2380
3521 2 2 28 18 159 160 1846
3522 2 2 28 18 51 52 1847
3523 2 2 28 18 123 124 1848
3524 2 2 28 18 87 88 1849
3525 2 2 28 18 145 146 2426
3526 2 2 28 18 37 38 2425
3527 2 2 28 18 109 110 2424
3528 2 2 28 18 73 74 2423
3529 2 2 28 18 445 1350 2031
3530 2 2 28 18 353 2194 2088
3531 2 2 28 18 407 1306 2888
3532 2 2 28 18 403 2889 1307
3533 2 2 28 18 689 1394 2423
3534 2 2 28 18 690 1395 2424
3535 2 2 28 18 691 1392 2425
3536 2 2 28 18 692 1393 2426
3537 2 2 28 18 329 2766 1740
3538 2 2 28 18 40 1375 1974
3539 2 2 28 18 148 1376 1973
3540 2 2 28 18 76 1373 1976
3541 2 2 28 18 112 1374 1975
3542 2 2 28 18 440 1316 2776
3543 2 2 28 18 1502 2729 1684
3544 2 2 28 18 487 2613 1321
3545 2 2 28 18 326 1501 2045
3546 2 2 28 18 559 1508 2068
3547 2 2 28 18 503 2441 1527
3548 2 2 28 18 459 1470 2405
3549 2 2 28 18 461 1471 2403
3550 2 2 28 18 698 2045 1501
3551 2 2 28 18 165 2941 2238
3552 2 2 28 18 1344 1959 2825
3553 2 2 28 18 135 1984 1379
3554 2 2 28 18 27 1983 1380
3555 2 2 28 18 99 1982 1377
3556 2 2 28 18 63 1981 1378
3557 2 2 28 18 924 2915 1832
3558 2 2 28 18 673 2785 2091
3559 2 2 28 18 325 2046 1504
3560 2 2 28 18 699 1504 2046
3561 2 2 28 18 528 1581 2170
3562 2 2 28 18 562 2910 1317
3563 2 2 28 18 563 1318 2911
3564 2 2 28 18 763 1762 1783
3565 2 2 28 18 1199 1728 2812
3566 2 2 28 18 1201 1729 2811
3567 2 2 28 18 1200 1730 2810
3568 2 2 28 18 1202 1731 2809
3569 2 2 28 18 504 1528 2447
3570 2 2 28 18 478 1346 2515
3571 2 2 28 18 480 1347 2514
3572 2 2 28 18 809 2479 1563
3573 2 2 28 18 810 2480 1562
3574 2 2 28 18 746 1830 2152
3575 2 2 28 18 471 2327 1292
3576 2 2 28 18 835 2776 1316
3577 2 2 28 18 557 1942 1509
3578 2 2 28 18 558 1941 1511
3579 2 2 28 18 560 1943 1510
3580 2 2 28 18 559 1944 1508
3581 2 2 28 18 505 2012 1592
3582 2 2 28 18 338 2276 1692
3583 2 2 28 18 337 2277 1693
3584 2 2 28 18 491 1324 2632
3585 2 2 28 18 1136 2338 2774
3586 2 2 28 18 237 1488 1786
3587 2 2 28 18 704 1592 2012
3588 2 2 28 18 467 2388 1483
3589 2 2 28 18 469 2390 1484
3590 2 2 28 18 620 2545 1306
3591 2 2 28 18 619 1307 2544
3592 2 2 28 18 634 2004 1628
3593 2 2 28 18 655 1494 1818
3594 2 2 28 18 656 1493 1819
3595 2 2 28 18 654 1496 1816
3596 2 2 28 18 657 1495 1817
3597 2 2 28 18 333 2942 1290
3598 2 2 28 18 625 1385 1962
3599 2 2 28 18 204 1544 2440
3600 2 2 28 18 626 1963 1386
3601 2 2 28 18 586 1783 1762
3602 2 2 28 18 640 1301 2478
3603 2 2 28 18 283 1962 1385
3604 2 2 28 18 639 2477 1302
3605 2 2 28 18 609 1842 1661
3606 2 2 28 18 608 1662 1843
3607 2 2 28 18 620 2229 1408
3608 2 2 28 18 284 1386 1963
3609 2 2 28 18 619 1410 2230
3610 2 2 28 18 766 1537 2256
3611 2 2 28 18 1092 2043 2881
3612 2 2 28 18 1090 2041 2879
3613 2 2 28 18 1091 2042 2880
3614 2 2 28 18 1089 2040 2878
3615 2 2 28 18 668 1832 1593
3616 2 2 28 18 802 1699 2824
3617 2 2 28 18 572 1750 2019
3618 2 2 28 18 692 1921 2567
3619 2 2 28 18 891 1570 1759
3620 2 2 28 18 781 2019 1750
3621 2 2 28 18 378 1654 2878
3622 2 2 28 18 376 1655 2879
3623 2 2 28 18 379 1656 2880
3624 2 2 28 18 377 1657 2881
3625 2 2 28 18 944 1858 2836
3626 2 2 28 18 859 2959 1659
3627 2 2 28 18 382 2522 2197
3628 2 2 28 18 171 1593 1832
3629 2 2 28 18 471 1292 2974
3630 2 2 28 18 239 2133 1829
3631 2 2 28 18 424 2856 1763
3632 2 2 28 18 305 2346 1826
3633 2 2 28 18 1649 2278 2914
3634 2 2 28 18 574 1752 2023
3635 2 2 28 18 573 1751 2024
3636 2 2 28 18 703 1335 2022
3637 2 2 28 18 647 1312 2174
3638 2 2 28 18 646 1313 2175
3639 2 2 28 18 649 1314 2176
3640 2 2 28 18 648 1315 2177
3641 2 2 28 18 719 1777 2142
3642 2 2 28 18 783 2023 1752
3643 2 2 28 18 782 2024 1751
3644 2 2 28 18 220 2281 2718
3645 2 2 28 18 1271 1763 2856
3646 2 2 28 18 764 1883 1823
3647 2 2 28 18 608 1843 1697
3648 2 2 28 18 609 1698 1842
3649 2 2 28 18 878 2142 1777
3650 2 2 28 18 699 2462 1300
3651 2 2 28 18 327 1823 1883
3652 2 2 28 18 659 2244 2205
3653 2 2 28 18 476 2241 2568
3654 2 2 28 18 698 1303 2467
3655 2 2 28 18 172 1958 2624
3656 2 2 28 18 939 1407 2407
3657 2 2 28 18 947 1691 2340
3658 2 2 28 18 599 1769 1524
3659 2 2 28 18 600 1523 1770
3660 2 2 28 18 595 1547 2739
3661 2 2 28 18 885 2194 1685
3662 2 2 28 18 946 2332 1686
3663 2 2 28 18 243 1300 2462
3664 2 2 28 18 245 2186 1721
3665 2 2 28 18 627 1958 1414
3666 2 2 28 18 247 1726 2183
3667 2 2 28 18 367 2972 1325
3668 2 2 28 18 539 2235 1305
3669 2 2 28 18 833 1309 2835
3670 2 2 28 18 831 1308 2834
3671 2 2 28 18 832 1311 2833
3672 2 2 28 18 830 1310 2832
3673 2 2 28 18 867 2580 1313
3674 2 2 28 18 865 2581 1312
3675 2 2 28 18 866 2583 1314
3676 2 2 28 18 868 2582 1315
3677 2 2 28 18 172 1414 1958
3678 2 2 28 18 242 2467 1303
3679 2 2 28 18 1273 2568 2241
3680 2 2 28 18 847 2005 2573
3681 2 2 28 18 216 1522 1785
3682 2 2 28 18 858 1663 2969
3683 2 2 28 18 150 151 1948
3684 2 2 28 18 42 43 1947
3685 2 2 28 18 114 115 1946
3686 2 2 28 18 78 79 1945
3687 2 2 28 18 203 2478 1301
3688 2 2 28 18 201 1302 2477
3689 2 2 28 18 1069 2124 2780
3690 2 2 28 18 1068 2125 2779
3691 2 2 28 18 24 25 1957
3692 2 2 28 18 132 133 1956
3693 2 2 28 18 60 61 1955
3694 2 2 28 18 96 97 1954
3695 2 2 28 18 306 1827 2352
3696 2 2 28 18 196 2328 1292
3697 2 2 28 18 854 1801 1602
3698 2 2 28 18 844 1462 2847
3699 2 2 28 18 855 1601 1800
3700 2 2 28 18 529 2835 1309
3701 2 2 28 18 530 2834 1308
3702 2 2 28 18 531 2833 1311
3703 2 2 28 18 532 2832 1310
3704 2 2 28 18 171 1412 2314
3705 2 2 28 18 844 2842 1319
3706 2 2 28 18 519 2771 1399
3707 2 2 28 18 760 2240 1795
3708 2 2 28 18 146 1718 2426
3709 2 2 28 18 38 1717 2425
3710 2 2 28 18 110 1716 2424
3711 2 2 28 18 74 1715 2423
3712 2 2 28 18 667 1325 2606
3713 2 2 28 18 846 1320 2844
3714 2 2 28 18 674 1686 2332
3715 2 2 28 18 327 2651 1340
3716 2 2 28 18 859 1721 2186
3717 2 2 28 18 676 2340 1691
3718 2 2 28 18 407 1602 1801
3719 2 2 28 18 1600 2825 2823
3720 2 2 28 18 403 1800 1601
3721 2 2 28 18 172 2049 1442
3722 2 2 28 18 858 2183 1726
3723 2 2 28 18 1018 2205 2244
3724 2 2 28 18 1242 1424 2623
3725 2 2 28 18 1150 2016 1543
3726 2 2 28 18 940 2116 1409
3727 2 2 28 18 1151 1544 2017
3728 2 2 28 18 794 1340 2651
3729 2 2 28 18 948 1507 2006
3730 2 2 28 18 424 2825 1959
3731 2 2 28 18 409 2623 1424
3732 2 2 28 18 924 1440 2237
3733 2 2 28 18 593 1329 2955
3734 2 2 28 18 909 2337 2890
3735 2 2 28 18 1053 2616 1852
3736 2 2 28 18 579 1322 2184
3737 2 2 28 18 579 1793 1540
3738 2 2 28 18 787 2888 1306
3739 2 2 28 18 627 1359 2050
3740 2 2 28 18 950 2013 1512
3741 2 2 28 18 791 1307 2889
3742 2 2 28 18 627 2172 1359
3743 2 2 28 18 904 1745 2433
3744 2 2 28 18 509 1422 2409
3745 2 2 28 18 582 1685 2194
3746 2 2 28 18 875 2877 1580
3747 2 2 28 18 860 2825 1600
3748 2 2 28 18 514 1319 2725
3749 2 2 28 18 305 1321 2333
3750 2 2 28 18 387 2991 1986
3751 2 2 28 18 846 2855 1461
3752 2 2 28 18 513 2730 1320
3753 2 2 28 18 1160 2452 2322
3754 2 2 28 18 1159 2451 2323
3755 2 2 28 18 1158 2450 2324
3756 2 2 28 18 1157 2449 2325
3757 2 2 28 18 923 2031 1824
3758 2 2 28 18 764 1844 1883
3759 2 2 28 18 836 1822 2204
3760 2 2 28 18 447 1362 2331
3761 2 2 28 18 446 1363 2329
3762 2 2 28 18 448 1364 2330
3763 2 2 28 18 224 2171 2366
3764 2 2 28 18 287 2322 2452
3765 2 2 28 18 288 2323 2451
3766 2 2 28 18 289 2324 2450
3767 2 2 28 18 290 2325 2449
3768 2 2 28 18 837 2203 1821
3769 2 2 28 18 925 2568 1893
3770 2 2 28 18 732 2279 2270
3771 2 2 28 18 606 1672 1902
3772 2 2 28 18 607 1903 1673
3773 2 2 28 18 757 2391 1845
3774 2 2 28 18 450 2336 1365
3775 2 2 28 18 449 2334 1366
3776 2 2 28 18 451 2335 1367
3777 2 2 28 18 992 1702 2069
3778 2 2 28 18 863 1518 2533
3779 2 2 28 18 638 1883 1844
3780 2 2 28 18 645 1617 2761
3781 2 2 28 18 690 1919 2547
3782 2 2 28 18 1033 2202 1500
3783 2 2 28 18 864 2162 2787
3784 2 2 28 18 1020 1787 2782
3785 2 2 28 18 512 2782 1787
3786 2 2 28 18 205 1597 2152
3787 2 2 28 18 986 1836 2382
3788 2 2 28 18 1110 2366 2171
3789 2 2 28 18 306 2347 1324
3790 2 2 28 18 501 1334 2936
3791 2 2 28 18 883 2521 1580
3792 2 2 28 18 356 2288 2052
3793 2 2 28 18 237 2688 1488
3794 2 2 28 18 321 2546 1524
3795 2 2 28 18 875 1580 2903
3796 2 2 28 18 214 2533 1518
3797 2 2 28 18 645 1325 2972
3798 2 2 28 18 628 1362 2919
3799 2 2 28 18 629 1363 2917
3800 2 2 28 18 630 1364 2918
3801 2 2 28 18 240 1580 2521
3802 2 2 28 18 401 2634 2110
3803 2 2 28 18 572 2019 1415
3804 2 2 28 18 231 1364 2293
3805 2 2 28 18 544 1960 2463
3806 2 2 28 18 574 2023 1416
3807 2 2 28 18 573 2024 1417
3808 2 2 28 18 343 2069 1702
3809 2 2 28 18 701 2384 1526
3810 2 2 28 18 631 2928 1365
3811 2 2 28 18 633 2927 1367
3812 2 2 28 18 632 2926 1366
3813 2 2 28 18 862 1522 2536
3814 2 2 28 18 746 2152 1597
3815 2 2 28 18 610 1433 2189
3816 2 2 28 18 336 1344 2899
3817 2 2 28 18 283 1408 2229
3818 2 2 28 18 284 2230 1410
3819 2 2 28 18 859 2190 2959
3820 2 2 28 18 767 2465 2931
3821 2 2 28 18 810 2541 2480
3822 2 2 28 18 809 2542 2479
3823 2 2 28 18 1679 2619 2977
3824 2 2 28 18 1681 2621 2978
3825 2 2 28 18 1680 2620 2979
3826 2 2 28 18 1682 2622 2980
3827 2 2 28 18 669 1384 2282
3828 2 2 28 18 519 1433 2771
3829 2 2 28 18 493 1491 2464
3830 2 2 28 18 679 1474 1891
3831 2 2 28 18 235 2305 1367
3832 2 2 28 18 860 2899 1344
3833 2 2 28 18 216 2536 1522
3834 2 2 28 18 522 2359 1573
3835 2 2 28 18 523 2358 1571
3836 2 2 28 18 524 2357 1574
3837 2 2 28 18 525 2356 1572
3838 2 2 28 18 874 2226 1877
3839 2 2 28 18 585 1565 1949
3840 2 2 28 18 254 2774 2338
3841 2 2 28 18 590 1860 2313
3842 2 2 28 18 591 1861 2312
3843 2 2 28 18 588 1862 2311
3844 2 2 28 18 589 1863 2310
3845 2 2 28 18 637 1766 2152
3846 2 2 28 18 386 1927 2988
3847 2 2 28 18 385 1928 2989
3848 2 2 28 18 388 1929 2990
3849 2 2 28 18 387 1930 2991
3850 2 2 28 18 636 2195 1388
3851 2 2 28 18 635 1389 2196
3852 2 2 28 18 188 1618 1805
3853 2 2 28 18 1210 2110 2634
3854 2 2 28 18 385 2989 2003
3855 2 2 28 18 771 1920 1717
3856 2 2 28 18 772 1921 1718
3857 2 2 28 18 773 1918 1715
3858 2 2 28 18 774 1919 1716
3859 2 2 28 18 346 2144 2885
3860 2 2 28 18 342 2022 1586
3861 2 2 28 18 744 2520 2459
3862 2 2 28 18 264 2933 1685
3863 2 2 28 18 744 2472 2369
3864 2 2 28 18 365 2939 1355
3865 2 2 28 18 335 2518 1697
3866 2 2 28 18 883 1323 2521
3867 2 2 28 18 643 1805 1618
3868 2 2 28 18 147 148 1973
3869 2 2 28 18 39 40 1974
3870 2 2 28 18 111 112 1975
3871 2 2 28 18 75 76 1976
3872 2 2 28 18 837 1821 2046
3873 2 2 28 18 691 1717 1920
3874 2 2 28 18 692 1718 1921
3875 2 2 28 18 689 1715 1918
3876 2 2 28 18 690 1716 1919
3877 2 2 28 18 836 2045 1822
3878 2 2 28 18 254 2338 1335
3879 2 2 28 18 588 1587 1906
3880 2 2 28 18 589 1588 1907
3881 2 2 28 18 590 1589 1908
3882 2 2 28 18 591 1590 1909
3883 2 2 28 18 857 1568 2848
3884 2 2 28 18 265 1359 2172
3885 2 2 28 18 27 28 1983
3886 2 2 28 18 135 136 1984
3887 2 2 28 18 63 64 1981
3888 2 2 28 18 99 100 1982
3889 2 2 28 18 777 1714 1926
3890 2 2 28 18 778 1711 1923
3891 2 2 28 18 779 1713 1925
3892 2 2 28 18 780 1712 1924
3893 2 2 28 18 214 1518 1854
3894 2 2 28 18 748 2469 2528
3895 2 2 28 18 226 2792 1328
3896 2 2 28 18 227 1329 2793
3897 2 2 28 18 851 1330 2854
3898 2 2 28 18 283 1497 2371
3899 2 2 28 18 284 2372 1498
3900 2 2 28 18 696 1926 1714
3901 2 2 28 18 694 1923 1711
3902 2 2 28 18 697 1925 1713
3903 2 2 28 18 695 1924 1712
3904 2 2 28 18 1127 1343 2753
3905 2 2 28 18 699 2046 1821
3906 2 2 28 18 698 1822 2045
3907 2 2 28 18 748 2379 2489
3908 2 2 28 18 635 2196 2297
3909 2 2 28 18 636 2296 2195
3910 2 2 28 18 271 1357 2205
3911 2 2 28 18 194 2442 1934
3912 2 2 28 18 1133 2843 1782
3913 2 2 28 18 934 1708 2996
3914 2 2 28 18 932 1707 2994
3915 2 2 28 18 933 1706 2993
3916 2 2 28 18 931 1705 2995
3917 2 2 28 18 588 2311 1587
3918 2 2 28 18 589 2310 1588
3919 2 2 28 18 590 2313 1589
3920 2 2 28 18 591 2312 1590
3921 2 2 28 18 858 2969 2191
3922 2 2 28 18 960 3004 2299
3923 2 2 28 18 594 1346 2950
3924 2 2 28 18 596 1347 2948
3925 2 2 28 18 597 1348 2949
3926 2 2 28 18 963 2304 3011
3927 2 2 28 18 196 1343 2739
3928 2 2 28 18 798 1587 2311
3929 2 2 28 18 799 1588 2310
3930 2 2 28 18 800 1589 2313
3931 2 2 28 18 801 1590 2312
3932 2 2 28 18 1102 2778 1341
3933 2 2 28 18 1103 1342 2777
3934 2 2 28 18 367 1370 2972
3935 2 2 28 18 659 2205 1357
3936 2 2 28 18 935 1803 2241
3937 2 2 28 18 557 1351 2944
3938 2 2 28 18 558 1352 2943
3939 2 2 28 18 560 1354 2945
3940 2 2 28 18 559 1353 2946
3941 2 2 28 18 860 1344 2825
3942 2 2 28 18 762 2590 1357
3943 2 2 28 18 645 2972 1370
3944 2 2 28 18 659 1357 2236
3945 2 2 28 18 319 2626 1368
3946 2 2 28 18 320 1369 2627
3947 2 2 28 18 852 1916 1720
3948 2 2 28 18 853 1719 1915
3949 2 2 28 18 732 2270 2849
3950 2 2 28 18 341 2362 1330
3951 2 2 28 18 923 2104 2790
3952 2 2 28 18 527 1901 2748
3953 2 2 28 18 692 2567 1986
3954 2 2 28 18 576 1722 2822
3955 2 2 28 18 315 2664 1415
3956 2 2 28 18 408 1720 1916
3957 2 2 28 18 900 1345 2474
3958 2 2 28 18 276 1607 2564
3959 2 2 28 18 277 1608 2563
3960 2 2 28 18 278 1609 2562
3961 2 2 28 18 404 1915 1719
3962 2 2 28 18 341 1841 2100
3963 2 2 28 18 205 2004 1597
3964 2 2 28 18 280 2554 1610
3965 2 2 28 18 281 2555 1611
3966 2 2 28 18 282 2553 1612
3967 2 2 28 18 828 2587 1459
3968 2 2 28 18 900 2524 1345
3969 2 2 28 18 936 2279 1749
3970 2 2 28 18 425 2166 1853
3971 2 2 28 18 509 2409 1513
3972 2 2 28 18 1057 2237 1440
3973 2 2 28 18 732 2849 2058
3974 2 2 28 18 634 1628 2214
3975 2 2 28 18 202 1459 2587
3976 2 2 28 18 909 2756 2337
3977 2 2 28 18 275 1545 1892
3978 2 2 28 18 292 1388 2195
3979 2 2 28 18 565 1368 2800
3980 2 2 28 18 327 1350 2651
3981 2 2 28 18 291 2196 1389
3982 2 2 28 18 265 2920 1358
3983 2 2 28 18 943 2068 1426
3984 2 2 28 18 564 2798 1369
3985 2 2 28 18 869 2906 1488
3986 2 2 28 18 300 2719 2428
3987 2 2 28 18 503 1341 2599
3988 2 2 28 18 279 1896 1546
3989 2 2 28 18 329 1519 2594
3990 2 2 28 18 266 2838 1360
3991 2 2 28 18 504 2601 1342
3992 2 2 28 18 267 1361 2364
3993 2 2 28 18 1020 2782 1596
3994 2 2 28 18 897 1853 2166
3995 2 2 28 18 331 2512 2029
3996 2 2 28 18 969 2857 2838
3997 2 2 28 18 595 2739 1831
3998 2 2 28 18 706 1697 1843
3999 2 2 28 18 707 1842 1698
4000 2 2 28 18 877 2883 2757
4001 2 2 28 18 629 2329 1363
4002 2 2 28 18 630 2330 1364
4003 2 2 28 18 628 2331 1362
4004 2 2 28 18 196 1547 2328
4005 2 2 28 18 954 2227 2932
4006 2 2 28 18 316 2665 1417
4007 2 2 28 18 317 2666 1416
4008 2 2 28 18 861 1591 2534
4009 2 2 28 18 928 2128 2417
4010 2 2 28 18 632 1366 2334
4011 2 2 28 18 633 1367 2335
4012 2 2 28 18 631 1365 2336
4013 2 2 28 18 851 2002 1779
4014 2 2 28 18 850 2760 1442
4015 2 2 28 18 231 2293 1441
4016 2 2 28 18 628 2919 1438
4017 2 2 28 18 629 2917 1437
4018 2 2 28 18 630 2918 1439
4019 2 2 28 18 815 1415 2664
4020 2 2 28 18 693 2360 1568
4021 2 2 28 18 816 1416 2666
4022 2 2 28 18 817 1417 2665
4023 2 2 28 18 1526 2384 2706
4024 2 2 28 18 405 1779 2002
4025 2 2 28 18 1144 2962 2095
4026 2 2 28 18 1143 2961 2094
4027 2 2 28 18 1145 2963 2096
4028 2 2 28 18 700 1355 2939
4029 2 2 28 18 215 2534 1591
4030 2 2 28 18 172 1442 2760
4031 2 2 28 18 759 2328 1547
4032 2 2 28 18 727 1355 2442
4033 2 2 28 18 631 1443 2928
4034 2 2 28 18 633 1444 2927
4035 2 2 28 18 632 1445 2926
4036 2 2 28 18 705 2127 2257
4037 2 2 28 18 2797 2988 1064
4038 2 2 28 18 2796 2989 1065
4039 2 2 28 18 2795 2990 1066
4040 2 2 28 18 2794 2991 1067
4041 2 2 28 18 930 2663 2804
4042 2 2 28 18 231 2918 1364
4043 2 2 28 18 1394 2988 2797
4044 2 2 28 18 1395 2989 2796
4045 2 2 28 18 1392 2990 2795
4046 2 2 28 18 1393 2991 2794
4047 2 2 28 18 437 1382 2930
4048 2 2 28 18 558 2243 1744
4049 2 2 28 18 560 2244 1743
4050 2 2 28 18 1146 2097 2965
4051 2 2 28 18 1147 2098 2966
4052 2 2 28 18 1148 2099 2967
4053 2 2 28 18 235 1449 2305
4054 2 2 28 18 785 1473 2592
4055 2 2 28 18 235 1367 2927
4056 2 2 28 18 645 1370 2487
4057 2 2 28 18 708 2259 2126
4058 2 2 28 18 908 1878 2220
4059 2 2 28 18 514 2725 1542
4060 2 2 28 18 446 2496 1363
4061 2 2 28 18 805 2690 1436
4062 2 2 28 18 804 2689 1435
4063 2 2 28 18 818 2162 1413
4064 2 2 28 18 746 1823 1830
4065 2 2 28 18 513 1541 2730
4066 2 2 28 18 377 2881 2043
4067 2 2 28 18 379 2880 2042
4068 2 2 28 18 378 2878 2040
4069 2 2 28 18 376 2879 2041
4070 2 2 28 18 1136 1564 2338
4071 2 2 28 18 449 1366 2511
4072 2 2 28 18 463 2657 1412
4073 2 2 28 18 1218 1912 1791
4074 2 2 28 18 768 1412 2657
4075 2 2 28 18 884 2132 1727
4076 2 2 28 18 624 2561 1351
4077 2 2 28 18 622 2560 1352
4078 2 2 28 18 623 2559 1353
4079 2 2 28 18 621 2558 1354
4080 2 2 28 18 1217 1792 1911
4081 2 2 28 18 675 2958 2421
4082 2 2 28 18 1302 1666 2460
4083 2 2 28 18 490 2287 2579
4084 2 2 28 18 843 2258 2433
4085 2 2 28 18 1502 1911 2788
4086 2 2 28 18 677 2419 2960
4087 2 2 28 18 327 1830 1823
4088 2 2 28 18 576 2822 1840
4089 2 2 28 18 493 2286 1491
4090 2 2 28 18 634 2214 1738
4091 2 2 28 18 461 2403 1373
4092 2 2 28 18 460 2404 1374
4093 2 2 28 18 459 2405 1375
4094 2 2 28 18 458 2406 1376
4095 2 2 28 18 464 2027 2257
4096 2 2 28 18 666 2530 1447
4097 2 2 28 18 465 2259 2030
4098 2 2 28 18 1230 2579 2287
4099 2 2 28 18 469 1377 2390
4100 2 2 28 18 468 1378 2389
4101 2 2 28 18 467 1379 2388
4102 2 2 28 18 466 1380 2387
4103 2 2 28 18 173 1384 2902
4104 2 2 28 18 690 2547 2003
4105 2 2 28 18 372 1879 1604
4106 2 2 28 18 808 1425 3012
4107 2 2 28 18 1047 2947 2129
4108 2 2 28 18 200 1436 2690
4109 2 2 28 18 198 1435 2689
4110 2 2 28 18 72 1394 2797
4111 2 2 28 18 36 1392 2795
4112 2 2 28 18 108 1395 2796
4113 2 2 28 18 144 1393 2794
4114 2 2 28 18 955 2297 2196
4115 2 2 28 18 956 2195 2296
4116 2 2 28 18 1124 1493 2114
4117 2 2 28 18 1122 1494 2113
4118 2 2 28 18 1123 1495 2112
4119 2 2 28 18 1121 1496 2111
4120 2 2 28 18 493 1406 2286
4121 2 2 28 18 293 1661 1842
4122 2 2 28 18 730 2466 1370
4123 2 2 28 18 294 1843 1662
4124 2 2 28 18 824 1452 2727
4125 2 2 28 18 825 1453 2728
4126 2 2 28 18 519 2817 1433
4127 2 2 28 18 166 2189 1433
4128 2 2 28 18 946 2257 2027
4129 2 2 28 18 283 2229 1497
4130 2 2 28 18 284 1498 2230
4131 2 2 28 18 957 2428 2824
4132 2 2 28 18 947 2030 2259
4133 2 2 28 18 601 1990 1567
4134 2 2 28 18 602 1569 1991
4135 2 2 28 18 340 2260 1793
4136 2 2 28 18 849 2831 1579
4137 2 2 28 18 951 1782 2843
4138 2 2 28 18 263 1455 2132
4139 2 2 28 18 1154 1525 2044
4140 2 2 28 18 324 1878 2488
4141 2 2 28 18 768 2314 1412
4142 2 2 28 18 1001 1812 3014
4143 2 2 28 18 693 1599 2047
4144 2 2 28 18 1384 1835 2902
4145 2 2 28 18 905 2908 1513
4146 2 2 28 18 303 2592 1473
4147 2 2 28 18 419 1396 2439
4148 2 2 28 18 1210 2908 2997
4149 2 2 28 18 307 2422 1686
4150 2 2 28 18 177 2044 1525
4151 2 2 28 18 1301 2650 1742
4152 2 2 28 18 673 2007 2628
4153 2 2 28 18 161 2495 2437
4154 2 2 28 18 940 2133 2116
4155 2 2 28 18 543 2047 1599
4156 2 2 28 18 860 1600 2535
4157 2 2 28 18 726 1868 1819
4158 2 2 28 18 724 1867 1818
4159 2 2 28 18 725 1866 1817
4160 2 2 28 18 723 1865 1816
4161 2 2 28 18 681 1804 1932
4162 2 2 28 18 267 2364 1738
4163 2 2 28 18 197 1617 2487
4164 2 2 28 18 239 2116 2133
4165 2 2 28 18 656 1819 1868
4166 2 2 28 18 655 1818 1867
4167 2 2 28 18 657 1817 1866
4168 2 2 28 18 654 1816 1865
4169 2 2 28 18 181 1513 2908
4170 2 2 28 18 1337 2785 2437
4171 2 2 28 18 217 2535 1600
4172 2 2 28 18 891 2437 2785
4173 2 2 28 18 195 2727 1452
4174 2 2 28 18 193 2728 1453
4175 2 2 28 18 490 2579 1424
4176 2 2 28 18 968 2761 2987
4177 2 2 28 18 891 1759 2437
4178 2 2 28 18 202 1543 2016
4179 2 2 28 18 204 2017 1544
4180 2 2 28 18 278 2094 2961
4181 2 2 28 18 276 2095 2962
4182 2 2 28 18 277 2096 2963
4183 2 2 28 18 987 2875 1396
4184 2 2 28 18 1281 2501 1724
4185 2 2 28 18 901 1851 1828
4186 2 2 28 18 870 1738 2364
4187 2 2 28 18 762 2416 2923
4188 2 2 28 18 309 1691 2429
4189 2 2 28 18 381 2590 1741
4190 2 2 28 18 684 1933 1820
4191 2 2 28 18 282 2965 2097
4192 2 2 28 18 280 2966 2098
4193 2 2 28 18 281 2967 2099
4194 2 2 28 18 162 1762 2109
4195 2 2 28 18 229 2520 1463
4196 2 2 28 18 230 2519 1464
4197 2 2 28 18 662 1402 2449
4198 2 2 28 18 664 1404 2450
4199 2 2 28 18 663 1403 2451
4200 2 2 28 18 665 1405 2452
4201 2 2 28 18 744 1463 2520
4202 2 2 28 18 743 1464 2519
4203 2 2 28 18 580 1497 2743
4204 2 2 28 18 416 1828 1851
4205 2 2 28 18 323 1406 2807
4206 2 2 28 18 583 2092 1683
4207 2 2 28 18 890 1839 2629
4208 2 2 28 18 463 1412 2915
4209 2 2 28 18 727 1932 1804
4210 2 2 28 18 347 2420 1401
4211 2 2 28 18 854 2743 1497
4212 2 2 28 18 311 1514 2659
4213 2 2 28 18 313 1515 2660
4214 2 2 28 18 312 1516 2661
4215 2 2 28 18 314 1517 2662
4216 2 2 28 18 926 2144 1477
4217 2 2 28 18 485 1414 2710
4218 2 2 28 18 308 1420 2517
4219 2 2 28 18 321 1524 2460
4220 2 2 28 18 318 2393 1784
4221 2 2 28 18 323 2755 1406
4222 2 2 28 18 233 1468 2528
4223 2 2 28 18 234 1469 2527
4224 2 2 28 18 818 1413 2393
4225 2 2 28 18 772 2406 2954
4226 2 2 28 18 488 2369 1419
4227 2 2 28 18 489 2370 1420
4228 2 2 28 18 887 2775 2169
4229 2 2 28 18 748 2528 1468
4230 2 2 28 18 747 2527 1469
4231 2 2 28 18 509 2339 1431
4232 2 2 28 18 763 2109 1762
4233 2 2 28 18 20 21 2292
4234 2 2 28 18 128 129 2291
4235 2 2 28 18 56 57 2290
4236 2 2 28 18 92 93 2289
4237 2 2 28 18 485 2014 1895
4238 2 2 28 18 581 1498 2372
4239 2 2 28 18 580 2371 1497
4240 2 2 28 18 322 2650 1523
4241 2 2 28 18 739 1441 2293
4242 2 2 28 18 4 2497 1536
4243 2 2 28 18 16 2499 1535
4244 2 2 28 18 8 2498 1534
4245 2 2 28 18 12 2500 1533
4246 2 2 28 18 1095 1860 1929
4247 2 2 28 18 1096 1861 1930
4248 2 2 28 18 1093 1862 1927
4249 2 2 28 18 1094 1863 1928
4250 2 2 28 18 870 1701 2448
4251 2 2 28 18 1267 2923 2416
4252 2 2 28 18 1045 2360 2047
4253 2 2 28 18 634 1597 2004
4254 2 2 28 18 161 2437 1759
4255 2 2 28 18 763 2284 2841
4256 2 2 28 18 1491 2286 2903
4257 2 2 28 18 356 2448 1701
4258 2 2 28 18 672 2316 1427
4259 2 2 28 18 334 1783 2317
4260 2 2 28 18 671 1428 2315
4261 2 2 28 18 290 2449 1402
4262 2 2 28 18 288 2451 1403
4263 2 2 28 18 289 2450 1404
4264 2 2 28 18 287 2452 1405
4265 2 2 28 18 1161 2935 2682
4266 2 2 28 18 310 2531 1429
4267 2 2 28 18 943 2822 1421
4268 2 2 28 18 734 1424 2579
4269 2 2 28 18 730 1820 1933
4270 2 2 28 18 792 1630 2354
4271 2 2 28 18 791 1631 2355
4272 2 2 28 18 790 1632 2353
4273 2 2 28 18 1289 1748 2692
4274 2 2 28 18 701 2884 2384
4275 2 2 28 18 788 2350 1634
4276 2 2 28 18 787 2351 1635
4277 2 2 28 18 786 2349 1636
4278 2 2 28 18 643 2093 1521
4279 2 2 28 18 353 1475 2194
4280 2 2 28 18 495 1429 2378
4281 2 2 28 18 494 1430 2379
4282 2 2 28 18 721 1579 2482
4283 2 2 28 18 388 2990 2070
4284 2 2 28 18 386 2988 2071
4285 2 2 28 18 745 2305 1449
4286 2 2 28 18 528 1664 2470
4287 2 2 28 18 179 1528 2082
4288 2 2 28 18 175 2083 1527
4289 2 2 28 18 583 1723 2092
4290 2 2 28 18 770 2719 1465
4291 2 2 28 18 417 2836 1858
4292 2 2 28 18 610 2189 2396
4293 2 2 28 18 172 2760 1414
4294 2 2 28 18 678 2135 1586
4295 2 2 28 18 87 1849 2500
4296 2 2 28 18 51 1847 2498
4297 2 2 28 18 123 1848 2499
4298 2 2 28 18 159 1846 2497
4299 2 2 28 18 733 2529 2285
4300 2 2 28 18 956 2296 1458
4301 2 2 28 18 955 1459 2297
4302 2 2 28 18 1284 2677 1755
4303 2 2 28 18 674 1993 1686
4304 2 2 28 18 673 2628 2785
4305 2 2 28 18 362 2354 1630
4306 2 2 28 18 363 2355 1631
4307 2 2 28 18 361 2353 1632
4308 2 2 28 18 358 1634 2350
4309 2 2 28 18 359 1635 2351
4310 2 2 28 18 357 1636 2349
4311 2 2 28 18 931 2066 1705
4312 2 2 28 18 933 2065 1706
4313 2 2 28 18 932 2063 1707
4314 2 2 28 18 934 2064 1708
4315 2 2 28 18 930 2804 2166
4316 2 2 28 18 739 2613 1441
4317 2 2 28 18 307 1686 1993
4318 2 2 28 18 743 2370 1464
4319 2 2 28 18 744 2369 1463
4320 2 2 28 18 676 1691 2010
4321 2 2 28 18 729 1864 2073
4322 2 2 28 18 342 1586 2135
4323 2 2 28 18 510 2481 1485
4324 2 2 28 18 308 2267 2799
4325 2 2 28 18 228 2907 2952
4326 2 2 28 18 763 2841 2109
4327 2 2 28 18 763 1783 2156
4328 2 2 28 18 876 3007 1432
4329 2 2 28 18 856 2591 2287
4330 2 2 28 18 290 1402 2373
4331 2 2 28 18 288 1403 2374
4332 2 2 28 18 289 1404 2375
4333 2 2 28 18 287 1405 2376
4334 2 2 28 18 309 2010 1691
4335 2 2 28 18 323 1979 2383
4336 2 2 28 18 166 1433 2537
4337 2 2 28 18 820 2073 1864
4338 2 2 28 18 675 1961 2958
4339 2 2 28 18 1032 2516 2887
4340 2 2 28 18 349 2702 1900
4341 2 2 28 18 348 2703 1898
4342 2 2 28 18 351 2704 1899
4343 2 2 28 18 350 2705 1897
4344 2 2 28 18 810 1747 2541
4345 2 2 28 18 809 1746 2542
4346 2 2 28 18 855 2859 1498
4347 2 2 28 18 854 1497 2858
4348 2 2 28 18 747 1469 2378
4349 2 2 28 18 748 1468 2379
4350 2 2 28 18 1225 1873 2265
4351 2 2 28 18 1226 1872 2264
4352 2 2 28 18 1227 1871 2263
4353 2 2 28 18 1228 1870 2262
4354 2 2 28 18 899 2212 2830
4355 2 2 28 18 228 2952 1813
4356 2 2 28 18 844 1504 2377
4357 2 2 28 18 542 1598 2120
4358 2 2 28 18 384 2129 2947
4359 2 2 28 18 846 2380 1501
4360 2 2 28 18 1223 2464 1491
4361 2 2 28 18 508 1432 3007
4362 2 2 28 18 759 2213 1931
4363 2 2 28 18 745 1449 2632
4364 2 2 28 18 324 1778 2884
4365 2 2 28 18 487 1441 2613
4366 2 2 28 18 877 2762 2481
4367 2 2 28 18 224 1790 2652
4368 2 2 28 18 677 2960 1970
4369 2 2 28 18 488 1463 2369
4370 2 2 28 18 489 1464 2370
4371 2 2 28 18 4 159 2497
4372 2 2 28 18 16 123 2499
4373 2 2 28 18 8 51 2498
4374 2 2 28 18 12 87 2500
4375 2 2 28 18 634 2052 1597
4376 2 2 28 18 100 101 2872
4377 2 2 28 18 64 65 2871
4378 2 2 28 18 136 137 2870
4379 2 2 28 18 28 29 2869
4380 2 2 28 18 164 2086 1901
4381 2 2 28 18 759 2227 2213
4382 2 2 28 18 74 75 2867
4383 2 2 28 18 110 111 2866
4384 2 2 28 18 38 39 2865
4385 2 2 28 18 146 147 2864
4386 2 2 28 18 1042 1658 2079
4387 2 2 28 18 496 1488 2906
4388 2 2 28 18 716 1555 2373
4389 2 2 28 18 718 1554 2375
4390 2 2 28 18 715 1553 2374
4391 2 2 28 18 717 1552 2376
4392 2 2 28 18 1260 2384 2884
4393 2 2 28 18 334 2156 1783
4394 2 2 28 18 218 2365 2698
4395 2 2 28 18 300 1465 2719
4396 2 2 28 18 311 2158 1514
4397 2 2 28 18 313 2160 1515
4398 2 2 28 18 312 2159 1516
4399 2 2 28 18 314 2161 1517
4400 2 2 28 18 732 2058 2092
4401 2 2 28 18 510 2904 1538
4402 2 2 28 18 310 2802 2272
4403 2 2 28 18 700 2939 1447
4404 2 2 28 18 1348 1934 2411
4405 2 2 28 18 935 2283 2034
4406 2 2 28 18 734 2696 1424
4407 2 2 28 18 1116 2193 2206
4408 2 2 28 18 410 2713 1529
4409 2 2 28 18 411 2715 1530
4410 2 2 28 18 412 2714 1531
4411 2 2 28 18 413 2716 1532
4412 2 2 28 18 360 2261 1598
4413 2 2 28 18 662 1575 2812
4414 2 2 28 18 663 1576 2810
4415 2 2 28 18 664 1577 2811
4416 2 2 28 18 665 1578 2809
4417 2 2 28 18 274 2207 1539
4418 2 2 28 18 298 2954 1423
4419 2 2 28 18 495 2378 1469
4420 2 2 28 18 494 2379 1468
4421 2 2 28 18 654 1865 2178
4422 2 2 28 18 657 1866 2179
4423 2 2 28 18 655 1867 2180
4424 2 2 28 18 656 1868 2181
4425 2 2 28 18 290 2373 1555
4426 2 2 28 18 288 2374 1553
4427 2 2 28 18 289 2375 1554
4428 2 2 28 18 287 2376 1552
4429 2 2 28 18 491 2632 1449
4430 2 2 28 18 835 1901 2086
4431 2 2 28 18 488 1435 2615
4432 2 2 28 18 489 1436 2614
4433 2 2 28 18 509 2754 1422
4434 2 2 28 18 721 1598 2261
4435 2 2 28 18 738 1940 1950
4436 2 2 28 18 737 1939 1951
4437 2 2 28 18 736 1938 1952
4438 2 2 28 18 735 1937 1953
4439 2 2 28 18 679 1922 1910
4440 2 2 28 18 291 1850 1922
4441 2 2 28 18 266 1794 2838
4442 2 2 28 18 231 1441 2617
4443 2 2 28 18 839 1529 2713
4444 2 2 28 18 841 1530 2715
4445 2 2 28 18 840 1531 2714
4446 2 2 28 18 842 1532 2716
4447 2 2 28 18 654 2178 1897
4448 2 2 28 18 657 2179 1899
4449 2 2 28 18 655 2180 1898
4450 2 2 28 18 656 2181 1900
4451 2 2 28 18 175 2695 1450
4452 2 2 28 18 365 1447 2939
4453 2 2 28 18 216 2717 2445
4454 2 2 28 18 305 1826 1932
4455 2 2 28 18 797 1483 2779
4456 2 2 28 18 796 1484 2780
4457 2 2 28 18 898 2067 2624
4458 2 2 28 18 685 1950 1940
4459 2 2 28 18 686 1951 1939
4460 2 2 28 18 687 1952 1938
4461 2 2 28 18 688 1953 1937
4462 2 2 28 18 731 1910 1922
4463 2 2 28 18 512 1580 2877
4464 2 2 28 18 179 1454 2694
4465 2 2 28 18 610 2771 1433
4466 2 2 28 18 1030 2285 2529
4467 2 2 28 18 162 2109 2435
4468 2 2 28 18 658 2206 2193
4469 2 2 28 18 263 1791 1912
4470 2 2 28 18 264 1911 1792
4471 2 2 28 18 969 2838 1794
4472 2 2 28 18 951 2549 1451
4473 2 2 28 18 798 2503 1587
4474 2 2 28 18 799 2502 1588
4475 2 2 28 18 800 2505 1589
4476 2 2 28 18 801 2504 1590
4477 2 2 28 18 235 2633 1449
4478 2 2 28 18 1137 2418 1466
4479 2 2 28 18 308 2799 1994
4480 2 2 28 18 304 2034 2283
4481 2 2 28 18 991 2435 2109
4482 2 2 28 18 670 1539 2207
4483 2 2 28 18 334 1698 2408
4484 2 2 28 18 472 1913 1821
4485 2 2 28 18 739 2293 2476
4486 2 2 28 18 382 2067 2108
4487 2 2 28 18 495 2924 1452
4488 2 2 28 18 494 2925 1453
4489 2 2 28 18 473 1822 1914
4490 2 2 28 18 306 1933 1827
4491 2 2 28 18 670 2971 1446
4492 2 2 28 18 765 1450 2695
4493 2 2 28 18 898 2108 2067
4494 2 2 28 18 745 2483 2305
4495 2 2 28 18 321 2460 1666
4496 2 2 28 18 294 2321 1595
4497 2 2 28 18 293 1594 2320
4498 2 2 28 18 769 2694 1454
4499 2 2 28 18 721 2120 1598
4500 2 2 28 18 198 2643 1435
4501 2 2 28 18 200 2642 1436
4502 2 2 28 18 699 1821 1913
4503 2 2 28 18 627 2050 1958
4504 2 2 28 18 232 2929 1917
4505 2 2 28 18 703 2059 2598
4506 2 2 28 18 487 2772 1441
4507 2 2 28 18 898 1958 2050
4508 2 2 28 18 698 1914 1822
4509 2 2 28 18 1048 1917 2929
4510 2 2 28 18 510 1538 2481
4511 2 2 28 18 326 2636 1461
4512 2 2 28 18 1215 2120 2482
4513 2 2 28 18 910 2693 2435
4514 2 2 28 18 803 2239 2616
4515 2 2 28 18 310 2011 2802
4516 2 2 28 18 566 1605 2692
4517 2 2 28 18 325 1462 2638
4518 2 2 28 18 241 1538 2934
4519 2 2 28 18 69 1587 2503
4520 2 2 28 18 105 1588 2502
4521 2 2 28 18 33 1589 2505
4522 2 2 28 18 141 1590 2504
4523 2 2 28 18 493 2464 2015
4524 2 2 28 18 829 2805 1458
4525 2 2 28 18 828 1459 2803
4526 2 2 28 18 255 2896 1760
4527 2 2 28 18 567 2677 1613
4528 2 2 28 18 985 2480 2541
4529 2 2 28 18 984 2479 2542
4530 2 2 28 18 218 2897 2365
4531 2 2 28 18 899 2032 2212
4532 2 2 28 18 666 1605 2530
4533 2 2 28 18 245 1721 2332
4534 2 2 28 18 775 1470 2722
4535 2 2 28 18 776 1471 2723
4536 2 2 28 18 254 2072 2538
4537 2 2 28 18 775 2828 1470
4538 2 2 28 18 776 2829 1471
4539 2 2 28 18 700 1447 2901
4540 2 2 28 18 326 1461 2855
4541 2 2 28 18 794 2438 2102
4542 2 2 28 18 302 2779 1483
4543 2 2 28 18 301 2780 1484
4544 2 2 28 18 875 2903 2286
4545 2 2 28 18 959 1760 2896
4546 2 2 28 18 952 1485 2461
4547 2 2 28 18 681 1932 1826
4548 2 2 28 18 247 2340 1726
4549 2 2 28 18 240 2903 1580
4550 2 2 28 18 325 2847 1462
4551 2 2 28 18 222 2212 2032
4552 2 2 28 18 980 2102 2438
4553 2 2 28 18 268 2654 1467
4554 2 2 28 18 1396 2875 1912
4555 2 2 28 18 684 1827 1933
4556 2 2 28 18 283 2371 1962
4557 2 2 28 18 667 2606 1613
4558 2 2 28 18 284 1963 2372
4559 2 2 28 18 731 1922 1850
4560 2 2 28 18 637 2005 1766
4561 2 2 28 18 999 2538 2072
4562 2 2 28 18 1363 2519 2917
4563 2 2 28 18 1362 2520 2919
4564 2 2 28 18 1002 2599 1961
4565 2 2 28 18 488 2615 1562
4566 2 2 28 18 489 2614 1563
4567 2 2 28 18 877 1538 2883
4568 2 2 28 18 797 2740 1483
4569 2 2 28 18 796 2741 1484
4570 2 2 28 18 221 1466 2787
4571 2 2 28 18 270 2606 2157
4572 2 2 28 18 691 1920 2431
4573 2 2 28 18 689 1918 2430
4574 2 2 28 18 878 2341 1725
4575 2 2 28 18 487 1460 2758
4576 2 2 28 18 241 2883 1538
4577 2 2 28 18 1006 1725 2341
4578 2 2 28 18 1792 2911 2933
4579 2 2 28 18 1791 2957 2910
4580 2 2 28 18 609 2408 1698
4581 2 2 28 18 905 1513 2409
4582 2 2 28 18 83 84 2248
4583 2 2 28 18 119 120 2247
4584 2 2 28 18 47 48 2246
4585 2 2 28 18 155 156 2245
4586 2 2 28 18 459 2722 1470
4587 2 2 28 18 461 2723 1471
4588 2 2 28 18 1366 2926 2527
4589 2 2 28 18 1365 2928 2528
4590 2 2 28 18 230 2917 2519
4591 2 2 28 18 229 2919 2520
4592 2 2 28 18 1342 1520 2777
4593 2 2 28 18 506 2777 1520
4594 2 2 28 18 1003 1970 2601
4595 2 2 28 18 703 2598 2072
4596 2 2 28 18 336 2275 1815
4597 2 2 28 18 711 1705 2066
4598 2 2 28 18 712 1706 2065
4599 2 2 28 18 709 1707 2063
4600 2 2 28 18 710 1708 2064
4601 2 2 28 18 1003 2802 1970
4602 2 2 28 18 649 2119 2138
4603 2 2 28 18 647 2117 2136
4604 2 2 28 18 648 2118 2137
4605 2 2 28 18 653 2141 2123
4606 2 2 28 18 652 2140 2122
4607 2 2 28 18 650 2139 2121
4608 2 2 28 18 234 2527 2926
4609 2 2 28 18 233 2528 2928
4610 2 2 28 18 1002 1961 2799
4611 2 2 28 18 789 1472 2913
4612 2 2 28 18 467 1483 2740
4613 2 2 28 18 469 1484 2741
4614 2 2 28 18 588 1927 1862
4615 2 2 28 18 589 1928 1863
4616 2 2 28 18 590 1929 1860
4617 2 2 28 18 591 1930 1861
4618 2 2 28 18 491 3014 1476
4619 2 2 28 18 336 1582 2275
4620 2 2 28 18 337 1583 2277
4621 2 2 28 18 338 1584 2276
4622 2 2 28 18 339 1585 2278
4623 2 2 28 18 1334 1776 2936
4624 2 2 28 18 995 2138 2119
4625 2 2 28 18 994 2137 2118
4626 2 2 28 18 993 2136 2117
4627 2 2 28 18 512 1482 2782
4628 2 2 28 18 322 1742 2650
4629 2 2 28 18 1346 1890 2515
4630 2 2 28 18 1347 1889 2514
4631 2 2 28 18 297 1470 2828
4632 2 2 28 18 299 1471 2829
4633 2 2 28 18 364 1599 2234
4634 2 2 28 18 998 2123 2141
4635 2 2 28 18 997 2122 2140
4636 2 2 28 18 996 2121 2139
4637 2 2 28 18 677 1970 2802
4638 2 2 28 18 488 2708 1463
4639 2 2 28 18 489 2707 1464
4640 2 2 28 18 1382 2074 2930
4641 2 2 28 18 942 2260 2007
4642 2 2 28 18 194 2712 1460
4643 2 2 28 18 675 2799 1961
4644 2 2 28 18 940 2494 2133
4645 2 2 28 18 939 2134 2493
4646 2 2 28 18 294 1662 2321
4647 2 2 28 18 293 2320 1661
4648 2 2 28 18 266 2173 2912
4649 2 2 28 18 761 2522 1876
4650 2 2 28 18 1047 2129 2028
4651 2 2 28 18 241 1477 2883
4652 2 2 28 18 990 2219 2765
4653 2 2 28 18 355 1777 2106
4654 2 2 28 18 732 2092 1723
4655 2 2 28 18 693 2234 1599
4656 2 2 28 18 905 2997 2908
4657 2 2 28 18 562 1791 2910
4658 2 2 28 18 810 1562 2615
4659 2 2 28 18 809 1563 2614
4660 2 2 28 18 741 1768 2514
4661 2 2 28 18 563 2911 1792
4662 2 2 28 18 1068 1811 2924
4663 2 2 28 18 1069 1810 2925
4664 2 2 28 18 101 1711 2872
4665 2 2 28 18 65 1712 2871
4666 2 2 28 18 137 1714 2870
4667 2 2 28 18 29 1713 2869
4668 2 2 28 18 719 2106 1777
4669 2 2 28 18 795 1971 1979
4670 2 2 28 18 74 2867 1715
4671 2 2 28 18 110 2866 1716
4672 2 2 28 18 38 2865 1717
4673 2 2 28 18 146 2864 1718
4674 2 2 28 18 682 1979 1971
4675 2 2 28 18 732 1723 2279
4676 2 2 28 18 157 158 2996
4677 2 2 28 18 49 50 2994
4678 2 2 28 18 121 122 2993
4679 2 2 28 18 85 86 2995
4680 2 2 28 18 1182 2397 1541
4681 2 2 28 18 1181 1542 2398
4682 2 2 28 18 462 2843 2202
4683 2 2 28 18 89 2254 1873
4684 2 2 28 18 125 2252 1871
4685 2 2 28 18 53 2253 1872
4686 2 2 28 18 17 2251 1870
4687 2 2 28 18 927 2396 2189
4688 2 2 28 18 210 1951 2209
4689 2 2 28 18 211 1953 2208
4690 2 2 28 18 212 1950 2211
4691 2 2 28 18 213 1952 2210
4692 2 2 28 18 1070 2214 1628
4693 2 2 28 18 324 2884 2220
4694 2 2 28 18 240 1491 2903
4695 2 2 28 18 758 3013 2215
4696 2 2 28 18 639 2460 1524
4697 2 2 28 18 320 3005 2458
4698 2 2 28 18 319 2457 3006
4699 2 2 28 18 437 2629 1839
4700 2 2 28 18 821 2475 2789
4701 2 2 28 18 374 1734 2421
4702 2 2 28 18 541 2753 1660
4703 2 2 28 18 332 2279 1723
4704 2 2 28 18 1368 2626 2876
4705 2 2 28 18 672 2320 1594
4706 2 2 28 18 671 1595 2321
4707 2 2 28 18 662 2812 1728
4708 2 2 28 18 664 2811 1729
4709 2 2 28 18 663 2810 1730
4710 2 2 28 18 665 2809 1731
4711 2 2 28 18 638 1824 2031
4712 2 2 28 18 716 2265 1873
4713 2 2 28 18 718 2264 1872
4714 2 2 28 18 715 2263 1871
4715 2 2 28 18 717 2262 1870
4716 2 2 28 18 674 2550 1733
4717 2 2 28 18 717 2376 2262
4718 2 2 28 18 715 2374 2263
4719 2 2 28 18 718 2375 2264
4720 2 2 28 18 716 2373 2265
4721 2 2 28 18 1369 2874 2627
4722 2 2 28 18 295 2608 1703
4723 2 2 28 18 296 1704 2607
4724 2 2 28 18 418 2729 1502
4725 2 2 28 18 642 2876 2626
4726 2 2 28 18 714 2540 1540
4727 2 2 28 18 326 2855 1501
4728 2 2 28 18 674 1721 2550
4729 2 2 28 18 325 1504 2847
4730 2 2 28 18 641 2627 2874
4731 2 2 28 18 645 2487 1617
4732 2 2 28 18 1134 2895 2672
4733 2 2 28 18 1291 2789 2475
4734 2 2 28 18 1133 2202 2843
4735 2 2 28 18 480 2987 1509
4736 2 2 28 18 381 2419 1736
4737 2 2 28 18 880 1535 2499
4738 2 2 28 18 879 1536 2497
4739 2 2 28 18 881 1534 2498
4740 2 2 28 18 882 1533 2500
4741 2 2 28 18 349 1807 2064
4742 2 2 28 18 348 1806 2063
4743 2 2 28 18 351 1809 2065
4744 2 2 28 18 350 1808 2066
4745 2 2 28 18 817 2649 1601
4746 2 2 28 18 691 2431 2070
4747 2 2 28 18 689 2430 2071
4748 2 2 28 18 813 1602 2646
4749 2 2 28 18 719 2142 2501
4750 2 2 28 18 676 1737 2552
4751 2 2 28 18 710 1650 2245
4752 2 2 28 18 709 1651 2246
4753 2 2 28 18 712 1652 2247
4754 2 2 28 18 711 1653 2248
4755 2 2 28 18 877 2481 1538
4756 2 2 28 18 68 69 2503
4757 2 2 28 18 104 105 2502
4758 2 2 28 18 32 33 2505
4759 2 2 28 18 140 141 2504
4760 2 2 28 18 720 2167 3004
4761 2 2 28 18 566 2692 1748
4762 2 2 28 18 846 1501 2855
4763 2 2 28 18 1425 1724 3012
4764 2 2 28 18 599 1524 2546
4765 2 2 28 18 560 1510 2894
4766 2 2 28 18 558 1511 2893
4767 2 2 28 18 722 3011 2165
4768 2 2 28 18 758 2392 3013
4769 2 2 28 18 844 2847 1504
4770 2 2 28 18 676 2552 1726
4771 2 2 28 18 249 2074 2169
4772 2 2 28 18 267 1738 2214
4773 2 2 28 18 567 1755 2677
4774 2 2 28 18 723 2684 1556
4775 2 2 28 18 725 2685 1557
4776 2 2 28 18 724 2686 1558
4777 2 2 28 18 726 2687 1559
4778 2 2 28 18 961 1895 2014
4779 2 2 28 18 711 2248 1705
4780 2 2 28 18 709 2246 1707
4781 2 2 28 18 712 2247 1706
4782 2 2 28 18 710 2245 1708
4783 2 2 28 18 850 1740 2766
4784 2 2 28 18 887 2169 2074
4785 2 2 28 18 262 1540 2540
4786 2 2 28 18 1097 1502 2788
4787 2 2 28 18 764 2385 1593
4788 2 2 28 18 232 2909 1507
4789 2 2 28 18 181 1568 2863
4790 2 2 28 18 445 2151 2410
4791 2 2 28 18 1134 2672 1710
4792 2 2 28 18 256 1814 2216
4793 2 2 28 18 236 1512 2916
4794 2 2 28 18 1246 2748 2103
4795 2 2 28 18 155 2245 1650
4796 2 2 28 18 83 2248 1653
4797 2 2 28 18 47 2246 1651
4798 2 2 28 18 119 2247 1652
4799 2 2 28 18 186 2361 2394
4800 2 2 28 18 403 1601 2649
4801 2 2 28 18 90 91 2816
4802 2 2 28 18 54 55 2815
4803 2 2 28 18 126 127 2814
4804 2 2 28 18 18 19 2813
4805 2 2 28 18 407 2646 1602
4806 2 2 28 18 962 2410 2151
4807 2 2 28 18 710 2064 1807
4808 2 2 28 18 709 2063 1806
4809 2 2 28 18 711 2066 1808
4810 2 2 28 18 712 2065 1809
4811 2 2 28 18 659 1743 2244
4812 2 2 28 18 658 1744 2243
4813 2 2 28 18 1341 2778 1592
4814 2 2 28 18 505 1592 2778
4815 2 2 28 18 640 1523 2650
4816 2 2 28 18 1022 2394 2361
4817 2 2 28 18 761 2216 1814
4818 2 2 28 18 202 2587 2242
4819 2 2 28 18 1046 2242 2587
4820 2 2 28 18 576 1603 2625
4821 2 2 28 18 181 2863 1513
4822 2 2 28 18 857 2863 1568
4823 2 2 28 18 311 1556 2684
4824 2 2 28 18 313 1557 2685
4825 2 2 28 18 312 1558 2686
4826 2 2 28 18 314 1559 2687
4827 2 2 28 18 488 1562 2708
4828 2 2 28 18 489 1563 2707
4829 2 2 28 18 1228 2678 1846
4830 2 2 28 18 1226 2680 1847
4831 2 2 28 18 1225 2681 1849
4832 2 2 28 18 1227 2679 1848
4833 2 2 28 18 84 1705 2248
4834 2 2 28 18 48 1707 2246
4835 2 2 28 18 120 1706 2247
4836 2 2 28 18 156 1708 2245
4837 2 2 28 18 882 2500 1849
4838 2 2 28 18 881 2498 1847
4839 2 2 28 18 880 2499 1848
4840 2 2 28 18 879 2497 1846
4841 2 2 28 18 205 2152 1766
4842 2 2 28 18 827 1526 2706
4843 2 2 28 18 342 2509 2022
4844 2 2 28 18 335 2318 1859
4845 2 2 28 18 1001 2187 2592
4846 2 2 28 18 175 1527 2695
4847 2 2 28 18 296 2607 1769
4848 2 2 28 18 295 1770 2608
4849 2 2 28 18 179 2694 1528
4850 2 2 28 18 196 2739 1547
4851 2 2 28 18 710 2344 1650
4852 2 2 28 18 709 2342 1651
4853 2 2 28 18 712 2345 1652
4854 2 2 28 18 711 2343 1653
4855 2 2 28 18 826 2029 2012
4856 2 2 28 18 250 2812 1575
4857 2 2 28 18 252 2810 1576
4858 2 2 28 18 251 2811 1577
4859 2 2 28 18 253 2809 1578
4860 2 2 28 18 724 1530 2686
4861 2 2 28 18 723 1529 2684
4862 2 2 28 18 726 1532 2687
4863 2 2 28 18 725 1531 2685
4864 2 2 28 18 851 2671 2763
4865 2 2 28 18 872 2792 1936
4866 2 2 28 18 871 1935 2793
4867 2 2 28 18 1166 2757 2936
4868 2 2 28 18 1135 2116 2975
4869 2 2 28 18 429 2363 2953
4870 2 2 28 18 422 2882 1910
4871 2 2 28 18 776 2708 1562
4872 2 2 28 18 775 2707 1563
4873 2 2 28 18 700 1754 2411
4874 2 2 28 18 207 2178 1865
4875 2 2 28 18 206 2180 1867
4876 2 2 28 18 209 2179 1866
4877 2 2 28 18 208 2181 1868
4878 2 2 28 18 319 1796 2457
4879 2 2 28 18 320 2458 1797
4880 2 2 28 18 702 2597 1893
4881 2 2 28 18 434 2956 2367
4882 2 2 28 18 239 2975 2116
4883 2 2 28 18 7 41 2603
4884 2 2 28 18 3 149 2602
4885 2 2 28 18 15 113 2604
4886 2 2 28 18 11 77 2605
4887 2 2 28 18 681 2701 1804
4888 2 2 28 18 765 2441 2267
4889 2 2 28 18 2 2609 26
4890 2 2 28 18 14 2610 134
4891 2 2 28 18 10 2612 98
4892 2 2 28 18 6 2611 62
4893 2 2 28 18 769 2272 2447
4894 2 2 28 18 1002 2267 2441
4895 2 2 28 18 1003 2447 2272
4896 2 2 28 18 561 2475 1763
4897 2 2 28 18 763 2156 2284
4898 2 2 28 18 1119 2439 1683
4899 2 2 28 18 228 2706 2384
4900 2 2 28 18 1056 2912 2173
4901 2 2 28 18 541 1660 2382
4902 2 2 28 18 929 2284 2156
4903 2 2 28 18 1032 2216 2516
4904 2 2 28 18 684 1820 2726
4905 2 2 28 18 848 2067 2197
4906 2 2 28 18 1230 2035 2463
4907 2 2 28 18 713 2382 1660
4908 2 2 28 18 400 2274 2436
4909 2 2 28 18 885 1685 2933
4910 2 2 28 18 704 2012 2029
4911 2 2 28 18 266 2912 1794
4912 2 2 28 18 204 2440 2228
4913 2 2 28 18 1000 2436 2274
4914 2 2 28 18 948 2953 1545
4915 2 2 28 18 981 2228 2440
4916 2 2 28 18 950 1546 2956
4917 2 2 28 18 143 144 2794
4918 2 2 28 18 35 36 2795
4919 2 2 28 18 107 108 2796
4920 2 2 28 18 71 72 2797
4921 2 2 28 18 1000 2873 1565
4922 2 2 28 18 1054 2422 2472
4923 2 2 28 18 870 2448 1738
4924 2 2 28 18 843 2711 1972
4925 2 2 28 18 939 2407 2134
4926 2 2 28 18 776 1562 2829
4927 2 2 28 18 775 1563 2828
4928 2 2 28 18 735 1679 2977
4929 2 2 28 18 736 1680 2979
4930 2 2 28 18 737 1681 2978
4931 2 2 28 18 738 1682 2980
4932 2 2 28 18 238 2134 2407
4933 2 2 28 18 576 2625 1722
4934 2 2 28 18 217 2671 2446
4935 2 2 28 18 1063 2489 2429
4936 2 2 28 18 307 2472 2422
4937 2 2 28 18 845 2219 2506
4938 2 2 28 18 286 2249 1802
4939 2 2 28 18 180 1614 2510
4940 2 2 28 18 770 1857 2617
4941 2 2 28 18 834 2817 1732
4942 2 2 28 18 176 2507 1615
4943 2 2 28 18 1253 2319 2657
4944 2 2 28 18 873 2106 2107
4945 2 2 28 18 269 1754 2901
4946 2 2 28 18 424 2823 2825
4947 2 2 28 18 910 1859 2693
4948 2 2 28 18 336 2899 1582
4949 2 2 28 18 595 2932 1547
4950 2 2 28 18 990 2506 2219
4951 2 2 28 18 719 2107 2106
4952 2 2 28 18 983 2940 1905
4953 2 2 28 18 821 1763 2475
4954 2 2 28 18 355 2573 2005
4955 2 2 28 18 808 2090 2060
4956 2 2 28 18 587 2693 1859
4957 2 2 28 18 962 2087 2091
4958 2 2 28 18 309 2429 2489
4959 2 2 28 18 713 1802 2249
4960 2 2 28 18 693 1771 2234
4961 2 2 28 18 794 2102 2032
4962 2 2 28 18 785 2633 1869
4963 2 2 28 18 673 2091 2087
4964 2 2 28 18 847 2573 1604
4965 2 2 28 18 616 1610 2554
4966 2 2 28 18 617 1611 2555
4967 2 2 28 18 618 1612 2553
4968 2 2 28 18 222 2032 2102
4969 2 2 28 18 870 2364 2658
4970 2 2 28 18 965 2280 2391
4971 2 2 28 18 966 2281 2392
4972 2 2 28 18 614 2562 1609
4973 2 2 28 18 612 2564 1607
4974 2 2 28 18 613 2563 1608
4975 2 2 28 18 767 2060 2090
4976 2 2 28 18 674 2332 1721
4977 2 2 28 18 766 2061 2100
4978 2 2 28 18 186 2976 1905
4979 2 2 28 18 382 2197 2067
4980 2 2 28 18 958 1802 2327
4981 2 2 28 18 269 2530 1605
4982 2 2 28 18 983 1905 2976
4983 2 2 28 18 332 1749 2279
4984 2 2 28 18 676 1726 2340
4985 2 2 28 18 1150 3006 2457
4986 2 2 28 18 1151 2458 3005
4987 2 2 28 18 334 2408 2156
4988 2 2 28 18 427 2887 2516
4989 2 2 28 18 219 2391 2280
4990 2 2 28 18 220 2392 2281
4991 2 2 28 18 606 1902 2596
4992 2 2 28 18 607 2595 1903
4993 2 2 28 18 486 2258 1972
4994 2 2 28 18 749 2982 1620
4995 2 2 28 18 750 2981 1621
4996 2 2 28 18 751 2983 1622
4997 2 2 28 18 752 2984 1623
4998 2 2 28 18 827 2100 2061
4999 2 2 28 18 593 1882 2381
5000 2 2 28 18 378 2821 1654
5001 2 2 28 18 376 2820 1655
5002 2 2 28 18 379 2819 1656
5003 2 2 28 18 377 2818 1657
5004 2 2 28 18 1321 2613 2333
5005 2 2 28 18 557 2944 1942
5006 2 2 28 18 558 2943 1941
5007 2 2 28 18 559 2946 1944
5008 2 2 28 18 560 2945 1943
5009 2 2 28 18 334 2317 1765
5010 2 2 28 18 401 1641 2634
5011 2 2 28 18 335 1764 2318
5012 2 2 28 18 843 1972 2258
5013 2 2 28 18 1118 1684 2729
5014 2 2 28 18 754 1624 3001
5015 2 2 28 18 753 1626 3000
5016 2 2 28 18 755 1627 3002
5017 2 2 28 18 756 1625 3003
5018 2 2 28 18 598 2416 1767
5019 2 2 28 18 762 1741 2590
5020 2 2 28 18 906 2596 1902
5021 2 2 28 18 907 1903 2595
5022 2 2 28 18 855 2718 1601
5023 2 2 28 18 854 1602 2717
5024 2 2 28 18 909 1838 2756
5025 2 2 28 18 1210 2997 2110
5026 2 2 28 18 762 1767 2416
5027 2 2 28 18 821 1600 2823
5028 2 2 28 18 666 2692 1605
5029 2 2 28 18 781 2733 2619
5030 2 2 28 18 782 2732 2620
5031 2 2 28 18 783 2734 2621
5032 2 2 28 18 784 2731 2622
5033 2 2 28 18 1324 2347 2632
5034 2 2 28 18 667 1613 2677
5035 2 2 28 18 338 1692 2454
5036 2 2 28 18 337 1693 2453
5037 2 2 28 18 189 2294 1776
5038 2 2 28 18 821 2789 1606
5039 2 2 28 18 584 2756 1838
5040 2 2 28 18 1169 2619 2733
5041 2 2 28 18 1170 2620 2732
5042 2 2 28 18 1171 2621 2734
5043 2 2 28 18 1172 2622 2731
5044 2 2 28 18 729 1776 2294
5045 2 2 28 18 983 2887 2940
5046 2 2 28 18 689 2423 1715
5047 2 2 28 18 690 2424 1716
5048 2 2 28 18 691 2425 1717
5049 2 2 28 18 692 2426 1718
5050 2 2 28 18 270 1613 2606
5051 2 2 28 18 476 2240 2241
5052 2 2 28 18 975 2365 2897
5053 2 2 28 18 1319 2842 2742
5054 2 2 28 18 236 1795 2827
5055 2 2 28 18 906 1902 2164
5056 2 2 28 18 907 2163 1903
5057 2 2 28 18 897 2495 1853
5058 2 2 28 18 1320 2744 2844
5059 2 2 28 18 483 2164 1902
5060 2 2 28 18 786 2484 2349
5061 2 2 28 18 788 2486 2350
5062 2 2 28 18 787 2485 2351
5063 2 2 28 18 484 1903 2163
5064 2 2 28 18 677 1736 2419
5065 2 2 28 18 675 2421 1734
5066 2 2 28 18 790 2353 2490
5067 2 2 28 18 792 2354 2492
5068 2 2 28 18 791 2355 2491
5069 2 2 28 18 244 2931 2964
5070 2 2 28 18 793 2634 1641
5071 2 2 28 18 884 2957 2132
5072 2 2 28 18 540 1606 2789
5073 2 2 28 18 888 2791 2800
5074 2 2 28 18 1214 2827 1795
5075 2 2 28 18 815 2648 1719
5076 2 2 28 18 168 2742 2842
5077 2 2 28 18 811 1720 2645
5078 2 2 28 18 169 2844 2744
5079 2 2 28 18 354 3012 1724
5080 2 2 28 18 91 1690 2816
5081 2 2 28 18 127 1688 2814
5082 2 2 28 18 19 1687 2813
5083 2 2 28 18 55 1689 2815
5084 2 2 28 18 165 2837 2600
5085 2 2 28 18 1135 2975 2840
5086 2 2 28 18 608 1697 2518
5087 2 2 28 18 599 2398 1769
5088 2 2 28 18 600 1770 2397
5089 2 2 28 18 298 2567 1921
5090 2 2 28 18 1011 2349 2484
5091 2 2 28 18 1013 2350 2486
5092 2 2 28 18 1012 2351 2485
5093 2 2 28 18 1014 2490 2353
5094 2 2 28 18 1016 2492 2354
5095 2 2 28 18 1015 2491 2355
5096 2 2 28 18 857 2848 1619
5097 2 2 28 18 557 2761 1617
5098 2 2 28 18 151 2982 1948
5099 2 2 28 18 43 2981 1947
5100 2 2 28 18 115 2983 1946
5101 2 2 28 18 79 2984 1945
5102 2 2 28 18 329 2594 2456
5103 2 2 28 18 265 1665 2631
5104 2 2 28 18 24 1957 3003
5105 2 2 28 18 132 1956 3001
5106 2 2 28 18 60 1955 3002
5107 2 2 28 18 96 1954 3000
5108 2 2 28 18 819 2383 1761
5109 2 2 28 18 576 2752 1603
5110 2 2 28 18 540 2763 1606
5111 2 2 28 18 404 1719 2648
5112 2 2 28 18 408 2645 1720
5113 2 2 28 18 354 1724 2501
5114 2 2 28 18 866 1897 2178
5115 2 2 28 18 868 1899 2179
5116 2 2 28 18 865 1898 2180
5117 2 2 28 18 867 1900 2181
5118 2 2 28 18 787 1639 2888
5119 2 2 28 18 935 2241 2240
5120 2 2 28 18 791 2889 1643
5121 2 2 28 18 384 2672 2895
5122 2 2 28 18 733 2285 1875
5123 2 2 28 18 833 2835 1654
5124 2 2 28 18 831 2834 1655
5125 2 2 28 18 832 2833 1656
5126 2 2 28 18 830 2832 1657
5127 2 2 28 18 990 2688 2273
5128 2 2 28 18 746 2288 1823
5129 2 2 28 18 820 2652 1790
5130 2 2 28 18 324 2220 1878
5131 2 2 28 18 276 2962 1607
5132 2 2 28 18 278 2961 1609
5133 2 2 28 18 277 2963 1608
5134 2 2 28 18 808 2060 2523
5135 2 2 28 18 280 1610 2966
5136 2 2 28 18 282 1612 2965
5137 2 2 28 18 281 1611 2967
5138 2 2 28 18 749 2363 1948
5139 2 2 28 18 1117 2774 2538
5140 2 2 28 18 644 2028 2129
5141 2 2 28 18 830 2818 2673
5142 2 2 28 18 832 2819 2676
5143 2 2 28 18 831 2820 2674
5144 2 2 28 18 833 2821 2675
5145 2 2 28 18 529 1654 2835
5146 2 2 28 18 530 1655 2834
5147 2 2 28 18 531 1656 2833
5148 2 2 28 18 532 1657 2832
5149 2 2 28 18 587 1658 2693
5150 2 2 28 18 756 1957 2367
5151 2 2 28 18 773 1715 2867
5152 2 2 28 18 774 1716 2866
5153 2 2 28 18 771 1717 2865
5154 2 2 28 18 772 1718 2864
5155 2 2 28 18 721 2261 1837
5156 2 2 28 18 300 2547 1919
5157 2 2 28 18 779 2869 1713
5158 2 2 28 18 777 2870 1714
5159 2 2 28 18 778 2872 1711
5160 2 2 28 18 780 2871 1712
5161 2 2 28 18 1249 1948 2363
5162 2 2 28 18 344 2433 1745
5163 2 2 28 18 831 1655 2820
5164 2 2 28 18 833 1654 2821
5165 2 2 28 18 832 1656 2819
5166 2 2 28 18 830 1657 2818
5167 2 2 28 18 742 1931 2213
5168 2 2 28 18 969 1794 2589
5169 2 2 28 18 1254 2367 1957
5170 2 2 28 18 889 2798 1798
5171 2 2 28 18 501 2936 2757
5172 2 2 28 18 564 1798 2798
5173 2 2 28 18 1258 2543 1735
5174 2 2 28 18 686 2209 1951
5175 2 2 28 18 685 2211 1950
5176 2 2 28 18 687 2210 1952
5177 2 2 28 18 688 2208 1953
5178 2 2 28 18 407 2888 1639
5179 2 2 28 18 403 1643 2889
5180 2 2 28 18 1343 1831 2739
5181 2 2 28 18 215 1671 2791
5182 2 2 28 18 834 1732 2512
5183 2 2 28 18 518 2080 2588
5184 2 2 28 18 733 1782 2529
5185 2 2 28 18 1195 1998 2412
5186 2 2 28 18 1196 1999 2413
5187 2 2 28 18 1197 2000 2414
5188 2 2 28 18 1198 2001 2415
5189 2 2 28 18 990 2868 2506
5190 2 2 28 18 1166 2936 1776
5191 2 2 28 18 487 1709 2772
5192 2 2 28 18 495 2125 2924
5193 2 2 28 18 494 2124 2925
5194 2 2 28 18 1507 2909 2006
5195 2 2 28 18 1358 2920 1858
5196 2 2 28 18 572 1649 2914
5197 2 2 28 18 1050 2443 2432
5198 2 2 28 18 1101 2588 2080
5199 2 2 28 18 194 1699 2712
5200 2 2 28 18 1267 2416 2018
5201 2 2 28 18 373 1733 2550
5202 2 2 28 18 926 2885 2144
5203 2 2 28 18 380 2552 1737
5204 2 2 28 18 1512 2013 2916
5205 2 2 28 18 263 1912 2875
5206 2 2 28 18 1054 2472 2459
5207 2 2 28 18 702 1722 2625
5208 2 2 28 18 584 1684 2756
5209 2 2 28 18 372 1875 2285
5210 2 2 28 18 598 2018 2416
5211 2 2 28 18 741 2720 1768
5212 2 2 28 18 440 1757 2968
5213 2 2 28 18 219 2280 1965
5214 2 2 28 18 740 2432 2443
5215 2 2 28 18 298 2213 2227
5216 2 2 28 18 567 1659 2959
5217 2 2 28 18 802 2712 1699
5218 2 2 28 18 1248 1813 2697
5219 2 2 28 18 744 2459 2472
5220 2 2 28 18 1063 2469 2489
5221 2 2 28 18 816 1965 2280
5222 2 2 28 18 200 1746 2642
5223 2 2 28 18 198 1747 2643
5224 2 2 28 18 1234 2673 2818
5225 2 2 28 18 1233 2676 2819
5226 2 2 28 18 1231 2674 2820
5227 2 2 28 18 1232 2675 2821
5228 2 2 28 18 964 1710 2672
5229 2 2 28 18 566 2969 1663
5230 2 2 28 18 541 2382 1836
5231 2 2 28 18 1068 2924 2125
5232 2 2 28 18 1069 2925 2124
5233 2 2 28 18 381 2236 2590
5234 2 2 28 18 810 2643 1747
5235 2 2 28 18 809 2642 1746
5236 2 2 28 18 254 2538 2774
5237 2 2 28 18 594 2020 2542
5238 2 2 28 18 596 2021 2541
5239 2 2 28 18 748 2489 2469
5240 2 2 28 18 598 1767 2543
5241 2 2 28 18 487 2758 1709
5242 2 2 28 18 414 1864 2455
5243 2 2 28 18 848 2197 2154
5244 2 2 28 18 596 2541 1747
5245 2 2 28 18 594 2542 1746
5246 2 2 28 18 853 2698 1719
5247 2 2 28 18 1357 2590 2236
5248 2 2 28 18 762 2923 1741
5249 2 2 28 18 817 2665 2649
5250 2 2 28 18 815 2664 2648
5251 2 2 28 18 770 1709 2719
5252 2 2 28 18 984 2542 2020
5253 2 2 28 18 985 2541 2021
5254 2 2 28 18 729 2455 1864
5255 2 2 28 18 814 2644 2662
5256 2 2 28 18 813 2646 2660
5257 2 2 28 18 811 2645 2659
5258 2 2 28 18 734 2463 1960
5259 2 2 28 18 823 2742 2048
5260 2 2 28 18 770 2772 1709
5261 2 2 28 18 720 2507 2167
5262 2 2 28 18 1565 2873 1949
5263 2 2 28 18 835 2748 1901
5264 2 2 28 18 802 1709 2758
5265 2 2 28 18 286 2084 2249
5266 2 2 28 18 822 2051 2744
5267 2 2 28 18 635 2297 2016
5268 2 2 28 18 636 2017 2296
5269 2 2 28 18 722 2165 2510
5270 2 2 28 18 339 2551 2513
5271 2 2 28 18 814 1779 2644
5272 2 2 28 18 321 2529 1782
5273 2 2 28 18 1178 2649 2665
5274 2 2 28 18 1177 2648 2664
5275 2 2 28 18 1176 2662 2644
5276 2 2 28 18 1174 2660 2646
5277 2 2 28 18 1173 2659 2645
5278 2 2 28 18 456 2784 2937
5279 2 2 28 18 457 2938 2783
5280 2 2 28 18 1056 1696 2912
5281 2 2 28 18 182 1772 2735
5282 2 2 28 18 184 1773 2736
5283 2 2 28 18 183 1774 2737
5284 2 2 28 18 185 1775 2738
5285 2 2 28 18 1053 2513 2551
5286 2 2 28 18 182 2733 1750
5287 2 2 28 18 183 2732 1751
5288 2 2 28 18 184 2734 1752
5289 2 2 28 18 185 2731 1753
5290 2 2 28 18 717 1870 2251
5291 2 2 28 18 715 1871 2252
5292 2 2 28 18 718 1872 2253
5293 2 2 28 18 716 1873 2254
5294 2 2 28 18 340 2007 2260
5295 2 2 28 18 445 2410 2438
5296 2 2 28 18 416 1851 2418
5297 2 2 28 18 431 2745 2145
5298 2 2 28 18 430 2747 2147
5299 2 2 28 18 428 2746 2146
5300 2 2 28 18 1203 2902 1835
5301 2 2 28 18 435 2148 2749
5302 2 2 28 18 436 2149 2750
5303 2 2 28 18 433 2150 2751
5304 2 2 28 18 1135 2840 1995
5305 2 2 28 18 980 2438 2410
5306 2 2 28 18 356 2385 2288
5307 2 2 28 18 1329 2937 2784
5308 2 2 28 18 1328 2783 2938
5309 2 2 28 18 808 2523 2274
5310 2 2 28 18 597 2824 1699
5311 2 2 28 18 970 2381 1882
5312 2 2 28 18 823 2048 2898
5313 2 2 28 18 822 2900 2051
5314 2 2 28 18 974 2289 2881
5315 2 2 28 18 973 2290 2880
5316 2 2 28 18 972 2291 2879
5317 2 2 28 18 971 2292 2878
5318 2 2 28 18 586 2992 2173
5319 2 2 28 18 781 1750 2733
5320 2 2 28 18 782 1751 2732
5321 2 2 28 18 783 1752 2734
5322 2 2 28 18 784 1753 2731
5323 2 2 28 18 992 2069 2952
5324 2 2 28 18 405 2644 1779
5325 2 2 28 18 330 2525 2593
5326 2 2 28 18 393 2493 1833
5327 2 2 28 18 285 2597 2033
5328 2 2 28 18 394 1834 2494
5329 2 2 28 18 1092 2881 2289
5330 2 2 28 18 1091 2880 2290
5331 2 2 28 18 1090 2879 2291
5332 2 2 28 18 1089 2878 2292
5333 2 2 28 18 949 2752 1840
5334 2 2 28 18 661 2952 2069
5335 2 2 28 18 978 2033 2597
5336 2 2 28 18 211 2208 2673
5337 2 2 28 18 210 2209 2674
5338 2 2 28 18 213 2210 2676
5339 2 2 28 18 212 2211 2675
5340 2 2 28 18 158 1885 2996
5341 2 2 28 18 50 1886 2994
5342 2 2 28 18 122 1887 2993
5343 2 2 28 18 86 1888 2995
5344 2 2 28 18 806 1833 2493
5345 2 2 28 18 416 2806 1828
5346 2 2 28 18 807 2494 1834
5347 2 2 28 18 766 2468 2061
5348 2 2 28 18 242 2153 2299
5349 2 2 28 18 597 2025 2824
5350 2 2 28 18 890 1828 2806
5351 2 2 28 18 1210 2634 2786
5352 2 2 28 18 243 2304 2155
5353 2 2 28 18 960 2299 2153
5354 2 2 28 18 793 2786 2634
5355 2 2 28 18 761 1814 2522
5356 2 2 28 18 181 2786 1771
5357 2 2 28 18 957 2824 2025
5358 2 2 28 18 735 2977 1937
5359 2 2 28 18 736 2979 1938
5360 2 2 28 18 737 2978 1939
5361 2 2 28 18 738 2980 1940
5362 2 2 28 18 838 2154 2197
5363 2 2 28 18 1056 2173 2992
5364 2 2 28 18 297 2431 1920
5365 2 2 28 18 299 2430 1918
5366 2 2 28 18 576 1840 2752
5367 2 2 28 18 963 2155 2304
5368 2 2 28 18 839 2735 1772
5369 2 2 28 18 840 2736 1773
5370 2 2 28 18 842 2738 1775
5371 2 2 28 18 841 2737 1774
5372 2 2 28 18 949 1992 2396
5373 2 2 28 18 867 2572 1807
5374 2 2 28 18 865 2570 1806
5375 2 2 28 18 866 2569 1808
5376 2 2 28 18 868 2571 1809
5377 2 2 28 18 1006 2341 2653
5378 2 2 28 18 222 2653 2341
5379 2 2 28 18 333 1838 2942
5380 2 2 28 18 1498 2859 2230
5381 2 2 28 18 1497 2229 2858
5382 2 2 28 18 298 2227 2567
5383 2 2 28 18 270 1768 2720
5384 2 2 28 18 733 1875 2434
5385 2 2 28 18 821 2823 1763
5386 2 2 28 18 986 2249 2084
5387 2 2 28 18 954 2567 2227
5388 2 2 28 18 851 1779 2671
5389 2 2 28 18 1128 1962 2371
5390 2 2 28 18 1126 2372 1963
5391 2 2 28 18 895 1969 2667
5392 2 2 28 18 896 1968 2669
5393 2 2 28 18 893 1967 2668
5394 2 2 28 18 894 1966 2670
5395 2 2 28 18 844 2377 2269
5396 2 2 28 18 1192 2735 2713
5397 2 2 28 18 1191 2736 2714
5398 2 2 28 18 1194 2737 2715
5399 2 2 28 18 1193 2738 2716
5400 2 2 28 18 1246 2640 1855
5401 2 2 28 18 1247 1856 2639
5402 2 2 28 18 440 2968 1845
5403 2 2 28 18 846 2271 2380
5404 2 2 28 18 760 2283 2240
5405 2 2 28 18 220 2718 1825
5406 2 2 28 18 941 2724 2101
5407 2 2 28 18 700 2411 1934
5408 2 2 28 18 759 1931 2974
5409 2 2 28 18 793 1771 2786
5410 2 2 28 18 660 2101 2724
5411 2 2 28 18 394 1855 2640
5412 2 2 28 18 393 2639 1856
5413 2 2 28 18 391 2667 1969
5414 2 2 28 18 392 2669 1968
5415 2 2 28 18 390 2670 1966
5416 2 2 28 18 389 2668 1967
5417 2 2 28 18 299 2480 2430
5418 2 2 28 18 297 2479 2431
5419 2 2 28 18 344 1745 2839
5420 2 2 28 18 884 2910 2957
5421 2 2 28 18 854 2717 2743
5422 2 2 28 18 839 2713 2735
5423 2 2 28 18 840 2714 2736
5424 2 2 28 18 841 2715 2737
5425 2 2 28 18 842 2716 2738
5426 2 2 28 18 935 2240 2283
5427 2 2 28 18 212 2675 2199
5428 2 2 28 18 210 2674 2198
5429 2 2 28 18 213 2676 2201
5430 2 2 28 18 211 2673 2200
5431 2 2 28 18 948 2006 2953
5432 2 2 28 18 985 2430 2480
5433 2 2 28 18 984 2431 2479
5434 2 2 28 18 520 1741 2923
5435 2 2 28 18 1373 2403 1976
5436 2 2 28 18 1374 2404 1975
5437 2 2 28 18 1375 2405 1974
5438 2 2 28 18 1376 2406 1973
5439 2 2 28 18 1377 1982 2390
5440 2 2 28 18 1378 1981 2389
5441 2 2 28 18 1379 1984 2388
5442 2 2 28 18 1380 1983 2387
5443 2 2 28 18 424 1763 2823
5444 2 2 28 18 819 1761 2826
5445 2 2 28 18 855 1825 2718
5446 2 2 28 18 885 2933 2911
5447 2 2 28 18 772 1973 2406
5448 2 2 28 18 771 1974 2405
5449 2 2 28 18 774 1975 2404
5450 2 2 28 18 773 1976 2403
5451 2 2 28 18 950 2956 2013
5452 2 2 28 18 644 2488 1878
5453 2 2 28 18 237 1786 2764
5454 2 2 28 18 610 2396 1992
5455 2 2 28 18 849 1781 2831
5456 2 2 28 18 366 2804 2663
5457 2 2 28 18 429 2953 2006
5458 2 2 28 18 218 2239 2897
5459 2 2 28 18 298 1921 2954
5460 2 2 28 18 741 2514 1889
5461 2 2 28 18 740 2515 1890
5462 2 2 28 18 244 2060 2931
5463 2 2 28 18 908 2886 1878
5464 2 2 28 18 700 2901 1754
5465 2 2 28 18 1027 2960 2419
5466 2 2 28 18 580 2743 1785
5467 2 2 28 18 789 2913 1837
5468 2 2 28 18 778 2390 1982
5469 2 2 28 18 780 2389 1981
5470 2 2 28 18 777 2388 1984
5471 2 2 28 18 779 2387 1983
5472 2 2 28 18 434 2013 2956
5473 2 2 28 18 365 1804 2701
5474 2 2 28 18 1231 2198 2674
5475 2 2 28 18 1232 2199 2675
5476 2 2 28 18 1233 2201 2676
5477 2 2 28 18 1234 2200 2673
5478 2 2 28 18 693 2047 2360
5479 2 2 28 18 355 2830 1777
5480 2 2 28 18 644 1878 2886
5481 2 2 28 18 699 1913 2462
5482 2 2 28 18 1117 1839 2774
5483 2 2 28 18 908 2683 2886
5484 2 2 28 18 698 2467 1914
5485 2 2 28 18 812 2539 1964
5486 2 2 28 18 855 1800 2859
5487 2 2 28 18 854 2858 1801
5488 2 2 28 18 244 2964 1949
5489 2 2 28 18 1026 2421 2958
5490 2 2 28 18 828 1833 2594
5491 2 2 28 18 829 2593 1834
5492 2 2 28 18 799 2412 1998
5493 2 2 28 18 798 2413 1999
5494 2 2 28 18 801 2414 2000
5495 2 2 28 18 800 2415 2001
5496 2 2 28 18 221 2787 2162
5497 2 2 28 18 941 1949 2964
5498 2 2 28 18 823 2898 2268
5499 2 2 28 18 185 2738 2767
5500 2 2 28 18 183 2737 2768
5501 2 2 28 18 184 2736 2769
5502 2 2 28 18 182 2735 2770
5503 2 2 28 18 271 2205 2905
5504 2 2 28 18 822 2266 2900
5505 2 2 28 18 367 2726 1820
5506 2 2 28 18 595 2026 2932
5507 2 2 28 18 1018 2905 2205
5508 2 2 28 18 1167 2964 2931
5509 2 2 28 18 1260 2884 1778
5510 2 2 28 18 828 2803 1833
5511 2 2 28 18 829 1834 2805
5512 2 2 28 18 104 2502 1998
5513 2 2 28 18 68 2503 1999
5514 2 2 28 18 140 2504 2000
5515 2 2 28 18 32 2505 2001
5516 2 2 28 18 619 2859 1800
5517 2 2 28 18 620 1801 2858
5518 2 2 28 18 766 2256 2468
5519 2 2 28 18 954 2932 2026
5520 2 2 28 18 214 1854 2630
5521 2 2 28 18 372 2589 1879
5522 2 2 28 18 444 1852 2616
5523 2 2 28 18 1193 2716 2577
5524 2 2 28 18 1194 2715 2575
5525 2 2 28 18 1191 2714 2576
5526 2 2 28 18 1192 2713 2574
5527 2 2 28 18 561 2115 2475
5528 2 2 28 18 1193 2767 2738
5529 2 2 28 18 1194 2768 2737
5530 2 2 28 18 1191 2769 2736
5531 2 2 28 18 1192 2770 2735
5532 2 2 28 18 323 2807 1979
5533 2 2 28 18 1433 2817 2537
5534 2 2 28 18 411 2575 2715
5535 2 2 28 18 412 2576 2714
5536 2 2 28 18 413 2577 2716
5537 2 2 28 18 410 2574 2713
5538 2 2 28 18 928 2764 2184
5539 2 2 28 18 967 2840 2975
5540 2 2 28 18 285 1893 2597
5541 2 2 28 18 414 2455 2951
5542 2 2 28 18 1291 2475 2115
5543 2 2 28 18 623 1969 2559
5544 2 2 28 18 621 1968 2558
5545 2 2 28 18 624 1967 2561
5546 2 2 28 18 622 1966 2560
5547 2 2 28 18 878 2212 2341
5548 2 2 28 18 1107 2564 2036
5549 2 2 28 18 1108 2563 2038
5550 2 2 28 18 1109 2562 2039
5551 2 2 28 18 991 2808 2435
5552 2 2 28 18 222 2341 2212
5553 2 2 28 18 1112 2041 2554
5554 2 2 28 18 1113 2042 2555
5555 2 2 28 18 1111 2043 2553
5556 2 2 28 18 683 2015 2464
5557 2 2 28 18 734 1960 2845
5558 2 2 28 18 185 2767 2731
5559 2 2 28 18 183 2768 2732
5560 2 2 28 18 184 2769 2734
5561 2 2 28 18 182 2770 2733
5562 2 2 28 18 330 1880 2721
5563 2 2 28 18 856 2721 1880
5564 2 2 28 18 426 2506 2868
5565 2 2 28 18 264 1792 2933
5566 2 2 28 18 215 1964 2539
5567 2 2 28 18 771 2865 1974
5568 2 2 28 18 772 2864 1973
5569 2 2 28 18 773 2867 1976
5570 2 2 28 18 774 2866 1975
5571 2 2 28 18 799 1998 2502
5572 2 2 28 18 798 1999 2503
5573 2 2 28 18 801 2000 2504
5574 2 2 28 18 800 2001 2505
5575 2 2 28 18 879 1846 2678
5576 2 2 28 18 880 1848 2679
5577 2 2 28 18 881 1847 2680
5578 2 2 28 18 882 1849 2681
5579 2 2 28 18 1136 2774 1839
5580 2 2 28 18 752 1945 2984
5581 2 2 28 18 751 1946 2983
5582 2 2 28 18 749 1948 2982
5583 2 2 28 18 750 1947 2981
5584 2 2 28 18 949 2396 2548
5585 2 2 28 18 612 2036 2564
5586 2 2 28 18 613 2038 2563
5587 2 2 28 18 614 2039 2562
5588 2 2 28 18 263 2957 1791
5589 2 2 28 18 655 1898 2703
5590 2 2 28 18 654 1897 2705
5591 2 2 28 18 657 1899 2704
5592 2 2 28 18 656 1900 2702
5593 2 2 28 18 779 1983 2869
5594 2 2 28 18 777 1984 2870
5595 2 2 28 18 778 1982 2872
5596 2 2 28 18 780 1981 2871
5597 2 2 28 18 753 3000 1954
5598 2 2 28 18 755 3002 1955
5599 2 2 28 18 754 3001 1956
5600 2 2 28 18 756 3003 1957
5601 2 2 28 18 616 2554 2041
5602 2 2 28 18 617 2555 2042
5603 2 2 28 18 618 2553 2043
5604 2 2 28 18 503 2599 2441
5605 2 2 28 18 504 2447 2601
5606 2 2 28 18 393 1833 2803
5607 2 2 28 18 1052 2295 2298
5608 2 2 28 18 985 2071 2430
5609 2 2 28 18 984 2070 2431
5610 2 2 28 18 901 1828 2837
5611 2 2 28 18 394 2805 1834
5612 2 2 28 18 208 2580 2181
5613 2 2 28 18 206 2581 2180
5614 2 2 28 18 209 2582 2179
5615 2 2 28 18 207 2583 2178
5616 2 2 28 18 354 2090 3012
5617 2 2 28 18 218 2698 1904
5618 2 2 28 18 895 2559 1969
5619 2 2 28 18 896 2558 1968
5620 2 2 28 18 894 2560 1966
5621 2 2 28 18 893 2561 1967
5622 2 2 28 18 544 2463 2035
5623 2 2 28 18 954 1986 2567
5624 2 2 28 18 728 2298 2295
5625 2 2 28 18 957 2003 2547
5626 2 2 28 18 992 2952 2907
5627 2 2 28 18 812 1964 2586
5628 2 2 28 18 816 2585 1965
5629 2 2 28 18 703 2022 2509
5630 2 2 28 18 356 2052 2448
5631 2 2 28 18 1172 2731 2767
5632 2 2 28 18 1171 2734 2769
5633 2 2 28 18 1170 2732 2768
5634 2 2 28 18 1169 2733 2770
5635 2 2 28 18 1002 2441 2599
5636 2 2 28 18 1003 2601 2447
5637 2 2 28 18 264 2788 1911
5638 2 2 28 18 887 2588 2775
5639 2 2 28 18 262 2845 1960
5640 2 2 28 18 853 1904 2698
5641 2 2 28 18 181 2908 2786
5642 2 2 28 18 894 2670 2851
5643 2 2 28 18 893 2668 2850
5644 2 2 28 18 896 2669 2853
5645 2 2 28 18 895 2667 2852
5646 2 2 28 18 369 2342 2570
5647 2 2 28 18 368 2343 2569
5648 2 2 28 18 371 2344 2572
5649 2 2 28 18 370 2345 2571
5650 2 2 28 18 1270 2766 2456
5651 2 2 28 18 425 2655 2166
5652 2 2 28 18 1243 2596 2986
5653 2 2 28 18 750 2746 1947
5654 2 2 28 18 751 2747 1946
5655 2 2 28 18 752 2745 1945
5656 2 2 28 18 1244 2999 2595
5657 2 2 28 18 928 2417 2846
5658 2 2 28 18 930 2166 2655
5659 2 2 28 18 1101 2775 2588
5660 2 2 28 18 927 2548 2396
5661 2 2 28 18 399 2061 2468
5662 2 2 28 18 929 2156 2408
5663 2 2 28 18 1354 2558 2945
5664 2 2 28 18 1353 2559 2946
5665 2 2 28 18 1351 2561 2944
5666 2 2 28 18 1352 2560 2943
5667 2 2 28 18 848 2049 2624
5668 2 2 28 18 161 2471 2081
5669 2 2 28 18 269 2901 2530
5670 2 2 28 18 753 1954 2749
5671 2 2 28 18 754 1956 2751
5672 2 2 28 18 755 1955 2750
5673 2 2 28 18 1006 2655 2465
5674 2 2 28 18 661 1813 2952
5675 2 2 28 18 1071 2951 2455
5676 2 2 28 18 945 2081 2471
5677 2 2 28 18 414 2598 2059
5678 2 2 28 18 425 2465 2655
5679 2 2 28 18 848 2624 2067
5680 2 2 28 18 1186 2850 2668
5681 2 2 28 18 1187 2851 2670
5682 2 2 28 18 1185 2853 2669
5683 2 2 28 18 1184 2852 2667
5684 2 2 28 18 1072 2629 2700
5685 2 2 28 18 901 2856 1959
5686 2 2 28 18 424 1959 2856
5687 2 2 28 18 1002 2799 2267
5688 2 2 28 18 844 2269 2842
5689 2 2 28 18 846 2844 2271
5690 2 2 28 18 244 1949 2873
5691 2 2 28 18 437 2700 2629
5692 2 2 28 18 244 2523 2060
5693 2 2 28 18 729 2294 2455
5694 2 2 28 18 1144 2146 2962
5695 2 2 28 18 1145 2147 2963
5696 2 2 28 18 1143 2145 2961
5697 2 2 28 18 177 1837 2913
5698 2 2 28 18 1210 2786 2908
5699 2 2 28 18 1147 2966 2150
5700 2 2 28 18 1148 2967 2149
5701 2 2 28 18 1146 2965 2148
5702 2 2 28 18 909 2942 1838
5703 2 2 28 18 215 2791 1964
5704 2 2 28 18 340 2628 2007
5705 2 2 28 18 161 2081 2495
5706 2 2 28 18 1003 2272 2802
5707 2 2 28 18 894 2851 1941
5708 2 2 28 18 893 2850 1942
5709 2 2 28 18 895 2852 1944
5710 2 2 28 18 896 2853 1943
5711 2 2 28 18 518 2691 2080
5712 2 2 28 18 258 1942 2850
5713 2 2 28 18 259 1941 2851
5714 2 2 28 18 260 1944 2852
5715 2 2 28 18 261 1943 2853
5716 2 2 28 18 1320 2730 2744
5717 2 2 28 18 516 2269 2377
5718 2 2 28 18 889 2008 2874
5719 2 2 28 18 928 2846 2764
5720 2 2 28 18 938 2860 2088
5721 2 2 28 18 937 2089 2861
5722 2 2 28 18 888 2876 2009
5723 2 2 28 18 822 2744 2730
5724 2 2 28 18 353 2088 2860
5725 2 2 28 18 352 2861 2089
5726 2 2 28 18 1319 2742 2725
5727 2 2 28 18 990 2273 2868
5728 2 2 28 18 300 2428 2547
5729 2 2 28 18 823 2725 2742
5730 2 2 28 18 515 2380 2271
5731 2 2 28 18 1252 1945 2745
5732 2 2 28 18 1251 1946 2747
5733 2 2 28 18 1250 1947 2746
5734 2 2 28 18 721 2482 2120
5735 2 2 28 18 1008 2535 2446
5736 2 2 28 18 1010 2536 2445
5737 2 2 28 18 1009 2533 2444
5738 2 2 28 18 957 2547 2428
5739 2 2 28 18 757 1845 2968
5740 2 2 28 18 1071 2080 2691
5741 2 2 28 18 989 1881 2882
5742 2 2 28 18 903 2654 2131
5743 2 2 28 18 1257 2749 1954
5744 2 2 28 18 1256 2750 1955
5745 2 2 28 18 1255 2751 1956
5746 2 2 28 18 217 2446 2535
5747 2 2 28 18 216 2445 2536
5748 2 2 28 18 214 2444 2533
5749 2 2 28 18 894 1941 2943
5750 2 2 28 18 893 1942 2944
5751 2 2 28 18 895 1944 2946
5752 2 2 28 18 896 1943 2945
5753 2 2 28 18 979 2468 2256
5754 2 2 28 18 888 1964 2791
5755 2 2 28 18 961 1858 2920
5756 2 2 28 18 1165 2930 2074
5757 2 2 28 18 851 2854 2002
5758 2 2 28 18 268 2131 2654
5759 2 2 28 18 977 2273 2846
5760 2 2 28 18 354 2501 2142
5761 2 2 28 18 806 2493 2134
5762 2 2 28 18 807 2133 2494
5763 2 2 28 18 899 2830 2862
5764 2 2 28 18 759 2974 2328
5765 2 2 28 18 874 1877 2934
5766 2 2 28 18 237 2846 2273
5767 2 2 28 18 999 2072 2598
5768 2 2 28 18 172 2624 2049
5769 2 2 28 18 775 2722 1977
5770 2 2 28 18 776 2723 1978
5771 2 2 28 18 1330 2362 2854
5772 2 2 28 18 395 2977 2619
5773 2 2 28 18 397 2978 2621
5774 2 2 28 18 396 2979 2620
5775 2 2 28 18 398 2980 2622
5776 2 2 28 18 979 2470 2985
5777 2 2 28 18 1240 2922 2937
5778 2 2 28 18 1241 2938 2921
5779 2 2 28 18 680 2854 2362
5780 2 2 28 18 675 1994 2799
5781 2 2 28 18 797 1988 2740
5782 2 2 28 18 796 1989 2741
5783 2 2 28 18 795 1979 2807
5784 2 2 28 18 1115 2985 2470
5785 2 2 28 18 961 2920 2172
5786 2 2 28 18 491 2187 3014
5787 2 2 28 18 1098 2268 2898
5788 2 2 28 18 1099 2900 2266
5789 2 2 28 18 1120 2970 2471
5790 2 2 28 18 677 2802 2011
5791 2 2 28 18 1055 1905 2940
5792 2 2 28 18 265 2172 2920
5793 2 2 28 18 352 2892 2861
5794 2 2 28 18 1071 2455 2294
5795 2 2 28 18 208 2175 2580
5796 2 2 28 18 206 2174 2581
5797 2 2 28 18 209 2177 2582
5798 2 2 28 18 207 2176 2583
5799 2 2 28 18 1241 2861 2892
5800 2 2 28 18 471 2974 1931
5801 2 2 28 18 761 2516 2216
5802 2 2 28 18 866 2178 2583
5803 2 2 28 18 868 2179 2582
5804 2 2 28 18 865 2180 2581
5805 2 2 28 18 867 2181 2580
5806 2 2 28 18 1221 2191 2969
5807 2 2 28 18 772 2954 1921
5808 2 2 28 18 934 2996 1885
5809 2 2 28 18 932 2994 1886
5810 2 2 28 18 933 2993 1887
5811 2 2 28 18 931 2995 1888
5812 2 2 28 18 188 2255 2773
5813 2 2 28 18 1110 2171 2754
5814 2 2 28 18 1292 2328 2974
5815 2 2 28 18 395 1937 2977
5816 2 2 28 18 396 1938 2979
5817 2 2 28 18 397 1939 2978
5818 2 2 28 18 398 1940 2980
5819 2 2 28 18 507 1995 2840
5820 2 2 28 18 944 2773 2255
5821 2 2 28 18 1001 3014 2187
5822 2 2 28 18 1219 2959 2190
5823 2 2 28 18 1313 2580 2175
5824 2 2 28 18 1312 2581 2174
5825 2 2 28 18 1315 2582 2177
5826 2 2 28 18 1314 2583 2176
5827 2 2 28 18 1007 2534 2539
5828 2 2 28 18 830 2673 2208
5829 2 2 28 18 831 2674 2209
5830 2 2 28 18 832 2676 2210
5831 2 2 28 18 833 2675 2211
5832 2 2 28 18 1420 2370 2517
5833 2 2 28 18 456 2937 2922
5834 2 2 28 18 457 2921 2938
5835 2 2 28 18 750 2146 2746
5836 2 2 28 18 752 2145 2745
5837 2 2 28 18 751 2147 2747
5838 2 2 28 18 785 2592 2187
5839 2 2 28 18 437 2930 2700
5840 2 2 28 18 215 2539 2534
5841 2 2 28 18 637 2862 2005
5842 2 2 28 18 680 2002 2854
5843 2 2 28 18 246 2958 1961
5844 2 2 28 18 1429 2531 2378
5845 2 2 28 18 1165 2700 2930
5846 2 2 28 18 753 2749 2148
5847 2 2 28 18 754 2751 2150
5848 2 2 28 18 755 2750 2149
5849 2 2 28 18 248 1970 2960
5850 2 2 28 18 1406 2755 2286
5851 2 2 28 18 147 1973 2864
5852 2 2 28 18 39 1974 2865
5853 2 2 28 18 111 1975 2866
5854 2 2 28 18 75 1976 2867
5855 2 2 28 18 28 2869 1983
5856 2 2 28 18 136 2870 1984
5857 2 2 28 18 64 2871 1981
5858 2 2 28 18 100 2872 1982
5859 2 2 28 18 197 2487 2466
5860 2 2 28 18 496 2906 1987
5861 2 2 28 18 1000 2274 2523
5862 2 2 28 18 835 2103 2748
5863 2 2 28 18 421 2841 2284
5864 2 2 28 18 642 2009 2876
5865 2 2 28 18 641 2874 2008
5866 2 2 28 18 1167 2724 2964
5867 2 2 28 18 941 2964 2724
5868 2 2 28 18 423 2849 2270
5869 2 2 28 18 701 2220 2884
5870 2 2 28 18 1363 2496 2519
5871 2 2 28 18 743 2517 2370
5872 2 2 28 18 427 2940 2887
5873 2 2 28 18 1034 2006 2909
5874 2 2 28 18 1441 2772 2617
5875 2 2 28 18 644 2886 2028
5876 2 2 28 18 835 2086 2776
5877 2 2 28 18 941 2101 2839
5878 2 2 28 18 1366 2527 2511
5879 2 2 28 18 1038 2916 2013
5880 2 2 28 18 344 2839 2101
5881 2 2 28 18 988 2058 2849
5882 2 2 28 18 743 2519 2496
5883 2 2 28 18 819 2826 2143
5884 2 2 28 18 886 2790 2104
5885 2 2 28 18 747 2378 2531
5886 2 2 28 18 802 2758 2712
5887 2 2 28 18 1166 2762 2757
5888 2 2 28 18 747 2511 2527
5889 2 2 28 18 796 2780 2124
5890 2 2 28 18 797 2779 2125
5891 2 2 28 18 877 2757 2762
5892 2 2 28 18 500 2898 2048
5893 2 2 28 18 499 2051 2900
5894 2 2 28 18 1460 2712 2758
5895 2 2 28 18 1370 2466 2487
5896 2 2 28 18 770 2617 2772
5897 2 2 28 18 1274 2525 2721
5898 2 2 28 18 432 2656 2417
5899 2 2 28 18 977 2417 2656
5900 2 2 28 18 927 2420 2548
5901 2 2 28 18 464 2986 2027
5902 2 2 28 18 465 2030 2999
5903 2 2 28 18 347 2548 2420
5904 2 2 28 18 906 2027 2986
5905 2 2 28 18 907 2999 2030
5906 2 2 28 18 739 2333 2613
5907 2 2 28 18 507 2840 2368
5908 2 2 28 18 967 2368 2840
5909 2 2 28 18 991 2109 2841
5910 2 2 28 18 767 2931 2060
5911 2 2 28 18 891 2785 2628
5912 2 2 28 18 1053 2532 2513
5913 2 2 28 18 678 2110 2997
5914 2 2 28 18 745 2632 2347
5915 2 2 28 18 1047 2526 2947
5916 2 2 28 18 1073 2565 2556
5917 2 2 28 18 1074 2566 2557
5918 2 2 28 18 964 2947 2526
5919 2 2 28 18 345 3015 2474
5920 2 2 28 18 861 2556 2565
5921 2 2 28 18 862 2557 2566
5922 2 2 28 18 678 2997 2135
5923 2 2 28 18 897 2166 2804
5924 2 2 28 18 237 2273 2688
5925 2 2 28 18 892 2635 2618
5926 2 2 28 18 345 2765 2219
5927 2 2 28 18 768 2657 2319
5928 2 2 28 18 863 2513 2532
5929 2 2 28 18 1043 2618 2635
5930 2 2 28 18 165 2600 2941
5931 2 2 28 18 1129 2914 2278
5932 2 2 28 18 560 2894 2244
5933 2 2 28 18 558 2893 2243
5934 2 2 28 18 1072 2941 2600
5935 2 2 28 18 875 2286 2755
5936 2 2 28 18 808 3012 2090
5937 2 2 28 18 734 2845 2696
5938 2 2 28 18 263 2132 2957
5939 2 2 28 18 1000 2523 2873
5940 2 2 28 18 979 2985 2468
5941 2 2 28 18 244 2873 2523
5942 2 2 28 18 670 2207 2971
5943 2 2 28 18 890 2629 2600
5944 2 2 28 18 977 2868 2273
5945 2 2 28 18 463 2915 2237
5946 2 2 28 18 620 2858 2229
5947 2 2 28 18 619 2230 2859
5948 2 2 28 18 1072 2600 2629
5949 2 2 28 18 427 2637 2940
5950 2 2 28 18 905 2135 2997
5951 2 2 28 18 1044 2773 2836
5952 2 2 28 18 1055 2940 2637
5953 2 2 28 18 1017 2243 2893
5954 2 2 28 18 1018 2244 2894
5955 2 2 28 18 228 2384 2907
5956 2 2 28 18 944 2836 2773
5957 2 2 28 18 803 2897 2239
5958 2 2 28 18 475 3004 2167
5959 2 2 28 18 1260 2907 2384
5960 2 2 28 18 474 2165 3011
5961 2 2 28 18 508 2781 2526
5962 2 2 28 18 999 2951 2691
5963 2 2 28 18 924 2237 2915
5964 2 2 28 18 964 2526 2781
5965 2 2 28 18 1071 2691 2951
5966 2 2 28 18 976 2971 2207
5967 2 2 28 18 959 2709 2656
5968 2 2 28 18 1006 2653 2655
5969 2 2 28 18 1436 2642 2614
5970 2 2 28 18 1435 2643 2615
5971 2 2 28 18 977 2656 2709
5972 2 2 28 18 399 2468 2985
5973 2 2 28 18 930 2655 2653
5974 2 2 28 18 983 2699 2887
5975 2 2 28 18 330 2721 2525
5976 2 2 28 18 329 2456 2766
5977 2 2 28 18 809 2614 2642
5978 2 2 28 18 810 2615 2643
5979 2 2 28 18 1032 2887 2699
5980 2 2 28 18 1125 2215 3013
5981 2 2 28 18 910 2435 2808
5982 2 2 28 18 876 2250 3007
5983 2 2 28 18 977 2846 2417
5984 2 2 28 18 889 2874 2798
5985 2 2 28 18 888 2800 2876
5986 2 2 28 18 1447 2530 2901
5987 2 2 28 18 1414 2760 2710
5988 2 2 28 18 462 2549 2843
5989 2 2 28 18 1328 2792 2783
5990 2 2 28 18 1329 2784 2793
5991 2 2 28 18 871 2793 2784
5992 2 2 28 18 872 2783 2792
5993 2 2 28 18 834 2537 2817
5994 2 2 28 18 999 2598 2951
5995 2 2 28 18 850 2710 2760
5996 2 2 28 18 414 2951 2598
5997 2 2 28 18 951 2843 2549
5998 2 2 28 18 237 2764 2846
5999 2 2 28 18 220 3013 2392
6000 2 2 28 18 900 2474 3015
6001 2 2 28 18 977 2709 2868
6002 2 2 28 18 384 2947 2672
6003 2 2 28 18 945 2471 2970
6004 2 2 28 18 1207 2696 2845
6005 2 2 28 18 426 2868 2709
6006 2 2 28 18 894 2943 2560
6007 2 2 28 18 893 2944 2561
6008 2 2 28 18 895 2946 2559
6009 2 2 28 18 896 2945 2558
6010 2 2 28 18 909 2890 2942
6011 2 2 28 18 900 3015 2637
6012 2 2 28 18 1290 2942 2890
6013 2 2 28 18 1240 2860 2922
6014 2 2 28 18 1241 2921 2861
6015 2 2 28 18 1022 2891 2998
6016 2 2 28 18 1085 2998 2891
6017 2 2 28 18 906 2986 2596
6018 2 2 28 18 907 2595 2999
6019 2 2 28 18 1369 2798 2874
6020 2 2 28 18 1368 2876 2800
6021 2 2 28 18 964 2672 2947
6022 2 2 28 18 1055 2637 3015
6023 2 2 28 18 1085 2896 3008
6024 2 2 28 18 255 3008 2896
6025 2 2 28 18 937 2861 2921
6026 2 2 28 18 938 2922 2860
6027 2 2 28 18 1072 2973 2941
6028 2 2 28 18 1028 2941 2973
$EndElements
