$MeshFormat
2.2 0 8
$EndMeshFormat
$Nodes
6101
1 0 0 0
2 0.00093749999999999986 0 0
3 0.00046875000000000004 0.00081189881604791102 0
4 -0.00046874999999999971 0.00081189881604791113 0
5 -0.00093749999999999986 1.1481063742006435e-19 0
6 -0.00046875000000000036 -0.0008118988160479108 0
7 0.00046875000000000004 -0.00081189881604791102 0
8 0.0018749999999999997 0 0
9 0.0016602300480997683 0.00087135594758206585 0
10 0.0010651214001209171 0.0015430947485506055 0
11 0.0002260062754787306 0.0018613291389338509 0
12 -0.00066488416320475388 0.0017531554550351525 0
13 -0.0014034576528208144 0.0012433549842014908 0
14 -0.0018205159076738473 0.00044871687053917058 0
15 -0.0018205159076738475 -0.00044871687053917009 0
16 -0.0014034576528208146 -0.0012433549842014904 0
17 -0.00066488416320475475 -0.0017531554550351523 0
18 0.00022600627547873098 -0.0018613291389338509 0
19 0.0010651214001209152 -0.0015430947485506068 0
20 0.0016602300480997685 -0.00087135594758206564 0
21 0.0028124999999999995 0 0
22 0.0026601109922830342 0.000913217257138172 0
23 0.0022194576826773567 0.0017274732544396904 0
24 0.0015382916947193255 0.0023545307201133609 0
25 0.0006904279325834977 0.0027264382479543661 0
26 -0.00023225440914093447 0.0028028938865812584 0
27 -0.0011297683818364762 0.0025756124812173486 0
28 -0.0019048544201973959 0.0020692234987681828 0
29 -0.0024735199252682496 0.0013386020429167695 0
30 -0.0027741411658201562 0.00046292228516456438 0
31 -0.0027741411658201562 -0.00046292228516456367 0
32 -0.0024735199252682509 -0.0013386020429167679 0
33 -0.0019048544201973965 -0.0020692234987681824 0
34 -0.0011297683818364752 -0.0025756124812173491 0
35 -0.0002322544091409358 -0.0028028938865812584 0
36 0.00069042793258349651 -0.0027264382479543665 0
37 0.0015382916947193244 -0.0023545307201133618 0
38 0.0022194576826773576 -0.0017274732544396891 0
39 0.0026601109922830342 -0.00091321725713817286 0
40 0.0037499999999999994 0 0
41 0.0036321868542323662 0.00093258707686820529 0
42 0.0032861500501644878 0.0018065762778814321 0
43 0.0027336323528302929 0.0025670516472325821 0
44 0.0020093504811712366 0.0031662297206325562 0
45 0.0011588137289060528 0.0035664619361068252 0
46 0.00023546444823492569 0.0037426002316060178 0
47 -0.00070267992969646716 0.0036835771902325822 0
48 -0.0015966723433690224 0.0033931014467475725 0
49 -0.0023903399615575862 0.0028894246604092093 0
50 -0.0030338137289060521 0.0022041946960967744 0
51 -0.0034866618220809422 0.0013804670725675429 0
52 -0.0037204301299292911 0.00046999962586614192 0
53 -0.0037204301299292915 -0.000469999625866141 0
54 -0.0034866618220809422 -0.0013804670725675421 0
55 -0.0030338137289060538 -0.0022041946960967723 0
56 -0.0023903399615575853 -0.0028894246604092098 0
57 -0.0015966723433690204 -0.0033931014467475738 0
58 -0.00070267992969646727 -0.0036835771902325822 0
59 0.00023546444823492309 -0.0037426002316060178 0
60 0.0011588137289060519 -0.0035664619361068257 0
61 0.0020093504811712374 -0.0031662297206325558 0
62 0.0027336323528302916 -0.0025670516472325829 0
63 0.0032861500501644861 -0.0018065762778814352 0
64 0.0036321868542323658 -0.00093258707686820746 0
65 0.0046874999999999998 0 0
66 0.0045974310018901425 0.00091448588445060112 0
67 0.0043306853086466568 0.0017938285892113582 0
68 0.0038975138076681806 0.0026042354672793852 0
69 0.0033145630368119415 0.0033145630368119411 0
70 0.0026042354672793856 0.0038975138076681806 0
71 0.0017938285892113584 0.0043306853086466568 0
72 0.00091448588445060155 0.0045974310018901425 0
73 2.870265935501609e-19 0.0046874999999999998 0
74 -0.0009144858844506009 0.0045974310018901425 0
75 -0.001793828589211358 0.0043306853086466568 0
76 -0.0026042354672793839 0.0038975138076681815 0
77 -0.0033145630368119411 0.0033145630368119415 0
78 -0.0038975138076681811 0.0026042354672793852 0
79 -0.0043306853086466568 0.0017938285892113589 0
80 -0.0045974310018901425 0.00091448588445060285 0
81 -0.0046874999999999998 5.740531871003218e-19 0
82 -0.0045974310018901425 -0.00091448588445060166 0
83 -0.0043306853086466568 -0.0017938285892113578 0
84 -0.0038975138076681815 -0.0026042354672793839 0
85 -0.0033145630368119424 -0.0033145630368119411 0
86 -0.0026042354672793852 -0.0038975138076681806 0
87 -0.0017938285892113608 -0.004330685308646655 0
88 -0.00091448588445060307 -0.0045974310018901416 0
89 -8.6107978065048265e-19 -0.0046874999999999998 0
90 0.00091448588445060134 -0.0045974310018901425 0
91 0.0017938285892113593 -0.0043306853086466559 0
92 0.0026042354672793835 -0.0038975138076681815 0
93 0.0033145630368119406 -0.0033145630368119424 0
94 0.0038975138076681806 -0.0026042354672793852 0
95 0.004330685308646655 -0.001793828589211361 0
96 0.0045974310018901416 -0.00091448588445060329 0
97 0.0056249999999999998 0 0
98 0.0055482823316403132 0.0009258445703291281 0
99 0.0053202219845660693 0.0018264345142763444 0
100 0.0049470398505365009 0.0026772040858335385 0
101 0.0044389153653547134 0.0034549465088793813 0
102 0.0038097088403947934 0.0041384469975363648 0
103 0.0030765833894386514 0.0047090614402267228 0
104 0.0022595367636729534 0.0051512249624346973 0
105 0.0013808558651669956 0.0054528764959087331 0
106 0.0004645088182818697 0.0056057877731625176 0
107 -0.000464508818281869 0.0056057877731625176 0
108 -0.0013808558651669939 0.0054528764959087339 0
109 -0.0022595367636729529 0.0051512249624346973 0
110 -0.0030765833894386518 0.0047090614402267219 0
111 -0.0038097088403947921 0.0041384469975363665 0
112 -0.0044389153653547134 0.0034549465088793822 0
113 -0.0049470398505365 0.0026772040858335394 0
114 -0.0053202219845660701 0.0018264345142763431 0
115 -0.0055482823316403132 0.00092584457032912886 0
116 -0.0056249999999999998 6.8886382452038619e-19 0
117 -0.0055482823316403132 -0.00092584457032912745 0
118 -0.0053202219845660701 -0.001826434514276344 0
119 -0.0049470398505365018 -0.0026772040858335363 0
120 -0.004438915365354716 -0.0034549465088793787 0
121 -0.0038097088403947934 -0.0041384469975363648 0
122 -0.0030765833894386514 -0.0047090614402267228 0
123 -0.0022595367636729508 -0.005151224962434699 0
124 -0.001380855865166995 -0.0054528764959087331 0
125 -0.00046450881828187166 -0.0056057877731625176 0
126 0.00046450881828186954 -0.0056057877731625176 0
127 0.0013808558651669932 -0.0054528764959087339 0
128 0.002259536763672949 -0.0051512249624346999 0
129 0.0030765833894386492 -0.0047090614402267245 0
130 0.0038097088403947943 -0.0041384469975363648 0
131 0.004438915365354716 -0.0034549465088793787 0
132 0.0049470398505364992 -0.002677204085833542 0
133 0.0053202219845660693 -0.0018264345142763459 0
134 0.0055482823316403132 -0.00092584457032912713 0
135 0.0065624999999999998 0 0
136 0.0064957032123436204 0.00093394112616843375 0
137 0.006296672639345139 0.0018488699042718821 0
138 0.0059694599695140271 0.0027261610228248791 0
139 0.0055207263092046264 0.003547955364552359 0
140 0.0049596065816998195 0.0042975235665159333 0
141 0.0042975235665159333 0.0049596065816998195 0
142 0.0035479553645523594 0.0055207263092046256 0
143 0.0027261610228248795 0.0059694599695140262 0
144 0.0018488699042718828 0.006296672639345139 0
145 0.00093394112616843354 0.0064957032123436204 0
146 1.8590049507907432e-18 0.0065624999999999998 0
147 -0.00093394112616843278 0.0064957032123436212 0
148 -0.0018488699042718821 0.006296672639345139 0
149 -0.0027261610228248791 0.0059694599695140271 0
150 -0.0035479553645523568 0.0055207263092046282 0
151 -0.0042975235665159324 0.0049596065816998195 0
152 -0.0049596065816998186 0.0042975235665159341 0
153 -0.0055207263092046256 0.0035479553645523603 0
154 -0.0059694599695140254 0.0027261610228248813 0
155 -0.006296672639345139 0.0018488699042718821 0
156 -0.0064957032123436204 0.00093394112616843386 0
157 -0.0065624999999999998 3.7180099015814865e-18 0
158 -0.0064957032123436212 -0.00093394112616843224 0
159 -0.0062966726393451399 -0.0018488699042718804 0
160 -0.0059694599695140262 -0.00272616102282488 0
161 -0.0055207263092046264 -0.003547955364552359 0
162 -0.0049596065816998203 -0.0042975235665159324 0
163 -0.0042975235665159341 -0.0049596065816998186 0
164 -0.0035479553645523581 -0.0055207263092046264 0
165 -0.0027261610228248843 -0.0059694599695140245 0
166 -0.0018488699042718826 -0.006296672639345139 0
167 -0.0009339411261684343 -0.0064957032123436204 0
168 -1.2055116929106756e-18 -0.0065624999999999998 0
169 0.00093394112616843191 -0.0064957032123436212 0
170 0.00184886990427188 -0.0062966726393451399 0
171 0.0027261610228248769 -0.005969459969514028 0
172 0.0035479553645523612 -0.0055207263092046247 0
173 0.0042975235665159298 -0.0049596065816998229 0
174 0.0049596065816998169 -0.0042975235665159359 0
175 0.0055207263092046264 -0.0035479553645523581 0
176 0.0059694599695140245 -0.0027261610228248847 0
177 0.006296672639345139 -0.0018488699042718828 0
178 0.0064957032123436204 -0.00093394112616843484 0
179 0.0074999999999999997 0 0
180 0.0074431538225395175 0.00092166217998535579 0
181 0.0072734770202625707 0.0018293529008128284 0
182 0.0069935417205326681 0.0027093124964036467 0
183 0.0066075914571433834 0.0035482016762700755 0
184 0.0061214768426716623 0.0043333037355618833 0
185 0.0055425668791549429 0.005052717327349179 0
186 0.0048796372515318162 0.0056955368749103032 0
187 0.0041427372972037942 0.0062520178891583957 0
188 0.0033430376683240373 0.0067137246851629671 0
189 0.002492660996097447 0.0070736582585345809 0
190 0.0016044981240487316 0.0073263623831970048 0
191 0.00069201269597476511 0.0074680063222127583 0
192 -0.00023096293917127818 0.0074964428978502437 0
193 -0.0011504374115901398 0.0074112410406094453 0
194 -0.0020524724255406197 0.0072136923237961434 0
195 -0.0029233940496950946 0.0069067913845871527 0
196 -0.0037500000000000016 0.0064951905283832882 0
197 -0.0045197597728444221 0.0059851292046017969 0
198 -0.0052210045947219492 0.0053843394229833143 0
199 -0.0058431043089425287 0.0047019285442057987 0
200 -0.0063766285179721067 0.0039482412215801682 0
201 -0.0068134895386464268 0.0031347025866508772 0
202 -0.0071470650032036736 0.0022736450558478272 0
203 -0.0073722982476292628 0.0013781213836242777 0
204 -0.0074857749655278302 0.00046170679600457089 0
205 -0.0074857749655278302 -0.00046170679600457236 0
206 -0.0073722982476292628 -0.0013781213836242757 0
207 -0.0071470650032036745 -0.002273645055847825 0
208 -0.0068134895386464276 -0.0031347025866508755 0
209 -0.0063766285179721076 -0.0039482412215801664 0
210 -0.0058431043089425296 -0.0047019285442057969 0
211 -0.0052210045947219509 -0.0053843394229833126 0
212 -0.0045197597728444238 -0.0059851292046017961 0
213 -0.0037499999999999968 -0.0064951905283832908 0
214 -0.0029233940496950946 -0.0069067913845871527 0
215 -0.0020524724255406232 -0.0072136923237961425 0
216 -0.0011504374115901383 -0.0074112410406094462 0
217 -0.00023096293917127837 -0.0074964428978502437 0
218 0.00069201269597476153 -0.0074680063222127592 0
219 0.0016044981240487316 -0.0073263623831970048 0
220 0.0024926609960974453 -0.0070736582585345818 0
221 0.003343037668324039 -0.0067137246851629662 0
222 0.0041427372972037933 -0.0062520178891583957 0
223 0.0048796372515318136 -0.0056955368749103058 0
224 0.0055425668791549438 -0.0050527173273491781 0
225 0.0061214768426716606 -0.004333303735561885 0
226 0.0066075914571433842 -0.0035482016762700738 0
227 0.0069935417205326681 -0.0027093124964036475 0
228 0.0072734770202625698 -0.0018293529008128317 0
229 0.0074431538225395175 -0.00092166217998535514 0
230 0.0084374999999999988 0 0
231 0.0083862900898701975 0.00092819436463754392 0
232 0.0082332819784189867 0.0018451217070537956 0
233 0.007980332976849103 0.0027396517714145161 0
234 0.0076305135433858097 0.0036009261745009054 0
235 0.0071880700120733835 0.0044184902117727189 0
236 0.0066583730480320701 0.0051824197633190718 0
237 0.0060478524548588071 0.0058834417592305852 0
238 0.0053639191255216044 0.0065130467421064568 0
239 0.0046148750841579766 0.0070635921603400837 0
240 0.0038098127107481288 0.0075283951383426978 0
241 0.0029585043719388654 0.0079018135976001488 0
242 0.0020712837977504934 0.0081793147438630996 0
243 0.0011589206440928176 0.0083575300891289318 0
244 0.00023248976373136735 0.0084342963405230256 0
245 -0.0006967632274228016 0.0084086816597437764 0
246 -0.0016175584568565425 0.008280996974317275 0
247 -0.0025187187178267972 0.0080527922033583419 0
248 -0.0033893051455094292 0.0077268374436520459 0
249 -0.0042187499999999977 0.0073070893444312007 0
250 -0.004996984944360767 0.0067986430790145033 0
251 -0.0057145632605921908 0.0062076704963045463 0
252 -0.0063627745199925602 0.0055413452029027602 0
253 -0.0069337503159630047 0.0048077554852428714 0
254 -0.0074205597758047496 0.0040158061287503084 0
255 -0.0078172936921248881 0.0031751103258098622 0
256 -0.0081191362526093006 0.0022958729846325114 0
257 -0.0083224234974604676 0.0013887668554936933 0
258 -0.0084246877949061046 0.00046480297800261569 0
259 -0.0084246877949061046 -0.00046480297800261368 0
260 -0.0083224234974604693 -0.0013887668554936874 0
261 -0.0081191362526092988 -0.0022958729846325131 0
262 -0.0078172936921248881 -0.0031751103258098605 0
263 -0.0074205597758047505 -0.0040158061287503075 0
264 -0.0069337503159630056 -0.0048077554852428697 0
265 -0.0063627745199925636 -0.005541345202902755 0
266 -0.0057145632605921899 -0.0062076704963045471 0
267 -0.0049969849443607722 -0.0067986430790144999 0
268 -0.0042187500000000029 -0.0073070893444311981 0
269 -0.0033893051455094326 -0.0077268374436520451 0
270 -0.0025187187178268011 -0.0080527922033583419 0
271 -0.0016175584568565461 -0.0082809969743172732 0
272 -0.00069676322742279987 -0.0084086816597437764 0
273 0.00023248976373136342 -0.0084342963405230256 0
274 0.0011589206440928157 -0.0083575300891289336 0
275 0.0020712837977504895 -0.0081793147438630996 0
276 0.0029585043719388615 -0.0079018135976001488 0
277 0.0038098127107481323 -0.0075283951383426969 0
278 0.004614875084157974 -0.0070635921603400854 0
279 0.0053639191255216018 -0.0065130467421064585 0
280 0.0060478524548588045 -0.0058834417592305869 0
281 0.0066583730480320683 -0.0051824197633190735 0
282 0.0071880700120733861 -0.0044184902117727154 0
283 0.0076305135433858079 -0.0036009261745009076 0
284 0.007980332976849103 -0.0027396517714145187 0
285 0.0082332819784189867 -0.0018451217070537978 0
286 0.0083862900898701975 -0.00092819436463754598 0
287 0.0093749999999999997 0 0
288 0.0093284135190506382 0.00093344856183578116 0
289 0.0091891170735800987 0.0018576200924943522 0
290 0.0089584950542450689 0.002763329760102227 0
291 0.0086388394862850718 0.0036415762150752628 0
292 0.0082333272503458919 0.0044836310495748582 0
293 0.0077459885092124522 0.005281125544346457 0
294 0.0071816666542404185 0.0060261338408113055 0
295 0.0065459701695569326 0.0067112517118098599 0
296 0.0058452168924256276 0.0073296701481377789 0
297 0.0050863712237414942 0.0078752430295384816 0
298 0.0042769749126859036 0.008342548207607518 0
299 0.0034250721034349528 0.0087269413935394148 0
300 0.0025391293888406734 0.0090246023151563624 0
301 0.0016279516656274725 0.0092325726844894491 0
302 0.00070059462737272866 0.0093487855985735641 0
303 -0.00023372523504443354 0.0093720860812576516 0
304 -0.0011657222310701733 0.0093022425618766134 0
305 -0.0020861337558404467 0.0091399491767045968 0
306 -0.0029858123461095403 0.0088868188703168597 0
307 -0.0038558165918494815 0.0085453673654219357 0
308 -0.0046875000000000016 0.0081189881604791098 0
309 -0.0054725969272011524 0.0076119188035861556 0
310 -0.0062033047274705549 0.0070291987778225099 0
311 -0.0068723612984046218 0.006376619416602369 0
312 -0.0074731172552148983 0.0056606663468013506 0
313 -0.0079996020153014578 0.0048884550316827943 0
314 -0.0084465831365851778 0.0040676600542271079 0
315 -0.0088096183198678908 0.0032064388436781458 0
316 -0.0090850995583976052 0.0023133506033465047 0
317 -0.0092702889958605796 0.0013972712454016379 0
318 -0.009363346136427397 0.0004673051780690389 0
319 -0.009363346136427397 -0.00046730517806903651 0
320 -0.0092702889958605796 -0.0013972712454016357 0
321 -0.0090850995583976052 -0.0023133506033465026 0
322 -0.0088096183198678908 -0.0032064388436781437 0
323 -0.0084465831365851795 -0.0040676600542271062 0
324 -0.0079996020153014595 -0.0048884550316827926 0
325 -0.0074731172552148992 -0.005660666346801348 0
326 -0.0068723612984046235 -0.0063766194166023664 0
327 -0.0062033047274705601 -0.0070291987778225056 0
328 -0.005472596927201161 -0.0076119188035861495 0
329 -0.0046874999999999964 -0.0081189881604791132 0
330 -0.0038558165918494837 -0.0085453673654219357 0
331 -0.0029858123461095469 -0.008886818870316858 0
332 -0.0020861337558404493 -0.0091399491767045968 0
333 -0.0011657222310701798 -0.0093022425618766117 0
334 -0.00023372523504443582 -0.0093720860812576516 0
335 0.00070059462737272844 -0.0093487855985735641 0
336 0.0016279516656274684 -0.0092325726844894509 0
337 0.002539129388840673 -0.0090246023151563624 0
338 0.0034250721034349489 -0.0087269413935394165 0
339 0.0042769749126859019 -0.008342548207607518 0
340 0.0050863712237414968 -0.0078752430295384798 0
341 0.005845216892425625 -0.0073296701481377798 0
342 0.0065459701695569335 -0.006711251711809859 0
343 0.0071816666542404168 -0.0060261338408113081 0
344 0.0077459885092124479 -0.0052811255443464631 0
345 0.0082333272503458902 -0.0044836310495748617 0
346 0.0086388394862850718 -0.0036415762150752628 0
347 0.0089584950542450671 -0.0027633297601022317 0
348 0.0091891170735800987 -0.0018576200924943535 0
349 0.0093284135190506365 -0.00093344856183578701 0
350 0.010312499999999999 0 0
351 0.010270984906825901 0.00092440537306665786 0
352 0.010146773882423367 0.0018413679776109403 0
353 0.0099408670009259858 0.002743504969906337 0
354 0.0096549221034722896 0.0036235528733388461 0
355 0.0092912414502436969 0.0044744260596498173 0
356 0.008852753184019244 0.0052892737982484063 0
357 0.0083429877544916441 0.0060615354142661282 0
358 0.0077660494931622373 0.0067849931112532848 0
359 0.0071265835676770405 0.0074538220332199742 0
360 0.0064297385816681893 0.008062637162951556 0
361 0.0056811251212248075 0.0086065366790009316 0
362 0.0048867705817527982 0.0090811414222726101 0
363 0.0040530706389310875 0.0094826301544368337 0
364 0.0031867377544916452 0.0098077703242937693 0
365 0.0022947471314244926 0.010053944094375055 0
366 0.0013842805537445727 0.010219169418231826 0
367 0.00046266856298968575 0.010302115998707305 0
368 -0.00046266856298968445 0.010302115998707307 0
369 -0.0013842805537445711 0.010219169418231826 0
370 -0.0022947471314244913 0.010053944094375055 0
371 -0.0031867377544916439 0.009807770324293771 0
372 -0.004053070638931084 0.0094826301544368354 0
373 -0.0048867705817527973 0.0090811414222726101 0
374 -0.0056811251212248058 0.0086065366790009333 0
375 -0.0064297385816681884 0.0080626371629515577 0
376 -0.0071265835676770405 0.0074538220332199742 0
377 -0.0077660494931622364 0.0067849931112532865 0
378 -0.0083429877544916441 0.0060615354142661299 0
379 -0.008852753184019244 0.0052892737982484072 0
380 -0.0092912414502436952 0.004474426059649819 0
381 -0.0096549221034722896 0.0036235528733388474 0
382 -0.0099408670009259858 0.0027435049699063379 0
383 -0.010146773882423367 0.0018413679776109414 0
384 -0.010270984906825901 0.00092440537306665905 0
385 -0.010312499999999999 1.2629170116207079e-18 0
386 -0.010270984906825901 -0.00092440537306665656 0
387 -0.010146773882423367 -0.0018413679776109388 0
388 -0.0099408670009259858 -0.0027435049699063357 0
389 -0.0096549221034722896 -0.0036235528733388448 0
390 -0.0092912414502436969 -0.0044744260596498164 0
391 -0.0088527531840192457 -0.005289273798248402 0
392 -0.0083429877544916459 -0.0060615354142661273 0
393 -0.0077660494931622382 -0.0067849931112532839 0
394 -0.0071265835676770457 -0.0074538220332199699 0
395 -0.006429738581668191 -0.008062637162951556 0
396 -0.0056811251212248075 -0.0086065366790009316 0
397 -0.0048867705817527999 -0.0090811414222726084 0
398 -0.0040530706389310884 -0.0094826301544368337 0
399 -0.0031867377544916465 -0.0098077703242937693 0
400 -0.0022947471314244939 -0.010053944094375055 0
401 -0.0013842805537445737 -0.010219169418231826 0
402 -0.00046266856298968694 -0.010302115998707305 0
403 0.00046266856298968326 -0.010302115998707307 0
404 0.00138428055374457 -0.010219169418231826 0
405 0.00229474713142449 -0.010053944094375055 0
406 0.003186737754491643 -0.009807770324293771 0
407 0.0040530706389310849 -0.0094826301544368337 0
408 0.0048867705817527965 -0.0090811414222726101 0
409 0.005681125121224804 -0.0086065366790009333 0
410 0.0064297385816681875 -0.0080626371629515577 0
411 0.0071265835676770396 -0.007453822033219976 0
412 0.0077660494931622347 -0.0067849931112532874 0
413 0.0083429877544916441 -0.0060615354142661308 0
414 0.0088527531840192422 -0.0052892737982484089 0
415 0.0092912414502436952 -0.0044744260596498199 0
416 0.0096549221034722878 -0.0036235528733388482 0
417 0.0099408670009259858 -0.0027435049699063392 0
418 0.010146773882423367 -0.0018413679776109425 0
419 0.010270984906825901 -0.00092440537306666035 0
420 0.01125 0 0
421 0.011211575546325035 0.00092901763656373865 0
422 0.011096564663280626 0.0018516891406582562 0
423 0.010905752991817466 0.0027617117303339904 0
424 0.010640443969132139 0.0036528690285526889 0
425 0.010302449924869395 0.0045190735273459058 0
426 0.0098940797010730018 0.005354408171667077 0
427 0.0094181228804534473 0.006153166778877301 0
428 0.0088778307307094267 0.0069098930177587626 0
429 0.0082768939950727313 0.0076194176807895869 0
430 0.0076194176807895869 0.0082768939950727295 0
431 0.0069098930177587644 0.0088778307307094267 0
432 0.0061531667788773028 0.0094181228804534455 0
433 0.0053544081716670761 0.0098940797010730018 0
434 0.0045190735273459067 0.010302449924869395 0
435 0.0036528690285526902 0.010640443969132139 0
436 0.0027617117303339912 0.010905752991817466 0
437 0.0018516891406582547 0.011096564663280626 0
438 0.00092901763656373941 0.011211575546325035 0
439 6.8886382452038619e-19 0.01125 0
440 -0.000929017636563738 0.011211575546325035 0
441 -0.0018516891406582556 0.011096564663280626 0
442 -0.0027617117303339878 0.010905752991817468 0
443 -0.0036528690285526863 0.01064044396913214 0
444 -0.0045190735273459058 0.010302449924869395 0
445 -0.005354408171667077 0.0098940797010730018 0
446 -0.0061531667788773036 0.0094181228804534438 0
447 -0.0069098930177587626 0.0088778307307094267 0
448 -0.0076194176807895843 0.008276893995072733 0
449 -0.0082768939950727295 0.0076194176807895869 0
450 -0.0088778307307094267 0.0069098930177587644 0
451 -0.0094181228804534438 0.0061531667788773062 0
452 -0.0098940797010730001 0.0053544081716670787 0
453 -0.010302449924869396 0.0045190735273459058 0
454 -0.01064044396913214 0.0036528690285526863 0
455 -0.010905752991817466 0.0027617117303339943 0
456 -0.011096564663280626 0.0018516891406582577 0
457 -0.011211575546325035 0.00092901763656373757 0
458 -0.01125 1.3777276490407724e-18 0
459 -0.011211575546325035 -0.00092901763656373486 0
460 -0.011096564663280626 -0.0018516891406582549 0
461 -0.010905752991817468 -0.0027617117303339869 0
462 -0.01064044396913214 -0.003652869028552688 0
463 -0.010302449924869396 -0.0045190735273459032 0
464 -0.0098940797010730035 -0.0053544081716670727 0
465 -0.0094181228804534438 -0.0061531667788773036 0
466 -0.0088778307307094319 -0.0069098930177587574 0
467 -0.0082768939950727295 -0.0076194176807895886 0
468 -0.0076194176807895869 -0.0082768939950727295 0
469 -0.0069098930177587652 -0.0088778307307094267 0
470 -0.0061531667788773028 -0.0094181228804534455 0
471 -0.0053544081716670839 -0.0098940797010729983 0
472 -0.0045190735273459015 -0.010302449924869398 0
473 -0.003652869028552691 -0.010640443969132139 0
474 -0.0027617117303339899 -0.010905752991817466 0
475 -0.0018516891406582534 -0.011096564663280626 0
476 -0.00092901763656374331 -0.011211575546325035 0
477 -2.0665914735611582e-18 -0.01125 0
478 0.00092901763656373908 -0.011211575546325035 0
479 0.0018516891406582493 -0.011096564663280626 0
480 0.0027617117303339865 -0.010905752991817468 0
481 0.0036528690285526876 -0.01064044396913214 0
482 0.004519073527345898 -0.0103024499248694 0
483 0.0053544081716670805 -0.0098940797010730001 0
484 0.0061531667788772984 -0.009418122880453449 0
485 0.0069098930177587618 -0.0088778307307094285 0
486 0.0076194176807895886 -0.0082768939950727295 0
487 0.0082768939950727261 -0.0076194176807895912 0
488 0.0088778307307094319 -0.0069098930177587574 0
489 0.0094181228804534455 -0.0061531667788773028 0
490 0.0098940797010729983 -0.0053544081716670839 0
491 0.010302449924869398 -0.0045190735273459024 0
492 0.010640443969132139 -0.0036528690285526919 0
493 0.010905752991817464 -0.0027617117303340008 0
494 0.011096564663280626 -0.0018516891406582543 0
495 0.011211575546325035 -0.00092901763656374396 0
496 0.012187499999999999 0 0
497 0.012151739451926836 0.00093294401894479062 0
498 0.012044667664822997 0.0018604131514175328 0
499 0.011866912978510431 0.0027769646397569885 0
500 0.011619518528169465 0.0036772197953789062 0
501 0.011303936122806777 0.0045558955630593681 0
502 0.010922017725462864 0.0054078355240035703 0
503 0.010476004585156514 0.0062280401557616568 0
504 0.0099685140843443695 0.0070116961714144386 0
505 0.0094025243790799296 0.007754204765854947 0
506 0.0087813569220095908 0.0084512086034054454 0
507 0.0081086569707678278 0.0090986173883957928 0
508 0.0073883721961559004 0.0096926318686448836 0
509 0.0066247295156398817 0.010229766130983139 0
510 0.0058222102881182042 0.010706868057977109 0
511 0.0049855240155257056 0.011121137825807951 0
512 0.0041195807056036262 0.011470144334750906 0
513 0.0032294620580218137 0.011751839475835154 0
514 0.0023203916429443963 0.011964570149961669 0
515 0.0013977042470430063 0.012107087968946039 0
516 0.0004668145668473075 0.012178556581556746 0
517 -0.00046681456684730609 0.012178556581556746 0
518 -0.001397704247043002 0.012107087968946039 0
519 -0.0023203916429443945 0.011964570149961669 0
520 -0.0032294620580218124 0.011751839475835154 0
521 -0.0041195807056036279 0.011470144334750906 0
522 -0.0049855240155257047 0.011121137825807951 0
523 -0.0058222102881182007 0.010706868057977111 0
524 -0.0066247295156398808 0.010229766130983139 0
525 -0.0073883721961559004 0.0096926318686448836 0
526 -0.008108656970767826 0.0090986173883957962 0
527 -0.008781356922009589 0.0084512086034054454 0
528 -0.0094025243790799296 0.0077542047658549452 0
529 -0.0099685140843443695 0.0070116961714144395 0
530 -0.010476004585156514 0.0062280401557616568 0
531 -0.010922017725462863 0.0054078355240035729 0
532 -0.011303936122806777 0.0045558955630593699 0
533 -0.011619518528169465 0.0036772197953789049 0
534 -0.011866912978510429 0.0027769646397569911 0
535 -0.012044667664822997 0.001860413151417533 0
536 -0.012151739451926836 0.0009329440189447942 0
537 -0.012187499999999999 6.904875531508474e-18 0
538 -0.012151739451926836 -0.00093294401894479116 0
539 -0.012044667664822997 -0.00186041315141753 0
540 -0.011866912978510433 -0.0027769646397569833 0
541 -0.011619518528169465 -0.0036772197953789071 0
542 -0.011303936122806777 -0.0045558955630593673 0
543 -0.010922017725462864 -0.0054078355240035703 0
544 -0.010476004585156514 -0.0062280401557616534 0
545 -0.0099685140843443747 -0.0070116961714144334 0
546 -0.0094025243790799278 -0.0077542047658549478 0
547 -0.0087813569220095925 -0.0084512086034054437 0
548 -0.0081086569707678278 -0.0090986173883957928 0
549 -0.0073883721961558995 -0.0096926318686448854 0
550 -0.0066247295156398878 -0.010229766130983135 0
551 -0.0058222102881181981 -0.010706868057977112 0
552 -0.0049855240155257073 -0.011121137825807951 0
553 -0.0041195807056036279 -0.011470144334750906 0
554 -0.0032294620580218124 -0.011751839475835154 0
555 -0.0023203916429444028 -0.011964570149961667 0
556 -0.0013977042470430104 -0.012107087968946039 0
557 -0.00046681456684730902 -0.012178556581556746 0
558 0.00046681456684730458 -0.012178556581556746 0
559 0.0013977042470430061 -0.012107087968946039 0
560 0.0023203916429443984 -0.011964570149961669 0
561 0.0032294620580218085 -0.011751839475835156 0
562 0.0041195807056036236 -0.011470144334750906 0
563 0.004985524015525703 -0.011121137825807953 0
564 0.0058222102881182042 -0.010706868057977109 0
565 0.0066247295156398843 -0.010229766130983137 0
566 0.0073883721961558952 -0.0096926318686448871 0
567 0.0081086569707678243 -0.0090986173883957962 0
568 0.008781356922009589 -0.0084512086034054471 0
569 0.0094025243790799209 -0.0077542047658549548 0
570 0.0099685140843443713 -0.007011696171414436 0
571 0.010476004585156509 -0.0062280401557616629 0
572 0.010922017725462863 -0.0054078355240035746 0
573 0.011303936122806777 -0.0045558955630593716 0
574 0.011619518528169465 -0.0036772197953789062 0
575 0.011866912978510431 -0.0027769646397569872 0
576 0.012044667664822995 -0.0018604131514175397 0
577 0.012151739451926836 -0.00093294401894479571 0
578 0.013125 0 0
579 0.013092305955103774 0.00092582383743033134 0
580 0.012994386700502212 0.0018470352670729381 0
581 0.012831730064996251 0.002759044859923683 0
582 0.012605146395762103 0.003657309030066459 0
583 0.012315764521242386 0.0045373526705896764 0
584 0.01196502612737961 0.0053947914483437861 0
585 0.011554678575209323 0.006225353646468498 0
586 0.011086766195595326 0.0070249014458713035 0
587 0.010563620104476151 0.0077894515396340503 0
588 0.0099878465893627009 0.008515194977647654 0
589 0.0093623141249449902 0.0091985161426099311 0
590 0.0086901390824955047 0.0098360107628491424 0
591 0.0079746702042642979 0.010424502872234205 0
592 0.0072194719202135424 0.010961060632678215 0
593 0.0064283065902067471 0.011443010940408319 0
594 0.0056051157601211847 0.011867952743234239 0
595 0.0047540005252645822 0.01223376900246952 0
596 0.0038792010989246043 0.012538637239911766 0
597 0.0029850756878395234 0.012781038617337379 0
598 0.00207607877983149 0.012959765503277187 0
599 0.0011567389517722739 0.013073927489375668 0
600 0.00023163630844106714 0.013122955826360605 0
601 -0.00069462033532713863 0.013106606257523341 0
602 -0.0016174164155252086 0.013024960235593411 0
603 -0.0025321546084996456 0.012878424516945153 0
604 -0.0034342777345857853 0.0126677291351579 0
605 -0.00431929146174763 0.01239392376402542 0
606 -0.0051827866961140084 0.012058372488133863 0
607 -0.0060204615478624355 0.01166274700706098 0
608 -0.0068281427630178275 0.011209018307052909 0
609 -0.0076018065143938721 0.010699446841669848 0
610 -0.0083375984480976925 0.010136571270320105 0
611 -0.0090318528857270281 0.0095231958107866478 0
612 -0.0096811110865956691 0.0088623762687551483 0
613 -0.010282138479005564 0.0081574048139437787 0
614 -0.010831940774720326 0.0074117935786792676 0
615 -0.011327778886358603 0.0066292571606303098 0
616 -0.011767182573389622 0.0058136941168688595 0
617 -0.012147962748747276 0.0049691675414548584 0
618 -0.012468222384751754 0.0040998848233060482 0
619 -0.012726365964006031 0.0032101766851980029 0
620 -0.012921107428183282 0.0023044756083210861 0
621 -0.013051476585104763 0.0013872937498821633 0
622 -0.013116823942188464 0.00046320046376432223 0
623 -0.013116823942188464 -0.00046320046376431323 0
624 -0.013051476585104764 -0.0013872937498821541 0
625 -0.01292110742818328 -0.0023044756083210887 0
626 -0.012726365964006031 -0.0032101766851979994 0
627 -0.012468222384751756 -0.0040998848233060456 0
628 -0.012147962748747276 -0.0049691675414548558 0
629 -0.011767182573389627 -0.0058136941168688517 0
630 -0.011327778886358603 -0.0066292571606303124 0
631 -0.010831940774720328 -0.0074117935786792641 0
632 -0.010282138479005566 -0.0081574048139437753 0
633 -0.0096811110865956673 -0.0088623762687551483 0
634 -0.0090318528857270299 -0.0095231958107866443 0
635 -0.0083375984480976995 -0.0101365712703201 0
636 -0.0076018065143938799 -0.010699446841669841 0
637 -0.0068281427630178301 -0.011209018307052907 0
638 -0.006020461547862439 -0.011662747007060978 0
639 -0.0051827866961140084 -0.012058372488133863 0
640 -0.0043192914617476378 -0.012393923764025417 0
641 -0.0034342777345857767 -0.012667729135157901 0
642 -0.0025321546084996487 -0.012878424516945151 0
643 -0.0016174164155252089 -0.013024960235593411 0
644 -0.00069462033532713885 -0.013106606257523341 0
645 0.00023163630844105518 -0.013122955826360607 0
646 0.0011567389517722793 -0.013073927489375668 0
647 0.0020760787798314874 -0.012959765503277187 0
648 0.0029850756878395199 -0.012781038617337381 0
649 0.0038792010989246043 -0.012538637239911766 0
650 0.0047540005252645762 -0.012233769002469521 0
651 0.0056051157601211795 -0.011867952743234241 0
652 0.0064283065902067445 -0.011443010940408321 0
653 0.0072194719202135415 -0.010961060632678217 0
654 0.0079746702042642909 -0.010424502872234211 0
655 0.0086901390824955082 -0.009836010762849139 0
656 0.0093623141249449867 -0.0091985161426099363 0
657 0.0099878465893626991 -0.0085151949776476575 0
658 0.010563620104476149 -0.007789451539634052 0
659 0.011086766195595321 -0.0070249014458713122 0
660 0.01155467857520932 -0.0062253536464685049 0
661 0.011965026127379614 -0.0053947914483437808 0
662 0.012315764521242386 -0.004537352670589679 0
663 0.012605146395762103 -0.0036573090300664607 0
664 0.012831730064996249 -0.002759044859923693 0
665 0.012994386700502212 -0.0018470352670729461 0
666 0.013092305955103774 -0.00092582383743034847 0
667 0.014062499999999999 0 0
668 0.014031754132764016 0.00092939884208014835 0
669 0.013939650974910588 0.0018547336594978438 0
670 0.013786593270114505 0.0027719581985364418 0
671 0.013573250300775214 0.0036770616696630903 0
672 0.013300554961415174 0.0045660862856908603 0
673 0.012969699679369472 0.0054351445681751097 0
674 0.012582131200604484 0.0062804363463675912 0
675 0.01213954426346588 0.00709826537439624 0
676 0.011643874188019031 0.0078850554940078973 0
677 0.011097288413386783 0.0086373662721984535 0
678 0.010502177020089664 0.0093519080453509894 0
679 0.0098611422788318706 0.010025556304097771 0
680 0.0091769872714336197 0.010655365356004707 0
681 0.008452703633667541 0.011238581206334877 0
682 0.0076914584735966298 0.011772653600566807 0
683 0.0068965805226165197 0.012255247176008585 0
684 0.0060715455797600562 0.012684251673744732 0
685 0.0052199613129124793 0.013057791166261504 0
686 0.0043455514833976982 0.013374232260400595 0
687 0.003452139662917489 0.013632191239771833 0
688 0.0025436325140452934 0.013830540115392876 0
689 0.0016240027073848064 0.013968411558098035 0
690 0.00069727155009219137 0.014045202691148034 0
691 -0.00023250859827691564 0.014060577726456594 0
692 -0.0011612720457046723 0.014014469432906294 0
693 -0.0020849575459477793 0.013907079430333149 0
694 -0.0029995260573339381 0.013738877307894363 0
695 -0.003900978404463437 0.013510598570674427 0
696 -0.0047853727655856049 0.013223241423508517 0
697 -0.0056488419091823795 0.012878062406086745 0
698 -0.0064876101043877957 0.01247657089842579 0
699 -0.0072980096312983385 0.01202052252073414 0
700 -0.0080764968189788941 0.011511911456531611 0
701 -0.0088196675410341131 0.010952961732592205 0
702 -0.0095242721009869795 0.010346117493840915 0
703 -0.010187229442374688 0.0096940323157298329 0
704 -0.01080564062142458 0.0089995576008278858 0
705 -0.011376801483397696 0.0082657301103629035 0
706 -0.011898214487169401 0.0074957586852374162 0
707 -0.01236759962634125 0.0066930102145838482 0
708 -0.012782904399128844 0.0058609949132150266 0
709 -0.013142312783429918 0.0050033509723478847 0
710 -0.013444253177826902 0.0041238286507190363 0
711 -0.01368740527380008 0.0032262738756574484 0
712 -0.013870705829100782 0.0023146114258228222 0
713 -0.013993353317039221 0.0013928277691471372 0
714 -0.014054811431356772 0.00046495363102464345 0
715 -0.014054811431356772 -0.00046495363102464626 0
716 -0.013993353317039221 -0.0013928277691471276 0
717 -0.013870705829100783 -0.0023146114258228187 0
718 -0.013687405273800081 -0.0032262738756574385 0
719 -0.013444253177826902 -0.0041238286507190389 0
720 -0.013142312783429916 -0.0050033509723478873 0
721 -0.012782904399128847 -0.0058609949132150171 0
722 -0.012367599626341251 -0.0066930102145838456 0
723 -0.011898214487169406 -0.0074957586852374084 0
724 -0.011376801483397703 -0.0082657301103628966 0
725 -0.010805640621424578 -0.0089995576008278875 0
726 -0.01018722944237469 -0.0096940323157298294 0
727 -0.0095242721009869882 -0.010346117493840908 0
728 -0.0088196675410341166 -0.010952961732592201 0
729 -0.0080764968189788958 -0.011511911456531611 0
730 -0.0072980096312983368 -0.012020522520734142 0
731 -0.0064876101043877931 -0.012476570898425791 0
732 -0.0056488419091823882 -0.012878062406086742 0
733 -0.0047853727655856083 -0.013223241423508515 0
734 -0.00390097840446344 -0.013510598570674427 0
735 -0.0029995260573339381 -0.013738877307894363 0
736 -0.0020849575459477732 -0.013907079430333149 0
737 -0.0011612720457046791 -0.014014469432906294 0
738 -0.00023250859827691906 -0.014060577726456594 0
739 0.00069727155009218791 -0.014045202691148036 0
740 0.0016240027073847938 -0.013968411558098037 0
741 0.002543632514045299 -0.013830540115392875 0
742 0.0034521396629174825 -0.013632191239771834 0
743 0.0043455514833976947 -0.013374232260400597 0
744 0.0052199613129124793 -0.013057791166261504 0
745 0.0060715455797600475 -0.012684251673744738 0
746 0.0068965805226165241 -0.012255247176008583 0
747 0.0076914584735966228 -0.011772653600566809 0
748 0.0084527036336675375 -0.011238581206334881 0
749 0.009176987271433611 -0.010655365356004714 0
750 0.0098611422788318723 -0.010025556304097768 0
751 0.010502177020089666 -0.0093519080453509859 0
752 0.01109728841338678 -0.0086373662721984552 0
753 0.011643874188019029 -0.007885055494007899 0
754 0.012139544263465876 -0.0070982653743962495 0
755 0.012582131200604481 -0.0062804363463675999 0
756 0.012969699679369473 -0.0054351445681751036 0
757 0.013300554961415174 -0.0045660862856908646 0
758 0.013573250300775214 -0.0036770616696630916 0
759 0.013786593270114503 -0.0027719581985364526 0
760 0.013939650974910588 -0.0018547336594978523 0
761 0.014031754132764017 -0.00092939884208014195 0
762 0.014999999999999999 0 0
763 0.014970983957003914 0.00093254456147220781 0
764 0.014884048085449146 0.00186148128919889 0
765 0.014739528723333955 0.0027832163074423986 0
766 0.014537984987994992 0.0036941836024800201 0
767 0.014280196612990948 0.0045908588188183089 0
768 0.013967160931464892 0.0054697728942398275 0
769 0.013600089017656089 0.0063275254809309336 0
770 0.013180401001489031 0.0071607981007669047 0
771 0.012709720574366663 0.0079663669838591251 0
772 0.012189868707423753 0.0087411155406945124 0
773 0.011622856606543348 0.0094820464196148941 0
774 0.011010877931391902 0.010186293102988289 0
775 0.0103563003085762 0.010851130997208745 0
776 0.0096616561717559665 0.011473987973619714 0
777 0.0089296329641499906 0.012052454319580134 0
778 0.0081630627413404096 0.012584292061174517 0
779 0.0073649112145998327 0.013067443621499256 0
780 0.0065382662771305677 0.013500039781027951 0
781 0.0056863260576056904 0.013880406909258623 0
782 0.0048123865472305171 0.014207073439665001 0
783 0.0039198288481929111 0.014478775562901534 0
784 0.0030121060928357799 0.014694462116236224 0
785 0.0020927300841588467 0.014853298650295041 0
786 0.0011652577093350935 0.014954670657384438 0
787 0.00023327717880526188 0.014998185948902242 0
788 -0.00069960585581126556 0.014983676172639161 0
789 -0.0016297822512821155 0.014911197464100788 0
790 -0.0025536533358359774 0.014781030229330219 0
791 -0.0034676448317245449 0.014593678060071561 0
792 -0.0043682206834087791 0.014349865785471295 0
793 -0.0052518967378708571 0.014050536667855126 0
794 -0.0061152542241253299 0.013696848753429282 0
795 -0.0069549529797799112 0.01329017039202472 0
796 -0.0077677443734748813 0.012832074943217456 0
797 -0.0085504838732067389 0.012324334689306011 0
798 -0.009300143211911624 0.011768913978695492 0
799 -0.010013822103242304 0.011167961626215228 0
800 -0.010688759462212604 0.01052380259977165 0
801 -0.011322344087298852 0.0098389290254991008 0
802 -0.011912124762671299 0.0091159905462079791 0
803 -0.012455819741471958 0.0083577840704314333 0
804 -0.012951325573449952 0.007567242951729598 0
805 -0.013396725242801871 0.00674742564011454 0
806 -0.013790295584733542 0.0059015038495012903 0
807 -0.014130513952049836 0.0050327502869628752 0
808 -0.014416064105980867 0.0041445259912624571 0
809 -0.014645841308454104 0.0032402673296472507 0
810 -0.014818956596111349 0.0023234727032112701 0
811 -0.014934740219535279 0.0013976890122610755 0
812 -0.01499274423437982 0.00046649793404755129 0
813 -0.01499274423437982 -0.0004664979340475476 0
814 -0.014934740219535277 -0.0013976890122610788 0
815 -0.014818956596111351 -0.0023234727032112666 0
816 -0.014645841308454106 -0.0032402673296472472 0
817 -0.014416064105980867 -0.0041445259912624537 0
818 -0.014130513952049837 -0.0050327502869628718 0
819 -0.013790295584733546 -0.0059015038495012816 0
820 -0.013396725242801872 -0.0067474256401145365 0
821 -0.012951325573449954 -0.0075672429517295954 0
822 -0.012455819741471964 -0.0083577840704314246 0
823 -0.011912124762671301 -0.0091159905462079756 0
824 -0.011322344087298861 -0.0098389290254990939 0
825 -0.010688759462212602 -0.010523802599771651 0
826 -0.010013822103242307 -0.011167961626215224 0
827 -0.0093001432119116274 -0.011768913978695488 0
828 -0.0085504838732067372 -0.012324334689306013 0
829 -0.0077677443734748847 -0.012832074943217456 0
830 -0.0069549529797799086 -0.01329017039202472 0
831 -0.0061152542241253395 -0.013696848753429278 0
832 -0.0052518967378708632 -0.014050536667855123 0
833 -0.0043682206834087791 -0.014349865785471295 0
834 -0.0034676448317245514 -0.014593678060071559 0
835 -0.0025536533358359809 -0.014781030229330219 0
836 -0.0016297822512821158 -0.014911197464100788 0
837 -0.00069960585581126924 -0.014983676172639161 0
838 0.00023327717880526153 -0.014998185948902242 0
839 0.0011652577093350964 -0.014954670657384438 0
840 0.0020927300841588402 -0.014853298650295041 0
841 0.003012106092835776 -0.014694462116236224 0
842 0.0039198288481929007 -0.014478775562901535 0
843 0.0048123865472305101 -0.014207073439665003 0
844 0.0056863260576056774 -0.013880406909258628 0
845 0.0065382662771305711 -0.013500039781027949 0
846 0.0073649112145998293 -0.013067443621499258 0
847 0.0081630627413404096 -0.012584292061174517 0
848 0.0089296329641499837 -0.012052454319580139 0
849 0.009661656171755963 -0.011473987973619716 0
850 0.010356300308576193 -0.010851130997208754 0
851 0.011010877931391907 -0.010186293102988285 0
852 0.011622856606543344 -0.0094820464196148976 0
853 0.012189868707423746 -0.0087411155406945211 0
854 0.012709720574366659 -0.0079663669838591321 0
855 0.013180401001489024 -0.0071607981007669186 0
856 0.013600089017656089 -0.006327525480930931 0
857 0.013967160931464891 -0.0054697728942398327 0
858 0.014280196612990946 -0.0045908588188183098 0
859 0.01453798498799499 -0.0036941836024800292 0
860 0.014739528723333955 -0.0027832163074424029 0
861 0.014884048085449146 -0.00186148128919889 0
862 0.014970983957003914 -0.00093254456147220293 0
863 0.015937499999999997 0 0
864 0.015910536272448334 0.00092668321076070834 0
865 0.015829736326512214 0.0018502308188708566 0
866 0.015695373563632063 0.0027675178315667015 0
867 0.015507902624865939 0.0036754404399576392 0
868 0.015267957852528101 0.0045709265213329997 0
869 0.014976351143775412 0.0054509460342528444 0
870 0.014634069203404364 0.0063125212712490603 0
871 0.014242270205154381 0.0071527369344448642 0
872 0.01380227987281449 0.0079687499999999967 0
873 0.013315586994393672 0.0087577993380034691 0
874 0.012783838384533508 0.0095172150552631524 0
875 0.012208833312208709 0.010244427529379218 0
876 0.011592517412570461 0.01093697610353294 0
877 0.01093697610353294 0.011592517412570461 0
878 0.010244427529379221 0.012208833312208707 0
879 0.0095172150552631524 0.012783838384533506 0
880 0.0087577993380034691 0.013315586994393671 0
881 0.0079687500000000001 0.013802279872814488 0
882 0.0071527369344448659 0.014242270205154379 0
883 0.006312521271249062 0.014634069203404364 0
884 0.0054509460342528427 0.014976351143775412 0
885 0.0045709265213330014 0.015267957852528101 0
886 0.0036754404399576409 0.015507902624865939 0
887 0.0027675178315667028 0.015695373563632063 0
888 0.0018502308188708576 0.015829736326512214 0
889 0.00092668321076070596 0.015910536272448334 0
890 9.7589041807054685e-19 0.015937499999999997 0
891 -0.00092668321076070747 0.015910536272448334 0
892 -0.0018502308188708557 0.015829736326512214 0
893 -0.0027675178315666976 0.015695373563632063 0
894 -0.0036754404399576388 0.015507902624865939 0
895 -0.0045709265213329997 0.015267957852528101 0
896 -0.0054509460342528444 0.014976351143775412 0
897 -0.0063125212712490603 0.014634069203404364 0
898 -0.0071527369344448642 0.014242270205154381 0
899 -0.0079687499999999949 0.01380227987281449 0
900 -0.0087577993380034691 0.013315586994393671 0
901 -0.009517215055263149 0.01278383838453351 0
902 -0.01024442752937922 0.012208833312208709 0
903 -0.010936976103532938 0.011592517412570464 0
904 -0.011592517412570457 0.010936976103532945 0
905 -0.012208833312208713 0.010244427529379216 0
906 -0.012783838384533508 0.0095172150552631524 0
907 -0.013315586994393669 0.0087577993380034726 0
908 -0.01380227987281449 0.0079687499999999967 0
909 -0.014242270205154379 0.0071527369344448668 0
910 -0.014634069203404364 0.0063125212712490603 0
911 -0.014976351143775411 0.005450946034252847 0
912 -0.015267957852528099 0.0045709265213330057 0
913 -0.015507902624865939 0.0036754404399576422 0
914 -0.015695373563632063 0.0027675178315667071 0
915 -0.015829736326512214 0.0018502308188708516 0
916 -0.015910536272448334 0.00092668321076070682 0
917 -0.015937499999999997 1.9517808361410937e-18 0
918 -0.015910536272448334 -0.00092668321076070997 0
919 -0.015829736326512214 -0.0018502308188708548 0
920 -0.015695373563632063 -0.0027675178315666967 0
921 -0.015507902624865939 -0.0036754404399576379 0
922 -0.015267957852528102 -0.0045709265213329945 0
923 -0.014976351143775414 -0.0054509460342528357 0
924 -0.014634069203404364 -0.0063125212712490629 0
925 -0.014242270205154381 -0.0071527369344448633 0
926 -0.013802279872814488 -0.0079687500000000001 0
927 -0.013315586994393672 -0.0087577993380034691 0
928 -0.01278383838453351 -0.009517215055263149 0
929 -0.012208833312208709 -0.010244427529379218 0
930 -0.011592517412570464 -0.010936976103532937 0
931 -0.01093697610353294 -0.011592517412570461 0
932 -0.010244427529379221 -0.012208833312208707 0
933 -0.0095172150552631524 -0.012783838384533506 0
934 -0.0087577993380034674 -0.013315586994393672 0
935 -0.0079687500000000053 -0.013802279872814485 0
936 -0.0071527369344448677 -0.014242270205154379 0
937 -0.0063125212712490612 -0.014634069203404364 0
938 -0.0054509460342528548 -0.014976351143775409 0
939 -0.0045709265213330066 -0.015267957852528099 0
940 -0.0036754404399576431 -0.015507902624865939 0
941 -0.0027675178315667015 -0.015695373563632063 0
942 -0.0018502308188708524 -0.015829736326512214 0
943 -0.00092668321076071485 -0.015910536272448334 0
944 -2.9276712542116406e-18 -0.015937499999999997 0
945 0.0009266832107606949 -0.015910536272448334 0
946 0.0018502308188708607 -0.015829736326512214 0
947 0.0027675178315667097 -0.015695373563632063 0
948 0.003675440439957637 -0.015507902624865941 0
949 0.0045709265213330014 -0.015267957852528101 0
950 0.0054509460342528349 -0.014976351143775414 0
951 0.006312521271249056 -0.014634069203404366 0
952 0.0071527369344448625 -0.014242270205154381 0
953 0.0079687500000000001 -0.013802279872814488 0
954 0.0087577993380034622 -0.013315586994393676 0
955 0.0095172150552631472 -0.01278383838453351 0
956 0.010244427529379206 -0.012208833312208719 0
957 0.010936976103532942 -0.011592517412570461 0
958 0.011592517412570466 -0.010936976103532937 0
959 0.012208833312208706 -0.010244427529379223 0
960 0.012783838384533506 -0.0095172150552631542 0
961 0.013315586994393665 -0.0087577993380034795 0
962 0.013802279872814491 -0.0079687499999999932 0
963 0.014242270205154379 -0.0071527369344448685 0
964 0.014634069203404364 -0.006312521271249062 0
965 0.014976351143775407 -0.0054509460342528557 0
966 0.015267957852528097 -0.0045709265213330075 0
967 0.015507902624865942 -0.0036754404399576301 0
968 0.015695373563632063 -0.0027675178315667024 0
969 0.015829736326512214 -0.0018502308188708533 0
970 0.015910536272448334 -0.00092668321076071582 0
971 0.016874999999999998 0 0
972 0.016849375589812209 0.0009296059560052292 0
973 0.016772580179740395 0.0018563887292750878 0
974 0.016644846994920935 0.002777533710987384 0
975 0.016466563956837973 0.0036902434141075913 0
976 0.016238272505218598 0.0045917459692650271 0
977 0.015960665953698206 0.0054793035428290322 0
978 0.015634587384249776 0.0063502206516197219 0
979 0.015261027086771619 0.0072018523490018109 0
980 0.014841119551609501 0.0080316122575006151 0
981 0.014376140024146767 0.0088369804235454378 0
982 0.013867500631926011 0.0096155109704857411 0
983 0.01331674609606414 0.010364839526638144 0
984 0.012725549039985122 0.011082690405805517 0
985 0.012095704909717614 0.01176688351846117 0
986 0.011429126521184382 0.012415340992609094 0
987 0.010727838251043209 0.013026093484212914 0
988 0.0099939698887215357 0.013597286158029005 0
989 0.0092297501683159533 0.014127184320680167 0
990 0.0084375000000000006 0.0146141786888624 0
991 0.0076196254214962577 0.015056790276685396 0
992 0.0067786102910188575 0.015453674887304094 0
993 0.0059170087438777308 0.015803627195200298 0
994 0.0050374374356535962 0.016105584406716684 0
995 0.0041425675955009868 0.016358629487726199 0
996 0.0032351169137130866 0.01656199394863455 0
997 0.0023178412881856352 0.016715060178257864 0
998 0.0013935264548456091 0.016817363319487553 0
999 0.0004649795274627347 0.016868592681046051 0
1000 -0.00046497952746273264 0.016868592681046051 0
1001 -0.0013935264548456032 0.016817363319487553 0
1002 -0.002317841288185637 0.016715060178257864 0
1003 -0.0032351169137130849 0.01656199394863455 0
1004 -0.0041425675955009842 0.016358629487726199 0
1005 -0.0050374374356535944 0.016105584406716684 0
1006 -0.0059170087438777256 0.015803627195200298 0
1007 -0.0067786102910188583 0.015453674887304092 0
1008 -0.0076196254214962534 0.015056790276685399 0
1009 -0.0084374999999999954 0.014614178688862401 0
1010 -0.0092297501683159498 0.014127184320680169 0
1011 -0.009993969888721534 0.013597286158029007 0
1012 -0.010727838251043205 0.013026093484212915 0
1013 -0.011429126521184382 0.012415340992609093 0
1014 -0.012095704909717611 0.011766883518461174 0
1015 -0.01272554903998512 0.01108269040580552 0
1016 -0.013316746096064138 0.010364839526638145 0
1017 -0.013867500631926009 0.0096155109704857428 0
1018 -0.014376140024146769 0.0088369804235454343 0
1019 -0.014841119551609499 0.0080316122575006168 0
1020 -0.015261027086771618 0.0072018523490018135 0
1021 -0.015634587384249776 0.0063502206516197245 0
1022 -0.015960665953698206 0.0054793035428290357 0
1023 -0.016238272505218601 0.0045917459692650228 0
1024 -0.016466563956837973 0.0036902434141075934 0
1025 -0.016644846994920935 0.0027775337109873866 0
1026 -0.016772580179740395 0.0018563887292750902 0
1027 -0.016849375589812209 0.00092960595600523137 0
1028 -0.016874999999999998 2.0665914735611582e-18 0
1029 -0.016849375589812209 -0.00092960595600522736 0
1030 -0.016772580179740395 -0.0018563887292750859 0
1031 -0.016644846994920939 -0.0027775337109873749 0
1032 -0.016466563956837973 -0.0036902434141075895 0
1033 -0.016238272505218598 -0.0045917459692650263 0
1034 -0.01596066595369821 -0.0054793035428290313 0
1035 -0.015634587384249776 -0.006350220651619721 0
1036 -0.015261027086771623 -0.0072018523490018031 0
1037 -0.014841119551609501 -0.0080316122575006151 0
1038 -0.014376140024146767 -0.0088369804235454378 0
1039 -0.013867500631926011 -0.0096155109704857394 0
1040 -0.013316746096064142 -0.010364839526638144 0
1041 -0.012725549039985127 -0.01108269040580551 0
1042 -0.012095704909717614 -0.01176688351846117 0
1043 -0.01142912652118438 -0.012415340992609094 0
1044 -0.010727838251043209 -0.013026093484212914 0
1045 -0.0099939698887215444 -0.013597286158029 0
1046 -0.0092297501683159533 -0.014127184320680167 0
1047 -0.0084375000000000058 -0.014614178688862396 0
1048 -0.0076196254214962568 -0.015056790276685397 0
1049 -0.0067786102910188653 -0.01545367488730409 0
1050 -0.005917008743877729 -0.015803627195200298 0
1051 -0.0050374374356536022 -0.016105584406716684 0
1052 -0.0041425675955009842 -0.016358629487726199 0
1053 -0.0032351169137130923 -0.016561993948634546 0
1054 -0.0023178412881856374 -0.016715060178257864 0
1055 -0.0013935264548455997 -0.016817363319487553 0
1056 -0.00046497952746273302 -0.016868592681046051 0
1057 0.00046497952746272684 -0.016868592681046051 0
1058 0.0013935264548455937 -0.016817363319487553 0
1059 0.0023178412881856313 -0.016715060178257867 0
1060 0.0032351169137130862 -0.01656199394863455 0
1061 0.004142567595500979 -0.016358629487726199 0
1062 0.0050374374356535962 -0.016105584406716684 0
1063 0.005917008743877723 -0.015803627195200298 0
1064 0.0067786102910188462 -0.015453674887304097 0
1065 0.0076196254214962646 -0.015056790276685394 0
1066 0.0084375000000000006 -0.0146141786888624 0
1067 0.0092297501683159481 -0.014127184320680171 0
1068 0.0099939698887215253 -0.013597286158029012 0
1069 0.010727838251043204 -0.013026093484212917 0
1070 0.011429126521184382 -0.012415340992609094 0
1071 0.012095704909717609 -0.011766883518461174 0
1072 0.012725549039985124 -0.011082690405805515 0
1073 0.013316746096064137 -0.010364839526638147 0
1074 0.013867500631926002 -0.0096155109704857498 0
1075 0.014376140024146772 -0.0088369804235454309 0
1076 0.014841119551609503 -0.0080316122575006116 0
1077 0.015261027086771616 -0.0072018523490018152 0
1078 0.015634587384249773 -0.006350220651619734 0
1079 0.015960665953698206 -0.0054793035428290374 0
1080 0.016238272505218594 -0.0045917459692650393 0
1081 0.016466563956837973 -0.0036902434141075956 0
1082 0.016644846994920939 -0.0027775337109873814 0
1083 0.016772580179740395 -0.001856388729275092 0
1084 0.016849375589812209 -0.00092960595600524091 0
1085 0.017812499999999998 0 0
1086 0.017788088587815845 0.00093223422057743684 0
1087 0.017714921261247366 0.001861913251955077 0
1088 0.01759319856685089 0.0027864889085291119 0
1089 0.017423254138070911 0.0037034269926913377 0
1090 0.017205553780774027 0.0046102142408886507 0
1091 0.016940694196507421 0.0055043652123037499 0
1092 0.016629401346981404 0.0063834291012756601 0
1093 0.016272528464258827 0.0072449964547876894 0
1094 0.015871053712105301 0.0080867057766106764 0
1095 0.015426077504910313 0.0089062499999999975 0
1096 0.014938819491527864 0.009701382811205167 0
1097 0.014410615212303751 0.010469924806459677 0
1098 0.013842912438452292 0.011209769465575229 0
1099 0.013237267203816084 0.011918888925767162 0
1100 0.012595339539885378 0.012595339539885375 0
1101 0.011918888925767162 0.013237267203816083 0
1102 0.011209769465575229 0.013842912438452292 0
1103 0.010469924806459677 0.014410615212303751 0
1104 0.0097013828112051705 0.014938819491527863 0
1105 0.008906250000000001 0.015426077504910311 0
1106 0.0080867057766106764 0.015871053712105301 0
1107 0.0072449964547876937 0.016272528464258827 0
1108 0.0063834291012756627 0.016629401346981404 0
1109 0.0055043652123037507 0.016940694196507421 0
1110 0.0046102142408886507 0.017205553780774027 0
1111 0.0037034269926913359 0.017423254138070911 0
1112 0.0027864889085291132 0.01759319856685089 0
1113 0.001861913251955077 0.017714921261247366 0
1114 0.00093223422057743532 0.017788088587815845 0
1115 5.0458705807177316e-18 0.017812499999999998 0
1116 -0.00093223422057743316 0.017788088587815845 0
1117 -0.0018619132519550748 0.017714921261247369 0
1118 -0.002786488908529111 0.01759319856685089 0
1119 -0.0037034269926913381 0.017423254138070911 0
1120 -0.0046102142408886481 0.017205553780774027 0
1121 -0.005504365212303749 0.016940694196507424 0
1122 -0.0063834291012756601 0.016629401346981404 0
1123 -0.0072449964547876876 0.016272528464258827 0
1124 -0.0080867057766106747 0.015871053712105301 0
1125 -0.0089062499999999958 0.015426077504910313 0
1126 -0.0097013828112051635 0.014938819491527868 0
1127 -0.010469924806459675 0.014410615212303751 0
1128 -0.011209769465575226 0.013842912438452294 0
1129 -0.011918888925767155 0.013237267203816088 0
1130 -0.012595339539885375 0.012595339539885378 0
1131 -0.013237267203816079 0.011918888925767163 0
1132 -0.013842912438452292 0.011209769465575227 0
1133 -0.014410615212303749 0.010469924806459679 0
1134 -0.014938819491527863 0.0097013828112051739 0
1135 -0.015426077504910313 0.0089062499999999975 0
1136 -0.015871053712105301 0.0080867057766106781 0
1137 -0.016272528464258827 0.0072449964547876876 0
1138 -0.016629401346981404 0.0063834291012756592 0
1139 -0.016940694196507421 0.0055043652123037516 0
1140 -0.017205553780774027 0.0046102142408886472 0
1141 -0.017423254138070911 0.0037034269926913377 0
1142 -0.017593198566850887 0.0027864889085291141 0
1143 -0.017714921261247369 0.001861913251955074 0
1144 -0.017788088587815845 0.00093223422057743652 0
1145 -0.017812499999999998 1.0091741161435463e-17 0
1146 -0.017788088587815845 -0.00093223422057743218 0
1147 -0.017714921261247369 -0.0018619132519550699 0
1148 -0.01759319856685089 -0.0027864889085291097 0
1149 -0.017423254138070911 -0.0037034269926913329 0
1150 -0.017205553780774031 -0.0046102142408886437 0
1151 -0.016940694196507424 -0.0055043652123037481 0
1152 -0.016629401346981407 -0.0063834291012756558 0
1153 -0.016272528464258827 -0.0072449964547876902 0
1154 -0.015871053712105301 -0.0080867057766106747 0
1155 -0.015426077504910315 -0.008906249999999994 0
1156 -0.014938819491527864 -0.0097013828112051687 0
1157 -0.014410615212303753 -0.010469924806459675 0
1158 -0.013842912438452294 -0.011209769465575224 0
1159 -0.013237267203816084 -0.011918888925767162 0
1160 -0.01259533953988538 -0.012595339539885375 0
1161 -0.011918888925767165 -0.013237267203816079 0
1162 -0.011209769465575236 -0.013842912438452287 0
1163 -0.010469924806459679 -0.014410615212303749 0
1164 -0.009701382811205167 -0.014938819491527864 0
1165 -0.0089062500000000079 -0.015426077504910308 0
1166 -0.0080867057766106781 -0.015871053712105301 0
1167 -0.0072449964547877024 -0.01627252846425882 0
1168 -0.0063834291012756532 -0.016629401346981407 0
1169 -0.0055043652123037533 -0.016940694196507421 0
1170 -0.0046102142408886481 -0.017205553780774027 0
1171 -0.0037034269926913459 -0.017423254138070911 0
1172 -0.0027864889085291149 -0.017593198566850887 0
1173 -0.0018619132519550909 -0.017714921261247366 0
1174 -0.00093223422057742969 -0.017788088587815849 0
1175 -3.272103166471834e-18 -0.017812499999999998 0
1176 0.0009322342205774389 -0.017788088587815845 0
1177 0.0018619132519550686 -0.017714921261247369 0
1178 0.0027864889085291084 -0.01759319856685089 0
1179 0.0037034269926913394 -0.017423254138070911 0
1180 0.0046102142408886576 -0.017205553780774027 0
1181 0.0055043652123037473 -0.016940694196507424 0
1182 0.006383429101275648 -0.016629401346981411 0
1183 0.0072449964547876824 -0.016272528464258831 0
1184 0.0080867057766106747 -0.015871053712105305 0
1185 0.008906250000000001 -0.015426077504910311 0
1186 0.0097013828112051618 -0.014938819491527868 0
1187 0.010469924806459674 -0.014410615212303753 0
1188 0.011209769465575217 -0.013842912438452301 0
1189 0.011918888925767165 -0.013237267203816079 0
1190 0.012595339539885373 -0.01259533953988538 0
1191 0.013237267203816084 -0.01191888892576716 0
1192 0.013842912438452287 -0.011209769465575236 0
1193 0.014410615212303749 -0.010469924806459681 0
1194 0.014938819491527857 -0.0097013828112051809 0
1195 0.015426077504910315 -0.008906249999999994 0
1196 0.015871053712105301 -0.0080867057766106799 0
1197 0.016272528464258827 -0.0072449964547876894 0
1198 0.0166294013469814 -0.0063834291012756696 0
1199 0.016940694196507421 -0.0055043652123037542 0
1200 0.017205553780774027 -0.0046102142408886489 0
1201 0.017423254138070911 -0.0037034269926913316 0
1202 0.017593198566850887 -0.0027864889085291167 0
1203 0.017714921261247366 -0.0018619132519550764 0
1204 0.017788088587815845 -0.00093223422057744649 0
1205 0.018749999999999999 0 0
1206 0.0187270578040174 0.00092725724855135616 0
1207 0.018658287359467625 0.0018522453432336401 0
1208 0.018543856959152449 0.0027727006831775427 0
1209 0.018384046633436724 0.0036863707599241596 0
1210 0.018179247464967123 0.0045910196696906476 0
1211 0.017929960631627391 0.0054844335850014539 0
1212 0.017636796180072072 0.0063644261722951229 0
1213 0.017300471532840124 0.0072288439422488878 0
1214 0.016921809732701742 0.0080755715197279119 0
1215 0.016501737428534783 0.008902536820462709 0
1216 0.016041282607659673 0.0097077161217865859 0
1217 0.015541572080182196 0.010489139015024121 0
1218 0.015003828721500318 0.011244893227411372 0
1219 0.014429368479723184 0.01197312930174777 0
1220 0.013819597155325575 0.012672065122327823 0
1221 0.013176006960918564 0.013339990276076871 0
1222 0.012500172869555239 0.013975270238218479 0
1223 0.011793748760507672 0.014576350372230483 0
1224 0.011058463371947243 0.015141759734301069 0
1225 0.010296116070432607 0.015670114672974775 0
1226 0.0095085724475582438 0.016160122215179446 0
1227 0.0086977597545391753 0.016610583230348013 0
1228 0.0078656621859042961 0.017020395364891944 0
1229 0.0070143160238398733 0.017388555739845192 0
1230 0.0061458046550658127 0.01771416340507706 0
1231 0.005262253472439242 0.017996421544068174 0
1232 0.0043658246737620305 0.018234639423854001 0
1233 0.0034587119705204242 0.018428234085364197 0
1234 0.0025431352195054795 0.018576731770021088 0
1235 0.0016213349904514874 0.018679769079106349 0
1236 0.0006955670829863524 0.018737093863058534 0
1237 -0.00023190299368805402 0.018748565838525317 0
1238 -0.0011588055648765784 0.018714156931660349 0
1239 -0.002082872344665085 0.018633951346824683 0
1240 -0.0030018419867962006 0.018508145360524579 0
1241 -0.0039134656185625324 0.018337046841090006 0
1242 -0.0048155123441750219 0.018121074495269257 0
1243 -0.0057057747041387979 0.017860756843583358 0
1244 -0.0065820740772764537 0.017556730926947799 0
1245 -0.0074422660121791356 0.017209740747726656 0
1246 -0.008284245475038499 0.016820635449034147 0
1247 -0.0091059520010171938 0.016390367236739114 0
1248 -0.0099053747365515643 0.015919989049257729 0
1249 -0.010680557360247317 0.015410651980836722 0
1250 -0.011429602870325772 0.014863602464632888 0
1251 -0.012150678226905092 0.014280179222482276 0
1252 -0.012842018837756083 0.01366180998882351 0
1253 -0.013501932876555005 0.013010008016792418 0
1254 -0.014128805423066163 0.012326368375037967 0
1255 -0.014721102415122278 0.011612564044322036 0
1256 -0.015277374402731705 0.010870341823455143 0
1257 -0.015796260095125456 0.010101518054587 0
1258 -0.016276489692063783 0.009307974178312993 0
1259 -0.016716887991250203 0.0084916521294736702 0
1260 -0.017116377264248424 0.0076545495849148163 0
1261 -0.017473979893864396 0.006798715074837508 0
1262 -0.017788820766539454 0.0059262429697013426 0
1263 -0.018060129413899818 0.0050392683549490124 0
1264 -0.018287241898221798 0.0041399618060944951 0
1265 -0.018469602437198685 0.0032305240769609478 0
1266 -0.018606764764033182 0.0023131807140673675 0
1267 -0.018698393219527026 0.0013901766103433719 0
1268 -0.018744263573495307 0.0004637705114999005 0
1269 -0.018744263573495307 -0.00046377051149990419 0
1270 -0.018698393219527026 -0.0013901766103433589 0
1271 -0.018606764764033182 -0.0023131807140673714 0
1272 -0.018469602437198689 -0.0032305240769609348 0
1273 -0.018287241898221798 -0.0041399618060944899 0
1274 -0.018060129413899818 -0.0050392683549490168 0
1275 -0.017788820766539457 -0.0059262429697013305 0
1276 -0.017473979893864396 -0.0067987150748375037 0
1277 -0.017116377264248424 -0.0076545495849148198 0
1278 -0.01671688799125021 -0.0084916521294736581 0
1279 -0.016276489692063783 -0.0093079741783129895 0
1280 -0.015796260095125452 -0.010101518054587004 0
1281 -0.015277374402731711 -0.010870341823455133 0
1282 -0.014721102415122277 -0.011612564044322038 0
1283 -0.014128805423066168 -0.012326368375037963 0
1284 -0.01350193287655501 -0.013010008016792416 0
1285 -0.012842018837756082 -0.013661809988823511 0
1286 -0.012150678226905102 -0.014280179222482267 0
1287 -0.011429602870325776 -0.014863602464632886 0
1288 -0.010680557360247322 -0.01541065198083672 0
1289 -0.0099053747365515678 -0.015919989049257729 0
1290 -0.009105952001017192 -0.016390367236739114 0
1291 -0.0082842454750385111 -0.01682063544903414 0
1292 -0.0074422660121791426 -0.017209740747726653 0
1293 -0.0065820740772764624 -0.017556730926947796 0
1294 -0.0057057747041388066 -0.017860756843583358 0
1295 -0.0048155123441750271 -0.018121074495269257 0
1296 -0.0039134656185625324 -0.018337046841090006 0
1297 -0.0030018419867962171 -0.018508145360524572 0
1298 -0.002082872344665098 -0.018633951346824679 0
1299 -0.0011588055648765706 -0.018714156931660349 0
1300 -0.00023190299368806277 -0.018748565838525317 0
1301 0.00069556708298634362 -0.018737093863058534 0
1302 0.0016213349904514785 -0.018679769079106349 0
1303 0.0025431352195054791 -0.018576731770021088 0
1304 0.0034587119705204237 -0.018428234085364197 0
1305 0.0043658246737620296 -0.018234639423854001 0
1306 0.0052622534724392489 -0.017996421544068171 0
1307 0.0061458046550658049 -0.017714163405077064 0
1308 0.0070143160238398646 -0.017388555739845196 0
1309 0.0078656621859043048 -0.017020395364891944 0
1310 0.0086977597545391718 -0.016610583230348013 0
1311 0.0095085724475582438 -0.016160122215179446 0
1312 0.01029611607043261 -0.015670114672974775 0
1313 0.011058463371947229 -0.015141759734301078 0
1314 0.011793748760507664 -0.014576350372230488 0
1315 0.012500172869555242 -0.013975270238218472 0
1316 0.013176006960918561 -0.013339990276076878 0
1317 0.013819597155325568 -0.01267206512232783 0
1318 0.014429368479723183 -0.011973129301747772 0
1319 0.015003828721500309 -0.011244893227411382 0
1320 0.015541572080182198 -0.010489139015024119 0
1321 0.016041282607659677 -0.0097077161217865842 0
1322 0.016501737428534776 -0.0089025368204627177 0
1323 0.016921809732701739 -0.0080755715197279188 0
1324 0.017300471532840124 -0.007228843942248893 0
1325 0.017636796180072065 -0.0063644261722951411 0
1326 0.017929960631627391 -0.0054844335850014548 0
1327 0.018179247464967123 -0.0045910196696906467 0
1328 0.018384046633436721 -0.0036863707599241726 0
1329 0.018543856959152449 -0.0027727006831775535 0
1330 0.018658287359467621 -0.0018522453432336489 0
1331 0.0187270578040174 -0.0009272572485513463 0
1332 0.019687499999999997 0 0
1333 0.01966553474461899 0.0009297308525499095 0
1334 0.019599687991549642 0.0018573871120217888 0
1335 0.019490106670645633 0.002780898814565978 0
1336 0.0193370353006827 0.0036982052444599397 0
1337 0.019140815443741629 0.0046072595323708217 0
1338 0.018901884943049702 0.0055060332227213106 0
1339 0.01862077694598124 0.0063925207999672041 0
1340 0.018298118714397356 0.0072647441636867821 0
1341 0.017934630224979438 0.0081207570424963339 0
1342 0.017531122562679687 0.0089586493369426552 0
1343 0.017088496110873395 0.0097765513816818212 0
1344 0.016607738542251595 0.01057263811743364 0
1345 0.016089922614937063 0.011345133163402564 0
1346 0.015536203778741495 0.012092312781077834 0
1347 0.014947817596905151 0.012812509720568122 0
1348 0.014326076989072133 0.013504116940887984 0
1349 0.013672369301653291 0.014165591195894668 0
1350 0.012988153212113895 0.01479545647787372 0
1351 0.012274955474093815 0.015392307311089334 0
1352 0.011534367510623174 0.015954811887950306 0
1353 0.010768041863035278 0.016481715040793529 0
1354 0.0099776885035007222 0.01697184104265384 0
1355 0.0091650710194108396 0.017424096230770635 0
1356 0.008332002678124617 0.017837471446977123 0
1357 0.0074803423808602115 0.018211044289526794 0
1358 0.0066119905147594416 0.018543981171332415 0
1359 0.0057288847123809893 0.018835539180024747 0
1360 0.0048329955280844838 0.019085067735680562 0
1361 0.0039263220409532212 0.019292010042520836 0
1362 0.0030108873940670315 0.019455904331339834 0
1363 0.0020887342800789562 0.019576384889892794 0
1364 0.0011619203831692308 0.019653182878942937 0
1365 0.00023251378754725541 0.01968612693214692 0
1366 -0.0006974116372529377 0.01967514353844017 0
1367 -0.0016257808639865412 0.01962025720606881 0
1368 -0.0025505223378951571 0.019521590407902162 0
1369 -0.0034695725991554598 0.01937936330814791 0
1370 -0.0043808808872649379 0.019193893271079648 0
1371 -0.0052824137170904744 0.018965594152873098 0
1372 -0.0061721594163688127 0.018694975378131144 0
1373 -0.0070481326145339718 0.018382640803158354 0
1374 -0.0079083786728553346 0.018029287368521441 0
1375 -0.0087509780460009196 0.017635703543902346 0
1376 -0.0095740505652936615 0.017202767568714052 0
1377 -0.010375759634102862 0.016731445492405059 0
1378 -0.01115431632600945 0.016222789018825304 0
1379 -0.011907983376600362 0.015677933159463631 0
1380 -0.012635079059984677 0.015098093700793375 0
1381 -0.013333980941381772 0.014484564491377279 0
1382 -0.014003129497407648 0.013838714554785487 0
1383 -0.014641031595981449 0.013161985034768606 0
1384 -0.01524626382808697 0.012455885979502488 0
1385 -0.015817475683954765 0.011721992972080285 0
1386 -0.016353392566577508 0.010961943614770485 0
1387 -0.016852818635834346 0.010177433874885872 0
1388 -0.017314639476877749 0.0093702143004173871 0
1389 -0.017737824586828873 0.0085420861138769261 0
1390 -0.018121429674232373 0.007694897193065698 0
1391 -0.018464598766139897 0.0068305379477362456 0
1392 -0.018766566118120453 0.0059509371013491061 0
1393 -0.019026657922935647 0.0050580573873365694 0
1394 -0.019244293814067101 0.0041538911694769566 0
1395 -0.019418988160741092 0.0032404559961519506 0
1396 -0.019550351151560719 0.002319790098407248 0
1397 -0.019638089664327531 0.0013939478418621123 0
1398 -0.019682007920111787 0.00046499514261633151 0
1399 -0.019682007920111787 -0.00046499514261632663 0
1400 -0.019638089664327531 -0.0013939478418621074 0
1401 -0.019550351151560719 -0.0023197900984072428 0
1402 -0.019418988160741096 -0.0032404559961519458 0
1403 -0.019244293814067101 -0.0041538911694769523 0
1404 -0.019026657922935647 -0.0050580573873365642 0
1405 -0.018766566118120456 -0.0059509371013490931 0
1406 -0.018464598766139893 -0.0068305379477362491 0
1407 -0.018121429674232373 -0.0076948971930656937 0
1408 -0.017737824586828873 -0.0085420861138769226 0
1409 -0.017314639476877752 -0.0093702143004173837 0
1410 -0.016852818635834349 -0.010177433874885868 0
1411 -0.016353392566577512 -0.010961943614770479 0
1412 -0.015817475683954769 -0.011721992972080281 0
1413 -0.015246263828086975 -0.012455885979502484 0
1414 -0.014641031595981457 -0.013161985034768597 0
1415 -0.014003129497407646 -0.01383871455478549 0
1416 -0.013333980941381775 -0.014484564491377276 0
1417 -0.012635079059984681 -0.015098093700793371 0
1418 -0.011907983376600368 -0.015677933159463628 0
1419 -0.01115431632600947 -0.016222789018825293 0
1420 -0.010375759634102866 -0.016731445492405055 0
1421 -0.009574050565293658 -0.017202767568714056 0
1422 -0.0087509780460009248 -0.017635703543902346 0
1423 -0.0079083786728553433 -0.018029287368521437 0
1424 -0.0070481326145339926 -0.018382640803158348 0
1425 -0.0061721594163688213 -0.01869497537813114 0
1426 -0.0052824137170904752 -0.018965594152873098 0
1427 -0.0043808808872649423 -0.019193893271079648 0
1428 -0.0034695725991554689 -0.01937936330814791 0
1429 -0.0025505223378951575 -0.019521590407902162 0
1430 -0.0016257808639865506 -0.01962025720606881 0
1431 -0.00069741163725293368 -0.01967514353844017 0
1432 0.00023251378754725059 -0.01968612693214692 0
1433 0.0011619203831692347 -0.019653182878942934 0
1434 0.0020887342800789514 -0.019576384889892794 0
1435 0.0030108873940670176 -0.019455904331339837 0
1436 0.0039263220409532212 -0.019292010042520836 0
1437 0.0048329955280844925 -0.019085067735680562 0
1438 0.0057288847123809893 -0.018835539180024747 0
1439 0.0066119905147594372 -0.018543981171332415 0
1440 0.0074803423808601993 -0.018211044289526798 0
1441 0.0083320026781245962 -0.017837471446977129 0
1442 0.0091650710194108413 -0.017424096230770635 0
1443 0.0099776885035007205 -0.01697184104265384 0
1444 0.010768041863035271 -0.016481715040793533 0
1445 0.011534367510623162 -0.015954811887950317 0
1446 0.012274955474093812 -0.015392307311089336 0
1447 0.012988153212113898 -0.014795456477873715 0
1448 0.013672369301653291 -0.014165591195894668 0
1449 0.014326076989072126 -0.013504116940887991 0
1450 0.014947817596905151 -0.012812509720568122 0
1451 0.015536203778741492 -0.012092312781077837 0
1452 0.016089922614937059 -0.011345133163402575 0
1453 0.016607738542251591 -0.010572638117433645 0
1454 0.017088496110873388 -0.0097765513816818316 0
1455 0.017531122562679684 -0.0089586493369426569 0
1456 0.017934630224979438 -0.0081207570424963408 0
1457 0.018298118714397349 -0.007264744163686796 0
1458 0.01862077694598124 -0.0063925207999672102 0
1459 0.018901884943049702 -0.0055060332227213071 0
1460 0.019140815443741629 -0.0046072595323708243 0
1461 0.0193370353006827 -0.0036982052444599497 0
1462 0.019490106670645633 -0.0027808988145659953 0
1463 0.019599687991549642 -0.0018573871120217791 0
1464 0.01966553474461899 -0.000929730852549907 0
1465 0.020624999999999998 0 0
1466 0.020603932153406852 0.00093198970906718185 0
1467 0.020540771654030822 0.0018620754165618045 0
1468 0.020435647535153024 0.0027883570106774225 0
1469 0.020288774559324717 0.0037089421511932465 0
1470 0.020100452779619683 0.0046219501354167851 0
1471 0.019871066926643009 0.0055255157403516827 0
1472 0.019601085622548507 0.0064177930332414181 0
1473 0.019291060423670497 0.0072969591427041588 0
1474 0.01894162469372582 0.0081612179827545428 0
1475 0.018553492309888071 0.0090088039221044268 0
1476 0.018127456204377418 0.0098379853912464489 0
1477 0.01766438674454553 0.010647068419951292 0
1478 0.017165229954764927 0.011434400097951823 0
1479 0.01663100558375543 0.012198371951744034 0
1480 0.016062805021295919 0.01293742323060626 0
1481 0.015461789068577566 0.013650044095123472 0
1482 0.014829185566753533 0.014334778701702673 0
1483 0.014166286888529828 0.014990228176777956 0
1484 0.013474447297921925 0.015615053474629038 0
1485 0.01275508018357099 0.016207978112974933 0
1486 0.012009655171271864 0.016767790780754122 0
1487 0.011239695121611775 0.017293347812763621 0
1488 0.010446773018853424 0.017783575526101495 0
1489 0.0096325087574182632 0.018237472413639461 0
1490 0.0087985658325350144 0.018654111190044603 0
1491 0.0079466479418142319 0.019032640686170155 0
1492 0.0070784955046917257 0.019372287587945285 0
1493 0.0061958821068513383 0.01967235801621146 0
1494 0.0053006108768910562 0.019932238944277789 0
1495 0.0043945108026346097 0.020151399450299416 0
1496 0.0034794329946141039 0.020329391801920456 0
1497 0.0025572469043573117 0.020465852370965515 0
1498 0.0016298365052053196 0.020560502376311237 0
1499 0.00069909644346292086 0.020613148453420146 0
1500 -0.00023307183225520549 0.020623683049373336 0
1501 -0.0011647639555750643 0.020592084642594908 0
1502 -0.002094076532874726 0.020518417786819315 0
1503 -0.0030191110318084332 0.020402832979211798 0
1504 -0.0039379776598993952 0.020245566352911276 0
1505 -0.0048487992252775336 0.0200469391946239 0
1506 -0.0057497149716749102 0.019807357288252697 0
1507 -0.0066388843798441659 0.019527310085904331 0
1508 -0.0075144909276338564 0.019207369707966479 0
1509 -0.008374745801039165 0.018848189774298665 0
1510 -0.0092178915486463824 0.018450504068924338 0
1511 -0.010042205672005438 0.018015125040952165 0
1512 -0.010846004144595561 0.017542942144789048 0
1513 -0.01162764485219495 0.017034920023035745 0
1514 -0.012385530947626037 0.016492096535777299 0
1515 -0.013118114113022777 0.015915580640294358 0
1516 -0.013823897722955317 0.015306550125527001 0
1517 -0.014501439901950021 0.014666249205919408 0
1518 -0.015149356470158384 0.013995985979561075 0
1519 -0.015766323771157238 0.013297129755817311 0
1520 -0.016351081376102899 0.012571108257908721 0
1521 -0.016902434658715094 0.011819404706154479 0
1522 -0.01741925723583004 0.011043554787838143 0
1523 -0.017900493268536651 0.01024514351988658 0
1524 -0.018345159619194945 0.0094258020107712316 0
1525 -0.018752347859929956 0.0085872041282468777 0
1526 -0.01912122612849777 0.0077310630797358089 0
1527 -0.019451040827732434 0.0068591279123432249 0
1528 -0.019741118165101827 0.0059731799396541396 0
1529 -0.019990865529227145 0.0050750291026119094 0
1530 -0.020199772700554019 0.0041665102719125185 0
1531 -0.020367412893701826 0.0032494794994688755 0
1532 -0.020493443629361754 0.0023258102266031934 0
1533 -0.020577607433962419 0.0013973894567136228 0
1534 -0.020619732365673615 0.00046611390023448433 0
1535 -0.020619732365673615 -0.00046611390023447929 0
1536 -0.020577607433962419 -0.0013973894567136176 0
1537 -0.020493443629361754 -0.0023258102266031882 0
1538 -0.020367412893701826 -0.0032494794994688712 0
1539 -0.020199772700554019 -0.0041665102719125047 0
1540 -0.019990865529227145 -0.0050750291026119051 0
1541 -0.019741118165101827 -0.0059731799396541352 0
1542 -0.019451040827732437 -0.0068591279123432127 0
1543 -0.01912122612849777 -0.0077310630797358046 0
1544 -0.01875234785992996 -0.0085872041282468742 0
1545 -0.018345159619194952 -0.0094258020107712195 0
1546 -0.017900493268536651 -0.010245143519886576 0
1547 -0.017419257235830047 -0.01104355478783813 0
1548 -0.016902434658715097 -0.011819404706154476 0
1549 -0.016351081376102895 -0.012571108257908725 0
1550 -0.015766323771157241 -0.013297129755817308 0
1551 -0.015149356470158394 -0.013995985979561065 0
1552 -0.014501439901950023 -0.014666249205919406 0
1553 -0.013823897722955329 -0.01530655012552699 0
1554 -0.013118114113022779 -0.015915580640294354 0
1555 -0.012385530947626042 -0.016492096535777295 0
1556 -0.011627644852194955 -0.017034920023035742 0
1557 -0.010846004144595564 -0.017542942144789048 0
1558 -0.010042205672005443 -0.018015125040952162 0
1559 -0.0092178915486463876 -0.018450504068924335 0
1560 -0.0083747458010391736 -0.018848189774298661 0
1561 -0.0075144909276338651 -0.019207369707966476 0
1562 -0.0066388843798441703 -0.019527310085904328 0
1563 -0.0057497149716749197 -0.019807357288252694 0
1564 -0.0048487992252775249 -0.0200469391946239 0
1565 -0.0039379776598994047 -0.020245566352911273 0
1566 -0.0030191110318084427 -0.020402832979211798 0
1567 -0.0020940765328747355 -0.020518417786819315 0
1568 -0.0011647639555750738 -0.020592084642594908 0
1569 -0.00023307183225519678 -0.020623683049373336 0
1570 0.00069909644346292953 -0.020613148453420146 0
1571 0.0016298365052053103 -0.020560502376311237 0
1572 0.0025572469043573022 -0.020465852370965518 0
1573 0.0034794329946140896 -0.020329391801920456 0
1574 0.0043945108026345958 -0.02015139945029942 0
1575 0.0053006108768910648 -0.019932238944277786 0
1576 0.0061958821068513409 -0.01967235801621146 0
1577 0.0070784955046917127 -0.019372287587945288 0
1578 0.0079466479418142232 -0.019032640686170155 0
1579 0.0087985658325350023 -0.01865411119004461 0
1580 0.0096325087574182667 -0.018237472413639457 0
1581 0.010446773018853429 -0.017783575526101492 0
1582 0.011239695121611779 -0.017293347812763621 0
1583 0.012009655171271852 -0.016767790780754129 0
1584 0.01275508018357098 -0.016207978112974943 0
1585 0.013474447297921912 -0.01561505347462905 0
1586 0.01416628688852983 -0.014990228176777956 0
1587 0.014829185566753535 -0.014334778701702671 0
1588 0.015461789068577569 -0.01365004409512347 0
1589 0.016062805021295905 -0.012937423230606275 0
1590 0.01663100558375542 -0.012198371951744049 0
1591 0.017165229954764931 -0.011434400097951823 0
1592 0.01766438674454553 -0.010647068419951293 0
1593 0.018127456204377418 -0.0098379853912464489 0
1594 0.018553492309888071 -0.0090088039221044285 0
1595 0.01894162469372581 -0.0081612179827545601 0
1596 0.019291060423670497 -0.0072969591427041614 0
1597 0.019601085622548507 -0.0064177930332414207 0
1598 0.019871066926643009 -0.0055255157403516861 0
1599 0.020100452779619683 -0.0046219501354167886 0
1600 0.020288774559324717 -0.0037089421511932496 0
1601 0.020435647535153024 -0.0027883570106774259 0
1602 0.020540771654030822 -0.0018620754165618088 0
1603 0.020603932153406852 -0.00093198970906718641 0
1604 0.021562499999999998 0 0
1605 0.021542535606891833 0.00092766689916018821 0
1606 0.021482679397027478 0.0018536159727761895 0
1607 0.02138304221032844 0.0027761325763212734 0
1608 0.021243808551927555 0.0036935084214131104 0
1609 0.02106523625050798 0.0046040447391706013 0
1610 0.020847655980863796 0.0055060554259427829 0
1611 0.020591470651566437 0.0063978701655846328 0
1612 0.020297154658870765 0.0072778375224980679 0
1613 0.019965253008242385 0.0081443279997104913 0
1614 0.01959638030513303 0.0089957370563280813 0
1615 0.019191219616872715 0.0098304880787761402 0
1616 0.018750521207786298 0.010647035300324509 0
1617 0.018275101149876669 0.011443866663491687 0
1618 0.017765839811647262 0.012219506620027224 0
1619 0.017223680227862245 0.01297251886328739 0
1620 0.016649626353263228 0.01370150898794445 0
1621 0.016044741203476213 0.014405127072104314 0
1622 0.015410144886551343 0.015082070177051141 0
1623 0.014747012528780665 0.015731084759989886 0
1624 0.014056572098634739 0.016350968995319001 0
1625 0.013340102132847727 0.016940575000134777 0
1626 0.012598929368861696 0.017498810959846216 0
1627 0.011834426288014259 0.018024643149964353 0
1628 0.011048008574019131 0.018517097850322 0
1629 0.01024113249144577 0.01897526314817936 0
1630 0.0094152921890526264 0.019398290626876497 0
1631 0.0085720169329676112 0.019785396936905675 0
1632 0.0077128682748392671 0.020135865246494324 0
1633 0.006839437160202598 0.020449046569012447 0
1634 0.0059533409824141757 0.020724360964746485 0
1635 0.0050562205876119601 0.020961298614814133 0
1636 0.0041497372362460216 0.021159420765231574 0
1637 0.0032355695268065738 0.021318360539384837 0
1638 0.0023154102874460166 0.021437823617400837 0
1639 0.0013909634412508838 0.021517588781160016 0
1640 0.0004639408509685423 0.021557508323941394 0
1641 -0.0004639408509685397 0.021557508323941394 0
1642 -0.0013909634412508812 0.021517588781160016 0
1643 -0.0023154102874460136 0.021437823617400837 0
1644 -0.0032355695268065712 0.02131836053938484 0
1645 -0.0041497372362460138 0.021159420765231578 0
1646 -0.0050562205876119619 0.020961298614814133 0
1647 -0.0059533409824141688 0.020724360964746485 0
1648 -0.0068394371602025902 0.02044904656901245 0
1649 -0.0077128682748392645 0.020135865246494324 0
1650 -0.0085720169329676077 0.019785396936905678 0
1651 -0.0094152921890526282 0.019398290626876497 0
1652 -0.010241132491445773 0.018975263148179357 0
1653 -0.011048008574019124 0.018517097850322004 0
1654 -0.011834426288014259 0.018024643149964353 0
1655 -0.012598929368861693 0.01749881095984622 0
1656 -0.013340102132847731 0.016940575000134777 0
1657 -0.014056572098634739 0.016350968995319005 0
1658 -0.014747012528780665 0.015731084759989886 0
1659 -0.015410144886551343 0.015082070177051141 0
1660 -0.016044741203476213 0.014405127072104314 0
1661 -0.016649626353263221 0.013701508987944457 0
1662 -0.017223680227862241 0.012972518863287392 0
1663 -0.017765839811647262 0.012219506620027224 0
1664 -0.018275101149876665 0.011443866663491694 0
1665 -0.018750521207786298 0.010647035300324509 0
1666 -0.019191219616872715 0.0098304880787761419 0
1667 -0.01959638030513303 0.0089957370563280813 0
1668 -0.019965253008242385 0.0081443279997104913 0
1669 -0.020297154658870765 0.0072778375224980688 0
1670 -0.020591470651566437 0.0063978701655846345 0
1671 -0.020847655980863796 0.0055060554259427838 0
1672 -0.02106523625050798 0.0046040447391706039 0
1673 -0.021243808551927555 0.0036935084214131122 0
1674 -0.02138304221032844 0.0027761325763212752 0
1675 -0.021482679397027478 0.0018536159727761919 0
1676 -0.021542535606891833 0.00092766689916019081 0
1677 -0.021562499999999998 2.6406446606614803e-18 0
1678 -0.021542535606891833 -0.00092766689916018539 0
1679 -0.021482679397027478 -0.0018536159727761865 0
1680 -0.02138304221032844 -0.0027761325763212704 0
1681 -0.021243808551927555 -0.0036935084214131074 0
1682 -0.02106523625050798 -0.0046040447391705987 0
1683 -0.020847655980863796 -0.0055060554259427795 0
1684 -0.02059147065156644 -0.0063978701655846293 0
1685 -0.020297154658870765 -0.0072778375224980636 0
1686 -0.019965253008242392 -0.0081443279997104791 0
1687 -0.019596380305133027 -0.0089957370563280847 0
1688 -0.019191219616872712 -0.0098304880787761471 0
1689 -0.018750521207786301 -0.010647035300324506 0
1690 -0.018275101149876672 -0.011443866663491682 0
1691 -0.017765839811647265 -0.012219506620027219 0
1692 -0.017223680227862252 -0.01297251886328738 0
1693 -0.016649626353263225 -0.013701508987944455 0
1694 -0.016044741203476216 -0.014405127072104309 0
1695 -0.015410144886551349 -0.015082070177051135 0
1696 -0.014747012528780667 -0.015731084759989883 0
1697 -0.014056572098634741 -0.016350968995318998 0
1698 -0.013340102132847725 -0.016940575000134777 0
1699 -0.012598929368861698 -0.017498810959846216 0
1700 -0.011834426288014253 -0.018024643149964357 0
1701 -0.011048008574019139 -0.018517097850321997 0
1702 -0.010241132491445785 -0.01897526314817935 0
1703 -0.009415292189052616 -0.019398290626876501 0
1704 -0.0085720169329676077 -0.019785396936905678 0
1705 -0.0077128682748392741 -0.020135865246494321 0
1706 -0.0068394371602025963 -0.02044904656901245 0
1707 -0.0059533409824141783 -0.020724360964746481 0
1708 -0.0050562205876119575 -0.020961298614814133 0
1709 -0.0041497372362460285 -0.021159420765231574 0
1710 -0.0032355695268065717 -0.021318360539384837 0
1711 -0.0023154102874460235 -0.021437823617400834 0
1712 -0.0013909634412508814 -0.021517588781160016 0
1713 -0.00046394085096854978 -0.021557508323941394 0
1714 0.00046394085096854187 -0.021557508323941394 0
1715 0.0013909634412508738 -0.021517588781160016 0
1716 0.0023154102874460157 -0.021437823617400837 0
1717 0.0032355695268065634 -0.02131836053938484 0
1718 0.0041497372362460016 -0.021159420765231578 0
1719 0.0050562205876119688 -0.02096129861481413 0
1720 0.0059533409824141714 -0.020724360964746485 0
1721 0.0068394371602025885 -0.02044904656901245 0
1722 0.0077128682748392671 -0.020135865246494324 0
1723 0.0085720169329676008 -0.019785396936905678 0
1724 0.0094152921890526091 -0.019398290626876504 0
1725 0.010241132491445778 -0.018975263148179357 0
1726 0.011048008574019131 -0.018517097850322004 0
1727 0.01183442628801425 -0.018024643149964364 0
1728 0.012598929368861691 -0.017498810959846223 0
1729 0.01334010213284772 -0.016940575000134784 0
1730 0.014056572098634737 -0.016350968995319005 0
1731 0.014747012528780671 -0.015731084759989879 0
1732 0.015410144886551343 -0.015082070177051141 0
1733 0.016044741203476206 -0.014405127072104324 0
1734 0.016649626353263225 -0.013701508987944453 0
1735 0.017223680227862248 -0.012972518863287385 0
1736 0.017765839811647262 -0.012219506620027226 0
1737 0.018275101149876662 -0.011443866663491696 0
1738 0.018750521207786298 -0.010647035300324511 0
1739 0.019191219616872708 -0.0098304880787761523 0
1740 0.019596380305133027 -0.0089957370563280847 0
1741 0.019965253008242388 -0.0081443279997104861 0
1742 0.020297154658870761 -0.0072778375224980714 0
1743 0.020591470651566437 -0.0063978701655846458 0
1744 0.020847655980863796 -0.0055060554259427864 0
1745 0.021065236250507977 -0.0046040447391706152 0
1746 0.021243808551927555 -0.0036935084214131152 0
1747 0.02138304221032844 -0.0027761325763212687 0
1748 0.021482679397027478 -0.0018536159727761943 0
1749 0.021542535606891833 -0.00092766689916020295 0
1750 0.022499999999999999 0 0
1751 0.022480779563714273 0.00092981192059829714 0
1752 0.02242315109265007 0.0018580352731274773 0
1753 0.022327213044083513 0.0027830842035603213 0
1754 0.022193129326561253 0.0037033782813165124 0
1755 0.022021129019865474 0.0046173451994017713 0
1756 0.021811505983634932 0.0055234234606679807 0
1757 0.021564618355310684 0.0064200650456048679 0
1758 0.021280887938264277 0.0073057380571053777 0
1759 0.020960799481153775 0.0081789293376861704 0
1760 0.020604899849738789 0.0090381470546918117 0
1761 0.020213797092569524 0.0098819232490658312 0
1762 0.019788159402146004 0.010708816343334154 0
1763 0.019328713973322417 0.011517413604516025 0
1764 0.018836245760906895 0.012306333557754602 0
1765 0.018311596138579387 0.01307422834654361 0
1766 0.017755661461418853 0.013819786035517525 0
1767 0.017169391534495645 0.014541732851871169 0
1768 0.016553787990145463 0.015238835361579174 0
1769 0.015909902576697318 0.015909902576697318 0
1770 0.015238835361579174 0.016553787990145459 0
1771 0.014541732851871169 0.017169391534495645 0
1772 0.013819786035517529 0.017755661461418853 0
1773 0.013074228346543612 0.018311596138579384 0
1774 0.012306333557754606 0.018836245760906891 0
1775 0.011517413604516021 0.019328713973322417 0
1776 0.010708816343334152 0.019788159402146004 0
1777 0.009881923249065833 0.020213797092569524 0
1778 0.0090381470546918134 0.020604899849738789 0
1779 0.0081789293376861704 0.020960799481153775 0
1780 0.0073057380571053803 0.021280887938264277 0
1781 0.0064200650456048731 0.021564618355310684 0
1782 0.0055234234606679825 0.021811505983634932 0
1783 0.0046173451994017704 0.022021129019865474 0
1784 0.0037033782813165094 0.022193129326561253 0
1785 0.0027830842035603256 0.022327213044083513 0
1786 0.0018580352731274788 0.02242315109265007 0
1787 0.00092981192059829617 0.022480779563714273 0
1788 1.3777276490407724e-18 0.022499999999999999 0
1789 -0.00092981192059829357 0.022480779563714273 0
1790 -0.001858035273127476 0.02242315109265007 0
1791 -0.0027830842035603178 0.022327213044083513 0
1792 -0.0037033782813165111 0.022193129326561253 0
1793 -0.0046173451994017678 0.022021129019865474 0
1794 -0.0055234234606679755 0.021811505983634936 0
1795 -0.0064200650456048705 0.021564618355310684 0
1796 -0.0073057380571053725 0.021280887938264281 0
1797 -0.0081789293376861739 0.020960799481153775 0
1798 -0.0090381470546918117 0.020604899849738789 0
1799 -0.0098819232490658295 0.020213797092569527 0
1800 -0.010708816343334154 0.019788159402146004 0
1801 -0.011517413604516016 0.01932871397332242 0
1802 -0.012306333557754607 0.018836245760906888 0
1803 -0.01307422834654361 0.018311596138579387 0
1804 -0.013819786035517525 0.017755661461418853 0
1805 -0.014541732851871172 0.017169391534495645 0
1806 -0.015238835361579169 0.016553787990145466 0
1807 -0.015909902576697318 0.015909902576697318 0
1808 -0.016553787990145459 0.015238835361579174 0
1809 -0.017169391534495641 0.014541732851871174 0
1810 -0.017755661461418853 0.013819786035517529 0
1811 -0.018311596138579384 0.013074228346543612 0
1812 -0.018836245760906888 0.012306333557754612 0
1813 -0.01932871397332242 0.011517413604516019 0
1814 -0.019788159402146 0.010708816343334157 0
1815 -0.020213797092569524 0.009881923249065833 0
1816 -0.020604899849738793 0.0090381470546918117 0
1817 -0.020960799481153775 0.0081789293376861773 0
1818 -0.021280887938264281 0.0073057380571053725 0
1819 -0.021564618355310684 0.0064200650456048705 0
1820 -0.021811505983634932 0.0055234234606679885 0
1821 -0.022021129019865474 0.0046173451994017678 0
1822 -0.022193129326561253 0.0037033782813165154 0
1823 -0.022327213044083513 0.0027830842035603317 0
1824 -0.02242315109265007 0.0018580352731274751 0
1825 -0.022480779563714273 0.00092981192059830256 0
1826 -0.022499999999999999 2.7554552980815448e-18 0
1827 -0.022480779563714273 -0.00092981192059829714 0
1828 -0.02242315109265007 -0.0018580352731274697 0
1829 -0.022327213044083513 -0.0027830842035603261 0
1830 -0.022193129326561253 -0.0037033782813165098 0
1831 -0.022021129019865478 -0.0046173451994017617 0
1832 -0.021811505983634936 -0.0055234234606679738 0
1833 -0.021564618355310684 -0.006420065045604874 0
1834 -0.021280887938264281 -0.007305738057105376 0
1835 -0.020960799481153775 -0.0081789293376861721 0
1836 -0.020604899849738793 -0.0090381470546918065 0
1837 -0.020213797092569527 -0.0098819232490658278 0
1838 -0.019788159402146007 -0.010708816343334145 0
1839 -0.019328713973322417 -0.011517413604516025 0
1840 -0.018836245760906888 -0.012306333557754607 0
1841 -0.018311596138579387 -0.013074228346543607 0
1842 -0.017755661461418864 -0.013819786035517515 0
1843 -0.017169391534495652 -0.014541732851871162 0
1844 -0.016553787990145459 -0.015238835361579177 0
1845 -0.015909902576697322 -0.015909902576697318 0
1846 -0.015238835361579174 -0.016553787990145459 0
1847 -0.014541732851871167 -0.017169391534495648 0
1848 -0.01381978603551753 -0.017755661461418853 0
1849 -0.013074228346543605 -0.01831159613857939 0
1850 -0.012306333557754606 -0.018836245760906891 0
1851 -0.011517413604516028 -0.01932871397332241 0
1852 -0.010708816343334168 -0.019788159402145997 0
1853 -0.0098819232490658347 -0.020213797092569524 0
1854 -0.009038147054691803 -0.020604899849738796 0
1855 -0.0081789293376861687 -0.020960799481153775 0
1856 -0.007305738057105382 -0.021280887938264277 0
1857 -0.006420065045604881 -0.021564618355310684 0
1858 -0.0055234234606679799 -0.021811505983634932 0
1859 -0.0046173451994017782 -0.022021129019865471 0
1860 -0.0037033782813165068 -0.022193129326561253 0
1861 -0.002783084203560323 -0.022327213044083513 0
1862 -0.0018580352731274866 -0.02242315109265007 0
1863 -0.00092981192059831395 -0.022480779563714273 0
1864 -4.1331829471223164e-18 -0.022499999999999999 0
1865 0.00092981192059830571 -0.022480779563714273 0
1866 0.0018580352731274782 -0.02242315109265007 0
1867 0.0027830842035603148 -0.022327213044083513 0
1868 0.0037033782813164985 -0.022193129326561253 0
1869 0.0046173451994017704 -0.022021129019865474 0
1870 0.0055234234606679729 -0.021811505983634936 0
1871 0.0064200650456048731 -0.021564618355310684 0
1872 0.0073057380571053751 -0.021280887938264281 0
1873 0.0081789293376861617 -0.020960799481153779 0
1874 0.0090381470546917961 -0.0206048998497388 0
1875 0.0098819232490658278 -0.020213797092569527 0
1876 0.010708816343334161 -0.019788159402146 0
1877 0.011517413604516021 -0.019328713973322417 0
1878 0.012306333557754597 -0.018836245760906898 0
1879 0.0130742283465436 -0.018311596138579394 0
1880 0.013819786035517524 -0.017755661461418857 0
1881 0.014541732851871178 -0.017169391534495638 0
1882 0.015238835361579177 -0.016553787990145459 0
1883 0.015909902576697315 -0.015909902576697322 0
1884 0.016553787990145452 -0.015238835361579182 0
1885 0.017169391534495631 -0.014541732851871185 0
1886 0.017755661461418864 -0.013819786035517515 0
1887 0.01831159613857939 -0.013074228346543607 0
1888 0.018836245760906891 -0.012306333557754606 0
1889 0.01932871397332241 -0.011517413604516028 0
1890 0.019788159402145997 -0.010708816343334168 0
1891 0.02021379709256952 -0.0098819232490658365 0
1892 0.020604899849738796 -0.0090381470546918048 0
1893 0.020960799481153775 -0.0081789293376861704 0
1894 0.021280887938264277 -0.0073057380571053838 0
1895 0.021564618355310681 -0.0064200650456048818 0
1896 0.021811505983634929 -0.0055234234606680015 0
1897 0.022021129019865478 -0.00461734519940176 0
1898 0.022193129326561253 -0.0037033782813165085 0
1899 0.022327213044083513 -0.0027830842035603248 0
1900 0.02242315109265007 -0.0018580352731274879 0
1901 0.022480779563714273 -0.00092981192059831536 0
1902 0.023437499999999997 0 0
1903 0.023418970247514884 0.00093179332258419437 0
1904 0.02336341028940693 0.0018621132883995554 0
1905 0.023270907977389999 0.0027894888703571428 0
1906 0.023141609576632811 0.0037124536970441005 0
1907 0.022975719534483657 0.0046295483713582651 0
1908 0.022773500157197108 0.0055393227781149572 0
1909 0.022535271195173914 0.0064403383769771538 0
1910 0.022261409337369902 0.007331170477083448 0
1911 0.021952347615673308 0.0082104104897771299 0
1912 0.021608574720192342 0.009076668155874398 0
1913 0.021230634226535698 0.0099285737439498735 0
1914 0.020819123736307777 0.010764780216163543 0
1915 0.020374693932177713 0.011583965358204443 0
1916 0.019898047549016338 0.012384833869983266 0
1917 0.019389938262727901 0.013166119413768062 0
1918 0.018851169498533545 0.013926586616524465 0
1919 0.018282593160590905 0.014665033023294373 0
1920 0.017685108284958517 0.015380290998524426 0
1921 0.017059659618035017 0.016071229572337805 0
1922 0.016407236122720905 0.016736756228830071 0
1923 0.015728869414664923 0.017375818633561361 0
1924 0.015025632131067661 0.017987406297513463 0
1925 0.014298636234621662 0.018570552174880645 0
1926 0.013549031255269883 0.01912433419216783 0
1927 0.01277800247256252 0.019647876706178354 0
1928 0.011986769041486451 0.020140351888585803 0
1929 0.011176582064730611 0.020600981034900788 0
1930 0.010348722614435433 0.021029035795762784 0
1931 0.0095044997065545402 0.021423839328610184 0
1932 0.0086452482310314382 0.021784767367907507 0
1933 0.0077723268410640894 0.022111249212237526 0
1934 0.0068871158047950198 0.022402768626697517 0
1935 0.0059910148228236254 0.022658864659172741 0
1936 0.0050854408149918267 0.0228791323691965 0
1937 0.0041718256799425837 0.023063223468244232 0
1938 0.0032516140309937882 0.023210846870449258 0
1939 0.0023262609119076923 0.02332176915286939 0
1940 0.0013972294961676543 0.023395814924576552 0
1941 0.00046598877340008499 0.02343286710398591 0
1942 -0.00046598877340008217 0.02343286710398591 0
1943 -0.0013972294961676463 0.023395814924576555 0
1944 -0.0023262609119076945 0.02332176915286939 0
1945 -0.0032516140309937851 0.023210846870449258 0
1946 -0.004171825679942575 0.023063223468244232 0
1947 -0.0050854408149918285 0.0228791323691965 0
1948 -0.0059910148228236228 0.022658864659172741 0
1949 -0.0068871158047950206 0.022402768626697517 0
1950 -0.0077723268410640868 0.022111249212237526 0
1951 -0.0086452482310314296 0.021784767367907507 0
1952 -0.0095044997065545436 0.021423839328610184 0
1953 -0.010348722614435426 0.021029035795762787 0
1954 -0.011176582064730614 0.020600981034900784 0
1955 -0.011986769041486454 0.020140351888585803 0
1956 -0.012778002472562514 0.019647876706178357 0
1957 -0.013549031255269885 0.01912433419216783 0
1958 -0.014298636234621662 0.018570552174880645 0
1959 -0.01502563213106765 0.01798740629751347 0
1960 -0.015728869414664923 0.017375818633561357 0
1961 -0.016407236122720902 0.016736756228830071 0
1962 -0.017059659618035006 0.016071229572337815 0
1963 -0.017685108284958517 0.015380290998524422 0
1964 -0.018282593160590905 0.014665033023294374 0
1965 -0.018851169498533545 0.013926586616524465 0
1966 -0.019389938262727901 0.013166119413768064 0
1967 -0.019898047549016338 0.012384833869983271 0
1968 -0.020374693932177713 0.011583965358204443 0
1969 -0.020819123736307777 0.010764780216163542 0
1970 -0.021230634226535698 0.00992857374394987 0
1971 -0.021608574720192338 0.0090766681558743997 0
1972 -0.021952347615673308 0.0082104104897771316 0
1973 -0.022261409337369902 0.0073311704770834445 0
1974 -0.022535271195173914 0.006440338376977159 0
1975 -0.022773500157197108 0.0055393227781149589 0
1976 -0.022975719534483657 0.0046295483713582625 0
1977 -0.023141609576632811 0.0037124536970441053 0
1978 -0.023270907977389999 0.0027894888703571446 0
1979 -0.02336341028940693 0.0018621132883995541 0
1980 -0.023418970247514884 0.00093179332258420022 0
1981 -0.023437499999999997 2.8702659355016085e-18 0
1982 -0.023418970247514884 -0.00093179332258419459 0
1983 -0.02336341028940693 -0.0018621132883995483 0
1984 -0.023270907977390003 -0.0027894888703571289 0
1985 -0.023141609576632811 -0.0037124536970441001 0
1986 -0.022975719534483654 -0.0046295483713582669 0
1987 -0.022773500157197108 -0.0055393227781149528 0
1988 -0.022535271195173914 -0.0064403383769771529 0
1989 -0.022261409337369906 -0.0073311704770834393 0
1990 -0.021952347615673311 -0.008210410489777116 0
1991 -0.021608574720192342 -0.0090766681558743945 0
1992 -0.021230634226535695 -0.0099285737439498752 0
1993 -0.020819123736307777 -0.010764780216163537 0
1994 -0.020374693932177713 -0.011583965358204438 0
1995 -0.019898047549016345 -0.012384833869983259 0
1996 -0.019389938262727901 -0.013166119413768067 0
1997 -0.018851169498533549 -0.013926586616524459 0
1998 -0.018282593160590908 -0.014665033023294369 0
1999 -0.01768510828495852 -0.015380290998524421 0
2000 -0.01705965961803502 -0.016071229572337802 0
2001 -0.016407236122720898 -0.016736756228830075 0
2002 -0.015728869414664923 -0.017375818633561361 0
2003 -0.015025632131067656 -0.017987406297513466 0
2004 -0.014298636234621676 -0.018570552174880638 0
2005 -0.01354903125526989 -0.019124334192167827 0
2006 -0.01277800247256251 -0.01964787670617836 0
2007 -0.01198676904148646 -0.020140351888585799 0
2008 -0.011176582064730611 -0.020600981034900788 0
2009 -0.010348722614435431 -0.021029035795762787 0
2010 -0.0095044997065545575 -0.021423839328610177 0
2011 -0.0086452482310314452 -0.0217847673679075 0
2012 -0.0077723268410640773 -0.022111249212237529 0
2013 -0.0068871158047950276 -0.022402768626697513 0
2014 -0.005991014822823628 -0.022658864659172741 0
2015 -0.0050854408149918293 -0.0228791323691965 0
2016 -0.0041718256799426019 -0.023063223468244229 0
2017 -0.0032516140309937804 -0.023210846870449258 0
2018 -0.0023262609119076845 -0.023321769152869393 0
2019 -0.0013972294961676626 -0.023395814924576552 0
2020 -0.00046598877340008787 -0.02343286710398591 0
2021 0.0004659887734000793 -0.02343286710398591 0
2022 0.0013972294961676331 -0.023395814924576555 0
2023 0.0023262609119076966 -0.02332176915286939 0
2024 0.0032516140309937929 -0.023210846870449258 0
2025 0.0041718256799425724 -0.023063223468244232 0
2026 0.0050854408149918207 -0.022879132369196503 0
2027 0.0059910148228236202 -0.022658864659172741 0
2028 0.006887115804795018 -0.022402768626697517 0
2029 0.0077723268410640894 -0.022111249212237526 0
2030 0.0086452482310314365 -0.021784767367907507 0
2031 0.0095044997065545297 -0.021423839328610188 0
2032 0.010348722614435422 -0.021029035795762787 0
2033 0.011176582064730602 -0.020600981034900791 0
2034 0.011986769041486451 -0.020140351888585803 0
2035 0.012778002472562519 -0.019647876706178354 0
2036 0.013549031255269885 -0.01912433419216783 0
2037 0.014298636234621652 -0.018570552174880656 0
2038 0.015025632131067663 -0.017987406297513459 0
2039 0.015728869414664913 -0.017375818633561368 0
2040 0.016407236122720902 -0.016736756228830071 0
2041 0.017059659618035013 -0.016071229572337808 0
2042 0.017685108284958517 -0.015380290998524426 0
2043 0.018282593160590895 -0.014665033023294385 0
2044 0.018851169498533552 -0.013926586616524456 0
2045 0.019389938262727894 -0.013166119413768074 0
2046 0.019898047549016334 -0.012384833869983274 0
2047 0.020374693932177713 -0.011583965358204445 0
2048 0.020819123736307777 -0.010764780216163545 0
2049 0.021230634226535698 -0.0099285737439498735 0
2050 0.021608574720192345 -0.0090766681558743945 0
2051 0.021952347615673301 -0.008210410489777142 0
2052 0.022261409337369902 -0.0073311704770834575 0
2053 0.022535271195173914 -0.0064403383769771616 0
2054 0.022773500157197105 -0.0055393227781149615 0
2055 0.022975719534483654 -0.004629548371358266 0
2056 0.023141609576632811 -0.0037124536970440979 0
2057 0.023270907977389996 -0.0027894888703571576 0
2058 0.02336341028940693 -0.0018621132883995671 0
2059 0.023418970247514884 -0.00093179332258420315 0
2060 0.024374999999999997 0 0
2061 0.02435732929013654 0.00092797351894138001 0
2062 0.024304342781386136 0.0018546015649954421 0
2063 0.024216117299120907 0.0027785406160819271 0
2064 0.024092780761855708 0.0036984510489062078 0
2065 0.023934511995778472 0.0046129990812849974 0
2066 0.023741540475469374 0.0055208587060030052 0
2067 0.023514145991184607 0.006420713613396631 0
2068 0.023252658243187244 0.0073112590998771331 0
2069 0.022957456363713411 0.0081912039596261071 0
2070 0.022628968367266765 0.0090592723567204814 0
2071 0.022267670530038395 0.009914205674972627 0
2072 0.021874086699351859 0.010754764342803518 0
2073 0.021448787534134667 0.011579729630502999 0
2074 0.020992389677517386 0.01238790541727137 0
2075 0.020505554862760039 0.013178119925480189 0
2076 0.019988988953802155 0.013949227419637807 0
2077 0.019443440921827534 0.014700109867596303 0
2078 0.018869701759327635 0.015429678561591213 0
2079 0.018268603333238067 0.016136875696763697 0
2080 0.017641017178811086 0.016820675904876476 0
2081 0.016987853235972777 0.017480087740999736 0
2082 0.016310058529997166 0.018114155121011478 0
2083 0.015608615798410106 0.018721958707828151 0
2084 0.014884542066113804 0.019302617244355454 0
2085 0.014138887170797953 0.01985528883122693 0
2086 0.013372732240775452 0.020379172147477545 0
2087 0.012587188127449696 0.020873507612382478 0
2088 0.011783393794686242 0.021337578486776556 0
2089 0.010962514667424102 0.021770711912257514 0
2090 0.010125740941920982 0.022172279886766382 0
2091 0.0092742858600824984 0.022541700175130394 0
2092 0.0084093839503774099 0.022878437153248353 0
2093 0.0075322892378893429 0.023182002584694366 0
2094 0.0066442734261003226 0.023451956328613972 0
2095 0.005746624053042289 0.023687906977886326 0
2096 0.0048406426244900465 0.023889512426627086 0
2097 0.0039276427269023138 0.024056480366209252 0
2098 0.0030089481228469358 0.024188568709082724 0
2099 0.0020858908316717206 0.024285585939778098 0
2100 0.0011598091982037209 0.024347391392585817 0
2101 0.00023204595227718346 0.024373895455507961 0
2102 -0.00069605373809634855 0.024365059700187111 0
2103 -0.0016231442170930267 0.024320896937623772 0
2104 -0.0025478812921490498 0.024241471199601662 0
2105 -0.0034689241829113271 0.024126897645847731 0
2106 -0.0043849374652408088 0.023977342397061594 0
2107 -0.0052945930074498769 0.023793022294056353 0
2108 -0.0061965718959662392 0.023574204583360202 0
2109 -0.0070895663476315974 0.023321206529734465 0
2110 -0.0079722816058621516 0.023034394956170042 0
2111 -0.00884343781792187 0.022714185712029149 0
2112 -0.0097017718905866406 0.022361043070103479 0
2113 -0.010546039321508632 0.02197547905346306 0
2114 -0.011375016003625796 0.021558052693071719 0
2115 -0.012187500000000004 0.021109369217245686 0
2116 -0.012982313286510746 0.020630079174130341 0
2117 -0.013758303459877491 0.020120877488467616 0
2118 -0.014514345408534267 0.019582502454021551 0
2119 -0.015249342943933828 0.019015734663122945 0
2120 -0.015962230389916319 0.018421395874885043 0
2121 -0.016651974127837778 0.017800347823731456 0
2122 -0.01731757409521836 0.017153490969963572 0
2123 -0.017958065235737373 0.016481763194179218 0
2124 -0.018572518898472598 0.015786138437435485 0
2125 -0.019160044184355438 0.015067625289127258 0
2126 -0.019719789237889338 0.014327265524629033 0
2127 -0.020250942482258824 0.013566132594820261 0
2128 -0.020752733796038321 0.012785330069684114 0
2129 -0.021224435629794567 0.011985990038236589 0
2130 -0.021665364060963754 0.01116927146710563 0
2131 -0.022074879785473876 0.010336358520140291 0
2132 -0.022452389044674465 0.0094884588414864204 0
2133 -0.022797344486229939 0.0086268018046180475 0
2134 -0.023109245957728109 0.0077526367298633913 0
2135 -0.023387641231853371 0.0068672310730098478 0
2136 -0.023632126662073098 0.0059718685876142437 0
2137 -0.023842347767886511 0.0050678474636828823 0
2138 -0.024017999748787513 0.0041564784454202084 0
2139 -0.024158827926196301 0.0032390829307749414 0
2140 -0.024264628112718935 0.0023169910555394576 0
2141 -0.024335246908199555 0.0013915397647799802 0
2142 -0.024370581922135939 0.00046407087439408087 0
2143 -0.024370581922135939 -0.00046407087439407485 0
2144 -0.024335246908199555 -0.0013915397647799742 0
2145 -0.024264628112718935 -0.0023169910555394515 0
2146 -0.024158827926196301 -0.0032390829307749353 0
2147 -0.024017999748787516 -0.0041564784454201928 0
2148 -0.023842347767886511 -0.0050678474636828763 0
2149 -0.023632126662073098 -0.0059718685876142385 0
2150 -0.023387641231853371 -0.0068672310730098513 0
2151 -0.023109245957728113 -0.0077526367298633844 0
2152 -0.022797344486229946 -0.0086268018046180318 0
2153 -0.022452389044674476 -0.0094884588414864048 0
2154 -0.022074879785473872 -0.010336358520140294 0
2155 -0.021665364060963758 -0.011169271467105625 0
2156 -0.02122443562979457 -0.011985990038236584 0
2157 -0.020752733796038324 -0.012785330069684108 0
2158 -0.020250942482258835 -0.013566132594820247 0
2159 -0.019719789237889338 -0.014327265524629037 0
2160 -0.019160044184355442 -0.015067625289127253 0
2161 -0.018572518898472602 -0.015786138437435482 0
2162 -0.017958065235737373 -0.016481763194179214 0
2163 -0.017317574095218367 -0.017153490969963568 0
2164 -0.016651974127837775 -0.017800347823731459 0
2165 -0.015962230389916319 -0.01842139587488505 0
2166 -0.015249342943933842 -0.019015734663122934 0
2167 -0.014514345408534272 -0.019582502454021548 0
2168 -0.013758303459877497 -0.020120877488467616 0
2169 -0.012982313286510758 -0.020630079174130331 0
2170 -0.01218749999999999 -0.021109369217245693 0
2171 -0.011375016003625799 -0.021558052693071719 0
2172 -0.010546039321508638 -0.021975479053463056 0
2173 -0.0097017718905866562 -0.022361043070103472 0
2174 -0.0088434378179218839 -0.022714185712029145 0
2175 -0.0079722816058621568 -0.023034394956170039 0
2176 -0.0070895663476316026 -0.023321206529734462 0
2177 -0.0061965718959662392 -0.023574204583360202 0
2178 -0.005294593007449889 -0.023793022294056353 0
2179 -0.00438493746524082 -0.023977342397061591 0
2180 -0.0034689241829113271 -0.024126897645847731 0
2181 -0.0025478812921490503 -0.024241471199601662 0
2182 -0.0016231442170930217 -0.024320896937623772 0
2183 -0.00069605373809635451 -0.024365059700187111 0
2184 0.0002320459522771775 -0.024373895455507961 0
2185 0.0011598091982036988 -0.024347391392585817 0
2186 0.0020858908316717258 -0.024285585939778098 0
2187 0.0030089481228469249 -0.024188568709082724 0
2188 0.0039276427269023077 -0.024056480366209252 0
2189 0.0048406426244900465 -0.023889512426627086 0
2190 0.0057466240530422734 -0.023687906977886329 0
2191 0.0066442734261003339 -0.023451956328613969 0
2192 0.0075322892378893377 -0.023182002584694366 0
2193 0.0084093839503774099 -0.022878437153248353 0
2194 0.0092742858600824846 -0.022541700175130401 0
2195 0.010125740941920971 -0.022172279886766386 0
2196 0.010962514667424096 -0.021770711912257518 0
2197 0.011783393794686242 -0.021337578486776556 0
2198 0.012587188127449699 -0.020873507612382478 0
2199 0.013372732240775445 -0.020379172147477552 0
2200 0.014138887170797948 -0.019855288831226933 0
2201 0.014884542066113785 -0.019302617244355467 0
2202 0.015608615798410108 -0.018721958707828151 0
2203 0.016310058529997156 -0.018114155121011492 0
2204 0.01698785323597277 -0.017480087740999736 0
2205 0.017641017178811082 -0.01682067590487648 0
2206 0.018268603333238053 -0.016136875696763715 0
2207 0.018869701759327638 -0.015429678561591208 0
2208 0.01944344092182753 -0.014700109867596312 0
2209 0.019988988953802151 -0.01394922741963781 0
2210 0.020505554862760039 -0.013178119925480186 0
2211 0.020992389677517379 -0.012387905417271384 0
2212 0.021448787534134664 -0.011579729630503008 0
2213 0.021874086699351859 -0.010754764342803522 0
2214 0.022267670530038395 -0.009914205674972627 0
2215 0.022628968367266761 -0.0090592723567204953 0
2216 0.022957456363713408 -0.0081912039596261175 0
2217 0.023252658243187244 -0.0073112590998771375 0
2218 0.023514145991184607 -0.0064207136133966301 0
2219 0.023741540475469378 -0.005520858706003 0
2220 0.023934511995778472 -0.0046129990812850087 0
2221 0.024092780761855708 -0.0036984510489062134 0
2222 0.024216117299120907 -0.0027785406160819488 0
2223 0.024304342781386132 -0.0018546015649954586 0
2224 0.02435732929013654 -0.00092797351894139117 0
2225 0.025312499999999998 0 0
2226 0.025295414657142863 0.00092986750303580194 0
2227 0.025244181692981565 0.001858479728631519 0
2228 0.025158870269610594 0.0027845830939126318 0
2229 0.025039595553443213 0.0037069274028481694 0
2230 0.024886518559742235 0.0046242675339566112 0
2231 0.024699845935256964 0.0055353651211613869 0
2232 0.024479829679259803 0.0064389902255268944 0
2233 0.024226766803359074 0.0073339229956182776 0
2234 0.023940998930547311 0.0082189553142435496 0
2235 0.023622911834026258 0.0090928924293550359 0
2236 0.023272934916431166 0.0099545545669085089 0
2237 0.022891540630157432 0.010802778523502716 0
2238 0.02247924383957204 0.011636419236649318 0
2239 0.022036601125970889 0.012454351330553445 0
2240 0.021564210036220152 0.013255470635318158 0
2241 0.021062708276096111 0.014038695677521909 0
2242 0.020532772849412306 0.014802969140156875 0
2243 0.01997511914409621 0.015547259289957215 0
2244 0.019390499966449131 0.016270561370190523 0
2245 0.018779704524893064 0.016971898957032206 0
2246 0.018143557364576422 0.017650325277691756 0
2247 0.017482917254276812 0.018304924488511554 0
2248 0.01679867602710354 0.018934812911312767 0
2249 0.016091757376564816 0.019539140226319369 0
2250 0.015363115609624906 0.020117090620049894 0
2251 0.014613734358434579 0.020667883886627304 0
2252 0.013844625252473933 0.021190776481020253 0
2253 0.013056826552900077 0.021685062522793966 0
2254 0.012251401750943405 0.022150074749015654 0
2255 0.011429438132244387 0.022585185415028096 0
2256 0.010592045309069016 0.022989807141875485 0
2257 0.009740353722384406 0.023363393709237366 0
2258 0.0088755131158165974 0.023705440792800448 0
2259 0.007998690983550669 0.024015486645072696 0
2260 0.0071110709942684763 0.024293112718720783 0
2261 0.0062138513932514803 0.024537944231589299 0
2262 0.0053082433848059803 0.024749650672639067 0
2263 0.0043954694971941755 0.024927946248121512 0
2264 0.0034767619322784585 0.025072590267386799 0
2265 0.0025533609021067905 0.025183387467804887 0
2266 0.0016265129546847183 0.025260188278360924 0
2267 0.00069746929119410207 0.025302889021569082 0
2268 -0.00023251592306963443 0.025311432053432281 0
2269 -0.0011621872517617792 0.02528580584125889 0
2270 -0.0020902896822684106 0.025226044979231328 0
2271 -0.0030155703199144105 0.025132230141705514 0
2272 -0.0039367800793124663 0.025004487974304299 0
2273 -0.0048526753705696278 0.024842990922951825 0
2274 -0.005762019778075232 0.024647957001079617 0
2275 -0.0066635857296039169 0.024419649495318701 0
2276 -0.0075561561534803921 0.024158376610075027 0
2277 -0.0084385261215690777 0.023864491051468002 0
2278 -0.0093095044758704209 0.023538389551193781 0
2279 -0.010167915436528284 0.023180512330956141 0
2280 -0.011012600189077482 0.022791342508187852 0
2281 -0.011842418448788817 0.022371405443864855 0
2282 -0.012656249999999994 0.021921268033293605 0
2283 -0.013452996208354042 0.02144153794082905 0
2284 -0.014231581503904085 0.020932862779556336 0
2285 -0.014990954833082302 0.02039592923704351 0
2286 -0.01573009107757279 0.019831462148345611 0
2287 -0.016447992438173159 0.019240223517511392 0
2288 -0.017143689781776574 0.018623011488913641 0
2289 -0.017816243949655881 0.01798065926979181 0
2290 -0.018464747025283834 0.017314034005461342 0
2291 -0.019088323559977683 0.016624035608708281 0
2292 -0.019686131754713784 0.01591159554494927 0
2293 -0.020257364596516756 0.015177675574797 0
2294 -0.020801250947889014 0.014423266455728615 0
2295 -0.021317056587810253 0.013649386604609579 0
2296 -0.021804085202901252 0.012857080722878837 0
2297 -0.022261679327414251 0.012047418386250926 0
2298 -0.022689221230780817 0.011221492600839019 0
2299 -0.023086133751519092 0.010380418327648017 0
2300 -0.023451881076374668 0.0095253309774295872 0
2301 -0.023785969463643301 0.0086573848779309924 0
2302 -0.02408794790969904 0.0077777517156068648 0
2303 -0.024357408757827898 0.0068876189538975459 0
2304 -0.024593988248545286 0.0059881882302092303 0
2305 -0.024797367010654214 0.0050806737337599321 0
2306 -0.024967270492381406 0.0041663005664810803 0
2307 -0.025103469332009305 0.0032463030891874863 0
2308 -0.025205779667503595 0.0023219232552481733 0
2309 -0.025274063384718312 0.0013944089340078472 0
2310 -0.02530822830384348 0.00046501222622168635 0
2311 -0.025308228303843484 -0.00046501222622168011 0
2312 -0.025274063384718316 -0.0013944089340078411 0
2313 -0.025205779667503595 -0.0023219232552481673 0
2314 -0.025103469332009309 -0.0032463030891874685 0
2315 -0.02496727049238141 -0.0041663005664810734 0
2316 -0.024797367010654214 -0.005080673733759926 0
2317 -0.024593988248545286 -0.0059881882302092243 0
2318 -0.024357408757827902 -0.0068876189538975285 0
2319 -0.024087947909699044 -0.0077777517156068588 0
2320 -0.023785969463643305 -0.0086573848779309872 0
2321 -0.023451881076374668 -0.009525330977429582 0
2322 -0.023086133751519095 -0.010380418327648012 0
2323 -0.022689221230780827 -0.011221492600839005 0
2324 -0.022261679327414251 -0.012047418386250923 0
2325 -0.021804085202901256 -0.012857080722878831 0
2326 -0.02131705658781026 -0.013649386604609574 0
2327 -0.020801250947889018 -0.01442326645572861 0
2328 -0.02025736459651676 -0.015177675574796995 0
2329 -0.019686131754713784 -0.015911595544949274 0
2330 -0.019088323559977687 -0.016624035608708274 0
2331 -0.018464747025283838 -0.017314034005461335 0
2332 -0.017816243949655884 -0.017980659269791806 0
2333 -0.017143689781776578 -0.018623011488913634 0
2334 -0.016447992438173169 -0.019240223517511382 0
2335 -0.015730091077572787 -0.019831462148345615 0
2336 -0.014990954833082316 -0.020395929237043503 0
2337 -0.014231581503904099 -0.020932862779556329 0
2338 -0.013452996208354048 -0.021441537940829047 0
2339 -0.01265625000000001 -0.021921268033293594 0
2340 -0.011842418448788812 -0.022371405443864859 0
2341 -0.011012600189077468 -0.022791342508187859 0
2342 -0.010167915436528299 -0.023180512330956134 0
2343 -0.0093095044758704313 -0.023538389551193774 0
2344 -0.0084385261215690829 -0.023864491051467998 0
2345 -0.0075561561534804034 -0.024158376610075027 0
2346 -0.0066635857296039073 -0.024419649495318704 0
2347 -0.0057620197780752485 -0.024647957001079614 0
2348 -0.0048526753705696391 -0.024842990922951821 0
2349 -0.0039367800793124784 -0.025004487974304299 0
2350 -0.0030155703199144226 -0.025132230141705514 0
2351 -0.0020902896822683997 -0.025226044979231328 0
2352 -0.0011621872517617966 -0.02528580584125889 0
2353 -0.00023251592306964622 -0.025311432053432281 0
2354 0.00069746929119409026 -0.025302889021569082 0
2355 0.0016265129546847007 -0.025260188278360927 0
2356 0.0025533609021068013 -0.025183387467804887 0
2357 0.0034767619322784472 -0.025072590267386802 0
2358 0.0043954694971941643 -0.024927946248121516 0
2359 0.0053082433848059682 -0.024749650672639071 0
2360 0.006213851393251469 -0.024537944231589302 0
2361 0.0071110709942684858 -0.024293112718720779 0
2362 0.0079986909835506638 -0.024015486645072699 0
2363 0.0088755131158165853 -0.023705440792800448 0
2364 0.0097403537223843938 -0.023363393709237373 0
2365 0.010592045309069004 -0.022989807141875488 0
2366 0.011429438132244377 -0.022585185415028099 0
2367 0.012251401750943398 -0.022150074749015654 0
2368 0.013056826552900068 -0.021685062522793973 0
2369 0.013844625252473921 -0.021190776481020256 0
2370 0.014613734358434575 -0.020667883886627308 0
2371 0.015363115609624898 -0.020117090620049901 0
2372 0.016091757376564805 -0.019539140226319376 0
2373 0.016798676027103533 -0.018934812911312774 0
2374 0.017482917254276805 -0.018304924488511561 0
2375 0.018143557364576415 -0.017650325277691763 0
2376 0.018779704524893057 -0.016971898957032213 0
2377 0.019390499966449124 -0.01627056137019053 0
2378 0.019975119144096207 -0.01554725928995722 0
2379 0.020532772849412302 -0.01480296914015688 0
2380 0.021062708276096104 -0.014038695677521917 0
2381 0.021564210036220149 -0.013255470635318163 0
2382 0.022036601125970886 -0.012454351330553453 0
2383 0.02247924383957204 -0.011636419236649324 0
2384 0.022891540630157425 -0.010802778523502723 0
2385 0.023272934916431162 -0.0099545545669085158 0
2386 0.023622911834026254 -0.0090928924293550428 0
2387 0.023940998930547311 -0.0082189553142435565 0
2388 0.024226766803359074 -0.0073339229956182845 0
2389 0.024479829679259792 -0.0064389902255269239 0
2390 0.024699845935256957 -0.0055353651211614155 0
2391 0.024886518559742239 -0.0046242675339565956 0
2392 0.025039595553443216 -0.0037069274028481542 0
2393 0.025158870269610594 -0.0027845830939126383 0
2394 0.025244181692981565 -0.0018584797286315255 0
2395 0.02529541465714286 -0.00092986750303580845 0
2396 0.026249999999999999 0 0
2397 0.02623346261221858 0.00093163263861342012 0
2398 0.026183871285841539 0.0018620914280676345 0
2399 0.026101288505516098 0.0027902039982433419 0
2400 0.025985818324839392 0.0037148009352374707 0
2401 0.025837606235251803 0.0046347172548147006 0
2402 0.025656838982718998 0.0055487938702776379 0
2403 0.025443744332433613 0.0064558790529061416 0
2404 0.025198590781833053 0.0073548298831256683 0
2405 0.024921687222295007 0.0082445136905761537 0
2406 0.024613382549936981 0.0091238094812670055 0
2407 0.024274065226010139 0.0099916093500199109 0
2408 0.023904162787441473 0.010846819876419927 0
2409 0.023504141308140911 0.011688363502515824 0
2410 0.023074504811752206 0.012515179890533908 0
2411 0.022615794636587409 0.013326227258894548 0
2412 0.022128588753545269 0.014120483694848054 0
2413 0.021613501037872813 0.014896948442076008 0
2414 0.021071180495687795 0.015654643161635659 0
2415 0.020502310446236537 0.016392613164658655 0
2416 0.019907607660917506 0.017109928615250812 0
2417 0.019287821460155515 0.017805685702077422 0
2418 0.018643732769264357 0.018479007777157799 0
2419 0.017976153134487596 0.019129046460434236 0
2420 0.017285923700457263 0.019754982708723633 0
2421 0.01657391415035878 0.020356027847704888 0
2422 0.015841021610137597 0.020931424565641812 0
2423 0.015088169518128181 0.021480447867589438 0
2424 0.014316306461529578 0.022002405988881452 0
2425 0.013526404981193675 0.022496641266747774 0
2426 0.012719460346232067 0.022962530968963984 0
2427 0.011896489299985429 0.023399488078488646 0
2428 0.011058528778935636 0.023806962033099732 0
2429 0.01020663460617467 0.024184439419098338 0
2430 0.0093418801610765101 0.024531444618205528 0
2431 0.0084653550268483594 0.024847540406837315 0
2432 0.0075781636176650551 0.025132328507002644 0
2433 0.0066814237871166892 0.025385450088130233 0
2434 0.0057762654197226508 0.025606586219192051 0
2435 0.0048638290072867563 0.02579545827055367 0
2436 0.0039452642118873501 0.025951828265045235 0
2437 0.0030217284173129312 0.02607549917781064 0
2438 0.0020943852707684314 0.026166315184557191 0
2439 0.0011644032166897363 0.026224161857892857 0
2440 0.00023295402451364489 0.026248966311503828 0
2441 -0.00069878868774158568 0.02624069729199063 0
2442 -0.0016296509322248904 0.026199365218247148 0
2443 -0.0025584598304670921 0.026125022168332915 0
2444 -0.0034840450911976985 0.026017761813855188 0
2445 -0.0044052404849019367 0.025877719301943533 0
2446 -0.0053208853132599536 0.0257050710849656 0
2447 -0.0062298258716167593 0.025500034698198636 0
2448 -0.00713091690264027 0.025262868485736913 0
2449 -0.0080230230393356864 0.024993871274980366 0
2450 -0.0089050202355982887 0.024693382000114623 0
2451 -0.0097757971825018584 0.024361779275056835 0
2452 -0.0106342567085384 0.023999480916405382 0
2453 -0.011479317162044953 0.023606943416994503 0
2454 -0.012309913774075344 0.023184661370717279 0
2455 -0.013124999999999994 0.022733166849341516 0
2456 -0.013923548838143238 0.022253028732103865 0
2457 -0.014704554123796586 0.02174485198892687 0
2458 -0.01546703179697769 0.021209276918162039 0
2459 -0.016210021142337536 0.020646978339819367 0
2460 -0.016932585999653509 0.020058664745299923 0
2461 -0.017633815943383303 0.019445077404702735 0
2462 -0.018312827429793347 0.018806989432830774 0
2463 -0.018968764910216287 0.018145204815072969 0
2464 -0.019600801909035053 0.017460557394389443 0
2465 -0.020208142065035035 0.016753909820676531 0
2466 -0.020790020134812435 0.016026152463835278 0
2467 -0.021345702956974379 0.01527820229191299 0
2468 -0.021874490375916014 0.014511001715731333 0
2469 -0.022375716124010615 0.013725517401456725 0
2470 -0.022848748661101047 0.012922739052609281 0
2471 -0.023292991970234999 0.012103678163044812 0
2472 -0.023707886308641242 0.011269366742481189 0
2473 -0.024092908913000723 0.010420856016174982 0
2474 -0.024447574658123881 0.0095592151003865908 0
2475 -0.02477143666820426 0.008685529655302858 0
2476 -0.025064086879878163 0.0078009005171146345 0
2477 -0.02532515655638104 0.0069064423109724427 0
2478 -0.025554316752152646 0.006003282046568411 0
2479 -0.025751278727305621 0.0050925576981136755 0
2480 -0.025915794311435293 0.0041754167705006428 0
2481 -0.026047656216312269 0.0032530148534565275 0
2482 -0.026146698297063814 0.0023265141655103038 0
2483 -0.026212795761515001 0.0013970820896072038 0
2484 -0.026245865327425743 0.00046588970221622108 0
2485 -0.026245865327425743 -0.00046588970221621474 0
2486 -0.026212795761515001 -0.0013970820896071856 0
2487 -0.026146698297063814 -0.0023265141655102973 0
2488 -0.026047656216312269 -0.003253014853456521 0
2489 -0.025915794311435293 -0.0041754167705006359 0
2490 -0.025751278727305621 -0.0050925576981136807 0
2491 -0.025554316752152646 -0.0060032820465684049 0
2492 -0.025325156556381043 -0.0069064423109724271 0
2493 -0.025064086879878166 -0.0078009005171146267 0
2494 -0.02477143666820426 -0.0086855296553028528 0
2495 -0.024447574658123881 -0.0095592151003865856 0
2496 -0.024092908913000727 -0.010420856016174975 0
2497 -0.023707886308641245 -0.011269366742481184 0
2498 -0.023292991970235009 -0.012103678163044796 0
2499 -0.022848748661101051 -0.012922739052609275 0
2500 -0.022375716124010611 -0.01372551740145673 0
2501 -0.021874490375916017 -0.014511001715731327 0
2502 -0.021345702956974379 -0.015278202291912983 0
2503 -0.020790020134812438 -0.016026152463835271 0
2504 -0.020208142065035045 -0.016753909820676517 0
2505 -0.01960080190903506 -0.017460557394389436 0
2506 -0.01896876491021628 -0.018145204815072973 0
2507 -0.018312827429793347 -0.018806989432830771 0
2508 -0.017633815943383317 -0.019445077404702721 0
2509 -0.016932585999653523 -0.020058664745299912 0
2510 -0.016210021142337539 -0.020646978339819363 0
2511 -0.015467031796977683 -0.021209276918162042 0
2512 -0.014704554123796581 -0.02174485198892687 0
2513 -0.013923548838143243 -0.022253028732103861 0
2514 -0.013125000000000012 -0.022733166849341506 0
2515 -0.01230991377407536 -0.023184661370717272 0
2516 -0.011479317162044958 -0.023606943416994503 0
2517 -0.010634256708538395 -0.023999480916405382 0
2518 -0.0097757971825018532 -0.024361779275056835 0
2519 -0.0089050202355983009 -0.02469338200011462 0
2520 -0.0080230230393357038 -0.024993871274980362 0
2521 -0.0071309169026402873 -0.025262868485736906 0
2522 -0.0062298258716167714 -0.025500034698198632 0
2523 -0.0053208853132599484 -0.0257050710849656 0
2524 -0.0044052404849019436 -0.025877719301943533 0
2525 -0.0034840450911977103 -0.026017761813855185 0
2526 -0.0025584598304671104 -0.026125022168332911 0
2527 -0.0016296509322248967 -0.026199365218247148 0
2528 -0.00069878868774159793 -0.026240697291990626 0
2529 0.00023295402451364429 -0.026248966311503828 0
2530 0.00116440321668973 -0.026224161857892857 0
2531 0.0020943852707684192 -0.026166315184557191 0
2532 0.0030217284173129307 -0.02607549917781064 0
2533 0.003945264211887344 -0.025951828265045235 0
2534 0.0048638290072867381 -0.025795458270553677 0
2535 0.0057762654197226499 -0.025606586219192051 0
2536 0.0066814237871166823 -0.025385450088130233 0
2537 0.0075781636176650378 -0.025132328507002647 0
2538 0.0084653550268483577 -0.024847540406837315 0
2539 0.0093418801610765049 -0.024531444618205531 0
2540 0.010206634606174653 -0.024184439419098345 0
2541 0.011058528778935636 -0.023806962033099736 0
2542 0.011896489299985418 -0.023399488078488646 0
2543 0.012719460346232073 -0.02296253096896398 0
2544 0.013526404981193675 -0.022496641266747774 0
2545 0.014316306461529565 -0.022002405988881462 0
2546 0.015088169518128164 -0.021480447867589448 0
2547 0.015841021610137597 -0.020931424565641815 0
2548 0.016573914150358773 -0.020356027847704895 0
2549 0.017285923700457267 -0.019754982708723633 0
2550 0.017976153134487593 -0.019129046460434243 0
2551 0.018643732769264346 -0.018479007777157809 0
2552 0.019287821460155501 -0.017805685702077436 0
2553 0.019907607660917502 -0.017109928615250816 0
2554 0.02050231044623654 -0.016392613164658645 0
2555 0.021071180495687795 -0.015654643161635663 0
2556 0.021613501037872809 -0.014896948442076011 0
2557 0.022128588753545262 -0.014120483694848068 0
2558 0.022615794636587395 -0.013326227258894567 0
2559 0.023074504811752203 -0.012515179890533915 0
2560 0.023504141308140904 -0.011688363502515838 0
2561 0.023904162787441459 -0.010846819876419949 0
2562 0.024274065226010142 -0.0099916093500198987 0
2563 0.024613382549936984 -0.0091238094812669986 0
2564 0.024921687222295007 -0.0082445136905761589 0
2565 0.02519859078183305 -0.0073548298831256778 0
2566 0.025443744332433616 -0.0064558790529061381 0
2567 0.025656838982718998 -0.0055487938702776414 0
2568 0.0258376062352518 -0.0046347172548147136 0
2569 0.025985818324839389 -0.0037148009352374911 0
2570 0.026101288505516095 -0.0027902039982433701 0
2571 0.026183871285841539 -0.0018620914280676479 0
2572 0.02623346261221858 -0.00093163263861344181 0
2573 0.0271875 0 0
2574 0.027171650295580357 0.00092821143318100221 0
2575 0.027124119662367784 0.0018553406133519921 0
2576 0.027044963518954454 0.0027803065493615556 0
2577 0.026934274157862741 0.0037020307723042043 0
2578 0.026792180637936289 0.0046194385929668753 0
2579 0.026618848633863153 0.0055314603548684812 0
2580 0.026414480243006532 0.0064370326814315211 0
2581 0.026179313749768292 0.0073350997158315974 0
2582 0.025913623347759998 0.0082246143520792476 0
2583 0.025617718820105433 0.0091045394558986869 0
2584 0.02529194517824734 0.0099738490739799731 0
2585 0.024936682259679505 0.010831529630194689 0
2586 0.024552344285073233 0.011676581107380351 0
2587 0.024139379375314577 0.012508018213315699 0
2588 0.023698269029015426 0.013324871529527344 0
2589 0.023229527561107657 0.01412618864158835 0
2590 0.022733701503174952 0.014911035249590853 0
2591 0.022211368966221393 0.01567849625749795 0
2592 0.021663138966619908 0.016427676840104755 0
2593 0.021089650716026413 0.01715770348636456 0
2594 0.020491572876087629 0.017867725017863628 0
2595 0.019869602778811501 0.018556913581257155 0
2596 0.01922446561350926 0.01922446561350926 0
2597 0.018556913581257158 0.019869602778811498 0
2598 0.017867725017863625 0.020491572876087633 0
2599 0.01715770348636456 0.021089650716026413 0
2600 0.016427676840104759 0.021663138966619904 0
2601 0.01567849625749795 0.02221136896622139 0
2602 0.014911035249590853 0.022733701503174952 0
2603 0.01412618864158835 0.023229527561107657 0
2604 0.013324871529527346 0.023698269029015423 0
2605 0.012508018213315701 0.024139379375314577 0
2606 0.01167658110738035 0.024552344285073233 0
2607 0.010831529630194686 0.024936682259679505 0
2608 0.0099738490739799748 0.02529194517824734 0
2609 0.0091045394558986886 0.025617718820105429 0
2610 0.0082246143520792493 0.025913623347759998 0
2611 0.0073350997158316018 0.026179313749768292 0
2612 0.006437032681431522 0.026414480243006532 0
2613 0.0055314603548684803 0.026618848633863153 0
2614 0.0046194385929668779 0.026792180637936289 0
2615 0.0037020307723042043 0.026934274157862741 0
2616 0.0027803065493615595 0.027044963518954454 0
2617 0.001855340613351999 0.027124119662367784 0
2618 0.00092821143318100026 0.027171650295580357 0
2619 1.6647542425909332e-18 0.0271875 0
2620 -0.00092821143318100308 0.027171650295580357 0
2621 -0.0018553406133519895 0.027124119662367784 0
2622 -0.0027803065493615499 0.027044963518954454 0
2623 -0.0037020307723042065 0.026934274157862741 0
2624 -0.0046194385929668735 0.026792180637936289 0
2625 -0.0055314603548684829 0.026618848633863153 0
2626 -0.0064370326814315194 0.026414480243006532 0
2627 -0.0073350997158315931 0.026179313749768295 0
2628 -0.0082246143520792511 0.025913623347759998 0
2629 -0.0091045394558986869 0.025617718820105433 0
2630 -0.0099738490739799714 0.02529194517824734 0
2631 -0.010831529630194689 0.024936682259679505 0
2632 -0.011676581107380348 0.024552344285073233 0
2633 -0.012508018213315698 0.024139379375314577 0
2634 -0.013324871529527344 0.023698269029015423 0
2635 -0.014126188641588345 0.02322952756110766 0
2636 -0.014911035249590858 0.022733701503174948 0
2637 -0.01567849625749795 0.022211368966221393 0
2638 -0.016427676840104755 0.021663138966619908 0
2639 -0.017157703486364563 0.021089650716026413 0
2640 -0.017867725017863621 0.020491572876087636 0
2641 -0.018556913581257162 0.019869602778811495 0
2642 -0.01922446561350926 0.01922446561350926 0
2643 -0.019869602778811501 0.018556913581257158 0
2644 -0.020491572876087633 0.017867725017863625 0
2645 -0.02108965071602641 0.017157703486364567 0
2646 -0.021663138966619904 0.016427676840104759 0
2647 -0.02221136896622139 0.01567849625749795 0
2648 -0.022733701503174952 0.014911035249590853 0
2649 -0.023229527561107653 0.014126188641588358 0
2650 -0.023698269029015423 0.013324871529527348 0
2651 -0.024139379375314577 0.012508018213315703 0
2652 -0.024552344285073233 0.011676581107380351 0
2653 -0.024936682259679505 0.010831529630194688 0
2654 -0.025291945178247337 0.0099738490739799818 0
2655 -0.025617718820105429 0.0091045394558986904 0
2656 -0.025913623347760002 0.0082246143520792389 0
2657 -0.026179313749768292 0.0073350997158315974 0
2658 -0.026414480243006532 0.0064370326814315176 0
2659 -0.02661884863386315 0.0055314603548684872 0
2660 -0.026792180637936289 0.0046194385929668787 0
2661 -0.026934274157862738 0.0037020307723042178 0
2662 -0.027044963518954454 0.0027803065493615547 0
2663 -0.027124119662367788 0.0018553406133519888 0
2664 -0.027171650295580357 0.00092821143318100807 0
2665 -0.0271875 3.3295084851818665e-18 0
2666 -0.027171650295580357 -0.00092821143318098931 0
2667 -0.027124119662367784 -0.001855340613351994 0
2668 -0.027044963518954454 -0.0027803065493615599 0
2669 -0.026934274157862741 -0.0037020307723041991 0
2670 -0.026792180637936289 -0.0046194385929668727 0
2671 -0.026618848633863153 -0.0055314603548684699 0
2672 -0.026414480243006532 -0.0064370326814315228 0
2673 -0.026179313749768292 -0.0073350997158316018 0
2674 -0.025913623347759998 -0.0082246143520792441 0
2675 -0.025617718820105433 -0.0091045394558986852 0
2676 -0.025291945178247344 -0.0099738490739799627 0
2677 -0.024936682259679502 -0.010831529630194693 0
2678 -0.024552344285073229 -0.011676581107380358 0
2679 -0.024139379375314581 -0.012508018213315696 0
2680 -0.023698269029015426 -0.013324871529527344 0
2681 -0.023229527561107664 -0.014126188641588341 0
2682 -0.022733701503174955 -0.014911035249590846 0
2683 -0.02221136896622139 -0.015678496257497954 0
2684 -0.021663138966619908 -0.016427676840104755 0
2685 -0.021089650716026413 -0.01715770348636456 0
2686 -0.020491572876087636 -0.017867725017863618 0
2687 -0.019869602778811501 -0.018556913581257151 0
2688 -0.019224465613509257 -0.019224465613509264 0
2689 -0.018556913581257158 -0.019869602778811498 0
2690 -0.017867725017863628 -0.020491572876087633 0
2691 -0.017157703486364567 -0.021089650716026406 0
2692 -0.016427676840104773 -0.021663138966619894 0
2693 -0.01567849625749795 -0.02221136896622139 0
2694 -0.014911035249590844 -0.022733701503174955 0
2695 -0.01412618864158835 -0.023229527561107657 0
2696 -0.013324871529527349 -0.02369826902901542 0
2697 -0.012508018213315713 -0.02413937937531457 0
2698 -0.011676581107380353 -0.024552344285073229 0
2699 -0.010831529630194679 -0.024936682259679509 0
2700 -0.0099738490739799714 -0.02529194517824734 0
2701 -0.0091045394558986921 -0.025617718820105429 0
2702 -0.0082246143520792632 -0.025913623347759991 0
2703 -0.0073350997158315992 -0.026179313749768292 0
2704 -0.0064370326814315081 -0.026414480243006536 0
2705 -0.0055314603548684777 -0.026618848633863153 0
2706 -0.0046194385929668805 -0.026792180637936289 0
2707 -0.0037020307723042195 -0.026934274157862738 0
2708 -0.0027803065493615564 -0.027044963518954454 0
2709 -0.0018553406133519782 -0.027124119662367788 0
2710 -0.00092821143318099766 -0.027171650295580357 0
2711 -4.9942627277727991e-18 -0.0271875 0
2712 0.00092821143318098768 -0.027171650295580357 0
2713 0.0018553406133519921 -0.027124119662367784 0
2714 0.0027803065493615465 -0.027044963518954454 0
2715 0.0037020307723042096 -0.026934274157862741 0
2716 0.0046194385929668709 -0.026792180637936289 0
2717 0.0055314603548684681 -0.026618848633863157 0
2718 0.006437032681431522 -0.026414480243006532 0
2719 0.0073350997158315896 -0.026179313749768295 0
2720 0.0082246143520792528 -0.025913623347759995 0
2721 0.0091045394558986834 -0.025617718820105433 0
2722 0.0099738490739799627 -0.025291945178247344 0
2723 0.010831529630194691 -0.024936682259679502 0
2724 0.011676581107380344 -0.024552344285073236 0
2725 0.012508018213315684 -0.024139379375314584 0
2726 0.013324871529527342 -0.023698269029015426 0
2727 0.014126188641588341 -0.023229527561107664 0
2728 0.014911035249590856 -0.022733701503174952 0
2729 0.015678496257497947 -0.022211368966221397 0
2730 0.016427676840104745 -0.021663138966619915 0
2731 0.01715770348636456 -0.021089650716026413 0
2732 0.017867725017863618 -0.020491572876087639 0
2733 0.018556913581257162 -0.019869602778811498 0
2734 0.019224465613509257 -0.019224465613509264 0
2735 0.019869602778811488 -0.018556913581257169 0
2736 0.020491572876087615 -0.017867725017863646 0
2737 0.021089650716026406 -0.017157703486364567 0
2738 0.021663138966619894 -0.016427676840104773 0
2739 0.022211368966221404 -0.015678496257497933 0
2740 0.022733701503174955 -0.014911035249590844 0
2741 0.023229527561107657 -0.01412618864158835 0
2742 0.02369826902901542 -0.013324871529527351 0
2743 0.024139379375314581 -0.012508018213315692 0
2744 0.024552344285073229 -0.011676581107380355 0
2745 0.024936682259679498 -0.010831529630194701 0
2746 0.02529194517824733 -0.0099738490739799956 0
2747 0.025617718820105429 -0.0091045394558986938 0
2748 0.025913623347759991 -0.0082246143520792649 0
2749 0.026179313749768285 -0.0073350997158316235 0
2750 0.026414480243006536 -0.0064370326814315098 0
2751 0.026618848633863153 -0.0055314603548684794 0
2752 0.026792180637936289 -0.0046194385929668822 0
2753 0.026934274157862741 -0.0037020307723041965 0
2754 0.027044963518954454 -0.0027803065493615582 0
2755 0.027124119662367784 -0.0018553406133520038 0
2756 0.027171650295580357 -0.00092821143318102346 0
2757 0.028124999999999997 0 0
2758 0.028109622862713544 0.00092990726204929351 0
2759 0.028063508265528031 0.0018587976841602967 0
2760 0.027986706634078443 0.0027856555382942631 0
2761 0.027879301949821175 0.0037094673189956876 0
2762 0.027741411658201563 0.00462922285164564 0
2763 0.02757318654022901 0.0055439163970728835 0
2764 0.027374810547600163 0.0064525477513148865 0
2765 0.027146500601550428 0.0073541233393261806 0
2766 0.026888506355653805 0.0082476573014380709 0
2767 0.026601109922830348 0.0091321725713817206 0
2768 0.026284625566859832 0.010006701944695773 0
2769 0.025939399358738943 0.010870289136350219 0
2770 0.025565808798257691 0.011721989826430043 0
2771 0.025164262401208969 0.012560872692735182 0
2772 0.024735199252682503 0.013386020429167691 0
2773 0.024279088526931759 0.01419653074879248 0
2774 0.023796428974338805 0.014991517370474824 0
2775 0.023287748376038062 0.015770110988015795 0
2776 0.022753602966795395 0.016531460220725807 0
2777 0.022194576826773567 0.017274732544396907 0
2778 0.021611281242849157 0.017999115201655775 0
2779 0.021004354040179328 0.018703816090701979 0
2780 0.020374458884749376 0.019388064631459662 0
2781 0.019722284557663741 0.020051112608195542 0
2782 0.019048544201973966 0.020692234987681826 0
2783 0.018353974542867239 0.021310730712009413 0
2784 0.017639335082068226 0.021905923465184409 0
2785 0.016905407267335082 0.022477162412669754 0
2786 0.016152993637957788 0.023023822913063222 0
2787 0.01538291694719326 0.023545307201133615 0
2788 0.014596019262596674 0.024041045041468284 0
2789 0.013793161045233039 0.02451049435201717 0
2790 0.012975220208775593 0.024953141796851579 0
2791 0.012143091159520112 0.025368503347489465 0
2792 0.011297683818364768 0.025756124812173486 0
2793 0.010439922625824959 0.026115582332523007 0
2794 0.009570745531171208 0.026446482847017033 0
2795 0.0086911029667953964 0.02674846452080119 0
2796 0.0078019568089268835 0.027021197141348853 0
2797 0.0069042793258349781 0.027264382479543665 0
2798 0.0059990521146678849 0.027477754615788726 0
2799 0.0050872650280905868 0.027661080230785753 0
2800 0.0041699150918955551 0.027814158860666297 0
2801 0.0032480054147696127 0.02793682311619607 0
2802 0.0023225440914093481 0.028028938865812588 0
2803 0.0013945431001843827 0.028090405382296069 0
2804 0.00046501719655382847 0.028121155452913188 0
2805 -0.00046501719655383129 0.028121155452913188 0
2806 -0.001394543100184373 0.028090405382296072 0
2807 -0.0023225440914093447 0.028028938865812588 0
2808 -0.0032480054147696032 0.02793682311619607 0
2809 -0.0041699150918955586 0.027814158860666297 0
2810 -0.0050872650280905894 0.027661080230785753 0
2811 -0.0059990521146678763 0.027477754615788726 0
2812 -0.0069042793258349746 0.027264382479543665 0
2813 -0.0078019568089268739 0.027021197141348853 0
2814 -0.0086911029667953877 0.026748464520801193 0
2815 -0.0095707455311712097 0.026446482847017033 0
2816 -0.010439922625824955 0.026115582332523011 0
2817 -0.011297683818364759 0.02575612481217349 0
2818 -0.012143091159520109 0.025368503347489468 0
2819 -0.012975220208775591 0.024953141796851579 0
2820 -0.013793161045233039 0.02451049435201717 0
2821 -0.014596019262596677 0.024041045041468281 0
2822 -0.015382916947193249 0.023545307201133615 0
2823 -0.016152993637957788 0.023023822913063222 0
2824 -0.016905407267335078 0.022477162412669758 0
2825 -0.017639335082068226 0.021905923465184409 0
2826 -0.018353974542867243 0.02131073071200941 0
2827 -0.019048544201973959 0.020692234987681829 0
2828 -0.019722284557663741 0.020051112608195542 0
2829 -0.020374458884749376 0.019388064631459666 0
2830 -0.021004354040179318 0.018703816090701989 0
2831 -0.02161128124284916 0.017999115201655772 0
2832 -0.022194576826773563 0.01727473254439691 0
2833 -0.022753602966795392 0.016531460220725807 0
2834 -0.023287748376038062 0.015770110988015795 0
2835 -0.023796428974338802 0.014991517370474832 0
2836 -0.024279088526931763 0.014196530748792473 0
2837 -0.024735199252682499 0.013386020429167696 0
2838 -0.025164262401208969 0.012560872692735186 0
2839 -0.025565808798257688 0.011721989826430053 0
2840 -0.025939399358738943 0.010870289136350216 0
2841 -0.026284625566859836 0.010006701944695769 0
2842 -0.026601109922830348 0.0091321725713817258 0
2843 -0.026888506355653805 0.0082476573014380727 0
2844 -0.027146500601550425 0.007354123339326191 0
2845 -0.027374810547600159 0.0064525477513148969 0
2846 -0.02757318654022901 0.0055439163970728775 0
2847 -0.027741411658201563 0.0046292228516456443 0
2848 -0.027879301949821175 0.003709467318995689 0
2849 -0.027986706634078443 0.0027856555382942743 0
2850 -0.028063508265528031 0.0018587976841603054 0
2851 -0.028109622862713544 0.00092990726204928689 0
2852 -0.028124999999999997 3.4443191226019306e-18 0
2853 -0.028109622862713544 -0.00092990726204929253 0
2854 -0.028063508265528031 -0.0018587976841602859 0
2855 -0.027986706634078443 -0.0027856555382942553 0
2856 -0.027879301949821175 -0.0037094673189956946 0
2857 -0.027741411658201567 -0.0046292228516456374 0
2858 -0.02757318654022901 -0.0055439163970728827 0
2859 -0.027374810547600163 -0.0064525477513148769 0
2860 -0.027146500601550431 -0.0073541233393261728 0
2861 -0.026888506355653805 -0.0082476573014380779 0
2862 -0.026601109922830348 -0.0091321725713817189 0
2863 -0.026284625566859832 -0.010006701944695775 0
2864 -0.025939399358738947 -0.010870289136350209 0
2865 -0.025565808798257695 -0.011721989826430034 0
2866 -0.025164262401208976 -0.012560872692735169 0
2867 -0.024735199252682503 -0.013386020429167691 0
2868 -0.024279088526931759 -0.01419653074879248 0
2869 -0.023796428974338812 -0.014991517370474817 0
2870 -0.023287748376038066 -0.015770110988015788 0
2871 -0.022753602966795405 -0.016531460220725793 0
2872 -0.02219457682677357 -0.017274732544396907 0
2873 -0.021611281242849157 -0.017999115201655775 0
2874 -0.021004354040179331 -0.018703816090701975 0
2875 -0.020374458884749379 -0.019388064631459659 0
2876 -0.019722284557663741 -0.020051112608195538 0
2877 -0.019048544201973976 -0.020692234987681815 0
2878 -0.01835397454286725 -0.021310730712009403 0
2879 -0.017639335082068233 -0.021905923465184402 0
2880 -0.016905407267335085 -0.022477162412669754 0
2881 -0.016152993637957792 -0.023023822913063222 0
2882 -0.015382916947193256 -0.023545307201133615 0
2883 -0.014596019262596674 -0.024041045041468284 0
2884 -0.013793161045233036 -0.024510494352017173 0
2885 -0.012975220208775586 -0.024953141796851583 0
2886 -0.012143091159520126 -0.025368503347489461 0
2887 -0.011297683818364776 -0.025756124812173483 0
2888 -0.010439922625824943 -0.026115582332523014 0
2889 -0.0095707455311712167 -0.02644648284701703 0
2890 -0.0086911029667953998 -0.02674846452080119 0
2891 -0.00780195680892688 -0.027021197141348853 0
2892 -0.0069042793258349746 -0.027264382479543665 0
2893 -0.0059990521146678763 -0.027477754615788726 0
2894 -0.0050872650280905833 -0.027661080230785753 0
2895 -0.0041699150918955465 -0.027814158860666297 0
2896 -0.0032480054147696223 -0.02793682311619607 0
2897 -0.0023225440914093581 -0.028028938865812588 0
2898 -0.0013945431001843862 -0.028090405382296069 0
2899 -0.00046501719655383812 -0.028121155452913188 0
2900 0.00046501719655382787 -0.028121155452913188 0
2901 0.0013945431001843758 -0.028090405382296072 0
2902 0.0023225440914093477 -0.028028938865812588 0
2903 0.0032480054147695876 -0.027936823116196073 0
2904 0.0041699150918955603 -0.027814158860666297 0
2905 0.0050872650280905981 -0.027661080230785749 0
2906 0.0059990521146678667 -0.027477754615788729 0
2907 0.0069042793258349651 -0.027264382479543669 0
2908 0.0078019568089268704 -0.027021197141348853 0
2909 0.0086911029667953894 -0.026748464520801193 0
2910 0.0095707455311712063 -0.026446482847017033 0
2911 0.010439922625824959 -0.026115582332523007 0
2912 0.011297683818364768 -0.025756124812173486 0
2913 0.012143091159520095 -0.025368503347489475 0
2914 0.012975220208775576 -0.02495314179685159 0
2915 0.013793161045233048 -0.024510494352017166 0
2916 0.014596019262596665 -0.024041045041468288 0
2917 0.015382916947193246 -0.023545307201133618 0
2918 0.016152993637957785 -0.023023822913063225 0
2919 0.016905407267335075 -0.022477162412669761 0
2920 0.017639335082068205 -0.02190592346518443 0
2921 0.018353974542867222 -0.021310730712009427 0
2922 0.019048544201973952 -0.020692234987681839 0
2923 0.019722284557663745 -0.020051112608195535 0
2924 0.020374458884749383 -0.019388064631459659 0
2925 0.021004354040179331 -0.018703816090701972 0
2926 0.02161128124284915 -0.017999115201655785 0
2927 0.02219457682677356 -0.01727473254439691 0
2928 0.022753602966795392 -0.01653146022072581 0
2929 0.023287748376038059 -0.015770110988015798 0
2930 0.023796428974338795 -0.014991517370474845 0
2931 0.024279088526931752 -0.014196530748792499 0
2932 0.024735199252682492 -0.01338602042916771 0
2933 0.025164262401208962 -0.0125608726927352 0
2934 0.025565808798257695 -0.011721989826430032 0
2935 0.025939399358738947 -0.010870289136350207 0
2936 0.026284625566859832 -0.010006701944695785 0
2937 0.026601109922830348 -0.0091321725713817293 0
2938 0.026888506355653805 -0.0082476573014380744 0
2939 0.027146500601550428 -0.0073541233393261832 0
2940 0.027374810547600163 -0.0064525477513148874 0
2941 0.027573186540229007 -0.0055439163970729052 0
2942 0.02774141165820156 -0.0046292228516456599 0
2943 0.027879301949821175 -0.0037094673189957046 0
2944 0.027986706634078443 -0.0027856555382942531 0
2945 0.028063508265528034 -0.0018587976841602839 0
2946 0.028109622862713544 -0.00092990726204930283 0
2947 0.029062499999999998 0 0
2948 0.029047568158332489 0.00093149897317622841 0
2949 0.029002787976806648 0.0018620407681894688 0
2950 0.028928205470086073 0.0027906691904420007 0
2951 0.028823897276738088 0.0037164300114559553 0
2952 0.028689970580482456 0.0046383719494075834 0
2953 0.028526563000052834 0.0055555476466336321 0
2954 0.028333842447784249 0.0064670146431053867 0
2955 0.028112006957071792 0.0073718363448700567 0
2956 0.027861284478877948 0.0082690829864643794 0
2957 0.027581932647497556 0.0091578325863114745 0
2958 0.027274238515821159 0.01003717189411925 0
2959 0.026938518260368756 0.010906197329306809 0
2960 0.02657511685639705 0.011764015909494571 0
2961 0.026184407723414054 0.012609746168104032 0
2962 0.025766792341465315 0.013442519060124274 0
2963 0.025322699838586003 0.014261478855114442 0
2964 0.024852586549842872 0.015065784016524633 0
2965 0.024356935548419115 0.015854608066431571 0
2966 0.023836256149224033 0.016627140434800552 0
2967 0.023291083385537488 0.017382587292400963 0
2968 0.022721977459227116 0.01812017236651944 0
2969 0.022129523165102971 0.018839137738632595 0
2970 0.021514329290001358 0.019538744623219518 0
2971 0.020877027987215208 0.020218274126913821 0
2972 0.020218274126913821 0.020877027987215208 0
2973 0.019538744623219518 0.021514329290001355 0
2974 0.018839137738632598 0.022129523165102968 0
2975 0.018120172366519444 0.022721977459227116 0
2976 0.017382587292400963 0.023291083385537488 0
2977 0.016627140434800555 0.023836256149224029 0
2978 0.015854608066431571 0.024356935548419115 0
2979 0.015065784016524636 0.024852586549842869 0
2980 0.014261478855114444 0.025322699838586 0
2981 0.013442519060124272 0.025766792341465315 0
2982 0.012609746168104034 0.026184407723414054 0
2983 0.011764015909494569 0.02657511685639705 0
2984 0.010906197329306812 0.026938518260368756 0
2985 0.010037171894119259 0.027274238515821159 0
2986 0.009157832586311478 0.027581932647497556 0
2987 0.0082690829864643794 0.027861284478877948 0
2988 0.0073718363448700619 0.028112006957071788 0
2989 0.0064670146431053885 0.028333842447784249 0
2990 0.0055555476466336374 0.028526563000052834 0
2991 0.004638371949407593 0.028689970580482452 0
2992 0.0037164300114559553 0.028823897276738088 0
2993 0.0027906691904420046 0.028928205470086073 0
2994 0.0018620407681894701 0.029002787976806648 0
2995 0.00093149897317623307 0.029047568158332489 0
2996 1.7795648800109975e-18 0.029062499999999998 0
2997 -0.00093149897317622939 0.029047568158332489 0
2998 -0.0018620407681894664 0.029002787976806648 0
2999 -0.0027906691904420011 0.028928205470086073 0
3000 -0.0037164300114559522 0.028823897276738088 0
3001 -0.0046383719494075817 0.028689970580482456 0
3002 -0.005555547646633633 0.028526563000052834 0
3003 -0.006467014643105385 0.028333842447784249 0
3004 -0.0073718363448700523 0.028112006957071792 0
3005 -0.008269082986464376 0.027861284478877948 0
3006 -0.0091578325863114745 0.027581932647497556 0
3007 -0.010037171894119248 0.027274238515821159 0
3008 -0.010906197329306809 0.026938518260368756 0
3009 -0.011764015909494566 0.02657511685639705 0
3010 -0.01260974616810403 0.026184407723414054 0
3011 -0.013442519060124268 0.025766792341465315 0
3012 -0.014261478855114435 0.025322699838586007 0
3013 -0.015065784016524633 0.024852586549842872 0
3014 -0.015854608066431568 0.024356935548419119 0
3015 -0.016627140434800559 0.023836256149224026 0
3016 -0.017382587292400963 0.023291083385537488 0
3017 -0.01812017236651944 0.022721977459227119 0
3018 -0.018839137738632602 0.022129523165102964 0
3019 -0.019538744623219521 0.021514329290001355 0
3020 -0.020218274126913821 0.020877027987215208 0
3021 -0.020877027987215205 0.020218274126913825 0
3022 -0.021514329290001351 0.019538744623219525 0
3023 -0.022129523165102961 0.018839137738632609 0
3024 -0.022721977459227116 0.018120172366519444 0
3025 -0.023291083385537485 0.017382587292400966 0
3026 -0.023836256149224033 0.016627140434800552 0
3027 -0.024356935548419115 0.015854608066431571 0
3028 -0.024852586549842869 0.015065784016524636 0
3029 -0.025322699838585996 0.014261478855114451 0
3030 -0.025766792341465315 0.013442519060124274 0
3031 -0.026184407723414051 0.012609746168104036 0
3032 -0.026575116856397046 0.011764015909494576 0
3033 -0.026938518260368752 0.010906197329306821 0
3034 -0.027274238515821156 0.010037171894119266 0
3035 -0.027581932647497552 0.0091578325863114918 0
3036 -0.027861284478877948 0.008269082986464376 0
3037 -0.028112006957071792 0.0073718363448700567 0
3038 -0.028333842447784249 0.0064670146431053902 0
3039 -0.028526563000052834 0.0055555476466336391 0
3040 -0.028689970580482452 0.0046383719494075938 0
3041 -0.028823897276738085 0.003716430011455957 0
3042 -0.028928205470086073 0.0027906691904420063 0
3043 -0.029002787976806648 0.0018620407681894781 0
3044 -0.029047568158332489 0.00093149897317624109 0
3045 -0.029062499999999998 3.5591297600219951e-18 0
3046 -0.029047568158332489 -0.00093149897317623405 0
3047 -0.029002787976806648 -0.0018620407681894714 0
3048 -0.028928205470086073 -0.0027906691904419994 0
3049 -0.028823897276738088 -0.0037164300114559505 0
3050 -0.028689970580482456 -0.0046383719494075739 0
3051 -0.028526563000052834 -0.0055555476466336321 0
3052 -0.028333842447784249 -0.0064670146431053833 0
3053 -0.028112006957071792 -0.0073718363448700506 0
3054 -0.027861284478877948 -0.008269082986464369 0
3055 -0.027581932647497556 -0.0091578325863114728 0
3056 -0.027274238515821159 -0.010037171894119247 0
3057 -0.026938518260368756 -0.010906197329306814 0
3058 -0.02657511685639705 -0.011764015909494569 0
3059 -0.026184407723414054 -0.012609746168104029 0
3060 -0.025766792341465318 -0.013442519060124267 0
3061 -0.025322699838586007 -0.014261478855114433 0
3062 -0.024852586549842872 -0.015065784016524629 0
3063 -0.024356935548419122 -0.015854608066431564 0
3064 -0.023836256149224029 -0.016627140434800559 0
3065 -0.023291083385537491 -0.017382587292400963 0
3066 -0.022721977459227119 -0.018120172366519437 0
3067 -0.022129523165102975 -0.018839137738632595 0
3068 -0.021514329290001355 -0.019538744623219518 0
3069 -0.020877027987215208 -0.020218274126913821 0
3070 -0.020218274126913828 -0.020877027987215201 0
3071 -0.019538744623219525 -0.021514329290001348 0
3072 -0.018839137738632598 -0.022129523165102968 0
3073 -0.018120172366519447 -0.022721977459227112 0
3074 -0.017382587292400969 -0.023291083385537485 0
3075 -0.016627140434800566 -0.023836256149224022 0
3076 -0.015854608066431585 -0.024356935548419108 0
3077 -0.01506578401652465 -0.024852586549842862 0
3078 -0.014261478855114442 -0.025322699838586003 0
3079 -0.013442519060124275 -0.025766792341465311 0
3080 -0.012609746168104037 -0.026184407723414051 0
3081 -0.011764015909494578 -0.026575116856397046 0
3082 -0.010906197329306821 -0.026938518260368752 0
3083 -0.010037171894119243 -0.027274238515821163 0
3084 -0.0091578325863114693 -0.027581932647497559 0
3085 -0.008269082986464376 -0.027861284478877948 0
3086 -0.0073718363448700601 -0.028112006957071792 0
3087 -0.006467014643105392 -0.028333842447784249 0
3088 -0.0055555476466336408 -0.028526563000052834 0
3089 -0.0046383719494075704 -0.028689970580482456 0
3090 -0.0037164300114559466 -0.028823897276738088 0
3091 -0.0027906691904419955 -0.028928205470086073 0
3092 -0.0018620407681894673 -0.029002787976806648 0
3093 -0.00093149897317623004 -0.029047568158332489 0
3094 -5.3386946400329922e-18 -0.029062499999999998 0
3095 0.0009314989731762193 -0.029047568158332489 0
3096 0.0018620407681894564 -0.029002787976806648 0
3097 0.0027906691904419846 -0.028928205470086073 0
3098 0.0037164300114559358 -0.028823897276738088 0
3099 0.0046383719494075592 -0.028689970580482459 0
3100 0.0055555476466336304 -0.028526563000052834 0
3101 0.0064670146431053815 -0.028333842447784249 0
3102 0.0073718363448700489 -0.028112006957071792 0
3103 0.0082690829864643673 -0.027861284478877951 0
3104 0.0091578325863114606 -0.027581932647497562 0
3105 0.010037171894119259 -0.027274238515821159 0
3106 0.010906197329306812 -0.026938518260368756 0
3107 0.011764015909494567 -0.02657511685639705 0
3108 0.012609746168104027 -0.026184407723414058 0
3109 0.013442519060124265 -0.025766792341465318 0
3110 0.014261478855114432 -0.02532269983858601 0
3111 0.015065784016524617 -0.024852586549842879 0
3112 0.01585460806643155 -0.024356935548419129 0
3113 0.016627140434800555 -0.023836256149224029 0
3114 0.017382587292400959 -0.023291083385537491 0
3115 0.018120172366519437 -0.022721977459227119 0
3116 0.018839137738632595 -0.022129523165102975 0
3117 0.019538744623219508 -0.021514329290001365 0
3118 0.020218274126913807 -0.020877027987215219 0
3119 0.020877027987215191 -0.020218274126913838 0
3120 0.021514329290001338 -0.019538744623219539 0
3121 0.022129523165102947 -0.018839137738632623 0
3122 0.022721977459227095 -0.018120172366519468 0
3123 0.023291083385537467 -0.017382587292400994 0
3124 0.023836256149224036 -0.016627140434800545 0
3125 0.024356935548419122 -0.015854608066431561 0
3126 0.024852586549842872 -0.015065784016524629 0
3127 0.025322699838586003 -0.014261478855114442 0
3128 0.025766792341465311 -0.013442519060124277 0
3129 0.026184407723414051 -0.012609746168104039 0
3130 0.026575116856397046 -0.01176401590949458 0
3131 0.026938518260368752 -0.010906197329306823 0
3132 0.027274238515821156 -0.010037171894119269 0
3133 0.027581932647497549 -0.0091578325863114953 0
3134 0.027861284478877948 -0.0082690829864643794 0
3135 0.028112006957071788 -0.0073718363448700619 0
3136 0.028333842447784245 -0.0064670146431053937 0
3137 0.028526563000052834 -0.0055555476466336426 0
3138 0.028689970580482452 -0.0046383719494075973 0
3139 0.028823897276738085 -0.0037164300114559739 0
3140 0.028928205470086069 -0.0027906691904420228 0
3141 0.029002787976806648 -0.0018620407681894946 0
3142 0.029047568158332485 -0.00093149897317625757 0
3143 0.029999999999999999 0 0
3144 0.029985631075980106 0.00092840130074013671 0
3145 0.029942538068318932 0.0018559132596302533 0
3146 0.029870762257026669 0.0027816473867460275 0
3147 0.029770372398181907 0.0037047168951984499 0
3148 0.029641464658068255 0.0046242375506120505 0
3149 0.02948416252105393 0.0055393285181580066 0
3150 0.0292986166713026 0.0064491132063307218 0
3151 0.029085004848428742 0.0073527201066596066 0
3152 0.02884353167723587 0.0082492836285516843 0
3153 0.028574428471700629 0.0091379449284652824 0
3154 0.028277953013390613 0.01001785273262054 0
3155 0.027954389304528093 0.010888164152458635 0
3156 0.027604047295936292 0.011748045492068546 0
3157 0.027227262590128708 0.012596673046807937 0
3158 0.026824396119825979 0.013433233892353128 0
3159 0.026395833802208234 0.014256926663422277 0
3160 0.025941986169234113 0.015066962321425839 0
3161 0.025463287974380612 0.015862564910308918 0
3162 0.024960197776180405 0.016642972299861544 0
3163 0.02443319749895571 0.017407436915784714 0
3164 0.023882791971169312 0.018155226455812957 0
3165 0.023309508441835144 0.018885624591207358 0
3166 0.022713896075451524 0.01959793165294715 0
3167 0.022096525425940979 0.020291465301962391 0
3168 0.021457987890100508 0.020965561182765893 0
3169 0.02079889514108586 0.021619573559858087 0
3170 0.020119878542472554 0.022252875936295345 0
3171 0.01942158854345483 0.022864861653829092 0
3172 0.018704694055762007 0.023454944474040892 0
3173 0.017969881812889013 0.02402255913991681 0
3174 0.017217855712254967 0.024567161917323072 0
3175 0.016449336140919923 0.025088231115864376 0
3176 0.015665059285505784 0.025585267588625858 0
3177 0.014865776426982275 0.026057795210320041 0
3178 0.014052253220993705 0.026505361333380686 0
3179 0.013225268964415747 0.026927537221566728 0
3180 0.012385615848844973 0.027323918460660804 0
3181 0.011534098201736086 0.02769412534586908 0
3182 0.010671531715913958 0.028037803245551218 0
3183 0.0097987426681983691 0.028354622940932026 0
3184 0.0089165671278901328 0.028644280941469435 0
3185 0.0080258501558766217 0.028906499775576688 0
3186 0.0071274449951241377 0.029141028256420187 0
3187 0.0062222122533322592 0.029347641722538488 0
3188 0.0053110190785334499 0.029526142253051849 0
3189 0.0043947383284274775 0.029676358857256231 0
3190 0.0034742477342462673 0.029798147638420154 0
3191 0.0025504290599504195 0.029891391931627414 0
3192 0.0016241672575625283 0.029956002415533714 0
3193 0.00069634961944666949 0.02999191719793012 0
3194 -0.00023213507165405651 0.029999101875031325 0
3195 -0.001160397394007666 0.029977549564432049 0
3196 -0.0020875481388954367 0.029927280911699848 0
3197 -0.0030126991624101641 0.029848344070598172 0
3198 -0.0039349642362342743 0.029740814656958492 0
3199 -0.0048534598965829416 0.029604795676245785 0
3200 -0.0057673062904991038 0.02944041742488665 0
3201 -0.0066756280186894296 0.029247837365454707 0
3202 -0.0075775549740940435 0.029027239975832744 0
3203 -0.0084722231753867078 0.028778836572496122 0
3204 -0.0093587755946069294 0.028502865108086761 0
3205 -0.010236362978131268 0.028199589943471583 0
3206 -0.011104144660197433 0.02786930159450374 0
3207 -0.011961289368201702 0.027512316453729316 0
3208 -0.012806976018998535 0.0271289764873059 0
3209 -0.013640394505439263 0.026719648907423583 0
3210 -0.01446074647239665 0.026284725820542008 0
3211 -0.015267246081531871 0.025824623851780488 0
3212 -0.016059120764071174 0.02533978374582108 0
3213 -0.016835611960871466 0.024830669944706715 0
3214 -0.017595975849065491 0.024297770142939122 0
3215 -0.018339484054590776 0.023741594820302418 0
3216 -0.019065424349919754 0.023162676752860125 0
3217 -0.019773101336322679 0.022561570502593879 0
3218 -0.020461837110009654 0.021938851886172887 0
3219 -0.021130971911513891 0.021295117423362826 0
3220 -0.021779864757693924 0.020630983765602698 0
3221 -0.022407894055749496 0.019947087105297009 0
3222 -0.023014458198662897 0.019244082566389029 0
3223 -0.023598976141495247 0.018522643576799131 0
3224 -0.024160887957985978 0.017783461223329054 0
3225 -0.024699655376921939 0.017027243589650413 0
3226 -0.025214762297762688 0.016254715078011222 0
3227 -0.025705715285027676 0.015466615715310649 0
3228 -0.026172044040972165 0.01466370044420621 0
3229 -0.02661330185609866 0.013846738399932876 0
3230 -0.027029066037072572 0.013016512173526746 0
3231 -0.027418938311632127 0.012173817062158936 0
3232 -0.027782545210104627 0.011319460307297885 0
3233 -0.02811953842316358 0.010454260321430067 0
3234 -0.02842959513548407 0.0095790459040794064 0
3235 -0.028712418334976696 0.0086946554478768145 0
3236 -0.028967737097303811 0.0078019361354402595 0
3237 -0.029195306845405646 0.0069017431278344653 0
3238 -0.029394909583787539 0.005994938745388108 0
3239 -0.029566354107344026 0.0050823916416526706 0
3240 -0.02970947618451961 0.004164975971294671 0
3241 -0.029824138714630785 0.0032435705527182573 0
3242 -0.02991023185919868 0.0023190580262201668 0
3243 -0.029967673147166432 0.001392324008483644 0
3244 -0.029996407553900543 0.0004642562442211899 0
3245 -0.029996407553900543 -0.00046425624422118258 0
3246 -0.029967673147166432 -0.0013923240084836367 0
3247 -0.02991023185919868 -0.0023190580262201729 0
3248 -0.029824138714630785 -0.0032435705527182504 0
3249 -0.029709476184519613 -0.0041649759712946641 0
3250 -0.029566354107344029 -0.0050823916416526498 0
3251 -0.029394909583787539 -0.0059949387453881002 0
3252 -0.029195306845405646 -0.0069017431278344593 0
3253 -0.028967737097303811 -0.0078019361354402525 0
3254 -0.028712418334976696 -0.0086946554478768093 0
3255 -0.028429595135484074 -0.0095790459040793977 0
3256 -0.02811953842316358 -0.01045426032143006 0
3257 -0.02778254521010463 -0.011319460307297878 0
3258 -0.02741893831163213 -0.012173817062158929 0
3259 -0.027029066037072575 -0.013016512173526739 0
3260 -0.026613301856098663 -0.013846738399932871 0
3261 -0.026172044040972172 -0.014663700444206191 0
3262 -0.025705715285027679 -0.015466615715310642 0
3263 -0.025214762297762691 -0.016254715078011215 0
3264 -0.024699655376921942 -0.017027243589650406 0
3265 -0.024160887957985981 -0.01778346122332905 0
3266 -0.02359897614149525 -0.018522643576799124 0
3267 -0.023014458198662904 -0.019244082566389022 0
3268 -0.02240789405574951 -0.019947087105296996 0
3269 -0.021779864757693921 -0.020630983765602701 0
3270 -0.021130971911513897 -0.021295117423362819 0
3271 -0.020461837110009661 -0.02193885188617288 0
3272 -0.019773101336322686 -0.022561570502593872 0
3273 -0.019065424349919761 -0.023162676752860118 0
3274 -0.018339484054590783 -0.023741594820302414 0
3275 -0.017595975849065488 -0.024297770142939126 0
3276 -0.016835611960871473 -0.024830669944706712 0
3277 -0.016059120764071188 -0.025339783745821066 0
3278 -0.015267246081531868 -0.025824623851780491 0
3279 -0.014460746472396644 -0.026284725820542011 0
3280 -0.013640394505439258 -0.026719648907423586 0
3281 -0.012806976018998542 -0.027128976487305896 0
3282 -0.011961289368201719 -0.027512316453729306 0
3283 -0.011104144660197433 -0.02786930159450374 0
3284 -0.010236362978131287 -0.028199589943471576 0
3285 -0.0093587755946069294 -0.028502865108086761 0
3286 -0.0084722231753867217 -0.028778836572496119 0
3287 -0.0075775549740940435 -0.029027239975832744 0
3288 -0.0066756280186894374 -0.029247837365454707 0
3289 -0.0057673062904991237 -0.029440417424886643 0
3290 -0.0048534598965829425 -0.029604795676245785 0
3291 -0.0039349642362342813 -0.029740814656958492 0
3292 -0.0030126991624101649 -0.029848344070598172 0
3293 -0.0020875481388954445 -0.029927280911699848 0
3294 -0.0011603973940076799 -0.029977549564432049 0
3295 -0.00023213507165406385 -0.029999101875031325 0
3296 0.00069634961944668207 -0.02999191719793012 0
3297 0.0016241672575625274 -0.029956002415533714 0
3298 0.0025504290599504052 -0.029891391931627414 0
3299 0.0034742477342462469 -0.029798147638420158 0
3300 0.0043947383284274706 -0.029676358857256231 0
3301 0.0053110190785334629 -0.029526142253051845 0
3302 0.0062222122533322514 -0.029347641722538488 0
3303 0.007127444995124123 -0.02914102825642019 0
3304 0.0080258501558766286 -0.028906499775576685 0
3305 0.0089165671278901206 -0.028644280941469438 0
3306 0.00979874266819835 -0.028354622940932033 0
3307 0.010671531715913927 -0.028037803245551232 0
3308 0.011534098201736074 -0.027694125345869087 0
3309 0.012385615848844973 -0.027323918460660804 0
3310 0.013225268964415763 -0.026927537221566721 0
3311 0.014052253220993708 -0.026505361333380682 0
3312 0.014865776426982273 -0.026057795210320041 0
3313 0.015665059285505774 -0.025585267588625865 0
3314 0.016449336140919923 -0.025088231115864376 0
3315 0.017217855712254954 -0.024567161917323076 0
3316 0.017969881812888996 -0.02402255913991682 0
3317 0.018704694055762 -0.023454944474040895 0
3318 0.019421588543454816 -0.022864861653829102 0
3319 0.020119878542472533 -0.022252875936295366 0
3320 0.02079889514108587 -0.021619573559858076 0
3321 0.021457987890100508 -0.02096556118276589 0
3322 0.022096525425940972 -0.020291465301962401 0
3323 0.022713896075451528 -0.019597931652947147 0
3324 0.023309508441835141 -0.018885624591207361 0
3325 0.023882791971169302 -0.018155226455812967 0
3326 0.02443319749895571 -0.017407436915784717 0
3327 0.024960197776180401 -0.016642972299861555 0
3328 0.025463287974380598 -0.015862564910308935 0
3329 0.025941986169234099 -0.015066962321425865 0
3330 0.026395833802208241 -0.01425692666342227 0
3331 0.026824396119825979 -0.013433233892353132 0
3332 0.027227262590128715 -0.012596673046807925 0
3333 0.027604047295936296 -0.011748045492068543 0
3334 0.02795438930452809 -0.010888164152458643 0
3335 0.028277953013390603 -0.010017852732620559 0
3336 0.028574428471700629 -0.0091379449284652841 0
3337 0.028843531677235867 -0.0082492836285516964 0
3338 0.029085004848428735 -0.0073527201066596309 0
3339 0.0292986166713026 -0.0064491132063307314 0
3340 0.029484162521053927 -0.0055393285181580283 0
3341 0.029641464658068255 -0.0046242375506120566 0
3342 0.029770372398181907 -0.0037047168951984395 0
3343 0.029870762257026669 -0.0027816473867460284 0
3344 0.029942538068318932 -0.0018559132596302653 0
3345 0.029985631075980106 -0.00092840130074013313 0
3346 0.03091897233201581 0 0
3347 0.030901888268204957 0.0010276923310679257 0
3348 0.030850654956134451 0.0020542489735901033 0
3349 0.030765329013027084 0.00307853549405445 0
3350 0.030646004731399515 0.0040994199676292926 0
3351 0.030492813974860894 0.0051157742290378052 0
3352 0.030305926032392228 0.0061264751192778161 0
3353 0.030085547431267477 0.0071304057268092415 0
3354 0.029831921708823112 0.0081264566218375509 0
3355 0.0295453291433284 0.0091135270823292421 0
3356 0.029226086444253764 0.010090526310404505 0
3357 0.028874546402279534 0.011056374637762829 0
3358 0.028491097499431871 0.012010004718809484 0
3359 0.028076163479776661 0.012950362710164314 0
3360 0.027630202881145819 0.013876409435249468 0
3361 0.027153708528413489 0.014787121532669019 0
3362 0.026647206988882115 0.015681492587111451 0
3363 0.026111257990380211 0.016558534241525268 0
3364 0.025546453802714902 0.017417277289338669 0
3365 0.024953418583162766 0.018256772745516289 0
3366 0.024332807686722288 0.019076092895269403 0
3367 0.023685306941890139 0.019874332319260685 0
3368 0.023011631892761612 0.020650608894170547 0
3369 0.022312527008292747 0.021404064767519413 0
3370 0.021588764859598042 0.022133867305668568 0
3371 0.020841145266192802 0.022839210013952071 0
3372 0.020070494412123694 0.023519313427922822 0
3373 0.019277663932964203 0.024173425974727918 0
3374 0.018463529974683972 0.024800824803661383 0
3375 0.017628992225432044 0.02540081658497647 0
3376 0.016774972921303966 0.025972738276074742 0
3377 0.015902415827191447 0.02651595785422526 0
3378 0.015012285193840871 0.027029875015004146 0
3379 0.014105564692273189 0.027513921835682662 0
3380 0.013183256326742689 0.027967563402830749 0
3381 0.012246379327435988 0.028390298403442465 0
3382 0.011295969024134881 0.02878165967892999 0
3383 0.010333075702087786 0.029141214741374152 0
3384 0.0093587634413540392 0.029468566251460798 0
3385 0.0083741089409037853 0.029763352457574978 0
3386 0.0073802003287729082 0.030025247595567624 0
3387 0.0063781359595877739 0.030253962248753014 0
3388 0.0053690232007887872 0.030449243667739118 0
3389 0.0043539772088940082 0.030610876049737463 0
3390 0.0033341196971551045 0.030738680777043791 0
3391 0.0023105776959676011 0.030832516614426014 0
3392 0.0012844823074052755 0.030892279865201308 0
3393 0.00025696745525481413 0.030917904485829876 0
3394 -0.00077083136806749156 0.030909362158898755 0
3395 -0.0017977783563327865 0.030866662324415001 0
3396 -0.002822738644663347 0.03078985216937365 0
3397 -0.0038445795636559395 0.030679016575612041 0
3398 -0.0048621718910791881 0.030534278026008058 0
3399 -0.0058743910997613195 0.030355796469126027 0
3400 -0.0068801186002896003 0.030143769142459743 0
3401 -0.0078782429771479673 0.029898430354468077 0
3402 -0.0088676612169268903 0.029620051225643922 0
3403 -0.0098472799272482231 0.029308939388902722 0
3404 -0.010816016545057957 0.028965438649621582 0
3405 -0.011772800532951606 0.02858992860570473 0
3406 -0.012716574562210307 0.028182824228095114 0
3407 -0.013646295681240086 0.027744575402195784 0
3408 -0.0145609364681232 0.027275666430707779 0
3409 -0.015459486166007912 0.026776615498433874 0
3410 -0.01634095180008175 0.026247974099639845 0
3411 -0.017204359274894353 0.025690326428605685 0
3412 -0.018048754450816776 0.025104288734040657 0
3413 -0.018873204198447905 0.024490508638075437 0
3414 -0.019676797429802939 0.023849664420583779 0
3415 -0.020458646105144005 0.023182464269624902 0
3416 -0.021217886214340585 0.022489645498834681 0
3417 -0.021953678731675145 0.021771973732630526 0
3418 -0.0226652105430388 0.021030242060130499 0
3419 -0.02335169534449244 0.020265270158721527 0
3420 -0.024012374511200349 0.019477903388245229 0
3421 -0.024646517935775932 0.018669011856802555 0
3422 -0.025253424835113312 0.017839489459209344 0
3423 -0.025832424524813019 0.016990252889165541 0
3424 -0.026382877160345996 0.016122240626229738 0
3425 -0.026904174444136935 0.015236411898718423 0
3426 -0.027395740297785475 0.014333745623676043 0
3427 -0.027857031498682502 0.013415239325087348 0
3428 -0.028287538280317857 0.012481908031527517 0
3429 -0.028686784895616296 0.011534783154468055 0
3430 -0.029054330142678924 0.010574911348478438 0
3431 -0.029389767852349379 0.0096033533545824626 0
3432 -0.029692727337065648 0.0086211828280482218 0
3433 -0.029962873800501826 0.0076294851519064172 0
3434 -0.030199908707546831 0.0066293562375087456 0
3435 -0.030403570114211478 0.0056219013134513295 0
3436 -0.030573632957099084 0.004608233704202068 0
3437 -0.030709909302119958 0.0035894735997810847 0
3438 -0.030812248552174737 0.0025667468178542964 0
3439 -0.030880537613577154 0.001541183559607929 0
3440 -0.030914701021032311 0.00051391716077887678 0
3441 -0.030914701021032307 -0.00051391716077888285 0
3442 -0.030880537613577154 -0.0015411835596079214 0
3443 -0.030812248552174737 -0.0025667468178542747 0
3444 -0.030709909302119958 -0.0035894735997810639 0
3445 -0.030573632957099084 -0.004608233704202074 0
3446 -0.030403570114211478 -0.0056219013134513355 0
3447 -0.030199908707546838 -0.0066293562375087257 0
3448 -0.029962873800501829 -0.0076294851519064103 0
3449 -0.029692727337065655 -0.008621182828048201 0
3450 -0.029389767852349376 -0.0096033533545824695 0
3451 -0.029054330142678927 -0.010574911348478431 0
3452 -0.028686784895616293 -0.011534783154468061 0
3453 -0.028287538280317864 -0.012481908031527496 0
3454 -0.027857031498682506 -0.013415239325087341 0
3455 -0.027395740297785486 -0.014333745623676024 0
3456 -0.026904174444136932 -0.015236411898718428 0
3457 -0.026382877160345999 -0.016122240626229731 0
3458 -0.025832424524813026 -0.016990252889165534 0
3459 -0.025253424835113322 -0.017839489459209327 0
3460 -0.024646517935775936 -0.018669011856802548 0
3461 -0.024012374511200342 -0.019477903388245236 0
3462 -0.023351695344492447 -0.02026527015872152 0
3463 -0.022665210543038807 -0.021030242060130492 0
3464 -0.021953678731675152 -0.021771973732630519 0
3465 -0.021217886214340599 -0.022489645498834667 0
3466 -0.020458646105144012 -0.023182464269624899 0
3467 -0.019676797429802943 -0.023849664420583772 0
3468 -0.018873204198447908 -0.024490508638075434 0
3469 -0.018048754450816773 -0.02510428873404066 0
3470 -0.01720435927489438 -0.025690326428605668 0
3471 -0.016340951800081764 -0.026247974099639835 0
3472 -0.015459486166007893 -0.026776615498433885 0
3473 -0.014560936468123219 -0.027275666430707769 0
3474 -0.013646295681240093 -0.027744575402195781 0
3475 -0.012716574562210314 -0.028182824228095111 0
3476 -0.011772800532951632 -0.02858992860570472 0
3477 -0.01081601654505795 -0.028965438649621582 0
3478 -0.0098472799272482162 -0.029308939388902722 0
3479 -0.0088676612169269042 -0.029620051225643918 0
3480 -0.007878242977147976 -0.029898430354468073 0
3481 -0.0068801186002896081 -0.030143769142459743 0
3482 -0.0058743910997613204 -0.030355796469126027 0
3483 -0.004862171891079182 -0.030534278026008058 0
3484 -0.003844579563655933 -0.030679016575612041 0
3485 -0.0028227386446633617 -0.030789852169373647 0
3486 -0.0017977783563328078 -0.030866662324415001 0
3487 -0.00077083136806749904 -0.030909362158898755 0
3488 0.00025696745525481337 -0.030917904485829876 0
3489 0.0012844823074052679 -0.030892279865201308 0
3490 0.0023105776959676072 -0.030832516614426014 0
3491 0.0033341196971550767 -0.030738680777043795 0
3492 0.0043539772088939882 -0.030610876049737466 0
3493 0.0053690232007888002 -0.030449243667739118 0
3494 0.00637813595958776 -0.030253962248753017 0
3495 0.0073802003287729004 -0.030025247595567628 0
3496 0.0083741089409037836 -0.029763352457574978 0
3497 0.0093587634413540115 -0.029468566251460805 0
3498 0.010333075702087765 -0.029141214741374159 0
3499 0.011295969024134893 -0.028781659678929986 0
3500 0.012246379327435976 -0.028390298403442468 0
3501 0.013183256326742682 -0.027967563402830752 0
3502 0.014105564692273188 -0.027513921835682662 0
3503 0.015012285193840846 -0.027029875015004159 0
3504 0.015902415827191443 -0.02651595785422526 0
3505 0.016774972921303973 -0.025972738276074738 0
3506 0.017628992225432034 -0.025400816584976477 0
3507 0.018463529974683961 -0.02480082480366139 0
3508 0.019277663932964196 -0.024173425974727922 0
3509 0.02007049441212367 -0.02351931342792284 0
3510 0.020841145266192782 -0.022839210013952085 0
3511 0.021588764859598025 -0.022133867305668582 0
3512 0.022312527008292754 -0.02140406476751941 0
3513 0.023011631892761619 -0.020650608894170541 0
3514 0.023685306941890135 -0.019874332319260696 0
3515 0.024332807686722285 -0.01907609289526941 0
3516 0.024953418583162763 -0.018256772745516292 0
3517 0.025546453802714902 -0.017417277289338666 0
3518 0.0261112579903802 -0.016558534241525286 0
3519 0.026647206988882104 -0.015681492587111465 0
3520 0.027153708528413482 -0.014787121532669029 0
3521 0.027630202881145816 -0.013876409435249476 0
3522 0.02807616347977665 -0.012950362710164344 0
3523 0.028491097499431871 -0.012010004718809484 0
3524 0.028874546402279534 -0.011056374637762828 0
3525 0.029226086444253764 -0.010090526310404498 0
3526 0.029545329143328403 -0.0091135270823292317 0
3527 0.029831921708823109 -0.008126456621837563 0
3528 0.030085547431267477 -0.0071304057268092502 0
3529 0.030305926032392228 -0.0061264751192778204 0
3530 0.03049281397486089 -0.0051157742290378339 0
3531 0.030646004731399511 -0.0040994199676293161 0
3532 0.03076532901302708 -0.0030785354940544691 0
3533 0.030850654956134451 -0.0020542489735900912 0
3534 0.030901888268204961 -0.0010276923310679096 0
3535 0.031910547179550289 0 0
3536 0.031891108136402634 0.0011136620360677168 0
3537 0.031832814690439394 0.0022259672464909714 0
3538 0.031735737863245059 0.0033355604587083452 0
3539 0.031599995927980032 0.0044410898043104842 0
3540 0.031425754265282969 0.0055412083660835113 0
3541 0.031213225161780024 0.0066345758190201809 0
3542 0.030962667551446197 0.0077198600632994363 0
3543 0.030674386700134251 0.0087957388472448429 0
3544 0.030348733833655234 0.0098609013782845843 0
3545 0.02998610570986399 0.010914049919950304 0
3546 0.029586944135270764 0.011953901372969073 0
3547 0.029151735426768074 0.012979188838522226 0
3548 0.028681009819128477 0.01398866316176642 0
3549 0.02817534081899515 0.014981094453736373 0
3550 0.027635344506152421 0.015955273589775141 0
3551 0.02706167878292743 0.016910013682666262 0
3552 0.026455042572637501 0.017844151528672979 0
3553 0.02581617496805973 0.018756549024722832 0
3554 0.025145854330960282 0.01964609455501095 0
3555 0.024444897343780476 0.020511704345332667 0
3556 0.023714158014635056 0.021352323783495438 0
3557 0.022954526636834813 0.022166928704201356 0
3558 0.022166928704201359 0.02295452663683481 0
3559 0.021352323783495438 0.023714158014635049 0
3560 0.020511704345332671 0.024444897343780476 0
3561 0.019646094555010953 0.025145854330960282 0
3562 0.018756549024722832 0.02581617496805973 0
3563 0.017844151528672976 0.026455042572637505 0
3564 0.016910013682666262 0.02706167878292743 0
3565 0.015955273589775148 0.027635344506152418 0
3566 0.014981094453736375 0.028175340818995146 0
3567 0.013988663161766422 0.028681009819128477 0
3568 0.012979188838522228 0.029151735426768074 0
3569 0.011953901372969072 0.029586944135270764 0
3570 0.010914049919950307 0.029986105709863986 0
3571 0.009860901378284586 0.030348733833655234 0
3572 0.0087957388472448429 0.030674386700134251 0
3573 0.0077198600632994415 0.030962667551446197 0
3574 0.0066345758190201852 0.031213225161780021 0
3575 0.0055412083660835139 0.031425754265282969 0
3576 0.004441089804310492 0.031599995927980025 0
3577 0.0033355604587083452 0.031735737863245059 0
3578 0.0022259672464909762 0.031832814690439394 0
3579 0.0011136620360677205 0.031891108136402634 0
3580 1.953957473123843e-18 0.031910547179550289 0
3581 -0.0011136620360677094 0.031891108136402634 0
3582 -0.0022259672464909723 0.031832814690439394 0
3583 -0.0033355604587083408 0.031735737863245066 0
3584 -0.0044410898043104807 0.031599995927980032 0
3585 -0.0055412083660835105 0.031425754265282969 0
3586 -0.0066345758190201748 0.031213225161780024 0
3587 -0.007719860063299438 0.030962667551446197 0
3588 -0.0087957388472448376 0.030674386700134251 0
3589 -0.0098609013782845825 0.030348733833655238 0
3590 -0.010914049919950304 0.02998610570986399 0
3591 -0.011953901372969075 0.029586944135270764 0
3592 -0.012979188838522223 0.029151735426768077 0
3593 -0.013988663161766423 0.028681009819128474 0
3594 -0.014981094453736365 0.028175340818995153 0
3595 -0.015955273589775137 0.027635344506152421 0
3596 -0.016910013682666258 0.027061678782927433 0
3597 -0.017844151528672973 0.026455042572637505 0
3598 -0.018756549024722829 0.02581617496805973 0
3599 -0.019646094555010953 0.025145854330960282 0
3600 -0.020511704345332671 0.024444897343780476 0
3601 -0.021352323783495438 0.023714158014635056 0
3602 -0.022166928704201349 0.02295452663683482 0
3603 -0.022954526636834813 0.022166928704201352 0
3604 -0.023714158014635046 0.021352323783495442 0
3605 -0.024444897343780473 0.020511704345332674 0
3606 -0.025145854330960279 0.019646094555010957 0
3607 -0.025816174968059727 0.018756549024722836 0
3608 -0.026455042572637501 0.017844151528672979 0
3609 -0.02706167878292743 0.016910013682666262 0
3610 -0.027635344506152421 0.015955273589775141 0
3611 -0.028175340818995143 0.014981094453736382 0
3612 -0.028681009819128477 0.013988663161766416 0
3613 -0.02915173542676807 0.012979188838522235 0
3614 -0.02958694413527076 0.01195390137296908 0
3615 -0.029986105709863986 0.010914049919950309 0
3616 -0.030348733833655234 0.0098609013782845895 0
3617 -0.030674386700134244 0.0087957388472448585 0
3618 -0.030962667551446197 0.0077198600632994363 0
3619 -0.031213225161780024 0.0066345758190201809 0
3620 -0.031425754265282969 0.0055412083660835096 0
3621 -0.031599995927980025 0.0044410898043104937 0
3622 -0.031735737863245059 0.0033355604587083539 0
3623 -0.031832814690439394 0.0022259672464909784 0
3624 -0.031891108136402634 0.0011136620360677084 0
3625 -0.031910547179550289 3.907914946247686e-18 0
3626 -0.031891108136402634 -0.0011136620360677146 0
3627 -0.031832814690439401 -0.0022259672464909563 0
3628 -0.031735737863245066 -0.0033355604587083322 0
3629 -0.031599995927980025 -0.0044410898043104868 0
3630 -0.031425754265282969 -0.0055412083660835157 0
3631 -0.031213225161780024 -0.0066345758190201731 0
3632 -0.030962667551446197 -0.0077198600632994293 0
3633 -0.030674386700134251 -0.0087957388472448359 0
3634 -0.030348733833655234 -0.0098609013782845964 0
3635 -0.02998610570986399 -0.010914049919950302 0
3636 -0.029586944135270764 -0.011953901372969073 0
3637 -0.029151735426768081 -0.012979188838522216 0
3638 -0.028681009819128481 -0.013988663161766409 0
3639 -0.028175340818995146 -0.014981094453736375 0
3640 -0.027635344506152418 -0.015955273589775148 0
3641 -0.027061678782927433 -0.016910013682666258 0
3642 -0.026455042572637508 -0.017844151528672973 0
3643 -0.025816174968059734 -0.018756549024722829 0
3644 -0.025145854330960289 -0.019646094555010939 0
3645 -0.024444897343780476 -0.020511704345332667 0
3646 -0.023714158014635056 -0.021352323783495438 0
3647 -0.02295452663683481 -0.022166928704201359 0
3648 -0.022166928704201366 -0.022954526636834803 0
3649 -0.021352323783495445 -0.023714158014635046 0
3650 -0.020511704345332674 -0.024444897343780473 0
3651 -0.019646094555010946 -0.025145854330960286 0
3652 -0.018756549024722836 -0.025816174968059727 0
3653 -0.01784415152867299 -0.026455042572637495 0
3654 -0.016910013682666265 -0.02706167878292743 0
3655 -0.015955273589775158 -0.027635344506152411 0
3656 -0.014981094453736372 -0.02817534081899515 0
3657 -0.01398866316176643 -0.02868100981912847 0
3658 -0.012979188838522225 -0.029151735426768077 0
3659 -0.011953901372969082 -0.02958694413527076 0
3660 -0.010914049919950325 -0.029986105709863983 0
3661 -0.0098609013782845912 -0.030348733833655234 0
3662 -0.0087957388472448324 -0.030674386700134254 0
3663 -0.007719860063299438 -0.030962667551446197 0
3664 -0.0066345758190201965 -0.031213225161780021 0
3665 -0.0055412083660835113 -0.031425754265282969 0
3666 -0.0044410898043104677 -0.031599995927980032 0
3667 -0.0033355604587083417 -0.031735737863245066 0
3668 -0.0022259672464909801 -0.031832814690439394 0
3669 -0.0011136620360677387 -0.031891108136402634 0
3670 -5.8618724193715291e-18 -0.031910547179550289 0
3671 0.0011136620360677268 -0.031891108136402634 0
3672 0.0022259672464909688 -0.031832814690439401 0
3673 0.00333556045870833 -0.031735737863245066 0
3674 0.004441089804310485 -0.031599995927980032 0
3675 0.0055412083660834992 -0.031425754265282976 0
3676 0.0066345758190201574 -0.031213225161780028 0
3677 0.0077198600632994276 -0.0309626675514462 0
3678 0.0087957388472448498 -0.030674386700134247 0
3679 0.009860901378284579 -0.030348733833655238 0
3680 0.010914049919950286 -0.029986105709863993 0
3681 0.011953901372969072 -0.029586944135270764 0
3682 0.012979188838522239 -0.02915173542676807 0
3683 0.01398866316176642 -0.028681009819128477 0
3684 0.014981094453736361 -0.028175340818995153 0
3685 0.015955273589775148 -0.027635344506152418 0
3686 0.016910013682666255 -0.027061678782927437 0
3687 0.017844151528672959 -0.026455042572637515 0
3688 0.018756549024722825 -0.025816174968059734 0
3689 0.019646094555010964 -0.025145854330960275 0
3690 0.020511704345332667 -0.02444489734378048 0
3691 0.021352323783495424 -0.023714158014635067 0
3692 0.022166928704201332 -0.022954526636834831 0
3693 0.022954526636834803 -0.022166928704201366 0
3694 0.023714158014635056 -0.021352323783495435 0
3695 0.02444489734378047 -0.020511704345332678 0
3696 0.025145854330960265 -0.019646094555010974 0
3697 0.025816174968059727 -0.018756549024722839 0
3698 0.026455042572637495 -0.017844151528672993 0
3699 0.027061678782927413 -0.01691001368266629 0
3700 0.027635344506152411 -0.015955273589775158 0
3701 0.028175340818995146 -0.014981094453736373 0
3702 0.028681009819128481 -0.013988663161766408 0
3703 0.029151735426768077 -0.012979188838522226 0
3704 0.02958694413527076 -0.011953901372969084 0
3705 0.02998610570986399 -0.0109140499199503 0
3706 0.030348733833655234 -0.0098609013782845929 0
3707 0.030674386700134244 -0.0087957388472448619 0
3708 0.030962667551446197 -0.0077198600632994406 0
3709 0.031213225161780021 -0.0066345758190201991 0
3710 0.031425754265282969 -0.0055412083660835408 0
3711 0.031599995927980025 -0.004441089804310498 0
3712 0.031735737863245059 -0.0033355604587083434 0
3713 0.031832814690439401 -0.0022259672464909541 0
3714 0.031891108136402634 -0.0011136620360677123 0
3715 0.032991338699456758 0 0
3716 0.032970076561689779 0.0011842637791418325 0
3717 0.032906317554279016 0.0023670010982722095 0
3718 0.032800143859570065 0.0035466874649144487 0
3719 0.032651692330434814 0.0047218023191253561 0
3720 0.032461154313874536 0.0058908309934250901 0
3721 0.032228775404382688 0.0070522666651319198 0
3722 0.031954855127385169 0.0082046122985854082 0
3723 0.031639746553166273 0.0093463825747545897 0
3724 0.03128385584177773 0.010476105805743968 0
3725 0.030887641719517654 0.011592325831729611 0
3726 0.030451614887653997 0.012693603897880325 0
3727 0.029976337364154788 0.013778520508844587 0
3728 0.029462421759273535 0.014845677258412921 0
3729 0.02891053048592359 0.0158936986319974 0
3730 0.028321374905859214 0.016921233779604878 0
3731 0.027695714412763923 0.017926958257018781 0
3732 0.02703435545342793 0.018909575732945064 0
3733 0.026338150488276372 0.019867819659921921 0
3734 0.025607996892588143 0.020800454906839638 0
3735 0.024844835799821566 0.021706279350966116 0
3736 0.024049650888537891 0.022584125427426275 0
3737 0.02322346711448614 0.023432861634137943 0
3738 0.022367349389483607 0.024251393990264571 0
3739 0.021482401208794886 0.025038667446304747 0
3740 0.020569763228778664 0.025793667244001159 0
3741 0.019630611796635587 0.02651542022431598 0
3742 0.018666157434152373 0.027202996081786859 0
3743 0.017677643277396449 0.027855508563646672 0
3744 0.016666343474372371 0.028472116612161424 0
3745 0.015633561542705253 0.029052025448713908 0
3746 0.014580628689468229 0.029594487598235741 0
3747 0.013508902095319459 0.030098803852667413 0
3748 0.012419763165160441 0.03056432417220438 0
3749 0.011314615747570443 0.030990448523167652 0
3750 0.010194884325312015 0.031376627651418826 0
3751 0.0090620121792401153 0.031722363790322707 0
3752 0.0079174595279812993 0.032027211302344941 0
3753 0.0067627016457810097 0.032290777253457741 0
3754 0.0055992269609447505 0.03251272191961329 0
3755 0.0044285351373244851 0.032692759224631919 0
3756 0.003252135141322767 0.032830657108940821 0
3757 0.0020715432969064295 0.032926237828687858 0
3758 0.00088828133113672144 0.032979378184844955 0
3759 -0.00029612558726498702 0.032990009682005855 0
3760 -0.0014801508137875031 0.032958118616673457 0
3761 -0.0026622681959024026 0.032883746094922936 0
3762 -0.0038409540402025155 0.032766987979418023 0
3763 -0.0050146890763706226 0.03260799476584849 0
3764 -0.0061819604154470902 0.032406971388948373 0
3765 -0.0073412634998722146 0.032164176958344774 0
3766 -0.0084911040427896999 0.031879924424577821 0
3767 -0.0096299999541118418 0.031554580175722179 0
3768 -0.01075648325086349 0.031188563565130188 0
3769 -0.011869101949342752 0.030782346370905211 0
3770 -0.012966421936659313 0.030336452187801944 0
3771 -0.014047028819238066 0.02985145575233758 0
3772 -0.01510952974590565 0.029327982201983578 0
3773 -0.016152555203209708 0.028766706269393028 0
3774 -0.017174760780656922 0.0281683514127022 0
3775 -0.018174828903594658 0.027533688883027155 0
3776 -0.019151470531502304 0.026863536730357605 0
3777 -0.020103426819503573 0.026158758749129089 0
3778 -0.021029470740958078 0.025420263364832815 0
3779 -0.021928408669040538 0.024649002463098191 0
3780 -0.022799081915269449 0.023845970162757201 0
3781 -0.023640368223001616 0.023012201534472289 0
3782 -0.024451183213967966 0.022148771266579197 0
3783 -0.02523048178598589 0.02125679227986451 0
3784 -0.025977259460046444 0.020337414293063433 0
3785 -0.02669055367504039 0.019391822340926627 0
3786 -0.027369445028453888 0.018421235246766539 0
3787 -0.02801305846143487 0.017426904051451753 0
3788 -0.028620564386702553 0.016410110400874416 0
3789 -0.029191179757846179 0.01537216489396938 0
3790 -0.029724169078634823 0.014314405393414099 0
3791 -0.03021884535103727 0.01323819530118688 0
3792 -0.030674570960729976 0.012144921801206231 0
3793 -0.031090758498951779 0.011035994071316403 0
3794 -0.031466871519646021 0.009912841466923757 0
3795 -0.031802425230914144 0.0087769116786252533 0
3796 -0.032096987119889543 0.0076296688662036878 0
3797 -0.032350177510226168 0.006472591771394998 0
3798 -0.032561670051483395 0.0053071718118601133 0
3799 -0.032731192139776315 0.0041349111588180783 0
3800 -0.032858525269149251 0.0029573208008184084 0
3801 -0.032943505313219601 0.0017759185961482551 0
3802 -0.032986022736728973 0.00059222731638488072 0
3803 -0.032986022736728973 -0.00059222731638485795 0
3804 -0.032943505313219601 -0.0017759185961482471 0
3805 -0.032858525269149251 -0.0029573208008184001 0
3806 -0.032731192139776315 -0.0041349111588180843 0
3807 -0.032561670051483395 -0.0053071718118601055 0
3808 -0.032350177510226175 -0.0064725917713949754 0
3809 -0.032096987119889543 -0.00762966886620368 0
3810 -0.031802425230914151 -0.0087769116786252464 0
3811 -0.031466871519646021 -0.0099128414669237622 0
3812 -0.031090758498951782 -0.011035994071316396 0
3813 -0.030674570960729983 -0.012144921801206209 0
3814 -0.03021884535103727 -0.013238195301186872 0
3815 -0.029724169078634826 -0.014314405393414092 0
3816 -0.029191179757846176 -0.015372164893969385 0
3817 -0.028620564386702557 -0.016410110400874409 0
3818 -0.02801305846143488 -0.017426904051451732 0
3819 -0.027369445028453884 -0.018421235246766542 0
3820 -0.026690553675040397 -0.01939182234092662 0
3821 -0.025977259460046448 -0.020337414293063426 0
3822 -0.025230481785985893 -0.021256792279864503 0
3823 -0.024451183213967984 -0.02214877126657918 0
3824 -0.023640368223001619 -0.023012201534472282 0
3825 -0.022799081915269442 -0.023845970162757208 0
3826 -0.021928408669040545 -0.024649002463098188 0
3827 -0.021029470740958067 -0.025420263364832819 0
3828 -0.020103426819503591 -0.026158758749129075 0
3829 -0.019151470531502308 -0.026863536730357598 0
3830 -0.018174828903594665 -0.027533688883027152 0
3831 -0.017174760780656929 -0.028168351412702193 0
3832 -0.016152555203209702 -0.028766706269393032 0
3833 -0.015109529745905671 -0.029327982201983564 0
3834 -0.014047028819238073 -0.029851455752337577 0
3835 -0.012966421936659313 -0.030336452187801944 0
3836 -0.011869101949342759 -0.030782346370905211 0
3837 -0.010756483250863485 -0.031188563565130192 0
3838 -0.0096299999541118557 -0.031554580175722172 0
3839 -0.0084911040427897155 -0.031879924424577814 0
3840 -0.0073412634998722233 -0.032164176958344774 0
3841 -0.006181960415447098 -0.032406971388948373 0
3842 -0.0050146890763706148 -0.03260799476584849 0
3843 -0.0038409540402025311 -0.032766987979418016 0
3844 -0.0026622681959024177 -0.032883746094922936 0
3845 -0.0014801508137875111 -0.03295811861667345 0
3846 -0.0002961255872649951 -0.032990009682005855 0
3847 0.00088828133113672068 -0.032979378184844955 0
3848 0.0020715432969064139 -0.032926237828687858 0
3849 0.0032521351413227519 -0.032830657108940828 0
3850 0.0044285351373244772 -0.032692759224631926 0
3851 0.0055992269609447497 -0.03251272191961329 0
3852 0.0067627016457810088 -0.032290777253457741 0
3853 0.0079174595279812854 -0.032027211302344941 0
3854 0.0090620121792400997 -0.031722363790322707 0
3855 0.010194884325312008 -0.031376627651418833 0
3856 0.011314615747570414 -0.030990448523167662 0
3857 0.012419763165160446 -0.03056432417220438 0
3858 0.013508902095319466 -0.030098803852667409 0
3859 0.014580628689468215 -0.029594487598235748 0
3860 0.015633561542705246 -0.029052025448713912 0
3861 0.016666343474372371 -0.028472116612161424 0
3862 0.01767764327739646 -0.027855508563646669 0
3863 0.018666157434152383 -0.027202996081786855 0
3864 0.019630611796635576 -0.026515420224315987 0
3865 0.020569763228778657 -0.025793667244001162 0
3866 0.021482401208794886 -0.025038667446304747 0
3867 0.022367349389483589 -0.024251393990264589 0
3868 0.023223467114486144 -0.023432861634137939 0
3869 0.024049650888537877 -0.022584125427426282 0
3870 0.024844835799821559 -0.021706279350966123 0
3871 0.025607996892588143 -0.020800454906839641 0
3872 0.026338150488276358 -0.019867819659921945 0
3873 0.027034355453427937 -0.018909575732945053 0
3874 0.027695714412763917 -0.017926958257018795 0
3875 0.02832137490585921 -0.016921233779604885 0
3876 0.02891053048592359 -0.0158936986319974 0
3877 0.029462421759273522 -0.014845677258412944 0
3878 0.029976337364154775 -0.013778520508844604 0
3879 0.03045161488765399 -0.012693603897880341 0
3880 0.030887641719517644 -0.011592325831729646 0
3881 0.03128385584177773 -0.010476105805743969 0
3882 0.031639746553166273 -0.0093463825747545862 0
3883 0.031954855127385169 -0.0082046122985853977 0
3884 0.032228775404382681 -0.0070522666651319336 0
3885 0.032461154313874536 -0.0058908309934250979 0
3886 0.032651692330434814 -0.0047218023191253579 0
3887 0.032800143859570065 -0.0035466874649144739 0
3888 0.032906317554279016 -0.002367001098272229 0
3889 0.032970076561689779 -0.0011842637791418464 0
3890 0.034151001275622726 0 0
3891 0.034127950152039177 0.0012545543222651178 0
3892 0.034058827899222335 0.0025074150551393183 0
3893 0.033943727828965854 0.0037568908954977889 0
3894 0.033782805320956698 0.0050012951096615778 0
3895 0.03357627761301988 0.0062389478104088103 0
3896 0.033324423507857595 0.0074681782247435101 0
3897 0.033027582996678663 0.0086873269493606426 0
3898 0.032686156800226372 0.0098947481907626141 0
3899 0.03230060582782434 0.011088811987003167 0
3900 0.031871450555170523 0.012267906408059422 0
3901 0.031399270321719526 0.013430439731861671 0
3902 0.030884702548601518 0.014574842593043402 0
3903 0.030328441878133695 0.015699570101510785 0
3904 0.029731239236085776 0.016803103927971727 0
3905 0.029093900817965465 0.017883954353609087 0
3906 0.028417287000692452 0.018940662281131063 0
3907 0.027702311181129931 0.019971801204484003 0
3908 0.026949938543041806 0.020975979134568539 0
3909 0.026161184754139918 0.021951840478359484 0
3910 0.025337114594980382 0.022898067868892719 0
3911 0.024478840521559846 0.023813383943648684 0
3912 0.023587521163552162 0.024696553068931787 0
3913 0.022664359760212777 0.025546383007917828 0
3914 0.02171060253606228 0.026361726530117698 0
3915 0.020727537018541811 0.027141482960084624 0
3916 0.019716490299911547 0.027884599663274331 0
3917 0.018678827245738504 0.028590073467052196 0
3918 0.017615948652392108 0.0292569520149292 0
3919 0.016529289356034951 0.029884335052198414 0
3920 0.015420316295661398 0.030471375641236555 0
3921 0.014290526532798803 0.03101728130483003 0
3922 0.013141445230544847 0.031521315095981883 0
3923 0.011974623594668991 0.031982796592755637 0
3924 0.010791636779557568 0.032401102816812972 0
3925 0.0095940817618293938 0.032775669074405142 0
3926 0.0083835751844923007 0.033105989718683081 0
3927 0.0071617511745511089 0.03339161883229684 0
3928 0.0059302591370129021 0.033632170829363067 0
3929 0.0046907615282677801 0.033827320975987854 0
3930 0.0034449316118508331 0.033976805828642216 0
3931 0.0021944511996150008 0.034080423589798486 0
3932 0.00094100838136404778 0.034138034380347494 0
3933 -0.00031370475398928127 0.034149560428428795 0
3934 -0.0015679944026638615 0.034114986174419007 0
3935 -0.0028201673325657091 0.034034358291936607 0
3936 -0.0040685331690716873 0.033907785624834728 0
3937 -0.0053114066769558987 0.033735439040267039 0
3938 -0.0065471100353780287 0.033517551198025151 0
3939 -0.0077739751028626418 0.033254416236458834 0
3940 -0.0089903456692118425 0.032946389375403021 0
3941 -0.010194579691311146 0.032593886436647769 0
3942 -0.011385051509810619 0.032197383282598357 0
3943 -0.012560154043688543 0.031757415173883398 0
3944 -0.013718300959735365 0.031274576046778135 0
3945 -0.014857928814028965 0.030749517711418387 0
3946 -0.015977499162510421 0.030182948971887485 0
3947 -0.017075500637811356 0.029575634669364054 0
3948 -0.018150450989528756 0.028928394649622362 0
3949 -0.019200899085193374 0.028242102656279071 0
3950 -0.020225426869230477 0.027517685151280349 0
3951 -0.021222651277268152 0.026756120064221824 0
3952 -0.022191226103209269 0.025958435472189553 0
3953 -0.023129843816546453 0.025125708211904255 0
3954 -0.024037237327466814 0.02425906242604238 0
3955 -0.024912181697363721 0.023359668045696221 0
3956 -0.025753495792446311 0.022428739211021991 0
3957 -0.026560043878214621 0.021467532632207624 0
3958 -0.02733073715264784 0.020477345892973047 0
3959 -0.028064535216035802 0.019459515698893211 0
3960 -0.028760447475469821 0.018415416072908228 0
3961 -0.029417534482096486 0.017346456500457068 0
3962 -0.03003490919932951 0.016254080026738414 0
3963 -0.030611738200307437 0.015139761308667432 0
3964 -0.03114724279298076 0.014005004624158221 0
3965 -0.031640700071309584 0.01285134184141932 0
3966 -0.032091443891152815 0.011680330351003585 0
3967 -0.032498865769531489 0.010493550963404125 0
3968 -0.032862415706052139 0.0092926057750344036 0
3969 -0.033181602925381547 0.0080791160054733604 0
3970 -0.033455996539770348 0.006854719808895144 0
3971 -0.033685226130731265 0.0056210700626379475 0
3972 -0.033868982249086653 0.004379832135897278 0
3973 -0.034007016832710346 0.0031326816415556918 0
3974 -0.034099143541399896 0.0018813021741843643 0
3975 -0.034145238008427059 0.00062738303726921378 0
3976 -0.034145238008427059 -0.00062738303726920543 0
3977 -0.034099143541399896 -0.001881302174184356 0
3978 -0.034007016832710346 -0.0031326816415556832 0
3979 -0.033868982249086653 -0.0043798321358972546 0
3980 -0.033685226130731272 -0.0056210700626379397 0
3981 -0.033455996539770348 -0.0068547198088951353 0
3982 -0.033181602925381547 -0.0080791160054733517 0
3983 -0.032862415706052146 -0.0092926057750343811 0
3984 -0.032498865769531489 -0.010493550963404116 0
3985 -0.032091443891152822 -0.011680330351003578 0
3986 -0.031640700071309584 -0.012851341841419313 0
3987 -0.031147242792980763 -0.014005004624158214 0
3988 -0.030611738200307447 -0.015139761308667411 0
3989 -0.030034909199329513 -0.016254080026738407 0
3990 -0.029417534482096493 -0.017346456500457061 0
3991 -0.028760447475469828 -0.018415416072908222 0
3992 -0.028064535216035805 -0.019459515698893204 0
3993 -0.027330737152647843 -0.02047734589297304 0
3994 -0.026560043878214618 -0.021467532632207628 0
3995 -0.025753495792446315 -0.022428739211021984 0
3996 -0.024912181697363724 -0.023359668045696214 0
3997 -0.024037237327466821 -0.024259062426042376 0
3998 -0.02312984381654646 -0.025125708211904248 0
3999 -0.022191226103209283 -0.025958435472189536 0
4000 -0.021222651277268148 -0.026756120064221827 0
4001 -0.020225426869230494 -0.027517685151280339 0
4002 -0.019200899085193391 -0.02824210265627906 0
4003 -0.018150450989528763 -0.028928394649622356 0
4004 -0.017075500637811377 -0.02957563466936404 0
4005 -0.015977499162510414 -0.030182948971887488 0
4006 -0.014857928814028946 -0.030749517711418393 0
4007 -0.013718300959735386 -0.031274576046778128 0
4008 -0.012560154043688557 -0.031757415173883391 0
4009 -0.011385051509810626 -0.032197383282598351 0
4010 -0.010194579691311162 -0.032593886436647762 0
4011 -0.0089903456692118303 -0.032946389375403021 0
4012 -0.0077739751028626652 -0.033254416236458827 0
4013 -0.0065471100353780435 -0.033517551198025151 0
4014 -0.0053114066769559152 -0.033735439040267039 0
4015 -0.0040685331690717029 -0.033907785624834721 0
4016 -0.0028201673325656948 -0.034034358291936607 0
4017 -0.0015679944026638849 -0.034114986174419007 0
4018 -0.00031370475398929715 -0.034149560428428795 0
4019 0.00094100838136403195 -0.034138034380347494 0
4020 0.0021944511996149769 -0.034080423589798493 0
4021 0.0034449316118508474 -0.033976805828642216 0
4022 0.0046907615282677645 -0.033827320975987861 0
4023 0.0059302591370128874 -0.033632170829363067 0
4024 0.0071617511745510933 -0.03339161883229684 0
4025 0.008383575184492285 -0.033105989718683088 0
4026 0.0095940817618294059 -0.032775669074405142 0
4027 0.010791636779557559 -0.032401102816812972 0
4028 0.011974623594668977 -0.031982796592755644 0
4029 0.013141445230544831 -0.03152131509598189 0
4030 0.014290526532798787 -0.031017281304830037 0
4031 0.015420316295661384 -0.030471375641236562 0
4032 0.016529289356034944 -0.029884335052198417 0
4033 0.017615948652392098 -0.029256952014929206 0
4034 0.018678827245738491 -0.028590073467052207 0
4035 0.01971649029991154 -0.027884599663274338 0
4036 0.020727537018541801 -0.027141482960084631 0
4037 0.021710602536062266 -0.026361726530117705 0
4038 0.02266435976021277 -0.025546383007917839 0
4039 0.023587521163552151 -0.024696553068931797 0
4040 0.024478840521559832 -0.023813383943648691 0
4041 0.025337114594980375 -0.022898067868892726 0
4042 0.026161184754139911 -0.021951840478359498 0
4043 0.026949938543041799 -0.02097597913456855 0
4044 0.027702311181129927 -0.01997180120448401 0
4045 0.028417287000692446 -0.018940662281131074 0
4046 0.029093900817965462 -0.017883954353609094 0
4047 0.029731239236085765 -0.016803103927971737 0
4048 0.030328441878133692 -0.015699570101510792 0
4049 0.030884702548601511 -0.014574842593043411 0
4050 0.031399270321719519 -0.013430439731861681 0
4051 0.031871450555170523 -0.01226790640805943 0
4052 0.03230060582782434 -0.011088811987003176 0
4053 0.032686156800226372 -0.0098947481907626245 0
4054 0.033027582996678649 -0.0086873269493606808 0
4055 0.033324423507857588 -0.0074681782247435482 0
4056 0.033576277613019886 -0.0062389478104087895 0
4057 0.033782805320956705 -0.005001295109661557 0
4058 0.033943727828965854 -0.0037568908954977972 0
4059 0.034058827899222335 -0.0025074150551393265 0
4060 0.034127950152039177 -0.0012545543222651266 0
4061 0.035378142899659543 0 0
4062 0.035353981755807534 0.0013072754257458501 0
4063 0.035281531325467755 0.0026127652705071236 0
4064 0.03516089056721329 0.0039146863921880864 0
4065 0.034992224261808494 0.0052112605231394672 0
4066 0.034775762787138363 0.0065007166990581622 0
4067 0.034511801803539993 0.0077812936779114491 0
4068 0.034200701849966153 0.0090512423455817569 0
4069 0.033842887851532458 0.010308828104946152 0
4070 0.033438848539120727 0.011552333245127359 0
4071 0.032989135781831415 0.012780059287680208 0
4072 0.032494363833196822 0.013990329306508882 0
4073 0.031955208492184618 0.015181490218346257 0
4074 0.031372406180137757 0.016351915040666798 0
4075 0.030746752934911522 0.017500005113948988 0
4076 0.030079103323581526 0.018624192285251938 0
4077 0.029370369275207912 0.019722941050123684 0
4078 0.028621518835249951 0.020794750649915553 0
4079 0.027833574843332362 0.021838157121637961 0
4080 0.027007613536169442 0.022851735297557782 0
4081 0.026144763077555148 0.023834100751806014 0
4082 0.025246202017427086 0.024783911691337014 0
4083 0.024313157682109031 0.025699870788656383 0
4084 0.023346904497930809 0.026580726953814283 0
4085 0.022348762250515235 0.027425277043243813 0
4086 0.021320094282109701 0.028232367503110402 0
4087 0.020262305629424639 0.02900089594492759 0
4088 0.019176841104522412 0.029729812651287105 0
4089 0.018065183321377784 0.030418122009646564 0
4090 0.016928850670805625 0.031064883872216467 0
4091 0.015769395246521659 0.031669214840088965 0
4092 0.014588400725169141 0.032230289469854519 0
4093 0.013387480203207073 0.032747341401058339 0
4094 0.012168273993614481 0.033219664402956518 0
4095 0.01093244738542018 0.033646613339142324 0
4096 0.0096816883691182628 0.034027605048724943 0
4097 0.0084177053310761328 0.034362119142857056 0
4098 0.0071422247200842431 0.034649698715523466 0
4099 0.0058569886892346941 0.034889950967619716 0
4100 0.0045637527163496601 0.035082547743468431 0
4101 0.0032642832062098528 0.035227225979040516 0
4102 0.0019603550778580898 0.03532378806126895 0
4103 0.00065374934027332549 0.035372102097964479 0
4104 -0.00065374934027332115 0.035372102097964479 0
4105 -0.0019603550778580776 0.03532378806126895 0
4106 -0.003264283206209848 0.035227225979040523 0
4107 -0.0045637527163496479 0.035082547743468431 0
4108 -0.0058569886892346967 0.034889950967619716 0
4109 -0.0071422247200842457 0.034649698715523466 0
4110 -0.0084177053310761207 0.034362119142857056 0
4111 -0.0096816883691182593 0.034027605048724943 0
4112 -0.010932447385420176 0.033646613339142331 0
4113 -0.012168273993614484 0.033219664402956518 0
4114 -0.013387480203207069 0.032747341401058346 0
4115 -0.014588400725169129 0.032230289469854533 0
4116 -0.015769395246521652 0.031669214840088965 0
4117 -0.016928850670805622 0.031064883872216471 0
4118 -0.018065183321377777 0.030418122009646571 0
4119 -0.019176841104522412 0.029729812651287105 0
4120 -0.020262305629424639 0.02900089594492759 0
4121 -0.021320094282109698 0.028232367503110405 0
4122 -0.022348762250515228 0.02742527704324382 0
4123 -0.023346904497930799 0.02658072695381429 0
4124 -0.024313157682109024 0.025699870788656383 0
4125 -0.025246202017427083 0.024783911691337018 0
4126 -0.026144763077555144 0.023834100751806021 0
4127 -0.027007613536169442 0.022851735297557779 0
4128 -0.027833574843332362 0.021838157121637961 0
4129 -0.028621518835249948 0.020794750649915556 0
4130 -0.029370369275207905 0.019722941050123694 0
4131 -0.030079103323581519 0.018624192285251952 0
4132 -0.030746752934911522 0.017500005113948988 0
4133 -0.031372406180137757 0.016351915040666801 0
4134 -0.031955208492184618 0.015181490218346262 0
4135 -0.032494363833196822 0.013990329306508877 0
4136 -0.032989135781831415 0.012780059287680208 0
4137 -0.03343884853912072 0.011552333245127361 0
4138 -0.033842887851532458 0.010308828104946157 0
4139 -0.034200701849966153 0.0090512423455817656 0
4140 -0.034511801803539993 0.0077812936779114474 0
4141 -0.034775762787138363 0.0065007166990581639 0
4142 -0.034992224261808494 0.0052112605231394733 0
4143 -0.035160890567213283 0.0039146863921880959 0
4144 -0.035281531325467755 0.0026127652705071206 0
4145 -0.035353981755807534 0.001307275425745851 0
4146 -0.035378142899659543 4.332572946184572e-18 0
4147 -0.035353981755807534 -0.0013072754257458423 0
4148 -0.035281531325467755 -0.0026127652705071119 0
4149 -0.03516089056721329 -0.0039146863921880716 0
4150 -0.034992224261808494 -0.0052112605231394646 0
4151 -0.034775762787138363 -0.0065007166990581544 0
4152 -0.034511801803539993 -0.0077812936779114387 0
4153 -0.03420070184996616 -0.0090512423455817431 0
4154 -0.033842887851532465 -0.010308828104946134 0
4155 -0.03343884853912072 -0.011552333245127366 0
4156 -0.032989135781831408 -0.012780059287680213 0
4157 -0.032494363833196822 -0.013990329306508884 0
4158 -0.031955208492184618 -0.015181490218346255 0
4159 -0.031372406180137771 -0.016351915040666777 0
4160 -0.030746752934911518 -0.017500005113948992 0
4161 -0.030079103323581522 -0.018624192285251941 0
4162 -0.029370369275207912 -0.019722941050123684 0
4163 -0.028621518835249955 -0.020794750649915549 0
4164 -0.027833574843332369 -0.02183815712163795 0
4165 -0.027007613536169438 -0.022851735297557782 0
4166 -0.026144763077555148 -0.023834100751806014 0
4167 -0.025246202017427086 -0.024783911691337011 0
4168 -0.024313157682109034 -0.025699870788656379 0
4169 -0.023346904497930813 -0.026580726953814277 0
4170 -0.022348762250515259 -0.027425277043243792 0
4171 -0.021320094282109705 -0.028232367503110402 0
4172 -0.020262305629424646 -0.029000895944927586 0
4173 -0.019176841104522415 -0.029729812651287095 0
4174 -0.018065183321377798 -0.03041812200964656 0
4175 -0.016928850670805642 -0.03106488387221646 0
4176 -0.015769395246521649 -0.031669214840088972 0
4177 -0.014588400725169131 -0.032230289469854533 0
4178 -0.013387480203207069 -0.032747341401058346 0
4179 -0.012168273993614484 -0.033219664402956518 0
4180 -0.010932447385420183 -0.033646613339142324 0
4181 -0.0096816883691182663 -0.034027605048724943 0
4182 -0.0084177053310761467 -0.034362119142857049 0
4183 -0.0071422247200842622 -0.03464969871552346 0
4184 -0.005856988689234714 -0.034889950967619709 0
4185 -0.0045637527163496791 -0.035082547743468431 0
4186 -0.0032642832062098801 -0.035227225979040516 0
4187 -0.0019603550778580859 -0.03532378806126895 0
4188 -0.00065374934027332982 -0.035372102097964479 0
4189 0.00065374934027331681 -0.035372102097964479 0
4190 0.0019603550778580733 -0.03532378806126895 0
4191 0.0032642832062098359 -0.035227225979040523 0
4192 0.0045637527163496661 -0.035082547743468431 0
4193 0.005856988689234701 -0.034889950967619716 0
4194 0.00714222472008425 -0.034649698715523466 0
4195 0.0084177053310761328 -0.034362119142857056 0
4196 0.0096816883691182559 -0.034027605048724943 0
4197 0.010932447385420173 -0.033646613339142331 0
4198 0.012168273993614472 -0.033219664402956518 0
4199 0.013387480203207057 -0.032747341401058346 0
4200 0.014588400725169119 -0.032230289469854533 0
4201 0.015769395246521635 -0.031669214840088972 0
4202 0.016928850670805604 -0.031064883872216478 0
4203 0.018065183321377784 -0.030418122009646564 0
4204 0.019176841104522408 -0.029729812651287105 0
4205 0.020262305629424635 -0.029000895944927593 0
4206 0.021320094282109691 -0.028232367503110409 0
4207 0.022348762250515228 -0.02742527704324382 0
4208 0.023346904497930816 -0.026580726953814277 0
4209 0.024313157682109034 -0.025699870788656376 0
4210 0.02524620201742709 -0.024783911691337011 0
4211 0.026144763077555151 -0.02383410075180601 0
4212 0.027007613536169442 -0.022851735297557782 0
4213 0.027833574843332362 -0.021838157121637964 0
4214 0.028621518835249948 -0.02079475064991556 0
4215 0.029370369275207905 -0.019722941050123698 0
4216 0.030079103323581512 -0.018624192285251955 0
4217 0.030746752934911508 -0.017500005113949006 0
4218 0.03137240618013775 -0.016351915040666819 0
4219 0.031955208492184618 -0.015181490218346251 0
4220 0.032494363833196822 -0.013990329306508882 0
4221 0.032989135781831415 -0.012780059287680211 0
4222 0.03343884853912072 -0.011552333245127364 0
4223 0.033842887851532458 -0.01030882810494616 0
4224 0.034200701849966153 -0.0090512423455817708 0
4225 0.034511801803539986 -0.0077812936779114673 0
4226 0.034775762787138356 -0.006500716699058183 0
4227 0.034992224261808494 -0.005211260523139462 0
4228 0.03516089056721329 -0.0039146863921880846 0
4229 0.035281531325467755 -0.0026127652705071245 0
4230 0.035353981755807534 -0.0013072754257458553 0
4231 0.036661382835003364 0 0
4232 0.036636637262841283 0.0013467744598370051 0
4233 0.036562433951714789 0.0026917308374302534 0
4234 0.036438873072607542 0.0040330535048615952 0
4235 0.036266121426900923 0.0053689317395508741 0
4236 0.036044412221200063 0.0066975621686463311 0
4237 0.035774044752515846 0.0080171512034932311 0
4238 0.035455384004227999 0.0093259174608942667 0
4239 0.035088860153374729 0.010622094167893191 0
4240 0.034674967989933872 0.011903931546835285 0
4241 0.034214266248879729 0.013169699177484989 0
4242 0.033707376855917036 0.014417688333011909 0
4243 0.033154984087910545 0.015646214286691773 0
4244 0.032557833649143372 0.016853618586208329 0
4245 0.031916731664651261 0.018038271292486061 0
4246 0.031232543591991659 0.019198573180031379 0
4247 0.030506193052916675 0.020332957895811857 0
4248 0.029738660586527108 0.021439894073759281 0
4249 0.028930982325590753 0.022517887402041841 0
4250 0.028084248597811813 0.023565482640314932 0
4251 0.027199602453939736 0.024581265584227244 0
4252 0.026278238124704433 0.025563864974530157 0
4253 0.025321399408660867 0.026511954348213344 0
4254 0.024330377993119458 0.027424253829167487 0
4255 0.023306511710428923 0.028299531855956891 0
4256 0.022251182731965424 0.029136606844369559 0
4257 0.02116581570226617 0.02993434878250038 0
4258 0.020051875815826254 0.03069168075621408 0
4259 0.018910866839154845 0.031407580402928729 0
4260 0.017744329080761154 0.032081081291757192 0
4261 0.016553837311810263 0.032711274228143385 0
4262 0.01534099864025603 0.03329730848123226 0
4263 0.01410745034132088 0.033838392932316462 0
4264 0.012854857647251193 0.034333797142809395 0
4265 0.011584911499331978 0.034782852340303046 0
4266 0.010299326265195641 0.035184952321379241 0
4267 0.008999837424506137 0.035539554269955864 0
4268 0.0076881992261430571 0.035846179490062989 0
4269 0.0063661823200480173 0.036104414052059997 0
4270 0.0050355713669304339 0.036313909351421113 0
4271 0.0036981626290594214 0.036474382579335149 0
4272 0.002355761545394131 0.036585617104484124 0
4273 0.0010101802943259424 0.036647462765485347 0
4274 -0.00033676465267713811 0.036659836073602223 0
4275 -0.00168325498322169 0.036622720325450137 0
4276 -0.003027472998625175 0.036536165625545257 0
4277 -0.0043676040677236849 0.036400288818665749 0
4278 -0.0057018390765388345 0.036215273332116854 0
4279 -0.00702837687049659 0.035981368928112614 0
4280 -0.0083454266859013214 0.03569889136660865 0
4281 -0.0096512105673826933 0.035368221979041013 0
4282 -0.010943965768051797 0.034989807153546729 0
4283 -0.01222194712912672 0.034564157732360705 0
4284 -0.01348342943581483 0.034091848322202793 0
4285 -0.014726709746271754 0.033573516518585651 0
4286 -0.01595010969049284 0.033009862045090793 0
4287 -0.017151977736033719 0.032401645808774637 0
4288 -0.018330691417501675 0.03174968887297968 0
4289 -0.019484659526807557 0.031054871348937623 0
4290 -0.020612324261221952 0.030318131207660547 0
4291 -0.021712163326335774 0.02954046301372406 0
4292 -0.022782691991086092 0.028722916582651924 0
4293 -0.02382246509207335 0.027866595563714382 0
4294 -0.02483007898446405 0.026972655950053492 0
4295 -0.025804173436845299 0.02604230451814675 0
4296 -0.026743433467473394 0.025076797198715459 0
4297 -0.027646591119437281 0.024077437381277333 0
4298 -0.028512427172340885 0.023045574154631869 0
4299 -0.029339772788193358 0.021982600485653831 0
4300 -0.030127511089285366 0.020889951338853487 0
4301 -0.030874578665921668 0.019769101739241818 0
4302 -0.031579967011974117 0.018621564781116162 0
4303 -0.032242723886317597 0.017448889585453972 0
4304 -0.032861954598310789 0.016252659208672273 0
4305 -0.033436823215586525 0.015034488505575877 0
4306 -0.03396655369252119 0.013796021949379277 0
4307 -0.034450430917859827 0.012538931411745068 0
4308 -0.034887801680082792 0.011264913905835753 0
4309 -0.035278075549210565 0.0099756892954257111 0
4310 -0.035620725673856497 0.008672997973165902 0
4311 -0.035915289492451444 0.0073585985111355593 0
4312 -0.036161369357680107 0.0060342652868525144 0
4313 -0.036358633073286295 0.0047017860879469235 0
4314 -0.036506814342522197 0.0033629596987318727 0
4315 -0.036605713127636511 0.0020195934719293091 0
4316 -0.036655195919915999 0.00067350088882846162 0
4317 -0.036655195919915999 -0.00067350088882845252 0
4318 -0.036605713127636511 -0.0020195934719293 0
4319 -0.036506814342522197 -0.0033629596987318636 0
4320 -0.036358633073286302 -0.0047017860879468984 0
4321 -0.036161369357680113 -0.0060342652868525049 0
4322 -0.035915289492451444 -0.0073585985111355506 0
4323 -0.035620725673856497 -0.0086729979731658916 0
4324 -0.035278075549210572 -0.0099756892954256868 0
4325 -0.034887801680082792 -0.011264913905835745 0
4326 -0.034450430917859827 -0.01253893141174506 0
4327 -0.03396655369252119 -0.013796021949379268 0
4328 -0.033436823215586532 -0.015034488505575868 0
4329 -0.032861954598310802 -0.016252659208672252 0
4330 -0.032242723886317597 -0.017448889585453965 0
4331 -0.031579967011974124 -0.018621564781116155 0
4332 -0.030874578665921679 -0.019769101739241807 0
4333 -0.03012751108928537 -0.02088995133885348 0
4334 -0.029339772788193361 -0.021982600485653824 0
4335 -0.028512427172340881 -0.023045574154631873 0
4336 -0.027646591119437285 -0.024077437381277326 0
4337 -0.026743433467473397 -0.025076797198715448 0
4338 -0.02580417343684531 -0.026042304518146746 0
4339 -0.024830078984464057 -0.026972655950053482 0
4340 -0.023822465092073367 -0.027866595563714368 0
4341 -0.022782691991086089 -0.028722916582651928 0
4342 -0.021712163326335795 -0.029540463013724049 0
4343 -0.020612324261221969 -0.030318131207660533 0
4344 -0.019484659526807564 -0.031054871348937616 0
4345 -0.0183306914175017 -0.031749688872979666 0
4346 -0.017151977736033715 -0.032401645808774637 0
4347 -0.01595010969049282 -0.0330098620450908 0
4348 -0.014726709746271776 -0.033573516518585644 0
4349 -0.013483429435814844 -0.034091848322202786 0
4350 -0.012221947129126729 -0.034564157732360705 0
4351 -0.010943965768051813 -0.034989807153546722 0
4352 -0.0096512105673826794 -0.03536822197904102 0
4353 -0.0083454266859013457 -0.035698891366608643 0
4354 -0.0070283768704966065 -0.035981368928112607 0
4355 -0.0057018390765388519 -0.036215273332116854 0
4356 -0.0043676040677237023 -0.036400288818665749 0
4357 -0.0030274729986251598 -0.036536165625545257 0
4358 -0.0016832549832217151 -0.036622720325450137 0
4359 -0.00033676465267715524 -0.036659836073602223 0
4360 0.0010101802943259255 -0.036647462765485347 0
4361 0.0023557615453941054 -0.036585617104484131 0
4362 0.0036981626290594374 -0.036474382579335149 0
4363 0.0050355713669304183 -0.036313909351421113 0
4364 0.0063661823200480009 -0.036104414052059997 0
4365 0.0076881992261430407 -0.035846179490062996 0
4366 0.0089998374245061196 -0.035539554269955864 0
4367 0.010299326265195655 -0.035184952321379241 0
4368 0.011584911499331971 -0.034782852340303046 0
4369 0.012854857647251177 -0.034333797142809402 0
4370 0.014107450341320864 -0.033838392932316469 0
4371 0.015340998640256013 -0.033297308481232274 0
4372 0.01655383731181025 -0.032711274228143392 0
4373 0.017744329080761147 -0.032081081291757199 0
4374 0.018910866839154834 -0.031407580402928736 0
4375 0.020051875815826237 -0.03069168075621409 0
4376 0.021165815702266163 -0.02993434878250039 0
4377 0.022251182731965413 -0.02913660684436957 0
4378 0.023306511710428909 -0.028299531855956898 0
4379 0.024330377993119448 -0.027424253829167498 0
4380 0.025321399408660853 -0.026511954348213358 0
4381 0.026278238124704423 -0.025563864974530167 0
4382 0.027199602453939729 -0.024581265584227251 0
4383 0.028084248597811803 -0.023565482640314946 0
4384 0.028930982325590746 -0.022517887402041848 0
4385 0.029738660586527105 -0.021439894073759291 0
4386 0.030506193052916665 -0.020332957895811871 0
4387 0.031232543591991652 -0.019198573180031386 0
4388 0.031916731664651254 -0.018038271292486072 0
4389 0.032557833649143365 -0.016853618586208336 0
4390 0.033154984087910538 -0.015646214286691783 0
4391 0.033707376855917036 -0.014417688333011922 0
4392 0.034214266248879723 -0.013169699177484999 0
4393 0.034674967989933872 -0.011903931546835295 0
4394 0.035088860153374729 -0.010622094167893201 0
4395 0.035455384004227992 -0.0093259174608943101 0
4396 0.035774044752515832 -0.0080171512034932727 0
4397 0.03604441222120007 -0.0066975621686463085 0
4398 0.03626612142690093 -0.0053689317395508515 0
4399 0.036438873072607542 -0.0040330535048616048 0
4400 0.036562433951714789 -0.0026917308374302625 0
4401 0.036636637262841276 -0.0013467744598370144 0
4402 0.03799013566643334 0 0
4403 0.037964790485508652 0.0013874766107730659 0
4404 0.037888788760892106 0.0027731019069818677 0
4405 0.037762231901932591 0.0041550270442771986 0
4406 0.037585288773859533 0.005531408115443952 0
4407 0.037358195472465459 0.0069004086107325247 0
4408 0.037081255009082652 0.0082602018683197703 0
4409 0.036754836906274076 0.009608973511629813 0
4410 0.036379376704778296 0.010944923870262635 0
4411 0.03595537538236597 0.012266270381300154 0
4412 0.035483398685383652 0.013571249967785732 0
4413 0.034964076373876531 0.014858121391203516 0
4414 0.034398101381297598 0.016125167574818657 0
4415 0.033786228889924247 0.017370697894778395 0
4416 0.033129275323216148 0.018593050435916962 0
4417 0.032428117256458708 0.019790594209254449 0
4418 0.031683690247145832 0.020961731328230662 0
4419 0.030896987586662525 0.022104899140770407 0
4420 0.03006905897493295 0.023218572314335238 0
4421 0.029201009119802383 0.024301264871179618 0
4422 0.028293996263021957 0.025351532171095894 0
4423 0.0273492306348029 0.02636797283900242 0
4424 0.026367972839002423 0.027349230634802889 0
4425 0.025351532171095897 0.028293996263021953 0
4426 0.024301264871179618 0.029201009119802383 0
4427 0.023218572314335238 0.03006905897493295 0
4428 0.022104899140770407 0.030896987586662525 0
4429 0.020961731328230666 0.031683690247145832 0
4430 0.019790594209254449 0.032428117256458708 0
4431 0.018593050435916966 0.033129275323216148 0
4432 0.017370697894778395 0.033786228889924247 0
4433 0.016125167574818664 0.034398101381297591 0
4434 0.014858121391203518 0.034964076373876531 0
4435 0.013571249967785734 0.035483398685383652 0
4436 0.012266270381300156 0.03595537538236597 0
4437 0.01094492387026264 0.036379376704778296 0
4438 0.0096089735116298113 0.036754836906274083 0
4439 0.0082602018683197703 0.037081255009082652 0
4440 0.0069004086107325282 0.037358195472465459 0
4441 0.0055314081154439563 0.037585288773859526 0
4442 0.0041550270442772038 0.037762231901932591 0
4443 0.0027731019069818746 0.037888788760892106 0
4444 0.0013874766107730664 0.037964790485508652 0
4445 2.3262249021535646e-18 0.03799013566643334 0
4446 -0.0013874766107730531 0.037964790485508652 0
4447 -0.0027731019069818699 0.037888788760892106 0
4448 -0.0041550270442771908 0.037762231901932591 0
4449 -0.0055314081154439502 0.037585288773859533 0
4450 -0.006900408610732523 0.037358195472465466 0
4451 -0.0082602018683197651 0.037081255009082652 0
4452 -0.0096089735116298147 0.036754836906274076 0
4453 -0.010944923870262626 0.036379376704778303 0
4454 -0.012266270381300157 0.03595537538236597 0
4455 -0.013571249967785731 0.035483398685383652 0
4456 -0.014858121391203512 0.034964076373876531 0
4457 -0.016125167574818668 0.034398101381297591 0
4458 -0.017370697894778391 0.033786228889924254 0
4459 -0.018593050435916955 0.033129275323216155 0
4460 -0.019790594209254442 0.032428117256458708 0
4461 -0.020961731328230666 0.031683690247145832 0
4462 -0.022104899140770403 0.030896987586662532 0
4463 -0.023218572314335238 0.03006905897493295 0
4464 -0.024301264871179611 0.029201009119802394 0
4465 -0.025351532171095894 0.02829399626302196 0
4466 -0.026367972839002423 0.027349230634802893 0
4467 -0.027349230634802889 0.026367972839002426 0
4468 -0.028293996263021957 0.025351532171095897 0
4469 -0.029201009119802376 0.024301264871179628 0
4470 -0.030069058974932946 0.023218572314335242 0
4471 -0.030896987586662525 0.022104899140770407 0
4472 -0.031683690247145825 0.020961731328230669 0
4473 -0.032428117256458708 0.019790594209254452 0
4474 -0.033129275323216155 0.018593050435916962 0
4475 -0.033786228889924247 0.017370697894778398 0
4476 -0.034398101381297598 0.016125167574818657 0
4477 -0.034964076373876524 0.014858121391203528 0
4478 -0.035483398685383652 0.013571249967785736 0
4479 -0.035955375382365977 0.01226627038130015 0
4480 -0.036379376704778289 0.010944923870262642 0
4481 -0.036754836906274076 0.009608973511629813 0
4482 -0.037081255009082645 0.0082602018683197824 0
4483 -0.037358195472465459 0.0069004086107325299 0
4484 -0.037585288773859526 0.0055314081154439667 0
4485 -0.037762231901932591 0.0041550270442771899 0
4486 -0.037888788760892106 0.0027731019069818686 0
4487 -0.037964790485508652 0.001387476610773077 0
4488 -0.03799013566643334 4.6524498043071291e-18 0
4489 -0.037964790485508652 -0.0013874766107730507 0
4490 -0.037888788760892113 -0.0027731019069818421 0
4491 -0.037762231901932591 -0.0041550270442771969 0
4492 -0.037585288773859526 -0.0055314081154439572 0
4493 -0.037358195472465466 -0.0069004086107325203 0
4494 -0.037081255009082652 -0.0082602018683197546 0
4495 -0.036754836906274083 -0.0096089735116298043 0
4496 -0.036379376704778296 -0.010944923870262633 0
4497 -0.03595537538236597 -0.012266270381300156 0
4498 -0.035483398685383652 -0.013571249967785727 0
4499 -0.034964076373876538 -0.014858121391203502 0
4500 -0.034398101381297598 -0.01612516757481865 0
4501 -0.033786228889924247 -0.017370697894778405 0
4502 -0.033129275323216148 -0.018593050435916969 0
4503 -0.032428117256458708 -0.019790594209254442 0
4504 -0.031683690247145839 -0.020961731328230648 0
4505 -0.030896987586662532 -0.022104899140770403 0
4506 -0.030069058974932943 -0.023218572314335249 0
4507 -0.029201009119802383 -0.024301264871179621 0
4508 -0.02829399626302196 -0.025351532171095887 0
4509 -0.0273492306348029 -0.02636797283900242 0
4510 -0.026367972839002426 -0.027349230634802889 0
4511 -0.025351532171095908 -0.028293996263021939 0
4512 -0.0243012648711796 -0.029201009119802397 0
4513 -0.023218572314335231 -0.030069058974932956 0
4514 -0.02210489914077041 -0.030896987586662525 0
4515 -0.020961731328230673 -0.031683690247145825 0
4516 -0.01979059420925447 -0.032428117256458694 0
4517 -0.018593050435916962 -0.033129275323216148 0
4518 -0.017370697894778398 -0.033786228889924247 0
4519 -0.016125167574818678 -0.034398101381297584 0
4520 -0.014858121391203512 -0.034964076373876531 0
4521 -0.013571249967785739 -0.035483398685383652 0
4522 -0.012266270381300168 -0.03595537538236597 0
4523 -0.010944923870262626 -0.036379376704778296 0
4524 -0.0096089735116298165 -0.036754836906274076 0
4525 -0.0082602018683197841 -0.037081255009082645 0
4526 -0.006900408610732549 -0.037358195472465459 0
4527 -0.0055314081154439858 -0.037585288773859526 0
4528 -0.0041550270442772081 -0.037762231901932591 0
4529 -0.0027731019069818538 -0.037888788760892106 0
4530 -0.0013874766107730625 -0.037964790485508652 0
4531 -6.9786747064606937e-18 -0.03799013566643334 0
4532 0.0013874766107730484 -0.037964790485508652 0
4533 0.0027731019069818738 -0.037888788760892106 0
4534 0.0041550270442771951 -0.037762231901932591 0
4535 0.0055314081154439381 -0.037585288773859533 0
4536 0.0069004086107325013 -0.037358195472465466 0
4537 0.0082602018683197703 -0.037081255009082652 0
4538 0.0096089735116298026 -0.036754836906274083 0
4539 0.010944923870262645 -0.036379376704778289 0
4540 0.012266270381300154 -0.03595537538236597 0
4541 0.013571249967785725 -0.035483398685383652 0
4542 0.0148581213912035 -0.034964076373876538 0
4543 0.016125167574818633 -0.034398101381297605 0
4544 0.017370697894778388 -0.033786228889924254 0
4545 0.018593050435916952 -0.033129275323216162 0
4546 0.019790594209254456 -0.032428117256458701 0
4547 0.020961731328230662 -0.031683690247145832 0
4548 0.0221048991407704 -0.030896987586662535 0
4549 0.023218572314335245 -0.030069058974932943 0
4550 0.024301264871179618 -0.029201009119802383 0
4551 0.025351532171095887 -0.02829399626302196 0
4552 0.026367972839002406 -0.02734923063480291 0
4553 0.027349230634802879 -0.02636797283900244 0
4554 0.028293996263021953 -0.025351532171095901 0
4555 0.029201009119802376 -0.024301264871179631 0
4556 0.030069058974932956 -0.023218572314335231 0
4557 0.030896987586662521 -0.02210489914077041 0
4558 0.031683690247145818 -0.020961731328230673 0
4559 0.032428117256458694 -0.01979059420925447 0
4560 0.033129275323216148 -0.018593050435916966 0
4561 0.033786228889924247 -0.017370697894778402 0
4562 0.034398101381297584 -0.016125167574818678 0
4563 0.034964076373876531 -0.014858121391203518 0
4564 0.035483398685383652 -0.013571249967785741 0
4565 0.03595537538236597 -0.012266270381300171 0
4566 0.036379376704778289 -0.010944923870262663 0
4567 0.036754836906274069 -0.0096089735116298512 0
4568 0.037081255009082652 -0.0082602018683197529 0
4569 0.037358195472465466 -0.0069004086107325177 0
4570 0.037585288773859526 -0.0055314081154439537 0
4571 0.037762231901932591 -0.0041550270442772116 0
4572 0.037888788760892106 -0.0027731019069818898 0
4573 0.037964790485508652 -0.0013874766107730648 0
4574 0.039355076130858202 0 0
4575 0.039329712714776574 0.0014126977874926942 0
4576 0.039253655158775679 0.0028235746743390461 0
4577 0.039127001497448681 0.0042308121069475416 0
4578 0.03894991498137601 0.0056325962228110822 0
4579 0.038722623866703061 0.0070271201884899845 0
4580 0.038445421120928809 0.008412586528534844 0
4581 0.038118664045284571 0.0097872094423473964 0
4582 0.037742773814189612 0.011149217105993037 0
4583 0.037318234932377223 0.012496853955998101 0
4584 0.036845594610391039 0.01382838295218815 0
4585 0.036325462059256526 0.015142087816650629 0
4586 0.035758507705236781 0.016436275245935949 0
4587 0.035145462325684759 0.017709277093645528 0
4588 0.03448711610710585 0.018959452520593657 0
4589 0.033784317626644821 0.020185190109771597 0
4590 0.033037972758310004 0.021384909943387913 0
4591 0.032249043505344535 0.022557065639307799 0
4592 0.031418546760249674 0.023700146344266516 0
4593 0.030547552994058449 0.024812678681287833 0
4594 0.029637184876549105 0.025893228648797239 0
4595 0.02868861582917686 0.026940403468982198 0
4596 0.027703068512589135 0.027952853383016864 0
4597 0.026681813250673782 0.02892927339083742 0
4598 0.025626166393171678 0.029868404933225397 0
4599 0.024537488618964157 0.030769037514031043 0
4600 0.023417183182222242 0.031630010260445582 0
4601 0.02226669410367842 0.032450213419311397 0
4602 0.021087504309352158 0.033228589787541375 0
4603 0.019881133719128429 0.033964136074803662 0
4604 0.018649137287652811 0.034655904196715492 0
4605 0.017393103000068501 0.035303002496879114 0
4606 0.016114649825178552 0.035904596896184728 0
4607 0.014815425628671622 0.036459911967899002 0
4608 0.013497105049101085 0.036968231937153484 0
4609 0.012161387339355038 0.037428901603544548 0
4610 0.01080999417639974 0.037841327185655749 0
4611 0.0094446674421193883 0.038204977086413953 0
4612 0.0080671669781127772 0.038519382578292863 0
4613 0.0066792683173406029 0.038784138407480642 0
4614 0.00528276039554756 0.038998903316232868 0
4615 0.0038794432454086585 0.039163400482737677 0
4616 0.002471125676372264 0.03927741787792597 0
4617 0.0010596229431902794 0.039340808538766842 0
4618 -0.00035324559385947426 0.039353490757695994 0
4619 -0.00176565881404255 0.039315448187932936 0
4620 -0.0031757961835063939 0.039226729864551176 0
4621 -0.0045818401018624458 0.039087450141274377 0
4622 -0.0059819782449870244 0.038897788543079764 0
4623 -0.0073744059010214733 0.038657989534798945 0
4624 -0.0087573282965604203 0.038368362206014306 0
4625 -0.010128962910029746 0.038029279872657154 0
4626 -0.011487541769272703 0.037641179595821118 0
4627 -0.01283131373038234 0.037204561618411076 0
4628 -0.014158546734843257 0.036719988720353716 0
4629 -0.015467530042073125 0.036188085493200801 0
4630 -0.016756576434486307 0.035609537535060222 0
4631 -0.018024024392237676 0.034985090566892439 0
4632 -0.019268240234843068 0.034315549471311393 0
4633 -0.020487620226916119 0.033601777255128973 0
4634 -0.021680592645307469 0.032844693936979905 0
4635 -0.022845619804981461 0.032045275361461387 0
4636 -0.02398120004101947 0.031204551941315432 0
4637 -0.025085869644195062 0.030323607329275616 0
4638 -0.026158204747625823 0.029403577021289953 0
4639 -0.027196823162070598 0.028445646892920281 0
4640 -0.028200386157505915 0.02745105167080478 0
4641 -0.029167600188685781 0.026421073341153688 0
4642 -0.030097218562460334 0.025357039497329696 0
4643 -0.030988043044704282 0.024260321628642924 0
4644 -0.031838925404784134 0.023132333352565981 0
4645 -0.03264876889557311 0.021974528592647959 0
4646 -0.033416529667106357 0.020788399704475713 0
4647 -0.034141218112054207 0.019575475552098008 0
4648 -0.0348219001412792 0.018337319537392167 0
4649 -0.035457698387832831 0.017075527584912924 0
4650 -0.036047793337840056 0.015791726084821097 0
4651 -0.036591424386813939 0.01448756979654363 0
4652 -0.037087890820038827 0.013164739715866954 0
4653 -0.037536552715758523 0.011824940908212869 0
4654 -0.037936831770005161 0.01046990031088987 0
4655 -0.038288212042005679 0.0091013645071525689 0
4656 -0.038590240619205053 0.0077210974749385023 0
4657 -0.038842528201049185 0.0063308783131840185 0
4658 -0.03904474960077492 0.0049324989486498197 0
4659 -0.039196644164560382 0.0035277618262121455 0
4660 -0.039298016107495427 0.0021184775855964963 0
4661 -0.039348734765939163 0.00070646272754868865 0
4662 -0.039348734765939163 -0.00070646272754866144 0
4663 -0.039298016107495427 -0.0021184775855964868 0
4664 -0.039196644164560382 -0.003527761826212136 0
4665 -0.03904474960077492 -0.0049324989486498275 0
4666 -0.038842528201049185 -0.006330878313184009 0
4667 -0.038590240619205053 -0.0077210974749384763 0
4668 -0.038288212042005679 -0.0091013645071525585 0
4669 -0.037936831770005168 -0.010469900310889861 0
4670 -0.037536552715758523 -0.011824940908212875 0
4671 -0.037087890820038827 -0.013164739715866946 0
4672 -0.036591424386813946 -0.014487569796543602 0
4673 -0.036047793337840056 -0.015791726084821087 0
4674 -0.035457698387832831 -0.017075527584912913 0
4675 -0.0348219001412792 -0.018337319537392174 0
4676 -0.034141218112054214 -0.019575475552097998 0
4677 -0.033416529667106371 -0.020788399704475685 0
4678 -0.03264876889557311 -0.021974528592647962 0
4679 -0.031838925404784141 -0.023132333352565971 0
4680 -0.030988043044704285 -0.024260321628642913 0
4681 -0.030097218562460337 -0.025357039497329686 0
4682 -0.029167600188685801 -0.026421073341153668 0
4683 -0.028200386157505919 -0.02745105167080477 0
4684 -0.027196823162070588 -0.028445646892920291 0
4685 -0.026158204747625834 -0.029403577021289949 0
4686 -0.025085869644195055 -0.03032360732927562 0
4687 -0.023981200041019494 -0.031204551941315415 0
4688 -0.022845619804981464 -0.032045275361461373 0
4689 -0.02168059264530748 -0.032844693936979898 0
4690 -0.020487620226916126 -0.033601777255128959 0
4691 -0.019268240234843057 -0.0343155494713114 0
4692 -0.0180240243922377 -0.034985090566892425 0
4693 -0.016756576434486317 -0.035609537535060222 0
4694 -0.015467530042073125 -0.036188085493200801 0
4695 -0.014158546734843265 -0.036719988720353716 0
4696 -0.012831313730382335 -0.037204561618411076 0
4697 -0.011487541769272721 -0.037641179595821112 0
4698 -0.010128962910029763 -0.038029279872657154 0
4699 -0.0087573282965604307 -0.038368362206014306 0
4700 -0.0073744059010214828 -0.038657989534798945 0
4701 -0.0059819782449870157 -0.038897788543079764 0
4702 -0.004581840101862464 -0.03908745014127437 0
4703 -0.0031757961835064122 -0.039226729864551176 0
4704 -0.0017656588140425595 -0.039315448187932929 0
4705 -0.00035324559385948391 -0.039353490757695994 0
4706 0.0010596229431902786 -0.039340808538766842 0
4707 0.0024711256763722453 -0.03927741787792597 0
4708 0.0038794432454086402 -0.039163400482737684 0
4709 0.0052827603955475505 -0.038998903316232875 0
4710 0.0066792683173406012 -0.038784138407480642 0
4711 0.0080671669781127772 -0.038519382578292863 0
4712 0.009444667442119371 -0.038204977086413953 0
4713 0.010809994176399723 -0.037841327185655756 0
4714 0.012161387339355029 -0.037428901603544555 0
4715 0.01349710504910105 -0.036968231937153498 0
4716 0.014815425628671629 -0.036459911967899002 0
4717 0.016114649825178556 -0.035904596896184721 0
4718 0.017393103000068487 -0.035303002496879121 0
4719 0.018649137287652804 -0.034655904196715499 0
4720 0.019881133719128429 -0.033964136074803662 0
4721 0.021087504309352169 -0.033228589787541368 0
4722 0.02226669410367843 -0.032450213419311397 0
4723 0.023417183182222228 -0.031630010260445589 0
4724 0.024537488618964147 -0.030769037514031046 0
4725 0.025626166393171678 -0.029868404933225397 0
4726 0.026681813250673758 -0.028929273390837444 0
4727 0.027703068512589139 -0.027952853383016861 0
4728 0.028688615829176846 -0.026940403468982209 0
4729 0.029637184876549094 -0.025893228648797249 0
4730 0.030547552994058449 -0.024812678681287836 0
4731 0.031418546760249653 -0.023700146344266544 0
4732 0.032249043505344542 -0.022557065639307792 0
4733 0.033037972758309997 -0.021384909943387924 0
4734 0.033784317626644814 -0.020185190109771604 0
4735 0.03448711610710585 -0.018959452520593657 0
4736 0.035145462325684745 -0.017709277093645552 0
4737 0.035758507705236767 -0.01643627524593597 0
4738 0.036325462059256519 -0.015142087816650648 0
4739 0.036845594610391025 -0.013828382952188191 0
4740 0.037318234932377223 -0.012496853955998102 0
4741 0.037742773814189612 -0.011149217105993035 0
4742 0.038118664045284578 -0.0097872094423473843 0
4743 0.038445421120928809 -0.0084125865285348614 0
4744 0.038722623866703061 -0.0070271201884899931 0
4745 0.03894991498137601 -0.0056325962228110839 0
4746 0.039127001497448674 -0.0042308121069475719 0
4747 0.039253655158775672 -0.0028235746743390695 0
4748 0.039329712714776574 -0.0014126977874927109 0
4749 0.040748324805606639 0 0
4750 0.040723223931475892 0.0014300374435960528 0
4751 0.040647952233244827 0.0028583130876557953 0
4752 0.040522602445298574 0.0042830673031718225 0
4753 0.040347328997997867 0.0057025447995204571 0
4754 0.040122347827421564 0.007114996786971705 0
4755 0.039847936109334368 0.0085186831311901325 0
4756 0.03952443191770761 0.0099118744970723583 0
4757 0.039152233808213616 0.011292854479279904 0
4758 0.038731800327207001 0.012659921716842683 0
4759 0.038263649446797665 0.014011391989227845 0
4760 0.037748357926711523 0.015345600291291721 0
4761 0.037186560603725209 0.016660902884558487 0
4762 0.036578949609550084 0.017955679322298367 0
4763 0.035926273518129145 0.019228334445910551 0
4764 0.035229336423397387 0.020477300350151224 0
4765 0.034488996948641812 0.021701038314785606 0
4766 0.033706167188681455 0.022898040700284183 0
4767 0.032881811586170803 0.024066832805227638 0
4768 0.032016945743410859 0.025205974683132223 0
4769 0.031112635171131834 0.026314062916457194 0
4770 0.030169993975788817 0.027389732345608708 0
4771 0.029190183486987754 0.028431657750810187 0
4772 0.028174410826732724 0.029438555484766964 0
4773 0.027123927422257239 0.030409185054113819 0
4774 0.026040027464271608 0.031342350647697088 0
4775 0.024924046312525979 0.032236902609808493 0
4776 0.023777358850653289 0.033091738856555683 0
4777 0.022601377792318939 0.033905806233624491 0
4778 0.021397551940764117 0.034678101813760208 0
4779 0.020167364403886837 0.035407674132369317 0
4780 0.018912330767059886 0.036093624359719509 0
4781 0.017633997225936608 0.036735107408293735 0
4782 0.016333938681545004 0.037331332973934178 0
4783 0.015013756800016936 0.037881566509493272 0
4784 0.013675078039342812 0.038385130129792465 0
4785 0.012319551645582833 0.03884140344677358 0
4786 0.010948847621003519 0.039249824333814069 0
4787 0.0095646546666425577 0.0396098896182644 0
4788 0.0081686781018368848 0.039921155701354488 0
4789 0.006762637763277235 0.040183239104705261 0
4790 0.0053482658861771669 0.040395816942772313 0
4791 0.0039273049701672785 0.040558627320639404 0
4792 0.0025015056325437724 0.040671469656671726 0
4793 0.0010726244515159456 0.040734204929631652 0
4794 -0.00035757819789007265 0.040746755849952167 0
4795 -0.0017873403126051487 0.040709106954957316 0
4796 -0.0032149004322969024 0.040621304627912122 0
4797 -0.0046384998094806239 0.040483457040878634 0
4798 -0.0060563845762881619 0.040295734021448426 0
4799 -0.007466807905224972 0.040058366843515818 0
4800 -0.0088680321612535414 0.039771647942349463 0
4801 -0.010258331042551789 0.039435930554313485 0
4802 -0.011635991707308913 0.03905162828168187 0
4803 -0.012999316883938612 0.038619214583082422 0
4804 -0.014346626962109865 0.038139222190197844 0
4805 -0.015676262062019063 0.037612242451442846 0
4806 -0.016986584079354362 0.037038924603425546 0
4807 -0.018275978703432588 0.036419974971091014 0
4808 -0.019542857406022528 0.035756156097532181 0
4809 -0.020785659398404419 0.035048285804540273 0
4810 -0.022002853554254489 0.034297236185052114 0
4811 -0.02319294029598544 0.033503932528735673 0
4812 -0.024354453442219235 0.032669352182037419 0
4813 -0.025485962014115647 0.031794523344096097 0
4814 -0.026586071998331764 0.030880523800005999 0
4815 -0.027653428064439847 0.029928479592990821 0
4816 -0.028686715234688239 0.028939563637123536 0
4817 -0.02968466050404793 0.027914994272301659 0
4818 -0.030646034408548763 0.026856033763258166 0
4819 -0.031569652539973514 0.025763986744457106 0
4820 -0.032454377005043264 0.024640198612789963 0
4821 -0.033299117827296693 0.02348605387005295 0
4822 -0.034102834289936039 0.022302974417247125 0
4823 -0.034864536217985471 0.021092417802802899 0
4824 -0.03558328519818197 0.019855875426887163 0
4825 -0.036258195735096234 0.018594870704005079 0
4826 -0.036888436342058968 0.017310957186160464 0
4827 -0.037473230565548535 0.016005716648886927 0
4828 -0.038011857941778221 0.014680757142507651 0
4829 -0.038503654884304211 0.01333771101102485 0
4830 -0.038948015501561115 0.011978232881079427 0
4831 -0.039344392343317505 0.010603997623458641 0
4832 -0.03969229707513211 0.0092166982896629609 0
4833 -0.039991301079979592 0.0078180440260745623 0
4834 -0.040241035986304761 0.0064097579682966532 0
4835 -0.040441194121854596 0.0049935751182585489 0
4836 -0.040591528892729066 0.0035712402067011638 0
4837 -0.040691855087183683 0.0021445055436768549 0
4838 -0.040742049103809505 0.00071512885971146173 0
4839 -0.040742049103809505 -0.00071512885971145186 0
4840 -0.040691855087183683 -0.0021445055436768272 0
4841 -0.040591528892729066 -0.0035712402067011361 0
4842 -0.040441194121854596 -0.0049935751182585211 0
4843 -0.040241035986304761 -0.006409757968296661 0
4844 -0.039991301079979599 -0.0078180440260745537 0
4845 -0.039692297075132117 -0.0092166982896629505 0
4846 -0.039344392343317505 -0.010603997623458613 0
4847 -0.038948015501561122 -0.011978232881079401 0
4848 -0.038503654884304211 -0.013337711011024857 0
4849 -0.038011857941778221 -0.014680757142507658 0
4850 -0.037473230565548542 -0.016005716648886916 0
4851 -0.036888436342058968 -0.017310957186160453 0
4852 -0.036258195735096248 -0.018594870704005055 0
4853 -0.03558328519818197 -0.019855875426887156 0
4854 -0.034864536217985471 -0.021092417802802906 0
4855 -0.034102834289936046 -0.022302974417247119 0
4856 -0.0332991178272967 -0.023486053870052939 0
4857 -0.032454377005043271 -0.024640198612789953 0
4858 -0.031569652539973528 -0.025763986744457082 0
4859 -0.030646034408548756 -0.026856033763258173 0
4860 -0.02968466050404792 -0.027914994272301666 0
4861 -0.02868671523468825 -0.028939563637123532 0
4862 -0.027653428064439857 -0.029928479592990814 0
4863 -0.026586071998331785 -0.030880523800005982 0
4864 -0.025485962014115657 -0.03179452334409609 0
4865 -0.024354453442219239 -0.032669352182037412 0
4866 -0.023192940295985467 -0.033503932528735653 0
4867 -0.022002853554254482 -0.034297236185052114 0
4868 -0.020785659398404429 -0.035048285804540273 0
4869 -0.019542857406022539 -0.035756156097532181 0
4870 -0.018275978703432581 -0.036419974971091014 0
4871 -0.016986584079354373 -0.03703892460342554 0
4872 -0.015676262062019074 -0.037612242451442839 0
4873 -0.014346626962109874 -0.038139222190197837 0
4874 -0.01299931688393864 -0.038619214583082415 0
4875 -0.011635991707308915 -0.03905162828168187 0
4876 -0.0102583310425518 -0.039435930554313478 0
4877 -0.0088680321612535605 -0.039771647942349456 0
4878 -0.0074668079052250006 -0.040058366843515811 0
4879 -0.0060563845762881723 -0.040295734021448426 0
4880 -0.004638499809480643 -0.040483457040878627 0
4881 -0.0032149004322968855 -0.040621304627912122 0
4882 -0.0017873403126051498 -0.040709106954957316 0
4883 -0.00035757819789008268 -0.040746755849952167 0
4884 0.0010726244515159174 -0.040734204929631652 0
4885 0.0025015056325437806 -0.040671469656671726 0
4886 0.0039273049701672768 -0.040558627320639404 0
4887 0.0053482658861771486 -0.04039581694277232 0
4888 0.0067626377632772168 -0.040183239104705261 0
4889 0.0081686781018368588 -0.039921155701354495 0
4890 0.0095646546666425126 -0.039609889618264414 0
4891 0.01094884762100351 -0.039249824333814069 0
4892 0.012319551645582814 -0.038841403446773587 0
4893 0.01367507803934281 -0.038385130129792465 0
4894 0.015013756800016934 -0.037881566509493272 0
4895 0.016333938681544997 -0.037331332973934178 0
4896 0.017633997225936619 -0.036735107408293728 0
4897 0.018912330767059886 -0.036093624359719509 0
4898 0.02016736440388683 -0.035407674132369324 0
4899 0.021397551940764103 -0.034678101813760215 0
4900 0.022601377792318918 -0.033905806233624505 0
4901 0.023777358850653258 -0.033091738856555704 0
4902 0.024924046312525972 -0.0322369026098085 0
4903 0.026040027464271587 -0.031342350647697095 0
4904 0.027123927422257239 -0.030409185054113812 0
4905 0.028174410826732721 -0.029438555484766971 0
4906 0.02919018348698774 -0.028431657750810201 0
4907 0.030169993975788824 -0.027389732345608698 0
4908 0.031112635171131834 -0.026314062916457194 0
4909 0.032016945743410852 -0.02520597468313223 0
4910 0.032881811586170789 -0.024066832805227652 0
4911 0.033706167188681441 -0.0228980407002842 0
4912 0.034488996948641798 -0.021701038314785637 0
4913 0.035229336423397366 -0.020477300350151266 0
4914 0.035926273518129132 -0.019228334445910565 0
4915 0.036578949609550084 -0.01795567932229836 0
4916 0.037186560603725209 -0.016660902884558491 0
4917 0.037748357926711523 -0.015345600291291735 0
4918 0.038263649446797672 -0.01401139198922783 0
4919 0.038731800327207001 -0.012659921716842678 0
4920 0.039152233808213616 -0.011292854479279911 0
4921 0.039524431917707603 -0.0099118744970723722 0
4922 0.039847936109334368 -0.0085186831311901585 0
4923 0.040122347827421558 -0.0071149967869717379 0
4924 0.04034732899799786 -0.0057025447995205014 0
4925 0.040522602445298567 -0.0042830673031718763 0
4926 0.040647952233244827 -0.0028583130876557862 0
4927 0.040723223931475892 -0.0014300374435960532 0
4928 0.042163434029971775 0 0
4929 0.042138584345862609 0.0014473695196473675 0
4930 0.042064064584640772 0.0028930329792367757 0
4931 0.041939962585096857 0.0043352863296970117 0
4932 0.041766424630168046 0.0057724295415599427 0
4933 0.041543655274509823 0.0072027686088388162 0
4934 0.041271917103380948 0.0086246175458064914 0
4935 0.040951530423125916 0.010036300374319943 0
4936 0.040582872883619801 0.011436153099348499 0
4937 0.04016637903312046 0.012822525670377227 0
4938 0.039702539806052768 0.014193783926373457 0
4939 0.039191901944328776 0.015548311522023879 0
4940 0.038635067352885771 0.016884511832971714 0
4941 0.038032692390201996 0.018200809837808123 0
4942 0.037385487094626191 0.019495653974599576 0
4943 0.036694214347433037 0.020767517969762811 0
4944 0.035959688973590948 0.022014902637131593 0
4945 0.035182776781302223 0.023236337645094654 0
4946 0.034364393541447644 0.024430383249721917 0
4947 0.033505503908138452 0.025595631991836048 0
4948 0.03260712028164816 0.026730710356028909 0
4949 0.031670301615064483 0.027834280389667447 0
4950 0.030696152166067938 0.028905041279980632 0
4951 0.029685820195308511 0.029941730887368474 0
4952 0.028640496612914679 0.030943127233125686 0
4953 0.027561413574730104 0.031908049939826551 0
4954 0.026449843029932696 0.032835361622672934 0
4955 0.025307095221748094 0.033723969230165608 0
4956 0.024134517143024618 0.034572825332518493 0
4957 0.022933490948490416 0.035380929356297157 0
4958 0.021705432325564107 0.036147328763826217 0
4959 0.02045178882563941 0.036871120175975575 0
4960 0.019174038157810738 0.037551450437001761 0
4961 0.017873686447050893 0.038187517620189598 0
4962 0.016552266458894103 0.038778571973108439 0
4963 0.015211335792717042 0.039323916801368951 0
4964 0.013852475045747277 0.039822909289838823 0
4965 0.012477285949963593 0.040274961260349122 0
4966 0.011087389484084033 0.040679539864998532 0
4967 0.0096844239628671377 0.041036168214237868 0
4968 0.0082700431059787895 0.0413444259389949 0
4969 0.006845914088700741 0.041603949686176561 0
4970 0.0054137155767784891 0.041814433546964708 0
4971 0.0039751357477251902 0.04197562941740051 0
4972 0.002531870300913547 0.042087347290832362 0
4973 0.0010856204588015237 0.042149455481882717 0
4974 -0.00036190903835208317 0.042161880781669846 0
4975 -0.0018090119419188054 0.042124608544101355 0
4976 -0.0032539825061094316 0.042037682703138096 0
4977 -0.004695117498590415 0.041901205721007743 0
4978 -0.006130718208137413 0.041715338467429391 0
4979 -0.0075590924469597339 0.041480300029991327 0
4980 -0.0089785565453354699 0.041196367455905568 0
4981 -0.010387437336205955 0.04086387542544364 0
4982 -0.011784074127390612 0.040483215857438311 0
4983 -0.013166820659097056 0.04005483744731661 0
4984 -0.014534047044419391 0.039579245138208305 0
4985 -0.015884141690537347 0.039056999525753575 0
4986 -0.01721551319835142 0.038488716197311257 0
4987 -0.018526592238315154 0.037875065006346624 0
4988 -0.019815833400253391 0.037216769282853987 0
4989 -0.021081717014985877 0.036514604980744853 0
4990 -0.022322750945609204 0.035769399763206616 0
4991 -0.023537472346325618 0.034982032027109838 0
4992 -0.024724449386745437 0.03415342986761425 0
4993 -0.025882282939630682 0.033284569984193643 0
4994 -0.027009608230090427 0.032376476529369487 0
4995 -0.028105096444283897 0.031430219901510112 0
4996 -0.029167456295735309 0.030446915483118363 0
4997 -0.030195435547413847 0.029427722326095137 0
4998 -0.031187822487784993 0.028373841785528348 0
4999 -0.032143447359093032 0.027286516103617865 0
5000 -0.033061183736191352 0.026167026945405517 0
5001 -0.033939949854295347 0.025016693888036026 0
5002 -0.034778709884092568 0.023836872865329966 0
5003 -0.035576475152707392 0.022628954569501782 0
5004 -0.036332305309080937 0.021394362811907042 0
5005 -0.037045309432392461 0.020134552844751134 0
5006 -0.037714647082215752 0.018851009645737722 0
5007 -0.038339529289172829 0.017545246167678601 0
5008 -0.038919219484916931 0.01621880155512866 0
5009 -0.039453034370348888 0.014873239330147661 0
5010 -0.039940344721043269 0.013510145549327475 0
5011 -0.040380576128935072 0.012131126934257228 0
5012 -0.04077320967939254 0.01073780897763006 0
5013 -0.041117782562878277 0.0093318340272234325 0
5014 -0.041413888620477374 0.0079148593500122724 0
5015 -0.041661178822649733 0.0064885551786960354 0
5016 -0.0418593616806422 0.0050546027429428523 0
5017 -0.04200820359007551 0.0036146922876711019 0
5018 -0.042107529106301153 0.0021705210807046091 0
5019 -0.04215722115120351 0.00072379141214934579 0
5020 -0.04215722115120351 -0.00072379141214933538 0
5021 -0.042107529106301153 -0.0021705210807045801 0
5022 -0.04200820359007551 -0.0036146922876711101 0
5023 -0.0418593616806422 -0.0050546027429428236 0
5024 -0.04166117882264974 -0.0064885551786960077 0
5025 -0.041413888620477374 -0.007914859350012262 0
5026 -0.041117782562878277 -0.0093318340272234221 0
5027 -0.040773209679392533 -0.010737808977630069 0
5028 -0.040380576128935065 -0.012131126934257238 0
5029 -0.039940344721043276 -0.013510145549327448 0
5030 -0.039453034370348888 -0.01487323933014765 0
5031 -0.038919219484916938 -0.016218801555128649 0
5032 -0.038339529289172822 -0.017545246167678608 0
5033 -0.037714647082215759 -0.018851009645737712 0
5034 -0.037045309432392468 -0.020134552844751123 0
5035 -0.036332305309080951 -0.021394362811907014 0
5036 -0.035576475152707392 -0.022628954569501779 0
5037 -0.034778709884092568 -0.023836872865329959 0
5038 -0.03393994985429534 -0.025016693888036033 0
5039 -0.033061183736191359 -0.02616702694540551 0
5040 -0.032143447359093039 -0.027286516103617861 0
5041 -0.031187822487785011 -0.02837384178552833 0
5042 -0.030195435547413853 -0.029427722326095127 0
5043 -0.029167456295735299 -0.03044691548311837 0
5044 -0.02810509644428389 -0.031430219901510119 0
5045 -0.02700960823009043 -0.032376476529369487 0
5046 -0.025882282939630706 -0.033284569984193622 0
5047 -0.024724449386745461 -0.034153429867614229 0
5048 -0.023537472346325642 -0.034982032027109825 0
5049 -0.022322750945609215 -0.035769399763206609 0
5050 -0.021081717014985905 -0.036514604980744839 0
5051 -0.019815833400253401 -0.03721676928285398 0
5052 -0.018526592238315161 -0.037875065006346624 0
5053 -0.017215513198351427 -0.03848871619731125 0
5054 -0.015884141690537337 -0.039056999525753582 0
5055 -0.014534047044419391 -0.039579245138208305 0
5056 -0.013166820659097057 -0.040054837447316603 0
5057 -0.011784074127390631 -0.040483215857438311 0
5058 -0.010387437336205984 -0.040863875425443633 0
5059 -0.0089785565453354612 -0.041196367455905575 0
5060 -0.0075590924469597443 -0.041480300029991327 0
5061 -0.006130718208137432 -0.041715338467429391 0
5062 -0.0046951174985904167 -0.041901205721007743 0
5063 -0.003253982506109442 -0.042037682703138096 0
5064 -0.0018090119419187786 -0.042124608544101355 0
5065 -0.00036190903835207476 -0.042161880781669846 0
5066 0.0010856204588015226 -0.042149455481882717 0
5067 0.0025318703009135275 -0.042087347290832362 0
5068 0.0039751357477251703 -0.04197562941740051 0
5069 0.0054137155767784604 -0.041814433546964715 0
5070 0.0068459140887007315 -0.041603949686176561 0
5071 0.0082700431059787791 -0.041344425938994907 0
5072 0.00968442396286711 -0.041036168214237882 0
5073 0.011087389484083996 -0.040679539864998539 0
5074 0.012477285949963593 -0.040274961260349129 0
5075 0.013852475045747258 -0.039822909289838823 0
5076 0.015211335792717049 -0.039323916801368944 0
5077 0.01655226645889411 -0.038778571973108432 0
5078 0.017873686447050886 -0.038187517620189605 0
5079 0.019174038157810724 -0.037551450437001768 0
5080 0.020451788825639385 -0.036871120175975589 0
5081 0.021705432325564104 -0.036147328763826224 0
5082 0.022933490948490405 -0.035380929356297164 0
5083 0.0241345171430246 -0.034572825332518514 0
5084 0.025307095221748066 -0.033723969230165629 0
5085 0.026449843029932696 -0.032835361622672934 0
5086 0.02756141357473009 -0.031908049939826565 0
5087 0.028640496612914689 -0.030943127233125683 0
5088 0.029685820195308511 -0.029941730887368474 0
5089 0.030696152166067931 -0.028905041279980642 0
5090 0.03167030161506447 -0.027834280389667461 0
5091 0.032607120281648139 -0.026730710356028933 0
5092 0.033505503908138425 -0.025595631991836083 0
5093 0.034364393541447616 -0.024430383249721958 0
5094 0.035182776781302237 -0.02323633764509464 0
5095 0.035959688973590948 -0.022014902637131593 0
5096 0.03669421434743303 -0.020767517969762821 0
5097 0.037385487094626184 -0.01949565397459959 0
5098 0.038032692390202003 -0.018200809837808113 0
5099 0.038635067352885771 -0.016884511832971717 0
5100 0.039191901944328769 -0.015548311522023892 0
5101 0.039702539806052761 -0.014193783926373476 0
5102 0.040166379033120446 -0.012822525670377257 0
5103 0.040582872883619794 -0.011436153099348539 0
5104 0.040951530423125902 -0.010036300374319991 0
5105 0.041271917103380948 -0.0086246175458064792 0
5106 0.041543655274509823 -0.0072027686088388127 0
5107 0.041766424630168039 -0.0057724295415599496 0
5108 0.041939962585096857 -0.0043352863296970291 0
5109 0.042064064584640772 -0.0028930329792368026 0
5110 0.042138584345862609 -0.0014473695196473675 0
5111 0.043595255654654233 0 0
5112 0.04357064943490635 0.0014645215652753644 0
5113 0.04349685855235727 0.0029273899075603124 0
5114 0.043373966305734986 0.0043869536701027414 0
5115 0.043202111421769294 0.0058415652265204742 0
5116 0.042981487898590305 0.0072895825407218546 0
5117 0.04271234478673399 0.0087293710205157381 0
5118 0.042394985908001788 0.010159305362818461 0
5119 0.042029769512491877 0.011577771388374812 0
5120 0.041617107874189048 0.012983167863921877 0
5121 0.041157466825569852 0.01437390830973883 0
5122 0.040651365231748282 0.015748422790542192 0
5123 0.040099374404755674 0.017105159687704981 0
5124 0.039502117458615961 0.018442587450799033 0
5125 0.038860268605944354 0.019759196326483461 0
5126 0.038174552396863404 0.021053500062787472 0
5127 0.037445742901095702 0.022324037586863688 0
5128 0.0366746628341564 0.023569374654318027 0
5129 0.035862182628632056 0.024788105468254391 0
5130 0.035009219451594062 0.025978854266206393 0
5131 0.034116736169255993 0.027140276873164757 0
5132 0.03318574026004352 0.028271062218947287 0
5133 0.032217282677303845 0.029369933818198492 0
5134 0.031212456662938617 0.030435651211348187 0
5135 0.030172396513299435 0.031467011364902417 0
5136 0.029098276298739074 0.03246285002948604 0
5137 0.027991308538263933 0.033422043054103893 0
5138 0.026852742830783771 0.034343507655136982 0
5139 0.025683864444503796 0.035226203638641158 0
5140 0.0244859928660516 0.036069134574568486 0
5141 0.023260480310976633 0.036871348921585854 0
5142 0.022008710197303674 0.037631941101220957 0
5143 0.020732095583863481 0.038350052520123232 0
5144 0.019432077575163412 0.039024872539285674 0
5145 0.018110123694598752 0.039655639389133475 0
5146 0.016767726227841104 0.040241641029446495 0
5147 0.01540640053827395 0.040782215953144747 0
5148 0.014027683356376905 0.041276753933029764 0
5149 0.012633131044989851 0.041724696710638602 0
5150 0.011224317842415038 0.042125538626433083 0
5151 0.0098028340853405158 0.042478827190612828 0
5152 0.0083702844135909431 0.042784163593907715 0
5153 0.0069282859587322622 0.043041203157773079 0
5154 0.0054784665185752379 0.043249655723479601 0
5155 0.0040224627196381963 0.043409285979658575 0
5156 0.0025619181696436748 0.043519913727932777 0
5157 0.0010984816021343438 0.043581414086333113 0
5158 -0.00036619498469753231 0.043593717630271499 0
5159 -0.0018304581928656456 0.043556810470910666 0
5160 -0.0032926550910256356 0.043470734270842547 0
5161 -0.0047511350803841196 0.043335586197057553 0
5162 -0.006204251757974631 0.043151518811257741 0
5163 -0.0076503647751972872 0.042918739897637753 0
5164 -0.0090878416895237221 0.042637512228327963 0
5165 -0.01051505980727753 0.042308153266764535 0
5166 -0.011930408015409557 0.041931034809321283 0
5167 -0.013332288600200415 0.041506582565607929 0
5168 -0.014719119050837353 0.041035275677908378 0
5169 -0.016089333845829137 0.040517646180301722 0
5170 -0.017441386220242695 0.039954278398076346 0
5171 -0.018773749911766405 0.039345808288115174 0
5172 -0.020084920883629075 0.038692922720996697 0
5173 -0.021373419022429511 0.03799635870562218 0
5174 -0.02263778980896046 0.037256902557244176 0
5175 -0.02387660596014033 0.036475389009835844 0
5176 -0.025088469040199665 0.035652700273802615 0
5177 -0.02627201103930327 0.034789765040100361 0
5178 -0.027425895917825995 0.033887557431884013 0
5179 -0.028548821114539207 0.032947095904870008 0
5180 -0.029639519017004973 0.031969442097654163 0
5181 -0.030696758392518588 0.030955699633282419 0
5182 -0.031719345777983673 0.029907012873427719 0
5183 -0.032706126827151294 0.028824565626578938 0
5184 -0.033655987613702011 0.027709579811700479 0
5185 -0.034567855888699851 0.026563314078870904 0
5186 -0.035440702290999056 0.025387062388457556 0
5187 -0.036273541509236763 0.02418215255043147 0
5188 -0.037065433394100393 0.022949944725470902 0
5189 -0.037815484019613654 0.021691829889546124 0
5190 -0.038522846692243692 0.020409228263718132 0
5191 -0.039186722906689737 0.019103587710924349 0
5192 -0.039806363247274656 0.017776382101560576 0
5193 -0.040381068233921735 0.016429109649704662 0
5194 -0.040910189111761697 0.015063291221859737 0
5195 -0.041393128583478683 0.013680468620126368 0
5196 -0.04182934148356842 0.012282202841741531 0
5197 -0.042218335393747558 0.010870072316949149 0
5198 -0.042559671198819225 0.0094456711271915222 0
5199 -0.042852963582367613 0.008010607205632847 0
5200 -0.04309788146172186 0.0065665005220462104 0
5201 -0.043294148361698162 0.0051149812541132784 0
5202 -0.043441542726698451 0.0036576879472004164 0
5203 -0.043539898170813038 0.0021962656646893407 0
5204 -0.043589103665645161 0.00073236413094972881 0
5205 -0.043589103665645161 -0.00073236413094971819 0
5206 -0.043539898170813038 -0.0021962656646893302 0
5207 -0.043441542726698451 -0.0036576879472004064 0
5208 -0.043294148361698162 -0.005114981254113268 0
5209 -0.04309788146172186 -0.0065665005220461991 0
5210 -0.04285296358236762 -0.0080106072056328366 0
5211 -0.042559671198819225 -0.0094456711271915118 0
5212 -0.042218335393747558 -0.010870072316949139 0
5213 -0.041829341483568427 -0.012282202841741519 0
5214 -0.041393128583478683 -0.013680468620126358 0
5215 -0.04091018911176169 -0.015063291221859744 0
5216 -0.040381068233921735 -0.016429109649704655 0
5217 -0.039806363247274663 -0.017776382101560569 0
5218 -0.039186722906689737 -0.019103587710924342 0
5219 -0.038522846692243699 -0.020409228263718125 0
5220 -0.037815484019613654 -0.021691829889546113 0
5221 -0.037065433394100386 -0.022949944725470905 0
5222 -0.036273541509236777 -0.024182152550431459 0
5223 -0.035440702290999063 -0.025387062388457546 0
5224 -0.034567855888699865 -0.02656331407887088 0
5225 -0.033655987613702018 -0.027709579811700469 0
5226 -0.032706126827151308 -0.028824565626578928 0
5227 -0.03171934577798368 -0.029907012873427709 0
5228 -0.030696758392518599 -0.030955699633282412 0
5229 -0.029639519017004984 -0.031969442097654156 0
5230 -0.028548821114539217 -0.032947095904870001 0
5231 -0.027425895917826033 -0.033887557431883979 0
5232 -0.026272011039303281 -0.034789765040100354 0
5233 -0.025088469040199689 -0.035652700273802594 0
5234 -0.023876605960140355 -0.036475389009835824 0
5235 -0.022637789808960487 -0.037256902557244162 0
5236 -0.021373419022429552 -0.037996358705622152 0
5237 -0.020084920883629086 -0.038692922720996691 0
5238 -0.018773749911766429 -0.039345808288115167 0
5239 -0.017441386220242716 -0.039954278398076332 0
5240 -0.016089333845829164 -0.040517646180301715 0
5241 -0.014719119050837389 -0.041035275677908364 0
5242 -0.013332288600200425 -0.041506582565607922 0
5243 -0.011930408015409566 -0.041931034809321283 0
5244 -0.010515059807277558 -0.042308153266764528 0
5245 -0.0090878416895237499 -0.042637512228327956 0
5246 -0.0076503647751973167 -0.042918739897637746 0
5247 -0.0062042517579746406 -0.043151518811257734 0
5248 -0.0047511350803841309 -0.043335586197057553 0
5249 -0.0032926550910256651 -0.043470734270842547 0
5250 -0.0018304581928656758 -0.043556810470910666 0
5251 -0.00036619498469752363 -0.043593717630271499 0
5252 0.0010984816021343332 -0.043581414086333113 0
5253 0.002561918169643664 -0.043519913727932777 0
5254 0.004022462719638166 -0.043409285979658582 0
5255 0.0054784665185752075 -0.043249655723479608 0
5256 0.0069282859587322717 -0.043041203157773079 0
5257 0.0083702844135909327 -0.042784163593907722 0
5258 0.0098028340853405036 -0.042478827190612835 0
5259 0.011224317842415017 -0.042125538626433083 0
5260 0.012633131044989858 -0.041724696710638595 0
5261 0.014027683356376901 -0.041276753933029764 0
5262 0.01540640053827394 -0.040782215953144747 0
5263 0.016767726227841097 -0.040241641029446495 0
5264 0.018110123694598735 -0.039655639389133489 0
5265 0.019432077575163423 -0.039024872539285674 0
5266 0.020732095583863481 -0.038350052520123232 0
5267 0.022008710197303664 -0.037631941101220964 0
5268 0.023260480310976616 -0.036871348921585861 0
5269 0.024485992866051614 -0.036069134574568479 0
5270 0.025683864444503803 -0.035226203638641158 0
5271 0.026852742830783771 -0.034343507655136982 0
5272 0.027991308538263933 -0.033422043054103893 0
5273 0.029098276298739064 -0.032462850029486047 0
5274 0.030172396513299421 -0.031467011364902438 0
5275 0.031212456662938599 -0.030435651211348211 0
5276 0.032217282677303817 -0.02936993381819852 0
5277 0.03318574026004352 -0.028271062218947294 0
5278 0.034116736169256014 -0.027140276873164733 0
5279 0.035009219451594069 -0.025978854266206379 0
5280 0.035862182628632056 -0.024788105468254384 0
5281 0.0366746628341564 -0.02356937465431802 0
5282 0.037445742901095702 -0.022324037586863691 0
5283 0.038174552396863397 -0.021053500062787486 0
5284 0.038860268605944347 -0.019759196326483479 0
5285 0.039502117458615954 -0.018442587450799054 0
5286 0.04009937440475566 -0.017105159687705013 0
5287 0.040651365231748268 -0.015748422790542237 0
5288 0.041157466825569859 -0.014373908309738804 0
5289 0.041617107874189055 -0.012983167863921858 0
5290 0.042029769512491877 -0.011577771388374802 0
5291 0.042394985908001788 -0.010159305362818458 0
5292 0.042712344786733983 -0.0087293710205157398 0
5293 0.042981487898590305 -0.0072895825407218659 0
5294 0.043202111421769288 -0.0058415652265204942 0
5295 0.043373966305734986 -0.0043869536701027674 0
5296 0.04349685855235727 -0.0029273899075603462 0
5297 0.04357064943490635 -0.001464521565275406 0
5298 0.045039755219084064 0 0
5299 0.045015640370078346 0.0014736594812857354 0
5300 0.044943321645845496 0.0029457409310877656 0
5301 0.044822876487086827 0.0044146680077180225 0
5302 0.04465443386949515 0.0058788677472702373 0
5303 0.044438174165644419 0.0073367722479890972 0
5304 0.044174328951842222 0.0087868203492187033 0
5305 0.04386318076015211 0.010227459303132517 0
5306 0.043505062775851151 0.011657146437454613 0
5307 0.043100358480646812 0.013074350807391803 0
5308 0.042649501242035134 0.014477554835007664 0
5309 0.042152973849239973 0.015865255934282986 0
5310 0.041611307996230175 0.017235968120122555 0
5311 0.041025083712368397 0.018588223599585171 0
5312 0.040394928741301135 0.019920574343633115 0
5313 0.039721517868755038 0.02123159363771792 0
5314 0.039005572199959558 0.022519877609542029 0
5315 0.038247858387469302 0.023784046732360415 0
5316 0.037449187810213364 0.025022747302212378 0
5317 0.03661041570465038 0.026234652887501656 0
5318 0.035732440248959933 0.027418465749372598 0
5319 0.034816201601250873 0.028572918231361433 0
5320 0.033862680892816431 0.029696774116834562 0
5321 0.032872899177514299 0.030788829952760305 0
5322 0.031847916338396537 0.031847916338396537 0
5323 0.030788829952760305 0.032872899177514299 0
5324 0.029696774116834562 0.033862680892816431 0
5325 0.028572918231361433 0.034816201601250873 0
5326 0.027418465749372598 0.035732440248959933 0
5327 0.026234652887501656 0.03661041570465038 0
5328 0.025022747302212388 0.037449187810213364 0
5329 0.023784046732360422 0.038247858387469302 0
5330 0.022519877609542036 0.039005572199959551 0
5331 0.02123159363771792 0.039721517868755038 0
5332 0.019920574343633115 0.040394928741301135 0
5333 0.018588223599585171 0.041025083712368397 0
5334 0.017235968120122559 0.041611307996230175 0
5335 0.015865255934282993 0.042152973849239966 0
5336 0.014477554835007667 0.042649501242035127 0
5337 0.01307435080739181 0.043100358480646812 0
5338 0.011657146437454613 0.043505062775851151 0
5339 0.010227459303132527 0.04386318076015211 0
5340 0.0087868203492187068 0.044174328951842222 0
5341 0.0073367722479891007 0.044438174165644419 0
5342 0.0058788677472702442 0.04465443386949515 0
5343 0.0044146680077180199 0.044822876487086827 0
5344 0.0029457409310877747 0.044943321645845496 0
5345 0.0014736594812857367 0.045015640370078346 0
5346 2.7578896031715798e-18 0.045039755219084064 0
5347 -0.0014736594812857311 0.045015640370078346 0
5348 -0.002945740931087769 0.044943321645845496 0
5349 -0.0044146680077180138 0.044822876487086827 0
5350 -0.005878867747270239 0.04465443386949515 0
5351 -0.0073367722479890964 0.044438174165644419 0
5352 -0.0087868203492186998 0.044174328951842222 0
5353 -0.01022745930313252 0.04386318076015211 0
5354 -0.011657146437454607 0.043505062775851151 0
5355 -0.013074350807391796 0.043100358480646812 0
5356 -0.014477554835007664 0.042649501242035134 0
5357 -0.015865255934282986 0.042152973849239973 0
5358 -0.017235968120122545 0.041611307996230175 0
5359 -0.018588223599585164 0.041025083712368404 0
5360 -0.019920574343633111 0.040394928741301135 0
5361 -0.021231593637717927 0.039721517868755038 0
5362 -0.022519877609542022 0.039005572199959558 0
5363 -0.023784046732360415 0.038247858387469302 0
5364 -0.025022747302212382 0.037449187810213364 0
5365 -0.026234652887501653 0.03661041570465038 0
5366 -0.027418465749372598 0.035732440248959933 0
5367 -0.028572918231361426 0.03481620160125088 0
5368 -0.029696774116834562 0.033862680892816431 0
5369 -0.030788829952760308 0.032872899177514292 0
5370 -0.031847916338396537 0.031847916338396537 0
5371 -0.032872899177514285 0.030788829952760319 0
5372 -0.033862680892816424 0.029696774116834568 0
5373 -0.034816201601250873 0.028572918231361433 0
5374 -0.035732440248959926 0.027418465749372609 0
5375 -0.036610415704650373 0.026234652887501656 0
5376 -0.037449187810213357 0.025022747302212392 0
5377 -0.038247858387469302 0.023784046732360422 0
5378 -0.039005572199959558 0.022519877609542029 0
5379 -0.039721517868755038 0.021231593637717934 0
5380 -0.040394928741301121 0.019920574343633136 0
5381 -0.041025083712368404 0.018588223599585164 0
5382 -0.041611307996230175 0.017235968120122562 0
5383 -0.042152973849239973 0.015865255934282986 0
5384 -0.042649501242035127 0.014477554835007671 0
5385 -0.043100358480646805 0.013074350807391824 0
5386 -0.043505062775851144 0.011657146437454625 0
5387 -0.04386318076015211 0.01022745930313252 0
5388 -0.044174328951842222 0.0087868203492186998 0
5389 -0.044438174165644419 0.007336772247989105 0
5390 -0.04465443386949515 0.0058788677472702564 0
5391 -0.044822876487086827 0.004414668007718032 0
5392 -0.044943321645845496 0.0029457409310877682 0
5393 -0.045015640370078346 0.0014736594812857296 0
5394 -0.045039755219084064 5.5157792063431595e-18 0
5395 -0.045015640370078346 -0.0014736594812857185 0
5396 -0.044943321645845496 -0.0029457409310877569 0
5397 -0.044822876487086827 -0.0044146680077180216 0
5398 -0.04465443386949515 -0.005878867747270246 0
5399 -0.044438174165644419 -0.0073367722479890938 0
5400 -0.044174328951842229 -0.0087868203492186877 0
5401 -0.04386318076015211 -0.010227459303132508 0
5402 -0.043505062775851151 -0.011657146437454614 0
5403 -0.043100358480646812 -0.013074350807391813 0
5404 -0.042649501242035134 -0.01447755483500766 0
5405 -0.042152973849239973 -0.015865255934282976 0
5406 -0.041611307996230175 -0.017235968120122552 0
5407 -0.041025083712368411 -0.018588223599585153 0
5408 -0.040394928741301128 -0.019920574343633125 0
5409 -0.039721517868755038 -0.021231593637717924 0
5410 -0.039005572199959565 -0.022519877609542018 0
5411 -0.038247858387469302 -0.023784046732360412 0
5412 -0.037449187810213377 -0.025022747302212368 0
5413 -0.036610415704650373 -0.026234652887501667 0
5414 -0.035732440248959933 -0.027418465749372598 0
5415 -0.03481620160125088 -0.028572918231361422 0
5416 -0.033862680892816438 -0.029696774116834562 0
5417 -0.032872899177514306 -0.030788829952760294 0
5418 -0.031847916338396558 -0.031847916338396516 0
5419 -0.030788829952760305 -0.032872899177514299 0
5420 -0.029696774116834572 -0.033862680892816424 0
5421 -0.02857291823136145 -0.03481620160125086 0
5422 -0.027418465749372609 -0.035732440248959926 0
5423 -0.026234652887501663 -0.036610415704650373 0
5424 -0.025022747302212378 -0.037449187810213364 0
5425 -0.023784046732360405 -0.038247858387469309 0
5426 -0.022519877609542053 -0.039005572199959544 0
5427 -0.021231593637717934 -0.039721517868755038 0
5428 -0.019920574343633122 -0.040394928741301128 0
5429 -0.018588223599585167 -0.041025083712368404 0
5430 -0.017235968120122545 -0.041611307996230175 0
5431 -0.015865255934283007 -0.042152973849239959 0
5432 -0.014477554835007672 -0.042649501242035127 0
5433 -0.013074350807391808 -0.043100358480646812 0
5434 -0.011657146437454607 -0.043505062775851151 0
5435 -0.010227459303132503 -0.043863180760152116 0
5436 -0.0087868203492187224 -0.044174328951842222 0
5437 -0.0073367722479891076 -0.044438174165644419 0
5438 -0.0058788677472702399 -0.04465443386949515 0
5439 -0.0044146680077180554 -0.044822876487086827 0
5440 -0.0029457409310877504 -0.044943321645845496 0
5441 -0.0014736594812857523 -0.045015640370078346 0
5442 -8.2736688095147393e-18 -0.045039755219084064 0
5443 0.0014736594812857359 -0.045015640370078346 0
5444 0.0029457409310877343 -0.044943321645845503 0
5445 0.0044146680077180389 -0.044822876487086827 0
5446 0.0058788677472702243 -0.044654433869495157 0
5447 0.0073367722479890912 -0.044438174165644419 0
5448 0.008786820349218705 -0.044174328951842222 0
5449 0.010227459303132487 -0.043863180760152123 0
5450 0.011657146437454592 -0.043505062775851158 0
5451 0.013074350807391791 -0.043100358480646812 0
5452 0.014477554835007659 -0.042649501242035134 0
5453 0.015865255934282989 -0.042152973849239966 0
5454 0.017235968120122527 -0.041611307996230182 0
5455 0.018588223599585153 -0.041025083712368411 0
5456 0.019920574343633105 -0.040394928741301142 0
5457 0.02123159363771792 -0.039721517868755038 0
5458 0.022519877609542036 -0.039005572199959551 0
5459 0.023784046732360391 -0.038247858387469316 0
5460 0.025022747302212361 -0.037449187810213377 0
5461 0.026234652887501646 -0.036610415704650387 0
5462 0.027418465749372564 -0.035732440248959961 0
5463 0.028572918231361405 -0.034816201601250894 0
5464 0.029696774116834572 -0.033862680892816417 0
5465 0.030788829952760326 -0.032872899177514285 0
5466 0.03184791633839653 -0.031847916338396544 0
5467 0.032872899177514292 -0.030788829952760308 0
5468 0.033862680892816438 -0.029696774116834558 0
5469 0.03481620160125086 -0.02857291823136145 0
5470 0.035732440248959926 -0.027418465749372609 0
5471 0.036610415704650373 -0.026234652887501663 0
5472 0.037449187810213343 -0.025022747302212413 0
5473 0.038247858387469288 -0.023784046732360439 0
5474 0.039005572199959544 -0.022519877609542053 0
5475 0.039721517868755052 -0.021231593637717903 0
5476 0.040394928741301128 -0.019920574343633125 0
5477 0.041025083712368397 -0.018588223599585171 0
5478 0.041611307996230175 -0.017235968120122545 0
5479 0.042152973849239959 -0.01586525593428301 0
5480 0.042649501242035127 -0.014477554835007676 0
5481 0.043100358480646812 -0.01307435080739181 0
5482 0.043505062775851144 -0.011657146437454649 0
5483 0.043863180760152103 -0.010227459303132545 0
5484 0.044174328951842222 -0.0087868203492187241 0
5485 0.044438174165644426 -0.0073367722479890695 0
5486 0.04465443386949515 -0.0058788677472702425 0
5487 0.044822876487086827 -0.0044146680077180181 0
5488 0.044943321645845496 -0.0029457409310877534 0
5489 0.045015640370078346 -0.0014736594812857552 0
5490 0.046493815449126542 0 0
5491 0.046470407783603895 0.0014751526846413171 0
5492 0.046400208356570952 0.0029488200155725394 0
5493 0.04628328785290018 0.004419518134708849 0
5494 0.046119764001627858 0.0058857661737100183 0
5495 0.045909801457410887 0.0073460877450892952 0
5496 0.045653611634733533 0.0087990124288104613 0
5497 0.045351452495030947 0.010243077252876162 0
5498 0.045003628286943882 0.011676828166416697 0
5499 0.044610489239966085 0.013098821503795984 0
5500 0.044172431211792894 0.014507625438260509 0
5501 0.043689895289726076 0.015901821423667448 0
5502 0.043163367346536349 0.017280005622840443 0
5503 0.042593377551230639 0.018640790321114594 0
5504 0.041980499835216858 0.019982805323647511 0
5505 0.041325351314403604 0.02130469933508939 0
5506 0.040628591667816773 0.022605141320222871 0
5507 0.039890922473358702 0.023882821844202661 0
5508 0.039113086501378652 0.025136454391045466 0
5509 0.038295866966766096 0.026364776659042483 0
5510 0.037440086740319643 0.027566551831790263 0
5511 0.036546607520185945 0.028740569823559974 0
5512 0.035616328964202686 0.02988564849775114 0
5513 0.034650187784019397 0.031000634857203023 0
5514 0.033649156801908248 0.032084406205164985 0
5515 0.032614243971214464 0.033135871275757019 0
5516 0.031546491361432755 0.034153971332781884 0
5517 0.030446974108931643 0.035137681235782821 0
5518 0.029316799334382318 0.036086010472273028 0
5519 0.028157105027981934 0.036998004155097776 0
5520 0.026969058903593975 0.037872743983924859 0
5521 0.025753857222959323 0.038709349169895171 0
5522 0.02451272359116214 0.039506977322502426 0
5523 0.023246907724563275 0.040264825297808983 0
5524 0.021957684192441752 0.040982130007143742 0
5525 0.020646351133611636 0.041658169185467712 0
5526 0.019314228949306209 0.042292262118633704 0
5527 0.017962658973645917 0.042883770328807795 0
5528 0.016593002123028572 0.043432098217362318 0
5529 0.015206637525801897 0.043936693664593282 0
5530 0.013804961133598199 0.044397048585658044 0
5531 0.012389384315729423 0.044812699442173705 0
5532 0.010961332438057839 0.045183227708960973 0
5533 0.0095222434277735021 0.04550826029546353 0
5534 0.0080735663255234111 0.045787469921418592 0
5535 0.0066167598263504089 0.046020575446400418 0
5536 0.0051532908109110055 0.046207342152904854 0
5537 0.0036846328684507624 0.046347581982689998 0
5538 0.0022122648130249532 0.046441153726134859 0
5539 0.00073766919445808629 0.046487963164425536 0
5540 -0.00073766919445808054 0.046487963164425536 0
5541 -0.0022122648130249475 0.046441153726134859 0
5542 -0.0036846328684507668 0.046347581982689998 0
5543 -0.0051532908109110003 0.046207342152904854 0
5544 -0.0066167598263504037 0.046020575446400425 0
5545 -0.0080735663255233955 0.045787469921418592 0
5546 -0.0095222434277734865 0.04550826029546353 0
5547 -0.010961332438057823 0.04518322770896098 0
5548 -0.012389384315729418 0.044812699442173705 0
5549 -0.013804961133598194 0.044397048585658044 0
5550 -0.015206637525801881 0.043936693664593289 0
5551 -0.016593002123028566 0.043432098217362325 0
5552 -0.017962658973645913 0.042883770328807795 0
5553 -0.019314228949306216 0.042292262118633704 0
5554 -0.020646351133611632 0.041658169185467712 0
5555 -0.021957684192441748 0.040982130007143742 0
5556 -0.023246907724563261 0.04026482529780899 0
5557 -0.024512723591162147 0.039506977322502419 0
5558 -0.025753857222959319 0.038709349169895171 0
5559 -0.026969058903593964 0.037872743983924866 0
5560 -0.028157105027981931 0.036998004155097783 0
5561 -0.029316799334382318 0.036086010472273028 0
5562 -0.030446974108931636 0.035137681235782821 0
5563 -0.031546491361432748 0.034153971332781891 0
5564 -0.032614243971214471 0.033135871275757005 0
5565 -0.033649156801908248 0.032084406205164985 0
5566 -0.03465018778401939 0.031000634857203026 0
5567 -0.035616328964202672 0.02988564849775115 0
5568 -0.036546607520185931 0.028740569823559988 0
5569 -0.037440086740319643 0.027566551831790263 0
5570 -0.038295866966766089 0.02636477665904249 0
5571 -0.039113086501378652 0.025136454391045476 0
5572 -0.039890922473358688 0.023882821844202679 0
5573 -0.040628591667816773 0.022605141320222871 0
5574 -0.041325351314403597 0.021304699335089397 0
5575 -0.041980499835216852 0.019982805323647521 0
5576 -0.042593377551230639 0.018640790321114604 0
5577 -0.043163367346536342 0.017280005622840464 0
5578 -0.043689895289726069 0.01590182142366748 0
5579 -0.044172431211792894 0.0145076254382605 0
5580 -0.044610489239966085 0.013098821503795984 0
5581 -0.045003628286943882 0.011676828166416698 0
5582 -0.045351452495030947 0.010243077252876171 0
5583 -0.045653611634733526 0.0087990124288104751 0
5584 -0.045909801457410887 0.0073460877450892952 0
5585 -0.046119764001627858 0.0058857661737100235 0
5586 -0.04628328785290018 0.0044195181347088594 0
5587 -0.046400208356570945 0.002948820015572555 0
5588 -0.046470407783603895 0.0014751526846413382 0
5589 -0.046493815449126542 -1.4953551538725183e-17 0
5590 -0.046470407783603895 -0.0014751526846413269 0
5591 -0.046400208356570952 -0.0029488200155725433 0
5592 -0.04628328785290018 -0.0044195181347088481 0
5593 -0.046119764001627858 -0.0058857661737100114 0
5594 -0.045909801457410887 -0.0073460877450893048 0
5595 -0.045653611634733533 -0.0087990124288104647 0
5596 -0.045351452495030947 -0.010243077252876159 0
5597 -0.045003628286943889 -0.011676828166416686 0
5598 -0.044610489239966092 -0.013098821503795972 0
5599 -0.044172431211792894 -0.01450762543826049 0
5600 -0.043689895289726076 -0.015901821423667448 0
5601 -0.043163367346536356 -0.017280005622840437 0
5602 -0.042593377551230646 -0.018640790321114577 0
5603 -0.041980499835216865 -0.019982805323647494 0
5604 -0.041325351314403611 -0.021304699335089369 0
5605 -0.040628591667816766 -0.022605141320222882 0
5606 -0.039890922473358695 -0.023882821844202668 0
5607 -0.039113086501378652 -0.025136454391045466 0
5608 -0.038295866966766096 -0.02636477665904248 0
5609 -0.03744008674031965 -0.02756655183179026 0
5610 -0.036546607520185952 -0.028740569823559964 0
5611 -0.035616328964202679 -0.02988564849775114 0
5612 -0.034650187784019397 -0.031000634857203016 0
5613 -0.033649156801908255 -0.032084406205164985 0
5614 -0.032614243971214485 -0.033135871275757005 0
5615 -0.031546491361432769 -0.034153971332781863 0
5616 -0.030446974108931633 -0.035137681235782835 0
5617 -0.029316799334382315 -0.036086010472273028 0
5618 -0.028157105027981934 -0.036998004155097776 0
5619 -0.026969058903593975 -0.037872743983924859 0
5620 -0.02575385722295933 -0.038709349169895171 0
5621 -0.024512723591162158 -0.039506977322502412 0
5622 -0.023246907724563292 -0.040264825297808976 0
5623 -0.021957684192441738 -0.040982130007143749 0
5624 -0.020646351133611626 -0.041658169185467719 0
5625 -0.019314228949306209 -0.042292262118633711 0
5626 -0.01796265897364592 -0.042883770328807788 0
5627 -0.016593002123028576 -0.043432098217362318 0
5628 -0.015206637525801902 -0.043936693664593275 0
5629 -0.013804961133598215 -0.044397048585658037 0
5630 -0.012389384315729439 -0.044812699442173705 0
5631 -0.010961332438057863 -0.045183227708960973 0
5632 -0.0095222434277734882 -0.04550826029546353 0
5633 -0.0080735663255233955 -0.045787469921418592 0
5634 -0.0066167598263504141 -0.046020575446400418 0
5635 -0.0051532908109110116 -0.046207342152904854 0
5636 -0.0036846328684507785 -0.046347581982689991 0
5637 -0.002212264813024928 -0.046441153726134859 0
5638 -0.00073766919445806102 -0.046487963164425536 0
5639 0.0007376691944580852 -0.046487963164425536 0
5640 0.0022122648130249523 -0.046441153726134859 0
5641 0.0036846328684507611 -0.046347581982689998 0
5642 0.0051532908109109951 -0.046207342152904854 0
5643 0.0066167598263503977 -0.046020575446400425 0
5644 0.0080735663255233799 -0.045787469921418598 0
5645 0.0095222434277734708 -0.045508260295463537 0
5646 0.010961332438057808 -0.045183227708960987 0
5647 0.012389384315729385 -0.044812699442173719 0
5648 0.013804961133598199 -0.044397048585658044 0
5649 0.015206637525801887 -0.043936693664593289 0
5650 0.016593002123028562 -0.043432098217362325 0
5651 0.017962658973645906 -0.042883770328807795 0
5652 0.019314228949306192 -0.042292262118633718 0
5653 0.020646351133611608 -0.041658169185467719 0
5654 0.021957684192441724 -0.040982130007143756 0
5655 0.02324690772456324 -0.040264825297809004 0
5656 0.02451272359116214 -0.039506977322502426 0
5657 0.025753857222959312 -0.038709349169895171 0
5658 0.026969058903593961 -0.037872743983924866 0
5659 0.028157105027981924 -0.036998004155097783 0
5660 0.029316799334382297 -0.036086010472273042 0
5661 0.030446974108931615 -0.035137681235782842 0
5662 0.031546491361432727 -0.034153971332781904 0
5663 0.032614243971214443 -0.03313587127575704 0
5664 0.03364915680190822 -0.032084406205165027 0
5665 0.034650187784019362 -0.031000634857203058 0
5666 0.035616328964202644 -0.029885648497751188 0
5667 0.036546607520185952 -0.028740569823559957 0
5668 0.03744008674031965 -0.027566551831790253 0
5669 0.038295866966766103 -0.026364776659042473 0
5670 0.039113086501378652 -0.025136454391045459 0
5671 0.039890922473358702 -0.023882821844202668 0
5672 0.040628591667816773 -0.022605141320222878 0
5673 0.041325351314403597 -0.021304699335089404 0
5674 0.041980499835216852 -0.019982805323647525 0
5675 0.042593377551230632 -0.018640790321114611 0
5676 0.043163367346536342 -0.017280005622840471 0
5677 0.043689895289726076 -0.015901821423667445 0
5678 0.044172431211792894 -0.014507625438260506 0
5679 0.044610489239966085 -0.013098821503795989 0
5680 0.045003628286943882 -0.011676828166416704 0
5681 0.04535145249503094 -0.010243077252876176 0
5682 0.045653611634733526 -0.0087990124288104821 0
5683 0.045909801457410887 -0.0073460877450893212 0
5684 0.046119764001627858 -0.0058857661737100487 0
5685 0.046283287852900173 -0.0044195181347088854 0
5686 0.046400208356570945 -0.0029488200155725814 0
5687 0.046470407783603895 -0.0014751526846413646 0
5688 0.047955053294455749 0 0
5689 0.04793208454388382 0.0014840511285211767 0
5690 0.047863200294583484 0.0029666806425151962 0
5691 0.047748466532724375 0.0044464682892596434 0
5692 0.047587993165020256 0.0059219965383370769 0
5693 0.047381933913446327 0.0073918519395274798 0
5694 0.047130486167984535 0.0088546264767921934 0
5695 0.046833890797538198 0.010308918917052273 0
5696 0.04649243191919681 0.011753336152469259 0
5697 0.046106436626072292 0.013186494534942576 0
5698 0.045676274673967246 0.014607021201545141 0
5699 0.045202358127175414 0.016013555389627572 0
5700 0.044685140963753617 0.017404749740331217 0
5701 0.044125118640643404 0.018779271589261258 0
5702 0.043522827619058783 0.02013580424308363 0
5703 0.042878844850594899 0.021473048240822783 0
5704 0.04219378722454975 0.022789722598652085 0
5705 0.041468310976988533 0.024084566036984428 0
5706 0.040703111062116548 0.025356338188687596 0
5707 0.039898920486562905 0.02660382078726704 0
5708 0.039056509607212797 0.027825818833877743 0
5709 0.038176685393260808 0.029021161742047445 0
5710 0.037260290653192349 0.030188704459014434 0
5711 0.036308203227433576 0.03132732856260606 0
5712 0.035321335147443206 0.032435943332606867 0
5713 0.034300631762051864 0.033513486795590366 0
5714 0.033247070831885633 0.034558926742213371 0
5715 0.0321616615927416 0.035571261715998503 0
5716 0.031045443788812254 0.036549521972657727 0
5717 0.029899486676685225 0.037492770409037715 0
5718 0.028724888001072126 0.038400103460797523 0
5719 0.027522772943247877 0.039270651967958384 0
5720 0.026294293043207736 0.040103582007496641 0
5721 0.025040625096574627 0.040898095692182147 0
5722 0.023762970027313299 0.041653431934897046 0
5723 0.022462551737331353 0.042368867177702586 0
5724 0.021140615934068959 0.043043716084955781 0
5725 0.01979842893720055 0.043677332199811736 0
5726 0.018437276465591342 0.044269108563482984 0
5727 0.017058462405670959 0.04481847829666244 0
5728 0.015663307562403677 0.045324915142553095 0
5729 0.014253148394052119 0.045787933970984331 0
5730 0.01282933573194598 0.046207091243131777 0
5731 0.011393233486482664 0.046581985436395704 0
5732 0.0099462173405988029 0.046912257429030879 0
5733 0.0084896734319647622 0.047197590844159441 0
5734 0.007024997025164236 0.047437712352837218 0
5735 0.0055535911751307294 0.047632391935883311 0
5736 0.0040768653831217017 0.047781443104221909 0
5737 0.0025962342465173692 0.047884723077525483 0
5738 0.0011131161037379672 0.047942132920988097 0
5739 -0.00037106832442275283 0.047953617640097826 0
5740 -0.0018548972957461729 0.047919166233317594 0
5741 -0.003336949408515753 0.047838811702623815 0
5742 -0.004815804963118054 0.047712631021892923 0
5743 -0.0062900473220130655 0.047540745063165843 0
5744 -0.007758264266771289 0.047323318480861326 0
5745 -0.0092190493508778129 0.047060559554048767 0
5746 -0.010671003247007121 0.046752719986931826 0
5747 -0.012112735087478271 0.046400094667733857 0
5748 -0.013542863796606425 0.046003021386216127 0
5749 -0.014960019413674235 0.045561880510099462 0
5750 -0.016362844405255959 0.045077094620699268 0
5751 -0.017749994965637138 0.044549128108122921 0
5752 -0.019120142304083983 0.043978486726417375 0
5753 -0.020471973917729716 0.043365717109093045 0
5754 -0.021804194848858042 0.042711406245488144 0
5755 -0.023115528925379811 0.04201618091847497 0
5756 -0.024404719983314387 0.041280707104046882 0
5757 -0.025670533070104466 0.040505689333361114 0
5758 -0.026911755627612263 0.039691870017848373 0
5759 -0.028127198653663064 0.038840028738036048 0
5760 -0.029315697841024068 0.037950981496765901 0
5761 -0.030476114692727208 0.037025579937521952 0
5762 -0.03160733761266761 0.036064710528617011 0
5763 -0.03270828297043285 0.035069293714019734 0
5764 -0.033777896139343205 0.034040283031635248 0
5765 -0.034815152506708358 0.032978664199884294 0
5766 -0.035819058455332842 0.031885454173455639 0
5767 -0.036788652315330114 0.03076170016913642 0
5768 -0.037723005285333143 0.029608478662653693 0
5769 -0.03862122232221972 0.028426894357487735 0
5770 -0.039482442998499401 0.02721807912664552 0
5771 -0.040305842326541441 0.025983190928407389 0
5772 -0.041090631548853604 0.024723412697086299 0
5773 -0.041836058893655437 0.023439951209861441 0
5774 -0.042541410295021648 0.022134035930772268 0
5775 -0.043206010076905964 0.020806917832980238 0
5776 -0.04382922160039044 0.019459868200426216 0
5777 -0.044410447873539788 0.018094177410031553 0
5778 -0.044949132123276857 0.016711153695609764 0
5779 -0.04544475832873128 0.015312121894672201 0
5780 -0.045896851715550531 0.013898422179328757 0
5781 -0.046304979210699579 0.012471408772499259 0
5782 -0.046668749857313882 0.01103244865066485 0
5783 -0.046987815189207985 0.0095829202344028131 0
5784 -0.047261869564681119 0.0081242120679583425 0
5785 -0.047490650459300059 0.0066577214891187855 0
5786 -0.047673938717378683 0.0051848532906643777 0
5787 -0.047811558761913363 0.0037070183746774486 0
5788 -0.047903378762773223 0.0022256324009994471 0
5789 -0.047949310762983852 0.00074211443113036762 0
5790 -0.047949310762983852 -0.0007421144311303558 0
5791 -0.047903378762773223 -0.0022256324009994354 0
5792 -0.047811558761913363 -0.0037070183746774582 0
5793 -0.047673938717378683 -0.0051848532906643664 0
5794 -0.047490650459300066 -0.0066577214891187734 0
5795 -0.047261869564681119 -0.0081242120679583096 0
5796 -0.046987815189207985 -0.009582920234402801 0
5797 -0.046668749857313882 -0.01103244865066484 0
5798 -0.046304979210699579 -0.012471408772499248 0
5799 -0.045896851715550531 -0.013898422179328747 0
5800 -0.045444758328731287 -0.015312121894672187 0
5801 -0.044949132123276857 -0.016711153695609753 0
5802 -0.044410447873539795 -0.018094177410031539 0
5803 -0.043829221600390447 -0.019459868200426205 0
5804 -0.043206010076905971 -0.020806917832980228 0
5805 -0.042541410295021648 -0.022134035930772258 0
5806 -0.041836058893655458 -0.023439951209861414 0
5807 -0.041090631548853604 -0.024723412697086288 0
5808 -0.040305842326541441 -0.025983190928407375 0
5809 -0.039482442998499408 -0.027218079126645509 0
5810 -0.038621222322219727 -0.028426894357487732 0
5811 -0.03772300528533315 -0.029608478662653683 0
5812 -0.036788652315330121 -0.030761700169136409 0
5813 -0.035819058455332869 -0.031885454173455618 0
5814 -0.034815152506708351 -0.032978664199884301 0
5815 -0.033777896139343212 -0.034040283031635241 0
5816 -0.032708282970432857 -0.03506929371401972 0
5817 -0.031607337612667624 -0.036064710528616997 0
5818 -0.030476114692727218 -0.037025579937521938 0
5819 -0.029315697841024078 -0.037950981496765901 0
5820 -0.028127198653663057 -0.038840028738036048 0
5821 -0.026911755627612274 -0.039691870017848366 0
5822 -0.025670533070104494 -0.040505689333361093 0
5823 -0.024404719983314383 -0.041280707104046889 0
5824 -0.023115528925379804 -0.042016180918474977 0
5825 -0.021804194848858035 -0.042711406245488144 0
5826 -0.020471973917729726 -0.043365717109093045 0
5827 -0.019120142304084015 -0.043978486726417361 0
5828 -0.017749994965637138 -0.044549128108122921 0
5829 -0.016362844405255986 -0.045077094620699261 0
5830 -0.014960019413674235 -0.045561880510099462 0
5831 -0.013542863796606446 -0.04600302138621612 0
5832 -0.012112735087478271 -0.046400094667733857 0
5833 -0.010671003247007134 -0.046752719986931826 0
5834 -0.0092190493508778459 -0.04706055955404876 0
5835 -0.0077582642667712908 -0.047323318480861326 0
5836 -0.0062900473220130777 -0.047540745063165843 0
5837 -0.0048158049631180557 -0.047712631021892923 0
5838 -0.0033369494085157647 -0.047838811702623815 0
5839 -0.0018548972957461952 -0.047919166233317594 0
5840 -0.00037106832442276454 -0.047953617640097826 0
5841 0.0011131161037379873 -0.047942132920988097 0
5842 0.0025962342465173679 -0.047884723077525483 0
5843 0.0040768653831216792 -0.047781443104221909 0
5844 0.0055535911751306974 -0.047632391935883311 0
5845 0.0070249970251642238 -0.047437712352837218 0
5846 0.0084896734319647813 -0.047197590844159434 0
5847 0.0099462173405987907 -0.046912257429030879 0
5848 0.011393233486482642 -0.046581985436395704 0
5849 0.012829335731945991 -0.04620709124313177 0
5850 0.014253148394052098 -0.045787933970984331 0
5851 0.015663307562403649 -0.045324915142553109 0
5852 0.017058462405670907 -0.04481847829666246 0
5853 0.018437276465591321 -0.044269108563482998 0
5854 0.01979842893720055 -0.043677332199811736 0
5855 0.021140615934068983 -0.043043716084955767 0
5856 0.02246255173733136 -0.042368867177702579 0
5857 0.023762970027313295 -0.041653431934897046 0
5858 0.02504062509657461 -0.040898095692182161 0
5859 0.026294293043207736 -0.040103582007496641 0
5860 0.027522772943247856 -0.039270651967958398 0
5861 0.028724888001072094 -0.038400103460797544 0
5862 0.029899486676685214 -0.037492770409037722 0
5863 0.031045443788812233 -0.036549521972657741 0
5864 0.032161661592741565 -0.035571261715998538 0
5865 0.033247070831885661 -0.03455892674221335 0
5866 0.034300631762051864 -0.033513486795590366 0
5867 0.035321335147443199 -0.032435943332606881 0
5868 0.036308203227433576 -0.031327328562606054 0
5869 0.037260290653192349 -0.030188704459014438 0
5870 0.038176685393260794 -0.029021161742047462 0
5871 0.039056509607212797 -0.02782581883387775 0
5872 0.039898920486562899 -0.026603820787267057 0
5873 0.040703111062116527 -0.025356338188687624 0
5874 0.041468310976988512 -0.024084566036984469 0
5875 0.042193787224549757 -0.022789722598652071 0
5876 0.042878844850594899 -0.021473048240822787 0
5877 0.043522827619058797 -0.020135804243083609 0
5878 0.044125118640643411 -0.018779271589261251 0
5879 0.04468514096375361 -0.017404749740331231 0
5880 0.0452023581271754 -0.016013555389627603 0
5881 0.045676274673967246 -0.014607021201545146 0
5882 0.046106436626072292 -0.013186494534942599 0
5883 0.046492431919196796 -0.011753336152469299 0
5884 0.046833890797538198 -0.010308918917052287 0
5885 0.047130486167984528 -0.0088546264767922281 0
5886 0.047381933913446327 -0.0073918519395274893 0
5887 0.047587993165020256 -0.0059219965383370604 0
5888 0.047748466532724375 -0.0044464682892596452 0
5889 0.047863200294583484 -0.0029666806425152157 0
5890 0.04793208454388382 -0.0014840511285211708 0
5891 0.050000000000000003 0 0
5892 0.049977833213291023 0.0014886864359107178 0
5893 0.049911352507821416 0.002976052896033381 0
5894 0.049800616830135924 0.0044607805749648033 0
5895 0.049645724366400454 0.005941553007033795 0
5896 0.049446812455343291 0.0074170572335737059 0
5897 0.049204057466480669 0.0088859849670854234 0
5898 0.048917674643735025 0.010347033751258556 0
5899 0.048587917914584305 0.011798908115822302 0
5900 0.048215079664911759 0.013240320725201954 0
5901 0.04779949047975568 0.014669993519962652 0
5902 0.047341518850189106 0.016086658850028187 0
5903 0.046841570846589277 0.01748906059867018 0
5904 0.046300089758586668 0.018875955296270924 0
5905 0.045717555702012656 0.020246113222872446 0
5906 0.045094485193194554 0.02159831949853408 0
5907 0.044431430690975306 0.022931375160531866 0
5908 0.043728980106864004 0.024244098226444563 0
5909 0.04298775628375151 0.025535324742183781 0
5910 0.042208416443653432 0.02680390981403883 0
5911 0.041391651604970159 0.028048728623821295 0
5912 0.040538185969780489 0.02926867742620928 0
5913 0.0396487762817124 0.030462674527406825 0
5914 0.038724211154959956 0.031629661244251026 0
5915 0.037765310375041695 0.032768602842916085 0
5916 0.036772924171920171 0.033878489456382339 0
5917 0.035747932466127272 0.034958336979856529 0
5918 0.034691244088563833 0.036007187943349381 0
5919 0.033603795974665188 0.037024112360637039 0
5920 0.032486552333647244 0.038008208553853201 0
5921 0.031340503793569709 0.038958603952981202 0
5922 0.030166666522974412 0.039874455869537022 0
5923 0.028966081329877692 0.04075495224375697 0
5924 0.027739812738915612 0.041599312364628042 0
5925 0.026488948047460305 0.042406787562122045 0
5926 0.025214596361544474 0.043176661871019956 0
5927 0.023917887612448674 0.043908252665737842 0
5928 0.022599971554823489 0.044600911265591535 0
5929 0.021262016747234921 0.045254023509963201 0
5930 0.019905209516036814 0.045867010302860139 0
5931 0.018530752903489125 0.046439328126382601 0
5932 0.017139865601054703 0.046970469522645629 0
5933 0.015733780868820307 0.047459963543727508 0
5934 0.014313745442000123 0.047907376169245806 0
5935 0.012881018425491176 0.048312310691190886 0
5936 0.011436870177460918 0.048674408065675592 0
5937 0.0099825811829569906 0.048993347231289203 0
5938 0.008519440918537546 0.049268845393773422 0
5939 0.0070487467089292745 0.049500658276767986 0
5940 0.0055718025767265162 0.049688580338403551 0
5941 0.0040899180861516237 0.049832444953549791 0
5942 0.0026044071819018261 0.049932124561557149 0
5943 0.0011165870241118356 0.049987530779361217 0
5944 -0.00037222317953436354 0.049998614479849518 0
5945 -0.0018607033435073966 0.049965365835421049 0
5946 -0.0033475336749146829 0.04988781432670019 0
5947 -0.0048313958437230416 0.04976602871639705 0
5948 -0.0063109741516844224 0.04960011698833755 0
5949 -0.0077849566989279632 0.049390226251717219 0
5950 -0.009252036547184133 0.049136542610663698 0
5951 -0.010710912878609711 0.048839290999223489 0
5952 -0.012160292149185757 0.048498734981919395 0
5953 -0.013598889235666198 0.048115176520055314 0
5954 -0.01502542857506001 0.047688955703975848 0
5955 -0.016438645295636441 0.047220450451517827 0
5956 -0.017837286338450744 0.046710076172921389 0
5957 -0.019220111568395815 0.046158285402497543 0
5958 -0.020585894873794502 0.04556556739737893 0
5959 -0.021933425253557959 0.044932447703709466 0
5960 -0.0232615078909457 0.044259487690657601 0
5961 -0.024568965212975528 0.043547284052666231 0
5962 -0.025854637934543928 0.042796468280380834 0
5963 -0.027117386086330977 0.042007706100724705 0
5964 -0.028356090025578814 0.041181696886617845 0
5965 -0.029569651428846773 0.040319173036862999 0
5966 -0.030756994265863431 0.039420899326748547 0
5967 -0.03191706575361207 0.038487672229944016 0
5968 -0.033048837289803241 0.037520319212289641 0
5969 -0.034151305364907104 0.036519697998105997 0
5970 -0.035223492451936685 0.035486695809674361 0
5971 -0.036264447873193183 0.034422228580561938 0
5972 -0.037273248643204714 0.033327240143489804 0
5973 -0.038249000287111271 0.032202701393463283 0
5974 -0.039190837633770008 0.031049609426907078 0
5975 -0.040097925582877773 0.029868986657568361 0
5976 -0.040969459845430815 0.028661879909971585 0
5977 -0.04180466765686483 0.027429359491229099 0
5978 -0.042602808462243263 0.026172518242030398 0
5979 -0.043363174572886271 0.024892470567651363 0
5980 -0.044085091793858049 0.023590351449843009 0
5981 -0.044767920021756204 0.022267315440475534 0
5982 -0.045411053812273297 0.02092453563783004 0
5983 -0.046013922917026925 0.019563202646445819 0
5984 -0.046575992789182757 0.01818452352144527 0
5985 -0.047096765057421927 0.016789720698272531 0
5986 -0.047575777967832668 0.01538003090879494 0
5987 -0.048012606793334356 0.013956704084728037 0
5988 -0.048406864210270843 0.012521002249356879 0
5989 -0.048758200641839354 0.011074198398535975 0
5990 -0.04906630456805023 0.0096175753719601013 0
5991 -0.0493309028019428 0.0081524247157071395 0
5992 -0.049551760731812493 0.006680045537060815 0
5993 -0.049728682529234326 0.0052017433526294395 0
5994 -0.049861511322698421 0.0037188289307815616 0
5995 -0.049950129336703404 0.002232617129425029 0
5996 -0.049994457996184696 0.00074442573016008816 0
5997 -0.049994457996184696 -0.00074442573016009813 0
5998 -0.049950129336703404 -0.0022326171294250389 0
5999 -0.049861511322698421 -0.0037188289307815269 0
6000 -0.049728682529234333 -0.0052017433526294057 0
6001 -0.049551760731812493 -0.0066800455370608029 0
6002 -0.0493309028019428 -0.0081524247157071274 0
6003 -0.04906630456805023 -0.0096175753719600892 0
6004 -0.048758200641839361 -0.011074198398535941 0
6005 -0.04840686421027085 -0.012521002249356867 0
6006 -0.048012606793334349 -0.013956704084728048 0
6007 -0.047575777967832668 -0.015380030908794948 0
6008 -0.047096765057421927 -0.016789720698272542 0
6009 -0.046575992789182764 -0.018184523521445239 0
6010 -0.046013922917026939 -0.019563202646445788 0
6011 -0.045411053812273311 -0.020924535637830009 0
6012 -0.044767920021756211 -0.022267315440475523 0
6013 -0.044085091793858056 -0.023590351449842999 0
6014 -0.043363174572886298 -0.024892470567651336 0
6015 -0.042602808462243284 -0.02617251824203037 0
6016 -0.041804667656864837 -0.027429359491229089 0
6017 -0.040969459845430808 -0.028661879909971589 0
6018 -0.040097925582877766 -0.029868986657568371 0
6019 -0.039190837633770001 -0.031049609426907085 0
6020 -0.038249000287111291 -0.032202701393463255 0
6021 -0.037273248643204741 -0.033327240143489777 0
6022 -0.036264447873193183 -0.034422228580561924 0
6023 -0.035223492451936698 -0.035486695809674347 0
6024 -0.034151305364907111 -0.036519697998105997 0
6025 -0.033048837289803255 -0.037520319212289627 0
6026 -0.031917065753612098 -0.038487672229943995 0
6027 -0.030756994265863442 -0.03942089932674854 0
6028 -0.029569651428846766 -0.040319173036863006 0
6029 -0.028356090025578845 -0.041181696886617825 0
6030 -0.027117386086330988 -0.042007706100724698 0
6031 -0.025854637934543935 -0.042796468280380827 0
6032 -0.024568965212975538 -0.043547284052666224 0
6033 -0.023261507890945689 -0.044259487690657601 0
6034 -0.021933425253557969 -0.044932447703709466 0
6035 -0.020585894873794534 -0.045565567397378909 0
6036 -0.019220111568395828 -0.046158285402497536 0
6037 -0.017837286338450786 -0.046710076172921375 0
6038 -0.016438645295636455 -0.04722045045151782 0
6039 -0.015025428575060002 -0.047688955703975848 0
6040 -0.01359888923566622 -0.048115176520055314 0
6041 -0.012160292149185757 -0.048498734981919395 0
6042 -0.010710912878609744 -0.048839290999223489 0
6043 -0.0092520365471841452 -0.049136542610663692 0
6044 -0.0077849566989279424 -0.049390226251717226 0
6045 -0.0063109741516844346 -0.04960011698833755 0
6046 -0.0048313958437230763 -0.04976602871639705 0
6047 -0.0033475336749146955 -0.04988781432670019 0
6048 -0.0018607033435074421 -0.049965365835421049 0
6049 -0.00037222317953437573 -0.049998614479849518 0
6050 0.0011165870241118456 -0.049987530779361217 0
6051 0.0026044071819018026 -0.049932124561557149 0
6052 0.004089918086151622 -0.049832444953549791 0
6053 0.0055718025767264815 -0.049688580338403558 0
6054 0.0070487467089292285 -0.049500658276767993 0
6055 0.0085194409185375217 -0.049268845393773422 0
6056 0.0099825811829569351 -0.04899334723128921 0
6057 0.011436870177460928 -0.048674408065675592 0
6058 0.012881018425491154 -0.048312310691190893 0
6059 0.014313745442000132 -0.047907376169245806 0
6060 0.015733780868820293 -0.047459963543727515 0
6061 0.0171398656010547 -0.046970469522645636 0
6062 0.018530752903489104 -0.046439328126382601 0
6063 0.019905209516036814 -0.045867010302860139 0
6064 0.021262016747234901 -0.045254023509963215 0
6065 0.022599971554823448 -0.044600911265591549 0
6066 0.023917887612448646 -0.043908252665737862 0
6067 0.025214596361544425 -0.043176661871019983 0
6068 0.026488948047460315 -0.042406787562122045 0
6069 0.027739812738915598 -0.041599312364628049 0
6070 0.028966081329877703 -0.040754952243756963 0
6071 0.030166666522974395 -0.039874455869537029 0
6072 0.031340503793569709 -0.038958603952981209 0
6073 0.03248655233364723 -0.038008208553853208 0
6074 0.033603795974665188 -0.037024112360637039 0
6075 0.034691244088563812 -0.036007187943349402 0
6076 0.035747932466127237 -0.034958336979856557 0
6077 0.03677292417192015 -0.03387848945638236 0
6078 0.037765310375041689 -0.032768602842916092 0
6079 0.038724211154959963 -0.031629661244251019 0
6080 0.039648776281712386 -0.030462674527406843 0
6081 0.040538185969780496 -0.029268677426209269 0
6082 0.041391651604970145 -0.028048728623821309 0
6083 0.042208416443653432 -0.026803909814038823 0
6084 0.04298775628375149 -0.025535324742183802 0
6085 0.043728980106864004 -0.024244098226444563 0
6086 0.044431430690975299 -0.022931375160531883 0
6087 0.045094485193194533 -0.021598319498534125 0
6088 0.045717555702012642 -0.02024611322287247 0
6089 0.046300089758586661 -0.018875955296270931 0
6090 0.046841570846589284 -0.017489060598670166 0
6091 0.047341518850189099 -0.016086658850028201 0
6092 0.04779949047975568 -0.014669993519962647 0
6093 0.048215079664911759 -0.013240320725201975 0
6094 0.048587917914584305 -0.011798908115822298 0
6095 0.048917674643735018 -0.010347033751258576 0
6096 0.049204057466480662 -0.0088859849670854651 0
6097 0.049446812455343284 -0.007417057233573731 0
6098 0.049645724366400447 -0.0059415530070338427 0
6099 0.049800616830135924 -0.0044607805749647877 0
6100 0.049911352507821416 -0.0029760528960333888 0
6101 0.049977833213291023 -0.0014886864359107059 0
$EndNodes
$Elements
12200
1 1 2 1 1 5891 5892
2 1 2 1 1 5892 5893
3 1 2 1 1 5893 5894
4 1 2 1 1 5894 5895
5 1 2 1 1 5895 5896
6 1 2 1 1 5896 5897
7 1 2 1 1 5897 5898
8 1 2 1 1 5898 5899
9 1 2 1 1 5899 5900
10 1 2 1 1 5900 5901
11 1 2 1 1 5901 5902
12 1 2 1 1 5902 5903
13 1 2 1 1 5903 5904
14 1 2 1 1 5904 5905
15 1 2 1 1 5905 5906
16 1 2 1 1 5906 5907
17 1 2 1 1 5907 5908
18 1 2 1 1 5908 5909
19 1 2 1 1 5909 5910
20 1 2 1 1 5910 5911
21 1 2 1 1 5911 5912
22 1 2 1 1 5912 5913
23 1 2 1 1 5913 5914
24 1 2 1 1 5914 5915
25 1 2 1 1 5915 5916
26 1 2 1 1 5916 5917
27 1 2 1 1 5917 5918
28 1 2 1 1 5918 5919
29 1 2 1 1 5919 5920
30 1 2 1 1 5920 5921
31 1 2 1 1 5921 5922
32 1 2 1 1 5922 5923
33 1 2 1 1 5923 5924
34 1 2 1 1 5924 5925
35 1 2 1 1 5925 5926
36 1 2 1 1 5926 5927
37 1 2 1 1 5927 5928
38 1 2 1 1 5928 5929
39 1 2 1 1 5929 5930
40 1 2 1 1 5930 5931
41 1 2 1 1 5931 5932
42 1 2 1 1 5932 5933
43 1 2 1 1 5933 5934
44 1 2 1 1 5934 5935
45 1 2 1 1 5935 5936
46 1 2 1 1 5936 5937
47 1 2 1 1 5937 5938
48 1 2 1 1 5938 5939
49 1 2 1 1 5939 5940
50 1 2 1 1 5940 5941
51 1 2 1 1 5941 5942
52 1 2 1 1 5942 5943
53 1 2 1 1 5943 5944
54 1 2 1 1 5944 5945
55 1 2 1 1 5945 5946
56 1 2 1 1 5946 5947
57 1 2 1 1 5947 5948
58 1 2 1 1 5948 5949
59 1 2 1 1 5949 5950
60 1 2 1 1 5950 5951
61 1 2 1 1 5951 5952
62 1 2 1 1 5952 5953
63 1 2 1 1 5953 5954
64 1 2 1 1 5954 5955
65 1 2 1 1 5955 5956
66 1 2 1 1 5956 5957
67 1 2 1 1 5957 5958
68 1 2 1 1 5958 5959
69 1 2 1 1 5959 5960
70 1 2 1 1 5960 5961
71 1 2 1 1 5961 5962
72 1 2 1 1 5962 5963
73 1 2 1 1 5963 5964
74 1 2 1 1 5964 5965
75 1 2 1 1 5965 5966
76 1 2 1 1 5966 5967
77 1 2 1 1 5967 5968
78 1 2 1 1 5968 5969
79 1 2 1 1 5969 5970
80 1 2 1 1 5970 5971
81 1 2 1 1 5971 5972
82 1 2 1 1 5972 5973
83 1 2 1 1 5973 5974
84 1 2 1 1 5974 5975
85 1 2 1 1 5975 5976
86 1 2 1 1 5976 5977
87 1 2 1 1 5977 5978
88 1 2 1 1 5978 5979
89 1 2 1 1 5979 5980
90 1 2 1 1 5980 5981
91 1 2 1 1 5981 5982
92 1 2 1 1 5982 5983
93 1 2 1 1 5983 5984
94 1 2 1 1 5984 5985
95 1 2 1 1 5985 5986
96 1 2 1 1 5986 5987
97 1 2 1 1 5987 5988
98 1 2 1 1 5988 5989
99 1 2 1 1 5989 5990
100 1 2 1 1 5990 5991
101 1 2 1 1 5991 5992
102 1 2 1 1 5992 5993
103 1 2 1 1 5993 5994
104 1 2 1 1 5994 5995
105 1 2 1 1 5995 5996
106 1 2 1 1 5996 5997
107 1 2 1 1 5997 5998
108 1 2 1 1 5998 5999
109 1 2 1 1 5999 6000
110 1 2 1 1 6000 6001
111 1 2 1 1 6001 6002
112 1 2 1 1 6002 6003
113 1 2 1 1 6003 6004
114 1 2 1 1 6004 6005
115 1 2 1 1 6005 6006
116 1 2 1 1 6006 6007
117 1 2 1 1 6007 6008
118 1 2 1 1 6008 6009
119 1 2 1 1 6009 6010
120 1 2 1 1 6010 6011
121 1 2 1 1 6011 6012
122 1 2 1 1 6012 6013
123 1 2 1 1 6013 6014
124 1 2 1 1 6014 6015
125 1 2 1 1 6015 6016
126 1 2 1 1 6016 6017
127 1 2 1 1 6017 6018
128 1 2 1 1 6018 6019
129 1 2 1 1 6019 6020
130 1 2 1 1 6020 6021
131 1 2 1 1 6021 6022
132 1 2 1 1 6022 6023
133 1 2 1 1 6023 6024
134 1 2 1 1 6024 6025
135 1 2 1 1 6025 6026
136 1 2 1 1 6026 6027
137 1 2 1 1 6027 6028
138 1 2 1 1 6028 6029
139 1 2 1 1 6029 6030
140 1 2 1 1 6030 6031
141 1 2 1 1 6031 6032
142 1 2 1 1 6032 6033
143 1 2 1 1 6033 6034
144 1 2 1 1 6034 6035
145 1 2 1 1 6035 6036
146 1 2 1 1 6036 6037
147 1 2 1 1 6037 6038
148 1 2 1 1 6038 6039
149 1 2 1 1 6039 6040
150 1 2 1 1 6040 6041
151 1 2 1 1 6041 6042
152 1 2 1 1 6042 6043
153 1 2 1 1 6043 6044
154 1 2 1 1 6044 6045
155 1 2 1 1 6045 6046
156 1 2 1 1 6046 6047
157 1 2 1 1 6047 6048
158 1 2 1 1 6048 6049
159 1 2 1 1 6049 6050
160 1 2 1 1 6050 6051
161 1 2 1 1 6051 6052
162 1 2 1 1 6052 6053
163 1 2 1 1 6053 6054
164 1 2 1 1 6054 6055
165 1 2 1 1 6055 6056
166 1 2 1 1 6056 6057
167 1 2 1 1 6057 6058
168 1 2 1 1 6058 6059
169 1 2 1 1 6059 6060
170 1 2 1 1 6060 6061
171 1 2 1 1 6061 6062
172 1 2 1 1 6062 6063
173 1 2 1 1 6063 6064
174 1 2 1 1 6064 6065
175 1 2 1 1 6065 6066
176 1 2 1 1 6066 6067
177 1 2 1 1 6067 6068
178 1 2 1 1 6068 6069
179 1 2 1 1 6069 6070
180 1 2 1 1 6070 6071
181 1 2 1 1 6071 6072
182 1 2 1 1 6072 6073
183 1 2 1 1 6073 6074
184 1 2 1 1 6074 6075
185 1 2 1 1 6075 6076
186 1 2 1 1 6076 6077
187 1 2 1 1 6077 6078
188 1 2 1 1 6078 6079
189 1 2 1 1 6079 6080
190 1 2 1 1 6080 6081
191 1 2 1 1 6081 6082
192 1 2 1 1 6082 6083
193 1 2 1 1 6083 6084
194 1 2 1 1 6084 6085
195 1 2 1 1 6085 6086
196 1 2 1 1 6086 6087
197 1 2 1 1 6087 6088
198 1 2 1 1 6088 6089
199 1 2 1 1 6089 6090
200 1 2 1 1 6090 6091
201 1 2 1 1 6091 6092
202 1 2 1 1 6092 6093
203 1 2 1 1 6093 6094
204 1 2 1 1 6094 6095
205 1 2 1 1 6095 6096
206 1 2 1 1 6096 6097
207 1 2 1 1 6097 6098
208 1 2 1 1 6098 6099
209 1 2 1 1 6099 6100
210 1 2 1 1 6100 6101
211 1 2 1 1 6101 5891
212 2 2 1 1 1 2 3
213 2 2 1 1 1 3 4
214 2 2 1 1 1 4 5
215 2 2 1 1 1 5 6
216 2 2 1 1 1 6 7
217 2 2 1 1 1 7 2
218 2 2 1 1 2 8 9
219 2 2 1 1 2 9 10
220 2 2 1 1 2 10 3
221 2 2 1 1 3 10 11
222 2 2 1 1 3 11 12
223 2 2 1 1 3 12 4
224 2 2 1 1 4 12 13
225 2 2 1 1 4 13 14
226 2 2 1 1 4 14 5
227 2 2 1 1 5 14 15
228 2 2 1 1 5 15 16
229 2 2 1 1 5 16 6
230 2 2 1 1 6 16 17
231 2 2 1 1 6 17 18
232 2 2 1 1 6 18 7
233 2 2 1 1 7 18 19
234 2 2 1 1 7 19 20
235 2 2 1 1 7 20 2
236 2 2 1 1 2 20 8
237 2 2 1 1 8 21 22
238 2 2 1 1 8 22 9
239 2 2 1 1 9 22 23
240 2 2 1 1 9 23 10
241 2 2 1 1 10 23 24
242 2 2 1 1 10 24 25
243 2 2 1 1 10 25 11
244 2 2 1 1 11 25 26
245 2 2 1 1 11 26 12
246 2 2 1 1 12 26 27
247 2 2 1 1 12 27 28
248 2 2 1 1 12 28 13
249 2 2 1 1 13 28 29
250 2 2 1 1 13 29 14
251 2 2 1 1 14 29 30
252 2 2 1 1 14 30 31
253 2 2 1 1 14 31 15
254 2 2 1 1 15 31 32
255 2 2 1 1 15 32 16
256 2 2 1 1 16 32 33
257 2 2 1 1 16 33 34
258 2 2 1 1 16 34 17
259 2 2 1 1 17 34 35
260 2 2 1 1 17 35 18
261 2 2 1 1 18 35 36
262 2 2 1 1 18 36 37
263 2 2 1 1 18 37 19
264 2 2 1 1 19 37 38
265 2 2 1 1 19 38 20
266 2 2 1 1 20 38 39
267 2 2 1 1 20 39 8
268 2 2 1 1 8 39 21
269 2 2 1 1 21 40 41
270 2 2 1 1 21 41 22
271 2 2 1 1 22 41 42
272 2 2 1 1 22 42 23
273 2 2 1 1 23 42 43
274 2 2 1 1 23 43 24
275 2 2 1 1 24 43 44
276 2 2 1 1 24 44 45
277 2 2 1 1 24 45 25
278 2 2 1 1 25 45 46
279 2 2 1 1 25 46 26
280 2 2 1 1 26 46 47
281 2 2 1 1 26 47 27
282 2 2 1 1 27 47 48
283 2 2 1 1 27 48 49
284 2 2 1 1 27 49 28
285 2 2 1 1 28 49 50
286 2 2 1 1 28 50 29
287 2 2 1 1 29 50 51
288 2 2 1 1 29 51 30
289 2 2 1 1 30 51 52
290 2 2 1 1 30 52 53
291 2 2 1 1 30 53 31
292 2 2 1 1 31 53 54
293 2 2 1 1 31 54 32
294 2 2 1 1 32 54 55
295 2 2 1 1 32 55 33
296 2 2 1 1 33 55 56
297 2 2 1 1 33 56 57
298 2 2 1 1 33 57 34
299 2 2 1 1 34 57 58
300 2 2 1 1 34 58 35
301 2 2 1 1 35 58 59
302 2 2 1 1 35 59 36
303 2 2 1 1 36 59 60
304 2 2 1 1 36 60 61
305 2 2 1 1 36 61 37
306 2 2 1 1 37 61 62
307 2 2 1 1 37 62 38
308 2 2 1 1 38 62 63
309 2 2 1 1 38 63 39
310 2 2 1 1 39 63 64
311 2 2 1 1 39 64 21
312 2 2 1 1 21 64 40
313 2 2 1 1 40 65 66
314 2 2 1 1 40 66 41
315 2 2 1 1 41 66 67
316 2 2 1 1 41 67 42
317 2 2 1 1 42 67 68
318 2 2 1 1 42 68 43
319 2 2 1 1 43 68 69
320 2 2 1 1 43 69 70
321 2 2 1 1 43 70 44
322 2 2 1 1 44 70 71
323 2 2 1 1 44 71 45
324 2 2 1 1 45 71 72
325 2 2 1 1 45 72 46
326 2 2 1 1 46 72 73
327 2 2 1 1 46 73 47
328 2 2 1 1 47 73 74
329 2 2 1 1 47 74 75
330 2 2 1 1 47 75 48
331 2 2 1 1 48 75 76
332 2 2 1 1 48 76 49
333 2 2 1 1 49 76 77
334 2 2 1 1 49 77 50
335 2 2 1 1 50 77 78
336 2 2 1 1 50 78 79
337 2 2 1 1 50 79 51
338 2 2 1 1 51 79 80
339 2 2 1 1 51 80 52
340 2 2 1 1 52 80 81
341 2 2 1 1 52 81 53
342 2 2 1 1 53 81 82
343 2 2 1 1 53 82 54
344 2 2 1 1 54 82 83
345 2 2 1 1 54 83 84
346 2 2 1 1 54 84 55
347 2 2 1 1 55 84 85
348 2 2 1 1 55 85 56
349 2 2 1 1 56 85 86
350 2 2 1 1 56 86 57
351 2 2 1 1 57 86 87
352 2 2 1 1 57 87 88
353 2 2 1 1 57 88 58
354 2 2 1 1 58 88 89
355 2 2 1 1 58 89 59
356 2 2 1 1 59 89 90
357 2 2 1 1 59 90 60
358 2 2 1 1 60 90 91
359 2 2 1 1 60 91 61
360 2 2 1 1 61 91 92
361 2 2 1 1 61 92 93
362 2 2 1 1 61 93 62
363 2 2 1 1 62 93 94
364 2 2 1 1 62 94 63
365 2 2 1 1 63 94 95
366 2 2 1 1 63 95 64
367 2 2 1 1 64 95 96
368 2 2 1 1 64 96 40
369 2 2 1 1 40 96 65
370 2 2 1 1 65 97 98
371 2 2 1 1 65 98 66
372 2 2 1 1 66 98 99
373 2 2 1 1 66 99 67
374 2 2 1 1 67 99 100
375 2 2 1 1 67 100 68
376 2 2 1 1 68 100 101
377 2 2 1 1 68 101 69
378 2 2 1 1 69 101 102
379 2 2 1 1 69 102 70
380 2 2 1 1 70 102 103
381 2 2 1 1 70 103 104
382 2 2 1 1 70 104 71
383 2 2 1 1 71 104 105
384 2 2 1 1 71 105 72
385 2 2 1 1 72 105 106
386 2 2 1 1 72 106 73
387 2 2 1 1 73 106 107
388 2 2 1 1 73 107 74
389 2 2 1 1 74 107 108
390 2 2 1 1 74 108 75
391 2 2 1 1 75 108 109
392 2 2 1 1 75 109 110
393 2 2 1 1 75 110 76
394 2 2 1 1 76 110 111
395 2 2 1 1 76 111 77
396 2 2 1 1 77 111 112
397 2 2 1 1 77 112 78
398 2 2 1 1 78 112 113
399 2 2 1 1 78 113 79
400 2 2 1 1 79 113 114
401 2 2 1 1 79 114 80
402 2 2 1 1 80 114 115
403 2 2 1 1 80 115 81
404 2 2 1 1 81 115 116
405 2 2 1 1 81 116 117
406 2 2 1 1 81 117 82
407 2 2 1 1 82 117 118
408 2 2 1 1 82 118 83
409 2 2 1 1 83 118 119
410 2 2 1 1 83 119 84
411 2 2 1 1 84 119 120
412 2 2 1 1 84 120 85
413 2 2 1 1 85 120 121
414 2 2 1 1 85 121 86
415 2 2 1 1 86 121 122
416 2 2 1 1 86 122 123
417 2 2 1 1 86 123 87
418 2 2 1 1 87 123 124
419 2 2 1 1 87 124 88
420 2 2 1 1 88 124 125
421 2 2 1 1 88 125 89
422 2 2 1 1 89 125 126
423 2 2 1 1 89 126 90
424 2 2 1 1 90 126 127
425 2 2 1 1 90 127 91
426 2 2 1 1 91 127 128
427 2 2 1 1 91 128 129
428 2 2 1 1 91 129 92
429 2 2 1 1 92 129 130
430 2 2 1 1 92 130 93
431 2 2 1 1 93 130 131
432 2 2 1 1 93 131 94
433 2 2 1 1 94 131 132
434 2 2 1 1 94 132 95
435 2 2 1 1 95 132 133
436 2 2 1 1 95 133 96
437 2 2 1 1 96 133 134
438 2 2 1 1 96 134 65
439 2 2 1 1 65 134 97
440 2 2 1 1 97 135 136
441 2 2 1 1 97 136 98
442 2 2 1 1 98 136 137
443 2 2 1 1 98 137 99
444 2 2 1 1 99 137 138
445 2 2 1 1 99 138 100
446 2 2 1 1 100 138 139
447 2 2 1 1 100 139 101
448 2 2 1 1 101 139 140
449 2 2 1 1 101 140 102
450 2 2 1 1 102 140 141
451 2 2 1 1 102 141 103
452 2 2 1 1 103 141 142
453 2 2 1 1 103 142 143
454 2 2 1 1 103 143 104
455 2 2 1 1 104 143 144
456 2 2 1 1 104 144 105
457 2 2 1 1 105 144 145
458 2 2 1 1 105 145 106
459 2 2 1 1 106 145 146
460 2 2 1 1 106 146 107
461 2 2 1 1 107 146 147
462 2 2 1 1 107 147 108
463 2 2 1 1 108 147 148
464 2 2 1 1 108 148 109
465 2 2 1 1 109 148 149
466 2 2 1 1 109 149 150
467 2 2 1 1 109 150 110
468 2 2 1 1 110 150 151
469 2 2 1 1 110 151 111
470 2 2 1 1 111 151 152
471 2 2 1 1 111 152 112
472 2 2 1 1 112 152 153
473 2 2 1 1 112 153 113
474 2 2 1 1 113 153 154
475 2 2 1 1 113 154 114
476 2 2 1 1 114 154 155
477 2 2 1 1 114 155 115
478 2 2 1 1 115 155 156
479 2 2 1 1 115 156 116
480 2 2 1 1 116 156 157
481 2 2 1 1 116 157 158
482 2 2 1 1 116 158 117
483 2 2 1 1 117 158 159
484 2 2 1 1 117 159 118
485 2 2 1 1 118 159 160
486 2 2 1 1 118 160 119
487 2 2 1 1 119 160 161
488 2 2 1 1 119 161 120
489 2 2 1 1 120 161 162
490 2 2 1 1 120 162 121
491 2 2 1 1 121 162 163
492 2 2 1 1 121 163 122
493 2 2 1 1 122 163 164
494 2 2 1 1 122 164 165
495 2 2 1 1 122 165 123
496 2 2 1 1 123 165 166
497 2 2 1 1 123 166 124
498 2 2 1 1 124 166 167
499 2 2 1 1 124 167 125
500 2 2 1 1 125 167 168
501 2 2 1 1 125 168 126
502 2 2 1 1 126 168 169
503 2 2 1 1 126 169 127
504 2 2 1 1 127 169 170
505 2 2 1 1 127 170 128
506 2 2 1 1 128 170 171
507 2 2 1 1 128 171 172
508 2 2 1 1 128 172 129
509 2 2 1 1 129 172 173
510 2 2 1 1 129 173 130
511 2 2 1 1 130 173 174
512 2 2 1 1 130 174 131
513 2 2 1 1 131 174 175
514 2 2 1 1 131 175 132
515 2 2 1 1 132 175 176
516 2 2 1 1 132 176 133
517 2 2 1 1 133 176 177
518 2 2 1 1 133 177 134
519 2 2 1 1 134 177 178
520 2 2 1 1 134 178 97
521 2 2 1 1 97 178 135
522 2 2 1 1 135 179 180
523 2 2 1 1 135 180 136
524 2 2 1 1 136 180 181
525 2 2 1 1 136 181 137
526 2 2 1 1 137 181 182
527 2 2 1 1 137 182 138
528 2 2 1 1 138 182 183
529 2 2 1 1 138 183 139
530 2 2 1 1 139 183 184
531 2 2 1 1 139 184 140
532 2 2 1 1 140 184 185
533 2 2 1 1 140 185 141
534 2 2 1 1 141 185 186
535 2 2 1 1 141 186 187
536 2 2 1 1 141 187 142
537 2 2 1 1 142 187 188
538 2 2 1 1 142 188 143
539 2 2 1 1 143 188 189
540 2 2 1 1 143 189 144
541 2 2 1 1 144 189 190
542 2 2 1 1 144 190 145
543 2 2 1 1 145 190 191
544 2 2 1 1 145 191 146
545 2 2 1 1 146 191 192
546 2 2 1 1 146 192 147
547 2 2 1 1 147 192 193
548 2 2 1 1 147 193 194
549 2 2 1 1 147 194 148
550 2 2 1 1 148 194 195
551 2 2 1 1 148 195 149
552 2 2 1 1 149 195 196
553 2 2 1 1 149 196 150
554 2 2 1 1 150 196 197
555 2 2 1 1 150 197 151
556 2 2 1 1 151 197 198
557 2 2 1 1 151 198 152
558 2 2 1 1 152 198 199
559 2 2 1 1 152 199 153
560 2 2 1 1 153 199 200
561 2 2 1 1 153 200 201
562 2 2 1 1 153 201 154
563 2 2 1 1 154 201 202
564 2 2 1 1 154 202 155
565 2 2 1 1 155 202 203
566 2 2 1 1 155 203 156
567 2 2 1 1 156 203 204
568 2 2 1 1 156 204 157
569 2 2 1 1 157 204 205
570 2 2 1 1 157 205 158
571 2 2 1 1 158 205 206
572 2 2 1 1 158 206 159
573 2 2 1 1 159 206 207
574 2 2 1 1 159 207 160
575 2 2 1 1 160 207 208
576 2 2 1 1 160 208 209
577 2 2 1 1 160 209 161
578 2 2 1 1 161 209 210
579 2 2 1 1 161 210 162
580 2 2 1 1 162 210 211
581 2 2 1 1 162 211 163
582 2 2 1 1 163 211 212
583 2 2 1 1 163 212 164
584 2 2 1 1 164 212 213
585 2 2 1 1 164 213 165
586 2 2 1 1 165 213 214
587 2 2 1 1 165 214 166
588 2 2 1 1 166 214 215
589 2 2 1 1 166 215 216
590 2 2 1 1 166 216 167
591 2 2 1 1 167 216 217
592 2 2 1 1 167 217 168
593 2 2 1 1 168 217 218
594 2 2 1 1 168 218 169
595 2 2 1 1 169 218 219
596 2 2 1 1 169 219 170
597 2 2 1 1 170 219 220
598 2 2 1 1 170 220 171
599 2 2 1 1 171 220 221
600 2 2 1 1 171 221 172
601 2 2 1 1 172 221 222
602 2 2 1 1 172 222 223
603 2 2 1 1 172 223 173
604 2 2 1 1 173 223 224
605 2 2 1 1 173 224 174
606 2 2 1 1 174 224 225
607 2 2 1 1 174 225 175
608 2 2 1 1 175 225 226
609 2 2 1 1 175 226 176
610 2 2 1 1 176 226 227
611 2 2 1 1 176 227 177
612 2 2 1 1 177 227 228
613 2 2 1 1 177 228 178
614 2 2 1 1 178 228 229
615 2 2 1 1 178 229 135
616 2 2 1 1 135 229 179
617 2 2 1 1 179 230 231
618 2 2 1 1 179 231 180
619 2 2 1 1 180 231 232
620 2 2 1 1 180 232 181
621 2 2 1 1 181 232 233
622 2 2 1 1 181 233 182
623 2 2 1 1 182 233 234
624 2 2 1 1 182 234 183
625 2 2 1 1 183 234 235
626 2 2 1 1 183 235 184
627 2 2 1 1 184 235 236
628 2 2 1 1 184 236 185
629 2 2 1 1 185 236 237
630 2 2 1 1 185 237 186
631 2 2 1 1 186 237 238
632 2 2 1 1 186 238 187
633 2 2 1 1 187 238 239
634 2 2 1 1 187 239 240
635 2 2 1 1 187 240 188
636 2 2 1 1 188 240 241
637 2 2 1 1 188 241 189
638 2 2 1 1 189 241 242
639 2 2 1 1 189 242 190
640 2 2 1 1 190 242 243
641 2 2 1 1 190 243 191
642 2 2 1 1 191 243 244
643 2 2 1 1 191 244 192
644 2 2 1 1 192 244 245
645 2 2 1 1 192 245 193
646 2 2 1 1 193 245 246
647 2 2 1 1 193 246 194
648 2 2 1 1 194 246 247
649 2 2 1 1 194 247 195
650 2 2 1 1 195 247 248
651 2 2 1 1 195 248 196
652 2 2 1 1 196 248 249
653 2 2 1 1 196 249 250
654 2 2 1 1 196 250 197
655 2 2 1 1 197 250 251
656 2 2 1 1 197 251 198
657 2 2 1 1 198 251 252
658 2 2 1 1 198 252 199
659 2 2 1 1 199 252 253
660 2 2 1 1 199 253 200
661 2 2 1 1 200 253 254
662 2 2 1 1 200 254 201
663 2 2 1 1 201 254 255
664 2 2 1 1 201 255 202
665 2 2 1 1 202 255 256
666 2 2 1 1 202 256 203
667 2 2 1 1 203 256 257
668 2 2 1 1 203 257 204
669 2 2 1 1 204 257 258
670 2 2 1 1 204 258 259
671 2 2 1 1 204 259 205
672 2 2 1 1 205 259 260
673 2 2 1 1 205 260 206
674 2 2 1 1 206 260 261
675 2 2 1 1 206 261 207
676 2 2 1 1 207 261 262
677 2 2 1 1 207 262 208
678 2 2 1 1 208 262 263
679 2 2 1 1 208 263 209
680 2 2 1 1 209 263 264
681 2 2 1 1 209 264 210
682 2 2 1 1 210 264 265
683 2 2 1 1 210 265 211
684 2 2 1 1 211 265 266
685 2 2 1 1 211 266 212
686 2 2 1 1 212 266 267
687 2 2 1 1 212 267 213
688 2 2 1 1 213 267 268
689 2 2 1 1 213 268 269
690 2 2 1 1 213 269 214
691 2 2 1 1 214 269 270
692 2 2 1 1 214 270 215
693 2 2 1 1 215 270 271
694 2 2 1 1 215 271 216
695 2 2 1 1 216 271 272
696 2 2 1 1 216 272 217
697 2 2 1 1 217 272 273
698 2 2 1 1 217 273 218
699 2 2 1 1 218 273 274
700 2 2 1 1 218 274 219
701 2 2 1 1 219 274 275
702 2 2 1 1 219 275 220
703 2 2 1 1 220 275 276
704 2 2 1 1 220 276 221
705 2 2 1 1 221 276 277
706 2 2 1 1 221 277 278
707 2 2 1 1 221 278 222
708 2 2 1 1 222 278 279
709 2 2 1 1 222 279 223
710 2 2 1 1 223 279 280
711 2 2 1 1 223 280 224
712 2 2 1 1 224 280 281
713 2 2 1 1 224 281 225
714 2 2 1 1 225 281 282
715 2 2 1 1 225 282 226
716 2 2 1 1 226 282 283
717 2 2 1 1 226 283 227
718 2 2 1 1 227 283 284
719 2 2 1 1 227 284 228
720 2 2 1 1 228 284 285
721 2 2 1 1 228 285 229
722 2 2 1 1 229 285 286
723 2 2 1 1 229 286 179
724 2 2 1 1 179 286 230
725 2 2 1 1 230 287 288
726 2 2 1 1 230 288 231
727 2 2 1 1 231 288 289
728 2 2 1 1 231 289 232
729 2 2 1 1 232 289 290
730 2 2 1 1 232 290 233
731 2 2 1 1 233 290 291
732 2 2 1 1 233 291 234
733 2 2 1 1 234 291 292
734 2 2 1 1 234 292 235
735 2 2 1 1 235 292 293
736 2 2 1 1 235 293 236
737 2 2 1 1 236 293 294
738 2 2 1 1 236 294 237
739 2 2 1 1 237 294 295
740 2 2 1 1 237 295 238
741 2 2 1 1 238 295 296
742 2 2 1 1 238 296 239
743 2 2 1 1 239 296 297
744 2 2 1 1 239 297 298
745 2 2 1 1 239 298 240
746 2 2 1 1 240 298 299
747 2 2 1 1 240 299 241
748 2 2 1 1 241 299 300
749 2 2 1 1 241 300 242
750 2 2 1 1 242 300 301
751 2 2 1 1 242 301 243
752 2 2 1 1 243 301 302
753 2 2 1 1 243 302 244
754 2 2 1 1 244 302 303
755 2 2 1 1 244 303 245
756 2 2 1 1 245 303 304
757 2 2 1 1 245 304 246
758 2 2 1 1 246 304 305
759 2 2 1 1 246 305 247
760 2 2 1 1 247 305 306
761 2 2 1 1 247 306 248
762 2 2 1 1 248 306 307
763 2 2 1 1 248 307 249
764 2 2 1 1 249 307 308
765 2 2 1 1 249 308 309
766 2 2 1 1 249 309 250
767 2 2 1 1 250 309 310
768 2 2 1 1 250 310 251
769 2 2 1 1 251 310 311
770 2 2 1 1 251 311 252
771 2 2 1 1 252 311 312
772 2 2 1 1 252 312 253
773 2 2 1 1 253 312 313
774 2 2 1 1 253 313 254
775 2 2 1 1 254 313 314
776 2 2 1 1 254 314 255
777 2 2 1 1 255 314 315
778 2 2 1 1 255 315 256
779 2 2 1 1 256 315 316
780 2 2 1 1 256 316 257
781 2 2 1 1 257 316 317
782 2 2 1 1 257 317 258
783 2 2 1 1 258 317 318
784 2 2 1 1 258 318 319
785 2 2 1 1 258 319 259
786 2 2 1 1 259 319 320
787 2 2 1 1 259 320 260
788 2 2 1 1 260 320 321
789 2 2 1 1 260 321 261
790 2 2 1 1 261 321 322
791 2 2 1 1 261 322 262
792 2 2 1 1 262 322 323
793 2 2 1 1 262 323 263
794 2 2 1 1 263 323 324
795 2 2 1 1 263 324 264
796 2 2 1 1 264 324 325
797 2 2 1 1 264 325 265
798 2 2 1 1 265 325 326
799 2 2 1 1 265 326 266
800 2 2 1 1 266 326 327
801 2 2 1 1 266 327 267
802 2 2 1 1 267 327 328
803 2 2 1 1 267 328 268
804 2 2 1 1 268 328 329
805 2 2 1 1 268 329 330
806 2 2 1 1 268 330 269
807 2 2 1 1 269 330 331
808 2 2 1 1 269 331 270
809 2 2 1 1 270 331 332
810 2 2 1 1 270 332 271
811 2 2 1 1 271 332 333
812 2 2 1 1 271 333 272
813 2 2 1 1 272 333 334
814 2 2 1 1 272 334 273
815 2 2 1 1 273 334 335
816 2 2 1 1 273 335 274
817 2 2 1 1 274 335 336
818 2 2 1 1 274 336 275
819 2 2 1 1 275 336 337
820 2 2 1 1 275 337 276
821 2 2 1 1 276 337 338
822 2 2 1 1 276 338 277
823 2 2 1 1 277 338 339
824 2 2 1 1 277 339 340
825 2 2 1 1 277 340 278
826 2 2 1 1 278 340 341
827 2 2 1 1 278 341 279
828 2 2 1 1 279 341 342
829 2 2 1 1 279 342 280
830 2 2 1 1 280 342 343
831 2 2 1 1 280 343 281
832 2 2 1 1 281 343 344
833 2 2 1 1 281 344 282
834 2 2 1 1 282 344 345
835 2 2 1 1 282 345 283
836 2 2 1 1 283 345 346
837 2 2 1 1 283 346 284
838 2 2 1 1 284 346 347
839 2 2 1 1 284 347 285
840 2 2 1 1 285 347 348
841 2 2 1 1 285 348 286
842 2 2 1 1 286 348 349
843 2 2 1 1 286 349 230
844 2 2 1 1 230 349 287
845 2 2 1 1 287 350 351
846 2 2 1 1 287 351 288
847 2 2 1 1 288 351 352
848 2 2 1 1 288 352 289
849 2 2 1 1 289 352 353
850 2 2 1 1 289 353 290
851 2 2 1 1 290 353 354
852 2 2 1 1 290 354 291
853 2 2 1 1 291 354 355
854 2 2 1 1 291 355 292
855 2 2 1 1 292 355 356
856 2 2 1 1 292 356 293
857 2 2 1 1 293 356 357
858 2 2 1 1 293 357 294
859 2 2 1 1 294 357 358
860 2 2 1 1 294 358 295
861 2 2 1 1 295 358 359
862 2 2 1 1 295 359 296
863 2 2 1 1 296 359 360
864 2 2 1 1 296 360 361
865 2 2 1 1 296 361 297
866 2 2 1 1 297 361 362
867 2 2 1 1 297 362 298
868 2 2 1 1 298 362 363
869 2 2 1 1 298 363 299
870 2 2 1 1 299 363 364
871 2 2 1 1 299 364 300
872 2 2 1 1 300 364 365
873 2 2 1 1 300 365 301
874 2 2 1 1 301 365 366
875 2 2 1 1 301 366 302
876 2 2 1 1 302 366 367
877 2 2 1 1 302 367 303
878 2 2 1 1 303 367 368
879 2 2 1 1 303 368 304
880 2 2 1 1 304 368 369
881 2 2 1 1 304 369 305
882 2 2 1 1 305 369 370
883 2 2 1 1 305 370 371
884 2 2 1 1 305 371 306
885 2 2 1 1 306 371 372
886 2 2 1 1 306 372 307
887 2 2 1 1 307 372 373
888 2 2 1 1 307 373 308
889 2 2 1 1 308 373 374
890 2 2 1 1 308 374 309
891 2 2 1 1 309 374 375
892 2 2 1 1 309 375 310
893 2 2 1 1 310 375 376
894 2 2 1 1 310 376 311
895 2 2 1 1 311 376 377
896 2 2 1 1 311 377 312
897 2 2 1 1 312 377 378
898 2 2 1 1 312 378 313
899 2 2 1 1 313 378 379
900 2 2 1 1 313 379 314
901 2 2 1 1 314 379 380
902 2 2 1 1 314 380 381
903 2 2 1 1 314 381 315
904 2 2 1 1 315 381 382
905 2 2 1 1 315 382 316
906 2 2 1 1 316 382 383
907 2 2 1 1 316 383 317
908 2 2 1 1 317 383 384
909 2 2 1 1 317 384 318
910 2 2 1 1 318 384 385
911 2 2 1 1 318 385 319
912 2 2 1 1 319 385 386
913 2 2 1 1 319 386 320
914 2 2 1 1 320 386 387
915 2 2 1 1 320 387 321
916 2 2 1 1 321 387 388
917 2 2 1 1 321 388 322
918 2 2 1 1 322 388 389
919 2 2 1 1 322 389 323
920 2 2 1 1 323 389 390
921 2 2 1 1 323 390 391
922 2 2 1 1 323 391 324
923 2 2 1 1 324 391 392
924 2 2 1 1 324 392 325
925 2 2 1 1 325 392 393
926 2 2 1 1 325 393 326
927 2 2 1 1 326 393 394
928 2 2 1 1 326 394 327
929 2 2 1 1 327 394 395
930 2 2 1 1 327 395 328
931 2 2 1 1 328 395 396
932 2 2 1 1 328 396 329
933 2 2 1 1 329 396 397
934 2 2 1 1 329 397 330
935 2 2 1 1 330 397 398
936 2 2 1 1 330 398 331
937 2 2 1 1 331 398 399
938 2 2 1 1 331 399 332
939 2 2 1 1 332 399 400
940 2 2 1 1 332 400 401
941 2 2 1 1 332 401 333
942 2 2 1 1 333 401 402
943 2 2 1 1 333 402 334
944 2 2 1 1 334 402 403
945 2 2 1 1 334 403 335
946 2 2 1 1 335 403 404
947 2 2 1 1 335 404 336
948 2 2 1 1 336 404 405
949 2 2 1 1 336 405 337
950 2 2 1 1 337 405 406
951 2 2 1 1 337 406 338
952 2 2 1 1 338 406 407
953 2 2 1 1 338 407 339
954 2 2 1 1 339 407 408
955 2 2 1 1 339 408 340
956 2 2 1 1 340 408 409
957 2 2 1 1 340 409 341
958 2 2 1 1 341 409 410
959 2 2 1 1 341 410 411
960 2 2 1 1 341 411 342
961 2 2 1 1 342 411 412
962 2 2 1 1 342 412 343
963 2 2 1 1 343 412 413
964 2 2 1 1 343 413 344
965 2 2 1 1 344 413 414
966 2 2 1 1 344 414 345
967 2 2 1 1 345 414 415
968 2 2 1 1 345 415 346
969 2 2 1 1 346 415 416
970 2 2 1 1 346 416 347
971 2 2 1 1 347 416 417
972 2 2 1 1 347 417 348
973 2 2 1 1 348 417 418
974 2 2 1 1 348 418 349
975 2 2 1 1 349 418 419
976 2 2 1 1 349 419 287
977 2 2 1 1 287 419 350
978 2 2 1 1 350 420 421
979 2 2 1 1 350 421 351
980 2 2 1 1 351 421 422
981 2 2 1 1 351 422 352
982 2 2 1 1 352 422 423
983 2 2 1 1 352 423 353
984 2 2 1 1 353 423 424
985 2 2 1 1 353 424 354
986 2 2 1 1 354 424 425
987 2 2 1 1 354 425 355
988 2 2 1 1 355 425 426
989 2 2 1 1 355 426 356
990 2 2 1 1 356 426 427
991 2 2 1 1 356 427 357
992 2 2 1 1 357 427 428
993 2 2 1 1 357 428 358
994 2 2 1 1 358 428 429
995 2 2 1 1 358 429 359
996 2 2 1 1 359 429 430
997 2 2 1 1 359 430 360
998 2 2 1 1 360 430 431
999 2 2 1 1 360 431 361
1000 2 2 1 1 361 431 432
1001 2 2 1 1 361 432 433
1002 2 2 1 1 361 433 362
1003 2 2 1 1 362 433 434
1004 2 2 1 1 362 434 363
1005 2 2 1 1 363 434 435
1006 2 2 1 1 363 435 364
1007 2 2 1 1 364 435 436
1008 2 2 1 1 364 436 365
1009 2 2 1 1 365 436 437
1010 2 2 1 1 365 437 366
1011 2 2 1 1 366 437 438
1012 2 2 1 1 366 438 367
1013 2 2 1 1 367 438 439
1014 2 2 1 1 367 439 368
1015 2 2 1 1 368 439 440
1016 2 2 1 1 368 440 369
1017 2 2 1 1 369 440 441
1018 2 2 1 1 369 441 370
1019 2 2 1 1 370 441 442
1020 2 2 1 1 370 442 371
1021 2 2 1 1 371 442 443
1022 2 2 1 1 371 443 372
1023 2 2 1 1 372 443 444
1024 2 2 1 1 372 444 373
1025 2 2 1 1 373 444 445
1026 2 2 1 1 373 445 446
1027 2 2 1 1 373 446 374
1028 2 2 1 1 374 446 447
1029 2 2 1 1 374 447 375
1030 2 2 1 1 375 447 448
1031 2 2 1 1 375 448 376
1032 2 2 1 1 376 448 449
1033 2 2 1 1 376 449 377
1034 2 2 1 1 377 449 450
1035 2 2 1 1 377 450 378
1036 2 2 1 1 378 450 451
1037 2 2 1 1 378 451 379
1038 2 2 1 1 379 451 452
1039 2 2 1 1 379 452 380
1040 2 2 1 1 380 452 453
1041 2 2 1 1 380 453 381
1042 2 2 1 1 381 453 454
1043 2 2 1 1 381 454 382
1044 2 2 1 1 382 454 455
1045 2 2 1 1 382 455 383
1046 2 2 1 1 383 455 456
1047 2 2 1 1 383 456 384
1048 2 2 1 1 384 456 457
1049 2 2 1 1 384 457 385
1050 2 2 1 1 385 457 458
1051 2 2 1 1 385 458 459
1052 2 2 1 1 385 459 386
1053 2 2 1 1 386 459 460
1054 2 2 1 1 386 460 387
1055 2 2 1 1 387 460 461
1056 2 2 1 1 387 461 388
1057 2 2 1 1 388 461 462
1058 2 2 1 1 388 462 389
1059 2 2 1 1 389 462 463
1060 2 2 1 1 389 463 390
1061 2 2 1 1 390 463 464
1062 2 2 1 1 390 464 391
1063 2 2 1 1 391 464 465
1064 2 2 1 1 391 465 392
1065 2 2 1 1 392 465 466
1066 2 2 1 1 392 466 393
1067 2 2 1 1 393 466 467
1068 2 2 1 1 393 467 394
1069 2 2 1 1 394 467 468
1070 2 2 1 1 394 468 395
1071 2 2 1 1 395 468 469
1072 2 2 1 1 395 469 396
1073 2 2 1 1 396 469 470
1074 2 2 1 1 396 470 471
1075 2 2 1 1 396 471 397
1076 2 2 1 1 397 471 472
1077 2 2 1 1 397 472 398
1078 2 2 1 1 398 472 473
1079 2 2 1 1 398 473 399
1080 2 2 1 1 399 473 474
1081 2 2 1 1 399 474 400
1082 2 2 1 1 400 474 475
1083 2 2 1 1 400 475 401
1084 2 2 1 1 401 475 476
1085 2 2 1 1 401 476 402
1086 2 2 1 1 402 476 477
1087 2 2 1 1 402 477 403
1088 2 2 1 1 403 477 478
1089 2 2 1 1 403 478 404
1090 2 2 1 1 404 478 479
1091 2 2 1 1 404 479 405
1092 2 2 1 1 405 479 480
1093 2 2 1 1 405 480 406
1094 2 2 1 1 406 480 481
1095 2 2 1 1 406 481 407
1096 2 2 1 1 407 481 482
1097 2 2 1 1 407 482 408
1098 2 2 1 1 408 482 483
1099 2 2 1 1 408 483 484
1100 2 2 1 1 408 484 409
1101 2 2 1 1 409 484 485
1102 2 2 1 1 409 485 410
1103 2 2 1 1 410 485 486
1104 2 2 1 1 410 486 411
1105 2 2 1 1 411 486 487
1106 2 2 1 1 411 487 412
1107 2 2 1 1 412 487 488
1108 2 2 1 1 412 488 413
1109 2 2 1 1 413 488 489
1110 2 2 1 1 413 489 414
1111 2 2 1 1 414 489 490
1112 2 2 1 1 414 490 415
1113 2 2 1 1 415 490 491
1114 2 2 1 1 415 491 416
1115 2 2 1 1 416 491 492
1116 2 2 1 1 416 492 417
1117 2 2 1 1 417 492 493
1118 2 2 1 1 417 493 418
1119 2 2 1 1 418 493 494
1120 2 2 1 1 418 494 419
1121 2 2 1 1 419 494 495
1122 2 2 1 1 419 495 350
1123 2 2 1 1 350 495 420
1124 2 2 1 1 420 496 497
1125 2 2 1 1 420 497 421
1126 2 2 1 1 421 497 498
1127 2 2 1 1 421 498 422
1128 2 2 1 1 422 498 499
1129 2 2 1 1 422 499 423
1130 2 2 1 1 423 499 500
1131 2 2 1 1 423 500 424
1132 2 2 1 1 424 500 501
1133 2 2 1 1 424 501 425
1134 2 2 1 1 425 501 502
1135 2 2 1 1 425 502 426
1136 2 2 1 1 426 502 503
1137 2 2 1 1 426 503 427
1138 2 2 1 1 427 503 504
1139 2 2 1 1 427 504 428
1140 2 2 1 1 428 504 505
1141 2 2 1 1 428 505 429
1142 2 2 1 1 429 505 506
1143 2 2 1 1 429 506 430
1144 2 2 1 1 430 506 507
1145 2 2 1 1 430 507 431
1146 2 2 1 1 431 507 508
1147 2 2 1 1 431 508 432
1148 2 2 1 1 432 508 509
1149 2 2 1 1 432 509 510
1150 2 2 1 1 432 510 433
1151 2 2 1 1 433 510 511
1152 2 2 1 1 433 511 434
1153 2 2 1 1 434 511 512
1154 2 2 1 1 434 512 435
1155 2 2 1 1 435 512 513
1156 2 2 1 1 435 513 436
1157 2 2 1 1 436 513 514
1158 2 2 1 1 436 514 437
1159 2 2 1 1 437 514 515
1160 2 2 1 1 437 515 438
1161 2 2 1 1 438 515 516
1162 2 2 1 1 438 516 439
1163 2 2 1 1 439 516 517
1164 2 2 1 1 439 517 440
1165 2 2 1 1 440 517 518
1166 2 2 1 1 440 518 441
1167 2 2 1 1 441 518 519
1168 2 2 1 1 441 519 442
1169 2 2 1 1 442 519 520
1170 2 2 1 1 442 520 443
1171 2 2 1 1 443 520 521
1172 2 2 1 1 443 521 444
1173 2 2 1 1 444 521 522
1174 2 2 1 1 444 522 445
1175 2 2 1 1 445 522 523
1176 2 2 1 1 445 523 524
1177 2 2 1 1 445 524 446
1178 2 2 1 1 446 524 525
1179 2 2 1 1 446 525 447
1180 2 2 1 1 447 525 526
1181 2 2 1 1 447 526 448
1182 2 2 1 1 448 526 527
1183 2 2 1 1 448 527 449
1184 2 2 1 1 449 527 528
1185 2 2 1 1 449 528 450
1186 2 2 1 1 450 528 529
1187 2 2 1 1 450 529 451
1188 2 2 1 1 451 529 530
1189 2 2 1 1 451 530 452
1190 2 2 1 1 452 530 531
1191 2 2 1 1 452 531 453
1192 2 2 1 1 453 531 532
1193 2 2 1 1 453 532 454
1194 2 2 1 1 454 532 533
1195 2 2 1 1 454 533 455
1196 2 2 1 1 455 533 534
1197 2 2 1 1 455 534 456
1198 2 2 1 1 456 534 535
1199 2 2 1 1 456 535 457
1200 2 2 1 1 457 535 536
1201 2 2 1 1 457 536 458
1202 2 2 1 1 458 536 537
1203 2 2 1 1 458 537 538
1204 2 2 1 1 458 538 459
1205 2 2 1 1 459 538 539
1206 2 2 1 1 459 539 460
1207 2 2 1 1 460 539 540
1208 2 2 1 1 460 540 461
1209 2 2 1 1 461 540 541
1210 2 2 1 1 461 541 462
1211 2 2 1 1 462 541 542
1212 2 2 1 1 462 542 463
1213 2 2 1 1 463 542 543
1214 2 2 1 1 463 543 464
1215 2 2 1 1 464 543 544
1216 2 2 1 1 464 544 465
1217 2 2 1 1 465 544 545
1218 2 2 1 1 465 545 466
1219 2 2 1 1 466 545 546
1220 2 2 1 1 466 546 467
1221 2 2 1 1 467 546 547
1222 2 2 1 1 467 547 468
1223 2 2 1 1 468 547 548
1224 2 2 1 1 468 548 469
1225 2 2 1 1 469 548 549
1226 2 2 1 1 469 549 470
1227 2 2 1 1 470 549 550
1228 2 2 1 1 470 550 551
1229 2 2 1 1 470 551 471
1230 2 2 1 1 471 551 552
1231 2 2 1 1 471 552 472
1232 2 2 1 1 472 552 553
1233 2 2 1 1 472 553 473
1234 2 2 1 1 473 553 554
1235 2 2 1 1 473 554 474
1236 2 2 1 1 474 554 555
1237 2 2 1 1 474 555 475
1238 2 2 1 1 475 555 556
1239 2 2 1 1 475 556 476
1240 2 2 1 1 476 556 557
1241 2 2 1 1 476 557 477
1242 2 2 1 1 477 557 558
1243 2 2 1 1 477 558 478
1244 2 2 1 1 478 558 559
1245 2 2 1 1 478 559 479
1246 2 2 1 1 479 559 560
1247 2 2 1 1 479 560 480
1248 2 2 1 1 480 560 561
1249 2 2 1 1 480 561 481
1250 2 2 1 1 481 561 562
1251 2 2 1 1 481 562 482
1252 2 2 1 1 482 562 563
1253 2 2 1 1 482 563 483
1254 2 2 1 1 483 563 564
1255 2 2 1 1 483 564 565
1256 2 2 1 1 483 565 484
1257 2 2 1 1 484 565 566
1258 2 2 1 1 484 566 485
1259 2 2 1 1 485 566 567
1260 2 2 1 1 485 567 486
1261 2 2 1 1 486 567 568
1262 2 2 1 1 486 568 487
1263 2 2 1 1 487 568 569
1264 2 2 1 1 487 569 488
1265 2 2 1 1 488 569 570
1266 2 2 1 1 488 570 489
1267 2 2 1 1 489 570 571
1268 2 2 1 1 489 571 490
1269 2 2 1 1 490 571 572
1270 2 2 1 1 490 572 491
1271 2 2 1 1 491 572 573
1272 2 2 1 1 491 573 492
1273 2 2 1 1 492 573 574
1274 2 2 1 1 492 574 493
1275 2 2 1 1 493 574 575
1276 2 2 1 1 493 575 494
1277 2 2 1 1 494 575 576
1278 2 2 1 1 494 576 495
1279 2 2 1 1 495 576 577
1280 2 2 1 1 495 577 420
1281 2 2 1 1 420 577 496
1282 2 2 1 1 496 578 579
1283 2 2 1 1 496 579 497
1284 2 2 1 1 497 579 580
1285 2 2 1 1 497 580 498
1286 2 2 1 1 498 580 581
1287 2 2 1 1 498 581 499
1288 2 2 1 1 499 581 582
1289 2 2 1 1 499 582 500
1290 2 2 1 1 500 582 583
1291 2 2 1 1 500 583 501
1292 2 2 1 1 501 583 584
1293 2 2 1 1 501 584 502
1294 2 2 1 1 502 584 585
1295 2 2 1 1 502 585 503
1296 2 2 1 1 503 585 586
1297 2 2 1 1 503 586 504
1298 2 2 1 1 504 586 587
1299 2 2 1 1 504 587 505
1300 2 2 1 1 505 587 588
1301 2 2 1 1 505 588 506
1302 2 2 1 1 506 588 589
1303 2 2 1 1 506 589 507
1304 2 2 1 1 507 589 590
1305 2 2 1 1 507 590 591
1306 2 2 1 1 507 591 508
1307 2 2 1 1 508 591 592
1308 2 2 1 1 508 592 509
1309 2 2 1 1 509 592 593
1310 2 2 1 1 509 593 510
1311 2 2 1 1 510 593 594
1312 2 2 1 1 510 594 511
1313 2 2 1 1 511 594 595
1314 2 2 1 1 511 595 512
1315 2 2 1 1 512 595 596
1316 2 2 1 1 512 596 513
1317 2 2 1 1 513 596 597
1318 2 2 1 1 513 597 514
1319 2 2 1 1 514 597 598
1320 2 2 1 1 514 598 515
1321 2 2 1 1 515 598 599
1322 2 2 1 1 515 599 516
1323 2 2 1 1 516 599 600
1324 2 2 1 1 516 600 517
1325 2 2 1 1 517 600 601
1326 2 2 1 1 517 601 518
1327 2 2 1 1 518 601 602
1328 2 2 1 1 518 602 519
1329 2 2 1 1 519 602 603
1330 2 2 1 1 519 603 604
1331 2 2 1 1 519 604 520
1332 2 2 1 1 520 604 605
1333 2 2 1 1 520 605 521
1334 2 2 1 1 521 605 606
1335 2 2 1 1 521 606 522
1336 2 2 1 1 522 606 607
1337 2 2 1 1 522 607 523
1338 2 2 1 1 523 607 608
1339 2 2 1 1 523 608 524
1340 2 2 1 1 524 608 609
1341 2 2 1 1 524 609 525
1342 2 2 1 1 525 609 610
1343 2 2 1 1 525 610 526
1344 2 2 1 1 526 610 611
1345 2 2 1 1 526 611 527
1346 2 2 1 1 527 611 612
1347 2 2 1 1 527 612 528
1348 2 2 1 1 528 612 613
1349 2 2 1 1 528 613 529
1350 2 2 1 1 529 613 614
1351 2 2 1 1 529 614 530
1352 2 2 1 1 530 614 615
1353 2 2 1 1 530 615 531
1354 2 2 1 1 531 615 616
1355 2 2 1 1 531 616 617
1356 2 2 1 1 531 617 532
1357 2 2 1 1 532 617 618
1358 2 2 1 1 532 618 533
1359 2 2 1 1 533 618 619
1360 2 2 1 1 533 619 534
1361 2 2 1 1 534 619 620
1362 2 2 1 1 534 620 535
1363 2 2 1 1 535 620 621
1364 2 2 1 1 535 621 536
1365 2 2 1 1 536 621 622
1366 2 2 1 1 536 622 537
1367 2 2 1 1 537 622 623
1368 2 2 1 1 537 623 538
1369 2 2 1 1 538 623 624
1370 2 2 1 1 538 624 539
1371 2 2 1 1 539 624 625
1372 2 2 1 1 539 625 540
1373 2 2 1 1 540 625 626
1374 2 2 1 1 540 626 541
1375 2 2 1 1 541 626 627
1376 2 2 1 1 541 627 542
1377 2 2 1 1 542 627 628
1378 2 2 1 1 542 628 629
1379 2 2 1 1 542 629 543
1380 2 2 1 1 543 629 630
1381 2 2 1 1 543 630 544
1382 2 2 1 1 544 630 631
1383 2 2 1 1 544 631 545
1384 2 2 1 1 545 631 632
1385 2 2 1 1 545 632 546
1386 2 2 1 1 546 632 633
1387 2 2 1 1 546 633 547
1388 2 2 1 1 547 633 634
1389 2 2 1 1 547 634 548
1390 2 2 1 1 548 634 635
1391 2 2 1 1 548 635 549
1392 2 2 1 1 549 635 636
1393 2 2 1 1 549 636 550
1394 2 2 1 1 550 636 637
1395 2 2 1 1 550 637 551
1396 2 2 1 1 551 637 638
1397 2 2 1 1 551 638 552
1398 2 2 1 1 552 638 639
1399 2 2 1 1 552 639 553
1400 2 2 1 1 553 639 640
1401 2 2 1 1 553 640 554
1402 2 2 1 1 554 640 641
1403 2 2 1 1 554 641 642
1404 2 2 1 1 554 642 555
1405 2 2 1 1 555 642 643
1406 2 2 1 1 555 643 556
1407 2 2 1 1 556 643 644
1408 2 2 1 1 556 644 557
1409 2 2 1 1 557 644 645
1410 2 2 1 1 557 645 558
1411 2 2 1 1 558 645 646
1412 2 2 1 1 558 646 559
1413 2 2 1 1 559 646 647
1414 2 2 1 1 559 647 560
1415 2 2 1 1 560 647 648
1416 2 2 1 1 560 648 561
1417 2 2 1 1 561 648 649
1418 2 2 1 1 561 649 562
1419 2 2 1 1 562 649 650
1420 2 2 1 1 562 650 563
1421 2 2 1 1 563 650 651
1422 2 2 1 1 563 651 564
1423 2 2 1 1 564 651 652
1424 2 2 1 1 564 652 565
1425 2 2 1 1 565 652 653
1426 2 2 1 1 565 653 566
1427 2 2 1 1 566 653 654
1428 2 2 1 1 566 654 655
1429 2 2 1 1 566 655 567
1430 2 2 1 1 567 655 656
1431 2 2 1 1 567 656 568
1432 2 2 1 1 568 656 657
1433 2 2 1 1 568 657 569
1434 2 2 1 1 569 657 658
1435 2 2 1 1 569 658 570
1436 2 2 1 1 570 658 659
1437 2 2 1 1 570 659 571
1438 2 2 1 1 571 659 660
1439 2 2 1 1 571 660 572
1440 2 2 1 1 572 660 661
1441 2 2 1 1 572 661 573
1442 2 2 1 1 573 661 662
1443 2 2 1 1 573 662 574
1444 2 2 1 1 574 662 663
1445 2 2 1 1 574 663 575
1446 2 2 1 1 575 663 664
1447 2 2 1 1 575 664 576
1448 2 2 1 1 576 664 665
1449 2 2 1 1 576 665 577
1450 2 2 1 1 577 665 666
1451 2 2 1 1 577 666 496
1452 2 2 1 1 496 666 578
1453 2 2 1 1 578 667 668
1454 2 2 1 1 578 668 579
1455 2 2 1 1 579 668 669
1456 2 2 1 1 579 669 580
1457 2 2 1 1 580 669 670
1458 2 2 1 1 580 670 581
1459 2 2 1 1 581 670 671
1460 2 2 1 1 581 671 582
1461 2 2 1 1 582 671 672
1462 2 2 1 1 582 672 583
1463 2 2 1 1 583 672 673
1464 2 2 1 1 583 673 584
1465 2 2 1 1 584 673 674
1466 2 2 1 1 584 674 585
1467 2 2 1 1 585 674 675
1468 2 2 1 1 585 675 586
1469 2 2 1 1 586 675 676
1470 2 2 1 1 586 676 587
1471 2 2 1 1 587 676 677
1472 2 2 1 1 587 677 588
1473 2 2 1 1 588 677 678
1474 2 2 1 1 588 678 589
1475 2 2 1 1 589 678 679
1476 2 2 1 1 589 679 590
1477 2 2 1 1 590 679 680
1478 2 2 1 1 590 680 591
1479 2 2 1 1 591 680 681
1480 2 2 1 1 591 681 592
1481 2 2 1 1 592 681 682
1482 2 2 1 1 592 682 683
1483 2 2 1 1 592 683 593
1484 2 2 1 1 593 683 684
1485 2 2 1 1 593 684 594
1486 2 2 1 1 594 684 685
1487 2 2 1 1 594 685 595
1488 2 2 1 1 595 685 686
1489 2 2 1 1 595 686 596
1490 2 2 1 1 596 686 687
1491 2 2 1 1 596 687 597
1492 2 2 1 1 597 687 688
1493 2 2 1 1 597 688 598
1494 2 2 1 1 598 688 689
1495 2 2 1 1 598 689 599
1496 2 2 1 1 599 689 690
1497 2 2 1 1 599 690 600
1498 2 2 1 1 600 690 691
1499 2 2 1 1 600 691 601
1500 2 2 1 1 601 691 692
1501 2 2 1 1 601 692 602
1502 2 2 1 1 602 692 693
1503 2 2 1 1 602 693 603
1504 2 2 1 1 603 693 694
1505 2 2 1 1 603 694 604
1506 2 2 1 1 604 694 695
1507 2 2 1 1 604 695 605
1508 2 2 1 1 605 695 696
1509 2 2 1 1 605 696 606
1510 2 2 1 1 606 696 697
1511 2 2 1 1 606 697 607
1512 2 2 1 1 607 697 698
1513 2 2 1 1 607 698 699
1514 2 2 1 1 607 699 608
1515 2 2 1 1 608 699 700
1516 2 2 1 1 608 700 609
1517 2 2 1 1 609 700 701
1518 2 2 1 1 609 701 610
1519 2 2 1 1 610 701 702
1520 2 2 1 1 610 702 611
1521 2 2 1 1 611 702 703
1522 2 2 1 1 611 703 612
1523 2 2 1 1 612 703 704
1524 2 2 1 1 612 704 613
1525 2 2 1 1 613 704 705
1526 2 2 1 1 613 705 614
1527 2 2 1 1 614 705 706
1528 2 2 1 1 614 706 615
1529 2 2 1 1 615 706 707
1530 2 2 1 1 615 707 616
1531 2 2 1 1 616 707 708
1532 2 2 1 1 616 708 617
1533 2 2 1 1 617 708 709
1534 2 2 1 1 617 709 618
1535 2 2 1 1 618 709 710
1536 2 2 1 1 618 710 619
1537 2 2 1 1 619 710 711
1538 2 2 1 1 619 711 620
1539 2 2 1 1 620 711 712
1540 2 2 1 1 620 712 621
1541 2 2 1 1 621 712 713
1542 2 2 1 1 621 713 622
1543 2 2 1 1 622 713 714
1544 2 2 1 1 622 714 715
1545 2 2 1 1 622 715 623
1546 2 2 1 1 623 715 716
1547 2 2 1 1 623 716 624
1548 2 2 1 1 624 716 717
1549 2 2 1 1 624 717 625
1550 2 2 1 1 625 717 718
1551 2 2 1 1 625 718 626
1552 2 2 1 1 626 718 719
1553 2 2 1 1 626 719 627
1554 2 2 1 1 627 719 720
1555 2 2 1 1 627 720 628
1556 2 2 1 1 628 720 721
1557 2 2 1 1 628 721 629
1558 2 2 1 1 629 721 722
1559 2 2 1 1 629 722 630
1560 2 2 1 1 630 722 723
1561 2 2 1 1 630 723 631
1562 2 2 1 1 631 723 724
1563 2 2 1 1 631 724 632
1564 2 2 1 1 632 724 725
1565 2 2 1 1 632 725 633
1566 2 2 1 1 633 725 726
1567 2 2 1 1 633 726 634
1568 2 2 1 1 634 726 727
1569 2 2 1 1 634 727 635
1570 2 2 1 1 635 727 728
1571 2 2 1 1 635 728 636
1572 2 2 1 1 636 728 729
1573 2 2 1 1 636 729 637
1574 2 2 1 1 637 729 730
1575 2 2 1 1 637 730 731
1576 2 2 1 1 637 731 638
1577 2 2 1 1 638 731 732
1578 2 2 1 1 638 732 639
1579 2 2 1 1 639 732 733
1580 2 2 1 1 639 733 640
1581 2 2 1 1 640 733 734
1582 2 2 1 1 640 734 641
1583 2 2 1 1 641 734 735
1584 2 2 1 1 641 735 642
1585 2 2 1 1 642 735 736
1586 2 2 1 1 642 736 643
1587 2 2 1 1 643 736 737
1588 2 2 1 1 643 737 644
1589 2 2 1 1 644 737 738
1590 2 2 1 1 644 738 645
1591 2 2 1 1 645 738 739
1592 2 2 1 1 645 739 646
1593 2 2 1 1 646 739 740
1594 2 2 1 1 646 740 647
1595 2 2 1 1 647 740 741
1596 2 2 1 1 647 741 648
1597 2 2 1 1 648 741 742
1598 2 2 1 1 648 742 649
1599 2 2 1 1 649 742 743
1600 2 2 1 1 649 743 650
1601 2 2 1 1 650 743 744
1602 2 2 1 1 650 744 651
1603 2 2 1 1 651 744 745
1604 2 2 1 1 651 745 652
1605 2 2 1 1 652 745 746
1606 2 2 1 1 652 746 747
1607 2 2 1 1 652 747 653
1608 2 2 1 1 653 747 748
1609 2 2 1 1 653 748 654
1610 2 2 1 1 654 748 749
1611 2 2 1 1 654 749 655
1612 2 2 1 1 655 749 750
1613 2 2 1 1 655 750 656
1614 2 2 1 1 656 750 751
1615 2 2 1 1 656 751 657
1616 2 2 1 1 657 751 752
1617 2 2 1 1 657 752 658
1618 2 2 1 1 658 752 753
1619 2 2 1 1 658 753 659
1620 2 2 1 1 659 753 754
1621 2 2 1 1 659 754 660
1622 2 2 1 1 660 754 755
1623 2 2 1 1 660 755 661
1624 2 2 1 1 661 755 756
1625 2 2 1 1 661 756 662
1626 2 2 1 1 662 756 757
1627 2 2 1 1 662 757 663
1628 2 2 1 1 663 757 758
1629 2 2 1 1 663 758 664
1630 2 2 1 1 664 758 759
1631 2 2 1 1 664 759 665
1632 2 2 1 1 665 759 760
1633 2 2 1 1 665 760 666
1634 2 2 1 1 666 760 761
1635 2 2 1 1 666 761 578
1636 2 2 1 1 578 761 667
1637 2 2 1 1 667 762 763
1638 2 2 1 1 667 763 668
1639 2 2 1 1 668 763 764
1640 2 2 1 1 668 764 669
1641 2 2 1 1 669 764 765
1642 2 2 1 1 669 765 670
1643 2 2 1 1 670 765 766
1644 2 2 1 1 670 766 671
1645 2 2 1 1 671 766 767
1646 2 2 1 1 671 767 672
1647 2 2 1 1 672 767 768
1648 2 2 1 1 672 768 673
1649 2 2 1 1 673 768 769
1650 2 2 1 1 673 769 674
1651 2 2 1 1 674 769 770
1652 2 2 1 1 674 770 675
1653 2 2 1 1 675 770 771
1654 2 2 1 1 675 771 676
1655 2 2 1 1 676 771 772
1656 2 2 1 1 676 772 677
1657 2 2 1 1 677 772 773
1658 2 2 1 1 677 773 678
1659 2 2 1 1 678 773 774
1660 2 2 1 1 678 774 679
1661 2 2 1 1 679 774 775
1662 2 2 1 1 679 775 680
1663 2 2 1 1 680 775 776
1664 2 2 1 1 680 776 681
1665 2 2 1 1 681 776 777
1666 2 2 1 1 681 777 682
1667 2 2 1 1 682 777 778
1668 2 2 1 1 682 778 779
1669 2 2 1 1 682 779 683
1670 2 2 1 1 683 779 780
1671 2 2 1 1 683 780 684
1672 2 2 1 1 684 780 781
1673 2 2 1 1 684 781 685
1674 2 2 1 1 685 781 782
1675 2 2 1 1 685 782 686
1676 2 2 1 1 686 782 783
1677 2 2 1 1 686 783 687
1678 2 2 1 1 687 783 784
1679 2 2 1 1 687 784 688
1680 2 2 1 1 688 784 785
1681 2 2 1 1 688 785 689
1682 2 2 1 1 689 785 786
1683 2 2 1 1 689 786 690
1684 2 2 1 1 690 786 787
1685 2 2 1 1 690 787 691
1686 2 2 1 1 691 787 788
1687 2 2 1 1 691 788 692
1688 2 2 1 1 692 788 789
1689 2 2 1 1 692 789 693
1690 2 2 1 1 693 789 790
1691 2 2 1 1 693 790 694
1692 2 2 1 1 694 790 791
1693 2 2 1 1 694 791 695
1694 2 2 1 1 695 791 792
1695 2 2 1 1 695 792 696
1696 2 2 1 1 696 792 793
1697 2 2 1 1 696 793 697
1698 2 2 1 1 697 793 794
1699 2 2 1 1 697 794 698
1700 2 2 1 1 698 794 795
1701 2 2 1 1 698 795 796
1702 2 2 1 1 698 796 699
1703 2 2 1 1 699 796 797
1704 2 2 1 1 699 797 700
1705 2 2 1 1 700 797 798
1706 2 2 1 1 700 798 701
1707 2 2 1 1 701 798 799
1708 2 2 1 1 701 799 702
1709 2 2 1 1 702 799 800
1710 2 2 1 1 702 800 703
1711 2 2 1 1 703 800 801
1712 2 2 1 1 703 801 704
1713 2 2 1 1 704 801 802
1714 2 2 1 1 704 802 705
1715 2 2 1 1 705 802 803
1716 2 2 1 1 705 803 706
1717 2 2 1 1 706 803 804
1718 2 2 1 1 706 804 707
1719 2 2 1 1 707 804 805
1720 2 2 1 1 707 805 708
1721 2 2 1 1 708 805 806
1722 2 2 1 1 708 806 709
1723 2 2 1 1 709 806 807
1724 2 2 1 1 709 807 710
1725 2 2 1 1 710 807 808
1726 2 2 1 1 710 808 711
1727 2 2 1 1 711 808 809
1728 2 2 1 1 711 809 712
1729 2 2 1 1 712 809 810
1730 2 2 1 1 712 810 713
1731 2 2 1 1 713 810 811
1732 2 2 1 1 713 811 714
1733 2 2 1 1 714 811 812
1734 2 2 1 1 714 812 813
1735 2 2 1 1 714 813 715
1736 2 2 1 1 715 813 814
1737 2 2 1 1 715 814 716
1738 2 2 1 1 716 814 815
1739 2 2 1 1 716 815 717
1740 2 2 1 1 717 815 816
1741 2 2 1 1 717 816 718
1742 2 2 1 1 718 816 817
1743 2 2 1 1 718 817 719
1744 2 2 1 1 719 817 818
1745 2 2 1 1 719 818 720
1746 2 2 1 1 720 818 819
1747 2 2 1 1 720 819 721
1748 2 2 1 1 721 819 820
1749 2 2 1 1 721 820 722
1750 2 2 1 1 722 820 821
1751 2 2 1 1 722 821 723
1752 2 2 1 1 723 821 822
1753 2 2 1 1 723 822 724
1754 2 2 1 1 724 822 823
1755 2 2 1 1 724 823 725
1756 2 2 1 1 725 823 824
1757 2 2 1 1 725 824 726
1758 2 2 1 1 726 824 825
1759 2 2 1 1 726 825 727
1760 2 2 1 1 727 825 826
1761 2 2 1 1 727 826 728
1762 2 2 1 1 728 826 827
1763 2 2 1 1 728 827 729
1764 2 2 1 1 729 827 828
1765 2 2 1 1 729 828 730
1766 2 2 1 1 730 828 829
1767 2 2 1 1 730 829 830
1768 2 2 1 1 730 830 731
1769 2 2 1 1 731 830 831
1770 2 2 1 1 731 831 732
1771 2 2 1 1 732 831 832
1772 2 2 1 1 732 832 733
1773 2 2 1 1 733 832 833
1774 2 2 1 1 733 833 734
1775 2 2 1 1 734 833 834
1776 2 2 1 1 734 834 735
1777 2 2 1 1 735 834 835
1778 2 2 1 1 735 835 736
1779 2 2 1 1 736 835 836
1780 2 2 1 1 736 836 737
1781 2 2 1 1 737 836 837
1782 2 2 1 1 737 837 738
1783 2 2 1 1 738 837 838
1784 2 2 1 1 738 838 739
1785 2 2 1 1 739 838 839
1786 2 2 1 1 739 839 740
1787 2 2 1 1 740 839 840
1788 2 2 1 1 740 840 741
1789 2 2 1 1 741 840 841
1790 2 2 1 1 741 841 742
1791 2 2 1 1 742 841 842
1792 2 2 1 1 742 842 743
1793 2 2 1 1 743 842 843
1794 2 2 1 1 743 843 744
1795 2 2 1 1 744 843 844
1796 2 2 1 1 744 844 745
1797 2 2 1 1 745 844 845
1798 2 2 1 1 745 845 746
1799 2 2 1 1 746 845 846
1800 2 2 1 1 746 846 847
1801 2 2 1 1 746 847 747
1802 2 2 1 1 747 847 848
1803 2 2 1 1 747 848 748
1804 2 2 1 1 748 848 849
1805 2 2 1 1 748 849 749
1806 2 2 1 1 749 849 850
1807 2 2 1 1 749 850 750
1808 2 2 1 1 750 850 851
1809 2 2 1 1 750 851 751
1810 2 2 1 1 751 851 852
1811 2 2 1 1 751 852 752
1812 2 2 1 1 752 852 853
1813 2 2 1 1 752 853 753
1814 2 2 1 1 753 853 854
1815 2 2 1 1 753 854 754
1816 2 2 1 1 754 854 855
1817 2 2 1 1 754 855 755
1818 2 2 1 1 755 855 856
1819 2 2 1 1 755 856 756
1820 2 2 1 1 756 856 857
1821 2 2 1 1 756 857 757
1822 2 2 1 1 757 857 858
1823 2 2 1 1 757 858 758
1824 2 2 1 1 758 858 859
1825 2 2 1 1 758 859 759
1826 2 2 1 1 759 859 860
1827 2 2 1 1 759 860 760
1828 2 2 1 1 760 860 861
1829 2 2 1 1 760 861 761
1830 2 2 1 1 761 861 862
1831 2 2 1 1 761 862 667
1832 2 2 1 1 667 862 762
1833 2 2 1 1 762 863 864
1834 2 2 1 1 762 864 763
1835 2 2 1 1 763 864 865
1836 2 2 1 1 763 865 764
1837 2 2 1 1 764 865 866
1838 2 2 1 1 764 866 765
1839 2 2 1 1 765 866 867
1840 2 2 1 1 765 867 766
1841 2 2 1 1 766 867 868
1842 2 2 1 1 766 868 767
1843 2 2 1 1 767 868 869
1844 2 2 1 1 767 869 768
1845 2 2 1 1 768 869 870
1846 2 2 1 1 768 870 769
1847 2 2 1 1 769 870 871
1848 2 2 1 1 769 871 770
1849 2 2 1 1 770 871 872
1850 2 2 1 1 770 872 771
1851 2 2 1 1 771 872 873
1852 2 2 1 1 771 873 772
1853 2 2 1 1 772 873 874
1854 2 2 1 1 772 874 773
1855 2 2 1 1 773 874 875
1856 2 2 1 1 773 875 774
1857 2 2 1 1 774 875 876
1858 2 2 1 1 774 876 775
1859 2 2 1 1 775 876 877
1860 2 2 1 1 775 877 776
1861 2 2 1 1 776 877 878
1862 2 2 1 1 776 878 879
1863 2 2 1 1 776 879 777
1864 2 2 1 1 777 879 880
1865 2 2 1 1 777 880 778
1866 2 2 1 1 778 880 881
1867 2 2 1 1 778 881 779
1868 2 2 1 1 779 881 882
1869 2 2 1 1 779 882 780
1870 2 2 1 1 780 882 883
1871 2 2 1 1 780 883 781
1872 2 2 1 1 781 883 884
1873 2 2 1 1 781 884 782
1874 2 2 1 1 782 884 885
1875 2 2 1 1 782 885 783
1876 2 2 1 1 783 885 886
1877 2 2 1 1 783 886 784
1878 2 2 1 1 784 886 887
1879 2 2 1 1 784 887 785
1880 2 2 1 1 785 887 888
1881 2 2 1 1 785 888 786
1882 2 2 1 1 786 888 889
1883 2 2 1 1 786 889 787
1884 2 2 1 1 787 889 890
1885 2 2 1 1 787 890 788
1886 2 2 1 1 788 890 891
1887 2 2 1 1 788 891 789
1888 2 2 1 1 789 891 892
1889 2 2 1 1 789 892 790
1890 2 2 1 1 790 892 893
1891 2 2 1 1 790 893 894
1892 2 2 1 1 790 894 791
1893 2 2 1 1 791 894 895
1894 2 2 1 1 791 895 792
1895 2 2 1 1 792 895 896
1896 2 2 1 1 792 896 793
1897 2 2 1 1 793 896 897
1898 2 2 1 1 793 897 794
1899 2 2 1 1 794 897 898
1900 2 2 1 1 794 898 795
1901 2 2 1 1 795 898 899
1902 2 2 1 1 795 899 796
1903 2 2 1 1 796 899 900
1904 2 2 1 1 796 900 797
1905 2 2 1 1 797 900 901
1906 2 2 1 1 797 901 798
1907 2 2 1 1 798 901 902
1908 2 2 1 1 798 902 799
1909 2 2 1 1 799 902 903
1910 2 2 1 1 799 903 800
1911 2 2 1 1 800 903 904
1912 2 2 1 1 800 904 801
1913 2 2 1 1 801 904 905
1914 2 2 1 1 801 905 802
1915 2 2 1 1 802 905 906
1916 2 2 1 1 802 906 803
1917 2 2 1 1 803 906 907
1918 2 2 1 1 803 907 804
1919 2 2 1 1 804 907 908
1920 2 2 1 1 804 908 805
1921 2 2 1 1 805 908 909
1922 2 2 1 1 805 909 910
1923 2 2 1 1 805 910 806
1924 2 2 1 1 806 910 911
1925 2 2 1 1 806 911 807
1926 2 2 1 1 807 911 912
1927 2 2 1 1 807 912 808
1928 2 2 1 1 808 912 913
1929 2 2 1 1 808 913 809
1930 2 2 1 1 809 913 914
1931 2 2 1 1 809 914 810
1932 2 2 1 1 810 914 915
1933 2 2 1 1 810 915 811
1934 2 2 1 1 811 915 916
1935 2 2 1 1 811 916 812
1936 2 2 1 1 812 916 917
1937 2 2 1 1 812 917 813
1938 2 2 1 1 813 917 918
1939 2 2 1 1 813 918 814
1940 2 2 1 1 814 918 919
1941 2 2 1 1 814 919 815
1942 2 2 1 1 815 919 920
1943 2 2 1 1 815 920 816
1944 2 2 1 1 816 920 921
1945 2 2 1 1 816 921 817
1946 2 2 1 1 817 921 922
1947 2 2 1 1 817 922 818
1948 2 2 1 1 818 922 923
1949 2 2 1 1 818 923 819
1950 2 2 1 1 819 923 924
1951 2 2 1 1 819 924 925
1952 2 2 1 1 819 925 820
1953 2 2 1 1 820 925 926
1954 2 2 1 1 820 926 821
1955 2 2 1 1 821 926 927
1956 2 2 1 1 821 927 822
1957 2 2 1 1 822 927 928
1958 2 2 1 1 822 928 823
1959 2 2 1 1 823 928 929
1960 2 2 1 1 823 929 824
1961 2 2 1 1 824 929 930
1962 2 2 1 1 824 930 825
1963 2 2 1 1 825 930 931
1964 2 2 1 1 825 931 826
1965 2 2 1 1 826 931 932
1966 2 2 1 1 826 932 827
1967 2 2 1 1 827 932 933
1968 2 2 1 1 827 933 828
1969 2 2 1 1 828 933 934
1970 2 2 1 1 828 934 829
1971 2 2 1 1 829 934 935
1972 2 2 1 1 829 935 830
1973 2 2 1 1 830 935 936
1974 2 2 1 1 830 936 831
1975 2 2 1 1 831 936 937
1976 2 2 1 1 831 937 832
1977 2 2 1 1 832 937 938
1978 2 2 1 1 832 938 833
1979 2 2 1 1 833 938 939
1980 2 2 1 1 833 939 834
1981 2 2 1 1 834 939 940
1982 2 2 1 1 834 940 941
1983 2 2 1 1 834 941 835
1984 2 2 1 1 835 941 942
1985 2 2 1 1 835 942 836
1986 2 2 1 1 836 942 943
1987 2 2 1 1 836 943 837
1988 2 2 1 1 837 943 944
1989 2 2 1 1 837 944 838
1990 2 2 1 1 838 944 945
1991 2 2 1 1 838 945 839
1992 2 2 1 1 839 945 946
1993 2 2 1 1 839 946 840
1994 2 2 1 1 840 946 947
1995 2 2 1 1 840 947 841
1996 2 2 1 1 841 947 948
1997 2 2 1 1 841 948 842
1998 2 2 1 1 842 948 949
1999 2 2 1 1 842 949 843
2000 2 2 1 1 843 949 950
2001 2 2 1 1 843 950 844
2002 2 2 1 1 844 950 951
2003 2 2 1 1 844 951 845
2004 2 2 1 1 845 951 952
2005 2 2 1 1 845 952 846
2006 2 2 1 1 846 952 953
2007 2 2 1 1 846 953 847
2008 2 2 1 1 847 953 954
2009 2 2 1 1 847 954 848
2010 2 2 1 1 848 954 955
2011 2 2 1 1 848 955 956
2012 2 2 1 1 848 956 849
2013 2 2 1 1 849 956 957
2014 2 2 1 1 849 957 850
2015 2 2 1 1 850 957 958
2016 2 2 1 1 850 958 851
2017 2 2 1 1 851 958 959
2018 2 2 1 1 851 959 852
2019 2 2 1 1 852 959 960
2020 2 2 1 1 852 960 853
2021 2 2 1 1 853 960 961
2022 2 2 1 1 853 961 854
2023 2 2 1 1 854 961 962
2024 2 2 1 1 854 962 855
2025 2 2 1 1 855 962 963
2026 2 2 1 1 855 963 856
2027 2 2 1 1 856 963 964
2028 2 2 1 1 856 964 857
2029 2 2 1 1 857 964 965
2030 2 2 1 1 857 965 858
2031 2 2 1 1 858 965 966
2032 2 2 1 1 858 966 859
2033 2 2 1 1 859 966 967
2034 2 2 1 1 859 967 860
2035 2 2 1 1 860 967 968
2036 2 2 1 1 860 968 861
2037 2 2 1 1 861 968 969
2038 2 2 1 1 861 969 862
2039 2 2 1 1 862 969 970
2040 2 2 1 1 862 970 762
2041 2 2 1 1 762 970 863
2042 2 2 1 1 863 971 972
2043 2 2 1 1 863 972 864
2044 2 2 1 1 864 972 973
2045 2 2 1 1 864 973 865
2046 2 2 1 1 865 973 974
2047 2 2 1 1 865 974 866
2048 2 2 1 1 866 974 975
2049 2 2 1 1 866 975 867
2050 2 2 1 1 867 975 976
2051 2 2 1 1 867 976 868
2052 2 2 1 1 868 976 977
2053 2 2 1 1 868 977 869
2054 2 2 1 1 869 977 978
2055 2 2 1 1 869 978 870
2056 2 2 1 1 870 978 979
2057 2 2 1 1 870 979 871
2058 2 2 1 1 871 979 980
2059 2 2 1 1 871 980 872
2060 2 2 1 1 872 980 981
2061 2 2 1 1 872 981 873
2062 2 2 1 1 873 981 982
2063 2 2 1 1 873 982 874
2064 2 2 1 1 874 982 983
2065 2 2 1 1 874 983 875
2066 2 2 1 1 875 983 984
2067 2 2 1 1 875 984 876
2068 2 2 1 1 876 984 985
2069 2 2 1 1 876 985 877
2070 2 2 1 1 877 985 986
2071 2 2 1 1 877 986 878
2072 2 2 1 1 878 986 987
2073 2 2 1 1 878 987 879
2074 2 2 1 1 879 987 988
2075 2 2 1 1 879 988 880
2076 2 2 1 1 880 988 989
2077 2 2 1 1 880 989 881
2078 2 2 1 1 881 989 990
2079 2 2 1 1 881 990 991
2080 2 2 1 1 881 991 882
2081 2 2 1 1 882 991 992
2082 2 2 1 1 882 992 883
2083 2 2 1 1 883 992 993
2084 2 2 1 1 883 993 884
2085 2 2 1 1 884 993 994
2086 2 2 1 1 884 994 885
2087 2 2 1 1 885 994 995
2088 2 2 1 1 885 995 886
2089 2 2 1 1 886 995 996
2090 2 2 1 1 886 996 887
2091 2 2 1 1 887 996 997
2092 2 2 1 1 887 997 888
2093 2 2 1 1 888 997 998
2094 2 2 1 1 888 998 889
2095 2 2 1 1 889 998 999
2096 2 2 1 1 889 999 890
2097 2 2 1 1 890 999 1000
2098 2 2 1 1 890 1000 891
2099 2 2 1 1 891 1000 1001
2100 2 2 1 1 891 1001 892
2101 2 2 1 1 892 1001 1002
2102 2 2 1 1 892 1002 893
2103 2 2 1 1 893 1002 1003
2104 2 2 1 1 893 1003 894
2105 2 2 1 1 894 1003 1004
2106 2 2 1 1 894 1004 895
2107 2 2 1 1 895 1004 1005
2108 2 2 1 1 895 1005 896
2109 2 2 1 1 896 1005 1006
2110 2 2 1 1 896 1006 897
2111 2 2 1 1 897 1006 1007
2112 2 2 1 1 897 1007 898
2113 2 2 1 1 898 1007 1008
2114 2 2 1 1 898 1008 899
2115 2 2 1 1 899 1008 1009
2116 2 2 1 1 899 1009 1010
2117 2 2 1 1 899 1010 900
2118 2 2 1 1 900 1010 1011
2119 2 2 1 1 900 1011 901
2120 2 2 1 1 901 1011 1012
2121 2 2 1 1 901 1012 902
2122 2 2 1 1 902 1012 1013
2123 2 2 1 1 902 1013 903
2124 2 2 1 1 903 1013 1014
2125 2 2 1 1 903 1014 904
2126 2 2 1 1 904 1014 1015
2127 2 2 1 1 904 1015 905
2128 2 2 1 1 905 1015 1016
2129 2 2 1 1 905 1016 906
2130 2 2 1 1 906 1016 1017
2131 2 2 1 1 906 1017 907
2132 2 2 1 1 907 1017 1018
2133 2 2 1 1 907 1018 908
2134 2 2 1 1 908 1018 1019
2135 2 2 1 1 908 1019 909
2136 2 2 1 1 909 1019 1020
2137 2 2 1 1 909 1020 910
2138 2 2 1 1 910 1020 1021
2139 2 2 1 1 910 1021 911
2140 2 2 1 1 911 1021 1022
2141 2 2 1 1 911 1022 912
2142 2 2 1 1 912 1022 1023
2143 2 2 1 1 912 1023 913
2144 2 2 1 1 913 1023 1024
2145 2 2 1 1 913 1024 914
2146 2 2 1 1 914 1024 1025
2147 2 2 1 1 914 1025 915
2148 2 2 1 1 915 1025 1026
2149 2 2 1 1 915 1026 916
2150 2 2 1 1 916 1026 1027
2151 2 2 1 1 916 1027 917
2152 2 2 1 1 917 1027 1028
2153 2 2 1 1 917 1028 1029
2154 2 2 1 1 917 1029 918
2155 2 2 1 1 918 1029 1030
2156 2 2 1 1 918 1030 919
2157 2 2 1 1 919 1030 1031
2158 2 2 1 1 919 1031 920
2159 2 2 1 1 920 1031 1032
2160 2 2 1 1 920 1032 921
2161 2 2 1 1 921 1032 1033
2162 2 2 1 1 921 1033 922
2163 2 2 1 1 922 1033 1034
2164 2 2 1 1 922 1034 923
2165 2 2 1 1 923 1034 1035
2166 2 2 1 1 923 1035 924
2167 2 2 1 1 924 1035 1036
2168 2 2 1 1 924 1036 925
2169 2 2 1 1 925 1036 1037
2170 2 2 1 1 925 1037 926
2171 2 2 1 1 926 1037 1038
2172 2 2 1 1 926 1038 927
2173 2 2 1 1 927 1038 1039
2174 2 2 1 1 927 1039 928
2175 2 2 1 1 928 1039 1040
2176 2 2 1 1 928 1040 929
2177 2 2 1 1 929 1040 1041
2178 2 2 1 1 929 1041 930
2179 2 2 1 1 930 1041 1042
2180 2 2 1 1 930 1042 931
2181 2 2 1 1 931 1042 1043
2182 2 2 1 1 931 1043 932
2183 2 2 1 1 932 1043 1044
2184 2 2 1 1 932 1044 933
2185 2 2 1 1 933 1044 1045
2186 2 2 1 1 933 1045 934
2187 2 2 1 1 934 1045 1046
2188 2 2 1 1 934 1046 935
2189 2 2 1 1 935 1046 1047
2190 2 2 1 1 935 1047 1048
2191 2 2 1 1 935 1048 936
2192 2 2 1 1 936 1048 1049
2193 2 2 1 1 936 1049 937
2194 2 2 1 1 937 1049 1050
2195 2 2 1 1 937 1050 938
2196 2 2 1 1 938 1050 1051
2197 2 2 1 1 938 1051 939
2198 2 2 1 1 939 1051 1052
2199 2 2 1 1 939 1052 940
2200 2 2 1 1 940 1052 1053
2201 2 2 1 1 940 1053 941
2202 2 2 1 1 941 1053 1054
2203 2 2 1 1 941 1054 942
2204 2 2 1 1 942 1054 1055
2205 2 2 1 1 942 1055 943
2206 2 2 1 1 943 1055 1056
2207 2 2 1 1 943 1056 944
2208 2 2 1 1 944 1056 1057
2209 2 2 1 1 944 1057 945
2210 2 2 1 1 945 1057 1058
2211 2 2 1 1 945 1058 946
2212 2 2 1 1 946 1058 1059
2213 2 2 1 1 946 1059 947
2214 2 2 1 1 947 1059 1060
2215 2 2 1 1 947 1060 948
2216 2 2 1 1 948 1060 1061
2217 2 2 1 1 948 1061 949
2218 2 2 1 1 949 1061 1062
2219 2 2 1 1 949 1062 950
2220 2 2 1 1 950 1062 1063
2221 2 2 1 1 950 1063 951
2222 2 2 1 1 951 1063 1064
2223 2 2 1 1 951 1064 952
2224 2 2 1 1 952 1064 1065
2225 2 2 1 1 952 1065 953
2226 2 2 1 1 953 1065 1066
2227 2 2 1 1 953 1066 1067
2228 2 2 1 1 953 1067 954
2229 2 2 1 1 954 1067 1068
2230 2 2 1 1 954 1068 955
2231 2 2 1 1 955 1068 1069
2232 2 2 1 1 955 1069 956
2233 2 2 1 1 956 1069 1070
2234 2 2 1 1 956 1070 957
2235 2 2 1 1 957 1070 1071
2236 2 2 1 1 957 1071 958
2237 2 2 1 1 958 1071 1072
2238 2 2 1 1 958 1072 959
2239 2 2 1 1 959 1072 1073
2240 2 2 1 1 959 1073 960
2241 2 2 1 1 960 1073 1074
2242 2 2 1 1 960 1074 961
2243 2 2 1 1 961 1074 1075
2244 2 2 1 1 961 1075 962
2245 2 2 1 1 962 1075 1076
2246 2 2 1 1 962 1076 963
2247 2 2 1 1 963 1076 1077
2248 2 2 1 1 963 1077 964
2249 2 2 1 1 964 1077 1078
2250 2 2 1 1 964 1078 965
2251 2 2 1 1 965 1078 1079
2252 2 2 1 1 965 1079 966
2253 2 2 1 1 966 1079 1080
2254 2 2 1 1 966 1080 967
2255 2 2 1 1 967 1080 1081
2256 2 2 1 1 967 1081 968
2257 2 2 1 1 968 1081 1082
2258 2 2 1 1 968 1082 969
2259 2 2 1 1 969 1082 1083
2260 2 2 1 1 969 1083 970
2261 2 2 1 1 970 1083 1084
2262 2 2 1 1 970 1084 863
2263 2 2 1 1 863 1084 971
2264 2 2 1 1 971 1085 1086
2265 2 2 1 1 971 1086 972
2266 2 2 1 1 972 1086 1087
2267 2 2 1 1 972 1087 973
2268 2 2 1 1 973 1087 1088
2269 2 2 1 1 973 1088 974
2270 2 2 1 1 974 1088 1089
2271 2 2 1 1 974 1089 975
2272 2 2 1 1 975 1089 1090
2273 2 2 1 1 975 1090 976
2274 2 2 1 1 976 1090 1091
2275 2 2 1 1 976 1091 977
2276 2 2 1 1 977 1091 1092
2277 2 2 1 1 977 1092 978
2278 2 2 1 1 978 1092 1093
2279 2 2 1 1 978 1093 979
2280 2 2 1 1 979 1093 1094
2281 2 2 1 1 979 1094 980
2282 2 2 1 1 980 1094 1095
2283 2 2 1 1 980 1095 981
2284 2 2 1 1 981 1095 1096
2285 2 2 1 1 981 1096 982
2286 2 2 1 1 982 1096 1097
2287 2 2 1 1 982 1097 983
2288 2 2 1 1 983 1097 1098
2289 2 2 1 1 983 1098 984
2290 2 2 1 1 984 1098 1099
2291 2 2 1 1 984 1099 985
2292 2 2 1 1 985 1099 1100
2293 2 2 1 1 985 1100 986
2294 2 2 1 1 986 1100 1101
2295 2 2 1 1 986 1101 987
2296 2 2 1 1 987 1101 1102
2297 2 2 1 1 987 1102 988
2298 2 2 1 1 988 1102 1103
2299 2 2 1 1 988 1103 989
2300 2 2 1 1 989 1103 1104
2301 2 2 1 1 989 1104 990
2302 2 2 1 1 990 1104 1105
2303 2 2 1 1 990 1105 1106
2304 2 2 1 1 990 1106 991
2305 2 2 1 1 991 1106 1107
2306 2 2 1 1 991 1107 992
2307 2 2 1 1 992 1107 1108
2308 2 2 1 1 992 1108 993
2309 2 2 1 1 993 1108 1109
2310 2 2 1 1 993 1109 994
2311 2 2 1 1 994 1109 1110
2312 2 2 1 1 994 1110 995
2313 2 2 1 1 995 1110 1111
2314 2 2 1 1 995 1111 996
2315 2 2 1 1 996 1111 1112
2316 2 2 1 1 996 1112 997
2317 2 2 1 1 997 1112 1113
2318 2 2 1 1 997 1113 998
2319 2 2 1 1 998 1113 1114
2320 2 2 1 1 998 1114 999
2321 2 2 1 1 999 1114 1115
2322 2 2 1 1 999 1115 1000
2323 2 2 1 1 1000 1115 1116
2324 2 2 1 1 1000 1116 1001
2325 2 2 1 1 1001 1116 1117
2326 2 2 1 1 1001 1117 1002
2327 2 2 1 1 1002 1117 1118
2328 2 2 1 1 1002 1118 1003
2329 2 2 1 1 1003 1118 1119
2330 2 2 1 1 1003 1119 1004
2331 2 2 1 1 1004 1119 1120
2332 2 2 1 1 1004 1120 1005
2333 2 2 1 1 1005 1120 1121
2334 2 2 1 1 1005 1121 1006
2335 2 2 1 1 1006 1121 1122
2336 2 2 1 1 1006 1122 1007
2337 2 2 1 1 1007 1122 1123
2338 2 2 1 1 1007 1123 1008
2339 2 2 1 1 1008 1123 1124
2340 2 2 1 1 1008 1124 1009
2341 2 2 1 1 1009 1124 1125
2342 2 2 1 1 1009 1125 1126
2343 2 2 1 1 1009 1126 1010
2344 2 2 1 1 1010 1126 1127
2345 2 2 1 1 1010 1127 1011
2346 2 2 1 1 1011 1127 1128
2347 2 2 1 1 1011 1128 1012
2348 2 2 1 1 1012 1128 1129
2349 2 2 1 1 1012 1129 1013
2350 2 2 1 1 1013 1129 1130
2351 2 2 1 1 1013 1130 1014
2352 2 2 1 1 1014 1130 1131
2353 2 2 1 1 1014 1131 1015
2354 2 2 1 1 1015 1131 1132
2355 2 2 1 1 1015 1132 1016
2356 2 2 1 1 1016 1132 1133
2357 2 2 1 1 1016 1133 1017
2358 2 2 1 1 1017 1133 1134
2359 2 2 1 1 1017 1134 1018
2360 2 2 1 1 1018 1134 1135
2361 2 2 1 1 1018 1135 1019
2362 2 2 1 1 1019 1135 1136
2363 2 2 1 1 1019 1136 1020
2364 2 2 1 1 1020 1136 1137
2365 2 2 1 1 1020 1137 1021
2366 2 2 1 1 1021 1137 1138
2367 2 2 1 1 1021 1138 1022
2368 2 2 1 1 1022 1138 1139
2369 2 2 1 1 1022 1139 1023
2370 2 2 1 1 1023 1139 1140
2371 2 2 1 1 1023 1140 1024
2372 2 2 1 1 1024 1140 1141
2373 2 2 1 1 1024 1141 1025
2374 2 2 1 1 1025 1141 1142
2375 2 2 1 1 1025 1142 1026
2376 2 2 1 1 1026 1142 1143
2377 2 2 1 1 1026 1143 1027
2378 2 2 1 1 1027 1143 1144
2379 2 2 1 1 1027 1144 1028
2380 2 2 1 1 1028 1144 1145
2381 2 2 1 1 1028 1145 1146
2382 2 2 1 1 1028 1146 1029
2383 2 2 1 1 1029 1146 1147
2384 2 2 1 1 1029 1147 1030
2385 2 2 1 1 1030 1147 1148
2386 2 2 1 1 1030 1148 1031
2387 2 2 1 1 1031 1148 1149
2388 2 2 1 1 1031 1149 1032
2389 2 2 1 1 1032 1149 1150
2390 2 2 1 1 1032 1150 1033
2391 2 2 1 1 1033 1150 1151
2392 2 2 1 1 1033 1151 1034
2393 2 2 1 1 1034 1151 1152
2394 2 2 1 1 1034 1152 1035
2395 2 2 1 1 1035 1152 1153
2396 2 2 1 1 1035 1153 1036
2397 2 2 1 1 1036 1153 1154
2398 2 2 1 1 1036 1154 1037
2399 2 2 1 1 1037 1154 1155
2400 2 2 1 1 1037 1155 1038
2401 2 2 1 1 1038 1155 1156
2402 2 2 1 1 1038 1156 1039
2403 2 2 1 1 1039 1156 1157
2404 2 2 1 1 1039 1157 1040
2405 2 2 1 1 1040 1157 1158
2406 2 2 1 1 1040 1158 1041
2407 2 2 1 1 1041 1158 1159
2408 2 2 1 1 1041 1159 1042
2409 2 2 1 1 1042 1159 1160
2410 2 2 1 1 1042 1160 1043
2411 2 2 1 1 1043 1160 1161
2412 2 2 1 1 1043 1161 1044
2413 2 2 1 1 1044 1161 1162
2414 2 2 1 1 1044 1162 1045
2415 2 2 1 1 1045 1162 1163
2416 2 2 1 1 1045 1163 1046
2417 2 2 1 1 1046 1163 1164
2418 2 2 1 1 1046 1164 1047
2419 2 2 1 1 1047 1164 1165
2420 2 2 1 1 1047 1165 1166
2421 2 2 1 1 1047 1166 1048
2422 2 2 1 1 1048 1166 1167
2423 2 2 1 1 1048 1167 1049
2424 2 2 1 1 1049 1167 1168
2425 2 2 1 1 1049 1168 1050
2426 2 2 1 1 1050 1168 1169
2427 2 2 1 1 1050 1169 1051
2428 2 2 1 1 1051 1169 1170
2429 2 2 1 1 1051 1170 1052
2430 2 2 1 1 1052 1170 1171
2431 2 2 1 1 1052 1171 1053
2432 2 2 1 1 1053 1171 1172
2433 2 2 1 1 1053 1172 1054
2434 2 2 1 1 1054 1172 1173
2435 2 2 1 1 1054 1173 1055
2436 2 2 1 1 1055 1173 1174
2437 2 2 1 1 1055 1174 1056
2438 2 2 1 1 1056 1174 1175
2439 2 2 1 1 1056 1175 1057
2440 2 2 1 1 1057 1175 1176
2441 2 2 1 1 1057 1176 1058
2442 2 2 1 1 1058 1176 1177
2443 2 2 1 1 1058 1177 1059
2444 2 2 1 1 1059 1177 1178
2445 2 2 1 1 1059 1178 1060
2446 2 2 1 1 1060 1178 1179
2447 2 2 1 1 1060 1179 1061
2448 2 2 1 1 1061 1179 1180
2449 2 2 1 1 1061 1180 1062
2450 2 2 1 1 1062 1180 1181
2451 2 2 1 1 1062 1181 1063
2452 2 2 1 1 1063 1181 1182
2453 2 2 1 1 1063 1182 1064
2454 2 2 1 1 1064 1182 1183
2455 2 2 1 1 1064 1183 1065
2456 2 2 1 1 1065 1183 1184
2457 2 2 1 1 1065 1184 1066
2458 2 2 1 1 1066 1184 1185
2459 2 2 1 1 1066 1185 1186
2460 2 2 1 1 1066 1186 1067
2461 2 2 1 1 1067 1186 1187
2462 2 2 1 1 1067 1187 1068
2463 2 2 1 1 1068 1187 1188
2464 2 2 1 1 1068 1188 1069
2465 2 2 1 1 1069 1188 1189
2466 2 2 1 1 1069 1189 1070
2467 2 2 1 1 1070 1189 1190
2468 2 2 1 1 1070 1190 1071
2469 2 2 1 1 1071 1190 1191
2470 2 2 1 1 1071 1191 1072
2471 2 2 1 1 1072 1191 1192
2472 2 2 1 1 1072 1192 1073
2473 2 2 1 1 1073 1192 1193
2474 2 2 1 1 1073 1193 1074
2475 2 2 1 1 1074 1193 1194
2476 2 2 1 1 1074 1194 1075
2477 2 2 1 1 1075 1194 1195
2478 2 2 1 1 1075 1195 1076
2479 2 2 1 1 1076 1195 1196
2480 2 2 1 1 1076 1196 1077
2481 2 2 1 1 1077 1196 1197
2482 2 2 1 1 1077 1197 1078
2483 2 2 1 1 1078 1197 1198
2484 2 2 1 1 1078 1198 1079
2485 2 2 1 1 1079 1198 1199
2486 2 2 1 1 1079 1199 1080
2487 2 2 1 1 1080 1199 1200
2488 2 2 1 1 1080 1200 1081
2489 2 2 1 1 1081 1200 1201
2490 2 2 1 1 1081 1201 1082
2491 2 2 1 1 1082 1201 1202
2492 2 2 1 1 1082 1202 1083
2493 2 2 1 1 1083 1202 1203
2494 2 2 1 1 1083 1203 1084
2495 2 2 1 1 1084 1203 1204
2496 2 2 1 1 1084 1204 971
2497 2 2 1 1 971 1204 1085
2498 2 2 1 1 1085 1205 1206
2499 2 2 1 1 1085 1206 1086
2500 2 2 1 1 1086 1206 1207
2501 2 2 1 1 1086 1207 1087
2502 2 2 1 1 1087 1207 1208
2503 2 2 1 1 1087 1208 1088
2504 2 2 1 1 1088 1208 1209
2505 2 2 1 1 1088 1209 1089
2506 2 2 1 1 1089 1209 1210
2507 2 2 1 1 1089 1210 1090
2508 2 2 1 1 1090 1210 1211
2509 2 2 1 1 1090 1211 1091
2510 2 2 1 1 1091 1211 1212
2511 2 2 1 1 1091 1212 1092
2512 2 2 1 1 1092 1212 1213
2513 2 2 1 1 1092 1213 1093
2514 2 2 1 1 1093 1213 1214
2515 2 2 1 1 1093 1214 1094
2516 2 2 1 1 1094 1214 1215
2517 2 2 1 1 1094 1215 1095
2518 2 2 1 1 1095 1215 1216
2519 2 2 1 1 1095 1216 1096
2520 2 2 1 1 1096 1216 1217
2521 2 2 1 1 1096 1217 1097
2522 2 2 1 1 1097 1217 1218
2523 2 2 1 1 1097 1218 1098
2524 2 2 1 1 1098 1218 1219
2525 2 2 1 1 1098 1219 1099
2526 2 2 1 1 1099 1219 1220
2527 2 2 1 1 1099 1220 1100
2528 2 2 1 1 1100 1220 1221
2529 2 2 1 1 1100 1221 1101
2530 2 2 1 1 1101 1221 1222
2531 2 2 1 1 1101 1222 1102
2532 2 2 1 1 1102 1222 1223
2533 2 2 1 1 1102 1223 1224
2534 2 2 1 1 1102 1224 1103
2535 2 2 1 1 1103 1224 1225
2536 2 2 1 1 1103 1225 1104
2537 2 2 1 1 1104 1225 1226
2538 2 2 1 1 1104 1226 1105
2539 2 2 1 1 1105 1226 1227
2540 2 2 1 1 1105 1227 1106
2541 2 2 1 1 1106 1227 1228
2542 2 2 1 1 1106 1228 1107
2543 2 2 1 1 1107 1228 1229
2544 2 2 1 1 1107 1229 1108
2545 2 2 1 1 1108 1229 1230
2546 2 2 1 1 1108 1230 1109
2547 2 2 1 1 1109 1230 1231
2548 2 2 1 1 1109 1231 1110
2549 2 2 1 1 1110 1231 1232
2550 2 2 1 1 1110 1232 1111
2551 2 2 1 1 1111 1232 1233
2552 2 2 1 1 1111 1233 1112
2553 2 2 1 1 1112 1233 1234
2554 2 2 1 1 1112 1234 1113
2555 2 2 1 1 1113 1234 1235
2556 2 2 1 1 1113 1235 1114
2557 2 2 1 1 1114 1235 1236
2558 2 2 1 1 1114 1236 1115
2559 2 2 1 1 1115 1236 1237
2560 2 2 1 1 1115 1237 1116
2561 2 2 1 1 1116 1237 1238
2562 2 2 1 1 1116 1238 1117
2563 2 2 1 1 1117 1238 1239
2564 2 2 1 1 1117 1239 1118
2565 2 2 1 1 1118 1239 1240
2566 2 2 1 1 1118 1240 1119
2567 2 2 1 1 1119 1240 1241
2568 2 2 1 1 1119 1241 1242
2569 2 2 1 1 1119 1242 1120
2570 2 2 1 1 1120 1242 1243
2571 2 2 1 1 1120 1243 1121
2572 2 2 1 1 1121 1243 1244
2573 2 2 1 1 1121 1244 1122
2574 2 2 1 1 1122 1244 1245
2575 2 2 1 1 1122 1245 1123
2576 2 2 1 1 1123 1245 1246
2577 2 2 1 1 1123 1246 1124
2578 2 2 1 1 1124 1246 1247
2579 2 2 1 1 1124 1247 1125
2580 2 2 1 1 1125 1247 1248
2581 2 2 1 1 1125 1248 1126
2582 2 2 1 1 1126 1248 1249
2583 2 2 1 1 1126 1249 1127
2584 2 2 1 1 1127 1249 1250
2585 2 2 1 1 1127 1250 1128
2586 2 2 1 1 1128 1250 1251
2587 2 2 1 1 1128 1251 1129
2588 2 2 1 1 1129 1251 1252
2589 2 2 1 1 1129 1252 1130
2590 2 2 1 1 1130 1252 1253
2591 2 2 1 1 1130 1253 1131
2592 2 2 1 1 1131 1253 1254
2593 2 2 1 1 1131 1254 1132
2594 2 2 1 1 1132 1254 1255
2595 2 2 1 1 1132 1255 1133
2596 2 2 1 1 1133 1255 1256
2597 2 2 1 1 1133 1256 1134
2598 2 2 1 1 1134 1256 1257
2599 2 2 1 1 1134 1257 1135
2600 2 2 1 1 1135 1257 1258
2601 2 2 1 1 1135 1258 1136
2602 2 2 1 1 1136 1258 1259
2603 2 2 1 1 1136 1259 1260
2604 2 2 1 1 1136 1260 1137
2605 2 2 1 1 1137 1260 1261
2606 2 2 1 1 1137 1261 1138
2607 2 2 1 1 1138 1261 1262
2608 2 2 1 1 1138 1262 1139
2609 2 2 1 1 1139 1262 1263
2610 2 2 1 1 1139 1263 1140
2611 2 2 1 1 1140 1263 1264
2612 2 2 1 1 1140 1264 1141
2613 2 2 1 1 1141 1264 1265
2614 2 2 1 1 1141 1265 1142
2615 2 2 1 1 1142 1265 1266
2616 2 2 1 1 1142 1266 1143
2617 2 2 1 1 1143 1266 1267
2618 2 2 1 1 1143 1267 1144
2619 2 2 1 1 1144 1267 1268
2620 2 2 1 1 1144 1268 1145
2621 2 2 1 1 1145 1268 1269
2622 2 2 1 1 1145 1269 1146
2623 2 2 1 1 1146 1269 1270
2624 2 2 1 1 1146 1270 1147
2625 2 2 1 1 1147 1270 1271
2626 2 2 1 1 1147 1271 1148
2627 2 2 1 1 1148 1271 1272
2628 2 2 1 1 1148 1272 1149
2629 2 2 1 1 1149 1272 1273
2630 2 2 1 1 1149 1273 1150
2631 2 2 1 1 1150 1273 1274
2632 2 2 1 1 1150 1274 1151
2633 2 2 1 1 1151 1274 1275
2634 2 2 1 1 1151 1275 1152
2635 2 2 1 1 1152 1275 1276
2636 2 2 1 1 1152 1276 1153
2637 2 2 1 1 1153 1276 1277
2638 2 2 1 1 1153 1277 1278
2639 2 2 1 1 1153 1278 1154
2640 2 2 1 1 1154 1278 1279
2641 2 2 1 1 1154 1279 1155
2642 2 2 1 1 1155 1279 1280
2643 2 2 1 1 1155 1280 1156
2644 2 2 1 1 1156 1280 1281
2645 2 2 1 1 1156 1281 1157
2646 2 2 1 1 1157 1281 1282
2647 2 2 1 1 1157 1282 1158
2648 2 2 1 1 1158 1282 1283
2649 2 2 1 1 1158 1283 1159
2650 2 2 1 1 1159 1283 1284
2651 2 2 1 1 1159 1284 1160
2652 2 2 1 1 1160 1284 1285
2653 2 2 1 1 1160 1285 1161
2654 2 2 1 1 1161 1285 1286
2655 2 2 1 1 1161 1286 1162
2656 2 2 1 1 1162 1286 1287
2657 2 2 1 1 1162 1287 1163
2658 2 2 1 1 1163 1287 1288
2659 2 2 1 1 1163 1288 1164
2660 2 2 1 1 1164 1288 1289
2661 2 2 1 1 1164 1289 1165
2662 2 2 1 1 1165 1289 1290
2663 2 2 1 1 1165 1290 1166
2664 2 2 1 1 1166 1290 1291
2665 2 2 1 1 1166 1291 1167
2666 2 2 1 1 1167 1291 1292
2667 2 2 1 1 1167 1292 1168
2668 2 2 1 1 1168 1292 1293
2669 2 2 1 1 1168 1293 1169
2670 2 2 1 1 1169 1293 1294
2671 2 2 1 1 1169 1294 1170
2672 2 2 1 1 1170 1294 1295
2673 2 2 1 1 1170 1295 1296
2674 2 2 1 1 1170 1296 1171
2675 2 2 1 1 1171 1296 1297
2676 2 2 1 1 1171 1297 1172
2677 2 2 1 1 1172 1297 1298
2678 2 2 1 1 1172 1298 1173
2679 2 2 1 1 1173 1298 1299
2680 2 2 1 1 1173 1299 1174
2681 2 2 1 1 1174 1299 1300
2682 2 2 1 1 1174 1300 1175
2683 2 2 1 1 1175 1300 1301
2684 2 2 1 1 1175 1301 1176
2685 2 2 1 1 1176 1301 1302
2686 2 2 1 1 1176 1302 1177
2687 2 2 1 1 1177 1302 1303
2688 2 2 1 1 1177 1303 1178
2689 2 2 1 1 1178 1303 1304
2690 2 2 1 1 1178 1304 1179
2691 2 2 1 1 1179 1304 1305
2692 2 2 1 1 1179 1305 1180
2693 2 2 1 1 1180 1305 1306
2694 2 2 1 1 1180 1306 1181
2695 2 2 1 1 1181 1306 1307
2696 2 2 1 1 1181 1307 1182
2697 2 2 1 1 1182 1307 1308
2698 2 2 1 1 1182 1308 1183
2699 2 2 1 1 1183 1308 1309
2700 2 2 1 1 1183 1309 1184
2701 2 2 1 1 1184 1309 1310
2702 2 2 1 1 1184 1310 1185
2703 2 2 1 1 1185 1310 1311
2704 2 2 1 1 1185 1311 1186
2705 2 2 1 1 1186 1311 1312
2706 2 2 1 1 1186 1312 1187
2707 2 2 1 1 1187 1312 1313
2708 2 2 1 1 1187 1313 1314
2709 2 2 1 1 1187 1314 1188
2710 2 2 1 1 1188 1314 1315
2711 2 2 1 1 1188 1315 1189
2712 2 2 1 1 1189 1315 1316
2713 2 2 1 1 1189 1316 1190
2714 2 2 1 1 1190 1316 1317
2715 2 2 1 1 1190 1317 1191
2716 2 2 1 1 1191 1317 1318
2717 2 2 1 1 1191 1318 1192
2718 2 2 1 1 1192 1318 1319
2719 2 2 1 1 1192 1319 1193
2720 2 2 1 1 1193 1319 1320
2721 2 2 1 1 1193 1320 1194
2722 2 2 1 1 1194 1320 1321
2723 2 2 1 1 1194 1321 1195
2724 2 2 1 1 1195 1321 1322
2725 2 2 1 1 1195 1322 1196
2726 2 2 1 1 1196 1322 1323
2727 2 2 1 1 1196 1323 1197
2728 2 2 1 1 1197 1323 1324
2729 2 2 1 1 1197 1324 1198
2730 2 2 1 1 1198 1324 1325
2731 2 2 1 1 1198 1325 1199
2732 2 2 1 1 1199 1325 1326
2733 2 2 1 1 1199 1326 1200
2734 2 2 1 1 1200 1326 1327
2735 2 2 1 1 1200 1327 1201
2736 2 2 1 1 1201 1327 1328
2737 2 2 1 1 1201 1328 1202
2738 2 2 1 1 1202 1328 1329
2739 2 2 1 1 1202 1329 1203
2740 2 2 1 1 1203 1329 1330
2741 2 2 1 1 1203 1330 1204
2742 2 2 1 1 1204 1330 1331
2743 2 2 1 1 1204 1331 1085
2744 2 2 1 1 1085 1331 1205
2745 2 2 1 1 1205 1332 1333
2746 2 2 1 1 1205 1333 1206
2747 2 2 1 1 1206 1333 1334
2748 2 2 1 1 1206 1334 1207
2749 2 2 1 1 1207 1334 1335
2750 2 2 1 1 1207 1335 1208
2751 2 2 1 1 1208 1335 1336
2752 2 2 1 1 1208 1336 1209
2753 2 2 1 1 1209 1336 1337
2754 2 2 1 1 1209 1337 1210
2755 2 2 1 1 1210 1337 1338
2756 2 2 1 1 1210 1338 1211
2757 2 2 1 1 1211 1338 1339
2758 2 2 1 1 1211 1339 1212
2759 2 2 1 1 1212 1339 1340
2760 2 2 1 1 1212 1340 1213
2761 2 2 1 1 1213 1340 1341
2762 2 2 1 1 1213 1341 1214
2763 2 2 1 1 1214 1341 1342
2764 2 2 1 1 1214 1342 1215
2765 2 2 1 1 1215 1342 1343
2766 2 2 1 1 1215 1343 1216
2767 2 2 1 1 1216 1343 1344
2768 2 2 1 1 1216 1344 1217
2769 2 2 1 1 1217 1344 1345
2770 2 2 1 1 1217 1345 1218
2771 2 2 1 1 1218 1345 1346
2772 2 2 1 1 1218 1346 1219
2773 2 2 1 1 1219 1346 1347
2774 2 2 1 1 1219 1347 1220
2775 2 2 1 1 1220 1347 1348
2776 2 2 1 1 1220 1348 1221
2777 2 2 1 1 1221 1348 1349
2778 2 2 1 1 1221 1349 1222
2779 2 2 1 1 1222 1349 1350
2780 2 2 1 1 1222 1350 1223
2781 2 2 1 1 1223 1350 1351
2782 2 2 1 1 1223 1351 1224
2783 2 2 1 1 1224 1351 1352
2784 2 2 1 1 1224 1352 1225
2785 2 2 1 1 1225 1352 1353
2786 2 2 1 1 1225 1353 1226
2787 2 2 1 1 1226 1353 1354
2788 2 2 1 1 1226 1354 1355
2789 2 2 1 1 1226 1355 1227
2790 2 2 1 1 1227 1355 1356
2791 2 2 1 1 1227 1356 1228
2792 2 2 1 1 1228 1356 1357
2793 2 2 1 1 1228 1357 1229
2794 2 2 1 1 1229 1357 1358
2795 2 2 1 1 1229 1358 1230
2796 2 2 1 1 1230 1358 1359
2797 2 2 1 1 1230 1359 1231
2798 2 2 1 1 1231 1359 1360
2799 2 2 1 1 1231 1360 1232
2800 2 2 1 1 1232 1360 1361
2801 2 2 1 1 1232 1361 1233
2802 2 2 1 1 1233 1361 1362
2803 2 2 1 1 1233 1362 1234
2804 2 2 1 1 1234 1362 1363
2805 2 2 1 1 1234 1363 1235
2806 2 2 1 1 1235 1363 1364
2807 2 2 1 1 1235 1364 1236
2808 2 2 1 1 1236 1364 1365
2809 2 2 1 1 1236 1365 1237
2810 2 2 1 1 1237 1365 1366
2811 2 2 1 1 1237 1366 1238
2812 2 2 1 1 1238 1366 1367
2813 2 2 1 1 1238 1367 1239
2814 2 2 1 1 1239 1367 1368
2815 2 2 1 1 1239 1368 1240
2816 2 2 1 1 1240 1368 1369
2817 2 2 1 1 1240 1369 1241
2818 2 2 1 1 1241 1369 1370
2819 2 2 1 1 1241 1370 1242
2820 2 2 1 1 1242 1370 1371
2821 2 2 1 1 1242 1371 1243
2822 2 2 1 1 1243 1371 1372
2823 2 2 1 1 1243 1372 1244
2824 2 2 1 1 1244 1372 1373
2825 2 2 1 1 1244 1373 1245
2826 2 2 1 1 1245 1373 1374
2827 2 2 1 1 1245 1374 1246
2828 2 2 1 1 1246 1374 1375
2829 2 2 1 1 1246 1375 1247
2830 2 2 1 1 1247 1375 1376
2831 2 2 1 1 1247 1376 1377
2832 2 2 1 1 1247 1377 1248
2833 2 2 1 1 1248 1377 1378
2834 2 2 1 1 1248 1378 1249
2835 2 2 1 1 1249 1378 1379
2836 2 2 1 1 1249 1379 1250
2837 2 2 1 1 1250 1379 1380
2838 2 2 1 1 1250 1380 1251
2839 2 2 1 1 1251 1380 1381
2840 2 2 1 1 1251 1381 1252
2841 2 2 1 1 1252 1381 1382
2842 2 2 1 1 1252 1382 1253
2843 2 2 1 1 1253 1382 1383
2844 2 2 1 1 1253 1383 1254
2845 2 2 1 1 1254 1383 1384
2846 2 2 1 1 1254 1384 1255
2847 2 2 1 1 1255 1384 1385
2848 2 2 1 1 1255 1385 1256
2849 2 2 1 1 1256 1385 1386
2850 2 2 1 1 1256 1386 1257
2851 2 2 1 1 1257 1386 1387
2852 2 2 1 1 1257 1387 1258
2853 2 2 1 1 1258 1387 1388
2854 2 2 1 1 1258 1388 1259
2855 2 2 1 1 1259 1388 1389
2856 2 2 1 1 1259 1389 1260
2857 2 2 1 1 1260 1389 1390
2858 2 2 1 1 1260 1390 1261
2859 2 2 1 1 1261 1390 1391
2860 2 2 1 1 1261 1391 1262
2861 2 2 1 1 1262 1391 1392
2862 2 2 1 1 1262 1392 1263
2863 2 2 1 1 1263 1392 1393
2864 2 2 1 1 1263 1393 1264
2865 2 2 1 1 1264 1393 1394
2866 2 2 1 1 1264 1394 1265
2867 2 2 1 1 1265 1394 1395
2868 2 2 1 1 1265 1395 1266
2869 2 2 1 1 1266 1395 1396
2870 2 2 1 1 1266 1396 1267
2871 2 2 1 1 1267 1396 1397
2872 2 2 1 1 1267 1397 1268
2873 2 2 1 1 1268 1397 1398
2874 2 2 1 1 1268 1398 1399
2875 2 2 1 1 1268 1399 1269
2876 2 2 1 1 1269 1399 1400
2877 2 2 1 1 1269 1400 1270
2878 2 2 1 1 1270 1400 1401
2879 2 2 1 1 1270 1401 1271
2880 2 2 1 1 1271 1401 1402
2881 2 2 1 1 1271 1402 1272
2882 2 2 1 1 1272 1402 1403
2883 2 2 1 1 1272 1403 1273
2884 2 2 1 1 1273 1403 1404
2885 2 2 1 1 1273 1404 1274
2886 2 2 1 1 1274 1404 1405
2887 2 2 1 1 1274 1405 1275
2888 2 2 1 1 1275 1405 1406
2889 2 2 1 1 1275 1406 1276
2890 2 2 1 1 1276 1406 1407
2891 2 2 1 1 1276 1407 1277
2892 2 2 1 1 1277 1407 1408
2893 2 2 1 1 1277 1408 1278
2894 2 2 1 1 1278 1408 1409
2895 2 2 1 1 1278 1409 1279
2896 2 2 1 1 1279 1409 1410
2897 2 2 1 1 1279 1410 1280
2898 2 2 1 1 1280 1410 1411
2899 2 2 1 1 1280 1411 1281
2900 2 2 1 1 1281 1411 1412
2901 2 2 1 1 1281 1412 1282
2902 2 2 1 1 1282 1412 1413
2903 2 2 1 1 1282 1413 1283
2904 2 2 1 1 1283 1413 1414
2905 2 2 1 1 1283 1414 1284
2906 2 2 1 1 1284 1414 1415
2907 2 2 1 1 1284 1415 1285
2908 2 2 1 1 1285 1415 1416
2909 2 2 1 1 1285 1416 1286
2910 2 2 1 1 1286 1416 1417
2911 2 2 1 1 1286 1417 1287
2912 2 2 1 1 1287 1417 1418
2913 2 2 1 1 1287 1418 1288
2914 2 2 1 1 1288 1418 1419
2915 2 2 1 1 1288 1419 1289
2916 2 2 1 1 1289 1419 1420
2917 2 2 1 1 1289 1420 1421
2918 2 2 1 1 1289 1421 1290
2919 2 2 1 1 1290 1421 1422
2920 2 2 1 1 1290 1422 1291
2921 2 2 1 1 1291 1422 1423
2922 2 2 1 1 1291 1423 1292
2923 2 2 1 1 1292 1423 1424
2924 2 2 1 1 1292 1424 1293
2925 2 2 1 1 1293 1424 1425
2926 2 2 1 1 1293 1425 1294
2927 2 2 1 1 1294 1425 1426
2928 2 2 1 1 1294 1426 1295
2929 2 2 1 1 1295 1426 1427
2930 2 2 1 1 1295 1427 1296
2931 2 2 1 1 1296 1427 1428
2932 2 2 1 1 1296 1428 1297
2933 2 2 1 1 1297 1428 1429
2934 2 2 1 1 1297 1429 1298
2935 2 2 1 1 1298 1429 1430
2936 2 2 1 1 1298 1430 1299
2937 2 2 1 1 1299 1430 1431
2938 2 2 1 1 1299 1431 1300
2939 2 2 1 1 1300 1431 1432
2940 2 2 1 1 1300 1432 1301
2941 2 2 1 1 1301 1432 1433
2942 2 2 1 1 1301 1433 1302
2943 2 2 1 1 1302 1433 1434
2944 2 2 1 1 1302 1434 1303
2945 2 2 1 1 1303 1434 1435
2946 2 2 1 1 1303 1435 1304
2947 2 2 1 1 1304 1435 1436
2948 2 2 1 1 1304 1436 1305
2949 2 2 1 1 1305 1436 1437
2950 2 2 1 1 1305 1437 1306
2951 2 2 1 1 1306 1437 1438
2952 2 2 1 1 1306 1438 1307
2953 2 2 1 1 1307 1438 1439
2954 2 2 1 1 1307 1439 1308
2955 2 2 1 1 1308 1439 1440
2956 2 2 1 1 1308 1440 1309
2957 2 2 1 1 1309 1440 1441
2958 2 2 1 1 1309 1441 1310
2959 2 2 1 1 1310 1441 1442
2960 2 2 1 1 1310 1442 1443
2961 2 2 1 1 1310 1443 1311
2962 2 2 1 1 1311 1443 1444
2963 2 2 1 1 1311 1444 1312
2964 2 2 1 1 1312 1444 1445
2965 2 2 1 1 1312 1445 1313
2966 2 2 1 1 1313 1445 1446
2967 2 2 1 1 1313 1446 1314
2968 2 2 1 1 1314 1446 1447
2969 2 2 1 1 1314 1447 1315
2970 2 2 1 1 1315 1447 1448
2971 2 2 1 1 1315 1448 1316
2972 2 2 1 1 1316 1448 1449
2973 2 2 1 1 1316 1449 1317
2974 2 2 1 1 1317 1449 1450
2975 2 2 1 1 1317 1450 1318
2976 2 2 1 1 1318 1450 1451
2977 2 2 1 1 1318 1451 1319
2978 2 2 1 1 1319 1451 1452
2979 2 2 1 1 1319 1452 1320
2980 2 2 1 1 1320 1452 1453
2981 2 2 1 1 1320 1453 1321
2982 2 2 1 1 1321 1453 1454
2983 2 2 1 1 1321 1454 1322
2984 2 2 1 1 1322 1454 1455
2985 2 2 1 1 1322 1455 1323
2986 2 2 1 1 1323 1455 1456
2987 2 2 1 1 1323 1456 1324
2988 2 2 1 1 1324 1456 1457
2989 2 2 1 1 1324 1457 1325
2990 2 2 1 1 1325 1457 1458
2991 2 2 1 1 1325 1458 1326
2992 2 2 1 1 1326 1458 1459
2993 2 2 1 1 1326 1459 1327
2994 2 2 1 1 1327 1459 1460
2995 2 2 1 1 1327 1460 1328
2996 2 2 1 1 1328 1460 1461
2997 2 2 1 1 1328 1461 1329
2998 2 2 1 1 1329 1461 1462
2999 2 2 1 1 1329 1462 1330
3000 2 2 1 1 1330 1462 1463
3001 2 2 1 1 1330 1463 1331
3002 2 2 1 1 1331 1463 1464
3003 2 2 1 1 1331 1464 1205
3004 2 2 1 1 1205 1464 1332
3005 2 2 1 1 1332 1465 1466
3006 2 2 1 1 1332 1466 1333
3007 2 2 1 1 1333 1466 1467
3008 2 2 1 1 1333 1467 1334
3009 2 2 1 1 1334 1467 1468
3010 2 2 1 1 1334 1468 1335
3011 2 2 1 1 1335 1468 1469
3012 2 2 1 1 1335 1469 1336
3013 2 2 1 1 1336 1469 1470
3014 2 2 1 1 1336 1470 1337
3015 2 2 1 1 1337 1470 1471
3016 2 2 1 1 1337 1471 1338
3017 2 2 1 1 1338 1471 1472
3018 2 2 1 1 1338 1472 1339
3019 2 2 1 1 1339 1472 1473
3020 2 2 1 1 1339 1473 1340
3021 2 2 1 1 1340 1473 1474
3022 2 2 1 1 1340 1474 1341
3023 2 2 1 1 1341 1474 1475
3024 2 2 1 1 1341 1475 1342
3025 2 2 1 1 1342 1475 1476
3026 2 2 1 1 1342 1476 1343
3027 2 2 1 1 1343 1476 1477
3028 2 2 1 1 1343 1477 1344
3029 2 2 1 1 1344 1477 1478
3030 2 2 1 1 1344 1478 1345
3031 2 2 1 1 1345 1478 1479
3032 2 2 1 1 1345 1479 1346
3033 2 2 1 1 1346 1479 1480
3034 2 2 1 1 1346 1480 1347
3035 2 2 1 1 1347 1480 1481
3036 2 2 1 1 1347 1481 1348
3037 2 2 1 1 1348 1481 1482
3038 2 2 1 1 1348 1482 1349
3039 2 2 1 1 1349 1482 1483
3040 2 2 1 1 1349 1483 1350
3041 2 2 1 1 1350 1483 1484
3042 2 2 1 1 1350 1484 1351
3043 2 2 1 1 1351 1484 1485
3044 2 2 1 1 1351 1485 1352
3045 2 2 1 1 1352 1485 1486
3046 2 2 1 1 1352 1486 1353
3047 2 2 1 1 1353 1486 1487
3048 2 2 1 1 1353 1487 1354
3049 2 2 1 1 1354 1487 1488
3050 2 2 1 1 1354 1488 1489
3051 2 2 1 1 1354 1489 1355
3052 2 2 1 1 1355 1489 1490
3053 2 2 1 1 1355 1490 1356
3054 2 2 1 1 1356 1490 1491
3055 2 2 1 1 1356 1491 1357
3056 2 2 1 1 1357 1491 1492
3057 2 2 1 1 1357 1492 1358
3058 2 2 1 1 1358 1492 1493
3059 2 2 1 1 1358 1493 1359
3060 2 2 1 1 1359 1493 1494
3061 2 2 1 1 1359 1494 1360
3062 2 2 1 1 1360 1494 1495
3063 2 2 1 1 1360 1495 1361
3064 2 2 1 1 1361 1495 1496
3065 2 2 1 1 1361 1496 1362
3066 2 2 1 1 1362 1496 1497
3067 2 2 1 1 1362 1497 1363
3068 2 2 1 1 1363 1497 1498
3069 2 2 1 1 1363 1498 1364
3070 2 2 1 1 1364 1498 1499
3071 2 2 1 1 1364 1499 1365
3072 2 2 1 1 1365 1499 1500
3073 2 2 1 1 1365 1500 1366
3074 2 2 1 1 1366 1500 1501
3075 2 2 1 1 1366 1501 1367
3076 2 2 1 1 1367 1501 1502
3077 2 2 1 1 1367 1502 1368
3078 2 2 1 1 1368 1502 1503
3079 2 2 1 1 1368 1503 1369
3080 2 2 1 1 1369 1503 1504
3081 2 2 1 1 1369 1504 1370
3082 2 2 1 1 1370 1504 1505
3083 2 2 1 1 1370 1505 1371
3084 2 2 1 1 1371 1505 1506
3085 2 2 1 1 1371 1506 1372
3086 2 2 1 1 1372 1506 1507
3087 2 2 1 1 1372 1507 1373
3088 2 2 1 1 1373 1507 1508
3089 2 2 1 1 1373 1508 1374
3090 2 2 1 1 1374 1508 1509
3091 2 2 1 1 1374 1509 1375
3092 2 2 1 1 1375 1509 1510
3093 2 2 1 1 1375 1510 1376
3094 2 2 1 1 1376 1510 1511
3095 2 2 1 1 1376 1511 1512
3096 2 2 1 1 1376 1512 1377
3097 2 2 1 1 1377 1512 1513
3098 2 2 1 1 1377 1513 1378
3099 2 2 1 1 1378 1513 1514
3100 2 2 1 1 1378 1514 1379
3101 2 2 1 1 1379 1514 1515
3102 2 2 1 1 1379 1515 1380
3103 2 2 1 1 1380 1515 1516
3104 2 2 1 1 1380 1516 1381
3105 2 2 1 1 1381 1516 1517
3106 2 2 1 1 1381 1517 1382
3107 2 2 1 1 1382 1517 1518
3108 2 2 1 1 1382 1518 1383
3109 2 2 1 1 1383 1518 1519
3110 2 2 1 1 1383 1519 1384
3111 2 2 1 1 1384 1519 1520
3112 2 2 1 1 1384 1520 1385
3113 2 2 1 1 1385 1520 1521
3114 2 2 1 1 1385 1521 1386
3115 2 2 1 1 1386 1521 1522
3116 2 2 1 1 1386 1522 1387
3117 2 2 1 1 1387 1522 1523
3118 2 2 1 1 1387 1523 1388
3119 2 2 1 1 1388 1523 1524
3120 2 2 1 1 1388 1524 1389
3121 2 2 1 1 1389 1524 1525
3122 2 2 1 1 1389 1525 1390
3123 2 2 1 1 1390 1525 1526
3124 2 2 1 1 1390 1526 1391
3125 2 2 1 1 1391 1526 1527
3126 2 2 1 1 1391 1527 1392
3127 2 2 1 1 1392 1527 1528
3128 2 2 1 1 1392 1528 1393
3129 2 2 1 1 1393 1528 1529
3130 2 2 1 1 1393 1529 1394
3131 2 2 1 1 1394 1529 1530
3132 2 2 1 1 1394 1530 1395
3133 2 2 1 1 1395 1530 1531
3134 2 2 1 1 1395 1531 1396
3135 2 2 1 1 1396 1531 1532
3136 2 2 1 1 1396 1532 1397
3137 2 2 1 1 1397 1532 1533
3138 2 2 1 1 1397 1533 1398
3139 2 2 1 1 1398 1533 1534
3140 2 2 1 1 1398 1534 1535
3141 2 2 1 1 1398 1535 1399
3142 2 2 1 1 1399 1535 1536
3143 2 2 1 1 1399 1536 1400
3144 2 2 1 1 1400 1536 1537
3145 2 2 1 1 1400 1537 1401
3146 2 2 1 1 1401 1537 1538
3147 2 2 1 1 1401 1538 1402
3148 2 2 1 1 1402 1538 1539
3149 2 2 1 1 1402 1539 1403
3150 2 2 1 1 1403 1539 1540
3151 2 2 1 1 1403 1540 1404
3152 2 2 1 1 1404 1540 1541
3153 2 2 1 1 1404 1541 1405
3154 2 2 1 1 1405 1541 1542
3155 2 2 1 1 1405 1542 1406
3156 2 2 1 1 1406 1542 1543
3157 2 2 1 1 1406 1543 1407
3158 2 2 1 1 1407 1543 1544
3159 2 2 1 1 1407 1544 1408
3160 2 2 1 1 1408 1544 1545
3161 2 2 1 1 1408 1545 1409
3162 2 2 1 1 1409 1545 1546
3163 2 2 1 1 1409 1546 1410
3164 2 2 1 1 1410 1546 1547
3165 2 2 1 1 1410 1547 1411
3166 2 2 1 1 1411 1547 1548
3167 2 2 1 1 1411 1548 1412
3168 2 2 1 1 1412 1548 1549
3169 2 2 1 1 1412 1549 1413
3170 2 2 1 1 1413 1549 1550
3171 2 2 1 1 1413 1550 1414
3172 2 2 1 1 1414 1550 1551
3173 2 2 1 1 1414 1551 1415
3174 2 2 1 1 1415 1551 1552
3175 2 2 1 1 1415 1552 1416
3176 2 2 1 1 1416 1552 1553
3177 2 2 1 1 1416 1553 1417
3178 2 2 1 1 1417 1553 1554
3179 2 2 1 1 1417 1554 1418
3180 2 2 1 1 1418 1554 1555
3181 2 2 1 1 1418 1555 1419
3182 2 2 1 1 1419 1555 1556
3183 2 2 1 1 1419 1556 1420
3184 2 2 1 1 1420 1556 1557
3185 2 2 1 1 1420 1557 1558
3186 2 2 1 1 1420 1558 1421
3187 2 2 1 1 1421 1558 1559
3188 2 2 1 1 1421 1559 1422
3189 2 2 1 1 1422 1559 1560
3190 2 2 1 1 1422 1560 1423
3191 2 2 1 1 1423 1560 1561
3192 2 2 1 1 1423 1561 1424
3193 2 2 1 1 1424 1561 1562
3194 2 2 1 1 1424 1562 1425
3195 2 2 1 1 1425 1562 1563
3196 2 2 1 1 1425 1563 1426
3197 2 2 1 1 1426 1563 1564
3198 2 2 1 1 1426 1564 1427
3199 2 2 1 1 1427 1564 1565
3200 2 2 1 1 1427 1565 1428
3201 2 2 1 1 1428 1565 1566
3202 2 2 1 1 1428 1566 1429
3203 2 2 1 1 1429 1566 1567
3204 2 2 1 1 1429 1567 1430
3205 2 2 1 1 1430 1567 1568
3206 2 2 1 1 1430 1568 1431
3207 2 2 1 1 1431 1568 1569
3208 2 2 1 1 1431 1569 1432
3209 2 2 1 1 1432 1569 1570
3210 2 2 1 1 1432 1570 1433
3211 2 2 1 1 1433 1570 1571
3212 2 2 1 1 1433 1571 1434
3213 2 2 1 1 1434 1571 1572
3214 2 2 1 1 1434 1572 1435
3215 2 2 1 1 1435 1572 1573
3216 2 2 1 1 1435 1573 1436
3217 2 2 1 1 1436 1573 1574
3218 2 2 1 1 1436 1574 1437
3219 2 2 1 1 1437 1574 1575
3220 2 2 1 1 1437 1575 1438
3221 2 2 1 1 1438 1575 1576
3222 2 2 1 1 1438 1576 1439
3223 2 2 1 1 1439 1576 1577
3224 2 2 1 1 1439 1577 1440
3225 2 2 1 1 1440 1577 1578
3226 2 2 1 1 1440 1578 1441
3227 2 2 1 1 1441 1578 1579
3228 2 2 1 1 1441 1579 1442
3229 2 2 1 1 1442 1579 1580
3230 2 2 1 1 1442 1580 1581
3231 2 2 1 1 1442 1581 1443
3232 2 2 1 1 1443 1581 1582
3233 2 2 1 1 1443 1582 1444
3234 2 2 1 1 1444 1582 1583
3235 2 2 1 1 1444 1583 1445
3236 2 2 1 1 1445 1583 1584
3237 2 2 1 1 1445 1584 1446
3238 2 2 1 1 1446 1584 1585
3239 2 2 1 1 1446 1585 1447
3240 2 2 1 1 1447 1585 1586
3241 2 2 1 1 1447 1586 1448
3242 2 2 1 1 1448 1586 1587
3243 2 2 1 1 1448 1587 1449
3244 2 2 1 1 1449 1587 1588
3245 2 2 1 1 1449 1588 1450
3246 2 2 1 1 1450 1588 1589
3247 2 2 1 1 1450 1589 1451
3248 2 2 1 1 1451 1589 1590
3249 2 2 1 1 1451 1590 1452
3250 2 2 1 1 1452 1590 1591
3251 2 2 1 1 1452 1591 1453
3252 2 2 1 1 1453 1591 1592
3253 2 2 1 1 1453 1592 1454
3254 2 2 1 1 1454 1592 1593
3255 2 2 1 1 1454 1593 1455
3256 2 2 1 1 1455 1593 1594
3257 2 2 1 1 1455 1594 1456
3258 2 2 1 1 1456 1594 1595
3259 2 2 1 1 1456 1595 1457
3260 2 2 1 1 1457 1595 1596
3261 2 2 1 1 1457 1596 1458
3262 2 2 1 1 1458 1596 1597
3263 2 2 1 1 1458 1597 1459
3264 2 2 1 1 1459 1597 1598
3265 2 2 1 1 1459 1598 1460
3266 2 2 1 1 1460 1598 1599
3267 2 2 1 1 1460 1599 1461
3268 2 2 1 1 1461 1599 1600
3269 2 2 1 1 1461 1600 1462
3270 2 2 1 1 1462 1600 1601
3271 2 2 1 1 1462 1601 1463
3272 2 2 1 1 1463 1601 1602
3273 2 2 1 1 1463 1602 1464
3274 2 2 1 1 1464 1602 1603
3275 2 2 1 1 1464 1603 1332
3276 2 2 1 1 1332 1603 1465
3277 2 2 1 1 1465 1604 1605
3278 2 2 1 1 1465 1605 1466
3279 2 2 1 1 1466 1605 1606
3280 2 2 1 1 1466 1606 1467
3281 2 2 1 1 1467 1606 1607
3282 2 2 1 1 1467 1607 1468
3283 2 2 1 1 1468 1607 1608
3284 2 2 1 1 1468 1608 1469
3285 2 2 1 1 1469 1608 1609
3286 2 2 1 1 1469 1609 1470
3287 2 2 1 1 1470 1609 1610
3288 2 2 1 1 1470 1610 1471
3289 2 2 1 1 1471 1610 1611
3290 2 2 1 1 1471 1611 1472
3291 2 2 1 1 1472 1611 1612
3292 2 2 1 1 1472 1612 1473
3293 2 2 1 1 1473 1612 1613
3294 2 2 1 1 1473 1613 1474
3295 2 2 1 1 1474 1613 1614
3296 2 2 1 1 1474 1614 1475
3297 2 2 1 1 1475 1614 1615
3298 2 2 1 1 1475 1615 1476
3299 2 2 1 1 1476 1615 1616
3300 2 2 1 1 1476 1616 1477
3301 2 2 1 1 1477 1616 1617
3302 2 2 1 1 1477 1617 1478
3303 2 2 1 1 1478 1617 1618
3304 2 2 1 1 1478 1618 1479
3305 2 2 1 1 1479 1618 1619
3306 2 2 1 1 1479 1619 1480
3307 2 2 1 1 1480 1619 1620
3308 2 2 1 1 1480 1620 1481
3309 2 2 1 1 1481 1620 1621
3310 2 2 1 1 1481 1621 1482
3311 2 2 1 1 1482 1621 1622
3312 2 2 1 1 1482 1622 1483
3313 2 2 1 1 1483 1622 1623
3314 2 2 1 1 1483 1623 1484
3315 2 2 1 1 1484 1623 1624
3316 2 2 1 1 1484 1624 1625
3317 2 2 1 1 1484 1625 1485
3318 2 2 1 1 1485 1625 1626
3319 2 2 1 1 1485 1626 1486
3320 2 2 1 1 1486 1626 1627
3321 2 2 1 1 1486 1627 1487
3322 2 2 1 1 1487 1627 1628
3323 2 2 1 1 1487 1628 1488
3324 2 2 1 1 1488 1628 1629
3325 2 2 1 1 1488 1629 1489
3326 2 2 1 1 1489 1629 1630
3327 2 2 1 1 1489 1630 1490
3328 2 2 1 1 1490 1630 1631
3329 2 2 1 1 1490 1631 1491
3330 2 2 1 1 1491 1631 1632
3331 2 2 1 1 1491 1632 1492
3332 2 2 1 1 1492 1632 1633
3333 2 2 1 1 1492 1633 1493
3334 2 2 1 1 1493 1633 1634
3335 2 2 1 1 1493 1634 1494
3336 2 2 1 1 1494 1634 1635
3337 2 2 1 1 1494 1635 1495
3338 2 2 1 1 1495 1635 1636
3339 2 2 1 1 1495 1636 1496
3340 2 2 1 1 1496 1636 1637
3341 2 2 1 1 1496 1637 1497
3342 2 2 1 1 1497 1637 1638
3343 2 2 1 1 1497 1638 1498
3344 2 2 1 1 1498 1638 1639
3345 2 2 1 1 1498 1639 1499
3346 2 2 1 1 1499 1639 1640
3347 2 2 1 1 1499 1640 1500
3348 2 2 1 1 1500 1640 1641
3349 2 2 1 1 1500 1641 1501
3350 2 2 1 1 1501 1641 1642
3351 2 2 1 1 1501 1642 1502
3352 2 2 1 1 1502 1642 1643
3353 2 2 1 1 1502 1643 1503
3354 2 2 1 1 1503 1643 1644
3355 2 2 1 1 1503 1644 1504
3356 2 2 1 1 1504 1644 1645
3357 2 2 1 1 1504 1645 1646
3358 2 2 1 1 1504 1646 1505
3359 2 2 1 1 1505 1646 1647
3360 2 2 1 1 1505 1647 1506
3361 2 2 1 1 1506 1647 1648
3362 2 2 1 1 1506 1648 1507
3363 2 2 1 1 1507 1648 1649
3364 2 2 1 1 1507 1649 1508
3365 2 2 1 1 1508 1649 1650
3366 2 2 1 1 1508 1650 1509
3367 2 2 1 1 1509 1650 1651
3368 2 2 1 1 1509 1651 1510
3369 2 2 1 1 1510 1651 1652
3370 2 2 1 1 1510 1652 1511
3371 2 2 1 1 1511 1652 1653
3372 2 2 1 1 1511 1653 1512
3373 2 2 1 1 1512 1653 1654
3374 2 2 1 1 1512 1654 1513
3375 2 2 1 1 1513 1654 1655
3376 2 2 1 1 1513 1655 1514
3377 2 2 1 1 1514 1655 1656
3378 2 2 1 1 1514 1656 1515
3379 2 2 1 1 1515 1656 1657
3380 2 2 1 1 1515 1657 1516
3381 2 2 1 1 1516 1657 1658
3382 2 2 1 1 1516 1658 1517
3383 2 2 1 1 1517 1658 1659
3384 2 2 1 1 1517 1659 1518
3385 2 2 1 1 1518 1659 1660
3386 2 2 1 1 1518 1660 1519
3387 2 2 1 1 1519 1660 1661
3388 2 2 1 1 1519 1661 1520
3389 2 2 1 1 1520 1661 1662
3390 2 2 1 1 1520 1662 1521
3391 2 2 1 1 1521 1662 1663
3392 2 2 1 1 1521 1663 1522
3393 2 2 1 1 1522 1663 1664
3394 2 2 1 1 1522 1664 1523
3395 2 2 1 1 1523 1664 1665
3396 2 2 1 1 1523 1665 1524
3397 2 2 1 1 1524 1665 1666
3398 2 2 1 1 1524 1666 1667
3399 2 2 1 1 1524 1667 1525
3400 2 2 1 1 1525 1667 1668
3401 2 2 1 1 1525 1668 1526
3402 2 2 1 1 1526 1668 1669
3403 2 2 1 1 1526 1669 1527
3404 2 2 1 1 1527 1669 1670
3405 2 2 1 1 1527 1670 1528
3406 2 2 1 1 1528 1670 1671
3407 2 2 1 1 1528 1671 1529
3408 2 2 1 1 1529 1671 1672
3409 2 2 1 1 1529 1672 1530
3410 2 2 1 1 1530 1672 1673
3411 2 2 1 1 1530 1673 1531
3412 2 2 1 1 1531 1673 1674
3413 2 2 1 1 1531 1674 1532
3414 2 2 1 1 1532 1674 1675
3415 2 2 1 1 1532 1675 1533
3416 2 2 1 1 1533 1675 1676
3417 2 2 1 1 1533 1676 1534
3418 2 2 1 1 1534 1676 1677
3419 2 2 1 1 1534 1677 1535
3420 2 2 1 1 1535 1677 1678
3421 2 2 1 1 1535 1678 1536
3422 2 2 1 1 1536 1678 1679
3423 2 2 1 1 1536 1679 1537
3424 2 2 1 1 1537 1679 1680
3425 2 2 1 1 1537 1680 1538
3426 2 2 1 1 1538 1680 1681
3427 2 2 1 1 1538 1681 1539
3428 2 2 1 1 1539 1681 1682
3429 2 2 1 1 1539 1682 1540
3430 2 2 1 1 1540 1682 1683
3431 2 2 1 1 1540 1683 1541
3432 2 2 1 1 1541 1683 1684
3433 2 2 1 1 1541 1684 1542
3434 2 2 1 1 1542 1684 1685
3435 2 2 1 1 1542 1685 1543
3436 2 2 1 1 1543 1685 1686
3437 2 2 1 1 1543 1686 1544
3438 2 2 1 1 1544 1686 1687
3439 2 2 1 1 1544 1687 1688
3440 2 2 1 1 1544 1688 1545
3441 2 2 1 1 1545 1688 1689
3442 2 2 1 1 1545 1689 1546
3443 2 2 1 1 1546 1689 1690
3444 2 2 1 1 1546 1690 1547
3445 2 2 1 1 1547 1690 1691
3446 2 2 1 1 1547 1691 1548
3447 2 2 1 1 1548 1691 1692
3448 2 2 1 1 1548 1692 1549
3449 2 2 1 1 1549 1692 1693
3450 2 2 1 1 1549 1693 1550
3451 2 2 1 1 1550 1693 1694
3452 2 2 1 1 1550 1694 1551
3453 2 2 1 1 1551 1694 1695
3454 2 2 1 1 1551 1695 1552
3455 2 2 1 1 1552 1695 1696
3456 2 2 1 1 1552 1696 1553
3457 2 2 1 1 1553 1696 1697
3458 2 2 1 1 1553 1697 1554
3459 2 2 1 1 1554 1697 1698
3460 2 2 1 1 1554 1698 1555
3461 2 2 1 1 1555 1698 1699
3462 2 2 1 1 1555 1699 1556
3463 2 2 1 1 1556 1699 1700
3464 2 2 1 1 1556 1700 1557
3465 2 2 1 1 1557 1700 1701
3466 2 2 1 1 1557 1701 1558
3467 2 2 1 1 1558 1701 1702
3468 2 2 1 1 1558 1702 1559
3469 2 2 1 1 1559 1702 1703
3470 2 2 1 1 1559 1703 1560
3471 2 2 1 1 1560 1703 1704
3472 2 2 1 1 1560 1704 1561
3473 2 2 1 1 1561 1704 1705
3474 2 2 1 1 1561 1705 1562
3475 2 2 1 1 1562 1705 1706
3476 2 2 1 1 1562 1706 1563
3477 2 2 1 1 1563 1706 1707
3478 2 2 1 1 1563 1707 1564
3479 2 2 1 1 1564 1707 1708
3480 2 2 1 1 1564 1708 1709
3481 2 2 1 1 1564 1709 1565
3482 2 2 1 1 1565 1709 1710
3483 2 2 1 1 1565 1710 1566
3484 2 2 1 1 1566 1710 1711
3485 2 2 1 1 1566 1711 1567
3486 2 2 1 1 1567 1711 1712
3487 2 2 1 1 1567 1712 1568
3488 2 2 1 1 1568 1712 1713
3489 2 2 1 1 1568 1713 1569
3490 2 2 1 1 1569 1713 1714
3491 2 2 1 1 1569 1714 1570
3492 2 2 1 1 1570 1714 1715
3493 2 2 1 1 1570 1715 1571
3494 2 2 1 1 1571 1715 1716
3495 2 2 1 1 1571 1716 1572
3496 2 2 1 1 1572 1716 1717
3497 2 2 1 1 1572 1717 1573
3498 2 2 1 1 1573 1717 1718
3499 2 2 1 1 1573 1718 1574
3500 2 2 1 1 1574 1718 1719
3501 2 2 1 1 1574 1719 1575
3502 2 2 1 1 1575 1719 1720
3503 2 2 1 1 1575 1720 1576
3504 2 2 1 1 1576 1720 1721
3505 2 2 1 1 1576 1721 1577
3506 2 2 1 1 1577 1721 1722
3507 2 2 1 1 1577 1722 1578
3508 2 2 1 1 1578 1722 1723
3509 2 2 1 1 1578 1723 1579
3510 2 2 1 1 1579 1723 1724
3511 2 2 1 1 1579 1724 1580
3512 2 2 1 1 1580 1724 1725
3513 2 2 1 1 1580 1725 1581
3514 2 2 1 1 1581 1725 1726
3515 2 2 1 1 1581 1726 1582
3516 2 2 1 1 1582 1726 1727
3517 2 2 1 1 1582 1727 1583
3518 2 2 1 1 1583 1727 1728
3519 2 2 1 1 1583 1728 1584
3520 2 2 1 1 1584 1728 1729
3521 2 2 1 1 1584 1729 1730
3522 2 2 1 1 1584 1730 1585
3523 2 2 1 1 1585 1730 1731
3524 2 2 1 1 1585 1731 1586
3525 2 2 1 1 1586 1731 1732
3526 2 2 1 1 1586 1732 1587
3527 2 2 1 1 1587 1732 1733
3528 2 2 1 1 1587 1733 1588
3529 2 2 1 1 1588 1733 1734
3530 2 2 1 1 1588 1734 1589
3531 2 2 1 1 1589 1734 1735
3532 2 2 1 1 1589 1735 1590
3533 2 2 1 1 1590 1735 1736
3534 2 2 1 1 1590 1736 1591
3535 2 2 1 1 1591 1736 1737
3536 2 2 1 1 1591 1737 1592
3537 2 2 1 1 1592 1737 1738
3538 2 2 1 1 1592 1738 1593
3539 2 2 1 1 1593 1738 1739
3540 2 2 1 1 1593 1739 1594
3541 2 2 1 1 1594 1739 1740
3542 2 2 1 1 1594 1740 1595
3543 2 2 1 1 1595 1740 1741
3544 2 2 1 1 1595 1741 1596
3545 2 2 1 1 1596 1741 1742
3546 2 2 1 1 1596 1742 1597
3547 2 2 1 1 1597 1742 1743
3548 2 2 1 1 1597 1743 1598
3549 2 2 1 1 1598 1743 1744
3550 2 2 1 1 1598 1744 1599
3551 2 2 1 1 1599 1744 1745
3552 2 2 1 1 1599 1745 1600
3553 2 2 1 1 1600 1745 1746
3554 2 2 1 1 1600 1746 1601
3555 2 2 1 1 1601 1746 1747
3556 2 2 1 1 1601 1747 1602
3557 2 2 1 1 1602 1747 1748
3558 2 2 1 1 1602 1748 1603
3559 2 2 1 1 1603 1748 1749
3560 2 2 1 1 1603 1749 1465
3561 2 2 1 1 1465 1749 1604
3562 2 2 1 1 1604 1750 1751
3563 2 2 1 1 1604 1751 1605
3564 2 2 1 1 1605 1751 1752
3565 2 2 1 1 1605 1752 1606
3566 2 2 1 1 1606 1752 1753
3567 2 2 1 1 1606 1753 1607
3568 2 2 1 1 1607 1753 1754
3569 2 2 1 1 1607 1754 1608
3570 2 2 1 1 1608 1754 1755
3571 2 2 1 1 1608 1755 1609
3572 2 2 1 1 1609 1755 1756
3573 2 2 1 1 1609 1756 1610
3574 2 2 1 1 1610 1756 1757
3575 2 2 1 1 1610 1757 1611
3576 2 2 1 1 1611 1757 1758
3577 2 2 1 1 1611 1758 1612
3578 2 2 1 1 1612 1758 1759
3579 2 2 1 1 1612 1759 1613
3580 2 2 1 1 1613 1759 1760
3581 2 2 1 1 1613 1760 1614
3582 2 2 1 1 1614 1760 1761
3583 2 2 1 1 1614 1761 1615
3584 2 2 1 1 1615 1761 1762
3585 2 2 1 1 1615 1762 1616
3586 2 2 1 1 1616 1762 1763
3587 2 2 1 1 1616 1763 1617
3588 2 2 1 1 1617 1763 1764
3589 2 2 1 1 1617 1764 1618
3590 2 2 1 1 1618 1764 1765
3591 2 2 1 1 1618 1765 1619
3592 2 2 1 1 1619 1765 1766
3593 2 2 1 1 1619 1766 1620
3594 2 2 1 1 1620 1766 1767
3595 2 2 1 1 1620 1767 1621
3596 2 2 1 1 1621 1767 1768
3597 2 2 1 1 1621 1768 1622
3598 2 2 1 1 1622 1768 1769
3599 2 2 1 1 1622 1769 1623
3600 2 2 1 1 1623 1769 1770
3601 2 2 1 1 1623 1770 1624
3602 2 2 1 1 1624 1770 1771
3603 2 2 1 1 1624 1771 1625
3604 2 2 1 1 1625 1771 1772
3605 2 2 1 1 1625 1772 1626
3606 2 2 1 1 1626 1772 1773
3607 2 2 1 1 1626 1773 1627
3608 2 2 1 1 1627 1773 1774
3609 2 2 1 1 1627 1774 1628
3610 2 2 1 1 1628 1774 1775
3611 2 2 1 1 1628 1775 1776
3612 2 2 1 1 1628 1776 1629
3613 2 2 1 1 1629 1776 1777
3614 2 2 1 1 1629 1777 1630
3615 2 2 1 1 1630 1777 1778
3616 2 2 1 1 1630 1778 1631
3617 2 2 1 1 1631 1778 1779
3618 2 2 1 1 1631 1779 1632
3619 2 2 1 1 1632 1779 1780
3620 2 2 1 1 1632 1780 1633
3621 2 2 1 1 1633 1780 1781
3622 2 2 1 1 1633 1781 1634
3623 2 2 1 1 1634 1781 1782
3624 2 2 1 1 1634 1782 1635
3625 2 2 1 1 1635 1782 1783
3626 2 2 1 1 1635 1783 1636
3627 2 2 1 1 1636 1783 1784
3628 2 2 1 1 1636 1784 1637
3629 2 2 1 1 1637 1784 1785
3630 2 2 1 1 1637 1785 1638
3631 2 2 1 1 1638 1785 1786
3632 2 2 1 1 1638 1786 1639
3633 2 2 1 1 1639 1786 1787
3634 2 2 1 1 1639 1787 1640
3635 2 2 1 1 1640 1787 1788
3636 2 2 1 1 1640 1788 1641
3637 2 2 1 1 1641 1788 1789
3638 2 2 1 1 1641 1789 1642
3639 2 2 1 1 1642 1789 1790
3640 2 2 1 1 1642 1790 1643
3641 2 2 1 1 1643 1790 1791
3642 2 2 1 1 1643 1791 1644
3643 2 2 1 1 1644 1791 1792
3644 2 2 1 1 1644 1792 1645
3645 2 2 1 1 1645 1792 1793
3646 2 2 1 1 1645 1793 1646
3647 2 2 1 1 1646 1793 1794
3648 2 2 1 1 1646 1794 1647
3649 2 2 1 1 1647 1794 1795
3650 2 2 1 1 1647 1795 1648
3651 2 2 1 1 1648 1795 1796
3652 2 2 1 1 1648 1796 1649
3653 2 2 1 1 1649 1796 1797
3654 2 2 1 1 1649 1797 1650
3655 2 2 1 1 1650 1797 1798
3656 2 2 1 1 1650 1798 1651
3657 2 2 1 1 1651 1798 1799
3658 2 2 1 1 1651 1799 1652
3659 2 2 1 1 1652 1799 1800
3660 2 2 1 1 1652 1800 1801
3661 2 2 1 1 1652 1801 1653
3662 2 2 1 1 1653 1801 1802
3663 2 2 1 1 1653 1802 1654
3664 2 2 1 1 1654 1802 1803
3665 2 2 1 1 1654 1803 1655
3666 2 2 1 1 1655 1803 1804
3667 2 2 1 1 1655 1804 1656
3668 2 2 1 1 1656 1804 1805
3669 2 2 1 1 1656 1805 1657
3670 2 2 1 1 1657 1805 1806
3671 2 2 1 1 1657 1806 1658
3672 2 2 1 1 1658 1806 1807
3673 2 2 1 1 1658 1807 1659
3674 2 2 1 1 1659 1807 1808
3675 2 2 1 1 1659 1808 1660
3676 2 2 1 1 1660 1808 1809
3677 2 2 1 1 1660 1809 1661
3678 2 2 1 1 1661 1809 1810
3679 2 2 1 1 1661 1810 1662
3680 2 2 1 1 1662 1810 1811
3681 2 2 1 1 1662 1811 1663
3682 2 2 1 1 1663 1811 1812
3683 2 2 1 1 1663 1812 1664
3684 2 2 1 1 1664 1812 1813
3685 2 2 1 1 1664 1813 1665
3686 2 2 1 1 1665 1813 1814
3687 2 2 1 1 1665 1814 1666
3688 2 2 1 1 1666 1814 1815
3689 2 2 1 1 1666 1815 1667
3690 2 2 1 1 1667 1815 1816
3691 2 2 1 1 1667 1816 1668
3692 2 2 1 1 1668 1816 1817
3693 2 2 1 1 1668 1817 1669
3694 2 2 1 1 1669 1817 1818
3695 2 2 1 1 1669 1818 1670
3696 2 2 1 1 1670 1818 1819
3697 2 2 1 1 1670 1819 1671
3698 2 2 1 1 1671 1819 1820
3699 2 2 1 1 1671 1820 1672
3700 2 2 1 1 1672 1820 1821
3701 2 2 1 1 1672 1821 1673
3702 2 2 1 1 1673 1821 1822
3703 2 2 1 1 1673 1822 1674
3704 2 2 1 1 1674 1822 1823
3705 2 2 1 1 1674 1823 1675
3706 2 2 1 1 1675 1823 1824
3707 2 2 1 1 1675 1824 1676
3708 2 2 1 1 1676 1824 1825
3709 2 2 1 1 1676 1825 1677
3710 2 2 1 1 1677 1825 1826
3711 2 2 1 1 1677 1826 1827
3712 2 2 1 1 1677 1827 1678
3713 2 2 1 1 1678 1827 1828
3714 2 2 1 1 1678 1828 1679
3715 2 2 1 1 1679 1828 1829
3716 2 2 1 1 1679 1829 1680
3717 2 2 1 1 1680 1829 1830
3718 2 2 1 1 1680 1830 1681
3719 2 2 1 1 1681 1830 1831
3720 2 2 1 1 1681 1831 1682
3721 2 2 1 1 1682 1831 1832
3722 2 2 1 1 1682 1832 1683
3723 2 2 1 1 1683 1832 1833
3724 2 2 1 1 1683 1833 1684
3725 2 2 1 1 1684 1833 1834
3726 2 2 1 1 1684 1834 1685
3727 2 2 1 1 1685 1834 1835
3728 2 2 1 1 1685 1835 1686
3729 2 2 1 1 1686 1835 1836
3730 2 2 1 1 1686 1836 1687
3731 2 2 1 1 1687 1836 1837
3732 2 2 1 1 1687 1837 1688
3733 2 2 1 1 1688 1837 1838
3734 2 2 1 1 1688 1838 1689
3735 2 2 1 1 1689 1838 1839
3736 2 2 1 1 1689 1839 1690
3737 2 2 1 1 1690 1839 1840
3738 2 2 1 1 1690 1840 1691
3739 2 2 1 1 1691 1840 1841
3740 2 2 1 1 1691 1841 1692
3741 2 2 1 1 1692 1841 1842
3742 2 2 1 1 1692 1842 1693
3743 2 2 1 1 1693 1842 1843
3744 2 2 1 1 1693 1843 1694
3745 2 2 1 1 1694 1843 1844
3746 2 2 1 1 1694 1844 1695
3747 2 2 1 1 1695 1844 1845
3748 2 2 1 1 1695 1845 1696
3749 2 2 1 1 1696 1845 1846
3750 2 2 1 1 1696 1846 1697
3751 2 2 1 1 1697 1846 1847
3752 2 2 1 1 1697 1847 1698
3753 2 2 1 1 1698 1847 1848
3754 2 2 1 1 1698 1848 1699
3755 2 2 1 1 1699 1848 1849
3756 2 2 1 1 1699 1849 1700
3757 2 2 1 1 1700 1849 1850
3758 2 2 1 1 1700 1850 1701
3759 2 2 1 1 1701 1850 1851
3760 2 2 1 1 1701 1851 1852
3761 2 2 1 1 1701 1852 1702
3762 2 2 1 1 1702 1852 1853
3763 2 2 1 1 1702 1853 1703
3764 2 2 1 1 1703 1853 1854
3765 2 2 1 1 1703 1854 1704
3766 2 2 1 1 1704 1854 1855
3767 2 2 1 1 1704 1855 1705
3768 2 2 1 1 1705 1855 1856
3769 2 2 1 1 1705 1856 1706
3770 2 2 1 1 1706 1856 1857
3771 2 2 1 1 1706 1857 1707
3772 2 2 1 1 1707 1857 1858
3773 2 2 1 1 1707 1858 1708
3774 2 2 1 1 1708 1858 1859
3775 2 2 1 1 1708 1859 1709
3776 2 2 1 1 1709 1859 1860
3777 2 2 1 1 1709 1860 1710
3778 2 2 1 1 1710 1860 1861
3779 2 2 1 1 1710 1861 1711
3780 2 2 1 1 1711 1861 1862
3781 2 2 1 1 1711 1862 1712
3782 2 2 1 1 1712 1862 1863
3783 2 2 1 1 1712 1863 1713
3784 2 2 1 1 1713 1863 1864
3785 2 2 1 1 1713 1864 1714
3786 2 2 1 1 1714 1864 1865
3787 2 2 1 1 1714 1865 1715
3788 2 2 1 1 1715 1865 1866
3789 2 2 1 1 1715 1866 1716
3790 2 2 1 1 1716 1866 1867
3791 2 2 1 1 1716 1867 1717
3792 2 2 1 1 1717 1867 1868
3793 2 2 1 1 1717 1868 1718
3794 2 2 1 1 1718 1868 1869
3795 2 2 1 1 1718 1869 1719
3796 2 2 1 1 1719 1869 1870
3797 2 2 1 1 1719 1870 1720
3798 2 2 1 1 1720 1870 1871
3799 2 2 1 1 1720 1871 1721
3800 2 2 1 1 1721 1871 1872
3801 2 2 1 1 1721 1872 1722
3802 2 2 1 1 1722 1872 1873
3803 2 2 1 1 1722 1873 1723
3804 2 2 1 1 1723 1873 1874
3805 2 2 1 1 1723 1874 1724
3806 2 2 1 1 1724 1874 1875
3807 2 2 1 1 1724 1875 1725
3808 2 2 1 1 1725 1875 1876
3809 2 2 1 1 1725 1876 1877
3810 2 2 1 1 1725 1877 1726
3811 2 2 1 1 1726 1877 1878
3812 2 2 1 1 1726 1878 1727
3813 2 2 1 1 1727 1878 1879
3814 2 2 1 1 1727 1879 1728
3815 2 2 1 1 1728 1879 1880
3816 2 2 1 1 1728 1880 1729
3817 2 2 1 1 1729 1880 1881
3818 2 2 1 1 1729 1881 1730
3819 2 2 1 1 1730 1881 1882
3820 2 2 1 1 1730 1882 1731
3821 2 2 1 1 1731 1882 1883
3822 2 2 1 1 1731 1883 1732
3823 2 2 1 1 1732 1883 1884
3824 2 2 1 1 1732 1884 1733
3825 2 2 1 1 1733 1884 1885
3826 2 2 1 1 1733 1885 1734
3827 2 2 1 1 1734 1885 1886
3828 2 2 1 1 1734 1886 1735
3829 2 2 1 1 1735 1886 1887
3830 2 2 1 1 1735 1887 1736
3831 2 2 1 1 1736 1887 1888
3832 2 2 1 1 1736 1888 1737
3833 2 2 1 1 1737 1888 1889
3834 2 2 1 1 1737 1889 1738
3835 2 2 1 1 1738 1889 1890
3836 2 2 1 1 1738 1890 1739
3837 2 2 1 1 1739 1890 1891
3838 2 2 1 1 1739 1891 1740
3839 2 2 1 1 1740 1891 1892
3840 2 2 1 1 1740 1892 1741
3841 2 2 1 1 1741 1892 1893
3842 2 2 1 1 1741 1893 1742
3843 2 2 1 1 1742 1893 1894
3844 2 2 1 1 1742 1894 1743
3845 2 2 1 1 1743 1894 1895
3846 2 2 1 1 1743 1895 1744
3847 2 2 1 1 1744 1895 1896
3848 2 2 1 1 1744 1896 1745
3849 2 2 1 1 1745 1896 1897
3850 2 2 1 1 1745 1897 1746
3851 2 2 1 1 1746 1897 1898
3852 2 2 1 1 1746 1898 1747
3853 2 2 1 1 1747 1898 1899
3854 2 2 1 1 1747 1899 1748
3855 2 2 1 1 1748 1899 1900
3856 2 2 1 1 1748 1900 1749
3857 2 2 1 1 1749 1900 1901
3858 2 2 1 1 1749 1901 1604
3859 2 2 1 1 1604 1901 1750
3860 2 2 1 1 1750 1902 1903
3861 2 2 1 1 1750 1903 1751
3862 2 2 1 1 1751 1903 1904
3863 2 2 1 1 1751 1904 1752
3864 2 2 1 1 1752 1904 1905
3865 2 2 1 1 1752 1905 1753
3866 2 2 1 1 1753 1905 1906
3867 2 2 1 1 1753 1906 1754
3868 2 2 1 1 1754 1906 1907
3869 2 2 1 1 1754 1907 1755
3870 2 2 1 1 1755 1907 1908
3871 2 2 1 1 1755 1908 1756
3872 2 2 1 1 1756 1908 1909
3873 2 2 1 1 1756 1909 1757
3874 2 2 1 1 1757 1909 1910
3875 2 2 1 1 1757 1910 1758
3876 2 2 1 1 1758 1910 1911
3877 2 2 1 1 1758 1911 1759
3878 2 2 1 1 1759 1911 1912
3879 2 2 1 1 1759 1912 1760
3880 2 2 1 1 1760 1912 1913
3881 2 2 1 1 1760 1913 1761
3882 2 2 1 1 1761 1913 1914
3883 2 2 1 1 1761 1914 1762
3884 2 2 1 1 1762 1914 1915
3885 2 2 1 1 1762 1915 1763
3886 2 2 1 1 1763 1915 1916
3887 2 2 1 1 1763 1916 1764
3888 2 2 1 1 1764 1916 1917
3889 2 2 1 1 1764 1917 1765
3890 2 2 1 1 1765 1917 1918
3891 2 2 1 1 1765 1918 1766
3892 2 2 1 1 1766 1918 1919
3893 2 2 1 1 1766 1919 1767
3894 2 2 1 1 1767 1919 1920
3895 2 2 1 1 1767 1920 1768
3896 2 2 1 1 1768 1920 1921
3897 2 2 1 1 1768 1921 1769
3898 2 2 1 1 1769 1921 1922
3899 2 2 1 1 1769 1922 1770
3900 2 2 1 1 1770 1922 1923
3901 2 2 1 1 1770 1923 1771
3902 2 2 1 1 1771 1923 1924
3903 2 2 1 1 1771 1924 1772
3904 2 2 1 1 1772 1924 1925
3905 2 2 1 1 1772 1925 1773
3906 2 2 1 1 1773 1925 1926
3907 2 2 1 1 1773 1926 1774
3908 2 2 1 1 1774 1926 1927
3909 2 2 1 1 1774 1927 1775
3910 2 2 1 1 1775 1927 1928
3911 2 2 1 1 1775 1928 1929
3912 2 2 1 1 1775 1929 1776
3913 2 2 1 1 1776 1929 1930
3914 2 2 1 1 1776 1930 1777
3915 2 2 1 1 1777 1930 1931
3916 2 2 1 1 1777 1931 1778
3917 2 2 1 1 1778 1931 1932
3918 2 2 1 1 1778 1932 1779
3919 2 2 1 1 1779 1932 1933
3920 2 2 1 1 1779 1933 1780
3921 2 2 1 1 1780 1933 1934
3922 2 2 1 1 1780 1934 1781
3923 2 2 1 1 1781 1934 1935
3924 2 2 1 1 1781 1935 1782
3925 2 2 1 1 1782 1935 1936
3926 2 2 1 1 1782 1936 1783
3927 2 2 1 1 1783 1936 1937
3928 2 2 1 1 1783 1937 1784
3929 2 2 1 1 1784 1937 1938
3930 2 2 1 1 1784 1938 1785
3931 2 2 1 1 1785 1938 1939
3932 2 2 1 1 1785 1939 1786
3933 2 2 1 1 1786 1939 1940
3934 2 2 1 1 1786 1940 1787
3935 2 2 1 1 1787 1940 1941
3936 2 2 1 1 1787 1941 1788
3937 2 2 1 1 1788 1941 1942
3938 2 2 1 1 1788 1942 1789
3939 2 2 1 1 1789 1942 1943
3940 2 2 1 1 1789 1943 1790
3941 2 2 1 1 1790 1943 1944
3942 2 2 1 1 1790 1944 1791
3943 2 2 1 1 1791 1944 1945
3944 2 2 1 1 1791 1945 1792
3945 2 2 1 1 1792 1945 1946
3946 2 2 1 1 1792 1946 1793
3947 2 2 1 1 1793 1946 1947
3948 2 2 1 1 1793 1947 1794
3949 2 2 1 1 1794 1947 1948
3950 2 2 1 1 1794 1948 1795
3951 2 2 1 1 1795 1948 1949
3952 2 2 1 1 1795 1949 1796
3953 2 2 1 1 1796 1949 1950
3954 2 2 1 1 1796 1950 1797
3955 2 2 1 1 1797 1950 1951
3956 2 2 1 1 1797 1951 1798
3957 2 2 1 1 1798 1951 1952
3958 2 2 1 1 1798 1952 1799
3959 2 2 1 1 1799 1952 1953
3960 2 2 1 1 1799 1953 1800
3961 2 2 1 1 1800 1953 1954
3962 2 2 1 1 1800 1954 1955
3963 2 2 1 1 1800 1955 1801
3964 2 2 1 1 1801 1955 1956
3965 2 2 1 1 1801 1956 1802
3966 2 2 1 1 1802 1956 1957
3967 2 2 1 1 1802 1957 1803
3968 2 2 1 1 1803 1957 1958
3969 2 2 1 1 1803 1958 1804
3970 2 2 1 1 1804 1958 1959
3971 2 2 1 1 1804 1959 1805
3972 2 2 1 1 1805 1959 1960
3973 2 2 1 1 1805 1960 1806
3974 2 2 1 1 1806 1960 1961
3975 2 2 1 1 1806 1961 1807
3976 2 2 1 1 1807 1961 1962
3977 2 2 1 1 1807 1962 1808
3978 2 2 1 1 1808 1962 1963
3979 2 2 1 1 1808 1963 1809
3980 2 2 1 1 1809 1963 1964
3981 2 2 1 1 1809 1964 1810
3982 2 2 1 1 1810 1964 1965
3983 2 2 1 1 1810 1965 1811
3984 2 2 1 1 1811 1965 1966
3985 2 2 1 1 1811 1966 1812
3986 2 2 1 1 1812 1966 1967
3987 2 2 1 1 1812 1967 1813
3988 2 2 1 1 1813 1967 1968
3989 2 2 1 1 1813 1968 1814
3990 2 2 1 1 1814 1968 1969
3991 2 2 1 1 1814 1969 1815
3992 2 2 1 1 1815 1969 1970
3993 2 2 1 1 1815 1970 1816
3994 2 2 1 1 1816 1970 1971
3995 2 2 1 1 1816 1971 1817
3996 2 2 1 1 1817 1971 1972
3997 2 2 1 1 1817 1972 1818
3998 2 2 1 1 1818 1972 1973
3999 2 2 1 1 1818 1973 1819
4000 2 2 1 1 1819 1973 1974
4001 2 2 1 1 1819 1974 1820
4002 2 2 1 1 1820 1974 1975
4003 2 2 1 1 1820 1975 1821
4004 2 2 1 1 1821 1975 1976
4005 2 2 1 1 1821 1976 1822
4006 2 2 1 1 1822 1976 1977
4007 2 2 1 1 1822 1977 1823
4008 2 2 1 1 1823 1977 1978
4009 2 2 1 1 1823 1978 1824
4010 2 2 1 1 1824 1978 1979
4011 2 2 1 1 1824 1979 1825
4012 2 2 1 1 1825 1979 1980
4013 2 2 1 1 1825 1980 1826
4014 2 2 1 1 1826 1980 1981
4015 2 2 1 1 1826 1981 1982
4016 2 2 1 1 1826 1982 1827
4017 2 2 1 1 1827 1982 1983
4018 2 2 1 1 1827 1983 1828
4019 2 2 1 1 1828 1983 1984
4020 2 2 1 1 1828 1984 1829
4021 2 2 1 1 1829 1984 1985
4022 2 2 1 1 1829 1985 1830
4023 2 2 1 1 1830 1985 1986
4024 2 2 1 1 1830 1986 1831
4025 2 2 1 1 1831 1986 1987
4026 2 2 1 1 1831 1987 1832
4027 2 2 1 1 1832 1987 1988
4028 2 2 1 1 1832 1988 1833
4029 2 2 1 1 1833 1988 1989
4030 2 2 1 1 1833 1989 1834
4031 2 2 1 1 1834 1989 1990
4032 2 2 1 1 1834 1990 1835
4033 2 2 1 1 1835 1990 1991
4034 2 2 1 1 1835 1991 1836
4035 2 2 1 1 1836 1991 1992
4036 2 2 1 1 1836 1992 1837
4037 2 2 1 1 1837 1992 1993
4038 2 2 1 1 1837 1993 1838
4039 2 2 1 1 1838 1993 1994
4040 2 2 1 1 1838 1994 1839
4041 2 2 1 1 1839 1994 1995
4042 2 2 1 1 1839 1995 1840
4043 2 2 1 1 1840 1995 1996
4044 2 2 1 1 1840 1996 1841
4045 2 2 1 1 1841 1996 1997
4046 2 2 1 1 1841 1997 1842
4047 2 2 1 1 1842 1997 1998
4048 2 2 1 1 1842 1998 1843
4049 2 2 1 1 1843 1998 1999
4050 2 2 1 1 1843 1999 1844
4051 2 2 1 1 1844 1999 2000
4052 2 2 1 1 1844 2000 1845
4053 2 2 1 1 1845 2000 2001
4054 2 2 1 1 1845 2001 1846
4055 2 2 1 1 1846 2001 2002
4056 2 2 1 1 1846 2002 1847
4057 2 2 1 1 1847 2002 2003
4058 2 2 1 1 1847 2003 1848
4059 2 2 1 1 1848 2003 2004
4060 2 2 1 1 1848 2004 1849
4061 2 2 1 1 1849 2004 2005
4062 2 2 1 1 1849 2005 1850
4063 2 2 1 1 1850 2005 2006
4064 2 2 1 1 1850 2006 1851
4065 2 2 1 1 1851 2006 2007
4066 2 2 1 1 1851 2007 2008
4067 2 2 1 1 1851 2008 1852
4068 2 2 1 1 1852 2008 2009
4069 2 2 1 1 1852 2009 1853
4070 2 2 1 1 1853 2009 2010
4071 2 2 1 1 1853 2010 1854
4072 2 2 1 1 1854 2010 2011
4073 2 2 1 1 1854 2011 1855
4074 2 2 1 1 1855 2011 2012
4075 2 2 1 1 1855 2012 1856
4076 2 2 1 1 1856 2012 2013
4077 2 2 1 1 1856 2013 1857
4078 2 2 1 1 1857 2013 2014
4079 2 2 1 1 1857 2014 1858
4080 2 2 1 1 1858 2014 2015
4081 2 2 1 1 1858 2015 1859
4082 2 2 1 1 1859 2015 2016
4083 2 2 1 1 1859 2016 1860
4084 2 2 1 1 1860 2016 2017
4085 2 2 1 1 1860 2017 1861
4086 2 2 1 1 1861 2017 2018
4087 2 2 1 1 1861 2018 1862
4088 2 2 1 1 1862 2018 2019
4089 2 2 1 1 1862 2019 1863
4090 2 2 1 1 1863 2019 2020
4091 2 2 1 1 1863 2020 1864
4092 2 2 1 1 1864 2020 2021
4093 2 2 1 1 1864 2021 1865
4094 2 2 1 1 1865 2021 2022
4095 2 2 1 1 1865 2022 1866
4096 2 2 1 1 1866 2022 2023
4097 2 2 1 1 1866 2023 1867
4098 2 2 1 1 1867 2023 2024
4099 2 2 1 1 1867 2024 1868
4100 2 2 1 1 1868 2024 2025
4101 2 2 1 1 1868 2025 1869
4102 2 2 1 1 1869 2025 2026
4103 2 2 1 1 1869 2026 1870
4104 2 2 1 1 1870 2026 2027
4105 2 2 1 1 1870 2027 1871
4106 2 2 1 1 1871 2027 2028
4107 2 2 1 1 1871 2028 1872
4108 2 2 1 1 1872 2028 2029
4109 2 2 1 1 1872 2029 1873
4110 2 2 1 1 1873 2029 2030
4111 2 2 1 1 1873 2030 1874
4112 2 2 1 1 1874 2030 2031
4113 2 2 1 1 1874 2031 1875
4114 2 2 1 1 1875 2031 2032
4115 2 2 1 1 1875 2032 1876
4116 2 2 1 1 1876 2032 2033
4117 2 2 1 1 1876 2033 2034
4118 2 2 1 1 1876 2034 1877
4119 2 2 1 1 1877 2034 2035
4120 2 2 1 1 1877 2035 1878
4121 2 2 1 1 1878 2035 2036
4122 2 2 1 1 1878 2036 1879
4123 2 2 1 1 1879 2036 2037
4124 2 2 1 1 1879 2037 1880
4125 2 2 1 1 1880 2037 2038
4126 2 2 1 1 1880 2038 1881
4127 2 2 1 1 1881 2038 2039
4128 2 2 1 1 1881 2039 1882
4129 2 2 1 1 1882 2039 2040
4130 2 2 1 1 1882 2040 1883
4131 2 2 1 1 1883 2040 2041
4132 2 2 1 1 1883 2041 1884
4133 2 2 1 1 1884 2041 2042
4134 2 2 1 1 1884 2042 1885
4135 2 2 1 1 1885 2042 2043
4136 2 2 1 1 1885 2043 1886
4137 2 2 1 1 1886 2043 2044
4138 2 2 1 1 1886 2044 1887
4139 2 2 1 1 1887 2044 2045
4140 2 2 1 1 1887 2045 1888
4141 2 2 1 1 1888 2045 2046
4142 2 2 1 1 1888 2046 1889
4143 2 2 1 1 1889 2046 2047
4144 2 2 1 1 1889 2047 1890
4145 2 2 1 1 1890 2047 2048
4146 2 2 1 1 1890 2048 1891
4147 2 2 1 1 1891 2048 2049
4148 2 2 1 1 1891 2049 1892
4149 2 2 1 1 1892 2049 2050
4150 2 2 1 1 1892 2050 1893
4151 2 2 1 1 1893 2050 2051
4152 2 2 1 1 1893 2051 1894
4153 2 2 1 1 1894 2051 2052
4154 2 2 1 1 1894 2052 1895
4155 2 2 1 1 1895 2052 2053
4156 2 2 1 1 1895 2053 1896
4157 2 2 1 1 1896 2053 2054
4158 2 2 1 1 1896 2054 1897
4159 2 2 1 1 1897 2054 2055
4160 2 2 1 1 1897 2055 1898
4161 2 2 1 1 1898 2055 2056
4162 2 2 1 1 1898 2056 1899
4163 2 2 1 1 1899 2056 2057
4164 2 2 1 1 1899 2057 1900
4165 2 2 1 1 1900 2057 2058
4166 2 2 1 1 1900 2058 1901
4167 2 2 1 1 1901 2058 2059
4168 2 2 1 1 1901 2059 1750
4169 2 2 1 1 1750 2059 1902
4170 2 2 1 1 1902 2060 2061
4171 2 2 1 1 1902 2061 1903
4172 2 2 1 1 1903 2061 2062
4173 2 2 1 1 1903 2062 1904
4174 2 2 1 1 1904 2062 2063
4175 2 2 1 1 1904 2063 1905
4176 2 2 1 1 1905 2063 2064
4177 2 2 1 1 1905 2064 1906
4178 2 2 1 1 1906 2064 2065
4179 2 2 1 1 1906 2065 1907
4180 2 2 1 1 1907 2065 2066
4181 2 2 1 1 1907 2066 1908
4182 2 2 1 1 1908 2066 2067
4183 2 2 1 1 1908 2067 1909
4184 2 2 1 1 1909 2067 2068
4185 2 2 1 1 1909 2068 1910
4186 2 2 1 1 1910 2068 2069
4187 2 2 1 1 1910 2069 1911
4188 2 2 1 1 1911 2069 2070
4189 2 2 1 1 1911 2070 1912
4190 2 2 1 1 1912 2070 2071
4191 2 2 1 1 1912 2071 1913
4192 2 2 1 1 1913 2071 2072
4193 2 2 1 1 1913 2072 1914
4194 2 2 1 1 1914 2072 2073
4195 2 2 1 1 1914 2073 1915
4196 2 2 1 1 1915 2073 2074
4197 2 2 1 1 1915 2074 1916
4198 2 2 1 1 1916 2074 2075
4199 2 2 1 1 1916 2075 1917
4200 2 2 1 1 1917 2075 2076
4201 2 2 1 1 1917 2076 1918
4202 2 2 1 1 1918 2076 2077
4203 2 2 1 1 1918 2077 1919
4204 2 2 1 1 1919 2077 2078
4205 2 2 1 1 1919 2078 1920
4206 2 2 1 1 1920 2078 2079
4207 2 2 1 1 1920 2079 1921
4208 2 2 1 1 1921 2079 2080
4209 2 2 1 1 1921 2080 1922
4210 2 2 1 1 1922 2080 2081
4211 2 2 1 1 1922 2081 1923
4212 2 2 1 1 1923 2081 2082
4213 2 2 1 1 1923 2082 1924
4214 2 2 1 1 1924 2082 2083
4215 2 2 1 1 1924 2083 2084
4216 2 2 1 1 1924 2084 1925
4217 2 2 1 1 1925 2084 2085
4218 2 2 1 1 1925 2085 1926
4219 2 2 1 1 1926 2085 2086
4220 2 2 1 1 1926 2086 1927
4221 2 2 1 1 1927 2086 2087
4222 2 2 1 1 1927 2087 1928
4223 2 2 1 1 1928 2087 2088
4224 2 2 1 1 1928 2088 1929
4225 2 2 1 1 1929 2088 2089
4226 2 2 1 1 1929 2089 1930
4227 2 2 1 1 1930 2089 2090
4228 2 2 1 1 1930 2090 1931
4229 2 2 1 1 1931 2090 2091
4230 2 2 1 1 1931 2091 1932
4231 2 2 1 1 1932 2091 2092
4232 2 2 1 1 1932 2092 1933
4233 2 2 1 1 1933 2092 2093
4234 2 2 1 1 1933 2093 1934
4235 2 2 1 1 1934 2093 2094
4236 2 2 1 1 1934 2094 1935
4237 2 2 1 1 1935 2094 2095
4238 2 2 1 1 1935 2095 1936
4239 2 2 1 1 1936 2095 2096
4240 2 2 1 1 1936 2096 1937
4241 2 2 1 1 1937 2096 2097
4242 2 2 1 1 1937 2097 1938
4243 2 2 1 1 1938 2097 2098
4244 2 2 1 1 1938 2098 1939
4245 2 2 1 1 1939 2098 2099
4246 2 2 1 1 1939 2099 1940
4247 2 2 1 1 1940 2099 2100
4248 2 2 1 1 1940 2100 1941
4249 2 2 1 1 1941 2100 2101
4250 2 2 1 1 1941 2101 1942
4251 2 2 1 1 1942 2101 2102
4252 2 2 1 1 1942 2102 1943
4253 2 2 1 1 1943 2102 2103
4254 2 2 1 1 1943 2103 1944
4255 2 2 1 1 1944 2103 2104
4256 2 2 1 1 1944 2104 1945
4257 2 2 1 1 1945 2104 2105
4258 2 2 1 1 1945 2105 1946
4259 2 2 1 1 1946 2105 2106
4260 2 2 1 1 1946 2106 1947
4261 2 2 1 1 1947 2106 2107
4262 2 2 1 1 1947 2107 2108
4263 2 2 1 1 1947 2108 1948
4264 2 2 1 1 1948 2108 2109
4265 2 2 1 1 1948 2109 1949
4266 2 2 1 1 1949 2109 2110
4267 2 2 1 1 1949 2110 1950
4268 2 2 1 1 1950 2110 2111
4269 2 2 1 1 1950 2111 1951
4270 2 2 1 1 1951 2111 2112
4271 2 2 1 1 1951 2112 1952
4272 2 2 1 1 1952 2112 2113
4273 2 2 1 1 1952 2113 1953
4274 2 2 1 1 1953 2113 2114
4275 2 2 1 1 1953 2114 1954
4276 2 2 1 1 1954 2114 2115
4277 2 2 1 1 1954 2115 1955
4278 2 2 1 1 1955 2115 2116
4279 2 2 1 1 1955 2116 1956
4280 2 2 1 1 1956 2116 2117
4281 2 2 1 1 1956 2117 1957
4282 2 2 1 1 1957 2117 2118
4283 2 2 1 1 1957 2118 1958
4284 2 2 1 1 1958 2118 2119
4285 2 2 1 1 1958 2119 1959
4286 2 2 1 1 1959 2119 2120
4287 2 2 1 1 1959 2120 1960
4288 2 2 1 1 1960 2120 2121
4289 2 2 1 1 1960 2121 1961
4290 2 2 1 1 1961 2121 2122
4291 2 2 1 1 1961 2122 1962
4292 2 2 1 1 1962 2122 2123
4293 2 2 1 1 1962 2123 1963
4294 2 2 1 1 1963 2123 2124
4295 2 2 1 1 1963 2124 1964
4296 2 2 1 1 1964 2124 2125
4297 2 2 1 1 1964 2125 1965
4298 2 2 1 1 1965 2125 2126
4299 2 2 1 1 1965 2126 1966
4300 2 2 1 1 1966 2126 2127
4301 2 2 1 1 1966 2127 1967
4302 2 2 1 1 1967 2127 2128
4303 2 2 1 1 1967 2128 1968
4304 2 2 1 1 1968 2128 2129
4305 2 2 1 1 1968 2129 1969
4306 2 2 1 1 1969 2129 2130
4307 2 2 1 1 1969 2130 2131
4308 2 2 1 1 1969 2131 1970
4309 2 2 1 1 1970 2131 2132
4310 2 2 1 1 1970 2132 1971
4311 2 2 1 1 1971 2132 2133
4312 2 2 1 1 1971 2133 1972
4313 2 2 1 1 1972 2133 2134
4314 2 2 1 1 1972 2134 1973
4315 2 2 1 1 1973 2134 2135
4316 2 2 1 1 1973 2135 1974
4317 2 2 1 1 1974 2135 2136
4318 2 2 1 1 1974 2136 1975
4319 2 2 1 1 1975 2136 2137
4320 2 2 1 1 1975 2137 1976
4321 2 2 1 1 1976 2137 2138
4322 2 2 1 1 1976 2138 1977
4323 2 2 1 1 1977 2138 2139
4324 2 2 1 1 1977 2139 1978
4325 2 2 1 1 1978 2139 2140
4326 2 2 1 1 1978 2140 1979
4327 2 2 1 1 1979 2140 2141
4328 2 2 1 1 1979 2141 1980
4329 2 2 1 1 1980 2141 2142
4330 2 2 1 1 1980 2142 1981
4331 2 2 1 1 1981 2142 2143
4332 2 2 1 1 1981 2143 1982
4333 2 2 1 1 1982 2143 2144
4334 2 2 1 1 1982 2144 1983
4335 2 2 1 1 1983 2144 2145
4336 2 2 1 1 1983 2145 1984
4337 2 2 1 1 1984 2145 2146
4338 2 2 1 1 1984 2146 1985
4339 2 2 1 1 1985 2146 2147
4340 2 2 1 1 1985 2147 1986
4341 2 2 1 1 1986 2147 2148
4342 2 2 1 1 1986 2148 1987
4343 2 2 1 1 1987 2148 2149
4344 2 2 1 1 1987 2149 1988
4345 2 2 1 1 1988 2149 2150
4346 2 2 1 1 1988 2150 1989
4347 2 2 1 1 1989 2150 2151
4348 2 2 1 1 1989 2151 1990
4349 2 2 1 1 1990 2151 2152
4350 2 2 1 1 1990 2152 1991
4351 2 2 1 1 1991 2152 2153
4352 2 2 1 1 1991 2153 1992
4353 2 2 1 1 1992 2153 2154
4354 2 2 1 1 1992 2154 2155
4355 2 2 1 1 1992 2155 1993
4356 2 2 1 1 1993 2155 2156
4357 2 2 1 1 1993 2156 1994
4358 2 2 1 1 1994 2156 2157
4359 2 2 1 1 1994 2157 1995
4360 2 2 1 1 1995 2157 2158
4361 2 2 1 1 1995 2158 1996
4362 2 2 1 1 1996 2158 2159
4363 2 2 1 1 1996 2159 1997
4364 2 2 1 1 1997 2159 2160
4365 2 2 1 1 1997 2160 1998
4366 2 2 1 1 1998 2160 2161
4367 2 2 1 1 1998 2161 1999
4368 2 2 1 1 1999 2161 2162
4369 2 2 1 1 1999 2162 2000
4370 2 2 1 1 2000 2162 2163
4371 2 2 1 1 2000 2163 2001
4372 2 2 1 1 2001 2163 2164
4373 2 2 1 1 2001 2164 2002
4374 2 2 1 1 2002 2164 2165
4375 2 2 1 1 2002 2165 2003
4376 2 2 1 1 2003 2165 2166
4377 2 2 1 1 2003 2166 2004
4378 2 2 1 1 2004 2166 2167
4379 2 2 1 1 2004 2167 2005
4380 2 2 1 1 2005 2167 2168
4381 2 2 1 1 2005 2168 2006
4382 2 2 1 1 2006 2168 2169
4383 2 2 1 1 2006 2169 2007
4384 2 2 1 1 2007 2169 2170
4385 2 2 1 1 2007 2170 2008
4386 2 2 1 1 2008 2170 2171
4387 2 2 1 1 2008 2171 2009
4388 2 2 1 1 2009 2171 2172
4389 2 2 1 1 2009 2172 2010
4390 2 2 1 1 2010 2172 2173
4391 2 2 1 1 2010 2173 2011
4392 2 2 1 1 2011 2173 2174
4393 2 2 1 1 2011 2174 2012
4394 2 2 1 1 2012 2174 2175
4395 2 2 1 1 2012 2175 2013
4396 2 2 1 1 2013 2175 2176
4397 2 2 1 1 2013 2176 2014
4398 2 2 1 1 2014 2176 2177
4399 2 2 1 1 2014 2177 2178
4400 2 2 1 1 2014 2178 2015
4401 2 2 1 1 2015 2178 2179
4402 2 2 1 1 2015 2179 2016
4403 2 2 1 1 2016 2179 2180
4404 2 2 1 1 2016 2180 2017
4405 2 2 1 1 2017 2180 2181
4406 2 2 1 1 2017 2181 2018
4407 2 2 1 1 2018 2181 2182
4408 2 2 1 1 2018 2182 2019
4409 2 2 1 1 2019 2182 2183
4410 2 2 1 1 2019 2183 2020
4411 2 2 1 1 2020 2183 2184
4412 2 2 1 1 2020 2184 2021
4413 2 2 1 1 2021 2184 2185
4414 2 2 1 1 2021 2185 2022
4415 2 2 1 1 2022 2185 2186
4416 2 2 1 1 2022 2186 2023
4417 2 2 1 1 2023 2186 2187
4418 2 2 1 1 2023 2187 2024
4419 2 2 1 1 2024 2187 2188
4420 2 2 1 1 2024 2188 2025
4421 2 2 1 1 2025 2188 2189
4422 2 2 1 1 2025 2189 2026
4423 2 2 1 1 2026 2189 2190
4424 2 2 1 1 2026 2190 2027
4425 2 2 1 1 2027 2190 2191
4426 2 2 1 1 2027 2191 2028
4427 2 2 1 1 2028 2191 2192
4428 2 2 1 1 2028 2192 2029
4429 2 2 1 1 2029 2192 2193
4430 2 2 1 1 2029 2193 2030
4431 2 2 1 1 2030 2193 2194
4432 2 2 1 1 2030 2194 2031
4433 2 2 1 1 2031 2194 2195
4434 2 2 1 1 2031 2195 2032
4435 2 2 1 1 2032 2195 2196
4436 2 2 1 1 2032 2196 2033
4437 2 2 1 1 2033 2196 2197
4438 2 2 1 1 2033 2197 2034
4439 2 2 1 1 2034 2197 2198
4440 2 2 1 1 2034 2198 2035
4441 2 2 1 1 2035 2198 2199
4442 2 2 1 1 2035 2199 2036
4443 2 2 1 1 2036 2199 2200
4444 2 2 1 1 2036 2200 2037
4445 2 2 1 1 2037 2200 2201
4446 2 2 1 1 2037 2201 2202
4447 2 2 1 1 2037 2202 2038
4448 2 2 1 1 2038 2202 2203
4449 2 2 1 1 2038 2203 2039
4450 2 2 1 1 2039 2203 2204
4451 2 2 1 1 2039 2204 2040
4452 2 2 1 1 2040 2204 2205
4453 2 2 1 1 2040 2205 2041
4454 2 2 1 1 2041 2205 2206
4455 2 2 1 1 2041 2206 2042
4456 2 2 1 1 2042 2206 2207
4457 2 2 1 1 2042 2207 2043
4458 2 2 1 1 2043 2207 2208
4459 2 2 1 1 2043 2208 2044
4460 2 2 1 1 2044 2208 2209
4461 2 2 1 1 2044 2209 2045
4462 2 2 1 1 2045 2209 2210
4463 2 2 1 1 2045 2210 2046
4464 2 2 1 1 2046 2210 2211
4465 2 2 1 1 2046 2211 2047
4466 2 2 1 1 2047 2211 2212
4467 2 2 1 1 2047 2212 2048
4468 2 2 1 1 2048 2212 2213
4469 2 2 1 1 2048 2213 2049
4470 2 2 1 1 2049 2213 2214
4471 2 2 1 1 2049 2214 2050
4472 2 2 1 1 2050 2214 2215
4473 2 2 1 1 2050 2215 2051
4474 2 2 1 1 2051 2215 2216
4475 2 2 1 1 2051 2216 2052
4476 2 2 1 1 2052 2216 2217
4477 2 2 1 1 2052 2217 2053
4478 2 2 1 1 2053 2217 2218
4479 2 2 1 1 2053 2218 2054
4480 2 2 1 1 2054 2218 2219
4481 2 2 1 1 2054 2219 2055
4482 2 2 1 1 2055 2219 2220
4483 2 2 1 1 2055 2220 2056
4484 2 2 1 1 2056 2220 2221
4485 2 2 1 1 2056 2221 2057
4486 2 2 1 1 2057 2221 2222
4487 2 2 1 1 2057 2222 2058
4488 2 2 1 1 2058 2222 2223
4489 2 2 1 1 2058 2223 2059
4490 2 2 1 1 2059 2223 2224
4491 2 2 1 1 2059 2224 1902
4492 2 2 1 1 1902 2224 2060
4493 2 2 1 1 2060 2225 2226
4494 2 2 1 1 2060 2226 2061
4495 2 2 1 1 2061 2226 2227
4496 2 2 1 1 2061 2227 2062
4497 2 2 1 1 2062 2227 2228
4498 2 2 1 1 2062 2228 2063
4499 2 2 1 1 2063 2228 2229
4500 2 2 1 1 2063 2229 2064
4501 2 2 1 1 2064 2229 2230
4502 2 2 1 1 2064 2230 2065
4503 2 2 1 1 2065 2230 2231
4504 2 2 1 1 2065 2231 2066
4505 2 2 1 1 2066 2231 2232
4506 2 2 1 1 2066 2232 2067
4507 2 2 1 1 2067 2232 2233
4508 2 2 1 1 2067 2233 2068
4509 2 2 1 1 2068 2233 2234
4510 2 2 1 1 2068 2234 2069
4511 2 2 1 1 2069 2234 2235
4512 2 2 1 1 2069 2235 2070
4513 2 2 1 1 2070 2235 2236
4514 2 2 1 1 2070 2236 2071
4515 2 2 1 1 2071 2236 2237
4516 2 2 1 1 2071 2237 2072
4517 2 2 1 1 2072 2237 2238
4518 2 2 1 1 2072 2238 2073
4519 2 2 1 1 2073 2238 2239
4520 2 2 1 1 2073 2239 2074
4521 2 2 1 1 2074 2239 2240
4522 2 2 1 1 2074 2240 2075
4523 2 2 1 1 2075 2240 2241
4524 2 2 1 1 2075 2241 2076
4525 2 2 1 1 2076 2241 2242
4526 2 2 1 1 2076 2242 2077
4527 2 2 1 1 2077 2242 2243
4528 2 2 1 1 2077 2243 2078
4529 2 2 1 1 2078 2243 2244
4530 2 2 1 1 2078 2244 2079
4531 2 2 1 1 2079 2244 2245
4532 2 2 1 1 2079 2245 2080
4533 2 2 1 1 2080 2245 2246
4534 2 2 1 1 2080 2246 2081
4535 2 2 1 1 2081 2246 2247
4536 2 2 1 1 2081 2247 2082
4537 2 2 1 1 2082 2247 2248
4538 2 2 1 1 2082 2248 2083
4539 2 2 1 1 2083 2248 2249
4540 2 2 1 1 2083 2249 2084
4541 2 2 1 1 2084 2249 2250
4542 2 2 1 1 2084 2250 2085
4543 2 2 1 1 2085 2250 2251
4544 2 2 1 1 2085 2251 2086
4545 2 2 1 1 2086 2251 2252
4546 2 2 1 1 2086 2252 2087
4547 2 2 1 1 2087 2252 2253
4548 2 2 1 1 2087 2253 2254
4549 2 2 1 1 2087 2254 2088
4550 2 2 1 1 2088 2254 2255
4551 2 2 1 1 2088 2255 2089
4552 2 2 1 1 2089 2255 2256
4553 2 2 1 1 2089 2256 2090
4554 2 2 1 1 2090 2256 2257
4555 2 2 1 1 2090 2257 2091
4556 2 2 1 1 2091 2257 2258
4557 2 2 1 1 2091 2258 2092
4558 2 2 1 1 2092 2258 2259
4559 2 2 1 1 2092 2259 2093
4560 2 2 1 1 2093 2259 2260
4561 2 2 1 1 2093 2260 2094
4562 2 2 1 1 2094 2260 2261
4563 2 2 1 1 2094 2261 2095
4564 2 2 1 1 2095 2261 2262
4565 2 2 1 1 2095 2262 2096
4566 2 2 1 1 2096 2262 2263
4567 2 2 1 1 2096 2263 2097
4568 2 2 1 1 2097 2263 2264
4569 2 2 1 1 2097 2264 2098
4570 2 2 1 1 2098 2264 2265
4571 2 2 1 1 2098 2265 2099
4572 2 2 1 1 2099 2265 2266
4573 2 2 1 1 2099 2266 2100
4574 2 2 1 1 2100 2266 2267
4575 2 2 1 1 2100 2267 2101
4576 2 2 1 1 2101 2267 2268
4577 2 2 1 1 2101 2268 2102
4578 2 2 1 1 2102 2268 2269
4579 2 2 1 1 2102 2269 2103
4580 2 2 1 1 2103 2269 2270
4581 2 2 1 1 2103 2270 2104
4582 2 2 1 1 2104 2270 2271
4583 2 2 1 1 2104 2271 2105
4584 2 2 1 1 2105 2271 2272
4585 2 2 1 1 2105 2272 2106
4586 2 2 1 1 2106 2272 2273
4587 2 2 1 1 2106 2273 2107
4588 2 2 1 1 2107 2273 2274
4589 2 2 1 1 2107 2274 2108
4590 2 2 1 1 2108 2274 2275
4591 2 2 1 1 2108 2275 2109
4592 2 2 1 1 2109 2275 2276
4593 2 2 1 1 2109 2276 2110
4594 2 2 1 1 2110 2276 2277
4595 2 2 1 1 2110 2277 2111
4596 2 2 1 1 2111 2277 2278
4597 2 2 1 1 2111 2278 2112
4598 2 2 1 1 2112 2278 2279
4599 2 2 1 1 2112 2279 2113
4600 2 2 1 1 2113 2279 2280
4601 2 2 1 1 2113 2280 2114
4602 2 2 1 1 2114 2280 2281
4603 2 2 1 1 2114 2281 2115
4604 2 2 1 1 2115 2281 2282
4605 2 2 1 1 2115 2282 2283
4606 2 2 1 1 2115 2283 2116
4607 2 2 1 1 2116 2283 2284
4608 2 2 1 1 2116 2284 2117
4609 2 2 1 1 2117 2284 2285
4610 2 2 1 1 2117 2285 2118
4611 2 2 1 1 2118 2285 2286
4612 2 2 1 1 2118 2286 2119
4613 2 2 1 1 2119 2286 2287
4614 2 2 1 1 2119 2287 2120
4615 2 2 1 1 2120 2287 2288
4616 2 2 1 1 2120 2288 2121
4617 2 2 1 1 2121 2288 2289
4618 2 2 1 1 2121 2289 2122
4619 2 2 1 1 2122 2289 2290
4620 2 2 1 1 2122 2290 2123
4621 2 2 1 1 2123 2290 2291
4622 2 2 1 1 2123 2291 2124
4623 2 2 1 1 2124 2291 2292
4624 2 2 1 1 2124 2292 2125
4625 2 2 1 1 2125 2292 2293
4626 2 2 1 1 2125 2293 2126
4627 2 2 1 1 2126 2293 2294
4628 2 2 1 1 2126 2294 2127
4629 2 2 1 1 2127 2294 2295
4630 2 2 1 1 2127 2295 2128
4631 2 2 1 1 2128 2295 2296
4632 2 2 1 1 2128 2296 2129
4633 2 2 1 1 2129 2296 2297
4634 2 2 1 1 2129 2297 2130
4635 2 2 1 1 2130 2297 2298
4636 2 2 1 1 2130 2298 2131
4637 2 2 1 1 2131 2298 2299
4638 2 2 1 1 2131 2299 2132
4639 2 2 1 1 2132 2299 2300
4640 2 2 1 1 2132 2300 2133
4641 2 2 1 1 2133 2300 2301
4642 2 2 1 1 2133 2301 2134
4643 2 2 1 1 2134 2301 2302
4644 2 2 1 1 2134 2302 2135
4645 2 2 1 1 2135 2302 2303
4646 2 2 1 1 2135 2303 2136
4647 2 2 1 1 2136 2303 2304
4648 2 2 1 1 2136 2304 2137
4649 2 2 1 1 2137 2304 2305
4650 2 2 1 1 2137 2305 2138
4651 2 2 1 1 2138 2305 2306
4652 2 2 1 1 2138 2306 2139
4653 2 2 1 1 2139 2306 2307
4654 2 2 1 1 2139 2307 2140
4655 2 2 1 1 2140 2307 2308
4656 2 2 1 1 2140 2308 2141
4657 2 2 1 1 2141 2308 2309
4658 2 2 1 1 2141 2309 2142
4659 2 2 1 1 2142 2309 2310
4660 2 2 1 1 2142 2310 2311
4661 2 2 1 1 2142 2311 2143
4662 2 2 1 1 2143 2311 2312
4663 2 2 1 1 2143 2312 2144
4664 2 2 1 1 2144 2312 2313
4665 2 2 1 1 2144 2313 2145
4666 2 2 1 1 2145 2313 2314
4667 2 2 1 1 2145 2314 2146
4668 2 2 1 1 2146 2314 2315
4669 2 2 1 1 2146 2315 2147
4670 2 2 1 1 2147 2315 2316
4671 2 2 1 1 2147 2316 2148
4672 2 2 1 1 2148 2316 2317
4673 2 2 1 1 2148 2317 2149
4674 2 2 1 1 2149 2317 2318
4675 2 2 1 1 2149 2318 2150
4676 2 2 1 1 2150 2318 2319
4677 2 2 1 1 2150 2319 2151
4678 2 2 1 1 2151 2319 2320
4679 2 2 1 1 2151 2320 2152
4680 2 2 1 1 2152 2320 2321
4681 2 2 1 1 2152 2321 2153
4682 2 2 1 1 2153 2321 2322
4683 2 2 1 1 2153 2322 2154
4684 2 2 1 1 2154 2322 2323
4685 2 2 1 1 2154 2323 2155
4686 2 2 1 1 2155 2323 2324
4687 2 2 1 1 2155 2324 2156
4688 2 2 1 1 2156 2324 2325
4689 2 2 1 1 2156 2325 2157
4690 2 2 1 1 2157 2325 2326
4691 2 2 1 1 2157 2326 2158
4692 2 2 1 1 2158 2326 2327
4693 2 2 1 1 2158 2327 2159
4694 2 2 1 1 2159 2327 2328
4695 2 2 1 1 2159 2328 2160
4696 2 2 1 1 2160 2328 2329
4697 2 2 1 1 2160 2329 2161
4698 2 2 1 1 2161 2329 2330
4699 2 2 1 1 2161 2330 2162
4700 2 2 1 1 2162 2330 2331
4701 2 2 1 1 2162 2331 2163
4702 2 2 1 1 2163 2331 2332
4703 2 2 1 1 2163 2332 2164
4704 2 2 1 1 2164 2332 2333
4705 2 2 1 1 2164 2333 2165
4706 2 2 1 1 2165 2333 2334
4707 2 2 1 1 2165 2334 2166
4708 2 2 1 1 2166 2334 2335
4709 2 2 1 1 2166 2335 2167
4710 2 2 1 1 2167 2335 2336
4711 2 2 1 1 2167 2336 2168
4712 2 2 1 1 2168 2336 2337
4713 2 2 1 1 2168 2337 2169
4714 2 2 1 1 2169 2337 2338
4715 2 2 1 1 2169 2338 2170
4716 2 2 1 1 2170 2338 2339
4717 2 2 1 1 2170 2339 2340
4718 2 2 1 1 2170 2340 2171
4719 2 2 1 1 2171 2340 2341
4720 2 2 1 1 2171 2341 2172
4721 2 2 1 1 2172 2341 2342
4722 2 2 1 1 2172 2342 2173
4723 2 2 1 1 2173 2342 2343
4724 2 2 1 1 2173 2343 2174
4725 2 2 1 1 2174 2343 2344
4726 2 2 1 1 2174 2344 2175
4727 2 2 1 1 2175 2344 2345
4728 2 2 1 1 2175 2345 2176
4729 2 2 1 1 2176 2345 2346
4730 2 2 1 1 2176 2346 2177
4731 2 2 1 1 2177 2346 2347
4732 2 2 1 1 2177 2347 2178
4733 2 2 1 1 2178 2347 2348
4734 2 2 1 1 2178 2348 2179
4735 2 2 1 1 2179 2348 2349
4736 2 2 1 1 2179 2349 2180
4737 2 2 1 1 2180 2349 2350
4738 2 2 1 1 2180 2350 2181
4739 2 2 1 1 2181 2350 2351
4740 2 2 1 1 2181 2351 2182
4741 2 2 1 1 2182 2351 2352
4742 2 2 1 1 2182 2352 2183
4743 2 2 1 1 2183 2352 2353
4744 2 2 1 1 2183 2353 2184
4745 2 2 1 1 2184 2353 2354
4746 2 2 1 1 2184 2354 2185
4747 2 2 1 1 2185 2354 2355
4748 2 2 1 1 2185 2355 2186
4749 2 2 1 1 2186 2355 2356
4750 2 2 1 1 2186 2356 2187
4751 2 2 1 1 2187 2356 2357
4752 2 2 1 1 2187 2357 2188
4753 2 2 1 1 2188 2357 2358
4754 2 2 1 1 2188 2358 2189
4755 2 2 1 1 2189 2358 2359
4756 2 2 1 1 2189 2359 2190
4757 2 2 1 1 2190 2359 2360
4758 2 2 1 1 2190 2360 2191
4759 2 2 1 1 2191 2360 2361
4760 2 2 1 1 2191 2361 2192
4761 2 2 1 1 2192 2361 2362
4762 2 2 1 1 2192 2362 2193
4763 2 2 1 1 2193 2362 2363
4764 2 2 1 1 2193 2363 2194
4765 2 2 1 1 2194 2363 2364
4766 2 2 1 1 2194 2364 2195
4767 2 2 1 1 2195 2364 2365
4768 2 2 1 1 2195 2365 2196
4769 2 2 1 1 2196 2365 2366
4770 2 2 1 1 2196 2366 2197
4771 2 2 1 1 2197 2366 2367
4772 2 2 1 1 2197 2367 2368
4773 2 2 1 1 2197 2368 2198
4774 2 2 1 1 2198 2368 2369
4775 2 2 1 1 2198 2369 2199
4776 2 2 1 1 2199 2369 2370
4777 2 2 1 1 2199 2370 2200
4778 2 2 1 1 2200 2370 2371
4779 2 2 1 1 2200 2371 2201
4780 2 2 1 1 2201 2371 2372
4781 2 2 1 1 2201 2372 2202
4782 2 2 1 1 2202 2372 2373
4783 2 2 1 1 2202 2373 2203
4784 2 2 1 1 2203 2373 2374
4785 2 2 1 1 2203 2374 2204
4786 2 2 1 1 2204 2374 2375
4787 2 2 1 1 2204 2375 2205
4788 2 2 1 1 2205 2375 2376
4789 2 2 1 1 2205 2376 2206
4790 2 2 1 1 2206 2376 2377
4791 2 2 1 1 2206 2377 2207
4792 2 2 1 1 2207 2377 2378
4793 2 2 1 1 2207 2378 2208
4794 2 2 1 1 2208 2378 2379
4795 2 2 1 1 2208 2379 2209
4796 2 2 1 1 2209 2379 2380
4797 2 2 1 1 2209 2380 2210
4798 2 2 1 1 2210 2380 2381
4799 2 2 1 1 2210 2381 2211
4800 2 2 1 1 2211 2381 2382
4801 2 2 1 1 2211 2382 2212
4802 2 2 1 1 2212 2382 2383
4803 2 2 1 1 2212 2383 2213
4804 2 2 1 1 2213 2383 2384
4805 2 2 1 1 2213 2384 2214
4806 2 2 1 1 2214 2384 2385
4807 2 2 1 1 2214 2385 2215
4808 2 2 1 1 2215 2385 2386
4809 2 2 1 1 2215 2386 2216
4810 2 2 1 1 2216 2386 2387
4811 2 2 1 1 2216 2387 2217
4812 2 2 1 1 2217 2387 2388
4813 2 2 1 1 2217 2388 2218
4814 2 2 1 1 2218 2388 2389
4815 2 2 1 1 2218 2389 2219
4816 2 2 1 1 2219 2389 2390
4817 2 2 1 1 2219 2390 2220
4818 2 2 1 1 2220 2390 2391
4819 2 2 1 1 2220 2391 2221
4820 2 2 1 1 2221 2391 2392
4821 2 2 1 1 2221 2392 2222
4822 2 2 1 1 2222 2392 2393
4823 2 2 1 1 2222 2393 2223
4824 2 2 1 1 2223 2393 2394
4825 2 2 1 1 2223 2394 2224
4826 2 2 1 1 2224 2394 2395
4827 2 2 1 1 2224 2395 2060
4828 2 2 1 1 2060 2395 2225
4829 2 2 1 1 2225 2396 2397
4830 2 2 1 1 2225 2397 2226
4831 2 2 1 1 2226 2397 2398
4832 2 2 1 1 2226 2398 2227
4833 2 2 1 1 2227 2398 2399
4834 2 2 1 1 2227 2399 2228
4835 2 2 1 1 2228 2399 2400
4836 2 2 1 1 2228 2400 2229
4837 2 2 1 1 2229 2400 2401
4838 2 2 1 1 2229 2401 2230
4839 2 2 1 1 2230 2401 2402
4840 2 2 1 1 2230 2402 2231
4841 2 2 1 1 2231 2402 2403
4842 2 2 1 1 2231 2403 2232
4843 2 2 1 1 2232 2403 2404
4844 2 2 1 1 2232 2404 2233
4845 2 2 1 1 2233 2404 2405
4846 2 2 1 1 2233 2405 2234
4847 2 2 1 1 2234 2405 2406
4848 2 2 1 1 2234 2406 2235
4849 2 2 1 1 2235 2406 2407
4850 2 2 1 1 2235 2407 2236
4851 2 2 1 1 2236 2407 2408
4852 2 2 1 1 2236 2408 2237
4853 2 2 1 1 2237 2408 2409
4854 2 2 1 1 2237 2409 2238
4855 2 2 1 1 2238 2409 2410
4856 2 2 1 1 2238 2410 2239
4857 2 2 1 1 2239 2410 2411
4858 2 2 1 1 2239 2411 2240
4859 2 2 1 1 2240 2411 2412
4860 2 2 1 1 2240 2412 2241
4861 2 2 1 1 2241 2412 2413
4862 2 2 1 1 2241 2413 2242
4863 2 2 1 1 2242 2413 2414
4864 2 2 1 1 2242 2414 2243
4865 2 2 1 1 2243 2414 2415
4866 2 2 1 1 2243 2415 2244
4867 2 2 1 1 2244 2415 2416
4868 2 2 1 1 2244 2416 2245
4869 2 2 1 1 2245 2416 2417
4870 2 2 1 1 2245 2417 2246
4871 2 2 1 1 2246 2417 2418
4872 2 2 1 1 2246 2418 2247
4873 2 2 1 1 2247 2418 2419
4874 2 2 1 1 2247 2419 2248
4875 2 2 1 1 2248 2419 2420
4876 2 2 1 1 2248 2420 2249
4877 2 2 1 1 2249 2420 2421
4878 2 2 1 1 2249 2421 2250
4879 2 2 1 1 2250 2421 2422
4880 2 2 1 1 2250 2422 2251
4881 2 2 1 1 2251 2422 2423
4882 2 2 1 1 2251 2423 2252
4883 2 2 1 1 2252 2423 2424
4884 2 2 1 1 2252 2424 2253
4885 2 2 1 1 2253 2424 2425
4886 2 2 1 1 2253 2425 2426
4887 2 2 1 1 2253 2426 2254
4888 2 2 1 1 2254 2426 2427
4889 2 2 1 1 2254 2427 2255
4890 2 2 1 1 2255 2427 2428
4891 2 2 1 1 2255 2428 2256
4892 2 2 1 1 2256 2428 2429
4893 2 2 1 1 2256 2429 2257
4894 2 2 1 1 2257 2429 2430
4895 2 2 1 1 2257 2430 2258
4896 2 2 1 1 2258 2430 2431
4897 2 2 1 1 2258 2431 2259
4898 2 2 1 1 2259 2431 2432
4899 2 2 1 1 2259 2432 2260
4900 2 2 1 1 2260 2432 2433
4901 2 2 1 1 2260 2433 2261
4902 2 2 1 1 2261 2433 2434
4903 2 2 1 1 2261 2434 2262
4904 2 2 1 1 2262 2434 2435
4905 2 2 1 1 2262 2435 2263
4906 2 2 1 1 2263 2435 2436
4907 2 2 1 1 2263 2436 2264
4908 2 2 1 1 2264 2436 2437
4909 2 2 1 1 2264 2437 2265
4910 2 2 1 1 2265 2437 2438
4911 2 2 1 1 2265 2438 2266
4912 2 2 1 1 2266 2438 2439
4913 2 2 1 1 2266 2439 2267
4914 2 2 1 1 2267 2439 2440
4915 2 2 1 1 2267 2440 2268
4916 2 2 1 1 2268 2440 2441
4917 2 2 1 1 2268 2441 2269
4918 2 2 1 1 2269 2441 2442
4919 2 2 1 1 2269 2442 2270
4920 2 2 1 1 2270 2442 2443
4921 2 2 1 1 2270 2443 2271
4922 2 2 1 1 2271 2443 2444
4923 2 2 1 1 2271 2444 2272
4924 2 2 1 1 2272 2444 2445
4925 2 2 1 1 2272 2445 2273
4926 2 2 1 1 2273 2445 2446
4927 2 2 1 1 2273 2446 2274
4928 2 2 1 1 2274 2446 2447
4929 2 2 1 1 2274 2447 2275
4930 2 2 1 1 2275 2447 2448
4931 2 2 1 1 2275 2448 2276
4932 2 2 1 1 2276 2448 2449
4933 2 2 1 1 2276 2449 2277
4934 2 2 1 1 2277 2449 2450
4935 2 2 1 1 2277 2450 2278
4936 2 2 1 1 2278 2450 2451
4937 2 2 1 1 2278 2451 2279
4938 2 2 1 1 2279 2451 2452
4939 2 2 1 1 2279 2452 2280
4940 2 2 1 1 2280 2452 2453
4941 2 2 1 1 2280 2453 2281
4942 2 2 1 1 2281 2453 2454
4943 2 2 1 1 2281 2454 2282
4944 2 2 1 1 2282 2454 2455
4945 2 2 1 1 2282 2455 2456
4946 2 2 1 1 2282 2456 2283
4947 2 2 1 1 2283 2456 2457
4948 2 2 1 1 2283 2457 2284
4949 2 2 1 1 2284 2457 2458
4950 2 2 1 1 2284 2458 2285
4951 2 2 1 1 2285 2458 2459
4952 2 2 1 1 2285 2459 2286
4953 2 2 1 1 2286 2459 2460
4954 2 2 1 1 2286 2460 2287
4955 2 2 1 1 2287 2460 2461
4956 2 2 1 1 2287 2461 2288
4957 2 2 1 1 2288 2461 2462
4958 2 2 1 1 2288 2462 2289
4959 2 2 1 1 2289 2462 2463
4960 2 2 1 1 2289 2463 2290
4961 2 2 1 1 2290 2463 2464
4962 2 2 1 1 2290 2464 2291
4963 2 2 1 1 2291 2464 2465
4964 2 2 1 1 2291 2465 2292
4965 2 2 1 1 2292 2465 2466
4966 2 2 1 1 2292 2466 2293
4967 2 2 1 1 2293 2466 2467
4968 2 2 1 1 2293 2467 2294
4969 2 2 1 1 2294 2467 2468
4970 2 2 1 1 2294 2468 2295
4971 2 2 1 1 2295 2468 2469
4972 2 2 1 1 2295 2469 2296
4973 2 2 1 1 2296 2469 2470
4974 2 2 1 1 2296 2470 2297
4975 2 2 1 1 2297 2470 2471
4976 2 2 1 1 2297 2471 2298
4977 2 2 1 1 2298 2471 2472
4978 2 2 1 1 2298 2472 2299
4979 2 2 1 1 2299 2472 2473
4980 2 2 1 1 2299 2473 2300
4981 2 2 1 1 2300 2473 2474
4982 2 2 1 1 2300 2474 2301
4983 2 2 1 1 2301 2474 2475
4984 2 2 1 1 2301 2475 2302
4985 2 2 1 1 2302 2475 2476
4986 2 2 1 1 2302 2476 2303
4987 2 2 1 1 2303 2476 2477
4988 2 2 1 1 2303 2477 2304
4989 2 2 1 1 2304 2477 2478
4990 2 2 1 1 2304 2478 2305
4991 2 2 1 1 2305 2478 2479
4992 2 2 1 1 2305 2479 2306
4993 2 2 1 1 2306 2479 2480
4994 2 2 1 1 2306 2480 2307
4995 2 2 1 1 2307 2480 2481
4996 2 2 1 1 2307 2481 2308
4997 2 2 1 1 2308 2481 2482
4998 2 2 1 1 2308 2482 2309
4999 2 2 1 1 2309 2482 2483
5000 2 2 1 1 2309 2483 2310
5001 2 2 1 1 2310 2483 2484
5002 2 2 1 1 2310 2484 2485
5003 2 2 1 1 2310 2485 2311
5004 2 2 1 1 2311 2485 2486
5005 2 2 1 1 2311 2486 2312
5006 2 2 1 1 2312 2486 2487
5007 2 2 1 1 2312 2487 2313
5008 2 2 1 1 2313 2487 2488
5009 2 2 1 1 2313 2488 2314
5010 2 2 1 1 2314 2488 2489
5011 2 2 1 1 2314 2489 2315
5012 2 2 1 1 2315 2489 2490
5013 2 2 1 1 2315 2490 2316
5014 2 2 1 1 2316 2490 2491
5015 2 2 1 1 2316 2491 2317
5016 2 2 1 1 2317 2491 2492
5017 2 2 1 1 2317 2492 2318
5018 2 2 1 1 2318 2492 2493
5019 2 2 1 1 2318 2493 2319
5020 2 2 1 1 2319 2493 2494
5021 2 2 1 1 2319 2494 2320
5022 2 2 1 1 2320 2494 2495
5023 2 2 1 1 2320 2495 2321
5024 2 2 1 1 2321 2495 2496
5025 2 2 1 1 2321 2496 2322
5026 2 2 1 1 2322 2496 2497
5027 2 2 1 1 2322 2497 2323
5028 2 2 1 1 2323 2497 2498
5029 2 2 1 1 2323 2498 2324
5030 2 2 1 1 2324 2498 2499
5031 2 2 1 1 2324 2499 2325
5032 2 2 1 1 2325 2499 2500
5033 2 2 1 1 2325 2500 2326
5034 2 2 1 1 2326 2500 2501
5035 2 2 1 1 2326 2501 2327
5036 2 2 1 1 2327 2501 2502
5037 2 2 1 1 2327 2502 2328
5038 2 2 1 1 2328 2502 2503
5039 2 2 1 1 2328 2503 2329
5040 2 2 1 1 2329 2503 2504
5041 2 2 1 1 2329 2504 2330
5042 2 2 1 1 2330 2504 2505
5043 2 2 1 1 2330 2505 2331
5044 2 2 1 1 2331 2505 2506
5045 2 2 1 1 2331 2506 2332
5046 2 2 1 1 2332 2506 2507
5047 2 2 1 1 2332 2507 2333
5048 2 2 1 1 2333 2507 2508
5049 2 2 1 1 2333 2508 2334
5050 2 2 1 1 2334 2508 2509
5051 2 2 1 1 2334 2509 2335
5052 2 2 1 1 2335 2509 2510
5053 2 2 1 1 2335 2510 2336
5054 2 2 1 1 2336 2510 2511
5055 2 2 1 1 2336 2511 2337
5056 2 2 1 1 2337 2511 2512
5057 2 2 1 1 2337 2512 2338
5058 2 2 1 1 2338 2512 2513
5059 2 2 1 1 2338 2513 2339
5060 2 2 1 1 2339 2513 2514
5061 2 2 1 1 2339 2514 2515
5062 2 2 1 1 2339 2515 2340
5063 2 2 1 1 2340 2515 2516
5064 2 2 1 1 2340 2516 2341
5065 2 2 1 1 2341 2516 2517
5066 2 2 1 1 2341 2517 2342
5067 2 2 1 1 2342 2517 2518
5068 2 2 1 1 2342 2518 2343
5069 2 2 1 1 2343 2518 2519
5070 2 2 1 1 2343 2519 2344
5071 2 2 1 1 2344 2519 2520
5072 2 2 1 1 2344 2520 2345
5073 2 2 1 1 2345 2520 2521
5074 2 2 1 1 2345 2521 2346
5075 2 2 1 1 2346 2521 2522
5076 2 2 1 1 2346 2522 2347
5077 2 2 1 1 2347 2522 2523
5078 2 2 1 1 2347 2523 2348
5079 2 2 1 1 2348 2523 2524
5080 2 2 1 1 2348 2524 2349
5081 2 2 1 1 2349 2524 2525
5082 2 2 1 1 2349 2525 2350
5083 2 2 1 1 2350 2525 2526
5084 2 2 1 1 2350 2526 2351
5085 2 2 1 1 2351 2526 2527
5086 2 2 1 1 2351 2527 2352
5087 2 2 1 1 2352 2527 2528
5088 2 2 1 1 2352 2528 2353
5089 2 2 1 1 2353 2528 2529
5090 2 2 1 1 2353 2529 2354
5091 2 2 1 1 2354 2529 2530
5092 2 2 1 1 2354 2530 2355
5093 2 2 1 1 2355 2530 2531
5094 2 2 1 1 2355 2531 2356
5095 2 2 1 1 2356 2531 2532
5096 2 2 1 1 2356 2532 2357
5097 2 2 1 1 2357 2532 2533
5098 2 2 1 1 2357 2533 2358
5099 2 2 1 1 2358 2533 2534
5100 2 2 1 1 2358 2534 2359
5101 2 2 1 1 2359 2534 2535
5102 2 2 1 1 2359 2535 2360
5103 2 2 1 1 2360 2535 2536
5104 2 2 1 1 2360 2536 2361
5105 2 2 1 1 2361 2536 2537
5106 2 2 1 1 2361 2537 2362
5107 2 2 1 1 2362 2537 2538
5108 2 2 1 1 2362 2538 2363
5109 2 2 1 1 2363 2538 2539
5110 2 2 1 1 2363 2539 2364
5111 2 2 1 1 2364 2539 2540
5112 2 2 1 1 2364 2540 2365
5113 2 2 1 1 2365 2540 2541
5114 2 2 1 1 2365 2541 2366
5115 2 2 1 1 2366 2541 2542
5116 2 2 1 1 2366 2542 2367
5117 2 2 1 1 2367 2542 2543
5118 2 2 1 1 2367 2543 2544
5119 2 2 1 1 2367 2544 2368
5120 2 2 1 1 2368 2544 2545
5121 2 2 1 1 2368 2545 2369
5122 2 2 1 1 2369 2545 2546
5123 2 2 1 1 2369 2546 2370
5124 2 2 1 1 2370 2546 2547
5125 2 2 1 1 2370 2547 2371
5126 2 2 1 1 2371 2547 2548
5127 2 2 1 1 2371 2548 2372
5128 2 2 1 1 2372 2548 2549
5129 2 2 1 1 2372 2549 2373
5130 2 2 1 1 2373 2549 2550
5131 2 2 1 1 2373 2550 2374
5132 2 2 1 1 2374 2550 2551
5133 2 2 1 1 2374 2551 2375
5134 2 2 1 1 2375 2551 2552
5135 2 2 1 1 2375 2552 2376
5136 2 2 1 1 2376 2552 2553
5137 2 2 1 1 2376 2553 2377
5138 2 2 1 1 2377 2553 2554
5139 2 2 1 1 2377 2554 2378
5140 2 2 1 1 2378 2554 2555
5141 2 2 1 1 2378 2555 2379
5142 2 2 1 1 2379 2555 2556
5143 2 2 1 1 2379 2556 2380
5144 2 2 1 1 2380 2556 2557
5145 2 2 1 1 2380 2557 2381
5146 2 2 1 1 2381 2557 2558
5147 2 2 1 1 2381 2558 2382
5148 2 2 1 1 2382 2558 2559
5149 2 2 1 1 2382 2559 2383
5150 2 2 1 1 2383 2559 2560
5151 2 2 1 1 2383 2560 2384
5152 2 2 1 1 2384 2560 2561
5153 2 2 1 1 2384 2561 2385
5154 2 2 1 1 2385 2561 2562
5155 2 2 1 1 2385 2562 2386
5156 2 2 1 1 2386 2562 2563
5157 2 2 1 1 2386 2563 2387
5158 2 2 1 1 2387 2563 2564
5159 2 2 1 1 2387 2564 2388
5160 2 2 1 1 2388 2564 2565
5161 2 2 1 1 2388 2565 2389
5162 2 2 1 1 2389 2565 2566
5163 2 2 1 1 2389 2566 2390
5164 2 2 1 1 2390 2566 2567
5165 2 2 1 1 2390 2567 2391
5166 2 2 1 1 2391 2567 2568
5167 2 2 1 1 2391 2568 2392
5168 2 2 1 1 2392 2568 2569
5169 2 2 1 1 2392 2569 2393
5170 2 2 1 1 2393 2569 2570
5171 2 2 1 1 2393 2570 2394
5172 2 2 1 1 2394 2570 2571
5173 2 2 1 1 2394 2571 2395
5174 2 2 1 1 2395 2571 2572
5175 2 2 1 1 2395 2572 2225
5176 2 2 1 1 2225 2572 2396
5177 2 2 1 1 2396 2573 2574
5178 2 2 1 1 2396 2574 2397
5179 2 2 1 1 2397 2574 2575
5180 2 2 1 1 2397 2575 2398
5181 2 2 1 1 2398 2575 2576
5182 2 2 1 1 2398 2576 2399
5183 2 2 1 1 2399 2576 2577
5184 2 2 1 1 2399 2577 2400
5185 2 2 1 1 2400 2577 2578
5186 2 2 1 1 2400 2578 2401
5187 2 2 1 1 2401 2578 2579
5188 2 2 1 1 2401 2579 2402
5189 2 2 1 1 2402 2579 2580
5190 2 2 1 1 2402 2580 2403
5191 2 2 1 1 2403 2580 2581
5192 2 2 1 1 2403 2581 2404
5193 2 2 1 1 2404 2581 2582
5194 2 2 1 1 2404 2582 2405
5195 2 2 1 1 2405 2582 2583
5196 2 2 1 1 2405 2583 2406
5197 2 2 1 1 2406 2583 2584
5198 2 2 1 1 2406 2584 2407
5199 2 2 1 1 2407 2584 2585
5200 2 2 1 1 2407 2585 2408
5201 2 2 1 1 2408 2585 2586
5202 2 2 1 1 2408 2586 2409
5203 2 2 1 1 2409 2586 2587
5204 2 2 1 1 2409 2587 2410
5205 2 2 1 1 2410 2587 2588
5206 2 2 1 1 2410 2588 2411
5207 2 2 1 1 2411 2588 2589
5208 2 2 1 1 2411 2589 2412
5209 2 2 1 1 2412 2589 2590
5210 2 2 1 1 2412 2590 2413
5211 2 2 1 1 2413 2590 2591
5212 2 2 1 1 2413 2591 2414
5213 2 2 1 1 2414 2591 2592
5214 2 2 1 1 2414 2592 2415
5215 2 2 1 1 2415 2592 2593
5216 2 2 1 1 2415 2593 2416
5217 2 2 1 1 2416 2593 2594
5218 2 2 1 1 2416 2594 2417
5219 2 2 1 1 2417 2594 2595
5220 2 2 1 1 2417 2595 2418
5221 2 2 1 1 2418 2595 2596
5222 2 2 1 1 2418 2596 2419
5223 2 2 1 1 2419 2596 2597
5224 2 2 1 1 2419 2597 2420
5225 2 2 1 1 2420 2597 2598
5226 2 2 1 1 2420 2598 2421
5227 2 2 1 1 2421 2598 2599
5228 2 2 1 1 2421 2599 2600
5229 2 2 1 1 2421 2600 2422
5230 2 2 1 1 2422 2600 2601
5231 2 2 1 1 2422 2601 2423
5232 2 2 1 1 2423 2601 2602
5233 2 2 1 1 2423 2602 2424
5234 2 2 1 1 2424 2602 2603
5235 2 2 1 1 2424 2603 2425
5236 2 2 1 1 2425 2603 2604
5237 2 2 1 1 2425 2604 2426
5238 2 2 1 1 2426 2604 2605
5239 2 2 1 1 2426 2605 2427
5240 2 2 1 1 2427 2605 2606
5241 2 2 1 1 2427 2606 2428
5242 2 2 1 1 2428 2606 2607
5243 2 2 1 1 2428 2607 2429
5244 2 2 1 1 2429 2607 2608
5245 2 2 1 1 2429 2608 2430
5246 2 2 1 1 2430 2608 2609
5247 2 2 1 1 2430 2609 2431
5248 2 2 1 1 2431 2609 2610
5249 2 2 1 1 2431 2610 2432
5250 2 2 1 1 2432 2610 2611
5251 2 2 1 1 2432 2611 2433
5252 2 2 1 1 2433 2611 2612
5253 2 2 1 1 2433 2612 2434
5254 2 2 1 1 2434 2612 2613
5255 2 2 1 1 2434 2613 2435
5256 2 2 1 1 2435 2613 2614
5257 2 2 1 1 2435 2614 2436
5258 2 2 1 1 2436 2614 2615
5259 2 2 1 1 2436 2615 2437
5260 2 2 1 1 2437 2615 2616
5261 2 2 1 1 2437 2616 2438
5262 2 2 1 1 2438 2616 2617
5263 2 2 1 1 2438 2617 2439
5264 2 2 1 1 2439 2617 2618
5265 2 2 1 1 2439 2618 2440
5266 2 2 1 1 2440 2618 2619
5267 2 2 1 1 2440 2619 2441
5268 2 2 1 1 2441 2619 2620
5269 2 2 1 1 2441 2620 2442
5270 2 2 1 1 2442 2620 2621
5271 2 2 1 1 2442 2621 2443
5272 2 2 1 1 2443 2621 2622
5273 2 2 1 1 2443 2622 2444
5274 2 2 1 1 2444 2622 2623
5275 2 2 1 1 2444 2623 2445
5276 2 2 1 1 2445 2623 2624
5277 2 2 1 1 2445 2624 2446
5278 2 2 1 1 2446 2624 2625
5279 2 2 1 1 2446 2625 2626
5280 2 2 1 1 2446 2626 2447
5281 2 2 1 1 2447 2626 2627
5282 2 2 1 1 2447 2627 2448
5283 2 2 1 1 2448 2627 2628
5284 2 2 1 1 2448 2628 2449
5285 2 2 1 1 2449 2628 2629
5286 2 2 1 1 2449 2629 2450
5287 2 2 1 1 2450 2629 2630
5288 2 2 1 1 2450 2630 2451
5289 2 2 1 1 2451 2630 2631
5290 2 2 1 1 2451 2631 2452
5291 2 2 1 1 2452 2631 2632
5292 2 2 1 1 2452 2632 2453
5293 2 2 1 1 2453 2632 2633
5294 2 2 1 1 2453 2633 2454
5295 2 2 1 1 2454 2633 2634
5296 2 2 1 1 2454 2634 2455
5297 2 2 1 1 2455 2634 2635
5298 2 2 1 1 2455 2635 2456
5299 2 2 1 1 2456 2635 2636
5300 2 2 1 1 2456 2636 2457
5301 2 2 1 1 2457 2636 2637
5302 2 2 1 1 2457 2637 2458
5303 2 2 1 1 2458 2637 2638
5304 2 2 1 1 2458 2638 2459
5305 2 2 1 1 2459 2638 2639
5306 2 2 1 1 2459 2639 2460
5307 2 2 1 1 2460 2639 2640
5308 2 2 1 1 2460 2640 2461
5309 2 2 1 1 2461 2640 2641
5310 2 2 1 1 2461 2641 2462
5311 2 2 1 1 2462 2641 2642
5312 2 2 1 1 2462 2642 2463
5313 2 2 1 1 2463 2642 2643
5314 2 2 1 1 2463 2643 2464
5315 2 2 1 1 2464 2643 2644
5316 2 2 1 1 2464 2644 2465
5317 2 2 1 1 2465 2644 2645
5318 2 2 1 1 2465 2645 2466
5319 2 2 1 1 2466 2645 2646
5320 2 2 1 1 2466 2646 2467
5321 2 2 1 1 2467 2646 2647
5322 2 2 1 1 2467 2647 2468
5323 2 2 1 1 2468 2647 2648
5324 2 2 1 1 2468 2648 2469
5325 2 2 1 1 2469 2648 2649
5326 2 2 1 1 2469 2649 2470
5327 2 2 1 1 2470 2649 2650
5328 2 2 1 1 2470 2650 2471
5329 2 2 1 1 2471 2650 2651
5330 2 2 1 1 2471 2651 2652
5331 2 2 1 1 2471 2652 2472
5332 2 2 1 1 2472 2652 2653
5333 2 2 1 1 2472 2653 2473
5334 2 2 1 1 2473 2653 2654
5335 2 2 1 1 2473 2654 2474
5336 2 2 1 1 2474 2654 2655
5337 2 2 1 1 2474 2655 2475
5338 2 2 1 1 2475 2655 2656
5339 2 2 1 1 2475 2656 2476
5340 2 2 1 1 2476 2656 2657
5341 2 2 1 1 2476 2657 2477
5342 2 2 1 1 2477 2657 2658
5343 2 2 1 1 2477 2658 2478
5344 2 2 1 1 2478 2658 2659
5345 2 2 1 1 2478 2659 2479
5346 2 2 1 1 2479 2659 2660
5347 2 2 1 1 2479 2660 2480
5348 2 2 1 1 2480 2660 2661
5349 2 2 1 1 2480 2661 2481
5350 2 2 1 1 2481 2661 2662
5351 2 2 1 1 2481 2662 2482
5352 2 2 1 1 2482 2662 2663
5353 2 2 1 1 2482 2663 2483
5354 2 2 1 1 2483 2663 2664
5355 2 2 1 1 2483 2664 2484
5356 2 2 1 1 2484 2664 2665
5357 2 2 1 1 2484 2665 2485
5358 2 2 1 1 2485 2665 2666
5359 2 2 1 1 2485 2666 2486
5360 2 2 1 1 2486 2666 2667
5361 2 2 1 1 2486 2667 2487
5362 2 2 1 1 2487 2667 2668
5363 2 2 1 1 2487 2668 2488
5364 2 2 1 1 2488 2668 2669
5365 2 2 1 1 2488 2669 2489
5366 2 2 1 1 2489 2669 2670
5367 2 2 1 1 2489 2670 2490
5368 2 2 1 1 2490 2670 2671
5369 2 2 1 1 2490 2671 2491
5370 2 2 1 1 2491 2671 2672
5371 2 2 1 1 2491 2672 2492
5372 2 2 1 1 2492 2672 2673
5373 2 2 1 1 2492 2673 2493
5374 2 2 1 1 2493 2673 2674
5375 2 2 1 1 2493 2674 2494
5376 2 2 1 1 2494 2674 2675
5377 2 2 1 1 2494 2675 2495
5378 2 2 1 1 2495 2675 2676
5379 2 2 1 1 2495 2676 2496
5380 2 2 1 1 2496 2676 2677
5381 2 2 1 1 2496 2677 2497
5382 2 2 1 1 2497 2677 2678
5383 2 2 1 1 2497 2678 2679
5384 2 2 1 1 2497 2679 2498
5385 2 2 1 1 2498 2679 2680
5386 2 2 1 1 2498 2680 2499
5387 2 2 1 1 2499 2680 2681
5388 2 2 1 1 2499 2681 2500
5389 2 2 1 1 2500 2681 2682
5390 2 2 1 1 2500 2682 2501
5391 2 2 1 1 2501 2682 2683
5392 2 2 1 1 2501 2683 2502
5393 2 2 1 1 2502 2683 2684
5394 2 2 1 1 2502 2684 2503
5395 2 2 1 1 2503 2684 2685
5396 2 2 1 1 2503 2685 2504
5397 2 2 1 1 2504 2685 2686
5398 2 2 1 1 2504 2686 2505
5399 2 2 1 1 2505 2686 2687
5400 2 2 1 1 2505 2687 2506
5401 2 2 1 1 2506 2687 2688
5402 2 2 1 1 2506 2688 2507
5403 2 2 1 1 2507 2688 2689
5404 2 2 1 1 2507 2689 2508
5405 2 2 1 1 2508 2689 2690
5406 2 2 1 1 2508 2690 2509
5407 2 2 1 1 2509 2690 2691
5408 2 2 1 1 2509 2691 2510
5409 2 2 1 1 2510 2691 2692
5410 2 2 1 1 2510 2692 2511
5411 2 2 1 1 2511 2692 2693
5412 2 2 1 1 2511 2693 2512
5413 2 2 1 1 2512 2693 2694
5414 2 2 1 1 2512 2694 2513
5415 2 2 1 1 2513 2694 2695
5416 2 2 1 1 2513 2695 2514
5417 2 2 1 1 2514 2695 2696
5418 2 2 1 1 2514 2696 2515
5419 2 2 1 1 2515 2696 2697
5420 2 2 1 1 2515 2697 2516
5421 2 2 1 1 2516 2697 2698
5422 2 2 1 1 2516 2698 2517
5423 2 2 1 1 2517 2698 2699
5424 2 2 1 1 2517 2699 2518
5425 2 2 1 1 2518 2699 2700
5426 2 2 1 1 2518 2700 2519
5427 2 2 1 1 2519 2700 2701
5428 2 2 1 1 2519 2701 2520
5429 2 2 1 1 2520 2701 2702
5430 2 2 1 1 2520 2702 2521
5431 2 2 1 1 2521 2702 2703
5432 2 2 1 1 2521 2703 2522
5433 2 2 1 1 2522 2703 2704
5434 2 2 1 1 2522 2704 2705
5435 2 2 1 1 2522 2705 2523
5436 2 2 1 1 2523 2705 2706
5437 2 2 1 1 2523 2706 2524
5438 2 2 1 1 2524 2706 2707
5439 2 2 1 1 2524 2707 2525
5440 2 2 1 1 2525 2707 2708
5441 2 2 1 1 2525 2708 2526
5442 2 2 1 1 2526 2708 2709
5443 2 2 1 1 2526 2709 2527
5444 2 2 1 1 2527 2709 2710
5445 2 2 1 1 2527 2710 2528
5446 2 2 1 1 2528 2710 2711
5447 2 2 1 1 2528 2711 2529
5448 2 2 1 1 2529 2711 2712
5449 2 2 1 1 2529 2712 2530
5450 2 2 1 1 2530 2712 2713
5451 2 2 1 1 2530 2713 2531
5452 2 2 1 1 2531 2713 2714
5453 2 2 1 1 2531 2714 2532
5454 2 2 1 1 2532 2714 2715
5455 2 2 1 1 2532 2715 2533
5456 2 2 1 1 2533 2715 2716
5457 2 2 1 1 2533 2716 2534
5458 2 2 1 1 2534 2716 2717
5459 2 2 1 1 2534 2717 2535
5460 2 2 1 1 2535 2717 2718
5461 2 2 1 1 2535 2718 2536
5462 2 2 1 1 2536 2718 2719
5463 2 2 1 1 2536 2719 2537
5464 2 2 1 1 2537 2719 2720
5465 2 2 1 1 2537 2720 2538
5466 2 2 1 1 2538 2720 2721
5467 2 2 1 1 2538 2721 2539
5468 2 2 1 1 2539 2721 2722
5469 2 2 1 1 2539 2722 2540
5470 2 2 1 1 2540 2722 2723
5471 2 2 1 1 2540 2723 2541
5472 2 2 1 1 2541 2723 2724
5473 2 2 1 1 2541 2724 2542
5474 2 2 1 1 2542 2724 2725
5475 2 2 1 1 2542 2725 2543
5476 2 2 1 1 2543 2725 2726
5477 2 2 1 1 2543 2726 2544
5478 2 2 1 1 2544 2726 2727
5479 2 2 1 1 2544 2727 2545
5480 2 2 1 1 2545 2727 2728
5481 2 2 1 1 2545 2728 2546
5482 2 2 1 1 2546 2728 2729
5483 2 2 1 1 2546 2729 2547
5484 2 2 1 1 2547 2729 2730
5485 2 2 1 1 2547 2730 2731
5486 2 2 1 1 2547 2731 2548
5487 2 2 1 1 2548 2731 2732
5488 2 2 1 1 2548 2732 2549
5489 2 2 1 1 2549 2732 2733
5490 2 2 1 1 2549 2733 2550
5491 2 2 1 1 2550 2733 2734
5492 2 2 1 1 2550 2734 2551
5493 2 2 1 1 2551 2734 2735
5494 2 2 1 1 2551 2735 2552
5495 2 2 1 1 2552 2735 2736
5496 2 2 1 1 2552 2736 2553
5497 2 2 1 1 2553 2736 2737
5498 2 2 1 1 2553 2737 2554
5499 2 2 1 1 2554 2737 2738
5500 2 2 1 1 2554 2738 2555
5501 2 2 1 1 2555 2738 2739
5502 2 2 1 1 2555 2739 2556
5503 2 2 1 1 2556 2739 2740
5504 2 2 1 1 2556 2740 2557
5505 2 2 1 1 2557 2740 2741
5506 2 2 1 1 2557 2741 2558
5507 2 2 1 1 2558 2741 2742
5508 2 2 1 1 2558 2742 2559
5509 2 2 1 1 2559 2742 2743
5510 2 2 1 1 2559 2743 2560
5511 2 2 1 1 2560 2743 2744
5512 2 2 1 1 2560 2744 2561
5513 2 2 1 1 2561 2744 2745
5514 2 2 1 1 2561 2745 2562
5515 2 2 1 1 2562 2745 2746
5516 2 2 1 1 2562 2746 2563
5517 2 2 1 1 2563 2746 2747
5518 2 2 1 1 2563 2747 2564
5519 2 2 1 1 2564 2747 2748
5520 2 2 1 1 2564 2748 2565
5521 2 2 1 1 2565 2748 2749
5522 2 2 1 1 2565 2749 2566
5523 2 2 1 1 2566 2749 2750
5524 2 2 1 1 2566 2750 2567
5525 2 2 1 1 2567 2750 2751
5526 2 2 1 1 2567 2751 2568
5527 2 2 1 1 2568 2751 2752
5528 2 2 1 1 2568 2752 2569
5529 2 2 1 1 2569 2752 2753
5530 2 2 1 1 2569 2753 2570
5531 2 2 1 1 2570 2753 2754
5532 2 2 1 1 2570 2754 2571
5533 2 2 1 1 2571 2754 2755
5534 2 2 1 1 2571 2755 2572
5535 2 2 1 1 2572 2755 2756
5536 2 2 1 1 2572 2756 2396
5537 2 2 1 1 2396 2756 2573
5538 2 2 1 1 2573 2757 2758
5539 2 2 1 1 2573 2758 2574
5540 2 2 1 1 2574 2758 2759
5541 2 2 1 1 2574 2759 2575
5542 2 2 1 1 2575 2759 2760
5543 2 2 1 1 2575 2760 2576
5544 2 2 1 1 2576 2760 2761
5545 2 2 1 1 2576 2761 2577
5546 2 2 1 1 2577 2761 2762
5547 2 2 1 1 2577 2762 2578
5548 2 2 1 1 2578 2762 2763
5549 2 2 1 1 2578 2763 2579
5550 2 2 1 1 2579 2763 2764
5551 2 2 1 1 2579 2764 2580
5552 2 2 1 1 2580 2764 2765
5553 2 2 1 1 2580 2765 2581
5554 2 2 1 1 2581 2765 2766
5555 2 2 1 1 2581 2766 2582
5556 2 2 1 1 2582 2766 2767
5557 2 2 1 1 2582 2767 2583
5558 2 2 1 1 2583 2767 2768
5559 2 2 1 1 2583 2768 2584
5560 2 2 1 1 2584 2768 2769
5561 2 2 1 1 2584 2769 2585
5562 2 2 1 1 2585 2769 2770
5563 2 2 1 1 2585 2770 2586
5564 2 2 1 1 2586 2770 2771
5565 2 2 1 1 2586 2771 2587
5566 2 2 1 1 2587 2771 2772
5567 2 2 1 1 2587 2772 2588
5568 2 2 1 1 2588 2772 2773
5569 2 2 1 1 2588 2773 2589
5570 2 2 1 1 2589 2773 2774
5571 2 2 1 1 2589 2774 2590
5572 2 2 1 1 2590 2774 2775
5573 2 2 1 1 2590 2775 2591
5574 2 2 1 1 2591 2775 2776
5575 2 2 1 1 2591 2776 2592
5576 2 2 1 1 2592 2776 2777
5577 2 2 1 1 2592 2777 2593
5578 2 2 1 1 2593 2777 2778
5579 2 2 1 1 2593 2778 2594
5580 2 2 1 1 2594 2778 2779
5581 2 2 1 1 2594 2779 2595
5582 2 2 1 1 2595 2779 2780
5583 2 2 1 1 2595 2780 2596
5584 2 2 1 1 2596 2780 2781
5585 2 2 1 1 2596 2781 2597
5586 2 2 1 1 2597 2781 2782
5587 2 2 1 1 2597 2782 2598
5588 2 2 1 1 2598 2782 2783
5589 2 2 1 1 2598 2783 2599
5590 2 2 1 1 2599 2783 2784
5591 2 2 1 1 2599 2784 2600
5592 2 2 1 1 2600 2784 2785
5593 2 2 1 1 2600 2785 2601
5594 2 2 1 1 2601 2785 2786
5595 2 2 1 1 2601 2786 2602
5596 2 2 1 1 2602 2786 2787
5597 2 2 1 1 2602 2787 2603
5598 2 2 1 1 2603 2787 2788
5599 2 2 1 1 2603 2788 2789
5600 2 2 1 1 2603 2789 2604
5601 2 2 1 1 2604 2789 2790
5602 2 2 1 1 2604 2790 2605
5603 2 2 1 1 2605 2790 2791
5604 2 2 1 1 2605 2791 2606
5605 2 2 1 1 2606 2791 2792
5606 2 2 1 1 2606 2792 2607
5607 2 2 1 1 2607 2792 2793
5608 2 2 1 1 2607 2793 2608
5609 2 2 1 1 2608 2793 2794
5610 2 2 1 1 2608 2794 2609
5611 2 2 1 1 2609 2794 2795
5612 2 2 1 1 2609 2795 2610
5613 2 2 1 1 2610 2795 2796
5614 2 2 1 1 2610 2796 2611
5615 2 2 1 1 2611 2796 2797
5616 2 2 1 1 2611 2797 2612
5617 2 2 1 1 2612 2797 2798
5618 2 2 1 1 2612 2798 2613
5619 2 2 1 1 2613 2798 2799
5620 2 2 1 1 2613 2799 2614
5621 2 2 1 1 2614 2799 2800
5622 2 2 1 1 2614 2800 2615
5623 2 2 1 1 2615 2800 2801
5624 2 2 1 1 2615 2801 2616
5625 2 2 1 1 2616 2801 2802
5626 2 2 1 1 2616 2802 2617
5627 2 2 1 1 2617 2802 2803
5628 2 2 1 1 2617 2803 2618
5629 2 2 1 1 2618 2803 2804
5630 2 2 1 1 2618 2804 2619
5631 2 2 1 1 2619 2804 2805
5632 2 2 1 1 2619 2805 2620
5633 2 2 1 1 2620 2805 2806
5634 2 2 1 1 2620 2806 2621
5635 2 2 1 1 2621 2806 2807
5636 2 2 1 1 2621 2807 2622
5637 2 2 1 1 2622 2807 2808
5638 2 2 1 1 2622 2808 2623
5639 2 2 1 1 2623 2808 2809
5640 2 2 1 1 2623 2809 2624
5641 2 2 1 1 2624 2809 2810
5642 2 2 1 1 2624 2810 2625
5643 2 2 1 1 2625 2810 2811
5644 2 2 1 1 2625 2811 2626
5645 2 2 1 1 2626 2811 2812
5646 2 2 1 1 2626 2812 2627
5647 2 2 1 1 2627 2812 2813
5648 2 2 1 1 2627 2813 2628
5649 2 2 1 1 2628 2813 2814
5650 2 2 1 1 2628 2814 2629
5651 2 2 1 1 2629 2814 2815
5652 2 2 1 1 2629 2815 2630
5653 2 2 1 1 2630 2815 2816
5654 2 2 1 1 2630 2816 2631
5655 2 2 1 1 2631 2816 2817
5656 2 2 1 1 2631 2817 2632
5657 2 2 1 1 2632 2817 2818
5658 2 2 1 1 2632 2818 2633
5659 2 2 1 1 2633 2818 2819
5660 2 2 1 1 2633 2819 2634
5661 2 2 1 1 2634 2819 2820
5662 2 2 1 1 2634 2820 2821
5663 2 2 1 1 2634 2821 2635
5664 2 2 1 1 2635 2821 2822
5665 2 2 1 1 2635 2822 2636
5666 2 2 1 1 2636 2822 2823
5667 2 2 1 1 2636 2823 2637
5668 2 2 1 1 2637 2823 2824
5669 2 2 1 1 2637 2824 2638
5670 2 2 1 1 2638 2824 2825
5671 2 2 1 1 2638 2825 2639
5672 2 2 1 1 2639 2825 2826
5673 2 2 1 1 2639 2826 2640
5674 2 2 1 1 2640 2826 2827
5675 2 2 1 1 2640 2827 2641
5676 2 2 1 1 2641 2827 2828
5677 2 2 1 1 2641 2828 2642
5678 2 2 1 1 2642 2828 2829
5679 2 2 1 1 2642 2829 2643
5680 2 2 1 1 2643 2829 2830
5681 2 2 1 1 2643 2830 2644
5682 2 2 1 1 2644 2830 2831
5683 2 2 1 1 2644 2831 2645
5684 2 2 1 1 2645 2831 2832
5685 2 2 1 1 2645 2832 2646
5686 2 2 1 1 2646 2832 2833
5687 2 2 1 1 2646 2833 2647
5688 2 2 1 1 2647 2833 2834
5689 2 2 1 1 2647 2834 2648
5690 2 2 1 1 2648 2834 2835
5691 2 2 1 1 2648 2835 2649
5692 2 2 1 1 2649 2835 2836
5693 2 2 1 1 2649 2836 2650
5694 2 2 1 1 2650 2836 2837
5695 2 2 1 1 2650 2837 2651
5696 2 2 1 1 2651 2837 2838
5697 2 2 1 1 2651 2838 2652
5698 2 2 1 1 2652 2838 2839
5699 2 2 1 1 2652 2839 2653
5700 2 2 1 1 2653 2839 2840
5701 2 2 1 1 2653 2840 2654
5702 2 2 1 1 2654 2840 2841
5703 2 2 1 1 2654 2841 2655
5704 2 2 1 1 2655 2841 2842
5705 2 2 1 1 2655 2842 2656
5706 2 2 1 1 2656 2842 2843
5707 2 2 1 1 2656 2843 2657
5708 2 2 1 1 2657 2843 2844
5709 2 2 1 1 2657 2844 2658
5710 2 2 1 1 2658 2844 2845
5711 2 2 1 1 2658 2845 2659
5712 2 2 1 1 2659 2845 2846
5713 2 2 1 1 2659 2846 2660
5714 2 2 1 1 2660 2846 2847
5715 2 2 1 1 2660 2847 2661
5716 2 2 1 1 2661 2847 2848
5717 2 2 1 1 2661 2848 2662
5718 2 2 1 1 2662 2848 2849
5719 2 2 1 1 2662 2849 2663
5720 2 2 1 1 2663 2849 2850
5721 2 2 1 1 2663 2850 2664
5722 2 2 1 1 2664 2850 2851
5723 2 2 1 1 2664 2851 2665
5724 2 2 1 1 2665 2851 2852
5725 2 2 1 1 2665 2852 2853
5726 2 2 1 1 2665 2853 2666
5727 2 2 1 1 2666 2853 2854
5728 2 2 1 1 2666 2854 2667
5729 2 2 1 1 2667 2854 2855
5730 2 2 1 1 2667 2855 2668
5731 2 2 1 1 2668 2855 2856
5732 2 2 1 1 2668 2856 2669
5733 2 2 1 1 2669 2856 2857
5734 2 2 1 1 2669 2857 2670
5735 2 2 1 1 2670 2857 2858
5736 2 2 1 1 2670 2858 2671
5737 2 2 1 1 2671 2858 2859
5738 2 2 1 1 2671 2859 2672
5739 2 2 1 1 2672 2859 2860
5740 2 2 1 1 2672 2860 2673
5741 2 2 1 1 2673 2860 2861
5742 2 2 1 1 2673 2861 2674
5743 2 2 1 1 2674 2861 2862
5744 2 2 1 1 2674 2862 2675
5745 2 2 1 1 2675 2862 2863
5746 2 2 1 1 2675 2863 2676
5747 2 2 1 1 2676 2863 2864
5748 2 2 1 1 2676 2864 2677
5749 2 2 1 1 2677 2864 2865
5750 2 2 1 1 2677 2865 2678
5751 2 2 1 1 2678 2865 2866
5752 2 2 1 1 2678 2866 2679
5753 2 2 1 1 2679 2866 2867
5754 2 2 1 1 2679 2867 2680
5755 2 2 1 1 2680 2867 2868
5756 2 2 1 1 2680 2868 2681
5757 2 2 1 1 2681 2868 2869
5758 2 2 1 1 2681 2869 2682
5759 2 2 1 1 2682 2869 2870
5760 2 2 1 1 2682 2870 2683
5761 2 2 1 1 2683 2870 2871
5762 2 2 1 1 2683 2871 2684
5763 2 2 1 1 2684 2871 2872
5764 2 2 1 1 2684 2872 2685
5765 2 2 1 1 2685 2872 2873
5766 2 2 1 1 2685 2873 2686
5767 2 2 1 1 2686 2873 2874
5768 2 2 1 1 2686 2874 2687
5769 2 2 1 1 2687 2874 2875
5770 2 2 1 1 2687 2875 2688
5771 2 2 1 1 2688 2875 2876
5772 2 2 1 1 2688 2876 2689
5773 2 2 1 1 2689 2876 2877
5774 2 2 1 1 2689 2877 2690
5775 2 2 1 1 2690 2877 2878
5776 2 2 1 1 2690 2878 2691
5777 2 2 1 1 2691 2878 2879
5778 2 2 1 1 2691 2879 2692
5779 2 2 1 1 2692 2879 2880
5780 2 2 1 1 2692 2880 2693
5781 2 2 1 1 2693 2880 2881
5782 2 2 1 1 2693 2881 2694
5783 2 2 1 1 2694 2881 2882
5784 2 2 1 1 2694 2882 2695
5785 2 2 1 1 2695 2882 2883
5786 2 2 1 1 2695 2883 2884
5787 2 2 1 1 2695 2884 2696
5788 2 2 1 1 2696 2884 2885
5789 2 2 1 1 2696 2885 2697
5790 2 2 1 1 2697 2885 2886
5791 2 2 1 1 2697 2886 2698
5792 2 2 1 1 2698 2886 2887
5793 2 2 1 1 2698 2887 2699
5794 2 2 1 1 2699 2887 2888
5795 2 2 1 1 2699 2888 2700
5796 2 2 1 1 2700 2888 2889
5797 2 2 1 1 2700 2889 2701
5798 2 2 1 1 2701 2889 2890
5799 2 2 1 1 2701 2890 2702
5800 2 2 1 1 2702 2890 2891
5801 2 2 1 1 2702 2891 2703
5802 2 2 1 1 2703 2891 2892
5803 2 2 1 1 2703 2892 2704
5804 2 2 1 1 2704 2892 2893
5805 2 2 1 1 2704 2893 2705
5806 2 2 1 1 2705 2893 2894
5807 2 2 1 1 2705 2894 2706
5808 2 2 1 1 2706 2894 2895
5809 2 2 1 1 2706 2895 2707
5810 2 2 1 1 2707 2895 2896
5811 2 2 1 1 2707 2896 2708
5812 2 2 1 1 2708 2896 2897
5813 2 2 1 1 2708 2897 2709
5814 2 2 1 1 2709 2897 2898
5815 2 2 1 1 2709 2898 2710
5816 2 2 1 1 2710 2898 2899
5817 2 2 1 1 2710 2899 2711
5818 2 2 1 1 2711 2899 2900
5819 2 2 1 1 2711 2900 2712
5820 2 2 1 1 2712 2900 2901
5821 2 2 1 1 2712 2901 2713
5822 2 2 1 1 2713 2901 2902
5823 2 2 1 1 2713 2902 2714
5824 2 2 1 1 2714 2902 2903
5825 2 2 1 1 2714 2903 2715
5826 2 2 1 1 2715 2903 2904
5827 2 2 1 1 2715 2904 2716
5828 2 2 1 1 2716 2904 2905
5829 2 2 1 1 2716 2905 2717
5830 2 2 1 1 2717 2905 2906
5831 2 2 1 1 2717 2906 2718
5832 2 2 1 1 2718 2906 2907
5833 2 2 1 1 2718 2907 2719
5834 2 2 1 1 2719 2907 2908
5835 2 2 1 1 2719 2908 2720
5836 2 2 1 1 2720 2908 2909
5837 2 2 1 1 2720 2909 2721
5838 2 2 1 1 2721 2909 2910
5839 2 2 1 1 2721 2910 2722
5840 2 2 1 1 2722 2910 2911
5841 2 2 1 1 2722 2911 2723
5842 2 2 1 1 2723 2911 2912
5843 2 2 1 1 2723 2912 2724
5844 2 2 1 1 2724 2912 2913
5845 2 2 1 1 2724 2913 2725
5846 2 2 1 1 2725 2913 2914
5847 2 2 1 1 2725 2914 2726
5848 2 2 1 1 2726 2914 2915
5849 2 2 1 1 2726 2915 2916
5850 2 2 1 1 2726 2916 2727
5851 2 2 1 1 2727 2916 2917
5852 2 2 1 1 2727 2917 2728
5853 2 2 1 1 2728 2917 2918
5854 2 2 1 1 2728 2918 2729
5855 2 2 1 1 2729 2918 2919
5856 2 2 1 1 2729 2919 2730
5857 2 2 1 1 2730 2919 2920
5858 2 2 1 1 2730 2920 2731
5859 2 2 1 1 2731 2920 2921
5860 2 2 1 1 2731 2921 2732
5861 2 2 1 1 2732 2921 2922
5862 2 2 1 1 2732 2922 2733
5863 2 2 1 1 2733 2922 2923
5864 2 2 1 1 2733 2923 2734
5865 2 2 1 1 2734 2923 2924
5866 2 2 1 1 2734 2924 2735
5867 2 2 1 1 2735 2924 2925
5868 2 2 1 1 2735 2925 2736
5869 2 2 1 1 2736 2925 2926
5870 2 2 1 1 2736 2926 2737
5871 2 2 1 1 2737 2926 2927
5872 2 2 1 1 2737 2927 2738
5873 2 2 1 1 2738 2927 2928
5874 2 2 1 1 2738 2928 2739
5875 2 2 1 1 2739 2928 2929
5876 2 2 1 1 2739 2929 2740
5877 2 2 1 1 2740 2929 2930
5878 2 2 1 1 2740 2930 2741
5879 2 2 1 1 2741 2930 2931
5880 2 2 1 1 2741 2931 2742
5881 2 2 1 1 2742 2931 2932
5882 2 2 1 1 2742 2932 2743
5883 2 2 1 1 2743 2932 2933
5884 2 2 1 1 2743 2933 2744
5885 2 2 1 1 2744 2933 2934
5886 2 2 1 1 2744 2934 2745
5887 2 2 1 1 2745 2934 2935
5888 2 2 1 1 2745 2935 2746
5889 2 2 1 1 2746 2935 2936
5890 2 2 1 1 2746 2936 2747
5891 2 2 1 1 2747 2936 2937
5892 2 2 1 1 2747 2937 2748
5893 2 2 1 1 2748 2937 2938
5894 2 2 1 1 2748 2938 2749
5895 2 2 1 1 2749 2938 2939
5896 2 2 1 1 2749 2939 2750
5897 2 2 1 1 2750 2939 2940
5898 2 2 1 1 2750 2940 2751
5899 2 2 1 1 2751 2940 2941
5900 2 2 1 1 2751 2941 2752
5901 2 2 1 1 2752 2941 2942
5902 2 2 1 1 2752 2942 2753
5903 2 2 1 1 2753 2942 2943
5904 2 2 1 1 2753 2943 2754
5905 2 2 1 1 2754 2943 2944
5906 2 2 1 1 2754 2944 2755
5907 2 2 1 1 2755 2944 2945
5908 2 2 1 1 2755 2945 2756
5909 2 2 1 1 2756 2945 2946
5910 2 2 1 1 2756 2946 2573
5911 2 2 1 1 2573 2946 2757
5912 2 2 1 1 2757 2947 2948
5913 2 2 1 1 2757 2948 2758
5914 2 2 1 1 2758 2948 2949
5915 2 2 1 1 2758 2949 2759
5916 2 2 1 1 2759 2949 2950
5917 2 2 1 1 2759 2950 2760
5918 2 2 1 1 2760 2950 2951
5919 2 2 1 1 2760 2951 2761
5920 2 2 1 1 2761 2951 2952
5921 2 2 1 1 2761 2952 2762
5922 2 2 1 1 2762 2952 2953
5923 2 2 1 1 2762 2953 2763
5924 2 2 1 1 2763 2953 2954
5925 2 2 1 1 2763 2954 2764
5926 2 2 1 1 2764 2954 2955
5927 2 2 1 1 2764 2955 2765
5928 2 2 1 1 2765 2955 2956
5929 2 2 1 1 2765 2956 2766
5930 2 2 1 1 2766 2956 2957
5931 2 2 1 1 2766 2957 2767
5932 2 2 1 1 2767 2957 2958
5933 2 2 1 1 2767 2958 2768
5934 2 2 1 1 2768 2958 2959
5935 2 2 1 1 2768 2959 2769
5936 2 2 1 1 2769 2959 2960
5937 2 2 1 1 2769 2960 2770
5938 2 2 1 1 2770 2960 2961
5939 2 2 1 1 2770 2961 2771
5940 2 2 1 1 2771 2961 2962
5941 2 2 1 1 2771 2962 2772
5942 2 2 1 1 2772 2962 2963
5943 2 2 1 1 2772 2963 2773
5944 2 2 1 1 2773 2963 2964
5945 2 2 1 1 2773 2964 2774
5946 2 2 1 1 2774 2964 2965
5947 2 2 1 1 2774 2965 2775
5948 2 2 1 1 2775 2965 2966
5949 2 2 1 1 2775 2966 2776
5950 2 2 1 1 2776 2966 2967
5951 2 2 1 1 2776 2967 2777
5952 2 2 1 1 2777 2967 2968
5953 2 2 1 1 2777 2968 2778
5954 2 2 1 1 2778 2968 2969
5955 2 2 1 1 2778 2969 2779
5956 2 2 1 1 2779 2969 2970
5957 2 2 1 1 2779 2970 2780
5958 2 2 1 1 2780 2970 2971
5959 2 2 1 1 2780 2971 2781
5960 2 2 1 1 2781 2971 2972
5961 2 2 1 1 2781 2972 2782
5962 2 2 1 1 2782 2972 2973
5963 2 2 1 1 2782 2973 2783
5964 2 2 1 1 2783 2973 2974
5965 2 2 1 1 2783 2974 2784
5966 2 2 1 1 2784 2974 2975
5967 2 2 1 1 2784 2975 2785
5968 2 2 1 1 2785 2975 2976
5969 2 2 1 1 2785 2976 2786
5970 2 2 1 1 2786 2976 2977
5971 2 2 1 1 2786 2977 2787
5972 2 2 1 1 2787 2977 2978
5973 2 2 1 1 2787 2978 2788
5974 2 2 1 1 2788 2978 2979
5975 2 2 1 1 2788 2979 2980
5976 2 2 1 1 2788 2980 2789
5977 2 2 1 1 2789 2980 2981
5978 2 2 1 1 2789 2981 2790
5979 2 2 1 1 2790 2981 2982
5980 2 2 1 1 2790 2982 2791
5981 2 2 1 1 2791 2982 2983
5982 2 2 1 1 2791 2983 2792
5983 2 2 1 1 2792 2983 2984
5984 2 2 1 1 2792 2984 2793
5985 2 2 1 1 2793 2984 2985
5986 2 2 1 1 2793 2985 2794
5987 2 2 1 1 2794 2985 2986
5988 2 2 1 1 2794 2986 2795
5989 2 2 1 1 2795 2986 2987
5990 2 2 1 1 2795 2987 2796
5991 2 2 1 1 2796 2987 2988
5992 2 2 1 1 2796 2988 2797
5993 2 2 1 1 2797 2988 2989
5994 2 2 1 1 2797 2989 2798
5995 2 2 1 1 2798 2989 2990
5996 2 2 1 1 2798 2990 2799
5997 2 2 1 1 2799 2990 2991
5998 2 2 1 1 2799 2991 2800
5999 2 2 1 1 2800 2991 2992
6000 2 2 1 1 2800 2992 2801
6001 2 2 1 1 2801 2992 2993
6002 2 2 1 1 2801 2993 2802
6003 2 2 1 1 2802 2993 2994
6004 2 2 1 1 2802 2994 2803
6005 2 2 1 1 2803 2994 2995
6006 2 2 1 1 2803 2995 2804
6007 2 2 1 1 2804 2995 2996
6008 2 2 1 1 2804 2996 2805
6009 2 2 1 1 2805 2996 2997
6010 2 2 1 1 2805 2997 2806
6011 2 2 1 1 2806 2997 2998
6012 2 2 1 1 2806 2998 2807
6013 2 2 1 1 2807 2998 2999
6014 2 2 1 1 2807 2999 2808
6015 2 2 1 1 2808 2999 3000
6016 2 2 1 1 2808 3000 2809
6017 2 2 1 1 2809 3000 3001
6018 2 2 1 1 2809 3001 2810
6019 2 2 1 1 2810 3001 3002
6020 2 2 1 1 2810 3002 2811
6021 2 2 1 1 2811 3002 3003
6022 2 2 1 1 2811 3003 2812
6023 2 2 1 1 2812 3003 3004
6024 2 2 1 1 2812 3004 2813
6025 2 2 1 1 2813 3004 3005
6026 2 2 1 1 2813 3005 2814
6027 2 2 1 1 2814 3005 3006
6028 2 2 1 1 2814 3006 2815
6029 2 2 1 1 2815 3006 3007
6030 2 2 1 1 2815 3007 2816
6031 2 2 1 1 2816 3007 3008
6032 2 2 1 1 2816 3008 2817
6033 2 2 1 1 2817 3008 3009
6034 2 2 1 1 2817 3009 2818
6035 2 2 1 1 2818 3009 3010
6036 2 2 1 1 2818 3010 2819
6037 2 2 1 1 2819 3010 3011
6038 2 2 1 1 2819 3011 2820
6039 2 2 1 1 2820 3011 3012
6040 2 2 1 1 2820 3012 3013
6041 2 2 1 1 2820 3013 2821
6042 2 2 1 1 2821 3013 3014
6043 2 2 1 1 2821 3014 2822
6044 2 2 1 1 2822 3014 3015
6045 2 2 1 1 2822 3015 2823
6046 2 2 1 1 2823 3015 3016
6047 2 2 1 1 2823 3016 2824
6048 2 2 1 1 2824 3016 3017
6049 2 2 1 1 2824 3017 2825
6050 2 2 1 1 2825 3017 3018
6051 2 2 1 1 2825 3018 2826
6052 2 2 1 1 2826 3018 3019
6053 2 2 1 1 2826 3019 2827
6054 2 2 1 1 2827 3019 3020
6055 2 2 1 1 2827 3020 2828
6056 2 2 1 1 2828 3020 3021
6057 2 2 1 1 2828 3021 2829
6058 2 2 1 1 2829 3021 3022
6059 2 2 1 1 2829 3022 2830
6060 2 2 1 1 2830 3022 3023
6061 2 2 1 1 2830 3023 2831
6062 2 2 1 1 2831 3023 3024
6063 2 2 1 1 2831 3024 2832
6064 2 2 1 1 2832 3024 3025
6065 2 2 1 1 2832 3025 2833
6066 2 2 1 1 2833 3025 3026
6067 2 2 1 1 2833 3026 2834
6068 2 2 1 1 2834 3026 3027
6069 2 2 1 1 2834 3027 2835
6070 2 2 1 1 2835 3027 3028
6071 2 2 1 1 2835 3028 2836
6072 2 2 1 1 2836 3028 3029
6073 2 2 1 1 2836 3029 2837
6074 2 2 1 1 2837 3029 3030
6075 2 2 1 1 2837 3030 2838
6076 2 2 1 1 2838 3030 3031
6077 2 2 1 1 2838 3031 2839
6078 2 2 1 1 2839 3031 3032
6079 2 2 1 1 2839 3032 2840
6080 2 2 1 1 2840 3032 3033
6081 2 2 1 1 2840 3033 2841
6082 2 2 1 1 2841 3033 3034
6083 2 2 1 1 2841 3034 2842
6084 2 2 1 1 2842 3034 3035
6085 2 2 1 1 2842 3035 2843
6086 2 2 1 1 2843 3035 3036
6087 2 2 1 1 2843 3036 2844
6088 2 2 1 1 2844 3036 3037
6089 2 2 1 1 2844 3037 2845
6090 2 2 1 1 2845 3037 3038
6091 2 2 1 1 2845 3038 2846
6092 2 2 1 1 2846 3038 3039
6093 2 2 1 1 2846 3039 2847
6094 2 2 1 1 2847 3039 3040
6095 2 2 1 1 2847 3040 2848
6096 2 2 1 1 2848 3040 3041
6097 2 2 1 1 2848 3041 2849
6098 2 2 1 1 2849 3041 3042
6099 2 2 1 1 2849 3042 2850
6100 2 2 1 1 2850 3042 3043
6101 2 2 1 1 2850 3043 2851
6102 2 2 1 1 2851 3043 3044
6103 2 2 1 1 2851 3044 2852
6104 2 2 1 1 2852 3044 3045
6105 2 2 1 1 2852 3045 3046
6106 2 2 1 1 2852 3046 2853
6107 2 2 1 1 2853 3046 3047
6108 2 2 1 1 2853 3047 2854
6109 2 2 1 1 2854 3047 3048
6110 2 2 1 1 2854 3048 2855
6111 2 2 1 1 2855 3048 3049
6112 2 2 1 1 2855 3049 2856
6113 2 2 1 1 2856 3049 3050
6114 2 2 1 1 2856 3050 2857
6115 2 2 1 1 2857 3050 3051
6116 2 2 1 1 2857 3051 2858
6117 2 2 1 1 2858 3051 3052
6118 2 2 1 1 2858 3052 2859
6119 2 2 1 1 2859 3052 3053
6120 2 2 1 1 2859 3053 2860
6121 2 2 1 1 2860 3053 3054
6122 2 2 1 1 2860 3054 2861
6123 2 2 1 1 2861 3054 3055
6124 2 2 1 1 2861 3055 2862
6125 2 2 1 1 2862 3055 3056
6126 2 2 1 1 2862 3056 2863
6127 2 2 1 1 2863 3056 3057
6128 2 2 1 1 2863 3057 2864
6129 2 2 1 1 2864 3057 3058
6130 2 2 1 1 2864 3058 2865
6131 2 2 1 1 2865 3058 3059
6132 2 2 1 1 2865 3059 2866
6133 2 2 1 1 2866 3059 3060
6134 2 2 1 1 2866 3060 2867
6135 2 2 1 1 2867 3060 3061
6136 2 2 1 1 2867 3061 2868
6137 2 2 1 1 2868 3061 3062
6138 2 2 1 1 2868 3062 2869
6139 2 2 1 1 2869 3062 3063
6140 2 2 1 1 2869 3063 2870
6141 2 2 1 1 2870 3063 3064
6142 2 2 1 1 2870 3064 2871
6143 2 2 1 1 2871 3064 3065
6144 2 2 1 1 2871 3065 2872
6145 2 2 1 1 2872 3065 3066
6146 2 2 1 1 2872 3066 2873
6147 2 2 1 1 2873 3066 3067
6148 2 2 1 1 2873 3067 2874
6149 2 2 1 1 2874 3067 3068
6150 2 2 1 1 2874 3068 2875
6151 2 2 1 1 2875 3068 3069
6152 2 2 1 1 2875 3069 2876
6153 2 2 1 1 2876 3069 3070
6154 2 2 1 1 2876 3070 2877
6155 2 2 1 1 2877 3070 3071
6156 2 2 1 1 2877 3071 2878
6157 2 2 1 1 2878 3071 3072
6158 2 2 1 1 2878 3072 2879
6159 2 2 1 1 2879 3072 3073
6160 2 2 1 1 2879 3073 2880
6161 2 2 1 1 2880 3073 3074
6162 2 2 1 1 2880 3074 2881
6163 2 2 1 1 2881 3074 3075
6164 2 2 1 1 2881 3075 2882
6165 2 2 1 1 2882 3075 3076
6166 2 2 1 1 2882 3076 2883
6167 2 2 1 1 2883 3076 3077
6168 2 2 1 1 2883 3077 3078
6169 2 2 1 1 2883 3078 2884
6170 2 2 1 1 2884 3078 3079
6171 2 2 1 1 2884 3079 2885
6172 2 2 1 1 2885 3079 3080
6173 2 2 1 1 2885 3080 2886
6174 2 2 1 1 2886 3080 3081
6175 2 2 1 1 2886 3081 2887
6176 2 2 1 1 2887 3081 3082
6177 2 2 1 1 2887 3082 2888
6178 2 2 1 1 2888 3082 3083
6179 2 2 1 1 2888 3083 2889
6180 2 2 1 1 2889 3083 3084
6181 2 2 1 1 2889 3084 2890
6182 2 2 1 1 2890 3084 3085
6183 2 2 1 1 2890 3085 2891
6184 2 2 1 1 2891 3085 3086
6185 2 2 1 1 2891 3086 2892
6186 2 2 1 1 2892 3086 3087
6187 2 2 1 1 2892 3087 2893
6188 2 2 1 1 2893 3087 3088
6189 2 2 1 1 2893 3088 2894
6190 2 2 1 1 2894 3088 3089
6191 2 2 1 1 2894 3089 2895
6192 2 2 1 1 2895 3089 3090
6193 2 2 1 1 2895 3090 2896
6194 2 2 1 1 2896 3090 3091
6195 2 2 1 1 2896 3091 2897
6196 2 2 1 1 2897 3091 3092
6197 2 2 1 1 2897 3092 2898
6198 2 2 1 1 2898 3092 3093
6199 2 2 1 1 2898 3093 2899
6200 2 2 1 1 2899 3093 3094
6201 2 2 1 1 2899 3094 2900
6202 2 2 1 1 2900 3094 3095
6203 2 2 1 1 2900 3095 2901
6204 2 2 1 1 2901 3095 3096
6205 2 2 1 1 2901 3096 2902
6206 2 2 1 1 2902 3096 3097
6207 2 2 1 1 2902 3097 2903
6208 2 2 1 1 2903 3097 3098
6209 2 2 1 1 2903 3098 2904
6210 2 2 1 1 2904 3098 3099
6211 2 2 1 1 2904 3099 2905
6212 2 2 1 1 2905 3099 3100
6213 2 2 1 1 2905 3100 2906
6214 2 2 1 1 2906 3100 3101
6215 2 2 1 1 2906 3101 2907
6216 2 2 1 1 2907 3101 3102
6217 2 2 1 1 2907 3102 2908
6218 2 2 1 1 2908 3102 3103
6219 2 2 1 1 2908 3103 2909
6220 2 2 1 1 2909 3103 3104
6221 2 2 1 1 2909 3104 2910
6222 2 2 1 1 2910 3104 3105
6223 2 2 1 1 2910 3105 2911
6224 2 2 1 1 2911 3105 3106
6225 2 2 1 1 2911 3106 2912
6226 2 2 1 1 2912 3106 3107
6227 2 2 1 1 2912 3107 2913
6228 2 2 1 1 2913 3107 3108
6229 2 2 1 1 2913 3108 2914
6230 2 2 1 1 2914 3108 3109
6231 2 2 1 1 2914 3109 2915
6232 2 2 1 1 2915 3109 3110
6233 2 2 1 1 2915 3110 3111
6234 2 2 1 1 2915 3111 2916
6235 2 2 1 1 2916 3111 3112
6236 2 2 1 1 2916 3112 2917
6237 2 2 1 1 2917 3112 3113
6238 2 2 1 1 2917 3113 2918
6239 2 2 1 1 2918 3113 3114
6240 2 2 1 1 2918 3114 2919
6241 2 2 1 1 2919 3114 3115
6242 2 2 1 1 2919 3115 2920
6243 2 2 1 1 2920 3115 3116
6244 2 2 1 1 2920 3116 2921
6245 2 2 1 1 2921 3116 3117
6246 2 2 1 1 2921 3117 2922
6247 2 2 1 1 2922 3117 3118
6248 2 2 1 1 2922 3118 2923
6249 2 2 1 1 2923 3118 3119
6250 2 2 1 1 2923 3119 2924
6251 2 2 1 1 2924 3119 3120
6252 2 2 1 1 2924 3120 2925
6253 2 2 1 1 2925 3120 3121
6254 2 2 1 1 2925 3121 2926
6255 2 2 1 1 2926 3121 3122
6256 2 2 1 1 2926 3122 2927
6257 2 2 1 1 2927 3122 3123
6258 2 2 1 1 2927 3123 2928
6259 2 2 1 1 2928 3123 3124
6260 2 2 1 1 2928 3124 2929
6261 2 2 1 1 2929 3124 3125
6262 2 2 1 1 2929 3125 2930
6263 2 2 1 1 2930 3125 3126
6264 2 2 1 1 2930 3126 2931
6265 2 2 1 1 2931 3126 3127
6266 2 2 1 1 2931 3127 2932
6267 2 2 1 1 2932 3127 3128
6268 2 2 1 1 2932 3128 2933
6269 2 2 1 1 2933 3128 3129
6270 2 2 1 1 2933 3129 2934
6271 2 2 1 1 2934 3129 3130
6272 2 2 1 1 2934 3130 2935
6273 2 2 1 1 2935 3130 3131
6274 2 2 1 1 2935 3131 2936
6275 2 2 1 1 2936 3131 3132
6276 2 2 1 1 2936 3132 2937
6277 2 2 1 1 2937 3132 3133
6278 2 2 1 1 2937 3133 2938
6279 2 2 1 1 2938 3133 3134
6280 2 2 1 1 2938 3134 2939
6281 2 2 1 1 2939 3134 3135
6282 2 2 1 1 2939 3135 2940
6283 2 2 1 1 2940 3135 3136
6284 2 2 1 1 2940 3136 2941
6285 2 2 1 1 2941 3136 3137
6286 2 2 1 1 2941 3137 2942
6287 2 2 1 1 2942 3137 3138
6288 2 2 1 1 2942 3138 2943
6289 2 2 1 1 2943 3138 3139
6290 2 2 1 1 2943 3139 2944
6291 2 2 1 1 2944 3139 3140
6292 2 2 1 1 2944 3140 2945
6293 2 2 1 1 2945 3140 3141
6294 2 2 1 1 2945 3141 2946
6295 2 2 1 1 2946 3141 3142
6296 2 2 1 1 2946 3142 2757
6297 2 2 1 1 2757 3142 2947
6298 2 2 1 1 2947 3143 3144
6299 2 2 1 1 2947 3144 2948
6300 2 2 1 1 2948 3144 3145
6301 2 2 1 1 2948 3145 2949
6302 2 2 1 1 2949 3145 3146
6303 2 2 1 1 2949 3146 2950
6304 2 2 1 1 2950 3146 3147
6305 2 2 1 1 2950 3147 2951
6306 2 2 1 1 2951 3147 3148
6307 2 2 1 1 2951 3148 2952
6308 2 2 1 1 2952 3148 3149
6309 2 2 1 1 2952 3149 2953
6310 2 2 1 1 2953 3149 3150
6311 2 2 1 1 2953 3150 2954
6312 2 2 1 1 2954 3150 3151
6313 2 2 1 1 2954 3151 2955
6314 2 2 1 1 2955 3151 3152
6315 2 2 1 1 2955 3152 2956
6316 2 2 1 1 2956 3152 3153
6317 2 2 1 1 2956 3153 2957
6318 2 2 1 1 2957 3153 3154
6319 2 2 1 1 2957 3154 2958
6320 2 2 1 1 2958 3154 3155
6321 2 2 1 1 2958 3155 2959
6322 2 2 1 1 2959 3155 3156
6323 2 2 1 1 2959 3156 2960
6324 2 2 1 1 2960 3156 3157
6325 2 2 1 1 2960 3157 2961
6326 2 2 1 1 2961 3157 3158
6327 2 2 1 1 2961 3158 2962
6328 2 2 1 1 2962 3158 3159
6329 2 2 1 1 2962 3159 2963
6330 2 2 1 1 2963 3159 3160
6331 2 2 1 1 2963 3160 2964
6332 2 2 1 1 2964 3160 3161
6333 2 2 1 1 2964 3161 2965
6334 2 2 1 1 2965 3161 3162
6335 2 2 1 1 2965 3162 2966
6336 2 2 1 1 2966 3162 3163
6337 2 2 1 1 2966 3163 2967
6338 2 2 1 1 2967 3163 3164
6339 2 2 1 1 2967 3164 2968
6340 2 2 1 1 2968 3164 3165
6341 2 2 1 1 2968 3165 2969
6342 2 2 1 1 2969 3165 3166
6343 2 2 1 1 2969 3166 2970
6344 2 2 1 1 2970 3166 3167
6345 2 2 1 1 2970 3167 2971
6346 2 2 1 1 2971 3167 3168
6347 2 2 1 1 2971 3168 2972
6348 2 2 1 1 2972 3168 3169
6349 2 2 1 1 2972 3169 2973
6350 2 2 1 1 2973 3169 3170
6351 2 2 1 1 2973 3170 2974
6352 2 2 1 1 2974 3170 3171
6353 2 2 1 1 2974 3171 2975
6354 2 2 1 1 2975 3171 3172
6355 2 2 1 1 2975 3172 3173
6356 2 2 1 1 2975 3173 2976
6357 2 2 1 1 2976 3173 3174
6358 2 2 1 1 2976 3174 2977
6359 2 2 1 1 2977 3174 3175
6360 2 2 1 1 2977 3175 2978
6361 2 2 1 1 2978 3175 3176
6362 2 2 1 1 2978 3176 2979
6363 2 2 1 1 2979 3176 3177
6364 2 2 1 1 2979 3177 2980
6365 2 2 1 1 2980 3177 3178
6366 2 2 1 1 2980 3178 2981
6367 2 2 1 1 2981 3178 3179
6368 2 2 1 1 2981 3179 2982
6369 2 2 1 1 2982 3179 3180
6370 2 2 1 1 2982 3180 2983
6371 2 2 1 1 2983 3180 3181
6372 2 2 1 1 2983 3181 2984
6373 2 2 1 1 2984 3181 3182
6374 2 2 1 1 2984 3182 2985
6375 2 2 1 1 2985 3182 3183
6376 2 2 1 1 2985 3183 2986
6377 2 2 1 1 2986 3183 3184
6378 2 2 1 1 2986 3184 2987
6379 2 2 1 1 2987 3184 3185
6380 2 2 1 1 2987 3185 2988
6381 2 2 1 1 2988 3185 3186
6382 2 2 1 1 2988 3186 2989
6383 2 2 1 1 2989 3186 3187
6384 2 2 1 1 2989 3187 2990
6385 2 2 1 1 2990 3187 3188
6386 2 2 1 1 2990 3188 2991
6387 2 2 1 1 2991 3188 3189
6388 2 2 1 1 2991 3189 2992
6389 2 2 1 1 2992 3189 3190
6390 2 2 1 1 2992 3190 2993
6391 2 2 1 1 2993 3190 3191
6392 2 2 1 1 2993 3191 2994
6393 2 2 1 1 2994 3191 3192
6394 2 2 1 1 2994 3192 2995
6395 2 2 1 1 2995 3192 3193
6396 2 2 1 1 2995 3193 2996
6397 2 2 1 1 2996 3193 3194
6398 2 2 1 1 2996 3194 2997
6399 2 2 1 1 2997 3194 3195
6400 2 2 1 1 2997 3195 2998
6401 2 2 1 1 2998 3195 3196
6402 2 2 1 1 2998 3196 2999
6403 2 2 1 1 2999 3196 3197
6404 2 2 1 1 2999 3197 3000
6405 2 2 1 1 3000 3197 3198
6406 2 2 1 1 3000 3198 3001
6407 2 2 1 1 3001 3198 3199
6408 2 2 1 1 3001 3199 3002
6409 2 2 1 1 3002 3199 3200
6410 2 2 1 1 3002 3200 3003
6411 2 2 1 1 3003 3200 3201
6412 2 2 1 1 3003 3201 3202
6413 2 2 1 1 3003 3202 3004
6414 2 2 1 1 3004 3202 3203
6415 2 2 1 1 3004 3203 3005
6416 2 2 1 1 3005 3203 3204
6417 2 2 1 1 3005 3204 3006
6418 2 2 1 1 3006 3204 3205
6419 2 2 1 1 3006 3205 3007
6420 2 2 1 1 3007 3205 3206
6421 2 2 1 1 3007 3206 3008
6422 2 2 1 1 3008 3206 3207
6423 2 2 1 1 3008 3207 3009
6424 2 2 1 1 3009 3207 3208
6425 2 2 1 1 3009 3208 3010
6426 2 2 1 1 3010 3208 3209
6427 2 2 1 1 3010 3209 3011
6428 2 2 1 1 3011 3209 3210
6429 2 2 1 1 3011 3210 3012
6430 2 2 1 1 3012 3210 3211
6431 2 2 1 1 3012 3211 3013
6432 2 2 1 1 3013 3211 3212
6433 2 2 1 1 3013 3212 3014
6434 2 2 1 1 3014 3212 3213
6435 2 2 1 1 3014 3213 3015
6436 2 2 1 1 3015 3213 3214
6437 2 2 1 1 3015 3214 3016
6438 2 2 1 1 3016 3214 3215
6439 2 2 1 1 3016 3215 3017
6440 2 2 1 1 3017 3215 3216
6441 2 2 1 1 3017 3216 3018
6442 2 2 1 1 3018 3216 3217
6443 2 2 1 1 3018 3217 3019
6444 2 2 1 1 3019 3217 3218
6445 2 2 1 1 3019 3218 3020
6446 2 2 1 1 3020 3218 3219
6447 2 2 1 1 3020 3219 3021
6448 2 2 1 1 3021 3219 3220
6449 2 2 1 1 3021 3220 3022
6450 2 2 1 1 3022 3220 3221
6451 2 2 1 1 3022 3221 3023
6452 2 2 1 1 3023 3221 3222
6453 2 2 1 1 3023 3222 3024
6454 2 2 1 1 3024 3222 3223
6455 2 2 1 1 3024 3223 3025
6456 2 2 1 1 3025 3223 3224
6457 2 2 1 1 3025 3224 3026
6458 2 2 1 1 3026 3224 3225
6459 2 2 1 1 3026 3225 3027
6460 2 2 1 1 3027 3225 3226
6461 2 2 1 1 3027 3226 3028
6462 2 2 1 1 3028 3226 3227
6463 2 2 1 1 3028 3227 3029
6464 2 2 1 1 3029 3227 3228
6465 2 2 1 1 3029 3228 3030
6466 2 2 1 1 3030 3228 3229
6467 2 2 1 1 3030 3229 3031
6468 2 2 1 1 3031 3229 3230
6469 2 2 1 1 3031 3230 3231
6470 2 2 1 1 3031 3231 3032
6471 2 2 1 1 3032 3231 3232
6472 2 2 1 1 3032 3232 3033
6473 2 2 1 1 3033 3232 3233
6474 2 2 1 1 3033 3233 3034
6475 2 2 1 1 3034 3233 3234
6476 2 2 1 1 3034 3234 3035
6477 2 2 1 1 3035 3234 3235
6478 2 2 1 1 3035 3235 3036
6479 2 2 1 1 3036 3235 3236
6480 2 2 1 1 3036 3236 3037
6481 2 2 1 1 3037 3236 3237
6482 2 2 1 1 3037 3237 3038
6483 2 2 1 1 3038 3237 3238
6484 2 2 1 1 3038 3238 3039
6485 2 2 1 1 3039 3238 3239
6486 2 2 1 1 3039 3239 3040
6487 2 2 1 1 3040 3239 3240
6488 2 2 1 1 3040 3240 3041
6489 2 2 1 1 3041 3240 3241
6490 2 2 1 1 3041 3241 3042
6491 2 2 1 1 3042 3241 3242
6492 2 2 1 1 3042 3242 3043
6493 2 2 1 1 3043 3242 3243
6494 2 2 1 1 3043 3243 3044
6495 2 2 1 1 3044 3243 3244
6496 2 2 1 1 3044 3244 3045
6497 2 2 1 1 3045 3244 3245
6498 2 2 1 1 3045 3245 3046
6499 2 2 1 1 3046 3245 3246
6500 2 2 1 1 3046 3246 3047
6501 2 2 1 1 3047 3246 3247
6502 2 2 1 1 3047 3247 3048
6503 2 2 1 1 3048 3247 3248
6504 2 2 1 1 3048 3248 3049
6505 2 2 1 1 3049 3248 3249
6506 2 2 1 1 3049 3249 3050
6507 2 2 1 1 3050 3249 3250
6508 2 2 1 1 3050 3250 3051
6509 2 2 1 1 3051 3250 3251
6510 2 2 1 1 3051 3251 3052
6511 2 2 1 1 3052 3251 3252
6512 2 2 1 1 3052 3252 3053
6513 2 2 1 1 3053 3252 3253
6514 2 2 1 1 3053 3253 3054
6515 2 2 1 1 3054 3253 3254
6516 2 2 1 1 3054 3254 3055
6517 2 2 1 1 3055 3254 3255
6518 2 2 1 1 3055 3255 3056
6519 2 2 1 1 3056 3255 3256
6520 2 2 1 1 3056 3256 3057
6521 2 2 1 1 3057 3256 3257
6522 2 2 1 1 3057 3257 3058
6523 2 2 1 1 3058 3257 3258
6524 2 2 1 1 3058 3258 3059
6525 2 2 1 1 3059 3258 3259
6526 2 2 1 1 3059 3259 3260
6527 2 2 1 1 3059 3260 3060
6528 2 2 1 1 3060 3260 3261
6529 2 2 1 1 3060 3261 3061
6530 2 2 1 1 3061 3261 3262
6531 2 2 1 1 3061 3262 3062
6532 2 2 1 1 3062 3262 3263
6533 2 2 1 1 3062 3263 3063
6534 2 2 1 1 3063 3263 3264
6535 2 2 1 1 3063 3264 3064
6536 2 2 1 1 3064 3264 3265
6537 2 2 1 1 3064 3265 3065
6538 2 2 1 1 3065 3265 3266
6539 2 2 1 1 3065 3266 3066
6540 2 2 1 1 3066 3266 3267
6541 2 2 1 1 3066 3267 3067
6542 2 2 1 1 3067 3267 3268
6543 2 2 1 1 3067 3268 3068
6544 2 2 1 1 3068 3268 3269
6545 2 2 1 1 3068 3269 3069
6546 2 2 1 1 3069 3269 3270
6547 2 2 1 1 3069 3270 3070
6548 2 2 1 1 3070 3270 3271
6549 2 2 1 1 3070 3271 3071
6550 2 2 1 1 3071 3271 3272
6551 2 2 1 1 3071 3272 3072
6552 2 2 1 1 3072 3272 3273
6553 2 2 1 1 3072 3273 3073
6554 2 2 1 1 3073 3273 3274
6555 2 2 1 1 3073 3274 3074
6556 2 2 1 1 3074 3274 3275
6557 2 2 1 1 3074 3275 3075
6558 2 2 1 1 3075 3275 3276
6559 2 2 1 1 3075 3276 3076
6560 2 2 1 1 3076 3276 3277
6561 2 2 1 1 3076 3277 3077
6562 2 2 1 1 3077 3277 3278
6563 2 2 1 1 3077 3278 3078
6564 2 2 1 1 3078 3278 3279
6565 2 2 1 1 3078 3279 3079
6566 2 2 1 1 3079 3279 3280
6567 2 2 1 1 3079 3280 3080
6568 2 2 1 1 3080 3280 3281
6569 2 2 1 1 3080 3281 3081
6570 2 2 1 1 3081 3281 3282
6571 2 2 1 1 3081 3282 3082
6572 2 2 1 1 3082 3282 3283
6573 2 2 1 1 3082 3283 3083
6574 2 2 1 1 3083 3283 3284
6575 2 2 1 1 3083 3284 3084
6576 2 2 1 1 3084 3284 3285
6577 2 2 1 1 3084 3285 3085
6578 2 2 1 1 3085 3285 3286
6579 2 2 1 1 3085 3286 3086
6580 2 2 1 1 3086 3286 3287
6581 2 2 1 1 3086 3287 3087
6582 2 2 1 1 3087 3287 3288
6583 2 2 1 1 3087 3288 3289
6584 2 2 1 1 3087 3289 3088
6585 2 2 1 1 3088 3289 3290
6586 2 2 1 1 3088 3290 3089
6587 2 2 1 1 3089 3290 3291
6588 2 2 1 1 3089 3291 3090
6589 2 2 1 1 3090 3291 3292
6590 2 2 1 1 3090 3292 3091
6591 2 2 1 1 3091 3292 3293
6592 2 2 1 1 3091 3293 3092
6593 2 2 1 1 3092 3293 3294
6594 2 2 1 1 3092 3294 3093
6595 2 2 1 1 3093 3294 3295
6596 2 2 1 1 3093 3295 3094
6597 2 2 1 1 3094 3295 3296
6598 2 2 1 1 3094 3296 3095
6599 2 2 1 1 3095 3296 3297
6600 2 2 1 1 3095 3297 3096
6601 2 2 1 1 3096 3297 3298
6602 2 2 1 1 3096 3298 3097
6603 2 2 1 1 3097 3298 3299
6604 2 2 1 1 3097 3299 3098
6605 2 2 1 1 3098 3299 3300
6606 2 2 1 1 3098 3300 3099
6607 2 2 1 1 3099 3300 3301
6608 2 2 1 1 3099 3301 3100
6609 2 2 1 1 3100 3301 3302
6610 2 2 1 1 3100 3302 3101
6611 2 2 1 1 3101 3302 3303
6612 2 2 1 1 3101 3303 3102
6613 2 2 1 1 3102 3303 3304
6614 2 2 1 1 3102 3304 3103
6615 2 2 1 1 3103 3304 3305
6616 2 2 1 1 3103 3305 3104
6617 2 2 1 1 3104 3305 3306
6618 2 2 1 1 3104 3306 3105
6619 2 2 1 1 3105 3306 3307
6620 2 2 1 1 3105 3307 3106
6621 2 2 1 1 3106 3307 3308
6622 2 2 1 1 3106 3308 3107
6623 2 2 1 1 3107 3308 3309
6624 2 2 1 1 3107 3309 3108
6625 2 2 1 1 3108 3309 3310
6626 2 2 1 1 3108 3310 3109
6627 2 2 1 1 3109 3310 3311
6628 2 2 1 1 3109 3311 3110
6629 2 2 1 1 3110 3311 3312
6630 2 2 1 1 3110 3312 3111
6631 2 2 1 1 3111 3312 3313
6632 2 2 1 1 3111 3313 3112
6633 2 2 1 1 3112 3313 3314
6634 2 2 1 1 3112 3314 3113
6635 2 2 1 1 3113 3314 3315
6636 2 2 1 1 3113 3315 3114
6637 2 2 1 1 3114 3315 3316
6638 2 2 1 1 3114 3316 3115
6639 2 2 1 1 3115 3316 3317
6640 2 2 1 1 3115 3317 3318
6641 2 2 1 1 3115 3318 3116
6642 2 2 1 1 3116 3318 3319
6643 2 2 1 1 3116 3319 3117
6644 2 2 1 1 3117 3319 3320
6645 2 2 1 1 3117 3320 3118
6646 2 2 1 1 3118 3320 3321
6647 2 2 1 1 3118 3321 3119
6648 2 2 1 1 3119 3321 3322
6649 2 2 1 1 3119 3322 3120
6650 2 2 1 1 3120 3322 3323
6651 2 2 1 1 3120 3323 3121
6652 2 2 1 1 3121 3323 3324
6653 2 2 1 1 3121 3324 3122
6654 2 2 1 1 3122 3324 3325
6655 2 2 1 1 3122 3325 3123
6656 2 2 1 1 3123 3325 3326
6657 2 2 1 1 3123 3326 3124
6658 2 2 1 1 3124 3326 3327
6659 2 2 1 1 3124 3327 3125
6660 2 2 1 1 3125 3327 3328
6661 2 2 1 1 3125 3328 3126
6662 2 2 1 1 3126 3328 3329
6663 2 2 1 1 3126 3329 3127
6664 2 2 1 1 3127 3329 3330
6665 2 2 1 1 3127 3330 3128
6666 2 2 1 1 3128 3330 3331
6667 2 2 1 1 3128 3331 3129
6668 2 2 1 1 3129 3331 3332
6669 2 2 1 1 3129 3332 3130
6670 2 2 1 1 3130 3332 3333
6671 2 2 1 1 3130 3333 3131
6672 2 2 1 1 3131 3333 3334
6673 2 2 1 1 3131 3334 3132
6674 2 2 1 1 3132 3334 3335
6675 2 2 1 1 3132 3335 3133
6676 2 2 1 1 3133 3335 3336
6677 2 2 1 1 3133 3336 3134
6678 2 2 1 1 3134 3336 3337
6679 2 2 1 1 3134 3337 3135
6680 2 2 1 1 3135 3337 3338
6681 2 2 1 1 3135 3338 3136
6682 2 2 1 1 3136 3338 3339
6683 2 2 1 1 3136 3339 3137
6684 2 2 1 1 3137 3339 3340
6685 2 2 1 1 3137 3340 3138
6686 2 2 1 1 3138 3340 3341
6687 2 2 1 1 3138 3341 3139
6688 2 2 1 1 3139 3341 3342
6689 2 2 1 1 3139 3342 3140
6690 2 2 1 1 3140 3342 3343
6691 2 2 1 1 3140 3343 3141
6692 2 2 1 1 3141 3343 3344
6693 2 2 1 1 3141 3344 3142
6694 2 2 1 1 3142 3344 3345
6695 2 2 1 1 3142 3345 2947
6696 2 2 1 1 2947 3345 3143
6697 2 2 1 1 3143 3346 3144
6698 2 2 1 1 3144 3346 3347
6699 2 2 1 1 3144 3347 3145
6700 2 2 1 1 3145 3347 3348
6701 2 2 1 1 3145 3348 3146
6702 2 2 1 1 3146 3348 3349
6703 2 2 1 1 3146 3349 3147
6704 2 2 1 1 3147 3349 3350
6705 2 2 1 1 3147 3350 3148
6706 2 2 1 1 3148 3350 3351
6707 2 2 1 1 3148 3351 3149
6708 2 2 1 1 3149 3351 3352
6709 2 2 1 1 3149 3352 3150
6710 2 2 1 1 3150 3352 3353
6711 2 2 1 1 3150 3353 3151
6712 2 2 1 1 3151 3353 3354
6713 2 2 1 1 3151 3354 3152
6714 2 2 1 1 3152 3354 3355
6715 2 2 1 1 3152 3355 3153
6716 2 2 1 1 3153 3355 3356
6717 2 2 1 1 3153 3356 3154
6718 2 2 1 1 3154 3356 3357
6719 2 2 1 1 3154 3357 3155
6720 2 2 1 1 3155 3357 3358
6721 2 2 1 1 3155 3358 3156
6722 2 2 1 1 3156 3358 3359
6723 2 2 1 1 3156 3359 3157
6724 2 2 1 1 3157 3359 3158
6725 2 2 1 1 3158 3359 3360
6726 2 2 1 1 3158 3360 3159
6727 2 2 1 1 3159 3360 3361
6728 2 2 1 1 3159 3361 3160
6729 2 2 1 1 3160 3361 3362
6730 2 2 1 1 3160 3362 3161
6731 2 2 1 1 3161 3362 3363
6732 2 2 1 1 3161 3363 3162
6733 2 2 1 1 3162 3363 3364
6734 2 2 1 1 3162 3364 3163
6735 2 2 1 1 3163 3364 3365
6736 2 2 1 1 3163 3365 3164
6737 2 2 1 1 3164 3365 3366
6738 2 2 1 1 3164 3366 3165
6739 2 2 1 1 3165 3366 3367
6740 2 2 1 1 3165 3367 3166
6741 2 2 1 1 3166 3367 3368
6742 2 2 1 1 3166 3368 3167
6743 2 2 1 1 3167 3368 3369
6744 2 2 1 1 3167 3369 3168
6745 2 2 1 1 3168 3369 3370
6746 2 2 1 1 3168 3370 3169
6747 2 2 1 1 3169 3370 3371
6748 2 2 1 1 3169 3371 3170
6749 2 2 1 1 3170 3371 3372
6750 2 2 1 1 3170 3372 3171
6751 2 2 1 1 3171 3372 3172
6752 2 2 1 1 3172 3372 3373
6753 2 2 1 1 3172 3373 3173
6754 2 2 1 1 3173 3373 3374
6755 2 2 1 1 3173 3374 3174
6756 2 2 1 1 3174 3374 3375
6757 2 2 1 1 3174 3375 3175
6758 2 2 1 1 3175 3375 3376
6759 2 2 1 1 3175 3376 3176
6760 2 2 1 1 3176 3376 3377
6761 2 2 1 1 3176 3377 3177
6762 2 2 1 1 3177 3377 3378
6763 2 2 1 1 3177 3378 3178
6764 2 2 1 1 3178 3378 3379
6765 2 2 1 1 3178 3379 3179
6766 2 2 1 1 3179 3379 3380
6767 2 2 1 1 3179 3380 3180
6768 2 2 1 1 3180 3380 3381
6769 2 2 1 1 3180 3381 3181
6770 2 2 1 1 3181 3381 3382
6771 2 2 1 1 3181 3382 3182
6772 2 2 1 1 3182 3382 3383
6773 2 2 1 1 3182 3383 3183
6774 2 2 1 1 3183 3383 3384
6775 2 2 1 1 3183 3384 3184
6776 2 2 1 1 3184 3384 3385
6777 2 2 1 1 3184 3385 3185
6778 2 2 1 1 3185 3385 3386
6779 2 2 1 1 3185 3386 3186
6780 2 2 1 1 3186 3386 3187
6781 2 2 1 1 3187 3386 3387
6782 2 2 1 1 3187 3387 3188
6783 2 2 1 1 3188 3387 3388
6784 2 2 1 1 3188 3388 3189
6785 2 2 1 1 3189 3388 3389
6786 2 2 1 1 3189 3389 3190
6787 2 2 1 1 3190 3389 3390
6788 2 2 1 1 3190 3390 3191
6789 2 2 1 1 3191 3390 3391
6790 2 2 1 1 3191 3391 3192
6791 2 2 1 1 3192 3391 3392
6792 2 2 1 1 3192 3392 3193
6793 2 2 1 1 3193 3392 3393
6794 2 2 1 1 3193 3393 3194
6795 2 2 1 1 3194 3393 3394
6796 2 2 1 1 3194 3394 3195
6797 2 2 1 1 3195 3394 3395
6798 2 2 1 1 3195 3395 3196
6799 2 2 1 1 3196 3395 3396
6800 2 2 1 1 3196 3396 3197
6801 2 2 1 1 3197 3396 3397
6802 2 2 1 1 3197 3397 3198
6803 2 2 1 1 3198 3397 3398
6804 2 2 1 1 3198 3398 3199
6805 2 2 1 1 3199 3398 3399
6806 2 2 1 1 3199 3399 3200
6807 2 2 1 1 3200 3399 3201
6808 2 2 1 1 3201 3399 3400
6809 2 2 1 1 3201 3400 3202
6810 2 2 1 1 3202 3400 3401
6811 2 2 1 1 3202 3401 3203
6812 2 2 1 1 3203 3401 3402
6813 2 2 1 1 3203 3402 3204
6814 2 2 1 1 3204 3402 3403
6815 2 2 1 1 3204 3403 3205
6816 2 2 1 1 3205 3403 3404
6817 2 2 1 1 3205 3404 3206
6818 2 2 1 1 3206 3404 3405
6819 2 2 1 1 3206 3405 3207
6820 2 2 1 1 3207 3405 3406
6821 2 2 1 1 3207 3406 3208
6822 2 2 1 1 3208 3406 3407
6823 2 2 1 1 3208 3407 3209
6824 2 2 1 1 3209 3407 3408
6825 2 2 1 1 3209 3408 3210
6826 2 2 1 1 3210 3408 3409
6827 2 2 1 1 3210 3409 3211
6828 2 2 1 1 3211 3409 3410
6829 2 2 1 1 3211 3410 3212
6830 2 2 1 1 3212 3410 3411
6831 2 2 1 1 3212 3411 3213
6832 2 2 1 1 3213 3411 3412
6833 2 2 1 1 3213 3412 3214
6834 2 2 1 1 3214 3412 3413
6835 2 2 1 1 3214 3413 3215
6836 2 2 1 1 3215 3413 3216
6837 2 2 1 1 3216 3413 3414
6838 2 2 1 1 3216 3414 3217
6839 2 2 1 1 3217 3414 3415
6840 2 2 1 1 3217 3415 3218
6841 2 2 1 1 3218 3415 3416
6842 2 2 1 1 3218 3416 3219
6843 2 2 1 1 3219 3416 3417
6844 2 2 1 1 3219 3417 3220
6845 2 2 1 1 3220 3417 3418
6846 2 2 1 1 3220 3418 3221
6847 2 2 1 1 3221 3418 3419
6848 2 2 1 1 3221 3419 3222
6849 2 2 1 1 3222 3419 3420
6850 2 2 1 1 3222 3420 3223
6851 2 2 1 1 3223 3420 3421
6852 2 2 1 1 3223 3421 3224
6853 2 2 1 1 3224 3421 3422
6854 2 2 1 1 3224 3422 3225
6855 2 2 1 1 3225 3422 3423
6856 2 2 1 1 3225 3423 3226
6857 2 2 1 1 3226 3423 3424
6858 2 2 1 1 3226 3424 3227
6859 2 2 1 1 3227 3424 3425
6860 2 2 1 1 3227 3425 3228
6861 2 2 1 1 3228 3425 3426
6862 2 2 1 1 3228 3426 3229
6863 2 2 1 1 3229 3426 3230
6864 2 2 1 1 3230 3426 3427
6865 2 2 1 1 3230 3427 3231
6866 2 2 1 1 3231 3427 3428
6867 2 2 1 1 3231 3428 3232
6868 2 2 1 1 3232 3428 3429
6869 2 2 1 1 3232 3429 3233
6870 2 2 1 1 3233 3429 3430
6871 2 2 1 1 3233 3430 3234
6872 2 2 1 1 3234 3430 3431
6873 2 2 1 1 3234 3431 3235
6874 2 2 1 1 3235 3431 3432
6875 2 2 1 1 3235 3432 3236
6876 2 2 1 1 3236 3432 3433
6877 2 2 1 1 3236 3433 3237
6878 2 2 1 1 3237 3433 3434
6879 2 2 1 1 3237 3434 3238
6880 2 2 1 1 3238 3434 3435
6881 2 2 1 1 3238 3435 3239
6882 2 2 1 1 3239 3435 3436
6883 2 2 1 1 3239 3436 3240
6884 2 2 1 1 3240 3436 3437
6885 2 2 1 1 3240 3437 3241
6886 2 2 1 1 3241 3437 3438
6887 2 2 1 1 3241 3438 3242
6888 2 2 1 1 3242 3438 3439
6889 2 2 1 1 3242 3439 3243
6890 2 2 1 1 3243 3439 3440
6891 2 2 1 1 3243 3440 3244
6892 2 2 1 1 3244 3440 3245
6893 2 2 1 1 3245 3440 3441
6894 2 2 1 1 3245 3441 3246
6895 2 2 1 1 3246 3441 3442
6896 2 2 1 1 3246 3442 3247
6897 2 2 1 1 3247 3442 3443
6898 2 2 1 1 3247 3443 3248
6899 2 2 1 1 3248 3443 3444
6900 2 2 1 1 3248 3444 3249
6901 2 2 1 1 3249 3444 3445
6902 2 2 1 1 3249 3445 3250
6903 2 2 1 1 3250 3445 3446
6904 2 2 1 1 3250 3446 3251
6905 2 2 1 1 3251 3446 3447
6906 2 2 1 1 3251 3447 3252
6907 2 2 1 1 3252 3447 3448
6908 2 2 1 1 3252 3448 3253
6909 2 2 1 1 3253 3448 3449
6910 2 2 1 1 3253 3449 3254
6911 2 2 1 1 3254 3449 3450
6912 2 2 1 1 3254 3450 3255
6913 2 2 1 1 3255 3450 3451
6914 2 2 1 1 3255 3451 3256
6915 2 2 1 1 3256 3451 3452
6916 2 2 1 1 3256 3452 3257
6917 2 2 1 1 3257 3452 3453
6918 2 2 1 1 3257 3453 3258
6919 2 2 1 1 3258 3453 3259
6920 2 2 1 1 3259 3453 3454
6921 2 2 1 1 3259 3454 3260
6922 2 2 1 1 3260 3454 3455
6923 2 2 1 1 3260 3455 3261
6924 2 2 1 1 3261 3455 3456
6925 2 2 1 1 3261 3456 3262
6926 2 2 1 1 3262 3456 3457
6927 2 2 1 1 3262 3457 3263
6928 2 2 1 1 3263 3457 3458
6929 2 2 1 1 3263 3458 3264
6930 2 2 1 1 3264 3458 3459
6931 2 2 1 1 3264 3459 3265
6932 2 2 1 1 3265 3459 3460
6933 2 2 1 1 3265 3460 3266
6934 2 2 1 1 3266 3460 3461
6935 2 2 1 1 3266 3461 3267
6936 2 2 1 1 3267 3461 3462
6937 2 2 1 1 3267 3462 3268
6938 2 2 1 1 3268 3462 3463
6939 2 2 1 1 3268 3463 3269
6940 2 2 1 1 3269 3463 3464
6941 2 2 1 1 3269 3464 3270
6942 2 2 1 1 3270 3464 3465
6943 2 2 1 1 3270 3465 3271
6944 2 2 1 1 3271 3465 3466
6945 2 2 1 1 3271 3466 3272
6946 2 2 1 1 3272 3466 3467
6947 2 2 1 1 3272 3467 3273
6948 2 2 1 1 3273 3467 3274
6949 2 2 1 1 3274 3467 3468
6950 2 2 1 1 3274 3468 3275
6951 2 2 1 1 3275 3468 3469
6952 2 2 1 1 3275 3469 3276
6953 2 2 1 1 3276 3469 3470
6954 2 2 1 1 3276 3470 3277
6955 2 2 1 1 3277 3470 3471
6956 2 2 1 1 3277 3471 3278
6957 2 2 1 1 3278 3471 3472
6958 2 2 1 1 3278 3472 3279
6959 2 2 1 1 3279 3472 3473
6960 2 2 1 1 3279 3473 3280
6961 2 2 1 1 3280 3473 3474
6962 2 2 1 1 3280 3474 3281
6963 2 2 1 1 3281 3474 3475
6964 2 2 1 1 3281 3475 3282
6965 2 2 1 1 3282 3475 3476
6966 2 2 1 1 3282 3476 3283
6967 2 2 1 1 3283 3476 3477
6968 2 2 1 1 3283 3477 3284
6969 2 2 1 1 3284 3477 3478
6970 2 2 1 1 3284 3478 3285
6971 2 2 1 1 3285 3478 3479
6972 2 2 1 1 3285 3479 3286
6973 2 2 1 1 3286 3479 3480
6974 2 2 1 1 3286 3480 3287
6975 2 2 1 1 3287 3480 3288
6976 2 2 1 1 3288 3480 3481
6977 2 2 1 1 3288 3481 3289
6978 2 2 1 1 3289 3481 3482
6979 2 2 1 1 3289 3482 3290
6980 2 2 1 1 3290 3482 3483
6981 2 2 1 1 3290 3483 3291
6982 2 2 1 1 3291 3483 3484
6983 2 2 1 1 3291 3484 3292
6984 2 2 1 1 3292 3484 3485
6985 2 2 1 1 3292 3485 3293
6986 2 2 1 1 3293 3485 3486
6987 2 2 1 1 3293 3486 3294
6988 2 2 1 1 3294 3486 3487
6989 2 2 1 1 3294 3487 3295
6990 2 2 1 1 3295 3487 3488
6991 2 2 1 1 3295 3488 3296
6992 2 2 1 1 3296 3488 3489
6993 2 2 1 1 3296 3489 3297
6994 2 2 1 1 3297 3489 3490
6995 2 2 1 1 3297 3490 3298
6996 2 2 1 1 3298 3490 3491
6997 2 2 1 1 3298 3491 3299
6998 2 2 1 1 3299 3491 3492
6999 2 2 1 1 3299 3492 3300
7000 2 2 1 1 3300 3492 3493
7001 2 2 1 1 3300 3493 3301
7002 2 2 1 1 3301 3493 3494
7003 2 2 1 1 3301 3494 3302
7004 2 2 1 1 3302 3494 3303
7005 2 2 1 1 3303 3494 3495
7006 2 2 1 1 3303 3495 3304
7007 2 2 1 1 3304 3495 3496
7008 2 2 1 1 3304 3496 3305
7009 2 2 1 1 3305 3496 3497
7010 2 2 1 1 3305 3497 3306
7011 2 2 1 1 3306 3497 3498
7012 2 2 1 1 3306 3498 3307
7013 2 2 1 1 3307 3498 3499
7014 2 2 1 1 3307 3499 3308
7015 2 2 1 1 3308 3499 3500
7016 2 2 1 1 3308 3500 3309
7017 2 2 1 1 3309 3500 3501
7018 2 2 1 1 3309 3501 3310
7019 2 2 1 1 3310 3501 3502
7020 2 2 1 1 3310 3502 3311
7021 2 2 1 1 3311 3502 3503
7022 2 2 1 1 3311 3503 3312
7023 2 2 1 1 3312 3503 3504
7024 2 2 1 1 3312 3504 3313
7025 2 2 1 1 3313 3504 3505
7026 2 2 1 1 3313 3505 3314
7027 2 2 1 1 3314 3505 3506
7028 2 2 1 1 3314 3506 3315
7029 2 2 1 1 3315 3506 3507
7030 2 2 1 1 3315 3507 3316
7031 2 2 1 1 3316 3507 3317
7032 2 2 1 1 3317 3507 3508
7033 2 2 1 1 3317 3508 3318
7034 2 2 1 1 3318 3508 3509
7035 2 2 1 1 3318 3509 3319
7036 2 2 1 1 3319 3509 3510
7037 2 2 1 1 3319 3510 3320
7038 2 2 1 1 3320 3510 3511
7039 2 2 1 1 3320 3511 3321
7040 2 2 1 1 3321 3511 3512
7041 2 2 1 1 3321 3512 3322
7042 2 2 1 1 3322 3512 3513
7043 2 2 1 1 3322 3513 3323
7044 2 2 1 1 3323 3513 3514
7045 2 2 1 1 3323 3514 3324
7046 2 2 1 1 3324 3514 3515
7047 2 2 1 1 3324 3515 3325
7048 2 2 1 1 3325 3515 3516
7049 2 2 1 1 3325 3516 3326
7050 2 2 1 1 3326 3516 3517
7051 2 2 1 1 3326 3517 3327
7052 2 2 1 1 3327 3517 3518
7053 2 2 1 1 3327 3518 3328
7054 2 2 1 1 3328 3518 3519
7055 2 2 1 1 3328 3519 3329
7056 2 2 1 1 3329 3519 3520
7057 2 2 1 1 3329 3520 3330
7058 2 2 1 1 3330 3520 3521
7059 2 2 1 1 3330 3521 3331
7060 2 2 1 1 3331 3521 3332
7061 2 2 1 1 3332 3521 3522
7062 2 2 1 1 3332 3522 3333
7063 2 2 1 1 3333 3522 3523
7064 2 2 1 1 3333 3523 3334
7065 2 2 1 1 3334 3523 3524
7066 2 2 1 1 3334 3524 3335
7067 2 2 1 1 3335 3524 3525
7068 2 2 1 1 3335 3525 3336
7069 2 2 1 1 3336 3525 3526
7070 2 2 1 1 3336 3526 3337
7071 2 2 1 1 3337 3526 3527
7072 2 2 1 1 3337 3527 3338
7073 2 2 1 1 3338 3527 3528
7074 2 2 1 1 3338 3528 3339
7075 2 2 1 1 3339 3528 3529
7076 2 2 1 1 3339 3529 3340
7077 2 2 1 1 3340 3529 3530
7078 2 2 1 1 3340 3530 3341
7079 2 2 1 1 3341 3530 3531
7080 2 2 1 1 3341 3531 3342
7081 2 2 1 1 3342 3531 3532
7082 2 2 1 1 3342 3532 3343
7083 2 2 1 1 3343 3532 3533
7084 2 2 1 1 3343 3533 3344
7085 2 2 1 1 3344 3533 3534
7086 2 2 1 1 3344 3534 3345
7087 2 2 1 1 3345 3534 3143
7088 2 2 1 1 3143 3534 3346
7089 2 2 1 1 3346 3535 3347
7090 2 2 1 1 3347 3535 3536
7091 2 2 1 1 3347 3536 3348
7092 2 2 1 1 3348 3536 3537
7093 2 2 1 1 3348 3537 3349
7094 2 2 1 1 3349 3537 3538
7095 2 2 1 1 3349 3538 3350
7096 2 2 1 1 3350 3538 3539
7097 2 2 1 1 3350 3539 3351
7098 2 2 1 1 3351 3539 3540
7099 2 2 1 1 3351 3540 3352
7100 2 2 1 1 3352 3540 3541
7101 2 2 1 1 3352 3541 3353
7102 2 2 1 1 3353 3541 3542
7103 2 2 1 1 3353 3542 3354
7104 2 2 1 1 3354 3542 3543
7105 2 2 1 1 3354 3543 3355
7106 2 2 1 1 3355 3543 3544
7107 2 2 1 1 3355 3544 3356
7108 2 2 1 1 3356 3544 3545
7109 2 2 1 1 3356 3545 3357
7110 2 2 1 1 3357 3545 3546
7111 2 2 1 1 3357 3546 3358
7112 2 2 1 1 3358 3546 3547
7113 2 2 1 1 3358 3547 3359
7114 2 2 1 1 3359 3547 3548
7115 2 2 1 1 3359 3548 3360
7116 2 2 1 1 3360 3548 3549
7117 2 2 1 1 3360 3549 3361
7118 2 2 1 1 3361 3549 3550
7119 2 2 1 1 3361 3550 3362
7120 2 2 1 1 3362 3550 3551
7121 2 2 1 1 3362 3551 3363
7122 2 2 1 1 3363 3551 3552
7123 2 2 1 1 3363 3552 3364
7124 2 2 1 1 3364 3552 3553
7125 2 2 1 1 3364 3553 3365
7126 2 2 1 1 3365 3553 3554
7127 2 2 1 1 3365 3554 3366
7128 2 2 1 1 3366 3554 3367
7129 2 2 1 1 3367 3554 3555
7130 2 2 1 1 3367 3555 3368
7131 2 2 1 1 3368 3555 3556
7132 2 2 1 1 3368 3556 3369
7133 2 2 1 1 3369 3556 3557
7134 2 2 1 1 3369 3557 3370
7135 2 2 1 1 3370 3557 3558
7136 2 2 1 1 3370 3558 3371
7137 2 2 1 1 3371 3558 3559
7138 2 2 1 1 3371 3559 3372
7139 2 2 1 1 3372 3559 3560
7140 2 2 1 1 3372 3560 3373
7141 2 2 1 1 3373 3560 3561
7142 2 2 1 1 3373 3561 3374
7143 2 2 1 1 3374 3561 3562
7144 2 2 1 1 3374 3562 3375
7145 2 2 1 1 3375 3562 3563
7146 2 2 1 1 3375 3563 3376
7147 2 2 1 1 3376 3563 3564
7148 2 2 1 1 3376 3564 3377
7149 2 2 1 1 3377 3564 3565
7150 2 2 1 1 3377 3565 3378
7151 2 2 1 1 3378 3565 3566
7152 2 2 1 1 3378 3566 3379
7153 2 2 1 1 3379 3566 3567
7154 2 2 1 1 3379 3567 3380
7155 2 2 1 1 3380 3567 3568
7156 2 2 1 1 3380 3568 3381
7157 2 2 1 1 3381 3568 3569
7158 2 2 1 1 3381 3569 3382
7159 2 2 1 1 3382 3569 3570
7160 2 2 1 1 3382 3570 3383
7161 2 2 1 1 3383 3570 3571
7162 2 2 1 1 3383 3571 3384
7163 2 2 1 1 3384 3571 3572
7164 2 2 1 1 3384 3572 3385
7165 2 2 1 1 3385 3572 3573
7166 2 2 1 1 3385 3573 3386
7167 2 2 1 1 3386 3573 3574
7168 2 2 1 1 3386 3574 3387
7169 2 2 1 1 3387 3574 3388
7170 2 2 1 1 3388 3574 3575
7171 2 2 1 1 3388 3575 3389
7172 2 2 1 1 3389 3575 3576
7173 2 2 1 1 3389 3576 3390
7174 2 2 1 1 3390 3576 3577
7175 2 2 1 1 3390 3577 3391
7176 2 2 1 1 3391 3577 3578
7177 2 2 1 1 3391 3578 3392
7178 2 2 1 1 3392 3578 3579
7179 2 2 1 1 3392 3579 3393
7180 2 2 1 1 3393 3579 3580
7181 2 2 1 1 3393 3580 3394
7182 2 2 1 1 3394 3580 3581
7183 2 2 1 1 3394 3581 3395
7184 2 2 1 1 3395 3581 3582
7185 2 2 1 1 3395 3582 3396
7186 2 2 1 1 3396 3582 3583
7187 2 2 1 1 3396 3583 3397
7188 2 2 1 1 3397 3583 3584
7189 2 2 1 1 3397 3584 3398
7190 2 2 1 1 3398 3584 3585
7191 2 2 1 1 3398 3585 3399
7192 2 2 1 1 3399 3585 3586
7193 2 2 1 1 3399 3586 3400
7194 2 2 1 1 3400 3586 3587
7195 2 2 1 1 3400 3587 3401
7196 2 2 1 1 3401 3587 3588
7197 2 2 1 1 3401 3588 3402
7198 2 2 1 1 3402 3588 3589
7199 2 2 1 1 3402 3589 3403
7200 2 2 1 1 3403 3589 3590
7201 2 2 1 1 3403 3590 3404
7202 2 2 1 1 3404 3590 3591
7203 2 2 1 1 3404 3591 3405
7204 2 2 1 1 3405 3591 3592
7205 2 2 1 1 3405 3592 3406
7206 2 2 1 1 3406 3592 3593
7207 2 2 1 1 3406 3593 3407
7208 2 2 1 1 3407 3593 3594
7209 2 2 1 1 3407 3594 3408
7210 2 2 1 1 3408 3594 3409
7211 2 2 1 1 3409 3594 3595
7212 2 2 1 1 3409 3595 3410
7213 2 2 1 1 3410 3595 3596
7214 2 2 1 1 3410 3596 3411
7215 2 2 1 1 3411 3596 3597
7216 2 2 1 1 3411 3597 3412
7217 2 2 1 1 3412 3597 3598
7218 2 2 1 1 3412 3598 3413
7219 2 2 1 1 3413 3598 3599
7220 2 2 1 1 3413 3599 3414
7221 2 2 1 1 3414 3599 3600
7222 2 2 1 1 3414 3600 3415
7223 2 2 1 1 3415 3600 3601
7224 2 2 1 1 3415 3601 3416
7225 2 2 1 1 3416 3601 3602
7226 2 2 1 1 3416 3602 3417
7227 2 2 1 1 3417 3602 3603
7228 2 2 1 1 3417 3603 3418
7229 2 2 1 1 3418 3603 3604
7230 2 2 1 1 3418 3604 3419
7231 2 2 1 1 3419 3604 3605
7232 2 2 1 1 3419 3605 3420
7233 2 2 1 1 3420 3605 3606
7234 2 2 1 1 3420 3606 3421
7235 2 2 1 1 3421 3606 3607
7236 2 2 1 1 3421 3607 3422
7237 2 2 1 1 3422 3607 3608
7238 2 2 1 1 3422 3608 3423
7239 2 2 1 1 3423 3608 3609
7240 2 2 1 1 3423 3609 3424
7241 2 2 1 1 3424 3609 3610
7242 2 2 1 1 3424 3610 3425
7243 2 2 1 1 3425 3610 3611
7244 2 2 1 1 3425 3611 3426
7245 2 2 1 1 3426 3611 3612
7246 2 2 1 1 3426 3612 3427
7247 2 2 1 1 3427 3612 3613
7248 2 2 1 1 3427 3613 3428
7249 2 2 1 1 3428 3613 3614
7250 2 2 1 1 3428 3614 3429
7251 2 2 1 1 3429 3614 3430
7252 2 2 1 1 3430 3614 3615
7253 2 2 1 1 3430 3615 3431
7254 2 2 1 1 3431 3615 3616
7255 2 2 1 1 3431 3616 3432
7256 2 2 1 1 3432 3616 3617
7257 2 2 1 1 3432 3617 3433
7258 2 2 1 1 3433 3617 3618
7259 2 2 1 1 3433 3618 3434
7260 2 2 1 1 3434 3618 3619
7261 2 2 1 1 3434 3619 3435
7262 2 2 1 1 3435 3619 3620
7263 2 2 1 1 3435 3620 3436
7264 2 2 1 1 3436 3620 3621
7265 2 2 1 1 3436 3621 3437
7266 2 2 1 1 3437 3621 3622
7267 2 2 1 1 3437 3622 3438
7268 2 2 1 1 3438 3622 3623
7269 2 2 1 1 3438 3623 3439
7270 2 2 1 1 3439 3623 3624
7271 2 2 1 1 3439 3624 3440
7272 2 2 1 1 3440 3624 3625
7273 2 2 1 1 3440 3625 3441
7274 2 2 1 1 3441 3625 3626
7275 2 2 1 1 3441 3626 3442
7276 2 2 1 1 3442 3626 3627
7277 2 2 1 1 3442 3627 3443
7278 2 2 1 1 3443 3627 3628
7279 2 2 1 1 3443 3628 3444
7280 2 2 1 1 3444 3628 3629
7281 2 2 1 1 3444 3629 3445
7282 2 2 1 1 3445 3629 3630
7283 2 2 1 1 3445 3630 3446
7284 2 2 1 1 3446 3630 3631
7285 2 2 1 1 3446 3631 3447
7286 2 2 1 1 3447 3631 3632
7287 2 2 1 1 3447 3632 3448
7288 2 2 1 1 3448 3632 3633
7289 2 2 1 1 3448 3633 3449
7290 2 2 1 1 3449 3633 3634
7291 2 2 1 1 3449 3634 3450
7292 2 2 1 1 3450 3634 3451
7293 2 2 1 1 3451 3634 3635
7294 2 2 1 1 3451 3635 3452
7295 2 2 1 1 3452 3635 3636
7296 2 2 1 1 3452 3636 3453
7297 2 2 1 1 3453 3636 3637
7298 2 2 1 1 3453 3637 3454
7299 2 2 1 1 3454 3637 3638
7300 2 2 1 1 3454 3638 3455
7301 2 2 1 1 3455 3638 3639
7302 2 2 1 1 3455 3639 3456
7303 2 2 1 1 3456 3639 3640
7304 2 2 1 1 3456 3640 3457
7305 2 2 1 1 3457 3640 3641
7306 2 2 1 1 3457 3641 3458
7307 2 2 1 1 3458 3641 3642
7308 2 2 1 1 3458 3642 3459
7309 2 2 1 1 3459 3642 3643
7310 2 2 1 1 3459 3643 3460
7311 2 2 1 1 3460 3643 3644
7312 2 2 1 1 3460 3644 3461
7313 2 2 1 1 3461 3644 3645
7314 2 2 1 1 3461 3645 3462
7315 2 2 1 1 3462 3645 3646
7316 2 2 1 1 3462 3646 3463
7317 2 2 1 1 3463 3646 3647
7318 2 2 1 1 3463 3647 3464
7319 2 2 1 1 3464 3647 3648
7320 2 2 1 1 3464 3648 3465
7321 2 2 1 1 3465 3648 3649
7322 2 2 1 1 3465 3649 3466
7323 2 2 1 1 3466 3649 3650
7324 2 2 1 1 3466 3650 3467
7325 2 2 1 1 3467 3650 3651
7326 2 2 1 1 3467 3651 3468
7327 2 2 1 1 3468 3651 3652
7328 2 2 1 1 3468 3652 3469
7329 2 2 1 1 3469 3652 3653
7330 2 2 1 1 3469 3653 3470
7331 2 2 1 1 3470 3653 3654
7332 2 2 1 1 3470 3654 3471
7333 2 2 1 1 3471 3654 3472
7334 2 2 1 1 3472 3654 3655
7335 2 2 1 1 3472 3655 3473
7336 2 2 1 1 3473 3655 3656
7337 2 2 1 1 3473 3656 3474
7338 2 2 1 1 3474 3656 3657
7339 2 2 1 1 3474 3657 3475
7340 2 2 1 1 3475 3657 3658
7341 2 2 1 1 3475 3658 3476
7342 2 2 1 1 3476 3658 3659
7343 2 2 1 1 3476 3659 3477
7344 2 2 1 1 3477 3659 3660
7345 2 2 1 1 3477 3660 3478
7346 2 2 1 1 3478 3660 3661
7347 2 2 1 1 3478 3661 3479
7348 2 2 1 1 3479 3661 3662
7349 2 2 1 1 3479 3662 3480
7350 2 2 1 1 3480 3662 3663
7351 2 2 1 1 3480 3663 3481
7352 2 2 1 1 3481 3663 3664
7353 2 2 1 1 3481 3664 3482
7354 2 2 1 1 3482 3664 3665
7355 2 2 1 1 3482 3665 3483
7356 2 2 1 1 3483 3665 3666
7357 2 2 1 1 3483 3666 3484
7358 2 2 1 1 3484 3666 3667
7359 2 2 1 1 3484 3667 3485
7360 2 2 1 1 3485 3667 3668
7361 2 2 1 1 3485 3668 3486
7362 2 2 1 1 3486 3668 3669
7363 2 2 1 1 3486 3669 3487
7364 2 2 1 1 3487 3669 3670
7365 2 2 1 1 3487 3670 3488
7366 2 2 1 1 3488 3670 3671
7367 2 2 1 1 3488 3671 3489
7368 2 2 1 1 3489 3671 3672
7369 2 2 1 1 3489 3672 3490
7370 2 2 1 1 3490 3672 3673
7371 2 2 1 1 3490 3673 3491
7372 2 2 1 1 3491 3673 3674
7373 2 2 1 1 3491 3674 3492
7374 2 2 1 1 3492 3674 3493
7375 2 2 1 1 3493 3674 3675
7376 2 2 1 1 3493 3675 3494
7377 2 2 1 1 3494 3675 3676
7378 2 2 1 1 3494 3676 3495
7379 2 2 1 1 3495 3676 3677
7380 2 2 1 1 3495 3677 3496
7381 2 2 1 1 3496 3677 3678
7382 2 2 1 1 3496 3678 3497
7383 2 2 1 1 3497 3678 3679
7384 2 2 1 1 3497 3679 3498
7385 2 2 1 1 3498 3679 3680
7386 2 2 1 1 3498 3680 3499
7387 2 2 1 1 3499 3680 3681
7388 2 2 1 1 3499 3681 3500
7389 2 2 1 1 3500 3681 3682
7390 2 2 1 1 3500 3682 3501
7391 2 2 1 1 3501 3682 3683
7392 2 2 1 1 3501 3683 3502
7393 2 2 1 1 3502 3683 3684
7394 2 2 1 1 3502 3684 3503
7395 2 2 1 1 3503 3684 3685
7396 2 2 1 1 3503 3685 3504
7397 2 2 1 1 3504 3685 3686
7398 2 2 1 1 3504 3686 3505
7399 2 2 1 1 3505 3686 3687
7400 2 2 1 1 3505 3687 3506
7401 2 2 1 1 3506 3687 3688
7402 2 2 1 1 3506 3688 3507
7403 2 2 1 1 3507 3688 3689
7404 2 2 1 1 3507 3689 3508
7405 2 2 1 1 3508 3689 3690
7406 2 2 1 1 3508 3690 3509
7407 2 2 1 1 3509 3690 3691
7408 2 2 1 1 3509 3691 3510
7409 2 2 1 1 3510 3691 3692
7410 2 2 1 1 3510 3692 3511
7411 2 2 1 1 3511 3692 3693
7412 2 2 1 1 3511 3693 3512
7413 2 2 1 1 3512 3693 3694
7414 2 2 1 1 3512 3694 3513
7415 2 2 1 1 3513 3694 3514
7416 2 2 1 1 3514 3694 3695
7417 2 2 1 1 3514 3695 3515
7418 2 2 1 1 3515 3695 3696
7419 2 2 1 1 3515 3696 3516
7420 2 2 1 1 3516 3696 3697
7421 2 2 1 1 3516 3697 3517
7422 2 2 1 1 3517 3697 3698
7423 2 2 1 1 3517 3698 3518
7424 2 2 1 1 3518 3698 3699
7425 2 2 1 1 3518 3699 3519
7426 2 2 1 1 3519 3699 3700
7427 2 2 1 1 3519 3700 3520
7428 2 2 1 1 3520 3700 3701
7429 2 2 1 1 3520 3701 3521
7430 2 2 1 1 3521 3701 3702
7431 2 2 1 1 3521 3702 3522
7432 2 2 1 1 3522 3702 3703
7433 2 2 1 1 3522 3703 3523
7434 2 2 1 1 3523 3703 3704
7435 2 2 1 1 3523 3704 3524
7436 2 2 1 1 3524 3704 3705
7437 2 2 1 1 3524 3705 3525
7438 2 2 1 1 3525 3705 3706
7439 2 2 1 1 3525 3706 3526
7440 2 2 1 1 3526 3706 3707
7441 2 2 1 1 3526 3707 3527
7442 2 2 1 1 3527 3707 3708
7443 2 2 1 1 3527 3708 3528
7444 2 2 1 1 3528 3708 3709
7445 2 2 1 1 3528 3709 3529
7446 2 2 1 1 3529 3709 3710
7447 2 2 1 1 3529 3710 3530
7448 2 2 1 1 3530 3710 3711
7449 2 2 1 1 3530 3711 3531
7450 2 2 1 1 3531 3711 3712
7451 2 2 1 1 3531 3712 3532
7452 2 2 1 1 3532 3712 3713
7453 2 2 1 1 3532 3713 3533
7454 2 2 1 1 3533 3713 3714
7455 2 2 1 1 3533 3714 3534
7456 2 2 1 1 3534 3714 3346
7457 2 2 1 1 3346 3714 3535
7458 2 2 1 1 3535 3715 3536
7459 2 2 1 1 3536 3715 3716
7460 2 2 1 1 3536 3716 3537
7461 2 2 1 1 3537 3716 3717
7462 2 2 1 1 3537 3717 3538
7463 2 2 1 1 3538 3717 3718
7464 2 2 1 1 3538 3718 3539
7465 2 2 1 1 3539 3718 3719
7466 2 2 1 1 3539 3719 3540
7467 2 2 1 1 3540 3719 3720
7468 2 2 1 1 3540 3720 3541
7469 2 2 1 1 3541 3720 3721
7470 2 2 1 1 3541 3721 3542
7471 2 2 1 1 3542 3721 3722
7472 2 2 1 1 3542 3722 3543
7473 2 2 1 1 3543 3722 3723
7474 2 2 1 1 3543 3723 3544
7475 2 2 1 1 3544 3723 3724
7476 2 2 1 1 3544 3724 3545
7477 2 2 1 1 3545 3724 3725
7478 2 2 1 1 3545 3725 3546
7479 2 2 1 1 3546 3725 3726
7480 2 2 1 1 3546 3726 3547
7481 2 2 1 1 3547 3726 3727
7482 2 2 1 1 3547 3727 3548
7483 2 2 1 1 3548 3727 3728
7484 2 2 1 1 3548 3728 3549
7485 2 2 1 1 3549 3728 3729
7486 2 2 1 1 3549 3729 3550
7487 2 2 1 1 3550 3729 3730
7488 2 2 1 1 3550 3730 3551
7489 2 2 1 1 3551 3730 3731
7490 2 2 1 1 3551 3731 3552
7491 2 2 1 1 3552 3731 3732
7492 2 2 1 1 3552 3732 3553
7493 2 2 1 1 3553 3732 3733
7494 2 2 1 1 3553 3733 3554
7495 2 2 1 1 3554 3733 3734
7496 2 2 1 1 3554 3734 3555
7497 2 2 1 1 3555 3734 3735
7498 2 2 1 1 3555 3735 3556
7499 2 2 1 1 3556 3735 3736
7500 2 2 1 1 3556 3736 3557
7501 2 2 1 1 3557 3736 3737
7502 2 2 1 1 3557 3737 3558
7503 2 2 1 1 3558 3737 3738
7504 2 2 1 1 3558 3738 3559
7505 2 2 1 1 3559 3738 3739
7506 2 2 1 1 3559 3739 3560
7507 2 2 1 1 3560 3739 3740
7508 2 2 1 1 3560 3740 3561
7509 2 2 1 1 3561 3740 3741
7510 2 2 1 1 3561 3741 3562
7511 2 2 1 1 3562 3741 3742
7512 2 2 1 1 3562 3742 3563
7513 2 2 1 1 3563 3742 3743
7514 2 2 1 1 3563 3743 3564
7515 2 2 1 1 3564 3743 3744
7516 2 2 1 1 3564 3744 3565
7517 2 2 1 1 3565 3744 3745
7518 2 2 1 1 3565 3745 3566
7519 2 2 1 1 3566 3745 3746
7520 2 2 1 1 3566 3746 3567
7521 2 2 1 1 3567 3746 3747
7522 2 2 1 1 3567 3747 3568
7523 2 2 1 1 3568 3747 3748
7524 2 2 1 1 3568 3748 3569
7525 2 2 1 1 3569 3748 3749
7526 2 2 1 1 3569 3749 3570
7527 2 2 1 1 3570 3749 3571
7528 2 2 1 1 3571 3749 3750
7529 2 2 1 1 3571 3750 3572
7530 2 2 1 1 3572 3750 3751
7531 2 2 1 1 3572 3751 3573
7532 2 2 1 1 3573 3751 3752
7533 2 2 1 1 3573 3752 3574
7534 2 2 1 1 3574 3752 3753
7535 2 2 1 1 3574 3753 3575
7536 2 2 1 1 3575 3753 3754
7537 2 2 1 1 3575 3754 3576
7538 2 2 1 1 3576 3754 3755
7539 2 2 1 1 3576 3755 3577
7540 2 2 1 1 3577 3755 3756
7541 2 2 1 1 3577 3756 3578
7542 2 2 1 1 3578 3756 3757
7543 2 2 1 1 3578 3757 3579
7544 2 2 1 1 3579 3757 3758
7545 2 2 1 1 3579 3758 3580
7546 2 2 1 1 3580 3758 3759
7547 2 2 1 1 3580 3759 3581
7548 2 2 1 1 3581 3759 3760
7549 2 2 1 1 3581 3760 3582
7550 2 2 1 1 3582 3760 3761
7551 2 2 1 1 3582 3761 3583
7552 2 2 1 1 3583 3761 3762
7553 2 2 1 1 3583 3762 3584
7554 2 2 1 1 3584 3762 3763
7555 2 2 1 1 3584 3763 3585
7556 2 2 1 1 3585 3763 3764
7557 2 2 1 1 3585 3764 3586
7558 2 2 1 1 3586 3764 3765
7559 2 2 1 1 3586 3765 3587
7560 2 2 1 1 3587 3765 3766
7561 2 2 1 1 3587 3766 3588
7562 2 2 1 1 3588 3766 3767
7563 2 2 1 1 3588 3767 3589
7564 2 2 1 1 3589 3767 3768
7565 2 2 1 1 3589 3768 3590
7566 2 2 1 1 3590 3768 3769
7567 2 2 1 1 3590 3769 3591
7568 2 2 1 1 3591 3769 3770
7569 2 2 1 1 3591 3770 3592
7570 2 2 1 1 3592 3770 3771
7571 2 2 1 1 3592 3771 3593
7572 2 2 1 1 3593 3771 3772
7573 2 2 1 1 3593 3772 3594
7574 2 2 1 1 3594 3772 3773
7575 2 2 1 1 3594 3773 3595
7576 2 2 1 1 3595 3773 3774
7577 2 2 1 1 3595 3774 3596
7578 2 2 1 1 3596 3774 3775
7579 2 2 1 1 3596 3775 3597
7580 2 2 1 1 3597 3775 3776
7581 2 2 1 1 3597 3776 3598
7582 2 2 1 1 3598 3776 3777
7583 2 2 1 1 3598 3777 3599
7584 2 2 1 1 3599 3777 3778
7585 2 2 1 1 3599 3778 3600
7586 2 2 1 1 3600 3778 3779
7587 2 2 1 1 3600 3779 3601
7588 2 2 1 1 3601 3779 3780
7589 2 2 1 1 3601 3780 3602
7590 2 2 1 1 3602 3780 3781
7591 2 2 1 1 3602 3781 3603
7592 2 2 1 1 3603 3781 3782
7593 2 2 1 1 3603 3782 3604
7594 2 2 1 1 3604 3782 3783
7595 2 2 1 1 3604 3783 3605
7596 2 2 1 1 3605 3783 3784
7597 2 2 1 1 3605 3784 3606
7598 2 2 1 1 3606 3784 3607
7599 2 2 1 1 3607 3784 3785
7600 2 2 1 1 3607 3785 3608
7601 2 2 1 1 3608 3785 3786
7602 2 2 1 1 3608 3786 3609
7603 2 2 1 1 3609 3786 3787
7604 2 2 1 1 3609 3787 3610
7605 2 2 1 1 3610 3787 3788
7606 2 2 1 1 3610 3788 3611
7607 2 2 1 1 3611 3788 3789
7608 2 2 1 1 3611 3789 3612
7609 2 2 1 1 3612 3789 3790
7610 2 2 1 1 3612 3790 3613
7611 2 2 1 1 3613 3790 3791
7612 2 2 1 1 3613 3791 3614
7613 2 2 1 1 3614 3791 3792
7614 2 2 1 1 3614 3792 3615
7615 2 2 1 1 3615 3792 3793
7616 2 2 1 1 3615 3793 3616
7617 2 2 1 1 3616 3793 3794
7618 2 2 1 1 3616 3794 3617
7619 2 2 1 1 3617 3794 3795
7620 2 2 1 1 3617 3795 3618
7621 2 2 1 1 3618 3795 3796
7622 2 2 1 1 3618 3796 3619
7623 2 2 1 1 3619 3796 3797
7624 2 2 1 1 3619 3797 3620
7625 2 2 1 1 3620 3797 3798
7626 2 2 1 1 3620 3798 3621
7627 2 2 1 1 3621 3798 3799
7628 2 2 1 1 3621 3799 3622
7629 2 2 1 1 3622 3799 3800
7630 2 2 1 1 3622 3800 3623
7631 2 2 1 1 3623 3800 3801
7632 2 2 1 1 3623 3801 3624
7633 2 2 1 1 3624 3801 3802
7634 2 2 1 1 3624 3802 3625
7635 2 2 1 1 3625 3802 3803
7636 2 2 1 1 3625 3803 3626
7637 2 2 1 1 3626 3803 3804
7638 2 2 1 1 3626 3804 3627
7639 2 2 1 1 3627 3804 3805
7640 2 2 1 1 3627 3805 3628
7641 2 2 1 1 3628 3805 3806
7642 2 2 1 1 3628 3806 3629
7643 2 2 1 1 3629 3806 3807
7644 2 2 1 1 3629 3807 3630
7645 2 2 1 1 3630 3807 3808
7646 2 2 1 1 3630 3808 3631
7647 2 2 1 1 3631 3808 3809
7648 2 2 1 1 3631 3809 3632
7649 2 2 1 1 3632 3809 3810
7650 2 2 1 1 3632 3810 3633
7651 2 2 1 1 3633 3810 3811
7652 2 2 1 1 3633 3811 3634
7653 2 2 1 1 3634 3811 3812
7654 2 2 1 1 3634 3812 3635
7655 2 2 1 1 3635 3812 3813
7656 2 2 1 1 3635 3813 3636
7657 2 2 1 1 3636 3813 3814
7658 2 2 1 1 3636 3814 3637
7659 2 2 1 1 3637 3814 3815
7660 2 2 1 1 3637 3815 3638
7661 2 2 1 1 3638 3815 3816
7662 2 2 1 1 3638 3816 3639
7663 2 2 1 1 3639 3816 3817
7664 2 2 1 1 3639 3817 3640
7665 2 2 1 1 3640 3817 3818
7666 2 2 1 1 3640 3818 3641
7667 2 2 1 1 3641 3818 3819
7668 2 2 1 1 3641 3819 3642
7669 2 2 1 1 3642 3819 3643
7670 2 2 1 1 3643 3819 3820
7671 2 2 1 1 3643 3820 3644
7672 2 2 1 1 3644 3820 3821
7673 2 2 1 1 3644 3821 3645
7674 2 2 1 1 3645 3821 3822
7675 2 2 1 1 3645 3822 3646
7676 2 2 1 1 3646 3822 3823
7677 2 2 1 1 3646 3823 3647
7678 2 2 1 1 3647 3823 3824
7679 2 2 1 1 3647 3824 3648
7680 2 2 1 1 3648 3824 3825
7681 2 2 1 1 3648 3825 3649
7682 2 2 1 1 3649 3825 3826
7683 2 2 1 1 3649 3826 3650
7684 2 2 1 1 3650 3826 3827
7685 2 2 1 1 3650 3827 3651
7686 2 2 1 1 3651 3827 3828
7687 2 2 1 1 3651 3828 3652
7688 2 2 1 1 3652 3828 3829
7689 2 2 1 1 3652 3829 3653
7690 2 2 1 1 3653 3829 3830
7691 2 2 1 1 3653 3830 3654
7692 2 2 1 1 3654 3830 3831
7693 2 2 1 1 3654 3831 3655
7694 2 2 1 1 3655 3831 3832
7695 2 2 1 1 3655 3832 3656
7696 2 2 1 1 3656 3832 3833
7697 2 2 1 1 3656 3833 3657
7698 2 2 1 1 3657 3833 3834
7699 2 2 1 1 3657 3834 3658
7700 2 2 1 1 3658 3834 3835
7701 2 2 1 1 3658 3835 3659
7702 2 2 1 1 3659 3835 3836
7703 2 2 1 1 3659 3836 3660
7704 2 2 1 1 3660 3836 3837
7705 2 2 1 1 3660 3837 3661
7706 2 2 1 1 3661 3837 3838
7707 2 2 1 1 3661 3838 3662
7708 2 2 1 1 3662 3838 3839
7709 2 2 1 1 3662 3839 3663
7710 2 2 1 1 3663 3839 3840
7711 2 2 1 1 3663 3840 3664
7712 2 2 1 1 3664 3840 3841
7713 2 2 1 1 3664 3841 3665
7714 2 2 1 1 3665 3841 3842
7715 2 2 1 1 3665 3842 3666
7716 2 2 1 1 3666 3842 3843
7717 2 2 1 1 3666 3843 3667
7718 2 2 1 1 3667 3843 3844
7719 2 2 1 1 3667 3844 3668
7720 2 2 1 1 3668 3844 3845
7721 2 2 1 1 3668 3845 3669
7722 2 2 1 1 3669 3845 3846
7723 2 2 1 1 3669 3846 3670
7724 2 2 1 1 3670 3846 3847
7725 2 2 1 1 3670 3847 3671
7726 2 2 1 1 3671 3847 3848
7727 2 2 1 1 3671 3848 3672
7728 2 2 1 1 3672 3848 3849
7729 2 2 1 1 3672 3849 3673
7730 2 2 1 1 3673 3849 3850
7731 2 2 1 1 3673 3850 3674
7732 2 2 1 1 3674 3850 3851
7733 2 2 1 1 3674 3851 3675
7734 2 2 1 1 3675 3851 3852
7735 2 2 1 1 3675 3852 3676
7736 2 2 1 1 3676 3852 3853
7737 2 2 1 1 3676 3853 3677
7738 2 2 1 1 3677 3853 3854
7739 2 2 1 1 3677 3854 3678
7740 2 2 1 1 3678 3854 3679
7741 2 2 1 1 3679 3854 3855
7742 2 2 1 1 3679 3855 3680
7743 2 2 1 1 3680 3855 3856
7744 2 2 1 1 3680 3856 3681
7745 2 2 1 1 3681 3856 3857
7746 2 2 1 1 3681 3857 3682
7747 2 2 1 1 3682 3857 3858
7748 2 2 1 1 3682 3858 3683
7749 2 2 1 1 3683 3858 3859
7750 2 2 1 1 3683 3859 3684
7751 2 2 1 1 3684 3859 3860
7752 2 2 1 1 3684 3860 3685
7753 2 2 1 1 3685 3860 3861
7754 2 2 1 1 3685 3861 3686
7755 2 2 1 1 3686 3861 3862
7756 2 2 1 1 3686 3862 3687
7757 2 2 1 1 3687 3862 3863
7758 2 2 1 1 3687 3863 3688
7759 2 2 1 1 3688 3863 3864
7760 2 2 1 1 3688 3864 3689
7761 2 2 1 1 3689 3864 3865
7762 2 2 1 1 3689 3865 3690
7763 2 2 1 1 3690 3865 3866
7764 2 2 1 1 3690 3866 3691
7765 2 2 1 1 3691 3866 3867
7766 2 2 1 1 3691 3867 3692
7767 2 2 1 1 3692 3867 3868
7768 2 2 1 1 3692 3868 3693
7769 2 2 1 1 3693 3868 3869
7770 2 2 1 1 3693 3869 3694
7771 2 2 1 1 3694 3869 3870
7772 2 2 1 1 3694 3870 3695
7773 2 2 1 1 3695 3870 3871
7774 2 2 1 1 3695 3871 3696
7775 2 2 1 1 3696 3871 3872
7776 2 2 1 1 3696 3872 3697
7777 2 2 1 1 3697 3872 3873
7778 2 2 1 1 3697 3873 3698
7779 2 2 1 1 3698 3873 3874
7780 2 2 1 1 3698 3874 3699
7781 2 2 1 1 3699 3874 3875
7782 2 2 1 1 3699 3875 3700
7783 2 2 1 1 3700 3875 3876
7784 2 2 1 1 3700 3876 3701
7785 2 2 1 1 3701 3876 3877
7786 2 2 1 1 3701 3877 3702
7787 2 2 1 1 3702 3877 3878
7788 2 2 1 1 3702 3878 3703
7789 2 2 1 1 3703 3878 3879
7790 2 2 1 1 3703 3879 3704
7791 2 2 1 1 3704 3879 3880
7792 2 2 1 1 3704 3880 3705
7793 2 2 1 1 3705 3880 3881
7794 2 2 1 1 3705 3881 3706
7795 2 2 1 1 3706 3881 3882
7796 2 2 1 1 3706 3882 3707
7797 2 2 1 1 3707 3882 3883
7798 2 2 1 1 3707 3883 3708
7799 2 2 1 1 3708 3883 3884
7800 2 2 1 1 3708 3884 3709
7801 2 2 1 1 3709 3884 3885
7802 2 2 1 1 3709 3885 3710
7803 2 2 1 1 3710 3885 3886
7804 2 2 1 1 3710 3886 3711
7805 2 2 1 1 3711 3886 3887
7806 2 2 1 1 3711 3887 3712
7807 2 2 1 1 3712 3887 3888
7808 2 2 1 1 3712 3888 3713
7809 2 2 1 1 3713 3888 3889
7810 2 2 1 1 3713 3889 3714
7811 2 2 1 1 3714 3889 3535
7812 2 2 1 1 3535 3889 3715
7813 2 2 1 1 3715 3890 3716
7814 2 2 1 1 3716 3890 3891
7815 2 2 1 1 3716 3891 3717
7816 2 2 1 1 3717 3891 3892
7817 2 2 1 1 3717 3892 3718
7818 2 2 1 1 3718 3892 3893
7819 2 2 1 1 3718 3893 3719
7820 2 2 1 1 3719 3893 3894
7821 2 2 1 1 3719 3894 3720
7822 2 2 1 1 3720 3894 3895
7823 2 2 1 1 3720 3895 3721
7824 2 2 1 1 3721 3895 3896
7825 2 2 1 1 3721 3896 3722
7826 2 2 1 1 3722 3896 3897
7827 2 2 1 1 3722 3897 3723
7828 2 2 1 1 3723 3897 3898
7829 2 2 1 1 3723 3898 3724
7830 2 2 1 1 3724 3898 3899
7831 2 2 1 1 3724 3899 3725
7832 2 2 1 1 3725 3899 3900
7833 2 2 1 1 3725 3900 3726
7834 2 2 1 1 3726 3900 3901
7835 2 2 1 1 3726 3901 3727
7836 2 2 1 1 3727 3901 3902
7837 2 2 1 1 3727 3902 3728
7838 2 2 1 1 3728 3902 3903
7839 2 2 1 1 3728 3903 3729
7840 2 2 1 1 3729 3903 3904
7841 2 2 1 1 3729 3904 3730
7842 2 2 1 1 3730 3904 3905
7843 2 2 1 1 3730 3905 3731
7844 2 2 1 1 3731 3905 3906
7845 2 2 1 1 3731 3906 3732
7846 2 2 1 1 3732 3906 3907
7847 2 2 1 1 3732 3907 3733
7848 2 2 1 1 3733 3907 3908
7849 2 2 1 1 3733 3908 3734
7850 2 2 1 1 3734 3908 3909
7851 2 2 1 1 3734 3909 3735
7852 2 2 1 1 3735 3909 3910
7853 2 2 1 1 3735 3910 3736
7854 2 2 1 1 3736 3910 3911
7855 2 2 1 1 3736 3911 3737
7856 2 2 1 1 3737 3911 3912
7857 2 2 1 1 3737 3912 3738
7858 2 2 1 1 3738 3912 3913
7859 2 2 1 1 3738 3913 3739
7860 2 2 1 1 3739 3913 3914
7861 2 2 1 1 3739 3914 3740
7862 2 2 1 1 3740 3914 3915
7863 2 2 1 1 3740 3915 3741
7864 2 2 1 1 3741 3915 3916
7865 2 2 1 1 3741 3916 3742
7866 2 2 1 1 3742 3916 3917
7867 2 2 1 1 3742 3917 3743
7868 2 2 1 1 3743 3917 3918
7869 2 2 1 1 3743 3918 3744
7870 2 2 1 1 3744 3918 3919
7871 2 2 1 1 3744 3919 3745
7872 2 2 1 1 3745 3919 3920
7873 2 2 1 1 3745 3920 3746
7874 2 2 1 1 3746 3920 3921
7875 2 2 1 1 3746 3921 3747
7876 2 2 1 1 3747 3921 3922
7877 2 2 1 1 3747 3922 3748
7878 2 2 1 1 3748 3922 3923
7879 2 2 1 1 3748 3923 3749
7880 2 2 1 1 3749 3923 3924
7881 2 2 1 1 3749 3924 3750
7882 2 2 1 1 3750 3924 3925
7883 2 2 1 1 3750 3925 3751
7884 2 2 1 1 3751 3925 3926
7885 2 2 1 1 3751 3926 3752
7886 2 2 1 1 3752 3926 3927
7887 2 2 1 1 3752 3927 3753
7888 2 2 1 1 3753 3927 3928
7889 2 2 1 1 3753 3928 3754
7890 2 2 1 1 3754 3928 3929
7891 2 2 1 1 3754 3929 3755
7892 2 2 1 1 3755 3929 3930
7893 2 2 1 1 3755 3930 3756
7894 2 2 1 1 3756 3930 3931
7895 2 2 1 1 3756 3931 3757
7896 2 2 1 1 3757 3931 3932
7897 2 2 1 1 3757 3932 3758
7898 2 2 1 1 3758 3932 3759
7899 2 2 1 1 3759 3932 3933
7900 2 2 1 1 3759 3933 3760
7901 2 2 1 1 3760 3933 3934
7902 2 2 1 1 3760 3934 3761
7903 2 2 1 1 3761 3934 3935
7904 2 2 1 1 3761 3935 3762
7905 2 2 1 1 3762 3935 3936
7906 2 2 1 1 3762 3936 3763
7907 2 2 1 1 3763 3936 3937
7908 2 2 1 1 3763 3937 3764
7909 2 2 1 1 3764 3937 3938
7910 2 2 1 1 3764 3938 3765
7911 2 2 1 1 3765 3938 3939
7912 2 2 1 1 3765 3939 3766
7913 2 2 1 1 3766 3939 3940
7914 2 2 1 1 3766 3940 3767
7915 2 2 1 1 3767 3940 3941
7916 2 2 1 1 3767 3941 3768
7917 2 2 1 1 3768 3941 3942
7918 2 2 1 1 3768 3942 3769
7919 2 2 1 1 3769 3942 3943
7920 2 2 1 1 3769 3943 3770
7921 2 2 1 1 3770 3943 3944
7922 2 2 1 1 3770 3944 3771
7923 2 2 1 1 3771 3944 3945
7924 2 2 1 1 3771 3945 3772
7925 2 2 1 1 3772 3945 3946
7926 2 2 1 1 3772 3946 3773
7927 2 2 1 1 3773 3946 3947
7928 2 2 1 1 3773 3947 3774
7929 2 2 1 1 3774 3947 3948
7930 2 2 1 1 3774 3948 3775
7931 2 2 1 1 3775 3948 3949
7932 2 2 1 1 3775 3949 3776
7933 2 2 1 1 3776 3949 3950
7934 2 2 1 1 3776 3950 3777
7935 2 2 1 1 3777 3950 3951
7936 2 2 1 1 3777 3951 3778
7937 2 2 1 1 3778 3951 3952
7938 2 2 1 1 3778 3952 3779
7939 2 2 1 1 3779 3952 3953
7940 2 2 1 1 3779 3953 3780
7941 2 2 1 1 3780 3953 3954
7942 2 2 1 1 3780 3954 3781
7943 2 2 1 1 3781 3954 3955
7944 2 2 1 1 3781 3955 3782
7945 2 2 1 1 3782 3955 3956
7946 2 2 1 1 3782 3956 3783
7947 2 2 1 1 3783 3956 3957
7948 2 2 1 1 3783 3957 3784
7949 2 2 1 1 3784 3957 3958
7950 2 2 1 1 3784 3958 3785
7951 2 2 1 1 3785 3958 3959
7952 2 2 1 1 3785 3959 3786
7953 2 2 1 1 3786 3959 3960
7954 2 2 1 1 3786 3960 3787
7955 2 2 1 1 3787 3960 3961
7956 2 2 1 1 3787 3961 3788
7957 2 2 1 1 3788 3961 3962
7958 2 2 1 1 3788 3962 3789
7959 2 2 1 1 3789 3962 3963
7960 2 2 1 1 3789 3963 3790
7961 2 2 1 1 3790 3963 3964
7962 2 2 1 1 3790 3964 3791
7963 2 2 1 1 3791 3964 3965
7964 2 2 1 1 3791 3965 3792
7965 2 2 1 1 3792 3965 3966
7966 2 2 1 1 3792 3966 3793
7967 2 2 1 1 3793 3966 3967
7968 2 2 1 1 3793 3967 3794
7969 2 2 1 1 3794 3967 3968
7970 2 2 1 1 3794 3968 3795
7971 2 2 1 1 3795 3968 3969
7972 2 2 1 1 3795 3969 3796
7973 2 2 1 1 3796 3969 3970
7974 2 2 1 1 3796 3970 3797
7975 2 2 1 1 3797 3970 3971
7976 2 2 1 1 3797 3971 3798
7977 2 2 1 1 3798 3971 3972
7978 2 2 1 1 3798 3972 3799
7979 2 2 1 1 3799 3972 3973
7980 2 2 1 1 3799 3973 3800
7981 2 2 1 1 3800 3973 3974
7982 2 2 1 1 3800 3974 3801
7983 2 2 1 1 3801 3974 3975
7984 2 2 1 1 3801 3975 3802
7985 2 2 1 1 3802 3975 3803
7986 2 2 1 1 3803 3975 3976
7987 2 2 1 1 3803 3976 3804
7988 2 2 1 1 3804 3976 3977
7989 2 2 1 1 3804 3977 3805
7990 2 2 1 1 3805 3977 3978
7991 2 2 1 1 3805 3978 3806
7992 2 2 1 1 3806 3978 3979
7993 2 2 1 1 3806 3979 3807
7994 2 2 1 1 3807 3979 3980
7995 2 2 1 1 3807 3980 3808
7996 2 2 1 1 3808 3980 3981
7997 2 2 1 1 3808 3981 3809
7998 2 2 1 1 3809 3981 3982
7999 2 2 1 1 3809 3982 3810
8000 2 2 1 1 3810 3982 3983
8001 2 2 1 1 3810 3983 3811
8002 2 2 1 1 3811 3983 3984
8003 2 2 1 1 3811 3984 3812
8004 2 2 1 1 3812 3984 3985
8005 2 2 1 1 3812 3985 3813
8006 2 2 1 1 3813 3985 3986
8007 2 2 1 1 3813 3986 3814
8008 2 2 1 1 3814 3986 3987
8009 2 2 1 1 3814 3987 3815
8010 2 2 1 1 3815 3987 3988
8011 2 2 1 1 3815 3988 3816
8012 2 2 1 1 3816 3988 3989
8013 2 2 1 1 3816 3989 3817
8014 2 2 1 1 3817 3989 3990
8015 2 2 1 1 3817 3990 3818
8016 2 2 1 1 3818 3990 3991
8017 2 2 1 1 3818 3991 3819
8018 2 2 1 1 3819 3991 3992
8019 2 2 1 1 3819 3992 3820
8020 2 2 1 1 3820 3992 3993
8021 2 2 1 1 3820 3993 3821
8022 2 2 1 1 3821 3993 3994
8023 2 2 1 1 3821 3994 3822
8024 2 2 1 1 3822 3994 3995
8025 2 2 1 1 3822 3995 3823
8026 2 2 1 1 3823 3995 3996
8027 2 2 1 1 3823 3996 3824
8028 2 2 1 1 3824 3996 3997
8029 2 2 1 1 3824 3997 3825
8030 2 2 1 1 3825 3997 3998
8031 2 2 1 1 3825 3998 3826
8032 2 2 1 1 3826 3998 3999
8033 2 2 1 1 3826 3999 3827
8034 2 2 1 1 3827 3999 4000
8035 2 2 1 1 3827 4000 3828
8036 2 2 1 1 3828 4000 4001
8037 2 2 1 1 3828 4001 3829
8038 2 2 1 1 3829 4001 4002
8039 2 2 1 1 3829 4002 3830
8040 2 2 1 1 3830 4002 4003
8041 2 2 1 1 3830 4003 3831
8042 2 2 1 1 3831 4003 4004
8043 2 2 1 1 3831 4004 3832
8044 2 2 1 1 3832 4004 4005
8045 2 2 1 1 3832 4005 3833
8046 2 2 1 1 3833 4005 4006
8047 2 2 1 1 3833 4006 3834
8048 2 2 1 1 3834 4006 4007
8049 2 2 1 1 3834 4007 3835
8050 2 2 1 1 3835 4007 4008
8051 2 2 1 1 3835 4008 3836
8052 2 2 1 1 3836 4008 4009
8053 2 2 1 1 3836 4009 3837
8054 2 2 1 1 3837 4009 4010
8055 2 2 1 1 3837 4010 3838
8056 2 2 1 1 3838 4010 4011
8057 2 2 1 1 3838 4011 3839
8058 2 2 1 1 3839 4011 4012
8059 2 2 1 1 3839 4012 3840
8060 2 2 1 1 3840 4012 4013
8061 2 2 1 1 3840 4013 3841
8062 2 2 1 1 3841 4013 4014
8063 2 2 1 1 3841 4014 3842
8064 2 2 1 1 3842 4014 4015
8065 2 2 1 1 3842 4015 3843
8066 2 2 1 1 3843 4015 4016
8067 2 2 1 1 3843 4016 3844
8068 2 2 1 1 3844 4016 4017
8069 2 2 1 1 3844 4017 3845
8070 2 2 1 1 3845 4017 4018
8071 2 2 1 1 3845 4018 3846
8072 2 2 1 1 3846 4018 3847
8073 2 2 1 1 3847 4018 4019
8074 2 2 1 1 3847 4019 3848
8075 2 2 1 1 3848 4019 4020
8076 2 2 1 1 3848 4020 3849
8077 2 2 1 1 3849 4020 4021
8078 2 2 1 1 3849 4021 3850
8079 2 2 1 1 3850 4021 4022
8080 2 2 1 1 3850 4022 3851
8081 2 2 1 1 3851 4022 4023
8082 2 2 1 1 3851 4023 3852
8083 2 2 1 1 3852 4023 4024
8084 2 2 1 1 3852 4024 3853
8085 2 2 1 1 3853 4024 4025
8086 2 2 1 1 3853 4025 3854
8087 2 2 1 1 3854 4025 4026
8088 2 2 1 1 3854 4026 3855
8089 2 2 1 1 3855 4026 4027
8090 2 2 1 1 3855 4027 3856
8091 2 2 1 1 3856 4027 4028
8092 2 2 1 1 3856 4028 3857
8093 2 2 1 1 3857 4028 4029
8094 2 2 1 1 3857 4029 3858
8095 2 2 1 1 3858 4029 4030
8096 2 2 1 1 3858 4030 3859
8097 2 2 1 1 3859 4030 4031
8098 2 2 1 1 3859 4031 3860
8099 2 2 1 1 3860 4031 4032
8100 2 2 1 1 3860 4032 3861
8101 2 2 1 1 3861 4032 4033
8102 2 2 1 1 3861 4033 3862
8103 2 2 1 1 3862 4033 4034
8104 2 2 1 1 3862 4034 3863
8105 2 2 1 1 3863 4034 4035
8106 2 2 1 1 3863 4035 3864
8107 2 2 1 1 3864 4035 4036
8108 2 2 1 1 3864 4036 3865
8109 2 2 1 1 3865 4036 4037
8110 2 2 1 1 3865 4037 3866
8111 2 2 1 1 3866 4037 4038
8112 2 2 1 1 3866 4038 3867
8113 2 2 1 1 3867 4038 4039
8114 2 2 1 1 3867 4039 3868
8115 2 2 1 1 3868 4039 4040
8116 2 2 1 1 3868 4040 3869
8117 2 2 1 1 3869 4040 4041
8118 2 2 1 1 3869 4041 3870
8119 2 2 1 1 3870 4041 4042
8120 2 2 1 1 3870 4042 3871
8121 2 2 1 1 3871 4042 4043
8122 2 2 1 1 3871 4043 3872
8123 2 2 1 1 3872 4043 4044
8124 2 2 1 1 3872 4044 3873
8125 2 2 1 1 3873 4044 4045
8126 2 2 1 1 3873 4045 3874
8127 2 2 1 1 3874 4045 4046
8128 2 2 1 1 3874 4046 3875
8129 2 2 1 1 3875 4046 4047
8130 2 2 1 1 3875 4047 3876
8131 2 2 1 1 3876 4047 4048
8132 2 2 1 1 3876 4048 3877
8133 2 2 1 1 3877 4048 4049
8134 2 2 1 1 3877 4049 3878
8135 2 2 1 1 3878 4049 4050
8136 2 2 1 1 3878 4050 3879
8137 2 2 1 1 3879 4050 4051
8138 2 2 1 1 3879 4051 3880
8139 2 2 1 1 3880 4051 4052
8140 2 2 1 1 3880 4052 3881
8141 2 2 1 1 3881 4052 4053
8142 2 2 1 1 3881 4053 3882
8143 2 2 1 1 3882 4053 4054
8144 2 2 1 1 3882 4054 3883
8145 2 2 1 1 3883 4054 4055
8146 2 2 1 1 3883 4055 3884
8147 2 2 1 1 3884 4055 4056
8148 2 2 1 1 3884 4056 3885
8149 2 2 1 1 3885 4056 4057
8150 2 2 1 1 3885 4057 3886
8151 2 2 1 1 3886 4057 4058
8152 2 2 1 1 3886 4058 3887
8153 2 2 1 1 3887 4058 4059
8154 2 2 1 1 3887 4059 3888
8155 2 2 1 1 3888 4059 4060
8156 2 2 1 1 3888 4060 3889
8157 2 2 1 1 3889 4060 3715
8158 2 2 1 1 3715 4060 3890
8159 2 2 1 1 3890 4061 3891
8160 2 2 1 1 3891 4061 4062
8161 2 2 1 1 3891 4062 3892
8162 2 2 1 1 3892 4062 4063
8163 2 2 1 1 3892 4063 3893
8164 2 2 1 1 3893 4063 4064
8165 2 2 1 1 3893 4064 3894
8166 2 2 1 1 3894 4064 4065
8167 2 2 1 1 3894 4065 3895
8168 2 2 1 1 3895 4065 4066
8169 2 2 1 1 3895 4066 3896
8170 2 2 1 1 3896 4066 4067
8171 2 2 1 1 3896 4067 3897
8172 2 2 1 1 3897 4067 4068
8173 2 2 1 1 3897 4068 3898
8174 2 2 1 1 3898 4068 4069
8175 2 2 1 1 3898 4069 3899
8176 2 2 1 1 3899 4069 4070
8177 2 2 1 1 3899 4070 3900
8178 2 2 1 1 3900 4070 4071
8179 2 2 1 1 3900 4071 3901
8180 2 2 1 1 3901 4071 4072
8181 2 2 1 1 3901 4072 3902
8182 2 2 1 1 3902 4072 4073
8183 2 2 1 1 3902 4073 3903
8184 2 2 1 1 3903 4073 4074
8185 2 2 1 1 3903 4074 3904
8186 2 2 1 1 3904 4074 4075
8187 2 2 1 1 3904 4075 3905
8188 2 2 1 1 3905 4075 4076
8189 2 2 1 1 3905 4076 3906
8190 2 2 1 1 3906 4076 4077
8191 2 2 1 1 3906 4077 3907
8192 2 2 1 1 3907 4077 4078
8193 2 2 1 1 3907 4078 3908
8194 2 2 1 1 3908 4078 4079
8195 2 2 1 1 3908 4079 3909
8196 2 2 1 1 3909 4079 4080
8197 2 2 1 1 3909 4080 3910
8198 2 2 1 1 3910 4080 4081
8199 2 2 1 1 3910 4081 3911
8200 2 2 1 1 3911 4081 4082
8201 2 2 1 1 3911 4082 3912
8202 2 2 1 1 3912 4082 4083
8203 2 2 1 1 3912 4083 3913
8204 2 2 1 1 3913 4083 4084
8205 2 2 1 1 3913 4084 3914
8206 2 2 1 1 3914 4084 4085
8207 2 2 1 1 3914 4085 3915
8208 2 2 1 1 3915 4085 4086
8209 2 2 1 1 3915 4086 3916
8210 2 2 1 1 3916 4086 4087
8211 2 2 1 1 3916 4087 3917
8212 2 2 1 1 3917 4087 4088
8213 2 2 1 1 3917 4088 3918
8214 2 2 1 1 3918 4088 4089
8215 2 2 1 1 3918 4089 3919
8216 2 2 1 1 3919 4089 4090
8217 2 2 1 1 3919 4090 3920
8218 2 2 1 1 3920 4090 4091
8219 2 2 1 1 3920 4091 3921
8220 2 2 1 1 3921 4091 4092
8221 2 2 1 1 3921 4092 3922
8222 2 2 1 1 3922 4092 4093
8223 2 2 1 1 3922 4093 3923
8224 2 2 1 1 3923 4093 4094
8225 2 2 1 1 3923 4094 3924
8226 2 2 1 1 3924 4094 4095
8227 2 2 1 1 3924 4095 3925
8228 2 2 1 1 3925 4095 4096
8229 2 2 1 1 3925 4096 3926
8230 2 2 1 1 3926 4096 4097
8231 2 2 1 1 3926 4097 3927
8232 2 2 1 1 3927 4097 4098
8233 2 2 1 1 3927 4098 3928
8234 2 2 1 1 3928 4098 4099
8235 2 2 1 1 3928 4099 3929
8236 2 2 1 1 3929 4099 4100
8237 2 2 1 1 3929 4100 3930
8238 2 2 1 1 3930 4100 4101
8239 2 2 1 1 3930 4101 3931
8240 2 2 1 1 3931 4101 4102
8241 2 2 1 1 3931 4102 3932
8242 2 2 1 1 3932 4102 4103
8243 2 2 1 1 3932 4103 3933
8244 2 2 1 1 3933 4103 4104
8245 2 2 1 1 3933 4104 3934
8246 2 2 1 1 3934 4104 4105
8247 2 2 1 1 3934 4105 3935
8248 2 2 1 1 3935 4105 4106
8249 2 2 1 1 3935 4106 3936
8250 2 2 1 1 3936 4106 4107
8251 2 2 1 1 3936 4107 3937
8252 2 2 1 1 3937 4107 4108
8253 2 2 1 1 3937 4108 3938
8254 2 2 1 1 3938 4108 4109
8255 2 2 1 1 3938 4109 3939
8256 2 2 1 1 3939 4109 4110
8257 2 2 1 1 3939 4110 3940
8258 2 2 1 1 3940 4110 4111
8259 2 2 1 1 3940 4111 3941
8260 2 2 1 1 3941 4111 4112
8261 2 2 1 1 3941 4112 3942
8262 2 2 1 1 3942 4112 4113
8263 2 2 1 1 3942 4113 3943
8264 2 2 1 1 3943 4113 4114
8265 2 2 1 1 3943 4114 3944
8266 2 2 1 1 3944 4114 4115
8267 2 2 1 1 3944 4115 3945
8268 2 2 1 1 3945 4115 4116
8269 2 2 1 1 3945 4116 3946
8270 2 2 1 1 3946 4116 4117
8271 2 2 1 1 3946 4117 3947
8272 2 2 1 1 3947 4117 4118
8273 2 2 1 1 3947 4118 3948
8274 2 2 1 1 3948 4118 4119
8275 2 2 1 1 3948 4119 3949
8276 2 2 1 1 3949 4119 4120
8277 2 2 1 1 3949 4120 3950
8278 2 2 1 1 3950 4120 4121
8279 2 2 1 1 3950 4121 3951
8280 2 2 1 1 3951 4121 4122
8281 2 2 1 1 3951 4122 3952
8282 2 2 1 1 3952 4122 4123
8283 2 2 1 1 3952 4123 3953
8284 2 2 1 1 3953 4123 4124
8285 2 2 1 1 3953 4124 3954
8286 2 2 1 1 3954 4124 4125
8287 2 2 1 1 3954 4125 3955
8288 2 2 1 1 3955 4125 4126
8289 2 2 1 1 3955 4126 3956
8290 2 2 1 1 3956 4126 4127
8291 2 2 1 1 3956 4127 3957
8292 2 2 1 1 3957 4127 4128
8293 2 2 1 1 3957 4128 3958
8294 2 2 1 1 3958 4128 4129
8295 2 2 1 1 3958 4129 3959
8296 2 2 1 1 3959 4129 4130
8297 2 2 1 1 3959 4130 3960
8298 2 2 1 1 3960 4130 4131
8299 2 2 1 1 3960 4131 3961
8300 2 2 1 1 3961 4131 4132
8301 2 2 1 1 3961 4132 3962
8302 2 2 1 1 3962 4132 4133
8303 2 2 1 1 3962 4133 3963
8304 2 2 1 1 3963 4133 4134
8305 2 2 1 1 3963 4134 3964
8306 2 2 1 1 3964 4134 4135
8307 2 2 1 1 3964 4135 3965
8308 2 2 1 1 3965 4135 4136
8309 2 2 1 1 3965 4136 3966
8310 2 2 1 1 3966 4136 4137
8311 2 2 1 1 3966 4137 3967
8312 2 2 1 1 3967 4137 4138
8313 2 2 1 1 3967 4138 3968
8314 2 2 1 1 3968 4138 4139
8315 2 2 1 1 3968 4139 3969
8316 2 2 1 1 3969 4139 4140
8317 2 2 1 1 3969 4140 3970
8318 2 2 1 1 3970 4140 4141
8319 2 2 1 1 3970 4141 3971
8320 2 2 1 1 3971 4141 4142
8321 2 2 1 1 3971 4142 3972
8322 2 2 1 1 3972 4142 4143
8323 2 2 1 1 3972 4143 3973
8324 2 2 1 1 3973 4143 4144
8325 2 2 1 1 3973 4144 3974
8326 2 2 1 1 3974 4144 4145
8327 2 2 1 1 3974 4145 3975
8328 2 2 1 1 3975 4145 4146
8329 2 2 1 1 3975 4146 3976
8330 2 2 1 1 3976 4146 4147
8331 2 2 1 1 3976 4147 3977
8332 2 2 1 1 3977 4147 4148
8333 2 2 1 1 3977 4148 3978
8334 2 2 1 1 3978 4148 4149
8335 2 2 1 1 3978 4149 3979
8336 2 2 1 1 3979 4149 4150
8337 2 2 1 1 3979 4150 3980
8338 2 2 1 1 3980 4150 4151
8339 2 2 1 1 3980 4151 3981
8340 2 2 1 1 3981 4151 4152
8341 2 2 1 1 3981 4152 3982
8342 2 2 1 1 3982 4152 4153
8343 2 2 1 1 3982 4153 3983
8344 2 2 1 1 3983 4153 4154
8345 2 2 1 1 3983 4154 3984
8346 2 2 1 1 3984 4154 4155
8347 2 2 1 1 3984 4155 3985
8348 2 2 1 1 3985 4155 4156
8349 2 2 1 1 3985 4156 3986
8350 2 2 1 1 3986 4156 4157
8351 2 2 1 1 3986 4157 3987
8352 2 2 1 1 3987 4157 4158
8353 2 2 1 1 3987 4158 3988
8354 2 2 1 1 3988 4158 4159
8355 2 2 1 1 3988 4159 3989
8356 2 2 1 1 3989 4159 4160
8357 2 2 1 1 3989 4160 3990
8358 2 2 1 1 3990 4160 4161
8359 2 2 1 1 3990 4161 3991
8360 2 2 1 1 3991 4161 4162
8361 2 2 1 1 3991 4162 3992
8362 2 2 1 1 3992 4162 4163
8363 2 2 1 1 3992 4163 3993
8364 2 2 1 1 3993 4163 4164
8365 2 2 1 1 3993 4164 3994
8366 2 2 1 1 3994 4164 4165
8367 2 2 1 1 3994 4165 3995
8368 2 2 1 1 3995 4165 4166
8369 2 2 1 1 3995 4166 3996
8370 2 2 1 1 3996 4166 4167
8371 2 2 1 1 3996 4167 3997
8372 2 2 1 1 3997 4167 4168
8373 2 2 1 1 3997 4168 3998
8374 2 2 1 1 3998 4168 4169
8375 2 2 1 1 3998 4169 3999
8376 2 2 1 1 3999 4169 4170
8377 2 2 1 1 3999 4170 4000
8378 2 2 1 1 4000 4170 4171
8379 2 2 1 1 4000 4171 4001
8380 2 2 1 1 4001 4171 4172
8381 2 2 1 1 4001 4172 4002
8382 2 2 1 1 4002 4172 4173
8383 2 2 1 1 4002 4173 4003
8384 2 2 1 1 4003 4173 4174
8385 2 2 1 1 4003 4174 4004
8386 2 2 1 1 4004 4174 4175
8387 2 2 1 1 4004 4175 4005
8388 2 2 1 1 4005 4175 4176
8389 2 2 1 1 4005 4176 4006
8390 2 2 1 1 4006 4176 4177
8391 2 2 1 1 4006 4177 4007
8392 2 2 1 1 4007 4177 4178
8393 2 2 1 1 4007 4178 4008
8394 2 2 1 1 4008 4178 4179
8395 2 2 1 1 4008 4179 4009
8396 2 2 1 1 4009 4179 4180
8397 2 2 1 1 4009 4180 4010
8398 2 2 1 1 4010 4180 4181
8399 2 2 1 1 4010 4181 4011
8400 2 2 1 1 4011 4181 4182
8401 2 2 1 1 4011 4182 4012
8402 2 2 1 1 4012 4182 4183
8403 2 2 1 1 4012 4183 4013
8404 2 2 1 1 4013 4183 4184
8405 2 2 1 1 4013 4184 4014
8406 2 2 1 1 4014 4184 4185
8407 2 2 1 1 4014 4185 4015
8408 2 2 1 1 4015 4185 4186
8409 2 2 1 1 4015 4186 4016
8410 2 2 1 1 4016 4186 4187
8411 2 2 1 1 4016 4187 4017
8412 2 2 1 1 4017 4187 4188
8413 2 2 1 1 4017 4188 4018
8414 2 2 1 1 4018 4188 4189
8415 2 2 1 1 4018 4189 4019
8416 2 2 1 1 4019 4189 4190
8417 2 2 1 1 4019 4190 4020
8418 2 2 1 1 4020 4190 4191
8419 2 2 1 1 4020 4191 4021
8420 2 2 1 1 4021 4191 4192
8421 2 2 1 1 4021 4192 4022
8422 2 2 1 1 4022 4192 4193
8423 2 2 1 1 4022 4193 4023
8424 2 2 1 1 4023 4193 4194
8425 2 2 1 1 4023 4194 4024
8426 2 2 1 1 4024 4194 4195
8427 2 2 1 1 4024 4195 4025
8428 2 2 1 1 4025 4195 4196
8429 2 2 1 1 4025 4196 4026
8430 2 2 1 1 4026 4196 4197
8431 2 2 1 1 4026 4197 4027
8432 2 2 1 1 4027 4197 4198
8433 2 2 1 1 4027 4198 4028
8434 2 2 1 1 4028 4198 4199
8435 2 2 1 1 4028 4199 4029
8436 2 2 1 1 4029 4199 4200
8437 2 2 1 1 4029 4200 4030
8438 2 2 1 1 4030 4200 4201
8439 2 2 1 1 4030 4201 4031
8440 2 2 1 1 4031 4201 4202
8441 2 2 1 1 4031 4202 4032
8442 2 2 1 1 4032 4202 4203
8443 2 2 1 1 4032 4203 4033
8444 2 2 1 1 4033 4203 4204
8445 2 2 1 1 4033 4204 4034
8446 2 2 1 1 4034 4204 4205
8447 2 2 1 1 4034 4205 4035
8448 2 2 1 1 4035 4205 4206
8449 2 2 1 1 4035 4206 4036
8450 2 2 1 1 4036 4206 4207
8451 2 2 1 1 4036 4207 4037
8452 2 2 1 1 4037 4207 4208
8453 2 2 1 1 4037 4208 4038
8454 2 2 1 1 4038 4208 4209
8455 2 2 1 1 4038 4209 4039
8456 2 2 1 1 4039 4209 4210
8457 2 2 1 1 4039 4210 4040
8458 2 2 1 1 4040 4210 4211
8459 2 2 1 1 4040 4211 4041
8460 2 2 1 1 4041 4211 4212
8461 2 2 1 1 4041 4212 4042
8462 2 2 1 1 4042 4212 4213
8463 2 2 1 1 4042 4213 4043
8464 2 2 1 1 4043 4213 4214
8465 2 2 1 1 4043 4214 4044
8466 2 2 1 1 4044 4214 4215
8467 2 2 1 1 4044 4215 4045
8468 2 2 1 1 4045 4215 4216
8469 2 2 1 1 4045 4216 4046
8470 2 2 1 1 4046 4216 4217
8471 2 2 1 1 4046 4217 4047
8472 2 2 1 1 4047 4217 4218
8473 2 2 1 1 4047 4218 4048
8474 2 2 1 1 4048 4218 4219
8475 2 2 1 1 4048 4219 4049
8476 2 2 1 1 4049 4219 4220
8477 2 2 1 1 4049 4220 4050
8478 2 2 1 1 4050 4220 4221
8479 2 2 1 1 4050 4221 4051
8480 2 2 1 1 4051 4221 4222
8481 2 2 1 1 4051 4222 4052
8482 2 2 1 1 4052 4222 4223
8483 2 2 1 1 4052 4223 4053
8484 2 2 1 1 4053 4223 4224
8485 2 2 1 1 4053 4224 4054
8486 2 2 1 1 4054 4224 4225
8487 2 2 1 1 4054 4225 4055
8488 2 2 1 1 4055 4225 4226
8489 2 2 1 1 4055 4226 4056
8490 2 2 1 1 4056 4226 4227
8491 2 2 1 1 4056 4227 4057
8492 2 2 1 1 4057 4227 4228
8493 2 2 1 1 4057 4228 4058
8494 2 2 1 1 4058 4228 4229
8495 2 2 1 1 4058 4229 4059
8496 2 2 1 1 4059 4229 4230
8497 2 2 1 1 4059 4230 4060
8498 2 2 1 1 4060 4230 3890
8499 2 2 1 1 3890 4230 4061
8500 2 2 1 1 4061 4231 4232
8501 2 2 1 1 4061 4232 4062
8502 2 2 1 1 4062 4232 4233
8503 2 2 1 1 4062 4233 4063
8504 2 2 1 1 4063 4233 4234
8505 2 2 1 1 4063 4234 4064
8506 2 2 1 1 4064 4234 4235
8507 2 2 1 1 4064 4235 4065
8508 2 2 1 1 4065 4235 4236
8509 2 2 1 1 4065 4236 4066
8510 2 2 1 1 4066 4236 4237
8511 2 2 1 1 4066 4237 4067
8512 2 2 1 1 4067 4237 4238
8513 2 2 1 1 4067 4238 4068
8514 2 2 1 1 4068 4238 4239
8515 2 2 1 1 4068 4239 4069
8516 2 2 1 1 4069 4239 4240
8517 2 2 1 1 4069 4240 4070
8518 2 2 1 1 4070 4240 4241
8519 2 2 1 1 4070 4241 4071
8520 2 2 1 1 4071 4241 4242
8521 2 2 1 1 4071 4242 4072
8522 2 2 1 1 4072 4242 4243
8523 2 2 1 1 4072 4243 4073
8524 2 2 1 1 4073 4243 4244
8525 2 2 1 1 4073 4244 4074
8526 2 2 1 1 4074 4244 4245
8527 2 2 1 1 4074 4245 4075
8528 2 2 1 1 4075 4245 4246
8529 2 2 1 1 4075 4246 4076
8530 2 2 1 1 4076 4246 4247
8531 2 2 1 1 4076 4247 4077
8532 2 2 1 1 4077 4247 4248
8533 2 2 1 1 4077 4248 4078
8534 2 2 1 1 4078 4248 4249
8535 2 2 1 1 4078 4249 4079
8536 2 2 1 1 4079 4249 4250
8537 2 2 1 1 4079 4250 4080
8538 2 2 1 1 4080 4250 4251
8539 2 2 1 1 4080 4251 4081
8540 2 2 1 1 4081 4251 4252
8541 2 2 1 1 4081 4252 4082
8542 2 2 1 1 4082 4252 4253
8543 2 2 1 1 4082 4253 4083
8544 2 2 1 1 4083 4253 4254
8545 2 2 1 1 4083 4254 4084
8546 2 2 1 1 4084 4254 4255
8547 2 2 1 1 4084 4255 4085
8548 2 2 1 1 4085 4255 4256
8549 2 2 1 1 4085 4256 4086
8550 2 2 1 1 4086 4256 4257
8551 2 2 1 1 4086 4257 4087
8552 2 2 1 1 4087 4257 4258
8553 2 2 1 1 4087 4258 4088
8554 2 2 1 1 4088 4258 4259
8555 2 2 1 1 4088 4259 4089
8556 2 2 1 1 4089 4259 4260
8557 2 2 1 1 4089 4260 4090
8558 2 2 1 1 4090 4260 4261
8559 2 2 1 1 4090 4261 4091
8560 2 2 1 1 4091 4261 4262
8561 2 2 1 1 4091 4262 4092
8562 2 2 1 1 4092 4262 4263
8563 2 2 1 1 4092 4263 4093
8564 2 2 1 1 4093 4263 4264
8565 2 2 1 1 4093 4264 4094
8566 2 2 1 1 4094 4264 4265
8567 2 2 1 1 4094 4265 4095
8568 2 2 1 1 4095 4265 4266
8569 2 2 1 1 4095 4266 4096
8570 2 2 1 1 4096 4266 4267
8571 2 2 1 1 4096 4267 4097
8572 2 2 1 1 4097 4267 4268
8573 2 2 1 1 4097 4268 4098
8574 2 2 1 1 4098 4268 4269
8575 2 2 1 1 4098 4269 4099
8576 2 2 1 1 4099 4269 4270
8577 2 2 1 1 4099 4270 4100
8578 2 2 1 1 4100 4270 4271
8579 2 2 1 1 4100 4271 4101
8580 2 2 1 1 4101 4271 4272
8581 2 2 1 1 4101 4272 4102
8582 2 2 1 1 4102 4272 4273
8583 2 2 1 1 4102 4273 4103
8584 2 2 1 1 4103 4273 4274
8585 2 2 1 1 4103 4274 4104
8586 2 2 1 1 4104 4274 4275
8587 2 2 1 1 4104 4275 4105
8588 2 2 1 1 4105 4275 4276
8589 2 2 1 1 4105 4276 4106
8590 2 2 1 1 4106 4276 4277
8591 2 2 1 1 4106 4277 4107
8592 2 2 1 1 4107 4277 4278
8593 2 2 1 1 4107 4278 4108
8594 2 2 1 1 4108 4278 4279
8595 2 2 1 1 4108 4279 4109
8596 2 2 1 1 4109 4279 4280
8597 2 2 1 1 4109 4280 4110
8598 2 2 1 1 4110 4280 4281
8599 2 2 1 1 4110 4281 4111
8600 2 2 1 1 4111 4281 4282
8601 2 2 1 1 4111 4282 4112
8602 2 2 1 1 4112 4282 4283
8603 2 2 1 1 4112 4283 4113
8604 2 2 1 1 4113 4283 4284
8605 2 2 1 1 4113 4284 4114
8606 2 2 1 1 4114 4284 4285
8607 2 2 1 1 4114 4285 4115
8608 2 2 1 1 4115 4285 4286
8609 2 2 1 1 4115 4286 4116
8610 2 2 1 1 4116 4286 4287
8611 2 2 1 1 4116 4287 4117
8612 2 2 1 1 4117 4287 4288
8613 2 2 1 1 4117 4288 4118
8614 2 2 1 1 4118 4288 4289
8615 2 2 1 1 4118 4289 4119
8616 2 2 1 1 4119 4289 4290
8617 2 2 1 1 4119 4290 4120
8618 2 2 1 1 4120 4290 4291
8619 2 2 1 1 4120 4291 4121
8620 2 2 1 1 4121 4291 4292
8621 2 2 1 1 4121 4292 4122
8622 2 2 1 1 4122 4292 4293
8623 2 2 1 1 4122 4293 4123
8624 2 2 1 1 4123 4293 4294
8625 2 2 1 1 4123 4294 4124
8626 2 2 1 1 4124 4294 4295
8627 2 2 1 1 4124 4295 4125
8628 2 2 1 1 4125 4295 4296
8629 2 2 1 1 4125 4296 4126
8630 2 2 1 1 4126 4296 4297
8631 2 2 1 1 4126 4297 4127
8632 2 2 1 1 4127 4297 4298
8633 2 2 1 1 4127 4298 4128
8634 2 2 1 1 4128 4298 4299
8635 2 2 1 1 4128 4299 4129
8636 2 2 1 1 4129 4299 4300
8637 2 2 1 1 4129 4300 4130
8638 2 2 1 1 4130 4300 4301
8639 2 2 1 1 4130 4301 4131
8640 2 2 1 1 4131 4301 4302
8641 2 2 1 1 4131 4302 4132
8642 2 2 1 1 4132 4302 4303
8643 2 2 1 1 4132 4303 4133
8644 2 2 1 1 4133 4303 4304
8645 2 2 1 1 4133 4304 4134
8646 2 2 1 1 4134 4304 4305
8647 2 2 1 1 4134 4305 4135
8648 2 2 1 1 4135 4305 4306
8649 2 2 1 1 4135 4306 4136
8650 2 2 1 1 4136 4306 4307
8651 2 2 1 1 4136 4307 4137
8652 2 2 1 1 4137 4307 4308
8653 2 2 1 1 4137 4308 4138
8654 2 2 1 1 4138 4308 4309
8655 2 2 1 1 4138 4309 4139
8656 2 2 1 1 4139 4309 4310
8657 2 2 1 1 4139 4310 4140
8658 2 2 1 1 4140 4310 4311
8659 2 2 1 1 4140 4311 4141
8660 2 2 1 1 4141 4311 4312
8661 2 2 1 1 4141 4312 4142
8662 2 2 1 1 4142 4312 4313
8663 2 2 1 1 4142 4313 4143
8664 2 2 1 1 4143 4313 4314
8665 2 2 1 1 4143 4314 4144
8666 2 2 1 1 4144 4314 4315
8667 2 2 1 1 4144 4315 4145
8668 2 2 1 1 4145 4315 4316
8669 2 2 1 1 4145 4316 4146
8670 2 2 1 1 4146 4316 4317
8671 2 2 1 1 4146 4317 4147
8672 2 2 1 1 4147 4317 4318
8673 2 2 1 1 4147 4318 4148
8674 2 2 1 1 4148 4318 4319
8675 2 2 1 1 4148 4319 4149
8676 2 2 1 1 4149 4319 4320
8677 2 2 1 1 4149 4320 4150
8678 2 2 1 1 4150 4320 4321
8679 2 2 1 1 4150 4321 4151
8680 2 2 1 1 4151 4321 4322
8681 2 2 1 1 4151 4322 4152
8682 2 2 1 1 4152 4322 4323
8683 2 2 1 1 4152 4323 4153
8684 2 2 1 1 4153 4323 4324
8685 2 2 1 1 4153 4324 4154
8686 2 2 1 1 4154 4324 4325
8687 2 2 1 1 4154 4325 4155
8688 2 2 1 1 4155 4325 4326
8689 2 2 1 1 4155 4326 4156
8690 2 2 1 1 4156 4326 4327
8691 2 2 1 1 4156 4327 4157
8692 2 2 1 1 4157 4327 4328
8693 2 2 1 1 4157 4328 4158
8694 2 2 1 1 4158 4328 4329
8695 2 2 1 1 4158 4329 4159
8696 2 2 1 1 4159 4329 4330
8697 2 2 1 1 4159 4330 4160
8698 2 2 1 1 4160 4330 4331
8699 2 2 1 1 4160 4331 4161
8700 2 2 1 1 4161 4331 4332
8701 2 2 1 1 4161 4332 4162
8702 2 2 1 1 4162 4332 4333
8703 2 2 1 1 4162 4333 4163
8704 2 2 1 1 4163 4333 4334
8705 2 2 1 1 4163 4334 4164
8706 2 2 1 1 4164 4334 4335
8707 2 2 1 1 4164 4335 4165
8708 2 2 1 1 4165 4335 4336
8709 2 2 1 1 4165 4336 4166
8710 2 2 1 1 4166 4336 4337
8711 2 2 1 1 4166 4337 4167
8712 2 2 1 1 4167 4337 4338
8713 2 2 1 1 4167 4338 4168
8714 2 2 1 1 4168 4338 4339
8715 2 2 1 1 4168 4339 4169
8716 2 2 1 1 4169 4339 4340
8717 2 2 1 1 4169 4340 4170
8718 2 2 1 1 4170 4340 4341
8719 2 2 1 1 4170 4341 4171
8720 2 2 1 1 4171 4341 4342
8721 2 2 1 1 4171 4342 4172
8722 2 2 1 1 4172 4342 4343
8723 2 2 1 1 4172 4343 4173
8724 2 2 1 1 4173 4343 4344
8725 2 2 1 1 4173 4344 4174
8726 2 2 1 1 4174 4344 4345
8727 2 2 1 1 4174 4345 4175
8728 2 2 1 1 4175 4345 4346
8729 2 2 1 1 4175 4346 4176
8730 2 2 1 1 4176 4346 4347
8731 2 2 1 1 4176 4347 4177
8732 2 2 1 1 4177 4347 4348
8733 2 2 1 1 4177 4348 4178
8734 2 2 1 1 4178 4348 4349
8735 2 2 1 1 4178 4349 4179
8736 2 2 1 1 4179 4349 4350
8737 2 2 1 1 4179 4350 4180
8738 2 2 1 1 4180 4350 4351
8739 2 2 1 1 4180 4351 4181
8740 2 2 1 1 4181 4351 4352
8741 2 2 1 1 4181 4352 4182
8742 2 2 1 1 4182 4352 4353
8743 2 2 1 1 4182 4353 4183
8744 2 2 1 1 4183 4353 4354
8745 2 2 1 1 4183 4354 4184
8746 2 2 1 1 4184 4354 4355
8747 2 2 1 1 4184 4355 4185
8748 2 2 1 1 4185 4355 4356
8749 2 2 1 1 4185 4356 4186
8750 2 2 1 1 4186 4356 4357
8751 2 2 1 1 4186 4357 4187
8752 2 2 1 1 4187 4357 4358
8753 2 2 1 1 4187 4358 4188
8754 2 2 1 1 4188 4358 4359
8755 2 2 1 1 4188 4359 4189
8756 2 2 1 1 4189 4359 4360
8757 2 2 1 1 4189 4360 4190
8758 2 2 1 1 4190 4360 4361
8759 2 2 1 1 4190 4361 4191
8760 2 2 1 1 4191 4361 4362
8761 2 2 1 1 4191 4362 4192
8762 2 2 1 1 4192 4362 4363
8763 2 2 1 1 4192 4363 4193
8764 2 2 1 1 4193 4363 4364
8765 2 2 1 1 4193 4364 4194
8766 2 2 1 1 4194 4364 4365
8767 2 2 1 1 4194 4365 4195
8768 2 2 1 1 4195 4365 4366
8769 2 2 1 1 4195 4366 4196
8770 2 2 1 1 4196 4366 4367
8771 2 2 1 1 4196 4367 4197
8772 2 2 1 1 4197 4367 4368
8773 2 2 1 1 4197 4368 4198
8774 2 2 1 1 4198 4368 4369
8775 2 2 1 1 4198 4369 4199
8776 2 2 1 1 4199 4369 4370
8777 2 2 1 1 4199 4370 4200
8778 2 2 1 1 4200 4370 4371
8779 2 2 1 1 4200 4371 4201
8780 2 2 1 1 4201 4371 4372
8781 2 2 1 1 4201 4372 4202
8782 2 2 1 1 4202 4372 4373
8783 2 2 1 1 4202 4373 4203
8784 2 2 1 1 4203 4373 4374
8785 2 2 1 1 4203 4374 4204
8786 2 2 1 1 4204 4374 4375
8787 2 2 1 1 4204 4375 4205
8788 2 2 1 1 4205 4375 4376
8789 2 2 1 1 4205 4376 4206
8790 2 2 1 1 4206 4376 4377
8791 2 2 1 1 4206 4377 4207
8792 2 2 1 1 4207 4377 4378
8793 2 2 1 1 4207 4378 4208
8794 2 2 1 1 4208 4378 4379
8795 2 2 1 1 4208 4379 4209
8796 2 2 1 1 4209 4379 4380
8797 2 2 1 1 4209 4380 4210
8798 2 2 1 1 4210 4380 4381
8799 2 2 1 1 4210 4381 4211
8800 2 2 1 1 4211 4381 4382
8801 2 2 1 1 4211 4382 4212
8802 2 2 1 1 4212 4382 4383
8803 2 2 1 1 4212 4383 4213
8804 2 2 1 1 4213 4383 4384
8805 2 2 1 1 4213 4384 4214
8806 2 2 1 1 4214 4384 4385
8807 2 2 1 1 4214 4385 4215
8808 2 2 1 1 4215 4385 4386
8809 2 2 1 1 4215 4386 4216
8810 2 2 1 1 4216 4386 4387
8811 2 2 1 1 4216 4387 4217
8812 2 2 1 1 4217 4387 4388
8813 2 2 1 1 4217 4388 4218
8814 2 2 1 1 4218 4388 4389
8815 2 2 1 1 4218 4389 4219
8816 2 2 1 1 4219 4389 4390
8817 2 2 1 1 4219 4390 4220
8818 2 2 1 1 4220 4390 4391
8819 2 2 1 1 4220 4391 4221
8820 2 2 1 1 4221 4391 4392
8821 2 2 1 1 4221 4392 4222
8822 2 2 1 1 4222 4392 4393
8823 2 2 1 1 4222 4393 4223
8824 2 2 1 1 4223 4393 4394
8825 2 2 1 1 4223 4394 4224
8826 2 2 1 1 4224 4394 4395
8827 2 2 1 1 4224 4395 4225
8828 2 2 1 1 4225 4395 4396
8829 2 2 1 1 4225 4396 4226
8830 2 2 1 1 4226 4396 4397
8831 2 2 1 1 4226 4397 4227
8832 2 2 1 1 4227 4397 4398
8833 2 2 1 1 4227 4398 4228
8834 2 2 1 1 4228 4398 4399
8835 2 2 1 1 4228 4399 4229
8836 2 2 1 1 4229 4399 4400
8837 2 2 1 1 4229 4400 4230
8838 2 2 1 1 4230 4400 4401
8839 2 2 1 1 4230 4401 4061
8840 2 2 1 1 4061 4401 4231
8841 2 2 1 1 4231 4402 4403
8842 2 2 1 1 4231 4403 4232
8843 2 2 1 1 4232 4403 4404
8844 2 2 1 1 4232 4404 4233
8845 2 2 1 1 4233 4404 4405
8846 2 2 1 1 4233 4405 4234
8847 2 2 1 1 4234 4405 4406
8848 2 2 1 1 4234 4406 4235
8849 2 2 1 1 4235 4406 4407
8850 2 2 1 1 4235 4407 4236
8851 2 2 1 1 4236 4407 4408
8852 2 2 1 1 4236 4408 4237
8853 2 2 1 1 4237 4408 4409
8854 2 2 1 1 4237 4409 4238
8855 2 2 1 1 4238 4409 4410
8856 2 2 1 1 4238 4410 4239
8857 2 2 1 1 4239 4410 4411
8858 2 2 1 1 4239 4411 4240
8859 2 2 1 1 4240 4411 4412
8860 2 2 1 1 4240 4412 4241
8861 2 2 1 1 4241 4412 4413
8862 2 2 1 1 4241 4413 4242
8863 2 2 1 1 4242 4413 4414
8864 2 2 1 1 4242 4414 4243
8865 2 2 1 1 4243 4414 4415
8866 2 2 1 1 4243 4415 4244
8867 2 2 1 1 4244 4415 4416
8868 2 2 1 1 4244 4416 4245
8869 2 2 1 1 4245 4416 4417
8870 2 2 1 1 4245 4417 4246
8871 2 2 1 1 4246 4417 4418
8872 2 2 1 1 4246 4418 4247
8873 2 2 1 1 4247 4418 4419
8874 2 2 1 1 4247 4419 4248
8875 2 2 1 1 4248 4419 4420
8876 2 2 1 1 4248 4420 4249
8877 2 2 1 1 4249 4420 4421
8878 2 2 1 1 4249 4421 4250
8879 2 2 1 1 4250 4421 4422
8880 2 2 1 1 4250 4422 4251
8881 2 2 1 1 4251 4422 4423
8882 2 2 1 1 4251 4423 4252
8883 2 2 1 1 4252 4423 4424
8884 2 2 1 1 4252 4424 4253
8885 2 2 1 1 4253 4424 4425
8886 2 2 1 1 4253 4425 4254
8887 2 2 1 1 4254 4425 4426
8888 2 2 1 1 4254 4426 4255
8889 2 2 1 1 4255 4426 4427
8890 2 2 1 1 4255 4427 4256
8891 2 2 1 1 4256 4427 4428
8892 2 2 1 1 4256 4428 4257
8893 2 2 1 1 4257 4428 4429
8894 2 2 1 1 4257 4429 4258
8895 2 2 1 1 4258 4429 4430
8896 2 2 1 1 4258 4430 4259
8897 2 2 1 1 4259 4430 4431
8898 2 2 1 1 4259 4431 4260
8899 2 2 1 1 4260 4431 4432
8900 2 2 1 1 4260 4432 4261
8901 2 2 1 1 4261 4432 4433
8902 2 2 1 1 4261 4433 4262
8903 2 2 1 1 4262 4433 4434
8904 2 2 1 1 4262 4434 4263
8905 2 2 1 1 4263 4434 4435
8906 2 2 1 1 4263 4435 4264
8907 2 2 1 1 4264 4435 4436
8908 2 2 1 1 4264 4436 4265
8909 2 2 1 1 4265 4436 4437
8910 2 2 1 1 4265 4437 4266
8911 2 2 1 1 4266 4437 4438
8912 2 2 1 1 4266 4438 4267
8913 2 2 1 1 4267 4438 4439
8914 2 2 1 1 4267 4439 4268
8915 2 2 1 1 4268 4439 4440
8916 2 2 1 1 4268 4440 4269
8917 2 2 1 1 4269 4440 4441
8918 2 2 1 1 4269 4441 4270
8919 2 2 1 1 4270 4441 4442
8920 2 2 1 1 4270 4442 4271
8921 2 2 1 1 4271 4442 4443
8922 2 2 1 1 4271 4443 4272
8923 2 2 1 1 4272 4443 4444
8924 2 2 1 1 4272 4444 4273
8925 2 2 1 1 4273 4444 4445
8926 2 2 1 1 4273 4445 4274
8927 2 2 1 1 4274 4445 4446
8928 2 2 1 1 4274 4446 4275
8929 2 2 1 1 4275 4446 4447
8930 2 2 1 1 4275 4447 4276
8931 2 2 1 1 4276 4447 4448
8932 2 2 1 1 4276 4448 4277
8933 2 2 1 1 4277 4448 4449
8934 2 2 1 1 4277 4449 4278
8935 2 2 1 1 4278 4449 4450
8936 2 2 1 1 4278 4450 4279
8937 2 2 1 1 4279 4450 4451
8938 2 2 1 1 4279 4451 4280
8939 2 2 1 1 4280 4451 4452
8940 2 2 1 1 4280 4452 4281
8941 2 2 1 1 4281 4452 4453
8942 2 2 1 1 4281 4453 4282
8943 2 2 1 1 4282 4453 4454
8944 2 2 1 1 4282 4454 4283
8945 2 2 1 1 4283 4454 4455
8946 2 2 1 1 4283 4455 4284
8947 2 2 1 1 4284 4455 4456
8948 2 2 1 1 4284 4456 4285
8949 2 2 1 1 4285 4456 4457
8950 2 2 1 1 4285 4457 4286
8951 2 2 1 1 4286 4457 4458
8952 2 2 1 1 4286 4458 4287
8953 2 2 1 1 4287 4458 4459
8954 2 2 1 1 4287 4459 4288
8955 2 2 1 1 4288 4459 4460
8956 2 2 1 1 4288 4460 4289
8957 2 2 1 1 4289 4460 4461
8958 2 2 1 1 4289 4461 4290
8959 2 2 1 1 4290 4461 4462
8960 2 2 1 1 4290 4462 4291
8961 2 2 1 1 4291 4462 4463
8962 2 2 1 1 4291 4463 4292
8963 2 2 1 1 4292 4463 4464
8964 2 2 1 1 4292 4464 4293
8965 2 2 1 1 4293 4464 4465
8966 2 2 1 1 4293 4465 4294
8967 2 2 1 1 4294 4465 4466
8968 2 2 1 1 4294 4466 4295
8969 2 2 1 1 4295 4466 4467
8970 2 2 1 1 4295 4467 4296
8971 2 2 1 1 4296 4467 4468
8972 2 2 1 1 4296 4468 4297
8973 2 2 1 1 4297 4468 4469
8974 2 2 1 1 4297 4469 4298
8975 2 2 1 1 4298 4469 4470
8976 2 2 1 1 4298 4470 4299
8977 2 2 1 1 4299 4470 4471
8978 2 2 1 1 4299 4471 4300
8979 2 2 1 1 4300 4471 4472
8980 2 2 1 1 4300 4472 4301
8981 2 2 1 1 4301 4472 4473
8982 2 2 1 1 4301 4473 4302
8983 2 2 1 1 4302 4473 4474
8984 2 2 1 1 4302 4474 4303
8985 2 2 1 1 4303 4474 4475
8986 2 2 1 1 4303 4475 4304
8987 2 2 1 1 4304 4475 4476
8988 2 2 1 1 4304 4476 4305
8989 2 2 1 1 4305 4476 4477
8990 2 2 1 1 4305 4477 4306
8991 2 2 1 1 4306 4477 4478
8992 2 2 1 1 4306 4478 4307
8993 2 2 1 1 4307 4478 4479
8994 2 2 1 1 4307 4479 4308
8995 2 2 1 1 4308 4479 4480
8996 2 2 1 1 4308 4480 4309
8997 2 2 1 1 4309 4480 4481
8998 2 2 1 1 4309 4481 4310
8999 2 2 1 1 4310 4481 4482
9000 2 2 1 1 4310 4482 4311
9001 2 2 1 1 4311 4482 4483
9002 2 2 1 1 4311 4483 4312
9003 2 2 1 1 4312 4483 4484
9004 2 2 1 1 4312 4484 4313
9005 2 2 1 1 4313 4484 4485
9006 2 2 1 1 4313 4485 4314
9007 2 2 1 1 4314 4485 4486
9008 2 2 1 1 4314 4486 4315
9009 2 2 1 1 4315 4486 4487
9010 2 2 1 1 4315 4487 4316
9011 2 2 1 1 4316 4487 4488
9012 2 2 1 1 4316 4488 4317
9013 2 2 1 1 4317 4488 4489
9014 2 2 1 1 4317 4489 4318
9015 2 2 1 1 4318 4489 4490
9016 2 2 1 1 4318 4490 4319
9017 2 2 1 1 4319 4490 4491
9018 2 2 1 1 4319 4491 4320
9019 2 2 1 1 4320 4491 4492
9020 2 2 1 1 4320 4492 4321
9021 2 2 1 1 4321 4492 4493
9022 2 2 1 1 4321 4493 4322
9023 2 2 1 1 4322 4493 4494
9024 2 2 1 1 4322 4494 4323
9025 2 2 1 1 4323 4494 4495
9026 2 2 1 1 4323 4495 4324
9027 2 2 1 1 4324 4495 4496
9028 2 2 1 1 4324 4496 4325
9029 2 2 1 1 4325 4496 4497
9030 2 2 1 1 4325 4497 4326
9031 2 2 1 1 4326 4497 4498
9032 2 2 1 1 4326 4498 4327
9033 2 2 1 1 4327 4498 4499
9034 2 2 1 1 4327 4499 4328
9035 2 2 1 1 4328 4499 4500
9036 2 2 1 1 4328 4500 4329
9037 2 2 1 1 4329 4500 4501
9038 2 2 1 1 4329 4501 4330
9039 2 2 1 1 4330 4501 4502
9040 2 2 1 1 4330 4502 4331
9041 2 2 1 1 4331 4502 4503
9042 2 2 1 1 4331 4503 4332
9043 2 2 1 1 4332 4503 4504
9044 2 2 1 1 4332 4504 4333
9045 2 2 1 1 4333 4504 4505
9046 2 2 1 1 4333 4505 4334
9047 2 2 1 1 4334 4505 4506
9048 2 2 1 1 4334 4506 4335
9049 2 2 1 1 4335 4506 4507
9050 2 2 1 1 4335 4507 4336
9051 2 2 1 1 4336 4507 4508
9052 2 2 1 1 4336 4508 4337
9053 2 2 1 1 4337 4508 4509
9054 2 2 1 1 4337 4509 4338
9055 2 2 1 1 4338 4509 4510
9056 2 2 1 1 4338 4510 4339
9057 2 2 1 1 4339 4510 4511
9058 2 2 1 1 4339 4511 4340
9059 2 2 1 1 4340 4511 4512
9060 2 2 1 1 4340 4512 4341
9061 2 2 1 1 4341 4512 4513
9062 2 2 1 1 4341 4513 4342
9063 2 2 1 1 4342 4513 4514
9064 2 2 1 1 4342 4514 4343
9065 2 2 1 1 4343 4514 4515
9066 2 2 1 1 4343 4515 4344
9067 2 2 1 1 4344 4515 4516
9068 2 2 1 1 4344 4516 4345
9069 2 2 1 1 4345 4516 4517
9070 2 2 1 1 4345 4517 4346
9071 2 2 1 1 4346 4517 4518
9072 2 2 1 1 4346 4518 4347
9073 2 2 1 1 4347 4518 4519
9074 2 2 1 1 4347 4519 4348
9075 2 2 1 1 4348 4519 4520
9076 2 2 1 1 4348 4520 4349
9077 2 2 1 1 4349 4520 4521
9078 2 2 1 1 4349 4521 4350
9079 2 2 1 1 4350 4521 4522
9080 2 2 1 1 4350 4522 4351
9081 2 2 1 1 4351 4522 4523
9082 2 2 1 1 4351 4523 4352
9083 2 2 1 1 4352 4523 4524
9084 2 2 1 1 4352 4524 4353
9085 2 2 1 1 4353 4524 4525
9086 2 2 1 1 4353 4525 4354
9087 2 2 1 1 4354 4525 4526
9088 2 2 1 1 4354 4526 4355
9089 2 2 1 1 4355 4526 4527
9090 2 2 1 1 4355 4527 4356
9091 2 2 1 1 4356 4527 4528
9092 2 2 1 1 4356 4528 4357
9093 2 2 1 1 4357 4528 4529
9094 2 2 1 1 4357 4529 4358
9095 2 2 1 1 4358 4529 4530
9096 2 2 1 1 4358 4530 4359
9097 2 2 1 1 4359 4530 4531
9098 2 2 1 1 4359 4531 4360
9099 2 2 1 1 4360 4531 4532
9100 2 2 1 1 4360 4532 4361
9101 2 2 1 1 4361 4532 4533
9102 2 2 1 1 4361 4533 4362
9103 2 2 1 1 4362 4533 4534
9104 2 2 1 1 4362 4534 4363
9105 2 2 1 1 4363 4534 4535
9106 2 2 1 1 4363 4535 4364
9107 2 2 1 1 4364 4535 4536
9108 2 2 1 1 4364 4536 4365
9109 2 2 1 1 4365 4536 4537
9110 2 2 1 1 4365 4537 4366
9111 2 2 1 1 4366 4537 4538
9112 2 2 1 1 4366 4538 4367
9113 2 2 1 1 4367 4538 4539
9114 2 2 1 1 4367 4539 4368
9115 2 2 1 1 4368 4539 4540
9116 2 2 1 1 4368 4540 4369
9117 2 2 1 1 4369 4540 4541
9118 2 2 1 1 4369 4541 4370
9119 2 2 1 1 4370 4541 4542
9120 2 2 1 1 4370 4542 4371
9121 2 2 1 1 4371 4542 4543
9122 2 2 1 1 4371 4543 4372
9123 2 2 1 1 4372 4543 4544
9124 2 2 1 1 4372 4544 4373
9125 2 2 1 1 4373 4544 4545
9126 2 2 1 1 4373 4545 4374
9127 2 2 1 1 4374 4545 4546
9128 2 2 1 1 4374 4546 4375
9129 2 2 1 1 4375 4546 4547
9130 2 2 1 1 4375 4547 4376
9131 2 2 1 1 4376 4547 4548
9132 2 2 1 1 4376 4548 4377
9133 2 2 1 1 4377 4548 4549
9134 2 2 1 1 4377 4549 4378
9135 2 2 1 1 4378 4549 4550
9136 2 2 1 1 4378 4550 4379
9137 2 2 1 1 4379 4550 4551
9138 2 2 1 1 4379 4551 4380
9139 2 2 1 1 4380 4551 4552
9140 2 2 1 1 4380 4552 4381
9141 2 2 1 1 4381 4552 4553
9142 2 2 1 1 4381 4553 4382
9143 2 2 1 1 4382 4553 4554
9144 2 2 1 1 4382 4554 4383
9145 2 2 1 1 4383 4554 4555
9146 2 2 1 1 4383 4555 4384
9147 2 2 1 1 4384 4555 4556
9148 2 2 1 1 4384 4556 4385
9149 2 2 1 1 4385 4556 4557
9150 2 2 1 1 4385 4557 4386
9151 2 2 1 1 4386 4557 4558
9152 2 2 1 1 4386 4558 4387
9153 2 2 1 1 4387 4558 4559
9154 2 2 1 1 4387 4559 4388
9155 2 2 1 1 4388 4559 4560
9156 2 2 1 1 4388 4560 4389
9157 2 2 1 1 4389 4560 4561
9158 2 2 1 1 4389 4561 4390
9159 2 2 1 1 4390 4561 4562
9160 2 2 1 1 4390 4562 4391
9161 2 2 1 1 4391 4562 4563
9162 2 2 1 1 4391 4563 4392
9163 2 2 1 1 4392 4563 4564
9164 2 2 1 1 4392 4564 4393
9165 2 2 1 1 4393 4564 4565
9166 2 2 1 1 4393 4565 4394
9167 2 2 1 1 4394 4565 4566
9168 2 2 1 1 4394 4566 4395
9169 2 2 1 1 4395 4566 4567
9170 2 2 1 1 4395 4567 4396
9171 2 2 1 1 4396 4567 4568
9172 2 2 1 1 4396 4568 4397
9173 2 2 1 1 4397 4568 4569
9174 2 2 1 1 4397 4569 4398
9175 2 2 1 1 4398 4569 4570
9176 2 2 1 1 4398 4570 4399
9177 2 2 1 1 4399 4570 4571
9178 2 2 1 1 4399 4571 4400
9179 2 2 1 1 4400 4571 4572
9180 2 2 1 1 4400 4572 4401
9181 2 2 1 1 4401 4572 4573
9182 2 2 1 1 4401 4573 4231
9183 2 2 1 1 4231 4573 4402
9184 2 2 1 1 4402 4574 4575
9185 2 2 1 1 4402 4575 4403
9186 2 2 1 1 4403 4575 4576
9187 2 2 1 1 4403 4576 4404
9188 2 2 1 1 4404 4576 4577
9189 2 2 1 1 4404 4577 4405
9190 2 2 1 1 4405 4577 4578
9191 2 2 1 1 4405 4578 4406
9192 2 2 1 1 4406 4578 4579
9193 2 2 1 1 4406 4579 4407
9194 2 2 1 1 4407 4579 4580
9195 2 2 1 1 4407 4580 4408
9196 2 2 1 1 4408 4580 4581
9197 2 2 1 1 4408 4581 4409
9198 2 2 1 1 4409 4581 4582
9199 2 2 1 1 4409 4582 4410
9200 2 2 1 1 4410 4582 4583
9201 2 2 1 1 4410 4583 4411
9202 2 2 1 1 4411 4583 4584
9203 2 2 1 1 4411 4584 4412
9204 2 2 1 1 4412 4584 4585
9205 2 2 1 1 4412 4585 4413
9206 2 2 1 1 4413 4585 4586
9207 2 2 1 1 4413 4586 4414
9208 2 2 1 1 4414 4586 4587
9209 2 2 1 1 4414 4587 4415
9210 2 2 1 1 4415 4587 4588
9211 2 2 1 1 4415 4588 4416
9212 2 2 1 1 4416 4588 4589
9213 2 2 1 1 4416 4589 4417
9214 2 2 1 1 4417 4589 4590
9215 2 2 1 1 4417 4590 4418
9216 2 2 1 1 4418 4590 4591
9217 2 2 1 1 4418 4591 4419
9218 2 2 1 1 4419 4591 4592
9219 2 2 1 1 4419 4592 4420
9220 2 2 1 1 4420 4592 4593
9221 2 2 1 1 4420 4593 4421
9222 2 2 1 1 4421 4593 4594
9223 2 2 1 1 4421 4594 4422
9224 2 2 1 1 4422 4594 4595
9225 2 2 1 1 4422 4595 4423
9226 2 2 1 1 4423 4595 4596
9227 2 2 1 1 4423 4596 4424
9228 2 2 1 1 4424 4596 4597
9229 2 2 1 1 4424 4597 4425
9230 2 2 1 1 4425 4597 4598
9231 2 2 1 1 4425 4598 4426
9232 2 2 1 1 4426 4598 4599
9233 2 2 1 1 4426 4599 4427
9234 2 2 1 1 4427 4599 4600
9235 2 2 1 1 4427 4600 4428
9236 2 2 1 1 4428 4600 4601
9237 2 2 1 1 4428 4601 4429
9238 2 2 1 1 4429 4601 4602
9239 2 2 1 1 4429 4602 4430
9240 2 2 1 1 4430 4602 4603
9241 2 2 1 1 4430 4603 4431
9242 2 2 1 1 4431 4603 4604
9243 2 2 1 1 4431 4604 4432
9244 2 2 1 1 4432 4604 4605
9245 2 2 1 1 4432 4605 4433
9246 2 2 1 1 4433 4605 4606
9247 2 2 1 1 4433 4606 4434
9248 2 2 1 1 4434 4606 4607
9249 2 2 1 1 4434 4607 4435
9250 2 2 1 1 4435 4607 4608
9251 2 2 1 1 4435 4608 4436
9252 2 2 1 1 4436 4608 4609
9253 2 2 1 1 4436 4609 4437
9254 2 2 1 1 4437 4609 4610
9255 2 2 1 1 4437 4610 4438
9256 2 2 1 1 4438 4610 4611
9257 2 2 1 1 4438 4611 4439
9258 2 2 1 1 4439 4611 4612
9259 2 2 1 1 4439 4612 4440
9260 2 2 1 1 4440 4612 4613
9261 2 2 1 1 4440 4613 4441
9262 2 2 1 1 4441 4613 4614
9263 2 2 1 1 4441 4614 4442
9264 2 2 1 1 4442 4614 4615
9265 2 2 1 1 4442 4615 4443
9266 2 2 1 1 4443 4615 4616
9267 2 2 1 1 4443 4616 4444
9268 2 2 1 1 4444 4616 4617
9269 2 2 1 1 4444 4617 4445
9270 2 2 1 1 4445 4617 4618
9271 2 2 1 1 4445 4618 4446
9272 2 2 1 1 4446 4618 4619
9273 2 2 1 1 4446 4619 4447
9274 2 2 1 1 4447 4619 4620
9275 2 2 1 1 4447 4620 4448
9276 2 2 1 1 4448 4620 4621
9277 2 2 1 1 4448 4621 4449
9278 2 2 1 1 4449 4621 4622
9279 2 2 1 1 4449 4622 4450
9280 2 2 1 1 4450 4622 4623
9281 2 2 1 1 4450 4623 4451
9282 2 2 1 1 4451 4623 4624
9283 2 2 1 1 4451 4624 4452
9284 2 2 1 1 4452 4624 4625
9285 2 2 1 1 4452 4625 4453
9286 2 2 1 1 4453 4625 4626
9287 2 2 1 1 4453 4626 4454
9288 2 2 1 1 4454 4626 4627
9289 2 2 1 1 4454 4627 4455
9290 2 2 1 1 4455 4627 4628
9291 2 2 1 1 4455 4628 4456
9292 2 2 1 1 4456 4628 4629
9293 2 2 1 1 4456 4629 4457
9294 2 2 1 1 4457 4629 4630
9295 2 2 1 1 4457 4630 4458
9296 2 2 1 1 4458 4630 4631
9297 2 2 1 1 4458 4631 4459
9298 2 2 1 1 4459 4631 4632
9299 2 2 1 1 4459 4632 4633
9300 2 2 1 1 4459 4633 4460
9301 2 2 1 1 4460 4633 4634
9302 2 2 1 1 4460 4634 4461
9303 2 2 1 1 4461 4634 4635
9304 2 2 1 1 4461 4635 4462
9305 2 2 1 1 4462 4635 4636
9306 2 2 1 1 4462 4636 4463
9307 2 2 1 1 4463 4636 4637
9308 2 2 1 1 4463 4637 4464
9309 2 2 1 1 4464 4637 4638
9310 2 2 1 1 4464 4638 4465
9311 2 2 1 1 4465 4638 4639
9312 2 2 1 1 4465 4639 4466
9313 2 2 1 1 4466 4639 4640
9314 2 2 1 1 4466 4640 4467
9315 2 2 1 1 4467 4640 4641
9316 2 2 1 1 4467 4641 4468
9317 2 2 1 1 4468 4641 4642
9318 2 2 1 1 4468 4642 4469
9319 2 2 1 1 4469 4642 4643
9320 2 2 1 1 4469 4643 4470
9321 2 2 1 1 4470 4643 4644
9322 2 2 1 1 4470 4644 4471
9323 2 2 1 1 4471 4644 4645
9324 2 2 1 1 4471 4645 4472
9325 2 2 1 1 4472 4645 4646
9326 2 2 1 1 4472 4646 4473
9327 2 2 1 1 4473 4646 4647
9328 2 2 1 1 4473 4647 4474
9329 2 2 1 1 4474 4647 4648
9330 2 2 1 1 4474 4648 4475
9331 2 2 1 1 4475 4648 4649
9332 2 2 1 1 4475 4649 4476
9333 2 2 1 1 4476 4649 4650
9334 2 2 1 1 4476 4650 4477
9335 2 2 1 1 4477 4650 4651
9336 2 2 1 1 4477 4651 4478
9337 2 2 1 1 4478 4651 4652
9338 2 2 1 1 4478 4652 4479
9339 2 2 1 1 4479 4652 4653
9340 2 2 1 1 4479 4653 4480
9341 2 2 1 1 4480 4653 4654
9342 2 2 1 1 4480 4654 4481
9343 2 2 1 1 4481 4654 4655
9344 2 2 1 1 4481 4655 4482
9345 2 2 1 1 4482 4655 4656
9346 2 2 1 1 4482 4656 4483
9347 2 2 1 1 4483 4656 4657
9348 2 2 1 1 4483 4657 4484
9349 2 2 1 1 4484 4657 4658
9350 2 2 1 1 4484 4658 4485
9351 2 2 1 1 4485 4658 4659
9352 2 2 1 1 4485 4659 4486
9353 2 2 1 1 4486 4659 4660
9354 2 2 1 1 4486 4660 4487
9355 2 2 1 1 4487 4660 4661
9356 2 2 1 1 4487 4661 4488
9357 2 2 1 1 4488 4661 4662
9358 2 2 1 1 4488 4662 4489
9359 2 2 1 1 4489 4662 4663
9360 2 2 1 1 4489 4663 4490
9361 2 2 1 1 4490 4663 4664
9362 2 2 1 1 4490 4664 4491
9363 2 2 1 1 4491 4664 4665
9364 2 2 1 1 4491 4665 4492
9365 2 2 1 1 4492 4665 4666
9366 2 2 1 1 4492 4666 4493
9367 2 2 1 1 4493 4666 4667
9368 2 2 1 1 4493 4667 4494
9369 2 2 1 1 4494 4667 4668
9370 2 2 1 1 4494 4668 4495
9371 2 2 1 1 4495 4668 4669
9372 2 2 1 1 4495 4669 4496
9373 2 2 1 1 4496 4669 4670
9374 2 2 1 1 4496 4670 4497
9375 2 2 1 1 4497 4670 4671
9376 2 2 1 1 4497 4671 4498
9377 2 2 1 1 4498 4671 4672
9378 2 2 1 1 4498 4672 4499
9379 2 2 1 1 4499 4672 4673
9380 2 2 1 1 4499 4673 4500
9381 2 2 1 1 4500 4673 4674
9382 2 2 1 1 4500 4674 4501
9383 2 2 1 1 4501 4674 4675
9384 2 2 1 1 4501 4675 4502
9385 2 2 1 1 4502 4675 4676
9386 2 2 1 1 4502 4676 4503
9387 2 2 1 1 4503 4676 4677
9388 2 2 1 1 4503 4677 4504
9389 2 2 1 1 4504 4677 4678
9390 2 2 1 1 4504 4678 4505
9391 2 2 1 1 4505 4678 4679
9392 2 2 1 1 4505 4679 4506
9393 2 2 1 1 4506 4679 4680
9394 2 2 1 1 4506 4680 4507
9395 2 2 1 1 4507 4680 4681
9396 2 2 1 1 4507 4681 4508
9397 2 2 1 1 4508 4681 4682
9398 2 2 1 1 4508 4682 4509
9399 2 2 1 1 4509 4682 4683
9400 2 2 1 1 4509 4683 4510
9401 2 2 1 1 4510 4683 4684
9402 2 2 1 1 4510 4684 4511
9403 2 2 1 1 4511 4684 4685
9404 2 2 1 1 4511 4685 4512
9405 2 2 1 1 4512 4685 4686
9406 2 2 1 1 4512 4686 4513
9407 2 2 1 1 4513 4686 4687
9408 2 2 1 1 4513 4687 4514
9409 2 2 1 1 4514 4687 4688
9410 2 2 1 1 4514 4688 4515
9411 2 2 1 1 4515 4688 4689
9412 2 2 1 1 4515 4689 4516
9413 2 2 1 1 4516 4689 4690
9414 2 2 1 1 4516 4690 4691
9415 2 2 1 1 4516 4691 4517
9416 2 2 1 1 4517 4691 4692
9417 2 2 1 1 4517 4692 4518
9418 2 2 1 1 4518 4692 4693
9419 2 2 1 1 4518 4693 4519
9420 2 2 1 1 4519 4693 4694
9421 2 2 1 1 4519 4694 4520
9422 2 2 1 1 4520 4694 4695
9423 2 2 1 1 4520 4695 4521
9424 2 2 1 1 4521 4695 4696
9425 2 2 1 1 4521 4696 4522
9426 2 2 1 1 4522 4696 4697
9427 2 2 1 1 4522 4697 4523
9428 2 2 1 1 4523 4697 4698
9429 2 2 1 1 4523 4698 4524
9430 2 2 1 1 4524 4698 4699
9431 2 2 1 1 4524 4699 4525
9432 2 2 1 1 4525 4699 4700
9433 2 2 1 1 4525 4700 4526
9434 2 2 1 1 4526 4700 4701
9435 2 2 1 1 4526 4701 4527
9436 2 2 1 1 4527 4701 4702
9437 2 2 1 1 4527 4702 4528
9438 2 2 1 1 4528 4702 4703
9439 2 2 1 1 4528 4703 4529
9440 2 2 1 1 4529 4703 4704
9441 2 2 1 1 4529 4704 4530
9442 2 2 1 1 4530 4704 4705
9443 2 2 1 1 4530 4705 4531
9444 2 2 1 1 4531 4705 4706
9445 2 2 1 1 4531 4706 4532
9446 2 2 1 1 4532 4706 4707
9447 2 2 1 1 4532 4707 4533
9448 2 2 1 1 4533 4707 4708
9449 2 2 1 1 4533 4708 4534
9450 2 2 1 1 4534 4708 4709
9451 2 2 1 1 4534 4709 4535
9452 2 2 1 1 4535 4709 4710
9453 2 2 1 1 4535 4710 4536
9454 2 2 1 1 4536 4710 4711
9455 2 2 1 1 4536 4711 4537
9456 2 2 1 1 4537 4711 4712
9457 2 2 1 1 4537 4712 4538
9458 2 2 1 1 4538 4712 4713
9459 2 2 1 1 4538 4713 4539
9460 2 2 1 1 4539 4713 4714
9461 2 2 1 1 4539 4714 4540
9462 2 2 1 1 4540 4714 4715
9463 2 2 1 1 4540 4715 4541
9464 2 2 1 1 4541 4715 4716
9465 2 2 1 1 4541 4716 4542
9466 2 2 1 1 4542 4716 4717
9467 2 2 1 1 4542 4717 4543
9468 2 2 1 1 4543 4717 4718
9469 2 2 1 1 4543 4718 4544
9470 2 2 1 1 4544 4718 4719
9471 2 2 1 1 4544 4719 4545
9472 2 2 1 1 4545 4719 4720
9473 2 2 1 1 4545 4720 4546
9474 2 2 1 1 4546 4720 4721
9475 2 2 1 1 4546 4721 4547
9476 2 2 1 1 4547 4721 4722
9477 2 2 1 1 4547 4722 4548
9478 2 2 1 1 4548 4722 4723
9479 2 2 1 1 4548 4723 4549
9480 2 2 1 1 4549 4723 4724
9481 2 2 1 1 4549 4724 4550
9482 2 2 1 1 4550 4724 4725
9483 2 2 1 1 4550 4725 4551
9484 2 2 1 1 4551 4725 4726
9485 2 2 1 1 4551 4726 4552
9486 2 2 1 1 4552 4726 4727
9487 2 2 1 1 4552 4727 4553
9488 2 2 1 1 4553 4727 4728
9489 2 2 1 1 4553 4728 4554
9490 2 2 1 1 4554 4728 4729
9491 2 2 1 1 4554 4729 4555
9492 2 2 1 1 4555 4729 4730
9493 2 2 1 1 4555 4730 4556
9494 2 2 1 1 4556 4730 4731
9495 2 2 1 1 4556 4731 4557
9496 2 2 1 1 4557 4731 4732
9497 2 2 1 1 4557 4732 4558
9498 2 2 1 1 4558 4732 4733
9499 2 2 1 1 4558 4733 4559
9500 2 2 1 1 4559 4733 4734
9501 2 2 1 1 4559 4734 4560
9502 2 2 1 1 4560 4734 4735
9503 2 2 1 1 4560 4735 4561
9504 2 2 1 1 4561 4735 4736
9505 2 2 1 1 4561 4736 4562
9506 2 2 1 1 4562 4736 4737
9507 2 2 1 1 4562 4737 4563
9508 2 2 1 1 4563 4737 4738
9509 2 2 1 1 4563 4738 4564
9510 2 2 1 1 4564 4738 4739
9511 2 2 1 1 4564 4739 4565
9512 2 2 1 1 4565 4739 4740
9513 2 2 1 1 4565 4740 4566
9514 2 2 1 1 4566 4740 4741
9515 2 2 1 1 4566 4741 4567
9516 2 2 1 1 4567 4741 4742
9517 2 2 1 1 4567 4742 4568
9518 2 2 1 1 4568 4742 4743
9519 2 2 1 1 4568 4743 4569
9520 2 2 1 1 4569 4743 4744
9521 2 2 1 1 4569 4744 4570
9522 2 2 1 1 4570 4744 4745
9523 2 2 1 1 4570 4745 4571
9524 2 2 1 1 4571 4745 4746
9525 2 2 1 1 4571 4746 4572
9526 2 2 1 1 4572 4746 4747
9527 2 2 1 1 4572 4747 4573
9528 2 2 1 1 4573 4747 4748
9529 2 2 1 1 4573 4748 4402
9530 2 2 1 1 4402 4748 4574
9531 2 2 1 1 4574 4749 4750
9532 2 2 1 1 4574 4750 4575
9533 2 2 1 1 4575 4750 4751
9534 2 2 1 1 4575 4751 4576
9535 2 2 1 1 4576 4751 4752
9536 2 2 1 1 4576 4752 4577
9537 2 2 1 1 4577 4752 4753
9538 2 2 1 1 4577 4753 4578
9539 2 2 1 1 4578 4753 4754
9540 2 2 1 1 4578 4754 4579
9541 2 2 1 1 4579 4754 4755
9542 2 2 1 1 4579 4755 4580
9543 2 2 1 1 4580 4755 4756
9544 2 2 1 1 4580 4756 4581
9545 2 2 1 1 4581 4756 4757
9546 2 2 1 1 4581 4757 4582
9547 2 2 1 1 4582 4757 4758
9548 2 2 1 1 4582 4758 4583
9549 2 2 1 1 4583 4758 4759
9550 2 2 1 1 4583 4759 4584
9551 2 2 1 1 4584 4759 4760
9552 2 2 1 1 4584 4760 4585
9553 2 2 1 1 4585 4760 4761
9554 2 2 1 1 4585 4761 4586
9555 2 2 1 1 4586 4761 4762
9556 2 2 1 1 4586 4762 4587
9557 2 2 1 1 4587 4762 4763
9558 2 2 1 1 4587 4763 4588
9559 2 2 1 1 4588 4763 4764
9560 2 2 1 1 4588 4764 4589
9561 2 2 1 1 4589 4764 4765
9562 2 2 1 1 4589 4765 4590
9563 2 2 1 1 4590 4765 4766
9564 2 2 1 1 4590 4766 4591
9565 2 2 1 1 4591 4766 4767
9566 2 2 1 1 4591 4767 4592
9567 2 2 1 1 4592 4767 4768
9568 2 2 1 1 4592 4768 4593
9569 2 2 1 1 4593 4768 4769
9570 2 2 1 1 4593 4769 4594
9571 2 2 1 1 4594 4769 4770
9572 2 2 1 1 4594 4770 4595
9573 2 2 1 1 4595 4770 4771
9574 2 2 1 1 4595 4771 4596
9575 2 2 1 1 4596 4771 4772
9576 2 2 1 1 4596 4772 4597
9577 2 2 1 1 4597 4772 4773
9578 2 2 1 1 4597 4773 4598
9579 2 2 1 1 4598 4773 4774
9580 2 2 1 1 4598 4774 4599
9581 2 2 1 1 4599 4774 4775
9582 2 2 1 1 4599 4775 4600
9583 2 2 1 1 4600 4775 4776
9584 2 2 1 1 4600 4776 4601
9585 2 2 1 1 4601 4776 4777
9586 2 2 1 1 4601 4777 4602
9587 2 2 1 1 4602 4777 4778
9588 2 2 1 1 4602 4778 4603
9589 2 2 1 1 4603 4778 4779
9590 2 2 1 1 4603 4779 4604
9591 2 2 1 1 4604 4779 4780
9592 2 2 1 1 4604 4780 4605
9593 2 2 1 1 4605 4780 4781
9594 2 2 1 1 4605 4781 4606
9595 2 2 1 1 4606 4781 4782
9596 2 2 1 1 4606 4782 4607
9597 2 2 1 1 4607 4782 4783
9598 2 2 1 1 4607 4783 4608
9599 2 2 1 1 4608 4783 4784
9600 2 2 1 1 4608 4784 4609
9601 2 2 1 1 4609 4784 4785
9602 2 2 1 1 4609 4785 4610
9603 2 2 1 1 4610 4785 4786
9604 2 2 1 1 4610 4786 4611
9605 2 2 1 1 4611 4786 4787
9606 2 2 1 1 4611 4787 4612
9607 2 2 1 1 4612 4787 4788
9608 2 2 1 1 4612 4788 4613
9609 2 2 1 1 4613 4788 4789
9610 2 2 1 1 4613 4789 4614
9611 2 2 1 1 4614 4789 4790
9612 2 2 1 1 4614 4790 4615
9613 2 2 1 1 4615 4790 4791
9614 2 2 1 1 4615 4791 4616
9615 2 2 1 1 4616 4791 4792
9616 2 2 1 1 4616 4792 4617
9617 2 2 1 1 4617 4792 4793
9618 2 2 1 1 4617 4793 4794
9619 2 2 1 1 4617 4794 4618
9620 2 2 1 1 4618 4794 4795
9621 2 2 1 1 4618 4795 4619
9622 2 2 1 1 4619 4795 4796
9623 2 2 1 1 4619 4796 4620
9624 2 2 1 1 4620 4796 4797
9625 2 2 1 1 4620 4797 4621
9626 2 2 1 1 4621 4797 4798
9627 2 2 1 1 4621 4798 4622
9628 2 2 1 1 4622 4798 4799
9629 2 2 1 1 4622 4799 4623
9630 2 2 1 1 4623 4799 4800
9631 2 2 1 1 4623 4800 4624
9632 2 2 1 1 4624 4800 4801
9633 2 2 1 1 4624 4801 4625
9634 2 2 1 1 4625 4801 4802
9635 2 2 1 1 4625 4802 4626
9636 2 2 1 1 4626 4802 4803
9637 2 2 1 1 4626 4803 4627
9638 2 2 1 1 4627 4803 4804
9639 2 2 1 1 4627 4804 4628
9640 2 2 1 1 4628 4804 4805
9641 2 2 1 1 4628 4805 4629
9642 2 2 1 1 4629 4805 4806
9643 2 2 1 1 4629 4806 4630
9644 2 2 1 1 4630 4806 4807
9645 2 2 1 1 4630 4807 4631
9646 2 2 1 1 4631 4807 4808
9647 2 2 1 1 4631 4808 4632
9648 2 2 1 1 4632 4808 4809
9649 2 2 1 1 4632 4809 4633
9650 2 2 1 1 4633 4809 4810
9651 2 2 1 1 4633 4810 4634
9652 2 2 1 1 4634 4810 4811
9653 2 2 1 1 4634 4811 4635
9654 2 2 1 1 4635 4811 4812
9655 2 2 1 1 4635 4812 4636
9656 2 2 1 1 4636 4812 4813
9657 2 2 1 1 4636 4813 4637
9658 2 2 1 1 4637 4813 4814
9659 2 2 1 1 4637 4814 4638
9660 2 2 1 1 4638 4814 4815
9661 2 2 1 1 4638 4815 4639
9662 2 2 1 1 4639 4815 4816
9663 2 2 1 1 4639 4816 4640
9664 2 2 1 1 4640 4816 4817
9665 2 2 1 1 4640 4817 4641
9666 2 2 1 1 4641 4817 4818
9667 2 2 1 1 4641 4818 4642
9668 2 2 1 1 4642 4818 4819
9669 2 2 1 1 4642 4819 4643
9670 2 2 1 1 4643 4819 4820
9671 2 2 1 1 4643 4820 4644
9672 2 2 1 1 4644 4820 4821
9673 2 2 1 1 4644 4821 4645
9674 2 2 1 1 4645 4821 4822
9675 2 2 1 1 4645 4822 4646
9676 2 2 1 1 4646 4822 4823
9677 2 2 1 1 4646 4823 4647
9678 2 2 1 1 4647 4823 4824
9679 2 2 1 1 4647 4824 4648
9680 2 2 1 1 4648 4824 4825
9681 2 2 1 1 4648 4825 4649
9682 2 2 1 1 4649 4825 4826
9683 2 2 1 1 4649 4826 4650
9684 2 2 1 1 4650 4826 4827
9685 2 2 1 1 4650 4827 4651
9686 2 2 1 1 4651 4827 4828
9687 2 2 1 1 4651 4828 4652
9688 2 2 1 1 4652 4828 4829
9689 2 2 1 1 4652 4829 4653
9690 2 2 1 1 4653 4829 4830
9691 2 2 1 1 4653 4830 4654
9692 2 2 1 1 4654 4830 4831
9693 2 2 1 1 4654 4831 4655
9694 2 2 1 1 4655 4831 4832
9695 2 2 1 1 4655 4832 4656
9696 2 2 1 1 4656 4832 4833
9697 2 2 1 1 4656 4833 4657
9698 2 2 1 1 4657 4833 4834
9699 2 2 1 1 4657 4834 4658
9700 2 2 1 1 4658 4834 4835
9701 2 2 1 1 4658 4835 4659
9702 2 2 1 1 4659 4835 4836
9703 2 2 1 1 4659 4836 4660
9704 2 2 1 1 4660 4836 4837
9705 2 2 1 1 4660 4837 4661
9706 2 2 1 1 4661 4837 4838
9707 2 2 1 1 4661 4838 4839
9708 2 2 1 1 4661 4839 4662
9709 2 2 1 1 4662 4839 4840
9710 2 2 1 1 4662 4840 4663
9711 2 2 1 1 4663 4840 4841
9712 2 2 1 1 4663 4841 4664
9713 2 2 1 1 4664 4841 4842
9714 2 2 1 1 4664 4842 4665
9715 2 2 1 1 4665 4842 4843
9716 2 2 1 1 4665 4843 4666
9717 2 2 1 1 4666 4843 4844
9718 2 2 1 1 4666 4844 4667
9719 2 2 1 1 4667 4844 4845
9720 2 2 1 1 4667 4845 4668
9721 2 2 1 1 4668 4845 4846
9722 2 2 1 1 4668 4846 4669
9723 2 2 1 1 4669 4846 4847
9724 2 2 1 1 4669 4847 4670
9725 2 2 1 1 4670 4847 4848
9726 2 2 1 1 4670 4848 4671
9727 2 2 1 1 4671 4848 4849
9728 2 2 1 1 4671 4849 4672
9729 2 2 1 1 4672 4849 4850
9730 2 2 1 1 4672 4850 4673
9731 2 2 1 1 4673 4850 4851
9732 2 2 1 1 4673 4851 4674
9733 2 2 1 1 4674 4851 4852
9734 2 2 1 1 4674 4852 4675
9735 2 2 1 1 4675 4852 4853
9736 2 2 1 1 4675 4853 4676
9737 2 2 1 1 4676 4853 4854
9738 2 2 1 1 4676 4854 4677
9739 2 2 1 1 4677 4854 4855
9740 2 2 1 1 4677 4855 4678
9741 2 2 1 1 4678 4855 4856
9742 2 2 1 1 4678 4856 4679
9743 2 2 1 1 4679 4856 4857
9744 2 2 1 1 4679 4857 4680
9745 2 2 1 1 4680 4857 4858
9746 2 2 1 1 4680 4858 4681
9747 2 2 1 1 4681 4858 4859
9748 2 2 1 1 4681 4859 4682
9749 2 2 1 1 4682 4859 4860
9750 2 2 1 1 4682 4860 4683
9751 2 2 1 1 4683 4860 4861
9752 2 2 1 1 4683 4861 4684
9753 2 2 1 1 4684 4861 4862
9754 2 2 1 1 4684 4862 4685
9755 2 2 1 1 4685 4862 4863
9756 2 2 1 1 4685 4863 4686
9757 2 2 1 1 4686 4863 4864
9758 2 2 1 1 4686 4864 4687
9759 2 2 1 1 4687 4864 4865
9760 2 2 1 1 4687 4865 4688
9761 2 2 1 1 4688 4865 4866
9762 2 2 1 1 4688 4866 4689
9763 2 2 1 1 4689 4866 4867
9764 2 2 1 1 4689 4867 4690
9765 2 2 1 1 4690 4867 4868
9766 2 2 1 1 4690 4868 4691
9767 2 2 1 1 4691 4868 4869
9768 2 2 1 1 4691 4869 4692
9769 2 2 1 1 4692 4869 4870
9770 2 2 1 1 4692 4870 4693
9771 2 2 1 1 4693 4870 4871
9772 2 2 1 1 4693 4871 4694
9773 2 2 1 1 4694 4871 4872
9774 2 2 1 1 4694 4872 4695
9775 2 2 1 1 4695 4872 4873
9776 2 2 1 1 4695 4873 4696
9777 2 2 1 1 4696 4873 4874
9778 2 2 1 1 4696 4874 4697
9779 2 2 1 1 4697 4874 4875
9780 2 2 1 1 4697 4875 4698
9781 2 2 1 1 4698 4875 4876
9782 2 2 1 1 4698 4876 4699
9783 2 2 1 1 4699 4876 4877
9784 2 2 1 1 4699 4877 4700
9785 2 2 1 1 4700 4877 4878
9786 2 2 1 1 4700 4878 4701
9787 2 2 1 1 4701 4878 4879
9788 2 2 1 1 4701 4879 4702
9789 2 2 1 1 4702 4879 4880
9790 2 2 1 1 4702 4880 4703
9791 2 2 1 1 4703 4880 4881
9792 2 2 1 1 4703 4881 4704
9793 2 2 1 1 4704 4881 4882
9794 2 2 1 1 4704 4882 4705
9795 2 2 1 1 4705 4882 4883
9796 2 2 1 1 4705 4883 4884
9797 2 2 1 1 4705 4884 4706
9798 2 2 1 1 4706 4884 4885
9799 2 2 1 1 4706 4885 4707
9800 2 2 1 1 4707 4885 4886
9801 2 2 1 1 4707 4886 4708
9802 2 2 1 1 4708 4886 4887
9803 2 2 1 1 4708 4887 4709
9804 2 2 1 1 4709 4887 4888
9805 2 2 1 1 4709 4888 4710
9806 2 2 1 1 4710 4888 4889
9807 2 2 1 1 4710 4889 4711
9808 2 2 1 1 4711 4889 4890
9809 2 2 1 1 4711 4890 4712
9810 2 2 1 1 4712 4890 4891
9811 2 2 1 1 4712 4891 4713
9812 2 2 1 1 4713 4891 4892
9813 2 2 1 1 4713 4892 4714
9814 2 2 1 1 4714 4892 4893
9815 2 2 1 1 4714 4893 4715
9816 2 2 1 1 4715 4893 4894
9817 2 2 1 1 4715 4894 4716
9818 2 2 1 1 4716 4894 4895
9819 2 2 1 1 4716 4895 4717
9820 2 2 1 1 4717 4895 4896
9821 2 2 1 1 4717 4896 4718
9822 2 2 1 1 4718 4896 4897
9823 2 2 1 1 4718 4897 4719
9824 2 2 1 1 4719 4897 4898
9825 2 2 1 1 4719 4898 4720
9826 2 2 1 1 4720 4898 4899
9827 2 2 1 1 4720 4899 4721
9828 2 2 1 1 4721 4899 4900
9829 2 2 1 1 4721 4900 4722
9830 2 2 1 1 4722 4900 4901
9831 2 2 1 1 4722 4901 4723
9832 2 2 1 1 4723 4901 4902
9833 2 2 1 1 4723 4902 4724
9834 2 2 1 1 4724 4902 4903
9835 2 2 1 1 4724 4903 4725
9836 2 2 1 1 4725 4903 4904
9837 2 2 1 1 4725 4904 4726
9838 2 2 1 1 4726 4904 4905
9839 2 2 1 1 4726 4905 4727
9840 2 2 1 1 4727 4905 4906
9841 2 2 1 1 4727 4906 4728
9842 2 2 1 1 4728 4906 4907
9843 2 2 1 1 4728 4907 4729
9844 2 2 1 1 4729 4907 4908
9845 2 2 1 1 4729 4908 4730
9846 2 2 1 1 4730 4908 4909
9847 2 2 1 1 4730 4909 4731
9848 2 2 1 1 4731 4909 4910
9849 2 2 1 1 4731 4910 4732
9850 2 2 1 1 4732 4910 4911
9851 2 2 1 1 4732 4911 4733
9852 2 2 1 1 4733 4911 4912
9853 2 2 1 1 4733 4912 4734
9854 2 2 1 1 4734 4912 4913
9855 2 2 1 1 4734 4913 4735
9856 2 2 1 1 4735 4913 4914
9857 2 2 1 1 4735 4914 4736
9858 2 2 1 1 4736 4914 4915
9859 2 2 1 1 4736 4915 4737
9860 2 2 1 1 4737 4915 4916
9861 2 2 1 1 4737 4916 4738
9862 2 2 1 1 4738 4916 4917
9863 2 2 1 1 4738 4917 4739
9864 2 2 1 1 4739 4917 4918
9865 2 2 1 1 4739 4918 4740
9866 2 2 1 1 4740 4918 4919
9867 2 2 1 1 4740 4919 4741
9868 2 2 1 1 4741 4919 4920
9869 2 2 1 1 4741 4920 4742
9870 2 2 1 1 4742 4920 4921
9871 2 2 1 1 4742 4921 4743
9872 2 2 1 1 4743 4921 4922
9873 2 2 1 1 4743 4922 4744
9874 2 2 1 1 4744 4922 4923
9875 2 2 1 1 4744 4923 4745
9876 2 2 1 1 4745 4923 4924
9877 2 2 1 1 4745 4924 4746
9878 2 2 1 1 4746 4924 4925
9879 2 2 1 1 4746 4925 4747
9880 2 2 1 1 4747 4925 4926
9881 2 2 1 1 4747 4926 4748
9882 2 2 1 1 4748 4926 4927
9883 2 2 1 1 4748 4927 4574
9884 2 2 1 1 4574 4927 4749
9885 2 2 1 1 4749 4928 4929
9886 2 2 1 1 4749 4929 4750
9887 2 2 1 1 4750 4929 4930
9888 2 2 1 1 4750 4930 4751
9889 2 2 1 1 4751 4930 4931
9890 2 2 1 1 4751 4931 4752
9891 2 2 1 1 4752 4931 4932
9892 2 2 1 1 4752 4932 4753
9893 2 2 1 1 4753 4932 4933
9894 2 2 1 1 4753 4933 4754
9895 2 2 1 1 4754 4933 4934
9896 2 2 1 1 4754 4934 4755
9897 2 2 1 1 4755 4934 4935
9898 2 2 1 1 4755 4935 4756
9899 2 2 1 1 4756 4935 4936
9900 2 2 1 1 4756 4936 4757
9901 2 2 1 1 4757 4936 4937
9902 2 2 1 1 4757 4937 4758
9903 2 2 1 1 4758 4937 4938
9904 2 2 1 1 4758 4938 4759
9905 2 2 1 1 4759 4938 4939
9906 2 2 1 1 4759 4939 4760
9907 2 2 1 1 4760 4939 4940
9908 2 2 1 1 4760 4940 4761
9909 2 2 1 1 4761 4940 4941
9910 2 2 1 1 4761 4941 4762
9911 2 2 1 1 4762 4941 4942
9912 2 2 1 1 4762 4942 4763
9913 2 2 1 1 4763 4942 4943
9914 2 2 1 1 4763 4943 4764
9915 2 2 1 1 4764 4943 4944
9916 2 2 1 1 4764 4944 4765
9917 2 2 1 1 4765 4944 4945
9918 2 2 1 1 4765 4945 4766
9919 2 2 1 1 4766 4945 4946
9920 2 2 1 1 4766 4946 4767
9921 2 2 1 1 4767 4946 4947
9922 2 2 1 1 4767 4947 4768
9923 2 2 1 1 4768 4947 4948
9924 2 2 1 1 4768 4948 4769
9925 2 2 1 1 4769 4948 4949
9926 2 2 1 1 4769 4949 4770
9927 2 2 1 1 4770 4949 4950
9928 2 2 1 1 4770 4950 4771
9929 2 2 1 1 4771 4950 4951
9930 2 2 1 1 4771 4951 4772
9931 2 2 1 1 4772 4951 4952
9932 2 2 1 1 4772 4952 4773
9933 2 2 1 1 4773 4952 4953
9934 2 2 1 1 4773 4953 4774
9935 2 2 1 1 4774 4953 4954
9936 2 2 1 1 4774 4954 4775
9937 2 2 1 1 4775 4954 4955
9938 2 2 1 1 4775 4955 4776
9939 2 2 1 1 4776 4955 4956
9940 2 2 1 1 4776 4956 4777
9941 2 2 1 1 4777 4956 4957
9942 2 2 1 1 4777 4957 4778
9943 2 2 1 1 4778 4957 4958
9944 2 2 1 1 4778 4958 4779
9945 2 2 1 1 4779 4958 4959
9946 2 2 1 1 4779 4959 4780
9947 2 2 1 1 4780 4959 4960
9948 2 2 1 1 4780 4960 4781
9949 2 2 1 1 4781 4960 4961
9950 2 2 1 1 4781 4961 4782
9951 2 2 1 1 4782 4961 4962
9952 2 2 1 1 4782 4962 4783
9953 2 2 1 1 4783 4962 4963
9954 2 2 1 1 4783 4963 4784
9955 2 2 1 1 4784 4963 4964
9956 2 2 1 1 4784 4964 4785
9957 2 2 1 1 4785 4964 4965
9958 2 2 1 1 4785 4965 4786
9959 2 2 1 1 4786 4965 4966
9960 2 2 1 1 4786 4966 4787
9961 2 2 1 1 4787 4966 4967
9962 2 2 1 1 4787 4967 4788
9963 2 2 1 1 4788 4967 4968
9964 2 2 1 1 4788 4968 4789
9965 2 2 1 1 4789 4968 4969
9966 2 2 1 1 4789 4969 4790
9967 2 2 1 1 4790 4969 4970
9968 2 2 1 1 4790 4970 4791
9969 2 2 1 1 4791 4970 4971
9970 2 2 1 1 4791 4971 4792
9971 2 2 1 1 4792 4971 4972
9972 2 2 1 1 4792 4972 4793
9973 2 2 1 1 4793 4972 4973
9974 2 2 1 1 4793 4973 4974
9975 2 2 1 1 4793 4974 4794
9976 2 2 1 1 4794 4974 4975
9977 2 2 1 1 4794 4975 4795
9978 2 2 1 1 4795 4975 4976
9979 2 2 1 1 4795 4976 4796
9980 2 2 1 1 4796 4976 4977
9981 2 2 1 1 4796 4977 4797
9982 2 2 1 1 4797 4977 4978
9983 2 2 1 1 4797 4978 4798
9984 2 2 1 1 4798 4978 4979
9985 2 2 1 1 4798 4979 4799
9986 2 2 1 1 4799 4979 4980
9987 2 2 1 1 4799 4980 4800
9988 2 2 1 1 4800 4980 4981
9989 2 2 1 1 4800 4981 4801
9990 2 2 1 1 4801 4981 4982
9991 2 2 1 1 4801 4982 4802
9992 2 2 1 1 4802 4982 4983
9993 2 2 1 1 4802 4983 4803
9994 2 2 1 1 4803 4983 4984
9995 2 2 1 1 4803 4984 4804
9996 2 2 1 1 4804 4984 4985
9997 2 2 1 1 4804 4985 4805
9998 2 2 1 1 4805 4985 4986
9999 2 2 1 1 4805 4986 4806
10000 2 2 1 1 4806 4986 4987
10001 2 2 1 1 4806 4987 4807
10002 2 2 1 1 4807 4987 4988
10003 2 2 1 1 4807 4988 4808
10004 2 2 1 1 4808 4988 4989
10005 2 2 1 1 4808 4989 4809
10006 2 2 1 1 4809 4989 4990
10007 2 2 1 1 4809 4990 4810
10008 2 2 1 1 4810 4990 4991
10009 2 2 1 1 4810 4991 4811
10010 2 2 1 1 4811 4991 4992
10011 2 2 1 1 4811 4992 4812
10012 2 2 1 1 4812 4992 4993
10013 2 2 1 1 4812 4993 4813
10014 2 2 1 1 4813 4993 4994
10015 2 2 1 1 4813 4994 4814
10016 2 2 1 1 4814 4994 4995
10017 2 2 1 1 4814 4995 4815
10018 2 2 1 1 4815 4995 4996
10019 2 2 1 1 4815 4996 4816
10020 2 2 1 1 4816 4996 4997
10021 2 2 1 1 4816 4997 4817
10022 2 2 1 1 4817 4997 4998
10023 2 2 1 1 4817 4998 4818
10024 2 2 1 1 4818 4998 4999
10025 2 2 1 1 4818 4999 4819
10026 2 2 1 1 4819 4999 5000
10027 2 2 1 1 4819 5000 4820
10028 2 2 1 1 4820 5000 5001
10029 2 2 1 1 4820 5001 4821
10030 2 2 1 1 4821 5001 5002
10031 2 2 1 1 4821 5002 4822
10032 2 2 1 1 4822 5002 5003
10033 2 2 1 1 4822 5003 4823
10034 2 2 1 1 4823 5003 5004
10035 2 2 1 1 4823 5004 4824
10036 2 2 1 1 4824 5004 5005
10037 2 2 1 1 4824 5005 4825
10038 2 2 1 1 4825 5005 5006
10039 2 2 1 1 4825 5006 4826
10040 2 2 1 1 4826 5006 5007
10041 2 2 1 1 4826 5007 4827
10042 2 2 1 1 4827 5007 5008
10043 2 2 1 1 4827 5008 4828
10044 2 2 1 1 4828 5008 5009
10045 2 2 1 1 4828 5009 4829
10046 2 2 1 1 4829 5009 5010
10047 2 2 1 1 4829 5010 4830
10048 2 2 1 1 4830 5010 5011
10049 2 2 1 1 4830 5011 4831
10050 2 2 1 1 4831 5011 5012
10051 2 2 1 1 4831 5012 4832
10052 2 2 1 1 4832 5012 5013
10053 2 2 1 1 4832 5013 4833
10054 2 2 1 1 4833 5013 5014
10055 2 2 1 1 4833 5014 4834
10056 2 2 1 1 4834 5014 5015
10057 2 2 1 1 4834 5015 4835
10058 2 2 1 1 4835 5015 5016
10059 2 2 1 1 4835 5016 4836
10060 2 2 1 1 4836 5016 5017
10061 2 2 1 1 4836 5017 4837
10062 2 2 1 1 4837 5017 5018
10063 2 2 1 1 4837 5018 4838
10064 2 2 1 1 4838 5018 5019
10065 2 2 1 1 4838 5019 5020
10066 2 2 1 1 4838 5020 4839
10067 2 2 1 1 4839 5020 5021
10068 2 2 1 1 4839 5021 4840
10069 2 2 1 1 4840 5021 5022
10070 2 2 1 1 4840 5022 4841
10071 2 2 1 1 4841 5022 5023
10072 2 2 1 1 4841 5023 4842
10073 2 2 1 1 4842 5023 5024
10074 2 2 1 1 4842 5024 4843
10075 2 2 1 1 4843 5024 5025
10076 2 2 1 1 4843 5025 4844
10077 2 2 1 1 4844 5025 5026
10078 2 2 1 1 4844 5026 4845
10079 2 2 1 1 4845 5026 5027
10080 2 2 1 1 4845 5027 4846
10081 2 2 1 1 4846 5027 5028
10082 2 2 1 1 4846 5028 4847
10083 2 2 1 1 4847 5028 5029
10084 2 2 1 1 4847 5029 4848
10085 2 2 1 1 4848 5029 5030
10086 2 2 1 1 4848 5030 4849
10087 2 2 1 1 4849 5030 5031
10088 2 2 1 1 4849 5031 4850
10089 2 2 1 1 4850 5031 5032
10090 2 2 1 1 4850 5032 4851
10091 2 2 1 1 4851 5032 5033
10092 2 2 1 1 4851 5033 4852
10093 2 2 1 1 4852 5033 5034
10094 2 2 1 1 4852 5034 4853
10095 2 2 1 1 4853 5034 5035
10096 2 2 1 1 4853 5035 4854
10097 2 2 1 1 4854 5035 5036
10098 2 2 1 1 4854 5036 4855
10099 2 2 1 1 4855 5036 5037
10100 2 2 1 1 4855 5037 4856
10101 2 2 1 1 4856 5037 5038
10102 2 2 1 1 4856 5038 4857
10103 2 2 1 1 4857 5038 5039
10104 2 2 1 1 4857 5039 4858
10105 2 2 1 1 4858 5039 5040
10106 2 2 1 1 4858 5040 4859
10107 2 2 1 1 4859 5040 5041
10108 2 2 1 1 4859 5041 4860
10109 2 2 1 1 4860 5041 5042
10110 2 2 1 1 4860 5042 4861
10111 2 2 1 1 4861 5042 5043
10112 2 2 1 1 4861 5043 4862
10113 2 2 1 1 4862 5043 5044
10114 2 2 1 1 4862 5044 4863
10115 2 2 1 1 4863 5044 5045
10116 2 2 1 1 4863 5045 4864
10117 2 2 1 1 4864 5045 5046
10118 2 2 1 1 4864 5046 4865
10119 2 2 1 1 4865 5046 5047
10120 2 2 1 1 4865 5047 4866
10121 2 2 1 1 4866 5047 5048
10122 2 2 1 1 4866 5048 4867
10123 2 2 1 1 4867 5048 5049
10124 2 2 1 1 4867 5049 4868
10125 2 2 1 1 4868 5049 5050
10126 2 2 1 1 4868 5050 4869
10127 2 2 1 1 4869 5050 5051
10128 2 2 1 1 4869 5051 4870
10129 2 2 1 1 4870 5051 5052
10130 2 2 1 1 4870 5052 4871
10131 2 2 1 1 4871 5052 5053
10132 2 2 1 1 4871 5053 4872
10133 2 2 1 1 4872 5053 5054
10134 2 2 1 1 4872 5054 4873
10135 2 2 1 1 4873 5054 5055
10136 2 2 1 1 4873 5055 4874
10137 2 2 1 1 4874 5055 5056
10138 2 2 1 1 4874 5056 4875
10139 2 2 1 1 4875 5056 5057
10140 2 2 1 1 4875 5057 4876
10141 2 2 1 1 4876 5057 5058
10142 2 2 1 1 4876 5058 4877
10143 2 2 1 1 4877 5058 5059
10144 2 2 1 1 4877 5059 4878
10145 2 2 1 1 4878 5059 5060
10146 2 2 1 1 4878 5060 4879
10147 2 2 1 1 4879 5060 5061
10148 2 2 1 1 4879 5061 4880
10149 2 2 1 1 4880 5061 5062
10150 2 2 1 1 4880 5062 4881
10151 2 2 1 1 4881 5062 5063
10152 2 2 1 1 4881 5063 4882
10153 2 2 1 1 4882 5063 5064
10154 2 2 1 1 4882 5064 4883
10155 2 2 1 1 4883 5064 5065
10156 2 2 1 1 4883 5065 5066
10157 2 2 1 1 4883 5066 4884
10158 2 2 1 1 4884 5066 5067
10159 2 2 1 1 4884 5067 4885
10160 2 2 1 1 4885 5067 5068
10161 2 2 1 1 4885 5068 4886
10162 2 2 1 1 4886 5068 5069
10163 2 2 1 1 4886 5069 4887
10164 2 2 1 1 4887 5069 5070
10165 2 2 1 1 4887 5070 4888
10166 2 2 1 1 4888 5070 5071
10167 2 2 1 1 4888 5071 4889
10168 2 2 1 1 4889 5071 5072
10169 2 2 1 1 4889 5072 4890
10170 2 2 1 1 4890 5072 5073
10171 2 2 1 1 4890 5073 4891
10172 2 2 1 1 4891 5073 5074
10173 2 2 1 1 4891 5074 4892
10174 2 2 1 1 4892 5074 5075
10175 2 2 1 1 4892 5075 4893
10176 2 2 1 1 4893 5075 5076
10177 2 2 1 1 4893 5076 4894
10178 2 2 1 1 4894 5076 5077
10179 2 2 1 1 4894 5077 4895
10180 2 2 1 1 4895 5077 5078
10181 2 2 1 1 4895 5078 4896
10182 2 2 1 1 4896 5078 5079
10183 2 2 1 1 4896 5079 4897
10184 2 2 1 1 4897 5079 5080
10185 2 2 1 1 4897 5080 4898
10186 2 2 1 1 4898 5080 5081
10187 2 2 1 1 4898 5081 4899
10188 2 2 1 1 4899 5081 5082
10189 2 2 1 1 4899 5082 4900
10190 2 2 1 1 4900 5082 5083
10191 2 2 1 1 4900 5083 4901
10192 2 2 1 1 4901 5083 5084
10193 2 2 1 1 4901 5084 4902
10194 2 2 1 1 4902 5084 5085
10195 2 2 1 1 4902 5085 4903
10196 2 2 1 1 4903 5085 5086
10197 2 2 1 1 4903 5086 4904
10198 2 2 1 1 4904 5086 5087
10199 2 2 1 1 4904 5087 4905
10200 2 2 1 1 4905 5087 5088
10201 2 2 1 1 4905 5088 4906
10202 2 2 1 1 4906 5088 5089
10203 2 2 1 1 4906 5089 4907
10204 2 2 1 1 4907 5089 5090
10205 2 2 1 1 4907 5090 4908
10206 2 2 1 1 4908 5090 5091
10207 2 2 1 1 4908 5091 4909
10208 2 2 1 1 4909 5091 5092
10209 2 2 1 1 4909 5092 4910
10210 2 2 1 1 4910 5092 5093
10211 2 2 1 1 4910 5093 4911
10212 2 2 1 1 4911 5093 5094
10213 2 2 1 1 4911 5094 4912
10214 2 2 1 1 4912 5094 5095
10215 2 2 1 1 4912 5095 4913
10216 2 2 1 1 4913 5095 5096
10217 2 2 1 1 4913 5096 4914
10218 2 2 1 1 4914 5096 5097
10219 2 2 1 1 4914 5097 4915
10220 2 2 1 1 4915 5097 5098
10221 2 2 1 1 4915 5098 4916
10222 2 2 1 1 4916 5098 5099
10223 2 2 1 1 4916 5099 4917
10224 2 2 1 1 4917 5099 5100
10225 2 2 1 1 4917 5100 4918
10226 2 2 1 1 4918 5100 5101
10227 2 2 1 1 4918 5101 4919
10228 2 2 1 1 4919 5101 5102
10229 2 2 1 1 4919 5102 4920
10230 2 2 1 1 4920 5102 5103
10231 2 2 1 1 4920 5103 4921
10232 2 2 1 1 4921 5103 5104
10233 2 2 1 1 4921 5104 4922
10234 2 2 1 1 4922 5104 5105
10235 2 2 1 1 4922 5105 4923
10236 2 2 1 1 4923 5105 5106
10237 2 2 1 1 4923 5106 4924
10238 2 2 1 1 4924 5106 5107
10239 2 2 1 1 4924 5107 4925
10240 2 2 1 1 4925 5107 5108
10241 2 2 1 1 4925 5108 4926
10242 2 2 1 1 4926 5108 5109
10243 2 2 1 1 4926 5109 4927
10244 2 2 1 1 4927 5109 5110
10245 2 2 1 1 4927 5110 4749
10246 2 2 1 1 4749 5110 4928
10247 2 2 1 1 4928 5111 5112
10248 2 2 1 1 4928 5112 4929
10249 2 2 1 1 4929 5112 5113
10250 2 2 1 1 4929 5113 4930
10251 2 2 1 1 4930 5113 5114
10252 2 2 1 1 4930 5114 4931
10253 2 2 1 1 4931 5114 5115
10254 2 2 1 1 4931 5115 4932
10255 2 2 1 1 4932 5115 5116
10256 2 2 1 1 4932 5116 4933
10257 2 2 1 1 4933 5116 5117
10258 2 2 1 1 4933 5117 4934
10259 2 2 1 1 4934 5117 5118
10260 2 2 1 1 4934 5118 4935
10261 2 2 1 1 4935 5118 5119
10262 2 2 1 1 4935 5119 4936
10263 2 2 1 1 4936 5119 5120
10264 2 2 1 1 4936 5120 4937
10265 2 2 1 1 4937 5120 5121
10266 2 2 1 1 4937 5121 4938
10267 2 2 1 1 4938 5121 5122
10268 2 2 1 1 4938 5122 4939
10269 2 2 1 1 4939 5122 5123
10270 2 2 1 1 4939 5123 4940
10271 2 2 1 1 4940 5123 5124
10272 2 2 1 1 4940 5124 4941
10273 2 2 1 1 4941 5124 5125
10274 2 2 1 1 4941 5125 4942
10275 2 2 1 1 4942 5125 5126
10276 2 2 1 1 4942 5126 4943
10277 2 2 1 1 4943 5126 5127
10278 2 2 1 1 4943 5127 4944
10279 2 2 1 1 4944 5127 5128
10280 2 2 1 1 4944 5128 4945
10281 2 2 1 1 4945 5128 5129
10282 2 2 1 1 4945 5129 4946
10283 2 2 1 1 4946 5129 5130
10284 2 2 1 1 4946 5130 4947
10285 2 2 1 1 4947 5130 5131
10286 2 2 1 1 4947 5131 4948
10287 2 2 1 1 4948 5131 5132
10288 2 2 1 1 4948 5132 4949
10289 2 2 1 1 4949 5132 5133
10290 2 2 1 1 4949 5133 4950
10291 2 2 1 1 4950 5133 5134
10292 2 2 1 1 4950 5134 4951
10293 2 2 1 1 4951 5134 5135
10294 2 2 1 1 4951 5135 4952
10295 2 2 1 1 4952 5135 5136
10296 2 2 1 1 4952 5136 4953
10297 2 2 1 1 4953 5136 5137
10298 2 2 1 1 4953 5137 4954
10299 2 2 1 1 4954 5137 5138
10300 2 2 1 1 4954 5138 4955
10301 2 2 1 1 4955 5138 5139
10302 2 2 1 1 4955 5139 4956
10303 2 2 1 1 4956 5139 5140
10304 2 2 1 1 4956 5140 4957
10305 2 2 1 1 4957 5140 5141
10306 2 2 1 1 4957 5141 4958
10307 2 2 1 1 4958 5141 5142
10308 2 2 1 1 4958 5142 4959
10309 2 2 1 1 4959 5142 5143
10310 2 2 1 1 4959 5143 4960
10311 2 2 1 1 4960 5143 5144
10312 2 2 1 1 4960 5144 4961
10313 2 2 1 1 4961 5144 5145
10314 2 2 1 1 4961 5145 4962
10315 2 2 1 1 4962 5145 5146
10316 2 2 1 1 4962 5146 4963
10317 2 2 1 1 4963 5146 5147
10318 2 2 1 1 4963 5147 4964
10319 2 2 1 1 4964 5147 5148
10320 2 2 1 1 4964 5148 4965
10321 2 2 1 1 4965 5148 5149
10322 2 2 1 1 4965 5149 4966
10323 2 2 1 1 4966 5149 5150
10324 2 2 1 1 4966 5150 4967
10325 2 2 1 1 4967 5150 5151
10326 2 2 1 1 4967 5151 4968
10327 2 2 1 1 4968 5151 5152
10328 2 2 1 1 4968 5152 4969
10329 2 2 1 1 4969 5152 5153
10330 2 2 1 1 4969 5153 4970
10331 2 2 1 1 4970 5153 5154
10332 2 2 1 1 4970 5154 4971
10333 2 2 1 1 4971 5154 5155
10334 2 2 1 1 4971 5155 4972
10335 2 2 1 1 4972 5155 5156
10336 2 2 1 1 4972 5156 4973
10337 2 2 1 1 4973 5156 5157
10338 2 2 1 1 4973 5157 5158
10339 2 2 1 1 4973 5158 4974
10340 2 2 1 1 4974 5158 5159
10341 2 2 1 1 4974 5159 4975
10342 2 2 1 1 4975 5159 5160
10343 2 2 1 1 4975 5160 4976
10344 2 2 1 1 4976 5160 5161
10345 2 2 1 1 4976 5161 4977
10346 2 2 1 1 4977 5161 5162
10347 2 2 1 1 4977 5162 4978
10348 2 2 1 1 4978 5162 5163
10349 2 2 1 1 4978 5163 4979
10350 2 2 1 1 4979 5163 5164
10351 2 2 1 1 4979 5164 4980
10352 2 2 1 1 4980 5164 5165
10353 2 2 1 1 4980 5165 4981
10354 2 2 1 1 4981 5165 5166
10355 2 2 1 1 4981 5166 4982
10356 2 2 1 1 4982 5166 5167
10357 2 2 1 1 4982 5167 4983
10358 2 2 1 1 4983 5167 5168
10359 2 2 1 1 4983 5168 4984
10360 2 2 1 1 4984 5168 5169
10361 2 2 1 1 4984 5169 4985
10362 2 2 1 1 4985 5169 5170
10363 2 2 1 1 4985 5170 4986
10364 2 2 1 1 4986 5170 5171
10365 2 2 1 1 4986 5171 4987
10366 2 2 1 1 4987 5171 5172
10367 2 2 1 1 4987 5172 4988
10368 2 2 1 1 4988 5172 5173
10369 2 2 1 1 4988 5173 4989
10370 2 2 1 1 4989 5173 5174
10371 2 2 1 1 4989 5174 4990
10372 2 2 1 1 4990 5174 5175
10373 2 2 1 1 4990 5175 4991
10374 2 2 1 1 4991 5175 5176
10375 2 2 1 1 4991 5176 4992
10376 2 2 1 1 4992 5176 5177
10377 2 2 1 1 4992 5177 4993
10378 2 2 1 1 4993 5177 5178
10379 2 2 1 1 4993 5178 4994
10380 2 2 1 1 4994 5178 5179
10381 2 2 1 1 4994 5179 4995
10382 2 2 1 1 4995 5179 5180
10383 2 2 1 1 4995 5180 4996
10384 2 2 1 1 4996 5180 5181
10385 2 2 1 1 4996 5181 4997
10386 2 2 1 1 4997 5181 5182
10387 2 2 1 1 4997 5182 4998
10388 2 2 1 1 4998 5182 5183
10389 2 2 1 1 4998 5183 4999
10390 2 2 1 1 4999 5183 5184
10391 2 2 1 1 4999 5184 5000
10392 2 2 1 1 5000 5184 5185
10393 2 2 1 1 5000 5185 5001
10394 2 2 1 1 5001 5185 5186
10395 2 2 1 1 5001 5186 5002
10396 2 2 1 1 5002 5186 5187
10397 2 2 1 1 5002 5187 5003
10398 2 2 1 1 5003 5187 5188
10399 2 2 1 1 5003 5188 5004
10400 2 2 1 1 5004 5188 5189
10401 2 2 1 1 5004 5189 5005
10402 2 2 1 1 5005 5189 5190
10403 2 2 1 1 5005 5190 5006
10404 2 2 1 1 5006 5190 5191
10405 2 2 1 1 5006 5191 5007
10406 2 2 1 1 5007 5191 5192
10407 2 2 1 1 5007 5192 5008
10408 2 2 1 1 5008 5192 5193
10409 2 2 1 1 5008 5193 5009
10410 2 2 1 1 5009 5193 5194
10411 2 2 1 1 5009 5194 5010
10412 2 2 1 1 5010 5194 5195
10413 2 2 1 1 5010 5195 5011
10414 2 2 1 1 5011 5195 5196
10415 2 2 1 1 5011 5196 5012
10416 2 2 1 1 5012 5196 5197
10417 2 2 1 1 5012 5197 5013
10418 2 2 1 1 5013 5197 5198
10419 2 2 1 1 5013 5198 5014
10420 2 2 1 1 5014 5198 5199
10421 2 2 1 1 5014 5199 5015
10422 2 2 1 1 5015 5199 5200
10423 2 2 1 1 5015 5200 5016
10424 2 2 1 1 5016 5200 5201
10425 2 2 1 1 5016 5201 5017
10426 2 2 1 1 5017 5201 5202
10427 2 2 1 1 5017 5202 5018
10428 2 2 1 1 5018 5202 5203
10429 2 2 1 1 5018 5203 5019
10430 2 2 1 1 5019 5203 5204
10431 2 2 1 1 5019 5204 5205
10432 2 2 1 1 5019 5205 5020
10433 2 2 1 1 5020 5205 5206
10434 2 2 1 1 5020 5206 5021
10435 2 2 1 1 5021 5206 5207
10436 2 2 1 1 5021 5207 5022
10437 2 2 1 1 5022 5207 5208
10438 2 2 1 1 5022 5208 5023
10439 2 2 1 1 5023 5208 5209
10440 2 2 1 1 5023 5209 5024
10441 2 2 1 1 5024 5209 5210
10442 2 2 1 1 5024 5210 5025
10443 2 2 1 1 5025 5210 5211
10444 2 2 1 1 5025 5211 5026
10445 2 2 1 1 5026 5211 5212
10446 2 2 1 1 5026 5212 5027
10447 2 2 1 1 5027 5212 5213
10448 2 2 1 1 5027 5213 5028
10449 2 2 1 1 5028 5213 5214
10450 2 2 1 1 5028 5214 5029
10451 2 2 1 1 5029 5214 5215
10452 2 2 1 1 5029 5215 5030
10453 2 2 1 1 5030 5215 5216
10454 2 2 1 1 5030 5216 5031
10455 2 2 1 1 5031 5216 5217
10456 2 2 1 1 5031 5217 5032
10457 2 2 1 1 5032 5217 5218
10458 2 2 1 1 5032 5218 5033
10459 2 2 1 1 5033 5218 5219
10460 2 2 1 1 5033 5219 5034
10461 2 2 1 1 5034 5219 5220
10462 2 2 1 1 5034 5220 5035
10463 2 2 1 1 5035 5220 5221
10464 2 2 1 1 5035 5221 5036
10465 2 2 1 1 5036 5221 5222
10466 2 2 1 1 5036 5222 5037
10467 2 2 1 1 5037 5222 5223
10468 2 2 1 1 5037 5223 5038
10469 2 2 1 1 5038 5223 5224
10470 2 2 1 1 5038 5224 5039
10471 2 2 1 1 5039 5224 5225
10472 2 2 1 1 5039 5225 5040
10473 2 2 1 1 5040 5225 5226
10474 2 2 1 1 5040 5226 5041
10475 2 2 1 1 5041 5226 5227
10476 2 2 1 1 5041 5227 5042
10477 2 2 1 1 5042 5227 5228
10478 2 2 1 1 5042 5228 5043
10479 2 2 1 1 5043 5228 5229
10480 2 2 1 1 5043 5229 5044
10481 2 2 1 1 5044 5229 5230
10482 2 2 1 1 5044 5230 5045
10483 2 2 1 1 5045 5230 5231
10484 2 2 1 1 5045 5231 5046
10485 2 2 1 1 5046 5231 5232
10486 2 2 1 1 5046 5232 5047
10487 2 2 1 1 5047 5232 5233
10488 2 2 1 1 5047 5233 5048
10489 2 2 1 1 5048 5233 5234
10490 2 2 1 1 5048 5234 5049
10491 2 2 1 1 5049 5234 5235
10492 2 2 1 1 5049 5235 5050
10493 2 2 1 1 5050 5235 5236
10494 2 2 1 1 5050 5236 5051
10495 2 2 1 1 5051 5236 5237
10496 2 2 1 1 5051 5237 5052
10497 2 2 1 1 5052 5237 5238
10498 2 2 1 1 5052 5238 5053
10499 2 2 1 1 5053 5238 5239
10500 2 2 1 1 5053 5239 5054
10501 2 2 1 1 5054 5239 5240
10502 2 2 1 1 5054 5240 5055
10503 2 2 1 1 5055 5240 5241
10504 2 2 1 1 5055 5241 5056
10505 2 2 1 1 5056 5241 5242
10506 2 2 1 1 5056 5242 5057
10507 2 2 1 1 5057 5242 5243
10508 2 2 1 1 5057 5243 5058
10509 2 2 1 1 5058 5243 5244
10510 2 2 1 1 5058 5244 5059
10511 2 2 1 1 5059 5244 5245
10512 2 2 1 1 5059 5245 5060
10513 2 2 1 1 5060 5245 5246
10514 2 2 1 1 5060 5246 5061
10515 2 2 1 1 5061 5246 5247
10516 2 2 1 1 5061 5247 5062
10517 2 2 1 1 5062 5247 5248
10518 2 2 1 1 5062 5248 5063
10519 2 2 1 1 5063 5248 5249
10520 2 2 1 1 5063 5249 5064
10521 2 2 1 1 5064 5249 5250
10522 2 2 1 1 5064 5250 5065
10523 2 2 1 1 5065 5250 5251
10524 2 2 1 1 5065 5251 5252
10525 2 2 1 1 5065 5252 5066
10526 2 2 1 1 5066 5252 5253
10527 2 2 1 1 5066 5253 5067
10528 2 2 1 1 5067 5253 5254
10529 2 2 1 1 5067 5254 5068
10530 2 2 1 1 5068 5254 5255
10531 2 2 1 1 5068 5255 5069
10532 2 2 1 1 5069 5255 5256
10533 2 2 1 1 5069 5256 5070
10534 2 2 1 1 5070 5256 5257
10535 2 2 1 1 5070 5257 5071
10536 2 2 1 1 5071 5257 5258
10537 2 2 1 1 5071 5258 5072
10538 2 2 1 1 5072 5258 5259
10539 2 2 1 1 5072 5259 5073
10540 2 2 1 1 5073 5259 5260
10541 2 2 1 1 5073 5260 5074
10542 2 2 1 1 5074 5260 5261
10543 2 2 1 1 5074 5261 5075
10544 2 2 1 1 5075 5261 5262
10545 2 2 1 1 5075 5262 5076
10546 2 2 1 1 5076 5262 5263
10547 2 2 1 1 5076 5263 5077
10548 2 2 1 1 5077 5263 5264
10549 2 2 1 1 5077 5264 5078
10550 2 2 1 1 5078 5264 5265
10551 2 2 1 1 5078 5265 5079
10552 2 2 1 1 5079 5265 5266
10553 2 2 1 1 5079 5266 5080
10554 2 2 1 1 5080 5266 5267
10555 2 2 1 1 5080 5267 5081
10556 2 2 1 1 5081 5267 5268
10557 2 2 1 1 5081 5268 5082
10558 2 2 1 1 5082 5268 5269
10559 2 2 1 1 5082 5269 5083
10560 2 2 1 1 5083 5269 5270
10561 2 2 1 1 5083 5270 5084
10562 2 2 1 1 5084 5270 5271
10563 2 2 1 1 5084 5271 5085
10564 2 2 1 1 5085 5271 5272
10565 2 2 1 1 5085 5272 5086
10566 2 2 1 1 5086 5272 5273
10567 2 2 1 1 5086 5273 5087
10568 2 2 1 1 5087 5273 5274
10569 2 2 1 1 5087 5274 5088
10570 2 2 1 1 5088 5274 5275
10571 2 2 1 1 5088 5275 5089
10572 2 2 1 1 5089 5275 5276
10573 2 2 1 1 5089 5276 5090
10574 2 2 1 1 5090 5276 5277
10575 2 2 1 1 5090 5277 5091
10576 2 2 1 1 5091 5277 5278
10577 2 2 1 1 5091 5278 5092
10578 2 2 1 1 5092 5278 5279
10579 2 2 1 1 5092 5279 5093
10580 2 2 1 1 5093 5279 5280
10581 2 2 1 1 5093 5280 5094
10582 2 2 1 1 5094 5280 5281
10583 2 2 1 1 5094 5281 5095
10584 2 2 1 1 5095 5281 5282
10585 2 2 1 1 5095 5282 5096
10586 2 2 1 1 5096 5282 5283
10587 2 2 1 1 5096 5283 5097
10588 2 2 1 1 5097 5283 5284
10589 2 2 1 1 5097 5284 5098
10590 2 2 1 1 5098 5284 5285
10591 2 2 1 1 5098 5285 5099
10592 2 2 1 1 5099 5285 5286
10593 2 2 1 1 5099 5286 5100
10594 2 2 1 1 5100 5286 5287
10595 2 2 1 1 5100 5287 5101
10596 2 2 1 1 5101 5287 5288
10597 2 2 1 1 5101 5288 5102
10598 2 2 1 1 5102 5288 5289
10599 2 2 1 1 5102 5289 5103
10600 2 2 1 1 5103 5289 5290
10601 2 2 1 1 5103 5290 5104
10602 2 2 1 1 5104 5290 5291
10603 2 2 1 1 5104 5291 5105
10604 2 2 1 1 5105 5291 5292
10605 2 2 1 1 5105 5292 5106
10606 2 2 1 1 5106 5292 5293
10607 2 2 1 1 5106 5293 5107
10608 2 2 1 1 5107 5293 5294
10609 2 2 1 1 5107 5294 5108
10610 2 2 1 1 5108 5294 5295
10611 2 2 1 1 5108 5295 5109
10612 2 2 1 1 5109 5295 5296
10613 2 2 1 1 5109 5296 5110
10614 2 2 1 1 5110 5296 5297
10615 2 2 1 1 5110 5297 4928
10616 2 2 1 1 4928 5297 5111
10617 2 2 1 1 5111 5298 5299
10618 2 2 1 1 5111 5299 5112
10619 2 2 1 1 5112 5299 5300
10620 2 2 1 1 5112 5300 5113
10621 2 2 1 1 5113 5300 5301
10622 2 2 1 1 5113 5301 5114
10623 2 2 1 1 5114 5301 5302
10624 2 2 1 1 5114 5302 5115
10625 2 2 1 1 5115 5302 5303
10626 2 2 1 1 5115 5303 5116
10627 2 2 1 1 5116 5303 5304
10628 2 2 1 1 5116 5304 5117
10629 2 2 1 1 5117 5304 5305
10630 2 2 1 1 5117 5305 5118
10631 2 2 1 1 5118 5305 5306
10632 2 2 1 1 5118 5306 5119
10633 2 2 1 1 5119 5306 5307
10634 2 2 1 1 5119 5307 5120
10635 2 2 1 1 5120 5307 5308
10636 2 2 1 1 5120 5308 5121
10637 2 2 1 1 5121 5308 5309
10638 2 2 1 1 5121 5309 5122
10639 2 2 1 1 5122 5309 5310
10640 2 2 1 1 5122 5310 5123
10641 2 2 1 1 5123 5310 5311
10642 2 2 1 1 5123 5311 5124
10643 2 2 1 1 5124 5311 5312
10644 2 2 1 1 5124 5312 5125
10645 2 2 1 1 5125 5312 5313
10646 2 2 1 1 5125 5313 5126
10647 2 2 1 1 5126 5313 5314
10648 2 2 1 1 5126 5314 5127
10649 2 2 1 1 5127 5314 5315
10650 2 2 1 1 5127 5315 5128
10651 2 2 1 1 5128 5315 5316
10652 2 2 1 1 5128 5316 5129
10653 2 2 1 1 5129 5316 5317
10654 2 2 1 1 5129 5317 5130
10655 2 2 1 1 5130 5317 5318
10656 2 2 1 1 5130 5318 5131
10657 2 2 1 1 5131 5318 5319
10658 2 2 1 1 5131 5319 5132
10659 2 2 1 1 5132 5319 5320
10660 2 2 1 1 5132 5320 5133
10661 2 2 1 1 5133 5320 5321
10662 2 2 1 1 5133 5321 5134
10663 2 2 1 1 5134 5321 5322
10664 2 2 1 1 5134 5322 5135
10665 2 2 1 1 5135 5322 5323
10666 2 2 1 1 5135 5323 5136
10667 2 2 1 1 5136 5323 5324
10668 2 2 1 1 5136 5324 5137
10669 2 2 1 1 5137 5324 5325
10670 2 2 1 1 5137 5325 5138
10671 2 2 1 1 5138 5325 5326
10672 2 2 1 1 5138 5326 5139
10673 2 2 1 1 5139 5326 5327
10674 2 2 1 1 5139 5327 5140
10675 2 2 1 1 5140 5327 5328
10676 2 2 1 1 5140 5328 5141
10677 2 2 1 1 5141 5328 5329
10678 2 2 1 1 5141 5329 5142
10679 2 2 1 1 5142 5329 5330
10680 2 2 1 1 5142 5330 5143
10681 2 2 1 1 5143 5330 5331
10682 2 2 1 1 5143 5331 5144
10683 2 2 1 1 5144 5331 5332
10684 2 2 1 1 5144 5332 5145
10685 2 2 1 1 5145 5332 5333
10686 2 2 1 1 5145 5333 5146
10687 2 2 1 1 5146 5333 5334
10688 2 2 1 1 5146 5334 5147
10689 2 2 1 1 5147 5334 5335
10690 2 2 1 1 5147 5335 5148
10691 2 2 1 1 5148 5335 5336
10692 2 2 1 1 5148 5336 5337
10693 2 2 1 1 5148 5337 5149
10694 2 2 1 1 5149 5337 5338
10695 2 2 1 1 5149 5338 5150
10696 2 2 1 1 5150 5338 5339
10697 2 2 1 1 5150 5339 5151
10698 2 2 1 1 5151 5339 5340
10699 2 2 1 1 5151 5340 5152
10700 2 2 1 1 5152 5340 5341
10701 2 2 1 1 5152 5341 5153
10702 2 2 1 1 5153 5341 5342
10703 2 2 1 1 5153 5342 5154
10704 2 2 1 1 5154 5342 5343
10705 2 2 1 1 5154 5343 5155
10706 2 2 1 1 5155 5343 5344
10707 2 2 1 1 5155 5344 5156
10708 2 2 1 1 5156 5344 5345
10709 2 2 1 1 5156 5345 5157
10710 2 2 1 1 5157 5345 5346
10711 2 2 1 1 5157 5346 5158
10712 2 2 1 1 5158 5346 5347
10713 2 2 1 1 5158 5347 5159
10714 2 2 1 1 5159 5347 5348
10715 2 2 1 1 5159 5348 5160
10716 2 2 1 1 5160 5348 5349
10717 2 2 1 1 5160 5349 5161
10718 2 2 1 1 5161 5349 5350
10719 2 2 1 1 5161 5350 5162
10720 2 2 1 1 5162 5350 5351
10721 2 2 1 1 5162 5351 5163
10722 2 2 1 1 5163 5351 5352
10723 2 2 1 1 5163 5352 5164
10724 2 2 1 1 5164 5352 5353
10725 2 2 1 1 5164 5353 5165
10726 2 2 1 1 5165 5353 5354
10727 2 2 1 1 5165 5354 5166
10728 2 2 1 1 5166 5354 5355
10729 2 2 1 1 5166 5355 5167
10730 2 2 1 1 5167 5355 5356
10731 2 2 1 1 5167 5356 5168
10732 2 2 1 1 5168 5356 5357
10733 2 2 1 1 5168 5357 5169
10734 2 2 1 1 5169 5357 5358
10735 2 2 1 1 5169 5358 5170
10736 2 2 1 1 5170 5358 5359
10737 2 2 1 1 5170 5359 5171
10738 2 2 1 1 5171 5359 5360
10739 2 2 1 1 5171 5360 5172
10740 2 2 1 1 5172 5360 5361
10741 2 2 1 1 5172 5361 5173
10742 2 2 1 1 5173 5361 5362
10743 2 2 1 1 5173 5362 5174
10744 2 2 1 1 5174 5362 5363
10745 2 2 1 1 5174 5363 5175
10746 2 2 1 1 5175 5363 5364
10747 2 2 1 1 5175 5364 5176
10748 2 2 1 1 5176 5364 5365
10749 2 2 1 1 5176 5365 5177
10750 2 2 1 1 5177 5365 5366
10751 2 2 1 1 5177 5366 5178
10752 2 2 1 1 5178 5366 5367
10753 2 2 1 1 5178 5367 5179
10754 2 2 1 1 5179 5367 5368
10755 2 2 1 1 5179 5368 5180
10756 2 2 1 1 5180 5368 5369
10757 2 2 1 1 5180 5369 5181
10758 2 2 1 1 5181 5369 5370
10759 2 2 1 1 5181 5370 5182
10760 2 2 1 1 5182 5370 5371
10761 2 2 1 1 5182 5371 5183
10762 2 2 1 1 5183 5371 5372
10763 2 2 1 1 5183 5372 5184
10764 2 2 1 1 5184 5372 5373
10765 2 2 1 1 5184 5373 5185
10766 2 2 1 1 5185 5373 5374
10767 2 2 1 1 5185 5374 5375
10768 2 2 1 1 5185 5375 5186
10769 2 2 1 1 5186 5375 5376
10770 2 2 1 1 5186 5376 5187
10771 2 2 1 1 5187 5376 5377
10772 2 2 1 1 5187 5377 5188
10773 2 2 1 1 5188 5377 5378
10774 2 2 1 1 5188 5378 5189
10775 2 2 1 1 5189 5378 5379
10776 2 2 1 1 5189 5379 5190
10777 2 2 1 1 5190 5379 5380
10778 2 2 1 1 5190 5380 5191
10779 2 2 1 1 5191 5380 5381
10780 2 2 1 1 5191 5381 5192
10781 2 2 1 1 5192 5381 5382
10782 2 2 1 1 5192 5382 5193
10783 2 2 1 1 5193 5382 5383
10784 2 2 1 1 5193 5383 5194
10785 2 2 1 1 5194 5383 5384
10786 2 2 1 1 5194 5384 5195
10787 2 2 1 1 5195 5384 5385
10788 2 2 1 1 5195 5385 5196
10789 2 2 1 1 5196 5385 5386
10790 2 2 1 1 5196 5386 5197
10791 2 2 1 1 5197 5386 5387
10792 2 2 1 1 5197 5387 5198
10793 2 2 1 1 5198 5387 5388
10794 2 2 1 1 5198 5388 5199
10795 2 2 1 1 5199 5388 5389
10796 2 2 1 1 5199 5389 5200
10797 2 2 1 1 5200 5389 5390
10798 2 2 1 1 5200 5390 5201
10799 2 2 1 1 5201 5390 5391
10800 2 2 1 1 5201 5391 5202
10801 2 2 1 1 5202 5391 5392
10802 2 2 1 1 5202 5392 5203
10803 2 2 1 1 5203 5392 5393
10804 2 2 1 1 5203 5393 5204
10805 2 2 1 1 5204 5393 5394
10806 2 2 1 1 5204 5394 5205
10807 2 2 1 1 5205 5394 5395
10808 2 2 1 1 5205 5395 5206
10809 2 2 1 1 5206 5395 5396
10810 2 2 1 1 5206 5396 5207
10811 2 2 1 1 5207 5396 5397
10812 2 2 1 1 5207 5397 5208
10813 2 2 1 1 5208 5397 5398
10814 2 2 1 1 5208 5398 5209
10815 2 2 1 1 5209 5398 5399
10816 2 2 1 1 5209 5399 5210
10817 2 2 1 1 5210 5399 5400
10818 2 2 1 1 5210 5400 5211
10819 2 2 1 1 5211 5400 5401
10820 2 2 1 1 5211 5401 5212
10821 2 2 1 1 5212 5401 5402
10822 2 2 1 1 5212 5402 5213
10823 2 2 1 1 5213 5402 5403
10824 2 2 1 1 5213 5403 5214
10825 2 2 1 1 5214 5403 5404
10826 2 2 1 1 5214 5404 5215
10827 2 2 1 1 5215 5404 5405
10828 2 2 1 1 5215 5405 5216
10829 2 2 1 1 5216 5405 5406
10830 2 2 1 1 5216 5406 5217
10831 2 2 1 1 5217 5406 5407
10832 2 2 1 1 5217 5407 5218
10833 2 2 1 1 5218 5407 5408
10834 2 2 1 1 5218 5408 5219
10835 2 2 1 1 5219 5408 5409
10836 2 2 1 1 5219 5409 5220
10837 2 2 1 1 5220 5409 5410
10838 2 2 1 1 5220 5410 5221
10839 2 2 1 1 5221 5410 5411
10840 2 2 1 1 5221 5411 5222
10841 2 2 1 1 5222 5411 5412
10842 2 2 1 1 5222 5412 5223
10843 2 2 1 1 5223 5412 5413
10844 2 2 1 1 5223 5413 5414
10845 2 2 1 1 5223 5414 5224
10846 2 2 1 1 5224 5414 5415
10847 2 2 1 1 5224 5415 5225
10848 2 2 1 1 5225 5415 5416
10849 2 2 1 1 5225 5416 5226
10850 2 2 1 1 5226 5416 5417
10851 2 2 1 1 5226 5417 5227
10852 2 2 1 1 5227 5417 5418
10853 2 2 1 1 5227 5418 5228
10854 2 2 1 1 5228 5418 5419
10855 2 2 1 1 5228 5419 5229
10856 2 2 1 1 5229 5419 5420
10857 2 2 1 1 5229 5420 5230
10858 2 2 1 1 5230 5420 5421
10859 2 2 1 1 5230 5421 5231
10860 2 2 1 1 5231 5421 5422
10861 2 2 1 1 5231 5422 5232
10862 2 2 1 1 5232 5422 5423
10863 2 2 1 1 5232 5423 5233
10864 2 2 1 1 5233 5423 5424
10865 2 2 1 1 5233 5424 5234
10866 2 2 1 1 5234 5424 5425
10867 2 2 1 1 5234 5425 5235
10868 2 2 1 1 5235 5425 5426
10869 2 2 1 1 5235 5426 5236
10870 2 2 1 1 5236 5426 5427
10871 2 2 1 1 5236 5427 5237
10872 2 2 1 1 5237 5427 5428
10873 2 2 1 1 5237 5428 5238
10874 2 2 1 1 5238 5428 5429
10875 2 2 1 1 5238 5429 5239
10876 2 2 1 1 5239 5429 5430
10877 2 2 1 1 5239 5430 5240
10878 2 2 1 1 5240 5430 5431
10879 2 2 1 1 5240 5431 5241
10880 2 2 1 1 5241 5431 5432
10881 2 2 1 1 5241 5432 5242
10882 2 2 1 1 5242 5432 5433
10883 2 2 1 1 5242 5433 5243
10884 2 2 1 1 5243 5433 5434
10885 2 2 1 1 5243 5434 5244
10886 2 2 1 1 5244 5434 5435
10887 2 2 1 1 5244 5435 5245
10888 2 2 1 1 5245 5435 5436
10889 2 2 1 1 5245 5436 5246
10890 2 2 1 1 5246 5436 5437
10891 2 2 1 1 5246 5437 5247
10892 2 2 1 1 5247 5437 5438
10893 2 2 1 1 5247 5438 5248
10894 2 2 1 1 5248 5438 5439
10895 2 2 1 1 5248 5439 5249
10896 2 2 1 1 5249 5439 5440
10897 2 2 1 1 5249 5440 5250
10898 2 2 1 1 5250 5440 5441
10899 2 2 1 1 5250 5441 5251
10900 2 2 1 1 5251 5441 5442
10901 2 2 1 1 5251 5442 5252
10902 2 2 1 1 5252 5442 5443
10903 2 2 1 1 5252 5443 5253
10904 2 2 1 1 5253 5443 5444
10905 2 2 1 1 5253 5444 5254
10906 2 2 1 1 5254 5444 5445
10907 2 2 1 1 5254 5445 5255
10908 2 2 1 1 5255 5445 5446
10909 2 2 1 1 5255 5446 5256
10910 2 2 1 1 5256 5446 5447
10911 2 2 1 1 5256 5447 5257
10912 2 2 1 1 5257 5447 5448
10913 2 2 1 1 5257 5448 5258
10914 2 2 1 1 5258 5448 5449
10915 2 2 1 1 5258 5449 5259
10916 2 2 1 1 5259 5449 5450
10917 2 2 1 1 5259 5450 5260
10918 2 2 1 1 5260 5450 5451
10919 2 2 1 1 5260 5451 5452
10920 2 2 1 1 5260 5452 5261
10921 2 2 1 1 5261 5452 5453
10922 2 2 1 1 5261 5453 5262
10923 2 2 1 1 5262 5453 5454
10924 2 2 1 1 5262 5454 5263
10925 2 2 1 1 5263 5454 5455
10926 2 2 1 1 5263 5455 5264
10927 2 2 1 1 5264 5455 5456
10928 2 2 1 1 5264 5456 5265
10929 2 2 1 1 5265 5456 5457
10930 2 2 1 1 5265 5457 5266
10931 2 2 1 1 5266 5457 5458
10932 2 2 1 1 5266 5458 5267
10933 2 2 1 1 5267 5458 5459
10934 2 2 1 1 5267 5459 5268
10935 2 2 1 1 5268 5459 5460
10936 2 2 1 1 5268 5460 5269
10937 2 2 1 1 5269 5460 5461
10938 2 2 1 1 5269 5461 5270
10939 2 2 1 1 5270 5461 5462
10940 2 2 1 1 5270 5462 5271
10941 2 2 1 1 5271 5462 5463
10942 2 2 1 1 5271 5463 5272
10943 2 2 1 1 5272 5463 5464
10944 2 2 1 1 5272 5464 5273
10945 2 2 1 1 5273 5464 5465
10946 2 2 1 1 5273 5465 5274
10947 2 2 1 1 5274 5465 5466
10948 2 2 1 1 5274 5466 5275
10949 2 2 1 1 5275 5466 5467
10950 2 2 1 1 5275 5467 5276
10951 2 2 1 1 5276 5467 5468
10952 2 2 1 1 5276 5468 5277
10953 2 2 1 1 5277 5468 5469
10954 2 2 1 1 5277 5469 5278
10955 2 2 1 1 5278 5469 5470
10956 2 2 1 1 5278 5470 5279
10957 2 2 1 1 5279 5470 5471
10958 2 2 1 1 5279 5471 5280
10959 2 2 1 1 5280 5471 5472
10960 2 2 1 1 5280 5472 5281
10961 2 2 1 1 5281 5472 5473
10962 2 2 1 1 5281 5473 5282
10963 2 2 1 1 5282 5473 5474
10964 2 2 1 1 5282 5474 5283
10965 2 2 1 1 5283 5474 5475
10966 2 2 1 1 5283 5475 5284
10967 2 2 1 1 5284 5475 5476
10968 2 2 1 1 5284 5476 5285
10969 2 2 1 1 5285 5476 5477
10970 2 2 1 1 5285 5477 5286
10971 2 2 1 1 5286 5477 5478
10972 2 2 1 1 5286 5478 5287
10973 2 2 1 1 5287 5478 5479
10974 2 2 1 1 5287 5479 5288
10975 2 2 1 1 5288 5479 5480
10976 2 2 1 1 5288 5480 5289
10977 2 2 1 1 5289 5480 5481
10978 2 2 1 1 5289 5481 5290
10979 2 2 1 1 5290 5481 5482
10980 2 2 1 1 5290 5482 5291
10981 2 2 1 1 5291 5482 5483
10982 2 2 1 1 5291 5483 5292
10983 2 2 1 1 5292 5483 5484
10984 2 2 1 1 5292 5484 5293
10985 2 2 1 1 5293 5484 5485
10986 2 2 1 1 5293 5485 5294
10987 2 2 1 1 5294 5485 5486
10988 2 2 1 1 5294 5486 5295
10989 2 2 1 1 5295 5486 5487
10990 2 2 1 1 5295 5487 5296
10991 2 2 1 1 5296 5487 5488
10992 2 2 1 1 5296 5488 5297
10993 2 2 1 1 5297 5488 5489
10994 2 2 1 1 5297 5489 5111
10995 2 2 1 1 5111 5489 5298
10996 2 2 1 1 5298 5490 5491
10997 2 2 1 1 5298 5491 5299
10998 2 2 1 1 5299 5491 5492
10999 2 2 1 1 5299 5492 5300
11000 2 2 1 1 5300 5492 5493
11001 2 2 1 1 5300 5493 5301
11002 2 2 1 1 5301 5493 5494
11003 2 2 1 1 5301 5494 5302
11004 2 2 1 1 5302 5494 5495
11005 2 2 1 1 5302 5495 5303
11006 2 2 1 1 5303 5495 5496
11007 2 2 1 1 5303 5496 5304
11008 2 2 1 1 5304 5496 5497
11009 2 2 1 1 5304 5497 5305
11010 2 2 1 1 5305 5497 5498
11011 2 2 1 1 5305 5498 5306
11012 2 2 1 1 5306 5498 5499
11013 2 2 1 1 5306 5499 5307
11014 2 2 1 1 5307 5499 5500
11015 2 2 1 1 5307 5500 5308
11016 2 2 1 1 5308 5500 5501
11017 2 2 1 1 5308 5501 5309
11018 2 2 1 1 5309 5501 5502
11019 2 2 1 1 5309 5502 5310
11020 2 2 1 1 5310 5502 5503
11021 2 2 1 1 5310 5503 5311
11022 2 2 1 1 5311 5503 5504
11023 2 2 1 1 5311 5504 5312
11024 2 2 1 1 5312 5504 5505
11025 2 2 1 1 5312 5505 5313
11026 2 2 1 1 5313 5505 5506
11027 2 2 1 1 5313 5506 5314
11028 2 2 1 1 5314 5506 5507
11029 2 2 1 1 5314 5507 5315
11030 2 2 1 1 5315 5507 5508
11031 2 2 1 1 5315 5508 5316
11032 2 2 1 1 5316 5508 5509
11033 2 2 1 1 5316 5509 5317
11034 2 2 1 1 5317 5509 5510
11035 2 2 1 1 5317 5510 5318
11036 2 2 1 1 5318 5510 5511
11037 2 2 1 1 5318 5511 5319
11038 2 2 1 1 5319 5511 5512
11039 2 2 1 1 5319 5512 5320
11040 2 2 1 1 5320 5512 5513
11041 2 2 1 1 5320 5513 5321
11042 2 2 1 1 5321 5513 5514
11043 2 2 1 1 5321 5514 5322
11044 2 2 1 1 5322 5514 5515
11045 2 2 1 1 5322 5515 5323
11046 2 2 1 1 5323 5515 5516
11047 2 2 1 1 5323 5516 5324
11048 2 2 1 1 5324 5516 5517
11049 2 2 1 1 5324 5517 5325
11050 2 2 1 1 5325 5517 5518
11051 2 2 1 1 5325 5518 5326
11052 2 2 1 1 5326 5518 5519
11053 2 2 1 1 5326 5519 5327
11054 2 2 1 1 5327 5519 5520
11055 2 2 1 1 5327 5520 5328
11056 2 2 1 1 5328 5520 5521
11057 2 2 1 1 5328 5521 5329
11058 2 2 1 1 5329 5521 5522
11059 2 2 1 1 5329 5522 5330
11060 2 2 1 1 5330 5522 5523
11061 2 2 1 1 5330 5523 5524
11062 2 2 1 1 5330 5524 5331
11063 2 2 1 1 5331 5524 5525
11064 2 2 1 1 5331 5525 5332
11065 2 2 1 1 5332 5525 5526
11066 2 2 1 1 5332 5526 5333
11067 2 2 1 1 5333 5526 5527
11068 2 2 1 1 5333 5527 5334
11069 2 2 1 1 5334 5527 5528
11070 2 2 1 1 5334 5528 5335
11071 2 2 1 1 5335 5528 5529
11072 2 2 1 1 5335 5529 5336
11073 2 2 1 1 5336 5529 5530
11074 2 2 1 1 5336 5530 5337
11075 2 2 1 1 5337 5530 5531
11076 2 2 1 1 5337 5531 5338
11077 2 2 1 1 5338 5531 5532
11078 2 2 1 1 5338 5532 5339
11079 2 2 1 1 5339 5532 5533
11080 2 2 1 1 5339 5533 5340
11081 2 2 1 1 5340 5533 5534
11082 2 2 1 1 5340 5534 5341
11083 2 2 1 1 5341 5534 5535
11084 2 2 1 1 5341 5535 5342
11085 2 2 1 1 5342 5535 5536
11086 2 2 1 1 5342 5536 5343
11087 2 2 1 1 5343 5536 5537
11088 2 2 1 1 5343 5537 5344
11089 2 2 1 1 5344 5537 5538
11090 2 2 1 1 5344 5538 5345
11091 2 2 1 1 5345 5538 5539
11092 2 2 1 1 5345 5539 5346
11093 2 2 1 1 5346 5539 5540
11094 2 2 1 1 5346 5540 5347
11095 2 2 1 1 5347 5540 5541
11096 2 2 1 1 5347 5541 5348
11097 2 2 1 1 5348 5541 5542
11098 2 2 1 1 5348 5542 5349
11099 2 2 1 1 5349 5542 5543
11100 2 2 1 1 5349 5543 5350
11101 2 2 1 1 5350 5543 5544
11102 2 2 1 1 5350 5544 5351
11103 2 2 1 1 5351 5544 5545
11104 2 2 1 1 5351 5545 5352
11105 2 2 1 1 5352 5545 5546
11106 2 2 1 1 5352 5546 5353
11107 2 2 1 1 5353 5546 5547
11108 2 2 1 1 5353 5547 5354
11109 2 2 1 1 5354 5547 5548
11110 2 2 1 1 5354 5548 5355
11111 2 2 1 1 5355 5548 5549
11112 2 2 1 1 5355 5549 5356
11113 2 2 1 1 5356 5549 5550
11114 2 2 1 1 5356 5550 5357
11115 2 2 1 1 5357 5550 5551
11116 2 2 1 1 5357 5551 5358
11117 2 2 1 1 5358 5551 5552
11118 2 2 1 1 5358 5552 5359
11119 2 2 1 1 5359 5552 5553
11120 2 2 1 1 5359 5553 5360
11121 2 2 1 1 5360 5553 5554
11122 2 2 1 1 5360 5554 5361
11123 2 2 1 1 5361 5554 5555
11124 2 2 1 1 5361 5555 5362
11125 2 2 1 1 5362 5555 5556
11126 2 2 1 1 5362 5556 5557
11127 2 2 1 1 5362 5557 5363
11128 2 2 1 1 5363 5557 5558
11129 2 2 1 1 5363 5558 5364
11130 2 2 1 1 5364 5558 5559
11131 2 2 1 1 5364 5559 5365
11132 2 2 1 1 5365 5559 5560
11133 2 2 1 1 5365 5560 5366
11134 2 2 1 1 5366 5560 5561
11135 2 2 1 1 5366 5561 5367
11136 2 2 1 1 5367 5561 5562
11137 2 2 1 1 5367 5562 5368
11138 2 2 1 1 5368 5562 5563
11139 2 2 1 1 5368 5563 5369
11140 2 2 1 1 5369 5563 5564
11141 2 2 1 1 5369 5564 5370
11142 2 2 1 1 5370 5564 5565
11143 2 2 1 1 5370 5565 5371
11144 2 2 1 1 5371 5565 5566
11145 2 2 1 1 5371 5566 5372
11146 2 2 1 1 5372 5566 5567
11147 2 2 1 1 5372 5567 5373
11148 2 2 1 1 5373 5567 5568
11149 2 2 1 1 5373 5568 5374
11150 2 2 1 1 5374 5568 5569
11151 2 2 1 1 5374 5569 5375
11152 2 2 1 1 5375 5569 5570
11153 2 2 1 1 5375 5570 5376
11154 2 2 1 1 5376 5570 5571
11155 2 2 1 1 5376 5571 5377
11156 2 2 1 1 5377 5571 5572
11157 2 2 1 1 5377 5572 5378
11158 2 2 1 1 5378 5572 5573
11159 2 2 1 1 5378 5573 5379
11160 2 2 1 1 5379 5573 5574
11161 2 2 1 1 5379 5574 5380
11162 2 2 1 1 5380 5574 5575
11163 2 2 1 1 5380 5575 5381
11164 2 2 1 1 5381 5575 5576
11165 2 2 1 1 5381 5576 5382
11166 2 2 1 1 5382 5576 5577
11167 2 2 1 1 5382 5577 5383
11168 2 2 1 1 5383 5577 5578
11169 2 2 1 1 5383 5578 5384
11170 2 2 1 1 5384 5578 5579
11171 2 2 1 1 5384 5579 5385
11172 2 2 1 1 5385 5579 5580
11173 2 2 1 1 5385 5580 5386
11174 2 2 1 1 5386 5580 5581
11175 2 2 1 1 5386 5581 5387
11176 2 2 1 1 5387 5581 5582
11177 2 2 1 1 5387 5582 5388
11178 2 2 1 1 5388 5582 5583
11179 2 2 1 1 5388 5583 5389
11180 2 2 1 1 5389 5583 5584
11181 2 2 1 1 5389 5584 5390
11182 2 2 1 1 5390 5584 5585
11183 2 2 1 1 5390 5585 5391
11184 2 2 1 1 5391 5585 5586
11185 2 2 1 1 5391 5586 5392
11186 2 2 1 1 5392 5586 5587
11187 2 2 1 1 5392 5587 5393
11188 2 2 1 1 5393 5587 5588
11189 2 2 1 1 5393 5588 5394
11190 2 2 1 1 5394 5588 5589
11191 2 2 1 1 5394 5589 5590
11192 2 2 1 1 5394 5590 5395
11193 2 2 1 1 5395 5590 5591
11194 2 2 1 1 5395 5591 5396
11195 2 2 1 1 5396 5591 5592
11196 2 2 1 1 5396 5592 5397
11197 2 2 1 1 5397 5592 5593
11198 2 2 1 1 5397 5593 5398
11199 2 2 1 1 5398 5593 5594
11200 2 2 1 1 5398 5594 5399
11201 2 2 1 1 5399 5594 5595
11202 2 2 1 1 5399 5595 5400
11203 2 2 1 1 5400 5595 5596
11204 2 2 1 1 5400 5596 5401
11205 2 2 1 1 5401 5596 5597
11206 2 2 1 1 5401 5597 5402
11207 2 2 1 1 5402 5597 5598
11208 2 2 1 1 5402 5598 5403
11209 2 2 1 1 5403 5598 5599
11210 2 2 1 1 5403 5599 5404
11211 2 2 1 1 5404 5599 5600
11212 2 2 1 1 5404 5600 5405
11213 2 2 1 1 5405 5600 5601
11214 2 2 1 1 5405 5601 5406
11215 2 2 1 1 5406 5601 5602
11216 2 2 1 1 5406 5602 5407
11217 2 2 1 1 5407 5602 5603
11218 2 2 1 1 5407 5603 5408
11219 2 2 1 1 5408 5603 5604
11220 2 2 1 1 5408 5604 5409
11221 2 2 1 1 5409 5604 5605
11222 2 2 1 1 5409 5605 5410
11223 2 2 1 1 5410 5605 5606
11224 2 2 1 1 5410 5606 5411
11225 2 2 1 1 5411 5606 5607
11226 2 2 1 1 5411 5607 5412
11227 2 2 1 1 5412 5607 5608
11228 2 2 1 1 5412 5608 5413
11229 2 2 1 1 5413 5608 5609
11230 2 2 1 1 5413 5609 5414
11231 2 2 1 1 5414 5609 5610
11232 2 2 1 1 5414 5610 5415
11233 2 2 1 1 5415 5610 5611
11234 2 2 1 1 5415 5611 5416
11235 2 2 1 1 5416 5611 5612
11236 2 2 1 1 5416 5612 5417
11237 2 2 1 1 5417 5612 5613
11238 2 2 1 1 5417 5613 5418
11239 2 2 1 1 5418 5613 5614
11240 2 2 1 1 5418 5614 5419
11241 2 2 1 1 5419 5614 5615
11242 2 2 1 1 5419 5615 5420
11243 2 2 1 1 5420 5615 5616
11244 2 2 1 1 5420 5616 5421
11245 2 2 1 1 5421 5616 5617
11246 2 2 1 1 5421 5617 5422
11247 2 2 1 1 5422 5617 5618
11248 2 2 1 1 5422 5618 5423
11249 2 2 1 1 5423 5618 5619
11250 2 2 1 1 5423 5619 5424
11251 2 2 1 1 5424 5619 5620
11252 2 2 1 1 5424 5620 5425
11253 2 2 1 1 5425 5620 5621
11254 2 2 1 1 5425 5621 5426
11255 2 2 1 1 5426 5621 5622
11256 2 2 1 1 5426 5622 5623
11257 2 2 1 1 5426 5623 5427
11258 2 2 1 1 5427 5623 5624
11259 2 2 1 1 5427 5624 5428
11260 2 2 1 1 5428 5624 5625
11261 2 2 1 1 5428 5625 5429
11262 2 2 1 1 5429 5625 5626
11263 2 2 1 1 5429 5626 5430
11264 2 2 1 1 5430 5626 5627
11265 2 2 1 1 5430 5627 5431
11266 2 2 1 1 5431 5627 5628
11267 2 2 1 1 5431 5628 5432
11268 2 2 1 1 5432 5628 5629
11269 2 2 1 1 5432 5629 5433
11270 2 2 1 1 5433 5629 5630
11271 2 2 1 1 5433 5630 5434
11272 2 2 1 1 5434 5630 5631
11273 2 2 1 1 5434 5631 5435
11274 2 2 1 1 5435 5631 5632
11275 2 2 1 1 5435 5632 5436
11276 2 2 1 1 5436 5632 5633
11277 2 2 1 1 5436 5633 5437
11278 2 2 1 1 5437 5633 5634
11279 2 2 1 1 5437 5634 5438
11280 2 2 1 1 5438 5634 5635
11281 2 2 1 1 5438 5635 5439
11282 2 2 1 1 5439 5635 5636
11283 2 2 1 1 5439 5636 5440
11284 2 2 1 1 5440 5636 5637
11285 2 2 1 1 5440 5637 5441
11286 2 2 1 1 5441 5637 5638
11287 2 2 1 1 5441 5638 5442
11288 2 2 1 1 5442 5638 5639
11289 2 2 1 1 5442 5639 5443
11290 2 2 1 1 5443 5639 5640
11291 2 2 1 1 5443 5640 5444
11292 2 2 1 1 5444 5640 5641
11293 2 2 1 1 5444 5641 5445
11294 2 2 1 1 5445 5641 5642
11295 2 2 1 1 5445 5642 5446
11296 2 2 1 1 5446 5642 5643
11297 2 2 1 1 5446 5643 5447
11298 2 2 1 1 5447 5643 5644
11299 2 2 1 1 5447 5644 5448
11300 2 2 1 1 5448 5644 5645
11301 2 2 1 1 5448 5645 5449
11302 2 2 1 1 5449 5645 5646
11303 2 2 1 1 5449 5646 5450
11304 2 2 1 1 5450 5646 5647
11305 2 2 1 1 5450 5647 5451
11306 2 2 1 1 5451 5647 5648
11307 2 2 1 1 5451 5648 5452
11308 2 2 1 1 5452 5648 5649
11309 2 2 1 1 5452 5649 5453
11310 2 2 1 1 5453 5649 5650
11311 2 2 1 1 5453 5650 5454
11312 2 2 1 1 5454 5650 5651
11313 2 2 1 1 5454 5651 5455
11314 2 2 1 1 5455 5651 5652
11315 2 2 1 1 5455 5652 5456
11316 2 2 1 1 5456 5652 5653
11317 2 2 1 1 5456 5653 5457
11318 2 2 1 1 5457 5653 5654
11319 2 2 1 1 5457 5654 5458
11320 2 2 1 1 5458 5654 5655
11321 2 2 1 1 5458 5655 5656
11322 2 2 1 1 5458 5656 5459
11323 2 2 1 1 5459 5656 5657
11324 2 2 1 1 5459 5657 5460
11325 2 2 1 1 5460 5657 5658
11326 2 2 1 1 5460 5658 5461
11327 2 2 1 1 5461 5658 5659
11328 2 2 1 1 5461 5659 5462
11329 2 2 1 1 5462 5659 5660
11330 2 2 1 1 5462 5660 5463
11331 2 2 1 1 5463 5660 5661
11332 2 2 1 1 5463 5661 5464
11333 2 2 1 1 5464 5661 5662
11334 2 2 1 1 5464 5662 5465
11335 2 2 1 1 5465 5662 5663
11336 2 2 1 1 5465 5663 5466
11337 2 2 1 1 5466 5663 5664
11338 2 2 1 1 5466 5664 5467
11339 2 2 1 1 5467 5664 5665
11340 2 2 1 1 5467 5665 5468
11341 2 2 1 1 5468 5665 5666
11342 2 2 1 1 5468 5666 5469
11343 2 2 1 1 5469 5666 5667
11344 2 2 1 1 5469 5667 5470
11345 2 2 1 1 5470 5667 5668
11346 2 2 1 1 5470 5668 5471
11347 2 2 1 1 5471 5668 5669
11348 2 2 1 1 5471 5669 5472
11349 2 2 1 1 5472 5669 5670
11350 2 2 1 1 5472 5670 5473
11351 2 2 1 1 5473 5670 5671
11352 2 2 1 1 5473 5671 5474
11353 2 2 1 1 5474 5671 5672
11354 2 2 1 1 5474 5672 5475
11355 2 2 1 1 5475 5672 5673
11356 2 2 1 1 5475 5673 5476
11357 2 2 1 1 5476 5673 5674
11358 2 2 1 1 5476 5674 5477
11359 2 2 1 1 5477 5674 5675
11360 2 2 1 1 5477 5675 5478
11361 2 2 1 1 5478 5675 5676
11362 2 2 1 1 5478 5676 5479
11363 2 2 1 1 5479 5676 5677
11364 2 2 1 1 5479 5677 5480
11365 2 2 1 1 5480 5677 5678
11366 2 2 1 1 5480 5678 5481
11367 2 2 1 1 5481 5678 5679
11368 2 2 1 1 5481 5679 5482
11369 2 2 1 1 5482 5679 5680
11370 2 2 1 1 5482 5680 5483
11371 2 2 1 1 5483 5680 5681
11372 2 2 1 1 5483 5681 5484
11373 2 2 1 1 5484 5681 5682
11374 2 2 1 1 5484 5682 5485
11375 2 2 1 1 5485 5682 5683
11376 2 2 1 1 5485 5683 5486
11377 2 2 1 1 5486 5683 5684
11378 2 2 1 1 5486 5684 5487
11379 2 2 1 1 5487 5684 5685
11380 2 2 1 1 5487 5685 5488
11381 2 2 1 1 5488 5685 5686
11382 2 2 1 1 5488 5686 5489
11383 2 2 1 1 5489 5686 5687
11384 2 2 1 1 5489 5687 5298
11385 2 2 1 1 5298 5687 5490
11386 2 2 1 1 5490 5688 5689
11387 2 2 1 1 5490 5689 5491
11388 2 2 1 1 5491 5689 5690
11389 2 2 1 1 5491 5690 5492
11390 2 2 1 1 5492 5690 5691
11391 2 2 1 1 5492 5691 5493
11392 2 2 1 1 5493 5691 5692
11393 2 2 1 1 5493 5692 5494
11394 2 2 1 1 5494 5692 5693
11395 2 2 1 1 5494 5693 5495
11396 2 2 1 1 5495 5693 5694
11397 2 2 1 1 5495 5694 5496
11398 2 2 1 1 5496 5694 5695
11399 2 2 1 1 5496 5695 5497
11400 2 2 1 1 5497 5695 5696
11401 2 2 1 1 5497 5696 5498
11402 2 2 1 1 5498 5696 5697
11403 2 2 1 1 5498 5697 5499
11404 2 2 1 1 5499 5697 5698
11405 2 2 1 1 5499 5698 5500
11406 2 2 1 1 5500 5698 5699
11407 2 2 1 1 5500 5699 5501
11408 2 2 1 1 5501 5699 5700
11409 2 2 1 1 5501 5700 5502
11410 2 2 1 1 5502 5700 5701
11411 2 2 1 1 5502 5701 5503
11412 2 2 1 1 5503 5701 5702
11413 2 2 1 1 5503 5702 5504
11414 2 2 1 1 5504 5702 5703
11415 2 2 1 1 5504 5703 5505
11416 2 2 1 1 5505 5703 5704
11417 2 2 1 1 5505 5704 5506
11418 2 2 1 1 5506 5704 5705
11419 2 2 1 1 5506 5705 5507
11420 2 2 1 1 5507 5705 5706
11421 2 2 1 1 5507 5706 5508
11422 2 2 1 1 5508 5706 5707
11423 2 2 1 1 5508 5707 5509
11424 2 2 1 1 5509 5707 5708
11425 2 2 1 1 5509 5708 5510
11426 2 2 1 1 5510 5708 5709
11427 2 2 1 1 5510 5709 5511
11428 2 2 1 1 5511 5709 5710
11429 2 2 1 1 5511 5710 5512
11430 2 2 1 1 5512 5710 5711
11431 2 2 1 1 5512 5711 5513
11432 2 2 1 1 5513 5711 5712
11433 2 2 1 1 5513 5712 5514
11434 2 2 1 1 5514 5712 5713
11435 2 2 1 1 5514 5713 5515
11436 2 2 1 1 5515 5713 5714
11437 2 2 1 1 5515 5714 5516
11438 2 2 1 1 5516 5714 5715
11439 2 2 1 1 5516 5715 5517
11440 2 2 1 1 5517 5715 5716
11441 2 2 1 1 5517 5716 5518
11442 2 2 1 1 5518 5716 5717
11443 2 2 1 1 5518 5717 5519
11444 2 2 1 1 5519 5717 5718
11445 2 2 1 1 5519 5718 5520
11446 2 2 1 1 5520 5718 5719
11447 2 2 1 1 5520 5719 5521
11448 2 2 1 1 5521 5719 5720
11449 2 2 1 1 5521 5720 5522
11450 2 2 1 1 5522 5720 5721
11451 2 2 1 1 5522 5721 5523
11452 2 2 1 1 5523 5721 5722
11453 2 2 1 1 5523 5722 5524
11454 2 2 1 1 5524 5722 5723
11455 2 2 1 1 5524 5723 5525
11456 2 2 1 1 5525 5723 5724
11457 2 2 1 1 5525 5724 5526
11458 2 2 1 1 5526 5724 5725
11459 2 2 1 1 5526 5725 5527
11460 2 2 1 1 5527 5725 5726
11461 2 2 1 1 5527 5726 5528
11462 2 2 1 1 5528 5726 5727
11463 2 2 1 1 5528 5727 5529
11464 2 2 1 1 5529 5727 5728
11465 2 2 1 1 5529 5728 5729
11466 2 2 1 1 5529 5729 5530
11467 2 2 1 1 5530 5729 5730
11468 2 2 1 1 5530 5730 5531
11469 2 2 1 1 5531 5730 5731
11470 2 2 1 1 5531 5731 5532
11471 2 2 1 1 5532 5731 5732
11472 2 2 1 1 5532 5732 5533
11473 2 2 1 1 5533 5732 5733
11474 2 2 1 1 5533 5733 5534
11475 2 2 1 1 5534 5733 5734
11476 2 2 1 1 5534 5734 5535
11477 2 2 1 1 5535 5734 5735
11478 2 2 1 1 5535 5735 5536
11479 2 2 1 1 5536 5735 5736
11480 2 2 1 1 5536 5736 5537
11481 2 2 1 1 5537 5736 5737
11482 2 2 1 1 5537 5737 5538
11483 2 2 1 1 5538 5737 5738
11484 2 2 1 1 5538 5738 5539
11485 2 2 1 1 5539 5738 5739
11486 2 2 1 1 5539 5739 5540
11487 2 2 1 1 5540 5739 5740
11488 2 2 1 1 5540 5740 5541
11489 2 2 1 1 5541 5740 5741
11490 2 2 1 1 5541 5741 5542
11491 2 2 1 1 5542 5741 5742
11492 2 2 1 1 5542 5742 5543
11493 2 2 1 1 5543 5742 5743
11494 2 2 1 1 5543 5743 5544
11495 2 2 1 1 5544 5743 5744
11496 2 2 1 1 5544 5744 5545
11497 2 2 1 1 5545 5744 5745
11498 2 2 1 1 5545 5745 5546
11499 2 2 1 1 5546 5745 5746
11500 2 2 1 1 5546 5746 5547
11501 2 2 1 1 5547 5746 5747
11502 2 2 1 1 5547 5747 5548
11503 2 2 1 1 5548 5747 5748
11504 2 2 1 1 5548 5748 5549
11505 2 2 1 1 5549 5748 5749
11506 2 2 1 1 5549 5749 5550
11507 2 2 1 1 5550 5749 5750
11508 2 2 1 1 5550 5750 5551
11509 2 2 1 1 5551 5750 5751
11510 2 2 1 1 5551 5751 5552
11511 2 2 1 1 5552 5751 5752
11512 2 2 1 1 5552 5752 5553
11513 2 2 1 1 5553 5752 5753
11514 2 2 1 1 5553 5753 5554
11515 2 2 1 1 5554 5753 5754
11516 2 2 1 1 5554 5754 5555
11517 2 2 1 1 5555 5754 5755
11518 2 2 1 1 5555 5755 5556
11519 2 2 1 1 5556 5755 5756
11520 2 2 1 1 5556 5756 5557
11521 2 2 1 1 5557 5756 5757
11522 2 2 1 1 5557 5757 5558
11523 2 2 1 1 5558 5757 5758
11524 2 2 1 1 5558 5758 5559
11525 2 2 1 1 5559 5758 5759
11526 2 2 1 1 5559 5759 5560
11527 2 2 1 1 5560 5759 5760
11528 2 2 1 1 5560 5760 5561
11529 2 2 1 1 5561 5760 5761
11530 2 2 1 1 5561 5761 5562
11531 2 2 1 1 5562 5761 5762
11532 2 2 1 1 5562 5762 5563
11533 2 2 1 1 5563 5762 5763
11534 2 2 1 1 5563 5763 5564
11535 2 2 1 1 5564 5763 5764
11536 2 2 1 1 5564 5764 5565
11537 2 2 1 1 5565 5764 5765
11538 2 2 1 1 5565 5765 5566
11539 2 2 1 1 5566 5765 5766
11540 2 2 1 1 5566 5766 5567
11541 2 2 1 1 5567 5766 5767
11542 2 2 1 1 5567 5767 5568
11543 2 2 1 1 5568 5767 5768
11544 2 2 1 1 5568 5768 5569
11545 2 2 1 1 5569 5768 5769
11546 2 2 1 1 5569 5769 5770
11547 2 2 1 1 5569 5770 5570
11548 2 2 1 1 5570 5770 5771
11549 2 2 1 1 5570 5771 5571
11550 2 2 1 1 5571 5771 5772
11551 2 2 1 1 5571 5772 5572
11552 2 2 1 1 5572 5772 5773
11553 2 2 1 1 5572 5773 5573
11554 2 2 1 1 5573 5773 5774
11555 2 2 1 1 5573 5774 5574
11556 2 2 1 1 5574 5774 5775
11557 2 2 1 1 5574 5775 5575
11558 2 2 1 1 5575 5775 5776
11559 2 2 1 1 5575 5776 5576
11560 2 2 1 1 5576 5776 5777
11561 2 2 1 1 5576 5777 5577
11562 2 2 1 1 5577 5777 5778
11563 2 2 1 1 5577 5778 5578
11564 2 2 1 1 5578 5778 5779
11565 2 2 1 1 5578 5779 5579
11566 2 2 1 1 5579 5779 5780
11567 2 2 1 1 5579 5780 5580
11568 2 2 1 1 5580 5780 5781
11569 2 2 1 1 5580 5781 5581
11570 2 2 1 1 5581 5781 5782
11571 2 2 1 1 5581 5782 5582
11572 2 2 1 1 5582 5782 5783
11573 2 2 1 1 5582 5783 5583
11574 2 2 1 1 5583 5783 5784
11575 2 2 1 1 5583 5784 5584
11576 2 2 1 1 5584 5784 5785
11577 2 2 1 1 5584 5785 5585
11578 2 2 1 1 5585 5785 5786
11579 2 2 1 1 5585 5786 5586
11580 2 2 1 1 5586 5786 5787
11581 2 2 1 1 5586 5787 5587
11582 2 2 1 1 5587 5787 5788
11583 2 2 1 1 5587 5788 5588
11584 2 2 1 1 5588 5788 5789
11585 2 2 1 1 5588 5789 5589
11586 2 2 1 1 5589 5789 5790
11587 2 2 1 1 5589 5790 5590
11588 2 2 1 1 5590 5790 5791
11589 2 2 1 1 5590 5791 5591
11590 2 2 1 1 5591 5791 5792
11591 2 2 1 1 5591 5792 5592
11592 2 2 1 1 5592 5792 5793
11593 2 2 1 1 5592 5793 5593
11594 2 2 1 1 5593 5793 5794
11595 2 2 1 1 5593 5794 5594
11596 2 2 1 1 5594 5794 5795
11597 2 2 1 1 5594 5795 5595
11598 2 2 1 1 5595 5795 5796
11599 2 2 1 1 5595 5796 5596
11600 2 2 1 1 5596 5796 5797
11601 2 2 1 1 5596 5797 5597
11602 2 2 1 1 5597 5797 5798
11603 2 2 1 1 5597 5798 5598
11604 2 2 1 1 5598 5798 5799
11605 2 2 1 1 5598 5799 5599
11606 2 2 1 1 5599 5799 5800
11607 2 2 1 1 5599 5800 5600
11608 2 2 1 1 5600 5800 5801
11609 2 2 1 1 5600 5801 5601
11610 2 2 1 1 5601 5801 5802
11611 2 2 1 1 5601 5802 5602
11612 2 2 1 1 5602 5802 5803
11613 2 2 1 1 5602 5803 5603
11614 2 2 1 1 5603 5803 5804
11615 2 2 1 1 5603 5804 5604
11616 2 2 1 1 5604 5804 5805
11617 2 2 1 1 5604 5805 5605
11618 2 2 1 1 5605 5805 5806
11619 2 2 1 1 5605 5806 5606
11620 2 2 1 1 5606 5806 5807
11621 2 2 1 1 5606 5807 5607
11622 2 2 1 1 5607 5807 5808
11623 2 2 1 1 5607 5808 5608
11624 2 2 1 1 5608 5808 5809
11625 2 2 1 1 5608 5809 5810
11626 2 2 1 1 5608 5810 5609
11627 2 2 1 1 5609 5810 5811
11628 2 2 1 1 5609 5811 5610
11629 2 2 1 1 5610 5811 5812
11630 2 2 1 1 5610 5812 5611
11631 2 2 1 1 5611 5812 5813
11632 2 2 1 1 5611 5813 5612
11633 2 2 1 1 5612 5813 5814
11634 2 2 1 1 5612 5814 5613
11635 2 2 1 1 5613 5814 5815
11636 2 2 1 1 5613 5815 5614
11637 2 2 1 1 5614 5815 5816
11638 2 2 1 1 5614 5816 5615
11639 2 2 1 1 5615 5816 5817
11640 2 2 1 1 5615 5817 5616
11641 2 2 1 1 5616 5817 5818
11642 2 2 1 1 5616 5818 5617
11643 2 2 1 1 5617 5818 5819
11644 2 2 1 1 5617 5819 5618
11645 2 2 1 1 5618 5819 5820
11646 2 2 1 1 5618 5820 5619
11647 2 2 1 1 5619 5820 5821
11648 2 2 1 1 5619 5821 5620
11649 2 2 1 1 5620 5821 5822
11650 2 2 1 1 5620 5822 5621
11651 2 2 1 1 5621 5822 5823
11652 2 2 1 1 5621 5823 5622
11653 2 2 1 1 5622 5823 5824
11654 2 2 1 1 5622 5824 5623
11655 2 2 1 1 5623 5824 5825
11656 2 2 1 1 5623 5825 5624
11657 2 2 1 1 5624 5825 5826
11658 2 2 1 1 5624 5826 5625
11659 2 2 1 1 5625 5826 5827
11660 2 2 1 1 5625 5827 5626
11661 2 2 1 1 5626 5827 5828
11662 2 2 1 1 5626 5828 5627
11663 2 2 1 1 5627 5828 5829
11664 2 2 1 1 5627 5829 5628
11665 2 2 1 1 5628 5829 5830
11666 2 2 1 1 5628 5830 5629
11667 2 2 1 1 5629 5830 5831
11668 2 2 1 1 5629 5831 5630
11669 2 2 1 1 5630 5831 5832
11670 2 2 1 1 5630 5832 5631
11671 2 2 1 1 5631 5832 5833
11672 2 2 1 1 5631 5833 5632
11673 2 2 1 1 5632 5833 5834
11674 2 2 1 1 5632 5834 5633
11675 2 2 1 1 5633 5834 5835
11676 2 2 1 1 5633 5835 5634
11677 2 2 1 1 5634 5835 5836
11678 2 2 1 1 5634 5836 5635
11679 2 2 1 1 5635 5836 5837
11680 2 2 1 1 5635 5837 5636
11681 2 2 1 1 5636 5837 5838
11682 2 2 1 1 5636 5838 5637
11683 2 2 1 1 5637 5838 5839
11684 2 2 1 1 5637 5839 5638
11685 2 2 1 1 5638 5839 5840
11686 2 2 1 1 5638 5840 5639
11687 2 2 1 1 5639 5840 5841
11688 2 2 1 1 5639 5841 5640
11689 2 2 1 1 5640 5841 5842
11690 2 2 1 1 5640 5842 5641
11691 2 2 1 1 5641 5842 5843
11692 2 2 1 1 5641 5843 5642
11693 2 2 1 1 5642 5843 5844
11694 2 2 1 1 5642 5844 5643
11695 2 2 1 1 5643 5844 5845
11696 2 2 1 1 5643 5845 5644
11697 2 2 1 1 5644 5845 5846
11698 2 2 1 1 5644 5846 5645
11699 2 2 1 1 5645 5846 5847
11700 2 2 1 1 5645 5847 5646
11701 2 2 1 1 5646 5847 5848
11702 2 2 1 1 5646 5848 5647
11703 2 2 1 1 5647 5848 5849
11704 2 2 1 1 5647 5849 5648
11705 2 2 1 1 5648 5849 5850
11706 2 2 1 1 5648 5850 5851
11707 2 2 1 1 5648 5851 5649
11708 2 2 1 1 5649 5851 5852
11709 2 2 1 1 5649 5852 5650
11710 2 2 1 1 5650 5852 5853
11711 2 2 1 1 5650 5853 5651
11712 2 2 1 1 5651 5853 5854
11713 2 2 1 1 5651 5854 5652
11714 2 2 1 1 5652 5854 5855
11715 2 2 1 1 5652 5855 5653
11716 2 2 1 1 5653 5855 5856
11717 2 2 1 1 5653 5856 5654
11718 2 2 1 1 5654 5856 5857
11719 2 2 1 1 5654 5857 5655
11720 2 2 1 1 5655 5857 5858
11721 2 2 1 1 5655 5858 5656
11722 2 2 1 1 5656 5858 5859
11723 2 2 1 1 5656 5859 5657
11724 2 2 1 1 5657 5859 5860
11725 2 2 1 1 5657 5860 5658
11726 2 2 1 1 5658 5860 5861
11727 2 2 1 1 5658 5861 5659
11728 2 2 1 1 5659 5861 5862
11729 2 2 1 1 5659 5862 5660
11730 2 2 1 1 5660 5862 5863
11731 2 2 1 1 5660 5863 5661
11732 2 2 1 1 5661 5863 5864
11733 2 2 1 1 5661 5864 5662
11734 2 2 1 1 5662 5864 5865
11735 2 2 1 1 5662 5865 5663
11736 2 2 1 1 5663 5865 5866
11737 2 2 1 1 5663 5866 5664
11738 2 2 1 1 5664 5866 5867
11739 2 2 1 1 5664 5867 5665
11740 2 2 1 1 5665 5867 5868
11741 2 2 1 1 5665 5868 5666
11742 2 2 1 1 5666 5868 5869
11743 2 2 1 1 5666 5869 5667
11744 2 2 1 1 5667 5869 5870
11745 2 2 1 1 5667 5870 5668
11746 2 2 1 1 5668 5870 5871
11747 2 2 1 1 5668 5871 5669
11748 2 2 1 1 5669 5871 5872
11749 2 2 1 1 5669 5872 5670
11750 2 2 1 1 5670 5872 5873
11751 2 2 1 1 5670 5873 5671
11752 2 2 1 1 5671 5873 5874
11753 2 2 1 1 5671 5874 5672
11754 2 2 1 1 5672 5874 5875
11755 2 2 1 1 5672 5875 5673
11756 2 2 1 1 5673 5875 5876
11757 2 2 1 1 5673 5876 5674
11758 2 2 1 1 5674 5876 5877
11759 2 2 1 1 5674 5877 5675
11760 2 2 1 1 5675 5877 5878
11761 2 2 1 1 5675 5878 5676
11762 2 2 1 1 5676 5878 5879
11763 2 2 1 1 5676 5879 5677
11764 2 2 1 1 5677 5879 5880
11765 2 2 1 1 5677 5880 5678
11766 2 2 1 1 5678 5880 5881
11767 2 2 1 1 5678 5881 5679
11768 2 2 1 1 5679 5881 5882
11769 2 2 1 1 5679 5882 5680
11770 2 2 1 1 5680 5882 5883
11771 2 2 1 1 5680 5883 5681
11772 2 2 1 1 5681 5883 5884
11773 2 2 1 1 5681 5884 5682
11774 2 2 1 1 5682 5884 5885
11775 2 2 1 1 5682 5885 5683
11776 2 2 1 1 5683 5885 5886
11777 2 2 1 1 5683 5886 5684
11778 2 2 1 1 5684 5886 5887
11779 2 2 1 1 5684 5887 5685
11780 2 2 1 1 5685 5887 5888
11781 2 2 1 1 5685 5888 5686
11782 2 2 1 1 5686 5888 5889
11783 2 2 1 1 5686 5889 5687
11784 2 2 1 1 5687 5889 5890
11785 2 2 1 1 5687 5890 5490
11786 2 2 1 1 5490 5890 5688
11787 2 2 1 1 5688 5891 5892
11788 2 2 1 1 5688 5892 5689
11789 2 2 1 1 5689 5892 5893
11790 2 2 1 1 5689 5893 5690
11791 2 2 1 1 5690 5893 5894
11792 2 2 1 1 5690 5894 5691
11793 2 2 1 1 5691 5894 5895
11794 2 2 1 1 5691 5895 5692
11795 2 2 1 1 5692 5895 5896
11796 2 2 1 1 5692 5896 5693
11797 2 2 1 1 5693 5896 5897
11798 2 2 1 1 5693 5897 5694
11799 2 2 1 1 5694 5897 5898
11800 2 2 1 1 5694 5898 5695
11801 2 2 1 1 5695 5898 5899
11802 2 2 1 1 5695 5899 5696
11803 2 2 1 1 5696 5899 5900
11804 2 2 1 1 5696 5900 5697
11805 2 2 1 1 5697 5900 5901
11806 2 2 1 1 5697 5901 5698
11807 2 2 1 1 5698 5901 5902
11808 2 2 1 1 5698 5902 5699
11809 2 2 1 1 5699 5902 5903
11810 2 2 1 1 5699 5903 5700
11811 2 2 1 1 5700 5903 5904
11812 2 2 1 1 5700 5904 5701
11813 2 2 1 1 5701 5904 5905
11814 2 2 1 1 5701 5905 5702
11815 2 2 1 1 5702 5905 5906
11816 2 2 1 1 5702 5906 5703
11817 2 2 1 1 5703 5906 5907
11818 2 2 1 1 5703 5907 5704
11819 2 2 1 1 5704 5907 5908
11820 2 2 1 1 5704 5908 5705
11821 2 2 1 1 5705 5908 5909
11822 2 2 1 1 5705 5909 5706
11823 2 2 1 1 5706 5909 5910
11824 2 2 1 1 5706 5910 5707
11825 2 2 1 1 5707 5910 5911
11826 2 2 1 1 5707 5911 5708
11827 2 2 1 1 5708 5911 5912
11828 2 2 1 1 5708 5912 5709
11829 2 2 1 1 5709 5912 5913
11830 2 2 1 1 5709 5913 5710
11831 2 2 1 1 5710 5913 5914
11832 2 2 1 1 5710 5914 5711
11833 2 2 1 1 5711 5914 5915
11834 2 2 1 1 5711 5915 5712
11835 2 2 1 1 5712 5915 5916
11836 2 2 1 1 5712 5916 5713
11837 2 2 1 1 5713 5916 5917
11838 2 2 1 1 5713 5917 5918
11839 2 2 1 1 5713 5918 5714
11840 2 2 1 1 5714 5918 5919
11841 2 2 1 1 5714 5919 5715
11842 2 2 1 1 5715 5919 5920
11843 2 2 1 1 5715 5920 5716
11844 2 2 1 1 5716 5920 5921
11845 2 2 1 1 5716 5921 5717
11846 2 2 1 1 5717 5921 5922
11847 2 2 1 1 5717 5922 5718
11848 2 2 1 1 5718 5922 5923
11849 2 2 1 1 5718 5923 5719
11850 2 2 1 1 5719 5923 5924
11851 2 2 1 1 5719 5924 5720
11852 2 2 1 1 5720 5924 5925
11853 2 2 1 1 5720 5925 5721
11854 2 2 1 1 5721 5925 5926
11855 2 2 1 1 5721 5926 5722
11856 2 2 1 1 5722 5926 5927
11857 2 2 1 1 5722 5927 5723
11858 2 2 1 1 5723 5927 5928
11859 2 2 1 1 5723 5928 5724
11860 2 2 1 1 5724 5928 5929
11861 2 2 1 1 5724 5929 5725
11862 2 2 1 1 5725 5929 5930
11863 2 2 1 1 5725 5930 5726
11864 2 2 1 1 5726 5930 5931
11865 2 2 1 1 5726 5931 5727
11866 2 2 1 1 5727 5931 5932
11867 2 2 1 1 5727 5932 5728
11868 2 2 1 1 5728 5932 5933
11869 2 2 1 1 5728 5933 5729
11870 2 2 1 1 5729 5933 5934
11871 2 2 1 1 5729 5934 5730
11872 2 2 1 1 5730 5934 5935
11873 2 2 1 1 5730 5935 5731
11874 2 2 1 1 5731 5935 5936
11875 2 2 1 1 5731 5936 5732
11876 2 2 1 1 5732 5936 5937
11877 2 2 1 1 5732 5937 5733
11878 2 2 1 1 5733 5937 5938
11879 2 2 1 1 5733 5938 5734
11880 2 2 1 1 5734 5938 5939
11881 2 2 1 1 5734 5939 5735
11882 2 2 1 1 5735 5939 5940
11883 2 2 1 1 5735 5940 5736
11884 2 2 1 1 5736 5940 5941
11885 2 2 1 1 5736 5941 5737
11886 2 2 1 1 5737 5941 5942
11887 2 2 1 1 5737 5942 5738
11888 2 2 1 1 5738 5942 5943
11889 2 2 1 1 5738 5943 5944
11890 2 2 1 1 5738 5944 5739
11891 2 2 1 1 5739 5944 5945
11892 2 2 1 1 5739 5945 5740
11893 2 2 1 1 5740 5945 5946
11894 2 2 1 1 5740 5946 5741
11895 2 2 1 1 5741 5946 5947
11896 2 2 1 1 5741 5947 5742
11897 2 2 1 1 5742 5947 5948
11898 2 2 1 1 5742 5948 5743
11899 2 2 1 1 5743 5948 5949
11900 2 2 1 1 5743 5949 5744
11901 2 2 1 1 5744 5949 5950
11902 2 2 1 1 5744 5950 5745
11903 2 2 1 1 5745 5950 5951
11904 2 2 1 1 5745 5951 5746
11905 2 2 1 1 5746 5951 5952
11906 2 2 1 1 5746 5952 5747
11907 2 2 1 1 5747 5952 5953
11908 2 2 1 1 5747 5953 5748
11909 2 2 1 1 5748 5953 5954
11910 2 2 1 1 5748 5954 5749
11911 2 2 1 1 5749 5954 5955
11912 2 2 1 1 5749 5955 5750
11913 2 2 1 1 5750 5955 5956
11914 2 2 1 1 5750 5956 5751
11915 2 2 1 1 5751 5956 5957
11916 2 2 1 1 5751 5957 5752
11917 2 2 1 1 5752 5957 5958
11918 2 2 1 1 5752 5958 5753
11919 2 2 1 1 5753 5958 5959
11920 2 2 1 1 5753 5959 5754
11921 2 2 1 1 5754 5959 5960
11922 2 2 1 1 5754 5960 5755
11923 2 2 1 1 5755 5960 5961
11924 2 2 1 1 5755 5961 5756
11925 2 2 1 1 5756 5961 5962
11926 2 2 1 1 5756 5962 5757
11927 2 2 1 1 5757 5962 5963
11928 2 2 1 1 5757 5963 5758
11929 2 2 1 1 5758 5963 5964
11930 2 2 1 1 5758 5964 5759
11931 2 2 1 1 5759 5964 5965
11932 2 2 1 1 5759 5965 5760
11933 2 2 1 1 5760 5965 5966
11934 2 2 1 1 5760 5966 5761
11935 2 2 1 1 5761 5966 5967
11936 2 2 1 1 5761 5967 5762
11937 2 2 1 1 5762 5967 5968
11938 2 2 1 1 5762 5968 5763
11939 2 2 1 1 5763 5968 5969
11940 2 2 1 1 5763 5969 5764
11941 2 2 1 1 5764 5969 5970
11942 2 2 1 1 5764 5970 5971
11943 2 2 1 1 5764 5971 5765
11944 2 2 1 1 5765 5971 5972
11945 2 2 1 1 5765 5972 5766
11946 2 2 1 1 5766 5972 5973
11947 2 2 1 1 5766 5973 5767
11948 2 2 1 1 5767 5973 5974
11949 2 2 1 1 5767 5974 5768
11950 2 2 1 1 5768 5974 5975
11951 2 2 1 1 5768 5975 5769
11952 2 2 1 1 5769 5975 5976
11953 2 2 1 1 5769 5976 5770
11954 2 2 1 1 5770 5976 5977
11955 2 2 1 1 5770 5977 5771
11956 2 2 1 1 5771 5977 5978
11957 2 2 1 1 5771 5978 5772
11958 2 2 1 1 5772 5978 5979
11959 2 2 1 1 5772 5979 5773
11960 2 2 1 1 5773 5979 5980
11961 2 2 1 1 5773 5980 5774
11962 2 2 1 1 5774 5980 5981
11963 2 2 1 1 5774 5981 5775
11964 2 2 1 1 5775 5981 5982
11965 2 2 1 1 5775 5982 5776
11966 2 2 1 1 5776 5982 5983
11967 2 2 1 1 5776 5983 5777
11968 2 2 1 1 5777 5983 5984
11969 2 2 1 1 5777 5984 5778
11970 2 2 1 1 5778 5984 5985
11971 2 2 1 1 5778 5985 5779
11972 2 2 1 1 5779 5985 5986
11973 2 2 1 1 5779 5986 5780
11974 2 2 1 1 5780 5986 5987
11975 2 2 1 1 5780 5987 5781
11976 2 2 1 1 5781 5987 5988
11977 2 2 1 1 5781 5988 5782
11978 2 2 1 1 5782 5988 5989
11979 2 2 1 1 5782 5989 5783
11980 2 2 1 1 5783 5989 5990
11981 2 2 1 1 5783 5990 5784
11982 2 2 1 1 5784 5990 5991
11983 2 2 1 1 5784 5991 5785
11984 2 2 1 1 5785 5991 5992
11985 2 2 1 1 5785 5992 5786
11986 2 2 1 1 5786 5992 5993
11987 2 2 1 1 5786 5993 5787
11988 2 2 1 1 5787 5993 5994
11989 2 2 1 1 5787 5994 5788
11990 2 2 1 1 5788 5994 5995
11991 2 2 1 1 5788 5995 5789
11992 2 2 1 1 5789 5995 5996
11993 2 2 1 1 5789 5996 5997
11994 2 2 1 1 5789 5997 5790
11995 2 2 1 1 5790 5997 5998
11996 2 2 1 1 5790 5998 5791
11997 2 2 1 1 5791 5998 5999
11998 2 2 1 1 5791 5999 5792
11999 2 2 1 1 5792 5999 6000
12000 2 2 1 1 5792 6000 5793
12001 2 2 1 1 5793 6000 6001
12002 2 2 1 1 5793 6001 5794
12003 2 2 1 1 5794 6001 6002
12004 2 2 1 1 5794 6002 5795
12005 2 2 1 1 5795 6002 6003
12006 2 2 1 1 5795 6003 5796
12007 2 2 1 1 5796 6003 6004
12008 2 2 1 1 5796 6004 5797
12009 2 2 1 1 5797 6004 6005
12010 2 2 1 1 5797 6005 5798
12011 2 2 1 1 5798 6005 6006
12012 2 2 1 1 5798 6006 5799
12013 2 2 1 1 5799 6006 6007
12014 2 2 1 1 5799 6007 5800
12015 2 2 1 1 5800 6007 6008
12016 2 2 1 1 5800 6008 5801
12017 2 2 1 1 5801 6008 6009
12018 2 2 1 1 5801 6009 5802
12019 2 2 1 1 5802 6009 6010
12020 2 2 1 1 5802 6010 5803
12021 2 2 1 1 5803 6010 6011
12022 2 2 1 1 5803 6011 5804
12023 2 2 1 1 5804 6011 6012
12024 2 2 1 1 5804 6012 5805
12025 2 2 1 1 5805 6012 6013
12026 2 2 1 1 5805 6013 5806
12027 2 2 1 1 5806 6013 6014
12028 2 2 1 1 5806 6014 5807
12029 2 2 1 1 5807 6014 6015
12030 2 2 1 1 5807 6015 5808
12031 2 2 1 1 5808 6015 6016
12032 2 2 1 1 5808 6016 5809
12033 2 2 1 1 5809 6016 6017
12034 2 2 1 1 5809 6017 5810
12035 2 2 1 1 5810 6017 6018
12036 2 2 1 1 5810 6018 5811
12037 2 2 1 1 5811 6018 6019
12038 2 2 1 1 5811 6019 5812
12039 2 2 1 1 5812 6019 6020
12040 2 2 1 1 5812 6020 5813
12041 2 2 1 1 5813 6020 6021
12042 2 2 1 1 5813 6021 5814
12043 2 2 1 1 5814 6021 6022
12044 2 2 1 1 5814 6022 6023
12045 2 2 1 1 5814 6023 5815
12046 2 2 1 1 5815 6023 6024
12047 2 2 1 1 5815 6024 5816
12048 2 2 1 1 5816 6024 6025
12049 2 2 1 1 5816 6025 5817
12050 2 2 1 1 5817 6025 6026
12051 2 2 1 1 5817 6026 5818
12052 2 2 1 1 5818 6026 6027
12053 2 2 1 1 5818 6027 5819
12054 2 2 1 1 5819 6027 6028
12055 2 2 1 1 5819 6028 5820
12056 2 2 1 1 5820 6028 6029
12057 2 2 1 1 5820 6029 5821
12058 2 2 1 1 5821 6029 6030
12059 2 2 1 1 5821 6030 5822
12060 2 2 1 1 5822 6030 6031
12061 2 2 1 1 5822 6031 5823
12062 2 2 1 1 5823 6031 6032
12063 2 2 1 1 5823 6032 5824
12064 2 2 1 1 5824 6032 6033
12065 2 2 1 1 5824 6033 5825
12066 2 2 1 1 5825 6033 6034
12067 2 2 1 1 5825 6034 5826
12068 2 2 1 1 5826 6034 6035
12069 2 2 1 1 5826 6035 5827
12070 2 2 1 1 5827 6035 6036
12071 2 2 1 1 5827 6036 5828
12072 2 2 1 1 5828 6036 6037
12073 2 2 1 1 5828 6037 5829
12074 2 2 1 1 5829 6037 6038
12075 2 2 1 1 5829 6038 5830
12076 2 2 1 1 5830 6038 6039
12077 2 2 1 1 5830 6039 5831
12078 2 2 1 1 5831 6039 6040
12079 2 2 1 1 5831 6040 5832
12080 2 2 1 1 5832 6040 6041
12081 2 2 1 1 5832 6041 5833
12082 2 2 1 1 5833 6041 6042
12083 2 2 1 1 5833 6042 5834
12084 2 2 1 1 5834 6042 6043
12085 2 2 1 1 5834 6043 5835
12086 2 2 1 1 5835 6043 6044
12087 2 2 1 1 5835 6044 5836
12088 2 2 1 1 5836 6044 6045
12089 2 2 1 1 5836 6045 5837
12090 2 2 1 1 5837 6045 6046
12091 2 2 1 1 5837 6046 5838
12092 2 2 1 1 5838 6046 6047
12093 2 2 1 1 5838 6047 5839
12094 2 2 1 1 5839 6047 6048
12095 2 2 1 1 5839 6048 5840
12096 2 2 1 1 5840 6048 6049
12097 2 2 1 1 5840 6049 6050
12098 2 2 1 1 5840 6050 5841
12099 2 2 1 1 5841 6050 6051
12100 2 2 1 1 5841 6051 5842
12101 2 2 1 1 5842 6051 6052
12102 2 2 1 1 5842 6052 5843
12103 2 2 1 1 5843 6052 6053
12104 2 2 1 1 5843 6053 5844
12105 2 2 1 1 5844 6053 6054
12106 2 2 1 1 5844 6054 5845
12107 2 2 1 1 5845 6054 6055
12108 2 2 1 1 5845 6055 5846
12109 2 2 1 1 5846 6055 6056
12110 2 2 1 1 5846 6056 5847
12111 2 2 1 1 5847 6056 6057
12112 2 2 1 1 5847 6057 5848
12113 2 2 1 1 5848 6057 6058
12114 2 2 1 1 5848 6058 5849
12115 2 2 1 1 5849 6058 6059
12116 2 2 1 1 5849 6059 5850
12117 2 2 1 1 5850 6059 6060
12118 2 2 1 1 5850 6060 5851
12119 2 2 1 1 5851 6060 6061
12120 2 2 1 1 5851 6061 5852
12121 2 2 1 1 5852 6061 6062
12122 2 2 1 1 5852 6062 5853
12123 2 2 1 1 5853 6062 6063
12124 2 2 1 1 5853 6063 5854
12125 2 2 1 1 5854 6063 6064
12126 2 2 1 1 5854 6064 5855
12127 2 2 1 1 5855 6064 6065
12128 2 2 1 1 5855 6065 5856
12129 2 2 1 1 5856 6065 6066
12130 2 2 1 1 5856 6066 5857
12131 2 2 1 1 5857 6066 6067
12132 2 2 1 1 5857 6067 5858
12133 2 2 1 1 5858 6067 6068
12134 2 2 1 1 5858 6068 5859
12135 2 2 1 1 5859 6068 6069
12136 2 2 1 1 5859 6069 5860
12137 2 2 1 1 5860 6069 6070
12138 2 2 1 1 5860 6070 5861
12139 2 2 1 1 5861 6070 6071
12140 2 2 1 1 5861 6071 5862
12141 2 2 1 1 5862 6071 6072
12142 2 2 1 1 5862 6072 5863
12143 2 2 1 1 5863 6072 6073
12144 2 2 1 1 5863 6073 5864
12145 2 2 1 1 5864 6073 6074
12146 2 2 1 1 5864 6074 5865
12147 2 2 1 1 5865 6074 6075
12148 2 2 1 1 5865 6075 6076
12149 2 2 1 1 5865 6076 5866
12150 2 2 1 1 5866 6076 6077
12151 2 2 1 1 5866 6077 5867
12152 2 2 1 1 5867 6077 6078
12153 2 2 1 1 5867 6078 5868
12154 2 2 1 1 5868 6078 6079
12155 2 2 1 1 5868 6079 5869
12156 2 2 1 1 5869 6079 6080
12157 2 2 1 1 5869 6080 5870
12158 2 2 1 1 5870 6080 6081
12159 2 2 1 1 5870 6081 5871
12160 2 2 1 1 5871 6081 6082
12161 2 2 1 1 5871 6082 5872
12162 2 2 1 1 5872 6082 6083
12163 2 2 1 1 5872 6083 5873
12164 2 2 1 1 5873 6083 6084
12165 2 2 1 1 5873 6084 5874
12166 2 2 1 1 5874 6084 6085
12167 2 2 1 1 5874 6085 5875
12168 2 2 1 1 5875 6085 6086
12169 2 2 1 1 5875 6086 5876
12170 2 2 1 1 5876 6086 6087
12171 2 2 1 1 5876 6087 5877
12172 2 2 1 1 5877 6087 6088
12173 2 2 1 1 5877 6088 5878
12174 2 2 1 1 5878 6088 6089
12175 2 2 1 1 5878 6089 5879
12176 2 2 1 1 5879 6089 6090
12177 2 2 1 1 5879 6090 5880
12178 2 2 1 1 5880 6090 6091
12179 2 2 1 1 5880 6091 5881
12180 2 2 1 1 5881 6091 6092
12181 2 2 1 1 5881 6092 5882
12182 2 2 1 1 5882 6092 6093
12183 2 2 1 1 5882 6093 5883
12184 2 2 1 1 5883 6093 6094
12185 2 2 1 1 5883 6094 5884
12186 2 2 1 1 5884 6094 6095
12187 2 2 1 1 5884 6095 5885
12188 2 2 1 1 5885 6095 6096
12189 2 2 1 1 5885 6096 5886
12190 2 2 1 1 5886 6096 6097
12191 2 2 1 1 5886 6097 5887
12192 2 2 1 1 5887 6097 6098
12193 2 2 1 1 5887 6098 5888
12194 2 2 1 1 5888 6098 6099
12195 2 2 1 1 5888 6099 5889
12196 2 2 1 1 5889 6099 6100
12197 2 2 1 1 5889 6100 5890
12198 2 2 1 1 5890 6100 6101
12199 2 2 1 1 5890 6101 5688
12200 2 2 1 1 5688 6101 5891
$EndElements
