$MeshFormat
2.2 0 8
$EndMeshFormat
$Nodes
2021
1 0.03 0 0
2 0 0.03 0
3 -0.03 0 0
4 0 -0.03 0
5 0.02997437275161935 0.00123974922745662 0
6 0.02989753479020093 0.00247738036415984 0
7 0.02976961739211286 0.003710778938068284 0
8 0.02959083910208398 0.004937837708408191 0
9 0.02936150535982387 0.006156460265853591 0
10 0.02908200797818445 0.007364564614206054 0
11 0.02875282447375346 0.008560086727453425 0
12 0.02837451725102701 0.009740984076117282 0
13 0.02794773264154874 0.01090523911688831 0
14 0.02747319979966391 0.01205086273956129 0
15 0.02695172945677396 0.01317589766539126 0
16 0.02638421253621232 0.0142784217910796 0
17 0.02577161863111729 0.01535655147265322 0
18 0.02511499434789907 0.01640844474363727 0
19 0.02441546151813171 0.01743230446202193 0
20 0.02367421528192195 0.0184263813806513 0
21 0.02289252204602707 0.01938897713578941 0
22 0.02207171732023106 0.02031844714873192 0
23 0.02121320343563626 0.02121320343555659 0
24 0.0203184471488125 0.02207171732015688 0
25 0.01938897713586657 0.02289252204596172 0
26 0.01842638138072659 0.02367421528186335 0
27 0.0174323044620945 0.02441546151807989 0
28 0.01640844474370682 0.02511499434785364 0
29 0.01535655147272055 0.02577161863107718 0
30 0.01427842179114277 0.02638421253617813 0
31 0.0131758976654479 0.02695172945674627 0
32 0.01205086273961424 0.02747319979964069 0
33 0.01090523911693748 0.02794773264152955 0
34 0.009740984076160687 0.02837451725101211 0
35 0.008560086727489705 0.02875282447374265 0
36 0.007364564614237719 0.02908200797817643 0
37 0.006156460265879837 0.02936150535981837 0
38 0.004937837708429891 0.02959083910208036 0
39 0.003710778938085636 0.0297696173921107 0
40 0.002477380364170105 0.02989753479020009 0
41 0.001239749227461586 0.02997437275161914 0
42 -0.00123974922745662 0.02997437275161935 0
43 -0.00247738036415984 0.02989753479020093 0
44 -0.003710778938068284 0.02976961739211286 0
45 -0.004937837708408191 0.02959083910208398 0
46 -0.006156460265853591 0.02936150535982387 0
47 -0.007364564614206054 0.02908200797818445 0
48 -0.008560086727453425 0.02875282447375346 0
49 -0.009740984076117282 0.02837451725102701 0
50 -0.01090523911688831 0.02794773264154874 0
51 -0.01205086273956129 0.02747319979966391 0
52 -0.01317589766539126 0.02695172945677396 0
53 -0.0142784217910796 0.02638421253621232 0
54 -0.01535655147265322 0.02577161863111729 0
55 -0.01640844474363727 0.02511499434789907 0
56 -0.01743230446202193 0.02441546151813171 0
57 -0.0184263813806513 0.02367421528192195 0
58 -0.01938897713578941 0.02289252204602707 0
59 -0.02031844714873192 0.02207171732023106 0
60 -0.02121320343555659 0.02121320343563626 0
61 -0.02207171732015688 0.0203184471488125 0
62 -0.02289252204596172 0.01938897713586657 0
63 -0.02367421528186335 0.01842638138072659 0
64 -0.02441546151807989 0.0174323044620945 0
65 -0.02511499434785364 0.01640844474370682 0
66 -0.02577161863107718 0.01535655147272055 0
67 -0.02638421253617813 0.01427842179114277 0
68 -0.02695172945674627 0.0131758976654479 0
69 -0.02747319979964069 0.01205086273961424 0
70 -0.02794773264152955 0.01090523911693748 0
71 -0.02837451725101211 0.009740984076160687 0
72 -0.02875282447374265 0.008560086727489705 0
73 -0.02908200797817643 0.007364564614237719 0
74 -0.02936150535981837 0.006156460265879837 0
75 -0.02959083910208036 0.004937837708429891 0
76 -0.0297696173921107 0.003710778938085636 0
77 -0.02989753479020009 0.002477380364170105 0
78 -0.02997437275161914 0.001239749227461586 0
79 -0.02997437275161935 -0.00123974922745662 0
80 -0.02989753479020093 -0.00247738036415984 0
81 -0.02976961739211286 -0.003710778938068284 0
82 -0.02959083910208398 -0.004937837708408191 0
83 -0.02936150535982387 -0.006156460265853591 0
84 -0.02908200797818445 -0.007364564614206054 0
85 -0.02875282447375346 -0.008560086727453425 0
86 -0.02837451725102701 -0.009740984076117282 0
87 -0.02794773264154874 -0.01090523911688831 0
88 -0.02747319979966391 -0.01205086273956129 0
89 -0.02695172945677396 -0.01317589766539126 0
90 -0.02638421253621232 -0.0142784217910796 0
91 -0.02577161863111729 -0.01535655147265322 0
92 -0.02511499434789907 -0.01640844474363727 0
93 -0.02441546151813171 -0.01743230446202193 0
94 -0.02367421528192195 -0.0184263813806513 0
95 -0.02289252204602707 -0.01938897713578941 0
96 -0.02207171732023106 -0.02031844714873192 0
97 -0.02121320343563626 -0.02121320343555659 0
98 -0.0203184471488125 -0.02207171732015688 0
99 -0.01938897713586657 -0.02289252204596172 0
100 -0.01842638138072659 -0.02367421528186335 0
101 -0.0174323044620945 -0.02441546151807989 0
102 -0.01640844474370682 -0.02511499434785364 0
103 -0.01535655147272055 -0.02577161863107718 0
104 -0.01427842179114277 -0.02638421253617813 0
105 -0.0131758976654479 -0.02695172945674627 0
106 -0.01205086273961424 -0.02747319979964069 0
107 -0.01090523911693748 -0.02794773264152955 0
108 -0.009740984076160687 -0.02837451725101211 0
109 -0.008560086727489705 -0.02875282447374265 0
110 -0.007364564614237719 -0.02908200797817643 0
111 -0.006156460265879837 -0.02936150535981837 0
112 -0.004937837708429891 -0.02959083910208036 0
113 -0.003710778938085636 -0.0297696173921107 0
114 -0.002477380364170105 -0.02989753479020009 0
115 -0.001239749227461586 -0.02997437275161914 0
116 0.00123974922745662 -0.02997437275161935 0
117 0.00247738036415984 -0.02989753479020093 0
118 0.003710778938068284 -0.02976961739211286 0
119 0.004937837708408191 -0.02959083910208398 0
120 0.006156460265853591 -0.02936150535982387 0
121 0.007364564614206054 -0.02908200797818445 0
122 0.008560086727453425 -0.02875282447375346 0
123 0.009740984076117282 -0.02837451725102701 0
124 0.01090523911688831 -0.02794773264154874 0
125 0.01205086273956129 -0.02747319979966391 0
126 0.01317589766539126 -0.02695172945677396 0
127 0.0142784217910796 -0.02638421253621232 0
128 0.01535655147265322 -0.02577161863111729 0
129 0.01640844474363727 -0.02511499434789907 0
130 0.01743230446202193 -0.02441546151813171 0
131 0.0184263813806513 -0.02367421528192195 0
132 0.01938897713578941 -0.02289252204602707 0
133 0.02031844714873192 -0.02207171732023106 0
134 0.02121320343555659 -0.02121320343563626 0
135 0.02207171732015688 -0.0203184471488125 0
136 0.02289252204596172 -0.01938897713586657 0
137 0.02367421528186335 -0.01842638138072659 0
138 0.02441546151807989 -0.0174323044620945 0
139 0.02511499434785364 -0.01640844474370682 0
140 0.02577161863107718 -0.01535655147272055 0
141 0.02638421253617813 -0.01427842179114277 0
142 0.02695172945674627 -0.0131758976654479 0
143 0.02747319979964069 -0.01205086273961424 0
144 0.02794773264152955 -0.01090523911693748 0
145 0.02837451725101211 -0.009740984076160687 0
146 0.02875282447374265 -0.008560086727489705 0
147 0.02908200797817643 -0.007364564614237719 0
148 0.02936150535981837 -0.006156460265879837 0
149 0.02959083910208036 -0.004937837708429891 0
150 0.0297696173921107 -0.003710778938085636 0
151 0.02989753479020009 -0.002477380364170105 0
152 0.02997437275161914 -0.001239749227461586 0
153 -0.01765612199185096 0.02269481249739821 0
154 -0.0167052680243341 0.02340541028824608 0
155 -0.01368817266255469 0.02529373124192945 0
156 -0.0126230605916424 0.02583510560992779 0
157 -0.009338337627288026 0.02720175980898693 0
158 -0.001188413537324766 0.02873543712678087 0
159 5.14382180004787e-08 0.02875999324991789 0
160 -0.02269476475210679 -0.01765613536385686 0
161 -0.02327883854712529 -0.01662028673730613 0
162 -0.02873532787241205 -0.001188505395015825 0
163 -0.02875392848424319 6.233148410214213e-06 0
164 -0.02583762075653298 -0.01263126330725055 0
165 -0.02720168997589856 -0.009338298050638946 0
166 -0.02756034870944105 -0.008198519199159662 0
167 -0.02529358918270207 -0.01368818948845981 0
168 6.311416453030315e-06 -0.02875396840702799 0
169 0.02340628082021702 0.01671179180937558 0
170 0.02269569923309308 0.017664764506341 0
171 0.02583776425845325 0.01263130828554216 0
172 0.02529374604931238 0.01368829546969125 0
173 0.0271941132219325 0.009342363662828947 0
174 0.02876007546172404 5.201182740980456e-08 0
175 0.02872923013489077 0.001194523465948405 0
176 0.001194929880569324 -0.02872880444876821 0
177 0.01369092798334091 -0.02528538650544386 0
178 0.009342357798188591 -0.02719395623223539 0
179 0.01263570781242202 -0.02582563836099986 0
180 0.01766476668600095 -0.02269561723668614 0
181 0.01671339275884469 -0.02339775566282184 0
182 -0.02115934185607389 0.01947861944143586 0
183 -0.02032768585219318 0.02033661567939371 0
184 -0.01947203630735539 0.02115936323567767 0
185 -0.01863226228015529 0.02024729750585477 0
186 -0.01777662689783388 0.02099982252424179 0
187 -0.02269561669270628 0.01766478369240167 0
188 -0.0234062068285939 0.01671179032167532 0
189 -0.02469803575720196 0.01472418085997902 0
190 -0.02407050959443287 0.01573172586639481 0
191 -0.0219462288369972 0.01858760963737855 0
192 -0.01857284909275893 0.0219454798692642 0
193 -0.0150519938114102 0.02303884772962267 0
194 -0.01599117192164346 0.02239720405168608 0
195 -0.01472173561709447 0.02470646887005287 0
196 -0.01573018125910454 0.02407694798435102 0
197 -0.0120864204530039 0.02472381430914323 0
198 -0.01105444706921741 0.02520214666997114 0
199 -0.01308859867113365 0.02418732291745138 0
200 -0.01408710901188991 0.02364122775815869 0
201 -0.01154657456748183 0.02633542474908147 0
202 -0.007852119113574587 0.02637610075565548 0
203 -0.008935906545384472 0.02602893672059773 0
204 -0.01045442235928766 0.02679260562218868 0
205 -0.009999407195575974 0.02562650856988445 0
206 -0.008195471584816785 0.02755891236845643 0
207 -0.001137077639797107 0.02749650546901193 0
208 -9.961500060652919e-09 0.02752006984445658 0
209 -0.003376859077696308 0.0270917291736358 0
210 -0.002234898360726816 0.02746289362419899 0
211 -0.002374955116676517 0.02866180289829082 0
212 -0.003557379085908237 0.02853917449424115 0
213 -0.007054299944578093 0.02787672332958523 0
214 -0.00589648715561359 0.02814449656267127 0
215 -0.004728382932505049 0.02836414482074162 0
216 -0.004516855406952906 0.02711950480547043 0
217 -0.006755662730453004 0.02667801772752144 0
218 -0.005623519864856293 0.02691717416180994 0
219 -0.02632960878075214 0.01155613881420568 0
220 -0.02583151485739946 0.01263359498076799 0
221 -0.02528707958156515 0.01369036226295678 0
222 -0.02362843531271216 0.01409099243254736 0
223 -0.02519335388712032 0.01105852669366914 0
224 -0.0271939909147907 0.00934232470450636 0
225 -0.02678369259705794 0.01045861032431268 0
226 -0.02755633972512781 0.008210815791760992 0
227 -0.02836770881245044 0.00473374273655263 0
228 -0.02814070154672414 0.005906863456010903 0
229 -0.02787165229309735 0.007065390446228649 0
230 -0.02866172619996055 0.002375056061461307 0
231 -0.02853911986176956 0.003557456834291633 0
232 -0.0273085715388315 0.00340414853193516 0
233 -0.02873534012385474 0.001188531424689784 0
234 -0.01572010119029552 -0.02406140935005877 0
235 -0.01472172174910932 -0.02470633578144954 0
236 -0.01765611634903655 -0.02269477959974517 0
237 -0.01671174890724097 -0.0234062278022907 0
238 -0.0185783545984586 -0.02194568780803685 0
239 -0.02115921851991141 -0.0194698950210103 0
240 -0.02033657502162518 -0.02032351711288819 0
241 -0.01947856130428689 -0.02115936325143313 0
242 -0.02194567613936702 -0.01857783349379569 0
243 -0.02470636955197481 -0.01472171528563352 0
244 -0.0241299856204364 -0.01571410685438246 0
245 -0.02866167790645483 -0.002374935042020833 0
246 -0.02853903727323203 -0.003557397166418398 0
247 -0.02836764104764191 -0.004733728814173635 0
248 -0.0278766894643163 -0.007054427485429983 0
249 -0.02814310214647425 -0.00589424455147176 0
250 -0.02668833737542216 -0.01041384080726998 0
251 -0.02631936832356367 -0.01153197848531186 0
252 -0.001178842259011069 -0.02872685009520515 0
253 -0.003550428519513271 -0.02853391306191232 0
254 -0.002367214052477903 -0.02865542607540632 0
255 -0.004723119434415043 -0.02836041056110481 0
256 -0.005901938448644666 -0.02814778538283128 0
257 -0.007060149487165216 -0.02787986191920565 0
258 -0.008206208025870651 -0.02756427866432933 0
259 -0.00933825961352892 -0.02720161297025287 0
260 -0.01044641277146815 -0.02678921889968087 0
261 -0.01263121106941422 -0.0258376339731601 0
262 -0.01154067118219663 -0.02633314028971886 0
263 -0.01368815851269391 -0.02529356902449413 0
264 0.01945995690817582 0.01945936294085162 0
265 0.02115942867307875 0.01947863326432475 0
266 0.02024725587549374 0.01863272474476562 0
267 0.02033639330796904 0.02033647573936045 0
268 0.01863857245966572 0.02024752100915765 0
269 0.01947869161434373 0.02115949424375915 0
270 0.01689132260285462 0.02171637019600339 0
271 0.01777964379606075 0.02099993853031184 0
272 0.0209999349085164 0.01777732586416234 0
273 0.02171724511158235 0.01690303511144831 0
274 0.02239717149796898 0.01599129287512413 0
275 0.02303069457701265 0.01505421653255995 0
276 0.02469812323115275 0.01472419549006812 0
277 0.02406377828213593 0.0157333741255716 0
278 0.02194635766875274 0.01858759643718314 0
279 0.01858765259621111 0.0219463257289407 0
280 0.0159847649653687 0.02239643060186948 0
281 0.01493195250730344 0.02285571483166083 0
282 0.01671180722802603 0.02340629027702707 0
283 0.01766479366037248 0.02269574398917091 0
284 0.01472182933131006 0.02470645257739932 0
285 0.01573025725474069 0.02407691414644975 0
286 0.01208698120717238 0.02472370371455696 0
287 0.01105474590060284 0.02520218240489944 0
288 0.01309831993141754 0.0242030754982282 0
289 0.01408043160108923 0.02361428310774424 0
290 0.0136882502091972 0.02529365971629101 0
291 0.01155612916824563 0.02632973617943886 0
292 0.01263360208591968 0.02583162544328256 0
293 0.008935723228098141 0.02602904513132876 0
294 0.007852521707557358 0.02637600484059099 0
295 0.01001160360799715 0.02562164700168263 0
296 0.009338371070998474 0.02720177149726413 0
297 0.01046296400429847 0.02677445645979279 0
298 0.00817441848104122 0.02745729970179703 0
299 0.001137373353674654 0.02749653119517035 0
300 0.001188571560916116 0.02873545738230383 0
301 0.003404192417122448 0.02730871548126752 0
302 0.002278466280101229 0.02741985617041793 0
303 0.002386909697217385 0.02864840080514608 0
304 0.003539138469886003 0.02838271420684698 0
305 0.007065434996831241 0.02785291542555831 0
306 0.005902086703901811 0.02814795885873245 0
307 0.004781612847501952 0.02839596643099276 0
308 0.004458445968140667 0.0270786346884989 0
309 0.005647803922752969 0.02693437593837451 0
310 0.006756127467948124 0.02667795563022269 0
311 0.02633765224892089 0.01155281112141538 0
312 0.02362733703103232 0.01409133089393995 0
313 0.02418483906531289 0.01310443836949881 0
314 0.0252021388036395 0.01105460460249361 0
315 0.02472384790491892 0.01208654095607144 0
316 0.02563740878015711 0.01000387941369321 0
317 0.02678668184446963 0.01045728707127489 0
318 0.0260289376553048 0.008936035735359622 0
319 0.02647488185114208 0.007882114333793849 0
320 0.02756443663511091 0.008206313388398527 0
321 0.02836776339275148 0.004733800851796094 0
322 0.02814790132397648 0.005902078854823433 0
323 0.027880016831944 0.007060253120205784 0
324 0.0271414300568586 0.004524635390431398 0
325 0.0266779801825172 0.006755839390846277 0
326 0.02692982433658482 0.005639997079855555 0
327 0.02741733791585015 0.002280824190093291 0
328 0.02864734095451826 0.00238790149195142 0
329 0.02853914138004119 0.003557451619086833 0
330 0.02709070605754843 0.003377247581117173 0
331 0.02762325532399881 3.848381867271327e-07 0
332 0.02749651816817222 0.001137340967864131 0
333 0.02583780876496549 -0.0126312276736296 0
334 0.02633471500721725 -0.01154459805503314 0
335 0.02529370954521085 -0.01368820157882032 0
336 0.02420306199513784 -0.01309819517209024 0
337 0.02364119570508332 -0.01408698611724462 0
338 0.02472370121630761 -0.0120867368227227 0
339 0.02520218247912901 -0.01105439169188233 0
340 0.02563756954750557 -0.01000349542713166 0
341 0.02679014542760398 -0.01044836561052273 0
342 0.02719904475124605 -0.009332454169874872 0
343 0.02602542966194894 -0.00892748474501575 0
344 0.02637593690809121 -0.007852424871992249 0
345 0.02756439878683115 -0.008206214054623054 0
346 0.02728677332908389 -0.00112811457468141 0
347 0.02873542769864534 -0.001188467489034585 0
348 0.02740096558672904 -0.002262360226554925 0
349 0.02730874697392265 -0.003403871115580452 0
350 0.0286481607104605 -0.002360604041349827 0
351 0.02852744487601859 -0.003542065485544422 0
352 0.02788000399316656 -0.007060145459693895 0
353 0.02814797953695836 -0.005901908260862333 0
354 0.02835996890434676 -0.004722408328129023 0
355 0.02667791566305066 -0.006755894513089165 0
356 0.02693437887306817 -0.005647549551465241 0
357 0.02714476316243065 -0.004529319801439058 0
358 0.003557411941949026 -0.02853903615163839 0
359 0.002379388778102053 -0.0286568314576376 0
360 0.007060176779153767 -0.02787987539290462 0
361 0.005902015052376373 -0.02814783032296406 0
362 0.004733778941720427 -0.028367679227633 0
363 0.01105983511481138 -0.0251901252046765 0
364 0.01045733927381806 -0.026786562493883 0
365 0.008206339811172027 -0.02756429724129707 0
366 0.01156073806061984 -0.02631842645750173 0
367 0.02194584395849922 -0.01857885883266417 0
368 0.02407537111227934 -0.01572165526789848 0
369 0.02470645651805508 -0.01472173763321998 0
370 0.02340447437804992 -0.0166989962969695 0
371 0.02269470490808915 -0.01765482236828182 0
372 0.02239551955063993 -0.01597747439328089 0
373 0.02303779450270834 -0.01504497793857344 0
374 0.02171595293875198 -0.01688803803608532 0
375 0.02099957822149387 -0.01777125492849219 0
376 0.02024700566243959 -0.01861162619035319 0
377 0.0211591191541522 -0.01946349512137552 0
378 0.01956174956583419 -0.0195595164340474 0
379 0.0186387503907601 -0.02024711260682234 0
380 0.01947864514772676 -0.02115936943912543 0
381 0.0203364152107583 -0.02033636295926632 0
382 0.01858758024155928 -0.02194621653208522 0
383 0.01505528156373214 -0.02302646077335869 0
384 0.01472361512066609 -0.02470002729371382 0
385 0.01573488869610391 -0.02405716387782919 0
386 -0.01858209864792478 0.01858333128607586 0
387 -0.01943275682661533 0.01946061047836641 0
388 -0.02035162198530495 0.018736738300664 0
389 -0.01690290217014651 0.02171722926051084 0
390 -0.01697198288797658 0.02005394303982586 0
391 -0.01527072452915958 0.02138797712533047 0
392 -0.01614115269590599 0.02073887127033244 0
393 -0.01454976897133658 0.0203791043504249 0
394 -0.01536797921004264 0.01976011254188688 0
395 -0.01461724586172482 0.01878230681596747 0
396 -0.01538117788191141 0.01816195567431532 0
397 -0.01616945206986325 0.01910805639468561 0
398 -0.01695864913491993 0.01842296109913272 0
399 -0.01779844856865361 0.01933525269371204 0
400 -0.01682317990714972 0.01682996867751367 0
401 -0.01770572839212952 0.01770603728293312 0
402 -0.01610092451370294 0.01751193957982853 0
403 -0.01526144733681174 0.01660017496825961 0
404 -0.01440618074178313 0.01701553478054977 0
405 -0.0159318808666186 0.01595524455960796 0
406 -0.01507492604114749 0.01507589396602312 0
407 -0.01749411295616156 0.01612178734643967 0
408 -0.01721538345635641 0.01458022715071601 0
409 -0.01657776098247786 0.01528303846892032 0
410 -0.0184226473625499 0.01695894875208917 0
411 -0.0193351394441466 0.01779853245252964 0
412 -0.01846357218924964 0.01564033054891075 0
413 -0.01871407332302785 0.01462821467165447 0
414 -0.01976006058775677 0.01537978159161198 0
415 -0.01923690513667348 0.01629283273587642 0
416 -0.02100001152031379 0.0177861700486104 0
417 -0.02018203314261004 0.016984552657189 0
418 -0.02171709701912788 0.01690308572909046 0
419 -0.0207385787413777 0.01614146623062557 0
420 -0.0203787563994936 0.01454996990732194 0
421 -0.02138703333721611 0.01526237061077598 0
422 -0.02239697500216267 0.01599123589968106 0
423 -0.0230386935998956 0.01505202112458572 0
424 -0.01437385440270546 0.02200072062435593 0
425 -0.01344251250954147 0.02255954524057385 0
426 -0.01191777959469987 0.02202203777604404 0
427 -0.01099709745579181 0.02249592248459623 0
428 -0.01249774172132413 0.02309464506832111 0
429 -0.0115420761099215 0.02360967433921519 0
430 -0.008651327435569203 0.02217205580081684 0
431 -0.007727690488285228 0.02251071699321881 0
432 -0.009560552146248315 0.02179535483246879 0
433 -0.01005829584260353 0.0229310702729406 0
434 -0.009102072413484277 0.02332722162075292 0
435 -0.009552852808414366 0.02448234526678029 0
436 -0.01055646668467107 0.02406658697689965 0
437 -0.008533105006307964 0.02485621671214295 0
438 -0.00813052055740344 0.02368340323758207 0
439 -0.007498222843099799 0.02518765429777215 0
440 -0.001085812643826309 0.02625760206578074 0
441 -5.972713759147888e-08 0.02628011767217067 0
442 -0.00331142738045502 0.02595870212850395 0
443 -0.002301211444973533 0.02615576428679616 0
444 -0.005392445190141695 0.02572088646709566 0
445 -0.004325411596277961 0.0259216552387626 0
446 -0.006475626358922269 0.02557568647406245 0
447 -0.007144603555202562 0.02399919330769532 0
448 -0.006173285897991329 0.02437892307897922 0
449 -0.006787930023685098 0.02280103257388534 0
450 -0.005523536666026536 0.02186407072164591 0
451 -0.005842499602646017 0.02307189269700317 0
452 -0.004125982805165472 0.02466791531815268 0
453 -0.005175976057819724 0.02443421931386769 0
454 -0.003916420363650458 0.02345794207281231 0
455 -0.00483659070969236 0.02324813322321356 0
456 -0.00462953463464046 0.02208004440164607 0
457 -0.003713211595881237 0.02225252239178371 0
458 -0.001034393266671548 0.02501866173497951 0
459 -0.0009831489493457204 0.02377980119904454 0
460 -0.002068232254610827 0.02495449875100305 0
461 -0.003096703651219283 0.02484794233530875 0
462 -0.002943193618938345 0.02361753265986171 0
463 -0.001929909347095134 0.02329383172917769 0
464 -0.001833528158075875 0.022136147408237 0
465 -0.002760775536866329 0.0222477223997033 0
466 9.276641182033777e-08 0.02256016860831776 0
467 -0.001030630306634679 0.02257840292563627 0
468 -0.001334782276995894 0.02005944098647971 0
469 -0.0009762624767099652 0.02141306609223151 0
470 -0.003508894081962878 0.02102951193779449 0
471 -0.002288413804575362 0.02114149685397561 0
472 -0.002082256092315304 0.01871771562883264 0
473 -0.002866548760328604 0.0198401256413888 0
474 -0.001039400546841247 0.01890474367999214 0
475 -0.001028762080895363 0.01798488083691072 0
476 -0.001012582812088962 0.01653871072953049 0
477 -0.003661581207672181 0.01463518744003695 0
478 -0.001947966801623892 0.01504990116713516 0
479 -0.002123025049198241 0.01626661437184583 0
480 -0.003263282343963887 0.01602750412185537 0
481 -0.002354893789260952 0.01735755281553442 0
482 -0.003736499856801823 0.0171920108851259 0
483 -0.006082727415354931 0.02043399186758434 0
484 -0.007052720681228442 0.02054413961659998 0
485 -0.006620391901860914 0.0217947995184934 0
486 -0.00437481149333282 0.02086655349799092 0
487 -0.005232895677735832 0.02066802686977707 0
488 -0.005347501703556087 0.01939492465493883 0
489 -0.004252646544367254 0.01974383288313112 0
490 -0.003513571611907925 0.01849147592314307 0
491 -0.004721342182841729 0.01825553056951095 0
492 -0.00668570718711806 0.01910871765919289 0
493 -0.007263406855251778 0.01753560105754525 0
494 -0.005625526697317843 0.01624893120535489 0
495 -0.005887435543948538 0.01768757866581926 0
496 -0.004891094561115918 0.0170325237383071 0
497 -0.005386920291089753 0.01520513429334693 0
498 -0.004484668524669654 0.01577856736572452 0
499 -0.006813983910497113 0.01648542725290607 0
500 -0.006310419992053737 0.01521907706163961 0
501 -0.007377606691464103 0.01459775900511467 0
502 -0.01154012831753321 0.0193796352647972 0
503 -0.01091278796409852 0.01831542687852776 0
504 -0.01232259614152932 0.01888569965445408 0
505 -0.01310872012602984 0.01836075121471315 0
506 -0.01382319021502796 0.01936175878275773 0
507 -0.01301702590102059 0.0199248727499254 0
508 -0.01281758092946971 0.02151072715026989 0
509 -0.01369521643636423 0.02096294355269606 0
510 -0.01217619619269858 0.02044468133524899 0
511 -0.01132114210457568 0.02093057309119368 0
512 -0.01045264323632148 0.02138183988144095 0
513 -0.009908050180989267 0.02026788476133586 0
514 -0.007557711027493965 0.02153058704184916 0
515 -0.008219284293017253 0.02103695148460553 0
516 -0.009062358705652146 0.02065987428010143 0
517 -0.007750110144835677 0.01986168571140326 0
518 -0.007781255044736399 0.01874985680841022 0
519 -0.008564325462969815 0.01952426606117441 0
520 -0.01073715418845916 0.01984105158584132 0
521 -0.009363693758978355 0.01915376151838092 0
522 -0.0101467393027055 0.01875063236430177 0
523 -0.01000210236670964 0.01762082857440573 0
524 -0.00926625010334889 0.01645147814185449 0
525 -0.008197058946922136 0.01691003309695618 0
526 -0.008823103980202815 0.01808705720287862 0
527 -0.007801467971762667 0.01582188814452089 0
528 -0.008843488186290029 0.0152675543086543 0
529 -0.009685146888566358 0.01457926119455578 0
530 -0.01044288061467406 0.01549766103561228 0
531 -0.01166037191196452 0.01784885610475234 0
532 -0.01238777027205214 0.01735184165169733 0
533 -0.01100060967159436 0.01699043551697282 0
534 -0.01157618071381286 0.01483393855027515 0
535 -0.01233210446831279 0.01584695623195987 0
536 -0.01318582401347283 0.01679040124188894 0
537 -0.01385571262834915 0.01780368388936493 0
538 -0.01362555037816055 0.01480610364971382 0
539 -0.01434729958519684 0.01595162148580878 0
540 -0.01292040193718724 0.007841748649352245 0
541 -0.01405380119941028 0.008374604699985097 0
542 -0.01223175359481719 0.008873329339433678 0
543 -0.01125133703168342 0.007942347985702791 0
544 -0.0115604008064897 0.009728504268535689 0
545 -0.01093404293869393 0.01049732662577202 0
546 -0.01249279230204663 0.01048210542598125 0
547 -0.01431199141759744 0.01016102162468067 0
548 -0.01338977119164502 0.009366968057728483 0
549 -0.01462072627746292 0.01403474623806555 0
550 -0.01261722675986797 0.01389280932184029 0
551 -0.01375099735689253 0.01321580224800971 0
552 -0.01437622178959211 0.01217645285570112 0
553 -0.01347111965579736 0.01129761906009327 0
554 -0.01282086068679714 0.01231292352507742 0
555 -0.01191895487970599 0.01294971792497621 0
556 -0.01211951848378144 0.01159614990240092 0
557 -0.01107934043964761 0.01203720685250537 0
558 -0.008762696852354115 0.00737860537266494 0
559 -0.007916872991567046 0.008160529298459358 0
560 -0.009561565205412976 0.008182776591086342 0
561 -0.01019661962853816 0.007338667825269457 0
562 -0.01054487887707368 0.009111968172252219 0
563 -0.009427671545618518 0.01016055342394757 0
564 -0.008702441147737581 0.009098072624941573 0
565 -0.007762350547048076 0.009975800468154872 0
566 -0.00774630236085963 0.01148348886095424 0
567 -0.008126647445773572 0.0126799448297856 0
568 -0.008658417209177174 0.01094728415895895 0
569 -0.01014537699451398 0.01112209584021293 0
570 -0.009291030036559116 0.0119076153955808 0
571 -0.01093329988366981 0.01385131911000402 0
572 -0.009950511534126674 0.01296735306201905 0
573 -0.008437225677799172 0.01394599917443287 0
574 -0.001573819232615343 0.01246780739326637 0
575 -0.001138594013719945 0.01148248559785068 0
576 -0.001491942690742735 0.01367929151118612 0
577 -0.002336497428838124 0.0111584682339862 0
578 -0.002590677510927991 0.01237212118413933 0
579 -0.003050099964280259 0.01347019158764854 0
580 -0.00690860132831385 0.0135616701656861 0
581 -0.005927535751058353 0.01406914042110613 0
582 -0.004684911218635522 0.01316515320387671 0
583 -0.0048517696377987 0.01449373159950507 0
584 -0.004102592481521716 0.01195603766408683 0
585 -0.006420781358794351 0.01243002408667103 0
586 -0.005550608215861104 0.01135610285640542 0
587 -0.006791555576963655 0.01085049371213229 0
588 -0.006116544008424461 0.009795110801391548 0
589 -0.007091527716149882 0.009000065584950605 0
590 -0.006105837110755177 0.008242563368199321 0
591 -0.00370044103973677 0.01078306788209183 0
592 -0.004907225260521723 0.01021393085899761 0
593 -0.004462402361241974 0.009127542981877165 0
594 -0.004337662172844865 0.007742684571215869 0
595 -0.001418196418326057 0.01015251455058816 0
596 -0.003292501806171374 0.009798174563745907 0
597 -0.002196485433199947 0.007491075487799184 0
598 -0.002889061711295549 0.008510423702937649 0
599 -0.0008484500289107956 0.008697501823747409 0
600 -0.0009242945971486532 0.007498830426032016 0
601 -0.0008810848459786801 0.00626672517516144 0
602 -0.003306950166126736 0.006915518256346891 0
603 -0.003228056975451563 0.005639299225881798 0
604 -0.002048907106695922 0.006352491664970801 0
605 -0.00314664990700469 0.00423706368415974 0
606 -0.001669658537054573 0.004925151080643699 0
607 -0.001690543359823449 0.003713142889876909 0
608 -0.0004975041602592215 0.005260741851868127 0
609 -0.0003071274477864004 0.004066185445647682 0
610 -0.0008912428877878846 0.001182120163257917 0
611 -0.0008061536397633131 0.002758022836054265 0
612 -0.001653192484325059 0.002274021370817869 0
613 -0.002499203216251958 0.001370795931846846 0
614 -0.002512290063714515 0.00305932448020265 0
615 -0.0034022242339668 0.002344653655358666 0
616 -0.005945583414955731 0.006873616897000126 0
617 -0.006809948585645684 0.005760689792678621 0
618 -0.004734404449795303 0.006080006767366438 0
619 -0.004920607838723321 0.004154187989234733 0
620 -0.004111997820863113 0.005055543492697308 0
621 -0.005805866109778063 0.004924938744607263 0
622 -0.00649149928627569 0.00395017401596374 0
623 -0.00699229834872165 0.003127978299372272 0
624 -0.006069792130435084 0.001891575596906073 0
625 -0.005535909509142067 0.003238557212826154 0
626 -0.004049322063286383 0.003238706655887507 0
627 -0.004778250827166908 0.0023984529135431 0
628 -0.003900061069358634 0.001461903252662989 0
629 -0.003716518374260327 0.0003660934360897801 0
630 -0.005005099935946208 0.0005565101108883022 0
631 -0.006430766138493573 0.0004544747735339747 0
632 -0.01192246019495846 0.004167583814185141 0
633 -0.01142145509445696 0.005355794915083577 0
634 -0.01327558690092917 0.004369898358961623 0
635 -0.01433576683577889 0.005004776142821185 0
636 -0.01264384039194848 0.005669035113308076 0
637 -0.01381921552306754 0.00597914487691215 0
638 -0.01349661737884366 0.006958954775410352 0
639 -0.0120483837339635 0.006820481722234584 0
640 -0.01075940505328494 0.006563389979574128 0
641 -0.009962881059018691 0.005747435492785982 0
642 -0.009337186072507355 0.00651032237049623 0
643 -0.007706092843787394 0.006574949760045263 0
644 -0.008879594719585356 0.005122331204306943 0
645 -0.007516582765480218 0.004623786144654709 0
646 -0.01037867172259972 0.004695990186187012 0
647 -0.009630291332818092 0.003837541895810825 0
648 -0.01084196633578589 0.003490469712934133 0
649 -0.009984700621117592 0.002316554353655437 0
650 -0.008728953811304752 0.001830847472729128 0
651 -0.00846395390889397 0.00320509320897801 0
652 -0.007389762567356732 0.001857252618548426 0
653 -0.007652811066291366 0.0006335463597710994 0
654 -0.009042321025012482 0.0004568128119397882 0
655 -0.0101065722816581 0.0007850176590076826 0
656 -0.01129617886170543 0.00220633459281555 0
657 -0.01225262323529731 0.003021406804487274 0
658 -0.0113991221278253 2.75031782075409e-06 0
659 -0.0112863577105576 0.001027928489102257 0
660 -0.01261859423782907 2.550267776683998e-05 0
661 -0.01252524047376111 0.001155086684948351 0
662 -0.01367673427618145 0.00271306364856252 0
663 -0.01387928758971086 8.232892499788893e-07 0
664 -0.01382554996768604 0.001041550948996055 0
665 -0.01735083474417359 0.01238875233874661 0
666 -0.01784812561770813 0.01166106073499914 0
667 -0.0163416560354223 0.0116682681096955 0
668 -0.01509584808730603 0.01121436443654016 0
669 -0.01532274289685219 0.01297754207347279 0
670 -0.01568525371419755 0.01443997478336344 0
671 -0.01626899023206029 0.01377900960624063 0
672 -0.01682414777009511 0.01309497435113785 0
673 -0.01780299538008813 0.01385632315050929 0
674 -0.01836011502346863 0.01310913459600767 0
675 -0.01992461271575032 0.01301712676869828 0
676 -0.01927781022588061 0.01383341079890819 0
677 -0.02095355093516052 0.01368983039897572 0
678 -0.02151018946970464 0.01281845627571214 0
679 -0.02092936735715905 0.01131664734278257 0
680 -0.0204451039820037 0.01218351233129838 0
681 -0.01885089325017249 0.01234720188367625 0
682 -0.01971758062668558 0.01175261241355981 0
683 -0.01841750938393189 0.01097638580869986 0
684 -0.01886383296792479 0.009946494934491451 0
685 -0.01992957529796377 0.01072549607204112 0
686 -0.02026759857321424 0.00990807837697052 0
687 -0.0213815628788671 0.01045275755574249 0
688 -0.0210163950336334 0.008200769677114774 0
689 -0.02133730265366902 0.007325684528137725 0
690 -0.02065952621332596 0.009062593091411763 0
691 -0.01932066644467874 0.008991285059835987 0
692 -0.01975680509395549 0.007960800914885791 0
693 -0.01838817606909534 0.008066726198406803 0
694 -0.01747434963389584 0.01025083798706226 0
695 -0.01802761653604138 0.009196523673062326 0
696 -0.0169223329521828 0.00870193230228138 0
697 -0.01723775945914481 0.007370710090639737 0
698 -0.01609679837017945 0.009703145657964209 0
699 -0.0149605377061618 0.008957318695721916 0
700 -0.0158354372288092 0.008149422867453321 0
701 -0.01466293192175679 0.007554072891299902 0
702 -0.01513084263065653 0.0015378429813716 0
703 -0.0164014532820897 0.001585432540619795 0
704 -0.01640095326075406 6.611052618925435e-05 0
705 -0.01754156269278286 0.001453533067392818 0
706 -0.01743714615424416 0.002691042784433397 0
707 -0.01715051727010681 0.003659038527160442 0
708 -0.01481309540525052 0.003052702754488192 0
709 -0.01597343474366891 0.003222606291392284 0
710 -0.01496978200257732 0.006482199495379214 0
711 -0.01605280593948928 0.007066265571028037 0
712 -0.01461335528941583 0.004027759989626447 0
713 -0.0160478257441749 0.00441446380644419 0
714 -0.01539634763702311 0.005218505057931085 0
715 -0.01776609439536643 0.006050637102933321 0
716 -0.01656997719623167 0.005762260161350325 0
717 -0.01718663543617497 0.004742641502207155 0
718 -0.02001103155494835 0.001658926326237032 0
719 -0.02124683148496457 0.001760996421219228 0
720 -0.02130126295703177 0.0008814279251238307 0
721 -0.01876233200921282 0.001466652557992664 0
722 -0.01867333522302913 0.002792925181245011 0
723 -0.01989452994485054 0.002881013127555471 0
724 -0.02110941844063305 0.002863413081799482 0
725 -0.02092022801438756 0.004313840803415938 0
726 -0.02066702360243343 0.005234220311515019 0
727 -0.01829673308639483 0.003855947569836891 0
728 -0.01965210342422279 0.00412059927566608 0
729 -0.01953325425862712 0.005381661692962558 0
730 -0.01838897624093794 0.005065956929020126 0
731 -0.01899173623476778 0.006520018271055571 0
732 -0.02043313563206539 0.00608396822619053 0
733 -0.02021635110809564 0.00703086039702449 0
734 -0.02162174494893129 0.006437379710216611 0
735 -0.02420289331191561 0.01309833711221334 0
736 -0.02174348852725658 0.01420508205194358 0
737 -0.02257553151382039 0.01345299617294539 0
738 -0.02201699927129537 0.01189441400209497 0
739 -0.02249551770842239 0.01099749447374985 0
740 -0.02311233511291829 0.01250816146111758 0
741 -0.02472345868495255 0.01208693154850521 0
742 -0.02350920079942147 0.01149228099346911 0
743 -0.02406641916929007 0.01055661823667562 0
744 -0.02448184688600935 0.009553474050399923 0
745 -0.0229307205337966 0.01005876036892007 0
746 -0.02332675898814582 0.009102441877461185 0
747 -0.02179512170170448 0.009560586489444264 0
748 -0.0225101268521501 0.007728360096955083 0
749 -0.02177420524043813 0.008496739293420798 0
750 -0.02485585915875557 0.00853327189962921 0
751 -0.02368304931601307 0.008130682033536858 0
752 -0.02518726767592515 0.007498870302520584 0
753 -0.02561932656000205 0.01001253641580107 0
754 -0.02637578815285197 0.007852570591274827 0
755 -0.02601546618460718 0.008942847223592719 0
756 -0.02592142731197819 0.004325246405656317 0
757 -0.02712626385142311 0.004527379022429486 0
758 -0.02572048383021772 0.005392797466686717 0
759 -0.02693410639372613 0.005647648239685308 0
760 -0.02667767906929254 0.006756137093895614 0
761 -0.02547560665440974 0.006451610706469425 0
762 -0.02186917182452178 0.005538538656972094 0
763 -0.02307124222277143 0.005843310111201183 0
764 -0.02281029823802577 0.006791156741044001 0
765 -0.02425547476080274 0.006160202413006294 0
766 -0.02399315160014599 0.00714883132037349 0
767 -0.02449636817151161 0.005146664382816498 0
768 -0.02469337866839293 0.004125518359043069 0
769 -0.02207952060043324 0.00462941880104868 0
770 -0.02329314958703816 0.004883910257822317 0
771 -0.02347509211189545 0.00391736236797879 0
772 -0.02225194386900007 0.003713187064532909 0
773 -0.02238634750130391 0.002791357286002849 0
774 -0.02248266076817931 0.001863013005990698 0
775 -0.02254028126506172 0.0009325750595441271 0
776 -0.02484745637483825 0.003097810985536001 0
777 -0.02361692799340116 0.002944630652522871 0
778 -0.02371848216867807 0.001965415100920867 0
779 -0.02495429255068031 0.002068117321267053 0
780 -0.02501831378144102 0.001035164495775364 0
781 -0.02377932432672228 0.0009835243211159103 0
782 -0.02757022301468092 0.002284644283003027 0
783 -0.02619012063144744 0.002170234083385016 0
784 -0.0260580220431998 0.003265489391701505 0
785 -0.02625732837245044 0.001086206870592566 0
786 -0.0274333803584634 0.001191631422697899 0
787 -0.01505193693477693 -0.02303865061988534 0
788 -0.01596638601542506 -0.02239167131078247 0
789 -0.02024706893743958 -0.01862899727492136 0
790 -0.01945975212686762 -0.01945914677224411 0
791 -0.01858291262888102 -0.01858216852353149 0
792 -0.01863838023301485 -0.02024726499662678 0
793 -0.01454156222944575 -0.02037814002574907 0
794 -0.01524233251871681 -0.02138465171987417 0
795 -0.01610968964304045 -0.02073590380164385 0
796 -0.01777641359323153 -0.02099967858405991 0
797 -0.01687758297457315 -0.0217146991283351 0
798 -0.01698433862354044 -0.02005396053545801 0
799 -0.01695857122054697 -0.01842265387527667 0
800 -0.01779827038265086 -0.01933512748166336 0
801 -0.01534580256002438 -0.01975832510060145 0
802 -0.01618280117664346 -0.01910770293218284 0
803 -0.01459691696986093 -0.01878130869660304 0
804 -0.01535042823061989 -0.01816180345511585 0
805 -0.01638411060060592 -0.01780415236061261 0
806 -0.01535957471791626 -0.01668721465413452 0
807 -0.01457939464464414 -0.01721554810701077 0
808 -0.01566412532561798 -0.01566588493290441 0
809 -0.01478181593496874 -0.01489724122531733 0
810 -0.01653683495920006 -0.01654351048800703 0
811 -0.01770546585924709 -0.01770588246915396 0
812 -0.01748448160080819 -0.01610277202897628 0
813 -0.01654016509536377 -0.01541277997735363 0
814 -0.01721519994513215 -0.01457980790712544 0
815 -0.02005364081469612 -0.01696809814279539 0
816 -0.0216829172289861 -0.01676539912809422 0
817 -0.02099315607685746 -0.01773249799840503 0
818 -0.01842243022737137 -0.01695875226182486 0
819 -0.01933486858854916 -0.01779852458696663 0
820 -0.01910788690080071 -0.01618257840185865 0
821 -0.0184618444424053 -0.01563689211503924 0
822 -0.01871370584662535 -0.01462786278618551 0
823 -0.01975984530213813 -0.01537957767607291 0
824 -0.02056331310342374 -0.01599398821184506 0
825 -0.02045541309915534 -0.01460393464137416 0
826 -0.0213993837941843 -0.01537093528883908 0
827 -0.02300377687562205 -0.01503983608452007 0
828 -0.02236474745477081 -0.015898251871334 0
829 -0.02619005285857979 -0.002170477167110666 0
830 -0.02577461606679423 -0.003212688566928037 0
831 -0.02742586866615212 -0.002272691813027435 0
832 -0.02730851342710448 -0.003403749667625381 0
833 -0.02751278086191605 0.00010129079207637 0
834 -0.02749633232394995 -0.001137181612952527 0
835 -0.02627982982131181 -2.798381683791695e-07 0
836 -0.02625734430604753 -0.001085953333420605 0
837 -0.02501831476495682 -0.001034600756683313 0
838 -0.02503980101258022 -1.494261678091186e-07 0
839 -0.02335316489849091 -0.0009660481808396336 0
840 -0.02379976113791124 -2.146461247282951e-07 0
841 -0.02264536577367179 4.569120508178043e-07 0
842 -0.02220949513359529 -0.0009180657889817508 0
843 -0.02255349091984377 -0.001870586311306961 0
844 -0.02238636905522952 -0.002789722699882805 0
845 -0.02504451438075923 -0.002075024573917639 0
846 -0.02384734471306056 -0.00197753344481334 0
847 -0.02322693026007317 -0.002893959750173679 0
848 -0.02434444095701881 -0.00303282957875182 0
849 -0.02455265216802778 -0.004084706550325723 0
850 -0.02447220676435255 -0.00511231993993159 0
851 -0.02217719039664413 -0.003685059325014822 0
852 -0.02327907235398265 -0.003867983965201104 0
853 -0.02322078672504518 -0.004845445874742305 0
854 -0.02207980181744334 -0.004628285985436274 0
855 -0.02186941364434269 -0.005537473558770645 0
856 -0.02304467746102817 -0.005811503714185818 0
857 -0.02279771247007683 -0.006765339994747545 0
858 -0.02399478469150885 -0.007135577259645727 0
859 -0.02425093879269575 -0.006111416119216827 0
860 -0.02587417118184227 -0.004306862945851878 0
861 -0.02712988966223284 -0.00451338703231638 0
862 -0.02568951539085332 -0.005357099007785451 0
863 -0.02547563418651031 -0.006451374563671056 0
864 -0.02667784319801513 -0.006755648358948698 0
865 -0.02692684864079588 -0.005636426937829999 0
866 -0.0261218564847683 -0.008967291541515036 0
867 -0.02637577537232707 -0.007852121094007902 0
868 -0.02549100226862085 -0.009946347719536324 0
869 -0.02187411646744915 -0.01439305210141827 0
870 -0.02252716177543257 -0.01346057034161128 0
871 -0.02420288494752889 -0.01309825288954304 0
872 -0.02363384553901274 -0.01408796866298225 0
873 -0.02470543761925076 -0.01207631896092105 0
874 -0.02526764216427448 -0.01101556681908844 0
875 -0.02333264659022917 -0.01140653535037155 0
876 -0.02318815505639833 -0.01255144359066093 0
877 -0.02210205869475709 -0.0119636671657178 0
878 -0.02228278560414072 -0.01089403293770464 0
879 -0.02174023584518276 -0.009553296964971619 0
880 -0.02332668330467604 -0.0091021899789125 0
881 -0.02296370149204606 -0.01003250504265011 0
882 -0.02414636904021262 -0.01058638775439841 0
883 -0.02427570924043834 -0.009469064484735657 0
884 -0.02494252561899353 -0.008562131395132899 0
885 -0.02511101796007602 -0.007531630447673477 0
886 -0.02368297967123665 -0.008130498106536883 0
887 -0.0228851240364568 -0.00785174088432616 0
888 -0.02217132266693216 -0.008651598839225541 0
889 -0.0176450016729817 -0.002526796482229703 0
890 -0.0169631120502944 -0.003540840713909179 0
891 -0.01569776375544842 -0.003273452143848971 0
892 -0.014726663053169 -0.003067144311685049 0
893 -0.0150639872101832 -0.002176933150668927 0
894 -0.01653537635864592 -0.002387106069239967 0
895 -0.01617611617864604 -0.001296146190662283 0
896 -0.01504775101956994 -0.001154978061523016 0
897 -0.01503899273772523 -4.955279573449195e-05 0
898 -0.01736031341208414 -0.001366644549836917 0
899 -0.01759948548247491 -1.473550210436673e-07 0
900 -0.018839573524543 -6.836234425398287e-08 0
901 -0.01856223231314699 -0.001459730634872803 0
902 -0.02149865180209646 -7.371385973116406e-05 0
903 -0.02022721760698712 -5.793268417022256e-05 0
904 -0.01985352043108509 -0.001590867639823691 0
905 -0.02124673686277971 -0.001760792289112282 0
906 -0.02103921429935325 -0.003272566589858718 0
907 -0.01874174922874104 -0.002604628040615669 0
908 -0.01987810888853556 -0.002892656876804631 0
909 -0.01829316209662967 -0.005031040887021398 0
910 -0.01837377829362215 -0.003744142167039804 0
911 -0.01954767728546892 -0.005379195189719485 0
912 -0.01980934038393767 -0.004275198852462343 0
913 -0.02066727015790676 -0.005233065240676578 0
914 -0.02115726698787398 -0.004420070189392532 0
915 -0.02162183119847762 -0.006436439587298405 0
916 -0.02043325097519623 -0.006082658338320749 0
917 -0.02054339660282946 -0.007052702468852611 0
918 -0.01901719273771126 -0.00663082970766321 0
919 -0.01722881245973019 -0.004728186895808166 0
920 -0.01653970845825007 -0.005708440125042225 0
921 -0.01771165661804946 -0.006118993816078213 0
922 -0.01461558381729691 -0.004017825448375142 0
923 -0.01581134006583531 -0.004346410211012751 0
924 -0.01541487074039582 -0.005259320062084683 0
925 -0.0161172962371548 -0.007068598499846771 0
926 -0.01498164664547766 -0.006570558549744357 0
927 -0.01609657055818215 -0.01004138454282843 0
928 -0.01519371134906421 -0.00948065594359401 0
929 -0.01547852962007095 -0.008375471690169639 0
930 -0.01706910578211376 -0.01064669471635058 0
931 -0.01776292989344074 -0.009734736416105731 0
932 -0.01669543288285983 -0.008877541857631269 0
933 -0.01724610527088034 -0.007551142302268493 0
934 -0.02096856229470709 -0.00822153724078345 0
935 -0.02183132487824666 -0.007496559835872285 0
936 -0.02065944691855541 -0.009062132444447453 0
937 -0.01840836304394678 -0.008140477819396284 0
938 -0.0198168763038338 -0.007742867961994021 0
939 -0.01965320844850818 -0.008628044962770261 0
940 -0.01883272941007939 -0.0101428102786716 0
941 -0.01915293754101269 -0.009363612307429109 0
942 -0.01984043412064452 -0.01073741541193843 0
943 -0.02017669588974515 -0.00986218113783382 0
944 -0.02093844007947013 -0.01023946001713898 0
945 -0.02099754319158371 -0.01136538079063023 0
946 -0.02008964574290452 -0.01197082339947606 0
947 -0.02151036147893275 -0.01281735090307172 0
948 -0.0208746445184105 -0.01370545204015329 0
949 -0.01844600218684887 -0.01107666522582704 0
950 -0.01931549936100276 -0.01153100944594784 0
951 -0.01890627978070055 -0.01222694735793226 0
952 -0.01844118074493405 -0.01309670529337837 0
953 -0.01992386310524869 -0.01301767413091934 0
954 -0.01936944529619175 -0.01382923447836805 0
955 -0.01531571920838315 -0.01088689160952712 0
956 -0.01732499205069626 -0.01241553087190235 0
957 -0.01623158923087355 -0.01162978369306203 0
958 -0.01782532046776867 -0.01382079379959391 0
959 -0.01570447193676889 -0.01444521209775513 0
960 -0.01656168253755374 -0.01368476761813707 0
961 -0.01537955002796097 -0.01300261028531861 0
962 -0.005138105929355297 -0.02450680830077535 0
963 -0.004121089920666241 -0.02469823737416568 0
964 -0.006147285414673168 -0.02427333536905558 0
965 -0.007144594783028181 -0.02399864585367549 0
966 -0.00584261943984102 -0.02307125824518044 0
967 -0.006790571139785422 -0.02281020579019926 0
968 -0.005636077619633736 -0.0222570917762653 0
969 -0.004883659265921349 -0.0232930928519308 0
970 -0.004595219921631309 -0.02189953151428756 0
971 -0.003916794910963221 -0.02347507202780429 0
972 -0.003713498984845613 -0.02225179376714402 0
973 -0.002790181425859962 -0.02238637141030541 0
974 -0.001871464226178913 -0.02258636178682393 0
975 -0.0009322649148369027 -0.02254022327729395 0
976 -0.0009834971906517729 -0.02377927508963898 0
977 -0.001034766455347782 -0.02501828982011953 0
978 -0.002943556854245227 -0.02361694335934643 0
979 -0.00191702357421093 -0.02378937153879059 0
980 -0.002067660818418416 -0.02495425158859614 0
981 -0.003087464538147351 -0.02484133407694697 0
982 -0.003250626086633437 -0.02607799481780282 0
983 -0.002167488476517951 -0.02617249759134089 0
984 -0.001085830286706721 -0.02625734509203317 0
985 -0.001116354189664541 -0.02747606194295631 0
986 -0.00227245081617725 -0.02742587549865689 0
987 -0.003403943019360988 -0.02730853383149998 0
988 -0.004323896972725017 -0.02591347581719144 0
989 -0.005392515295666424 -0.02572047922813094 0
990 -0.004529322615992227 -0.02714453047304374 0
991 -0.006451424340719911 -0.02547554848602802 0
992 -0.005647543530131326 -0.02693405607354096 0
993 -0.006755956766967723 -0.02667766852393118 0
994 -0.007852421441500744 -0.0263757121987486 0
995 -0.008935585625744801 -0.02602872389119324 0
996 -0.01000346146181027 -0.02563731527251539 0
997 -0.0130981475128336 -0.02420286924843357 0
998 -0.01408697959815985 -0.02364097653524653 0
999 -0.01329570710514704 -0.02231307558347664 0
1000 -0.01434568519624599 -0.02197627401508427 0
1001 -0.0110543703276514 -0.02520201654990188 0
1002 -0.01207735846543953 -0.02470716492967464 0
1003 -0.01154206282765641 -0.02360940523066051 0
1004 -0.01248780254374468 -0.02315709360085557 0
1005 -0.01191779370588127 -0.02202164908306764 0
1006 -0.01099749818556817 -0.02249529468675682 0
1007 -0.008129911251844577 -0.02368315835402439 0
1008 -0.007411335549571364 -0.02489421797374757 0
1009 -0.00851986025425955 -0.02483498314865517 0
1010 -0.009625503159293978 -0.02466946686523735 0
1011 -0.01055638108617237 -0.02406637414220273 0
1012 -0.009101791887762152 -0.02332692405833109 0
1013 -0.0100586622279352 -0.02293059897787629 0
1014 -0.009560499550429914 -0.02179496845838557 0
1015 -0.007722473505214756 -0.0224957427927737 0
1016 -0.008650967194474243 -0.02217165737005707 0
1017 -0.00806663724341926 -0.01838782602927652 0
1018 -0.008986611279693085 -0.01958515218199839 0
1019 -0.007959617772170571 -0.01980077637090954 0
1020 -0.007320512984096699 -0.02132452636812932 0
1021 -0.008200067988761996 -0.02101644818058728 0
1022 -0.009082926193144228 -0.02076152513706143 0
1023 -0.01073700783583643 -0.01984071097492309 0
1024 -0.009981671762161965 -0.01884469217061414 0
1025 -0.009908482882892327 -0.02026705344203206 0
1026 -0.01045253121341953 -0.02138137021318176 0
1027 -0.013507650603299 -0.02087876773630054 0
1028 -0.01262796217127966 -0.02141223341751716 0
1029 -0.01216987096600016 -0.02030935106483591 0
1030 -0.01132740029931159 -0.02093117321567416 0
1031 -0.01155186495633446 -0.01929133063719996 0
1032 -0.0107927529529661 -0.01836310367587597 0
1033 -0.01231570375319598 -0.0188475074096616 0
1034 -0.0137711635415054 -0.01935436419748026 0
1035 -0.01301699507861262 -0.01992428958948268 0
1036 -0.01308340136477022 -0.01835361631957595 0
1037 -0.01323026527100134 -0.01678593982722896 0
1038 -0.01385555624786899 -0.0178033417512582 0
1039 -0.01359914418919778 -0.01477300849202023 0
1040 -0.01453572001389104 -0.01600413953976937 0
1041 -0.01164584015387308 -0.01792238613018154 0
1042 -0.01238728803926954 -0.01735135589212416 0
1043 -0.01098178104895705 -0.01681011371304275 0
1044 -0.01233217202918982 -0.01584614081149653 0
1045 -0.01155631776085698 -0.01486438505643512 0
1046 -0.008965933663934748 -0.01656909960413942 0
1047 -0.007801750887532709 -0.01712604531074588 0
1048 -0.009556185886945224 -0.01765968337462504 0
1049 -0.009625454571875133 -0.01473372565860477 0
1050 -0.01030368379085764 -0.01577182934674349 0
1051 -0.008375708234634389 -0.01547854027663703 0
1052 -0.006008457613179413 -0.02018184268667301 0
1053 -0.007030850749090379 -0.02039656819820385 0
1054 -0.006437170390895481 -0.02162150678891715 0
1055 -0.005209340244707376 -0.02087545018276624 0
1056 -0.004958584240336936 -0.01949125799484287 0
1057 -0.00462486184437026 -0.01826270806525453 0
1058 -0.006606684811018327 -0.01917244613921341 0
1059 -0.007065598505248549 -0.01609436713544917 0
1060 -0.006537879469872682 -0.01496413398003341 0
1061 -0.00570082476147533 -0.01663711744113563 0
1062 -0.006116974062367391 -0.01781869007814056 0
1063 -0.003711555183478414 -0.01465634907391701 0
1064 -0.005240033186387654 -0.01543635287023942 0
1065 -0.003896247576129481 -0.01587645774710451 0
1066 -0.004359790982080732 -0.01697048748715681 0
1067 -0.001658405579319939 -0.02001089373727605 0
1068 -0.0008807450057652769 -0.02130124391713351 0
1069 -0.001858141788710286 -0.02128139254745536 0
1070 -0.00357846159611219 -0.02105809941055045 0
1071 -0.003099627560206849 -0.01858260117106368 0
1072 -0.003304088216693729 -0.01980566439602969 0
1073 -0.001536307089376079 -0.0187546787789753 0
1074 -0.001431981581549916 -0.01751857432716531 0
1075 -0.002895990495533182 -0.01735940130778714 0
1076 -0.002487406668936952 -0.01491313186301198 0
1077 -0.002618843208974773 -0.01620343852718053 0
1078 -0.001238002364144323 -0.01505937603414812 0
1079 -0.001295687131391717 -0.01627545143924719 0
1080 -0.001543155133948178 -0.008724686072667655 0
1081 -0.0003629378832576233 -0.009096646340784831 0
1082 -0.0002973792668221696 -0.007747614025386218 0
1083 -0.001323887155921518 -0.00748600955616694 0
1084 -0.002933448709074238 -0.008332848899633941 0
1085 -0.002432689412979329 -0.007175883117311673 0
1086 -0.00329772001887188 -0.009608685279512929 0
1087 -0.001601857349324974 -0.010187032462011 0
1088 -0.0004018210970601076 -0.0103014311640865 0
1089 -0.00109371872597786 -0.01378067408668526 0
1090 -0.0009397367932286107 -0.01136006406953167 0
1091 -0.001083286147982595 -0.01251830405228845 0
1092 -0.003395631421087065 -0.0134487083266856 0
1093 -0.002232475943447402 -0.01365351062435045 0
1094 -0.003010115106505182 -0.01226532242262147 0
1095 -0.0020204044730253 -0.01252572212478605 0
1096 -0.001899130206591641 -0.01153466238223259 0
1097 -0.002799981130253166 -0.01104953934437249 0
1098 -0.006999346472344568 -0.008996689748888547 0
1099 -0.00623817235287335 -0.008017641087286058 0
1100 -0.004953322671700559 -0.009158030024588183 0
1101 -0.00435651326439318 -0.00784931215807199 0
1102 -0.003699232270442999 -0.01078200112802475 0
1103 -0.004578951594627199 -0.01043875366677121 0
1104 -0.005385467744439943 -0.01026940373146162 0
1105 -0.00612667537255984 -0.009647884169074365 0
1106 -0.006912814159810542 -0.01058071599890866 0
1107 -0.006572510805168758 -0.01219854246568079 0
1108 -0.006012237968425737 -0.01111743676976228 0
1109 -0.003972566138797779 -0.01198644330523764 0
1110 -0.004892273349953701 -0.01151429974841025 0
1111 -0.004504902588746907 -0.01312762484730757 0
1112 -0.004937675342606392 -0.01421041891429133 0
1113 -0.007194511248554749 -0.01329765866577333 0
1114 -0.005520764790258263 -0.01268067291785262 0
1115 -0.006074142367182553 -0.01384530906764647 0
1116 -0.01343024589316372 -0.01137373378938813 0
1117 -0.01286387452815539 -0.01233663721325611 0
1118 -0.01443118346818344 -0.01189900068458549 0
1119 -0.014556790735271 -0.01396414664768215 0
1120 -0.01373762139934624 -0.01315247924918661 0
1121 -0.01266800688983468 -0.01398689133930994 0
1122 -0.01211934722364057 -0.01162639034301278 0
1123 -0.01107850553998135 -0.01203683967631439 0
1124 -0.01184908840917396 -0.01312339439761981 0
1125 -0.007785053459505958 -0.01438813980534671 0
1126 -0.008947715481814316 -0.01369517865625256 0
1127 -0.01080847851257479 -0.01388922275739054 0
1128 -0.0100469715050413 -0.01291052159191927 0
1129 -0.01014481615991301 -0.01120224714445642 0
1130 -0.009259365852726529 -0.01202362204126351 0
1131 -0.008269756326060342 -0.01265679312257386 0
1132 -0.008523515256081434 -0.01095329666454625 0
1133 -0.007572059002788395 -0.01161582901022886 0
1134 -0.007727938672542952 -0.009972848817761316 0
1135 -0.008619058249339513 -0.009176417126012918 0
1136 -0.00771994651475955 -0.008386427868686401 0
1137 -0.008512525688393181 -0.007528223306044955 0
1138 -0.009645574105533563 -0.009936527888367627 0
1139 -0.01064826044668915 -0.008960274129679646 0
1140 -0.00949830728760943 -0.008261279327674497 0
1141 -0.01028690900677428 -0.0073433362453577 0
1142 -0.01432357355625115 -0.01022602151125888 0
1143 -0.01316513189264112 -0.009445431349659611 0
1144 -0.01248418941990038 -0.0105719494621974 0
1145 -0.01094035652838073 -0.01049048470345562 0
1146 -0.01167326215839038 -0.009726449138331343 0
1147 -0.01216814619503929 -0.008805867233824276 0
1148 -0.01154781170869874 -0.007624933040351676 0
1149 -0.0128601526027795 -0.008022108823344538 0
1150 -0.01423478847037452 -0.008889241640433672 0
1151 -0.01424921364520925 -0.007650652222848912 0
1152 -0.01250314256166917 -0.005483459738438761 0
1153 -0.01384592244892351 -0.006072647347054517 0
1154 -0.01329060018125456 -0.00708734713858593 0
1155 -0.01229046476774111 -0.006633509817576086 0
1156 -0.01110029287382752 -0.006123825171150593 0
1157 -0.01189775822863586 -0.004183809610742753 0
1158 -0.01138017365405154 -0.005117980559763764 0
1159 -0.01325241304200698 -0.00435947594688256 0
1160 -0.01433191497454632 -0.004999175755022527 0
1161 -0.01390905768857641 -0.001334192723972824 0
1162 -0.01379105393844634 -0.002886504458039302 0
1163 -0.01254906001859791 -0.001196425913079967 0
1164 -0.01129858645193189 -0.001070944943090109 0
1165 -0.01111071884369 -0.002326765770162812 0
1166 -0.01244175762349987 -0.002780173033216286 0
1167 -0.007494523014310986 -0.007105024470566119 0
1168 -0.008089462816991091 -0.006132810546151181 0
1169 -0.009431194804896244 -0.006550016227678188 0
1170 -0.01002610464971699 -0.005423061581666124 0
1171 -0.0104393221728607 -0.004577551824472532 0
1172 -0.01100900726770737 -0.003508962961263373 0
1173 -0.008935061323675358 -0.0048335104955656 0
1174 -0.007844186867893684 -0.004243716164849497 0
1175 -0.007263853540014087 -0.002490029125817429 0
1176 -0.008717289986239631 -0.00180596987032299 0
1177 -0.008355449320817609 -0.002928125549797118 0
1178 -0.009662480830477832 -0.003499983379949782 0
1179 -0.009878110052049253 -0.002078501367957835 0
1180 -0.01004403562485423 -0.0007648474811677896 0
1181 -0.007517074670102914 -0.001568583231678185 0
1182 -0.008724135649323759 -0.0006909267787996305 0
1183 -0.007325611992480802 -0.000497271319613148 0
1184 -0.003717955239184997 -0.003899689392205325 0
1185 -0.002467341730279897 -0.004575637283605951 0
1186 -0.0007101129557063263 -0.003768680611950411 0
1187 -0.0008564950618735934 -0.005073017175305211 0
1188 -0.0009669383573625532 -0.006428149651366287 0
1189 -0.003022833313998494 -0.005735657908311251 0
1190 -0.001996865199766339 -0.006087309988967025 0
1191 -0.004713967112751252 -0.006061214104918147 0
1192 -0.003591938246015951 -0.006720443496662449 0
1193 -0.005490775551779686 -0.006937281643928567 0
1194 -0.006631671780434639 -0.006074547495955076 0
1195 -0.007244838102581745 -0.005163555025579128 0
1196 -0.00679432322024166 -0.003522809845507039 0
1197 -0.005645918652707774 -0.005360378145144447 0
1198 -0.006328288766933221 -0.004447877022660613 0
1199 -0.00405748987893979 -0.005155870925060244 0
1200 -0.005242474857640173 -0.003738076144574152 0
1201 -0.004860500817865636 -0.002105279942188937 0
1202 -0.004161857995622281 -0.003015548832151974 0
1203 -0.006055866260757329 -0.002555050182423651 0
1204 -0.00636351108855886 -0.001402306690312118 0
1205 -0.00530735625279923 -0.0006596521155224831 0
1206 -0.003858892550606586 -0.0008891346082808303 0
1207 -0.002702072569992189 -0.003048859715199062 0
1208 -0.001800599206491417 -0.003562746283113757 0
1209 -0.003467172149154289 -0.00217077331693502 0
1210 -0.002226106077879858 -0.001560531139278123 0
1211 -0.002733461223209699 -0.0002697091701790827 0
1212 -0.001426962617118838 -0.00261589741149897 0
1213 -0.0001727337872813493 -0.002556075951447432 0
1214 -0.001451779029072711 -7.234063808498916e-05 0
1215 -0.0007304355370631713 -0.001230110609178822 0
1216 0.01858331999112966 0.018582496943724 0
1217 0.01698469140780961 0.02005413143804998 0
1218 0.01522693239932448 0.02135526637100565 0
1219 0.01610845026646496 0.02073178025098086 0
1220 0.01454998512615112 0.0203791008002959 0
1221 0.01534471073459707 0.01975303928449728 0
1222 0.01459041490738822 0.0187805903623747 0
1223 0.01562952579640248 0.01846513093292367 0
1224 0.0162881001619023 0.0192363967303091 0
1225 0.01689375066287006 0.01843013800108543 0
1226 0.01779857725090294 0.01933538086648505 0
1227 0.01763711384958306 0.01776738710562942 0
1228 0.01682931639663326 0.01682938219125132 0
1229 0.0161176763368871 0.01744201519007668 0
1230 0.01499086731052134 0.01627363274681338 0
1231 0.01458026980787879 0.01721585067766195 0
1232 0.01601362211496957 0.01600919336416455 0
1233 0.01524365791363748 0.01497919864849467 0
1234 0.01729375945955356 0.0159196878292586 0
1235 0.01721545661049581 0.01458087534836675 0
1236 0.01640716876844018 0.0150536719158052 0
1237 0.01831811229134294 0.01694602597200828 0
1238 0.01933515109501511 0.0177987738977607 0
1239 0.01816200274705403 0.01538183674253796 0
1240 0.01878235252056251 0.01461750762237555 0
1241 0.01976008517892763 0.01536830547287084 0
1242 0.0193128544915853 0.01636435874031743 0
1243 0.02018785550732576 0.01698910209556679 0
1244 0.02073884831921886 0.01614134723216388 0
1245 0.02037908453492866 0.01455012228073121 0
1246 0.02138788250578876 0.01527100636136157 0
1247 0.01427864501527706 0.02185718083551042 0
1248 0.01352338423548104 0.02257950684315016 0
1249 0.01191744630325522 0.0220223688718338 0
1250 0.01099634651742065 0.02249338128375926 0
1251 0.01250809041920179 0.02311261410525998 0
1252 0.01154227745663919 0.02360976969996007 0
1253 0.008651783053010098 0.02217204634615856 0
1254 0.007728335864991625 0.0225105565216807 0
1255 0.009560598268323088 0.02179558892788588 0
1256 0.01005877077082933 0.02293107396863854 0
1257 0.00910248425797445 0.02332714229011602 0
1258 0.009553450497450693 0.02448218274503917 0
1259 0.01055353715340693 0.0240592713657932 0
1260 0.008533281476793849 0.02485623080137326 0
1261 0.008130672540168988 0.02368346176741005 0
1262 0.007498833519001926 0.02518752289658076 0
1263 0.001098689635952132 0.02624573071355785 0
1264 0.002170254214733903 0.02619037279487586 0
1265 0.003254027493807475 0.02605029964092364 0
1266 0.004257445486823436 0.025858648108531 0
1267 0.005293911625441865 0.02573083791649948 0
1268 0.00645157916171043 0.02547596914504494 0
1269 0.007145047295979172 0.02399909352624666 0
1270 0.00615659831692565 0.02426107581090073 0
1271 0.006791170017403547 0.02281074595067067 0
1272 0.005538525447294479 0.02186996135193197 0
1273 0.00584330514228051 0.02307188579752902 0
1274 0.005138590492608818 0.02450740182394459 0
1275 0.004146763717162729 0.02464071309982024 0
1276 0.003955451692253842 0.02339787942454221 0
1277 0.004884008306835447 0.02329384727802186 0
1278 0.004629560170685434 0.02208030468632638 0
1279 0.003700915899817451 0.02222974248637274 0
1280 0.000983792307959536 0.02377980739637064 0
1281 2.425639542616484e-07 0.0238001524840461 0
1282 2.700346426254781e-07 0.02504015156196217 0
1283 0.00103542708563362 0.02501873280087127 0
1284 0.002068150747999451 0.02495459285791982 0
1285 0.003106085041369006 0.02480673266858505 0
1286 0.002992416791598475 0.02353096591328488 0
1287 0.001965400924917142 0.02371893196306315 0
1288 0.002772735015920568 0.02218491561089524 0
1289 0.001920738734953903 0.02252521450413624 0
1290 0.0009777413965461007 0.02253685567289771 0
1291 0.001658218259654189 0.02001178409171227 0
1292 7.045261664353127e-07 0.02008027395765585 0
1293 0.0003525729909815203 0.02156757189797565 0
1294 0.00176058874249321 0.02124749515877539 0
1295 0.00334034477752307 0.0210190778730515 0
1296 0.002710810798200091 0.01871779140614887 0
1297 0.00290700145293427 0.01990710746983995 0
1298 0.001507855119839004 0.01866905323384519 0
1299 0.000131409325311841 0.01886521299845597 0
1300 -0.0005328593341844299 0.01509624790852398 0
1301 0.001218946951564878 0.01500844285745694 0
1302 0.001922775180138201 0.01619994776388602 0
1303 0.0001261906614898934 0.01764277137746856 0
1304 0.0003788827485885742 0.01634418758740869 0
1305 0.001320446092268755 0.01734518533721964 0
1306 0.002838940406665789 0.0149849669651565 0
1307 0.003405636790739971 0.01604364423345866 0
1308 0.002403930031746159 0.0174386822915726 0
1309 0.003612269989055525 0.01722592881579809 0
1310 0.006083933167185051 0.02043384687447959 0
1311 0.006923471251143824 0.02016487429035764 0
1312 0.006437359092478132 0.02162236947688597 0
1313 0.004427373638380174 0.02125336830746062 0
1314 0.005234187480447257 0.02066794140263481 0
1315 0.00418335920086268 0.01853979472208183 0
1316 0.004088886619383517 0.01983464127616277 0
1317 0.005662929518915331 0.01936841407322978 0
1318 0.00675937143042544 0.01756420194222762 0
1319 0.00651453731970698 0.016345762668257 0
1320 0.005409884053519599 0.01804889955582743 0
1321 0.005065932886853718 0.01679679629822035 0
1322 0.004715067252100622 0.01558955583535097 0
1323 0.005879062321870908 0.01534638173454331 0
1324 0.006972036593018695 0.01498397135766787 0
1325 0.01154857082351878 0.01938037948360618 0
1326 0.01091383469226441 0.01831518406370938 0
1327 0.01233892075002832 0.01888702888335267 0
1328 0.01310912348939177 0.01836071324191114 0
1329 0.01357698879517947 0.01902268144868962 0
1330 0.01306321830889058 0.01999690279837008 0
1331 0.0136827017184488 0.0209436244697736 0
1332 0.0128715025713384 0.0215247682610454 0
1333 0.0113274588333408 0.02093173125079658 0
1334 0.0121834436315268 0.0204454556227149 0
1335 0.01044608144503077 0.02136793407443954 0
1336 0.009791465284805515 0.02002892080933038 0
1337 0.007325686074632948 0.02133781651258059 0
1338 0.008200890321567164 0.02101695923581067 0
1339 0.009062600725226095 0.02066000558170306 0
1340 0.007750506755519049 0.01986174878194864 0
1341 0.007299759915628578 0.01870664814552958 0
1342 0.008697755738016314 0.01941942878731465 0
1343 0.008423461256670949 0.01821626620904456 0
1344 0.009912108797387648 0.01883390422733753 0
1345 0.01073727252261194 0.01984126993256368 0
1346 0.009556614635101594 0.01766044579550309 0
1347 0.00800434530134957 0.01710014049028526 0
1348 0.008966546052731025 0.0165698856310509 0
1349 0.007608459444041859 0.01598383595142207 0
1350 0.008458938475123981 0.0153633282295921 0
1351 0.01005837346258508 0.0159087141642178 0
1352 0.009626181930320429 0.01473491212990197 0
1353 0.01166110605408397 0.01784878021037026 0
1354 0.01238875690688255 0.01735147335616646 0
1355 0.01113455642492927 0.01690171941280168 0
1356 0.0121876993857478 0.01629926137268703 0
1357 0.01130081725680393 0.01523604694645251 0
1358 0.01309501090807961 0.01682490730820308 0
1359 0.01377829220543829 0.01783552555074846 0
1360 0.01377904137881264 0.0162695648729133 0
1361 0.0142380454889111 0.01540894658785781 0
1362 0.01299661805964467 0.01551635990705711 0
1363 0.0132141465931087 0.007270053935431025 0
1364 0.01405438657022817 0.00837541337741593 0
1365 0.01129650992270083 0.008065769252368632 0
1366 0.01239748134625756 0.008626816719609317 0
1367 0.01166953677510514 0.009586118442398636 0
1368 0.01237538538403432 0.01067987137163249 0
1369 0.01311989905065586 0.009724658706813848 0
1370 0.01423905559453293 0.01026838481153056 0
1371 0.01332221945789115 0.01332222401942468 0
1372 0.014199036527966 0.01419896021034217 0
1373 0.01432748309257541 0.01218050290452074 0
1374 0.01330492392788659 0.01143683984804542 0
1375 0.01217667547119161 0.01437683205094385 0
1376 0.01141543718136628 0.01326885629224733 0
1377 0.01143887907417043 0.01167171937132563 0
1378 0.01239112297493951 0.01245253667124799 0
1379 0.008997642060036665 0.008868564919631304 0
1380 0.00727650971183447 0.008913518515152655 0
1381 0.007953441684938884 0.008151024025728988 0
1382 0.008985907866627729 0.007621203803680799 0
1383 0.01027941260815945 0.007287906383547339 0
1384 0.01050415252413564 0.009055385175815571 0
1385 0.009907733196523638 0.008177171357239152 0
1386 0.009724652120408194 0.009803445902086665 0
1387 0.01065247997755842 0.01049629495100661 0
1388 0.008804180110585343 0.01061453250560975 0
1389 0.008247416754890633 0.009533734399615426 0
1390 0.008816727529267668 0.01252764535066544 0
1391 0.007747405078798057 0.01168406833380744 0
1392 0.009721203880111004 0.01155961171910408 0
1393 0.01016736482909959 0.01279689379389999 0
1394 0.01066417669341519 0.01405648872643261 0
1395 0.007894244158723985 0.01433539202175729 0
1396 0.008961723672576624 0.01378688083154175 0
1397 -0.0001103623053308347 0.01122345824502268 0
1398 0.0009637077005562765 0.01134091918886474 0
1399 0.001175331388108122 0.01253740103024231 0
1400 -0.0001567328511481019 0.0125040464424541 0
1401 0.001361697736360295 0.01365120148717035 0
1402 0.0001884304307722382 0.01378448537852395 0
1403 0.003173538362404029 0.01066098790313685 0
1404 0.002313598110013408 0.01128079072915671 0
1405 0.002581713796365863 0.01246890667029186 0
1406 0.003628595201014248 0.01204938035071597 0
1407 0.002814252981759312 0.01368904712763894 0
1408 0.00563248163504032 0.01433911106071249 0
1409 0.007209662939490945 0.01334941561729825 0
1410 0.00424804690972989 0.01447103687446605 0
1411 0.005094864191859378 0.01290415296844704 0
1412 0.003886080994137322 0.013254822691096 0
1413 0.004658566726282143 0.01172359570872333 0
1414 0.006017425248829621 0.01111646892187634 0
1415 0.006607962647084086 0.01220678144210998 0
1416 0.006292820909311423 0.009483444546160246 0
1417 0.007178892774505796 0.0105288901320893 0
1418 0.006712541224322138 0.007746518043343737 0
1419 0.00555543470599079 0.008507808436873389 0
1420 0.004142418310097585 0.01062147808227931 0
1421 0.0052223899826704 0.009892327042306231 0
1422 0.003692652427982634 0.009465924123682527 0
1423 0.00471954161990884 0.007518546846506999 0
1424 0.000569214883012741 0.009931994210319763 0
1425 0.00208863566401659 0.01015228903622235 0
1426 0.003295023505173987 0.008193691822541999 0
1427 0.001830027906583695 0.008731136084938919 0
1428 0.001629206031220856 0.007427050527152076 0
1429 0.0005461457098766312 0.00875375486269636 0
1430 0.0005226674677578077 0.007710279317424872 0
1431 0.000106270318958107 0.006559395457418482 0
1432 0.001270785279110973 0.006370345780914895 0
1433 0.002259627660317888 0.00598352040105894 0
1434 0.002789283437081662 0.007063742345852191 0
1435 0.003642655877152756 0.005368634071116603 0
1436 0.002845653070482731 0.004353758386784354 0
1437 0.001064784601960214 0.005090870438987145 0
1438 0.0008681056568306221 0.003738627466460133 0
1439 0.0005427336258263533 0.001356089578745146 0
1440 0.001438712696454907 0.0007396726960678422 0
1441 0.001545209567026114 0.002288877638042463 0
1442 0.0005168855258752855 0.002672621883296277 0
1443 0.002646525388529579 0.001490502706222633 0
1444 0.003774158666108522 0.001904663609517508 0
1445 0.001938585255601622 0.003562954196831321 0
1446 0.003012055327769464 0.00284503940992997 0
1447 0.006624941472521805 0.005931057754047109 0
1448 0.005751795112015133 0.006887699351547002 0
1449 0.005100913850466804 0.005896194681680263 0
1450 0.003991800765870779 0.006700895158057052 0
1451 0.003775715831541948 0.00387979312245272 0
1452 0.00481867057227413 0.004258134940859203 0
1453 0.006664381964047955 0.00392362370123157 0
1454 0.005935033198432476 0.004849712939783648 0
1455 0.007033851270460113 0.003085530912038809 0
1456 0.006207156034561304 0.001949279829213386 0
1457 0.00576308827857879 0.003409156853699316 0
1458 0.004576279324473586 0.002773066842771276 0
1459 0.004991758566131225 0.001423021228752403 0
1460 0.003807168024675826 0.001094122199769341 0
1461 0.01154250541813744 0.004995061207136465 0
1462 0.01312153560986181 0.004395278571170076 0
1463 0.01464186118051074 0.004280584922179461 0
1464 0.01401976632564882 0.005602499813943661 0
1465 0.01244701849294085 0.005972999337428691 0
1466 0.01183495539482801 0.007195544321309334 0
1467 0.01108826301342668 0.006318052979903167 0
1468 0.009947583560433643 0.005707252051525384 0
1469 0.009138841349732991 0.006477180975723676 0
1470 0.007972614317856303 0.006527792397518114 0
1471 0.008729230894610748 0.005200624587641033 0
1472 0.007438885149053987 0.004878511398964449 0
1473 0.009303428282168057 0.00408498240043958 0
1474 0.01040123698713913 0.00447871071397575 0
1475 0.009738472526003778 0.002898560613968169 0
1476 0.008178713910496254 0.003642327660105926 0
1477 0.008550217740236095 0.002544205491138898 0
1478 0.007468418536006043 0.002091953896540865 0
1479 0.00762249687061352 0.0009429819797246066 0
1480 0.007651381810467757 -1.681731361702306e-06 0
1481 0.0088008018392221 0.001139124433282489 0
1482 0.01012209904775839 0.001368721767890565 0
1483 0.01095020445873447 0.003402536484410398 0
1484 0.01211539119534263 0.003605883219239191 0
1485 0.01231211982872138 0.002531154253088014 0
1486 0.01114068801749407 0.002391173947301109 0
1487 0.01131267076176422 0.001411850484172424 0
1488 0.01260740916839177 0.0002668524412221335 0
1489 0.01263248222854862 0.001661984392520779 0
1490 0.01352191159184959 0.002898787275135455 0
1491 0.01388042777189105 5.900272859327572e-07 0
1492 0.01374089637937521 0.001633342267898289 0
1493 0.01774623188227692 0.01222483002189358 0
1494 0.01671127950604953 0.01144023449899227 0
1495 0.01533339530955207 0.01094752727380135 0
1496 0.01538426573510425 0.01296982301930803 0
1497 0.01641976160712063 0.01400056068156949 0
1498 0.01700081717375186 0.01297942917613926 0
1499 0.01780361645314387 0.01385623948902124 0
1500 0.0183607552330563 0.01310912351788498 0
1501 0.01992502184593613 0.01301721945486101 0
1502 0.01936994729969486 0.01382954168526558 0
1503 0.021510780487905 0.01281817153007719 0
1504 0.02096306415961063 0.01369549252983753 0
1505 0.0204455737899654 0.01218360782304657 0
1506 0.02092979401159734 0.01131680510558758 0
1507 0.01888701934724404 0.01233894981641118 0
1508 0.01938060975532735 0.01154850643054542 0
1509 0.0183287095515937 0.01100018060080609 0
1510 0.01875099222864705 0.01014708316915186 0
1511 0.01915380379741396 0.009363952914693637 0
1512 0.01984125279518652 0.01073760525235132 0
1513 0.02138195742595374 0.0104528256211898 0
1514 0.02026793362889267 0.009908319553902766 0
1515 0.02101695500543944 0.008200795562866783 0
1516 0.02132017754464189 0.007337446973705788 0
1517 0.02065116367390077 0.009058613329021465 0
1518 0.01959373617205173 0.008508304721499169 0
1519 0.01838867576702014 0.008066914481867374 0
1520 0.01732204677900626 0.01017851851722218 0
1521 0.01808706193945878 0.009267047613523156 0
1522 0.01717582652206957 0.007589055915115574 0
1523 0.01683511734832328 0.008664560836394931 0
1524 0.01624173775433735 0.009932646684908366 0
1525 0.01571411295025725 0.007880483393181217 0
1526 0.01522306347111643 0.009131756774501011 0
1527 0.01509382072971865 0.0002344336218817836 0
1528 0.01614735581789466 0.0004895484757844819 0
1529 0.01758821674367752 5.390903939699184e-05 0
1530 0.01760018246636715 0.00124105632007855 0
1531 0.017217497022756 0.00360067210662598 0
1532 0.0173510808023297 0.002298368925398826 0
1533 0.01623477102456126 0.002023387970900599 0
1534 0.01599452871724293 0.003336847760214437 0
1535 0.01498886350375251 0.001425113398250447 0
1536 0.01481886945586396 0.002918921685287818 0
1537 0.01482441900827737 0.006844440665907479 0
1538 0.01616459570061347 0.006944121430303889 0
1539 0.01547357121777914 0.005543323779686829 0
1540 0.01586356036584982 0.004508888166955983 0
1541 0.01667775616125005 0.005924044883471373 0
1542 0.01772821357359578 0.006586634535753592 0
1543 0.01805710358410594 0.005375979667498811 0
1544 0.0169302311911131 0.004865647446181363 0
1545 0.02022236820873018 0.001264337631820039 0
1546 0.02124735806703624 0.001761208909286992 0
1547 0.02132031713918343 8.442543974378764e-07 0
1548 0.02130196791237231 0.0008813579083273319 0
1549 0.02009392452024992 1.328076967651773e-05 0
1550 0.0188403848163411 7.159603324629963e-07 0
1551 0.01888086991674073 0.001192524307047057 0
1552 0.01857595516013838 0.002360724700563828 0
1553 0.01992607626656024 0.00248409508802633 0
1554 0.0215542671432792 0.002687045891846962 0
1555 0.02102948265885911 0.003509353555758678 0
1556 0.02066789912343809 0.005233874969531385 0
1557 0.0208666516800075 0.004374946985593303 0
1558 0.01839329789421757 0.003801359031111918 0
1559 0.01965292414063176 0.0041210351777752 0
1560 0.01937091251605111 0.005891869542666691 0
1561 0.01897193590065922 0.007059834718361975 0
1562 0.02048488165441886 0.006156623511154727 0
1563 0.02012643313221037 0.007192479171709188 0
1564 0.02162251982691392 0.00643707103836838 0
1565 0.022563143172323 0.01345671541303644 0
1566 0.02200087646355877 0.01437393651581084 0
1567 0.02202208670983223 0.01191811676965503 0
1568 0.02249592408694884 0.01099725599511855 0
1569 0.02311251658841388 0.01250839197713424 0
1570 0.02360970306151281 0.01154226241020532 0
1571 0.02406651382098181 0.01055662655821009 0
1572 0.02448235387701281 0.009553074019655364 0
1573 0.02293099040004263 0.01005854775262434 0
1574 0.02332008492704091 0.009106260520779508 0
1575 0.02179533455518753 0.00956086069167846 0
1576 0.02249918164143659 0.007735457015347885 0
1577 0.02217209258454527 0.00865155992163498 0
1578 0.02485616601750503 0.008533333097540528 0
1579 0.0236613234924603 0.008144050989442863 0
1580 0.02547187187631112 0.00758338510921207 0
1581 0.02572085057246201 0.00539282767334139 0
1582 0.02592379718114778 0.0042304889441623 0
1583 0.02547592145081643 0.00645158627656557 0
1584 0.02186995629602896 0.005538020437067477 0
1585 0.02307203830201247 0.00584228882259906 0
1586 0.02318806336984579 0.006908447999333975 0
1587 0.02434829457975927 0.007251850335051687 0
1588 0.02431461372710916 0.006153204765685491 0
1589 0.02469871777182547 0.004121412414851344 0
1590 0.02443247815252058 0.005174949863572067 0
1591 0.02207433249439553 0.004634569816307089 0
1592 0.02329375909147731 0.004883854619101756 0
1593 0.02347570477845568 0.003917081298957998 0
1594 0.02228819512071243 0.003730280395727554 0
1595 0.02272217810422787 0.002834093317485834 0
1596 0.02241857860549503 0.001951682822627773 0
1597 0.02256025226091074 5.276056264287644e-07 0
1598 0.02243598829693004 0.001006806689671524 0
1599 0.02484791539155772 0.003097425207965803 0
1600 0.02385057181419805 0.002824527131680572 0
1601 0.02336026933413939 0.001944951448787013 0
1602 0.02495446160147655 0.002068770162168956 0
1603 0.02501877565450539 0.001035205657125914 0
1604 0.02377983758250882 0.0009838285690874195 0
1605 0.02380021169162738 3.661268710210725e-07 0
1606 0.02504018515331331 4.262305757351746e-07 0
1607 0.0261362109282436 0.002183146689970134 0
1608 0.02600344443571833 0.003183179606737365 0
1609 0.02637911993176364 6.465262821043985e-07 0
1610 0.02625764329550738 0.001086168465642404 0
1611 0.02257493715270672 -0.01344642632729286 0
1612 0.02199914017298559 -0.01436098300478999 0
1613 0.02202202302265761 -0.01191782078950951 0
1614 0.02249573850965489 -0.01099759535915072 0
1615 0.02311258389497355 -0.01250788008175134 0
1616 0.02360974059479373 -0.01154210496705643 0
1617 0.02457869409235299 -0.009590120083846156 0
1618 0.02403100477797746 -0.01048166054769156 0
1619 0.02293092744308459 -0.01005865256422535 0
1620 0.02331983401084864 -0.009091482332302484 0
1621 0.02179539717097473 -0.009560542288574348 0
1622 0.02249534606840347 -0.007721177934430982 0
1623 0.02217215124589085 -0.008650852897197574 0
1624 0.02485626049185024 -0.00853274097915308 0
1625 0.02368354410428916 -0.008129899571673076 0
1626 0.02518751544520375 -0.007498715250387169 0
1627 0.02611749816933196 -0.0009738905377498896 0
1628 0.02602422393577209 -0.002029605026528617 0
1629 0.0260782455051656 -0.003250544434881306 0
1630 0.02547592881024833 -0.006451308833445826 0
1631 0.02572093618253302 -0.005392530185678613 0
1632 0.02592170817728235 -0.004325216693296316 0
1633 0.0225312644119466 -0.0009316062022289088 0
1634 0.02335205161491689 -0.0009655333270891044 0
1635 0.02486393063501909 -0.001089998279851742 0
1636 0.02360964875452329 -0.001953230341441162 0
1637 0.02486032245631892 -0.002107918989238304 0
1638 0.02484784402962633 -0.003096982532632751 0
1639 0.02367429350057004 -0.002899135576577776 0
1640 0.02248307027551488 -0.001862664617845537 0
1641 0.02248801768059576 -0.002800577127019296 0
1642 0.02208030125181891 -0.004628677360266401 0
1643 0.02201341757111589 -0.00367132327963442 0
1644 0.02328674683638475 -0.004869816086972858 0
1645 0.02342946643823886 -0.003867384581152223 0
1646 0.02450736891865068 -0.005138130864789728 0
1647 0.02469863045871333 -0.004121168591209047 0
1648 0.02427380880043801 -0.006147209600010067 0
1649 0.02399914526258266 -0.007144691547442321 0
1650 0.02186984118583792 -0.005538206712507027 0
1651 0.02307187539017324 -0.005842571546576268 0
1652 0.02281083537964351 -0.006790585752624963 0
1653 0.01737633530613813 -0.0124256706202391 0
1654 0.01784909704328152 -0.0116599639341451 0
1655 0.01680692988448776 -0.01099171233351139 0
1656 0.01613300219914017 -0.01202005798325554 0
1657 0.01521357221688325 -0.011336878223015 0
1658 0.01532432745078049 -0.01297592369241808 0
1659 0.01658992132034157 -0.01338264099681242 0
1660 0.01583407340599967 -0.01424830461451816 0
1661 0.01780379401725452 -0.01385546456536815 0
1662 0.01836106578375207 -0.01310826973933721 0
1663 0.01992489658385594 -0.01301704508264197 0
1664 0.01937015861842845 -0.01382891379422119 0
1665 0.02150899851946052 -0.01280565421965028 0
1666 0.02096306971229631 -0.01369510728179407 0
1667 0.02093157605550179 -0.01132737133573548 0
1668 0.02044447541989468 -0.01217401210344259 0
1669 0.01888689797937998 -0.01233863761847232 0
1670 0.01937960439619479 -0.01153940443097079 0
1671 0.01841991812186043 -0.01070588351140194 0
1672 0.01915731729727998 -0.009319984561931473 0
1673 0.01984113499131692 -0.01073692637343886 0
1674 0.0202676652683815 -0.009908539372112597 0
1675 0.02138193841177205 -0.01045263192224016 0
1676 0.02101710140138402 -0.008199945248663708 0
1677 0.02108608295318871 -0.007238226105255737 0
1678 0.02065985025626737 -0.009062411403449799 0
1679 0.01870664882853438 -0.007298721462333221 0
1680 0.02002256827908545 -0.0078093977367728 0
1681 0.0164703523669455 -0.009422027849036799 0
1682 0.01748898073456666 -0.009943644604608925 0
1683 0.0169113341046799 -0.008082443485983325 0
1684 0.01793302421108277 -0.008817043282225597 0
1685 0.01560599429328112 -0.01020716945534975 0
1686 0.0145411711863177 -0.009511955488312455 0
1687 0.01541116399109036 -0.008800604968063598 0
1688 0.01581185461269564 -0.00772980955998959 0
1689 0.01568055249001363 -0.004666776660157984 0
1690 0.01469804636441206 -0.007184701639019773 0
1691 0.01524090469570713 -0.005947161703390523 0
1692 0.01805726936220325 -0.005374950131770581 0
1693 0.01686891889606095 -0.005020822026954693 0
1694 0.01639622565838104 -0.006397606143928679 0
1695 0.01765590661622331 -0.00646887525230828 0
1696 0.02028476369011278 -0.006469863213949057 0
1697 0.02162228422693404 -0.006437214157341586 0
1698 0.01924559883393517 -0.005729005956018599 0
1699 0.01843034729967485 -0.003854404743889415 0
1700 0.01956677254813486 -0.004397347108587859 0
1701 0.0205759860910472 -0.005491004494174216 0
1702 0.02090839225696909 -0.004308376064316055 0
1703 0.02131451726557157 -0.002463652632114917 0
1704 0.02008067449786371 -0.001239041006732302 0
1705 0.02134921579185776 -0.0008925208714221563 0
1706 0.01869562567662055 -0.002329459199533788 0
1707 0.01980630994553494 -0.002655914727061104 0
1708 0.01893262692761002 -0.00117607190065025 0
1709 0.01607494152921055 -0.002041740187616509 0
1710 0.01488330906668814 -0.001963873018697521 0
1711 0.01479904194123004 -0.003100374386871796 0
1712 0.01598381234467564 -0.003336350621095885 0
1713 0.01721584656329069 -0.003598639326760499 0
1714 0.01722301679375547 -0.002205428249254902 0
1715 0.01650068109098678 -0.0009810134971136777 0
1716 0.01778811623544536 -0.001096031738870492 0
1717 0.01519347599846002 -0.000853977941422739 0
1718 0.001578170497373385 -0.006242458179664497 0
1719 0.0002168177421438903 -0.006395632351219521 0
1720 0.002991764117826591 -0.007149345382191806 0
1721 0.002585413855940871 -0.005897542310781482 0
1722 0.002978125946883424 -0.004407035843467745 0
1723 0.001904203733125426 -0.004983425694403092 0
1724 0.001568350942168877 -0.00377828259924922 0
1725 0.0005664523325106554 -0.005139956141036313 0
1726 0.0003275021527405892 -0.003945196364775953 0
1727 0.0003521749814792865 -9.030359499071174e-05 0
1728 0.001450837134548819 -0.0004474561787864522 0
1729 0.0007075686891826181 -0.001381280981492176 0
1730 0.001174371187331556 -0.002656698910820975 0
1731 0.002278835020330661 -0.001508538855340123 0
1732 0.002768742576933751 3.333552574549079e-05 0
1733 0.002593179777929603 -0.003137365615091887 0
1734 0.003400479726081706 -0.002188319799868441 0
1735 0.006391646026445312 -0.006131456294147223 0
1736 0.0072314220555289 -0.007004986423660136 0
1737 0.005624376560714064 -0.007014523034932583 0
1738 0.004716534876616731 -0.006060823347280411 0
1739 0.003839286901040762 -0.006646383155072958 0
1740 0.005693012507752788 -0.005260431117328412 0
1741 0.004411070901507926 -0.004677839780653486 0
1742 0.003706086496397943 -0.005537924887451216 0
1743 0.003674100731284323 -0.003679699416288091 0
1744 0.006500602132389852 -0.004194395225429428 0
1745 0.006173048499261424 -0.001837154095497213 0
1746 0.006748655514095989 -0.003201345344849655 0
1747 0.004725469383379273 -0.00254115211640212 0
1748 0.005417994238524511 -0.003627431013778343 0
1749 0.003478666603969723 -0.001031956839969283 0
1750 0.00396089390742341 -1.222192602762677e-05 0
1751 0.004631181874827701 -0.001330228720657603 0
1752 0.005098787473998855 -5.712988116898241e-05 0
1753 0.006440774614338238 -1.192320087008127e-06 0
1754 0.01360916955638826 -0.002895734562803269 0
1755 0.01377379598283029 -0.001715791011483665 0
1756 0.01102335589610797 -0.003279596291789397 0
1757 0.01222514363740784 -0.003553992342286718 0
1758 0.01237187277446813 -0.002591465502619125 0
1759 0.01115867460736243 -0.002335198378077671 0
1760 0.01122407365956352 -0.001271044298657571 0
1761 0.01244230451088209 -0.001322345708127264 0
1762 0.01133695435524964 5.392653523062266e-05 0
1763 0.007621604039532087 -0.0009481520331273566 0
1764 0.008801133464385354 -0.001298125516718847 0
1765 0.008796452052724484 -0.0001037822220594984 0
1766 0.01008254484942318 -0.001254710431144672 0
1767 0.01012410303063464 -4.674565852683009e-06 0
1768 0.009782824268001767 -0.002862190524027319 0
1769 0.007436891210961051 -0.002217099594285365 0
1770 0.008591986743615949 -0.002752277026263139 0
1771 0.007174522770334875 -0.005210049281774441 0
1772 0.007727016368160438 -0.003941401026774232 0
1773 0.008508416370018458 -0.005552944449343527 0
1774 0.01062076775243518 -0.004142859003739825 0
1775 0.009212001042784803 -0.00416250934893356 0
1776 0.01004158977920063 -0.00506793610060997 0
1777 0.009545643651987247 -0.006232460050191872 0
1778 0.0105732519950845 -0.006883586435533042 0
1779 0.01284432051845251 -0.005069397117669571 0
1780 0.01451425572367068 -0.004207869932400196 0
1781 0.01330347937821736 -0.003959898123775132 0
1782 0.01180730434214235 -0.004506050419385496 0
1783 0.0124628541555786 -0.006309458199609758 0
1784 0.01119332784206513 -0.005484698092694973 0
1785 0.01367381309836486 -0.006602086274885175 0
1786 0.0140399854371682 -0.005407133255482714 0
1787 0.01342388903594755 -0.008786051515923526 0
1788 0.01430198691209612 -0.008181787820588579 0
1789 0.01315405259031568 -0.007538190869741108 0
1790 0.01162023812333308 -0.00759140450596232 0
1791 0.01215598410153826 -0.009056021480938817 0
1792 0.01258854096278364 -0.008242917093141443 0
1793 0.01234123617064203 -0.01050041930224527 0
1794 0.01144563082100678 -0.009804023720961119 0
1795 0.01420741945990871 -0.01058908637147258 0
1796 0.01329304588791167 -0.009920268486171295 0
1797 0.01425229011337434 -0.01436839209234153 0
1798 0.01336989244858262 -0.01314281487658706 0
1799 0.01308627830916437 -0.01147709207443653 0
1800 0.01430787161981562 -0.01203659989427851 0
1801 0.01252435082569903 -0.01425797026629019 0
1802 0.01177867402797519 -0.01337958047314582 0
1803 0.01236156340820551 -0.0124278933227732 0
1804 0.01154786545123298 -0.01147162492593065 0
1805 0.008812883243278761 -0.009263340013612328 0
1806 0.008155326645368586 -0.008347335679504009 0
1807 0.008824558036086592 -0.007195291035875065 0
1808 0.01067188117783972 -0.009025834114030023 0
1809 0.00969585322742663 -0.008217121292603425 0
1810 0.01076444293336902 -0.01059832400184799 0
1811 0.009744099840446885 -0.009909723268427248 0
1812 0.007678772587511763 -0.01005666040053185 0
1813 0.008525344596469505 -0.01095309011050288 0
1814 0.009994193864297682 -0.01140063007796684 0
1815 0.009077468899947904 -0.01206273363163035 0
1816 0.01109029089183715 -0.0125796908033713 0
1817 0.009560059405335884 -0.01308885758394749 0
1818 0.01078757755535341 -0.01393828849091357 0
1819 0.007741199018781781 -0.0129874832553592 0
1820 0.008645945322301247 -0.01406726396659991 0
1821 0.007622183643362053 -0.01460005577371063 0
1822 0.002397229537186509 -0.009806989592423461 0
1823 0.0005522446456113361 -0.01014205976650896 0
1824 0.0007386410231156301 -0.008888292533224526 0
1825 0.0007469563635927109 -0.007628370313352244 0
1826 0.002140538355660429 -0.008476704985934745 0
1827 0.001929372264016909 -0.007311075755017632 0
1828 0.003517041242201192 -0.008170485230817355 0
1829 0.004516110033157346 -0.007656377324071038 0
1830 0.005202514625431634 -0.008726252837815418 0
1831 0.007000575807836592 -0.008997131885207217 0
1832 0.006238846921093678 -0.00801864181700024 0
1833 0.005774559396764288 -0.009687007016188538 0
1834 0.006340769542062369 -0.01082532376129728 0
1835 0.004080851498614215 -0.00930391579814154 0
1836 0.004675609684927601 -0.01053038610542379 0
1837 0.003679095325932168 -0.01071555434649635 0
1838 0.005174096490508019 -0.01150514075628751 0
1839 0.00411504816636827 -0.01191825121821549 0
1840 0.007123962961825695 -0.01181384061540919 0
1841 0.006151604382108117 -0.01396628196769112 0
1842 0.005705562438657222 -0.0125998448300872 0
1843 0.004909679246337042 -0.01430010519384867 0
1844 0.004526749398022414 -0.01308501261854372 0
1845 0.002733659173054428 -0.01132250589119962 0
1846 0.002010060440419483 -0.01253528944886743 0
1847 0.00307707937413466 -0.01229181894408549 0
1848 0.002280823371595327 -0.01379504438730562 0
1849 0.003437055952147665 -0.01339486522875519 0
1850 9.287868537314105e-07 -0.01139887890432159 0
1851 0.001053365343949852 -0.01140800013544845 0
1852 0.001044723954868812 -0.01259588757870889 0
1853 -5.210322621826427e-05 -0.01255917258293039 0
1854 1.689408807778031e-06 -0.01387896882434288 0
1855 0.001307604450265743 -0.01382167959021244 0
1856 0.002538909887868436 -0.01745375980949884 0
1857 0.001414472165420447 -0.0174299971535215 0
1858 2.125746403743242e-05 -0.01756533397707082 0
1859 5.688903347365183e-05 -0.01629610168245094 0
1860 0.001378576420710507 -0.01622540519545488 0
1861 -5.229534256342989e-05 -0.0150403042424803 0
1862 0.001090384321716303 -0.01505880702091975 0
1863 0.00236050098299816 -0.01622663899362172 0
1864 0.002180988198509593 -0.01499967651413028 0
1865 0.004031597540012128 -0.01579726333926948 0
1866 0.0035366957587622 -0.01455488527361759 0
1867 0.005355507070366212 -0.01538561821785833 0
1868 0.006436764514489677 -0.01523977019361249 0
1869 0.007070199540382471 -0.01611703543728594 0
1870 0.005715928586679401 -0.0166455020090746 0
1871 0.006118583693328111 -0.01781838713949769 0
1872 0.004082944007442412 -0.01696710719163124 0
1873 0.004779576526617297 -0.01957834649301127 0
1874 0.004635279322149071 -0.0180888846135463 0
1875 0.006521150841223863 -0.01899125982293881 0
1876 0.006923342337720496 -0.02016423778019431 0
1877 0.006437096894821061 -0.02162183702832731 0
1878 0.006083451783328542 -0.0204332655596132 0
1879 0.003981210321186671 -0.02094019373772993 0
1880 0.005241386451457789 -0.0210870936436652 0
1881 0.002716984008929501 -0.01868092274323523 0
1882 0.003154798454135349 -0.02007326168452778 0
1883 0.002654447630828088 -0.02120424746677041 0
1884 -7.203281895854392e-05 -0.01876096935924657 0
1885 0.00136573062661235 -0.01866984152833098 0
1886 7.214220817704827e-07 -0.02007933346919463 0
1887 0.001790733002453588 -0.02017939752462976 0
1888 0.001725564188162863 -0.02132355532759966 0
1889 0.0008813406758418763 -0.02130135053814752 0
1890 4.476168447770331e-07 -0.02131036257695297 0
1891 0.001146687690036961 -0.02748706112767252 0
1892 1.250181243697233e-05 -0.02750827271976457 0
1893 0.002279379089898697 -0.0274188462872225 0
1894 0.003377551145602713 -0.02709089761724196 0
1895 0.003162203324494033 -0.02597694900547615 0
1896 0.002169001311012915 -0.02613963649130538 0
1897 2.671678878919235e-07 -0.02627979671876429 0
1898 0.001105162907163121 -0.02623057953483029 0
1899 4.733752207382546e-07 -0.02255952238333621 0
1900 0.0009327473016814882 -0.02254034339241743 0
1901 4.037679320531701e-07 -0.025039726889838 0
1902 2.888064594494495e-07 -0.02379962445904049 0
1903 0.001035238416210212 -0.02501840969417907 0
1904 0.0009838488003296837 -0.02377939289808698 0
1905 0.001863543027641474 -0.02248261876936551 0
1906 0.002790841934290447 -0.02238638098111994 0
1907 0.002944044226152913 -0.02361690622871049 0
1908 0.001998806709614099 -0.02411649067938759 0
1909 0.00212702157362849 -0.02502333897967593 0
1910 0.003097388164881018 -0.0248474074637785 0
1911 0.004517490621348465 -0.02711959853040933 0
1912 0.004186743380856773 -0.02591686283705729 0
1913 0.00537073221420354 -0.02570031190370833 0
1914 0.005675110771379662 -0.02707316360029629 0
1915 0.006684519469079403 -0.02663171265380732 0
1916 0.006451610491171572 -0.02547555320573883 0
1917 0.006123221208428953 -0.02426053664758572 0
1918 0.007223490803698764 -0.02427017990033889 0
1919 0.004121489386157624 -0.02469822090133876 0
1920 0.005138304135870947 -0.0245068479861247 0
1921 0.003917033966072159 -0.02347514072246849 0
1922 0.003713053185634408 -0.0222519376714353 0
1923 0.004869849273562997 -0.02328622718706015 0
1924 0.004628925071806584 -0.02207961392282071 0
1925 0.006791338100907578 -0.02281023897803944 0
1926 0.005816311287429686 -0.02305916549127101 0
1927 0.005438526457293043 -0.02212464964487456 0
1928 0.01219093047148205 -0.01747311465193558 0
1929 0.01132557690779337 -0.01671157256913777 0
1930 0.01392047294236136 -0.01788527388173057 0
1931 0.01309483411269159 -0.01682455446392183 0
1932 0.0133244413001459 -0.01515858750633832 0
1933 0.01426793130464834 -0.01587320058274055 0
1934 0.01157192282598497 -0.01486724360357295 0
1935 0.01233343849957428 -0.01584581202706453 0
1936 0.01065523170144418 -0.01558360431439406 0
1937 0.009503587835828524 -0.01593039213542619 0
1938 0.009831409165784384 -0.01464980574768006 0
1939 0.008883264439449525 -0.01504425688320933 0
1940 0.008205284032377065 -0.0156177336902899 0
1941 0.007479470359565742 -0.01726898020193647 0
1942 0.008703899213101787 -0.01675452113256398 0
1943 0.00920190727011087 -0.01789011967266621 0
1944 0.01027865141845709 -0.01724945110745788 0
1945 0.0107379033497882 -0.01984039063279719 0
1946 0.01014739648361665 -0.01874998504900453 0
1947 0.00936433611112253 -0.01915306610380752 0
1948 0.008066303853791819 -0.01838831582053043 0
1949 0.00856454306125346 -0.01952387981814665 0
1950 0.007750761126075307 -0.01986087485732513 0
1951 0.007325729362203975 -0.02133721004297182 0
1952 0.009065391470140762 -0.02065457719370416 0
1953 0.008209651898575367 -0.0210026492775313 0
1954 0.009909030360339521 -0.02026708302371177 0
1955 0.01045841771977712 -0.02137079355460003 0
1956 0.01099455988061521 -0.01831780550905047 0
1957 0.01233975155941957 -0.01888594725072096 0
1958 0.01154860292055156 -0.01937971393627606 0
1959 0.01218336361862632 -0.02044499406748556 0
1960 0.01133152449525826 -0.0209230397918592 0
1961 0.01310886466380015 -0.01836049153599574 0
1962 0.01301824997127658 -0.01992388175288123 0
1963 0.01382964683093269 -0.01936950608292362 0
1964 0.01369654519858926 -0.02096193253743937 0
1965 0.0128178544011141 -0.02151043401383344 0
1966 0.01310420361266928 -0.02418554990285471 0
1967 0.01409198574486903 -0.0236249094352259 0
1968 0.01345562316912342 -0.02256608367514847 0
1969 0.01437931974594768 -0.02198217602922533 0
1970 0.01154923925994591 -0.02359245905097426 0
1971 0.012099416307456 -0.02469091985908324 0
1972 0.01251401028174978 -0.02309630898228105 0
1973 0.01192609328733864 -0.02200163606715187 0
1974 0.01101112315041755 -0.02246452326851871 0
1975 0.008660686428021515 -0.0221564534263689 0
1976 0.007728137605355139 -0.02251017905344997 0
1977 0.009569059902568223 -0.02177889973982579 0
1978 0.00911119409659882 -0.02331106339717721 0
1979 0.01007122352220199 -0.0229051970881649 0
1980 0.009562336378737477 -0.0244643218447661 0
1981 0.01057554077995859 -0.02402568107414037 0
1982 0.008130836720960936 -0.02368297665375737 0
1983 0.008546654182648732 -0.02486736184318132 0
1984 0.007609251357981568 -0.02526610294636555 0
1985 0.008936029234495751 -0.02602871318304199 0
1986 0.007827298173579253 -0.02642822989747513 0
1987 0.01000388217027048 -0.02563724358823719 0
1988 0.02005426370028612 -0.01698435330407118 0
1989 0.02138665156953842 -0.01525598562357429 0
1990 0.02037923325198017 -0.01454955357193349 0
1991 0.02073781130164851 -0.01612592744060239 0
1992 0.01933534689370849 -0.01779832067323851 0
1993 0.01842297984414401 -0.01695859537017377 0
1994 0.01910811867243281 -0.01618279447819551 0
1995 0.01975990323375382 -0.0153653945264537 0
1996 0.01878203899310458 -0.01460506081335814 0
1997 0.01816252684002379 -0.01535509681121201 0
1998 0.01595304557861079 -0.01595161978319083 0
1999 0.01528191190724593 -0.0152973661171951 0
2000 0.01659832824775325 -0.01527901750999497 0
2001 0.01721612184372479 -0.01457946043604141 0
2002 0.01751156899620515 -0.01610546909141551 0
2003 0.01770761827885412 -0.01768980782067346 0
2004 0.01683157230669981 -0.01680975624318488 0
2005 0.01527948396435019 -0.01659770067447525 0
2006 0.01458032691810751 -0.01721511870637576 0
2007 0.01612210969106139 -0.01749056037344688 0
2008 0.01538955415883908 -0.01815587585404781 0
2009 0.01480202140090197 -0.01901577200821322 0
2010 0.01618289308465956 -0.01910783219141825 0
2011 0.01555968616475539 -0.01981048550906795 0
2012 0.01527248535938393 -0.02138119780577123 0
2013 0.01463702790807321 -0.02033549711720068 0
2014 0.01614143335934911 -0.02073860299055244 0
2015 0.01779876416968008 -0.01933495711836111 0
2016 0.01695903084228912 -0.01842249997270222 0
2017 0.01698447739650964 -0.02005400647537102 0
2018 0.01683459409134971 -0.02162877015917513 0
2019 0.01776137270480372 -0.02098890548411123 0
2020 0.01858250715825172 -0.01858297328806246 0
2021 0.01598797167731859 -0.02236486348661473 0
$EndNodes
$Elements
4040
1 1 2 1 1 1 5
2 1 2 1 1 5 6
3 1 2 1 1 6 7
4 1 2 1 1 7 8
5 1 2 1 1 8 9
6 1 2 1 1 9 10
7 1 2 1 1 10 11
8 1 2 1 1 11 12
9 1 2 1 1 12 13
10 1 2 1 1 13 14
11 1 2 1 1 14 15
12 1 2 1 1 15 16
13 1 2 1 1 16 17
14 1 2 1 1 17 18
15 1 2 1 1 18 19
16 1 2 1 1 19 20
17 1 2 1 1 20 21
18 1 2 1 1 21 22
19 1 2 1 1 22 23
20 1 2 1 1 23 24
21 1 2 1 1 24 25
22 1 2 1 1 25 26
23 1 2 1 1 26 27
24 1 2 1 1 27 28
25 1 2 1 1 28 29
26 1 2 1 1 29 30
27 1 2 1 1 30 31
28 1 2 1 1 31 32
29 1 2 1 1 32 33
30 1 2 1 1 33 34
31 1 2 1 1 34 35
32 1 2 1 1 35 36
33 1 2 1 1 36 37
34 1 2 1 1 37 38
35 1 2 1 1 38 39
36 1 2 1 1 39 40
37 1 2 1 1 40 41
38 1 2 1 1 41 2
39 1 2 1 2 2 42
40 1 2 1 2 42 43
41 1 2 1 2 43 44
42 1 2 1 2 44 45
43 1 2 1 2 45 46
44 1 2 1 2 46 47
45 1 2 1 2 47 48
46 1 2 1 2 48 49
47 1 2 1 2 49 50
48 1 2 1 2 50 51
49 1 2 1 2 51 52
50 1 2 1 2 52 53
51 1 2 1 2 53 54
52 1 2 1 2 54 55
53 1 2 1 2 55 56
54 1 2 1 2 56 57
55 1 2 1 2 57 58
56 1 2 1 2 58 59
57 1 2 1 2 59 60
58 1 2 1 2 60 61
59 1 2 1 2 61 62
60 1 2 1 2 62 63
61 1 2 1 2 63 64
62 1 2 1 2 64 65
63 1 2 1 2 65 66
64 1 2 1 2 66 67
65 1 2 1 2 67 68
66 1 2 1 2 68 69
67 1 2 1 2 69 70
68 1 2 1 2 70 71
69 1 2 1 2 71 72
70 1 2 1 2 72 73
71 1 2 1 2 73 74
72 1 2 1 2 74 75
73 1 2 1 2 75 76
74 1 2 1 2 76 77
75 1 2 1 2 77 78
76 1 2 1 2 78 3
77 1 2 1 3 3 79
78 1 2 1 3 79 80
79 1 2 1 3 80 81
80 1 2 1 3 81 82
81 1 2 1 3 82 83
82 1 2 1 3 83 84
83 1 2 1 3 84 85
84 1 2 1 3 85 86
85 1 2 1 3 86 87
86 1 2 1 3 87 88
87 1 2 1 3 88 89
88 1 2 1 3 89 90
89 1 2 1 3 90 91
90 1 2 1 3 91 92
91 1 2 1 3 92 93
92 1 2 1 3 93 94
93 1 2 1 3 94 95
94 1 2 1 3 95 96
95 1 2 1 3 96 97
96 1 2 1 3 97 98
97 1 2 1 3 98 99
98 1 2 1 3 99 100
99 1 2 1 3 100 101
100 1 2 1 3 101 102
101 1 2 1 3 102 103
102 1 2 1 3 103 104
103 1 2 1 3 104 105
104 1 2 1 3 105 106
105 1 2 1 3 106 107
106 1 2 1 3 107 108
107 1 2 1 3 108 109
108 1 2 1 3 109 110
109 1 2 1 3 110 111
110 1 2 1 3 111 112
111 1 2 1 3 112 113
112 1 2 1 3 113 114
113 1 2 1 3 114 115
114 1 2 1 3 115 4
115 1 2 1 4 4 116
116 1 2 1 4 116 117
117 1 2 1 4 117 118
118 1 2 1 4 118 119
119 1 2 1 4 119 120
120 1 2 1 4 120 121
121 1 2 1 4 121 122
122 1 2 1 4 122 123
123 1 2 1 4 123 124
124 1 2 1 4 124 125
125 1 2 1 4 125 126
126 1 2 1 4 126 127
127 1 2 1 4 127 128
128 1 2 1 4 128 129
129 1 2 1 4 129 130
130 1 2 1 4 130 131
131 1 2 1 4 131 132
132 1 2 1 4 132 133
133 1 2 1 4 133 134
134 1 2 1 4 134 135
135 1 2 1 4 135 136
136 1 2 1 4 136 137
137 1 2 1 4 137 138
138 1 2 1 4 138 139
139 1 2 1 4 139 140
140 1 2 1 4 140 141
141 1 2 1 4 141 142
142 1 2 1 4 142 143
143 1 2 1 4 143 144
144 1 2 1 4 144 145
145 1 2 1 4 145 146
146 1 2 1 4 146 147
147 1 2 1 4 147 148
148 1 2 1 4 148 149
149 1 2 1 4 149 150
150 1 2 1 4 150 151
151 1 2 1 4 151 152
152 1 2 1 4 152 1
153 2 2 8 7 1873 1881 1882
154 2 2 8 7 1873 1874 1881
155 2 2 8 7 595 596 598
156 2 2 8 7 595 598 599
157 2 2 8 7 590 643 616
158 2 2 8 7 1736 1773 1771
159 2 2 8 7 1735 1736 1771
160 2 2 8 7 616 643 617
161 2 2 8 7 590 594 593
162 2 2 8 7 590 616 594
163 2 2 8 7 1419 1422 1423
164 2 2 8 7 1422 1426 1423
165 2 2 8 7 647 649 651
166 2 2 8 7 649 650 651
167 2 2 8 7 595 599 1424
168 2 2 8 7 599 1429 1424
169 2 2 8 7 1390 1393 1396
170 2 2 8 7 1390 1392 1393
171 2 2 8 7 1302 1306 1307
172 2 2 8 7 1301 1306 1302
173 2 2 8 7 1817 1819 1820
174 2 2 8 7 1815 1819 1817
175 2 2 8 7 1528 1533 1535
176 2 2 8 7 1363 1537 1364
177 2 2 8 7 1527 1528 1535
178 2 2 8 7 1363 1464 1537
179 2 2 8 7 501 573 580
180 2 2 8 7 567 580 573
181 2 2 8 7 702 709 703
182 2 2 8 7 702 708 709
183 2 2 8 7 613 629 1211
184 2 2 8 7 1856 1881 1874
185 2 2 8 7 1856 1874 1872
186 2 2 8 7 613 1211 1214
187 2 2 8 7 1408 1411 1409
188 2 2 8 7 1409 1411 1415
189 2 2 8 7 1819 1842 1841
190 2 2 8 7 1819 1840 1842
191 2 2 8 7 1462 1463 1464
192 2 2 8 7 1462 1464 1465
193 2 2 8 7 1301 1407 1306
194 2 2 8 7 1301 1401 1407
195 2 2 8 7 1390 1391 1392
196 2 2 8 7 1388 1392 1391
197 2 2 8 7 567 585 580
198 2 2 8 7 566 585 567
199 2 2 8 7 478 576 1300
200 2 2 8 7 477 583 582
201 2 2 8 7 662 708 702
202 2 2 8 7 662 702 664
203 2 2 8 7 477 582 579
204 2 2 8 7 576 1402 1300
205 2 2 8 7 1491 1527 1535
206 2 2 8 7 1491 1535 1492
207 2 2 8 7 1813 1819 1815
208 2 2 8 7 1813 1840 1819
209 2 2 8 7 1363 1465 1464
210 2 2 8 7 1363 1466 1465
211 2 2 8 7 1822 1851 1845
212 2 2 8 7 1822 1823 1851
213 2 2 8 7 624 630 627
214 2 2 8 7 577 596 595
215 2 2 8 7 559 643 590
216 2 2 8 7 1736 1807 1773
217 2 2 8 7 588 590 593
218 2 2 8 7 1419 1421 1422
219 2 2 8 7 647 648 649
220 2 2 8 7 595 1424 1397
221 2 2 8 7 1856 1872 1863
222 2 2 8 7 1863 1872 1865
223 2 2 8 7 597 599 598
224 2 2 8 7 597 600 599
225 2 2 8 7 616 617 618
226 2 2 8 7 1873 1882 1879
227 2 2 8 7 617 621 618
228 2 2 8 7 1735 1771 1740
229 2 2 8 7 594 616 618
230 2 2 8 7 1740 1771 1744
231 2 2 8 7 594 618 602
232 2 2 8 7 650 652 651
233 2 2 8 7 623 651 652
234 2 2 8 7 1423 1426 1450
235 2 2 8 7 1426 1434 1450
236 2 2 8 7 599 1430 1429
237 2 2 8 7 599 600 1430
238 2 2 8 7 1037 1039 1040
239 2 2 8 7 1037 1044 1039
240 2 2 8 7 1672 1680 1679
241 2 2 8 7 1672 1679 1684
242 2 2 8 7 1055 1070 1056
243 2 2 8 7 1702 1703 1707
244 2 2 8 7 1700 1702 1707
245 2 2 8 7 1056 1070 1072
246 2 2 8 7 902 905 903
247 2 2 8 7 903 905 904
248 2 2 8 7 1233 1496 1497
249 2 2 8 7 1233 1372 1496
250 2 2 8 7 536 539 538
251 2 2 8 7 535 536 538
252 2 2 8 7 956 960 961
253 2 2 8 7 956 961 957
254 2 2 8 7 1292 1294 1293
255 2 2 8 7 1291 1294 1292
256 2 2 8 7 1679 1680 1696
257 2 2 8 7 1679 1696 1698
258 2 2 8 7 1493 1494 1509
259 2 2 8 7 1494 1520 1509
260 2 2 8 7 1069 1072 1070
261 2 2 8 7 1067 1072 1069
262 2 2 8 7 1017 1024 1018
263 2 2 8 7 1017 1048 1024
264 2 2 8 7 1436 1437 1445
265 2 2 8 7 1393 1394 1396
266 2 2 8 7 1364 1537 1525
267 2 2 8 7 1302 1307 1308
268 2 2 8 7 1817 1820 1938
269 2 2 8 7 1528 1530 1533
270 2 2 8 7 1745 1753 1752
271 2 2 8 7 501 528 573
272 2 2 8 7 703 709 706
273 2 2 8 7 1745 1752 1751
274 2 2 8 7 1437 1438 1445
275 2 2 8 7 1745 1747 1748
276 2 2 8 7 1456 1459 1753
277 2 2 8 7 1745 1751 1747
278 2 2 8 7 631 1204 1205
279 2 2 8 7 630 631 1205
280 2 2 8 7 1459 1752 1753
281 2 2 8 7 1461 1462 1465
282 2 2 8 7 1461 1484 1462
283 2 2 8 7 1834 1842 1840
284 2 2 8 7 1411 1414 1415
285 2 2 8 7 1834 1838 1842
286 2 2 8 7 1411 1413 1414
287 2 2 8 7 1138 1140 1139
288 2 2 8 7 1135 1140 1138
289 2 2 8 7 576 1400 1402
290 2 2 8 7 574 1400 576
291 2 2 8 7 1805 1813 1811
292 2 2 8 7 566 587 585
293 2 2 8 7 585 587 586
294 2 2 8 7 1159 1166 1162
295 2 2 8 7 1805 1812 1813
296 2 2 8 7 1157 1166 1159
297 2 2 8 7 1401 1405 1407
298 2 2 8 7 562 564 563
299 2 2 8 7 1399 1405 1401
300 2 2 8 7 1388 1391 1417
301 2 2 8 7 1148 1156 1155
302 2 2 8 7 1388 1417 1389
303 2 2 8 7 1141 1156 1148
304 2 2 8 7 582 585 586
305 2 2 8 7 634 662 657
306 2 2 8 7 582 586 584
307 2 2 8 7 1778 1790 1783
308 2 2 8 7 632 634 657
309 2 2 8 7 560 564 562
310 2 2 8 7 579 582 584
311 2 2 8 7 661 662 664
312 2 2 8 7 633 639 636
313 2 2 8 7 1778 1783 1784
314 2 2 8 7 633 640 639
315 2 2 8 7 657 662 661
316 2 2 8 7 624 631 630
317 2 2 8 7 578 579 584
318 2 2 8 7 1488 1491 1492
319 2 2 8 7 1491 1761 1755
320 2 2 8 7 1488 1492 1489
321 2 2 8 7 1488 1761 1491
322 2 2 8 7 1790 1809 1808
323 2 2 8 7 1778 1809 1790
324 2 2 8 7 1161 1162 1166
325 2 2 8 7 1161 1166 1163
326 2 2 8 7 1812 1840 1813
327 2 2 8 7 1465 1466 1467
328 2 2 8 7 1812 1834 1840
329 2 2 8 7 1461 1465 1467
330 2 2 8 7 610 1442 611
331 2 2 8 7 610 1439 1442
332 2 2 8 7 613 628 629
333 2 2 8 7 627 630 628
334 2 2 8 7 1658 1798 1797
335 2 2 8 7 1658 1800 1798
336 2 2 8 7 1056 1072 1057
337 2 2 8 7 1017 1058 1062
338 2 2 8 7 1057 1072 1071
339 2 2 8 7 1017 1062 1047
340 2 2 8 7 718 903 900
341 2 2 8 7 718 900 721
342 2 2 8 7 1494 1496 1495
343 2 2 8 7 1373 1495 1496
344 2 2 8 7 1067 1886 1073
345 2 2 8 7 1873 1875 1874
346 2 2 8 7 1073 1886 1884
347 2 2 8 7 1871 1874 1875
348 2 2 8 7 1039 1044 1121
349 2 2 8 7 1679 1683 1684
350 2 2 8 7 1679 1695 1683
351 2 2 8 7 1863 1865 1864
352 2 2 8 7 473 489 490
353 2 2 8 7 472 473 490
354 2 2 8 7 1044 1045 1121
355 2 2 8 7 693 731 697
356 2 2 8 7 697 731 715
357 2 2 8 7 1317 1320 1341
358 2 2 8 7 1318 1341 1320
359 2 2 8 7 900 903 904
360 2 2 8 7 900 904 901
361 2 2 8 7 1433 1437 1436
362 2 2 8 7 1679 1698 1695
363 2 2 8 7 1692 1695 1698
364 2 2 8 7 1346 1351 1355
365 2 2 8 7 1346 1348 1351
366 2 2 8 7 1362 1375 1372
367 2 2 8 7 1043 1048 1046
368 2 2 8 7 1043 1046 1050
369 2 2 8 7 1543 1559 1560
370 2 2 8 7 1371 1372 1375
371 2 2 8 7 1699 1700 1707
372 2 2 8 7 1543 1558 1559
373 2 2 8 7 1699 1707 1706
374 2 2 8 7 1315 1317 1316
375 2 2 8 7 1315 1320 1317
376 2 2 8 7 1885 1886 1887
377 2 2 8 7 1692 1698 1700
378 2 2 8 7 1692 1700 1699
379 2 2 8 7 957 961 1118
380 2 2 8 7 1884 1886 1885
381 2 2 8 7 955 957 1118
382 2 2 8 7 1553 1559 1558
383 2 2 8 7 1552 1553 1558
384 2 2 8 7 1056 1062 1058
385 2 2 8 7 1494 1524 1520
386 2 2 8 7 1056 1057 1062
387 2 2 8 7 1372 1373 1496
388 2 2 8 7 1371 1373 1372
389 2 2 8 7 1494 1495 1524
390 2 2 8 7 931 932 937
391 2 2 8 7 932 933 937
392 2 2 8 7 667 694 698
393 2 2 8 7 667 668 669
394 2 2 8 7 552 669 668
395 2 2 8 7 667 698 668
396 2 2 8 7 535 538 550
397 2 2 8 7 534 535 550
398 2 2 8 7 530 533 535
399 2 2 8 7 530 535 534
400 2 2 8 7 918 937 933
401 2 2 8 7 918 933 921
402 2 2 8 7 1043 1045 1044
403 2 2 8 7 1871 1875 1948
404 2 2 8 7 1871 1948 1941
405 2 2 8 7 1043 1050 1045
406 2 2 8 7 1291 1292 1299
407 2 2 8 7 1291 1299 1298
408 2 2 8 7 1067 1071 1072
409 2 2 8 7 1067 1073 1071
410 2 2 8 7 1017 1047 1048
411 2 2 8 7 1046 1048 1047
412 2 2 8 7 1864 1865 1866
413 2 2 8 7 1197 1199 1200
414 2 2 8 7 1470 1472 1471
415 2 2 8 7 1173 1174 1178
416 2 2 8 7 1174 1177 1178
417 2 2 8 7 1447 1472 1470
418 2 2 8 7 1099 1100 1101
419 2 2 8 7 1099 1101 1193
420 2 2 8 7 1764 1768 1766
421 2 2 8 7 1764 1770 1768
422 2 2 8 7 1768 1770 1775
423 2 2 8 7 1422 1425 1427
424 2 2 8 7 1422 1427 1426
425 2 2 8 7 1770 1772 1775
426 2 2 8 7 1822 1835 1828
427 2 2 8 7 1475 1477 1482
428 2 2 8 7 654 655 1180
429 2 2 8 7 1822 1828 1826
430 2 2 8 7 654 1180 1182
431 2 2 8 7 1418 1447 1470
432 2 2 8 7 1080 1086 1087
433 2 2 8 7 1477 1481 1482
434 2 2 8 7 1418 1448 1447
435 2 2 8 7 1086 1101 1100
436 2 2 8 7 1084 1101 1086
437 2 2 8 7 1080 1084 1086
438 2 2 8 7 1822 1824 1823
439 2 2 8 7 1822 1826 1824
440 2 2 8 7 643 644 645
441 2 2 8 7 617 643 645
442 2 2 8 7 1845 1851 1846
443 2 2 8 7 1099 1194 1167
444 2 2 8 7 1463 1539 1464
445 2 2 8 7 1324 1408 1409
446 2 2 8 7 1819 1841 1821
447 2 2 8 7 476 478 1300
448 2 2 8 7 477 498 583
449 2 2 8 7 1099 1193 1194
450 2 2 8 7 610 1214 1727
451 2 2 8 7 610 613 1214
452 2 2 8 7 1745 1763 1753
453 2 2 8 7 1456 1753 1479
454 2 2 8 7 1730 1733 1731
455 2 2 8 7 1745 1748 1746
456 2 2 8 7 1435 1452 1449
457 2 2 8 7 631 1183 1204
458 2 2 8 7 1185 1187 1208
459 2 2 8 7 1186 1208 1187
460 2 2 8 7 603 605 606
461 2 2 8 7 721 900 899
462 2 2 8 7 705 721 899
463 2 2 8 7 1047 1062 1059
464 2 2 8 7 1059 1062 1061
465 2 2 8 7 1798 1800 1799
466 2 2 8 7 1798 1799 1803
467 2 2 8 7 697 715 716
468 2 2 8 7 697 716 711
469 2 2 8 7 1057 1071 1075
470 2 2 8 7 1045 1124 1121
471 2 2 8 7 1045 1127 1124
472 2 2 8 7 1057 1075 1066
473 2 2 8 7 1370 1495 1373
474 2 2 8 7 1870 1874 1871
475 2 2 8 7 1370 1373 1374
476 2 2 8 7 1870 1872 1874
477 2 2 8 7 1692 1693 1695
478 2 2 8 7 1693 1694 1695
479 2 2 8 7 1683 1695 1694
480 2 2 8 7 1046 1051 1050
481 2 2 8 7 1049 1050 1051
482 2 2 8 7 1683 1694 1688
483 2 2 8 7 1723 1724 1725
484 2 2 8 7 472 490 481
485 2 2 8 7 481 490 482
486 2 2 8 7 1371 1375 1378
487 2 2 8 7 1375 1376 1378
488 2 2 8 7 1858 1884 1885
489 2 2 8 7 1857 1858 1885
490 2 2 8 7 899 900 901
491 2 2 8 7 1318 1320 1321
492 2 2 8 7 898 899 901
493 2 2 8 7 1543 1544 1558
494 2 2 8 7 1318 1321 1319
495 2 2 8 7 1699 1706 1713
496 2 2 8 7 1706 1714 1713
497 2 2 8 7 1531 1558 1544
498 2 2 8 7 1309 1320 1315
499 2 2 8 7 1692 1699 1693
500 2 2 8 7 1531 1552 1558
501 2 2 8 7 1073 1884 1074
502 2 2 8 7 955 1118 1142
503 2 2 8 7 1693 1699 1713
504 2 2 8 7 1531 1532 1552
505 2 2 8 7 1309 1321 1320
506 2 2 8 7 1116 1142 1118
507 2 2 8 7 1495 1526 1524
508 2 2 8 7 530 534 571
509 2 2 8 7 1074 1884 1858
510 2 2 8 7 1370 1526 1495
511 2 2 8 7 1348 1350 1351
512 2 2 8 7 529 530 571
513 2 2 8 7 1350 1352 1351
514 2 2 8 7 1057 1061 1062
515 2 2 8 7 547 668 698
516 2 2 8 7 547 698 699
517 2 2 8 7 1057 1066 1061
518 2 2 8 7 552 668 553
519 2 2 8 7 929 933 932
520 2 2 8 7 547 553 668
521 2 2 8 7 925 933 929
522 2 2 8 7 1071 1073 1075
523 2 2 8 7 1073 1074 1075
524 2 2 8 7 1870 1871 1941
525 2 2 8 7 1869 1870 1941
526 2 2 8 7 1045 1050 1127
527 2 2 8 7 534 550 571
528 2 2 8 7 1049 1127 1050
529 2 2 8 7 1371 1374 1373
530 2 2 8 7 550 555 571
531 2 2 8 7 1371 1378 1374
532 2 2 8 7 921 933 925
533 2 2 8 7 920 921 925
534 2 2 8 7 1298 1299 1303
535 2 2 8 7 1298 1303 1305
536 2 2 8 7 1046 1047 1051
537 2 2 8 7 1047 1059 1051
538 2 2 8 7 608 609 1437
539 2 2 8 7 1724 1726 1725
540 2 2 8 7 609 1438 1437
541 2 2 8 7 1834 1836 1838
542 2 2 8 7 1833 1836 1834
543 2 2 8 7 1413 1420 1414
544 2 2 8 7 1414 1420 1421
545 2 2 8 7 1461 1483 1484
546 2 2 8 7 1461 1474 1483
547 2 2 8 7 1805 1806 1812
548 2 2 8 7 1806 1831 1812
549 2 2 8 7 577 578 584
550 2 2 8 7 1399 1404 1405
551 2 2 8 7 608 1437 1431
552 2 2 8 7 577 584 591
553 2 2 8 7 559 564 560
554 2 2 8 7 1398 1404 1399
555 2 2 8 7 1135 1137 1140
556 2 2 8 7 558 559 560
557 2 2 8 7 1135 1136 1137
558 2 2 8 7 1487 1488 1489
559 2 2 8 7 1487 1762 1488
560 2 2 8 7 1141 1169 1156
561 2 2 8 7 584 586 591
562 2 2 8 7 586 587 588
563 2 2 8 7 586 588 592
564 2 2 8 7 1156 1169 1170
565 2 2 8 7 586 592 591
566 2 2 8 7 656 657 661
567 2 2 8 7 656 661 659
568 2 2 8 7 1157 1172 1166
569 2 2 8 7 574 575 1400
570 2 2 8 7 1165 1166 1172
571 2 2 8 7 575 1397 1400
572 2 2 8 7 1778 1807 1809
573 2 2 8 7 1777 1778 1784
574 2 2 8 7 1380 1389 1417
575 2 2 8 7 1777 1807 1778
576 2 2 8 7 1776 1777 1784
577 2 2 8 7 632 657 648
578 2 2 8 7 1380 1417 1416
579 2 2 8 7 1488 1762 1761
580 2 2 8 7 1760 1761 1762
581 2 2 8 7 648 657 656
582 2 2 8 7 633 641 640
583 2 2 8 7 633 646 641
584 2 2 8 7 1163 1166 1165
585 2 2 8 7 1163 1165 1164
586 2 2 8 7 1461 1467 1468
587 2 2 8 7 1461 1468 1474
588 2 2 8 7 1812 1831 1834
589 2 2 8 7 1831 1833 1834
590 2 2 8 7 1740 1744 1748
591 2 2 8 7 1740 1748 1741
592 2 2 8 7 618 621 620
593 2 2 8 7 1434 1435 1450
594 2 2 8 7 1433 1435 1434
595 2 2 8 7 619 620 621
596 2 2 8 7 1435 1451 1452
597 2 2 8 7 597 604 600
598 2 2 8 7 1184 1200 1199
599 2 2 8 7 600 604 601
600 2 2 8 7 1456 1457 1458
601 2 2 8 7 1456 1458 1459
602 2 2 8 7 1187 1188 1719
603 2 2 8 7 1187 1719 1725
604 2 2 8 7 1729 1730 1731
605 2 2 8 7 1201 1209 1206
606 2 2 8 7 1931 1933 1932
607 2 2 8 7 1294 1297 1295
608 2 2 8 7 930 949 956
609 2 2 8 7 684 691 695
610 2 2 8 7 1518 1561 1563
611 2 2 8 7 1928 1929 1956
612 2 2 8 7 1671 1672 1682
613 2 2 8 7 1703 1705 1704
614 2 2 8 7 1653 1656 1659
615 2 2 8 7 1879 1882 1883
616 2 2 8 7 905 906 908
617 2 2 8 7 1342 1343 1344
618 2 2 8 7 723 725 724
619 2 2 8 7 468 469 471
620 2 2 8 7 807 1037 1040
621 2 2 8 7 1672 1678 1680
622 2 2 8 7 1931 2006 1933
623 2 2 8 7 1233 1497 1236
624 2 2 8 7 970 1070 1055
625 2 2 8 7 1643 1703 1702
626 2 2 8 7 1811 1813 1814
627 2 2 8 7 973 1069 1070
628 2 2 8 7 1783 1790 1789
629 2 2 8 7 404 539 536
630 2 2 8 7 1288 1294 1295
631 2 2 8 7 842 905 902
632 2 2 8 7 1290 1293 1294
633 2 2 8 7 704 705 899
634 2 2 8 7 703 705 704
635 2 2 8 7 1369 1370 1374
636 2 2 8 7 1368 1369 1374
637 2 2 8 7 949 951 956
638 2 2 8 7 1799 1804 1803
639 2 2 8 7 1793 1804 1799
640 2 2 8 7 1671 1673 1672
641 2 2 8 7 1059 1061 1060
642 2 2 8 7 1928 1956 1957
643 2 2 8 7 684 686 691
644 2 2 8 7 1060 1061 1064
645 2 2 8 7 1640 1705 1703
646 2 2 8 7 1515 1518 1563
647 2 2 8 7 1336 1342 1344
648 2 2 8 7 464 471 469
649 2 2 8 7 1653 1659 1661
650 2 2 8 7 1879 1883 1922
651 2 2 8 7 724 725 772
652 2 2 8 7 1689 1694 1693
653 2 2 8 7 1689 1691 1694
654 2 2 8 7 956 958 960
655 2 2 8 7 1677 1696 1680
656 2 2 8 7 1493 1509 1507
657 2 2 8 7 844 906 905
658 2 2 8 7 1049 1051 1125
659 2 2 8 7 1049 1125 1126
660 2 2 8 7 1865 1872 1870
661 2 2 8 7 1865 1870 1867
662 2 2 8 7 1018 1024 1025
663 2 2 8 7 710 711 716
664 2 2 8 7 710 716 714
665 2 2 8 7 1065 1066 1075
666 2 2 8 7 1376 1377 1378
667 2 2 8 7 1376 1393 1377
668 2 2 8 7 1065 1075 1077
669 2 2 8 7 704 899 898
670 2 2 8 7 1138 1139 1145
671 2 2 8 7 704 898 895
672 2 2 8 7 1074 1858 1079
673 2 2 8 7 925 929 926
674 2 2 8 7 926 929 1151
675 2 2 8 7 1079 1858 1859
676 2 2 8 7 1123 1124 1127
677 2 2 8 7 1123 1127 1128
678 2 2 8 7 1531 1534 1532
679 2 2 8 7 1532 1534 1533
680 2 2 8 7 1307 1321 1309
681 2 2 8 7 555 557 571
682 2 2 8 7 1307 1322 1321
683 2 2 8 7 1857 1859 1858
684 2 2 8 7 557 572 571
685 2 2 8 7 1857 1860 1859
686 2 2 8 7 1688 1694 1690
687 2 2 8 7 1690 1694 1691
688 2 2 8 7 1531 1544 1540
689 2 2 8 7 480 481 482
690 2 2 8 7 1531 1540 1534
691 2 2 8 7 1074 1077 1075
692 2 2 8 7 479 481 480
693 2 2 8 7 1116 1144 1142
694 2 2 8 7 1689 1693 1713
695 2 2 8 7 1074 1079 1077
696 2 2 8 7 1142 1144 1143
697 2 2 8 7 1689 1713 1712
698 2 2 8 7 546 553 547
699 2 2 8 7 546 547 548
700 2 2 8 7 547 699 548
701 2 2 8 7 541 548 699
702 2 2 8 7 529 571 572
703 2 2 8 7 529 572 573
704 2 2 8 7 1364 1526 1370
705 2 2 8 7 920 925 926
706 2 2 8 7 920 926 924
707 2 2 8 7 1364 1370 1369
708 2 2 8 7 634 712 662
709 2 2 8 7 1061 1066 1064
710 2 2 8 7 1350 1396 1352
711 2 2 8 7 1350 1395 1396
712 2 2 8 7 1064 1066 1065
713 2 2 8 7 922 1159 1162
714 2 2 8 7 1712 1713 1714
715 2 2 8 7 1303 1304 1305
716 2 2 8 7 1302 1305 1304
717 2 2 8 7 1709 1712 1714
718 2 2 8 7 1049 1126 1127
719 2 2 8 7 1126 1128 1127
720 2 2 8 7 1728 1729 1731
721 2 2 8 7 893 1162 1161
722 2 2 8 7 636 639 638
723 2 2 8 7 545 562 563
724 2 2 8 7 610 1727 1439
725 2 2 8 7 1368 1374 1378
726 2 2 8 7 1368 1378 1377
727 2 2 8 7 1868 1870 1869
728 2 2 8 7 1867 1870 1868
729 2 2 8 7 1051 1059 1125
730 2 2 8 7 1319 1321 1323
731 2 2 8 7 1059 1060 1125
732 2 2 8 7 1148 1155 1149
733 2 2 8 7 1321 1322 1323
734 2 2 8 7 581 585 582
735 2 2 8 7 1491 1755 1717
736 2 2 8 7 1790 1808 1791
737 2 2 8 7 1185 1190 1187
738 2 2 8 7 1718 1723 1725
739 2 2 8 7 1206 1209 1210
740 2 2 8 7 1214 1215 1727
741 2 2 8 7 1447 1454 1472
742 2 2 8 7 1453 1472 1454
743 2 2 8 7 1769 1772 1770
744 2 2 8 7 1746 1772 1769
745 2 2 8 7 1174 1196 1177
746 2 2 8 7 1175 1177 1196
747 2 2 8 7 1477 1478 1481
748 2 2 8 7 1764 1769 1770
749 2 2 8 7 1478 1479 1481
750 2 2 8 7 1763 1769 1764
751 2 2 8 7 1101 1191 1193
752 2 2 8 7 1101 1192 1191
753 2 2 8 7 1426 1427 1434
754 2 2 8 7 1427 1428 1434
755 2 2 8 7 1720 1826 1828
756 2 2 8 7 1084 1192 1101
757 2 2 8 7 653 654 1182
758 2 2 8 7 653 1182 1183
759 2 2 8 7 1720 1827 1826
760 2 2 8 7 1447 1448 1449
761 2 2 8 7 1447 1449 1454
762 2 2 8 7 1084 1085 1192
763 2 2 8 7 1206 1210 1211
764 2 2 8 7 1824 1826 1825
765 2 2 8 7 1825 1826 1827
766 2 2 8 7 1080 1085 1084
767 2 2 8 7 617 645 621
768 2 2 8 7 1080 1083 1085
769 2 2 8 7 621 645 622
770 2 2 8 7 1193 1197 1194
771 2 2 8 7 1082 1719 1188
772 2 2 8 7 624 652 631
773 2 2 8 7 1099 1167 1136
774 2 2 8 7 1469 1470 1471
775 2 2 8 7 1099 1105 1100
776 2 2 8 7 1171 1173 1178
777 2 2 8 7 1086 1097 1087
778 2 2 8 7 1759 1766 1768
779 2 2 8 7 1822 1837 1835
780 2 2 8 7 1403 1425 1422
781 2 2 8 7 558 643 559
782 2 2 8 7 1736 1831 1806
783 2 2 8 7 1768 1775 1774
784 2 2 8 7 1736 1832 1831
785 2 2 8 7 1420 1422 1421
786 2 2 8 7 1833 1835 1836
787 2 2 8 7 655 658 1180
788 2 2 8 7 1830 1835 1833
789 2 2 8 7 1381 1418 1470
790 2 2 8 7 1475 1482 1486
791 2 2 8 7 1773 1807 1777
792 2 2 8 7 1474 1475 1483
793 2 2 8 7 577 591 596
794 2 2 8 7 1473 1475 1474
795 2 2 8 7 1169 1173 1170
796 2 2 8 7 1398 1425 1404
797 2 2 8 7 1168 1173 1169
798 2 2 8 7 642 644 643
799 2 2 8 7 649 656 659
800 2 2 8 7 649 659 655
801 2 2 8 7 1398 1424 1425
802 2 2 8 7 1482 1762 1487
803 2 2 8 7 1482 1767 1762
804 2 2 8 7 591 592 596
805 2 2 8 7 1086 1100 1103
806 2 2 8 7 1380 1416 1418
807 2 2 8 7 592 593 596
808 2 2 8 7 1416 1419 1418
809 2 2 8 7 648 656 649
810 2 2 8 7 588 593 592
811 2 2 8 7 1165 1172 1178
812 2 2 8 7 1165 1178 1179
813 2 2 8 7 1760 1762 1767
814 2 2 8 7 1760 1767 1766
815 2 2 8 7 575 595 1397
816 2 2 8 7 641 646 644
817 2 2 8 7 1191 1197 1193
818 2 2 8 7 644 646 647
819 2 2 8 7 1773 1777 1776
820 2 2 8 7 1773 1776 1775
821 2 2 8 7 1164 1165 1179
822 2 2 8 7 1164 1179 1180
823 2 2 8 7 1468 1473 1474
824 2 2 8 7 1468 1471 1473
825 2 2 8 7 1831 1832 1833
826 2 2 8 7 1830 1833 1832
827 2 2 8 7 1750 1751 1752
828 2 2 8 7 1749 1751 1750
829 2 2 8 7 1734 1747 1751
830 2 2 8 7 630 1205 1206
831 2 2 8 7 629 630 1206
832 2 2 8 7 1658 1797 1660
833 2 2 8 7 1873 1878 1875
834 2 2 8 7 1067 1068 1886
835 2 2 8 7 1017 1019 1058
836 2 2 8 7 1494 1498 1496
837 2 2 8 7 718 720 903
838 2 2 8 7 692 731 693
839 2 2 8 7 470 489 473
840 2 2 8 7 1314 1316 1317
841 2 2 8 7 1361 1362 1372
842 2 2 8 7 1556 1560 1559
843 2 2 8 7 1326 1346 1355
844 2 2 8 7 1886 1889 1887
845 2 2 8 7 1698 1701 1700
846 2 2 8 7 1734 1751 1749
847 2 2 8 7 1311 1317 1341
848 2 2 8 7 1553 1555 1559
849 2 2 8 7 666 694 667
850 2 2 8 7 1848 1864 1866
851 2 2 8 7 1032 1048 1043
852 2 2 8 7 1052 1056 1058
853 2 2 8 7 931 937 941
854 2 2 8 7 1042 1043 1044
855 2 2 8 7 667 669 672
856 2 2 8 7 532 535 533
857 2 2 8 7 1875 1950 1948
858 2 2 8 7 918 938 937
859 2 2 8 7 702 703 704
860 2 2 8 7 702 704 897
861 2 2 8 7 1060 1064 1115
862 2 2 8 7 1064 1112 1115
863 2 2 8 7 1113 1126 1125
864 2 2 8 7 1113 1131 1126
865 2 2 8 7 1689 1786 1691
866 2 2 8 7 1689 1780 1786
867 2 2 8 7 1367 1369 1368
868 2 2 8 7 1793 1810 1804
869 2 2 8 7 1366 1369 1367
870 2 2 8 7 1793 1794 1810
871 2 2 8 7 1065 1077 1076
872 2 2 8 7 557 570 572
873 2 2 8 7 1689 1712 1780
874 2 2 8 7 1063 1065 1076
875 2 2 8 7 478 479 480
876 2 2 8 7 1377 1393 1392
877 2 2 8 7 477 478 480
878 2 2 8 7 1377 1392 1387
879 2 2 8 7 1711 1780 1712
880 2 2 8 7 926 1151 1153
881 2 2 8 7 557 569 570
882 2 2 8 7 1151 1154 1153
883 2 2 8 7 1078 1079 1859
884 2 2 8 7 1078 1859 1861
885 2 2 8 7 1859 1860 1862
886 2 2 8 7 704 895 897
887 2 2 8 7 1859 1862 1861
888 2 2 8 7 895 896 897
889 2 2 8 7 1143 1144 1146
890 2 2 8 7 1143 1146 1147
891 2 2 8 7 1463 1534 1540
892 2 2 8 7 1463 1536 1534
893 2 2 8 7 1843 1865 1867
894 2 2 8 7 1076 1077 1079
895 2 2 8 7 542 546 548
896 2 2 8 7 542 544 546
897 2 2 8 7 1076 1079 1078
898 2 2 8 7 924 926 1160
899 2 2 8 7 1843 1866 1865
900 2 2 8 7 1123 1128 1129
901 2 2 8 7 567 573 572
902 2 2 8 7 926 1153 1160
903 2 2 8 7 1307 1410 1322
904 2 2 8 7 1128 1130 1129
905 2 2 8 7 1306 1410 1307
906 2 2 8 7 567 572 570
907 2 2 8 7 1063 1064 1065
908 2 2 8 7 1063 1112 1064
909 2 2 8 7 1364 1369 1366
910 2 2 8 7 1533 1534 1536
911 2 2 8 7 540 548 541
912 2 2 8 7 1363 1364 1366
913 2 2 8 7 1533 1536 1535
914 2 2 8 7 540 542 548
915 2 2 8 7 1459 1460 1752
916 2 2 8 7 1690 1691 1785
917 2 2 8 7 1691 1786 1785
918 2 2 8 7 1301 1302 1304
919 2 2 8 7 635 710 714
920 2 2 8 7 1300 1301 1304
921 2 2 8 7 635 637 710
922 2 2 8 7 1368 1377 1387
923 2 2 8 7 1841 1867 1868
924 2 2 8 7 1367 1368 1387
925 2 2 8 7 1841 1843 1867
926 2 2 8 7 1126 1130 1128
927 2 2 8 7 1126 1131 1130
928 2 2 8 7 1322 1408 1323
929 2 2 8 7 1322 1410 1408
930 2 2 8 7 1709 1711 1712
931 2 2 8 7 1709 1710 1711
932 2 2 8 7 1395 1409 1396
933 2 2 8 7 1390 1396 1409
934 2 2 8 7 1060 1113 1125
935 2 2 8 7 1060 1115 1113
936 2 2 8 7 1460 1750 1752
937 2 2 8 7 1455 1457 1456
938 2 2 8 7 1191 1199 1197
939 2 2 8 7 1435 1436 1451
940 2 2 8 7 605 607 606
941 2 2 8 7 1731 1749 1732
942 2 2 8 7 1931 1932 1935
943 2 2 8 7 691 693 695
944 2 2 8 7 930 956 957
945 2 2 8 7 1291 1297 1294
946 2 2 8 7 1518 1519 1561
947 2 2 8 7 1703 1704 1707
948 2 2 8 7 1929 1944 1956
949 2 2 8 7 904 905 908
950 2 2 8 7 1672 1684 1682
951 2 2 8 7 1656 1658 1659
952 2 2 8 7 1343 1346 1344
953 2 2 8 7 723 728 725
954 2 2 8 7 1200 1201 1203
955 2 2 8 7 628 630 629
956 2 2 8 7 468 471 473
957 2 2 8 7 1296 1308 1309
958 2 2 8 7 1296 1309 1315
959 2 2 8 7 1542 1560 1561
960 2 2 8 7 1542 1543 1560
961 2 2 8 7 1352 1394 1357
962 2 2 8 7 1351 1352 1357
963 2 2 8 7 705 706 722
964 2 2 8 7 705 722 721
965 2 2 8 7 1528 1529 1530
966 2 2 8 7 468 472 474
967 2 2 8 7 468 473 472
968 2 2 8 7 1364 1525 1526
969 2 2 8 7 1869 1942 1940
970 2 2 8 7 1869 1941 1942
971 2 2 8 7 1318 1347 1343
972 2 2 8 7 1318 1343 1341
973 2 2 8 7 1431 1437 1432
974 2 2 8 7 1319 1349 1347
975 2 2 8 7 1318 1319 1347
976 2 2 8 7 610 611 612
977 2 2 8 7 1352 1396 1394
978 2 2 8 7 1529 1551 1530
979 2 2 8 7 1529 1550 1551
980 2 2 8 7 1817 1938 1818
981 2 2 8 7 1941 1948 1943
982 2 2 8 7 1941 1943 1942
983 2 2 8 7 1307 1309 1308
984 2 2 8 7 501 527 528
985 2 2 8 7 603 606 604
986 2 2 8 7 488 492 495
987 2 2 8 7 488 495 491
988 2 2 8 7 1523 1526 1525
989 2 2 8 7 1523 1524 1526
990 2 2 8 7 908 912 910
991 2 2 8 7 907 908 910
992 2 2 8 7 1731 1733 1734
993 2 2 8 7 703 706 705
994 2 2 8 7 718 721 723
995 2 2 8 7 721 722 723
996 2 2 8 7 1520 1523 1521
997 2 2 8 7 1520 1524 1523
998 2 2 8 7 1681 1682 1684
999 2 2 8 7 1351 1357 1355
1000 2 2 8 7 1355 1357 1356
1001 2 2 8 7 1681 1684 1683
1002 2 2 8 7 1797 1798 1801
1003 2 2 8 7 1797 1801 1932
1004 2 2 8 7 472 481 475
1005 2 2 8 7 472 475 474
1006 2 2 8 7 1549 1551 1550
1007 2 2 8 7 1545 1551 1549
1008 2 2 8 7 524 533 530
1009 2 2 8 7 523 533 524
1010 2 2 8 7 1184 1202 1200
1011 2 2 8 7 1296 1315 1316
1012 2 2 8 7 1296 1316 1297
1013 2 2 8 7 1848 1866 1849
1014 2 2 8 7 1213 1726 1730
1015 2 2 8 7 1210 1215 1214
1016 2 2 8 7 1441 1443 1446
1017 2 2 8 7 1207 1212 1210
1018 2 2 8 7 1741 1748 1743
1019 2 2 8 7 1743 1748 1747
1020 2 2 8 7 88 89 164
1021 2 2 8 7 88 164 251
1022 2 2 8 7 102 103 234
1023 2 2 8 7 103 235 234
1024 2 2 8 7 80 81 246
1025 2 2 8 7 80 246 245
1026 2 2 8 7 3 163 78
1027 2 2 8 7 78 163 233
1028 2 2 8 7 3 79 162
1029 2 2 8 7 3 162 163
1030 2 2 8 7 110 111 257
1031 2 2 8 7 111 256 257
1032 2 2 8 7 104 105 263
1033 2 2 8 7 105 261 263
1034 2 2 8 7 81 82 246
1035 2 2 8 7 82 247 246
1036 2 2 8 7 111 112 256
1037 2 2 8 7 112 255 256
1038 2 2 8 7 105 106 261
1039 2 2 8 7 97 98 241
1040 2 2 8 7 97 241 240
1041 2 2 8 7 86 87 165
1042 2 2 8 7 106 262 261
1043 2 2 8 7 89 90 167
1044 2 2 8 7 87 250 165
1045 2 2 8 7 89 167 164
1046 2 2 8 7 96 97 240
1047 2 2 8 7 109 110 258
1048 2 2 8 7 110 257 258
1049 2 2 8 7 96 240 239
1050 2 2 8 7 118 119 358
1051 2 2 8 7 98 99 241
1052 2 2 8 7 119 362 358
1053 2 2 8 7 99 238 241
1054 2 2 8 7 91 92 244
1055 2 2 8 7 91 244 243
1056 2 2 8 7 112 113 255
1057 2 2 8 7 113 253 255
1058 2 2 8 7 77 78 233
1059 2 2 8 7 77 233 230
1060 2 2 8 7 73 74 228
1061 2 2 8 7 79 80 245
1062 2 2 8 7 73 228 229
1063 2 2 8 7 108 109 259
1064 2 2 8 7 95 96 239
1065 2 2 8 7 99 100 238
1066 2 2 8 7 106 107 262
1067 2 2 8 7 79 245 162
1068 2 2 8 7 100 236 238
1069 2 2 8 7 95 239 242
1070 2 2 8 7 101 102 234
1071 2 2 8 7 109 258 259
1072 2 2 8 7 101 234 237
1073 2 2 8 7 107 260 262
1074 2 2 8 7 113 114 253
1075 2 2 8 7 93 94 160
1076 2 2 8 7 93 160 161
1077 2 2 8 7 84 85 166
1078 2 2 8 7 84 166 248
1079 2 2 8 7 103 104 235
1080 2 2 8 7 114 254 253
1081 2 2 8 7 83 84 248
1082 2 2 8 7 104 263 235
1083 2 2 8 7 92 93 244
1084 2 2 8 7 93 161 244
1085 2 2 8 7 121 122 360
1086 2 2 8 7 83 248 249
1087 2 2 8 7 87 88 251
1088 2 2 8 7 71 72 226
1089 2 2 8 7 122 365 360
1090 2 2 8 7 71 226 224
1091 2 2 8 7 87 251 250
1092 2 2 8 7 94 95 242
1093 2 2 8 7 94 242 160
1094 2 2 8 7 74 75 227
1095 2 2 8 7 74 227 228
1096 2 2 8 7 120 121 361
1097 2 2 8 7 114 115 254
1098 2 2 8 7 121 360 361
1099 2 2 8 7 66 67 221
1100 2 2 8 7 64 65 190
1101 2 2 8 7 66 221 189
1102 2 2 8 7 115 252 254
1103 2 2 8 7 119 120 362
1104 2 2 8 7 64 190 188
1105 2 2 8 7 100 101 236
1106 2 2 8 7 4 252 115
1107 2 2 8 7 101 237 236
1108 2 2 8 7 120 361 362
1109 2 2 8 7 123 124 178
1110 2 2 8 7 4 168 252
1111 2 2 8 7 67 68 220
1112 2 2 8 7 70 71 224
1113 2 2 8 7 130 131 181
1114 2 2 8 7 60 61 182
1115 2 2 8 7 124 364 178
1116 2 2 8 7 45 46 214
1117 2 2 8 7 45 214 215
1118 2 2 8 7 131 180 181
1119 2 2 8 7 67 220 221
1120 2 2 8 7 131 132 180
1121 2 2 8 7 69 70 225
1122 2 2 8 7 60 182 183
1123 2 2 8 7 70 224 225
1124 2 2 8 7 90 91 243
1125 2 2 8 7 107 108 260
1126 2 2 8 7 132 382 180
1127 2 2 8 7 69 225 219
1128 2 2 8 7 90 243 167
1129 2 2 8 7 63 64 188
1130 2 2 8 7 132 133 382
1131 2 2 8 7 51 52 156
1132 2 2 8 7 51 156 201
1133 2 2 8 7 108 259 260
1134 2 2 8 7 56 57 153
1135 2 2 8 7 133 380 382
1136 2 2 8 7 63 188 187
1137 2 2 8 7 56 153 154
1138 2 2 8 7 128 129 384
1139 2 2 8 7 125 126 366
1140 2 2 8 7 129 385 384
1141 2 2 8 7 117 118 359
1142 2 2 8 7 85 86 165
1143 2 2 8 7 127 128 177
1144 2 2 8 7 126 179 366
1145 2 2 8 7 22 23 265
1146 2 2 8 7 23 267 265
1147 2 2 8 7 128 384 177
1148 2 2 8 7 118 358 359
1149 2 2 8 7 62 63 187
1150 2 2 8 7 50 51 201
1151 2 2 8 7 85 165 166
1152 2 2 8 7 19 20 169
1153 2 2 8 7 20 170 169
1154 2 2 8 7 62 187 191
1155 2 2 8 7 50 201 204
1156 2 2 8 7 82 83 249
1157 2 2 8 7 1 347 152
1158 2 2 8 7 1 174 347
1159 2 2 8 7 149 150 354
1160 2 2 8 7 122 123 365
1161 2 2 8 7 134 135 381
1162 2 2 8 7 57 58 192
1163 2 2 8 7 133 134 380
1164 2 2 8 7 150 351 354
1165 2 2 8 7 4 116 168
1166 2 2 8 7 126 127 179
1167 2 2 8 7 150 151 351
1168 2 2 8 7 44 45 215
1169 2 2 8 7 44 215 212
1170 2 2 8 7 135 377 381
1171 2 2 8 7 151 350 351
1172 2 2 8 7 134 381 380
1173 2 2 8 7 82 249 247
1174 2 2 8 7 76 77 230
1175 2 2 8 7 57 192 153
1176 2 2 8 7 123 178 365
1177 2 2 8 7 127 177 179
1178 2 2 8 7 27 28 285
1179 2 2 8 7 116 176 168
1180 2 2 8 7 18 19 277
1181 2 2 8 7 27 285 282
1182 2 2 8 7 28 29 284
1183 2 2 8 7 116 117 176
1184 2 2 8 7 135 136 377
1185 2 2 8 7 76 230 231
1186 2 2 8 7 19 169 277
1187 2 2 8 7 2 159 41
1188 2 2 8 7 28 284 285
1189 2 2 8 7 75 76 231
1190 2 2 8 7 13 14 317
1191 2 2 8 7 5 6 175
1192 2 2 8 7 37 38 307
1193 2 2 8 7 41 159 300
1194 2 2 8 7 117 359 176
1195 2 2 8 7 14 311 317
1196 2 2 8 7 75 231 227
1197 2 2 8 7 37 307 306
1198 2 2 8 7 136 367 377
1199 2 2 8 7 21 22 278
1200 2 2 8 7 6 328 175
1201 2 2 8 7 22 265 278
1202 2 2 8 7 61 62 191
1203 2 2 8 7 43 44 212
1204 2 2 8 7 30 31 292
1205 2 2 8 7 7 8 329
1206 2 2 8 7 61 191 182
1207 2 2 8 7 43 212 211
1208 2 2 8 7 42 43 211
1209 2 2 8 7 30 292 290
1210 2 2 8 7 145 146 342
1211 2 2 8 7 33 34 296
1212 2 2 8 7 33 296 297
1213 2 2 8 7 8 321 329
1214 2 2 8 7 25 26 283
1215 2 2 8 7 25 283 279
1216 2 2 8 7 146 345 342
1217 2 2 8 7 6 7 328
1218 2 2 8 7 72 73 229
1219 2 2 8 7 124 125 364
1220 2 2 8 7 42 211 158
1221 2 2 8 7 58 59 184
1222 2 2 8 7 146 147 345
1223 2 2 8 7 54 55 196
1224 2 2 8 7 147 352 345
1225 2 2 8 7 59 60 183
1226 2 2 8 7 58 184 192
1227 2 2 8 7 7 329 328
1228 2 2 8 7 125 366 364
1229 2 2 8 7 38 39 307
1230 2 2 8 7 137 138 371
1231 2 2 8 7 39 304 307
1232 2 2 8 7 55 56 154
1233 2 2 8 7 14 15 311
1234 2 2 8 7 72 229 226
1235 2 2 8 7 15 171 311
1236 2 2 8 7 59 183 184
1237 2 2 8 7 54 196 195
1238 2 2 8 7 147 148 352
1239 2 2 8 7 68 69 219
1240 2 2 8 7 34 35 296
1241 2 2 8 7 55 154 196
1242 2 2 8 7 141 142 335
1243 2 2 8 7 29 30 284
1244 2 2 8 7 151 152 350
1245 2 2 8 7 35 298 296
1246 2 2 8 7 8 9 321
1247 2 2 8 7 46 47 213
1248 2 2 8 7 138 370 371
1249 2 2 8 7 148 353 352
1250 2 2 8 7 20 21 278
1251 2 2 8 7 30 290 284
1252 2 2 8 7 26 27 283
1253 2 2 8 7 48 49 157
1254 2 2 8 7 142 333 335
1255 2 2 8 7 27 282 283
1256 2 2 8 7 152 347 350
1257 2 2 8 7 46 213 214
1258 2 2 8 7 20 278 170
1259 2 2 8 7 129 130 385
1260 2 2 8 7 9 322 321
1261 2 2 8 7 68 219 220
1262 2 2 8 7 143 144 334
1263 2 2 8 7 48 157 206
1264 2 2 8 7 15 16 172
1265 2 2 8 7 130 181 385
1266 2 2 8 7 144 341 334
1267 2 2 8 7 40 41 300
1268 2 2 8 7 65 66 189
1269 2 2 8 7 2 42 158
1270 2 2 8 7 15 172 171
1271 2 2 8 7 138 139 370
1272 2 2 8 7 40 300 303
1273 2 2 8 7 11 12 320
1274 2 2 8 7 49 50 204
1275 2 2 8 7 12 173 320
1276 2 2 8 7 65 189 190
1277 2 2 8 7 16 17 172
1278 2 2 8 7 2 158 159
1279 2 2 8 7 136 137 367
1280 2 2 8 7 49 204 157
1281 2 2 8 7 17 276 172
1282 2 2 8 7 139 140 368
1283 2 2 8 7 139 368 370
1284 2 2 8 7 39 40 303
1285 2 2 8 7 9 10 322
1286 2 2 8 7 137 371 367
1287 2 2 8 7 39 303 304
1288 2 2 8 7 10 323 322
1289 2 2 8 7 140 369 368
1290 2 2 8 7 140 141 369
1291 2 2 8 7 52 53 155
1292 2 2 8 7 31 32 291
1293 2 2 8 7 23 24 267
1294 2 2 8 7 24 269 267
1295 2 2 8 7 141 335 369
1296 2 2 8 7 31 291 292
1297 2 2 8 7 52 155 156
1298 2 2 8 7 24 25 279
1299 2 2 8 7 24 279 269
1300 2 2 8 7 1 5 174
1301 2 2 8 7 17 18 276
1302 2 2 8 7 18 277 276
1303 2 2 8 7 12 13 173
1304 2 2 8 7 53 54 195
1305 2 2 8 7 5 175 174
1306 2 2 8 7 13 317 173
1307 2 2 8 7 144 145 341
1308 2 2 8 7 53 195 155
1309 2 2 8 7 47 48 206
1310 2 2 8 7 142 143 333
1311 2 2 8 7 32 33 297
1312 2 2 8 7 145 342 341
1313 2 2 8 7 35 36 305
1314 2 2 8 7 32 297 291
1315 2 2 8 7 47 206 213
1316 2 2 8 7 35 305 298
1317 2 2 8 7 143 334 333
1318 2 2 8 7 10 11 323
1319 2 2 8 7 36 37 306
1320 2 2 8 7 11 320 323
1321 2 2 8 7 148 149 353
1322 2 2 8 7 36 306 305
1323 2 2 8 7 149 354 353
1324 2 2 8 7 1433 1436 1435
1325 2 2 8 7 605 620 619
1326 2 2 8 7 605 619 626
1327 2 2 8 7 1200 1202 1201
1328 2 2 8 7 1113 1133 1131
1329 2 2 8 7 1107 1133 1113
1330 2 2 8 7 1112 1114 1115
1331 2 2 8 7 1794 1808 1810
1332 2 2 8 7 1808 1811 1810
1333 2 2 8 7 1365 1366 1367
1334 2 2 8 7 1365 1367 1384
1335 2 2 8 7 1111 1114 1112
1336 2 2 8 7 664 702 897
1337 2 2 8 7 896 1161 897
1338 2 2 8 7 663 664 897
1339 2 2 8 7 663 897 1161
1340 2 2 8 7 1711 1754 1780
1341 2 2 8 7 1754 1781 1780
1342 2 2 8 7 477 579 478
1343 2 2 8 7 1780 1781 1786
1344 2 2 8 7 1063 1076 1092
1345 2 2 8 7 1779 1786 1781
1346 2 2 8 7 568 570 569
1347 2 2 8 7 478 579 576
1348 2 2 8 7 563 568 569
1349 2 2 8 7 1076 1093 1092
1350 2 2 8 7 1078 1861 1089
1351 2 2 8 7 1089 1861 1854
1352 2 2 8 7 1463 1490 1536
1353 2 2 8 7 1462 1490 1463
1354 2 2 8 7 1387 1392 1388
1355 2 2 8 7 1854 1861 1862
1356 2 2 8 7 1854 1862 1855
1357 2 2 8 7 1153 1159 1160
1358 2 2 8 7 1152 1159 1153
1359 2 2 8 7 1386 1387 1388
1360 2 2 8 7 1129 1130 1132
1361 2 2 8 7 1139 1147 1146
1362 2 2 8 7 1139 1148 1147
1363 2 2 8 7 1363 1366 1466
1364 2 2 8 7 1129 1132 1138
1365 2 2 8 7 1365 1466 1366
1366 2 2 8 7 1843 1849 1866
1367 2 2 8 7 1843 1844 1849
1368 2 2 8 7 542 562 544
1369 2 2 8 7 1076 1078 1093
1370 2 2 8 7 1078 1089 1093
1371 2 2 8 7 542 543 562
1372 2 2 8 7 1492 1535 1536
1373 2 2 8 7 1153 1154 1155
1374 2 2 8 7 540 543 542
1375 2 2 8 7 1490 1492 1536
1376 2 2 8 7 540 639 543
1377 2 2 8 7 1841 1842 1843
1378 2 2 8 7 1408 1410 1411
1379 2 2 8 7 1410 1412 1411
1380 2 2 8 7 1842 1844 1843
1381 2 2 8 7 1306 1407 1410
1382 2 2 8 7 1152 1153 1155
1383 2 2 8 7 1407 1412 1410
1384 2 2 8 7 566 567 570
1385 2 2 8 7 1783 1785 1786
1386 2 2 8 7 566 570 568
1387 2 2 8 7 1779 1783 1786
1388 2 2 8 7 1063 1111 1112
1389 2 2 8 7 1710 1754 1711
1390 2 2 8 7 1130 1131 1132
1391 2 2 8 7 1710 1755 1754
1392 2 2 8 7 1063 1092 1111
1393 2 2 8 7 1131 1133 1132
1394 2 2 8 7 1367 1387 1384
1395 2 2 8 7 1390 1409 1391
1396 2 2 8 7 634 637 635
1397 2 2 8 7 1391 1409 1415
1398 2 2 8 7 634 636 637
1399 2 2 8 7 1384 1387 1386
1400 2 2 8 7 1300 1402 1301
1401 2 2 8 7 1301 1402 1401
1402 2 2 8 7 1107 1113 1115
1403 2 2 8 7 1443 1732 1460
1404 2 2 8 7 1107 1115 1114
1405 2 2 8 7 601 604 606
1406 2 2 8 7 1213 1729 1215
1407 2 2 8 7 601 606 608
1408 2 2 8 7 1473 1476 1475
1409 2 2 8 7 1475 1476 1477
1410 2 2 8 7 1438 1441 1445
1411 2 2 8 7 1736 1737 1832
1412 2 2 8 7 1724 1733 1730
1413 2 2 8 7 649 655 650
1414 2 2 8 7 1168 1195 1173
1415 2 2 8 7 1424 1427 1425
1416 2 2 8 7 1424 1429 1427
1417 2 2 8 7 1735 1737 1736
1418 2 2 8 7 1173 1195 1174
1419 2 2 8 7 650 655 654
1420 2 2 8 7 1418 1419 1448
1421 2 2 8 7 1419 1423 1448
1422 2 2 8 7 644 647 651
1423 2 2 8 7 593 598 596
1424 2 2 8 7 644 651 645
1425 2 2 8 7 593 594 598
1426 2 2 8 7 1177 1179 1178
1427 2 2 8 7 1176 1179 1177
1428 2 2 8 7 1829 1835 1830
1429 2 2 8 7 1828 1835 1829
1430 2 2 8 7 1737 1830 1832
1431 2 2 8 7 1765 1766 1767
1432 2 2 8 7 1737 1829 1830
1433 2 2 8 7 1764 1766 1765
1434 2 2 8 7 549 669 551
1435 2 2 8 7 1176 1180 1179
1436 2 2 8 7 1176 1182 1180
1437 2 2 8 7 1471 1476 1473
1438 2 2 8 7 1471 1472 1476
1439 2 2 8 7 1481 1767 1482
1440 2 2 8 7 909 911 918
1441 2 2 8 7 1039 1120 1119
1442 2 2 8 7 1481 1765 1767
1443 2 2 8 7 1704 1708 1707
1444 2 2 8 7 927 930 957
1445 2 2 8 7 1929 1936 1944
1446 2 2 8 7 728 730 729
1447 2 2 8 7 693 696 695
1448 2 2 8 7 493 518 526
1449 2 2 8 7 1772 1773 1775
1450 2 2 8 7 1771 1773 1772
1451 2 2 8 7 1656 1657 1658
1452 2 2 8 7 551 669 552
1453 2 2 8 7 1453 1454 1457
1454 2 2 8 7 1452 1457 1454
1455 2 2 8 7 1039 1121 1120
1456 2 2 8 7 909 918 921
1457 2 2 8 7 1706 1707 1708
1458 2 2 8 7 927 957 955
1459 2 2 8 7 1936 1937 1944
1460 2 2 8 7 727 730 728
1461 2 2 8 7 693 697 696
1462 2 2 8 7 493 526 525
1463 2 2 8 7 1657 1800 1658
1464 2 2 8 7 1745 1746 1769
1465 2 2 8 7 1456 1479 1478
1466 2 2 8 7 1085 1189 1192
1467 2 2 8 7 1085 1190 1189
1468 2 2 8 7 1745 1769 1763
1469 2 2 8 7 1818 1938 1936
1470 2 2 8 7 1720 1721 1827
1471 2 2 8 7 1718 1827 1721
1472 2 2 8 7 631 653 1183
1473 2 2 8 7 1881 1887 1882
1474 2 2 8 7 694 695 696
1475 2 2 8 7 538 549 551
1476 2 2 8 7 927 931 930
1477 2 2 8 7 1191 1192 1199
1478 2 2 8 7 492 518 493
1479 2 2 8 7 961 1119 1120
1480 2 2 8 7 1818 1936 1934
1481 2 2 8 7 909 912 911
1482 2 2 8 7 1655 1657 1656
1483 2 2 8 7 1929 1935 1936
1484 2 2 8 7 729 730 731
1485 2 2 8 7 1449 1452 1454
1486 2 2 8 7 1189 1199 1192
1487 2 2 8 7 1549 1708 1704
1488 2 2 8 7 1428 1433 1434
1489 2 2 8 7 240 241 792
1490 2 2 8 7 240 792 790
1491 2 2 8 7 182 388 183
1492 2 2 8 7 377 378 381
1493 2 2 8 7 183 388 387
1494 2 2 8 7 376 378 377
1495 2 2 8 7 267 269 268
1496 2 2 8 7 264 267 268
1497 2 2 8 7 227 757 228
1498 2 2 8 7 228 757 759
1499 2 2 8 7 165 866 166
1500 2 2 8 7 171 172 315
1501 2 2 8 7 172 313 315
1502 2 2 8 7 166 866 867
1503 2 2 8 7 261 262 1002
1504 2 2 8 7 262 1001 1002
1505 2 2 8 7 255 992 256
1506 2 2 8 7 255 990 992
1507 2 2 8 7 157 203 206
1508 2 2 8 7 202 206 203
1509 2 2 8 7 306 307 309
1510 2 2 8 7 307 308 309
1511 2 2 8 7 164 167 873
1512 2 2 8 7 167 871 873
1513 2 2 8 7 158 211 210
1514 2 2 8 7 158 210 207
1515 2 2 8 7 234 235 998
1516 2 2 8 7 234 998 787
1517 2 2 8 7 155 199 156
1518 2 2 8 7 156 199 197
1519 2 2 8 7 333 334 338
1520 2 2 8 7 334 339 338
1521 2 2 8 7 163 833 233
1522 2 2 8 7 233 833 786
1523 2 2 8 7 179 363 366
1524 2 2 8 7 179 1971 363
1525 2 2 8 7 162 245 834
1526 2 2 8 7 245 831 834
1527 2 2 8 7 360 1914 361
1528 2 2 8 7 360 1915 1914
1529 2 2 8 7 256 992 257
1530 2 2 8 7 168 985 252
1531 2 2 8 7 168 1892 985
1532 2 2 8 7 257 992 993
1533 2 2 8 7 224 755 225
1534 2 2 8 7 230 233 782
1535 2 2 8 7 173 319 320
1536 2 2 8 7 233 786 782
1537 2 2 8 7 173 318 319
1538 2 2 8 7 228 759 229
1539 2 2 8 7 164 873 251
1540 2 2 8 7 251 873 874
1541 2 2 8 7 358 362 1911
1542 2 2 8 7 225 755 753
1543 2 2 8 7 293 297 296
1544 2 2 8 7 360 365 1986
1545 2 2 8 7 358 1911 1894
1546 2 2 8 7 229 759 760
1547 2 2 8 7 253 254 987
1548 2 2 8 7 293 295 297
1549 2 2 8 7 360 1986 1915
1550 2 2 8 7 239 789 242
1551 2 2 8 7 254 986 987
1552 2 2 8 7 246 247 861
1553 2 2 8 7 242 789 817
1554 2 2 8 7 188 190 423
1555 2 2 8 7 168 176 1892
1556 2 2 8 7 161 827 244
1557 2 2 8 7 176 1891 1892
1558 2 2 8 7 161 828 827
1559 2 2 8 7 178 1986 365
1560 2 2 8 7 188 423 422
1561 2 2 8 7 246 861 832
1562 2 2 8 7 178 1985 1986
1563 2 2 8 7 177 1971 179
1564 2 2 8 7 243 244 872
1565 2 2 8 7 248 864 249
1566 2 2 8 7 234 788 237
1567 2 2 8 7 244 827 872
1568 2 2 8 7 159 299 300
1569 2 2 8 7 159 208 299
1570 2 2 8 7 258 994 259
1571 2 2 8 7 234 787 788
1572 2 2 8 7 259 994 995
1573 2 2 8 7 252 986 254
1574 2 2 8 7 177 1966 1971
1575 2 2 8 7 249 864 865
1576 2 2 8 7 176 359 1891
1577 2 2 8 7 252 985 986
1578 2 2 8 7 187 416 191
1579 2 2 8 7 359 1893 1891
1580 2 2 8 7 187 418 416
1581 2 2 8 7 162 834 163
1582 2 2 8 7 236 796 238
1583 2 2 8 7 163 834 833
1584 2 2 8 7 230 782 231
1585 2 2 8 7 212 215 216
1586 2 2 8 7 265 266 278
1587 2 2 8 7 266 272 278
1588 2 2 8 7 231 782 232
1589 2 2 8 7 174 331 347
1590 2 2 8 7 209 212 216
1591 2 2 8 7 236 797 796
1592 2 2 8 7 321 324 329
1593 2 2 8 7 331 346 347
1594 2 2 8 7 324 330 329
1595 2 2 8 7 175 328 332
1596 2 2 8 7 321 322 326
1597 2 2 8 7 321 326 324
1598 2 2 8 7 160 816 161
1599 2 2 8 7 368 369 373
1600 2 2 8 7 299 303 300
1601 2 2 8 7 337 373 369
1602 2 2 8 7 161 816 828
1603 2 2 8 7 299 302 303
1604 2 2 8 7 327 332 328
1605 2 2 8 7 260 1001 262
1606 2 2 8 7 187 188 418
1607 2 2 8 7 224 226 754
1608 2 2 8 7 219 223 220
1609 2 2 8 7 188 422 418
1610 2 2 8 7 224 754 755
1611 2 2 8 7 271 279 283
1612 2 2 8 7 353 354 356
1613 2 2 8 7 361 1914 362
1614 2 2 8 7 362 1914 1911
1615 2 2 8 7 180 382 2019
1616 2 2 8 7 260 996 1001
1617 2 2 8 7 154 194 196
1618 2 2 8 7 270 271 283
1619 2 2 8 7 160 242 817
1620 2 2 8 7 193 196 194
1621 2 2 8 7 166 867 248
1622 2 2 8 7 180 2021 181
1623 2 2 8 7 248 867 864
1624 2 2 8 7 352 353 356
1625 2 2 8 7 180 2019 2018
1626 2 2 8 7 180 2018 2021
1627 2 2 8 7 261 1002 263
1628 2 2 8 7 220 223 741
1629 2 2 8 7 354 357 356
1630 2 2 8 7 153 389 154
1631 2 2 8 7 160 817 816
1632 2 2 8 7 154 389 194
1633 2 2 8 7 364 366 1987
1634 2 2 8 7 333 338 335
1635 2 2 8 7 352 356 355
1636 2 2 8 7 363 1987 366
1637 2 2 8 7 263 1002 997
1638 2 2 8 7 198 204 201
1639 2 2 8 7 198 205 204
1640 2 2 8 7 280 282 285
1641 2 2 8 7 280 285 281
1642 2 2 8 7 379 382 380
1643 2 2 8 7 322 323 325
1644 2 2 8 7 335 338 336
1645 2 2 8 7 219 225 753
1646 2 2 8 7 322 325 326
1647 2 2 8 7 287 292 291
1648 2 2 8 7 227 231 757
1649 2 2 8 7 231 232 757
1650 2 2 8 7 379 2019 382
1651 2 2 8 7 347 348 350
1652 2 2 8 7 219 753 223
1653 2 2 8 7 195 196 200
1654 2 2 8 7 311 316 317
1655 2 2 8 7 259 996 260
1656 2 2 8 7 165 250 866
1657 2 2 8 7 245 246 832
1658 2 2 8 7 311 314 316
1659 2 2 8 7 346 348 347
1660 2 2 8 7 245 832 831
1661 2 2 8 7 286 292 287
1662 2 2 8 7 342 345 343
1663 2 2 8 7 193 200 196
1664 2 2 8 7 334 341 339
1665 2 2 8 7 343 345 344
1666 2 2 8 7 259 995 996
1667 2 2 8 7 250 868 866
1668 2 2 8 7 370 374 371
1669 2 2 8 7 339 341 340
1670 2 2 8 7 235 263 997
1671 2 2 8 7 349 351 350
1672 2 2 8 7 169 275 277
1673 2 2 8 7 250 251 874
1674 2 2 8 7 368 372 370
1675 2 2 8 7 169 274 275
1676 2 2 8 7 348 349 350
1677 2 2 8 7 235 997 998
1678 2 2 8 7 370 372 374
1679 2 2 8 7 253 990 255
1680 2 2 8 7 250 874 868
1681 2 2 8 7 368 373 372
1682 2 2 8 7 153 192 186
1683 2 2 8 7 184 185 192
1684 2 2 8 7 253 987 990
1685 2 2 8 7 384 385 1967
1686 2 2 8 7 169 170 273
1687 2 2 8 7 1428 1432 1433
1688 2 2 8 7 158 208 159
1689 2 2 8 7 189 221 735
1690 2 2 8 7 158 207 208
1691 2 2 8 7 169 273 274
1692 2 2 8 7 236 237 797
1693 2 2 8 7 293 296 298
1694 2 2 8 7 293 298 294
1695 2 2 8 7 185 186 192
1696 2 2 8 7 302 304 303
1697 2 2 8 7 383 1967 385
1698 2 2 8 7 153 186 389
1699 2 2 8 7 189 735 222
1700 2 2 8 7 237 788 797
1701 2 2 8 7 214 218 215
1702 2 2 8 7 284 289 285
1703 2 2 8 7 301 304 302
1704 2 2 8 7 215 218 216
1705 2 2 8 7 281 285 289
1706 2 2 8 7 178 364 1985
1707 2 2 8 7 367 371 375
1708 2 2 8 7 257 993 258
1709 2 2 8 7 156 197 201
1710 2 2 8 7 364 1987 1985
1711 2 2 8 7 335 336 369
1712 2 2 8 7 174 175 331
1713 2 2 8 7 220 741 221
1714 2 2 8 7 371 374 375
1715 2 2 8 7 213 217 214
1716 2 2 8 7 291 297 295
1717 2 2 8 7 345 352 355
1718 2 2 8 7 258 993 994
1719 2 2 8 7 336 337 369
1720 2 2 8 7 175 332 331
1721 2 2 8 7 287 291 295
1722 2 2 8 7 189 222 190
1723 2 2 8 7 344 345 355
1724 2 2 8 7 197 198 201
1725 2 2 8 7 181 383 385
1726 2 2 8 7 214 217 218
1727 2 2 8 7 221 741 735
1728 2 2 8 7 327 328 329
1729 2 2 8 7 327 329 330
1730 2 2 8 7 171 315 311
1731 2 2 8 7 190 222 423
1732 2 2 8 7 305 306 309
1733 2 2 8 7 210 211 212
1734 2 2 8 7 209 210 212
1735 2 2 8 7 181 2021 383
1736 2 2 8 7 155 195 199
1737 2 2 8 7 319 323 320
1738 2 2 8 7 311 315 314
1739 2 2 8 7 319 325 323
1740 2 2 8 7 170 278 272
1741 2 2 8 7 195 200 199
1742 2 2 8 7 305 309 310
1743 2 2 8 7 276 277 312
1744 2 2 8 7 284 290 288
1745 2 2 8 7 238 792 241
1746 2 2 8 7 284 288 289
1747 2 2 8 7 275 312 277
1748 2 2 8 7 170 272 273
1749 2 2 8 7 167 243 871
1750 2 2 8 7 238 796 792
1751 2 2 8 7 304 308 307
1752 2 2 8 7 239 240 790
1753 2 2 8 7 301 308 304
1754 2 2 8 7 247 249 865
1755 2 2 8 7 358 1893 359
1756 2 2 8 7 157 204 203
1757 2 2 8 7 243 872 871
1758 2 2 8 7 239 790 789
1759 2 2 8 7 340 341 342
1760 2 2 8 7 247 865 861
1761 2 2 8 7 358 1894 1893
1762 2 2 8 7 378 380 381
1763 2 2 8 7 270 283 282
1764 2 2 8 7 203 204 205
1765 2 2 8 7 226 229 760
1766 2 2 8 7 340 342 343
1767 2 2 8 7 177 384 1966
1768 2 2 8 7 378 379 380
1769 2 2 8 7 270 282 280
1770 2 2 8 7 351 357 354
1771 2 2 8 7 226 760 754
1772 2 2 8 7 172 276 313
1773 2 2 8 7 349 357 351
1774 2 2 8 7 384 1967 1966
1775 2 2 8 7 202 213 206
1776 2 2 8 7 173 317 318
1777 2 2 8 7 276 312 313
1778 2 2 8 7 202 217 213
1779 2 2 8 7 286 290 292
1780 2 2 8 7 182 191 388
1781 2 2 8 7 316 318 317
1782 2 2 8 7 286 288 290
1783 2 2 8 7 191 416 388
1784 2 2 8 7 367 376 377
1785 2 2 8 7 298 305 310
1786 2 2 8 7 367 375 376
1787 2 2 8 7 294 298 310
1788 2 2 8 7 183 387 184
1789 2 2 8 7 264 265 267
1790 2 2 8 7 184 387 185
1791 2 2 8 7 268 269 279
1792 2 2 8 7 264 266 265
1793 2 2 8 7 268 279 271
1794 2 2 8 7 1881 1885 1887
1795 2 2 8 7 1083 1190 1085
1796 2 2 8 7 694 696 698
1797 2 2 8 7 1718 1825 1827
1798 2 2 8 7 1083 1188 1190
1799 2 2 8 7 538 551 550
1800 2 2 8 7 1718 1719 1825
1801 2 2 8 7 889 907 910
1802 2 2 8 7 927 932 931
1803 2 2 8 7 492 493 495
1804 2 2 8 7 961 1120 1118
1805 2 2 8 7 909 910 912
1806 2 2 8 7 1655 1685 1657
1807 2 2 8 7 1934 1936 1935
1808 2 2 8 7 1681 1683 1687
1809 2 2 8 7 715 731 730
1810 2 2 8 7 1798 1802 1801
1811 2 2 8 7 1549 1550 1708
1812 2 2 8 7 619 621 622
1813 2 2 8 7 619 622 625
1814 2 2 8 7 1464 1539 1537
1815 2 2 8 7 1821 1869 1940
1816 2 2 8 7 889 910 890
1817 2 2 8 7 1319 1324 1349
1818 2 2 8 7 475 481 476
1819 2 2 8 7 482 496 498
1820 2 2 8 7 1538 1539 1541
1821 2 2 8 7 476 479 478
1822 2 2 8 7 1821 1841 1868
1823 2 2 8 7 1683 1688 1687
1824 2 2 8 7 1323 1408 1324
1825 2 2 8 7 1798 1803 1802
1826 2 2 8 7 477 480 498
1827 2 2 8 7 602 618 603
1828 2 2 8 7 1821 1868 1869
1829 2 2 8 7 1319 1323 1324
1830 2 2 8 7 1201 1202 1209
1831 2 2 8 7 476 481 479
1832 2 2 8 7 480 482 498
1833 2 2 8 7 1537 1539 1538
1834 2 2 8 7 1444 1459 1458
1835 2 2 8 7 1081 1087 1088
1836 2 2 8 7 1187 1725 1726
1837 2 2 8 7 1438 1442 1441
1838 2 2 8 7 1444 1460 1459
1839 2 2 8 7 1210 1212 1215
1840 2 2 8 7 1186 1187 1726
1841 2 2 8 7 1845 1846 1847
1842 2 2 8 7 1846 1848 1849
1843 2 2 8 7 623 652 624
1844 2 2 8 7 1080 1087 1081
1845 2 2 8 7 600 1431 1430
1846 2 2 8 7 482 491 496
1847 2 2 8 7 524 528 527
1848 2 2 8 7 1538 1541 1542
1849 2 2 8 7 1846 1849 1847
1850 2 2 8 7 387 388 411
1851 2 2 8 7 386 387 411
1852 2 2 8 7 790 792 791
1853 2 2 8 7 791 792 800
1854 2 2 8 7 264 268 1216
1855 2 2 8 7 268 1226 1216
1856 2 2 8 7 376 2020 378
1857 2 2 8 7 376 1992 2020
1858 2 2 8 7 866 884 867
1859 2 2 8 7 867 884 885
1860 2 2 8 7 871 876 873
1861 2 2 8 7 873 876 875
1862 2 2 8 7 863 865 864
1863 2 2 8 7 207 210 440
1864 2 2 8 7 210 443 440
1865 2 2 8 7 862 865 863
1866 2 2 8 7 1913 1914 1915
1867 2 2 8 7 1913 1915 1916
1868 2 2 8 7 318 1580 319
1869 2 2 8 7 318 1578 1580
1870 2 2 8 7 1984 1986 1985
1871 2 2 8 7 1983 1984 1985
1872 2 2 8 7 785 786 833
1873 2 2 8 7 785 833 835
1874 2 2 8 7 313 1570 315
1875 2 2 8 7 202 203 437
1876 2 2 8 7 831 836 834
1877 2 2 8 7 313 1569 1570
1878 2 2 8 7 829 836 831
1879 2 2 8 7 202 437 439
1880 2 2 8 7 338 339 1616
1881 2 2 8 7 339 1618 1616
1882 2 2 8 7 197 199 429
1883 2 2 8 7 1001 1011 1002
1884 2 2 8 7 199 428 429
1885 2 2 8 7 827 870 872
1886 2 2 8 7 1002 1011 1003
1887 2 2 8 7 827 869 870
1888 2 2 8 7 1891 1893 1898
1889 2 2 8 7 1966 1970 1971
1890 2 2 8 7 983 987 986
1891 2 2 8 7 982 987 983
1892 2 2 8 7 1893 1896 1898
1893 2 2 8 7 1966 1972 1970
1894 2 2 8 7 759 761 760
1895 2 2 8 7 223 743 741
1896 2 2 8 7 741 743 742
1897 2 2 8 7 758 761 759
1898 2 2 8 7 991 993 992
1899 2 2 8 7 286 287 1252
1900 2 2 8 7 232 782 783
1901 2 2 8 7 287 1259 1252
1902 2 2 8 7 750 753 755
1903 2 2 8 7 209 216 445
1904 2 2 8 7 232 783 784
1905 2 2 8 7 209 445 442
1906 2 2 8 7 208 441 299
1907 2 2 8 7 989 991 992
1908 2 2 8 7 757 758 759
1909 2 2 8 7 744 753 750
1910 2 2 8 7 299 441 1263
1911 2 2 8 7 193 425 200
1912 2 2 8 7 193 424 425
1913 2 2 8 7 325 1583 326
1914 2 2 8 7 1894 1911 1912
1915 2 2 8 7 756 758 757
1916 2 2 8 7 997 1002 1004
1917 2 2 8 7 326 1583 1581
1918 2 2 8 7 1894 1912 1895
1919 2 2 8 7 1002 1003 1004
1920 2 2 8 7 383 1968 1967
1921 2 2 8 7 873 882 874
1922 2 2 8 7 331 1609 346
1923 2 2 8 7 346 1609 1627
1924 2 2 8 7 327 1610 332
1925 2 2 8 7 363 1971 1981
1926 2 2 8 7 873 875 882
1927 2 2 8 7 383 1969 1968
1928 2 2 8 7 1970 1981 1971
1929 2 2 8 7 984 985 1892
1930 2 2 8 7 301 302 1264
1931 2 2 8 7 327 1607 1610
1932 2 2 8 7 984 1892 1897
1933 2 2 8 7 832 861 860
1934 2 2 8 7 293 1260 295
1935 2 2 8 7 787 998 1000
1936 2 2 8 7 301 1264 1265
1937 2 2 8 7 998 999 1000
1938 2 2 8 7 830 832 860
1939 2 2 8 7 995 1010 996
1940 2 2 8 7 295 1260 1258
1941 2 2 8 7 995 1009 1010
1942 2 2 8 7 348 1629 349
1943 2 2 8 7 348 1628 1629
1944 2 2 8 7 217 446 218
1945 2 2 8 7 735 741 740
1946 2 2 8 7 340 343 1617
1947 2 2 8 7 983 986 985
1948 2 2 8 7 740 741 742
1949 2 2 8 7 343 1624 1617
1950 2 2 8 7 983 985 984
1951 2 2 8 7 355 356 1630
1952 2 2 8 7 1891 1897 1892
1953 2 2 8 7 218 446 444
1954 2 2 8 7 1891 1898 1897
1955 2 2 8 7 288 1251 289
1956 2 2 8 7 222 735 740
1957 2 2 8 7 789 819 817
1958 2 2 8 7 997 1004 998
1959 2 2 8 7 421 422 423
1960 2 2 8 7 991 994 993
1961 2 2 8 7 336 338 1615
1962 2 2 8 7 421 423 736
1963 2 2 8 7 289 1251 1248
1964 2 2 8 7 991 1008 994
1965 2 2 8 7 989 992 990
1966 2 2 8 7 998 1004 999
1967 2 2 8 7 344 355 1626
1968 2 2 8 7 338 1616 1615
1969 2 2 8 7 355 1630 1626
1970 2 2 8 7 356 1631 1630
1971 2 2 8 7 222 740 737
1972 2 2 8 7 324 1582 330
1973 2 2 8 7 330 1582 1608
1974 2 2 8 7 815 817 819
1975 2 2 8 7 270 1217 271
1976 2 2 8 7 988 989 990
1977 2 2 8 7 309 1268 310
1978 2 2 8 7 782 786 783
1979 2 2 8 7 868 874 882
1980 2 2 8 7 270 1219 1217
1981 2 2 8 7 783 786 785
1982 2 2 8 7 308 1267 309
1983 2 2 8 7 868 882 883
1984 2 2 8 7 416 418 417
1985 2 2 8 7 796 797 798
1986 2 2 8 7 309 1267 1268
1987 2 2 8 7 752 754 760
1988 2 2 8 7 417 418 419
1989 2 2 8 7 752 760 761
1990 2 2 8 7 795 798 797
1991 2 2 8 7 286 1251 288
1992 2 2 8 7 286 1252 1251
1993 2 2 8 7 1966 1967 1972
1994 2 2 8 7 308 1266 1267
1995 2 2 8 7 372 1991 374
1996 2 2 8 7 193 194 424
1997 2 2 8 7 1967 1968 1972
1998 2 2 8 7 1915 1986 1916
1999 2 2 8 7 996 1010 1001
2000 2 2 8 7 194 391 424
2001 2 2 8 7 372 1989 1991
2002 2 2 8 7 1916 1986 1984
2003 2 2 8 7 274 1566 275
2004 2 2 8 7 198 435 205
2005 2 2 8 7 198 436 435
2006 2 2 8 7 1001 1010 1011
2007 2 2 8 7 339 340 1617
2008 2 2 8 7 274 1246 1566
2009 2 2 8 7 418 422 419
2010 2 2 8 7 787 794 788
2011 2 2 8 7 339 1617 1618
2012 2 2 8 7 266 1238 272
2013 2 2 8 7 419 422 421
2014 2 2 8 7 293 294 1262
2015 2 2 8 7 293 1262 1260
2016 2 2 8 7 272 1238 1243
2017 2 2 8 7 787 1000 794
2018 2 2 8 7 871 872 876
2019 2 2 8 7 870 876 872
2020 2 2 8 7 275 1565 312
2021 2 2 8 7 275 1566 1565
2022 2 2 8 7 336 1611 337
2023 2 2 8 7 314 315 1571
2024 2 2 8 7 349 1629 357
2025 2 2 8 7 357 1629 1632
2026 2 2 8 7 816 826 828
2027 2 2 8 7 336 1615 1611
2028 2 2 8 7 379 2015 2019
2029 2 2 8 7 752 755 754
2030 2 2 8 7 363 1980 1987
2031 2 2 8 7 197 436 198
2032 2 2 8 7 816 824 826
2033 2 2 8 7 363 1981 1980
2034 2 2 8 7 315 1570 1571
2035 2 2 8 7 299 1263 302
2036 2 2 8 7 294 310 1268
2037 2 2 8 7 302 1263 1264
2038 2 2 8 7 750 755 752
2039 2 2 8 7 294 1268 1262
2040 2 2 8 7 314 1572 316
2041 2 2 8 7 2015 2017 2019
2042 2 2 8 7 197 429 436
2043 2 2 8 7 994 1009 995
2044 2 2 8 7 316 1572 318
2045 2 2 8 7 314 1571 1572
2046 2 2 8 7 994 1008 1009
2047 2 2 8 7 318 1572 1578
2048 2 2 8 7 1911 1914 1913
2049 2 2 8 7 346 1628 348
2050 2 2 8 7 789 790 791
2051 2 2 8 7 346 1627 1628
2052 2 2 8 7 1911 1913 1912
2053 2 2 8 7 199 200 425
2054 2 2 8 7 788 795 797
2055 2 2 8 7 982 990 987
2056 2 2 8 7 203 205 435
2057 2 2 8 7 337 1612 373
2058 2 2 8 7 372 373 1989
2059 2 2 8 7 2017 2018 2019
2060 2 2 8 7 982 988 990
2061 2 2 8 7 203 435 437
2062 2 2 8 7 789 791 819
2063 2 2 8 7 199 425 428
2064 2 2 8 7 337 1611 1612
2065 2 2 8 7 373 1612 1989
2066 2 2 8 7 866 868 884
2067 2 2 8 7 788 794 795
2068 2 2 8 7 2014 2018 2017
2069 2 2 8 7 202 446 217
2070 2 2 8 7 815 816 817
2071 2 2 8 7 202 439 446
2072 2 2 8 7 319 1580 325
2073 2 2 8 7 378 2020 379
2074 2 2 8 7 325 1580 1583
2075 2 2 8 7 280 281 1218
2076 2 2 8 7 379 2020 2015
2077 2 2 8 7 868 883 884
2078 2 2 8 7 281 1247 1218
2079 2 2 8 7 331 332 1609
2080 2 2 8 7 1983 1985 1987
2081 2 2 8 7 356 357 1631
2082 2 2 8 7 815 824 816
2083 2 2 8 7 312 1569 313
2084 2 2 8 7 312 1565 1569
2085 2 2 8 7 833 834 835
2086 2 2 8 7 332 1610 1609
2087 2 2 8 7 1980 1983 1987
2088 2 2 8 7 194 389 391
2089 2 2 8 7 389 392 391
2090 2 2 8 7 207 441 208
2091 2 2 8 7 834 836 835
2092 2 2 8 7 357 1632 1631
2093 2 2 8 7 207 440 441
2094 2 2 8 7 223 753 744
2095 2 2 8 7 827 828 869
2096 2 2 8 7 223 744 743
2097 2 2 8 7 270 280 1219
2098 2 2 8 7 2012 2021 2018
2099 2 2 8 7 863 864 867
2100 2 2 8 7 324 326 1581
2101 2 2 8 7 280 1218 1219
2102 2 2 8 7 2012 2018 2014
2103 2 2 8 7 826 869 828
2104 2 2 8 7 863 867 885
2105 2 2 8 7 186 390 389
2106 2 2 8 7 324 1581 1582
2107 2 2 8 7 374 1988 375
2108 2 2 8 7 287 295 1258
2109 2 2 8 7 287 1258 1259
2110 2 2 8 7 343 344 1624
2111 2 2 8 7 344 1626 1624
2112 2 2 8 7 389 390 392
2113 2 2 8 7 374 1991 1988
2114 2 2 8 7 185 399 186
2115 2 2 8 7 792 796 800
2116 2 2 8 7 796 798 800
2117 2 2 8 7 272 1243 273
2118 2 2 8 7 186 399 390
2119 2 2 8 7 375 1992 376
2120 2 2 8 7 273 1243 1244
2121 2 2 8 7 375 1988 1992
2122 2 2 8 7 273 1246 274
2123 2 2 8 7 273 1244 1246
2124 2 2 8 7 388 416 411
2125 2 2 8 7 829 831 832
2126 2 2 8 7 411 416 417
2127 2 2 8 7 829 832 830
2128 2 2 8 7 861 865 862
2129 2 2 8 7 185 387 386
2130 2 2 8 7 185 386 399
2131 2 2 8 7 860 861 862
2132 2 2 8 7 209 443 210
2133 2 2 8 7 209 442 443
2134 2 2 8 7 216 218 444
2135 2 2 8 7 216 444 445
2136 2 2 8 7 268 271 1226
2137 2 2 8 7 482 490 491
2138 2 2 8 7 281 289 1248
2139 2 2 8 7 271 1217 1226
2140 2 2 8 7 264 1216 266
2141 2 2 8 7 232 784 757
2142 2 2 8 7 281 1248 1247
2143 2 2 8 7 756 757 784
2144 2 2 8 7 266 1216 1238
2145 2 2 8 7 301 1265 308
2146 2 2 8 7 383 2021 1969
2147 2 2 8 7 308 1265 1266
2148 2 2 8 7 1969 2021 2012
2149 2 2 8 7 327 330 1607
2150 2 2 8 7 222 737 423
2151 2 2 8 7 330 1608 1607
2152 2 2 8 7 423 737 736
2153 2 2 8 7 1893 1894 1896
2154 2 2 8 7 1894 1895 1896
2155 2 2 8 7 1522 1538 1542
2156 2 2 8 7 524 527 525
2157 2 2 8 7 488 491 489
2158 2 2 8 7 1519 1542 1561
2159 2 2 8 7 1801 1935 1932
2160 2 2 8 7 1291 1296 1297
2161 2 2 8 7 1356 1357 1362
2162 2 2 8 7 1942 1943 1944
2163 2 2 8 7 904 908 907
2164 2 2 8 7 468 474 1292
2165 2 2 8 7 1343 1347 1346
2166 2 2 8 7 1545 1553 1551
2167 2 2 8 7 1519 1521 1523
2168 2 2 8 7 523 524 526
2169 2 2 8 7 1440 1443 1441
2170 2 2 8 7 722 728 723
2171 2 2 8 7 1655 1682 1681
2172 2 2 8 7 1196 1200 1203
2173 2 2 8 7 551 552 554
2174 2 2 8 7 1117 1120 1121
2175 2 2 8 7 909 921 919
2176 2 2 8 7 1706 1708 1716
2177 2 2 8 7 1081 1088 1823
2178 2 2 8 7 1440 1732 1443
2179 2 2 8 7 1106 1133 1107
2180 2 2 8 7 1106 1107 1108
2181 2 2 8 7 696 697 700
2182 2 2 8 7 1092 1093 1094
2183 2 2 8 7 1093 1095 1094
2184 2 2 8 7 493 525 499
2185 2 2 8 7 1167 1194 1168
2186 2 2 8 7 1110 1114 1111
2187 2 2 8 7 1109 1110 1111
2188 2 2 8 7 927 955 928
2189 2 2 8 7 663 1161 1163
2190 2 2 8 7 660 663 1163
2191 2 2 8 7 717 730 727
2192 2 2 8 7 1657 1795 1800
2193 2 2 8 7 1365 1384 1385
2194 2 2 8 7 1132 1135 1138
2195 2 2 8 7 1132 1134 1135
2196 2 2 8 7 1754 1757 1781
2197 2 2 8 7 563 565 568
2198 2 2 8 7 1365 1385 1383
2199 2 2 8 7 563 564 565
2200 2 2 8 7 1754 1758 1757
2201 2 2 8 7 1808 1809 1811
2202 2 2 8 7 1805 1811 1809
2203 2 2 8 7 1089 1854 1853
2204 2 2 8 7 1839 1849 1844
2205 2 2 8 7 1839 1847 1849
2206 2 2 8 7 1089 1853 1091
2207 2 2 8 7 1386 1388 1389
2208 2 2 8 7 1379 1386 1389
2209 2 2 8 7 1365 1383 1466
2210 2 2 8 7 1383 1467 1466
2211 2 2 8 7 1405 1412 1407
2212 2 2 8 7 1405 1406 1412
2213 2 2 8 7 576 579 578
2214 2 2 8 7 1139 1141 1148
2215 2 2 8 7 574 576 578
2216 2 2 8 7 660 664 663
2217 2 2 8 7 1139 1140 1141
2218 2 2 8 7 660 661 664
2219 2 2 8 7 552 553 554
2220 2 2 8 7 1852 1854 1855
2221 2 2 8 7 1152 1155 1156
2222 2 2 8 7 1152 1156 1158
2223 2 2 8 7 1852 1853 1854
2224 2 2 8 7 1462 1484 1490
2225 2 2 8 7 1117 1121 1124
2226 2 2 8 7 1484 1485 1490
2227 2 2 8 7 543 639 640
2228 2 2 8 7 919 921 920
2229 2 2 8 7 1779 1781 1782
2230 2 2 8 7 543 640 561
2231 2 2 8 7 1152 1157 1159
2232 2 2 8 7 1757 1782 1781
2233 2 2 8 7 1152 1158 1157
2234 2 2 8 7 1489 1492 1490
2235 2 2 8 7 1485 1489 1490
2236 2 2 8 7 1391 1415 1417
2237 2 2 8 7 1414 1417 1415
2238 2 2 8 7 1754 1755 1758
2239 2 2 8 7 1779 1784 1783
2240 2 2 8 7 565 566 568
2241 2 2 8 7 1755 1761 1758
2242 2 2 8 7 1132 1133 1134
2243 2 2 8 7 565 587 566
2244 2 2 8 7 1106 1134 1133
2245 2 2 8 7 1089 1095 1093
2246 2 2 8 7 1779 1782 1784
2247 2 2 8 7 1839 1844 1842
2248 2 2 8 7 1092 1109 1111
2249 2 2 8 7 1838 1839 1842
2250 2 2 8 7 1089 1091 1095
2251 2 2 8 7 1092 1094 1109
2252 2 2 8 7 1706 1716 1714
2253 2 2 8 7 1406 1411 1412
2254 2 2 8 7 1406 1413 1411
2255 2 2 8 7 1212 1213 1215
2256 2 2 8 7 543 560 562
2257 2 2 8 7 543 561 560
2258 2 2 8 7 1379 1384 1386
2259 2 2 8 7 697 711 700
2260 2 2 8 7 1379 1385 1384
2261 2 2 8 7 632 636 634
2262 2 2 8 7 499 525 527
2263 2 2 8 7 632 633 636
2264 2 2 8 7 928 955 1142
2265 2 2 8 7 1107 1114 1108
2266 2 2 8 7 1399 1401 1402
2267 2 2 8 7 707 717 727
2268 2 2 8 7 1399 1402 1400
2269 2 2 8 7 1108 1114 1110
2270 2 2 8 7 1795 1799 1800
2271 2 2 8 7 1519 1522 1542
2272 2 2 8 7 489 491 490
2273 2 2 8 7 1801 1934 1935
2274 2 2 8 7 1291 1298 1296
2275 2 2 8 7 1357 1375 1362
2276 2 2 8 7 1937 1942 1944
2277 2 2 8 7 901 904 907
2278 2 2 8 7 1551 1553 1552
2279 2 2 8 7 474 1299 1292
2280 2 2 8 7 1655 1681 1685
2281 2 2 8 7 1346 1347 1348
2282 2 2 8 7 1519 1523 1522
2283 2 2 8 7 696 700 698
2284 2 2 8 7 524 525 526
2285 2 2 8 7 550 551 554
2286 2 2 8 7 1856 1885 1881
2287 2 2 8 7 607 612 611
2288 2 2 8 7 927 928 932
2289 2 2 8 7 722 727 728
2290 2 2 8 7 1117 1118 1120
2291 2 2 8 7 493 499 495
2292 2 2 8 7 1657 1685 1795
2293 2 2 8 7 715 730 717
2294 2 2 8 7 909 919 910
2295 2 2 8 7 1550 1716 1708
2296 2 2 8 7 698 700 699
2297 2 2 8 7 550 554 555
2298 2 2 8 7 1856 1857 1885
2299 2 2 8 7 928 929 932
2300 2 2 8 7 1439 1440 1441
2301 2 2 8 7 1116 1118 1117
2302 2 2 8 7 1081 1823 1824
2303 2 2 8 7 494 495 499
2304 2 2 8 7 1685 1686 1795
2305 2 2 8 7 715 717 716
2306 2 2 8 7 890 910 919
2307 2 2 8 7 1168 1194 1195
2308 2 2 8 7 1529 1716 1550
2309 2 2 8 7 1186 1212 1208
2310 2 2 8 7 889 890 894
2311 2 2 8 7 1213 1730 1729
2312 2 2 8 7 1687 1688 1788
2313 2 2 8 7 1802 1803 1816
2314 2 2 8 7 890 891 894
2315 2 2 8 7 1688 1690 1788
2316 2 2 8 7 1803 1804 1816
2317 2 2 8 7 1724 1730 1726
2318 2 2 8 7 386 411 401
2319 2 2 8 7 401 411 410
2320 2 2 8 7 869 947 870
2321 2 2 8 7 869 948 947
2322 2 2 8 7 962 991 989
2323 2 2 8 7 962 964 991
2324 2 2 8 7 440 443 460
2325 2 2 8 7 440 460 458
2326 2 2 8 7 678 737 740
2327 2 2 8 7 1248 1251 1332
2328 2 2 8 7 791 800 811
2329 2 2 8 7 678 740 738
2330 2 2 8 7 799 811 800
2331 2 2 8 7 1249 1332 1251
2332 2 2 8 7 1965 1968 1969
2333 2 2 8 7 1964 1965 1969
2334 2 2 8 7 1913 1916 1917
2335 2 2 8 7 1913 1917 1920
2336 2 2 8 7 758 767 761
2337 2 2 8 7 761 767 765
2338 2 2 8 7 829 845 836
2339 2 2 8 7 836 845 837
2340 2 2 8 7 859 862 863
2341 2 2 8 7 850 862 859
2342 2 2 8 7 1216 1226 1227
2343 2 2 8 7 815 819 818
2344 2 2 8 7 815 818 820
2345 2 2 8 7 875 876 877
2346 2 2 8 7 875 877 878
2347 2 2 8 7 1896 1903 1898
2348 2 2 8 7 1225 1227 1226
2349 2 2 8 7 1896 1909 1903
2350 2 2 8 7 884 886 885
2351 2 2 8 7 1010 1012 1011
2352 2 2 8 7 1011 1012 1013
2353 2 2 8 7 1918 1984 1983
2354 2 2 8 7 1918 1983 1982
2355 2 2 8 7 785 835 838
2356 2 2 8 7 858 885 886
2357 2 2 8 7 1630 1631 1646
2358 2 2 8 7 444 446 448
2359 2 2 8 7 444 448 453
2360 2 2 8 7 780 785 838
2361 2 2 8 7 1630 1646 1648
2362 2 2 8 7 1617 1620 1618
2363 2 2 8 7 984 1897 1901
2364 2 2 8 7 1618 1620 1619
2365 2 2 8 7 977 984 1901
2366 2 2 8 7 2015 2016 2017
2367 2 2 8 7 2010 2017 2016
2368 2 2 8 7 437 447 439
2369 2 2 8 7 442 445 452
2370 2 2 8 7 437 438 447
2371 2 2 8 7 442 452 461
2372 2 2 8 7 1992 2003 2020
2373 2 2 8 7 1992 1993 2003
2374 2 2 8 7 1970 1979 1981
2375 2 2 8 7 779 784 783
2376 2 2 8 7 1970 1974 1979
2377 2 2 8 7 776 784 779
2378 2 2 8 7 1264 1284 1265
2379 2 2 8 7 1606 1627 1609
2380 2 2 8 7 875 881 882
2381 2 2 8 7 1606 1635 1627
2382 2 2 8 7 1265 1284 1285
2383 2 2 8 7 1603 1610 1607
2384 2 2 8 7 744 750 746
2385 2 2 8 7 1257 1258 1260
2386 2 2 8 7 875 878 881
2387 2 2 8 7 746 750 751
2388 2 2 8 7 1257 1260 1261
2389 2 2 8 7 830 860 849
2390 2 2 8 7 830 849 848
2391 2 2 8 7 1267 1274 1268
2392 2 2 8 7 1602 1603 1607
2393 2 2 8 7 1266 1275 1267
2394 2 2 8 7 1267 1275 1274
2395 2 2 8 7 1268 1274 1270
2396 2 2 8 7 1970 1972 1974
2397 2 2 8 7 1972 1973 1974
2398 2 2 8 7 441 1282 1263
2399 2 2 8 7 1581 1583 1588
2400 2 2 8 7 434 435 436
2401 2 2 8 7 433 434 436
2402 2 2 8 7 1003 1006 1004
2403 2 2 8 7 1004 1006 1005
2404 2 2 8 7 981 982 983
2405 2 2 8 7 1581 1588 1590
2406 2 2 8 7 980 981 983
2407 2 2 8 7 1578 1587 1580
2408 2 2 8 7 1263 1282 1283
2409 2 2 8 7 1578 1579 1587
2410 2 2 8 7 795 802 798
2411 2 2 8 7 1217 1219 1224
2412 2 2 8 7 795 801 802
2413 2 2 8 7 1567 1570 1569
2414 2 2 8 7 1219 1221 1224
2415 2 2 8 7 977 983 984
2416 2 2 8 7 977 980 983
2417 2 2 8 7 750 752 766
2418 2 2 8 7 750 766 751
2419 2 2 8 7 426 429 428
2420 2 2 8 7 1567 1568 1570
2421 2 2 8 7 426 427 429
2422 2 2 8 7 756 768 758
2423 2 2 8 7 858 863 885
2424 2 2 8 7 858 859 863
2425 2 2 8 7 1897 1898 1901
2426 2 2 8 7 1895 1912 1910
2427 2 2 8 7 415 417 419
2428 2 2 8 7 758 768 767
2429 2 2 8 7 1898 1903 1901
2430 2 2 8 7 1009 1012 1010
2431 2 2 8 7 1916 1984 1918
2432 2 2 8 7 414 415 419
2433 2 2 8 7 1910 1912 1919
2434 2 2 8 7 883 886 884
2435 2 2 8 7 880 886 883
2436 2 2 8 7 390 399 398
2437 2 2 8 7 414 419 421
2438 2 2 8 7 1916 1918 1917
2439 2 2 8 7 390 398 397
2440 2 2 8 7 1571 1574 1572
2441 2 2 8 7 414 421 420
2442 2 2 8 7 1628 1638 1629
2443 2 2 8 7 1007 1012 1009
2444 2 2 8 7 420 421 736
2445 2 2 8 7 420 736 677
2446 2 2 8 7 1571 1573 1574
2447 2 2 8 7 1238 1242 1243
2448 2 2 8 7 1628 1637 1638
2449 2 2 8 7 1980 1982 1983
2450 2 2 8 7 1988 1994 1992
2451 2 2 8 7 1978 1982 1980
2452 2 2 8 7 1992 1994 1993
2453 2 2 8 7 1237 1242 1238
2454 2 2 8 7 780 783 785
2455 2 2 8 7 963 989 988
2456 2 2 8 7 390 397 392
2457 2 2 8 7 779 783 780
2458 2 2 8 7 962 989 963
2459 2 2 8 7 881 883 882
2460 2 2 8 7 425 426 428
2461 2 2 8 7 1617 1624 1620
2462 2 2 8 7 425 508 426
2463 2 2 8 7 880 883 881
2464 2 2 8 7 1614 1615 1616
2465 2 2 8 7 798 802 800
2466 2 2 8 7 392 397 394
2467 2 2 8 7 999 1004 1005
2468 2 2 8 7 1626 1630 1648
2469 2 2 8 7 1616 1618 1619
2470 2 2 8 7 1989 1995 1991
2471 2 2 8 7 2012 2014 2013
2472 2 2 8 7 2011 2013 2014
2473 2 2 8 7 1565 1567 1569
2474 2 2 8 7 1252 1259 1256
2475 2 2 8 7 1503 1567 1565
2476 2 2 8 7 999 1005 1028
2477 2 2 8 7 1626 1648 1649
2478 2 2 8 7 799 800 802
2479 2 2 8 7 1613 1615 1614
2480 2 2 8 7 2015 2020 2016
2481 2 2 8 7 963 988 982
2482 2 2 8 7 1260 1262 1261
2483 2 2 8 7 1620 1624 1625
2484 2 2 8 7 1250 1252 1256
2485 2 2 8 7 963 982 981
2486 2 2 8 7 1614 1616 1619
2487 2 2 8 7 1261 1262 1269
2488 2 2 8 7 1989 1990 1995
2489 2 2 8 7 824 825 826
2490 2 2 8 7 742 743 745
2491 2 2 8 7 823 825 824
2492 2 2 8 7 2003 2016 2020
2493 2 2 8 7 739 742 745
2494 2 2 8 7 435 438 437
2495 2 2 8 7 1572 1579 1578
2496 2 2 8 7 434 438 435
2497 2 2 8 7 1572 1574 1579
2498 2 2 8 7 1629 1647 1632
2499 2 2 8 7 1912 1913 1919
2500 2 2 8 7 386 398 399
2501 2 2 8 7 1629 1638 1647
2502 2 2 8 7 1003 1011 1013
2503 2 2 8 7 1978 1980 1981
2504 2 2 8 7 1913 1920 1919
2505 2 2 8 7 752 761 765
2506 2 2 8 7 1978 1981 1979
2507 2 2 8 7 743 744 745
2508 2 2 8 7 1245 1566 1246
2509 2 2 8 7 964 1008 991
2510 2 2 8 7 744 746 745
2511 2 2 8 7 752 765 766
2512 2 2 8 7 1256 1259 1258
2513 2 2 8 7 1218 1247 1220
2514 2 2 8 7 1256 1258 1257
2515 2 2 8 7 1581 1589 1582
2516 2 2 8 7 964 965 1008
2517 2 2 8 7 791 818 819
2518 2 2 8 7 835 836 837
2519 2 2 8 7 1216 1237 1238
2520 2 2 8 7 386 401 398
2521 2 2 8 7 1220 1247 1331
2522 2 2 8 7 835 837 838
2523 2 2 8 7 1581 1590 1589
2524 2 2 8 7 1003 1013 1006
2525 2 2 8 7 1245 1504 1566
2526 2 2 8 7 1627 1635 1628
2527 2 2 8 7 1611 1615 1665
2528 2 2 8 7 1628 1635 1637
2529 2 2 8 7 1613 1665 1615
2530 2 2 8 7 1216 1227 1237
2531 2 2 8 7 1631 1632 1646
2532 2 2 8 7 1632 1647 1646
2533 2 2 8 7 427 436 429
2534 2 2 8 7 793 794 1000
2535 2 2 8 7 1580 1587 1583
2536 2 2 8 7 439 448 446
2537 2 2 8 7 791 811 818
2538 2 2 8 7 1218 1221 1219
2539 2 2 8 7 439 447 448
2540 2 2 8 7 427 433 436
2541 2 2 8 7 1583 1587 1588
2542 2 2 8 7 440 458 441
2543 2 2 8 7 424 509 425
2544 2 2 8 7 793 1000 1027
2545 2 2 8 7 1218 1220 1221
2546 2 2 8 7 441 458 1282
2547 2 2 8 7 1582 1599 1608
2548 2 2 8 7 738 740 742
2549 2 2 8 7 1582 1589 1599
2550 2 2 8 7 425 509 508
2551 2 2 8 7 1606 1609 1610
2552 2 2 8 7 794 801 795
2553 2 2 8 7 1242 1244 1243
2554 2 2 8 7 738 742 739
2555 2 2 8 7 1603 1606 1610
2556 2 2 8 7 444 452 445
2557 2 2 8 7 444 453 452
2558 2 2 8 7 1988 1991 1994
2559 2 2 8 7 793 801 794
2560 2 2 8 7 1241 1244 1242
2561 2 2 8 7 999 1027 1000
2562 2 2 8 7 1568 1571 1570
2563 2 2 8 7 1612 1990 1989
2564 2 2 8 7 1968 1973 1972
2565 2 2 8 7 1991 1995 1994
2566 2 2 8 7 999 1028 1027
2567 2 2 8 7 2011 2014 2017
2568 2 2 8 7 850 860 862
2569 2 2 8 7 1965 1973 1968
2570 2 2 8 7 1568 1573 1571
2571 2 2 8 7 1612 1666 1990
2572 2 2 8 7 2010 2011 2017
2573 2 2 8 7 411 417 415
2574 2 2 8 7 849 860 850
2575 2 2 8 7 410 411 415
2576 2 2 8 7 870 877 876
2577 2 2 8 7 1262 1268 1270
2578 2 2 8 7 815 820 824
2579 2 2 8 7 870 947 877
2580 2 2 8 7 1217 1224 1226
2581 2 2 8 7 1262 1270 1269
2582 2 2 8 7 820 823 824
2583 2 2 8 7 825 869 826
2584 2 2 8 7 1224 1225 1226
2585 2 2 8 7 825 948 869
2586 2 2 8 7 1249 1251 1252
2587 2 2 8 7 1503 1565 1566
2588 2 2 8 7 391 393 424
2589 2 2 8 7 1503 1566 1504
2590 2 2 8 7 1263 1283 1264
2591 2 2 8 7 1249 1252 1250
2592 2 2 8 7 1264 1283 1284
2593 2 2 8 7 393 509 424
2594 2 2 8 7 1611 1666 1612
2595 2 2 8 7 1611 1665 1666
2596 2 2 8 7 1007 1009 1008
2597 2 2 8 7 965 1007 1008
2598 2 2 8 7 391 392 394
2599 2 2 8 7 1624 1626 1625
2600 2 2 8 7 1625 1626 1649
2601 2 2 8 7 391 394 393
2602 2 2 8 7 1241 1246 1244
2603 2 2 8 7 1241 1245 1246
2604 2 2 8 7 829 830 845
2605 2 2 8 7 830 848 845
2606 2 2 8 7 756 784 776
2607 2 2 8 7 1602 1607 1608
2608 2 2 8 7 756 776 768
2609 2 2 8 7 1599 1602 1608
2610 2 2 8 7 1964 1969 2012
2611 2 2 8 7 1247 1248 1332
2612 2 2 8 7 1964 2012 2013
2613 2 2 8 7 1247 1332 1331
2614 2 2 8 7 1265 1285 1266
2615 2 2 8 7 1266 1285 1275
2616 2 2 8 7 678 736 737
2617 2 2 8 7 442 461 443
2618 2 2 8 7 1895 1909 1896
2619 2 2 8 7 677 736 678
2620 2 2 8 7 443 461 460
2621 2 2 8 7 1895 1910 1909
2622 2 2 8 7 609 1442 1438
2623 2 2 8 7 1186 1213 1212
2624 2 2 8 7 1210 1214 1211
2625 2 2 8 7 607 614 612
2626 2 2 8 7 1722 1733 1724
2627 2 2 8 7 1423 1449 1448
2628 2 2 8 7 1423 1450 1449
2629 2 2 8 7 1441 1446 1445
2630 2 2 8 7 1735 1740 1737
2631 2 2 8 7 1737 1740 1738
2632 2 2 8 7 1174 1195 1198
2633 2 2 8 7 1455 1477 1476
2634 2 2 8 7 1174 1198 1196
2635 2 2 8 7 650 654 653
2636 2 2 8 7 1455 1478 1477
2637 2 2 8 7 623 645 651
2638 2 2 8 7 650 653 652
2639 2 2 8 7 622 645 623
2640 2 2 8 7 1427 1429 1430
2641 2 2 8 7 1427 1430 1428
2642 2 2 8 7 1737 1738 1829
2643 2 2 8 7 1738 1739 1829
2644 2 2 8 7 1175 1176 1177
2645 2 2 8 7 1763 1764 1765
2646 2 2 8 7 1739 1828 1829
2647 2 2 8 7 1480 1763 1765
2648 2 2 8 7 1175 1181 1176
2649 2 2 8 7 1720 1828 1739
2650 2 2 8 7 1453 1476 1472
2651 2 2 8 7 1453 1455 1476
2652 2 2 8 7 594 602 598
2653 2 2 8 7 597 598 602
2654 2 2 8 7 1722 1742 1741
2655 2 2 8 7 1176 1181 1182
2656 2 2 8 7 1479 1765 1481
2657 2 2 8 7 1201 1206 1205
2658 2 2 8 7 1479 1480 1765
2659 2 2 8 7 1181 1183 1182
2660 2 2 8 7 1744 1771 1772
2661 2 2 8 7 1744 1772 1746
2662 2 2 8 7 1201 1204 1203
2663 2 2 8 7 1117 1124 1122
2664 2 2 8 7 1801 1802 1934
2665 2 2 8 7 919 920 923
2666 2 2 8 7 553 556 554
2667 2 2 8 7 889 901 907
2668 2 2 8 7 1681 1687 1685
2669 2 2 8 7 1714 1716 1715
2670 2 2 8 7 700 711 701
2671 2 2 8 7 1795 1796 1799
2672 2 2 8 7 928 1142 1150
2673 2 2 8 7 499 527 500
2674 2 2 8 7 1136 1167 1137
2675 2 2 8 7 707 713 717
2676 2 2 8 7 1122 1124 1123
2677 2 2 8 7 1802 1818 1934
2678 2 2 8 7 1722 1724 1723
2679 2 2 8 7 920 924 923
2680 2 2 8 7 546 556 553
2681 2 2 8 7 889 898 901
2682 2 2 8 7 1685 1687 1686
2683 2 2 8 7 1709 1714 1715
2684 2 2 8 7 701 711 710
2685 2 2 8 7 1793 1799 1796
2686 2 2 8 7 1142 1143 1150
2687 2 2 8 7 500 527 501
2688 2 2 8 7 707 709 713
2689 2 2 8 7 765 767 770
2690 2 2 8 7 763 765 770
2691 2 2 8 7 1249 1334 1332
2692 2 2 8 7 1249 1333 1334
2693 2 2 8 7 458 460 459
2694 2 2 8 7 678 738 680
2695 2 2 8 7 1012 1014 1013
2696 2 2 8 7 459 460 463
2697 2 2 8 7 1012 1016 1014
2698 2 2 8 7 837 845 846
2699 2 2 8 7 679 680 738
2700 2 2 8 7 837 846 839
2701 2 2 8 7 1619 1620 1621
2702 2 2 8 7 1620 1623 1621
2703 2 2 8 7 962 966 964
2704 2 2 8 7 2003 2007 2016
2705 2 2 8 7 2003 2004 2007
2706 2 2 8 7 962 969 966
2707 2 2 8 7 947 948 953
2708 2 2 8 7 946 947 953
2709 2 2 8 7 1959 1965 1964
2710 2 2 8 7 1959 1964 1962
2711 2 2 8 7 1270 1274 1277
2712 2 2 8 7 1270 1277 1273
2713 2 2 8 7 1903 1909 1908
2714 2 2 8 7 1646 1651 1648
2715 2 2 8 7 1644 1651 1646
2716 2 2 8 7 1903 1908 1904
2717 2 2 8 7 818 821 820
2718 2 2 8 7 812 821 818
2719 2 2 8 7 1602 1604 1603
2720 2 2 8 7 1601 1604 1602
2721 2 2 8 7 776 779 777
2722 2 2 8 7 777 779 778
2723 2 2 8 7 811 812 818
2724 2 2 8 7 810 812 811
2725 2 2 8 7 1284 1287 1285
2726 2 2 8 7 1285 1287 1286
2727 2 2 8 7 398 401 400
2728 2 2 8 7 398 400 402
2729 2 2 8 7 452 462 461
2730 2 2 8 7 977 1901 1902
2731 2 2 8 7 452 454 462
2732 2 2 8 7 976 977 1902
2733 2 2 8 7 2008 2010 2016
2734 2 2 8 7 2007 2008 2016
2735 2 2 8 7 780 838 781
2736 2 2 8 7 781 838 840
2737 2 2 8 7 448 451 453
2738 2 2 8 7 451 455 453
2739 2 2 8 7 1605 1635 1606
2740 2 2 8 7 1605 1634 1635
2741 2 2 8 7 857 859 858
2742 2 2 8 7 1917 1918 1925
2743 2 2 8 7 856 859 857
2744 2 2 8 7 1974 1977 1979
2745 2 2 8 7 799 802 805
2746 2 2 8 7 1917 1925 1926
2747 2 2 8 7 802 804 805
2748 2 2 8 7 1955 1977 1974
2749 2 2 8 7 850 859 856
2750 2 2 8 7 1223 1225 1224
2751 2 2 8 7 1223 1229 1225
2752 2 2 8 7 850 856 853
2753 2 2 8 7 426 511 427
2754 2 2 8 7 410 415 412
2755 2 2 8 7 407 410 412
2756 2 2 8 7 1586 1588 1587
2757 2 2 8 7 427 511 512
2758 2 2 8 7 878 879 881
2759 2 2 8 7 1007 1015 1012
2760 2 2 8 7 1227 1228 1237
2761 2 2 8 7 1012 1015 1016
2762 2 2 8 7 1585 1588 1586
2763 2 2 8 7 751 766 764
2764 2 2 8 7 877 945 878
2765 2 2 8 7 748 751 764
2766 2 2 8 7 878 944 879
2767 2 2 8 7 1993 1994 2002
2768 2 2 8 7 1228 1234 1237
2769 2 2 8 7 878 945 944
2770 2 2 8 7 823 954 825
2771 2 2 8 7 880 887 886
2772 2 2 8 7 1245 1501 1504
2773 2 2 8 7 822 954 823
2774 2 2 8 7 1245 1502 1501
2775 2 2 8 7 799 805 811
2776 2 2 8 7 1917 1926 1920
2777 2 2 8 7 1994 1997 2002
2778 2 2 8 7 1918 1982 1925
2779 2 2 8 7 805 810 811
2780 2 2 8 7 1925 1982 1976
2781 2 2 8 7 858 886 887
2782 2 2 8 7 962 963 969
2783 2 2 8 7 880 888 887
2784 2 2 8 7 963 971 969
2785 2 2 8 7 1920 1926 1923
2786 2 2 8 7 857 858 887
2787 2 2 8 7 1261 1269 1271
2788 2 2 8 7 1254 1261 1271
2789 2 2 8 7 1503 1505 1567
2790 2 2 8 7 426 508 510
2791 2 2 8 7 1955 1974 1973
2792 2 2 8 7 420 677 675
2793 2 2 8 7 1506 1568 1567
2794 2 2 8 7 1505 1506 1567
2795 2 2 8 7 426 510 511
2796 2 2 8 7 1955 1973 1960
2797 2 2 8 7 745 746 747
2798 2 2 8 7 420 675 676
2799 2 2 8 7 1280 1283 1282
2800 2 2 8 7 928 1150 929
2801 2 2 8 7 746 749 747
2802 2 2 8 7 1506 1513 1568
2803 2 2 8 7 401 410 407
2804 2 2 8 7 1280 1282 1281
2805 2 2 8 7 2009 2013 2011
2806 2 2 8 7 1963 2013 2009
2807 2 2 8 7 554 556 555
2808 2 2 8 7 1976 1982 1978
2809 2 2 8 7 400 401 407
2810 2 2 8 7 1237 1239 1242
2811 2 2 8 7 1225 1229 1227
2812 2 2 8 7 1234 1239 1237
2813 2 2 8 7 1975 1976 1978
2814 2 2 8 7 1227 1229 1228
2815 2 2 8 7 1620 1625 1622
2816 2 2 8 7 1620 1622 1623
2817 2 2 8 7 430 434 433
2818 2 2 8 7 393 507 509
2819 2 2 8 7 393 506 507
2820 2 2 8 7 1579 1586 1587
2821 2 2 8 7 1901 1903 1904
2822 2 2 8 7 430 433 432
2823 2 2 8 7 1576 1586 1579
2824 2 2 8 7 978 981 980
2825 2 2 8 7 1901 1904 1902
2826 2 2 8 7 978 980 979
2827 2 2 8 7 431 447 438
2828 2 2 8 7 679 738 739
2829 2 2 8 7 679 739 687
2830 2 2 8 7 1603 1604 1606
2831 2 2 8 7 963 981 971
2832 2 2 8 7 767 768 771
2833 2 2 8 7 1604 1605 1606
2834 2 2 8 7 1573 1577 1574
2835 2 2 8 7 971 981 978
2836 2 2 8 7 767 771 770
2837 2 2 8 7 793 1027 1034
2838 2 2 8 7 1027 1035 1034
2839 2 2 8 7 1255 1256 1257
2840 2 2 8 7 1220 1331 1330
2841 2 2 8 7 431 449 447
2842 2 2 8 7 1253 1255 1257
2843 2 2 8 7 1220 1330 1329
2844 2 2 8 7 394 397 396
2845 2 2 8 7 1573 1575 1577
2846 2 2 8 7 414 420 676
2847 2 2 8 7 413 414 676
2848 2 2 8 7 1993 2004 2003
2849 2 2 8 7 394 396 395
2850 2 2 8 7 1993 2002 2004
2851 2 2 8 7 1274 1275 1277
2852 2 2 8 7 430 438 434
2853 2 2 8 7 430 431 438
2854 2 2 8 7 1275 1276 1277
2855 2 2 8 7 1637 1639 1638
2856 2 2 8 7 1613 1614 1667
2857 2 2 8 7 447 451 448
2858 2 2 8 7 977 979 980
2859 2 2 8 7 447 449 451
2860 2 2 8 7 1636 1639 1637
2861 2 2 8 7 1638 1645 1647
2862 2 2 8 7 976 979 977
2863 2 2 8 7 1005 1006 1030
2864 2 2 8 7 1614 1675 1667
2865 2 2 8 7 1638 1639 1645
2866 2 2 8 7 801 804 802
2867 2 2 8 7 1585 1590 1588
2868 2 2 8 7 1249 1250 1335
2869 2 2 8 7 1249 1335 1333
2870 2 2 8 7 1006 1026 1030
2871 2 2 8 7 1221 1223 1224
2872 2 2 8 7 1006 1013 1026
2873 2 2 8 7 1663 1666 1665
2874 2 2 8 7 1013 1014 1026
2875 2 2 8 7 458 1281 1282
2876 2 2 8 7 1663 1665 1668
2877 2 2 8 7 1585 1592 1590
2878 2 2 8 7 458 459 1281
2879 2 2 8 7 1589 1590 1592
2880 2 2 8 7 801 803 804
2881 2 2 8 7 1005 1030 1028
2882 2 2 8 7 1990 1996 1995
2883 2 2 8 7 1589 1592 1593
2884 2 2 8 7 1028 1030 1029
2885 2 2 8 7 1221 1222 1223
2886 2 2 8 7 1664 1996 1990
2887 2 2 8 7 1027 1028 1029
2888 2 2 8 7 1027 1029 1035
2889 2 2 8 7 880 881 888
2890 2 2 8 7 879 888 881
2891 2 2 8 7 1613 1668 1665
2892 2 2 8 7 1239 1241 1242
2893 2 2 8 7 1254 1257 1261
2894 2 2 8 7 1613 1667 1668
2895 2 2 8 7 687 739 745
2896 2 2 8 7 687 745 747
2897 2 2 8 7 1960 1973 1965
2898 2 2 8 7 848 849 852
2899 2 2 8 7 1253 1257 1254
2900 2 2 8 7 1959 1960 1965
2901 2 2 8 7 397 398 402
2902 2 2 8 7 847 848 852
2903 2 2 8 7 609 611 1442
2904 2 2 8 7 1644 1646 1647
2905 2 2 8 7 1239 1240 1241
2906 2 2 8 7 1663 1990 1666
2907 2 2 8 7 746 751 748
2908 2 2 8 7 1622 1625 1649
2909 2 2 8 7 1220 1222 1221
2910 2 2 8 7 1663 1664 1990
2911 2 2 8 7 1622 1649 1652
2912 2 2 8 7 1220 1329 1222
2913 2 2 8 7 1644 1647 1645
2914 2 2 8 7 396 397 402
2915 2 2 8 7 746 748 749
2916 2 2 8 7 1910 1919 1921
2917 2 2 8 7 778 779 780
2918 2 2 8 7 965 1015 1007
2919 2 2 8 7 1907 1910 1921
2920 2 2 8 7 1975 1978 1979
2921 2 2 8 7 1574 1576 1579
2922 2 2 8 7 1635 1636 1637
2923 2 2 8 7 965 967 1015
2924 2 2 8 7 412 415 414
2925 2 2 8 7 1634 1636 1635
2926 2 2 8 7 1975 1979 1977
2927 2 2 8 7 1574 1577 1576
2928 2 2 8 7 778 780 781
2929 2 2 8 7 1919 1920 1923
2930 2 2 8 7 1250 1256 1335
2931 2 2 8 7 837 840 838
2932 2 2 8 7 763 766 765
2933 2 2 8 7 412 414 413
2934 2 2 8 7 1255 1335 1256
2935 2 2 8 7 763 764 766
2936 2 2 8 7 837 839 840
2937 2 2 8 7 1919 1923 1921
2938 2 2 8 7 1589 1593 1599
2939 2 2 8 7 793 803 801
2940 2 2 8 7 1593 1600 1599
2941 2 2 8 7 699 700 701
2942 2 2 8 7 793 1034 803
2943 2 2 8 7 507 508 509
2944 2 2 8 7 507 510 508
2945 2 2 8 7 877 947 945
2946 2 2 8 7 945 947 946
2947 2 2 8 7 1614 1619 1675
2948 2 2 8 7 1619 1621 1675
2949 2 2 8 7 964 967 965
2950 2 2 8 7 964 966 967
2951 2 2 8 7 427 432 433
2952 2 2 8 7 427 512 432
2953 2 2 8 7 1856 1863 1857
2954 2 2 8 7 1283 1287 1284
2955 2 2 8 7 393 394 395
2956 2 2 8 7 820 821 823
2957 2 2 8 7 393 395 506
2958 2 2 8 7 821 822 823
2959 2 2 8 7 1994 1995 1997
2960 2 2 8 7 1280 1287 1283
2961 2 2 8 7 1269 1270 1273
2962 2 2 8 7 1648 1652 1649
2963 2 2 8 7 1269 1273 1271
2964 2 2 8 7 1648 1651 1652
2965 2 2 8 7 1908 1909 1910
2966 2 2 8 7 1995 1996 1997
2967 2 2 8 7 1907 1908 1910
2968 2 2 8 7 452 453 455
2969 2 2 8 7 2009 2011 2010
2970 2 2 8 7 452 455 454
2971 2 2 8 7 1240 1245 1241
2972 2 2 8 7 2008 2009 2010
2973 2 2 8 7 1240 1502 1245
2974 2 2 8 7 1568 1575 1573
2975 2 2 8 7 1513 1575 1568
2976 2 2 8 7 1275 1285 1286
2977 2 2 8 7 1275 1286 1276
2978 2 2 8 7 768 776 777
2979 2 2 8 7 849 850 853
2980 2 2 8 7 768 777 771
2981 2 2 8 7 825 954 948
2982 2 2 8 7 948 954 953
2983 2 2 8 7 849 853 852
2984 2 2 8 7 845 848 846
2985 2 2 8 7 846 848 847
2986 2 2 8 7 1503 1504 1505
2987 2 2 8 7 1501 1505 1504
2988 2 2 8 7 1599 1600 1602
2989 2 2 8 7 1963 1964 2013
2990 2 2 8 7 675 677 678
2991 2 2 8 7 1962 1964 1963
2992 2 2 8 7 675 678 680
2993 2 2 8 7 1600 1601 1602
2994 2 2 8 7 1330 1331 1332
2995 2 2 8 7 1330 1332 1334
2996 2 2 8 7 460 461 462
2997 2 2 8 7 460 462 463
2998 2 2 8 7 494 499 500
2999 2 2 8 7 713 716 717
3000 2 2 8 7 1116 1117 1122
3001 2 2 8 7 1207 1210 1209
3002 2 2 8 7 1783 1789 1785
3003 2 2 8 7 1686 1796 1795
3004 2 2 8 7 1529 1715 1716
3005 2 2 8 7 1810 1811 1814
3006 2 2 8 7 890 919 923
3007 2 2 8 7 555 556 557
3008 2 2 8 7 929 1150 1151
3009 2 2 8 7 541 699 701
3010 2 2 8 7 1857 1863 1860
3011 2 2 8 7 892 1162 893
3012 2 2 8 7 494 500 497
3013 2 2 8 7 713 714 716
3014 2 2 8 7 1116 1122 1144
3015 2 2 8 7 1686 1787 1796
3016 2 2 8 7 1528 1715 1529
3017 2 2 8 7 890 923 891
3018 2 2 8 7 1105 1106 1108
3019 2 2 8 7 1104 1105 1108
3020 2 2 8 7 1082 1188 1083
3021 2 2 8 7 1436 1446 1451
3022 2 2 8 7 1094 1095 1096
3023 2 2 8 7 1094 1096 1097
3024 2 2 8 7 1102 1110 1109
3025 2 2 8 7 1102 1103 1110
3026 2 2 8 7 1087 1090 1088
3027 2 2 8 7 660 1163 1164
3028 2 2 8 7 658 660 1164
3029 2 2 8 7 491 495 496
3030 2 2 8 7 1134 1136 1135
3031 2 2 8 7 1382 1383 1385
3032 2 2 8 7 1098 1136 1134
3033 2 2 8 7 1382 1469 1383
3034 2 2 8 7 1839 1845 1847
3035 2 2 8 7 1837 1845 1839
3036 2 2 8 7 564 589 565
3037 2 2 8 7 559 589 564
3038 2 2 8 7 1541 1543 1542
3039 2 2 8 7 1756 1757 1758
3040 2 2 8 7 524 530 528
3041 2 2 8 7 1404 1406 1405
3042 2 2 8 7 1805 1809 1806
3043 2 2 8 7 1379 1389 1381
3044 2 2 8 7 1403 1406 1404
3045 2 2 8 7 1756 1758 1759
3046 2 2 8 7 1756 1782 1757
3047 2 2 8 7 1756 1774 1782
3048 2 2 8 7 1806 1809 1807
3049 2 2 8 7 1380 1381 1389
3050 2 2 8 7 1383 1468 1467
3051 2 2 8 7 1383 1469 1468
3052 2 2 8 7 1140 1169 1141
3053 2 2 8 7 1090 1091 1853
3054 2 2 8 7 1137 1169 1140
3055 2 2 8 7 561 640 642
3056 2 2 8 7 1090 1853 1850
3057 2 2 8 7 640 641 642
3058 2 2 8 7 565 588 587
3059 2 2 8 7 565 589 588
3060 2 2 8 7 1774 1784 1782
3061 2 2 8 7 1774 1776 1784
3062 2 2 8 7 574 578 577
3063 2 2 8 7 1846 1851 1852
3064 2 2 8 7 574 577 575
3065 2 2 8 7 1727 1729 1728
3066 2 2 8 7 1851 1853 1852
3067 2 2 8 7 1484 1486 1485
3068 2 2 8 7 1850 1853 1851
3069 2 2 8 7 1156 1170 1158
3070 2 2 8 7 1483 1486 1484
3071 2 2 8 7 1158 1170 1171
3072 2 2 8 7 1157 1158 1171
3073 2 2 8 7 658 661 660
3074 2 2 8 7 658 659 661
3075 2 2 8 7 1207 1208 1212
3076 2 2 8 7 1157 1171 1172
3077 2 2 8 7 632 646 633
3078 2 2 8 7 1485 1487 1489
3079 2 2 8 7 1091 1096 1095
3080 2 2 8 7 1485 1486 1487
3081 2 2 8 7 632 648 646
3082 2 2 8 7 1090 1096 1091
3083 2 2 8 7 1379 1382 1385
3084 2 2 8 7 1690 1789 1788
3085 2 2 8 7 1379 1381 1382
3086 2 2 8 7 1098 1134 1106
3087 2 2 8 7 1098 1106 1105
3088 2 2 8 7 891 893 894
3089 2 2 8 7 1406 1420 1413
3090 2 2 8 7 1403 1420 1406
3091 2 2 8 7 1758 1761 1759
3092 2 2 8 7 1414 1416 1417
3093 2 2 8 7 1759 1761 1760
3094 2 2 8 7 1414 1421 1416
3095 2 2 8 7 1804 1814 1816
3096 2 2 8 7 1836 1839 1838
3097 2 2 8 7 1836 1837 1839
3098 2 2 8 7 1094 1097 1109
3099 2 2 8 7 1097 1102 1109
3100 2 2 8 7 558 560 561
3101 2 2 8 7 558 561 642
3102 2 2 8 7 1104 1108 1110
3103 2 2 8 7 1103 1104 1110
3104 2 2 8 7 1398 1399 1400
3105 2 2 8 7 1080 1081 1082
3106 2 2 8 7 1397 1398 1400
3107 2 2 8 7 1733 1743 1734
3108 2 2 8 7 1184 1207 1202
3109 2 2 8 7 1440 1728 1732
3110 2 2 8 7 1690 1785 1789
3111 2 2 8 7 891 892 893
3112 2 2 8 7 1804 1810 1814
3113 2 2 8 7 601 608 1431
3114 2 2 8 7 1722 1741 1743
3115 2 2 8 7 614 626 615
3116 2 2 8 7 603 620 605
3117 2 2 8 7 625 627 626
3118 2 2 8 7 606 607 609
3119 2 2 8 7 1201 1205 1204
3120 2 2 8 7 549 670 669
3121 2 2 8 7 911 916 918
3122 2 2 8 7 1734 1743 1747
3123 2 2 8 7 487 488 489
3124 2 2 8 7 809 1039 1119
3125 2 2 8 7 726 728 729
3126 2 2 8 7 1184 1199 1185
3127 2 2 8 7 1356 1362 1358
3128 2 2 8 7 1943 1946 1944
3129 2 2 8 7 518 519 526
3130 2 2 8 7 1376 1394 1393
3131 2 2 8 7 1545 1546 1553
3132 2 2 8 7 468 1292 469
3133 2 2 8 7 706 709 707
3134 2 2 8 7 522 523 526
3135 2 2 8 7 1511 1521 1519
3136 2 2 8 7 528 529 573
3137 2 2 8 7 1525 1537 1538
3138 2 2 8 7 1530 1532 1533
3139 2 2 8 7 1452 1458 1457
3140 2 2 8 7 1302 1308 1305
3141 2 2 8 7 1451 1458 1452
3142 2 2 8 7 1820 1939 1938
3143 2 2 8 7 1080 1082 1083
3144 2 2 8 7 1936 1938 1937
3145 2 2 8 7 1088 1850 1823
3146 2 2 8 7 1137 1167 1168
3147 2 2 8 7 1728 1731 1732
3148 2 2 8 7 1185 1199 1189
3149 2 2 8 7 1197 1200 1198
3150 2 2 8 7 1082 1825 1719
3151 2 2 8 7 1721 1742 1722
3152 2 2 8 7 959 1119 961
3153 2 2 8 7 1718 1721 1723
3154 2 2 8 7 406 549 538
3155 2 2 8 7 930 931 949
3156 2 2 8 7 684 695 694
3157 2 2 8 7 1943 1948 1947
3158 2 2 8 7 1560 1563 1561
3159 2 2 8 7 483 492 488
3160 2 2 8 7 1928 1935 1929
3161 2 2 8 7 1354 1355 1356
3162 2 2 8 7 906 912 908
3163 2 2 8 7 503 533 523
3164 2 2 8 7 1295 1297 1316
3165 2 2 8 7 1797 1932 1933
3166 2 2 8 7 1510 1520 1521
3167 2 2 8 7 1549 1704 1705
3168 2 2 8 7 1185 1189 1190
3169 2 2 8 7 1882 1887 1883
3170 2 2 8 7 911 912 913
3171 2 2 8 7 492 517 518
3172 2 2 8 7 1655 1671 1682
3173 2 2 8 7 1545 1549 1548
3174 2 2 8 7 718 723 724
3175 2 2 8 7 1341 1343 1342
3176 2 2 8 7 1653 1655 1656
3177 2 2 8 7 729 731 732
3178 2 2 8 7 1432 1437 1433
3179 2 2 8 7 605 626 614
3180 2 2 8 7 1187 1190 1188
3181 2 2 8 7 839 846 843
3182 2 2 8 7 459 463 467
3183 2 2 8 7 463 464 467
3184 2 2 8 7 839 843 842
3185 2 2 8 7 2004 2005 2007
3186 2 2 8 7 1998 2005 2004
3187 2 2 8 7 774 777 778
3188 2 2 8 7 773 777 774
3189 2 2 8 7 1621 1623 1678
3190 2 2 8 7 1623 1676 1678
3191 2 2 8 7 804 806 805
3192 2 2 8 7 804 807 806
3193 2 2 8 7 1014 1016 1022
3194 2 2 8 7 1016 1021 1022
3195 2 2 8 7 762 763 770
3196 2 2 8 7 966 969 968
3197 2 2 8 7 1997 2000 2002
3198 2 2 8 7 1997 2001 2000
3199 2 2 8 7 762 770 769
3200 2 2 8 7 968 969 970
3201 2 2 8 7 454 457 462
3202 2 2 8 7 1286 1287 1289
3203 2 2 8 7 457 465 462
3204 2 2 8 7 1286 1289 1288
3205 2 2 8 7 853 856 855
3206 2 2 8 7 853 855 854
3207 2 2 8 7 1644 1650 1651
3208 2 2 8 7 1642 1650 1644
3209 2 2 8 7 810 813 812
3210 2 2 8 7 1239 1499 1240
3211 2 2 8 7 808 813 810
3212 2 2 8 7 1272 1273 1277
3213 2 2 8 7 1235 1499 1239
3214 2 2 8 7 407 412 408
3215 2 2 8 7 1272 1277 1278
3216 2 2 8 7 1923 1926 1927
3217 2 2 8 7 1564 1586 1576
3218 2 2 8 7 407 408 409
3219 2 2 8 7 1516 1564 1576
3220 2 2 8 7 1923 1927 1924
3221 2 2 8 7 1223 1231 1229
3222 2 2 8 7 1229 1231 1230
3223 2 2 8 7 400 405 402
3224 2 2 8 7 402 405 403
3225 2 2 8 7 975 976 1902
3226 2 2 8 7 975 1902 1899
3227 2 2 8 7 679 682 680
3228 2 2 8 7 812 814 821
3229 2 2 8 7 1515 1577 1575
3230 2 2 8 7 679 685 682
3231 2 2 8 7 812 813 814
3232 2 2 8 7 1515 1575 1517
3233 2 2 8 7 675 681 676
3234 2 2 8 7 1597 1634 1605
3235 2 2 8 7 781 840 841
3236 2 2 8 7 1325 1334 1333
3237 2 2 8 7 1597 1633 1634
3238 2 2 8 7 674 676 681
3239 2 2 8 7 1228 1232 1234
3240 2 2 8 7 775 781 841
3241 2 2 8 7 1598 1604 1601
3242 2 2 8 7 1596 1598 1601
3243 2 2 8 7 1325 1333 1345
3244 2 2 8 7 430 432 515
3245 2 2 8 7 432 516 515
3246 2 2 8 7 1232 1236 1234
3247 2 2 8 7 1904 1908 1905
3248 2 2 8 7 1900 1904 1905
3249 2 2 8 7 689 748 764
3250 2 2 8 7 689 764 734
3251 2 2 8 7 395 396 537
3252 2 2 8 7 1952 1977 1955
3253 2 2 8 7 396 404 537
3254 2 2 8 7 1925 1976 1951
3255 2 2 8 7 857 887 935
3256 2 2 8 7 1877 1925 1951
3257 2 2 8 7 1952 1955 1954
3258 2 2 8 7 1327 1329 1330
3259 2 2 8 7 1327 1328 1329
3260 2 2 8 7 857 935 915
3261 2 2 8 7 431 485 449
3262 2 2 8 7 431 514 485
3263 2 2 8 7 1877 1926 1925
3264 2 2 8 7 856 857 915
3265 2 2 8 7 1254 1271 1337
3266 2 2 8 7 855 856 915
3267 2 2 8 7 1271 1312 1337
3268 2 2 8 7 1877 1927 1926
3269 2 2 8 7 2006 2008 2007
3270 2 2 8 7 946 953 951
3271 2 2 8 7 2005 2006 2007
3272 2 2 8 7 946 951 950
3273 2 2 8 7 466 1280 1281
3274 2 2 8 7 466 1290 1280
3275 2 2 8 7 1899 1902 1904
3276 2 2 8 7 1957 1959 1962
3277 2 2 8 7 1023 1029 1030
3278 2 2 8 7 1899 1904 1900
3279 2 2 8 7 1023 1031 1029
3280 2 2 8 7 1501 1502 1507
3281 2 2 8 7 1957 1958 1959
3282 2 2 8 7 1500 1507 1502
3283 2 2 8 7 679 687 685
3284 2 2 8 7 685 687 686
3285 2 2 8 7 1253 1339 1255
3286 2 2 8 7 1253 1338 1339
3287 2 2 8 7 450 455 451
3288 2 2 8 7 450 456 455
3289 2 2 8 7 690 747 749
3290 2 2 8 7 511 520 512
3291 2 2 8 7 512 520 513
3292 2 2 8 7 688 690 749
3293 2 2 8 7 879 944 936
3294 2 2 8 7 887 888 935
3295 2 2 8 7 1564 1585 1586
3296 2 2 8 7 1951 1976 1975
3297 2 2 8 7 1015 1021 1016
3298 2 2 8 7 1015 1020 1021
3299 2 2 8 7 1945 1960 1959
3300 2 2 8 7 1945 1959 1958
3301 2 2 8 7 502 511 510
3302 2 2 8 7 1506 1512 1513
3303 2 2 8 7 1505 1508 1506
3304 2 2 8 7 505 507 506
3305 2 2 8 7 504 507 505
3306 2 2 8 7 1564 1584 1585
3307 2 2 8 7 936 944 943
3308 2 2 8 7 1512 1514 1513
3309 2 2 8 7 1951 1975 1953
3310 2 2 8 7 502 520 511
3311 2 2 8 7 774 778 781
3312 2 2 8 7 1585 1591 1592
3313 2 2 8 7 774 781 775
3314 2 2 8 7 888 934 935
3315 2 2 8 7 1584 1591 1585
3316 2 2 8 7 1333 1335 1345
3317 2 2 8 7 1506 1508 1512
3318 2 2 8 7 805 806 810
3319 2 2 8 7 1335 1336 1345
3320 2 2 8 7 806 808 810
3321 2 2 8 7 847 852 851
3322 2 2 8 7 942 944 945
3323 2 2 8 7 974 979 976
3324 2 2 8 7 844 847 851
3325 2 2 8 7 1636 1641 1639
3326 2 2 8 7 974 976 975
3327 2 2 8 7 1636 1640 1641
3328 2 2 8 7 822 958 954
3329 2 2 8 7 942 943 944
3330 2 2 8 7 974 978 979
3331 2 2 8 7 952 954 958
3332 2 2 8 7 973 978 974
3333 2 2 8 7 803 807 804
3334 2 2 8 7 769 770 771
3335 2 2 8 7 769 771 772
3336 2 2 8 7 803 1038 807
3337 2 2 8 7 400 407 409
3338 2 2 8 7 1639 1641 1645
3339 2 2 8 7 1228 1229 1232
3340 2 2 8 7 1222 1231 1223
3341 2 2 8 7 1229 1230 1232
3342 2 2 8 7 942 945 946
3343 2 2 8 7 449 485 451
3344 2 2 8 7 1222 1359 1231
3345 2 2 8 7 942 946 950
3346 2 2 8 7 400 409 405
3347 2 2 8 7 1954 1955 1960
3348 2 2 8 7 1641 1643 1645
3349 2 2 8 7 971 978 973
3350 2 2 8 7 1592 1594 1593
3351 2 2 8 7 1945 1954 1960
3352 2 2 8 7 450 451 485
3353 2 2 8 7 1591 1594 1592
3354 2 2 8 7 967 1054 1015
3355 2 2 8 7 1015 1054 1020
3356 2 2 8 7 1667 1670 1668
3357 2 2 8 7 971 973 972
3358 2 2 8 7 1667 1673 1670
3359 2 2 8 7 610 612 613
3360 2 2 8 7 1025 1030 1026
3361 2 2 8 7 396 402 403
3362 2 2 8 7 1023 1030 1025
3363 2 2 8 7 396 403 404
3364 2 2 8 7 1029 1033 1035
3365 2 2 8 7 408 412 413
3366 2 2 8 7 1930 1963 2009
3367 2 2 8 7 1029 1031 1033
3368 2 2 8 7 408 413 673
3369 2 2 8 7 1930 2009 2008
3370 2 2 8 7 1930 2008 2006
3371 2 2 8 7 1930 1961 1963
3372 2 2 8 7 1921 1923 1924
3373 2 2 8 7 1921 1924 1922
3374 2 2 8 7 1034 1035 1036
3375 2 2 8 7 1597 1605 1604
3376 2 2 8 7 459 466 1281
3377 2 2 8 7 1033 1036 1035
3378 2 2 8 7 459 467 466
3379 2 2 8 7 1597 1604 1598
3380 2 2 8 7 1661 1996 1664
3381 2 2 8 7 689 749 748
3382 2 2 8 7 1661 1664 1662
3383 2 2 8 7 688 749 689
3384 2 2 8 7 1634 1640 1636
3385 2 2 8 7 413 676 673
3386 2 2 8 7 1633 1640 1634
3387 2 2 8 7 673 676 674
3388 2 2 8 7 1276 1278 1277
3389 2 2 8 7 1253 1254 1338
3390 2 2 8 7 1254 1337 1338
3391 2 2 8 7 1622 1676 1623
3392 2 2 8 7 966 968 967
3393 2 2 8 7 1732 1749 1750
3394 2 2 8 7 1276 1279 1278
3395 2 2 8 7 1998 2004 2002
3396 2 2 8 7 1621 1678 1675
3397 2 2 8 7 1622 1677 1676
3398 2 2 8 7 879 934 888
3399 2 2 8 7 1998 2002 2000
3400 2 2 8 7 879 936 934
3401 2 2 8 7 967 968 1054
3402 2 2 8 7 1674 1675 1678
3403 2 2 8 7 1905 1908 1907
3404 2 2 8 7 1905 1907 1906
3405 2 2 8 7 1663 1668 1669
3406 2 2 8 7 1271 1273 1312
3407 2 2 8 7 1996 2001 1997
3408 2 2 8 7 1272 1312 1273
3409 2 2 8 7 1014 1022 1026
3410 2 2 8 7 734 764 763
3411 2 2 8 7 1668 1670 1669
3412 2 2 8 7 1953 1975 1977
3413 2 2 8 7 1650 1652 1651
3414 2 2 8 7 734 763 762
3415 2 2 8 7 432 512 513
3416 2 2 8 7 1667 1675 1674
3417 2 2 8 7 1255 1339 1335
3418 2 2 8 7 432 513 516
3419 2 2 8 7 687 747 690
3420 2 2 8 7 1335 1339 1336
3421 2 2 8 7 1661 2001 1996
3422 2 2 8 7 686 687 690
3423 2 2 8 7 1662 1664 1663
3424 2 2 8 7 1022 1025 1026
3425 2 2 8 7 1952 1953 1977
3426 2 2 8 7 1650 1697 1652
3427 2 2 8 7 814 822 821
3428 2 2 8 7 1667 1674 1673
3429 2 2 8 7 1662 1663 1669
3430 2 2 8 7 1622 1652 1697
3431 2 2 8 7 814 958 822
3432 2 2 8 7 1622 1697 1677
3433 2 2 8 7 1280 1290 1287
3434 2 2 8 7 1287 1290 1289
3435 2 2 8 7 1906 1907 1921
3436 2 2 8 7 803 1034 1038
3437 2 2 8 7 1906 1921 1922
3438 2 2 8 7 1513 1514 1575
3439 2 2 8 7 1514 1517 1575
3440 2 2 8 7 1222 1329 1359
3441 2 2 8 7 1034 1036 1038
3442 2 2 8 7 1516 1576 1577
3443 2 2 8 7 969 971 972
3444 2 2 8 7 1328 1359 1329
3445 2 2 8 7 1515 1516 1577
3446 2 2 8 7 969 972 970
3447 2 2 8 7 1593 1595 1600
3448 2 2 8 7 504 510 507
3449 2 2 8 7 430 514 431
3450 2 2 8 7 1593 1594 1595
3451 2 2 8 7 1642 1644 1645
3452 2 2 8 7 502 510 504
3453 2 2 8 7 1642 1645 1643
3454 2 2 8 7 430 515 514
3455 2 2 8 7 1595 1601 1600
3456 2 2 8 7 1234 1235 1239
3457 2 2 8 7 1595 1596 1601
3458 2 2 8 7 1234 1236 1235
3459 2 2 8 7 395 505 506
3460 2 2 8 7 852 853 854
3461 2 2 8 7 454 455 457
3462 2 2 8 7 395 537 505
3463 2 2 8 7 839 841 840
3464 2 2 8 7 839 842 841
3465 2 2 8 7 455 456 457
3466 2 2 8 7 851 852 854
3467 2 2 8 7 771 777 773
3468 2 2 8 7 771 773 772
3469 2 2 8 7 1501 1507 1505
3470 2 2 8 7 675 680 682
3471 2 2 8 7 1505 1507 1508
3472 2 2 8 7 675 682 681
3473 2 2 8 7 1240 1500 1502
3474 2 2 8 7 1240 1499 1500
3475 2 2 8 7 1327 1330 1334
3476 2 2 8 7 1325 1327 1334
3477 2 2 8 7 1276 1286 1279
3478 2 2 8 7 1279 1286 1288
3479 2 2 8 7 952 953 954
3480 2 2 8 7 951 953 952
3481 2 2 8 7 922 1160 1159
3482 2 2 8 7 843 846 847
3483 2 2 8 7 843 847 844
3484 2 2 8 7 1961 1962 1963
3485 2 2 8 7 1957 1962 1961
3486 2 2 8 7 1129 1138 1145
3487 2 2 8 7 606 609 608
3488 2 2 8 7 462 465 463
3489 2 2 8 7 463 465 464
3490 2 2 8 7 1710 1717 1755
3491 2 2 8 7 1848 1855 1864
3492 2 2 8 7 636 638 637
3493 2 2 8 7 1791 1808 1794
3494 2 2 8 7 580 585 581
3495 2 2 8 7 544 562 545
3496 2 2 8 7 662 712 708
3497 2 2 8 7 602 603 604
3498 2 2 8 7 1147 1148 1149
3499 2 2 8 7 1718 1725 1719
3500 2 2 8 7 1846 1855 1848
3501 2 2 8 7 1175 1203 1204
3502 2 2 8 7 634 635 712
3503 2 2 8 7 1460 1732 1750
3504 2 2 8 7 619 625 626
3505 2 2 8 7 1149 1155 1154
3506 2 2 8 7 1139 1146 1145
3507 2 2 8 7 581 582 583
3508 2 2 8 7 892 922 1162
3509 2 2 8 7 545 563 569
3510 2 2 8 7 1491 1717 1527
3511 2 2 8 7 540 638 639
3512 2 2 8 7 1937 1940 1942
3513 2 2 8 7 1430 1431 1432
3514 2 2 8 7 1855 1862 1864
3515 2 2 8 7 1357 1394 1375
3516 2 2 8 7 1790 1791 1792
3517 2 2 8 7 1296 1298 1308
3518 2 2 8 7 1347 1349 1348
3519 2 2 8 7 1738 1741 1742
3520 2 2 8 7 1802 1816 1818
3521 2 2 8 7 1686 1687 1788
3522 2 2 8 7 889 894 898
3523 2 2 8 7 474 475 1299
3524 2 2 8 7 1530 1551 1552
3525 2 2 8 7 1522 1523 1525
3526 2 2 8 7 623 624 625
3527 2 2 8 7 706 727 722
3528 2 2 8 7 1846 1852 1855
3529 2 2 8 7 629 1206 1211
3530 2 2 8 7 613 614 615
3531 2 2 8 7 1122 1123 1145
3532 2 2 8 7 922 923 924
3533 2 2 8 7 1816 1817 1818
3534 2 2 8 7 638 701 710
3535 2 2 8 7 545 556 546
3536 2 2 8 7 1709 1715 1717
3537 2 2 8 7 1686 1788 1787
3538 2 2 8 7 894 895 898
3539 2 2 8 7 1436 1445 1446
3540 2 2 8 7 500 501 581
3541 2 2 8 7 1791 1793 1796
3542 2 2 8 7 1731 1734 1749
3543 2 2 8 7 1081 1824 1082
3544 2 2 8 7 1143 1149 1150
3545 2 2 8 7 709 712 713
3546 2 2 8 7 1194 1197 1195
3547 2 2 8 7 1123 1129 1145
3548 2 2 8 7 1443 1444 1446
3549 2 2 8 7 922 924 1160
3550 2 2 8 7 637 638 710
3551 2 2 8 7 544 545 546
3552 2 2 8 7 1709 1717 1710
3553 2 2 8 7 501 580 581
3554 2 2 8 7 1791 1794 1793
3555 2 2 8 7 1143 1147 1149
3556 2 2 8 7 545 557 556
3557 2 2 8 7 708 712 709
3558 2 2 8 7 1215 1729 1727
3559 2 2 8 7 1122 1145 1144
3560 2 2 8 7 1149 1151 1150
3561 2 2 8 7 712 714 713
3562 2 2 8 7 497 500 581
3563 2 2 8 7 541 701 638
3564 2 2 8 7 1528 1717 1715
3565 2 2 8 7 1860 1863 1864
3566 2 2 8 7 891 923 922
3567 2 2 8 7 1787 1791 1796
3568 2 2 8 7 494 496 495
3569 2 2 8 7 1184 1185 1207
3570 2 2 8 7 545 569 557
3571 2 2 8 7 1937 1939 1940
3572 2 2 8 7 1541 1544 1543
3573 2 2 8 7 1375 1394 1376
3574 2 2 8 7 1348 1349 1350
3575 2 2 8 7 1298 1305 1308
3576 2 2 8 7 1144 1145 1146
3577 2 2 8 7 1937 1938 1939
3578 2 2 8 7 1149 1154 1151
3579 2 2 8 7 635 714 712
3580 2 2 8 7 528 530 529
3581 2 2 8 7 497 581 583
3582 2 2 8 7 475 1303 1299
3583 2 2 8 7 540 541 638
3584 2 2 8 7 1522 1525 1538
3585 2 2 8 7 1530 1552 1532
3586 2 2 8 7 1202 1207 1209
3587 2 2 8 7 1527 1717 1528
3588 2 2 8 7 1446 1458 1451
3589 2 2 8 7 1860 1864 1862
3590 2 2 8 7 891 922 892
3591 2 2 8 7 706 707 727
3592 2 2 8 7 1787 1792 1791
3593 2 2 8 7 1721 1722 1723
3594 2 2 8 7 1721 1739 1742
3595 2 2 8 7 1082 1824 1825
3596 2 2 8 7 1195 1197 1198
3597 2 2 8 7 605 614 607
3598 2 2 8 7 1463 1540 1539
3599 2 2 8 7 476 1300 1304
3600 2 2 8 7 1324 1409 1395
3601 2 2 8 7 1819 1821 1820
3602 2 2 8 7 1641 1703 1643
3603 2 2 8 7 497 583 498
3604 2 2 8 7 806 807 1040
3605 2 2 8 7 968 970 1055
3606 2 2 8 7 464 469 467
3607 2 2 8 7 1676 1680 1678
3608 2 2 8 7 1019 1022 1021
3609 2 2 8 7 1660 2000 2001
3610 2 2 8 7 1018 1022 1019
3611 2 2 8 7 1659 1660 2001
3612 2 2 8 7 842 843 905
3613 2 2 8 7 457 470 465
3614 2 2 8 7 465 470 471
3615 2 2 8 7 1642 1702 1650
3616 2 2 8 7 1650 1702 1701
3617 2 2 8 7 1232 1233 1236
3618 2 2 8 7 854 855 914
3619 2 2 8 7 855 913 914
3620 2 2 8 7 915 935 917
3621 2 2 8 7 915 917 916
3622 2 2 8 7 1880 1924 1927
3623 2 2 8 7 1879 1924 1880
3624 2 2 8 7 1288 1289 1294
3625 2 2 8 7 813 959 814
3626 2 2 8 7 814 959 960
3627 2 2 8 7 725 762 769
3628 2 2 8 7 725 726 762
3629 2 2 8 7 484 485 514
3630 2 2 8 7 404 536 537
3631 2 2 8 7 483 485 484
3632 2 2 8 7 1998 1999 2005
3633 2 2 8 7 1516 1562 1564
3634 2 2 8 7 1933 2006 2005
3635 2 2 8 7 1933 2005 1999
3636 2 2 8 7 1877 1951 1878
3637 2 2 8 7 1516 1563 1562
3638 2 2 8 7 1876 1878 1951
3639 2 2 8 7 403 405 406
3640 2 2 8 7 775 841 902
3641 2 2 8 7 403 406 539
3642 2 2 8 7 720 775 902
3643 2 2 8 7 719 773 774
3644 2 2 8 7 408 671 409
3645 2 2 8 7 719 724 773
3646 2 2 8 7 1325 1345 1326
3647 2 2 8 7 409 671 670
3648 2 2 8 7 972 973 1070
3649 2 2 8 7 1230 1231 1360
3650 2 2 8 7 1326 1345 1344
3651 2 2 8 7 1230 1360 1361
3652 2 2 8 7 949 950 951
3653 2 2 8 7 1272 1278 1313
3654 2 2 8 7 1949 1952 1954
3655 2 2 8 7 1272 1313 1314
3656 2 2 8 7 1947 1949 1954
3657 2 2 8 7 466 1293 1290
3658 2 2 8 7 1956 1958 1957
3659 2 2 8 7 1235 1497 1499
3660 2 2 8 7 808 959 813
3661 2 2 8 7 682 685 683
3662 2 2 8 7 1515 1517 1518
3663 2 2 8 7 808 809 959
3664 2 2 8 7 1597 1705 1633
3665 2 2 8 7 683 685 684
3666 2 2 8 7 1547 1705 1597
3667 2 2 8 7 975 1899 1068
3668 2 2 8 7 1497 1498 1499
3669 2 2 8 7 1068 1899 1890
3670 2 2 8 7 688 692 690
3671 2 2 8 7 690 692 691
3672 2 2 8 7 1023 1032 1031
3673 2 2 8 7 1023 1024 1032
3674 2 2 8 7 1508 1509 1512
3675 2 2 8 7 936 943 939
3676 2 2 8 7 1546 1598 1596
3677 2 2 8 7 1546 1548 1598
3678 2 2 8 7 450 485 483
3679 2 2 8 7 1509 1510 1512
3680 2 2 8 7 939 943 941
3681 2 2 8 7 450 483 487
3682 2 2 8 7 1877 1880 1927
3683 2 2 8 7 1877 1878 1880
3684 2 2 8 7 689 734 732
3685 2 2 8 7 1888 1900 1905
3686 2 2 8 7 974 975 1069
3687 2 2 8 7 1557 1591 1584
3688 2 2 8 7 689 732 733
3689 2 2 8 7 1888 1889 1900
3690 2 2 8 7 684 685 686
3691 2 2 8 7 975 1068 1069
3692 2 2 8 7 1556 1557 1584
3693 2 2 8 7 807 1038 1037
3694 2 2 8 7 725 769 772
3695 2 2 8 7 405 409 670
3696 2 2 8 7 1930 1931 1961
3697 2 2 8 7 855 915 913
3698 2 2 8 7 1650 1701 1697
3699 2 2 8 7 1928 1961 1931
3700 2 2 8 7 968 1055 1054
3701 2 2 8 7 1696 1697 1701
3702 2 2 8 7 1653 1661 1662
3703 2 2 8 7 913 915 916
3704 2 2 8 7 1052 1054 1055
3705 2 2 8 7 405 670 406
3706 2 2 8 7 942 950 949
3707 2 2 8 7 917 935 934
3708 2 2 8 7 940 942 949
3709 2 2 8 7 1876 1951 1953
3710 2 2 8 7 1945 1958 1956
3711 2 2 8 7 1930 2006 1931
3712 2 2 8 7 1945 1956 1946
3713 2 2 8 7 1876 1953 1950
3714 2 2 8 7 720 774 775
3715 2 2 8 7 719 774 720
3716 2 2 8 7 917 934 938
3717 2 2 8 7 1633 1705 1640
3718 2 2 8 7 1493 1507 1500
3719 2 2 8 7 1310 1337 1312
3720 2 2 8 7 515 516 517
3721 2 2 8 7 666 674 681
3722 2 2 8 7 726 734 762
3723 2 2 8 7 516 519 517
3724 2 2 8 7 1310 1311 1337
3725 2 2 8 7 952 958 956
3726 2 2 8 7 1672 1674 1678
3727 2 2 8 7 844 851 906
3728 2 2 8 7 726 732 734
3729 2 2 8 7 408 673 672
3730 2 2 8 7 408 672 671
3731 2 2 8 7 665 674 666
3732 2 2 8 7 1556 1584 1564
3733 2 2 8 7 1556 1564 1562
3734 2 2 8 7 1670 1673 1671
3735 2 2 8 7 1889 1899 1900
3736 2 2 8 7 1889 1890 1899
3737 2 2 8 7 1883 1905 1906
3738 2 2 8 7 1883 1888 1905
3739 2 2 8 7 1327 1353 1328
3740 2 2 8 7 1231 1359 1358
3741 2 2 8 7 1338 1340 1339
3742 2 2 8 7 1231 1358 1360
3743 2 2 8 7 1328 1353 1354
3744 2 2 8 7 1339 1340 1342
3745 2 2 8 7 1018 1025 1022
3746 2 2 8 7 513 520 521
3747 2 2 8 7 520 522 521
3748 2 2 8 7 1883 1906 1922
3749 2 2 8 7 973 974 1069
3750 2 2 8 7 1336 1344 1345
3751 2 2 8 7 1278 1279 1313
3752 2 2 8 7 806 1040 808
3753 2 2 8 7 504 505 532
3754 2 2 8 7 1279 1295 1313
3755 2 2 8 7 1514 1518 1517
3756 2 2 8 7 1950 1953 1952
3757 2 2 8 7 1949 1950 1952
3758 2 2 8 7 808 1040 809
3759 2 2 8 7 1511 1518 1514
3760 2 2 8 7 1554 1595 1594
3761 2 2 8 7 1230 1233 1232
3762 2 2 8 7 504 532 531
3763 2 2 8 7 1230 1361 1233
3764 2 2 8 7 1554 1594 1555
3765 2 2 8 7 1676 1677 1680
3766 2 2 8 7 456 486 457
3767 2 2 8 7 457 486 470
3768 2 2 8 7 1020 1053 1021
3769 2 2 8 7 513 519 516
3770 2 2 8 7 1272 1314 1312
3771 2 2 8 7 1019 1021 1053
3772 2 2 8 7 513 521 519
3773 2 2 8 7 1555 1594 1591
3774 2 2 8 7 1998 2000 1999
3775 2 2 8 7 1020 1054 1053
3776 2 2 8 7 1660 1999 2000
3777 2 2 8 7 1052 1053 1054
3778 2 2 8 7 1555 1591 1557
3779 2 2 8 7 1310 1312 1314
3780 2 2 8 7 1879 1922 1924
3781 2 2 8 7 466 467 469
3782 2 2 8 7 502 504 531
3783 2 2 8 7 1945 1946 1954
3784 2 2 8 7 502 503 520
3785 2 2 8 7 466 469 1293
3786 2 2 8 7 1946 1947 1954
3787 2 2 8 7 934 936 939
3788 2 2 8 7 502 531 503
3789 2 2 8 7 1036 1037 1038
3790 2 2 8 7 1672 1673 1674
3791 2 2 8 7 934 939 938
3792 2 2 8 7 503 522 520
3793 2 2 8 7 1336 1339 1342
3794 2 2 8 7 1036 1042 1037
3795 2 2 8 7 1554 1596 1595
3796 2 2 8 7 1033 1042 1036
3797 2 2 8 7 1546 1596 1554
3798 2 2 8 7 665 673 674
3799 2 2 8 7 1033 1041 1042
3800 2 2 8 7 686 690 691
3801 2 2 8 7 665 672 673
3802 2 2 8 7 1510 1514 1512
3803 2 2 8 7 1547 1597 1598
3804 2 2 8 7 1510 1511 1514
3805 2 2 8 7 1547 1598 1548
3806 2 2 8 7 940 943 942
3807 2 2 8 7 1328 1354 1359
3808 2 2 8 7 1677 1697 1696
3809 2 2 8 7 505 537 536
3810 2 2 8 7 940 941 943
3811 2 2 8 7 1289 1290 1294
3812 2 2 8 7 1354 1358 1359
3813 2 2 8 7 505 536 532
3814 2 2 8 7 724 772 773
3815 2 2 8 7 1031 1041 1033
3816 2 2 8 7 1640 1703 1641
3817 2 2 8 7 951 952 956
3818 2 2 8 7 1311 1338 1337
3819 2 2 8 7 1031 1032 1041
3820 2 2 8 7 1325 1326 1327
3821 2 2 8 7 450 487 456
3822 2 2 8 7 1326 1353 1327
3823 2 2 8 7 1653 1662 1669
3824 2 2 8 7 814 960 958
3825 2 2 8 7 1311 1340 1338
3826 2 2 8 7 456 487 486
3827 2 2 8 7 403 539 404
3828 2 2 8 7 484 514 515
3829 2 2 8 7 1654 1669 1670
3830 2 2 8 7 1653 1669 1654
3831 2 2 8 7 484 515 517
3832 2 2 8 7 688 689 733
3833 2 2 8 7 1654 1670 1671
3834 2 2 8 7 851 854 914
3835 2 2 8 7 970 972 1070
3836 2 2 8 7 688 733 692
3837 2 2 8 7 1928 1957 1961
3838 2 2 8 7 1235 1236 1497
3839 2 2 8 7 851 914 906
3840 2 2 8 7 1498 1500 1499
3841 2 2 8 7 681 682 683
3842 2 2 8 7 1813 1815 1814
3843 2 2 8 7 1493 1500 1498
3844 2 2 8 7 666 681 683
3845 2 2 8 7 843 844 905
3846 2 2 8 7 1507 1509 1508
3847 2 2 8 7 1659 2001 1661
3848 2 2 8 7 1515 1563 1516
3849 2 2 8 7 841 842 902
3850 2 2 8 7 1023 1025 1024
3851 2 2 8 7 1642 1643 1702
3852 2 2 8 7 1279 1288 1295
3853 2 2 8 7 464 465 471
3854 2 2 8 7 1789 1790 1792
3855 2 2 8 7 893 1161 896
3856 2 2 8 7 1087 1097 1096
3857 2 2 8 7 1100 1105 1104
3858 2 2 8 7 1382 1470 1469
3859 2 2 8 7 658 1164 1180
3860 2 2 8 7 1756 1759 1768
3861 2 2 8 7 1822 1845 1837
3862 2 2 8 7 1403 1404 1425
3863 2 2 8 7 1380 1418 1381
3864 2 2 8 7 1171 1178 1172
3865 2 2 8 7 641 644 642
3866 2 2 8 7 1098 1099 1136
3867 2 2 8 7 575 577 595
3868 2 2 8 7 588 589 590
3869 2 2 8 7 1086 1103 1102
3870 2 2 8 7 1736 1806 1807
3871 2 2 8 7 1774 1775 1776
3872 2 2 8 7 1482 1487 1486
3873 2 2 8 7 559 590 589
3874 2 2 8 7 1823 1850 1851
3875 2 2 8 7 1170 1173 1171
3876 2 2 8 7 1756 1768 1774
3877 2 2 8 7 1468 1469 1471
3878 2 2 8 7 1475 1486 1483
3879 2 2 8 7 646 648 647
3880 2 2 8 7 1087 1096 1090
3881 2 2 8 7 1137 1168 1169
3882 2 2 8 7 1098 1105 1099
3883 2 2 8 7 1759 1760 1766
3884 2 2 8 7 1835 1837 1836
3885 2 2 8 7 1403 1422 1420
3886 2 2 8 7 1381 1470 1382
3887 2 2 8 7 1086 1102 1097
3888 2 2 8 7 655 659 658
3889 2 2 8 7 1100 1104 1103
3890 2 2 8 7 558 642 643
3891 2 2 8 7 1397 1424 1398
3892 2 2 8 7 1416 1421 1419
3893 2 2 8 7 1455 1456 1478
3894 2 2 8 7 1175 1204 1181
3895 2 2 8 7 597 602 604
3896 2 2 8 7 631 652 653
3897 2 2 8 7 1435 1449 1450
3898 2 2 8 7 1428 1430 1432
3899 2 2 8 7 1196 1198 1200
3900 2 2 8 7 1720 1739 1721
3901 2 2 8 7 1738 1740 1741
3902 2 2 8 7 1453 1457 1455
3903 2 2 8 7 1480 1753 1763
3904 2 2 8 7 603 618 620
3905 2 2 8 7 1479 1753 1480
3906 2 2 8 7 622 623 625
3907 2 2 8 7 893 895 894
3908 2 2 8 7 1181 1204 1183
3909 2 2 8 7 1787 1788 1789
3910 2 2 8 7 1814 1817 1816
3911 2 2 8 7 1744 1746 1748
3912 2 2 8 7 1444 1458 1446
3913 2 2 8 7 893 896 895
3914 2 2 8 7 1787 1789 1792
3915 2 2 8 7 1814 1815 1817
3916 2 2 8 7 1821 1940 1939
3917 2 2 8 7 1324 1350 1349
3918 2 2 8 7 494 498 496
3919 2 2 8 7 1539 1544 1541
3920 2 2 8 7 475 476 1303
3921 2 2 8 7 1185 1208 1207
3922 2 2 8 7 1658 1660 1659
3923 2 2 8 7 1017 1018 1019
3924 2 2 8 7 959 961 960
3925 2 2 8 7 916 917 918
3926 2 2 8 7 1875 1878 1876
3927 2 2 8 7 470 473 471
3928 2 2 8 7 1496 1498 1497
3929 2 2 8 7 1326 1344 1346
3930 2 2 8 7 406 538 539
3931 2 2 8 7 483 484 492
3932 2 2 8 7 1873 1879 1880
3933 2 2 8 7 725 728 726
3934 2 2 8 7 669 670 671
3935 2 2 8 7 1700 1701 1702
3936 2 2 8 7 1068 1890 1886
3937 2 2 8 7 1360 1362 1361
3938 2 2 8 7 683 684 694
3939 2 2 8 7 1887 1889 1888
3940 2 2 8 7 1067 1069 1068
3941 2 2 8 7 1947 1948 1949
3942 2 2 8 7 691 692 693
3943 2 2 8 7 1560 1562 1563
3944 2 2 8 7 931 940 949
3945 2 2 8 7 1547 1549 1705
3946 2 2 8 7 1797 1933 1999
3947 2 2 8 7 720 902 903
3948 2 2 8 7 1313 1316 1314
3949 2 2 8 7 1310 1317 1311
3950 2 2 8 7 1556 1562 1560
3951 2 2 8 7 937 939 941
3952 2 2 8 7 665 666 667
3953 2 2 8 7 1052 1055 1056
3954 2 2 8 7 1353 1355 1354
3955 2 2 8 7 1024 1048 1032
3956 2 2 8 7 1928 1931 1935
3957 2 2 8 7 1310 1314 1317
3958 2 2 8 7 718 719 720
3959 2 2 8 7 469 1292 1293
3960 2 2 8 7 1873 1880 1878
3961 2 2 8 7 692 733 731
3962 2 2 8 7 486 487 489
3963 2 2 8 7 912 914 913
3964 2 2 8 7 1555 1557 1559
3965 2 2 8 7 1509 1520 1510
3966 2 2 8 7 1944 1946 1956
3967 2 2 8 7 906 914 912
3968 2 2 8 7 503 531 533
3969 2 2 8 7 1886 1890 1889
3970 2 2 8 7 1037 1042 1044
3971 2 2 8 7 718 724 719
3972 2 2 8 7 1233 1361 1372
3973 2 2 8 7 809 1040 1039
3974 2 2 8 7 519 521 526
3975 2 2 8 7 1553 1554 1555
3976 2 2 8 7 1556 1559 1557
3977 2 2 8 7 1295 1316 1313
3978 2 2 8 7 531 532 533
3979 2 2 8 7 1340 1341 1342
3980 2 2 8 7 1041 1043 1042
3981 2 2 8 7 1358 1362 1360
3982 2 2 8 7 1032 1043 1041
3983 2 2 8 7 1546 1554 1553
3984 2 2 8 7 666 683 694
3985 2 2 8 7 484 517 492
3986 2 2 8 7 1019 1053 1058
3987 2 2 8 7 665 667 672
3988 2 2 8 7 1653 1654 1655
3989 2 2 8 7 1875 1876 1950
3990 2 2 8 7 1493 1498 1494
3991 2 2 8 7 1052 1058 1053
3992 2 2 8 7 521 522 526
3993 2 2 8 7 669 671 672
3994 2 2 8 7 1311 1341 1340
3995 2 2 8 7 1948 1950 1949
3996 2 2 8 7 1654 1671 1655
3997 2 2 8 7 917 938 918
3998 2 2 8 7 1696 1701 1698
3999 2 2 8 7 731 733 732
4000 2 2 8 7 470 486 489
4001 2 2 8 7 532 536 535
4002 2 2 8 7 1511 1519 1518
4003 2 2 8 7 937 938 939
4004 2 2 8 7 1883 1887 1888
4005 2 2 8 7 1660 1797 1999
4006 2 2 8 7 1324 1395 1350
4007 2 2 8 7 1820 1821 1939
4008 2 2 8 7 1547 1548 1549
4009 2 2 8 7 1326 1355 1353
4010 2 2 8 7 931 941 940
4011 2 2 8 7 494 497 498
4012 2 2 8 7 1539 1540 1544
4013 2 2 8 7 476 1304 1303
4014 2 2 8 7 1443 1460 1444
4015 2 2 8 7 612 614 613
4016 2 2 8 7 600 601 1431
4017 2 2 8 7 624 627 625
4018 2 2 8 7 1186 1726 1213
4019 2 2 8 7 1175 1196 1203
4020 2 2 8 7 1439 1727 1440
4021 2 2 8 7 615 626 627
4022 2 2 8 7 613 615 628
4023 2 2 8 7 615 627 628
4024 2 2 8 7 607 611 609
4025 2 2 8 7 1439 1441 1442
4026 2 2 8 7 1440 1727 1728
4027 2 2 8 7 406 670 549
4028 2 2 8 7 809 1119 959
4029 2 2 8 7 1545 1548 1546
4030 2 2 8 7 503 523 522
4031 2 2 8 7 517 519 518
4032 2 2 8 7 483 488 487
4033 2 2 8 7 1354 1356 1358
4034 2 2 8 7 1943 1947 1946
4035 2 2 8 7 911 913 916
4036 2 2 8 7 1510 1521 1511
4037 2 2 8 7 726 729 732
4038 2 2 8 7 1088 1090 1850
4039 2 2 8 7 1722 1743 1733
4040 2 2 8 7 1738 1742 1739
$EndElements
