$MeshFormat
2.2 0 8
$EndMeshFormat
$Nodes
5193
1 0.03 0 0
2 0 0.03 0
3 -0.03 0 0
4 0 -0.03 0
5 0.02999265830055744 0.0006636626145888009 0
6 0.02997063679559956 0.001327000401753437 0
7 0.02993394626347774 0.001989688693043956 0
8 0.02988260466224927 0.002651403137909815 0
9 0.0298166371208878 0.003311819862446544 0
10 0.02973607592698411 0.003970615627914162 0
11 0.02964096051094301 0.004627467988945685 0
12 0.02953133742668433 0.005282055451366775 0
13 0.02940726032885715 0.005934057629550289 0
14 0.02926878994657882 0.006583155403227747 0
15 0.02911599405371139 0.007229031073680833 0
16 0.0289489474356894 0.007871368519240618 0
17 0.02876773185291701 0.008509853350009275 0
18 0.02857243600075076 0.00914417306173728 0
19 0.02836315546608714 0.009774017188780206 0
20 0.02813999268057822 0.01039907745605368 0
21 0.02790305687049753 0.01101904792991575 0
22 0.02765246400327791 0.01163362516790959 0
23 0.02738833673075422 0.01224250836727584 0
24 0.02711080432912989 0.01284539951218458 0
25 0.02682000263570365 0.01344200351959666 0
26 0.02651607398238389 0.01403202838369221 0
27 0.02619916712602532 0.01461518531879067 0
28 0.02586943717562117 0.0151911889006947 0
29 0.02552704551638399 0.01575975720639312 0
30 0.02517215973075652 0.01632061195204641 0
31 0.02480495351639212 0.01687347862918687 0
32 0.02442560660113307 0.01741808663908538 0
33 0.02403430465505024 0.01795416942518451 0
34 0.02363123919956193 0.01848146460357207 0
35 0.02321660751369478 0.01899971409140282 0
36 0.02279061253753188 0.01950866423320917 0
37 0.02235346277287847 0.02000806592505973 0
38 0.02190537218121292 0.0204976747364803 0
39 0.02144656007896429 0.02097725103008912 0
40 0.02097725103016967 0.0214465600788855 0
41 0.02049767473656159 0.02190537218113686 0
42 0.02000806592513869 0.0223534627728078 0
43 0.01950866423328643 0.02279061253746574 0
44 0.01899971409147922 0.02321660751363226 0
45 0.01848146460364749 0.02363123919950295 0
46 0.01795416942525841 0.02403430465499503 0
47 0.01741808663915794 0.02442560660108132 0
48 0.01687347862925809 0.02480495351634368 0
49 0.0163206119521159 0.02517215973071146 0
50 0.01575975720646179 0.0255270455163416 0
51 0.0151911889007616 0.02586943717558187 0
52 0.01461518531885524 0.02619916712598929 0
53 0.01403202838375391 0.02651607398235125 0
54 0.01344200351965456 0.02682000263567463 0
55 0.01284539951224017 0.02711080432910355 0
56 0.01224250836732952 0.02738833673073023 0
57 0.01163362516796126 0.02765246400325617 0
58 0.01101904792996559 0.02790305687047785 0
59 0.01039907745609999 0.02813999268056111 0
60 0.009774017188823779 0.02836315546607213 0
61 0.009144173061777691 0.02857243600073783 0
62 0.008509853350045275 0.02876773185290636 0
63 0.007871368519274427 0.0289489474356802 0
64 0.007229031073711829 0.02911599405370369 0
65 0.006583155403255466 0.02926878994657258 0
66 0.00593405762957578 0.02940726032885201 0
67 0.005282055451389754 0.02953133742668022 0
68 0.004627467988966304 0.02964096051093979 0
69 0.003970615627932455 0.02973607592698167 0
70 0.003311819862462554 0.02981663712088602 0
71 0.002651403137921091 0.02988260466224827 0
72 0.001989688693052098 0.0299339462634772 0
73 0.001327000401758768 0.02997063679559932 0
74 0.0006636626145914778 0.02999265830055738 0
75 -0.0006636626145888009 0.02999265830055744 0
76 -0.001327000401753437 0.02997063679559956 0
77 -0.001989688693043956 0.02993394626347774 0
78 -0.002651403137909815 0.02988260466224927 0
79 -0.003311819862446544 0.0298166371208878 0
80 -0.003970615627914162 0.02973607592698411 0
81 -0.004627467988945685 0.02964096051094301 0
82 -0.005282055451366775 0.02953133742668433 0
83 -0.005934057629550289 0.02940726032885715 0
84 -0.006583155403227747 0.02926878994657882 0
85 -0.007229031073680833 0.02911599405371139 0
86 -0.007871368519240618 0.0289489474356894 0
87 -0.008509853350009275 0.02876773185291701 0
88 -0.00914417306173728 0.02857243600075076 0
89 -0.009774017188780206 0.02836315546608714 0
90 -0.01039907745605368 0.02813999268057822 0
91 -0.01101904792991575 0.02790305687049753 0
92 -0.01163362516790959 0.02765246400327791 0
93 -0.01224250836727584 0.02738833673075422 0
94 -0.01284539951218458 0.02711080432912989 0
95 -0.01344200351959666 0.02682000263570365 0
96 -0.01403202838369221 0.02651607398238389 0
97 -0.01461518531879067 0.02619916712602532 0
98 -0.0151911889006947 0.02586943717562117 0
99 -0.01575975720639312 0.02552704551638399 0
100 -0.01632061195204641 0.02517215973075652 0
101 -0.01687347862918687 0.02480495351639212 0
102 -0.01741808663908538 0.02442560660113307 0
103 -0.01795416942518451 0.02403430465505024 0
104 -0.01848146460357207 0.02363123919956193 0
105 -0.01899971409140282 0.02321660751369478 0
106 -0.01950866423320917 0.02279061253753188 0
107 -0.02000806592505973 0.02235346277287847 0
108 -0.0204976747364803 0.02190537218121292 0
109 -0.02097725103008912 0.02144656007896429 0
110 -0.0214465600788855 0.02097725103016967 0
111 -0.02190537218113686 0.02049767473656159 0
112 -0.0223534627728078 0.02000806592513869 0
113 -0.02279061253746574 0.01950866423328643 0
114 -0.02321660751363226 0.01899971409147922 0
115 -0.02363123919950295 0.01848146460364749 0
116 -0.02403430465499503 0.01795416942525841 0
117 -0.02442560660108132 0.01741808663915794 0
118 -0.02480495351634368 0.01687347862925809 0
119 -0.02517215973071146 0.0163206119521159 0
120 -0.0255270455163416 0.01575975720646179 0
121 -0.02586943717558187 0.0151911889007616 0
122 -0.02619916712598929 0.01461518531885524 0
123 -0.02651607398235125 0.01403202838375391 0
124 -0.02682000263567463 0.01344200351965456 0
125 -0.02711080432910355 0.01284539951224017 0
126 -0.02738833673073023 0.01224250836732952 0
127 -0.02765246400325617 0.01163362516796126 0
128 -0.02790305687047785 0.01101904792996559 0
129 -0.02813999268056111 0.01039907745609999 0
130 -0.02836315546607213 0.009774017188823779 0
131 -0.02857243600073783 0.009144173061777691 0
132 -0.02876773185290636 0.008509853350045275 0
133 -0.0289489474356802 0.007871368519274427 0
134 -0.02911599405370369 0.007229031073711829 0
135 -0.02926878994657258 0.006583155403255466 0
136 -0.02940726032885201 0.00593405762957578 0
137 -0.02953133742668022 0.005282055451389754 0
138 -0.02964096051093979 0.004627467988966304 0
139 -0.02973607592698167 0.003970615627932455 0
140 -0.02981663712088602 0.003311819862462554 0
141 -0.02988260466224827 0.002651403137921091 0
142 -0.0299339462634772 0.001989688693052098 0
143 -0.02997063679559932 0.001327000401758768 0
144 -0.02999265830055738 0.0006636626145914778 0
145 -0.02999265830055744 -0.0006636626145888009 0
146 -0.02997063679559956 -0.001327000401753437 0
147 -0.02993394626347774 -0.001989688693043956 0
148 -0.02988260466224927 -0.002651403137909815 0
149 -0.0298166371208878 -0.003311819862446544 0
150 -0.02973607592698411 -0.003970615627914162 0
151 -0.02964096051094301 -0.004627467988945685 0
152 -0.02953133742668433 -0.005282055451366775 0
153 -0.02940726032885715 -0.005934057629550289 0
154 -0.02926878994657882 -0.006583155403227747 0
155 -0.02911599405371139 -0.007229031073680833 0
156 -0.0289489474356894 -0.007871368519240618 0
157 -0.02876773185291701 -0.008509853350009275 0
158 -0.02857243600075076 -0.00914417306173728 0
159 -0.02836315546608714 -0.009774017188780206 0
160 -0.02813999268057822 -0.01039907745605368 0
161 -0.02790305687049753 -0.01101904792991575 0
162 -0.02765246400327791 -0.01163362516790959 0
163 -0.02738833673075422 -0.01224250836727584 0
164 -0.02711080432912989 -0.01284539951218458 0
165 -0.02682000263570365 -0.01344200351959666 0
166 -0.02651607398238389 -0.01403202838369221 0
167 -0.02619916712602532 -0.01461518531879067 0
168 -0.02586943717562117 -0.0151911889006947 0
169 -0.02552704551638399 -0.01575975720639312 0
170 -0.02517215973075652 -0.01632061195204641 0
171 -0.02480495351639212 -0.01687347862918687 0
172 -0.02442560660113307 -0.01741808663908538 0
173 -0.02403430465505024 -0.01795416942518451 0
174 -0.02363123919956193 -0.01848146460357207 0
175 -0.02321660751369478 -0.01899971409140282 0
176 -0.02279061253753188 -0.01950866423320917 0
177 -0.02235346277287847 -0.02000806592505973 0
178 -0.02190537218121292 -0.0204976747364803 0
179 -0.02144656007896429 -0.02097725103008912 0
180 -0.02097725103016967 -0.0214465600788855 0
181 -0.02049767473656159 -0.02190537218113686 0
182 -0.02000806592513869 -0.0223534627728078 0
183 -0.01950866423328643 -0.02279061253746574 0
184 -0.01899971409147922 -0.02321660751363226 0
185 -0.01848146460364749 -0.02363123919950295 0
186 -0.01795416942525841 -0.02403430465499503 0
187 -0.01741808663915794 -0.02442560660108132 0
188 -0.01687347862925809 -0.02480495351634368 0
189 -0.0163206119521159 -0.02517215973071146 0
190 -0.01575975720646179 -0.0255270455163416 0
191 -0.0151911889007616 -0.02586943717558187 0
192 -0.01461518531885524 -0.02619916712598929 0
193 -0.01403202838375391 -0.02651607398235125 0
194 -0.01344200351965456 -0.02682000263567463 0
195 -0.01284539951224017 -0.02711080432910355 0
196 -0.01224250836732952 -0.02738833673073023 0
197 -0.01163362516796126 -0.02765246400325617 0
198 -0.01101904792996559 -0.02790305687047785 0
199 -0.01039907745609999 -0.02813999268056111 0
200 -0.009774017188823779 -0.02836315546607213 0
201 -0.009144173061777691 -0.02857243600073783 0
202 -0.008509853350045275 -0.02876773185290636 0
203 -0.007871368519274427 -0.0289489474356802 0
204 -0.007229031073711829 -0.02911599405370369 0
205 -0.006583155403255466 -0.02926878994657258 0
206 -0.00593405762957578 -0.02940726032885201 0
207 -0.005282055451389754 -0.02953133742668022 0
208 -0.004627467988966304 -0.02964096051093979 0
209 -0.003970615627932455 -0.02973607592698167 0
210 -0.003311819862462554 -0.02981663712088602 0
211 -0.002651403137921091 -0.02988260466224827 0
212 -0.001989688693052098 -0.0299339462634772 0
213 -0.001327000401758768 -0.02997063679559932 0
214 -0.0006636626145914778 -0.02999265830055738 0
215 0.0006636626145888009 -0.02999265830055744 0
216 0.001327000401753437 -0.02997063679559956 0
217 0.001989688693043956 -0.02993394626347774 0
218 0.002651403137909815 -0.02988260466224927 0
219 0.003311819862446544 -0.0298166371208878 0
220 0.003970615627914162 -0.02973607592698411 0
221 0.004627467988945685 -0.02964096051094301 0
222 0.005282055451366775 -0.02953133742668433 0
223 0.005934057629550289 -0.02940726032885715 0
224 0.006583155403227747 -0.02926878994657882 0
225 0.007229031073680833 -0.02911599405371139 0
226 0.007871368519240618 -0.0289489474356894 0
227 0.008509853350009275 -0.02876773185291701 0
228 0.00914417306173728 -0.02857243600075076 0
229 0.009774017188780206 -0.02836315546608714 0
230 0.01039907745605368 -0.02813999268057822 0
231 0.01101904792991575 -0.02790305687049753 0
232 0.01163362516790959 -0.02765246400327791 0
233 0.01224250836727584 -0.02738833673075422 0
234 0.01284539951218458 -0.02711080432912989 0
235 0.01344200351959666 -0.02682000263570365 0
236 0.01403202838369221 -0.02651607398238389 0
237 0.01461518531879067 -0.02619916712602532 0
238 0.0151911889006947 -0.02586943717562117 0
239 0.01575975720639312 -0.02552704551638399 0
240 0.01632061195204641 -0.02517215973075652 0
241 0.01687347862918687 -0.02480495351639212 0
242 0.01741808663908538 -0.02442560660113307 0
243 0.01795416942518451 -0.02403430465505024 0
244 0.01848146460357207 -0.02363123919956193 0
245 0.01899971409140282 -0.02321660751369478 0
246 0.01950866423320917 -0.02279061253753188 0
247 0.02000806592505973 -0.02235346277287847 0
248 0.0204976747364803 -0.02190537218121292 0
249 0.02097725103008912 -0.02144656007896429 0
250 0.0214465600788855 -0.02097725103016967 0
251 0.02190537218113686 -0.02049767473656159 0
252 0.0223534627728078 -0.02000806592513869 0
253 0.02279061253746574 -0.01950866423328643 0
254 0.02321660751363226 -0.01899971409147922 0
255 0.02363123919950295 -0.01848146460364749 0
256 0.02403430465499503 -0.01795416942525841 0
257 0.02442560660108132 -0.01741808663915794 0
258 0.02480495351634368 -0.01687347862925809 0
259 0.02517215973071146 -0.0163206119521159 0
260 0.0255270455163416 -0.01575975720646179 0
261 0.02586943717558187 -0.0151911889007616 0
262 0.02619916712598929 -0.01461518531885524 0
263 0.02651607398235125 -0.01403202838375391 0
264 0.02682000263567463 -0.01344200351965456 0
265 0.02711080432910355 -0.01284539951224017 0
266 0.02738833673073023 -0.01224250836732952 0
267 0.02765246400325617 -0.01163362516796126 0
268 0.02790305687047785 -0.01101904792996559 0
269 0.02813999268056111 -0.01039907745609999 0
270 0.02836315546607213 -0.009774017188823779 0
271 0.02857243600073783 -0.009144173061777691 0
272 0.02876773185290636 -0.008509853350045275 0
273 0.0289489474356802 -0.007871368519274427 0
274 0.02911599405370369 -0.007229031073711829 0
275 0.02926878994657258 -0.006583155403255466 0
276 0.02940726032885201 -0.00593405762957578 0
277 0.02953133742668022 -0.005282055451389754 0
278 0.02964096051093979 -0.004627467988966304 0
279 0.02973607592698167 -0.003970615627932455 0
280 0.02981663712088602 -0.003311819862462554 0
281 0.02988260466224827 -0.002651403137921091 0
282 0.0299339462634772 -0.001989688693052098 0
283 0.02997063679559932 -0.001327000401758768 0
284 0.02999265830055738 -0.0006636626145914778 0
285 -0.01956342092561615 0.02185673358032993 0
286 -0.02907518968704952 0.003882447496094707 0
287 -0.0006488878684776665 -0.029326106257111 0
288 -0.00769482410362889 -0.02830470461748895 0
289 0.02096997583496844 0.02051116255176608 0
290 0.02004230789290663 0.02141685322232832 0
291 0.02932619650012709 0.0006489380999959954 0
292 0.0267797449055189 -0.01197040088676035 0
293 0.001299260580947108 -0.02930278576923576 0
294 -0.02461268384253789 0.01595794870862395 0
295 -0.01702753248879781 0.0238823594077221 0
296 -0.01754990829354388 0.02349957842551365 0
297 -0.01595446197760629 0.02461216493237067 0
298 -0.01649561648509963 0.02425330065619428 0
299 -0.01540950390023958 0.02495982219795343 0
300 -0.01485359557208102 0.02529458111351587 0
301 -0.01429039032487501 0.02561696562916056 0
302 -0.01314085131567745 0.02622331721508591 0
303 -0.0137183097622679 0.02592631644611683 0
304 -0.00579044445167738 0.02869588052468008 0
305 -0.005164665463567544 0.02887517202721927 0
306 -0.02898219972195757 0.00452470965724989 0
307 -0.02887498922017351 0.005164709659563441 0
308 -0.0287508078313794 0.005804223811310645 0
309 -0.02846591957100671 0.007070283827892198 0
310 -0.02861655255612512 0.006438021426680398 0
311 -0.01755167191206754 -0.02349974368881947 0
312 -0.01649845922641146 -0.02425369362674577 0
313 -0.02388278418309273 -0.01703099541568444 0
314 -0.02677966919405999 -0.01197036967008649 0
315 -0.02650718703196264 -0.01255654815729958 0
316 -0.00129488653501501 -0.02924552592246955 0
317 -0.008317458962960177 -0.02812667678470854 0
318 -0.008940968427952042 -0.02793743326714817 0
319 -0.01016793347479723 -0.02751457309045677 0
320 -0.009556765034626572 -0.02773278440269614 0
321 0.02051115126450791 0.02096999335963808 0
322 0.02461285948250806 0.01595798429256309 0
323 0.01595795226743485 0.02461284209387264 0
324 0.01540959755510693 0.02495983198641608 0
325 0.01482370644513605 0.02524364981856068 0
326 0.0142889089223087 0.02560930626630236 0
327 5.204818352324714e-08 0.02933341674824913 0
328 0.002594146258169539 0.02921671583233149 0
329 0.007068428410701034 0.02846904779999818 0
330 0.02645497961212421 0.01253468253200514 0
331 0.02677193944275599 0.01196964257872928 0
332 0.02703041569580852 0.01137768992423846 0
333 0.02622404459894516 0.01314333022687663 0
334 0.02728308306996758 0.01077422207664765 0
335 0.0275146946000109 0.01016806335172782 0
336 0.02812634337784977 0.00832202011822222 0
337 0.02846905834863164 0.007068399248730197 0
338 0.02856077630391037 0.006423930594942732 0
339 0.02915973507251299 0.002587287034951728 0
340 0.02926119371520651 0.001947446305512907 0
341 0.02929840159068761 0.001302591093886112 0
342 0.02650836077999592 -0.01255992877617139 0
343 0.02703805433855581 -0.01137504815240143 0
344 0.02622408865552529 -0.01314324706221315 0
345 0.02592691489912333 -0.01372013796134232 0
346 0.02561576263737042 -0.01428562001457789 0
347 0.02728302234160044 -0.01077414768047897 0
348 0.02751469803804256 -0.01016796561909802 0
349 0.02773288782135547 -0.00955676443231549 0
350 0.0006508226076862014 -0.02932424130987936 0
351 0.00259571957610666 -0.02921479627145521 0
352 0.001946899748779994 -0.02926714186349137 0
353 0.003238253121034796 -0.02915398246301751 0
354 0.02228417412385169 -0.01907506997815745 0
355 0.02529458725628576 -0.01485359699667715 0
356 0.02495984024416101 -0.01540944460871711 0
357 0.02461278205294982 -0.01595785681867672 0
358 0.01956344341236587 -0.02185670265418566 0
359 0.01540955233799804 -0.02495976351582936 0
360 0.01703140171247213 -0.02388104856908026 0
361 -0.02131586908484938 0.01907943608461999 0
362 -0.02177043845790749 0.01863873660099983 0
363 -0.0218566369714258 0.01956344701208911 0
364 -0.02141855102367713 0.02004223119463804 0
365 -0.0209711683250888 0.01962372650445032 0
366 -0.02049323999020562 0.02004495208873095 0
367 -0.02050751670126643 0.0209700286950597 0
368 -0.0209699414632095 0.02051109453268475 0
369 -0.01958653413618927 0.02093187485100571 0
370 -0.02003739256045504 0.02049357152849251 0
371 -0.0200420715006758 0.0214186393545747 0
372 -0.01911887577046763 0.02135992555811515 0
373 -0.01867834368411166 0.02182082166577595 0
374 -0.01811950491341089 0.02214095931889056 0
375 -0.02217673966911792 0.0181557226949436 0
376 -0.02257284530463479 0.01766121898061365 0
377 -0.02310393483766218 0.01807111830789865 0
378 -0.0238827952585797 0.01703106966746651 0
379 -0.02350014202010175 0.01755527748505933 0
380 -0.02296604507630823 0.01715630660873044 0
381 -0.02404854022004331 0.01559650580398278 0
382 -0.02363372746103726 0.01607720274214796 0
383 -0.02334008487397102 0.01664390355774618 0
384 -0.02425363673329638 0.01649855977196434 0
385 -0.0249579772963263 0.01541000977299255 0
386 -0.02439237390795759 0.01505944825882282 0
387 -0.02529450008165854 0.01485367321322652 0
388 -0.02227475929355509 0.01907536475767112 0
389 -0.02268924985934466 0.01857863384431544 0
390 -0.01907508387281757 0.02228421417635709 0
391 -0.01857746900196397 0.02270069156190071 0
392 -0.01612347249697084 0.0237026595504392 0
393 -0.01664105657477914 0.02333973648473137 0
394 -0.0155952038329938 0.02405353674881894 0
395 -0.01714997675166788 0.02296545056111306 0
396 -0.0180707564471874 0.02310619386829765 0
397 -0.01769293508187831 0.02262366446870163 0
398 -0.01505257677656512 0.02439123885614419 0
399 -0.01284441562524721 0.02562818801621868 0
400 -0.01227197421262203 0.02590522728099014 0
401 -0.01340817952504364 0.0253376821478221 0
402 -0.01451596306976704 0.02471975974406144 0
403 -0.01396062796072763 0.02503356772496224 0
404 -0.01137503451022761 0.02703804631944345 0
405 -0.01255615692293133 0.02650714176547251 0
406 -0.01113843959786808 0.02647575888939777 0
407 -0.01197037328474671 0.02677973872013057 0
408 -0.01166574105668501 0.02609880164246952 0
409 -0.007521415211824253 0.02766245356196879 0
410 -0.008131524747512128 0.02748925149113532 0
411 -0.008737704412911825 0.02730264813238249 0
412 -0.0105292576538463 0.02666301889880335 0
413 -0.009339429625635744 0.02710267408784478 0
414 -0.009555142193594723 0.02773214833931215 0
415 -0.009930276141273415 0.02688661534309607 0
416 -0.01016406840794806 0.027512994186794 0
417 -0.01077415029746464 0.02728307710112576 0
418 -0.008317586957407735 0.02812687162298915 0
419 -0.007696406078071216 0.028305686581824 0
420 -0.008937364937965863 0.02793578919988331 0
421 -0.000648888933698153 0.02932617980379748 0
422 5.586014318912183e-08 0.02799309842373447 0
423 1.289122433893666e-08 0.02872308330923895 0
424 -0.0006328380987394935 0.0286027993530698 0
425 -0.001296161518046692 0.02930344972287798 0
426 -0.001265127706147944 0.02863145071783814 0
427 -0.00309092978977687 0.02782906435201211 0
428 -0.003164625052509653 0.0284916335381 0
429 -0.00252968947295892 0.02855159733846563 0
430 -0.001894646410172166 0.02859739501904817 0
431 -0.001940316435357197 0.0292643707749313 0
432 -0.002585650006737194 0.02921304879068744 0
433 -0.003238177248643624 0.02915414016690069 0
434 -0.007065280696346255 0.02846727018593477 0
435 -0.00690430342117984 0.02782022995484835 0
436 -0.005658062680645237 0.02803993564950185 0
437 -0.006280058712425754 0.02794455956984158 0
438 -0.006434034723791549 0.02861380752193152 0
439 -0.003882353966535173 0.02907536471786862 0
440 -0.004524616264202275 0.02898233471624978 0
441 -0.005056115342770898 0.02826958055259191 0
442 -0.003794071125532206 0.02841460058823866 0
443 -0.004421552676133184 0.02832371268810132 0
444 -0.004939455546843262 0.02761792310362925 0
445 -0.02650825972317228 0.01255996523989045 0
446 -0.02677962859614964 0.01197046763571772 0
447 -0.02617092681104761 0.01169844432107035 0
448 -0.02641887238971912 0.01111868322185915 0
449 -0.02703285753897705 0.01137731092541503 0
450 -0.02592511206737621 0.01372077855188674 0
451 -0.02622395361736954 0.0131433571470038 0
452 -0.02533075960070887 0.0134107077554988 0
453 -0.02503462722432263 0.01396561269793804 0
454 -0.02561687712029228 0.01429042143251119 0
455 -0.02471480781670113 0.0145134834336441 0
456 -0.0259057482662924 0.01227452636409987 0
457 -0.0256279290590547 0.01284462845107963 0
458 -0.02665993178307141 0.01053075973496354 0
459 -0.02727904503993064 0.01077596498554146 0
460 -0.02688550576207107 0.009938846065518975 0
461 -0.02750714295946999 0.01017160511151349 0
462 -0.02772905521850266 0.009558765330632473 0
463 -0.02709639282856935 0.009342892317675815 0
464 -0.02748901941393627 0.008131727380388171 0
465 -0.02766013763962443 0.007522893475031041 0
466 -0.02730248137265878 0.008737945549884375 0
467 -0.02793502576412986 0.008942296365274998 0
468 -0.0283031178079723 0.007697949029504153 0
469 -0.02812653980010831 0.008321839020771103 0
470 -0.02841434805691544 0.003794153646853502 0
471 -0.02832349436838776 0.004421975385272649 0
472 -0.02821446851936835 0.005050544672656077 0
473 -0.02782184567688488 0.006907888437142204 0
474 -0.02796780330004675 0.006290627302251671 0
475 -0.0280983123372741 0.005671692325179236 0
476 -0.02860345905731503 0.001901390043783249 0
477 -0.0285525671256061 0.002535264863282587 0
478 -0.02926611754258799 0.001947865794788404 0
479 -0.02921635290788896 0.002594377505782707 0
480 -0.0291540066847868 0.003238241169073398 0
481 -0.02848994267914991 0.003165872149640559 0
482 -0.02863847444197614 0.001268188055976936 0
483 -0.0287162238331365 0.0006355432793509007 0
484 -0.02930456772083082 0.001297594636229291 0
485 -0.02932615428897352 0.0006489980910605166 0
486 -0.01485352502555397 -0.02529455125982036 0
487 -0.01592575735944485 -0.02456312056599613 0
488 -0.01505559771440547 -0.02437757400960923 0
489 -0.01540952801015551 -0.02495968028978386 0
490 -0.01556150522080619 -0.02400085624440625 0
491 -0.01610569285877026 -0.02368433906118095 0
492 -0.01663411700109456 -0.02333600198191175 0
493 -0.01703093800321631 -0.02388272431654286 0
494 -0.01715606877754017 -0.02296610430173018 0
495 -0.01807076195955091 -0.02310609500956098 0
496 -0.01765999298766911 -0.02258095900751606 0
497 -0.01907509882983387 -0.02228410179837861 0
498 -0.01857742332858265 -0.02270068148720273 0
499 -0.02177759238123448 -0.0186416014996153 0
500 -0.02135311796818256 -0.01911932929274091 0
501 -0.0209317542948984 -0.01958656469340875 0
502 -0.02049333863175162 -0.02004477773604122 0
503 -0.02185377763356803 -0.01956363247211533 0
504 -0.02137499060715548 -0.02000176214514689 0
505 -0.02096625934085195 -0.02050408023269119 0
506 -0.02051061625522734 -0.02096188822527629 0
507 -0.02004443711287793 -0.02048394100604223 0
508 -0.01958681238694717 -0.02092204924715649 0
509 -0.01956339412550035 -0.02185667984590823 0
510 -0.02004233273864089 -0.0214115478702158 0
511 -0.01860308207647134 -0.02173274921157647 0
512 -0.01915481355383419 -0.02139947459898268 0
513 -0.01815235672923235 -0.02217743205524994 0
514 -0.02218462754293279 -0.01815526991380629 0
515 -0.02270064350946872 -0.01857741644799707 0
516 -0.02228034976237647 -0.01907546125536457 0
517 -0.02405327827679784 -0.01559516435362604 0
518 -0.02370244144149711 -0.01612339631939692 0
519 -0.02333989565372406 -0.01664395050833974 0
520 -0.02258073725848846 -0.01766001279193279 0
521 -0.02310600676804324 -0.01807066741496023 0
522 -0.02296604117385043 -0.01715613222456461 0
523 -0.0235002037793083 -0.01755511285917504 0
524 -0.02529448637326251 -0.01485351731958521 0
525 -0.02495933018287951 -0.01540770758474832 0
526 -0.02439095476554269 -0.01505222313836019 0
527 -0.02461272721053035 -0.01595789671515323 0
528 -0.02425365801084584 -0.01649845861695902 0
529 -0.02843259021453972 -0.003157995727623247 0
530 -0.02915394818065946 -0.003238149364676646 0
531 -0.02926639863773452 -0.001942755858770234 0
532 -0.02921845987189887 -0.002592472144836305 0
533 -0.02860216432395321 -0.001899680129272884 0
534 -0.02860805842114218 -0.002538062895659146 0
535 -0.02857938620139865 -0.001265230518905924 0
536 -0.02930452398021801 -0.001297423602678093 0
537 -0.02932611985036082 -0.0006488926409978622 0
538 -0.02933332187394074 2.986984569684465e-08 0
539 -0.02865210495355664 -0.000636370218755746 0
540 -0.02866661763896427 1.768728283892443e-09 0
541 -0.02907525180590282 -0.003882369799317159 0
542 -0.02898221349839783 -0.00452459696283546 0
543 -0.02840736916021577 -0.003790649023276612 0
544 -0.02831845522076714 -0.004415519400930297 0
545 -0.02821413567057422 -0.005040535386317836 0
546 -0.02887499149601339 -0.005164674896949461 0
547 -0.02875183234933578 -0.005799211741552294 0
548 -0.02809846594329357 -0.005667624653094639 0
549 -0.02861555526886619 -0.006432295792074842 0
550 -0.02796792423932174 -0.006290467067156586 0
551 -0.02782185601058965 -0.006907643609028556 0
552 -0.02846892634738004 -0.007068375077951262 0
553 -0.02592579543696901 -0.01371676175457647 0
554 -0.02622309220009198 -0.0131404308166991 0
555 -0.02642339364449237 -0.0111164719713468 0
556 -0.0261709791361213 -0.01169834300029298 0
557 -0.02703795803360343 -0.01137504108887128 0
558 -0.02812834910866626 -0.008320736005490123 0
559 -0.02830554861274311 -0.007696382017122035 0
560 -0.02793743866202443 -0.008940944447395431 0
561 -0.02748897519840471 -0.008131598373186123 0
562 -0.02766222224404587 -0.007521378074676761 0
563 -0.02730248849356342 -0.008737684438783812 0
564 -0.02773177604500413 -0.009554509493357732 0
565 -0.0271025792498923 -0.00933945139841247 0
566 -0.02688924306205633 -0.009936682589366055 0
567 -0.02751383813396932 -0.01016619406232632 0
568 -0.02728298799302872 -0.01077414036917475 0
569 -0.0267155184974756 -0.01054994126836053 0
570 -0.02471955293047504 -0.01451584214248806 0
571 -0.02561690495989852 -0.01429037286686444 0
572 -0.02503460678550153 -0.01396551066761862 0
573 -0.02533533784867649 -0.01340068134069548 0
574 -0.02590585860900263 -0.01227428513325437 0
575 -0.02562724306652493 -0.01284215515298132 0
576 -0.0006352582197345008 -0.02871362682478176 0
577 3.327061997782456e-08 -0.02933327770733224 0
578 -0.001265308806239234 -0.02857923688411085 0
579 -0.003160627170824341 -0.02848845642436879 0
580 -0.002533491688790091 -0.02855437866959588 0
581 -0.00190127312063089 -0.0286034966641563 0
582 -0.002587058802067082 -0.0291594942613075 0
583 -0.001945461957187873 -0.02926870590501116 0
584 -0.003236341599794385 -0.02915023556998436 0
585 -0.003876503899253756 -0.02907052586514951 0
586 -0.004524588548527239 -0.02898226446118196 0
587 -0.003793990456235954 -0.02841444437842292 0
588 -0.004421667300569947 -0.02832349773344018 0
589 -0.005164628554446602 -0.02887502072909545 0
590 -0.005036818279595716 -0.02816055934555471 0
591 -0.007065168867815528 -0.02846709450913545 0
592 -0.00690301213764544 -0.02781925264136476 0
593 -0.005670186447984981 -0.02810016025620661 0
594 -0.006290454078047234 -0.0279677852774153 0
595 -0.006436848881323049 -0.02861828566005584 0
596 -0.005802178262334739 -0.0287536749584436 0
597 -0.008754907801343591 -0.02735627162384442 0
598 -0.007516015751954104 -0.027659299945501 0
599 -0.008131527010080259 -0.0274890620485743 0
600 -0.01052925585852836 -0.02666284130367565 0
601 -0.009339536261923499 -0.02710237879302971 0
602 -0.009936832308613166 -0.02688913181463726 0
603 -0.01077091984792272 -0.02728159508955539 0
604 -0.01137328056187625 -0.02703721417946123 0
605 -0.01111653772778335 -0.02642338640523736 0
606 -0.01169824187962885 -0.02617106254259282 0
607 -0.01197036975372975 -0.02677969366187812 0
608 -0.01253460249008626 -0.02645486987861859 0
609 -0.01313773454351137 -0.02621837217054371 0
610 -0.01372010625394287 -0.02592680633004569 0
611 -0.01393669848639807 -0.02498310319998667 0
612 -0.01429033472407317 -0.02561688846637728 0
613 -0.01343332676313441 -0.0253850796556119 0
614 -0.01454317762206749 -0.02476557073052279 0
615 -0.01228690059457829 -0.02585681188703514 0
616 -0.01284246796051676 -0.02562355096460076 0
617 0.02050285417615457 0.01918530985222186 0
618 0.02177777755718119 0.01864167504951474 0
619 0.02135998191791646 0.01911895468891535 0
620 0.02185676234005469 0.0195634457094717 0
621 0.0214186523118994 0.02004219094813481 0
622 0.02093194256871299 0.01958676498024483 0
623 0.02045374782209843 0.02000603159269481 0
624 0.02004177161568904 0.02048667246999759 0
625 0.01958662264687747 0.02092372237496051 0
626 0.01956354141298263 0.02185681133679073 0
627 0.01913018435214664 0.02043484291608464 0
628 0.01872693211421921 0.02092124136211891 0
629 0.01915893952855034 0.02140440571671259 0
630 0.01864166316571852 0.02177781506567971 0
631 0.01815713994650939 0.02121147064428659 0
632 0.01815533871632975 0.02218482212114302 0
633 0.02218477118096549 0.01815540906064004 0
634 0.02257427760205534 0.01766119363535787 0
635 0.023103234010097 0.01807119878911388 0
636 0.02388284463224138 0.01703103358074382 0
637 0.02349504745802395 0.01755606862754655 0
638 0.02242576781221611 0.01675341961676645 0
639 0.02296615573962707 0.01715638371758869 0
640 0.0240535039435248 0.01559539906400088 0
641 0.02348634109495499 0.01523357762194831 0
642 0.02370258678857096 0.01612361650298464 0
643 0.0233400894621103 0.01664404824370355 0
644 0.02425378802738054 0.01649852509532396 0
645 0.02439270874085498 0.01505931188442232 0
646 0.02495987459507713 0.01540961303704433 0
647 0.02529422504244454 0.01485190213716554 0
648 0.02228420412423858 0.01907517773596916 0
649 0.02270069490121145 0.01857751430514727 0
650 0.01907514322533073 0.02228420059169342 0
651 0.01857751244528208 0.02270070143450852 0
652 0.01570169410929088 0.02308242751484805 0
653 0.01664386822210622 0.02334026201372992 0
654 0.016026888309328 0.02356045301568323 0
655 0.01559536068204321 0.02405349632120144 0
656 0.01527121796263253 0.02349314455636103 0
657 0.01628338762725218 0.02283429754826695 0
658 0.01715284454567676 0.02300016053282602 0
659 0.01807081264093521 0.02310611132445598 0
660 0.01761250449762323 0.02257447005609956 0
661 0.01703110237014497 0.02388289241150652 0
662 0.01755524482483325 0.02350026958103586 0
663 0.01505937679832751 0.02439257346742769 0
664 0.01646111506813563 0.02419875821589302 0
665 0.01198895427838738 0.0253036520452757 0
666 0.0114263759528542 0.02556266706916333 0
667 0.01254611069594624 0.0250321419234189 0
668 0.01227123002692609 0.02590492967062315 0
669 0.01286988307897328 0.0256787021986837 0
670 0.01309830766035682 0.02474073365339817 0
671 0.01340857145165437 0.02533763619993667 0
672 0.01448489757164486 0.02466662296044954 0
673 0.01395756365205377 0.02500844409201106 0
674 0.01314331123669019 0.02622408351417182 0
675 0.01372028586379738 0.02592690456396942 0
676 0.01137512268778493 0.02703803774295382 0
677 0.01255995199497423 0.02650840092253965 0
678 0.01111674424186876 0.02642351516528997 0
679 0.01197046950955001 0.02677976572672337 0
680 0.01169840233079608 0.02617121757666245 0
681 0.007521618158837868 0.02766246880487732 0
682 0.008131802479496887 0.02748929163615537 0
683 0.007965115428040421 0.02692585986739299 0
684 0.008737919103794945 0.02730260913523264 0
685 0.009122554875676968 0.02647244212908877 0
686 0.01052945908844682 0.02666293555660352 0
687 0.009705997870456298 0.02626419175389862 0
688 0.009339791541946816 0.02710267206240623 0
689 0.009558012684444016 0.02773065880305705 0
690 0.009937014056663787 0.02688945948127306 0
691 0.01016802013516908 0.02751472982850671 0
692 0.01077423246105468 0.0272830095114422 0
693 0.008323211666522595 0.02812423311634668 0
694 0.007696534506819899 0.02830570813048797 0
695 0.008940992864911911 0.02793750818473346 0
696 0.0006489164552782627 0.02932616779927383 0
697 0.0006342176458463117 0.02865969312620688 0
698 0.001299264446991885 0.02930281914358914 0
699 0.001268159681600104 0.02863864634513611 0
700 0.003158162630972673 0.02843286135213741 0
701 0.002474759676474514 0.02789062425493153 0
702 0.002533629165916419 0.02855462837782589 0
703 0.001901362840011313 0.02860365282871887 0
704 0.001946859623488708 0.0292672856749274 0
705 0.003238313197329499 0.02915406098639127 0
706 0.006893588905081945 0.02776474045243361 0
707 0.005658715024744345 0.02804248825211362 0
708 0.006301926278177382 0.0280183141841532 0
709 0.006436933021272497 0.02861846932298205 0
710 0.005802240021608336 0.02875378673552452 0
711 0.004515537760216386 0.02892394307777927 0
712 0.00388238618384668 0.02907533378814204 0
713 0.005164738447196346 0.02887517347232544 0
714 0.005047485267920624 0.02821898843356081 0
715 0.004384013678624911 0.02829025238666337 0
716 0.003799283810351519 0.02846420491988391 0
717 0.003705930739287049 0.02775384355735661 0
718 0.004930201061958155 0.02756282528612229 0
719 0.006176603276899584 0.02746107476470097 0
720 0.007346724366115268 0.0270192230123783 0
721 0.02641479129125258 0.01111972210574999 0
722 0.02615322091178993 0.0116972405217289 0
723 0.02587466424389402 0.01369258619781216 0
724 0.0252832245537423 0.01337959973185294 0
725 0.02501542420590772 0.01394969362149414 0
726 0.02561345906477544 0.0142867442668474 0
727 0.02445271186362873 0.013640932000047 0
728 0.02413662850089634 0.01417307570087752 0
729 0.02471987703973871 0.01451606797043883 0
730 0.02382544592530953 0.01470925767729948 0
731 0.02584950977685124 0.01224812142599819 0
732 0.02566936041899842 0.01286531036536803 0
733 0.02516233886843046 0.01261123503605851 0
734 0.02579711513778933 0.01086075913046525 0
735 0.02671503772267994 0.01055047249877148 0
736 0.02619078927448169 0.01034465783256516 0
737 0.02688944521331809 0.009936915956188138 0
738 0.02773293607224766 0.00955685860151761 0
739 0.02710274623847609 0.009339619587788206 0
740 0.02646506043459731 0.009125218571576086 0
741 0.02665918347379747 0.008538029186627313 0
742 0.02748763976315514 0.008132681334106794 0
743 0.02766244421124063 0.00752164355040156 0
744 0.0273026501875457 0.00873790530247936 0
745 0.02830123327446732 0.007699134813641333 0
746 0.02793757024288755 0.008941063581156546 0
747 0.02907533068813065 0.003882403509659541 0
748 0.02898230839434094 0.004524688256177262 0
749 0.02841460820140345 0.00379414706637753 0
750 0.02832372347616193 0.004421686563068614 0
751 0.02821886997727796 0.005047442648250689 0
752 0.02887510074485648 0.005164754007878262 0
753 0.02874602816038345 0.005803124139088455 0
754 0.02782208373861001 0.006907814601273891 0
755 0.02810039056990799 0.005670527901725478 0
756 0.02790796941311992 0.006277113882818794 0
757 0.02774714659131055 0.003710038932995686 0
758 0.02744693092966822 0.005538753015706178 0
759 0.02729823747281364 0.006140005590803414 0
760 0.02707356380064616 0.007361589441003956 0
761 0.02714566811523708 0.006705937840566701 0
762 0.02851872317786413 0.002498071353437892 0
763 0.02799333227457046 0.001859468846986012 0
764 0.02860369316321469 0.001901475839384496 0
765 0.02915413289475912 0.003238229052391213 0
766 0.02782907410406534 0.003091189640716695 0
767 0.0285139338043821 0.003142889651503715 0
768 0.02863872773397055 0.001268107077714083 0
769 0.02800017369085303 2.840321447275833e-07 0
770 0.02866343461701888 3.670607058799617e-06 0
771 0.02865336324878467 0.0006405441175465067 0
772 0.02932957477382529 3.992648491355318e-06 0
773 0.02611725199917194 -0.01167419498137921 0
774 0.02647342830457413 -0.01113747296224049 0
775 0.0252855017439938 -0.0133807206811329 0
776 0.025029506193296 -0.0139594038099416 0
777 0.02471715465819516 -0.01450748553227177 0
778 0.02590030551412007 -0.01226904535516118 0
779 0.02567627939813614 -0.01286843147380768 0
780 0.02508225139501225 -0.01257070227009841 0
781 0.02661022203455341 -0.01050853040357776 0
782 0.02704679561570462 -0.009320317785017228 0
783 0.02693780247248141 -0.009954736019566401 0
784 0.02766078980489083 -0.00751838512774891 0
785 0.02748838438848825 -0.008129893060643489 0
786 0.02735413070162681 -0.008754025831070942 0
787 0.02793755411959268 -0.008940880234688189 0
788 0.0283037514552683 -0.007692943191177999 0
789 0.0281284513091617 -0.008320741106291602 0
790 0.02863864097678835 -0.001267971162766571 0
791 0.02930464035788406 -0.001297458796446246 0
792 0.02932619544427271 -0.0006488606151476207 0
793 0.02865975012825944 -0.000634088092285757 0
794 0.02801736248683651 -0.001862167228036841 0
795 0.02860367781486755 -0.001901215217586027 0
796 0.02855456249737792 -0.002533390232357466 0
797 0.02848865466361131 -0.003160612906735125 0
798 0.02782910104498957 -0.003090739023617319 0
799 0.0292185627970546 -0.002592437803206443 0
800 0.02926882548267372 -0.001945464970297616 0
801 0.02915075607455659 -0.003233847214376548 0
802 0.02782108493768551 -0.006905934057239597 0
803 0.02846687192803714 -0.007064602672647463 0
804 0.02861837309021582 -0.006436785310461408 0
805 0.02796617180299566 -0.006287293702082994 0
806 0.02804238031036466 -0.005658353169093452 0
807 0.02875377580290987 -0.005802095038730057 0
808 0.02898087589624795 -0.004522561341803084 0
809 0.02907355135481289 -0.003879960948683219 0
810 0.02887517925525288 -0.005164659111295867 0
811 0.0284146167380184 -0.003794014546147197 0
812 0.02832362760863592 -0.004421740333927951 0
813 0.02827213256273295 -0.005056645222797539 0
814 0.02774666045905679 -0.003704354655986911 0
815 0.02761812134863427 -0.004939707236074526 0
816 0.001268044102990155 -0.02863859136418302 0
817 1.494247493327614e-07 -0.02866658398496831 0
818 0.0006397138246329986 -0.02865419713182622 0
819 0.003164726235349673 -0.02849133557711424 0
820 0.002533615627612821 -0.02855442898953013 0
821 0.001901408629666832 -0.02860344013323966 0
822 0.00643786984672023 -0.02861685656728031 0
823 0.005681703679608725 -0.02815565561638679 0
824 0.006290550091183604 -0.02796791956146875 0
825 0.006911441773900148 -0.02781615439891303 0
826 0.007070012788914601 -0.02846638727944652 0
827 0.005802256352936594 -0.02875374725235318 0
828 0.00516473641199093 -0.02887500988931932 0
829 0.004524698887361175 -0.02898220105642317 0
830 0.003882389474129099 -0.02907523605095263 0
831 0.004421680881609351 -0.02832346886043217 0
832 0.003793708666770616 -0.02841090653437904 0
833 0.005047357202517014 -0.02821873276223274 0
834 0.01399330305685276 -0.02508415598664251 0
835 0.0142904363536704 -0.02561694912323557 0
836 0.01338197039823654 -0.02528744813846415 0
837 0.01447156787530785 -0.02470762401669561 0
838 0.01227633430660651 -0.02590123543952689 0
839 0.01284372547900007 -0.02561999702633842 0
840 0.008739535381756126 -0.0272994208792458 0
841 0.008133053091205817 -0.02748674125408789 0
842 0.007522753120157488 -0.02766033536215642 0
843 0.007698170436767149 -0.0283027998275746 0
844 0.008322239039597961 -0.02812580567129466 0
845 0.008942020323924979 -0.02793551119339249 0
846 0.01055013476100797 -0.02671551421049727 0
847 0.009936900329976092 -0.02688922155191611 0
848 0.009339604912555963 -0.02710252709669285 0
849 0.009556853486440567 -0.02773282324484809 0
850 0.01016805433087533 -0.02751457138672992 0
851 0.01077419280613116 -0.02728295882315617 0
852 0.01372025153746667 -0.02592675618472859 0
853 0.01314572603448097 -0.02621539227798815 0
854 0.01256306709088038 -0.02649967870443494 0
855 0.01170089213706932 -0.02616490742323486 0
856 0.01197393094902736 -0.02677083436295855 0
857 0.01111659996483258 -0.02642334350414003 0
858 0.01137511862192148 -0.02703793548605739 0
859 0.02270032498880488 -0.01857255821227161 0
860 0.02444067808337849 -0.01508857194683033 0
861 0.02425294520148195 -0.01649358768443142 0
862 0.02258089319218569 -0.01765821383606145 0
863 0.02310593194347441 -0.01806868190803634 0
864 0.02349991945168023 -0.01755240663675036 0
865 0.02388282566763687 -0.01703092636208613 0
866 0.02296598987356306 -0.01715414476098806 0
867 0.02370258927821796 -0.01612341383668704 0
868 0.02333900095157826 -0.0166359369282339 0
869 0.02400593162871134 -0.01556432070118242 0
870 0.02218442241135065 -0.01814933548218557 0
871 0.01815548278887021 -0.02218461391086965 0
872 0.02097319793400083 -0.01962532733828175 0
873 0.02045300933739284 -0.02000528203074585 0
874 0.02141863727130298 -0.02004216677793424 0
875 0.02185672828705727 -0.019563384288527 0
876 0.0213600445894238 -0.01911870275344013 0
877 0.02177781565036185 -0.01864152121790644 0
878 0.01954640232345414 -0.02088856129794567 0
879 0.02008112017580358 -0.02053023503161907 0
880 0.01864223898819325 -0.02177276610234573 0
881 0.01911580518701827 -0.02135233482459048 0
882 0.02004217553817626 -0.02141852201392675 0
883 0.02096997359554406 -0.02051106863165967 0
884 0.02051117383116085 -0.02096992379033967 0
885 0.01857756078233918 -0.02270059840178414 0
886 0.0190757098968986 -0.02227863249738857 0
887 0.01559691698412396 -0.02404675971338664 0
888 0.01664506371136388 -0.02333498615109892 0
889 0.01612439298368779 -0.02369924314898572 0
890 0.01807118363914759 -0.02310353213206702 0
891 0.01766033244885064 -0.02258068418775701 0
892 0.0171563076402297 -0.02296601305487007 0
893 0.01755523460981937 -0.02350015899418929 0
894 0.01505929227078614 -0.02439255685510406 0
895 0.01649950421909669 -0.02424929443280777 0
896 0.01595935316972822 -0.02460667763524436 0
897 0.01485364083220425 -0.02529451141080818 0
898 -0.02000752828978195 0.01957821269565696 0
899 -0.01956796955681655 0.02001594893822347 0
900 -0.01859054335689844 0.01986768535295371 0
901 -0.01909629842188848 0.01952832696997642 0
902 -0.01860564794635409 0.01903002913403669 0
903 -0.01904770345652131 0.01863189582324364 0
904 -0.01952158578755269 0.01910548025313929 0
905 -0.0199409634452896 0.01866971408366297 0
906 -0.02085475155414501 0.01862455129814367 0
907 -0.02044494902855909 0.01913132457670121 0
908 -0.01913094675697673 0.02044512192845271 0
909 -0.01867107190582819 0.02085988865063123 0
910 -0.01777127623824758 0.02076139431370741 0
911 -0.01820795198266681 0.02127141613697696 0
912 -0.01769370723814883 0.02162086285157554 0
913 -0.01725846351471272 0.02113757313506304 0
914 -0.01687498318784856 0.0206204867806478 0
915 -0.0172820533613093 0.02209821796523513 0
916 -0.01683584536907142 0.02152721982707079 0
917 -0.01491793029856133 0.02193075972539232 0
918 -0.01550054001214511 0.02173709564430238 0
919 -0.01584788846805404 0.02121548612737345 0
920 -0.01631579302852038 0.02184165273932524 0
921 -0.01641472536896281 0.02098882110989228 0
922 -0.0159858953875524 0.02044062482602059 0
923 -0.01506602073367784 0.02112794694488869 0
924 -0.01544705715869821 0.02067896055913475 0
925 -0.01499002388000069 0.02006718770954691 0
926 -0.01554921379324136 0.01988246604423053 0
927 -0.01510455134501432 0.01931408408795782 0
928 -0.0155281949166007 0.0189750335195187 0
929 -0.01643415885922102 0.02008194266113642 0
930 -0.01598387514986115 0.01952364062775405 0
931 -0.01625271100286296 0.01898590954164564 0
932 -0.01584741360136263 0.01844537753982108 0
933 -0.0178055124537619 0.01989295383221515 0
934 -0.01811589295748414 0.01936136842998928 0
935 -0.01826201151730276 0.02040300118744606 0
936 -0.01682599713976072 0.01965681301047595 0
937 -0.01716975729899311 0.0200581236840557 0
938 -0.01683383996549258 0.01880720403567732 0
939 -0.01730661591511887 0.01933515150615147 0
940 -0.01812372710625873 0.01853588112141316 0
941 -0.01763567759898661 0.01884792232798631 0
942 -0.01790234713143483 0.01675292529380513 0
943 -0.01838259204678083 0.01720209918641746 0
944 -0.01762811164874037 0.01802913290954976 0
945 -0.01808247913454842 0.01768830356695654 0
946 -0.01714387082114829 0.01752884064148386 0
947 -0.01752760051083654 0.01714511772681167 0
948 -0.01711121573618098 0.01828784223308624 0
949 -0.01662000081426588 0.01776233416014799 0
950 -0.01524134361273397 0.01827436891999775 0
951 -0.01586233593610598 0.01772206847488228 0
952 -0.01642125284271183 0.01833512266421009 0
953 -0.01673409342260359 0.0169970271062235 0
954 -0.01536308236917042 0.01716473566194937 0
955 -0.01485475506712919 0.01659720869094826 0
956 -0.01548255755159078 0.01595069040776233 0
957 -0.01549102920295719 0.01492710799540158 0
958 -0.01495910324822077 0.01533885068266565 0
959 -0.01602934961776061 0.01653336363699592 0
960 -0.01665564952725338 0.01593178053862196 0
961 -0.01659595267170222 0.01485593410800881 0
962 -0.01606636776515944 0.01542987163725694 0
963 -0.01776168298995387 0.01585644384396089 0
964 -0.01844231527651061 0.01650064198648874 0
965 -0.01722233654558832 0.01642046306456428 0
966 -0.0171637624733255 0.01536393915999194 0
967 -0.01827378604990537 0.01524163481615937 0
968 -0.01890059108334478 0.01768689176748393 0
969 -0.01862791702002189 0.01822241670735188 0
970 -0.01945536021178947 0.01820578679082406 0
971 -0.02034948776925167 0.01821590309837594 0
972 -0.01985349949469694 0.01777083812694213 0
973 -0.01966497856552028 0.01683361544307624 0
974 -0.02024172492713417 0.01732725108878095 0
975 -0.01944363714764916 0.01740409771442169 0
976 -0.01894581206310484 0.01695748361507641 0
977 -0.01949787911898872 0.01524925485226912 0
978 -0.01897441389852316 0.01552870270661887 0
979 -0.01852532612247398 0.01590824522213598 0
980 -0.01901430145243084 0.01628571750792279 0
981 -0.02017727186656111 0.015073530703966 0
982 -0.01998624317353735 0.01563133469044108 0
983 -0.01953654101770638 0.01599384870479006 0
984 -0.02008142989723789 0.01643446702841226 0
985 -0.02165832023114452 0.01773272556820437 0
986 -0.02074771439971585 0.01775989224731705 0
987 -0.02126542861978665 0.01820369457958088 0
988 -0.02113448148266194 0.01730373507067843 0
989 -0.0206056763609058 0.01687106030029243 0
990 -0.02152687629647449 0.01683598199462333 0
991 -0.02204344202049692 0.01724977489833129 0
992 -0.02120992800198653 0.01584460276106743 0
993 -0.02189394605696133 0.01635558134067704 0
994 -0.02052688124820168 0.01605495495529942 0
995 -0.02107068408171218 0.01648093120608773 0
996 -0.02112737232732518 0.01506627192917053 0
997 -0.02065123302993727 0.01542825192240892 0
998 -0.02173508688765818 0.01549933805411436 0
999 -0.0218948094886737 0.01489442838558646 0
1000 -0.02242070883338492 0.01675781092647823 0
1001 -0.02254136682944515 0.015334119701934 0
1002 -0.0229169464324368 0.01486289183863584 0
1003 -0.02285670551650108 0.01629998721932912 0
1004 -0.02229821017511271 0.01590150542882501 0
1005 -0.02348567616758564 0.01523006946095136 0
1006 -0.02305126071615089 0.01568182303563075 0
1007 -0.01574856178883138 0.02315140772407731 0
1008 -0.0152325099737335 0.02349423461559791 0
1009 -0.01537085246305708 0.02259639192212365 0
1010 -0.01486719700667666 0.02293103110328633 0
1011 -0.01589940309296537 0.02229653935013338 0
1012 -0.01625077473908983 0.02284614640367503 0
1013 -0.01670894701720705 0.02242641890238639 0
1014 -0.01377780117894837 0.0234629937154799 0
1015 -0.01300607465741429 0.02331549439909269 0
1016 -0.01333968406193686 0.02391343700839565 0
1017 -0.01470044904011586 0.02382258387772523 0
1018 -0.01434583984301264 0.02324293127582425 0
1019 -0.01452321602990004 0.0224010442232449 0
1020 -0.01398109840278482 0.02265632979500852 0
1021 -0.01342613038352406 0.02286556482978025 0
1022 -0.01307115094971903 0.02226045282472251 0
1023 -0.01264155836733067 0.02266193607839849 0
1024 -0.01210737090997471 0.02288007049920047 0
1025 -0.01130504863355926 0.02254606134762989 0
1026 -0.01168447562433097 0.02207896713944163 0
1027 -0.01117957967943888 0.02359591230484168 0
1028 -0.01162648903298842 0.02319885818331472 0
1029 -0.01193843567873118 0.02382105325579929 0
1030 -0.012462438815017 0.02355105214319702 0
1031 -0.01278225298461247 0.02415512944853857 0
1032 -0.01224481328719064 0.02443210280468662 0
1033 -0.01144740682632834 0.02416104858610683 0
1034 -0.01172727997948677 0.02475164857509692 0
1035 -0.0110916008675314 0.02481314327633629 0
1036 -0.01197283045281613 0.02534695508184401 0
1037 -0.01137143640389284 0.02544644696152352 0
1038 -0.01253618942756031 0.02506661838369341 0
1039 -0.01364074194816953 0.02445270022267002 0
1040 -0.01305827132185729 0.02467961968309065 0
1041 -0.01417837394310617 0.02414489467900395 0
1042 -0.008750834973856996 0.02366614873649595 0
1043 -0.008298169013810133 0.02407929402461318 0
1044 -0.007630469961911743 0.0238405560878685 0
1045 -0.007413549157050445 0.02316576608147617 0
1046 -0.007987742075368925 0.02318160151348634 0
1047 -0.007844870610062204 0.02252522903812761 0
1048 -0.008498320456466108 0.02299908999961681 0
1049 -0.00900574440176225 0.02280504358646132 0
1050 -0.009598667810815843 0.0228162710143835 0
1051 -0.009960623385803504 0.02228688296582658 0
1052 -0.01091633207266184 0.02303860270525185 0
1053 -0.01022512224961048 0.02287589317967131 0
1054 -0.01050743890903977 0.02350344219097586 0
1055 -0.009195416138667357 0.02328129892216949 0
1056 -0.00985339336394409 0.02342189869547765 0
1057 -0.01010588492254073 0.02402237230880046 0
1058 -0.009786666331556353 0.02478280289113514 0
1059 -0.009531037455242213 0.02413546484374217 0
1060 -0.01077742144048898 0.02410939899484905 0
1061 -0.01036674455751209 0.0246432844951518 0
1062 -0.01062346504149086 0.02525302578756687 0
1063 -0.0108975099984686 0.02590482183103618 0
1064 -0.009470609410915843 0.02562851249355158 0
1065 -0.01003771411209452 0.0254185772997757 0
1066 -0.008994210910604901 0.02434072234560758 0
1067 -0.008426745818590953 0.02463930224567408 0
1068 -0.009235755538353384 0.02499343503498737 0
1069 -0.008903482695105592 0.02583784870381676 0
1070 -0.008680645685317347 0.02519173461348922 0
1071 -0.007889367679947364 0.02465953702422034 0
1072 -0.00810053677410349 0.02532034537744354 0
1073 -0.007558082637188007 0.02555096034829194 0
1074 -0.007942484113313194 0.02684995572245892 0
1075 -0.008310374952481245 0.02596772484349421 0
1076 -0.00775138128097223 0.02619226236034632 0
1077 -0.008529822058055537 0.02665185012775815 0
1078 -0.009119554919226686 0.02646414046376155 0
1079 -0.009705485298109875 0.0262641889356265 0
1080 -0.01028543172723727 0.02605099373718166 0
1081 -0.0005684399301799496 0.02593410133759173 0
1082 -0.0005848244984484717 0.02663148406882637 0
1083 -0.001147541670811181 0.02592415008390664 0
1084 -0.001777452373731088 0.02674451170824065 0
1085 -0.001178272944756994 0.02661938640402998 0
1086 -0.001771165234402539 0.02732967882877317 0
1087 -0.001208605433694842 0.02730216436513895 0
1088 -0.0005984817196830702 0.02731123041304237 0
1089 -0.001238416909169817 0.02797268538900559 0
1090 -0.0006495870150606981 0.02795240565112425 0
1091 -0.003503792125142687 0.02624226355799684 0
1092 -0.002946682812172501 0.02653265837310788 0
1093 -0.002341452006765495 0.02639629478486673 0
1094 -0.002388259552008248 0.02720114806912387 0
1095 -0.003604535755001776 0.02699661773201728 0
1096 -0.003021537882779804 0.02721546714934396 0
1097 -0.002474481683096851 0.02789064539506045 0
1098 -0.001856966670812066 0.02793845722218736 0
1099 -0.003705812259671316 0.02775383271188564 0
1100 -0.004318703523392285 0.02766507051364644 0
1101 -0.0042108813280429 0.02699015909406224 0
1102 -0.004096806035783333 0.02627361367214064 0
1103 -0.005526427742483451 0.02738820186346288 0
1104 -0.004838018551243817 0.02705291711163885 0
1105 -0.005389433791845315 0.02671074466595075 0
1106 -0.004728950229341066 0.0264483982728765 0
1107 -0.005247938318708562 0.02601159977235478 0
1108 -0.006738328804539256 0.02716616055721449 0
1109 -0.007366475664410838 0.02709478994388335 0
1110 -0.006130737587151462 0.0272875737157014 0
1111 -0.005970384174857605 0.02669368079630047 0
1112 -0.00588444786018582 0.02618618914706991 0
1113 -0.006584857731619063 0.02652372245037543 0
1114 -0.007170261868356902 0.02637154298116846 0
1115 -0.00680099606575171 0.02503353877229818 0
1116 -0.006990957577401835 0.02571194010783829 0
1117 -0.006382824233862163 0.02571691304727949 0
1118 -0.005705903075525029 0.02537169316830207 0
1119 -0.006219843911830962 0.02505662357114811 0
1120 -0.006035370022434165 0.02431070113664223 0
1121 -0.006600600367567836 0.024296208734237 0
1122 -0.007375266105710061 0.02493472482125142 0
1123 -0.0071774776409172 0.02426799318784391 0
1124 -0.006746422555654465 0.02280753140100817 0
1125 -0.006954904703978963 0.02351212735969029 0
1126 -0.005803588673697571 0.02230627364759107 0
1127 -0.006028837202090236 0.02301965593620337 0
1128 -0.005819252788870003 0.02362337512862255 0
1129 -0.006364231273432611 0.02359493328273393 0
1130 -0.004568424110029796 0.0255442967041986 0
1131 -0.003993433337604772 0.02560717674389274 0
1132 -0.005106987840946741 0.02531082721973438 0
1133 -0.004954329366972236 0.02455422539068466 0
1134 -0.005553159595558094 0.02469126771939345 0
1135 -0.0044435066342456 0.02484670653737715 0
1136 -0.004316742551404591 0.02413632775480993 0
1137 -0.00389286619525606 0.02493879231351674 0
1138 -0.003781651026813252 0.02422576949099386 0
1139 -0.004200744911286072 0.02340721247958379 0
1140 -0.005380207918722218 0.02392163252529131 0
1141 -0.004814203566557224 0.02384482155661891 0
1142 -0.005300218591004456 0.02322824452278286 0
1143 -0.004849472984226472 0.0226699519024112 0
1144 -0.004055496827745847 0.02267653006975406 0
1145 -0.001094514861946157 0.02472919637391494 0
1146 -0.001625749456844049 0.02446526568258839 0
1147 -0.0005417487528635267 0.02451286448495186 0
1148 -0.0005579336853072965 0.02523436445222793 0
1149 -0.00112179172462685 0.0253524491378263 0
1150 -0.001673687874659392 0.02518523872231975 0
1151 -0.001683425857888159 0.02595236160756009 0
1152 -0.002208505228983197 0.02489628760881175 0
1153 -0.002259571907584302 0.02555134761485393 0
1154 -0.003415144390707813 0.02558144838993923 0
1155 -0.002875440235858046 0.02589846903561889 0
1156 -0.002785998172775474 0.02508680149294876 0
1157 -0.003314777838753716 0.02482742910261054 0
1158 -0.003159338803775413 0.02412384630947334 0
1159 -0.002209435103289557 0.0242185049569633 0
1160 -0.002709096203433505 0.02439458874664837 0
1161 -0.002680401094001186 0.02365778703643606 0
1162 -0.001881474282439627 0.02372190312347608 0
1163 -0.003417007775521763 0.02364622961489811 0
1164 -0.003291686992361983 0.02290441698851435 0
1165 -0.002542654263078931 0.02289579056750566 0
1166 -0.001178833993925129 0.02388815083637306 0
1167 -0.001687353693546049 0.02222426357338174 0
1168 -0.001785350621206925 0.02297989993466541 0
1169 -0.0009851821713150412 0.02225271146352157 0
1170 -0.001018789832864617 0.02301378681935771 0
1171 -0.0003042101493110036 0.02379413943565705 0
1172 -0.0002100364216659579 0.02228727027610285 0
1173 -0.0002547980642856243 0.02304181496603914 0
1174 -0.001577709754974934 0.02083781239453265 0
1175 -0.000192547876425211 0.02089610155395735 0
1176 -0.0008832417531031003 0.02053959554112322 0
1177 -0.0001306170618964971 0.0215750556381321 0
1178 -0.001561049662579489 0.02151937451517147 0
1179 -0.0008369578889854984 0.02143320121276017 0
1180 -0.002372783392358096 0.02136759718266557 0
1181 -0.002458489962053192 0.02213858175511708 0
1182 -0.003187703266806364 0.02218683566363997 0
1183 -0.003109660848380808 0.02154928247849511 0
1184 -0.003664103366495808 0.02037895921770216 0
1185 -0.003006064501407866 0.0207930643828389 0
1186 -0.002253365237549845 0.02044785039243228 0
1187 -0.00223439807169867 0.01968007864213072 0
1188 -0.003503825569096276 0.01959351627821105 0
1189 -0.002846940035872737 0.01980803796841786 0
1190 -0.003401785962175614 0.01877162496508305 0
1191 -0.001853275722495906 0.01913172765405889 0
1192 -0.002708947972148682 0.01893424792810268 0
1193 -0.001469854781682425 0.01986528253269443 0
1194 -0.0001496743280217331 0.01991859601747124 0
1195 -0.0008367590171981584 0.01984751298084583 0
1196 -0.0009257556239907415 0.01914315935408835 0
1197 -0.000686280571973948 0.01563407349790998 0
1198 -0.001728234163911738 0.01556154466924551 0
1199 -0.001825086853706299 0.01643670338087532 0
1200 -0.0007305287621714475 0.01652094108007384 0
1201 -0.000806981644203213 0.01823334714511636 0
1202 -0.0007690990425250644 0.01738489221528562 0
1203 -0.003596411108401544 0.01532020589274951 0
1204 -0.002758898130679271 0.01534001895658358 0
1205 -0.002834286456714236 0.01626789555314365 0
1206 -0.003701954291023331 0.01610405116634339 0
1207 -0.002935750228956566 0.01712524922435345 0
1208 -0.001920281560563807 0.01729619224029691 0
1209 -0.001974234363050125 0.01825339326187545 0
1210 -0.003141933192058005 0.01802059655581532 0
1211 -0.006103465769951156 0.02054038748690501 0
1212 -0.007256186460762073 0.02105936609557736 0
1213 -0.006517947454877182 0.02206261414295787 0
1214 -0.005644187186611862 0.02156137351422812 0
1215 -0.006322509927200224 0.02128112393355891 0
1216 -0.004740781260528676 0.02184964954878281 0
1217 -0.003920922514722787 0.02192660692589298 0
1218 -0.003784458147155398 0.02116296912993152 0
1219 -0.004717045450305535 0.02097466376969886 0
1220 -0.005487699595240796 0.02080130074206478 0
1221 -0.005296852979561787 0.02020584543369798 0
1222 -0.004543552945253506 0.02020397277860936 0
1223 -0.004146654986506034 0.01870504347216089 0
1224 -0.004367076212818464 0.01941923573543831 0
1225 -0.005080991899264279 0.01926021354887688 0
1226 -0.005880703571541216 0.01975736366956154 0
1227 -0.005732132620856965 0.01895895471206826 0
1228 -0.006745992071830166 0.01957912898348894 0
1229 -0.006964889810690806 0.02032021053756078 0
1230 -0.007208536441637698 0.0188349130865487 0
1231 -0.006483893720489482 0.01881868575750622 0
1232 -0.006980414606120504 0.01694059661729551 0
1233 -0.007464357006833814 0.01761255840791898 0
1234 -0.006846426592985547 0.01783034428903935 0
1235 -0.005983838973779558 0.0173490771173209 0
1236 -0.006171580738993343 0.01811984914937452 0
1237 -0.004076524559810345 0.01778178596741034 0
1238 -0.005195498026545724 0.01823947625822787 0
1239 -0.005176762406609545 0.01750140984038335 0
1240 -0.004885175143268271 0.01661787528273528 0
1241 -0.003935075514397049 0.01689971117239491 0
1242 -0.004378620577512386 0.01491675305964798 0
1243 -0.004560373266709859 0.01564947571654199 0
1244 -0.005387307623888953 0.01563527290157293 0
1245 -0.006618912115689391 0.01608195657130086 0
1246 -0.005668980052754345 0.01645286362664066 0
1247 -0.006284749676039492 0.01527038292876625 0
1248 -0.007080201510011776 0.01494464876245712 0
1249 -0.01294849794994713 0.01994660117391909 0
1250 -0.01185540809741995 0.01976526757358237 0
1251 -0.01122222625696723 0.02011768804118027 0
1252 -0.01146363181814527 0.0191121158367586 0
1253 -0.01253119878376755 0.01932937731935376 0
1254 -0.01211679165282145 0.0186900575159463 0
1255 -0.0133743848243335 0.01875614172010415 0
1256 -0.01390647538329168 0.01949936806367861 0
1257 -0.01463165474646674 0.0187895872819132 0
1258 -0.0146020631217979 0.01956000474985228 0
1259 -0.01432195909559048 0.02008725608247004 0
1260 -0.01374225363744612 0.02019533734358761 0
1261 -0.01345929247610309 0.02075542614341281 0
1262 -0.0138049105415264 0.02129297354211897 0
1263 -0.01419617155345067 0.02086978905094193 0
1264 -0.01473654803806501 0.02066776793817473 0
1265 -0.01456311483653699 0.02140926273023817 0
1266 -0.01417793388010719 0.02186970180918711 0
1267 -0.01362546088662315 0.02207548789132326 0
1268 -0.01325864914672189 0.02147779750893545 0
1269 -0.01230936278775513 0.02047190341707116 0
1270 -0.01241497246248149 0.02114303873314855 0
1271 -0.01287942957152207 0.02086383514091917 0
1272 -0.01268310717432049 0.02159974290611644 0
1273 -0.0123553916404506 0.0221490040531948 0
1274 -0.01166261136702213 0.02079446079705247 0
1275 -0.01144213928091114 0.02146842492587067 0
1276 -0.01194468681702777 0.02141285487128924 0
1277 -0.01055172439159158 0.02049149705778107 0
1278 -0.01093326437409152 0.02113567309976788 0
1279 -0.01100779966630348 0.02181347284105506 0
1280 -0.01059975685711549 0.022342463574866 0
1281 -0.009863235913845133 0.02081770156927866 0
1282 -0.01013401478759566 0.02150562606056784 0
1283 -0.008230457564401425 0.02152944620319118 0
1284 -0.007319176929151471 0.02199683737617244 0
1285 -0.009321432204811318 0.02208066096823095 0
1286 -0.008571717675595284 0.02220698763296378 0
1287 -0.008718423752742474 0.02042911466409768 0
1288 -0.00897555202225846 0.02133945066635347 0
1289 -0.00798958225681793 0.02080661756614425 0
1290 -0.007737229876659125 0.0201604906998878 0
1291 -0.007466691800585432 0.0194923454969441 0
1292 -0.008000682742940923 0.0190762568954593 0
1293 -0.008335037385388898 0.01974732652188307 0
1294 -0.008866403915372786 0.01871435274478822 0
1295 -0.009204730694798774 0.01942819209312083 0
1296 -0.01080055830866386 0.01937197248863495 0
1297 -0.01020297913122086 0.01981432942071549 0
1298 -0.009544834971371 0.02007554286201455 0
1299 -0.009885712908600323 0.01919408537101484 0
1300 -0.01040051902730533 0.01865929506236246 0
1301 -0.01039319677289057 0.01728209638746634 0
1302 -0.01079906054378419 0.01661556428828154 0
1303 -0.01109708301284504 0.01848870821839781 0
1304 -0.0107424724460088 0.01788131897144173 0
1305 -0.009247043714252976 0.01664522695433458 0
1306 -0.009631519569819306 0.01727890794243328 0
1307 -0.009998110851889589 0.01793287546303412 0
1308 -0.00951030222611504 0.01847056842036382 0
1309 -0.007717306797014944 0.01834722771386105 0
1310 -0.008432620273595912 0.01787557511655107 0
1311 -0.009197034888956374 0.01787536910364252 0
1312 -0.008743252496945608 0.01697993493468463 0
1313 -0.008096368182549159 0.01716576787896141 0
1314 -0.007590771166731063 0.01644864141081836 0
1315 -0.007450508038522531 0.01572611145734826 0
1316 -0.008361481522351272 0.01623867024497904 0
1317 -0.009167416710876284 0.01595464261430882 0
1318 -0.00849445052344164 0.01528301585721263 0
1319 -0.01040467744262899 0.0159148249325585 0
1320 -0.009823384810558722 0.01637799080261172 0
1321 -0.009927901991648641 0.015314276157205 0
1322 -0.01059586711352991 0.01486019976933207 0
1323 -0.01108017248334526 0.01553923851544077 0
1324 -0.01169469635664746 0.01803912711034666 0
1325 -0.01293190969707948 0.01813587276489755 0
1326 -0.0124815992119865 0.01750417463512677 0
1327 -0.01202289986619452 0.01686099815403888 0
1328 -0.01124173358029068 0.017292949282247 0
1329 -0.01163904021423675 0.0149408100522038 0
1330 -0.01155589544173943 0.01620608196039489 0
1331 -0.01289644778707624 0.01541118815249432 0
1332 -0.01214365493689579 0.01559243132007796 0
1333 -0.01259244596740339 0.01619608901966526 0
1334 -0.01419095463963255 0.01814585587201731 0
1335 -0.01479105778913278 0.01767650677158572 0
1336 -0.01372156854172123 0.01754578104770171 0
1337 -0.01306010853621165 0.01680237231036737 0
1338 -0.01430220121310344 0.01709237328339085 0
1339 -0.01433726752233255 0.01601925338395749 0
1340 -0.01384972269502397 0.01655615094010211 0
1341 -0.01338809302508162 0.01601866823145235 0
1342 -0.01327369230036359 0.0148314558301278 0
1343 -0.01388895271804645 0.01540398732527237 0
1344 -0.01491447551798483 0.009227661623477833 0
1345 -0.01407006590878218 0.008687984465904144 0
1346 -0.0145346320851271 0.007860757824753916 0
1347 -0.01332061725753743 0.008225495746326236 0
1348 -0.01371615688388628 0.007498493837780566 0
1349 -0.01246172955754787 0.007896228418748274 0
1350 -0.01140413177457256 0.007847316014645471 0
1351 -0.01158910292403664 0.009124281346594244 0
1352 -0.0120158423711079 0.008569865216337279 0
1353 -0.01259188483623253 0.008914349741055892 0
1354 -0.01233160055125605 0.009645478598770975 0
1355 -0.01166423698836738 0.01044257623782496 0
1356 -0.01232037634051221 0.01102995262202758 0
1357 -0.01331159404291063 0.009382108988276879 0
1358 -0.0130252086549708 0.01018804892557163 0
1359 -0.01364911775733716 0.01096518771232428 0
1360 -0.01417720169658643 0.01004984192122104 0
1361 -0.01438369572681659 0.01475452593027972 0
1362 -0.01376240324618787 0.01424222439923389 0
1363 -0.0133438442033422 0.01364397574868404 0
1364 -0.01434299144297895 0.01382130846478339 0
1365 -0.01431448834681925 0.0113125187641754 0
1366 -0.0142368283685821 0.01268234280256252 0
1367 -0.01293285088800239 0.01163089570321011 0
1368 -0.0135396018121896 0.01221378610303923 0
1369 -0.01109639224953247 0.01435634561304782 0
1370 -0.01172053867670031 0.01400806469396455 0
1371 -0.01240011230958368 0.01483420469912144 0
1372 -0.01272729994222941 0.01422127814586025 0
1373 -0.01276048130905451 0.01304779588727903 0
1374 -0.01226582068376222 0.01359180730960714 0
1375 -0.01158472592464247 0.01303855364368844 0
1376 -0.01216651113907314 0.01244067441381384 0
1377 -0.0115268507589329 0.01174264095313424 0
1378 -0.008063049960887726 0.008986057808720022 0
1379 -0.007503817176622171 0.008310046801710561 0
1380 -0.008444484056752357 0.007391884799221508 0
1381 -0.008639819874909476 0.008157924328479005 0
1382 -0.009481053194981052 0.007484970439016906 0
1383 -0.01044353081260349 0.007846852192907544 0
1384 -0.01103660856764322 0.008530597830975647 0
1385 -0.01039603255945133 0.00916649993589819 0
1386 -0.009367378517091645 0.008719713353320925 0
1387 -0.009827537093240052 0.009711636443931956 0
1388 -0.01099621401880553 0.009844361473762829 0
1389 -0.01031912735082397 0.01055174510061678 0
1390 -0.009825894557393883 0.01105291210167609 0
1391 -0.008544639813537293 0.009845261238024991 0
1392 -0.009318417217666727 0.01034684030400499 0
1393 -0.008725360629029438 0.01078525750686313 0
1394 -0.007409059574277289 0.01077820342315392 0
1395 -0.007920279424682838 0.0124430123439901 0
1396 -0.008135499843885119 0.0114909306312597 0
1397 -0.009252031827959077 0.01297569047588084 0
1398 -0.008760261159345209 0.01233411775440421 0
1399 -0.009018403077835694 0.01159907263394036 0
1400 -0.01090686610141299 0.01111233021629147 0
1401 -0.01044088017659526 0.01166611078667708 0
1402 -0.009746824990307717 0.01219452221804974 0
1403 -0.01094216736008826 0.01235143394426869 0
1404 -0.01071980921084555 0.01370745042018895 0
1405 -0.01021856715922234 0.01300769520796896 0
1406 -0.009670413683666999 0.01355877194170269 0
1407 -0.009465925338155913 0.01460157200150775 0
1408 -0.01014000061506225 0.0142288982072984 0
1409 -0.007626617769785688 0.01367295561593139 0
1410 -0.00899464779260551 0.01384127442752326 0
1411 -0.008434942958157415 0.01328482463764151 0
1412 -0.008055819774566172 0.01444189720811928 0
1413 -0.000495324936506157 0.01122982194766543 0
1414 -0.001255457502059219 0.01130981819629374 0
1415 -0.001343183583397008 0.01210010338895957 0
1416 -0.001430914366718044 0.01288940317805027 0
1417 -0.000518454936456196 0.01210865093391842 0
1418 -0.0005722673650388854 0.01295519590462257 0
1419 -0.0006441468854706067 0.01473649646430695 0
1420 -0.0006062898051779947 0.0138380569025878 0
1421 -0.001636498683465326 0.01473767411457656 0
1422 -0.001536950020956946 0.01384719759514939 0
1423 -0.00313233387826821 0.01171578417376265 0
1424 -0.002132968034037422 0.01183887646259506 0
1425 -0.002290753711963391 0.01268465799498187 0
1426 -0.003401332640338209 0.01254472221671598 0
1427 -0.003556037879943324 0.01356755971595409 0
1428 -0.002439214941974736 0.0136393944815216 0
1429 -0.002457386998324811 0.01445983342468326 0
1430 -0.003310285480065965 0.01446103359084211 0
1431 -0.006703264545459801 0.01414882806262762 0
1432 -0.00631905981237736 0.01333860223784996 0
1433 -0.005676618393774495 0.01361480102416448 0
1434 -0.005942453788941544 0.01445602515794721 0
1435 -0.00411374320841486 0.0140000052936494 0
1436 -0.004862111980864564 0.01402533707549832 0
1437 -0.005100730412310473 0.01480269399715778 0
1438 -0.004474332068012348 0.01321065683793635 0
1439 -0.004225129103813096 0.01226652422841912 0
1440 -0.003934245599077039 0.01143609724384197 0
1441 -0.005372333825501143 0.01277171220119957 0
1442 -0.005027852408746794 0.01195354133574958 0
1443 -0.004823520016256416 0.0110069775298506 0
1444 -0.007133921740253314 0.01287872839599482 0
1445 -0.00674897281545626 0.01210033563025132 0
1446 -0.00615311232954548 0.01239465325533541 0
1447 -0.006285253805624561 0.01137406939535676 0
1448 -0.007319905612127748 0.01179710079765338 0
1449 -0.007157066364195793 0.009857352534863854 0
1450 -0.006089566975063577 0.01044501175860199 0
1451 -0.006881264763283907 0.0076864876545243 0
1452 -0.006576179276092923 0.009194568242952939 0
1453 -0.005598237469431412 0.007790606637859297 0
1454 -0.006075582653682831 0.008514974615013571 0
1455 -0.004611228628097837 0.01002471150336543 0
1456 -0.005540101058770942 0.009711686800725776 0
1457 -0.004031563627816748 0.00958770330032542 0
1458 -0.003781923221575096 0.008781812002517582 0
1459 -0.005064528803432065 0.00908387715457013 0
1460 -0.004650313448673695 0.008351678411720138 0
1461 -0.004225968014753069 0.007638313685941717 0
1462 -0.001685522116609907 0.009426900132464888 0
1463 -0.001056342292948653 0.009518262041064615 0
1464 -0.000422349239989893 0.0095667812002692 0
1465 -0.0004587241764543637 0.01039063265215648 0
1466 -0.001147897985886424 0.01033783780198976 0
1467 -0.001863417889170048 0.01018954327231646 0
1468 -0.001979036049037859 0.0109199377155559 0
1469 -0.002868349197470347 0.01090249098969598 0
1470 -0.003694971531255566 0.0105497677272759 0
1471 -0.003342841830125637 0.009736302894306013 0
1472 -0.002607894828804195 0.01010282067864001 0
1473 -0.002404553207172593 0.00941600210314299 0
1474 -0.002185977603809793 0.008573935217211084 0
1475 -0.003029886491250388 0.0088821342544764 0
1476 -0.003395583916814219 0.008082207922901562 0
1477 -0.002827822305893657 0.008278819941676153 0
1478 -0.002595887424100175 0.007537652479962577 0
1479 -0.0009954964274940924 0.008970621661360064 0
1480 -0.001480123410683663 0.008546503532663485 0
1481 -0.001714901255359658 0.007903111809839301 0
1482 -0.0003870349797080073 0.008758038699530006 0
1483 -0.0009639641108823711 0.008051598388412495 0
1484 -0.001298253564298496 0.005672316374397433 0
1485 -0.001458893571024714 0.006361375460983646 0
1486 -0.000656701308534057 0.005587555803546109 0
1487 -0.0006228349470027942 0.006339143579484971 0
1488 -0.0007105590306601833 0.007162691219171678 0
1489 -0.001574157093312932 0.007127063384998958 0
1490 -0.002290970578761126 0.006782983333680534 0
1491 -0.003333740869294209 0.007283937799350634 0
1492 -0.002974431624190824 0.006648130984842307 0
1493 -0.003566827341137147 0.006242585616888755 0
1494 -0.002961354735518503 0.005597224940767207 0
1495 -0.002138473655786875 0.006071144129298909 0
1496 -0.002693974632685933 0.004904467320611582 0
1497 -0.002860501670409601 0.004021031308198755 0
1498 -0.00323980060855007 0.004613212034186742 0
1499 -0.002255815098938169 0.004231451147772551 0
1500 -0.001846937860927588 0.00536483368112233 0
1501 -0.001120571022391703 0.004850379494408103 0
1502 -0.001737286734181583 0.004665743795593324 0
1503 -0.001364965493911859 0.004020964467207933 0
1504 -0.000506432472707177 0.004942089628927423 0
1505 -0.0005103667023821534 0.004342683696215984 0
1506 -0.0001268573999864142 0.0008224956818561176 0
1507 -8.177261177703114e-05 3.037325105867594e-05 0
1508 -0.000713270522620111 0.0004360079785505067 0
1509 -0.001340217106683565 0.0004123107388178019 0
1510 -0.001251197305262736 0.001704852598306666 0
1511 -0.00172314901841859 0.001089411438768596 0
1512 -0.0001602488919288583 0.00146767482555534 0
1513 -0.0008611043913817718 0.001132014516951285 0
1514 -0.0002409898372668752 0.002830837002200653 0
1515 -0.0004949776075551299 0.003534276035500104 0
1516 -0.0001810907301699955 0.002198843184070163 0
1517 -0.0007127904947721275 0.001991348356803967 0
1518 -0.0009243393035902134 0.002643774967849171 0
1519 -0.001450170913643361 0.003296227264373638 0
1520 -0.00164607522976716 0.002178342489631802 0
1521 -0.003509217710727489 0.000807609310476195 0
1522 -0.003474738132043396 0.0001002098239627219 0
1523 -0.002873624539757236 0.0005738178297466542 0
1524 -0.002106500528122739 0.0002825655593200845 0
1525 -0.002149528065919843 0.001703121275949774 0
1526 -0.002546859674962825 0.00112432358155447 0
1527 -0.003146017343767821 0.001481841914371324 0
1528 -0.003432960362218439 0.002399353176489689 0
1529 -0.002685775537799397 0.002139090122975439 0
1530 -0.002027937019250089 0.002817063307567359 0
1531 -0.002408435682013114 0.003471504232120719 0
1532 -0.003323088431129833 0.003685097261796632 0
1533 -0.002989726359026714 0.002972981332325228 0
1534 -0.006484480344452755 0.005890841138334419 0
1535 -0.007031515035926285 0.006461922332012306 0
1536 -0.005818995063053892 0.006543040166661874 0
1537 -0.006379526862116036 0.00706751904837498 0
1538 -0.005075901583030772 0.007134831196235945 0
1539 -0.00462749105449663 0.006490695485174759 0
1540 -0.003845403090637784 0.006936384771756482 0
1541 -0.004174117694542486 0.005855672056870358 0
1542 -0.005271921714977017 0.005964340706912123 0
1543 -0.004778115366144801 0.005422137201448553 0
1544 -0.005318399205932964 0.004985242644785867 0
1545 -0.004379685958140807 0.004869907138805666 0
1546 -0.003728954498919594 0.00523226541190271 0
1547 -0.003909805383057198 0.004269543521985621 0
1548 -0.005053097968751199 0.00406729149129737 0
1549 -0.006277778944187747 0.004911588950208465 0
1550 -0.005851675440842801 0.005590894488620064 0
1551 -0.005727282694328554 0.004419318430836685 0
1552 -0.006068030497922792 0.003777174158874933 0
1553 -0.006928865104418331 0.005326789447293653 0
1554 -0.0067881906848834 0.00410681931773945 0
1555 -0.006936426308131836 0.002231865622658699 0
1556 -0.006420643514245012 0.003179573066036698 0
1557 -0.007426972740027587 0.003173709024276704 0
1558 -0.0059208366949949 0.002491628542204246 0
1559 -0.003886007315268523 0.003040542698329263 0
1560 -0.004410515153222667 0.003569975316910352 0
1561 -0.004826745326509989 0.002979234249549471 0
1562 -0.005464346494619266 0.003378142678503755 0
1563 -0.005169957822369536 0.002211219760725093 0
1564 -0.004582610428425326 0.001761618928796054 0
1565 -0.004268429378361222 0.002409807575503561 0
1566 -0.00416045503904957 0.0009419464888495278 0
1567 -0.003864049165973747 0.001633398707445796 0
1568 -0.004196253868417361 0.0001881181142834821 0
1569 -0.004812218479980613 0.001087509657394677 0
1570 -0.005465700396974473 0.001407297827408252 0
1571 -0.004921708185808541 0.0003324052146109 0
1572 -0.00694150655863676 0.001351345218766725 0
1573 -0.006250295324167871 0.001401870243033806 0
1574 -0.006509027095008561 0.0004927426652195127 0
1575 -0.005651566365750853 0.0004104738886777737 0
1576 -0.007273037633485538 0.0007936286121608919 0
1577 -0.01266191716698002 0.005609245744301109 0
1578 -0.011121008111339 0.004735650424545792 0
1579 -0.01190864659101567 0.005106069267286855 0
1580 -0.01143439295942188 0.003942204794369699 0
1581 -0.01219041246442274 0.00395867231993064 0
1582 -0.01335804050259415 0.003868922365133097 0
1583 -0.01298921673447804 0.004751741373687205 0
1584 -0.01417210949651133 0.004117638504703108 0
1585 -0.01400341564118392 0.00483976806128007 0
1586 -0.01480049866282401 0.005102439096068967 0
1587 -0.01324739811924684 0.006478799674198177 0
1588 -0.01357983040431909 0.005742610296785759 0
1589 -0.01448005696188887 0.005935856548318031 0
1590 -0.01421987128983054 0.006712567064396576 0
1591 -0.01236606599304347 0.006530853862978719 0
1592 -0.01288781094888932 0.007191971765661768 0
1593 -0.01148827975066836 0.006128504685485438 0
1594 -0.01186548904370478 0.007171831482412039 0
1595 -0.01019783206677058 0.006495447203849764 0
1596 -0.01074007689082748 0.005627859765629193 0
1597 -0.01106625570291001 0.007016783389913053 0
1598 -0.009562561197481759 0.005906484661394967 0
1599 -0.007599105068562912 0.007026168898520506 0
1600 -0.009044340291869287 0.006639486674895294 0
1601 -0.007685598469059725 0.005800584692677737 0
1602 -0.00823989937546744 0.006428286436195144 0
1603 -0.00813413457477071 0.005065557886321651 0
1604 -0.007874147795943226 0.003930618727111583 0
1605 -0.007457019205563643 0.004607104287281771 0
1606 -0.008833502808298858 0.005488646047480169 0
1607 -0.008552765902503206 0.004421310058169977 0
1608 -0.008825371391765756 0.003713025562443213 0
1609 -0.01000455997535136 0.005308419463714535 0
1610 -0.009329583512330921 0.00475368113844223 0
1611 -0.00958734733919644 0.00405006722682885 0
1612 -0.01035038039893356 0.004408944808680144 0
1613 -0.01096501929751167 0.002468386105148419 0
1614 -0.01062539049596174 0.003663645804179763 0
1615 -0.01016330745139948 0.002497500239132435 0
1616 -0.009297705029113647 0.002246406244051119 0
1617 -0.009784147189231538 0.003395065929687724 0
1618 -0.00809124553388996 0.003409351066494409 0
1619 -0.008347754616961375 0.002864331962807823 0
1620 -0.009217358802132645 0.002994020569088348 0
1621 -0.008524159707458377 0.002032880803280319 0
1622 -0.007705377500766332 0.002459202239523125 0
1623 -0.007713125577017766 0.001536017204203649 0
1624 -0.007985334445448059 0.0005325396920189135 0
1625 -0.008614188685173184 0.001320662766746945 0
1626 -0.008808940653162501 0.0005864433415267074 0
1627 -0.01106677095410812 0.001657309628514476 0
1628 -0.01019930564614946 0.001585147886697706 0
1629 -0.009309880709800855 0.001437851821388034 0
1630 -0.009552852587337714 0.0006370681634162536 0
1631 -0.01037572273440879 0.0006913228254668713 0
1632 -0.01271360764805155 0.002872380318522467 0
1633 -0.01281474643010602 0.001941375497543193 0
1634 -0.0119419124243793 0.001731152454405695 0
1635 -0.01194998385198775 0.00277233480175782 0
1636 -0.0112094911402145 0.0005701496625404507 0
1637 -0.01292329313971056 0.0008301499244329037 0
1638 -0.01204242166242581 0.0007336029926288824 0
1639 -0.01439843721565652 0.003241153963197624 0
1640 -0.01357652145342747 0.002999882318087409 0
1641 -0.01369611873354495 0.002106868796568945 0
1642 -0.01457076007218399 0.002316401027479374 0
1643 -0.01447485127986263 0.001610531592156357 0
1644 -0.01479171272749422 0.0009841127361828828 0
1645 -0.01382315588167614 0.0009201466577553753 0
1646 -0.01475344388357549 0.0003265846148235443 0
1647 -0.01750300860832655 0.01248230551837418 0
1648 -0.01801952825972049 0.01298542918521028 0
1649 -0.01829220844429211 0.01129410137728137 0
1650 -0.01796417759707378 0.01194038850418845 0
1651 -0.01747143516021606 0.01160688068486009 0
1652 -0.01679895578592763 0.01200402492817116 0
1653 -0.01610247782553804 0.01151753161335308 0
1654 -0.01503275725742357 0.01175737984497852 0
1655 -0.01574809591017309 0.01235815316014239 0
1656 -0.01631179986197962 0.01275744495720932 0
1657 -0.01581623429735761 0.01339117353133249 0
1658 -0.01645718740349776 0.01382004817295436 0
1659 -0.0150236011093921 0.01305736614972518 0
1660 -0.0153248603691392 0.01380439568474848 0
1661 -0.01500614259691841 0.01443948228448896 0
1662 -0.01591826701674506 0.01436021515746928 0
1663 -0.01699044141202698 0.01327170078348319 0
1664 -0.01754519684723191 0.01372208153932933 0
1665 -0.01707143938720192 0.01430421136229785 0
1666 -0.01766021599387658 0.01477993845490582 0
1667 -0.01816478093312462 0.01412605585286232 0
1668 -0.01867398006686503 0.01344350596827011 0
1669 -0.01947542205298538 0.01381180149599497 0
1670 -0.01889390554165415 0.01460213253425459 0
1671 -0.02027227978394023 0.01379073642780122 0
1672 -0.0198442859300459 0.01313170943716805 0
1673 -0.0201644407809614 0.01436690000542127 0
1674 -0.01964246067724011 0.0146737431702144 0
1675 -0.02134123902486419 0.01451786192870624 0
1676 -0.02172130635189112 0.01408867472838296 0
1677 -0.02073383407935558 0.01410398143338212 0
1678 -0.02065666916517358 0.01472959012263431 0
1679 -0.02053601825852917 0.0133509651541792 0
1680 -0.02113088726910248 0.01370934864173678 0
1681 -0.02165577041808747 0.01337215233972243 0
1682 -0.02218860305044634 0.01369971979055386 0
1683 -0.02204218033940342 0.0122970690754571 0
1684 -0.0215816481776385 0.0126753825156385 0
1685 -0.02141189014133676 0.01194572210672525 0
1686 -0.02167091279173427 0.01146845254517775 0
1687 -0.02104725661693791 0.01300316953628292 0
1688 -0.02100968294093195 0.01234139425704765 0
1689 -0.02087241576846791 0.0115560580318584 0
1690 -0.0185629734772871 0.01233321862668072 0
1691 -0.01919738825740694 0.01275475612808685 0
1692 -0.02033692668207941 0.01243985667331375 0
1693 -0.01960070851783031 0.01210197154538174 0
1694 -0.02009320263559801 0.01128626154181402 0
1695 -0.01895243536996418 0.01170162096806765 0
1696 -0.01919894493973575 0.009893339610917947 0
1697 -0.01870073516545909 0.01052038555661224 0
1698 -0.02012161602845708 0.009365886445297102 0
1699 -0.01939274303741963 0.01095213722958569 0
1700 -0.01986459542887416 0.01023805621678835 0
1701 -0.02215736406764346 0.01049876588967617 0
1702 -0.02191932756642636 0.01098631485485859 0
1703 -0.02117277124433914 0.01086042946083329 0
1704 -0.02050748292427434 0.01061085633769347 0
1705 -0.02073209717309988 0.01003213163060193 0
1706 -0.02153292941162911 0.01015636062521412 0
1707 -0.02204658895373877 0.009184826892946989 0
1708 -0.02152732060759721 0.008221708800605174 0
1709 -0.02177859314482597 0.007505883013057853 0
1710 -0.02049951533111742 0.008593693389997839 0
1711 -0.0211618425190366 0.008986052989754734 0
1712 -0.02082733688040189 0.008050777918712117 0
1713 -0.01942721146926345 0.00920559888363906 0
1714 -0.01865637381152697 0.008819331005389485 0
1715 -0.01981541756281054 0.008336947534574354 0
1716 -0.02019874121493061 0.00774688422919606 0
1717 -0.01908722335292698 0.008030552415096717 0
1718 -0.01959946994423004 0.007501548151062819 0
1719 -0.01762006944029237 0.01087905117194291 0
1720 -0.01693559157926802 0.01045649506924162 0
1721 -0.01735292243275615 0.009657637808007363 0
1722 -0.01666563148834596 0.009298880621340076 0
1723 -0.01797611710220982 0.0100648648117036 0
1724 -0.01855581370204317 0.009572441749995197 0
1725 -0.01834555359813617 0.007718925166592644 0
1726 -0.01793397157755789 0.008521451645073827 0
1727 -0.01775723701981075 0.009151673796581234 0
1728 -0.01724587100475906 0.008172524461532514 0
1729 -0.0171984487810842 0.00886142579196781 0
1730 -0.01485737093642319 0.01069334098190623 0
1731 -0.0154958233315662 0.01102565191006158 0
1732 -0.01595650502933153 0.01060068273139397 0
1733 -0.0168141724700956 0.0111774443664938 0
1734 -0.01617342807221181 0.01002048706525333 0
1735 -0.0156206013807125 0.009559468184437855 0
1736 -0.01523915923120855 0.01012292935430928 0
1737 -0.01523599702185231 0.008414499031842534 0
1738 -0.0162350591632754 0.008366386419271846 0
1739 -0.01586326362754791 0.008922008609372903 0
1740 -0.01652264279877257 0.007742693302612147 0
1741 -0.01567547246759965 0.00746898785761794 0
1742 -0.01669440126945081 0.001110838504688729 0
1743 -0.01643407833140752 0.001826348732108995 0
1744 -0.01594324080533854 0.001060714104127698 0
1745 -0.01555879726706698 0.001729155672152229 0
1746 -0.01561975028883873 0.0003813263282072506 0
1747 -0.01630555598729953 0.0003712500704908121 0
1748 -0.01731538329336044 0.0003848072188686574 0
1749 -0.01802277578173262 0.0003998506845889667 0
1750 -0.01820940258459925 0.001211647573361992 0
1751 -0.0174270606641787 0.001160232195741499 0
1752 -0.01715472316757555 0.002676472794539851 0
1753 -0.01726141289019562 0.001879092246741197 0
1754 -0.01813793228837425 0.00201542838168815 0
1755 -0.01797122631444207 0.003074186517157557 0
1756 -0.01628845984241569 0.002526383369265819 0
1757 -0.01613267737086486 0.003630421143218116 0
1758 -0.0154177805893595 0.002618968580874604 0
1759 -0.01531924112941305 0.003584092137757538 0
1760 -0.01491788494000762 0.00711394435816211 0
1761 -0.01605753609922704 0.006627264401723695 0
1762 -0.01645077519535348 0.005671032742610122 0
1763 -0.01521328946892552 0.006460070426693911 0
1764 -0.01494567505389984 0.00439452612059425 0
1765 -0.01563722538932925 0.00545261722807067 0
1766 -0.0156637293690939 0.004566516723861391 0
1767 -0.01782877601850546 0.006848423779135579 0
1768 -0.0169138504805362 0.006812504281816381 0
1769 -0.01747871525330933 0.007430728667511211 0
1770 -0.01734576653060273 0.005975199128095925 0
1771 -0.01812733647945163 0.006166254851729127 0
1772 -0.01826331150729341 0.005245279315374466 0
1773 -0.01647684563966719 0.004781669058196616 0
1774 -0.01729975667129331 0.004991122045145287 0
1775 -0.01701903708402043 0.003830549405550456 0
1776 -0.01787170847861818 0.0040606601905497 0
1777 -0.02066174609845274 0.001374286818997789 0
1778 -0.02145003005899109 0.00142670379945594 0
1779 -0.0214916059475465 0.0004757323459839069 0
1780 -0.02070170948557336 0.0004583560324443888 0
1781 -0.01989734277716482 0.0004408447991070304 0
1782 -0.01899259920236183 0.0004211413312569824 0
1783 -0.01904168284064039 0.00126687613873866 0
1784 -0.0198590344120464 0.001321116514852526 0
1785 -0.01978121509154643 0.002197292832120062 0
1786 -0.01896214213013751 0.002109897451372977 0
1787 -0.01881435884362963 0.002899912804170366 0
1788 -0.01875407442114731 0.00360399194634537 0
1789 -0.01963709265517671 0.003016687968175904 0
1790 -0.02058082808425279 0.002286005418043254 0
1791 -0.02124020917294866 0.003316342581803102 0
1792 -0.02045511078763559 0.003110110311565631 0
1793 -0.02214599551542038 0.002291476564440021 0
1794 -0.02135230853649697 0.002443818607412382 0
1795 -0.0219731872523522 0.003350611985961611 0
1796 -0.02173068938942592 0.004888584682675403 0
1797 -0.02188553058777278 0.004205205737068616 0
1798 -0.02097370683147786 0.004718691848597337 0
1799 -0.02080032035197626 0.005489506498312717 0
1800 -0.02118489739770479 0.004060458220640486 0
1801 -0.01868628030715339 0.004391583801926011 0
1802 -0.01941805246686278 0.004369218717160297 0
1803 -0.02060252951559753 0.00391825251228232 0
1804 -0.01984496986026133 0.003760617535113245 0
1805 -0.02015598470268488 0.004539601295037228 0
1806 -0.0202081006303552 0.00529710031204101 0
1807 -0.01938194025561591 0.00505199720938538 0
1808 -0.01898522802014788 0.00570688899399832 0
1809 -0.01887592949512892 0.007222212691789855 0
1810 -0.01884670716136136 0.006456205203466563 0
1811 -0.01972687233677541 0.005884082777467943 0
1812 -0.01957757616115578 0.006747959772216285 0
1813 -0.02040107899450147 0.00694527827174961 0
1814 -0.0212877362718343 0.006321327609968671 0
1815 -0.0215606375953107 0.005645579753147846 0
1816 -0.02047106120106537 0.006106630418867068 0
1817 -0.02105815739836461 0.007257777290991236 0
1818 -0.02201371167360285 0.00653772994021104 0
1819 -0.02444385474889643 0.0136418572069046 0
1820 -0.02473789370029696 0.01309872266192194 0
1821 -0.02407181236036419 0.01413619790537619 0
1822 -0.02232253845600996 0.01447959214845671 0
1823 -0.02274449318469465 0.01404289417367335 0
1824 -0.02330099181147304 0.01438618929112911 0
1825 -0.02387126260261231 0.01473815118871079 0
1826 -0.02386616381721159 0.01331397127881159 0
1827 -0.02349479910986804 0.01379739921561978 0
1828 -0.02326919820932014 0.01298100367431921 0
1829 -0.02218423591737229 0.01302983813921919 0
1830 -0.02275709518980046 0.01336550410573021 0
1831 -0.02293529812103745 0.0121375446266574 0
1832 -0.02264918038561428 0.01270340549981258 0
1833 -0.02256448078600561 0.01130973045370089 0
1834 -0.02230875660483207 0.01180609486084937 0
1835 -0.02355054506828229 0.01246300375827513 0
1836 -0.02381065570537279 0.0119397747587977 0
1837 -0.0231867441671653 0.01162814661798446 0
1838 -0.02359288202078227 0.01118029173926348 0
1839 -0.02502135887124537 0.0125483564907553 0
1840 -0.02442095614407293 0.01224634433297872 0
1841 -0.02415474634747686 0.01278274303937525 0
1842 -0.0247949830394393 0.01174943218938342 0
1843 -0.02424800252414816 0.0114909142129203 0
1844 -0.02482837467190033 0.01109968274261909 0
1845 -0.0253581386531878 0.01201539465667744 0
1846 -0.02535853413206846 0.01133656040880783 0
1847 -0.02530695152033569 0.009994316685398064 0
1848 -0.02561958282935757 0.00947060279127699 0
1849 -0.0258087698001558 0.01085832896055807 0
1850 -0.02525506258137042 0.01062514868661538 0
1851 -0.02390938796372994 0.00944247392381159 0
1852 -0.0245045385580917 0.009677470735133007 0
1853 -0.02423035635502054 0.01083232098728999 0
1854 -0.02455990693296569 0.0103330947080184 0
1855 -0.02296034204145916 0.01026361429952709 0
1856 -0.02280951942881129 0.01080769311989778 0
1857 -0.02346276757449158 0.01048923847021828 0
1858 -0.02398868125997557 0.01009382427317254 0
1859 -0.02339945303553611 0.009844831422490685 0
1860 -0.02330092627890444 0.009202654784179747 0
1861 -0.02233817171175152 0.009975411967623476 0
1862 -0.02274877241938099 0.009559316997820998 0
1863 -0.02266734345707264 0.008980686661861607 0
1864 -0.02292543253091995 0.008521446237196809 0
1865 -0.02224230315042393 0.008457129776307524 0
1866 -0.02264900441982919 0.007772974256952603 0
1867 -0.02358661304039746 0.008729092144624879 0
1868 -0.0240654733468915 0.008295269847261737 0
1869 -0.02336314489032641 0.008054721874613072 0
1870 -0.02335119398973184 0.007473724222546851 0
1871 -0.02386803798295997 0.007641415680957477 0
1872 -0.02524506952386592 0.008700045082730562 0
1873 -0.0258604319974467 0.008946208272403481 0
1874 -0.02492487104392935 0.009215402918943068 0
1875 -0.02425401693142781 0.008969070212112741 0
1876 -0.02469756641897076 0.008512253974315103 0
1877 -0.02451569972108358 0.007848628095750631 0
1878 -0.02554077575666414 0.007560896323081767 0
1879 -0.02515167184927825 0.008052188416166745 0
1880 -0.02626376990544335 0.009706096100340574 0
1881 -0.02604253083541361 0.01028482665377299 0
1882 -0.02597314943418449 0.008348929153685904 0
1883 -0.02618560355353263 0.007758165063116001 0
1884 -0.02647214887906896 0.009122646634715268 0
1885 -0.02666749747965608 0.008534932257783883 0
1886 -0.02684972843500895 0.007942592968727244 0
1887 -0.0264822711761314 0.004134637005420008 0
1888 -0.0277534949827943 0.003705946955383177 0
1889 -0.02766476997681985 0.004319277696170256 0
1890 -0.02706407317909616 0.004225498621185033 0
1891 -0.02690157935522124 0.004811871128858054 0
1892 -0.02756237393122361 0.004930126246744625 0
1893 -0.02744661499456229 0.00553857533972307 0
1894 -0.02667131103376426 0.005382238494737087 0
1895 -0.0262287254578902 0.004691636494973445 0
1896 -0.02598920381086075 0.005244616320396018 0
1897 -0.02604111067830877 0.005857737192916155 0
1898 -0.0267145356722811 0.00600902654053053 0
1899 -0.027319618487602 0.006144904081802672 0
1900 -0.02701889711238416 0.007346716805731486 0
1901 -0.02717464561786063 0.00674723712550509 0
1902 -0.02637108026826855 0.007170478755869437 0
1903 -0.02652324678579318 0.006585361605681675 0
1904 -0.02229745800288905 0.005800354556142939 0
1905 -0.02303995255739478 0.005949840039426311 0
1906 -0.02280660249042995 0.006746868540070073 0
1907 -0.0237957432349476 0.005908400232991293 0
1908 -0.02365932495561374 0.006433382850876386 0
1909 -0.0235113580645934 0.00695509471930103 0
1910 -0.02569683008592414 0.006995327928475388 0
1911 -0.02503965915781851 0.006808644499477117 0
1912 -0.02420338089085276 0.007159865474283971 0
1913 -0.02488669829754392 0.007424770968660499 0
1914 -0.02434901568372904 0.006615369453681876 0
1915 -0.02425574110469093 0.006021662553377454 0
1916 -0.02585972532727288 0.006420719538368277 0
1917 -0.02518413645198816 0.006253063390939736 0
1918 -0.02531659436971204 0.005694498592800708 0
1919 -0.0253037906600735 0.005106278194590483 0
1920 -0.02563837909547357 0.004002988454320735 0
1921 -0.02556457855793081 0.0046160689284089 0
1922 -0.02466730072887311 0.005548390900927155 0
1923 -0.02455785662751781 0.004955866316496828 0
1924 -0.02410175863014007 0.004351566639213831 0
1925 -0.02484593061106792 0.004444302795629158 0
1926 -0.02493813174477542 0.003893647357777519 0
1927 -0.02445083812275014 0.003824135925377484 0
1928 -0.02247404018928116 0.005055670917470633 0
1929 -0.02326514524517272 0.005179316384964885 0
1930 -0.02409590996078324 0.005410598775164146 0
1931 -0.02387777709985418 0.004877436248732963 0
1932 -0.02344480469518411 0.004486575780815433 0
1933 -0.02269980428525597 0.004351359295759437 0
1934 -0.02276506457199728 0.003457510659454307 0
1935 -0.02362900195613103 0.003763171111195623 0
1936 -0.0236371885594355 0.002623618936346822 0
1937 -0.02282410509430665 0.002582172804128704 0
1938 -0.0222673459077827 0.0004929923992819404 0
1939 -0.02302915229748545 0.0005098746850092021 0
1940 -0.02298451010489524 0.00152828340799147 0
1941 -0.02230137826529677 0.001361522463143835 0
1942 -0.02377732218783779 0.0005263723842058168 0
1943 -0.02389699888259981 0.001588439244195123 0
1944 -0.0253142104953407 0.002811878694858243 0
1945 -0.02592407505389213 0.002879587239295813 0
1946 -0.02554050210405286 0.003409280479347178 0
1947 -0.02481913615747624 0.003315165232912998 0
1948 -0.02418097692887311 0.003246553126446759 0
1949 -0.02439068059731661 0.00216405811475355 0
1950 -0.02458052147596768 0.002732043303423623 0
1951 -0.02566602732141887 0.002278842720992183 0
1952 -0.02493343604792784 0.00221457602780018 0
1953 -0.0258918620831674 0.001721238511354917 0
1954 -0.0252071667419343 0.001110993956078868 0
1955 -0.02522711586754922 0.001676601592593702 0
1956 -0.0246267351888373 0.001636034367059175 0
1957 -0.02449435609320858 0.001084661004651422 0
1958 -0.02440682977286591 3.119156198809462e-07 0
1959 -0.02451210739812577 0.0005426487078544047 0
1960 -0.02522342030600781 0.0005521453631041197 0
1961 -0.02497250769093192 -8.254213833462162e-07 0
1962 -0.02788321036529052 0.002479636831306714 0
1963 -0.02801651754205656 0.001862839744554377 0
1964 -0.02782066414227456 0.003096371834138468 0
1965 -0.02694823341273316 0.003599148104156647 0
1966 -0.02716153613784816 0.003017052345157929 0
1967 -0.02616927216504013 0.00349454247187463 0
1968 -0.02657332429020681 0.00295108210768021 0
1969 -0.02631051145376427 0.002335629017334755 0
1970 -0.02722145263164907 0.002415569076488927 0
1971 -0.02730171438283535 0.00120905933269693 0
1972 -0.02732787922579768 0.001817023794692873 0
1973 -0.02663640452680095 0.001770605330198142 0
1974 -0.02661880334928852 0.001178833526395901 0
1975 -0.02592342181166715 0.001147927817488367 0
1976 -0.02593044003614133 0.0005667983134666427 0
1977 -0.02565764041070996 -2.302721852339554e-06 0
1978 -0.02663065882366887 0.000584904215963889 0
1979 -0.02635450768967758 -2.287925811233482e-06 0
1980 -0.02732181208022699 0.0006046680279144891 0
1981 -0.02815461324320637 0.0006230833283971202 0
1982 -0.02790718185353933 0.001235850072446594 0
1983 -0.01486732624493545 -0.02293044870087262 0
1984 -0.01536537511093552 -0.02258811861891264 0
1985 -0.01519843133710915 -0.02344108835449824 0
1986 -0.01625647412130013 -0.02279720672842895 0
1987 -0.01586171199078691 -0.02224337596161695 0
1988 -0.01573511382154149 -0.02319052191570344 0
1989 -0.01675706901932907 -0.0224319438568418 0
1990 -0.02086303202179137 -0.01867419551480921 0
1991 -0.02044487738996445 -0.01913102026585129 0
1992 -0.01904832512709823 -0.01863089504557777 0
1993 -0.01863147758471081 -0.01904767736365396 0
1994 -0.01986734173950915 -0.01859055071689759 0
1995 -0.01952810122290767 -0.01909721730790856 0
1996 -0.01957787861313152 -0.0200071495801291 0
1997 -0.02001671213895791 -0.01957854311619117 0
1998 -0.01910941842909926 -0.01953638665224883 0
1999 -0.01867233342556569 -0.01995446289049372 0
2000 -0.01871152859755126 -0.02090456297906614 0
2001 -0.01913103194053672 -0.02044478607975743 0
2002 -0.01515932700339315 -0.02125845626435945 0
2003 -0.01539991606088013 -0.02061633134772713 0
2004 -0.01495520170464597 -0.02198482948445567 0
2005 -0.0155198636544334 -0.02176400372228599 0
2006 -0.01598562363952139 -0.0204402758737255 0
2007 -0.01644998914021171 -0.02103385625703962 0
2008 -0.01635518493738511 -0.02189403560362578 0
2009 -0.01581165073930415 -0.02116782651146058 0
2010 -0.01773281266069919 -0.02163124966942184 0
2011 -0.01687204519228995 -0.02157178225216875 0
2012 -0.01729760482321824 -0.02206169648874532 0
2013 -0.01726409020983616 -0.02114248226610666 0
2014 -0.01687192910478821 -0.0206168058442245 0
2015 -0.01820832100591017 -0.02120090985487855 0
2016 -0.01769847736375272 -0.02074082836431611 0
2017 -0.01826244928493645 -0.02040289616868974 0
2018 -0.01777029205814864 -0.01985356131450705 0
2019 -0.01808896821486331 -0.01933093705818634 0
2020 -0.01763522574287441 -0.01884602932291182 0
2021 -0.01809988748810336 -0.01851016449269852 0
2022 -0.01724117570105745 -0.02014734641517396 0
2023 -0.01678628263871484 -0.01961086878618327 0
2024 -0.01695630428353875 -0.01894409478674925 0
2025 -0.01738247588862001 -0.01942101852638181 0
2026 -0.01498431213862875 -0.02005918759242448 0
2027 -0.01554907617307206 -0.01988194917460815 0
2028 -0.01640318124590773 -0.02003835858959194 0
2029 -0.01596999649468881 -0.01950860436698583 0
2030 -0.01594369981829381 -0.01862600409783698 0
2031 -0.01630089002612614 -0.01904184031037379 0
2032 -0.01510442327455712 -0.01931349740708642 0
2033 -0.01553314425543915 -0.01893293150431984 0
2034 -0.01531905591596145 -0.01832310083543229 0
2035 -0.01586204670001942 -0.01772143293095107 0
2036 -0.01640958051778253 -0.01833292630117567 0
2037 -0.01590334613645721 -0.01668087538487403 0
2038 -0.01650050704559175 -0.01727243051597202 0
2039 -0.01536303483277669 -0.01716379409981536 0
2040 -0.01536838591230623 -0.0150313729158456 0
2041 -0.01490950916116541 -0.01562497485892033 0
2042 -0.01537773685326934 -0.01612942086210372 0
2043 -0.0148076122520764 -0.0165522824435471 0
2044 -0.01659621247856023 -0.01485469406212181 0
2045 -0.01596795498670801 -0.01541374129542161 0
2046 -0.01652279285290503 -0.01601324118054551 0
2047 -0.01762550843345783 -0.01802499601629581 0
2048 -0.01819675466638446 -0.01779963837006215 0
2049 -0.01666659189585914 -0.0178697205463078 0
2050 -0.01707291291755881 -0.01825756443044594 0
2051 -0.01706603198881044 -0.01753311961540538 0
2052 -0.01770379722411521 -0.0173308257423864 0
2053 -0.01830422355482578 -0.01713301459504079 0
2054 -0.01780014692992757 -0.01666173142352329 0
2055 -0.01771165644859702 -0.01589912595222733 0
2056 -0.01840381132272395 -0.01648079364669073 0
2057 -0.01701645200929349 -0.01670159882399791 0
2058 -0.01716789176210064 -0.01533361819492898 0
2059 -0.01840564566843112 -0.01506281949642249 0
2060 -0.02123490957464341 -0.01737804077259851 0
2061 -0.0206684637595631 -0.01691450177642279 0
2062 -0.02152676715546836 -0.01683568809646481 0
2063 -0.02205557089180062 -0.0172492880671958 0
2064 -0.0217198946818993 -0.01773227239822474 0
2065 -0.02127108857886172 -0.01820809159745398 0
2066 -0.02064984699842136 -0.01767571827433149 0
2067 -0.02040974573721646 -0.01826846662242708 0
2068 -0.0198534426325715 -0.01777064734644139 0
2069 -0.01935919478755892 -0.01811508850546027 0
2070 -0.01881247194237029 -0.01760511929451486 0
2071 -0.01862245071525762 -0.01821592996960721 0
2072 -0.01933468717363647 -0.01730649583514992 0
2073 -0.0189140761375264 -0.0169301970489872 0
2074 -0.01966958355299829 -0.01683727417173611 0
2075 -0.02009969311963908 -0.01720515026581176 0
2076 -0.01953294832318842 -0.01598526083921973 0
2077 -0.02008146778578652 -0.01643414112909999 0
2078 -0.01853397549593836 -0.01587682091341605 0
2079 -0.01900481224304395 -0.01627308432445784 0
2080 -0.01931318865629899 -0.01510433216554717 0
2081 -0.01911204556995062 -0.0156418905290553 0
2082 -0.0200231134823973 -0.01495763876950972 0
2083 -0.01988170303280285 -0.0155490254352685 0
2084 -0.02043653401478862 -0.01597640582305702 0
2085 -0.02098830774439822 -0.01641458199323048 0
2086 -0.02056083445439105 -0.01535826389683377 0
2087 -0.02116516505727143 -0.01509258808816481 0
2088 -0.02128812137141582 -0.01590228829540859 0
2089 -0.02184255964649758 -0.0163168549762421 0
2090 -0.02198111060418893 -0.01495249443165936 0
2091 -0.02177561663130547 -0.01552801170170353 0
2092 -0.02293059333881376 -0.01486714727361652 0
2093 -0.0225960305233126 -0.01537075331396396 0
2094 -0.02349388385283656 -0.01523242850283031 0
2095 -0.02315115128248232 -0.01574842911597882 0
2096 -0.02229789213760137 -0.01590067267276294 0
2097 -0.02284593865559072 -0.01625103018761224 0
2098 -0.02243186226707001 -0.01675713789829628 0
2099 -0.02722145349116019 -0.002415021074052883 0
2100 -0.02637093499706827 -0.002339609199883376 0
2101 -0.02653195594319668 -0.002946972692494664 0
2102 -0.02624762218629749 -0.003504433784938133 0
2103 -0.02716140144445988 -0.003016676531723736 0
2104 -0.02708799531362844 -0.003616910271640127 0
2105 -0.02778605639615275 -0.003117785643733437 0
2106 -0.0279223280160472 -0.001850835703979168 0
2107 -0.02789029957168936 -0.002474517415398321 0
2108 -0.02790954361212519 -0.001235367892248423 0
2109 -0.02801894731556442 -0.0006529237705179566 0
2110 -0.0279999280612016 -7.204519748728282e-09 0
2111 -0.02721253696303805 -0.001204637986145748 0
2112 -0.02729489588399044 -0.00178155073912675 0
2113 -0.02725395869173155 -2.629043131632963e-07 0
2114 -0.02741553728630604 -0.0006091894995888683 0
2115 -0.02658623521977585 -0.001766815339368698 0
2116 -0.02648965720421751 -0.0011726429792472 0
2117 -0.02583220733806102 -0.001200632007611199 0
2118 -0.02591733082071074 -0.0006631060078813167 0
2119 -0.02668772962659195 -0.0005963588569722418 0
2120 -0.02589173744429257 -0.001720752908120498 0
2121 -0.02518455204658504 -0.001673665860889736 0
2122 -0.02518774837322362 -0.001134262592377897 0
2123 -0.02515505769989591 -0.0005674285319609056 0
2124 -0.02449426648370427 -0.001084276019535633 0
2125 -0.02446443439869724 -0.001625696091889173 0
2126 -0.02452489359451243 -0.000514252660785645 0
2127 -0.02302927898536337 -0.0005090551503888341 0
2128 -0.02226741170684785 -0.0004921899863491764 0
2129 -0.02382908872795125 -0.0006282022300093735 0
2130 -0.02375382746613657 -0.001620077349916943 0
2131 -0.02298458842351642 -0.001527042313086061 0
2132 -0.02221947472098175 -0.001473063629423638 0
2133 -0.02289455569044474 -0.002515189528408224 0
2134 -0.02280378826353845 -0.003342318971337946 0
2135 -0.02370166648815067 -0.00269353803032086 0
2136 -0.02359683324030361 -0.003450420997064866 0
2137 -0.02570947188431242 -0.00228085594759835 0
2138 -0.02494920291795592 -0.002213312203704289 0
2139 -0.02424755431998757 -0.002171812659558175 0
2140 -0.02446156539252862 -0.002724414631697557 0
2141 -0.02422968259257865 -0.003211410751992968 0
2142 -0.02518227688270383 -0.002798094375008448 0
2143 -0.02479281918725238 -0.003307038236538808 0
2144 -0.02583456715795281 -0.002869499069103983 0
2145 -0.02543893940420502 -0.003395640677465043 0
2146 -0.02519842291786822 -0.005084387122187628 0
2147 -0.02554362027485121 -0.004568420236707675 0
2148 -0.02555670144319884 -0.003985724302755703 0
2149 -0.02462504734662517 -0.005538217233613614 0
2150 -0.02454024992151845 -0.00495151017930018 0
2151 -0.02413553274060834 -0.004316726058231483 0
2152 -0.0248459498615863 -0.004443685897903271 0
2153 -0.02483247724936719 -0.003871705596154475 0
2154 -0.02416658429204994 -0.003724098638105724 0
2155 -0.02267560115815281 -0.004055384590498965 0
2156 -0.0233862211742199 -0.00425139238348377 0
2157 -0.02383738969075323 -0.004823592982744176 0
2158 -0.0239209577044516 -0.005379727874061496 0
2159 -0.02325276697313849 -0.005303869303765598 0
2160 -0.02242762369623119 -0.004888168366186778 0
2161 -0.02316593276202753 -0.006030534260523645 0
2162 -0.02243675850685031 -0.005804542396701182 0
2163 -0.02295701796023243 -0.006711240627843226 0
2164 -0.02379571783066985 -0.005907874175905597 0
2165 -0.02365923789609774 -0.006432748221725752 0
2166 -0.02368948572788389 -0.006998098709484118 0
2167 -0.02517473194312234 -0.006255534139415738 0
2168 -0.02585186685502204 -0.00642273717367232 0
2169 -0.02536271223163337 -0.005704946396701864 0
2170 -0.02449618532960414 -0.006081797780665057 0
2171 -0.0243556839067052 -0.006622187763193016 0
2172 -0.02433082151117299 -0.007196571052765424 0
2173 -0.02500406072784507 -0.007396497165117404 0
2174 -0.02484546880963613 -0.00675723253075961 0
2175 -0.02546624894411239 -0.00692673359031295 0
2176 -0.02631347496713541 -0.004106150406397497 0
2177 -0.02774497347549516 -0.003704708837041354 0
2178 -0.02765604407228897 -0.004311127554890512 0
2179 -0.02699243213769236 -0.004209139742559269 0
2180 -0.02690160458732527 -0.004811340946116126 0
2181 -0.02755421272801337 -0.004920407768944254 0
2182 -0.02743920692014475 -0.005529184874818741 0
2183 -0.02678843765924581 -0.0054055151533258 0
2184 -0.02638178135238134 -0.004717709456167667 0
2185 -0.02587843293655788 -0.005221281405805138 0
2186 -0.02637100788805306 -0.007170193964418687 0
2187 -0.0265232050219085 -0.006585048880107563 0
2188 -0.02606203776547868 -0.005862265431021037 0
2189 -0.02672023309222677 -0.00600950678785686 0
2190 -0.02711943220499369 -0.006733076747509707 0
2191 -0.02701882176573263 -0.007346433777978763 0
2192 -0.02737222367195085 -0.006156007462518518 0
2193 -0.02591407934004655 -0.008293441259396073 0
2194 -0.02625515859554036 -0.00776658736192043 0
2195 -0.02685532920861161 -0.007944136527991506 0
2196 -0.02665752414761306 -0.008531174015607251 0
2197 -0.02647218546679669 -0.00912227023409275 0
2198 -0.02619304990981838 -0.01034366759642755 0
2199 -0.02616702546497539 -0.00967005247215327 0
2200 -0.02346256225486803 -0.01377765678223774 0
2201 -0.02391106562410038 -0.01333850466388506 0
2202 -0.02331699440480704 -0.0130070977782162 0
2203 -0.02286658704419349 -0.01342741497059671 0
2204 -0.02225993770190027 -0.01307112594595577 0
2205 -0.02240322325430366 -0.01452507312924297 0
2206 -0.02263990232271135 -0.01397225867780306 0
2207 -0.02382225192283958 -0.01470031841834695 0
2208 -0.02325392595429543 -0.01435601057267738 0
2209 -0.02393695592073488 -0.01405483324079183 0
2210 -0.02449452398340245 -0.01366355844261007 0
2211 -0.02474821676406408 -0.01309627083982733 0
2212 -0.02442181823151937 -0.0122454306907472 0
2213 -0.02401672689989964 -0.01271015044967694 0
2214 -0.02503189940539704 -0.01254563784450169 0
2215 -0.02529917640744686 -0.01198689845254623 0
2216 -0.02556229573046013 -0.01142630387726767 0
2217 -0.02479558274554671 -0.01174872967571641 0
2218 -0.02484859138171251 -0.01110746597510343 0
2219 -0.02407889124628754 -0.01140872798222595 0
2220 -0.02343536292834839 -0.01240164722060756 0
2221 -0.02376680185422041 -0.01191719469609843 0
2222 -0.02344984351336642 -0.0111107168877113 0
2223 -0.02317103878434924 -0.01161737935906113 0
2224 -0.02281380795478121 -0.01207301032009142 0
2225 -0.02278917106536978 -0.01271276593093287 0
2226 -0.0221385432597761 -0.01171532565533638 0
2227 -0.02250151385506182 -0.01128277266451324 0
2228 -0.02224290104163723 -0.009942439220748573 0
2229 -0.02259978081028785 -0.009507924861671175 0
2230 -0.02279392984804415 -0.01018877017542933 0
2231 -0.022886459281412 -0.01084491158851821 0
2232 -0.02346987954263125 -0.009262515632174995 0
2233 -0.02330909559349628 -0.009805851199069021 0
2234 -0.02402809632401093 -0.01010875442214889 0
2235 -0.0234654089342167 -0.01048868799805269 0
2236 -0.02580877209267399 -0.01085797415903606 0
2237 -0.02518999166572454 -0.01059770513849623 0
2238 -0.0241958266487078 -0.01081514878523592 0
2239 -0.02465377651811528 -0.01037153340621861 0
2240 -0.02413501045360206 -0.009530963872743169 0
2241 -0.02478246760890094 -0.00978663620192066 0
2242 -0.02544437754873229 -0.01008125941517119 0
2243 -0.02554973679350591 -0.009443666828530529 0
2244 -0.02589379440002921 -0.008922980825906091 0
2245 -0.0251912475253431 -0.008680711181705053 0
2246 -0.02526156019897077 -0.008084337524554949 0
2247 -0.02566583018487593 -0.00759255793215547 0
2248 -0.02428050249064652 -0.008972046861192887 0
2249 -0.02481607518701953 -0.009170683561223678 0
2250 -0.02453319788151436 -0.008453953251818972 0
2251 -0.02456475636248309 -0.007860658856362194 0
2252 -0.02299807019983522 -0.008498288290765894 0
2253 -0.02231972515240996 -0.008510935666631397 0
2254 -0.02280440811569192 -0.009005620301530477 0
2255 -0.02343277988044293 -0.008658242037372258 0
2256 -0.02322783585691815 -0.008003798452704143 0
2257 -0.02386305186668943 -0.00822309311214719 0
2258 -0.02389518059972444 -0.007645068538186897 0
2259 -0.02325110430685564 -0.007421314251557842 0
2260 -0.02249498253355087 -0.007728440096606509 0
2261 -0.01729453502933711 -0.00182139248818666 0
2262 -0.01819264586813886 -0.002151553600830718 0
2263 -0.01810395335471158 -0.00323455472971156 0
2264 -0.01724935873621712 -0.002891885141840404 0
2265 -0.01613222256403138 -0.003627856028376613 0
2266 -0.01631979465167235 -0.002929344626324676 0
2267 -0.01527287909086177 -0.003434953262396566 0
2268 -0.01548776884873795 -0.00273838355395259 0
2269 -0.01649875260751588 -0.001095883433478719 0
2270 -0.01641753393537898 -0.002016770491664318 0
2271 -0.01553653053647171 -0.001852581015180729 0
2272 -0.01560147618562793 -0.001044506402231931 0
2273 -0.01552142909421457 -0.0002657203653396492 0
2274 -0.01648421994395737 -0.0003518737822229229 0
2275 -0.01740513927751834 -0.001108952065797641 0
2276 -0.01732846372905396 -0.0003625085274096333 0
2277 -0.01820929973092885 -0.001209548939806758 0
2278 -0.0181932817360359 -0.000386770074518399 0
2279 -0.01906746635189419 -0.001301476429114589 0
2280 -0.01906032101384533 -0.0004170158060957916 0
2281 -0.01985905260300699 -0.001318839385649101 0
2282 -0.01988589335886482 -0.0004346029547797941 0
2283 -0.02149166593290536 -0.0004750280688583441 0
2284 -0.02070173666525868 -0.000457534285040321 0
2285 -0.0206617451906224 -0.001372369402223237 0
2286 -0.02144520217265504 -0.001421263821193316 0
2287 -0.0213635383511226 -0.002332312183897177 0
2288 -0.02213246717242451 -0.002366488651575664 0
2289 -0.0220500478451385 -0.003231856934787341 0
2290 -0.02057974078360083 -0.002263563071989666 0
2291 -0.02062612955368518 -0.003005250258969261 0
2292 -0.02128259800334309 -0.003119467319851546 0
2293 -0.02038403995175444 -0.003645463279328558 0
2294 -0.01898415388999677 -0.002104611231791237 0
2295 -0.01895923886149324 -0.002773192862870118 0
2296 -0.01975708706042098 -0.002145856301778848 0
2297 -0.01955228633472311 -0.003549784258984741 0
2298 -0.01989897721051327 -0.002894620847453943 0
2299 -0.01880203555407672 -0.003414223257362591 0
2300 -0.01945168442508611 -0.005039627960758582 0
2301 -0.01863857020385799 -0.004109892935148893 0
2302 -0.01931014791292011 -0.004392987750451582 0
2303 -0.02015634429785082 -0.005214470255133957 0
2304 -0.02008464317621087 -0.004483823255892525 0
2305 -0.02192552464611488 -0.003921225957923039 0
2306 -0.02115370993203961 -0.003882596362127483 0
2307 -0.0208455188881578 -0.004648011633088688 0
2308 -0.02088412997462705 -0.005397787328230224 0
2309 -0.02154374439183554 -0.004766445176944475 0
2310 -0.0213582435312155 -0.006318233884693255 0
2311 -0.02168601695035677 -0.005595174118620207 0
2312 -0.02200189571310272 -0.006654601853148414 0
2313 -0.02061423035586107 -0.006098237005556555 0
2314 -0.02105810916732113 -0.007256365364050532 0
2315 -0.01901771625656845 -0.005642684578133799 0
2316 -0.01979129457555186 -0.005873208741592499 0
2317 -0.01957759738617556 -0.006746119983392642 0
2318 -0.02033040289722433 -0.006977674842175444 0
2319 -0.0195255331973011 -0.007438014122855942 0
2320 -0.0188170332850881 -0.006484043750840629 0
2321 -0.01886718537695804 -0.007200152487842384 0
2322 -0.0178262809535768 -0.004000867278488366 0
2323 -0.01695888449714298 -0.00389595039898745 0
2324 -0.01746074292150339 -0.005060099844474469 0
2325 -0.01668496289486291 -0.004936299073832254 0
2326 -0.01849022194588137 -0.004774115081794359 0
2327 -0.01820967070060905 -0.00545524355608853 0
2328 -0.01785031136163451 -0.006785882794717405 0
2329 -0.01811071358314599 -0.006161038377143083 0
2330 -0.017565733881256 -0.007437779768552324 0
2331 -0.01693840295553524 -0.006978164885470053 0
2332 -0.01743210356515844 -0.005997546607106629 0
2333 -0.01491170454864064 -0.004368946143664718 0
2334 -0.01575239756422362 -0.00461264596904823 0
2335 -0.01563286019016894 -0.005387569904375972 0
2336 -0.01520482956211754 -0.00639966007661625 0
2337 -0.01657680845927081 -0.005762066126136059 0
2338 -0.01609484983851009 -0.006631978895585557 0
2339 -0.0148342733318807 -0.007269949885650016 0
2340 -0.01498004818625106 -0.01054604283433397 0
2341 -0.01553736298608302 -0.01107996002921518 0
2342 -0.01672816275068445 -0.01113225312752579 0
2343 -0.01592360752141174 -0.01060145357417795 0
2344 -0.01622780293334086 -0.009957289969577487 0
2345 -0.01552837761393121 -0.009586524673777725 0
2346 -0.01562635899399626 -0.007580608902633818 0
2347 -0.01519525393300013 -0.00842070242411978 0
2348 -0.01646726122515912 -0.007837923694666779 0
2349 -0.01605053809054633 -0.008811239876260538 0
2350 -0.01761981153835785 -0.01087758518299933 0
2351 -0.01688908842045914 -0.01040424239908666 0
2352 -0.01667483717107338 -0.009357830457895407 0
2353 -0.01736481959118838 -0.009717246106514966 0
2354 -0.01808347208401679 -0.01008841113136762 0
2355 -0.01856639447125004 -0.009585182675603541 0
2356 -0.0178723370572399 -0.009228095451387785 0
2357 -0.01798590985578461 -0.008522091496281999 0
2358 -0.01696125104695037 -0.008774665248846765 0
2359 -0.01724568663729301 -0.008171130444166756 0
2360 -0.01828173033701806 -0.007710531638766333 0
2361 -0.02203361253517221 -0.009181882325809273 0
2362 -0.02172832818170677 -0.007516309719228221 0
2363 -0.02166046679074876 -0.008245193033740085 0
2364 -0.02053026104833965 -0.008637210669982652 0
2365 -0.02114988106908679 -0.009008400280972093 0
2366 -0.02093700601903757 -0.007986394928943376 0
2367 -0.01900604955468356 -0.008023182779664507 0
2368 -0.02023866505956505 -0.00770892065738648 0
2369 -0.01972708573123777 -0.008327650243308966 0
2370 -0.01943957611936171 -0.009180881094758743 0
2371 -0.01876622546492626 -0.008811180623500921 0
2372 -0.01917084364944682 -0.009907797277739917 0
2373 -0.01875274874218822 -0.01057086064782693 0
2374 -0.02013618422354525 -0.009513491449991713 0
2375 -0.01939785605500536 -0.01095685306985429 0
2376 -0.01985197949091818 -0.01026644631506815 0
2377 -0.02149299565162326 -0.01018348231389115 0
2378 -0.02076558771585418 -0.009875950382603554 0
2379 -0.02122751660263875 -0.01095427750624514 0
2380 -0.02053104858017999 -0.01061364376769959 0
2381 -0.02215711809443351 -0.01049819180564334 0
2382 -0.0218647424567912 -0.01101696117117749 0
2383 -0.0214120894694268 -0.01194469433681303 0
2384 -0.02148262688308393 -0.01144361067775175 0
2385 -0.0208785306732104 -0.01158382474021338 0
2386 -0.02114209397900785 -0.01241482519053116 0
2387 -0.02100520626192902 -0.01296741263928938 0
2388 -0.02161591116933505 -0.01269350695156541 0
2389 -0.02207597869781498 -0.01231506900513085 0
2390 -0.02177301654310784 -0.01411637565849835 0
2391 -0.02131063241479304 -0.01449638758450025 0
2392 -0.0220324880013931 -0.01359606010706846 0
2393 -0.02152858070991121 -0.01324150034814918 0
2394 -0.02055020799788827 -0.01465448732984102 0
2395 -0.02070628396016266 -0.01408511316103588 0
2396 -0.02121381055743509 -0.01371638554544787 0
2397 -0.02054864769900476 -0.01336459655361248 0
2398 -0.01895243717227289 -0.01170010525867238 0
2399 -0.02008299380906901 -0.01133575502248512 0
2400 -0.01960089329546928 -0.01210030746469912 0
2401 -0.02027914205127709 -0.01246878780389948 0
2402 -0.01854235696077084 -0.01236170913201176 0
2403 -0.01917618576530056 -0.01278428443453913 0
2404 -0.01875489263162499 -0.0133742555914221 0
2405 -0.01936425083685306 -0.01380863022908001 0
2406 -0.01989112080019566 -0.01323065399912228 0
2407 -0.02009457444640533 -0.01374488783304296 0
2408 -0.0199625689358105 -0.01423544522236415 0
2409 -0.01950852465369774 -0.01451795805846742 0
2410 -0.01891448619977695 -0.0144912855502204 0
2411 -0.0165887119393711 -0.01270440537655415 0
2412 -0.01603854996963292 -0.01227095787899561 0
2413 -0.01528495087385547 -0.01255950186254497 0
2414 -0.01515159466430996 -0.01162380636204693 0
2415 -0.01603977779374645 -0.01145518277738521 0
2416 -0.01732839293121137 -0.01154068558631472 0
2417 -0.01670437904608076 -0.01193081959704766 0
2418 -0.01795637111315945 -0.01196271131199395 0
2419 -0.01829217716591483 -0.01129252031858071 0
2420 -0.0180780070139741 -0.01289908409458886 0
2421 -0.0173486076718778 -0.01239117348674027 0
2422 -0.01713730791994153 -0.01313670609411606 0
2423 -0.01768149153779813 -0.01356484564756594 0
2424 -0.01833933707254356 -0.01405968466952542 0
2425 -0.01782652362242599 -0.01458879408684483 0
2426 -0.01723676943703992 -0.01410624516991246 0
2427 -0.01591087398780529 -0.01307585272028941 0
2428 -0.01650904351949786 -0.01357074112279014 0
2429 -0.01601809690224946 -0.01433719744054585 0
2430 -0.01542956501272331 -0.01381007889379447 0
2431 -0.01480890531146241 -0.01334621203296893 0
2432 -0.004943368616742523 -0.02449942743856458 0
2433 -0.005538464491000478 -0.02462501976948425 0
2434 -0.004316607470027537 -0.02413548547036969 0
2435 -0.003781781980591318 -0.02422484939230122 0
2436 -0.003886437883595499 -0.02493047912936633 0
2437 -0.004451784691512146 -0.02489393711260859 0
2438 -0.004597869701448171 -0.02570777905906697 0
2439 -0.00400245519388942 -0.02563822098650942 0
2440 -0.005082603608232282 -0.025193484016851 0
2441 -0.005693968511731444 -0.0253165059488066 0
2442 -0.006193954634454019 -0.02494888413217771 0
2443 -0.006353022217154787 -0.02558923915368522 0
2444 -0.006985855952303458 -0.02569794057622915 0
2445 -0.006779079111816544 -0.02494642473507333 0
2446 -0.007418839153121044 -0.02508143920046461 0
2447 -0.007159272156909816 -0.02420352519670428 0
2448 -0.006610773010918114 -0.02432447330167822 0
2449 -0.006045214865977098 -0.02435148339294041 0
2450 -0.006387029439925031 -0.0236443209935217 0
2451 -0.00582787283671379 -0.02367885996821401 0
2452 -0.007011590003916387 -0.02372806679034044 0
2453 -0.006694994173663972 -0.02295048347490786 0
2454 -0.005761882150801831 -0.02231548473913287 0
2455 -0.005978147290504711 -0.02315860998686885 0
2456 -0.00537999657075229 -0.02392089968421913 0
2457 -0.00480924553044544 -0.0238343599021896 0
2458 -0.005156747522791804 -0.02318946351011327 0
2459 -0.005054801799720727 -0.02247377921777432 0
2460 -0.004240497463088865 -0.02354670085444675 0
2461 -0.004288146186515517 -0.0227456197332275 0
2462 -0.003498096742691692 -0.02354403728390016 0
2463 -0.003338629427232433 -0.02280166997224545 0
2464 -0.002611826728742538 -0.02363640106364739 0
2465 -0.002542171504161726 -0.02289452397929141 0
2466 -0.000509028373071907 -0.02302917845172524 0
2467 -0.0004921250556571621 -0.02226731769023797 0
2468 -0.001476792232234172 -0.02222423365052487 0
2469 -0.001527353467055961 -0.02298451404647788 0
2470 -0.001586317226441571 -0.02389688228246592 0
2471 -0.0005643575914330468 -0.02380589339065463 0
2472 -0.0005419675334081337 -0.02451208833362609 0
2473 -0.000552471996461124 -0.02522470648626828 0
2474 -0.001084012682131137 -0.02449425909730436 0
2475 -0.001637880953902707 -0.02465103333045126 0
2476 -0.001682402717480192 -0.02531740913725744 0
2477 -0.001115245093098817 -0.02522661522718585 0
2478 -0.001729060500742036 -0.02601783831570464 0
2479 -0.003244531824063141 -0.02430257005717649 0
2480 -0.00272982528530127 -0.02460096710433377 0
2481 -0.002159236036148031 -0.02438524202870835 0
2482 -0.002214658042764861 -0.02498127026580074 0
2483 -0.002271746761854761 -0.02562220765888907 0
2484 -0.002802393403556094 -0.02523090045698664 0
2485 -0.002876440898909487 -0.02589788303625821 0
2486 -0.003313167304921334 -0.02483504111112748 0
2487 -0.003401198866535955 -0.02549049507854624 0
2488 -0.003616890712606586 -0.02708803439834167 0
2489 -0.003028885689580451 -0.02727166112231203 0
2490 -0.002955699216153841 -0.02661283904214787 0
2491 -0.003493750447458395 -0.0261755708159984 0
2492 -0.002403515063608952 -0.02708347760771259 0
2493 -0.002333904650348638 -0.02630342451611602 0
2494 -0.00057034004402372 -0.02593801946872076 0
2495 -0.0005832871924962119 -0.02662881335945914 0
2496 -0.001146309315620321 -0.02593233866361473 0
2497 -0.001173094136968127 -0.02663145685600402 0
2498 -0.001771976428541535 -0.0266788556078402 0
2499 -0.001815880477044582 -0.02732281089554693 0
2500 -0.001208720034274926 -0.02730166495966253 0
2501 -0.0006042223178525197 -0.02732178440159938 0
2502 -0.0006204166154093117 -0.02804925481251661 0
2503 -0.001235881096384056 -0.02791502304697464 0
2504 -0.003062075093194965 -0.02787117878300849 0
2505 -0.002474537357848422 -0.02789027957174453 0
2506 -0.001826143288080784 -0.02797048354363439 0
2507 -0.004109817796655081 -0.02632595235418701 0
2508 -0.004707145821797805 -0.02631806720734593 0
2509 -0.005222305126472768 -0.02588663093508585 0
2510 -0.005391999650125783 -0.02672249628074254 0
2511 -0.00482162771381189 -0.02695826672368128 0
2512 -0.005536093195497633 -0.02743576820075143 0
2513 -0.004928370846501993 -0.02755482109712131 0
2514 -0.004241268085116905 -0.02696743790031214 0
2515 -0.004339015931708138 -0.02763320569836032 0
2516 -0.003686498166649226 -0.02778388792904356 0
2517 -0.006584867253080571 -0.02652328395393893 0
2518 -0.007164494897775275 -0.02636453847981834 0
2519 -0.005866110290183309 -0.02608212239891475 0
2520 -0.005972834030369533 -0.02670244865107039 0
2521 -0.006144121367771415 -0.02731731090380426 0
2522 -0.007339976288252165 -0.02701416567458632 0
2523 -0.006737821003762015 -0.02716772282182132 0
2524 -0.00778232228829747 -0.0263112976636951 0
2525 -0.008329990009690024 -0.02602780265151268 0
2526 -0.008534616189186654 -0.02666742793775051 0
2527 -0.009095110756044539 -0.02639310871171199 0
2528 -0.007921119872407057 -0.02689621228833716 0
2529 -0.01028450807599202 -0.02604262648942899 0
2530 -0.009705793253306399 -0.02626377343433893 0
2531 -0.01309651142846035 -0.02474824730770463 0
2532 -0.01363130300375296 -0.02443556629839795 0
2533 -0.01417831322544766 -0.02414472522098298 0
2534 -0.01448893283162956 -0.02233803131792331 0
2535 -0.01407952849540697 -0.02280443397185513 0
2536 -0.01440373488021071 -0.02326930333445108 0
2537 -0.01470740119051383 -0.02381223207468894 0
2538 -0.01301700351889936 -0.02216685182033246 0
2539 -0.01336480621020672 -0.02275792791930486 0
2540 -0.01300318722929095 -0.02331011371948771 0
2541 -0.01384507483133705 -0.02352871207700827 0
2542 -0.01334209067144959 -0.02391500060936933 0
2543 -0.01198882610895091 -0.02530325466009417 0
2544 -0.01142609445160838 -0.02556241276201283 0
2545 -0.01250003969156886 -0.02501059270447311 0
2546 -0.01278239358417241 -0.02415484952107975 0
2547 -0.01218744610454592 -0.02432296114463817 0
2548 -0.01173941954700598 -0.02470606141378113 0
2549 -0.01116776401883408 -0.02490147988194821 0
2550 -0.01140870235092737 -0.02407887756119765 0
2551 -0.01117953998531244 -0.02359539103698628 0
2552 -0.01152943270330928 -0.02300562454790019 0
2553 -0.01185204583807463 -0.02364974173852873 0
2554 -0.01243396233158966 -0.02350572163482093 0
2555 -0.01209318870540195 -0.02286226208299565 0
2556 -0.01265722910205548 -0.02269076127000312 0
2557 -0.01178916124384606 -0.02228367172227372 0
2558 -0.01121647761500777 -0.02238106115550053 0
2559 -0.009236077327053982 -0.02499280437998518 0
2560 -0.008910553808046427 -0.02411239484091438 0
2561 -0.008453961558752124 -0.02453297178222336 0
2562 -0.00784498270579552 -0.02451596709752893 0
2563 -0.00810238098069628 -0.02531760149455867 0
2564 -0.007609860127552636 -0.02572880790364236 0
2565 -0.008680762773052299 -0.02519109980502427 0
2566 -0.008919041742867992 -0.02578798030368815 0
2567 -0.01003006492888945 -0.02541213462551948 0
2568 -0.009462116770437609 -0.02560536341178452 0
2569 -0.01064133502643114 -0.02528758567101358 0
2570 -0.01086042032735587 -0.02581406969730688 0
2571 -0.01081372651672127 -0.02418143112920758 0
2572 -0.01041702281952212 -0.02474724771305392 0
2573 -0.009525164930693931 -0.02412356028471317 0
2574 -0.009786612614463289 -0.02478237901546338 0
2575 -0.009254166085644623 -0.02344312655699301 0
2576 -0.009873030374864041 -0.02346949552938952 0
2577 -0.01016740097703194 -0.02416560608008553 0
2578 -0.01052336727290229 -0.02354394966688273 0
2579 -0.01080708744318226 -0.02280939336595603 0
2580 -0.0102301171180905 -0.02288869833163334 0
2581 -0.009507950474823385 -0.02259990671110251 0
2582 -0.009928453431505726 -0.02221229846146596 0
2583 -0.008696787113121334 -0.02353482294481582 0
2584 -0.008424180254152732 -0.02288777376628398 0
2585 -0.008939833203907135 -0.0227668415546424 0
2586 -0.007638527248044223 -0.02387310143421663 0
2587 -0.008255452580662029 -0.02395829274497912 0
2588 -0.00798790305021255 -0.02318049837017557 0
2589 -0.007416301639051963 -0.02324356246361918 0
2590 -0.007669993605524242 -0.02248210028704782 0
2591 -0.008029528727711465 -0.01908718987818104 0
2592 -0.007476572792428703 -0.01951133500520836 0
2593 -0.009204507176782584 -0.01942710362360209 0
2594 -0.008866363165484052 -0.01871306578647557 0
2595 -0.008385417749592922 -0.01980448624697255 0
2596 -0.007733810316049701 -0.02014679055328037 0
2597 -0.007504731861917963 -0.02177812211677855 0
2598 -0.008264803711652412 -0.02151443700006401 0
2599 -0.00799153275627435 -0.02080340038166442 0
2600 -0.008522612655995408 -0.02224996522182644 0
2601 -0.009182784298603022 -0.0220099256991103 0
2602 -0.008605442148866846 -0.02050261565564998 0
2603 -0.009044749204425865 -0.02109396597093222 0
2604 -0.01049504752655366 -0.01875819481347469 0
2605 -0.009906966890183061 -0.0191625950851587 0
2606 -0.009426837738664266 -0.02010667110310342 0
2607 -0.01094433572723702 -0.01939732917995898 0
2608 -0.01026198080422505 -0.01985041368980951 0
2609 -0.01058960514043181 -0.020470224260729 0
2610 -0.0109542811769243 -0.02122759632358694 0
2611 -0.009882558142473557 -0.02070768233271018 0
2612 -0.01018337219048249 -0.02149309405293128 0
2613 -0.0108639804718614 -0.02178597337791414 0
2614 -0.01053824804502169 -0.02226175312423354 0
2615 -0.0146543018310038 -0.02055031146174063 0
2616 -0.01415999491401859 -0.02081601201643891 0
2617 -0.01411018716106869 -0.02175213206186669 0
2618 -0.01446169846352692 -0.02125662608257547 0
2619 -0.01335175590390735 -0.02055337345896144 0
2620 -0.01370386556397446 -0.02111961208894961 0
2621 -0.01363171015123434 -0.02207987702456962 0
2622 -0.01335396899309931 -0.02162426557262153 0
2623 -0.01139265606483814 -0.0216434407677031 0
2624 -0.0120435689523881 -0.02160770432436754 0
2625 -0.01239682557299697 -0.0222292827005792 0
2626 -0.01268448401952814 -0.02160546087883614 0
2627 -0.01233790366121438 -0.02101670374134374 0
2628 -0.01288024564802816 -0.02086267545650808 0
2629 -0.01157639872027995 -0.02090282104589787 0
2630 -0.01132795062254197 -0.02007645060175543 0
2631 -0.01170073252110491 -0.01895225018011741 0
2632 -0.01249425102851707 -0.02023735051596021 0
2633 -0.01210113231456092 -0.01960056491817703 0
2634 -0.01229771661373955 -0.01858498975987016 0
2635 -0.01271815549819004 -0.01922020009275575 0
2636 -0.01423528969232586 -0.01996269669822982 0
2637 -0.01455680691453022 -0.01948689399919112 0
2638 -0.01377086702143273 -0.02021253594780741 0
2639 -0.01318081097181423 -0.01988162829606781 0
2640 -0.01340416906006326 -0.01872560831850854 0
2641 -0.01378821971807691 -0.0194606160613155 0
2642 -0.01461611875175335 -0.01874808858469118 0
2643 -0.01482557370551323 -0.01776122667411513 0
2644 -0.01419040376565084 -0.0181452656464222 0
2645 -0.01317824238588662 -0.01694303948918455 0
2646 -0.01370777198092753 -0.0174997727483624 0
2647 -0.01436114198333381 -0.01719550484051204 0
2648 -0.01449526815763763 -0.01516615681170568 0
2649 -0.01429602744033778 -0.01597873543337956 0
2650 -0.01368798845831544 -0.01531257506925398 0
2651 -0.01311651746451752 -0.01468089949514969 0
2652 -0.01336918577342345 -0.01601753483962746 0
2653 -0.01386687839358479 -0.0166100002683526 0
2654 -0.01129309263764827 -0.0182920357750154 0
2655 -0.01192548795302188 -0.01800606205716511 0
2656 -0.01296626204867571 -0.01805471140686421 0
2657 -0.01248122953452471 -0.01750294763963212 0
2658 -0.01159832675917406 -0.01748159096498569 0
2659 -0.01202259254724507 -0.01685963057857192 0
2660 -0.01155546463292584 -0.01620468272597569 0
2661 -0.01269564786485931 -0.01627367457815249 0
2662 -0.01289349950962911 -0.01543798040540386 0
2663 -0.01214564863399031 -0.01559994314193815 0
2664 -0.01160437162285069 -0.01501961123943654 0
2665 -0.008774362032548142 -0.0169616098271262 0
2666 -0.008105202331787046 -0.01722603096880844 0
2667 -0.007717817450594212 -0.01834551144677558 0
2668 -0.009217831922348936 -0.01785502555777551 0
2669 -0.008458162797936595 -0.01791164854692083 0
2670 -0.00957614970859943 -0.01853764282753271 0
2671 -0.01019279721596618 -0.01807397783605941 0
2672 -0.01081468249215344 -0.0175624056709978 0
2673 -0.01033873773157897 -0.01683080139380154 0
2674 -0.009696681555388798 -0.01738109246836368 0
2675 -0.009387915089070111 -0.01666714674116776 0
2676 -0.009924231803132823 -0.01621624348738433 0
2677 -0.01053750521140843 -0.01592609052414037 0
2678 -0.01102991884349696 -0.01666154331440767 0
2679 -0.0104705787301407 -0.01505130796378602 0
2680 -0.01107985675281877 -0.01553765652561582 0
2681 -0.009586809249751615 -0.01552836723151036 0
2682 -0.008964774581874044 -0.01610830334546589 0
2683 -0.008490089896862819 -0.01535916558530072 0
2684 -0.007861416153356296 -0.01642923079710268 0
2685 -0.0074503715938503 -0.01572426482379768 0
2686 -0.006148010227249117 -0.02059055870488951 0
2687 -0.007220150257256125 -0.02099931256457789 0
2688 -0.006586781701946692 -0.02207709156473144 0
2689 -0.006401384946083396 -0.02130832744962275 0
2690 -0.005571287780596858 -0.02157795186461092 0
2691 -0.004809559269823295 -0.02170811973357995 0
2692 -0.003921162013375663 -0.02192545795995269 0
2693 -0.003800449902559929 -0.02115420903940489 0
2694 -0.00471752959565227 -0.02097332447458721 0
2695 -0.005401795161745772 -0.02088154474683833 0
2696 -0.005249463915606801 -0.02023063798842873 0
2697 -0.004509353763826192 -0.02014461567166616 0
2698 -0.004373835415399479 -0.01936762167703901 0
2699 -0.004105533234745518 -0.01863112452895968 0
2700 -0.005044626109522732 -0.01945899740352997 0
2701 -0.005972943132301888 -0.01987778474843758 0
2702 -0.005645280090113762 -0.01908534811137079 0
2703 -0.006972353832142511 -0.02027021842051922 0
2704 -0.006746477626828118 -0.01957707853898612 0
2705 -0.006445540072420848 -0.01875242149231516 0
2706 -0.007210669945908067 -0.0188500510518996 0
2707 -0.00707301991443391 -0.01485572747740803 0
2708 -0.00641206564629239 -0.01524132986270271 0
2709 -0.005673520930996857 -0.01636372802831886 0
2710 -0.006747378338774345 -0.01603864084143392 0
2711 -0.006848083005465054 -0.01782676994993134 0
2712 -0.007129980859818879 -0.01699241440970074 0
2713 -0.007528542209075458 -0.01762620241254368 0
2714 -0.006125681366121138 -0.01799987479303718 0
2715 -0.006090762514751978 -0.01705816005538025 0
2716 -0.004387082759722221 -0.01505493039250855 0
2717 -0.005387621737442417 -0.01554357719644382 0
2718 -0.004689517270405901 -0.01585626505061688 0
2719 -0.003832032369843392 -0.01689036578862626 0
2720 -0.004934955984671757 -0.01668560098942066 0
2721 -0.005210071569756045 -0.01765936696662534 0
2722 -0.004788037290990764 -0.01852293142758411 0
2723 -0.005530198437846045 -0.01835299651774114 0
2724 -0.004062682471514247 -0.01774468356245099 0
2725 -0.00137305698015583 -0.02066164364694838 0
2726 -0.0004575635768798116 -0.02070169426485576 0
2727 -0.0004748175745618938 -0.02149158119437861 0
2728 -0.001425588145721844 -0.02145000265760651 0
2729 -0.002372199721360823 -0.02136607561540048 0
2730 -0.002337123649983141 -0.02208730787784594 0
2731 -0.003157406867776082 -0.02206212942137235 0
2732 -0.003061842751349988 -0.02137585868759743 0
2733 -0.002997684941405741 -0.02076290371576471 0
2734 -0.003666109270850661 -0.02038570686086666 0
2735 -0.002284903026670119 -0.02058084131506529 0
2736 -0.002195953763502073 -0.01978129843777209 0
2737 -0.003503770811808474 -0.01959205976629517 0
2738 -0.002892282379733163 -0.02000142972327886 0
2739 -0.003381812867802608 -0.0187733762011875 0
2740 -0.00203059620953039 -0.01903198360064189 0
2741 -0.002705272464161909 -0.01890576824390926 0
2742 -0.00129373995736775 -0.01985258548545185 0
2743 -0.001234939986754453 -0.01903458723709116 0
2744 -0.0004398269490405901 -0.01989733648302135 0
2745 -0.0004219209726606484 -0.01907835098834975 0
2746 -0.0003713819073506072 -0.01737918084935386 0
2747 -0.0004035827902130963 -0.01824440186414598 0
2748 -0.00115364870844621 -0.01736172777662385 0
2749 -0.001210104282442477 -0.01820921341203319 0
2750 -0.003086502900857788 -0.01805265204469336 0
2751 -0.001974267294839774 -0.0181861222490602 0
2752 -0.002216932287288759 -0.01725538962242838 0
2753 -0.003104359724178548 -0.01715857061507482 0
2754 -0.003638570136931258 -0.01604401498848022 0
2755 -0.002902912754009221 -0.01640723134291764 0
2756 -0.003394212922279786 -0.01520511747690476 0
2757 -0.002640954423146298 -0.01548112123173373 0
2758 -0.0003497189151149807 -0.0165122832956748 0
2759 -0.001956391278405462 -0.01642717394523006 0
2760 -0.001099435087845532 -0.01647653659684144 0
2761 -0.001021596526354638 -0.01559840142981891 0
2762 -0.001727810299637925 -0.01555887244319156 0
2763 -0.0003268874585173442 -0.01562832590364083 0
2764 -0.0008962866606809823 -0.00881562192990479 0
2765 -0.001730080710827814 -0.008588627273508016 0
2766 -0.0001516366608971911 -0.008721944686566476 0
2767 -0.0003426465301142215 -0.007865062732803421 0
2768 -0.001404591166091993 -0.007844607986802409 0
2769 -0.002257446203881288 -0.007624209253862565 0
2770 -0.003400241325074667 -0.008077525512467102 0
2771 -0.002715785313863719 -0.009180449294981586 0
2772 -0.002655826241935256 -0.008337283679255597 0
2773 -0.002949904948085849 -0.009971211708659486 0
2774 -0.003201046021624947 -0.01074264221387676 0
2775 -0.002026634050073464 -0.01104594387378099 0
2776 -0.001093909182794716 -0.009573711159567726 0
2777 -0.001677398901484824 -0.009386317090108164 0
2778 -0.00197685342407947 -0.01013262393625022 0
2779 -0.001075054409924912 -0.01039157383523295 0
2780 -0.000211464331147036 -0.009570737605254117 0
2781 -0.0002295523343180729 -0.01039525621062795 0
2782 -0.0003254654843487182 -0.01475342245163325 0
2783 -0.00169045866233988 -0.01480823025035544 0
2784 -0.0009780927992466214 -0.01472517015281295 0
2785 -0.0015612874141967 -0.01398553181032005 0
2786 -0.0003093291715926711 -0.0138533380860497 0
2787 -0.0002866747971382018 -0.01296177377153572 0
2788 -0.0002480953626174366 -0.01123508497598731 0
2789 -0.0002673198360348416 -0.01209046492684408 0
2790 -0.001241378896299481 -0.01116967516707943 0
2791 -0.001146863882477395 -0.01215054397573069 0
2792 -0.001450723039082153 -0.01303667380659405 0
2793 -0.003386182002712463 -0.01434286625197216 0
2794 -0.002518692552595871 -0.01457666137077244 0
2795 -0.002418806026433446 -0.01369763988825849 0
2796 -0.00331295674542403 -0.013480987548816 0
2797 -0.00380258748174274 -0.01244943083509434 0
2798 -0.002757376465077346 -0.01269456451553463 0
2799 -0.002008885019685168 -0.01194912451584454 0
2800 -0.003430333785101168 -0.01159734575634743 0
2801 -0.006004074371428886 -0.008456946081013836 0
2802 -0.006541002549942126 -0.009071141715638978 0
2803 -0.006922744598823178 -0.007741228243530858 0
2804 -0.005522652412635914 -0.007786337960782763 0
2805 -0.004269877029495987 -0.007653541918294969 0
2806 -0.003713414005667369 -0.008824174505566579 0
2807 -0.004663382445591905 -0.008361093481898446 0
2808 -0.005037053206763768 -0.009070406410564631 0
2809 -0.005597130284967619 -0.00972189154259495 0
2810 -0.004032883830684209 -0.00958442083814471 0
2811 -0.004358361575282649 -0.01035879032830334 0
2812 -0.005892450935857518 -0.01056147965559309 0
2813 -0.007066801948307415 -0.009702735157030816 0
2814 -0.007153920059618632 -0.01294136650354235 0
2815 -0.006820479153992369 -0.0121364894475591 0
2816 -0.006067563327516054 -0.01256569905336321 0
2817 -0.006431251649524425 -0.01150127128907812 0
2818 -0.005124280538277458 -0.01197001695879212 0
2819 -0.004690044957208877 -0.01114753797843822 0
2820 -0.005424053242675369 -0.01279267864671414 0
2821 -0.004056442876628336 -0.01335011292035832 0
2822 -0.004175000712185711 -0.01416348517222942 0
2823 -0.004781109272843759 -0.01303227942642134 0
2824 -0.005097091173906843 -0.01467515819819701 0
2825 -0.004766580773525771 -0.0137647509730972 0
2826 -0.00638527324812144 -0.01332049123601877 0
2827 -0.005723259832064204 -0.01360271914827989 0
2828 -0.006069121090286138 -0.01451979773941297 0
2829 -0.006694893795429659 -0.01406124426730922 0
2830 -0.01428870550650926 -0.01134372656623656 0
2831 -0.01296529682404823 -0.01160442185701595 0
2832 -0.01297738675328615 -0.01279953666676027 0
2833 -0.01372870720081123 -0.01199881357113646 0
2834 -0.01421982267676585 -0.01272702625551209 0
2835 -0.01460150319957782 -0.01206070715840627 0
2836 -0.01475800612673953 -0.01440682594559641 0
2837 -0.01417557796011128 -0.0139035375349818 0
2838 -0.01378390516811368 -0.01444917982452197 0
2839 -0.01370236341347371 -0.01333741104732928 0
2840 -0.01317735564336237 -0.0138214214300055 0
2841 -0.01174126871331793 -0.01152655930200976 0
2842 -0.01235270019518977 -0.01213361641940976 0
2843 -0.01158840899612621 -0.01294718520627675 0
2844 -0.01217111624517023 -0.01359796886810683 0
2845 -0.0126739953155949 -0.01419145260426152 0
2846 -0.01223099190932949 -0.01466552062378407 0
2847 -0.0112423922032316 -0.0143750695389416 0
2848 -0.008248505246872638 -0.01329942728307274 0
2849 -0.007633612591845293 -0.01374217513222006 0
2850 -0.008062041485147227 -0.01452324029510525 0
2851 -0.008766083135407299 -0.01401982154090125 0
2852 -0.009246337898627933 -0.01477478419628591 0
2853 -0.01000746614406047 -0.01423157187537672 0
2854 -0.009502753595541199 -0.01350446115062752 0
2855 -0.01075175903207524 -0.01365874293005309 0
2856 -0.01021388628918314 -0.01295017820312944 0
2857 -0.01102848918962225 -0.01232004886484329 0
2858 -0.01044104039890411 -0.0116639029008001 0
2859 -0.009601277670236111 -0.0122968101824666 0
2860 -0.007828432822724727 -0.01251111218504933 0
2861 -0.008993903551391753 -0.01276285120662912 0
2862 -0.009252099610070931 -0.01160020754228477 0
2863 -0.008546048062245062 -0.01186126090566096 0
2864 -0.007524738273626198 -0.01166586018944911 0
2865 -0.008043387430149535 -0.01127891932016561 0
2866 -0.007527750555477717 -0.0105561829310725 0
2867 -0.009200322412847631 -0.01036711525915823 0
2868 -0.008652262845292927 -0.010907739482701 0
2869 -0.00864845854379924 -0.009659548210496511 0
2870 -0.008080872972198363 -0.008918684086708142 0
2871 -0.007475589295869537 -0.008340987864430258 0
2872 -0.009011148347774408 -0.008066127320903225 0
2873 -0.00835450754971382 -0.007486589005696915 0
2874 -0.01055021216687124 -0.01031877722790027 0
2875 -0.009847718907675648 -0.01094821839497122 0
2876 -0.009712408790811356 -0.009873988946946768 0
2877 -0.01121051405682837 -0.01003421127896473 0
2878 -0.01050509467626313 -0.009401370849412973 0
2879 -0.01090598453328596 -0.008589160532891521 0
2880 -0.009889822908691302 -0.008853056062365592 0
2881 -0.01055584256021372 -0.007528140513542556 0
2882 -0.01334188841944864 -0.009743291448582506 0
2883 -0.01415851698401183 -0.0100799260368962 0
2884 -0.01343110487691829 -0.01097463861286147 0
2885 -0.01244288757303471 -0.0111451115509153 0
2886 -0.01272410435649507 -0.01046182702251509 0
2887 -0.01111806596472992 -0.01091340975638001 0
2888 -0.01189182369867216 -0.0106659723400966 0
2889 -0.0113501771947523 -0.009301526660474345 0
2890 -0.01214912726779811 -0.00980251180361217 0
2891 -0.01282886267794614 -0.008939311510425138 0
2892 -0.01181952853300478 -0.008564702607440281 0
2893 -0.01164431756323389 -0.007512874277892049 0
2894 -0.0112787673721438 -0.008043401198959922 0
2895 -0.01243314763448077 -0.00786310376102581 0
2896 -0.01376380945329666 -0.007576112551107491 0
2897 -0.01334195948780503 -0.008178737963863033 0
2898 -0.01381945389145576 -0.009022900708521044 0
2899 -0.01468692454286633 -0.009285311947874002 0
2900 -0.01432112221390712 -0.008224711369543343 0
2901 -0.01363139253797496 -0.005638259885488632 0
2902 -0.01330543251637871 -0.006296538392931546 0
2903 -0.01436266014557535 -0.006006808936086024 0
2904 -0.01408463373800723 -0.006764984673641302 0
2905 -0.01303240918912128 -0.007214260469426946 0
2906 -0.01216513923194185 -0.006719918554670014 0
2907 -0.01132224218894527 -0.006317348969306638 0
2908 -0.01249881795611171 -0.005980484959485602 0
2909 -0.01288993284409557 -0.005306882567787909 0
2910 -0.01186773355190079 -0.005430074744440391 0
2911 -0.01143386664347153 -0.003941204000592178 0
2912 -0.01227700836567542 -0.004210542104838236 0
2913 -0.01319076125428066 -0.004257307878816953 0
2914 -0.01397195901168772 -0.004896904520383173 0
2915 -0.01480007342539289 -0.005101072155930382 0
2916 -0.0140365241648275 -0.004063776337238241 0
2917 -0.0147535212992635 -0.0003263838287354054 0
2918 -0.01384940673902111 -0.0003065191614812489 0
2919 -0.01296187832719319 -0.0002866951952269124 0
2920 -0.0137688402358749 -0.001528707204698757 0
2921 -0.01463283431215994 -0.00174015172276829 0
2922 -0.01472520592659126 -0.0009785838258725083 0
2923 -0.01433592092970098 -0.003332020269541252 0
2924 -0.01467535030145932 -0.002593529309683617 0
2925 -0.01351105124249268 -0.003358445009320483 0
2926 -0.01363738306426881 -0.002438783365639662 0
2927 -0.01116405562442374 -0.0003265877935946749 0
2928 -0.01200485803894588 -0.000279465704214088 0
2929 -0.01288229030680366 -0.00136931387103676 0
2930 -0.01124515690535938 -0.001124152259754101 0
2931 -0.01201329993984357 -0.001234120332543258 0
2932 -0.01190566207460757 -0.002127672706277673 0
2933 -0.01281526394561206 -0.002238144060190559 0
2934 -0.01269625737114292 -0.003090021260018986 0
2935 -0.01180229819866573 -0.003100557135542803 0
2936 -0.008465450660026637 -0.006037957062323177 0
2937 -0.007709355182787994 -0.00565654244464567 0
2938 -0.007696938530572685 -0.006939729503984932 0
2939 -0.009149631613249531 -0.006525254539526706 0
2940 -0.00984625749898641 -0.007022038083285624 0
2941 -0.01051561685187448 -0.00595268292915553 0
2942 -0.009614827311019671 -0.005781192174822791 0
2943 -0.01010859406329559 -0.004886873397665319 0
2944 -0.01097882260238109 -0.00503179415486313 0
2945 -0.009511723229108433 -0.004156098153282024 0
2946 -0.008185455819345386 -0.004930577006828061 0
2947 -0.009083618888528483 -0.005035853297169083 0
2948 -0.008605897209579919 -0.004070029388191131 0
2949 -0.007886997889739539 -0.003594301071046093 0
2950 -0.007653037872944695 -0.004270276090511006 0
2951 -0.007654248453367996 -0.002457400902997981 0
2952 -0.00830434793585484 -0.002950178841093947 0
2953 -0.008488874375881932 -0.002324296350468585 0
2954 -0.009027801899687417 -0.003171230966790333 0
2955 -0.01051590288965497 -0.003747724472737403 0
2956 -0.009830648137806708 -0.003388960408590497 0
2957 -0.01010849598610101 -0.002690533854212035 0
2958 -0.009292137364438577 -0.002431495033898434 0
2959 -0.01092495736859411 -0.00276041014964003 0
2960 -0.0110871667987538 -0.001837750702435933 0
2961 -0.01033483931322197 -0.001147715850469383 0
2962 -0.01022146775981044 -0.001925010874384347 0
2963 -0.01039537239258425 -0.0002292535325542358 0
2964 -0.009515197002577726 -0.001056325479052391 0
2965 -0.009469924237413264 -0.001666953548045072 0
2966 -0.009570937153268974 -0.0002107179349342843 0
2967 -0.007968722460323518 -0.001429512800108957 0
2968 -0.008827589142622978 -0.001616089028038903 0
2969 -0.008710591397641874 -0.0009663246243715583 0
2970 -0.008721711437032037 -0.0001546756879821115 0
2971 -0.007941672625221819 -0.0005732591985002171 0
2972 -0.002634558632434798 -0.0047200144348994 0
2973 -0.002199639467812691 -0.005192011716382325 0
2974 -0.002830098010423095 -0.004019213419524076 0
2975 -0.003274811232637159 -0.004608522726436825 0
2976 -0.00237108252012565 -0.0042588109919117 0
2977 -0.001932082650647027 -0.004515968482813577 0
2978 -0.001146149182207257 -0.004129303428563315 0
2979 -0.0004420429001651102 -0.004267290862021513 0
2980 -0.0002930917729527829 -0.004986198668262959 0
2981 -0.0008643924342239401 -0.004856159056211349 0
2982 -0.001439658060639768 -0.004889183255792876 0
2983 -0.001643495622520219 -0.005560594635128879 0
2984 -0.001791485516014683 -0.006210669299565099 0
2985 -0.0009078751563642114 -0.006249614112487864 0
2986 -0.0009178675973263314 -0.005375174508126086 0
2987 -0.0003764770267660747 -0.005738090032882101 0
2988 -0.0001414012746455286 -0.006420707771591702 0
2989 -0.0001931531850319896 -0.007103072501862034 0
2990 -0.001112986839411637 -0.007027823594855249 0
2991 -0.002478561232193643 -0.00595442996760041 0
2992 -0.002038169482852722 -0.006893914935610675 0
2993 -0.003134872218956723 -0.005554549779186031 0
2994 -0.003507261448804307 -0.006266915021691345 0
2995 -0.00309169528075189 -0.007345003842100051 0
2996 -0.002788769012856527 -0.006625858637183188 0
2997 -0.004131243887363195 -0.005791013199792323 0
2998 -0.003894957447345728 -0.006919500216450915 0
2999 -0.004563090000974173 -0.006396616221170757 0
3000 -0.005288281496133956 -0.005929941088212512 0
3001 -0.005028757458964723 -0.007122371952625916 0
3002 -0.005845725701759853 -0.006529348179697637 0
3003 -0.006385552184169033 -0.007132752491689293 0
3004 -0.006529989659326211 -0.005844998085729693 0
3005 -0.006929667253929817 -0.006567808670613355 0
3006 -0.007113495505652179 -0.005057005544321575 0
3007 -0.00686551725993562 -0.00411883540271758 0
3008 -0.006390608367143234 -0.00459127750353504 0
3009 -0.005937722383396919 -0.005314883700159115 0
3010 -0.005793259616370322 -0.004207570212664557 0
3011 -0.006217047723008982 -0.003710402618616162 0
3012 -0.003726253973725477 -0.005168234394952833 0
3013 -0.004251712646664746 -0.004773919349100837 0
3014 -0.005356952853979398 -0.004793675903003536 0
3015 -0.004747456781903704 -0.005336691400428289 0
3016 -0.005249263105647782 -0.003801833293306064 0
3017 -0.004780347581027595 -0.004339368788678765 0
3018 -0.004286274700245059 -0.003844263145948628 0
3019 -0.003750135927722656 -0.004226947338383687 0
3020 -0.004302952043220357 -0.002134806598907069 0
3021 -0.004126380034141067 -0.002786400665277846 0
3022 -0.004710734435292953 -0.003150485036612821 0
3023 -0.004912103569682358 -0.002395082982394571 0
3024 -0.006495940655676513 -0.003079083363005831 0
3025 -0.007139721266179643 -0.003390491714357763 0
3026 -0.005743592104815434 -0.002782330858515146 0
3027 -0.006050081821059714 -0.002031297998855172 0
3028 -0.006792901585043071 -0.002283677351168122 0
3029 -0.007183994597578905 -0.001167344614290686 0
3030 -0.007218989289079243 -1.037405009690335e-05 0
3031 -0.006289686071929725 -0.001162950602651809 0
3032 -0.005582001290743191 -0.001000712287939748 0
3033 -0.005746380081447833 -0.0003978047573808088 0
3034 -0.006429729751351582 -0.0002586405914022053 0
3035 -0.00397578513747111 -0.00137732502301393 0
3036 -0.005329870548690401 -0.001815710518469888 0
3037 -0.004586131090509656 -0.00155681621252135 0
3038 -0.004970716294812098 -0.0003049706121852965 0
3039 -0.004879619910009737 -0.0009481466552946466 0
3040 -0.004168694308737335 -0.000711347884399989 0
3041 -0.002834270900069935 -0.003128601101636803 0
3042 -0.003282819248387962 -0.003723813878746119 0
3043 -0.003745701640308793 -0.003317500181365833 0
3044 -0.002049214846694026 -0.00367483270283855 0
3045 -0.00227214315335922 -0.002640298776599628 0
3046 -0.001865744527385852 -0.002083895152718888 0
3047 -0.002713286558788492 -0.002033470360471334 0
3048 -0.00357142721215772 -0.002275371992125378 0
3049 -0.00348796118042755 -0.0006789591467738526 0
3050 -0.003221889659808478 -0.001287205260939727 0
3051 -0.002070702457830189 -0.0003676739071584237 0
3052 -0.002747370974946192 -0.0004871039793913896 0
3053 -0.001990137132562142 -0.0009161712997105014 0
3054 -0.002199709338512535 -0.001588701612377441 0
3055 -0.002606590620379906 -0.001223392873832401 0
3056 -0.0003783959113117394 -0.003546979698682037 0
3057 -5.193171190031311e-05 -0.002889879582253159 0
3058 -0.001647905695205454 -0.003028972261690357 0
3059 -0.0009955344899799908 -0.003351320649980438 0
3060 -0.001367991322281548 -0.002440142737961709 0
3061 -0.0007931696908818337 -0.002682673880390968 0
3062 -0.0007144524500244547 -0.002036414032674918 0
3063 -8.170616211411695e-05 -0.00216484084518316 0
3064 -0.0004227720797594418 -0.001378394865471677 0
3065 -0.001029288673051702 -0.0009443445845043561 0
3066 -0.001386118533856283 -0.001602815427265061 0
3067 -0.001479292149919953 -0.0002946283889249527 0
3068 -0.000815710307126558 -0.0001901765021066952 0
3069 -0.0004148175574468061 -0.0006701326471972005 0
3070 0.01957083464716903 0.01999969315066374 0
3071 0.01997469525566303 0.01953708516220461 0
3072 0.01910975909614884 0.01953685939940634 0
3073 0.01867268849745083 0.01995487541931041 0
3074 0.01904861405278978 0.01863146361578011 0
3075 0.01863191327817147 0.01904818818163971 0
3076 0.01994995435309503 0.01866763458241551 0
3077 0.01948655192488025 0.01910289582442819 0
3078 0.02081807467239233 0.01867617000754234 0
3079 0.01771304395558462 0.02069293774771872 0
3080 0.01772884548503487 0.02165985585720373 0
3081 0.01686402258973759 0.02059936799159111 0
3082 0.01728570673604466 0.0211132846602871 0
3083 0.01690206079044929 0.02161063396524005 0
3084 0.01729684619787912 0.02206541770291261 0
3085 0.0149517283169573 0.02197993749086483 0
3086 0.01550223307333137 0.02173931357992451 0
3087 0.01584847454150814 0.02121575713563828 0
3088 0.0162153857344751 0.0217062980835346 0
3089 0.01641506439977899 0.02098887487207808 0
3090 0.01598631570090503 0.02044071173467025 0
3091 0.01506618162138419 0.02112815876775614 0
3092 0.01544764292215863 0.02067896752100747 0
3093 0.01499063410889781 0.02006724327221985 0
3094 0.01554982884700812 0.01988243228892641 0
3095 0.01510533218182136 0.01931404336669613 0
3096 0.01552879370298193 0.01897514491935417 0
3097 0.01598446457325495 0.01952367963815158 0
3098 0.01643204067587737 0.02007126045841475 0
3099 0.01625321392280226 0.01898612256801653 0
3100 0.01586065057297063 0.01843504993669688 0
3101 0.01780673736464601 0.01989406842238389 0
3102 0.01809372782237319 0.01933626096666601 0
3103 0.01826341049318203 0.02040373007360299 0
3104 0.01724501133055113 0.02014469233365478 0
3105 0.01667592534018715 0.01947817768536106 0
3106 0.017306713473688 0.0193356293871737 0
3107 0.01683410806494923 0.01880768172675501 0
3108 0.01812496809230417 0.0185347801781214 0
3109 0.01763444803555527 0.01884576337932161 0
3110 0.01790331613521158 0.01675289201638099 0
3111 0.01838333264972648 0.01720205433834683 0
3112 0.01804451513783069 0.01764929478474948 0
3113 0.01764963128178444 0.01804427956268994 0
3114 0.01753834569538054 0.01712575769325961 0
3115 0.01731043199240463 0.01769261306826971 0
3116 0.01713388125117785 0.01830899152307722 0
3117 0.01665825370408433 0.01779947630851409 0
3118 0.01530548711273942 0.01822148098332753 0
3119 0.01598136617633008 0.01778906944986243 0
3120 0.01645357894871906 0.01835439858548702 0
3121 0.01660500405876303 0.01704911447527035 0
3122 0.01545314376549812 0.01721412502896202 0
3123 0.01494166763623122 0.01664784286883659 0
3124 0.01557527410632201 0.01592377107648915 0
3125 0.01549260473996208 0.01492741385530895 0
3126 0.01496461452626882 0.01533745364537193 0
3127 0.01610795953987827 0.01646848819622157 0
3128 0.01664285811293704 0.0159319624018601 0
3129 0.01607990559187258 0.0154341416193712 0
3130 0.01659724792252265 0.01485602349609814 0
3131 0.01835464021455169 0.01642902840473873 0
3132 0.01791565354228101 0.01603618799738992 0
3133 0.0172949934986048 0.01637667531780101 0
3134 0.01724716761577813 0.01543207090321707 0
3135 0.0181955542478601 0.01539838403216005 0
3136 0.01876288642138734 0.01755722195873134 0
3137 0.01858418159454418 0.01817770598739345 0
3138 0.01940383841443611 0.01815694838147575 0
3139 0.02036321500139283 0.018226761757517 0
3140 0.01989435194904328 0.01780711335245257 0
3141 0.01952919487726157 0.01671704963920765 0
3142 0.02003712544718774 0.01715205838380879 0
3143 0.01889018388192212 0.01690820132752827 0
3144 0.01941959683187303 0.01738309884053406 0
3145 0.01897529017935912 0.01552842753203786 0
3146 0.01949852351138897 0.01524937189157475 0
3147 0.01858902460837355 0.01595058128229817 0
3148 0.01903475299337915 0.0162990188964468 0
3149 0.02017785385269804 0.01507377848544787 0
3150 0.01998679361134671 0.01563147543368774 0
3151 0.01951777016056436 0.01597660820571596 0
3152 0.02002201465991652 0.01638978557920582 0
3153 0.02160429969020278 0.01768033637446225 0
3154 0.02074689896889586 0.01772913238153846 0
3155 0.021269660721525 0.01823691939420061 0
3156 0.02113596023999913 0.01725575985688111 0
3157 0.02059063934010256 0.01684770166073109 0
3158 0.02152714601480455 0.01683617905533381 0
3159 0.02205774318919007 0.01729329286273104 0
3160 0.0212103677218326 0.01584477957027566 0
3161 0.02168294862131852 0.01619788146969054 0
3162 0.02109795151027081 0.01649478387951996 0
3163 0.02053018012516183 0.01605614696283726 0
3164 0.02112787936680318 0.01506648913593688 0
3165 0.02065210226392888 0.01542856864791063 0
3166 0.02189049732003358 0.01489109436799053 0
3167 0.02176498820775832 0.01551998602059617 0
3168 0.02293094463960212 0.01486767883247858 0
3169 0.0225428535018835 0.01533492868094889 0
3170 0.02230318394369027 0.01590424466534499 0
3171 0.02284615604902344 0.01625118393924919 0
3172 0.02310377029521146 0.01571507403869249 0
3173 0.01529962902007134 0.0224911659984143 0
3174 0.0149424767282252 0.02304021876673777 0
3175 0.01593342132166396 0.02234383524465563 0
3176 0.01675739021908734 0.02243213438990369 0
3177 0.01377806063714704 0.02346300223866535 0
3178 0.01300667877980811 0.02331541317799901 0
3179 0.01331414771718964 0.02386648824420086 0
3180 0.01435028976687841 0.02325060001080848 0
3181 0.01475696487590366 0.02383909937033033 0
3182 0.01397763525320677 0.02265025404588085 0
3183 0.01452469499678709 0.02240257163136363 0
3184 0.01301738790018222 0.02216744146027973 0
3185 0.01334235126414263 0.02272307307709296 0
3186 0.0120243309224753 0.02272154307029749 0
3187 0.01269181865154028 0.02275357148168506 0
3188 0.0112969932318864 0.02253272294049514 0
3189 0.01173658571481244 0.02217720757877555 0
3190 0.01118015803171163 0.02359599075594701 0
3191 0.01162422713238662 0.02318907521161763 0
3192 0.01192704233202786 0.0238904238579862 0
3193 0.0123428406128527 0.02333751398807299 0
3194 0.01278294585887804 0.02415505712885258 0
3195 0.01224556840082633 0.02443199479565572 0
3196 0.01138759217261365 0.02418774317796338 0
3197 0.01174134351831428 0.02472197987767293 0
3198 0.01112834870399538 0.02489981461828085 0
3199 0.01363605222668503 0.02443038807822957 0
3200 0.01405340213257477 0.02391936681711402 0
3201 0.008751748349395138 0.02366615226402693 0
3202 0.008298981166623115 0.02407924415425518 0
3203 0.007631101553304541 0.02384061391594555 0
3204 0.007414363270671524 0.02316590754929312 0
3205 0.007988775948927893 0.02318159629620565 0
3206 0.007749509861630211 0.02248695531196552 0
3207 0.008499576937991259 0.02299908910987362 0
3208 0.008456962627444149 0.02224322447098825 0
3209 0.009006460762699394 0.02280511506669724 0
3210 0.009942917698106414 0.02224389623040604 0
3211 0.009508261949240447 0.02260073347621546 0
3212 0.0109149197860068 0.02303485457284131 0
3213 0.01020702716038301 0.0228322664585227 0
3214 0.01050440072224181 0.02349562319003754 0
3215 0.009180955914631273 0.02324541076491737 0
3216 0.009832520272840595 0.02337143771106355 0
3217 0.01010408699100998 0.02401747606456438 0
3218 0.009441983448456389 0.0239039861043249 0
3219 0.009762371556558444 0.02471937313780969 0
3220 0.01084730070637589 0.0242737064400441 0
3221 0.01037382016584141 0.02465880166000784 0
3222 0.01068321902665505 0.02523090263114014 0
3223 0.01085827310257864 0.02580907766929751 0
3224 0.01006779071991772 0.02535725298494547 0
3225 0.009480018116661104 0.02561457626777896 0
3226 0.008991028942293996 0.02431599542445686 0
3227 0.008498103822052547 0.02465871739127397 0
3228 0.009236496978107059 0.02499339354905119 0
3229 0.008710536156445041 0.02527434940898405 0
3230 0.008923860168184956 0.0258940483271406 0
3231 0.00784521639829884 0.02450731598552244 0
3232 0.008050620862973205 0.02515060992485019 0
3233 0.007571751482636653 0.02559655175170063 0
3234 0.00825733491506998 0.02579828735331613 0
3235 0.007766794277999437 0.02625597212335974 0
3236 0.008462263128127784 0.02644153648925514 0
3237 0.01028479667436504 0.02604290951613664 0
3238 0.0005842759855425842 0.02663001066368524 0
3239 3.206237642831145e-07 0.02658094338298118 0
3240 8.816003131979742e-07 0.02576647508419944 0
3241 0.000568110631249852 0.02589197870109689 0
3242 0.001140527113394467 0.02590589035749923 0
3243 0.001777859730597858 0.02674454108225649 0
3244 0.001178835648752325 0.02661928157132087 0
3245 0.001816918174076623 0.02733204518826919 0
3246 0.00123880911677764 0.02727501304745625 0
3247 0.0006045713040348326 0.02732207723495775 0
3248 9.862592255578195e-07 0.02707814069787123 0
3249 0.001238653921860179 0.02797265586508805 0
3250 0.000619374682971128 0.02798688116249679 0
3251 0.00295903457261917 0.02663967162741877 0
3252 0.003506214813069632 0.02626090289987126 0
3253 0.002343316811957244 0.0264089914329702 0
3254 0.00241551760008501 0.02722190726019737 0
3255 0.00361715045970199 0.02708844380304215 0
3256 0.00306830765720274 0.02721461105637024 0
3257 0.001826622779949819 0.02797730751840239 0
3258 0.003091091733148654 0.02782897292762133 0
3259 0.004319181668842846 0.02766504541421956 0
3260 0.004215646197711809 0.02700181963124602 0
3261 0.004106573027085264 0.02631464190783143 0
3262 0.005527626754800817 0.02739219643043488 0
3263 0.004821434832345309 0.02695540866908253 0
3264 0.005388831364598784 0.02670508109895154 0
3265 0.004728712807459714 0.02644000904746589 0
3266 0.005248323063755515 0.02601044965390364 0
3267 0.006733575126781617 0.02712097297874976 0
3268 0.005997172433669306 0.02666287116721135 0
3269 0.00585818760054431 0.02604393138208505 0
3270 0.007170526728512585 0.02637155391566567 0
3271 0.006564638675475627 0.02644039324482563 0
3272 0.006982912487164882 0.0256988399154824 0
3273 0.00680011325252655 0.02503143454939541 0
3274 0.006389170533818111 0.02573735479028904 0
3275 0.005705543028814576 0.02536639038183837 0
3276 0.006220773536822153 0.02505768819086718 0
3277 0.006036036674483058 0.02431086274144429 0
3278 0.006600971516353701 0.02429617704247039 0
3279 0.007361149836787863 0.02488388385914928 0
3280 0.007174269697948265 0.02425572081732204 0
3281 0.006708203246696154 0.0228904304296452 0
3282 0.006965318921303659 0.02355735369833495 0
3283 0.005840170076815867 0.02229672178893763 0
3284 0.006022026131217162 0.02316976045680582 0
3285 0.005818449075512314 0.0236535030737687 0
3286 0.006379924689788641 0.02365031838704525 0
3287 0.003995362877573076 0.02561427087466459 0
3288 0.004609398238278909 0.02577709342444401 0
3289 0.005102237100394106 0.02528755732706455 0
3290 0.005539104517468437 0.02462574209480719 0
3291 0.004954399370897263 0.02455151150038561 0
3292 0.00444443702898743 0.02484679898979419 0
3293 0.004317448807884902 0.02413653687151456 0
3294 0.003885793602599483 0.02492716885338602 0
3295 0.003782263007200605 0.02422578475085563 0
3296 0.004253400593013951 0.02357323213380293 0
3297 0.005380894144534163 0.02392177338614151 0
3298 0.004832288371704494 0.02392235485513072 0
3299 0.005175237106870964 0.02320934443723277 0
3300 0.005055646980253823 0.02247492173922353 0
3301 0.004154751964182118 0.02285291815187857 0
3302 0.001641856797124605 0.02469893365220477 0
3303 0.00108475728701082 0.02449517004465681 0
3304 5.575461426113824e-07 0.02451627311527799 0
3305 0.0005428306918418942 0.02451278863673127 0
3306 4.944821133007953e-07 0.02504152773394148 0
3307 0.0005522839286803601 0.02515400570260654 0
3308 0.001110278337462316 0.02522190744325124 0
3309 0.001682076844419356 0.02532116190236817 0
3310 0.001736016959343399 0.02614125193899314 0
3311 0.002212966287174063 0.02495778549462721 0
3312 0.002270904595217854 0.02561779116742687 0
3313 0.003415139845314019 0.02558262603581946 0
3314 0.002880172990080666 0.02593277133504053 0
3315 0.002786427302306081 0.02508664484673663 0
3316 0.003314207667470112 0.02482614346927159 0
3317 0.003176092836724416 0.02412111963803775 0
3318 0.002706811311630336 0.02436948157529779 0
3319 0.002152994315918904 0.02427955080785879 0
3320 0.002625741883188943 0.02363921828726279 0
3321 0.003549779867162151 0.0235371952042959 0
3322 0.003306428918662881 0.02281089826393772 0
3323 0.002543072828721615 0.02289567830390583 0
3324 0.001585625188952632 0.02385842335534723 0
3325 0.001536590166727089 0.02311441110737573 0
3326 0.00148627550226995 0.02235700665387786 0
3327 0.0005265823360392933 0.02377812747671546 0
3328 0.000492909955535633 0.02226838641736714 0
3329 0.0005100455872917789 0.02303012573491365 0
3330 0.001373860076133597 0.0206633771586578 0
3331 0.0004896576552386546 0.02061262696679738 0
3332 0.000512405743813357 0.02140229378781576 0
3333 0.001438223887185373 0.02157806202365756 0
3334 0.002426632350314024 0.02208356832148787 0
3335 0.002321670623256135 0.02127832909475037 0
3336 0.003158726562600049 0.02206358768075559 0
3337 0.0030081929409387 0.02130241249937179 0
3338 0.002827567305907175 0.02048760007021776 0
3339 0.00364666389294532 0.02038563334688461 0
3340 0.002144446221529497 0.02049676908410162 0
3341 0.002197581556198549 0.0197829652608588 0
3342 0.00350001185294002 0.01968521788206548 0
3343 0.003325324113320079 0.01889189912531986 0
3344 0.002403679731839769 0.01876500751730095 0
3345 0.001319935395493492 0.0199417376550081 0
3346 0.001429963986185989 0.01911709767952115 0
3347 0.0006275593492837933 0.01978106360092341 0
3348 0.0004222345712045073 0.01907988983325818 0
3349 0.0003042888363046131 0.01553645471070564 0
3350 0.001756995359930949 0.01544173053129213 0
3351 0.001050948193599324 0.01579402047378046 0
3352 0.001872151739446089 0.01627541892677755 0
3353 0.001111940932380524 0.0166415560113304 0
3354 0.0003012276989025585 0.01639040153339916 0
3355 0.0004039114092399209 0.01824606840457739 0
3356 0.0003137803513383849 0.01724104792215558 0
3357 0.00121108372684806 0.01821128201268761 0
3358 0.001156937214160693 0.01743297610671864 0
3359 0.003451654601036525 0.01515334845394068 0
3360 0.002737966490257112 0.01549398413668908 0
3361 0.00291251545420533 0.01627946811428544 0
3362 0.003791824104313717 0.01598372831521774 0
3363 0.003064938931006937 0.01713067342383938 0
3364 0.002192495985341766 0.01712382551677629 0
3365 0.00193471907188239 0.01810280365285946 0
3366 0.003113509385193626 0.01801576600942673 0
3367 0.006123453023836085 0.02060566279665327 0
3368 0.007195111679073296 0.0210682130961008 0
3369 0.006628291562047362 0.02206226377087026 0
3370 0.005660178707238495 0.02161963829965709 0
3371 0.006396297932345814 0.02133438816550288 0
3372 0.004888766229622687 0.02173157195356613 0
3373 0.004019505580364903 0.022109701943832 0
3374 0.003872211884147338 0.02135228833191677 0
3375 0.00471881265038823 0.02097469374547731 0
3376 0.005479137260526215 0.02093334127675305 0
3377 0.005298175827800158 0.02030735317768978 0
3378 0.004503557057300161 0.02013205103532963 0
3379 0.004095568110647506 0.01858423627445999 0
3380 0.004314443550824412 0.01932939332956473 0
3381 0.00507959002295842 0.01953171563786273 0
3382 0.005874866119210146 0.01985843219033196 0
3383 0.005646744634305032 0.01908708024574333 0
3384 0.007005141504905516 0.02032583269096477 0
3385 0.006747685832500665 0.01957901753459527 0
3386 0.00715295100314504 0.0186858709120941 0
3387 0.006394676459016436 0.0187897628863897 0
3388 0.007077833015845513 0.01682346662086134 0
3389 0.007227096398744456 0.01756698027448664 0
3390 0.006180784081658775 0.01727157354759564 0
3391 0.006218762069646762 0.01804416549392697 0
3392 0.004007168110021285 0.01780629700463304 0
3393 0.00483975294831061 0.01847598384851692 0
3394 0.005502280111423588 0.01833017555300846 0
3395 0.005336510243590943 0.01758125779908155 0
3396 0.004662601107974821 0.01675131149493895 0
3397 0.003820831808185482 0.01697776729791977 0
3398 0.004437023737714469 0.01519315803071414 0
3399 0.004761855095214429 0.01596190678220582 0
3400 0.005540029713181432 0.01550058039257405 0
3401 0.006586275531741294 0.01599411927705259 0
3402 0.005670179335696541 0.01645287010674068 0
3403 0.006413273000592826 0.01524362119268888 0
3404 0.007323889376567171 0.01494987721913036 0
3405 0.01261130067011427 0.02027883913997619 0
3406 0.01193021082623046 0.01961671458689217 0
3407 0.01117330004865013 0.02009389029448134 0
3408 0.01170193557948968 0.01895338433580674 0
3409 0.01230075524810579 0.01858656875401974 0
3410 0.01275414255093421 0.0191988537886796 0
3411 0.0139367981123389 0.01948215938931094 0
3412 0.01349533200171753 0.0188381662066486 0
3413 0.01465257850846019 0.01873538457779514 0
3414 0.01460987227541736 0.01954985092296144 0
3415 0.01432677496120549 0.02008413963973383 0
3416 0.01332124764143191 0.01977411033971884 0
3417 0.01380776989975309 0.02021378231852206 0
3418 0.01336149344757374 0.02056209323215967 0
3419 0.01373178576956722 0.02117886205672029 0
3420 0.01473742156374316 0.02066751427773248 0
3421 0.01409341373737526 0.02069368586304762 0
3422 0.01454217369108445 0.02137598897632959 0
3423 0.01411725894986087 0.02177343174080971 0
3424 0.01356835371079142 0.02213612069231386 0
3425 0.01325980489495946 0.02147757508720988 0
3426 0.01241549953857538 0.02114290964881469 0
3427 0.0129851204402263 0.02100927356895196 0
3428 0.01229693143451573 0.02204303922828922 0
3429 0.01268981768771933 0.02160588833879171 0
3430 0.01158747327136933 0.02077118553847263 0
3431 0.01143625823363819 0.02154263294012217 0
3432 0.01194540038232661 0.02141286265695155 0
3433 0.01055240772191147 0.02049181807116716 0
3434 0.01086030555882291 0.02117390913740699 0
3435 0.01049865981898668 0.02215808013252996 0
3436 0.01100213748837518 0.02184644680336146 0
3437 0.009784379604436174 0.0208424305315185 0
3438 0.01007763424922999 0.02159239521947964 0
3439 0.007442059565448449 0.02178776563372269 0
3440 0.008226183730149862 0.02153154898690844 0
3441 0.009181424948060003 0.02200369632503651 0
3442 0.008983172715622724 0.02121805224333653 0
3443 0.008679997449217186 0.02047905660432421 0
3444 0.007973599070009432 0.02078183957834509 0
3445 0.007751987341088013 0.0200683338484358 0
3446 0.007486381121190244 0.01946549353032087 0
3447 0.008026582020311581 0.01902276334233247 0
3448 0.008336964068215951 0.0197120032358977 0
3449 0.00884481310853606 0.01871033892313914 0
3450 0.009205603026384202 0.01942850220476518 0
3451 0.01023051377462865 0.01979311526177971 0
3452 0.01088016319003584 0.0193947336607535 0
3453 0.009537741927811471 0.02012948666793088 0
3454 0.00991956378768866 0.01909034137949327 0
3455 0.01046412098228931 0.01869793142632805 0
3456 0.01041073642988634 0.01702999500848242 0
3457 0.01080182488774637 0.01765880321387051 0
3458 0.009735504702829773 0.01729405797484804 0
3459 0.009298401031238803 0.01666732845222309 0
3460 0.01004366318012222 0.01787506948039192 0
3461 0.009569801803759008 0.01843909527976549 0
3462 0.007770634896965821 0.01822215759518443 0
3463 0.009185069694167625 0.01767596590558796 0
3464 0.008490861021259654 0.0180367639921546 0
3465 0.008261900747243372 0.01738783385819277 0
3466 0.007927103132575436 0.01659157899119174 0
3467 0.00752842303762118 0.01581984460242762 0
3468 0.008892208272037367 0.01593889717969597 0
3469 0.008373028975517269 0.0150992676723734 0
3470 0.01096217475027596 0.0166325747133356 0
3471 0.01023897387101408 0.01622210307418856 0
3472 0.009711992309883018 0.01544436384159161 0
3473 0.01105969120099307 0.01563135592838554 0
3474 0.01059675027911241 0.01486069942759432 0
3475 0.01183909519545784 0.01796332659606734 0
3476 0.01123700856113788 0.01831137735212589 0
3477 0.01304737696120687 0.0182214729988874 0
3478 0.01251172823284071 0.01763110104451853 0
3479 0.01204872802507663 0.01684894671560115 0
3480 0.01144689593787756 0.01735692652650545 0
3481 0.01179405206401469 0.01498709589207366 0
3482 0.01165054128786145 0.01613677429259846 0
3483 0.01280847881710295 0.01533671477087547 0
3484 0.01225274350669877 0.0156933162204014 0
3485 0.01264758794765821 0.01622881724943637 0
3486 0.01479643494730482 0.01767325115381516 0
3487 0.0141916590848559 0.01814602929013233 0
3488 0.01372227928080246 0.01754599654979249 0
3489 0.01306096023134825 0.01683147209956934 0
3490 0.01429008963013089 0.01709648893532053 0
3491 0.01434626988359327 0.01604866505157939 0
3492 0.01328662200119614 0.01597328706337797 0
3493 0.01374772163426342 0.01658614833844327 0
3494 0.01337518414291104 0.01482171895860063 0
3495 0.01387697123479122 0.01538702325788327 0
3496 0.0138764933519886 0.008996674322945519 0
3497 0.0130626901000345 0.008420596179681083 0
3498 0.01444239571174783 0.008057192813890801 0
3499 0.01367340150132601 0.007628401053001369 0
3500 0.01221016444285594 0.007909969097606108 0
3501 0.01136163368037153 0.008022256711680349 0
3502 0.01201836707804397 0.008570051312056379 0
3503 0.01156702255166911 0.009159705495488533 0
3504 0.01296375821060698 0.009237204759116576 0
3505 0.01225702458098305 0.00962676899435878 0
3506 0.01166671626552616 0.01044262310850667 0
3507 0.01232272282680171 0.01102993057393025 0
3508 0.01355941957867633 0.009669263117117684 0
3509 0.01292456638484564 0.01016362869441505 0
3510 0.01359085653008416 0.01069001000339461 0
3511 0.01467592838585202 0.009345188902177571 0
3512 0.01422806641695376 0.01014137895894539 0
3513 0.01382226774179709 0.01424142334411984 0
3514 0.01429299379341905 0.01470467897575768 0
3515 0.01334531899822705 0.01364385262039996 0
3516 0.01434477657600276 0.01382170051655243 0
3517 0.01425646983304766 0.01121383223746425 0
3518 0.01435786329066098 0.012851605018179 0
3519 0.01296706091345056 0.01160662552191084 0
3520 0.01369527453551363 0.01226519243217297 0
3521 0.01124375072548489 0.01437723963894735 0
3522 0.01284139724600776 0.01437640698100142 0
3523 0.0127622431467583 0.01304756187606602 0
3524 0.01223907058421326 0.01381414118244794 0
3525 0.01147891158561674 0.0132481729859091 0
3526 0.01216858395216814 0.01244038168521019 0
3527 0.01152916875426913 0.01174229854066515 0
3528 0.007497677273747092 0.008376377764123553 0
3529 0.008068055619451139 0.009014068664965421 0
3530 0.009014192951441694 0.008068070053881637 0
3531 0.008364974731613642 0.007487304516319551 0
3532 0.01078288769375038 0.007401209209973518 0
3533 0.01091752044465846 0.008578936876821651 0
3534 0.01032855845869349 0.009243689721557655 0
3535 0.009896481012685051 0.008554643864454413 0
3536 0.009733934088653348 0.009902517792428843 0
3537 0.01099889546321813 0.009844376040031516 0
3538 0.01038147254079193 0.01048447910822394 0
3539 0.009844664535545875 0.01099848656410341 0
3540 0.008866101388862459 0.009620122313743255 0
3541 0.009256029360784566 0.01035958562342226 0
3542 0.008622082305708817 0.01091889440362123 0
3543 0.007906111852620549 0.01028670836904618 0
3544 0.007753891765352518 0.01255996954100059 0
3545 0.00798696420682095 0.01132209377038533 0
3546 0.009090225518219209 0.01274845470809761 0
3547 0.008492584069181155 0.01206480186904764 0
3548 0.009105000236202636 0.01167562868090852 0
3549 0.01091252428839824 0.011106793684298 0
3550 0.01044262854539895 0.01166662593901869 0
3551 0.009669729674462712 0.01230801982644299 0
3552 0.01109702568979574 0.01237484140143038 0
3553 0.01072062179003764 0.01370831097431531 0
3554 0.01034820382390281 0.01290865621360118 0
3555 0.009601604213404152 0.01346522143651313 0
3556 0.01012075051536706 0.01424081016994863 0
3557 0.007535944726512396 0.01359210372434393 0
3558 0.008224885650832316 0.01332294787164942 0
3559 0.009231194100864582 0.01471010843604642 0
3560 0.008715076917162428 0.01403294795438495 0
3561 0.007968177362947235 0.01435062675960643 0
3562 0.000268945803195354 0.01115921192564884 0
3563 0.001242138780858748 0.01117240657475585 0
3564 0.001295034919694185 0.012020118885907 0
3565 0.001341610919008137 0.0128828041558535 0
3566 0.0002886766641303016 0.01201030194411957 0
3567 0.0001949822290801999 0.01464462579095339 0
3568 0.0003053519840081547 0.01287925354179108 0
3569 0.0003816679652720114 0.01375963241570919 0
3570 0.0009804925065399497 0.01472775393789119 0
3571 0.001748237487569772 0.01454362730495912 0
3572 0.001530519910468071 0.0137713507511202 0
3573 0.003431152685037224 0.01160050414542721 0
3574 0.002363278773321956 0.01192809861407258 0
3575 0.002327706738491769 0.01286349194142977 0
3576 0.003543256329722151 0.01241540717805801 0
3577 0.003151793982612701 0.01359211996390836 0
3578 0.002378244958598562 0.01372029935919468 0
3579 0.002599088495699441 0.01453020740629626 0
3580 0.003347312317418356 0.01435757404702258 0
3581 0.006871820438219856 0.0142697745445565 0
3582 0.006453014103249631 0.01334496269609504 0
3583 0.005642387774712706 0.0135001410620059 0
3584 0.005949940352629272 0.0144023585091653 0
3585 0.004108176517447274 0.01424639528717563 0
3586 0.005067279396927716 0.01476543165396493 0
3587 0.004883658507725695 0.01389638191993085 0
3588 0.004980607015591782 0.01307913439135595 0
3589 0.004066192488025805 0.01326151760415945 0
3590 0.004589514456037052 0.0122635310354056 0
3591 0.00429921661972683 0.01143867334673736 0
3592 0.005591634845026891 0.01172216592472788 0
3593 0.007119508574579349 0.01290969055287405 0
3594 0.006706158454411973 0.01226916365930794 0
3595 0.005738391481395963 0.01264668518375808 0
3596 0.007315034712346905 0.01179650307632062 0
3597 0.006758044392542429 0.01105897223999323 0
3598 0.00593627945230992 0.01031290103752176 0
3599 0.005853868293727606 0.009579168686290893 0
3600 0.007022969293229055 0.009849984937972945 0
3601 0.00693789138983757 0.007750179776777454 0
3602 0.006525813937905583 0.009153612739816777 0
3603 0.005542942059867125 0.007766403583754673 0
3604 0.006291598249345891 0.008257090971376434 0
3605 0.004024275124881224 0.01060223114337353 0
3606 0.00522078883841836 0.01089654799965561 0
3607 0.004813699918781143 0.01015884528363314 0
3608 0.004523108107027113 0.009310546275148881 0
3609 0.0037746726046016 0.009822415173663798 0
3610 0.00407700756378028 0.008615481555360854 0
3611 0.005548754327611455 0.008774566459555398 0
3612 0.004777485049741849 0.008262491170568811 0
3613 0.003959170145563625 0.007810778605189823 0
3614 0.00460728115285078 0.007459173877143849 0
3615 0.001057973226506044 0.009518020176528787 0
3616 0.001787141184379521 0.009442896569035183 0
3617 0.0002438458849196955 0.009426885236158141 0
3618 0.0002851574764437301 0.01016112749806769 0
3619 0.001078771271314682 0.01028213969001598 0
3620 0.001831271156504697 0.01023917539605953 0
3621 0.001980482215674544 0.01112514368965675 0
3622 0.002988215235243218 0.01076284074213332 0
3623 0.002902236596167213 0.009911953175133627 0
3624 0.00242401316603511 0.008483505105118156 0
3625 0.002717526683096905 0.009183448959808696 0
3626 0.003527461517926266 0.009109053093575114 0
3627 0.003212709964788974 0.008261492618900022 0
3628 0.002186538999705953 0.007772098079769499 0
3629 0.000867244362798106 0.008702920541105365 0
3630 0.001598706301652998 0.008628709871200371 0
3631 0.001218801610088006 0.008030681556740841 0
3632 0.0002251551850599627 0.008714317356991073 0
3633 0.0002093132016708006 0.007961231871770712 0
3634 0.001132730618294404 0.006325712178009656 0
3635 0.001795874609497971 0.006122272474234279 0
3636 0.0008781017988424398 0.005654362678642761 0
3637 5.529790119856668e-06 0.005659001143212727 0
3638 0.0003768254133518707 0.006388600870403968 0
3639 0.0001311493808141737 0.007085797516910058 0
3640 0.001106261599256085 0.007171912116735332 0
3641 0.002162359018238069 0.006756351875555689 0
3642 0.003011762159575997 0.006492393068243852 0
3643 0.003195989658585178 0.007166419947988022 0
3644 0.00275085422607024 0.005807923371197288 0
3645 0.002378378676488884 0.005098262224871363 0
3646 0.002785419475925359 0.004047841367909756 0
3647 0.003132236143558808 0.004635746738598596 0
3648 0.002127223320098534 0.004407097897320118 0
3649 0.001615673379329805 0.005439598446930216 0
3650 0.001526734343915482 0.004749676676027962 0
3651 0.001136689330109184 0.004104857466380783 0
3652 0.001722588234416356 0.003746729299485275 0
3653 0.0008748340602429303 0.004857981180092541 0
3654 0.000120447784108931 0.004937515923983817 0
3655 0.00024350213720995 0.004220698281621727 0
3656 0.000459921596274007 0.0005718268244656325 0
3657 0.001190309325017082 0.0007687239466525378 0
3658 0.00125417021307862 0.001704419949000113 0
3659 0.001792858389374534 0.001278419122361036 0
3660 0.0005463085598183311 0.001226233209324116 0
3661 0.0004660247670758068 0.002745685501620468 0
3662 0.000341021931523726 0.003516958871457435 0
3663 0.0005238548322922151 0.001977633926682752 0
3664 0.001005321618820835 0.003352352516953584 0
3665 0.001504072822682938 0.003160203021462837 0
3666 0.001203855697466155 0.002580027586111062 0
3667 0.001640392739362836 0.002271126028786468 0
3668 0.003477724368122635 0.0003915278420402544 0
3669 0.002782289114406397 0.0003256048643929193 0
3670 0.002058132953640158 0.0005921226024946445 0
3671 0.002700091617770478 0.0008849393119418187 0
3672 0.002430714332021204 0.001394023362482904 0
3673 0.0033511095194371 0.001009994376888349 0
3674 0.003049308404379432 0.001718581371034202 0
3675 0.003673196065961112 0.002060760718207253 0
3676 0.002071387144338245 0.00188672590125713 0
3677 0.002524905981920807 0.002343936061235949 0
3678 0.002033152888949832 0.002848772158271218 0
3679 0.002429957047054384 0.00341704066970992 0
3680 0.00316218581163892 0.002800495259465761 0
3681 0.003683069287722404 0.003339064018383854 0
3682 0.003256309246688747 0.00369756703637953 0
3683 0.006533509103421882 0.005847106956838116 0
3684 0.007136285815701305 0.006387523797508301 0
3685 0.005847013631327965 0.006533436843880687 0
3686 0.006387069509565807 0.0071365101786616 0
3687 0.005125785173820325 0.007029311916654873 0
3688 0.004050055288911412 0.006981537338736528 0
3689 0.004499433735116163 0.006577863165110409 0
3690 0.004233017915851572 0.005810410224198774 0
3691 0.003690138505738644 0.006235249708118371 0
3692 0.005316867651433553 0.005941302538756684 0
3693 0.00479712978507277 0.005359276358473863 0
3694 0.005358786976780136 0.004797913611650714 0
3695 0.00373160070402501 0.005232045779703074 0
3696 0.004281337231692926 0.004839158077491324 0
3697 0.003784200005246965 0.004228689554031637 0
3698 0.004229019416317989 0.003783899463231914 0
3699 0.004787658016302368 0.004287391943481655 0
3700 0.005119066928264643 0.003650942542720147 0
3701 0.005900648831768269 0.005320843378114279 0
3702 0.005856308672161372 0.004176046714290656 0
3703 0.006467587708388419 0.004634088228554966 0
3704 0.007092019238808955 0.005098449858924742 0
3705 0.006911863280457877 0.003899741420742873 0
3706 0.006916811660116986 0.002102771467504766 0
3707 0.007327220601165453 0.003106903387679546 0
3708 0.006598473924278127 0.002814159627890352 0
3709 0.005922351080258645 0.002494643793097474 0
3710 0.006259968534407172 0.003515607510931809 0
3711 0.005571397813965122 0.003136244313634322 0
3712 0.004572100282413179 0.003193413413407753 0
3713 0.004018448399864201 0.002867214565908419 0
3714 0.004908460410238047 0.002758277475899105 0
3715 0.005186480776532438 0.002222892129003887 0
3716 0.004307642730726001 0.002411232598516481 0
3717 0.004546241735546502 0.001922675703308542 0
3718 0.004035390375622118 0.001205218170692455 0
3719 0.004228183697219401 0.000350907247137145 0
3720 0.004723630356381724 0.001310261311836342 0
3721 0.005526246794575518 0.001454894912840939 0
3722 0.004962709591623307 0.000535507444618355 0
3723 0.007149461895204406 0.00144237707735574 0
3724 0.006254296091707641 0.001831039180203494 0
3725 0.006381387285818422 0.0007171559283965692 0
3726 0.00564755641426795 0.0006491757530888359 0
3727 0.0072728629517617 0.0006144137168112154 0
3728 0.0127827270239292 0.005377019099892013 0
3729 0.01207553787898588 0.004931489558551316 0
3730 0.01115167659254598 0.004688375820987291 0
3731 0.01328722208783486 0.003931512489888337 0
3732 0.01415423885367931 0.004188149877152811 0
3733 0.01480266723286729 0.005102289493029508 0
3734 0.01395513099626324 0.004809780422996634 0
3735 0.01302372375389603 0.004742162610253614 0
3736 0.01333902765190034 0.006320013264608118 0
3737 0.01359209854725041 0.005661187453493561 0
3738 0.01443201840762639 0.006071678356589075 0
3739 0.01404244113653742 0.006760161519205659 0
3740 0.01253396778422685 0.005976181705163248 0
3741 0.01284498628583054 0.007136084072739352 0
3742 0.0121255500433577 0.006688144326745491 0
3743 0.01145346947958805 0.00622146441197023 0
3744 0.01179736215598698 0.007322283524085666 0
3745 0.01056467898465737 0.005893659393167364 0
3746 0.009849250804947923 0.007024371782117299 0
3747 0.007750560529427792 0.006937665858580475 0
3748 0.009080944933967976 0.006608861427387361 0
3749 0.008460118608765039 0.006027502979058549 0
3750 0.007965206585718811 0.005253743165464131 0
3751 0.007632720899438675 0.004247865845403804 0
3752 0.008448488218471988 0.004472113385009646 0
3753 0.009000757909643664 0.005062394870319915 0
3754 0.008784052057724805 0.003564307229271375 0
3755 0.009749946862957758 0.005501815488536971 0
3756 0.009504295163185787 0.004052943131492994 0
3757 0.01030892131953253 0.004373397121104998 0
3758 0.01088202098756381 0.002208692024125651 0
3759 0.01077947345481132 0.003190566486482864 0
3760 0.01014773318830687 0.002284072614532008 0
3761 0.009489576710611437 0.00190613399309794 0
3762 0.009984732686113549 0.003323924990295152 0
3763 0.008052402998692861 0.003369276135762701 0
3764 0.009183240304731237 0.002718645597862892 0
3765 0.008425465831240561 0.002632045126442496 0
3766 0.008691322758099749 0.001866484098210598 0
3767 0.007737962792656322 0.002283283692326213 0
3768 0.007929696847862351 0.001505876071919721 0
3769 0.007965594881001053 0.0007915098168553219 0
3770 0.008738399277116008 0.001006702856757987 0
3771 0.008758420591129395 0.0003907750273550236 0
3772 0.0103717752974698 0.001268064519656878 0
3773 0.009541540276520242 0.001156080314461181 0
3774 0.009566753018768356 0.0004296583061200211 0
3775 0.01039092503771541 0.0004794847087693968 0
3776 0.01159994805179377 0.003433313897430217 0
3777 0.01250147362090528 0.003892306694515578 0
3778 0.01266678242352533 0.00273751334332786 0
3779 0.01165848010224163 0.002504113281657143 0
3780 0.01123014787347853 0.0004994893849653013 0
3781 0.01123308177798864 0.001563592332940027 0
3782 0.01199108092964574 0.00144378402708446 0
3783 0.01295561434805307 0.0005747963890017379 0
3784 0.01215498199853471 0.0005443071588933555 0
3785 0.01301360514296846 0.00137434358724799 0
3786 0.0143628710177817 0.003373261836479949 0
3787 0.01356888157018124 0.003021111320310375 0
3788 0.01371274998242952 0.002175146390126994 0
3789 0.01450886921538782 0.002694309056986077 0
3790 0.0146188269227043 0.001923537450282813 0
3791 0.01384992908236926 0.001464504616195666 0
3792 0.0138525166911675 0.0005927435078504792 0
3793 0.01474584655883112 0.0006544086196895632 0
3794 0.01750428818667006 0.01248266746386353 0
3795 0.0181359178336172 0.01293295306784792 0
3796 0.01839278869323988 0.01111666872954172 0
3797 0.01796441314223755 0.0116800606125038 0
3798 0.01689733926365548 0.01201092784986888 0
3799 0.01731399600898876 0.01132810376083011 0
3800 0.01620627169897587 0.01155702786334878 0
3801 0.0149542226268238 0.01179419341608605 0
3802 0.01567432509253259 0.01216116053121149 0
3803 0.01534661859690644 0.01281076854068254 0
3804 0.01623782426620434 0.01262897866806719 0
3805 0.01654611549031668 0.01375000521149321 0
3806 0.01599237301292276 0.01331294760123054 0
3807 0.01538183369460623 0.01377147345936344 0
3808 0.01485024988594388 0.01330289838670122 0
3809 0.01496512614948631 0.0144067087829175 0
3810 0.01601930615606476 0.01433864288954891 0
3811 0.01685945244794197 0.01311200884035442 0
3812 0.01746345352862247 0.01358745400917072 0
3813 0.01711469335346339 0.01427801859745361 0
3814 0.01767300422480519 0.01479658173159687 0
3815 0.01806118455658318 0.01406181275097529 0
3816 0.01950054157015129 0.01390618354864169 0
3817 0.01885665222680293 0.01344112774937397 0
3818 0.01880047756113877 0.01463200331383087 0
3819 0.02024688131929646 0.01377351026811856 0
3820 0.01962878103591676 0.01465991257405027 0
3821 0.02010559593772777 0.01433714966748556 0
3822 0.02174964855798088 0.014105719236915 0
3823 0.02133948468395591 0.01451671451748353 0
3824 0.02059287964116967 0.01468498743983378 0
3825 0.02067284771531355 0.01406393811389489 0
3826 0.02111268272145077 0.01369450466613529 0
3827 0.02057333444791124 0.01333943988258882 0
3828 0.02165792623559828 0.01337249249508804 0
3829 0.02219171332020246 0.01370119504525773 0
3830 0.02158271446862282 0.01267539540444607 0
3831 0.02204311723522253 0.01229704532810375 0
3832 0.02141287888488743 0.01194563079528107 0
3833 0.02167171354047265 0.01146853058170165 0
3834 0.02086330774270058 0.0128811750102703 0
3835 0.02100737622985596 0.01226619670477835 0
3836 0.0204067259698269 0.01224113736528015 0
3837 0.02085545101279596 0.01154234728385866 0
3838 0.01932903593134768 0.01253273717339057 0
3839 0.01861433162234509 0.01209958056726775 0
3840 0.01995672158660742 0.01293981796788557 0
3841 0.0197406201814207 0.01188802294440824 0
3842 0.02011786135188923 0.01122312796599268 0
3843 0.01906241676900262 0.01151134295488985 0
3844 0.01918812719968132 0.009916233344823819 0
3845 0.01877509757208246 0.01047409244062081 0
3846 0.02012952349521251 0.009537421920367781 0
3847 0.0197951033230923 0.01024063621180929 0
3848 0.01944825806673725 0.01086885294321361 0
3849 0.02192031358203343 0.01098624762893027 0
3850 0.02215815874803337 0.01049851438555946 0
3851 0.02128262513047195 0.01095434832845406 0
3852 0.02060196720178884 0.01063012644973838 0
3853 0.02081804005122311 0.009863600727851904 0
3854 0.02151097038168961 0.01016682581982258 0
3855 0.02204429119025886 0.009186271607715865 0
3856 0.02152780239769429 0.008221853319645674 0
3857 0.02186109919740195 0.007414351432913715 0
3858 0.02051241122714671 0.008673633662273415 0
3859 0.02120334183718555 0.009017219775487516 0
3860 0.02080653577510071 0.007991133515615659 0
3861 0.0187147385424829 0.008866906877044263 0
3862 0.01942850650830073 0.009205362902050209 0
3863 0.01981668645651075 0.008337119706210266 0
3864 0.02006859747642419 0.007751815897227133 0
3865 0.01950684082519581 0.007496576469091949 0
3866 0.01908847321647791 0.008030940023417978 0
3867 0.01763999925212244 0.01079020394157785 0
3868 0.01670762839884247 0.0107684400676826 0
3869 0.01662021852450297 0.009587840362152373 0
3870 0.01728451013599584 0.00986064717290243 0
3871 0.01803131912947472 0.0101525409465923 0
3872 0.01846556917799141 0.009549239241021324 0
3873 0.01829426050609826 0.007831811212579849 0
3874 0.01798780952562531 0.008522624316990964 0
3875 0.01790789053029741 0.009287979832428926 0
3876 0.0172767021564473 0.008102135354131526 0
3877 0.01701925794813307 0.008822336434741807 0
3878 0.01486038716085439 0.01059738413672306 0
3879 0.01553949024626255 0.0110814474375388 0
3880 0.01601375330134865 0.01038377600226996 0
3881 0.0152518680241033 0.009908878753190768 0
3882 0.01519388691010685 0.008441113304880225 0
3883 0.01589554717801114 0.009186283727351242 0
3884 0.01634277579018414 0.007929670355642519 0
3885 0.01572653911261507 0.007451073881997024 0
3886 0.01643662275601629 0.001826508094816966 0
3887 0.01553359852485293 0.001775904860832308 0
3888 0.01564161335821252 0.0006939239554111894 0
3889 0.01652127180237005 0.0007326061458954 0
3890 0.01827496788902522 0.0009380243942249866 0
3891 0.0174273773117564 0.0007159995839885501 0
3892 0.01729604097695674 0.001921870631938808 0
3893 0.01818333247112688 0.002122134798727411 0
3894 0.01796648525840296 0.003213253215118501 0
3895 0.01705711599304717 0.003017965676171406 0
3896 0.01620009986211568 0.002867236502067146 0
3897 0.01613467871527977 0.003629170150756398 0
3898 0.01531809293052175 0.002645869627476328 0
3899 0.01527565228873743 0.003436008095941831 0
3900 0.01485359616859172 0.007076272896064485 0
3901 0.01603902331186211 0.006700964011473536 0
3902 0.01641725198273173 0.005731993745813272 0
3903 0.01524816023936777 0.006298585807714572 0
3904 0.01501447062502074 0.0044020136152492 0
3905 0.01561643338248343 0.005414926627806408 0
3906 0.01597226071010444 0.00454153866573015 0
3907 0.01771271590761916 0.007059268817426211 0
3908 0.01683579209352812 0.006959283952174983 0
3909 0.01725561744140798 0.005947442286834849 0
3910 0.01804422033505126 0.006218909312441817 0
3911 0.01841016144909467 0.005288775401152281 0
3912 0.01668758546097707 0.004937193712085668 0
3913 0.01753803357602213 0.005204606113840054 0
3914 0.01693749978836203 0.003890748862162815 0
3915 0.01782870765235767 0.004154471426873564 0
3916 0.0208378890749519 0.001578745299192486 0
3917 0.02131132477557129 0.0009231340945352963 0
3918 0.02150731336002695 0.001560052346879434 0
3919 0.02158867900209662 0.0002114962492513655 0
3920 0.02095050675730542 0.0002180006707424214 0
3921 0.02052633422172188 0.0008882731596650511 0
3922 0.01978822173219519 0.0007963741061443931 0
3923 0.02016109926760941 0.0001977948303515799 0
3924 0.01909931291679256 0.0001813136171080667 0
3925 0.01919939296292567 0.001098809734202534 0
3926 0.01986545031551602 0.001470927426656253 0
3927 0.01978015791533043 0.002197491327711765 0
3928 0.0191135005235792 0.002016079591798428 0
3929 0.01876876901309976 0.003308217308670095 0
3930 0.01978504857685781 0.002876837259341595 0
3931 0.01952153404223313 0.003567725381419242 0
3932 0.02049985268279268 0.002275779795748922 0
3933 0.02023913978562903 0.003672651085984446 0
3934 0.02061307831521062 0.003033450184043453 0
3935 0.02133288505707814 0.003199126593020542 0
3936 0.0221385273695652 0.002459487585477983 0
3937 0.02140083650903974 0.002378210174068976 0
3938 0.02204784121371992 0.003219332358180169 0
3939 0.02170640739458799 0.004796366402344631 0
3940 0.02188989038617598 0.00389312615965331 0
3941 0.02083979055087964 0.005341285035747535 0
3942 0.02097488292040984 0.004718051707656831 0
3943 0.02099436338191135 0.00397963138963744 0
3944 0.01874987812484732 0.004231186985366391 0
3945 0.01951268835990757 0.004278492515499452 0
3946 0.02018199039994036 0.004456614209226913 0
3947 0.02015491217160393 0.005179517175806868 0
3948 0.01938609470850929 0.004980004443228363 0
3949 0.01911915913975672 0.005706367194700158 0
3950 0.01879999122422533 0.006418443368552651 0
3951 0.01865132161810479 0.007145552147685957 0
3952 0.01986350857622345 0.00595286132233502 0
3953 0.01952669184259312 0.006714544308945808 0
3954 0.02026513479787208 0.007021591076145752 0
3955 0.02157978461603436 0.005574790714678289 0
3956 0.02135976844462366 0.006318735996307812 0
3957 0.02061586111903218 0.006098852751682234 0
3958 0.02107270028862081 0.00717775301538514 0
3959 0.02209031807499273 0.006534798682795142 0
3960 0.02469909001800872 0.01307033621852193 0
3961 0.02235749477018558 0.01449586325945234 0
3962 0.022772981727672 0.01398711372565599 0
3963 0.02325425393528465 0.01435670193387176 0
3964 0.02395841779628119 0.01336525146581692 0
3965 0.02347863417984865 0.01378115432664588 0
3966 0.0232697150503675 0.01298115262673576 0
3967 0.02218566713167964 0.01303013334581039 0
3968 0.02286613534128479 0.01342172505560273 0
3969 0.02266195407805629 0.01264222100746764 0
3970 0.02272165990256044 0.01202414591261784 0
3971 0.02256536691283795 0.01130961233890931 0
3972 0.02212832022843315 0.01171018002379189 0
3973 0.02330475336849468 0.01233269974249776 0
3974 0.02382108231235026 0.01193893118471699 0
3975 0.0231122453341533 0.011587360460338 0
3976 0.02363974201186513 0.01120105027280915 0
3977 0.02448616864503537 0.01227225121373711 0
3978 0.02392320453175628 0.01266010374200441 0
3979 0.0246969836172442 0.01170174027664244 0
3980 0.02418508928912171 0.01139100364137324 0
3981 0.02489855611018841 0.01112698828775756 0
3982 0.02526396819783454 0.01200553098877219 0
3983 0.02548324507392575 0.0114449830500193 0
3984 0.02552244459486649 0.009431763262399117 0
3985 0.02547231968458195 0.01005983146648566 0
3986 0.02516576529793343 0.01060214902046063 0
3987 0.02413562336428033 0.009531679634274367 0
3988 0.02478299327435785 0.009787223624425393 0
3989 0.02453789961591635 0.01033083452845318 0
3990 0.02427856027376994 0.0108502636769138 0
3991 0.0228824395544492 0.01022853112955242 0
3992 0.02281013695438077 0.01080764910167177 0
3993 0.0236083966258081 0.01055324584691559 0
3994 0.02393097724252906 0.01010172879739734 0
3995 0.02343911795321022 0.009865831740428816 0
3996 0.02347660454161631 0.009271236094355347 0
3997 0.02223930525300187 0.00991774237654563 0
3998 0.02270978828981154 0.00954465059493049 0
3999 0.02280551338591633 0.009006120952936195 0
4000 0.02299881981733734 0.008499435506562281 0
4001 0.02225926806066583 0.008416597262670238 0
4002 0.0226701097133097 0.007754692626783768 0
4003 0.02344445691265443 0.008664139677594435 0
4004 0.02386380746107512 0.008223813429085491 0
4005 0.02333380873397425 0.008033741741808412 0
4006 0.02335184500954644 0.0074739712745047 0
4007 0.02398475037441765 0.007676285049768427 0
4008 0.02583787962084392 0.008903965346009672 0
4009 0.02524129335224205 0.008698224638882732 0
4010 0.02493768813361047 0.009153161245755416 0
4011 0.02434043387274695 0.008995281579636751 0
4012 0.02453380327300088 0.008454553674388752 0
4013 0.02447454679718582 0.007833051674409581 0
4014 0.02530989576365643 0.008100501839640182 0
4015 0.0256032786260222 0.007573993677517258 0
4016 0.02606298980378157 0.009633725405870638 0
4017 0.02620637278060817 0.007752418724516644 0
4018 0.0260282784030383 0.008330277219118713 0
4019 0.02684999279851925 0.007942735714284865 0
4020 0.0263266091020559 0.004110027089405542 0
4021 0.02754902983931094 0.004301252119340661 0
4022 0.02694850168769643 0.004163611395215382 0
4023 0.02690169965944331 0.004756793956239565 0
4024 0.02756269374712487 0.004929996117663233 0
4025 0.02675743830773006 0.005363764946992896 0
4026 0.02622923871728864 0.004691471808061694 0
4027 0.02594830829852378 0.00523195160707719 0
4028 0.02612624682495606 0.005872178617381997 0
4029 0.02672020051576422 0.0060067812681419 0
4030 0.0263718234223737 0.007166737037280074 0
4031 0.02650310401315591 0.006546001722892859 0
4032 0.02302024571137015 0.006029944195615394 0
4033 0.02230176318473273 0.005800238662432428 0
4034 0.02280764565217464 0.006747262322149595 0
4035 0.023660050000236 0.006433623957414818 0
4036 0.02379654153910898 0.005908215378407368 0
4037 0.02351223539601099 0.006955695508278526 0
4038 0.02503350369068656 0.006801565330671948 0
4039 0.0256698524284742 0.007010495937251665 0
4040 0.02420413461268648 0.007160320991590587 0
4041 0.02504920198645194 0.007413321575180203 0
4042 0.02434860095382406 0.006614366009583425 0
4043 0.02425625448088353 0.006021495676809027 0
4044 0.02581780254210836 0.006441424128235679 0
4045 0.02498125095750992 0.006204686644166063 0
4046 0.02548930849279293 0.005737055164350341 0
4047 0.02526709368050187 0.005099171373190995 0
4048 0.02554422226064717 0.004568874934847135 0
4049 0.02563139733633722 0.003996319510761724 0
4050 0.02462576513246208 0.005539160934124118 0
4051 0.02454907791279233 0.004954017371582314 0
4052 0.0241363718212113 0.004317426769169688 0
4053 0.02484669608022587 0.004444105733384105 0
4054 0.0249388057850411 0.003893469065560651 0
4055 0.02422586275343444 0.003782320461427419 0
4056 0.02242781187404937 0.005064333173750555 0
4057 0.02320338549870155 0.005204009585776223 0
4058 0.02407755857051081 0.005412861251902123 0
4059 0.02387588521635055 0.004815294394412582 0
4060 0.02351377974270958 0.004230517045206758 0
4061 0.02265953580085921 0.004101611249862046 0
4062 0.02281156275607966 0.003300878648235802 0
4063 0.02354492707348039 0.003451659318724488 0
4064 0.02366136894385124 0.002660157635750519 0
4065 0.0237218552731786 0.001882532857859325 0
4066 0.02289567527639841 0.00254358205531316 0
4067 0.02228742180737869 0.0002110581402557075 0
4068 0.02304202246723232 0.0002557212235403763 0
4069 0.02221553766250587 0.0016982984313919 0
4070 0.02221099130817578 0.0009327764528740405 0
4071 0.02297409799491354 0.001783679953989923 0
4072 0.02300665869927019 0.001012020082511619 0
4073 0.02379434319530117 0.0003051458061658056 0
4074 0.02378517021796937 0.001084930634038434 0
4075 0.02531492546779652 0.002812014804437518 0
4076 0.02592468586010788 0.002879770992276863 0
4077 0.02553990268305047 0.00340822277858351 0
4078 0.0248496501977917 0.003317510662177911 0
4079 0.02417971526184342 0.003201410025051749 0
4080 0.02442294168182568 0.002167173563748256 0
4081 0.02459505466720728 0.002731518800937927 0
4082 0.02497186156594088 0.002217562582185349 0
4083 0.02563835586655359 0.002276738207466413 0
4084 0.02587644784543773 0.001722104090454192 0
4085 0.02521627365347185 0.001116839010006739 0
4086 0.02511059516015028 0.001674171757405128 0
4087 0.0247207612293765 0.001100658846955265 0
4088 0.02446031109899845 0.001657880030207442 0
4089 0.02451290215433793 0.0005426221519499809 0
4090 0.02451638227481157 8.946342683193069e-08 0
4091 0.02499307219154755 2.55925378278743e-07 0
4092 0.02523433567022887 0.0005587161059271801 0
4093 0.02789060010219504 0.002474774489098245 0
4094 0.02721783760376276 0.003023556530839177 0
4095 0.02705935796022483 0.003611170675862972 0
4096 0.02660849082933724 0.002955499484318256 0
4097 0.02636734858313591 0.003549523769011749 0
4098 0.02630944852959714 0.002336215715858881 0
4099 0.02698033572809943 0.002395087287658845 0
4100 0.02726881235800762 0.001812801375281077 0
4101 0.02730223153041717 0.001208960577759276 0
4102 0.02649646411538552 0.001765509141811877 0
4103 0.02676658249056088 0.001185603389303547 0
4104 0.02615622622182926 0.001159052590433156 0
4105 0.02594289243639737 0.0005744369892777201 0
4106 0.02574588439875544 3.391467976780192e-07 0
4107 0.02663869678972224 0.0005898229217448636 0
4108 0.02645030803861177 3.358956144005762e-07 0
4109 0.02732207689228561 0.0006048596560508638 0
4110 0.02706202384542829 3.250114646627626e-07 0
4111 0.02799324536005088 0.0006196737944793224 0
4112 0.02793800448439408 0.001268662747421528 0
4113 0.02469566751809711 -0.01306851336364775 0
4114 0.0244922562021075 -0.0136249351181231 0
4115 0.02413521664362762 -0.01414334753398498 0
4116 0.02272171615768564 -0.01402738417878833 0
4117 0.02235730382521504 -0.01449540665129105 0
4118 0.02382540079870443 -0.01470883586558069 0
4119 0.02325427505076681 -0.01435618412072437 0
4120 0.0238666031132263 -0.01331377205681895 0
4121 0.02346640050941667 -0.01377732860480388 0
4122 0.02331579514307609 -0.01300605189544286 0
4123 0.02216763029216117 -0.01301671849923866 0
4124 0.0228045528124508 -0.01339061353896362 0
4125 0.02272169965170258 -0.01202364167911085 0
4126 0.02276731711082723 -0.01269930680993178 0
4127 0.02212835625349665 -0.01170961689649249 0
4128 0.02256542711216483 -0.01130921768842049 0
4129 0.02332999101487937 -0.0123461844796077 0
4130 0.02386301631446079 -0.01195950827721427 0
4131 0.02319894798061612 -0.01162683281530493 0
4132 0.02344491962486415 -0.01110227558755974 0
4133 0.02406838519891606 -0.01273659424975668 0
4134 0.02448057603533929 -0.0122692011445888 0
4135 0.02469707212797445 -0.01170131527920344 0
4136 0.02407940837852276 -0.01140864987502663 0
4137 0.02484061022729384 -0.01110333624029459 0
4138 0.02530360555081577 -0.01198879558779062 0
4139 0.02532636001414525 -0.01132056539616163 0
4140 0.02541256393049108 -0.01003008138481222 0
4141 0.02562718387789495 -0.009464076412793803 0
4142 0.02522734267102336 -0.01061257680565439 0
4143 0.02585001884309755 -0.01087495862132472 0
4144 0.02478282512798399 -0.009786844066826285 0
4145 0.02407683090789924 -0.009507848833105405 0
4146 0.02420490759892228 -0.01081857748401422 0
4147 0.02456055299307111 -0.01033260688382468 0
4148 0.02281825131388622 -0.01019903664063663 0
4149 0.02279411854364054 -0.0107974452391814 0
4150 0.02340790205087764 -0.01046123166086898 0
4151 0.02398584728941684 -0.01008966611953924 0
4152 0.02326602820276881 -0.009787595008922722 0
4153 0.02335436889838952 -0.009222440433975443 0
4154 0.02219898752818713 -0.009922201469957283 0
4155 0.02260092832678462 -0.009507730073160695 0
4156 0.02296601821404627 -0.008529117513450406 0
4157 0.02270645762260242 -0.0090042884967374 0
4158 0.02252982362464596 -0.007826741822580533 0
4159 0.02364344449975512 -0.008745662176873703 0
4160 0.02407549328371066 -0.008297472511561089 0
4161 0.0234343570749973 -0.008094167253079114 0
4162 0.02326465179110854 -0.007462999758085952 0
4163 0.02386754337274739 -0.007646297640284605 0
4164 0.02583013275138989 -0.00889457755819191 0
4165 0.02519171489984548 -0.008680737491021488 0
4166 0.02499338421239914 -0.009236033001540286 0
4167 0.024350945005616 -0.009004665039400395 0
4168 0.02466133125656664 -0.008498728118553248 0
4169 0.02451158367278535 -0.007847325644225243 0
4170 0.02570257112390351 -0.007602859983086758 0
4171 0.02532154989317338 -0.008103632853004188 0
4172 0.02599864305841115 -0.01030066227083934 0
4173 0.02627366422272166 -0.009734021901627768 0
4174 0.02626718647637453 -0.007770001857406281 0
4175 0.02583015810173897 -0.00826439277418619 0
4176 0.02642466690972289 -0.009139798878812857 0
4177 0.02665179677718445 -0.008530660590175914 0
4178 0.02689364045409093 -0.007920729797016014 0
4179 0.02797264015731851 -0.001238432046945971 0
4180 0.0279933058981718 -0.0006191953732829591 0
4181 0.02732212199767521 -0.0006042628654280515 0
4182 0.0265534163716758 -0.000583852935996123 0
4183 0.02596266064761738 -0.0005145259933679087 0
4184 0.02584187321466499 -0.001077362745007439 0
4185 0.02661918977739662 -0.001178391760189481 0
4186 0.0267444728717633 -0.001777491080361319 0
4187 0.02730202266100418 -0.001208690499131397 0
4188 0.0273994219836625 -0.001821110257748917 0
4189 0.02708956560308829 -0.002402591357836706 0
4190 0.02642207947885017 -0.002343677393468779 0
4191 0.02652908420000909 -0.002946481910830029 0
4192 0.02624783380462435 -0.003504321327498155 0
4193 0.02695949288880318 -0.003599472536918171 0
4194 0.02722712498517226 -0.003023808656932591 0
4195 0.0276861897668545 -0.00245563445942164 0
4196 0.02637146956263339 -0.007170104416875219 0
4197 0.02640760787295382 -0.006556156182633973 0
4198 0.02701916907698799 -0.007346390470629664 0
4199 0.02717502122778769 -0.006746842337485274 0
4200 0.02731768102096931 -0.006144044809408163 0
4201 0.02604725722730529 -0.005858130677256904 0
4202 0.02671519550559678 -0.006008396085086455 0
4203 0.02638483358040935 -0.004719037647299072 0
4204 0.02597666063529145 -0.0052411900441313 0
4205 0.02673416505428063 -0.005394305805578313 0
4206 0.0270243694601434 -0.004833372010723107 0
4207 0.0273005364417795 -0.005508322012031943 0
4208 0.02701781815714101 -0.004214152731556366 0
4209 0.02763406027410953 -0.004345946441187992 0
4210 0.02629886517652678 -0.00410132226458582 0
4211 0.02375286466102775 -0.001616181271931145 0
4212 0.02298556441961114 -0.001527188639124656 0
4213 0.02222536988857124 -0.001476619023850056 0
4214 0.02226864291278815 -0.0004921377576304933 0
4215 0.02303035530968841 -0.0005092526429098971 0
4216 0.02377519967504247 -0.00054244269071788 0
4217 0.02451295832269753 -0.0005421810621203075 0
4218 0.02523911526482659 -0.000573978220777923 0
4219 0.02611010176034448 -0.001723909086913607 0
4220 0.02517152681730085 -0.001139744270447101 0
4221 0.02524895523689437 -0.001675690541633743 0
4222 0.02449499695798574 -0.001084097424517063 0
4223 0.02463687988316645 -0.001644497105535592 0
4224 0.02436965191965131 -0.002705920979655118 0
4225 0.02442293937896729 -0.002166363976997281 0
4226 0.02569466613113594 -0.00227693230187744 0
4227 0.02497620328686297 -0.0022151971003722 0
4228 0.02579112076536727 -0.002863996581957965 0
4229 0.025584686948145 -0.003415729737853618 0
4230 0.02508684989922159 -0.002785685587158464 0
4231 0.02482783982238651 -0.003314592467197229 0
4232 0.0241239163094714 -0.003158940490773188 0
4233 0.02370549948420951 -0.002688510668377582 0
4234 0.02365695542086908 -0.003415759592077263 0
4235 0.02291025756284857 -0.002451034920536196 0
4236 0.02290915959641782 -0.003285283481149597 0
4237 0.02248109985451956 -0.004999873340042074 0
4238 0.02267654156342745 -0.004055839419965493 0
4239 0.02415005066035987 -0.005431405080388436 0
4240 0.02328631079956378 -0.005275540233151591 0
4241 0.02394552830914602 -0.004840663422248623 0
4242 0.02341309604778498 -0.004187495569147393 0
4243 0.02557685588568484 -0.003987777416608758 0
4244 0.02575339913538382 -0.004604249504925023 0
4245 0.02418283327545126 -0.003714405868303097 0
4246 0.02488195272675302 -0.003873335823193315 0
4247 0.0250878115547632 -0.00448444841653081 0
4248 0.02430718832092692 -0.004339592982337779 0
4249 0.02475951191804687 -0.005568520252766032 0
4250 0.02461442805099648 -0.004966180280028957 0
4251 0.0252514959833259 -0.005093098573059767 0
4252 0.02545726176238689 -0.005726085278666029 0
4253 0.02499513617024245 -0.006204408947693986 0
4254 0.0256099187632555 -0.006357264280224723 0
4255 0.02496022872364858 -0.006782439002578794 0
4256 0.02565591414432496 -0.006971575379459844 0
4257 0.02434650953962931 -0.006043155319848097 0
4258 0.02427974540609851 -0.006596154172208804 0
4259 0.02492941138224821 -0.007373798196500018 0
4260 0.02420417214054896 -0.007159495885375259 0
4261 0.02231643724678703 -0.005761889310640088 0
4262 0.02313546350119944 -0.006003185917451853 0
4263 0.02371571069960093 -0.005837215712724213 0
4264 0.02363285983910671 -0.00636345801327212 0
4265 0.02357192834126781 -0.006969636620794193 0
4266 0.02279007889146444 -0.006803378871134738 0
4267 0.01740130723828796 -0.01239300661188757 0
4268 0.01812413433216161 -0.01286435499720353 0
4269 0.01805877784899186 -0.01196197342757168 0
4270 0.0182934866565791 -0.0112927876125128 0
4271 0.01674732262602554 -0.01192584160113049 0
4272 0.01745536315877567 -0.01157406439222347 0
4273 0.0160426037356072 -0.01141783915209405 0
4274 0.01519373843386311 -0.01157061718797311 0
4275 0.0154039740109338 -0.01260500391293685 0
4276 0.01652234752150984 -0.01258965530091537 0
4277 0.0158451259761385 -0.01206678187146642 0
4278 0.01660077613051616 -0.01365605023252654 0
4279 0.01601182297964655 -0.01313089062858535 0
4280 0.01483910512089031 -0.01317037363482554 0
4281 0.01535872243574578 -0.01367211200806781 0
4282 0.01507248599697739 -0.01433795827409858 0
4283 0.015914666888887 -0.01415218408865031 0
4284 0.01715388946223319 -0.01307221125275442 0
4285 0.01717899719901208 -0.01417293153750819 0
4286 0.01777335688979952 -0.01354678480634279 0
4287 0.01833586483197975 -0.01396426270442059 0
4288 0.01776362838958631 -0.01466196796227755 0
4289 0.01875887549856865 -0.01336936014657971 0
4290 0.01937608579584656 -0.01388073939515327 0
4291 0.01899107264774218 -0.01450296223829911 0
4292 0.02027306018346958 -0.01379012511849901 0
4293 0.01979993537899864 -0.01319951847731977 0
4294 0.02015575950895748 -0.01438326433384167 0
4295 0.01961169309856256 -0.01459530568321129 0
4296 0.02176353939872151 -0.01411632430166303 0
4297 0.02125368511967056 -0.01445830843154992 0
4298 0.02068333495949965 -0.01475099096703031 0
4299 0.0207387124855634 -0.01410986758571356 0
4300 0.0211117959328368 -0.01369360964802725 0
4301 0.02052401165253032 -0.01335463509750687 0
4302 0.02162544991421165 -0.01335304502379935 0
4303 0.02224003206674097 -0.01373324869895734 0
4304 0.02160632234450481 -0.01268787261084137 0
4305 0.02204328327262445 -0.01229612363043826 0
4306 0.02147378878956897 -0.01143201775501641 0
4307 0.02141309692547758 -0.01194466157551377 0
4308 0.0209786097724453 -0.01231858018997605 0
4309 0.02086376431958916 -0.01287983656776697 0
4310 0.02083339365885474 -0.01165680735765909 0
4311 0.01858628818949075 -0.01230001239939195 0
4312 0.01918493759746757 -0.01272128669875213 0
4313 0.01960186765358875 -0.01210066597729896 0
4314 0.02023805238797472 -0.01243170267706774 0
4315 0.02020663659399325 -0.01132403355821983 0
4316 0.01895366666236619 -0.01170028074009466 0
4317 0.01912107981731947 -0.009810114666772207 0
4318 0.01877521457483476 -0.0104729070131414 0
4319 0.01981863090034416 -0.01017648634173981 0
4320 0.02012956690053171 -0.00953650062223892 0
4321 0.0195486656762459 -0.0109551935802044 0
4322 0.02220250158586365 -0.01045699600912809 0
4323 0.02193861717613315 -0.01098177053722874 0
4324 0.02048913489082243 -0.01055687302160453 0
4325 0.02113586767213004 -0.01093317703459761 0
4326 0.02081806787593956 -0.009862743480064665 0
4327 0.02149257918041566 -0.01010867352631991 0
4328 0.02200053525622504 -0.009279952634946662 0
4329 0.02221361477379309 -0.008533064866641691 0
4330 0.02180514597670912 -0.007428990003219346 0
4331 0.02152801974068874 -0.008226066621901854 0
4332 0.02133431266661701 -0.009022172839963125 0
4333 0.02054858562607863 -0.008805594202309331 0
4334 0.02081341933163857 -0.0079437118182932 0
4335 0.01880393829859293 -0.008803866594420852 0
4336 0.01945624188404535 -0.009157684484524406 0
4337 0.0197802870171153 -0.008287029250274679 0
4338 0.02012311441692829 -0.007608228132563497 0
4339 0.01908847170225044 -0.008029808045109868 0
4340 0.01757941288840011 -0.01082733014598677 0
4341 0.01688754963220744 -0.01044543036046689 0
4342 0.01741777661667758 -0.009798596454541626 0
4343 0.01688763582207312 -0.008870073873728093 0
4344 0.01847715442809171 -0.009385443664742445 0
4345 0.01808530076296905 -0.01008807938285804 0
4346 0.01828528618536107 -0.007747818289607071 0
4347 0.01799866548952714 -0.008564509086008473 0
4348 0.01727344231155069 -0.008103320621599189 0
4349 0.01550598285505797 -0.0110312242627862 0
4350 0.01485638261427332 -0.01064184323131112 0
4351 0.01592737759431514 -0.01054068131325566 0
4352 0.01677327160588851 -0.01112186449419289 0
4353 0.01643159854246129 -0.009688769682616732 0
4354 0.01535511710129647 -0.009834281629891344 0
4355 0.01533667488599156 -0.008187535740609174 0
4356 0.01593904459682473 -0.008890885510979387 0
4357 0.01649381350392028 -0.007813592979414027 0
4358 0.01572635909475999 -0.007449965202912779 0
4359 0.01501359418338277 -0.004440413042553124 0
4360 0.01585788148493057 -0.004690514129475619 0
4361 0.01563495816253509 -0.005387949580198719 0
4362 0.014944770968524 -0.007079938543318311 0
4363 0.01526354721142463 -0.006305987841138585 0
4364 0.01618002009921195 -0.006585881702026313 0
4365 0.01645255076270852 -0.005669677580399416 0
4366 0.01793464363121754 -0.004047451848546971 0
4367 0.01701535012255531 -0.004025182765768129 0
4368 0.01748203227632421 -0.005102862520254067 0
4369 0.01668700170113243 -0.004936245316720743 0
4370 0.01851747201666853 -0.004786398164316757 0
4371 0.01824282227061025 -0.005446696731570725 0
4372 0.01805858167216181 -0.006373092628027847 0
4373 0.01720657961138504 -0.006042445519494977 0
4374 0.01682347058729352 -0.007076461954691499 0
4375 0.01770569995197865 -0.007333126665466819 0
4376 0.02163687071868473 -0.005590833127158291 0
4377 0.02135951603075644 -0.006317838173764091 0
4378 0.022090059475514 -0.006534052595213367 0
4379 0.02052543471882737 -0.006176160601382878 0
4380 0.02103975273389386 -0.007164071520068867 0
4381 0.01883907206155173 -0.00645267160347519 0
4382 0.01870576525443451 -0.007144619547285606 0
4383 0.0195386527072656 -0.007429813058365172 0
4384 0.02032557383549773 -0.00700437217480704 0
4385 0.01956120446331764 -0.006593773053427189 0
4386 0.01985805793159905 -0.005874002187322607 0
4387 0.01902183469778261 -0.005697308147743411 0
4388 0.01944859135894455 -0.00504752307005395 0
4389 0.01941947296770737 -0.004367565104815896 0
4390 0.01870420027982207 -0.004124132046717767 0
4391 0.02012677175965999 -0.005208464366529232 0
4392 0.02025300719509208 -0.004461964798987939 0
4393 0.02174310333344565 -0.004831262837750274 0
4394 0.02100677060316517 -0.004597609648422046 0
4395 0.02089016593249607 -0.005397203639973707 0
4396 0.02116297500834826 -0.003784959009566452 0
4397 0.02185664816048676 -0.003918999530595533 0
4398 0.02218252126727019 -0.003178722539764738 0
4399 0.0215369053292039 -0.003107523682689075 0
4400 0.02079205747446363 -0.003002329142406556 0
4401 0.02038535750140772 -0.00364579847872871 0
4402 0.02058244958965718 -0.002285067699617361 0
4403 0.02136752532209489 -0.002372225724904187 0
4404 0.02220135729826665 -0.002352219088478151 0
4405 0.02143521727785341 -0.0004952625105404443 0
4406 0.02143160532664778 -0.00141839513444201 0
4407 0.02064899756075862 -0.0004777403656801953 0
4408 0.02063493147312357 -0.001367425467635391 0
4409 0.01874397665775258 -0.003400955357102902 0
4410 0.02000716842743857 -0.002889254094631175 0
4411 0.01947496482629214 -0.003512963729750832 0
4412 0.019783010148804 -0.002196237926321814 0
4413 0.01890659075097777 -0.002702171770468758 0
4414 0.01903378785544198 -0.002030463166530221 0
4415 0.01903744669419755 -0.001239000252081563 0
4416 0.01983952935966619 -0.001291755347107773 0
4417 0.0197691093684446 -0.000474783088511123 0
4418 0.01897425669207069 -0.0005273975807160029 0
4419 0.0153053272053738 -0.002695530788441011 0
4420 0.01527542834820491 -0.003434613071102374 0
4421 0.01609520531905764 -0.003760922611264523 0
4422 0.01616531322554045 -0.002852937366035094 0
4423 0.01702043373237041 -0.003015845992758114 0
4424 0.01789411839148436 -0.003073662428291633 0
4425 0.01823353293389724 -0.002019324560262483 0
4426 0.01735602476858253 -0.001953692666624208 0
4427 0.01736375321032843 -0.001153023571804696 0
4428 0.01821114597197434 -0.001209312805861885 0
4429 0.01814669449856568 -0.0002619822271045427 0
4430 0.01739719157062448 -0.0003844241056837713 0
4431 0.01643655274049292 -0.001824426460360743 0
4432 0.0165009164772741 -0.00109546170520004 0
4433 0.01645194491778371 -0.0003325275775383609 0
4434 0.01556134180017023 -0.001727662034282018 0
4435 0.01569156626612737 -0.00104089853902543 0
4436 0.01553691526207191 -0.0003004867762236688 0
4437 0.001409680834019251 -0.00626728748567921 0
4438 0.0001980952810452971 -0.00566832933627609 0
4439 0.0004995119476185297 -0.006361099749753589 0
4440 0.0006540728366948031 -0.007212979031992623 0
4441 0.001527020986586106 -0.007085340310764772 0
4442 0.00222533479801335 -0.006946269265969548 0
4443 0.003038938556092757 -0.007371532892518193 0
4444 0.002877673440660781 -0.006651313582046258 0
4445 0.003519672646254182 -0.00623227477304586 0
4446 0.003083860579031094 -0.005583365980246638 0
4447 0.002366513873364036 -0.006062809455024829 0
4448 0.002813538039937867 -0.004918017547252938 0
4449 0.002178470540897015 -0.005182868483327741 0
4450 0.002857691404986165 -0.004022083858913659 0
4451 0.003316094201241434 -0.004522748986083623 0
4452 0.002410006083076678 -0.004305444647237044 0
4453 0.001858433741411599 -0.004439935565157015 0
4454 0.001244311505178824 -0.005533668528937888 0
4455 0.001119078312345523 -0.004745685803035325 0
4456 0.001421099183890478 -0.003960203109184709 0
4457 0.0004577662088248204 -0.004996703495384204 0
4458 0.000268591667287573 -0.00422647522135644 0
4459 0.0008664812793888919 -0.004054837145671196 0
4460 0.0002108657003948252 -0.0007620106836100103 0
4461 0.0007119711896250333 -9.40417377330568e-05 0
4462 0.001493221529735635 -0.0001359169229054267 0
4463 0.001063162285892007 -0.0009787266697935011 0
4464 0.001594872211147469 -0.001441657557211168 0
4465 0.001091573543340828 -0.001777129303652757 0
4466 0.0003805357086515531 -0.001484304881427595 0
4467 0.0009719645487433299 -0.003456432508383628 0
4468 0.0003120209259776874 -0.003486048216547069 0
4469 0.0005486664416323421 -0.002080448401747216 0
4470 0.0006661974960698883 -0.002776144643501663 0
4471 0.001728424814797033 -0.002977911967457383 0
4472 0.001283340773234827 -0.002380197568578326 0
4473 0.002829640912617681 -0.0003224393870624693 0
4474 0.003477118339070225 -0.0003930152810044568 0
4475 0.002242176674870547 -0.0002112866779547142 0
4476 0.001933309499084577 -0.000811332686702349 0
4477 0.002374343782623432 -0.001450684234940755 0
4478 0.002640605027648186 -0.0009325062545714326 0
4479 0.003302669347672793 -0.001155446653829312 0
4480 0.00302868921951844 -0.001732456850208113 0
4481 0.00367803657047279 -0.002048446999145776 0
4482 0.003311074543233424 -0.002652960684669243 0
4483 0.001851218375971175 -0.002047300060998792 0
4484 0.002492877736248253 -0.002404935828659373 0
4485 0.002131341171574919 -0.003730517896560085 0
4486 0.002661852643036226 -0.003219371086081735 0
4487 0.003355152004705608 -0.003556244231421024 0
4488 0.005469514663723907 -0.005734170036681811 0
4489 0.006252870322755554 -0.006244888853017034 0
4490 0.00669485731084148 -0.006845661462920854 0
4491 0.006153771825405155 -0.007378027418350651 0
4492 0.005552040794523835 -0.006815130048213649 0
4493 0.005003138752127518 -0.00718847611745648 0
4494 0.004553791743327709 -0.006634006800241219 0
4495 0.003744940108907691 -0.007033176778023249 0
4496 0.004465081034279473 -0.005594304211877673 0
4497 0.004969405453920149 -0.005167525554709883 0
4498 0.005470862596565855 -0.004751648415159713 0
4499 0.003704138804265995 -0.005174146675522496 0
4500 0.004065323607917923 -0.003988945676414951 0
4501 0.004573295444974513 -0.004665074924540682 0
4502 0.005032267297760309 -0.004000918559442613 0
4503 0.006078106162505644 -0.00534763998280403 0
4504 0.005854975477955569 -0.00417488230688245 0
4505 0.006674299083946191 -0.005474208348726186 0
4506 0.007189293099795802 -0.005048925785956841 0
4507 0.006490823540416029 -0.004627142051204727 0
4508 0.00696112940726734 -0.003884251799302056 0
4509 0.006797920887220771 -0.002346641296178161 0
4510 0.00731092370447708 -0.003372992242426069 0
4511 0.006652914242600103 -0.002990847899202129 0
4512 0.006073230728175884 -0.002098493426201016 0
4513 0.006292505063245365 -0.003597442889630535 0
4514 0.005605105989176271 -0.003096766739193566 0
4515 0.004677588527069634 -0.003319564358522136 0
4516 0.004050421356045769 -0.002961558293370225 0
4517 0.004909029503540157 -0.002705071975088284 0
4518 0.005362076789127586 -0.001853860320859589 0
4519 0.004290482916976761 -0.002307939573853164 0
4520 0.004034943152487962 -0.001322258545481688 0
4521 0.004184568274918173 -0.0004691479822688203 0
4522 0.004672574531630854 -0.001738882637129684 0
4523 0.004791256122278815 -0.001165774915794967 0
4524 0.005534847391422888 -0.001246510106504554 0
4525 0.004979005699963659 -0.000435856306183083 0
4526 0.007017010593214584 -0.001574771210594276 0
4527 0.006269108845186078 -0.001409195217922809 0
4528 0.006386457427796409 -0.0007108148200581665 0
4529 0.005674991131406112 -0.0006695378643493353 0
4530 0.005735370171729384 -8.409580572140005e-05 0
4531 0.006476233093996 -0.0001652531636106092 0
4532 0.00714782847814067 -0.0007946730936164378 0
4533 0.007089518005023696 -1.638264968662257e-05 0
4534 0.0144005736435722 -0.003237992035057449 0
4535 0.01351246923976197 -0.003100445957368793 0
4536 0.01371056154168601 -0.002385049742903588 0
4537 0.01452164896700156 -0.002486922547305048 0
4538 0.01464721677817993 -0.0001941722917324719 0
4539 0.01475132565127253 -0.0009738058057522087 0
4540 0.01465281505153472 -0.001716906978331195 0
4541 0.01385181171150948 -0.0003060944042165853 0
4542 0.01296430011570412 -0.0002860518731693731 0
4543 0.01391406494021591 -0.001410243602890603 0
4544 0.01265203023924642 -0.002845732910253964 0
4545 0.01180182767726528 -0.002654010948957447 0
4546 0.01120153690488274 -0.001366765906481146 0
4547 0.01202276267458135 -0.001336123633904942 0
4548 0.0130405469810194 -0.001429755734187076 0
4549 0.01201720270081196 -0.0002923955052041234 0
4550 0.01115728569650054 -0.0002725486319337222 0
4551 0.007777864096951383 -0.001747858640733016 0
4552 0.007898267775073341 -0.0009083097323641464 0
4553 0.007969490842250878 -0.0001735092136179128 0
4554 0.008680779445072895 -0.001006235567934199 0
4555 0.008715113092759923 -0.0002408741827286385 0
4556 0.01028584594264989 -0.0002533680824821637 0
4557 0.00945704388831109 -0.0002387775968687966 0
4558 0.009442882940566636 -0.001111838481550122 0
4559 0.01026298185266985 -0.001231339978394017 0
4560 0.01099462584969942 -0.002581534405563979 0
4561 0.01062723245928273 -0.003663223753920216 0
4562 0.01020718939075244 -0.002310201303413898 0
4563 0.009360424708566599 -0.002191179830999708 0
4564 0.009785987872864506 -0.003156671965142522 0
4565 0.007484670449351163 -0.002785913733434438 0
4566 0.008593980907512594 -0.001886372985166094 0
4567 0.009095711323093841 -0.003146357695400691 0
4568 0.008332704956823141 -0.00281532880263526 0
4569 0.008037145424305423 -0.003503982851052173 0
4570 0.0076555747939289 -0.004270924942823938 0
4571 0.008749649443453578 -0.003871885201433909 0
4572 0.008281251022031243 -0.004702284227808297 0
4573 0.009082462950923218 -0.005067768644458911 0
4574 0.008050251424838719 -0.006584569106932096 0
4575 0.007796708193204886 -0.005559288923377545 0
4576 0.007269615381910921 -0.006117439340432846 0
4577 0.009152127102893207 -0.006525706902201666 0
4578 0.008699844350026277 -0.007117212581623302 0
4579 0.008471318396280361 -0.005787930941769555 0
4580 0.01020180658722809 -0.00467649005038369 0
4581 0.009587550438936871 -0.004032018881436315 0
4582 0.009769702989577354 -0.005837197323307591 0
4583 0.01050068933092388 -0.005978198660407137 0
4584 0.009803699106454813 -0.007007052377936591 0
4585 0.01395476532388598 -0.004808781918898357 0
4586 0.01480785758108181 -0.005164913495164605 0
4587 0.01417315114027726 -0.004098423468161099 0
4588 0.01306822448785068 -0.004599857562758057 0
4589 0.01332367141026809 -0.003906506876135465 0
4590 0.0124868481242981 -0.004064142954615027 0
4591 0.01160090525234357 -0.003730741961689293 0
4592 0.01103482205701842 -0.004899047493971756 0
4593 0.01205972893475511 -0.005025603271271677 0
4594 0.0128372149852039 -0.0054737660843731 0
4595 0.01242499432038673 -0.006179539979482858 0
4596 0.0114781506465455 -0.006269512296973066 0
4597 0.01213804714753494 -0.006835109083190972 0
4598 0.01290943556826903 -0.00715623228733673 0
4599 0.01365572499927083 -0.005688217423077404 0
4600 0.01331527595220621 -0.006374782659852093 0
4601 0.01443199606125468 -0.006070077858108888 0
4602 0.01411232555405525 -0.006760644900849823 0
4603 0.01480753178832979 -0.009140829572006548 0
4604 0.01407184792250206 -0.008686230125542206 0
4605 0.01449105100232597 -0.007913686646269048 0
4606 0.01332249955197484 -0.008223686251586641 0
4607 0.01370373925855555 -0.007519210478572756 0
4608 0.01241116819101114 -0.007661894974482432 0
4609 0.0112800155527355 -0.008154941118706467 0
4610 0.01164719758093824 -0.007503136403168418 0
4611 0.01206159515136437 -0.008481754556944894 0
4612 0.01259286668006893 -0.009268357508290361 0
4613 0.01211645713056836 -0.009914772774570675 0
4614 0.01156987000160252 -0.009150888381439598 0
4615 0.01156107577248463 -0.01054424530972965 0
4616 0.01282178863139443 -0.01040595933594081 0
4617 0.01219948628798447 -0.01112184010508468 0
4618 0.01346462842003135 -0.009600537797342473 0
4619 0.01365779895570094 -0.01075720635515379 0
4620 0.01430117783093774 -0.01004771069773088 0
4621 0.01390080589698385 -0.01432196303173655 0
4622 0.01444658458886234 -0.01484794098391113 0
4623 0.01345210108996892 -0.01372864553026503 0
4624 0.01444231270766631 -0.01371807285011523 0
4625 0.01416471410615162 -0.01162460621414959 0
4626 0.01476809768026868 -0.01217851542441998 0
4627 0.01400389899260667 -0.01280550502394925 0
4628 0.01310182427711218 -0.01142011891961373 0
4629 0.01323999978471841 -0.01226739732105974 0
4630 0.01124389602617957 -0.01437522404853868 0
4631 0.01275949160658951 -0.01408985795865346 0
4632 0.01228402628099138 -0.01462299264375059 0
4633 0.01217257783934922 -0.01359799613096832 0
4634 0.01283613941274846 -0.01308630071630785 0
4635 0.01152816380449334 -0.01292702439403125 0
4636 0.01227472776201257 -0.0123788377555137 0
4637 0.01158226164821871 -0.01176869520270388 0
4638 0.008501519126579923 -0.008593876205564979 0
4639 0.007892846082447651 -0.00925140646426658 0
4640 0.008100146310455086 -0.007769668848449094 0
4641 0.009824235361232378 -0.008294369935367345 0
4642 0.009170004963579214 -0.007708876591917997 0
4643 0.01065663395220619 -0.007476149449639933 0
4644 0.01072307179000458 -0.008773723249173139 0
4645 0.01016065011637351 -0.009460532251566652 0
4646 0.009482228151704457 -0.01010278863550321 0
4647 0.01103743292072145 -0.009786379331377066 0
4648 0.01038437105560057 -0.01054531020569842 0
4649 0.009768310466474129 -0.01106037202445818 0
4650 0.009066781283765344 -0.009270269794558958 0
4651 0.008848790286758945 -0.01079434199045516 0
4652 0.008239740761999402 -0.01005011251091845 0
4653 0.007276663338352249 -0.01072181810735023 0
4654 0.007754089266374603 -0.01255751762719565 0
4655 0.008198285353938854 -0.01118377920075302 0
4656 0.007478410216362185 -0.01165006748737835 0
4657 0.009107534749215402 -0.01282167419834262 0
4658 0.008534655582687598 -0.01211631190898061 0
4659 0.008999221563187299 -0.01149710578088475 0
4660 0.01044216715846554 -0.01166448913742211 0
4661 0.01094711533222422 -0.01119222258015122 0
4662 0.009701916562559337 -0.01214603827723375 0
4663 0.01095190110857227 -0.01226859036264459 0
4664 0.010764605443529 -0.01364815607974036 0
4665 0.0102760709938235 -0.01287909107666872 0
4666 0.009602304294571668 -0.01346306314801977 0
4667 0.01010415279679187 -0.01416737853173686 0
4668 0.007636097240079132 -0.01374876482687034 0
4669 0.008172927695867842 -0.01311569749982299 0
4670 0.009128086375736661 -0.01472010860284501 0
4671 0.008637577302478116 -0.01381872835485141 0
4672 0.008057174988853897 -0.01444070216664691 0
4673 0.002629469530808716 -0.01021605991775104 0
4674 0.002142485745199099 -0.009424081713052325 0
4675 0.003289543724207341 -0.009813054600482408 0
4676 0.003639762950536308 -0.01053793468063569 0
4677 0.002572691272029592 -0.01093645456869334 0
4678 0.001634193414660156 -0.01037982860690172 0
4679 0.0006906968660824571 -0.01037601947033839 0
4680 0.0006364306379393584 -0.009553157276430455 0
4681 0.001300332964844198 -0.009563202376614618 0
4682 0.001242620416809849 -0.00884087009517393 0
4683 0.0005837737009886311 -0.008745197545247756 0
4684 0.000447658340790484 -0.008024820129111848 0
4685 0.001778326525222891 -0.007735848926218153 0
4686 0.001145275071857755 -0.007999407117370334 0
4687 0.002060159822462976 -0.008457655947528462 0
4688 0.002450736148893502 -0.007683547893603504 0
4689 0.003016462322482612 -0.009064975293693232 0
4690 0.002856689806172612 -0.008286236077728248 0
4691 0.003464505710542441 -0.007953517172094159 0
4692 0.003716302853707219 -0.008700352442997421 0
4693 0.004354195532253986 -0.007663006425062006 0
4694 0.004666516877689261 -0.008361081141445624 0
4695 0.005036149696713932 -0.009068546858789522 0
4696 0.007271682614346724 -0.007435060900885245 0
4697 0.006675718333654329 -0.008061983739817953 0
4698 0.005344237348900348 -0.007833472318695021 0
4699 0.005869173968985055 -0.008551185540324848 0
4700 0.006372411961572864 -0.009238056445182767 0
4701 0.007333480470551497 -0.008594742439448595 0
4702 0.005972953476006745 -0.01050617249827166 0
4703 0.007023963495454011 -0.009847078712693504 0
4704 0.003981906032091852 -0.009463394292364119 0
4705 0.005383877431607916 -0.009811714564232092 0
4706 0.004455462962796074 -0.01017873350085895 0
4707 0.004038295289065806 -0.01243210858728072 0
4708 0.003771392040658566 -0.01146746070006752 0
4709 0.005279861240229698 -0.01281095018870093 0
4710 0.005029701288564925 -0.01195107962925884 0
4711 0.004938967328264629 -0.01082513664826474 0
4712 0.006236641970282482 -0.01142726055334611 0
4713 0.00607617272626751 -0.01258800992332266 0
4714 0.006851463970879695 -0.01216163603781964 0
4715 0.007160945015163356 -0.01294182897373046 0
4716 0.006684445616531992 -0.01398715279089134 0
4717 0.006411390643367466 -0.01328004279364348 0
4718 0.005723999215507008 -0.01360317948662947 0
4719 0.006071852990259543 -0.01442967607281906 0
4720 0.004513755588992146 -0.0130982268337972 0
4721 0.003882678942663617 -0.01335656624264891 0
4722 0.00480844230641837 -0.01395316483248159 0
4723 0.005132517884163687 -0.01478155357522542 0
4724 0.004092895628877438 -0.01418006879673905 0
4725 0.002655658967407611 -0.01179972171002132 0
4726 0.002036685903863902 -0.01283392164564935 0
4727 0.002991836163081994 -0.01272030679163142 0
4728 0.003298005531175965 -0.01441670473574527 0
4729 0.002934193467472993 -0.01355606153251187 0
4730 0.002559222457430817 -0.01435232090714154 0
4731 0.002016059557431955 -0.01384671700533799 0
4732 0.0007461486862641517 -0.01121418888117464 0
4733 0.001663883526397584 -0.012109001403656 0
4734 0.001659624578793834 -0.01124682809939385 0
4735 0.0008046127277039836 -0.01294156034083768 0
4736 0.0007200458143310849 -0.01209396957057366 0
4737 0.0009744060995486798 -0.01386810903005148 0
4738 0.00173524515191862 -0.01464700725587898 0
4739 0.001025360854739962 -0.01501638856133569 0
4740 0.0003423999379079624 -0.0146282685161023 0
4741 0.001993362395833273 -0.01727380986141768 0
4742 0.003064627460514191 -0.01712818947373683 0
4743 0.003057239579487552 -0.01788899224675689 0
4744 0.002015452717430298 -0.01813813056021249 0
4745 0.001210917960470593 -0.01820969068891164 0
4746 0.0003727167580246015 -0.01820863593919705 0
4747 0.000381991947992896 -0.01723545002969793 0
4748 0.001160977251834924 -0.01742260470457798 0
4749 0.001105344615378751 -0.01656530049387816 0
4750 0.001826501277671849 -0.01643437679874252 0
4751 0.0003662439770022052 -0.01629587955848845 0
4752 0.0003534486423377847 -0.01532380072850958 0
4753 0.001067674635414164 -0.01586581364048007 0
4754 0.001887566457436985 -0.01560833979172881 0
4755 0.002638153195313001 -0.01509578926172039 0
4756 0.003629176955836452 -0.01613286673131215 0
4757 0.002747028804383147 -0.01594553332744505 0
4758 0.003436147479526406 -0.0152736379074296 0
4759 0.004368968175489386 -0.01491407854565271 0
4760 0.004614792949159646 -0.01575203723032076 0
4761 0.005524470004671333 -0.01562943879317225 0
4762 0.007060675398877005 -0.0146945573745409 0
4763 0.006413384199994577 -0.01524135072329542 0
4764 0.005669945622804802 -0.01645102182177509 0
4765 0.006658785468712482 -0.01605989078990273 0
4766 0.00694408287584902 -0.01684877933788665 0
4767 0.007288259898720015 -0.01770973097323851 0
4768 0.005946645592719416 -0.01725402296724025 0
4769 0.006307152827524429 -0.01807527603442716 0
4770 0.003850647570583883 -0.01710062184560528 0
4771 0.00493607848527202 -0.01668574836004547 0
4772 0.005212427654143361 -0.01744111483495631 0
4773 0.005454848662056994 -0.01825288209701379 0
4774 0.004877214009242569 -0.01872148401815006 0
4775 0.003866021737245834 -0.0179545138373776 0
4776 0.004595241153325495 -0.01767673433504942 0
4777 0.00454453440374185 -0.02020311453526313 0
4778 0.004095264846146862 -0.01869139464007782 0
4779 0.004345058640914494 -0.01943380948781664 0
4780 0.005258369287039909 -0.02022320462585957 0
4781 0.005091012670339625 -0.01958733167793504 0
4782 0.006411030521020206 -0.01883996107433627 0
4783 0.007138683787256714 -0.01870932076740797 0
4784 0.005592964492378172 -0.01906825560417694 0
4785 0.005871658417257649 -0.01978215022412477 0
4786 0.006665316081441585 -0.01960012848268723 0
4787 0.0071479380325064 -0.02026835331974895 0
4788 0.007214701044545387 -0.02105923888353198 0
4789 0.006534844685722828 -0.02208919905800445 0
4790 0.006143341939968449 -0.02057017371867422 0
4791 0.005606976537917677 -0.02156974400951096 0
4792 0.00640289278272615 -0.02131432635183121 0
4793 0.003785449318549244 -0.02116149273089703 0
4794 0.004675642314180975 -0.02099253942796461 0
4795 0.005433760278104514 -0.02088353983466493 0
4796 0.004791603707366758 -0.02175345050989098 0
4797 0.003922025488755082 -0.02192530830996731 0
4798 0.003391511119068201 -0.01872015938846042 0
4799 0.002704771943741695 -0.0189043530277946 0
4800 0.002024034871409892 -0.01891177159722354 0
4801 0.002138276305055426 -0.01975188275779169 0
4802 0.002833311122751665 -0.01977726694649301 0
4803 0.003503238260337841 -0.01939659146353669 0
4804 0.003156079410204036 -0.02206090553736265 0
4805 0.00365768850064442 -0.02008058573085967 0
4806 0.002966452740842323 -0.02061260465787307 0
4807 0.003063099863695714 -0.02135838357304815 0
4808 0.002373551028880306 -0.02136610209503371 0
4809 0.002291141894521006 -0.0220738569680432 0
4810 0.002299362614519959 -0.02054270169131422 0
4811 0.0004229335340940122 -0.01907841957838125 0
4812 0.001265868046224618 -0.01904200647459667 0
4813 0.00131999450242357 -0.01985936187818852 0
4814 0.0004407875244086748 -0.01989743784051456 0
4815 0.0004586759450340532 -0.02070176700323449 0
4816 0.00137348663447577 -0.02066203245553765 0
4817 0.001425711553580213 -0.02145036305797776 0
4818 0.0004761367103965118 -0.02149163357573838 0
4819 0.001238675314105231 -0.02797256122481339 0
4820 2.982396432373203e-07 -0.02799989540769728 0
4821 0.0006197079917819576 -0.02799308495499362 0
4822 0.003081950274255505 -0.0277457440909438 0
4823 0.001857182376456967 -0.02793822808093247 0
4824 0.002474710191978162 -0.02789035936698668 0
4825 0.002418161272572166 -0.02719881218576502 0
4826 0.00298215947446697 -0.02712233513400783 0
4827 0.003596830353877746 -0.02710908453438803 0
4828 0.003527242833958614 -0.02640491567008073 0
4829 0.002941825587314166 -0.02648213810482473 0
4830 0.002381407069151594 -0.02649548178970132 0
4831 0.001211533796810363 -0.02735837789632318 0
4832 0.001812647020346832 -0.02726842007069636 0
4833 0.001776765404714753 -0.02656620884886782 0
4834 0.001148220673955618 -0.02592362606393896 0
4835 0.00119064911157685 -0.02684611818036906 0
4836 0.0006041546011391534 -0.02733189021614408 0
4837 7.734173729352542e-07 -0.02720842474959564 0
4838 1.198381486810099e-06 -0.026510919563771 0
4839 0.0005865869839427221 -0.026627218491446 0
4840 0.0005687320721042704 -0.02590961774246795 0
4841 7.679625779511042e-07 -0.02580848297896237 0
4842 0.0005100520945044981 -0.023029231791661 0
4843 0.0004932778037679355 -0.02226740335515303 0
4844 0.001417984452727803 -0.02226004589241787 0
4845 0.001502370583428997 -0.02297264239556854 0
4846 0.001616121584670046 -0.02375156587809137 0
4847 0.0005264464364402977 -0.02377737477736844 0
4848 1.108217008218916e-06 -0.02504481104182619 0
4849 0.0005525745536172834 -0.02516417986072664 0
4850 -7.200656903842912e-06 -0.02433045720475095 0
4851 0.0004860478433055521 -0.02453770636168933 0
4852 0.001731893250004345 -0.02587209052293688 0
4853 0.001117014065899915 -0.02521551816628188 0
4854 0.001674328218576209 -0.02518466780571986 0
4855 0.001035250251268572 -0.02448974780945585 0
4856 0.001629976945227681 -0.02452606797405606 0
4857 0.003263889400840633 -0.02281499454652023 0
4858 0.002409268032954446 -0.02288537579899085 0
4859 0.002682682165575475 -0.02372867879889852 0
4860 0.003432416814415923 -0.02369659800781626 0
4861 0.003245422177536575 -0.02430249324911937 0
4862 0.002167148771655927 -0.02442205958697842 0
4863 0.002732280950948216 -0.02454558732265032 0
4864 0.002230891452022959 -0.02514098853168167 0
4865 0.002282744137690286 -0.0256669587051153 0
4866 0.003340850231901499 -0.02501790184460875 0
4867 0.00280650699274966 -0.02524864421746491 0
4868 0.002880682033687288 -0.02589890728393583 0
4869 0.003434532124198965 -0.0257205020008765 0
4870 0.005538718050648873 -0.02744670084225515 0
4871 0.004805297567857043 -0.02689401953157199 0
4872 0.004926364753448963 -0.027559155150381 0
4873 0.003712179985384987 -0.02780667801627645 0
4874 0.004304581931676803 -0.02758610248441091 0
4875 0.004199711311675531 -0.02691276214220596 0
4876 0.004073784859492545 -0.02628824244103276 0
4877 0.00539752629085471 -0.0267794135512911 0
4878 0.00463798400577272 -0.02622967434978921 0
4879 0.005211561798025629 -0.02607217608440247 0
4880 0.006144332140795162 -0.0273174839322986 0
4881 0.005873785034208242 -0.02614326344158611 0
4882 0.006010269275993128 -0.0267236967439996 0
4883 0.007346763629147153 -0.02701879012175891 0
4884 0.006747196681698516 -0.02717482652314954 0
4885 0.007139315153860019 -0.02625567279186726 0
4886 0.006589675083859878 -0.02652933126481494 0
4887 0.007160327584752637 -0.02420344090817484 0
4888 0.006615633718482563 -0.02434901474325059 0
4889 0.007377942821045379 -0.02493936786812665 0
4890 0.007009546085253659 -0.02566392169177784 0
4891 0.00680620011171492 -0.02503326820597826 0
4892 0.006021615274869012 -0.02425577414668331 0
4893 0.005694448094555471 -0.02531665920105176 0
4894 0.006182898108005293 -0.02490661763876118 0
4895 0.006446290886684574 -0.02577450243228187 0
4896 0.00455379177914569 -0.02552662860341497 0
4897 0.003989074344335959 -0.02562014620958517 0
4898 0.005089806930300048 -0.02525880254073476 0
4899 0.005538770720157585 -0.02462525156907489 0
4900 0.004952686307001299 -0.0245474789194667 0
4901 0.003893503065504338 -0.02493792801778882 0
4902 0.004431544136464389 -0.02477183544925502 0
4903 0.004317281142736243 -0.02413530290659886 0
4904 0.003782195594098725 -0.02422487170752601 0
4905 0.004203284669063825 -0.02341076982201585 0
4906 0.00405849302882984 -0.02260538975750276 0
4907 0.005380262772089029 -0.02392122295804805 0
4908 0.004814549957956145 -0.02384380745740102 0
4909 0.005218847351686417 -0.02331142601872951 0
4910 0.005064096272236709 -0.02249944870520748 0
4911 0.006955744474026783 -0.02351135350533745 0
4912 0.006385559363677263 -0.02363581972775798 0
4913 0.005824609229143877 -0.02367939522801119 0
4914 0.005949263636503993 -0.02304005351738132 0
4915 0.005798501181960109 -0.02230697600384594 0
4916 0.006794092264330741 -0.02277487834542022 0
4917 0.01250236112292098 -0.01748540800456408 0
4918 0.011579702388782 -0.01739305441292303 0
4919 0.01202381298165176 -0.01686002624008661 0
4920 0.01129414095555806 -0.0182921224770636 0
4921 0.01196658658994162 -0.01795877434663926 0
4922 0.01302021625531822 -0.0180719327477692 0
4923 0.01413870855353396 -0.01809927902470106 0
4924 0.01436656277254576 -0.01711365145057495 0
4925 0.01324469570103725 -0.01693338572214037 0
4926 0.01372239199751009 -0.01754467820060105 0
4927 0.01342698931222313 -0.01601070474175654 0
4928 0.01389303063118288 -0.01655510153899504 0
4929 0.01431386114107773 -0.01596166056756565 0
4930 0.01375238731350543 -0.01531424050248188 0
4931 0.01319277971466181 -0.01463330169593514 0
4932 0.01275807674630479 -0.01631097186890034 0
4933 0.01284598078957252 -0.01529640454227034 0
4934 0.01220645227811764 -0.01563145757405803 0
4935 0.01155687818816498 -0.01620501180319671 0
4936 0.01165743908379319 -0.01502241916971097 0
4937 0.01059453939392699 -0.01588962872635337 0
4938 0.01118184948107633 -0.01681712231434705 0
4939 0.01067896901663502 -0.01502172444545722 0
4940 0.0112126973865996 -0.01554626491389586 0
4941 0.009958973462659209 -0.01622588484027568 0
4942 0.009690819033211815 -0.01530833996087815 0
4943 0.007424732010418463 -0.01545982529907779 0
4944 0.008478516163458016 -0.01519601358073281 0
4945 0.008971425250373741 -0.01608339494257979 0
4946 0.007815207642407618 -0.01649184566338297 0
4947 0.008017714641187366 -0.01722214230276017 0
4948 0.007784297055998595 -0.01837028121039705 0
4949 0.008782216813703609 -0.01707432417342104 0
4950 0.008447248970043739 -0.01791687375712174 0
4951 0.009210669524607173 -0.01786044897943109 0
4952 0.01038823730236474 -0.01687377236642792 0
4953 0.009393857467600443 -0.01668858465439677 0
4954 0.009790589383259586 -0.0173668410836465 0
4955 0.009558039374525637 -0.01849725319782342 0
4956 0.01020110734603886 -0.01806843124841392 0
4957 0.01082825150144688 -0.01756470440186582 0
4958 0.01024047565394096 -0.01979404623708631 0
4959 0.01089556463898762 -0.01942047055263129 0
4960 0.01058914226267705 -0.01872261471579208 0
4961 0.009537220896738833 -0.02012825060231034 0
4962 0.00991541476242034 -0.01916410326923758 0
4963 0.008104071218836096 -0.01906827689545822 0
4964 0.007496149452799439 -0.01946179929045151 0
4965 0.00881297177714451 -0.01864386561134367 0
4966 0.009123016740778513 -0.01932114522127903 0
4967 0.00844169725067479 -0.01976278765154646 0
4968 0.007849258356758428 -0.02011734499932728 0
4969 0.007991078854536435 -0.0208051476197115 0
4970 0.008225989733305804 -0.02153040334200244 0
4971 0.0074210130792445 -0.0218548152682606 0
4972 0.008978146381554048 -0.02120730241693466 0
4973 0.008776818488561062 -0.02047294112031441 0
4974 0.009195021649983152 -0.02203721713112676 0
4975 0.01095492911813651 -0.0212278104808614 0
4976 0.01062145275733489 -0.02055537191370608 0
4977 0.009826933845910778 -0.02076258659482871 0
4978 0.01018389389193113 -0.02149306139462629 0
4979 0.01049851154728336 -0.02215721377008812 0
4980 0.01098612793550964 -0.02191948470629437 0
4981 0.01165844728920624 -0.01890122383539699 0
4982 0.01239475424916727 -0.01859506891826282 0
4983 0.01278541628597029 -0.01917655224855582 0
4984 0.01203159934105577 -0.01953040354014041 0
4985 0.01247898876470814 -0.02023965974970337 0
4986 0.01130925667529522 -0.02005174892361025 0
4987 0.01194543480299841 -0.02141223591505331 0
4988 0.01146843624765608 -0.02167094716372059 0
4989 0.01159918823706996 -0.02089996393968536 0
4990 0.01274869718582508 -0.02170911756991546 0
4991 0.01229690614836882 -0.02204249148956654 0
4992 0.01238479623553055 -0.02109924088327774 0
4993 0.01299057608858883 -0.02104592144205397 0
4994 0.01463752847059098 -0.01873899135875186 0
4995 0.01381425739081236 -0.01947815663851804 0
4996 0.01343944552585602 -0.01871101151240747 0
4997 0.01322997526620404 -0.01990527246363923 0
4998 0.01379103244382345 -0.02027226185962455 0
4999 0.01467401961745536 -0.01964239688078698 0
5000 0.01437287677387427 -0.02017213562128306 0
5001 0.01416674331994359 -0.02082505286043611 0
5002 0.01473224967756864 -0.02065974931647931 0
5003 0.0137448792188465 -0.02119137866202297 0
5004 0.01340036585035242 -0.0205799245062467 0
5005 0.01332919985720332 -0.02158852777059428 0
5006 0.01369844784252453 -0.02218727045480908 0
5007 0.01456257515727831 -0.02140638073660494 0
5008 0.01413629136373529 -0.02179353594907503 0
5009 0.0130675618577685 -0.02469330320117422 0
5010 0.01373449723255478 -0.02463058559779296 0
5011 0.01417856231114542 -0.02414466127779833 0
5012 0.01404402747382651 -0.02274734696523376 0
5013 0.0145174204228795 -0.02238091403790304 0
5014 0.01438834457064767 -0.02330526640439147 0
5015 0.01475654202669181 -0.02383855893652202 0
5016 0.01341978978828065 -0.02285109755283871 0
5017 0.01302252872289545 -0.02217332642689005 0
5018 0.01300600477201047 -0.02331420522113959 0
5019 0.01372512446865473 -0.02337148306456414 0
5020 0.0133404933604577 -0.02391452563466303 0
5021 0.01142648213855197 -0.0255622640666114 0
5022 0.01198919842943544 -0.02530320751206248 0
5023 0.01253823026200995 -0.02500536677398747 0
5024 0.01223970172553377 -0.02440823262542764 0
5025 0.01272817446639339 -0.02405042005095779 0
5026 0.01174808598851932 -0.02479245411206003 0
5027 0.01110773030349858 -0.02484826232665377 0
5028 0.01140914769666311 -0.02407880621552066 0
5029 0.01118005404950203 -0.02359535471364137 0
5030 0.01162705916820446 -0.02319826534564928 0
5031 0.01193889272062918 -0.02382057015098092 0
5032 0.01240355044749588 -0.0234380384124549 0
5033 0.01264213151517031 -0.02266145372361623 0
5034 0.01207451381134592 -0.02281642945715444 0
5035 0.01130949006297214 -0.02256463773054932 0
5036 0.01171608618175882 -0.02213898567951054 0
5037 0.007674213448301053 -0.02397748851335368 0
5038 0.008223682145844024 -0.02386314247575593 0
5039 0.007988829226930104 -0.02318069926298443 0
5040 0.007458780053345156 -0.02329095175222556 0
5041 0.007763990110281369 -0.02265569125596097 0
5042 0.008664069905953101 -0.02344362267647875 0
5043 0.008968487213624469 -0.02280187441241661 0
5044 0.008432641155702872 -0.02293001717761253 0
5045 0.008412266259051563 -0.02226384027642871 0
5046 0.01080763738863941 -0.02280931550382005 0
5047 0.01019971395890861 -0.0228173508701054 0
5048 0.009942461363157445 -0.02226733770581411 0
5049 0.009545907086611178 -0.02272665855973137 0
5050 0.009271080097933435 -0.02347569559819157 0
5051 0.009844391525768001 -0.02340455288450557 0
5052 0.01011251127920227 -0.02403616778068738 0
5053 0.01050296790216447 -0.02349795830565788 0
5054 0.01077424620992561 -0.0241027337585174 0
5055 0.01040595704602808 -0.02457619980123906 0
5056 0.0108607773160515 -0.02580022941022201 0
5057 0.01059809480945294 -0.02518992228160187 0
5058 0.009557200223603658 -0.02408855818922339 0
5059 0.009803211365716168 -0.02475133081845123 0
5060 0.01003800515332499 -0.0254182353223118 0
5061 0.009474939081055058 -0.02562440172892151 0
5062 0.00783543417796081 -0.02448223486651568 0
5063 0.008454470382329604 -0.02453320334783193 0
5064 0.009004370679305977 -0.02429405855132747 0
5065 0.009239530051494475 -0.02498057188627132 0
5066 0.008903923434010794 -0.0258374868740941 0
5067 0.00873331454334191 -0.02533801944162213 0
5068 0.00804834385891366 -0.02514521952678887 0
5069 0.007584659463461041 -0.0256300424925145 0
5070 0.007768273767548884 -0.02625867375783196 0
5071 0.00833027816227464 -0.02602794552978563 0
5072 0.008534794885780642 -0.02666747080386717 0
5073 0.009125206693881721 -0.02646475008129738 0
5074 0.00794276184317699 -0.02684973160427235 0
5075 0.0102845896930772 -0.02604270386343209 0
5076 0.009705738438692204 -0.02626384863142843 0
5077 0.02242999540790875 -0.01674778512528981 0
5078 0.02225105575942759 -0.01586662823631132 0
5079 0.02279472927955003 -0.01624623244037621 0
5080 0.02314077385960245 -0.0157339929334622 0
5081 0.02349399269855559 -0.01523259092025466 0
5082 0.02293077920109514 -0.01486730529689234 0
5083 0.0225963445131522 -0.01537077146596158 0
5084 0.02166729871141818 -0.01772398090174948 0
5085 0.02127140936557043 -0.0182080253327246 0
5086 0.02076145680823295 -0.01777131349475249 0
5087 0.02114963700657415 -0.01730773645408364 0
5088 0.02068312628634777 -0.01692587325566896 0
5089 0.02152721488389651 -0.01683569331675211 0
5090 0.02205350484592439 -0.01723792573248743 0
5091 0.02182315276645021 -0.01556166626284071 0
5092 0.02182033410485589 -0.01484469301821162 0
5093 0.02122571213815094 -0.01585509826539061 0
5094 0.02189428338114349 -0.01635524855697706 0
5095 0.02065183108727887 -0.01542646002618315 0
5096 0.02124300836265102 -0.01514953616186772 0
5097 0.02097935147530822 -0.01640311501161865 0
5098 0.02039256538919416 -0.01594210556749481 0
5099 0.01854833413784658 -0.01813506195704625 0
5100 0.01877015429847011 -0.01756245013634745 0
5101 0.01940261097911503 -0.01815533085030462 0
5102 0.02044576485664452 -0.01830026857507601 0
5103 0.01989814948720895 -0.01780991669384869 0
5104 0.02015892137393341 -0.01725538866089046 0
5105 0.01961243487153696 -0.01678754028629003 0
5106 0.01938958262500402 -0.01735440252109492 0
5107 0.01880743127476866 -0.01683343701174014 0
5108 0.01850983556773759 -0.01584358907103811 0
5109 0.01895145846592157 -0.01622159982415965 0
5110 0.02011980830553927 -0.01646410723495094 0
5111 0.01953381724282657 -0.01598499901751099 0
5112 0.01985798805078233 -0.01552485680227119 0
5113 0.02004579559087132 -0.01496420853987494 0
5114 0.01931476137627078 -0.01502968562018563 0
5115 0.01900670135298686 -0.01554968085568332 0
5116 0.01557528601020905 -0.01592301350458604 0
5117 0.01483018636607922 -0.01653149650373854 0
5118 0.01559762440124482 -0.01481614933241884 0
5119 0.01503272955618013 -0.01536851625527583 0
5120 0.01665055505731409 -0.01592904953596975 0
5121 0.01610807487244683 -0.01646771441513519 0
5122 0.01612986310975096 -0.01538033329914497 0
5123 0.01651226565734611 -0.01471984775195301 0
5124 0.01848803177064338 -0.01506019758236009 0
5125 0.01707704979309033 -0.01523955528144691 0
5126 0.01716621272157409 -0.01647935735701004 0
5127 0.01772221038942182 -0.01586204169830368 0
5128 0.01826986896777185 -0.01635201958553597 0
5129 0.01790288201147329 -0.01675232966165972 0
5130 0.01828032318835759 -0.01710511231921763 0
5131 0.01798693359733078 -0.01758653350495376 0
5132 0.01780016369288325 -0.01819609992921348 0
5133 0.01752150000995863 -0.01709534603745217 0
5134 0.01732302829647188 -0.0177020514540867 0
5135 0.01668324704379331 -0.0178248635591757 0
5136 0.01712067622398323 -0.01829091883445879 0
5137 0.01533723663695253 -0.01709540141339907 0
5138 0.01670587435402796 -0.0171110552309011 0
5139 0.01586309998709601 -0.01772132041391684 0
5140 0.01635314725847554 -0.01826891888090015 0
5141 0.01534424337590445 -0.0183070479952988 0
5142 0.01485673552758201 -0.01769923620597113 0
5143 0.01524682081409726 -0.01949856231495325 0
5144 0.01554579163594852 -0.01897590217479629 0
5145 0.01637281159682269 -0.01912556294648797 0
5146 0.01592682062587866 -0.01857266513124741 0
5147 0.01643311701749826 -0.02007154155927258 0
5148 0.0160038217935602 -0.01954433995283315 0
5149 0.01563543525440203 -0.01998996304711033 0
5150 0.0151058459369541 -0.02022065686852435 0
5151 0.01495232082083357 -0.02197926706015993 0
5152 0.01550251795243306 -0.02173875376904787 0
5153 0.01553001097084265 -0.02078848971559744 0
5154 0.01516501315308344 -0.02126482698959726 0
5155 0.0163556210805955 -0.02189394802859346 0
5156 0.01586030196708256 -0.02123155740394908 0
5157 0.01641514269962093 -0.02098823805806758 0
5158 0.01605705143504917 -0.02052925372482365 0
5159 0.01823802523894721 -0.01864494098076514 0
5160 0.01758430140995002 -0.01878810814000192 0
5161 0.01730704672384956 -0.01933472183209567 0
5162 0.01688595030768298 -0.01886457947285704 0
5163 0.01672167328342721 -0.01953038923015408 0
5164 0.01728026502052285 -0.02018613547024536 0
5165 0.01780737799373124 -0.01989401566785654 0
5166 0.01816245120801989 -0.01940899358278681 0
5167 0.01826601834349802 -0.02040678417855304 0
5168 0.01762420891997119 -0.02058789188041412 0
5169 0.01820829188614729 -0.02127108829501586 0
5170 0.01733753609616219 -0.02118538089970731 0
5171 0.01687518220574014 -0.02062017810215777 0
5172 0.01683891327497957 -0.02148032772270033 0
5173 0.01721431597554446 -0.02200810140370551 0
5174 0.01776875252359134 -0.02171168128956928 0
5175 0.02088058272030119 -0.01868953124460495 0
5176 0.0205157008239126 -0.0191364081189643 0
5177 0.01953684562083204 -0.01910943053690999 0
5178 0.01995486484094748 -0.01867241354913041 0
5179 0.0190482042252036 -0.01863149890830551 0
5180 0.01869098901170062 -0.01910876139469119 0
5181 0.01915165071788693 -0.01957985106619151 0
5182 0.01853495416191495 -0.01980720220418794 0
5183 0.01965604989492569 -0.02009553996368988 0
5184 0.01996622294999161 -0.01952572946714679 0
5185 0.01897157060769609 -0.02027350634747688 0
5186 0.01871268365458687 -0.02085668423852254 0
5187 0.01523275213011513 -0.0234938980886348 0
5188 0.01488378532697943 -0.02294576716698221 0
5189 0.01533849872862704 -0.02254702474109133 0
5190 0.01574890093550613 -0.02315113808871621 0
5191 0.01590016135788772 -0.02229645055788824 0
5192 0.0163051004817266 -0.02280732196386297 0
5193 0.01675742203935084 -0.02243190496678089 0
$EndNodes
$Elements
10384
1 1 2 1 1 1 5
2 1 2 1 1 5 6
3 1 2 1 1 6 7
4 1 2 1 1 7 8
5 1 2 1 1 8 9
6 1 2 1 1 9 10
7 1 2 1 1 10 11
8 1 2 1 1 11 12
9 1 2 1 1 12 13
10 1 2 1 1 13 14
11 1 2 1 1 14 15
12 1 2 1 1 15 16
13 1 2 1 1 16 17
14 1 2 1 1 17 18
15 1 2 1 1 18 19
16 1 2 1 1 19 20
17 1 2 1 1 20 21
18 1 2 1 1 21 22
19 1 2 1 1 22 23
20 1 2 1 1 23 24
21 1 2 1 1 24 25
22 1 2 1 1 25 26
23 1 2 1 1 26 27
24 1 2 1 1 27 28
25 1 2 1 1 28 29
26 1 2 1 1 29 30
27 1 2 1 1 30 31
28 1 2 1 1 31 32
29 1 2 1 1 32 33
30 1 2 1 1 33 34
31 1 2 1 1 34 35
32 1 2 1 1 35 36
33 1 2 1 1 36 37
34 1 2 1 1 37 38
35 1 2 1 1 38 39
36 1 2 1 1 39 40
37 1 2 1 1 40 41
38 1 2 1 1 41 42
39 1 2 1 1 42 43
40 1 2 1 1 43 44
41 1 2 1 1 44 45
42 1 2 1 1 45 46
43 1 2 1 1 46 47
44 1 2 1 1 47 48
45 1 2 1 1 48 49
46 1 2 1 1 49 50
47 1 2 1 1 50 51
48 1 2 1 1 51 52
49 1 2 1 1 52 53
50 1 2 1 1 53 54
51 1 2 1 1 54 55
52 1 2 1 1 55 56
53 1 2 1 1 56 57
54 1 2 1 1 57 58
55 1 2 1 1 58 59
56 1 2 1 1 59 60
57 1 2 1 1 60 61
58 1 2 1 1 61 62
59 1 2 1 1 62 63
60 1 2 1 1 63 64
61 1 2 1 1 64 65
62 1 2 1 1 65 66
63 1 2 1 1 66 67
64 1 2 1 1 67 68
65 1 2 1 1 68 69
66 1 2 1 1 69 70
67 1 2 1 1 70 71
68 1 2 1 1 71 72
69 1 2 1 1 72 73
70 1 2 1 1 73 74
71 1 2 1 1 74 2
72 1 2 1 2 2 75
73 1 2 1 2 75 76
74 1 2 1 2 76 77
75 1 2 1 2 77 78
76 1 2 1 2 78 79
77 1 2 1 2 79 80
78 1 2 1 2 80 81
79 1 2 1 2 81 82
80 1 2 1 2 82 83
81 1 2 1 2 83 84
82 1 2 1 2 84 85
83 1 2 1 2 85 86
84 1 2 1 2 86 87
85 1 2 1 2 87 88
86 1 2 1 2 88 89
87 1 2 1 2 89 90
88 1 2 1 2 90 91
89 1 2 1 2 91 92
90 1 2 1 2 92 93
91 1 2 1 2 93 94
92 1 2 1 2 94 95
93 1 2 1 2 95 96
94 1 2 1 2 96 97
95 1 2 1 2 97 98
96 1 2 1 2 98 99
97 1 2 1 2 99 100
98 1 2 1 2 100 101
99 1 2 1 2 101 102
100 1 2 1 2 102 103
101 1 2 1 2 103 104
102 1 2 1 2 104 105
103 1 2 1 2 105 106
104 1 2 1 2 106 107
105 1 2 1 2 107 108
106 1 2 1 2 108 109
107 1 2 1 2 109 110
108 1 2 1 2 110 111
109 1 2 1 2 111 112
110 1 2 1 2 112 113
111 1 2 1 2 113 114
112 1 2 1 2 114 115
113 1 2 1 2 115 116
114 1 2 1 2 116 117
115 1 2 1 2 117 118
116 1 2 1 2 118 119
117 1 2 1 2 119 120
118 1 2 1 2 120 121
119 1 2 1 2 121 122
120 1 2 1 2 122 123
121 1 2 1 2 123 124
122 1 2 1 2 124 125
123 1 2 1 2 125 126
124 1 2 1 2 126 127
125 1 2 1 2 127 128
126 1 2 1 2 128 129
127 1 2 1 2 129 130
128 1 2 1 2 130 131
129 1 2 1 2 131 132
130 1 2 1 2 132 133
131 1 2 1 2 133 134
132 1 2 1 2 134 135
133 1 2 1 2 135 136
134 1 2 1 2 136 137
135 1 2 1 2 137 138
136 1 2 1 2 138 139
137 1 2 1 2 139 140
138 1 2 1 2 140 141
139 1 2 1 2 141 142
140 1 2 1 2 142 143
141 1 2 1 2 143 144
142 1 2 1 2 144 3
143 1 2 1 3 3 145
144 1 2 1 3 145 146
145 1 2 1 3 146 147
146 1 2 1 3 147 148
147 1 2 1 3 148 149
148 1 2 1 3 149 150
149 1 2 1 3 150 151
150 1 2 1 3 151 152
151 1 2 1 3 152 153
152 1 2 1 3 153 154
153 1 2 1 3 154 155
154 1 2 1 3 155 156
155 1 2 1 3 156 157
156 1 2 1 3 157 158
157 1 2 1 3 158 159
158 1 2 1 3 159 160
159 1 2 1 3 160 161
160 1 2 1 3 161 162
161 1 2 1 3 162 163
162 1 2 1 3 163 164
163 1 2 1 3 164 165
164 1 2 1 3 165 166
165 1 2 1 3 166 167
166 1 2 1 3 167 168
167 1 2 1 3 168 169
168 1 2 1 3 169 170
169 1 2 1 3 170 171
170 1 2 1 3 171 172
171 1 2 1 3 172 173
172 1 2 1 3 173 174
173 1 2 1 3 174 175
174 1 2 1 3 175 176
175 1 2 1 3 176 177
176 1 2 1 3 177 178
177 1 2 1 3 178 179
178 1 2 1 3 179 180
179 1 2 1 3 180 181
180 1 2 1 3 181 182
181 1 2 1 3 182 183
182 1 2 1 3 183 184
183 1 2 1 3 184 185
184 1 2 1 3 185 186
185 1 2 1 3 186 187
186 1 2 1 3 187 188
187 1 2 1 3 188 189
188 1 2 1 3 189 190
189 1 2 1 3 190 191
190 1 2 1 3 191 192
191 1 2 1 3 192 193
192 1 2 1 3 193 194
193 1 2 1 3 194 195
194 1 2 1 3 195 196
195 1 2 1 3 196 197
196 1 2 1 3 197 198
197 1 2 1 3 198 199
198 1 2 1 3 199 200
199 1 2 1 3 200 201
200 1 2 1 3 201 202
201 1 2 1 3 202 203
202 1 2 1 3 203 204
203 1 2 1 3 204 205
204 1 2 1 3 205 206
205 1 2 1 3 206 207
206 1 2 1 3 207 208
207 1 2 1 3 208 209
208 1 2 1 3 209 210
209 1 2 1 3 210 211
210 1 2 1 3 211 212
211 1 2 1 3 212 213
212 1 2 1 3 213 214
213 1 2 1 3 214 4
214 1 2 1 4 4 215
215 1 2 1 4 215 216
216 1 2 1 4 216 217
217 1 2 1 4 217 218
218 1 2 1 4 218 219
219 1 2 1 4 219 220
220 1 2 1 4 220 221
221 1 2 1 4 221 222
222 1 2 1 4 222 223
223 1 2 1 4 223 224
224 1 2 1 4 224 225
225 1 2 1 4 225 226
226 1 2 1 4 226 227
227 1 2 1 4 227 228
228 1 2 1 4 228 229
229 1 2 1 4 229 230
230 1 2 1 4 230 231
231 1 2 1 4 231 232
232 1 2 1 4 232 233
233 1 2 1 4 233 234
234 1 2 1 4 234 235
235 1 2 1 4 235 236
236 1 2 1 4 236 237
237 1 2 1 4 237 238
238 1 2 1 4 238 239
239 1 2 1 4 239 240
240 1 2 1 4 240 241
241 1 2 1 4 241 242
242 1 2 1 4 242 243
243 1 2 1 4 243 244
244 1 2 1 4 244 245
245 1 2 1 4 245 246
246 1 2 1 4 246 247
247 1 2 1 4 247 248
248 1 2 1 4 248 249
249 1 2 1 4 249 250
250 1 2 1 4 250 251
251 1 2 1 4 251 252
252 1 2 1 4 252 253
253 1 2 1 4 253 254
254 1 2 1 4 254 255
255 1 2 1 4 255 256
256 1 2 1 4 256 257
257 1 2 1 4 257 258
258 1 2 1 4 258 259
259 1 2 1 4 259 260
260 1 2 1 4 260 261
261 1 2 1 4 261 262
262 1 2 1 4 262 263
263 1 2 1 4 263 264
264 1 2 1 4 264 265
265 1 2 1 4 265 266
266 1 2 1 4 266 267
267 1 2 1 4 267 268
268 1 2 1 4 268 269
269 1 2 1 4 269 270
270 1 2 1 4 270 271
271 1 2 1 4 271 272
272 1 2 1 4 272 273
273 1 2 1 4 273 274
274 1 2 1 4 274 275
275 1 2 1 4 275 276
276 1 2 1 4 276 277
277 1 2 1 4 277 278
278 1 2 1 4 278 279
279 1 2 1 4 279 280
280 1 2 1 4 280 281
281 1 2 1 4 281 282
282 1 2 1 4 282 283
283 1 2 1 4 283 284
284 1 2 1 4 284 1
285 2 2 8 7 3729 3743 3730
286 2 2 8 7 3730 3743 3745
287 2 2 8 7 4592 4596 4593
288 2 2 8 7 4583 4596 4592
289 2 2 8 7 2813 2869 2866
290 2 2 8 7 2813 2870 2869
291 2 2 8 7 4638 4650 4641
292 2 2 8 7 4638 4641 4642
293 2 2 8 7 3530 3535 3540
294 2 2 8 7 3529 3530 3540
295 2 2 8 7 4710 4712 4711
296 2 2 8 7 4702 4711 4712
297 2 2 8 7 3592 3606 3597
298 2 2 8 7 3597 3606 3598
299 2 2 8 7 3532 3745 3743
300 2 2 8 7 1442 1447 1443
301 2 2 8 7 4544 4591 4590
302 2 2 8 7 4544 4545 4591
303 2 2 8 7 3532 3746 3745
304 2 2 8 7 1443 1447 1450
305 2 2 8 7 2797 2819 2818
306 2 2 8 7 3529 3540 3543
307 2 2 8 7 2797 2800 2819
308 2 2 8 7 1391 1449 1394
309 2 2 8 7 3529 3543 3600
310 2 2 8 7 1378 1449 1391
311 2 2 8 7 1378 1391 1386
312 2 2 8 7 1581 1632 1635
313 2 2 8 7 1378 1386 1381
314 2 2 8 7 2812 2817 2818
315 2 2 8 7 1580 1581 1635
316 2 2 8 7 2812 2818 2819
317 2 2 8 7 3574 3576 3575
318 2 2 8 7 3573 3576 3574
319 2 2 8 7 2797 2798 2800
320 2 2 8 7 3778 3782 3785
321 2 2 8 7 2872 2881 2880
322 2 2 8 7 2872 2940 2881
323 2 2 8 7 3778 3779 3782
324 2 2 8 7 4544 4548 4547
325 2 2 8 7 2798 2799 2800
326 2 2 8 7 4544 4547 4545
327 2 2 8 7 1394 1450 1447
328 2 2 8 7 1394 1449 1450
329 2 2 8 7 2812 2866 2817
330 2 2 8 7 2812 2813 2866
331 2 2 8 7 4583 4643 4596
332 2 2 8 7 4583 4584 4643
333 2 2 8 7 3532 3535 3746
334 2 2 8 7 4653 4702 4712
335 2 2 8 7 4653 4703 4702
336 2 2 8 7 3530 3746 3535
337 2 2 8 7 2910 2911 2912
338 2 2 8 7 2910 2944 2911
339 2 2 8 7 2881 2941 2907
340 2 2 8 7 2881 2940 2941
341 2 2 8 7 4707 4725 4727
342 2 2 8 7 4707 4708 4725
343 2 2 8 7 1383 1597 1595
344 2 2 8 7 1382 1383 1595
345 2 2 8 7 2869 2872 2880
346 2 2 8 7 2869 2870 2872
347 2 2 8 7 3729 3776 3777
348 2 2 8 7 3729 3730 3776
349 2 2 8 7 3730 3745 3757
350 2 2 8 7 3745 3755 3757
351 2 2 8 7 2813 2871 2870
352 2 2 8 7 2802 2871 2813
353 2 2 8 7 4580 4583 4592
354 2 2 8 7 4580 4582 4583
355 2 2 8 7 3528 3529 3600
356 2 2 8 7 3528 3600 3602
357 2 2 8 7 4638 4642 4640
358 2 2 8 7 4578 4640 4642
359 2 2 8 7 3598 3606 3607
360 2 2 8 7 3598 3607 3599
361 2 2 8 7 3745 3746 3755
362 2 2 8 7 3746 3748 3755
363 2 2 8 7 3528 3530 3529
364 2 2 8 7 3528 3531 3530
365 2 2 8 7 2774 2819 2800
366 2 2 8 7 2774 2811 2819
367 2 2 8 7 1378 1381 1379
368 2 2 8 7 3573 3574 3622
369 2 2 8 7 4702 4705 4711
370 2 2 8 7 1379 1381 1380
371 2 2 8 7 2811 2812 2819
372 2 2 8 7 3574 3621 3622
373 2 2 8 7 2809 2812 2811
374 2 2 8 7 4545 4560 4591
375 2 2 8 7 4705 4706 4711
376 2 2 8 7 4560 4561 4591
377 2 2 8 7 2775 2800 2799
378 2 2 8 7 2774 2800 2775
379 2 2 8 7 1443 1450 1456
380 2 2 8 7 2872 2939 2940
381 2 2 8 7 2872 2873 2939
382 2 2 8 7 1443 1456 1455
383 2 2 8 7 1378 1452 1449
384 2 2 8 7 1580 1635 1613
385 2 2 8 7 1378 1379 1452
386 2 2 8 7 2911 2944 2955
387 2 2 8 7 1580 1613 1614
388 2 2 8 7 2943 2955 2944
389 2 2 8 7 1449 1452 1450
390 2 2 8 7 1450 1452 1456
391 2 2 8 7 2809 2813 2812
392 2 2 8 7 3530 3748 3746
393 2 2 8 7 2802 2813 2809
394 2 2 8 7 3530 3531 3748
395 2 2 8 7 4677 4725 4708
396 2 2 8 7 4582 4584 4583
397 2 2 8 7 4676 4677 4708
398 2 2 8 7 4577 4584 4582
399 2 2 8 7 3779 3781 3782
400 2 2 8 7 4700 4702 4703
401 2 2 8 7 4700 4705 4702
402 2 2 8 7 3758 3781 3779
403 2 2 8 7 1382 1595 1600
404 2 2 8 7 1595 1598 1600
405 2 2 8 7 4545 4547 4546
406 2 2 8 7 2940 2942 2941
407 2 2 8 7 2939 2942 2940
408 2 2 8 7 4545 4546 4560
409 2 2 8 7 2870 2873 2872
410 2 2 8 7 2870 2871 2873
411 2 2 8 7 3730 3759 3776
412 2 2 8 7 3730 3757 3759
413 2 2 8 7 3868 3869 3870
414 2 2 8 7 3868 3880 3869
415 2 2 8 7 4342 4347 4343
416 2 2 8 7 4343 4347 4348
417 2 2 8 7 3341 3343 3342
418 2 2 8 7 3341 3344 3343
419 2 2 8 7 1654 1659 1655
420 2 2 8 7 1366 1659 1654
421 2 2 8 7 2913 2934 2925
422 2 2 8 7 1577 1593 1591
423 2 2 8 7 4726 4737 4731
424 2 2 8 7 4343 4348 4357
425 2 2 8 7 4343 4357 4356
426 2 2 8 7 3459 3465 3466
427 2 2 8 7 3911 3915 3944
428 2 2 8 7 3911 3913 3915
429 2 2 8 7 3459 3466 3468
430 2 2 8 7 3869 3880 3883
431 2 2 8 7 3880 3881 3883
432 2 2 8 7 4623 4627 4634
433 2 2 8 7 4627 4629 4634
434 2 2 8 7 3343 3344 3366
435 2 2 8 7 1223 1238 1237
436 2 2 8 7 1237 1238 1239
437 2 2 8 7 3344 3365 3366
438 2 2 8 7 3481 3524 3522
439 2 2 8 7 3481 3521 3524
440 2 2 8 7 1363 1366 1368
441 2 2 8 7 4767 4768 4769
442 2 2 8 7 1363 1368 1373
443 2 2 8 7 4766 4768 4767
444 2 2 8 7 1365 1366 1654
445 2 2 8 7 3518 3520 3801
446 2 2 8 7 3517 3801 3520
447 2 2 8 7 1365 1368 1366
448 2 2 8 7 3890 3925 3928
449 2 2 8 7 3890 3928 3893
450 2 2 8 7 3471 3474 3473
451 2 2 8 7 3471 3472 3474
452 2 2 8 7 3389 3391 3390
453 2 2 8 7 3388 3389 3390
454 2 2 8 7 2912 2934 2913
455 2 2 8 7 1196 1201 3348
456 2 2 8 7 3515 3520 3518
457 2 2 8 7 3515 3523 3520
458 2 2 8 7 1201 3355 3348
459 2 2 8 7 3893 3928 3929
460 2 2 8 7 3893 3929 3894
461 2 2 8 7 3907 3909 3910
462 2 2 8 7 3907 3908 3909
463 2 2 8 7 1772 1801 1776
464 2 2 8 7 1772 1776 1774
465 2 2 8 7 1191 1209 1196
466 2 2 8 7 1577 1579 1593
467 2 2 8 7 1196 1209 1201
468 2 2 8 7 4372 4374 4375
469 2 2 8 7 4372 4373 4374
470 2 2 8 7 4726 4735 4737
471 2 2 8 7 3729 3740 3743
472 2 2 8 7 4593 4596 4595
473 2 2 8 7 4641 4650 4645
474 2 2 8 7 3535 3536 3540
475 2 2 8 7 2866 2869 2868
476 2 2 8 7 4710 4713 4712
477 2 2 8 7 3592 3597 3594
478 2 2 8 7 1391 1394 1393
479 2 2 8 7 4536 4548 4544
480 2 2 8 7 2797 2818 2823
481 2 2 8 7 3532 3743 3744
482 2 2 8 7 1442 1446 1447
483 2 2 8 7 4544 4590 4589
484 2 2 8 7 3778 3785 3788
485 2 2 8 7 2796 2798 2797
486 2 2 8 7 2881 2907 2893
487 2 2 8 7 3575 3576 3577
488 2 2 8 7 1386 1391 1387
489 2 2 8 7 3540 3542 3543
490 2 2 8 7 2816 2818 2817
491 2 2 8 7 4653 4712 4656
492 2 2 8 7 2817 2866 2864
493 2 2 8 7 1581 1582 1632
494 2 2 8 7 1394 1447 1448
495 2 2 8 7 4596 4643 4610
496 2 2 8 7 3532 3533 3535
497 2 2 8 7 2879 2880 2881
498 2 2 8 7 2909 2910 2912
499 2 2 8 7 4707 4727 4721
500 2 2 8 7 2869 2880 2876
501 2 2 8 7 1350 1597 1383
502 2 2 8 7 3729 3777 3735
503 2 2 8 7 2785 2786 2792
504 2 2 8 7 2786 2787 2792
505 2 2 8 7 1637 1645 2918
506 2 2 8 7 1637 2918 2919
507 2 2 8 7 2786 4737 4735
508 2 2 8 7 4541 4548 4543
509 2 2 8 7 2786 4735 2787
510 2 2 8 7 3565 3572 3569
511 2 2 8 7 4541 4542 4548
512 2 2 8 7 3565 3569 3568
513 2 2 8 7 1633 1641 1645
514 2 2 8 7 1633 1645 1637
515 2 2 8 7 2918 2920 2929
516 2 2 8 7 2918 2929 2919
517 2 2 8 7 3588 3590 3595
518 2 2 8 7 1426 1428 1427
519 2 2 8 7 3755 3756 3757
520 2 2 8 7 3753 3756 3755
521 2 2 8 7 4573 4582 4580
522 2 2 8 7 4573 4580 4581
523 2 2 8 7 4646 4652 4651
524 2 2 8 7 4574 4640 4578
525 2 2 8 7 4574 4696 4640
526 2 2 8 7 3528 3602 3604
527 2 2 8 7 2802 2803 2871
528 2 2 8 7 3528 3604 3601
529 2 2 8 7 2801 2803 2802
530 2 2 8 7 3599 3607 3608
531 2 2 8 7 3599 3608 3611
532 2 2 8 7 4560 4562 4561
533 2 2 8 7 4561 4562 4564
534 2 2 8 7 1452 1454 1456
535 2 2 8 7 1454 1459 1456
536 2 2 8 7 3620 3622 3621
537 2 2 8 7 3620 3623 3622
538 2 2 8 7 3748 3749 3755
539 2 2 8 7 1613 1615 1614
540 2 2 8 7 1614 1615 1617
541 2 2 8 7 3749 3753 3755
542 2 2 8 7 1379 1380 1599
543 2 2 8 7 1379 1599 1451
544 2 2 8 7 4695 4706 4705
545 2 2 8 7 2773 2811 2774
546 2 2 8 7 3528 3747 3531
547 2 2 8 7 3528 3601 3747
548 2 2 8 7 4695 4704 4706
549 2 2 8 7 2773 2810 2811
550 2 2 8 7 2873 2936 2939
551 2 2 8 7 2808 2809 2811
552 2 2 8 7 2873 2938 2936
553 2 2 8 7 2808 2811 2810
554 2 2 8 7 1455 1456 1459
555 2 2 8 7 1455 1459 1457
556 2 2 8 7 3531 3747 3748
557 2 2 8 7 1379 1454 1452
558 2 2 8 7 3747 3749 3748
559 2 2 8 7 1379 1451 1454
560 2 2 8 7 2943 2945 2955
561 2 2 8 7 2945 2956 2955
562 2 2 8 7 4546 4562 4560
563 2 2 8 7 2801 2802 2809
564 2 2 8 7 4546 4559 4562
565 2 2 8 7 2801 2809 2808
566 2 2 8 7 2774 2775 2778
567 2 2 8 7 4699 4705 4700
568 2 2 8 7 4695 4705 4699
569 2 2 8 7 2936 2942 2939
570 2 2 8 7 2936 2947 2942
571 2 2 8 7 2773 2774 2778
572 2 2 8 7 3758 3772 3781
573 2 2 8 7 3758 3760 3772
574 2 2 8 7 4573 4577 4582
575 2 2 8 7 4573 4579 4577
576 2 2 8 7 4673 4677 4676
577 2 2 8 7 4673 4676 4675
578 2 2 8 7 1598 1606 1600
579 2 2 8 7 1600 1606 1602
580 2 2 8 7 2871 2938 2873
581 2 2 8 7 2803 2938 2871
582 2 2 8 7 3757 3762 3759
583 2 2 8 7 3756 3762 3757
584 2 2 8 7 3590 3592 3595
585 2 2 8 7 1425 1428 1426
586 2 2 8 7 1755 1775 1776
587 2 2 8 7 1752 1775 1755
588 2 2 8 7 2682 2684 2683
589 2 2 8 7 2683 2684 2685
590 2 2 8 7 2322 2324 2323
591 2 2 8 7 3912 3915 3913
592 2 2 8 7 2323 2324 2325
593 2 2 8 7 3912 3914 3915
594 2 2 8 7 4629 4636 4634
595 2 2 8 7 4424 4425 4426
596 2 2 8 7 3466 3467 3468
597 2 2 8 7 4423 4424 4426
598 2 2 8 7 4628 4636 4629
599 2 2 8 7 3467 3469 3468
600 2 2 8 7 4366 4367 4368
601 2 2 8 7 4367 4369 4368
602 2 2 8 7 3882 3884 3883
603 2 2 8 7 3882 3885 3884
604 2 2 8 7 3364 3366 3365
605 2 2 8 7 3363 3366 3364
606 2 2 8 7 2340 2899 2345
607 2 2 8 7 2340 2883 2899
608 2 2 8 7 2346 2348 2349
609 2 2 8 7 3521 3525 3524
610 2 2 8 7 2346 2349 2347
611 2 2 8 7 3521 3553 3525
612 2 2 8 7 1237 1239 1241
613 2 2 8 7 4355 4356 4357
614 2 2 8 7 2832 2844 2843
615 2 2 8 7 2340 2830 2883
616 2 2 8 7 2830 2884 2883
617 2 2 8 7 4764 4768 4766
618 2 2 8 7 2750 2751 2752
619 2 2 8 7 1239 1240 1241
620 2 2 8 7 2832 2843 2842
621 2 2 8 7 4355 4357 4358
622 2 2 8 7 3511 3883 3881
623 2 2 8 7 4764 4766 4765
624 2 2 8 7 2844 2847 2855
625 2 2 8 7 2750 2752 2753
626 2 2 8 7 2843 2844 2855
627 2 2 8 7 3511 3882 3883
628 2 2 8 7 1367 1373 1368
629 2 2 8 7 4350 4354 4620
630 2 2 8 7 4354 4603 4620
631 2 2 8 7 1367 1376 1373
632 2 2 8 7 1359 1368 1365
633 2 2 8 7 4944 4946 4945
634 2 2 8 7 3890 3893 3892
635 2 2 8 7 3890 3892 3891
636 2 2 8 7 1359 1367 1368
637 2 2 8 7 2679 2681 2852
638 2 2 8 7 4630 4633 4664
639 2 2 8 7 4633 4635 4664
640 2 2 8 7 2679 2852 2853
641 2 2 8 7 4943 4946 4944
642 2 2 8 7 4350 4619 4625
643 2 2 8 7 4350 4620 4619
644 2 2 8 7 2262 2263 2264
645 2 2 8 7 3890 3891 4429
646 2 2 8 7 1232 1246 1235
647 2 2 8 7 3517 3520 3519
648 2 2 8 7 3388 3390 3402
649 2 2 8 7 3388 3402 3401
650 2 2 8 7 1232 1245 1246
651 2 2 8 7 2261 2262 2264
652 2 2 8 7 1208 1209 1210
653 2 2 8 7 1207 1208 1210
654 2 2 8 7 3510 3517 3519
655 2 2 8 7 3891 4430 4429
656 2 2 8 7 2710 2712 2715
657 2 2 8 7 2331 2337 2332
658 2 2 8 7 2709 2710 2715
659 2 2 8 7 2331 2338 2337
660 2 2 8 7 4741 4744 4743
661 2 2 8 7 3519 3520 3523
662 2 2 8 7 3519 3523 3526
663 2 2 8 7 4741 4743 4742
664 2 2 8 7 3472 3556 3474
665 2 2 8 7 1317 1321 1318
666 2 2 8 7 3472 3559 3556
667 2 2 8 7 1318 1321 1407
668 2 2 8 7 1201 1209 1208
669 2 2 8 7 4667 4942 4939
670 2 2 8 7 4667 4670 4942
671 2 2 8 7 1201 1202 3355
672 2 2 8 7 1201 1208 1202
673 2 2 8 7 1202 3356 3355
674 2 2 8 7 2720 2721 2724
675 2 2 8 7 2719 2720 2724
676 2 2 8 7 3892 3893 3894
677 2 2 8 7 3892 3894 3895
678 2 2 8 7 1762 1768 1770
679 2 2 8 7 3902 3909 3908
680 2 2 8 7 1761 1768 1762
681 2 2 8 7 3901 3902 3908
682 2 2 8 7 4646 4650 4652
683 2 2 8 7 4364 4374 4373
684 2 2 8 7 4364 4373 4365
685 2 2 8 7 1774 1776 1775
686 2 2 8 7 1773 1774 1775
687 2 2 8 7 3392 3396 3395
688 2 2 8 7 3392 3397 3396
689 2 2 8 7 2265 2323 2325
690 2 2 8 7 2265 2325 2334
691 2 2 8 7 4617 4636 4628
692 2 2 8 7 1752 1757 1775
693 2 2 8 7 4617 4637 4636
694 2 2 8 7 1752 1756 1757
695 2 2 8 7 3498 3885 3882
696 2 2 8 7 3498 3900 3885
697 2 2 8 7 4423 4426 4431
698 2 2 8 7 1346 1737 1741
699 2 2 8 7 1346 1741 1760
700 2 2 8 7 4422 4423 4431
701 2 2 8 7 4360 4369 4367
702 2 2 8 7 4360 4367 4421
703 2 2 8 7 2843 2855 2856
704 2 2 8 7 2843 2856 2857
705 2 2 8 7 3906 3914 3912
706 2 2 8 7 2683 2685 2850
707 2 2 8 7 3897 3914 3906
708 2 2 8 7 2685 2707 2850
709 2 2 8 7 1248 1315 1318
710 2 2 8 7 1248 1318 1412
711 2 2 8 7 2882 2883 2884
712 2 2 8 7 2882 2884 2886
713 2 2 8 7 3404 3469 3467
714 2 2 8 7 4761 4764 4765
715 2 2 8 7 2339 2346 2347
716 2 2 8 7 2339 2347 2900
717 2 2 8 7 4761 4765 4763
718 2 2 8 7 3404 3561 3469
719 2 2 8 7 1358 1367 1359
720 2 2 8 7 3361 3363 3364
721 2 2 8 7 1356 1367 1358
722 2 2 8 7 3352 3361 3364
723 2 2 8 7 4355 4358 4362
724 2 2 8 7 3525 3553 3554
725 2 2 8 7 3525 3554 3552
726 2 2 8 7 4355 4362 4605
727 2 2 8 7 1206 1241 1240
728 2 2 8 7 3889 4430 3891
729 2 2 8 7 1206 1240 1243
730 2 2 8 7 3889 4433 4430
731 2 2 8 7 2883 2898 2899
732 2 2 8 7 2882 2898 2883
733 2 2 8 7 4603 4618 4620
734 2 2 8 7 4603 4604 4618
735 2 2 8 7 3889 3891 3892
736 2 2 8 7 3886 3889 3892
737 2 2 8 7 3507 3510 3519
738 2 2 8 7 3507 3509 3510
739 2 2 8 7 1344 1345 1360
740 2 2 8 7 2851 2853 2852
741 2 2 8 7 4741 4742 4750
742 2 2 8 7 2851 2854 2853
743 2 2 8 7 2842 2843 2857
744 2 2 8 7 1345 1357 1360
745 2 2 8 7 2841 2842 2857
746 2 2 8 7 4742 4757 4750
747 2 2 8 7 1199 1202 1208
748 2 2 8 7 4672 4943 4944
749 2 2 8 7 1244 1246 1245
750 2 2 8 7 2752 2755 2753
751 2 2 8 7 2752 2759 2755
752 2 2 8 7 2261 2264 2270
753 2 2 8 7 2264 2266 2270
754 2 2 8 7 1244 1245 1247
755 2 2 8 7 1199 1200 1202
756 2 2 8 7 2335 2337 2338
757 2 2 8 7 4672 4762 4943
758 2 2 8 7 3496 3882 3511
759 2 2 8 7 4618 4619 4620
760 2 2 8 7 3496 3498 3882
761 2 2 8 7 2335 2338 2336
762 2 2 8 7 1356 1376 1367
763 2 2 8 7 1318 1407 1412
764 2 2 8 7 1407 1410 1412
765 2 2 8 7 4616 4619 4618
766 2 2 8 7 3555 3556 3559
767 2 2 8 7 3555 3559 3560
768 2 2 8 7 1356 1377 1376
769 2 2 8 7 3400 3401 3402
770 2 2 8 7 4756 4770 4771
771 2 2 8 7 3400 3403 3401
772 2 2 8 7 4756 4771 4760
773 2 2 8 7 2708 2710 2709
774 2 2 8 7 1199 1208 1207
775 2 2 8 7 2708 2709 2717
776 2 2 8 7 4666 4670 4667
777 2 2 8 7 1199 1207 1205
778 2 2 8 7 3507 3519 3526
779 2 2 8 7 4666 4671 4670
780 2 2 8 7 3507 3526 3527
781 2 2 8 7 2718 2720 2719
782 2 2 8 7 3886 3892 3895
783 2 2 8 7 3886 3895 3896
784 2 2 8 7 2718 2719 2754
785 2 2 8 7 1375 1405 1404
786 2 2 8 7 1375 1403 1405
787 2 2 8 7 4635 4665 4664
788 2 2 8 7 4635 4663 4665
789 2 2 8 7 3901 3905 3902
790 2 2 8 7 3901 3903 3905
791 2 2 8 7 1200 3356 1202
792 2 2 8 7 1761 1762 1765
793 2 2 8 7 1761 1765 1763
794 2 2 8 7 1200 3354 3356
795 2 2 8 7 4361 4364 4365
796 2 2 8 7 4361 4363 4364
797 2 2 8 7 1757 1773 1775
798 2 2 8 7 1757 1766 1773
799 2 2 8 7 3362 3396 3397
800 2 2 8 7 3362 3399 3396
801 2 2 8 7 2951 3029 2967
802 2 2 8 7 2951 3028 3029
803 2 2 8 7 1554 1557 1556
804 2 2 8 7 1552 1554 1556
805 2 2 8 7 2767 2990 2768
806 2 2 8 7 2767 2989 2990
807 2 2 8 7 2967 3029 2971
808 2 2 8 7 4542 4547 4548
809 2 2 8 7 4488 4496 4494
810 2 2 8 7 4542 4549 4547
811 2 2 8 7 4488 4497 4496
812 2 2 8 7 2971 3029 3030
813 2 2 8 7 2787 2791 2792
814 2 2 8 7 2787 2789 2791
815 2 2 8 7 1637 2919 1638
816 2 2 8 7 1638 2919 2928
817 2 2 8 7 2787 4735 4736
818 2 2 8 7 3564 3565 3568
819 2 2 8 7 3564 3568 3566
820 2 2 8 7 2787 4736 2789
821 2 2 8 7 2919 2929 2931
822 2 2 8 7 1633 1637 1634
823 2 2 8 7 1634 1637 1638
824 2 2 8 7 2919 2931 2928
825 2 2 8 7 3631 3633 3640
826 2 2 8 7 3633 3639 3640
827 2 2 8 7 3628 3641 3643
828 2 2 8 7 3641 3642 3643
829 2 2 8 7 1576 1623 1624
830 2 2 8 7 1572 1623 1576
831 2 2 8 7 4615 4637 4617
832 2 2 8 7 4615 4661 4637
833 2 2 8 7 3498 3499 3900
834 2 2 8 7 3499 3739 3900
835 2 2 8 7 1756 1758 1757
836 2 2 8 7 1757 1758 1759
837 2 2 8 7 2265 2334 2267
838 2 2 8 7 2267 2334 2333
839 2 2 8 7 1354 1356 1358
840 2 2 8 7 1354 1355 1356
841 2 2 8 7 2882 2886 2890
842 2 2 8 7 2882 2890 2891
843 2 2 8 7 1346 1760 1590
844 2 2 8 7 1346 1590 1348
845 2 2 8 7 2707 2849 2850
846 2 2 8 7 3897 3906 3899
847 2 2 8 7 3899 3906 3904
848 2 2 8 7 2707 2829 2849
849 2 2 8 7 2856 2858 2857
850 2 2 8 7 3404 3581 3561
851 2 2 8 7 3557 3561 3581
852 2 2 8 7 2856 2859 2858
853 2 2 8 7 4719 4761 4763
854 2 2 8 7 4719 4723 4761
855 2 2 8 7 4362 4602 4605
856 2 2 8 7 4602 4607 4605
857 2 2 8 7 4422 4431 4434
858 2 2 8 7 3888 4433 3889
859 2 2 8 7 4604 4606 4618
860 2 2 8 7 4359 4360 4421
861 2 2 8 7 4606 4612 4618
862 2 2 8 7 1198 1200 1199
863 2 2 8 7 4359 4421 4420
864 2 2 8 7 4750 4757 4754
865 2 2 8 7 4419 4422 4434
866 2 2 8 7 3888 4436 4433
867 2 2 8 7 1197 1200 1198
868 2 2 8 7 4754 4757 4755
869 2 2 8 7 2339 2900 2896
870 2 2 8 7 4657 4671 4666
871 2 2 8 7 2339 2896 2904
872 2 2 8 7 3352 3360 3361
873 2 2 8 7 4657 4669 4671
874 2 2 8 7 3350 3360 3352
875 2 2 8 7 1248 1412 1431
876 2 2 8 7 1409 1431 1412
877 2 2 8 7 2841 2857 2858
878 2 2 8 7 2841 2858 2887
879 2 2 8 7 4668 4762 4672
880 2 2 8 7 4612 4616 4618
881 2 2 8 7 2708 2717 2828
882 2 2 8 7 4668 4716 4762
883 2 2 8 7 4612 4613 4616
884 2 2 8 7 2717 2824 2828
885 2 2 8 7 3550 3552 3554
886 2 2 8 7 3886 3888 3889
887 2 2 8 7 3550 3554 3551
888 2 2 8 7 3886 3887 3888
889 2 2 8 7 2882 2891 2898
890 2 2 8 7 3506 3509 3507
891 2 2 8 7 1355 1377 1356
892 2 2 8 7 2891 2897 2898
893 2 2 8 7 1355 1400 1377
894 2 2 8 7 2755 2759 2757
895 2 2 8 7 2848 2854 2851
896 2 2 8 7 1244 1247 1437
897 2 2 8 7 2757 2759 2762
898 2 2 8 7 1345 1347 1357
899 2 2 8 7 2848 2861 2854
900 2 2 8 7 3505 3509 3506
901 2 2 8 7 2335 2336 2915
902 2 2 8 7 1347 1353 1357
903 2 2 8 7 1247 1434 1437
904 2 2 8 7 2336 2903 2915
905 2 2 8 7 1203 1206 1243
906 2 2 8 7 1203 1243 1242
907 2 2 8 7 4756 4760 4758
908 2 2 8 7 3546 3555 3560
909 2 2 8 7 4758 4760 4759
910 2 2 8 7 3400 3584 3403
911 2 2 8 7 3400 3586 3584
912 2 2 8 7 3546 3560 3558
913 2 2 8 7 1410 1411 1412
914 2 2 8 7 1409 1412 1411
915 2 2 8 7 2716 2718 2754
916 2 2 8 7 2716 2754 2756
917 2 2 8 7 4662 4665 4663
918 2 2 8 7 4660 4662 4663
919 2 2 8 7 3886 3896 3887
920 2 2 8 7 3887 3896 3898
921 2 2 8 7 1198 1199 1205
922 2 2 8 7 3496 3499 3498
923 2 2 8 7 2266 2268 2270
924 2 2 8 7 1402 1405 1403
925 2 2 8 7 3496 3497 3499
926 2 2 8 7 1401 1402 1403
927 2 2 8 7 2268 2271 2270
928 2 2 8 7 1198 1205 1204
929 2 2 8 7 1589 1763 1765
930 2 2 8 7 1586 1589 1765
931 2 2 8 7 3506 3507 3527
932 2 2 8 7 3733 3905 3903
933 2 2 8 7 3733 3903 3738
934 2 2 8 7 3506 3527 3549
935 2 2 8 7 1197 3354 1200
936 2 2 8 7 4361 4586 4363
937 2 2 8 7 4363 4586 4601
938 2 2 8 7 1197 3349 3354
939 2 2 8 7 3362 3398 3399
940 2 2 8 7 1757 1759 1766
941 2 2 8 7 3359 3398 3362
942 2 2 8 7 1759 1764 1766
943 2 2 8 7 4574 4576 4696
944 2 2 8 7 4490 4696 4576
945 2 2 8 7 3752 3756 3753
946 2 2 8 7 3752 3754 3756
947 2 2 8 7 1453 1459 1454
948 2 2 8 7 1453 1460 1459
949 2 2 8 7 4571 4573 4581
950 2 2 8 7 4562 4563 4564
951 2 2 8 7 4563 4567 4564
952 2 2 8 7 3608 3612 3611
953 2 2 8 7 2801 3003 2803
954 2 2 8 7 4571 4572 4573
955 2 2 8 7 2801 2804 3003
956 2 2 8 7 3608 3610 3612
957 2 2 8 7 3601 3604 3686
958 2 2 8 7 3603 3686 3604
959 2 2 8 7 1615 1620 1617
960 2 2 8 7 2771 2810 2773
961 2 2 8 7 2771 2806 2810
962 2 2 8 7 1615 1616 1620
963 2 2 8 7 3684 3749 3747
964 2 2 8 7 3684 3750 3749
965 2 2 8 7 3616 3623 3620
966 2 2 8 7 3616 3625 3623
967 2 2 8 7 2936 2938 2937
968 2 2 8 7 2801 2808 2804
969 2 2 8 7 3601 3684 3747
970 2 2 8 7 2937 2938 3005
971 2 2 8 7 2804 2808 2807
972 2 2 8 7 1451 1599 1535
973 2 2 8 7 1451 1535 1537
974 2 2 8 7 4559 4563 4562
975 2 2 8 7 1451 1453 1454
976 2 2 8 7 2936 2946 2947
977 2 2 8 7 3601 3686 3684
978 2 2 8 7 4694 4704 4695
979 2 2 8 7 4558 4563 4559
980 2 2 8 7 2936 2937 2946
981 2 2 8 7 1451 1537 1453
982 2 2 8 7 4692 4704 4694
983 2 2 8 7 2771 2773 2778
984 2 2 8 7 1457 1459 1460
985 2 2 8 7 2771 2778 2777
986 2 2 8 7 1457 1460 1458
987 2 2 8 7 4695 4699 4698
988 2 2 8 7 4694 4695 4698
989 2 2 8 7 3760 3761 3772
990 2 2 8 7 3761 3773 3772
991 2 2 8 7 2945 2954 2956
992 2 2 8 7 2807 2808 2810
993 2 2 8 7 3749 3750 3753
994 2 2 8 7 2806 2807 2810
995 2 2 8 7 3750 3752 3753
996 2 2 8 7 2945 2948 2954
997 2 2 8 7 4572 4579 4573
998 2 2 8 7 4572 4575 4579
999 2 2 8 7 2803 3005 2938
1000 2 2 8 7 2803 3003 3005
1001 2 2 8 7 1601 1602 1606
1002 2 2 8 7 1601 1606 1603
1003 2 2 8 7 4673 4675 4674
1004 2 2 8 7 4674 4675 4689
1005 2 2 8 7 3756 3764 3762
1006 2 2 8 7 3754 3764 3756
1007 2 2 8 7 2912 2935 2934
1008 2 2 8 7 1579 1596 1593
1009 2 2 8 7 4726 4733 4735
1010 2 2 8 7 1423 1425 1426
1011 2 2 8 7 3867 3868 3870
1012 2 2 8 7 4342 4344 4347
1013 2 2 8 7 3590 3591 3592
1014 2 2 8 7 3338 3341 3342
1015 2 2 8 7 1655 1659 1657
1016 2 2 8 7 2911 2935 2912
1017 2 2 8 7 1578 1596 1579
1018 2 2 8 7 4615 4648 4661
1019 2 2 8 7 4615 4647 4648
1020 2 2 8 7 2858 2859 2862
1021 2 2 8 7 2858 2862 2875
1022 2 2 8 7 3499 3741 3739
1023 2 2 8 7 3736 3739 3741
1024 2 2 8 7 2890 2892 2891
1025 2 2 8 7 2814 2849 2829
1026 2 2 8 7 2889 2892 2890
1027 2 2 8 7 2814 2829 2826
1028 2 2 8 7 1354 1388 1355
1029 2 2 8 7 1351 1388 1354
1030 2 2 8 7 1348 1590 1587
1031 2 2 8 7 1639 1759 1758
1032 2 2 8 7 1348 1587 1592
1033 2 2 8 7 4718 4723 4719
1034 2 2 8 7 4718 4722 4723
1035 2 2 8 7 3786 3899 3904
1036 2 2 8 7 1639 1758 1642
1037 2 2 8 7 3732 3786 3904
1038 2 2 8 7 4606 4611 4612
1039 2 2 8 7 4606 4608 4611
1040 2 2 8 7 2267 2333 2923
1041 2 2 8 7 2333 2916 2923
1042 2 2 8 7 3539 3550 3551
1043 2 2 8 7 4738 4754 4755
1044 2 2 8 7 1423 1424 1425
1045 2 2 8 7 3539 3551 3548
1046 2 2 8 7 3793 4436 3888
1047 2 2 8 7 4730 4738 4755
1048 2 2 8 7 3557 3581 3582
1049 2 2 8 7 3793 4538 4436
1050 2 2 8 7 3557 3582 3593
1051 2 2 8 7 4668 4715 4716
1052 2 2 8 7 4359 4420 4534
1053 2 2 8 7 4600 4607 4602
1054 2 2 8 7 4359 4534 4587
1055 2 2 8 7 4598 4607 4600
1056 2 2 8 7 1197 1198 1421
1057 2 2 8 7 2824 2827 2828
1058 2 2 8 7 4715 4717 4716
1059 2 2 8 7 4657 4658 4669
1060 2 2 8 7 1409 1444 1431
1061 2 2 8 7 1431 1444 1432
1062 2 2 8 7 1197 1421 1419
1063 2 2 8 7 1203 1242 1430
1064 2 2 8 7 2896 2905 2904
1065 2 2 8 7 1242 1435 1430
1066 2 2 8 7 4733 4736 4735
1067 2 2 8 7 2824 2825 2827
1068 2 2 8 7 2902 2904 2905
1069 2 2 8 7 4654 4669 4658
1070 2 2 8 7 1355 1388 1400
1071 2 2 8 7 1388 1389 1400
1072 2 2 8 7 3591 3606 3592
1073 2 2 8 7 2757 2762 2783
1074 2 2 8 7 2716 2756 2793
1075 2 2 8 7 4612 4614 4613
1076 2 2 8 7 2716 2793 2822
1077 2 2 8 7 3793 3888 3887
1078 2 2 8 7 2891 2895 2897
1079 2 2 8 7 2757 2783 2794
1080 2 2 8 7 4611 4614 4612
1081 2 2 8 7 1198 1204 1421
1082 2 2 8 7 2891 2892 2895
1083 2 2 8 7 3790 3793 3887
1084 2 2 8 7 4419 4434 4540
1085 2 2 8 7 1347 1349 1353
1086 2 2 8 7 1204 1429 1421
1087 2 2 8 7 1349 1352 1353
1088 2 2 8 7 4419 4540 4537
1089 2 2 8 7 2848 2860 2861
1090 2 2 8 7 2860 2863 2861
1091 2 2 8 7 3505 3506 3537
1092 2 2 8 7 2268 2924 2271
1093 2 2 8 7 2271 2924 2921
1094 2 2 8 7 4728 4758 4759
1095 2 2 8 7 3503 3505 3537
1096 2 2 8 7 3506 3549 3537
1097 2 2 8 7 3546 3558 3547
1098 2 2 8 7 4724 4728 4759
1099 2 2 8 7 3350 3579 3360
1100 2 2 8 7 3544 3547 3558
1101 2 2 8 7 3537 3549 3538
1102 2 2 8 7 2858 2875 2887
1103 2 2 8 7 3350 3571 3579
1104 2 2 8 7 1395 1409 1411
1105 2 2 8 7 2874 2887 2875
1106 2 2 8 7 1395 1444 1409
1107 2 2 8 7 1585 1589 1586
1108 2 2 8 7 3584 3586 3587
1109 2 2 8 7 1585 1588 1589
1110 2 2 8 7 3583 3584 3587
1111 2 2 8 7 4649 4662 4660
1112 2 2 8 7 4649 4659 4662
1113 2 2 8 7 3497 3741 3499
1114 2 2 8 7 1197 1419 3349
1115 2 2 8 7 3497 3500 3741
1116 2 2 8 7 1434 1436 1437
1117 2 2 8 7 1419 3567 3349
1118 2 2 8 7 1433 1436 1434
1119 2 2 8 7 2903 2914 2915
1120 2 2 8 7 2901 2914 2903
1121 2 2 8 7 1390 1402 1401
1122 2 2 8 7 1390 1399 1402
1123 2 2 8 7 4586 4599 4601
1124 2 2 8 7 4585 4599 4586
1125 2 2 8 7 3790 3887 3898
1126 2 2 8 7 3789 3790 3898
1127 2 2 8 7 3733 3738 3737
1128 2 2 8 7 3733 3737 3734
1129 2 2 8 7 3359 3585 3398
1130 2 2 8 7 3359 3580 3585
1131 2 2 8 7 1639 1764 1759
1132 2 2 8 7 1584 1764 1639
1133 2 2 8 7 2913 2925 2916
1134 2 2 8 7 1577 1591 1587
1135 2 2 8 7 1427 1428 1430
1136 2 2 8 7 3583 3588 3595
1137 2 2 8 7 4731 4737 4738
1138 2 2 8 7 4546 4547 4549
1139 2 2 8 7 4546 4549 4550
1140 2 2 8 7 4646 4651 4649
1141 2 2 8 7 2789 2790 2791
1142 2 2 8 7 2788 2790 2789
1143 2 2 8 7 1636 1638 2928
1144 2 2 8 7 3563 3564 3566
1145 2 2 8 7 1636 2928 2927
1146 2 2 8 7 3562 3563 3566
1147 2 2 8 7 2789 4736 4732
1148 2 2 8 7 2788 2789 4732
1149 2 2 8 7 2928 2931 2930
1150 2 2 8 7 2927 2928 2930
1151 2 2 8 7 1627 1634 1638
1152 2 2 8 7 1627 1638 1636
1153 2 2 8 7 2784 2786 2785
1154 2 2 8 7 3569 3572 3570
1155 2 2 8 7 1645 1646 2918
1156 2 2 8 7 4539 4541 4543
1157 2 2 8 7 2786 4740 4737
1158 2 2 8 7 2918 2922 2920
1159 2 2 8 7 1641 1643 1645
1160 2 2 8 7 3459 3463 3465
1161 2 2 8 7 1223 1225 1238
1162 2 2 8 7 3911 3944 3948
1163 2 2 8 7 4623 4624 4627
1164 2 2 8 7 4767 4769 4783
1165 2 2 8 7 3481 3522 3483
1166 2 2 8 7 1363 1364 1366
1167 2 2 8 7 1194 1196 3348
1168 2 2 8 7 3515 3518 3516
1169 2 2 8 7 3518 3801 3803
1170 2 2 8 7 3470 3471 3473
1171 2 2 8 7 3925 3926 3928
1172 2 2 8 7 3907 3910 3951
1173 2 2 8 7 1772 1807 1801
1174 2 2 8 7 3928 3930 3929
1175 2 2 8 7 3386 3391 3389
1176 2 2 8 7 1191 1196 1193
1177 2 2 8 7 4372 4375 4382
1178 2 2 8 7 3721 3725 3724
1179 2 2 8 7 3721 3726 3725
1180 2 2 8 7 4437 4447 4454
1181 2 2 8 7 3035 3048 3050
1182 2 2 8 7 4447 4449 4454
1183 2 2 8 7 1545 1548 1547
1184 2 2 8 7 1547 1548 1560
1185 2 2 8 7 1639 1642 1640
1186 2 2 8 7 4709 4722 4718
1187 2 2 8 7 4709 4720 4722
1188 2 2 8 7 1351 1385 1388
1189 2 2 8 7 1351 1384 1385
1190 2 2 8 7 1640 1642 1641
1191 2 2 8 7 3731 3786 3732
1192 2 2 8 7 3731 3787 3786
1193 2 2 8 7 3644 3647 3695
1194 2 2 8 7 3047 3050 3048
1195 2 2 8 7 2902 2905 2906
1196 2 2 8 7 2902 2906 2908
1197 2 2 8 7 3644 3645 3647
1198 2 2 8 7 3790 3791 3793
1199 2 2 8 7 3791 3792 3793
1200 2 2 8 7 1421 1429 1422
1201 2 2 8 7 1422 1429 1428
1202 2 2 8 7 1419 1421 1422
1203 2 2 8 7 3792 4538 3793
1204 2 2 8 7 1419 1422 1420
1205 2 2 8 7 2921 2924 2926
1206 2 2 8 7 2920 2921 2926
1207 2 2 8 7 3792 4541 4538
1208 2 2 8 7 2783 2785 2794
1209 2 2 8 7 4609 4614 4611
1210 2 2 8 7 1433 1438 1436
1211 2 2 8 7 2785 2795 2794
1212 2 2 8 7 1433 1441 1438
1213 2 2 8 7 4609 4644 4614
1214 2 2 8 7 1583 1588 1585
1215 2 2 8 7 1577 1588 1583
1216 2 2 8 7 3544 3545 3547
1217 2 2 8 7 3544 3596 3545
1218 2 2 8 7 1419 1420 3567
1219 2 2 8 7 1420 3569 3567
1220 2 2 8 7 4585 4588 4599
1221 2 2 8 7 1494 1500 1495
1222 2 2 8 7 4588 4594 4599
1223 2 2 8 7 3571 3578 3579
1224 2 2 8 7 3571 3572 3578
1225 2 2 8 7 1494 1496 1500
1226 2 2 8 7 4500 4501 4502
1227 2 2 8 7 4500 4502 4515
1228 2 2 8 7 1503 1531 1519
1229 2 2 8 7 3016 3022 3026
1230 2 2 8 7 3022 3023 3026
1231 2 2 8 7 3028 3031 3029
1232 2 2 8 7 1552 1556 1562
1233 2 2 8 7 1558 1573 1570
1234 2 2 8 7 3029 3034 3030
1235 2 2 8 7 3029 3031 3034
1236 2 2 8 7 1556 1558 1562
1237 2 2 8 7 3027 3031 3028
1238 2 2 8 7 1558 1570 1563
1239 2 2 8 7 2951 2967 2953
1240 2 2 8 7 4512 4518 4514
1241 2 2 8 7 1554 1604 1557
1242 2 2 8 7 4514 4518 4517
1243 2 2 8 7 4496 4497 4501
1244 2 2 8 7 1519 1531 1530
1245 2 2 8 7 2985 2990 2989
1246 2 2 8 7 4496 4501 4499
1247 2 2 8 7 4488 4494 4492
1248 2 2 8 7 2985 2989 2988
1249 2 2 8 7 3627 3628 3643
1250 2 2 8 7 4437 4440 4441
1251 2 2 8 7 3638 3640 3639
1252 2 2 8 7 4437 4439 4440
1253 2 2 8 7 3634 3640 3638
1254 2 2 8 7 1572 1576 1574
1255 2 2 8 7 3641 3644 3642
1256 2 2 8 7 1572 1574 1573
1257 2 2 8 7 3635 3644 3641
1258 2 2 8 7 3752 3763 3754
1259 2 2 8 7 3751 3763 3752
1260 2 2 8 7 4489 4490 4576
1261 2 2 8 7 4489 4576 4505
1262 2 2 8 7 4563 4568 4567
1263 2 2 8 7 1453 1538 1460
1264 2 2 8 7 4563 4566 4568
1265 2 2 8 7 1460 1538 1461
1266 2 2 8 7 2804 3002 3003
1267 2 2 8 7 2804 3001 3002
1268 2 2 8 7 3610 3613 3612
1269 2 2 8 7 3612 3613 3614
1270 2 2 8 7 3684 3686 3685
1271 2 2 8 7 3683 3684 3685
1272 2 2 8 7 3616 3624 3625
1273 2 2 8 7 3616 3630 3624
1274 2 2 8 7 1616 1619 1620
1275 2 2 8 7 1616 1621 1619
1276 2 2 8 7 4569 4572 4571
1277 2 2 8 7 4569 4570 4572
1278 2 2 8 7 3684 3704 3750
1279 2 2 8 7 3683 3704 3684
1280 2 2 8 7 3603 3685 3686
1281 2 2 8 7 3603 3687 3685
1282 2 2 8 7 2771 2772 2806
1283 2 2 8 7 1458 1460 1461
1284 2 2 8 7 1458 1461 1476
1285 2 2 8 7 2770 2806 2772
1286 2 2 8 7 2937 3006 2946
1287 2 2 8 7 2946 3006 2950
1288 2 2 8 7 3761 3766 3773
1289 2 2 8 7 3766 3770 3773
1290 2 2 8 7 2948 2952 2954
1291 2 2 8 7 4692 4694 4693
1292 2 2 8 7 2948 2949 2952
1293 2 2 8 7 4558 4566 4563
1294 2 2 8 7 4554 4566 4558
1295 2 2 8 7 4691 4692 4693
1296 2 2 8 7 2937 3005 3004
1297 2 2 8 7 1453 1537 1536
1298 2 2 8 7 2937 3004 3006
1299 2 2 8 7 4693 4694 4698
1300 2 2 8 7 2804 2807 3001
1301 2 2 8 7 2805 3001 2807
1302 2 2 8 7 1453 1536 1538
1303 2 2 8 7 4493 4693 4698
1304 2 2 8 7 4506 4575 4572
1305 2 2 8 7 4506 4572 4570
1306 2 2 8 7 2765 2771 2777
1307 2 2 8 7 2765 2772 2771
1308 2 2 8 7 3002 3005 3003
1309 2 2 8 7 3002 3004 3005
1310 2 2 8 7 1534 1537 1535
1311 2 2 8 7 1601 1603 1605
1312 2 2 8 7 4674 4689 4687
1313 2 2 8 7 1553 1601 1605
1314 2 2 8 7 4687 4689 4690
1315 2 2 8 7 1534 1536 1537
1316 2 2 8 7 2770 2807 2806
1317 2 2 8 7 2770 2805 2807
1318 2 2 8 7 3750 3751 3752
1319 2 2 8 7 3704 3751 3750
1320 2 2 8 7 3754 3765 3764
1321 2 2 8 7 3754 3763 3765
1322 2 2 8 7 2911 2959 2935
1323 2 2 8 7 1578 1609 1596
1324 2 2 8 7 2764 2767 2768
1325 2 2 8 7 2967 2971 2969
1326 2 2 8 7 4639 4701 4703
1327 2 2 8 7 2741 2751 2750
1328 2 2 8 7 3890 4429 3924
1329 2 2 8 7 1755 1776 1788
1330 2 2 8 7 4413 4425 4424
1331 2 2 8 7 3877 3883 3884
1332 2 2 8 7 4350 4351 4354
1333 2 2 8 7 2322 2326 2324
1334 2 2 8 7 2665 2684 2682
1335 2 2 8 7 2911 2955 2959
1336 2 2 8 7 1232 1235 1234
1337 2 2 8 7 2348 2358 2349
1338 2 2 8 7 4945 4946 4949
1339 2 2 8 7 2832 2840 2844
1340 2 2 8 7 1767 1770 1768
1341 2 2 8 7 4366 4368 4370
1342 2 2 8 7 2340 2345 2343
1343 2 2 8 7 2340 2414 2830
1344 2 2 8 7 4630 4632 4633
1345 2 2 8 7 2262 2295 2263
1346 2 2 8 7 1578 1612 1609
1347 2 2 8 7 2711 2715 2712
1348 2 2 8 7 1192 1210 1209
1349 2 2 8 7 2844 2846 2847
1350 2 2 8 7 2328 2331 2332
1351 2 2 8 7 2677 2681 2679
1352 2 2 8 7 4274 4350 4625
1353 2 2 8 7 3629 3633 3631
1354 2 2 8 7 4743 4744 4799
1355 2 2 8 7 4937 4939 4942
1356 2 2 8 7 1317 1320 1321
1357 2 2 8 7 2721 2722 2724
1358 2 2 8 7 3392 3395 3393
1359 2 2 8 7 4700 4703 4701
1360 2 2 8 7 1623 1625 1624
1361 2 2 8 7 3411 3412 3413
1362 2 2 8 7 3412 3487 3413
1363 2 2 8 7 4639 4652 4650
1364 2 2 8 7 4985 4986 4989
1365 2 2 8 7 4984 4986 4985
1366 2 2 8 7 1934 1935 1936
1367 2 2 8 7 1934 1936 1937
1368 2 2 8 7 1709 1866 1906
1369 2 2 8 7 1709 1906 1818
1370 2 2 8 7 4846 4859 4858
1371 2 2 8 7 4845 4846 4858
1372 2 2 8 7 3206 3281 3369
1373 2 2 8 7 3206 3369 3439
1374 2 2 8 7 4158 4266 4330
1375 2 2 8 7 4266 4378 4330
1376 2 2 8 7 2458 2460 2461
1377 2 2 8 7 2458 2461 2459
1378 2 2 8 7 2130 2135 2133
1379 2 2 8 7 1139 1142 1143
1380 2 2 8 7 1139 1143 1144
1381 2 2 8 7 1255 1256 1257
1382 2 2 8 7 1706 1707 1711
1383 2 2 8 7 2130 2133 2131
1384 2 2 8 7 1705 1706 1711
1385 2 2 8 7 3405 3430 3406
1386 2 2 8 7 3406 3430 3407
1387 2 2 8 7 1249 1256 1255
1388 2 2 8 7 1255 1257 1334
1389 2 2 8 7 2601 2603 2612
1390 2 2 8 7 2603 2611 2612
1391 2 2 8 7 2453 2688 2590
1392 2 2 8 7 1249 1255 1253
1393 2 2 8 7 3296 3301 3299
1394 2 2 8 7 1940 1943 1942
1395 2 2 8 7 2590 2688 2597
1396 2 2 8 7 1939 1940 1942
1397 2 2 8 7 3299 3301 3300
1398 2 2 8 7 2055 2058 2059
1399 2 2 8 7 2058 2425 2059
1400 2 2 8 7 2156 2159 2160
1401 2 2 8 7 2155 2156 2160
1402 2 2 8 7 1282 1288 1285
1403 2 2 8 7 4057 4061 4060
1404 2 2 8 7 4056 4061 4057
1405 2 2 8 7 1281 1288 1282
1406 2 2 8 7 4237 4240 4242
1407 2 2 8 7 4237 4242 4238
1408 2 2 8 7 4288 5127 5124
1409 2 2 8 7 2469 2470 2471
1410 2 2 8 7 4288 5125 5127
1411 2 2 8 7 2466 2469 2471
1412 2 2 8 7 3119 3122 3121
1413 2 2 8 7 3121 3122 3127
1414 2 2 8 7 2466 2471 4847
1415 2 2 8 7 2466 4847 4842
1416 2 2 8 7 3857 4034 4002
1417 2 2 8 7 2361 2377 2365
1418 2 2 8 7 2365 2377 2378
1419 2 2 8 7 2640 2642 2641
1420 2 2 8 7 2640 2644 2642
1421 2 2 8 7 3857 3959 4034
1422 2 2 8 7 4916 5041 4971
1423 2 2 8 7 4789 4916 4971
1424 2 2 8 7 2629 2630 2632
1425 2 2 8 7 3320 3324 3325
1426 2 2 8 7 3320 3325 3323
1427 2 2 8 7 2630 2633 2632
1428 2 2 8 7 4994 4996 4995
1429 2 2 8 7 3816 3818 3817
1430 2 2 8 7 2464 2470 2469
1431 2 2 8 7 1936 1943 1940
1432 2 2 8 7 2464 2469 2465
1433 2 2 8 7 1936 1940 1937
1434 2 2 8 7 4923 4996 4994
1435 2 2 8 7 3815 3817 3818
1436 2 2 8 7 1942 2129 2127
1437 2 2 8 7 4327 4328 4332
1438 2 2 8 7 4326 4327 4332
1439 2 2 8 7 1939 1942 2127
1440 2 2 8 7 1668 1670 1669
1441 2 2 8 7 1667 1670 1668
1442 2 2 8 7 2129 2130 2131
1443 2 2 8 7 5121 5139 5138
1444 2 2 8 7 5121 5137 5139
1445 2 2 8 7 2046 2055 2057
1446 2 2 8 7 2127 2129 2131
1447 2 2 8 7 2046 2058 2055
1448 2 2 8 7 1689 1694 1692
1449 2 2 8 7 1692 1694 1693
1450 2 2 8 7 4905 4909 4910
1451 2 2 8 7 4845 4847 4846
1452 2 2 8 7 4972 4974 4978
1453 2 2 8 7 4972 4978 4977
1454 2 2 8 7 4905 4910 4906
1455 2 2 8 7 3854 3859 3855
1456 2 2 8 7 3853 3859 3854
1457 2 2 8 7 3438 3441 3442
1458 2 2 8 7 4211 4216 4212
1459 2 2 8 7 4842 4847 4845
1460 2 2 8 7 3437 3438 3442
1461 2 2 8 7 4310 4315 4314
1462 2 2 8 7 4212 4216 4215
1463 2 2 8 7 4313 4314 4315
1464 2 2 8 7 2163 2260 2312
1465 2 2 8 7 2260 2362 2312
1466 2 2 8 7 1047 1284 1124
1467 2 2 8 7 1124 1284 1213
1468 2 2 8 7 3816 3817 3840
1469 2 2 8 7 951 953 959
1470 2 2 8 7 3817 3838 3840
1471 2 2 8 7 951 959 954
1472 2 2 8 7 3324 3327 3325
1473 2 2 8 7 4211 4235 4233
1474 2 2 8 7 3325 3327 3329
1475 2 2 8 7 4211 4212 4235
1476 2 2 8 7 2385 2401 2399
1477 2 2 8 7 2399 2401 2400
1478 2 2 8 7 2779 2790 2788
1479 2 2 8 7 2779 2788 2781
1480 2 2 8 7 4546 4550 4559
1481 2 2 8 7 4550 4556 4559
1482 2 2 8 7 1636 2927 2963
1483 2 2 8 7 1631 1636 2963
1484 2 2 8 7 2788 4732 4679
1485 2 2 8 7 2927 2930 2961
1486 2 2 8 7 2781 2788 4679
1487 2 2 8 7 3562 3619 3563
1488 2 2 8 7 2927 2961 2963
1489 2 2 8 7 3562 3618 3619
1490 2 2 8 7 1483 1488 3633
1491 2 2 8 7 1488 3639 3633
1492 2 2 8 7 3727 4553 3769
1493 2 2 8 7 1627 1636 1631
1494 2 2 8 7 1627 1631 1628
1495 2 2 8 7 3727 4533 4553
1496 2 2 8 7 2814 2826 2816
1497 2 2 8 7 4721 4728 4724
1498 2 2 8 7 3503 3537 3533
1499 2 2 8 7 3539 3548 3542
1500 2 2 8 7 2862 2868 2875
1501 2 2 8 7 4713 4717 4715
1502 2 2 8 7 4534 4589 4587
1503 2 2 8 7 3582 3594 3593
1504 2 2 8 7 2901 2909 2914
1505 2 2 8 7 4536 4537 4540
1506 2 2 8 7 3577 3585 3580
1507 2 2 8 7 1582 1584 1639
1508 2 2 8 7 3736 3741 3740
1509 2 2 8 7 3536 3537 3538
1510 2 2 8 7 4721 4729 4728
1511 2 2 8 7 2814 2816 2815
1512 2 2 8 7 3533 3537 3534
1513 2 2 8 7 3539 3542 3541
1514 2 2 8 7 2867 2875 2868
1515 2 2 8 7 4534 4535 4589
1516 2 2 8 7 4713 4715 4714
1517 2 2 8 7 3582 3595 3594
1518 2 2 8 7 1582 1639 1640
1519 2 2 8 7 3577 3589 3585
1520 2 2 8 7 2909 2913 2914
1521 2 2 8 7 4536 4540 4543
1522 2 2 8 7 3740 3741 3742
1523 2 2 8 7 3534 3537 3536
1524 2 2 8 7 3412 3477 3487
1525 2 2 8 7 3477 3488 3487
1526 2 2 8 7 4330 4378 4380
1527 2 2 8 7 4377 4380 4378
1528 2 2 8 7 4809 4845 4858
1529 2 2 8 7 4809 4844 4845
1530 2 2 8 7 1709 1818 1817
1531 2 2 8 7 1795 1934 1937
1532 2 2 8 7 1814 1817 1818
1533 2 2 8 7 1793 1795 1937
1534 2 2 8 7 4959 4986 4984
1535 2 2 8 7 2131 2133 2288
1536 2 2 8 7 1255 1334 1325
1537 2 2 8 7 4959 4984 4981
1538 2 2 8 7 1325 1334 1336
1539 2 2 8 7 2131 2288 2132
1540 2 2 8 7 2603 2606 2611
1541 2 2 8 7 2602 2606 2603
1542 2 2 8 7 1698 1705 1711
1543 2 2 8 7 1698 1711 1710
1544 2 2 8 7 3857 3956 3959
1545 2 2 8 7 3857 3958 3956
1546 2 2 8 7 2459 2461 2691
1547 2 2 8 7 3406 3407 3452
1548 2 2 8 7 3406 3452 3408
1549 2 2 8 7 2461 2692 2691
1550 2 2 8 7 1253 1255 1325
1551 2 2 8 7 1143 1216 1144
1552 2 2 8 7 1253 1325 1254
1553 2 2 8 7 3369 3371 3439
1554 2 2 8 7 2597 2688 2689
1555 2 2 8 7 1144 1216 1217
1556 2 2 8 7 4789 4971 4792
1557 2 2 8 7 1281 1287 1288
1558 2 2 8 7 1281 1298 1287
1559 2 2 8 7 3368 3439 3371
1560 2 2 8 7 4788 4792 4971
1561 2 2 8 7 2597 2689 2687
1562 2 2 8 7 2466 4842 2467
1563 2 2 8 7 2467 4842 4843
1564 2 2 8 7 4285 5125 4288
1565 2 2 8 7 4285 5123 5125
1566 2 2 8 7 1939 1941 1940
1567 2 2 8 7 2155 2160 2305
1568 2 2 8 7 2160 2309 2305
1569 2 2 8 7 1938 1941 1939
1570 2 2 8 7 3300 3301 3373
1571 2 2 8 7 3122 3123 3127
1572 2 2 8 7 4922 4996 4923
1573 2 2 8 7 3123 3124 3127
1574 2 2 8 7 3300 3373 3372
1575 2 2 8 7 3939 4061 4056
1576 2 2 8 7 4922 4923 4926
1577 2 2 8 7 3939 3940 4061
1578 2 2 8 7 2365 2378 2374
1579 2 2 8 7 2466 2468 2469
1580 2 2 8 7 2364 2365 2374
1581 2 2 8 7 3795 3817 3815
1582 2 2 8 7 4237 4238 4393
1583 2 2 8 7 4238 4397 4393
1584 2 2 8 7 3795 3815 3812
1585 2 2 8 7 2466 2467 2468
1586 2 2 8 7 5116 5137 5121
1587 2 2 8 7 5116 5117 5137
1588 2 2 8 7 1939 2127 2128
1589 2 2 8 7 2044 2425 2058
1590 2 2 8 7 1938 1939 2128
1591 2 2 8 7 2044 2426 2425
1592 2 2 8 7 4796 4906 4910
1593 2 2 8 7 4796 4797 4906
1594 2 2 8 7 3323 3325 3326
1595 2 2 8 7 2640 2656 2644
1596 2 2 8 7 2644 2656 2646
1597 2 2 8 7 3323 3326 3334
1598 2 2 8 7 3437 3442 3443
1599 2 2 8 7 3437 3443 3453
1600 2 2 8 7 2607 2633 2630
1601 2 2 8 7 1648 1667 1668
1602 2 2 8 7 1648 1664 1667
1603 2 2 8 7 2607 2631 2633
1604 2 2 8 7 3853 3858 3859
1605 2 2 8 7 3846 3858 3853
1606 2 2 8 7 2045 2058 2046
1607 2 2 8 7 2044 2058 2045
1608 2 2 8 7 4313 4315 4321
1609 2 2 8 7 4313 4321 4316
1610 2 2 8 7 4212 4215 4213
1611 2 2 8 7 1693 1694 1699
1612 2 2 8 7 1693 1699 1695
1613 2 2 8 7 954 959 956
1614 2 2 8 7 954 956 955
1615 2 2 8 7 4213 4215 4214
1616 2 2 8 7 4972 4977 4973
1617 2 2 8 7 2465 2469 2730
1618 2 2 8 7 4961 4973 4977
1619 2 2 8 7 3795 3838 3817
1620 2 2 8 7 3795 3839 3838
1621 2 2 8 7 2468 2730 2469
1622 2 2 8 7 4326 4332 4333
1623 2 2 8 7 1793 1937 1940
1624 2 2 8 7 4320 4326 4333
1625 2 2 8 7 1793 1940 1941
1626 2 2 8 7 2312 2362 2314
1627 2 2 8 7 2310 2312 2314
1628 2 2 8 7 2127 2131 2132
1629 2 2 8 7 4212 4404 4235
1630 2 2 8 7 4212 4213 4404
1631 2 2 8 7 2127 2132 2128
1632 2 2 8 7 1212 1213 1284
1633 2 2 8 7 1212 1215 1213
1634 2 2 8 7 3325 3329 3326
1635 2 2 8 7 3326 3329 3328
1636 2 2 8 7 4842 4845 4844
1637 2 2 8 7 4842 4844 4843
1638 2 2 8 7 2375 2399 2400
1639 2 2 8 7 2375 2400 2398
1640 2 2 8 7 4733 4734 4736
1641 2 2 8 7 1632 1640 1641
1642 2 2 8 7 1632 1641 1633
1643 2 2 8 7 3591 3605 3606
1644 2 2 8 7 1383 1385 1384
1645 2 2 8 7 4707 4720 4709
1646 2 2 8 7 1383 1386 1385
1647 2 2 8 7 3785 3792 3791
1648 2 2 8 7 3783 3792 3785
1649 2 2 8 7 4707 4709 4710
1650 2 2 8 7 1423 1469 1424
1651 2 2 8 7 3783 4541 3792
1652 2 2 8 7 1416 1422 1428
1653 2 2 8 7 1416 1428 1425
1654 2 2 8 7 3783 4542 4541
1655 2 2 8 7 2906 2910 2908
1656 2 2 8 7 3731 3778 3787
1657 2 2 8 7 2906 2907 2910
1658 2 2 8 7 2920 2926 2933
1659 2 2 8 7 3731 3777 3778
1660 2 2 8 7 1416 1420 1422
1661 2 2 8 7 2920 2933 2929
1662 2 2 8 7 1416 1418 1420
1663 2 2 8 7 2785 2792 2795
1664 2 2 8 7 2792 2798 2795
1665 2 2 8 7 4609 4643 4644
1666 2 2 8 7 4641 4644 4643
1667 2 2 8 7 1577 1583 1579
1668 2 2 8 7 3545 3596 3597
1669 2 2 8 7 1579 1583 1581
1670 2 2 8 7 3543 3545 3597
1671 2 2 8 7 4588 4593 4594
1672 2 2 8 7 4588 4590 4593
1673 2 2 8 7 1438 1441 1439
1674 2 2 8 7 3572 3575 3578
1675 2 2 8 7 1439 1441 1442
1676 2 2 8 7 3565 3575 3572
1677 2 2 8 7 1418 3569 1420
1678 2 2 8 7 1418 3568 3569
1679 2 2 8 7 3533 3534 3535
1680 2 2 8 7 3501 3532 3744
1681 2 2 8 7 3534 3536 3535
1682 2 2 8 7 1387 1391 1392
1683 2 2 8 7 4721 4727 4729
1684 2 2 8 7 4535 4544 4589
1685 2 2 8 7 3576 3589 3577
1686 2 2 8 7 3731 3735 3777
1687 2 2 8 7 3740 3742 3743
1688 2 2 8 7 1393 1394 1396
1689 2 2 8 7 3592 3594 3595
1690 2 2 8 7 2815 2817 2864
1691 2 2 8 7 3778 3788 3787
1692 2 2 8 7 1350 1383 1384
1693 2 2 8 7 1441 1446 1442
1694 2 2 8 7 4656 4712 4714
1695 2 2 8 7 4712 4713 4714
1696 2 2 8 7 2867 2868 2869
1697 2 2 8 7 4536 4543 4548
1698 2 2 8 7 2815 2816 2817
1699 2 2 8 7 2909 2912 2913
1700 2 2 8 7 4641 4645 4644
1701 2 2 8 7 4593 4595 4594
1702 2 2 8 7 2878 2880 2879
1703 2 2 8 7 2795 2798 2796
1704 2 2 8 7 4596 4610 4597
1705 2 2 8 7 2876 2880 2878
1706 2 2 8 7 2797 2823 2821
1707 2 2 8 7 3540 3541 3542
1708 2 2 8 7 1394 1448 1396
1709 2 2 8 7 2893 2907 2906
1710 2 2 8 7 1582 1640 1632
1711 2 2 8 7 1737 1738 1741
1712 2 2 8 7 1315 1316 1318
1713 2 2 8 7 4770 4776 4771
1714 2 2 8 7 1344 1360 1736
1715 2 2 8 7 1370 1375 1404
1716 2 2 8 7 4639 4703 4652
1717 2 2 8 7 3719 4525 3722
1718 2 2 8 7 3719 4521 4525
1719 2 2 8 7 4732 4736 4734
1720 2 2 8 7 3605 3607 3606
1721 2 2 8 7 1424 1469 1468
1722 2 2 8 7 1527 1528 1567
1723 2 2 8 7 4651 4652 4655
1724 2 2 8 7 4652 4653 4655
1725 2 2 8 7 1426 1427 1438
1726 2 2 8 7 1426 1438 1439
1727 2 2 8 7 3588 3589 3590
1728 2 2 8 7 3576 3590 3589
1729 2 2 8 7 3020 3048 3035
1730 2 2 8 7 1527 1529 1528
1731 2 2 8 7 2691 2692 2693
1732 2 2 8 7 2691 2693 2694
1733 2 2 8 7 4809 4817 4844
1734 2 2 8 7 4808 4817 4809
1735 2 2 8 7 1793 1794 1795
1736 2 2 8 7 1791 1795 1794
1737 2 2 8 7 2132 2288 2287
1738 2 2 8 7 4377 4379 4380
1739 2 2 8 7 4379 4384 4380
1740 2 2 8 7 1778 1941 1938
1741 2 2 8 7 2132 2287 2286
1742 2 2 8 7 4278 5123 4285
1743 2 2 8 7 1778 1938 1779
1744 2 2 8 7 4278 4283 5123
1745 2 2 8 7 2595 2606 2602
1746 2 2 8 7 2593 2606 2595
1747 2 2 8 7 1813 1817 1814
1748 2 2 8 7 1813 1814 1816
1749 2 2 8 7 1698 1710 1715
1750 2 2 8 7 1698 1715 1713
1751 2 2 8 7 3372 3373 3374
1752 2 2 8 7 3477 3478 3488
1753 2 2 8 7 3478 3489 3488
1754 2 2 8 7 1287 1298 1295
1755 2 2 8 7 1287 1295 1293
1756 2 2 8 7 3372 3374 3375
1757 2 2 8 7 4959 4981 4960
1758 2 2 8 7 1216 1218 1217
1759 2 2 8 7 2686 2687 2689
1760 2 2 8 7 4920 4960 4981
1761 2 2 8 7 1216 1219 1218
1762 2 2 8 7 2686 2703 2687
1763 2 2 8 7 4788 4790 4792
1764 2 2 8 7 4787 4790 4788
1765 2 2 8 7 3956 3958 3957
1766 2 2 8 7 3954 3957 3958
1767 2 2 8 7 1254 1325 1326
1768 2 2 8 7 1254 1326 1324
1769 2 2 8 7 3939 3943 3940
1770 2 2 8 7 2467 2728 2468
1771 2 2 8 7 3939 3942 3943
1772 2 2 8 7 2364 2374 2370
1773 2 2 8 7 2467 2727 2728
1774 2 2 8 7 2364 2370 2369
1775 2 2 8 7 1325 1336 1326
1776 2 2 8 7 1326 1336 1337
1777 2 2 8 7 3408 3452 3476
1778 2 2 8 7 3452 3455 3476
1779 2 2 8 7 3367 3368 3371
1780 2 2 8 7 3367 3384 3368
1781 2 2 8 7 2467 4843 2727
1782 2 2 8 7 2727 4843 4818
1783 2 2 8 7 4393 4397 4394
1784 2 2 8 7 4394 4397 4396
1785 2 2 8 7 2305 2309 2306
1786 2 2 8 7 2306 2309 2307
1787 2 2 8 7 4917 4922 4926
1788 2 2 8 7 4917 4926 4925
1789 2 2 8 7 3123 3491 3124
1790 2 2 8 7 4794 4797 4796
1791 2 2 8 7 1938 2128 2283
1792 2 2 8 7 1779 1938 2283
1793 2 2 8 7 3124 3491 3126
1794 2 2 8 7 3794 3795 3812
1795 2 2 8 7 4793 4797 4794
1796 2 2 8 7 4213 4214 4406
1797 2 2 8 7 4214 4405 4406
1798 2 2 8 7 3794 3812 3811
1799 2 2 8 7 4471 4485 4486
1800 2 2 8 7 2645 2646 2656
1801 2 2 8 7 2645 2656 2657
1802 2 2 8 7 2044 2045 2429
1803 2 2 8 7 2040 2429 2045
1804 2 2 8 7 3846 3863 3858
1805 2 2 8 7 3443 3450 3453
1806 2 2 8 7 3846 3862 3863
1807 2 2 8 7 3443 3448 3450
1808 2 2 8 7 5116 5119 5117
1809 2 2 8 7 4929 5117 5119
1810 2 2 8 7 3326 3328 3333
1811 2 2 8 7 2044 2429 2426
1812 2 2 8 7 2426 2429 2428
1813 2 2 8 7 1648 1663 1664
1814 2 2 8 7 1647 1663 1648
1815 2 2 8 7 3328 3332 3333
1816 2 2 8 7 3326 3333 3334
1817 2 2 8 7 3333 3335 3334
1818 2 2 8 7 955 956 1339
1819 2 2 8 7 956 958 1339
1820 2 2 8 7 4316 4321 4318
1821 2 2 8 7 4270 4316 4318
1822 2 2 8 7 2310 2314 2318
1823 2 2 8 7 2310 2318 2313
1824 2 2 8 7 4320 4333 4336
1825 2 2 8 7 4333 4337 4336
1826 2 2 8 7 4213 4403 4404
1827 2 2 8 7 4213 4406 4403
1828 2 2 8 7 2604 2631 2607
1829 2 2 8 7 2604 2654 2631
1830 2 2 8 7 1212 1229 1215
1831 2 2 8 7 1211 1215 1229
1832 2 2 8 7 4961 4967 4973
1833 2 2 8 7 4961 4966 4967
1834 2 2 8 7 3794 3839 3795
1835 2 2 8 7 3794 3797 3839
1836 2 2 8 7 2468 2728 2730
1837 2 2 8 7 1695 1699 1697
1838 2 2 8 7 2728 2729 2730
1839 2 2 8 7 1649 1695 1697
1840 2 2 8 7 1778 1793 1941
1841 2 2 8 7 1778 1794 1793
1842 2 2 8 7 2128 2132 2286
1843 2 2 8 7 2128 2286 2283
1844 2 2 8 7 2373 2375 2398
1845 2 2 8 7 2373 2398 2419
1846 2 2 8 7 4817 4843 4844
1847 2 2 8 7 4817 4818 4843
1848 2 2 8 7 4471 4486 4484
1849 2 2 8 7 1499 1531 1503
1850 2 2 8 7 4652 4703 4653
1851 2 2 8 7 3707 3763 3751
1852 2 2 8 7 2693 2734 2694
1853 2 2 8 7 2694 2734 2697
1854 2 2 8 7 3705 3707 3751
1855 2 2 8 7 1293 1295 1294
1856 2 2 8 7 1292 1293 1294
1857 2 2 8 7 3339 3375 3374
1858 2 2 8 7 3339 3378 3375
1859 2 2 8 7 1713 1715 1717
1860 2 2 8 7 1713 1717 1714
1861 2 2 8 7 2369 2370 2371
1862 2 2 8 7 1791 1794 1792
1863 2 2 8 7 1790 1792 1794
1864 2 2 8 7 1812 1813 1816
1865 2 2 8 7 2367 2369 2371
1866 2 2 8 7 4278 4279 4283
1867 2 2 8 7 1811 1812 1816
1868 2 2 8 7 2591 2593 2595
1869 2 2 8 7 4279 4281 4283
1870 2 2 8 7 1777 1778 1779
1871 2 2 8 7 2591 2594 2593
1872 2 2 8 7 1777 1779 1780
1873 2 2 8 7 3367 3382 3384
1874 2 2 8 7 3382 3385 3384
1875 2 2 8 7 4917 4925 4919
1876 2 2 8 7 3478 3479 3489
1877 2 2 8 7 2686 2701 2703
1878 2 2 8 7 4919 4925 4932
1879 2 2 8 7 3479 3485 3489
1880 2 2 8 7 4808 4816 4817
1881 2 2 8 7 2286 2287 2290
1882 2 2 8 7 2701 2704 2703
1883 2 2 8 7 4808 4810 4816
1884 2 2 8 7 2285 2286 2290
1885 2 2 8 7 1324 1326 1327
1886 2 2 8 7 3794 3811 3798
1887 2 2 8 7 1324 1327 1328
1888 2 2 8 7 2725 2728 2727
1889 2 2 8 7 3798 3811 3804
1890 2 2 8 7 4379 4385 4384
1891 2 2 8 7 2293 2306 2307
1892 2 2 8 7 2293 2307 2304
1893 2 2 8 7 1184 1218 1219
1894 2 2 8 7 2725 2727 2726
1895 2 2 8 7 4379 4386 4385
1896 2 2 8 7 1184 1219 1222
1897 2 2 8 7 4392 4394 4396
1898 2 2 8 7 1326 1337 1327
1899 2 2 8 7 4392 4396 4401
1900 2 2 8 7 1327 1337 1333
1901 2 2 8 7 3126 3491 3495
1902 2 2 8 7 3942 3946 3943
1903 2 2 8 7 3126 3495 3514
1904 2 2 8 7 3933 3943 3946
1905 2 2 8 7 3952 3957 3954
1906 2 2 8 7 3952 3954 3953
1907 2 2 8 7 4786 4790 4787
1908 2 2 8 7 4785 4790 4786
1909 2 2 8 7 2040 2430 2429
1910 2 2 8 7 2040 2836 2430
1911 2 2 8 7 2727 4818 4815
1912 2 2 8 7 2726 2727 4815
1913 2 2 8 7 3455 3457 3476
1914 2 2 8 7 3455 3460 3457
1915 2 2 8 7 4622 4929 5119
1916 2 2 8 7 4622 4930 4929
1917 2 2 8 7 4920 4956 4960
1918 2 2 8 7 3448 3449 3450
1919 2 2 8 7 3330 3335 3333
1920 2 2 8 7 3330 3340 3335
1921 2 2 8 7 4920 4957 4956
1922 2 2 8 7 4551 4568 4566
1923 2 2 8 7 3447 3449 3448
1924 2 2 8 7 3862 3866 3863
1925 2 2 8 7 3861 3866 3862
1926 2 2 8 7 1779 2283 2284
1927 2 2 8 7 1779 2284 1780
1928 2 2 8 7 958 1343 1339
1929 2 2 8 7 4335 4336 4337
1930 2 2 8 7 3330 3333 3332
1931 2 2 8 7 4335 4337 4339
1932 2 2 8 7 958 1361 1343
1933 2 2 8 7 2645 2657 2659
1934 2 2 8 7 2645 2659 2661
1935 2 2 8 7 4777 4793 4794
1936 2 2 8 7 1647 1656 1663
1937 2 2 8 7 1647 1652 1656
1938 2 2 8 7 3330 3332 3331
1939 2 2 8 7 4270 4318 4345
1940 2 2 8 7 4405 4408 4406
1941 2 2 8 7 4777 4805 4793
1942 2 2 8 7 4270 4345 4340
1943 2 2 8 7 4405 4407 4408
1944 2 2 8 7 4551 4565 4568
1945 2 2 8 7 1461 1538 1539
1946 2 2 8 7 1461 1539 1540
1947 2 2 8 7 3624 3630 3628
1948 2 2 8 7 2313 2318 2317
1949 2 2 8 7 3628 3630 3631
1950 2 2 8 7 2313 2317 2316
1951 2 2 8 7 2428 2429 2430
1952 2 2 8 7 2427 2428 2430
1953 2 2 8 7 4963 4967 4966
1954 2 2 8 7 4402 4403 4406
1955 2 2 8 7 2604 2671 2654
1956 2 2 8 7 2654 2671 2672
1957 2 2 8 7 4402 4406 4408
1958 2 2 8 7 4963 4966 4965
1959 2 2 8 7 1211 1229 1228
1960 2 2 8 7 1211 1228 1226
1961 2 2 8 7 2283 2286 2285
1962 2 2 8 7 2283 2285 2284
1963 2 2 8 7 1649 1697 1719
1964 2 2 8 7 1697 1723 1719
1965 2 2 8 7 3723 3724 3725
1966 2 2 8 7 1778 1790 1794
1967 2 2 8 7 3794 3798 3797
1968 2 2 8 7 1777 1790 1778
1969 2 2 8 7 3797 3798 3799
1970 2 2 8 7 2728 2735 2729
1971 2 2 8 7 2725 2735 2728
1972 2 2 8 7 4816 4818 4817
1973 2 2 8 7 2354 2373 2419
1974 2 2 8 7 4815 4818 4816
1975 2 2 8 7 2350 2354 2419
1976 2 2 8 7 4437 4442 4447
1977 2 2 8 7 1544 1548 1545
1978 2 2 8 7 1423 1426 1439
1979 2 2 8 7 3683 3685 3701
1980 2 2 8 7 3576 3591 3590
1981 2 2 8 7 2770 2772 2995
1982 2 2 8 7 3685 3692 3701
1983 2 2 8 7 1423 1439 1440
1984 2 2 8 7 1492 1494 1495
1985 2 2 8 7 3573 3591 3576
1986 2 2 8 7 2769 2995 2772
1987 2 2 8 7 3644 3695 3691
1988 2 2 8 7 3000 3002 3001
1989 2 2 8 7 2999 3000 3001
1990 2 2 8 7 3685 3687 3692
1991 2 2 8 7 3687 3689 3692
1992 2 2 8 7 4638 4639 4650
1993 2 2 8 7 1523 3052 1524
1994 2 2 8 7 3683 3703 3704
1995 2 2 8 7 4495 4691 4693
1996 2 2 8 7 3683 3701 3703
1997 2 2 8 7 4443 4691 4495
1998 2 2 8 7 3004 3009 3006
1999 2 2 8 7 3006 3009 3008
2000 2 2 8 7 4551 4566 4554
2001 2 2 8 7 2949 2951 2952
2002 2 2 8 7 4551 4554 4552
2003 2 2 8 7 4493 4494 4693
2004 2 2 8 7 4494 4495 4693
2005 2 2 8 7 2949 3025 2951
2006 2 2 8 7 3002 3009 3004
2007 2 2 8 7 2770 2995 2805
2008 2 2 8 7 2805 2995 2998
2009 2 2 8 7 1536 1542 1538
2010 2 2 8 7 1538 1542 1539
2011 2 2 8 7 4506 4570 4508
2012 2 2 8 7 3000 3009 3002
2013 2 2 8 7 4506 4508 4507
2014 2 2 8 7 1553 1605 1554
2015 2 2 8 7 1549 1553 1554
2016 2 2 8 7 2765 2769 2772
2017 2 2 8 7 2765 2768 2769
2018 2 2 8 7 2805 2998 3001
2019 2 2 8 7 2998 2999 3001
2020 2 2 8 7 4498 4502 4501
2021 2 2 8 7 3704 3705 3751
2022 2 2 8 7 1524 3052 3051
2023 2 2 8 7 2925 2934 2926
2024 2 2 8 7 1591 1593 1594
2025 2 2 8 7 3703 3705 3704
2026 2 2 8 7 4726 4731 4729
2027 2 2 8 7 3763 3767 3765
2028 2 2 8 7 3707 3767 3763
2029 2 2 8 7 1555 1573 1558
2030 2 2 8 7 3011 3016 3026
2031 2 2 8 7 4511 4512 4514
2032 2 2 8 7 2926 2934 2933
2033 2 2 8 7 1593 1597 1594
2034 2 2 8 7 4726 4729 4727
2035 2 2 8 7 2779 2781 2780
2036 2 2 8 7 2776 2779 2780
2037 2 2 8 7 4556 4558 4559
2038 2 2 8 7 4556 4557 4558
2039 2 2 8 7 1630 1631 2963
2040 2 2 8 7 1630 2963 2966
2041 2 2 8 7 2781 4679 4680
2042 2 2 8 7 2961 2964 2963
2043 2 2 8 7 2780 2781 4680
2044 2 2 8 7 2963 2964 2966
2045 2 2 8 7 3615 3619 3618
2046 2 2 8 7 3615 3618 3617
2047 2 2 8 7 1628 1631 1630
2048 2 2 8 7 1628 1630 1629
2049 2 2 8 7 3339 3342 3378
2050 2 2 8 7 3342 3380 3378
2051 2 2 8 7 1292 1294 1309
2052 2 2 8 7 2357 2367 2371
2053 2 2 8 7 2357 2360 2367
2054 2 2 8 7 1294 1310 1309
2055 2 2 8 7 4499 4501 4500
2056 2 2 8 7 2697 2734 2737
2057 2 2 8 7 2697 2737 2698
2058 2 2 8 7 4451 4499 4500
2059 2 2 8 7 4275 4281 4279
2060 2 2 8 7 1810 1812 1811
2061 2 2 8 7 4275 4280 4281
2062 2 2 8 7 1714 1717 1725
2063 2 2 8 7 1777 1780 1784
2064 2 2 8 7 1808 1810 1811
2065 2 2 8 7 1714 1725 1726
2066 2 2 8 7 2701 2702 2704
2067 2 2 8 7 2932 2934 2935
2068 2 2 8 7 1789 1792 1790
2069 2 2 8 7 1785 1789 1790
2070 2 2 8 7 1780 1781 1784
2071 2 2 8 7 2702 2705 2704
2072 2 2 8 7 2591 2667 2594
2073 2 2 8 7 2594 2667 2669
2074 2 2 8 7 4440 4686 4441
2075 2 2 8 7 1327 1330 1328
2076 2 2 8 7 1302 1328 1330
2077 2 2 8 7 4919 4932 4935
2078 2 2 8 7 3479 3482 3485
2079 2 2 8 7 2430 2836 2431
2080 2 2 8 7 2431 2836 2837
2081 2 2 8 7 3482 3484 3485
2082 2 2 8 7 3382 3383 3385
2083 2 2 8 7 4932 4934 4935
2084 2 2 8 7 3383 3387 3385
2085 2 2 8 7 4801 4816 4810
2086 2 2 8 7 4801 4813 4816
2087 2 2 8 7 3798 3804 3800
2088 2 2 8 7 3494 3514 3495
2089 2 2 8 7 3800 3804 3802
2090 2 2 8 7 4389 4392 4401
2091 2 2 8 7 3494 3513 3514
2092 2 2 8 7 2726 4815 4814
2093 2 2 8 7 2726 4814 2744
2094 2 2 8 7 4389 4401 4411
2095 2 2 8 7 4385 4386 4387
2096 2 2 8 7 1327 1333 1330
2097 2 2 8 7 4381 4385 4387
2098 2 2 8 7 1330 1333 1332
2099 2 2 8 7 2293 2304 2297
2100 2 2 8 7 1342 1343 1361
2101 2 2 8 7 3933 3946 3945
2102 2 2 8 7 2297 2304 2302
2103 2 2 8 7 3931 3933 3945
2104 2 2 8 7 1342 1361 1362
2105 2 2 8 7 1184 1222 1188
2106 2 2 8 7 1188 1222 1224
2107 2 2 8 7 2725 2726 2742
2108 2 2 8 7 2726 2744 2742
2109 2 2 8 7 2285 2290 2296
2110 2 2 8 7 4340 4345 4342
2111 2 2 8 7 3949 3952 3953
2112 2 2 8 7 3949 3953 3950
2113 2 2 8 7 2281 2285 2296
2114 2 2 8 7 4340 4342 4341
2115 2 2 8 7 4948 4963 4965
2116 2 2 8 7 4782 4785 4786
2117 2 2 8 7 4948 4965 4950
2118 2 2 8 7 4782 4784 4785
2119 2 2 8 7 2932 2933 2934
2120 2 2 8 7 4335 4339 4347
2121 2 2 8 7 4339 4346 4347
2122 2 2 8 7 3330 3331 3345
2123 2 2 8 7 3447 3464 3449
2124 2 2 8 7 3330 3345 3340
2125 2 2 8 7 4621 4930 4622
2126 2 2 8 7 3340 3345 3341
2127 2 2 8 7 3447 3462 3464
2128 2 2 8 7 3456 3457 3460
2129 2 2 8 7 3331 3347 3345
2130 2 2 8 7 3456 3460 3458
2131 2 2 8 7 4621 4931 4930
2132 2 2 8 7 4777 4779 4805
2133 2 2 8 7 4779 4803 4805
2134 2 2 8 7 4725 4733 4726
2135 2 2 8 7 1780 2284 2282
2136 2 2 8 7 2659 2660 2661
2137 2 2 8 7 4954 4956 4957
2138 2 2 8 7 2660 2663 2661
2139 2 2 8 7 1780 2282 1781
2140 2 2 8 7 1652 1655 1656
2141 2 2 8 7 1652 1653 1655
2142 2 2 8 7 4952 4954 4957
2143 2 2 8 7 4402 4408 4412
2144 2 2 8 7 2427 2430 2431
2145 2 2 8 7 4408 4416 4412
2146 2 2 8 7 2413 2427 2431
2147 2 2 8 7 3861 3873 3866
2148 2 2 8 7 1632 1633 1635
2149 2 2 8 7 3861 3874 3873
2150 2 2 8 7 2316 2317 2320
2151 2 2 8 7 2315 2316 2320
2152 2 2 8 7 4707 4710 4708
2153 2 2 8 7 4407 4416 4408
2154 2 2 8 7 1633 1634 1635
2155 2 2 8 7 4407 4417 4416
2156 2 2 8 7 4708 4710 4711
2157 2 2 8 7 1593 1596 1595
2158 2 2 8 7 2671 2674 2672
2159 2 2 8 7 1226 1228 1231
2160 2 2 8 7 2672 2674 2673
2161 2 2 8 7 1226 1231 1227
2162 2 2 8 7 1719 1723 1720
2163 2 2 8 7 1720 1723 1721
2164 2 2 8 7 3798 3868 3799
2165 2 2 8 7 3798 3800 3868
2166 2 2 8 7 1382 1386 1383
2167 2 2 8 7 1381 1386 1382
2168 2 2 8 7 2725 2736 2735
2169 2 2 8 7 2725 2742 2736
2170 2 2 8 7 2281 2284 2285
2171 2 2 8 7 1777 1784 1790
2172 2 2 8 7 4725 4726 4727
2173 2 2 8 7 1784 1785 1790
2174 2 2 8 7 2281 2282 2284
2175 2 2 8 7 3776 3778 3777
2176 2 2 8 7 3776 3779 3778
2177 2 2 8 7 2350 2353 2354
2178 2 2 8 7 2350 2351 2353
2179 2 2 8 7 4813 4815 4816
2180 2 2 8 7 3783 3785 3784
2181 2 2 8 7 4813 4814 4815
2182 2 2 8 7 3782 3784 3785
2183 2 2 8 7 1593 1595 1597
2184 2 2 8 7 2907 2944 2910
2185 2 2 8 7 1415 1416 1425
2186 2 2 8 7 2907 2941 2944
2187 2 2 8 7 1415 1425 1424
2188 2 2 8 7 1415 1418 1416
2189 2 2 8 7 3783 3784 4542
2190 2 2 8 7 1415 1417 1418
2191 2 2 8 7 3784 4549 4542
2192 2 2 8 7 3565 3574 3575
2193 2 2 8 7 3564 3574 3565
2194 2 2 8 7 2929 2933 2932
2195 2 2 8 7 2929 2932 2931
2196 2 2 8 7 1578 1579 1581
2197 2 2 8 7 1578 1581 1580
2198 2 2 8 7 2792 2799 2798
2199 2 2 8 7 2791 2799 2792
2200 2 2 8 7 3543 3597 3600
2201 2 2 8 7 3597 3598 3600
2202 2 2 8 7 1439 1442 1440
2203 2 2 8 7 4584 4641 4643
2204 2 2 8 7 1440 1442 1443
2205 2 2 8 7 4584 4642 4641
2206 2 2 8 7 4590 4591 4593
2207 2 2 8 7 4591 4592 4593
2208 2 2 8 7 3027 3032 3031
2209 2 2 8 7 1417 3568 1418
2210 2 2 8 7 1417 3566 3568
2211 2 2 8 7 3721 3722 3726
2212 2 2 8 7 3027 3036 3032
2213 2 2 8 7 3634 3638 3636
2214 2 2 8 7 3720 3722 3721
2215 2 2 8 7 3636 3638 3637
2216 2 2 8 7 1558 1561 1562
2217 2 2 8 7 1558 1563 1561
2218 2 2 8 7 4437 4454 4439
2219 2 2 8 7 1573 1574 1575
2220 2 2 8 7 4438 4439 4454
2221 2 2 8 7 1570 1573 1575
2222 2 2 8 7 3573 3605 3591
2223 2 2 8 7 3573 3622 3605
2224 2 2 8 7 4725 4734 4733
2225 2 2 8 7 4677 4734 4725
2226 2 2 8 7 4449 4455 4454
2227 2 2 8 7 1423 1440 1469
2228 2 2 8 7 1440 1470 1469
2229 2 2 8 7 4449 4453 4455
2230 2 2 8 7 3635 3649 3644
2231 2 2 8 7 1532 1547 1560
2232 2 2 8 7 3644 3649 3645
2233 2 2 8 7 1532 1560 1559
2234 2 2 8 7 3645 3648 3647
2235 2 2 8 7 3646 3647 3648
2236 2 2 8 7 4500 4515 4516
2237 2 2 8 7 1496 1502 1500
2238 2 2 8 7 4487 4500 4516
2239 2 2 8 7 1496 1499 1502
2240 2 2 8 7 4678 4732 4734
2241 2 2 8 7 1563 1570 1564
2242 2 2 8 7 1564 1570 1569
2243 2 2 8 7 2698 2737 2699
2244 2 2 8 7 2699 2737 2739
2245 2 2 8 7 3342 3343 3380
2246 2 2 8 7 2357 2359 2360
2247 2 2 8 7 2330 2360 2359
2248 2 2 8 7 3343 3379 3380
2249 2 2 8 7 1233 1309 1310
2250 2 2 8 7 1233 1310 1313
2251 2 2 8 7 3021 3023 3022
2252 2 2 8 7 2702 2723 2705
2253 2 2 8 7 1771 1810 1808
2254 2 2 8 7 2705 2723 2714
2255 2 2 8 7 1771 1808 1772
2256 2 2 8 7 1725 1728 1726
2257 2 2 8 7 1725 1769 1728
2258 2 2 8 7 2744 4814 4811
2259 2 2 8 7 2744 4811 2745
2260 2 2 8 7 2667 2713 2669
2261 2 2 8 7 2666 2669 2713
2262 2 2 8 7 4389 4411 4390
2263 2 2 8 7 4275 4626 4280
2264 2 2 8 7 4280 4626 4627
2265 2 2 8 7 4390 4411 4409
2266 2 2 8 7 2431 2837 2839
2267 2 2 8 7 2431 2839 2834
2268 2 2 8 7 2279 2281 2296
2269 2 2 8 7 2279 2296 2294
2270 2 2 8 7 1342 1362 1372
2271 2 2 8 7 1362 1363 1372
2272 2 2 8 7 1323 1330 1332
2273 2 2 8 7 1323 1332 1329
2274 2 2 8 7 3931 3945 3944
2275 2 2 8 7 3383 3394 3387
2276 2 2 8 7 4934 4940 4935
2277 2 2 8 7 3387 3394 3391
2278 2 2 8 7 3929 3931 3944
2279 2 2 8 7 4341 4342 4353
2280 2 2 8 7 4342 4343 4353
2281 2 2 8 7 4372 4381 4387
2282 2 2 8 7 2297 2302 2301
2283 2 2 8 7 4371 4372 4387
2284 2 2 8 7 2297 2301 2299
2285 2 2 8 7 1781 1783 1784
2286 2 2 8 7 4934 4936 4940
2287 2 2 8 7 1781 2282 2280
2288 2 2 8 7 1781 1782 1783
2289 2 2 8 7 1785 1786 1789
2290 2 2 8 7 3481 3484 3482
2291 2 2 8 7 1781 2280 1782
2292 2 2 8 7 1302 1330 1323
2293 2 2 8 7 3473 3481 3482
2294 2 2 8 7 1786 1787 1789
2295 2 2 8 7 4773 4784 4782
2296 2 2 8 7 1302 1323 1319
2297 2 2 8 7 4769 4773 4782
2298 2 2 8 7 3800 3802 3879
2299 2 2 8 7 3494 3522 3513
2300 2 2 8 7 1188 1224 1223
2301 2 2 8 7 3801 3879 3802
2302 2 2 8 7 1188 1223 1190
2303 2 2 8 7 3513 3522 3515
2304 2 2 8 7 4801 4812 4813
2305 2 2 8 7 4800 4812 4801
2306 2 2 8 7 3911 3949 3950
2307 2 2 8 7 3910 3911 3950
2308 2 2 8 7 2742 2744 2743
2309 2 2 8 7 4767 4948 4950
2310 2 2 8 7 3462 3465 3464
2311 2 2 8 7 4767 4950 4947
2312 2 2 8 7 3345 3347 3346
2313 2 2 8 7 2743 2744 2745
2314 2 2 8 7 4346 4348 4347
2315 2 2 8 7 3389 3465 3462
2316 2 2 8 7 4346 4375 4348
2317 2 2 8 7 2660 2680 2663
2318 2 2 8 7 2663 2680 2664
2319 2 2 8 7 1653 1654 1655
2320 2 2 8 7 1653 1731 1654
2321 2 2 8 7 3346 3347 3348
2322 2 2 8 7 3873 3874 3876
2323 2 2 8 7 3873 3876 3907
2324 2 2 8 7 2315 2320 2329
2325 2 2 8 7 2315 2329 2327
2326 2 2 8 7 3341 3345 3346
2327 2 2 8 7 3341 3346 3344
2328 2 2 8 7 4952 4953 4954
2329 2 2 8 7 4621 4623 4931
2330 2 2 8 7 4623 4631 4931
2331 2 2 8 7 4941 4953 4952
2332 2 2 8 7 3456 3458 3471
2333 2 2 8 7 4778 4803 4779
2334 2 2 8 7 3458 3459 3471
2335 2 2 8 7 1227 1231 1236
2336 2 2 8 7 1227 1236 1238
2337 2 2 8 7 4778 4798 4803
2338 2 2 8 7 4412 4416 4414
2339 2 2 8 7 2413 2431 2834
2340 2 2 8 7 4414 4416 4415
2341 2 2 8 7 2413 2834 2835
2342 2 2 8 7 1522 1568 3040
2343 2 2 8 7 4415 4416 4417
2344 2 2 8 7 2279 2282 2281
2345 2 2 8 7 3020 3023 3021
2346 2 2 8 7 4415 4417 4418
2347 2 2 8 7 2279 2280 2282
2348 2 2 8 7 1720 1721 1722
2349 2 2 8 7 1720 1722 1734
2350 2 2 8 7 2736 2742 2740
2351 2 2 8 7 2673 2674 2675
2352 2 2 8 7 2740 2742 2743
2353 2 2 8 7 2673 2675 2676
2354 2 2 8 7 1783 1785 1784
2355 2 2 8 7 4812 4814 4813
2356 2 2 8 7 1783 1786 1785
2357 2 2 8 7 4811 4814 4812
2358 2 2 8 7 3800 3879 3868
2359 2 2 8 7 3868 3879 3880
2360 2 2 8 7 2351 2352 2353
2361 2 2 8 7 2344 2352 2351
2362 2 2 8 7 4678 4679 4732
2363 2 2 8 7 1522 3040 3049
2364 2 2 8 7 4517 4518 4522
2365 2 2 8 7 4517 4522 4519
2366 2 2 8 7 3722 4525 4530
2367 2 2 8 7 1487 3639 1488
2368 2 2 8 7 1487 3638 3639
2369 2 2 8 7 3725 4533 3727
2370 2 2 8 7 3725 4531 4533
2371 2 2 8 7 1522 3052 1523
2372 2 2 8 7 3651 3653 3655
2373 2 2 8 7 1469 1470 1472
2374 2 2 8 7 1470 1471 1472
2375 2 2 8 7 3605 3622 3609
2376 2 2 8 7 3609 3622 3623
2377 2 2 8 7 3343 3366 3379
2378 2 2 8 7 1528 1565 1567
2379 2 2 8 7 3366 3392 3379
2380 2 2 8 7 2714 2723 2721
2381 2 2 8 7 2714 2721 2715
2382 2 2 8 7 2699 2739 2750
2383 2 2 8 7 2699 2750 2724
2384 2 2 8 7 2745 4811 4746
2385 2 2 8 7 2745 4746 2747
2386 2 2 8 7 4625 4627 4626
2387 2 2 8 7 4625 4629 4627
2388 2 2 8 7 1728 1769 1740
2389 2 2 8 7 1740 1769 1768
2390 2 2 8 7 1770 1771 1772
2391 2 2 8 7 2262 2279 2294
2392 2 2 8 7 2262 2277 2279
2393 2 2 8 7 2666 2713 2712
2394 2 2 8 7 2666 2712 2684
2395 2 2 8 7 1770 1772 1774
2396 2 2 8 7 3915 3929 3944
2397 2 2 8 7 1319 1323 1322
2398 2 2 8 7 4366 4390 4409
2399 2 2 8 7 1319 1322 1321
2400 2 2 8 7 3894 3929 3915
2401 2 2 8 7 4366 4409 4424
2402 2 2 8 7 2330 2359 2331
2403 2 2 8 7 2331 2359 2348
2404 2 2 8 7 4768 4773 4769
2405 2 2 8 7 1363 1374 1372
2406 2 2 8 7 4768 4772 4773
2407 2 2 8 7 1363 1373 1374
2408 2 2 8 7 2832 2834 2839
2409 2 2 8 7 2832 2833 2834
2410 2 2 8 7 1232 1233 1313
2411 2 2 8 7 1232 1313 1314
2412 2 2 8 7 1190 1223 1210
2413 2 2 8 7 1210 1223 1237
2414 2 2 8 7 1322 1323 1329
2415 2 2 8 7 1782 2280 2278
2416 2 2 8 7 1322 1329 1369
2417 2 2 8 7 1749 1782 2278
2418 2 2 8 7 3391 3394 3395
2419 2 2 8 7 3390 3391 3395
2420 2 2 8 7 3473 3474 3481
2421 2 2 8 7 4766 4767 4947
2422 2 2 8 7 3474 3521 3481
2423 2 2 8 7 4766 4947 4946
2424 2 2 8 7 2263 2299 2301
2425 2 2 8 7 4745 4812 4800
2426 2 2 8 7 2263 2301 2322
2427 2 2 8 7 4744 4745 4800
2428 2 2 8 7 3910 3913 3911
2429 2 2 8 7 3389 3466 3465
2430 2 2 8 7 3388 3466 3389
2431 2 2 8 7 3909 3913 3910
2432 2 2 8 7 4343 4356 4353
2433 2 2 8 7 4353 4356 4354
2434 2 2 8 7 4371 4373 4372
2435 2 2 8 7 4348 4375 4374
2436 2 2 8 7 1654 1731 1730
2437 2 2 8 7 4348 4374 4357
2438 2 2 8 7 1365 1654 1730
2439 2 2 8 7 4368 4373 4371
2440 2 2 8 7 3876 3908 3907
2441 2 2 8 7 3876 3884 3908
2442 2 2 8 7 1750 1783 1782
2443 2 2 8 7 2664 2680 2679
2444 2 2 8 7 4941 4945 4953
2445 2 2 8 7 1749 1750 1782
2446 2 2 8 7 2664 2679 2847
2447 2 2 8 7 3346 3348 3357
2448 2 2 8 7 4936 4939 4940
2449 2 2 8 7 4941 4942 4945
2450 2 2 8 7 1754 1787 1786
2451 2 2 8 7 1754 1755 1787
2452 2 2 8 7 4630 4939 4936
2453 2 2 8 7 3801 3878 3879
2454 2 2 8 7 2327 2329 2332
2455 2 2 8 7 3348 3355 3357
2456 2 2 8 7 2324 2327 2332
2457 2 2 8 7 4414 4415 4425
2458 2 2 8 7 2743 2745 2749
2459 2 2 8 7 3459 3472 3471
2460 2 2 8 7 3459 3468 3472
2461 2 2 8 7 3517 3878 3801
2462 2 2 8 7 4415 4428 4425
2463 2 2 8 7 3515 3522 3524
2464 2 2 8 7 2745 2747 2749
2465 2 2 8 7 3515 3524 3523
2466 2 2 8 7 4775 4798 4778
2467 2 2 8 7 4743 4798 4775
2468 2 2 8 7 2277 2280 2279
2469 2 2 8 7 3344 3346 3365
2470 2 2 8 7 1235 1238 1236
2471 2 2 8 7 3346 3357 3365
2472 2 2 8 7 2277 2278 2280
2473 2 2 8 7 1722 1735 1734
2474 2 2 8 7 1722 1739 1735
2475 2 2 8 7 1235 1239 1238
2476 2 2 8 7 4623 4634 4631
2477 2 2 8 7 4631 4634 4633
2478 2 2 8 7 2833 2835 2834
2479 2 2 8 7 1750 1786 1783
2480 2 2 8 7 2830 2835 2833
2481 2 2 8 7 1750 1754 1786
2482 2 2 8 7 3878 3880 3879
2483 2 2 8 7 2675 2682 2676
2484 2 2 8 7 3878 3881 3880
2485 2 2 8 7 2740 2743 2751
2486 2 2 8 7 2676 2682 2681
2487 2 2 8 7 2743 2749 2751
2488 2 2 8 7 4745 4811 4812
2489 2 2 8 7 4415 4418 4428
2490 2 2 8 7 2344 2349 2352
2491 2 2 8 7 2344 2345 2349
2492 2 2 8 7 4745 4746 4811
2493 2 2 8 7 4418 4429 4428
2494 2 2 8 7 2955 2957 2959
2495 2 2 8 7 1609 1612 1610
2496 2 2 8 7 1595 1596 1609
2497 2 2 8 7 4638 4701 4639
2498 2 2 8 7 2932 2935 2959
2499 2 2 8 7 4697 4700 4701
2500 2 2 8 7 1595 1609 1598
2501 2 2 8 7 4638 4640 4701
2502 2 2 8 7 4645 4648 4647
2503 2 2 8 7 2932 2959 2960
2504 2 2 8 7 1587 1591 1592
2505 2 2 8 7 2823 2827 2825
2506 2 2 8 7 4595 4598 4600
2507 2 2 8 7 2879 2892 2889
2508 2 2 8 7 1427 1430 1435
2509 2 2 8 7 4730 4731 4738
2510 2 2 8 7 1432 1444 1446
2511 2 2 8 7 2916 2925 2923
2512 2 2 8 7 3788 3790 3789
2513 2 2 8 7 3583 3587 3588
2514 2 2 8 7 1387 1389 1388
2515 2 2 8 7 2793 2796 2822
2516 2 2 8 7 1349 1350 1352
2517 2 2 8 7 2860 2864 2863
2518 2 2 8 7 1395 1448 1444
2519 2 2 8 7 3500 3744 3741
2520 2 2 8 7 4608 4610 4611
2521 2 2 8 7 1390 1393 1399
2522 2 2 8 7 4654 4658 4656
2523 2 2 8 7 2892 2893 2895
2524 2 2 8 7 4649 4651 4659
2525 2 2 8 7 4450 4486 4485
2526 2 2 8 7 2874 2875 2876
2527 2 2 8 7 3734 3737 3735
2528 2 2 8 7 1478 1489 1481
2529 2 2 8 7 1474 1478 1481
2530 2 2 8 7 1468 1469 1472
2531 2 2 8 7 3605 3609 3607
2532 2 2 8 7 3363 3392 3366
2533 2 2 8 7 3363 3397 3392
2534 2 2 8 7 1762 1770 1774
2535 2 2 8 7 1762 1774 1773
2536 2 2 8 7 2746 2747 4746
2537 2 2 8 7 2724 2750 2753
2538 2 2 8 7 2746 4746 4747
2539 2 2 8 7 2719 2724 2753
2540 2 2 8 7 2715 2721 2720
2541 2 2 8 7 1322 1369 1408
2542 2 2 8 7 1369 1404 1408
2543 2 2 8 7 2709 2715 2720
2544 2 2 8 7 2263 2322 2264
2545 2 2 8 7 2264 2322 2323
2546 2 2 8 7 1207 1210 1237
2547 2 2 8 7 1207 1237 1241
2548 2 2 8 7 4764 4772 4768
2549 2 2 8 7 3894 3915 3914
2550 2 2 8 7 4764 4771 4772
2551 2 2 8 7 3894 3914 3895
2552 2 2 8 7 3909 3912 3913
2553 2 2 8 7 3902 3912 3909
2554 2 2 8 7 1606 1609 1610
2555 2 2 8 7 3390 3395 3402
2556 2 2 8 7 3395 3396 3402
2557 2 2 8 7 4625 4628 4629
2558 2 2 8 7 4619 4628 4625
2559 2 2 8 7 3474 3556 3521
2560 2 2 8 7 3521 3556 3553
2561 2 2 8 7 1740 1768 1761
2562 2 2 8 7 1740 1761 1741
2563 2 2 8 7 2684 2712 2710
2564 2 2 8 7 2684 2710 2685
2565 2 2 8 7 1749 2278 2276
2566 2 2 8 7 1748 1749 2276
2567 2 2 8 7 4942 4944 4945
2568 2 2 8 7 2679 2853 2847
2569 2 2 8 7 4670 4944 4942
2570 2 2 8 7 2847 2853 2855
2571 2 2 8 7 4357 4374 4364
2572 2 2 8 7 4357 4364 4358
2573 2 2 8 7 1360 1365 1730
2574 2 2 8 7 1359 1365 1360
2575 2 2 8 7 4744 4748 4745
2576 2 2 8 7 4765 4766 4946
2577 2 2 8 7 2331 2348 2338
2578 2 2 8 7 4765 4946 4943
2579 2 2 8 7 3388 3467 3466
2580 2 2 8 7 4741 4748 4744
2581 2 2 8 7 4354 4356 4603
2582 2 2 8 7 3388 3401 3467
2583 2 2 8 7 2338 2348 2346
2584 2 2 8 7 4355 4603 4356
2585 2 2 8 7 1321 1322 1408
2586 2 2 8 7 2831 2833 2832
2587 2 2 8 7 1321 1408 1407
2588 2 2 8 7 1232 1314 1245
2589 2 2 8 7 2831 2832 2842
2590 2 2 8 7 4425 4428 4426
2591 2 2 8 7 1245 1314 1315
2592 2 2 8 7 2261 2277 2262
2593 2 2 8 7 4426 4428 4427
2594 2 2 8 7 4365 4373 4368
2595 2 2 8 7 2261 2275 2277
2596 2 2 8 7 4365 4368 4369
2597 2 2 8 7 2324 2332 2337
2598 2 2 8 7 2324 2337 2325
2599 2 2 8 7 1749 1751 1750
2600 2 2 8 7 3884 3901 3908
2601 2 2 8 7 3884 3885 3901
2602 2 2 8 7 4366 4424 4367
2603 2 2 8 7 2275 2278 2277
2604 2 2 8 7 1748 1751 1749
2605 2 2 8 7 1373 1375 1374
2606 2 2 8 7 4367 4424 4423
2607 2 2 8 7 2275 2276 2278
2608 2 2 8 7 1752 1755 1754
2609 2 2 8 7 1752 1754 1753
2610 2 2 8 7 4630 4667 4939
2611 2 2 8 7 3355 3358 3357
2612 2 2 8 7 1373 1376 1375
2613 2 2 8 7 3523 3524 3525
2614 2 2 8 7 4630 4664 4667
2615 2 2 8 7 3355 3356 3358
2616 2 2 8 7 3523 3525 3526
2617 2 2 8 7 2957 2962 2959
2618 2 2 8 7 3357 3358 3365
2619 2 2 8 7 3358 3364 3365
2620 2 2 8 7 1750 1751 1754
2621 2 2 8 7 1751 1753 1754
2622 2 2 8 7 2748 2751 2749
2623 2 2 8 7 2748 2752 2751
2624 2 2 8 7 2830 2833 2884
2625 2 2 8 7 2831 2884 2833
2626 2 2 8 7 1598 1609 1606
2627 2 2 8 7 3512 3881 3878
2628 2 2 8 7 1344 1735 1739
2629 2 2 8 7 1344 1739 1737
2630 2 2 8 7 3512 3878 3517
2631 2 2 8 7 4743 4775 4770
2632 2 2 8 7 3511 3881 3512
2633 2 2 8 7 2747 2748 2749
2634 2 2 8 7 1235 1246 1239
2635 2 2 8 7 3468 3559 3472
2636 2 2 8 7 3510 3512 3517
2637 2 2 8 7 1239 1246 1240
2638 2 2 8 7 4742 4743 4770
2639 2 2 8 7 3468 3469 3559
2640 2 2 8 7 2746 2748 2747
2641 2 2 8 7 2345 2347 2349
2642 2 2 8 7 2345 2899 2347
2643 2 2 8 7 4633 4634 4636
2644 2 2 8 7 4633 4636 4635
2645 2 2 8 7 4745 4748 4746
2646 2 2 8 7 2681 2682 2683
2647 2 2 8 7 4427 4428 4429
2648 2 2 8 7 2681 2683 2852
2649 2 2 8 7 4427 4429 4430
2650 2 2 8 7 4746 4748 4747
2651 2 2 8 7 2959 2962 2960
2652 2 2 8 7 4696 4697 4701
2653 2 2 8 7 4640 4696 4701
2654 2 2 8 7 3609 3623 3626
2655 2 2 8 7 3623 3625 3626
2656 2 2 8 7 1482 1483 3633
2657 2 2 8 7 1471 1473 1472
2658 2 2 8 7 1471 1475 1473
2659 2 2 8 7 3769 4553 3771
2660 2 2 8 7 1613 1635 1634
2661 2 2 8 7 1613 1634 1627
2662 2 2 8 7 4676 4708 4711
2663 2 2 8 7 4676 4711 4706
2664 2 2 8 7 3759 3779 3776
2665 2 2 8 7 3758 3779 3759
2666 2 2 8 7 2941 2943 2944
2667 2 2 8 7 2941 2942 2943
2668 2 2 8 7 3780 4549 3784
2669 2 2 8 7 3780 4550 4549
2670 2 2 8 7 1414 1417 1415
2671 2 2 8 7 3780 3784 3782
2672 2 2 8 7 1413 1417 1414
2673 2 2 8 7 3780 3782 3781
2674 2 2 8 7 1380 1381 1382
2675 2 2 8 7 1380 1382 1600
2676 2 2 8 7 1414 1415 1424
2677 2 2 8 7 1414 1424 1468
2678 2 2 8 7 2931 2932 2960
2679 2 2 8 7 2930 2931 2960
2680 2 2 8 7 2790 2799 2791
2681 2 2 8 7 2775 2799 2790
2682 2 2 8 7 1440 1443 1470
2683 2 2 8 7 1443 1455 1470
2684 2 2 8 7 4578 4642 4584
2685 2 2 8 7 4577 4578 4584
2686 2 2 8 7 1578 1580 1612
2687 2 2 8 7 2955 2956 2957
2688 2 2 8 7 1580 1614 1612
2689 2 2 8 7 1413 3566 1417
2690 2 2 8 7 1413 3562 3566
2691 2 2 8 7 4561 4592 4591
2692 2 2 8 7 4561 4580 4592
2693 2 2 8 7 3564 3621 3574
2694 2 2 8 7 3563 3621 3564
2695 2 2 8 7 1610 1612 1611
2696 2 2 8 7 3598 3599 3600
2697 2 2 8 7 3599 3602 3600
2698 2 2 8 7 3607 3609 3608
2699 2 2 8 7 4509 4565 4551
2700 2 2 8 7 1467 1468 1472
2701 2 2 8 7 4509 4551 4526
2702 2 2 8 7 4697 4699 4700
2703 2 2 8 7 3628 3631 3640
2704 2 2 8 7 3628 3640 3641
2705 2 2 8 7 3705 3708 3707
2706 2 2 8 7 3705 3710 3708
2707 2 2 8 7 2769 2996 2995
2708 2 2 8 7 2769 2992 2996
2709 2 2 8 7 1520 1530 1529
2710 2 2 8 7 2764 2776 2780
2711 2 2 8 7 4554 4558 4557
2712 2 2 8 7 3000 3014 3009
2713 2 2 8 7 3000 3015 3014
2714 2 2 8 7 2764 2780 2766
2715 2 2 8 7 4554 4557 4555
2716 2 2 8 7 2780 4680 4683
2717 2 2 8 7 2766 2780 4683
2718 2 2 8 7 1626 1630 2966
2719 2 2 8 7 4467 4471 4470
2720 2 2 8 7 1626 2966 2970
2721 2 2 8 7 1493 1540 1539
2722 2 2 8 7 1493 1539 1541
2723 2 2 8 7 4677 4678 4734
2724 2 2 8 7 3615 3617 3629
2725 2 2 8 7 3701 3702 3703
2726 2 2 8 7 3694 3702 3701
2727 2 2 8 7 2964 2969 2966
2728 2 2 8 7 3617 3632 3629
2729 2 2 8 7 2966 2969 2970
2730 2 2 8 7 1520 1529 1525
2731 2 2 8 7 2995 2996 2998
2732 2 2 8 7 4443 4495 4444
2733 2 2 8 7 4444 4495 4445
2734 2 2 8 7 3692 3694 3701
2735 2 2 8 7 3361 3397 3363
2736 2 2 8 7 3361 3362 3397
2737 2 2 8 7 3692 3693 3694
2738 2 2 8 7 2994 2998 2996
2739 2 2 8 7 2951 3025 3028
2740 2 2 8 7 1762 1773 1765
2741 2 2 8 7 3024 3028 3025
2742 2 2 8 7 2709 2720 2718
2743 2 2 8 7 1765 1773 1766
2744 2 2 8 7 2709 2718 2717
2745 2 2 8 7 4761 4771 4764
2746 2 2 8 7 4760 4771 4761
2747 2 2 8 7 1404 1406 1408
2748 2 2 8 7 2264 2323 2266
2749 2 2 8 7 1404 1405 1406
2750 2 2 8 7 2265 2266 2323
2751 2 2 8 7 3902 3906 3912
2752 2 2 8 7 2746 4747 2758
2753 2 2 8 7 2758 4747 4751
2754 2 2 8 7 3902 3905 3906
2755 2 2 8 7 3353 3358 3356
2756 2 2 8 7 1205 1207 1241
2757 2 2 8 7 4670 4672 4944
2758 2 2 8 7 3353 3356 3354
2759 2 2 8 7 1205 1241 1206
2760 2 2 8 7 2719 2753 2755
2761 2 2 8 7 4670 4671 4672
2762 2 2 8 7 2719 2755 2754
2763 2 2 8 7 1748 2276 2274
2764 2 2 8 7 2261 2269 2275
2765 2 2 8 7 2261 2270 2269
2766 2 2 8 7 1747 1748 2274
2767 2 2 8 7 2685 2710 2708
2768 2 2 8 7 4741 4749 4748
2769 2 2 8 7 3553 3556 3555
2770 2 2 8 7 2685 2708 2707
2771 2 2 8 7 3396 3399 3402
2772 2 2 8 7 4741 4750 4749
2773 2 2 8 7 3399 3400 3402
2774 2 2 8 7 3553 3555 3554
2775 2 2 8 7 4763 4765 4943
2776 2 2 8 7 4762 4763 4943
2777 2 2 8 7 4358 4364 4363
2778 2 2 8 7 4358 4363 4362
2779 2 2 8 7 3008 3009 3014
2780 2 2 8 7 1741 1761 1763
2781 2 2 8 7 1741 1763 1760
2782 2 2 8 7 2748 2759 2752
2783 2 2 8 7 2748 2760 2759
2784 2 2 8 7 2853 2854 2855
2785 2 2 8 7 2999 3015 3000
2786 2 2 8 7 2854 2856 2855
2787 2 2 8 7 3401 3403 3467
2788 2 2 8 7 3403 3404 3467
2789 2 2 8 7 2997 3015 2999
2790 2 2 8 7 3895 3914 3897
2791 2 2 8 7 3895 3897 3896
2792 2 2 8 7 3008 3014 3010
2793 2 2 8 7 1358 1359 1360
2794 2 2 8 7 2336 2338 2346
2795 2 2 8 7 1357 1358 1360
2796 2 2 8 7 1245 1315 1247
2797 2 2 8 7 2336 2346 2339
2798 2 2 8 7 1247 1315 1248
2799 2 2 8 7 4361 4365 4369
2800 2 2 8 7 4360 4361 4369
2801 2 2 8 7 4355 4605 4603
2802 2 2 8 7 4603 4605 4604
2803 2 2 8 7 1742 1751 1748
2804 2 2 8 7 1406 1407 1408
2805 2 2 8 7 3525 3552 3526
2806 2 2 8 7 3508 3511 3512
2807 2 2 8 7 2325 2337 2335
2808 2 2 8 7 1406 1410 1407
2809 2 2 8 7 2325 2335 2334
2810 2 2 8 7 1742 1748 1747
2811 2 2 8 7 4426 4427 4431
2812 2 2 8 7 3496 3511 3508
2813 2 2 8 7 3526 3552 3527
2814 2 2 8 7 4427 4432 4431
2815 2 2 8 7 2269 2276 2275
2816 2 2 8 7 4616 4628 4619
2817 2 2 8 7 4367 4423 4421
2818 2 2 8 7 4507 4508 4513
2819 2 2 8 7 2831 2885 2884
2820 2 2 8 7 2884 2885 2886
2821 2 2 8 7 2269 2274 2276
2822 2 2 8 7 4470 4471 4472
2823 2 2 8 7 4421 4423 4422
2824 2 2 8 7 4616 4617 4628
2825 2 2 8 7 2831 2842 2885
2826 2 2 8 7 1743 1752 1753
2827 2 2 8 7 1344 1737 1345
2828 2 2 8 7 4664 4666 4667
2829 2 2 8 7 4504 4507 4513
2830 2 2 8 7 1345 1737 1346
2831 2 2 8 7 2841 2885 2842
2832 2 2 8 7 1743 1756 1752
2833 2 2 8 7 3885 3903 3901
2834 2 2 8 7 3885 3900 3903
2835 2 2 8 7 4664 4665 4666
2836 2 2 8 7 1742 1753 1751
2837 2 2 8 7 2746 2760 2748
2838 2 2 8 7 1742 1743 1753
2839 2 2 8 7 2347 2899 2900
2840 2 2 8 7 3689 3690 3692
2841 2 2 8 7 2898 2900 2899
2842 2 2 8 7 3469 3560 3559
2843 2 2 8 7 2746 2758 2760
2844 2 2 8 7 3469 3561 3560
2845 2 2 8 7 2683 2850 2852
2846 2 2 8 7 2850 2851 2852
2847 2 2 8 7 3508 3512 3510
2848 2 2 8 7 1375 1376 1403
2849 2 2 8 7 3353 3364 3358
2850 2 2 8 7 3508 3510 3509
2851 2 2 8 7 3352 3364 3353
2852 2 2 8 7 1376 1377 1403
2853 2 2 8 7 1240 1246 1244
2854 2 2 8 7 3690 3693 3692
2855 2 2 8 7 1240 1244 1243
2856 2 2 8 7 1549 1554 1551
2857 2 2 8 7 4635 4636 4637
2858 2 2 8 7 1551 1554 1552
2859 2 2 8 7 4635 4637 4663
2860 2 2 8 7 4742 4770 4756
2861 2 2 8 7 4742 4756 4757
2862 2 2 8 7 4747 4748 4749
2863 2 2 8 7 1539 1542 1543
2864 2 2 8 7 1539 1543 1541
2865 2 2 8 7 4747 4749 4751
2866 2 2 8 7 4427 4430 4432
2867 2 2 8 7 4445 4495 4494
2868 2 2 8 7 4430 4433 4432
2869 2 2 8 7 4445 4494 4496
2870 2 2 8 7 2768 2992 2769
2871 2 2 8 7 2768 2990 2992
2872 2 2 8 7 4526 4551 4552
2873 2 2 8 7 4526 4552 4532
2874 2 2 8 7 1626 1629 1630
2875 2 2 8 7 1625 1629 1626
2876 2 2 8 7 1478 1490 1489
2877 2 2 8 7 4673 4678 4677
2878 2 2 8 7 3706 3767 3707
2879 2 2 8 7 2994 2999 2998
2880 2 2 8 7 3706 3707 3708
2881 2 2 8 7 2994 2997 2999
2882 2 2 8 7 1393 1396 1399
2883 2 2 8 7 3587 3589 3588
2884 2 2 8 7 3703 3710 3705
2885 2 2 8 7 4594 4595 4600
2886 2 2 8 7 3787 3788 3789
2887 2 2 8 7 4644 4645 4647
2888 2 2 8 7 3702 3710 3703
2889 2 2 8 7 1591 1594 1592
2890 2 2 8 7 1432 1446 1441
2891 2 2 8 7 2923 2925 2926
2892 2 2 8 7 1395 1396 1448
2893 2 2 8 7 3500 3501 3744
2894 2 2 8 7 2874 2876 2878
2895 2 2 8 7 1387 1392 1389
2896 2 2 8 7 1427 1435 1438
2897 2 2 8 7 4651 4655 4659
2898 2 2 8 7 2815 2864 2860
2899 2 2 8 7 3731 3734 3735
2900 2 2 8 7 2793 2795 2796
2901 2 2 8 7 1350 1384 1352
2902 2 2 8 7 2878 2879 2889
2903 2 2 8 7 2893 2906 2895
2904 2 2 8 7 4729 4731 4730
2905 2 2 8 7 2821 2823 2825
2906 2 2 8 7 4597 4610 4608
2907 2 2 8 7 4654 4656 4714
2908 2 2 8 7 3651 3655 3662
2909 2 2 8 7 3867 3870 3871
2910 2 2 8 7 4342 4345 4344
2911 2 2 8 7 1655 1657 1656
2912 2 2 8 7 3338 3342 3339
2913 2 2 8 7 1568 3038 3040
2914 2 2 8 7 4674 4681 4678
2915 2 2 8 7 1518 1519 1530
2916 2 2 8 7 1619 1621 1622
2917 2 2 8 7 4673 4674 4678
2918 2 2 8 7 1473 1475 1474
2919 2 2 8 7 3613 3688 3614
2920 2 2 8 7 1474 1475 1477
2921 2 2 8 7 1534 1550 1536
2922 2 2 8 7 3625 3627 3626
2923 2 2 8 7 3624 3627 3625
2924 2 2 8 7 4687 4690 4688
2925 2 2 8 7 1518 1530 1520
2926 2 2 8 7 4477 4484 4480
2927 2 2 8 7 1397 1406 1405
2928 2 2 8 7 3360 3362 3361
2929 2 2 8 7 1397 1405 1402
2930 2 2 8 7 3359 3362 3360
2931 2 2 8 7 1586 1765 1766
2932 2 2 8 7 1586 1766 1764
2933 2 2 8 7 2716 2717 2718
2934 2 2 8 7 3657 4462 3670
2935 2 2 8 7 2716 2824 2717
2936 2 2 8 7 3398 3400 3399
2937 2 2 8 7 3398 3586 3400
2938 2 2 8 7 4362 4363 4601
2939 2 2 8 7 4362 4601 4602
2940 2 2 8 7 2269 2270 2271
2941 2 2 8 7 2269 2271 2272
2942 2 2 8 7 3351 3353 3354
2943 2 2 8 7 1747 2274 2273
2944 2 2 8 7 1746 1747 2273
2945 2 2 8 7 3551 3554 3555
2946 2 2 8 7 3546 3551 3555
2947 2 2 8 7 3904 3906 3905
2948 2 2 8 7 3349 3351 3354
2949 2 2 8 7 3733 3904 3905
2950 2 2 8 7 2265 2268 2266
2951 2 2 8 7 4749 4750 4753
2952 2 2 8 7 4750 4754 4753
2953 2 2 8 7 4360 4586 4361
2954 2 2 8 7 2265 2267 2268
2955 2 2 8 7 2758 4751 2763
2956 2 2 8 7 2763 4751 4752
2957 2 2 8 7 4431 4432 4435
2958 2 2 8 7 2759 2760 2762
2959 2 2 8 7 4431 4435 4434
2960 2 2 8 7 4359 4586 4360
2961 2 2 8 7 2760 2761 2762
2962 2 2 8 7 1204 1205 1206
2963 2 2 8 7 2334 2335 2915
2964 2 2 8 7 2754 2755 2757
2965 2 2 8 7 1203 1204 1206
2966 2 2 8 7 2333 2334 2915
2967 2 2 8 7 1590 1760 1763
2968 2 2 8 7 1589 1590 1763
2969 2 2 8 7 2754 2757 2756
2970 2 2 8 7 4723 4760 4761
2971 2 2 8 7 2854 2861 2856
2972 2 2 8 7 2856 2861 2859
2973 2 2 8 7 4719 4763 4762
2974 2 2 8 7 3496 3508 3504
2975 2 2 8 7 4716 4719 4762
2976 2 2 8 7 4723 4759 4760
2977 2 2 8 7 3896 3897 3899
2978 2 2 8 7 1247 1248 1434
2979 2 2 8 7 3896 3899 3898
2980 2 2 8 7 1248 1431 1434
2981 2 2 8 7 3496 3504 3497
2982 2 2 8 7 1743 1745 1756
2983 2 2 8 7 3527 3552 3550
2984 2 2 8 7 1745 1758 1756
2985 2 2 8 7 3403 3581 3404
2986 2 2 8 7 2336 2339 2904
2987 2 2 8 7 2336 2904 2903
2988 2 2 8 7 3403 3584 3581
2989 2 2 8 7 2897 2900 2898
2990 2 2 8 7 2896 2900 2897
2991 2 2 8 7 3527 3550 3549
2992 2 2 8 7 1354 1358 1357
2993 2 2 8 7 1345 1346 1348
2994 2 2 8 7 1345 1348 1347
2995 2 2 8 7 1353 1354 1357
2996 2 2 8 7 2269 2272 2274
2997 2 2 8 7 2707 2708 2828
2998 2 2 8 7 2272 2273 2274
2999 2 2 8 7 1243 1244 1437
3000 2 2 8 7 2707 2828 2829
3001 2 2 8 7 1742 1747 1744
3002 2 2 8 7 1242 1243 1437
3003 2 2 8 7 4668 4672 4671
3004 2 2 8 7 4668 4671 4669
3005 2 2 8 7 1744 1747 1746
3006 2 2 8 7 3738 3903 3900
3007 2 2 8 7 3738 3900 3739
3008 2 2 8 7 4657 4666 4665
3009 2 2 8 7 4613 4617 4616
3010 2 2 8 7 2885 2888 2886
3011 2 2 8 7 2758 2761 2760
3012 2 2 8 7 4613 4615 4617
3013 2 2 8 7 2886 2888 2890
3014 2 2 8 7 4657 4665 4662
3015 2 2 8 7 3504 3508 3509
3016 2 2 8 7 2758 2763 2761
3017 2 2 8 7 3504 3509 3505
3018 2 2 8 7 2849 2851 2850
3019 2 2 8 7 1742 1744 1743
3020 2 2 8 7 2848 2851 2849
3021 2 2 8 7 4604 4605 4607
3022 2 2 8 7 1743 1744 1745
3023 2 2 8 7 4604 4607 4606
3024 2 2 8 7 2841 2888 2885
3025 2 2 8 7 2841 2887 2888
3026 2 2 8 7 1377 1401 1403
3027 2 2 8 7 1397 1410 1406
3028 2 2 8 7 1377 1400 1401
3029 2 2 8 7 3351 3352 3353
3030 2 2 8 7 4420 4421 4422
3031 2 2 8 7 3350 3352 3351
3032 2 2 8 7 1397 1411 1410
3033 2 2 8 7 3558 3560 3561
3034 2 2 8 7 4419 4420 4422
3035 2 2 8 7 4432 4433 4435
3036 2 2 8 7 4749 4753 4751
3037 2 2 8 7 3557 3558 3561
3038 2 2 8 7 4433 4436 4435
3039 2 2 8 7 4751 4753 4752
3040 2 2 8 7 4637 4661 4663
3041 2 2 8 7 4660 4663 4661
3042 2 2 8 7 4756 4758 4757
3043 2 2 8 7 4755 4757 4758
3044 2 2 8 7 3657 4461 4462
3045 2 2 8 7 4477 4483 4484
3046 2 2 8 7 1529 1530 1533
3047 2 2 8 7 4480 4484 4482
3048 2 2 8 7 4456 4471 4467
3049 2 2 8 7 3624 3628 3627
3050 2 2 8 7 1474 1477 1478
3051 2 2 8 7 1554 1605 1604
3052 2 2 8 7 4488 4492 4489
3053 2 2 8 7 2953 2967 2968
3054 2 2 8 7 2957 2958 2962
3055 2 2 8 7 4491 4697 4696
3056 2 2 8 7 1606 1610 1607
3057 2 2 8 7 1397 1402 1398
3058 2 2 8 7 1398 1402 1399
3059 2 2 8 7 3359 3360 3579
3060 2 2 8 7 3359 3579 3580
3061 2 2 8 7 2333 2915 2914
3062 2 2 8 7 2333 2914 2916
3063 2 2 8 7 1585 1586 1764
3064 2 2 8 7 3398 3585 3586
3065 2 2 8 7 3585 3587 3586
3066 2 2 8 7 1584 1585 1764
3067 2 2 8 7 4599 4602 4601
3068 2 2 8 7 4599 4600 4602
3069 2 2 8 7 3546 3548 3551
3070 2 2 8 7 3546 3547 3548
3071 2 2 8 7 2761 2783 2762
3072 2 2 8 7 4359 4585 4586
3073 2 2 8 7 2761 2784 2783
3074 2 2 8 7 4359 4587 4585
3075 2 2 8 7 4434 4435 4539
3076 2 2 8 7 4434 4539 4540
3077 2 2 8 7 2267 2924 2268
3078 2 2 8 7 4657 4662 4658
3079 2 2 8 7 1203 1430 1204
3080 2 2 8 7 1204 1430 1429
3081 2 2 8 7 4658 4662 4659
3082 2 2 8 7 2271 2921 2272
3083 2 2 8 7 1242 1437 1436
3084 2 2 8 7 2272 2921 2922
3085 2 2 8 7 2267 2923 2924
3086 2 2 8 7 2716 2822 2824
3087 2 2 8 7 1646 1746 2273
3088 2 2 8 7 1242 1436 1435
3089 2 2 8 7 3581 3584 3582
3090 2 2 8 7 1646 2273 2917
3091 2 2 8 7 3582 3584 3583
3092 2 2 8 7 3736 3738 3739
3093 2 2 8 7 2822 2825 2824
3094 2 2 8 7 3349 3570 3351
3095 2 2 8 7 1642 1758 1745
3096 2 2 8 7 2763 4752 2782
3097 2 2 8 7 2782 4752 4740
3098 2 2 8 7 3736 3737 3738
3099 2 2 8 7 1642 1745 1643
3100 2 2 8 7 1588 1590 1589
3101 2 2 8 7 4739 4753 4754
3102 2 2 8 7 1587 1590 1588
3103 2 2 8 7 3732 3904 3733
3104 2 2 8 7 4738 4739 4754
3105 2 2 8 7 3732 3733 3734
3106 2 2 8 7 3349 3567 3570
3107 2 2 8 7 4716 4718 4719
3108 2 2 8 7 4716 4717 4718
3109 2 2 8 7 3789 3898 3899
3110 2 2 8 7 3786 3789 3899
3111 2 2 8 7 2896 2897 2905
3112 2 2 8 7 4613 4647 4615
3113 2 2 8 7 2895 2905 2897
3114 2 2 8 7 4613 4614 4647
3115 2 2 8 7 3539 3549 3550
3116 2 2 8 7 2756 2757 2794
3117 2 2 8 7 3538 3549 3539
3118 2 2 8 7 2272 2922 2273
3119 2 2 8 7 2756 2794 2793
3120 2 2 8 7 4722 4759 4723
3121 2 2 8 7 2273 2922 2917
3122 2 2 8 7 4722 4724 4759
3123 2 2 8 7 2827 2829 2828
3124 2 2 8 7 2826 2829 2827
3125 2 2 8 7 3502 3504 3505
3126 2 2 8 7 2859 2861 2863
3127 2 2 8 7 2859 2863 2862
3128 2 2 8 7 3502 3505 3503
3129 2 2 8 7 1644 1745 1744
3130 2 2 8 7 1431 1433 1434
3131 2 2 8 7 1643 1745 1644
3132 2 2 8 7 2902 2903 2904
3133 2 2 8 7 1431 1432 1433
3134 2 2 8 7 2761 2763 2784
3135 2 2 8 7 2901 2903 2902
3136 2 2 8 7 1644 1744 1746
3137 2 2 8 7 1347 1348 1592
3138 2 2 8 7 1390 1401 1400
3139 2 2 8 7 3497 3504 3502
3140 2 2 8 7 1347 1592 1349
3141 2 2 8 7 1389 1390 1400
3142 2 2 8 7 2763 2782 2784
3143 2 2 8 7 1351 1354 1353
3144 2 2 8 7 3497 3502 3500
3145 2 2 8 7 1351 1353 1352
3146 2 2 8 7 1644 1746 1646
3147 2 2 8 7 2877 2888 2887
3148 2 2 8 7 2874 2877 2887
3149 2 2 8 7 1397 1398 1411
3150 2 2 8 7 3544 3558 3557
3151 2 2 8 7 3350 3351 3570
3152 2 2 8 7 4598 4606 4607
3153 2 2 8 7 4419 4534 4420
3154 2 2 8 7 3544 3557 3593
3155 2 2 8 7 3350 3570 3571
3156 2 2 8 7 4598 4608 4606
3157 2 2 8 7 1395 1411 1398
3158 2 2 8 7 4419 4537 4534
3159 2 2 8 7 4435 4436 4539
3160 2 2 8 7 4436 4538 4539
3161 2 2 8 7 2814 2848 2849
3162 2 2 8 7 4668 4669 4715
3163 2 2 8 7 2814 2860 2848
3164 2 2 8 7 4739 4752 4753
3165 2 2 8 7 2877 2890 2888
3166 2 2 8 7 4654 4715 4669
3167 2 2 8 7 2877 2889 2890
3168 2 2 8 7 4648 4660 4661
3169 2 2 8 7 4648 4649 4660
3170 2 2 8 7 4739 4740 4752
3171 2 2 8 7 4728 4755 4758
3172 2 2 8 7 4728 4730 4755
3173 2 2 8 7 2958 2965 2962
3174 2 2 8 7 4490 4491 4696
3175 2 2 8 7 1603 1606 1607
3176 2 2 8 7 3719 4474 4521
3177 2 2 8 7 3668 4474 3719
3178 2 2 8 7 4474 4520 4521
3179 2 2 8 7 1503 1515 1505
3180 2 2 8 7 3796 3867 3871
3181 2 2 8 7 4317 4344 4345
3182 2 2 8 7 1656 1657 1658
3183 2 2 8 7 3337 3338 3339
3184 2 2 8 7 3796 3871 3845
3185 2 2 8 7 4317 4345 4318
3186 2 2 8 7 1656 1658 1663
3187 2 2 8 7 3337 3339 3374
3188 2 2 8 7 4474 4479 4520
3189 2 2 8 7 1503 1519 1515
3190 2 2 8 7 3041 3047 3048
3191 2 2 8 7 3041 3045 3047
3192 2 2 8 7 3411 3413 3414
3193 2 2 8 7 4846 4847 4855
3194 2 2 8 7 1935 1948 1936
3195 2 2 8 7 1942 1943 1957
3196 2 2 8 7 2124 2130 2129
3197 2 2 8 7 1866 1870 1906
3198 2 2 8 7 1249 1260 1256
3199 2 2 8 7 2470 2474 2471
3200 2 2 8 7 4985 4989 4992
3201 2 2 8 7 2055 2059 2078
3202 2 2 8 7 2453 2590 2589
3203 2 2 8 7 2130 2139 2135
3204 2 2 8 7 1256 1258 1257
3205 2 2 8 7 4158 4162 4266
3206 2 2 8 7 4846 4862 4859
3207 2 2 8 7 4994 4995 4999
3208 2 2 8 7 3296 3299 3298
3209 2 2 8 7 5108 5124 5127
3210 2 2 8 7 3303 3327 3324
3211 2 2 8 7 2457 2460 2458
3212 2 2 8 7 4211 4222 4216
3213 2 2 8 7 1139 1141 1142
3214 2 2 8 7 3117 3119 3121
3215 2 2 8 7 4240 4241 4242
3216 2 2 8 7 2464 2481 2470
3217 2 2 8 7 3405 3426 3430
3218 2 2 8 7 2627 2629 2632
3219 2 2 8 7 3319 3324 3320
3220 2 2 8 7 3816 3820 3818
3221 2 2 8 7 3204 3281 3206
3222 2 2 8 7 1051 1282 1285
3223 2 2 8 7 2637 2641 2642
3224 2 2 8 7 1936 1949 1943
3225 2 2 8 7 4057 4060 4059
3226 2 2 8 7 4905 4908 4909
3227 2 2 8 7 2228 2377 2361
3228 2 2 8 7 4002 4034 4006
3229 2 2 8 7 2156 2157 2159
3230 2 2 8 7 2582 2601 2612
3231 2 2 8 7 1706 1861 1707
3232 2 2 8 7 1669 1670 1674
3233 2 2 8 7 4916 5040 5041
3234 2 2 8 7 1688 1689 1692
3235 2 2 8 7 4154 4328 4327
3236 2 2 8 7 4308 4310 4314
3237 2 2 8 7 3210 3441 3438
3238 2 2 8 7 3816 3840 3819
3239 2 2 8 7 2054 2057 2055
3240 2 2 8 7 4974 5048 4978
3241 2 2 8 7 3854 3855 3997
3242 2 2 8 7 5135 5138 5139
3243 2 2 8 7 2163 2259 2260
3244 2 2 8 7 1045 1047 1124
3245 2 2 8 7 4211 4233 4225
3246 2 2 8 7 949 953 951
3247 2 2 8 7 1621 1623 1622
3248 2 2 8 7 2385 2386 2401
3249 2 2 8 7 3613 3643 3688
3250 2 2 8 7 1536 1550 1542
3251 2 2 8 7 4685 4687 4688
3252 2 2 8 7 4489 4492 4491
3253 2 2 8 7 3728 3740 3729
3254 2 2 8 7 1942 1958 2129
3255 2 2 8 7 2471 4850 4847
3256 2 2 8 7 1604 1605 1607
3257 2 2 8 7 4489 4491 4490
3258 2 2 8 7 2953 2968 2958
3259 2 2 8 7 1603 1607 1605
3260 2 2 8 7 2881 2893 2894
3261 2 2 8 7 3536 3541 3540
3262 2 2 8 7 3041 3044 3045
3263 2 2 8 7 2978 3059 3044
3264 2 2 8 7 4595 4596 4597
3265 2 2 8 7 4645 4650 4646
3266 2 2 8 7 2958 2968 2965
3267 2 2 8 7 3044 3058 3045
3268 2 2 8 7 4609 4610 4643
3269 2 2 8 7 4653 4656 4655
3270 2 2 8 7 1391 1393 1392
3271 2 2 8 7 4535 4536 4544
3272 2 2 8 7 4588 4589 4590
3273 2 2 8 7 2864 2866 2865
3274 2 2 8 7 3594 3597 3596
3275 2 2 8 7 2796 2797 2821
3276 2 2 8 7 2865 2866 2868
3277 2 2 8 7 1385 1386 1387
3278 2 2 8 7 2818 2820 2823
3279 2 2 8 7 3575 3577 3578
3280 2 2 8 7 1445 1447 1446
3281 2 2 8 7 4709 4713 4710
3282 2 2 8 7 3742 3744 3743
3283 2 2 8 7 3542 3545 3543
3284 2 2 8 7 1581 1583 1582
3285 2 2 8 7 2867 2869 2876
3286 2 2 8 7 3044 3059 3058
3287 2 2 8 7 1445 1448 1447
3288 2 2 8 7 2816 2820 2818
3289 2 2 8 7 2908 2910 2909
3290 2 2 8 7 3656 4461 3657
3291 2 2 8 7 2879 2881 2894
3292 2 2 8 7 3785 3791 3788
3293 2 2 8 7 3501 3533 3532
3294 2 2 8 7 3636 3637 3654
3295 2 2 8 7 1350 1594 1597
3296 2 2 8 7 4707 4721 4720
3297 2 2 8 7 4451 4500 4487
3298 2 2 8 7 3636 3654 3653
3299 2 2 8 7 3728 3729 3735
3300 2 2 8 7 4450 4451 4487
3301 2 2 8 7 3673 3718 3675
3302 2 2 8 7 3032 3036 3039
3303 2 2 8 7 4676 4706 4704
3304 2 2 8 7 4675 4676 4704
3305 2 2 8 7 3036 3037 3039
3306 2 2 8 7 1613 1627 1615
3307 2 2 8 7 1615 1627 1628
3308 2 2 8 7 1413 1414 1466
3309 2 2 8 7 1413 1466 1465
3310 2 2 8 7 3775 4550 3780
3311 2 2 8 7 3775 4556 4550
3312 2 2 8 7 3758 3759 3760
3313 2 2 8 7 3759 3762 3760
3314 2 2 8 7 3772 3780 3781
3315 2 2 8 7 3772 3775 3780
3316 2 2 8 7 1380 1600 1602
3317 2 2 8 7 1380 1602 1599
3318 2 2 8 7 2942 2947 2943
3319 2 2 8 7 3567 3569 3570
3320 2 2 8 7 2943 2947 2945
3321 2 2 8 7 4438 4454 4457
3322 2 2 8 7 4454 4455 4457
3323 2 2 8 7 1414 1468 1466
3324 2 2 8 7 1466 1468 1467
3325 2 2 8 7 1396 1398 1399
3326 2 2 8 7 1413 1465 3562
3327 2 2 8 7 1465 3618 3562
3328 2 2 8 7 1569 1570 1575
3329 2 2 8 7 1569 1575 1571
3330 2 2 8 7 2930 2960 2961
3331 2 2 8 7 2960 2962 2961
3332 2 2 8 7 3585 3589 3587
3333 2 2 8 7 2782 2786 2784
3334 2 2 8 7 2783 2784 2785
3335 2 2 8 7 2913 2916 2914
3336 2 2 8 7 3673 3675 3674
3337 2 2 8 7 3674 3675 3680
3338 2 2 8 7 1455 1457 1470
3339 2 2 8 7 1457 1471 1470
3340 2 2 8 7 2775 2790 2779
3341 2 2 8 7 4538 4541 4539
3342 2 2 8 7 3563 3620 3621
3343 2 2 8 7 3563 3619 3620
3344 2 2 8 7 2775 2779 2778
3345 2 2 8 7 2917 2922 2918
3346 2 2 8 7 4594 4600 4599
3347 2 2 8 7 1561 1563 1565
3348 2 2 8 7 4574 4578 4577
3349 2 2 8 7 4574 4577 4579
3350 2 2 8 7 1611 1612 1614
3351 2 2 8 7 1611 1614 1617
3352 2 2 8 7 1646 2917 2918
3353 2 2 8 7 1577 1587 1588
3354 2 2 8 7 3786 3787 3789
3355 2 2 8 7 4539 4543 4540
3356 2 2 8 7 1563 1564 1565
3357 2 2 8 7 2782 4740 2786
3358 2 2 8 7 2895 2906 2905
3359 2 2 8 7 1389 1392 1390
3360 2 2 8 7 4614 4644 4647
3361 2 2 8 7 1644 1646 1645
3362 2 2 8 7 2923 2926 2924
3363 2 2 8 7 1428 1429 1430
3364 2 2 8 7 2874 2878 2877
3365 2 2 8 7 4561 4581 4580
3366 2 2 8 7 1435 1436 1438
3367 2 2 8 7 3500 3502 3501
3368 2 2 8 7 4561 4564 4581
3369 2 2 8 7 1349 1592 1594
3370 2 2 8 7 4737 4739 4738
3371 2 2 8 7 1432 1441 1433
3372 2 2 8 7 3582 3583 3595
3373 2 2 8 7 2814 2815 2860
3374 2 2 8 7 4655 4658 4659
3375 2 2 8 7 3731 3732 3734
3376 2 2 8 7 2920 2922 2921
3377 2 2 8 7 1395 1398 1396
3378 2 2 8 7 3570 3572 3571
3379 2 2 8 7 2793 2794 2795
3380 2 2 8 7 4728 4729 4730
3381 2 2 8 7 1351 1352 1384
3382 2 2 8 7 1643 1644 1645
3383 2 2 8 7 1641 1642 1643
3384 2 2 8 7 3599 3611 3602
3385 2 2 8 7 3602 3611 3604
3386 2 2 8 7 4646 4649 4648
3387 2 2 8 7 4737 4740 4739
3388 2 2 8 7 4597 4608 4598
3389 2 2 8 7 2877 2878 2889
3390 2 2 8 7 4654 4714 4715
3391 2 2 8 7 2821 2825 2822
3392 2 2 8 7 4645 4646 4648
3393 2 2 8 7 2863 2865 2868
3394 2 2 8 7 2862 2863 2868
3395 2 2 8 7 4709 4718 4713
3396 2 2 8 7 4713 4718 4717
3397 2 2 8 7 3677 3680 3679
3398 2 2 8 7 4595 4597 4598
3399 2 2 8 7 2956 2958 2957
3400 2 2 8 7 3536 3539 3541
3401 2 2 8 7 3728 3737 3740
3402 2 2 8 7 3536 3538 3539
3403 2 2 8 7 3542 3547 3545
3404 2 2 8 7 1607 1610 1611
3405 2 2 8 7 2820 2827 2823
3406 2 2 8 7 3736 3740 3737
3407 2 2 8 7 1390 1392 1393
3408 2 2 8 7 3542 3548 3547
3409 2 2 8 7 2816 2827 2820
3410 2 2 8 7 4234 4236 4242
3411 2 2 8 7 2816 2826 2827
3412 2 2 8 7 3544 3594 3596
3413 2 2 8 7 3788 3791 3790
3414 2 2 8 7 1487 3637 3638
3415 2 2 8 7 3544 3593 3594
3416 2 2 8 7 2034 2643 2035
3417 2 2 8 7 4585 4589 4588
3418 2 2 8 7 4287 5124 4291
3419 2 2 8 7 1444 1445 1446
3420 2 2 8 7 1385 1387 1388
3421 2 2 8 7 1486 3637 1487
3422 2 2 8 7 2161 2163 2162
3423 2 2 8 7 4585 4587 4589
3424 2 2 8 7 1582 1583 1585
3425 2 2 8 7 2401 2406 2403
3426 2 2 8 7 2377 2379 2380
3427 2 2 8 7 2609 2610 2612
3428 2 2 8 7 2879 2894 2892
3429 2 2 8 7 3501 3502 3533
3430 2 2 8 7 3851 3852 3854
3431 2 2 8 7 2405 2410 2424
3432 2 2 8 7 1582 1585 1584
3433 2 2 8 7 3741 3744 3742
3434 2 2 8 7 1932 1935 1933
3435 2 2 8 7 2253 2361 2363
3436 2 2 8 7 3502 3503 3533
3437 2 2 8 7 2037 2057 2038
3438 2 2 8 7 2863 2864 2865
3439 2 2 8 7 4236 4238 4242
3440 2 2 8 7 4534 4536 4535
3441 2 2 8 7 2796 2821 2822
3442 2 2 8 7 4975 4976 4978
3443 2 2 8 7 4994 5141 5142
3444 2 2 8 7 3577 3579 3578
3445 2 2 8 7 4534 4537 4536
3446 2 2 8 7 1139 1164 1163
3447 2 2 8 7 1444 1448 1445
3448 2 2 8 7 2035 2643 2039
3449 2 2 8 7 2134 2135 2136
3450 2 2 8 7 4287 4288 5124
3451 2 2 8 7 1349 1594 1350
3452 2 2 8 7 4261 4266 4262
3453 2 2 8 7 3577 3580 3579
3454 2 2 8 7 2162 2163 2312
3455 2 2 8 7 4857 4860 4905
3456 2 2 8 7 2377 2380 2378
3457 2 2 8 7 2400 2401 2403
3458 2 2 8 7 3674 3680 3677
3459 2 2 8 7 2609 2612 2611
3460 2 2 8 7 2453 2455 2454
3461 2 2 8 7 2404 2405 2424
3462 2 2 8 7 3852 3853 3854
3463 2 2 8 7 2892 2894 2893
3464 2 2 8 7 2590 2598 2600
3465 2 2 8 7 1933 1935 1934
3466 2 2 8 7 2867 2876 2875
3467 2 2 8 7 2361 2365 2363
3468 2 2 8 7 2635 2641 2639
3469 2 2 8 7 2037 2046 2057
3470 2 2 8 7 1249 1250 1269
3471 2 2 8 7 3283 3284 3299
3472 2 2 8 7 4655 4656 4658
3473 2 2 8 7 4720 4721 4722
3474 2 2 8 7 4976 4977 4978
3475 2 2 8 7 4923 4994 5142
3476 2 2 8 7 4983 4985 4997
3477 2 2 8 7 4609 4611 4610
3478 2 2 8 7 2902 2908 2909
3479 2 2 8 7 1139 1144 1164
3480 2 2 8 7 2133 2135 2134
3481 2 2 8 7 4721 4724 4722
3482 2 2 8 7 4261 4378 4266
3483 2 2 8 7 2901 2902 2909
3484 2 2 8 7 4857 4905 4906
3485 2 2 8 7 2453 2454 2688
3486 2 2 8 7 4674 4682 4681
3487 2 2 8 7 2590 2597 2598
3488 2 2 8 7 2635 2640 2641
3489 2 2 8 7 1249 1253 1250
3490 2 2 8 7 3283 3299 3300
3491 2 2 8 7 3463 3464 3465
3492 2 2 8 7 4621 4624 4623
3493 2 2 8 7 4983 4984 4985
3494 2 2 8 7 3728 3735 3737
3495 2 2 8 7 3386 3387 3391
3496 2 2 8 7 3677 3679 3678
3497 2 2 8 7 1364 1659 1366
3498 2 2 8 7 3911 3948 3949
3499 2 2 8 7 3516 3518 3808
3500 2 2 8 7 3926 3927 3928
3501 2 2 8 7 4769 4782 4783
3502 2 2 8 7 1801 1807 1802
3503 2 2 8 7 1223 1224 1225
3504 2 2 8 7 3483 3522 3494
3505 2 2 8 7 3518 3803 3808
3506 2 2 8 7 3470 3473 3482
3507 2 2 8 7 1194 1195 1196
3508 2 2 8 7 3927 3930 3928
3509 2 2 8 7 3910 3950 3951
3510 2 2 8 7 1187 1191 1193
3511 2 2 8 7 4346 4382 4375
3512 2 2 8 7 2954 2958 2956
3513 2 2 8 7 1607 1611 1608
3514 2 2 8 7 4491 4699 4697
3515 2 2 8 7 3645 3649 3650
3516 2 2 8 7 1172 1179 1177
3517 2 2 8 7 3336 3337 3374
3518 2 2 8 7 4787 4969 4968
3519 2 2 8 7 3645 3650 3648
3520 2 2 8 7 5118 5119 5122
3521 2 2 8 7 1214 1220 1219
3522 2 2 8 7 1658 1665 1663
3523 2 2 8 7 3918 4069 3937
3524 2 2 8 7 3941 3955 3957
3525 2 2 8 7 3125 3810 3129
3526 2 2 8 7 3490 3493 3491
3527 2 2 8 7 3935 3937 3938
3528 2 2 8 7 4334 4338 4337
3529 2 2 8 7 3450 3454 3451
3530 2 2 8 7 1167 1180 1178
3531 2 2 8 7 957 962 1662
3532 2 2 8 7 3796 3845 3843
3533 2 2 8 7 4317 4318 4319
3534 2 2 8 7 3860 3864 3954
3535 2 2 8 7 3934 3937 3935
3536 2 2 8 7 1798 1799 1815
3537 2 2 8 7 3384 3445 3444
3538 2 2 8 7 3409 3475 3478
3539 2 2 8 7 1169 1179 1172
3540 2 2 8 7 3336 3374 3373
3541 2 2 8 7 3805 3813 3810
3542 2 2 8 7 3384 3446 3445
3543 2 2 8 7 4787 4968 4964
3544 2 2 8 7 4787 4788 4969
3545 2 2 8 7 5116 5122 5119
3546 2 2 8 7 1214 1219 1216
3547 2 2 8 7 3936 3937 4069
3548 2 2 8 7 1663 1665 1664
3549 2 2 8 7 3129 3810 3130
3550 2 2 8 7 3955 3956 3957
3551 2 2 8 7 3123 3490 3491
3552 2 2 8 7 957 1662 1661
3553 2 2 8 7 3936 3938 3937
3554 2 2 8 7 1798 1806 1799
3555 2 2 8 7 3450 3451 3453
3556 2 2 8 7 4333 4334 4337
3557 2 2 8 7 1175 1177 1179
3558 2 2 8 7 3843 3845 3848
3559 2 2 8 7 961 1662 962
3560 2 2 8 7 1167 1181 1180
3561 2 2 8 7 3860 3954 3958
3562 2 2 8 7 4318 4321 4319
3563 2 2 8 7 4282 5119 5118
3564 2 2 8 7 3409 3478 3477
3565 2 2 8 7 1796 1798 1815
3566 2 2 8 7 3368 3384 3444
3567 2 2 8 7 1174 1178 1180
3568 2 2 8 7 3941 3957 3947
3569 2 2 8 7 3130 3810 3813
3570 2 2 8 7 3125 3809 3810
3571 2 2 8 7 1219 1220 1221
3572 2 2 8 7 3805 3810 3806
3573 2 2 8 7 3450 3461 3454
3574 2 2 8 7 3864 3865 3954
3575 2 2 8 7 3916 3918 3937
3576 2 2 8 7 3491 3493 3492
3577 2 2 8 7 4337 4338 4383
3578 2 2 8 7 3475 3480 3478
3579 2 2 8 7 3932 3937 3934
3580 2 2 8 7 3384 3385 3446
3581 2 2 8 7 4786 4787 4964
3582 2 2 8 7 1660 1661 1662
3583 2 2 8 7 1798 1805 1806
3584 2 2 8 7 1175 1179 1176
3585 2 2 8 7 4282 4622 5119
3586 2 2 8 7 1174 1180 1186
3587 2 2 8 7 3947 3957 3952
3588 2 2 8 7 3807 3810 3809
3589 2 2 8 7 1219 1221 1222
3590 2 2 8 7 3806 3810 3807
3591 2 2 8 7 3449 3461 3450
3592 2 2 8 7 3865 3953 3954
3593 2 2 8 7 3916 3937 3932
3594 2 2 8 7 3491 3492 3495
3595 2 2 8 7 4337 4383 4339
3596 2 2 8 7 4674 4687 4682
3597 2 2 8 7 3478 3480 3479
3598 2 2 8 7 3719 3722 3720
3599 2 2 8 7 4491 4698 4699
3600 2 2 8 7 3718 3719 3720
3601 2 2 8 7 1481 1489 1483
3602 2 2 8 7 1483 1489 1488
3603 2 2 8 7 1516 3663 3661
3604 2 2 8 7 4236 4398 4238
3605 2 2 8 7 4286 4288 4287
3606 2 2 8 7 2039 2643 2647
3607 2 2 8 7 2162 2312 2311
3608 2 2 8 7 2363 2365 2366
3609 2 2 8 7 2400 2403 2402
3610 2 2 8 7 2376 2378 2380
3611 2 2 8 7 1797 1933 1934
3612 2 2 8 7 2608 2609 2611
3613 2 2 8 7 4238 4398 4397
3614 2 2 8 7 3847 3853 3852
3615 2 2 8 7 4285 4288 4286
3616 2 2 8 7 2404 2424 2423
3617 2 2 8 7 2037 2042 2046
3618 2 2 8 7 2133 2134 2289
3619 2 2 8 7 4958 4977 4976
3620 2 2 8 7 2039 2647 2043
3621 2 2 8 7 4261 4376 4378
3622 2 2 8 7 2310 2311 2312
3623 2 2 8 7 4923 5142 4924
3624 2 2 8 7 2364 2366 2365
3625 2 2 8 7 2454 2690 2688
3626 2 2 8 7 1144 1182 1164
3627 2 2 8 7 2398 2400 2402
3628 2 2 8 7 2374 2378 2376
3629 2 2 8 7 2634 2640 2635
3630 2 2 8 7 4804 4857 4906
3631 2 2 8 7 2606 2608 2611
3632 2 2 8 7 1795 1797 1934
3633 2 2 8 7 4982 4984 4983
3634 2 2 8 7 3846 3853 3847
3635 2 2 8 7 2404 2423 2420
3636 2 2 8 7 2042 2045 2046
3637 2 2 8 7 2597 2599 2598
3638 2 2 8 7 3283 3300 3370
3639 2 2 8 7 2133 2289 2288
3640 2 2 8 7 1250 1253 1252
3641 2 2 8 7 4958 4961 4977
3642 2 2 8 7 4376 4377 4378
3643 2 2 8 7 4923 4924 4926
3644 2 2 8 7 2688 2690 2689
3645 2 2 8 7 1144 1217 1182
3646 2 2 8 7 2634 2656 2640
3647 2 2 8 7 4797 4804 4906
3648 2 2 8 7 4981 4984 4982
3649 2 2 8 7 2597 2687 2599
3650 2 2 8 7 3300 3372 3370
3651 2 2 8 7 1252 1253 1254
3652 2 2 8 7 2764 2766 2767
3653 2 2 8 7 3629 3632 3633
3654 2 2 8 7 4552 4554 4555
3655 2 2 8 7 4552 4555 4553
3656 2 2 8 7 1624 1626 2970
3657 2 2 8 7 1624 2970 2971
3658 2 2 8 7 3385 3386 3446
3659 2 2 8 7 1805 1807 1806
3660 2 2 8 7 2969 2971 2970
3661 2 2 8 7 2766 4683 4684
3662 2 2 8 7 1364 1661 1660
3663 2 2 8 7 3646 3648 3679
3664 2 2 8 7 4783 4786 4964
3665 2 2 8 7 3947 3952 3948
3666 2 2 8 7 3648 3652 3679
3667 2 2 8 7 1175 1176 1194
3668 2 2 8 7 4282 4624 4622
3669 2 2 8 7 3803 3806 3807
3670 2 2 8 7 3449 3463 3461
3671 2 2 8 7 2766 4684 2767
3672 2 2 8 7 1174 1186 1193
3673 2 2 8 7 3930 3932 3934
3674 2 2 8 7 1221 1225 1222
3675 2 2 8 7 3916 3932 3926
3676 2 2 8 7 3020 3021 3048
3677 2 2 8 7 3516 3807 3809
3678 2 2 8 7 3865 3951 3953
3679 2 2 8 7 3483 3495 3492
3680 2 2 8 7 3470 3479 3480
3681 2 2 8 7 4339 4383 4382
3682 2 2 8 7 3385 3387 3386
3683 2 2 8 7 1802 1807 1805
3684 2 2 8 7 1364 1660 1659
3685 2 2 8 7 4782 4786 4783
3686 2 2 8 7 3948 3952 3949
3687 2 2 8 7 4621 4622 4624
3688 2 2 8 7 1176 1195 1194
3689 2 2 8 7 3803 3807 3808
3690 2 2 8 7 3449 3464 3463
3691 2 2 8 7 1186 1187 1193
3692 2 2 8 7 3927 3932 3930
3693 2 2 8 7 1222 1225 1224
3694 2 2 8 7 3926 3932 3927
3695 2 2 8 7 3950 3953 3951
3696 2 2 8 7 3516 3808 3807
3697 2 2 8 7 3483 3494 3495
3698 2 2 8 7 3470 3482 3479
3699 2 2 8 7 4339 4382 4346
3700 2 2 8 7 1624 1625 1626
3701 2 2 8 7 1564 1569 1566
3702 2 2 8 7 1564 1566 1567
3703 2 2 8 7 4471 4484 4483
3704 2 2 8 7 4471 4483 4472
3705 2 2 8 7 3766 3768 3770
3706 2 2 8 7 1526 1529 1527
3707 2 2 8 7 1525 1529 1526
3708 2 2 8 7 4489 4505 4503
3709 2 2 8 7 1499 1503 1502
3710 2 2 8 7 1212 1283 1289
3711 2 2 8 7 1212 1284 1283
3712 2 2 8 7 2950 3006 3007
3713 2 2 8 7 4397 4398 4399
3714 2 2 8 7 1126 1214 1216
3715 2 2 8 7 4284 4285 4286
3716 2 2 8 7 1126 1216 1143
3717 2 2 8 7 2043 2647 2653
3718 2 2 8 7 2364 2368 2366
3719 2 2 8 7 2308 2311 2310
3720 2 2 8 7 1795 1800 1797
3721 2 2 8 7 2041 2045 2042
3722 2 2 8 7 2398 2402 2418
3723 2 2 8 7 2605 2608 2606
3724 2 2 8 7 2420 2423 2422
3725 2 2 8 7 4396 4397 4399
3726 2 2 8 7 1461 1491 1476
3727 2 2 8 7 2288 2289 2292
3728 2 2 8 7 3844 3846 3847
3729 2 2 8 7 4278 4285 4284
3730 2 2 8 7 2372 2374 2376
3731 2 2 8 7 2043 2653 2649
3732 2 2 8 7 4958 4962 4961
3733 2 2 8 7 4924 4928 4926
3734 2 2 8 7 2689 2690 2695
3735 2 2 8 7 4376 4395 4377
3736 2 2 8 7 2634 2655 2656
3737 2 2 8 7 2364 2369 2368
3738 2 2 8 7 2308 2310 2313
3739 2 2 8 7 2040 2045 2041
3740 2 2 8 7 1791 1800 1795
3741 2 2 8 7 2398 2418 2419
3742 2 2 8 7 2593 2605 2606
3743 2 2 8 7 2420 2422 2421
3744 2 2 8 7 4797 4807 4804
3745 2 2 8 7 4921 4981 4982
3746 2 2 8 7 2287 2288 2292
3747 2 2 8 7 3844 3862 3846
3748 2 2 8 7 4510 4570 4569
3749 2 2 8 7 2370 2374 2372
3750 2 2 8 7 1252 1254 1303
3751 2 2 8 7 1182 1217 1183
3752 2 2 8 7 2596 2599 2687
3753 2 2 8 7 4961 4962 4966
3754 2 2 8 7 4925 4926 4928
3755 2 2 8 7 4377 4395 4379
3756 2 2 8 7 2686 2689 2695
3757 2 2 8 7 3370 3372 3376
3758 2 2 8 7 2655 2657 2656
3759 2 2 8 7 4793 4807 4797
3760 2 2 8 7 4920 4981 4921
3761 2 2 8 7 1254 1324 1303
3762 2 2 8 7 1183 1217 1218
3763 2 2 8 7 2596 2687 2703
3764 2 2 8 7 3372 3375 3376
3765 2 2 8 7 4678 4681 4679
3766 2 2 8 7 1514 1516 3661
3767 2 2 8 7 2692 2731 2732
3768 2 2 8 7 1712 1817 1716
3769 2 2 8 7 1212 1289 1290
3770 2 2 8 7 4268 4311 4269
3771 2 2 8 7 4509 4526 4527
3772 2 2 8 7 3919 4067 4070
3773 2 2 8 7 2692 2732 2693
3774 2 2 8 7 1716 1817 1813
3775 2 2 8 7 4509 4527 4512
3776 2 2 8 7 3856 3860 3958
3777 2 2 8 7 3409 3477 3410
3778 2 2 8 7 1708 1817 1712
3779 2 2 8 7 3368 3444 3440
3780 2 2 8 7 3841 3843 3848
3781 2 2 8 7 5116 5120 5122
3782 2 2 8 7 960 961 962
3783 2 2 8 7 2463 2731 2692
3784 2 2 8 7 3955 4033 3956
3785 2 2 8 7 4268 4312 4311
3786 2 2 8 7 4788 4970 4969
3787 2 2 8 7 1664 1665 1666
3788 2 2 8 7 3322 3336 3373
3789 2 2 8 7 1167 1168 1181
3790 2 2 8 7 3936 4062 3938
3791 2 2 8 7 4067 4068 4070
3792 2 2 8 7 1169 1172 1173
3793 2 2 8 7 4331 4334 4333
3794 2 2 8 7 3936 4069 4071
3795 2 2 8 7 4319 4321 4324
3796 2 2 8 7 1212 1290 1229
3797 2 2 8 7 3128 3129 3130
3798 2 2 8 7 1796 1815 1904
3799 2 2 8 7 3433 3453 3451
3800 2 2 8 7 3123 3486 3490
3801 2 2 8 7 3130 3813 3814
3802 2 2 8 7 3410 3477 3412
3803 2 2 8 7 3856 3958 3857
3804 2 2 8 7 4267 4268 4269
3805 2 2 8 7 1708 1709 1817
3806 2 2 8 7 3368 3440 3439
3807 2 2 8 7 3841 3848 3842
3808 2 2 8 7 5116 5121 5120
3809 2 2 8 7 960 966 961
3810 2 2 8 7 2461 2463 2692
3811 2 2 8 7 3956 4033 3959
3812 2 2 8 7 4268 4289 4312
3813 2 2 8 7 3301 3322 3373
3814 2 2 8 7 1165 1181 1168
3815 2 2 8 7 1664 1666 1667
3816 2 2 8 7 4068 4072 4070
3817 2 2 8 7 4788 4971 4970
3818 2 2 8 7 3936 4066 4062
3819 2 2 8 7 1169 1173 1170
3820 2 2 8 7 4331 4333 4332
3821 2 2 8 7 3936 4071 4066
3822 2 2 8 7 4315 4324 4321
3823 2 2 8 7 3128 3130 3134
3824 2 2 8 7 3917 3919 4070
3825 2 2 8 7 1796 1904 1928
3826 2 2 8 7 3433 3437 3453
3827 2 2 8 7 3708 3710 3709
3828 2 2 8 7 3122 3486 3123
3829 2 2 8 7 3130 3814 3134
3830 2 2 8 7 3709 3710 3711
3831 2 2 8 7 3634 3641 3640
3832 2 2 8 7 3634 3635 3641
3833 2 2 8 7 2991 2994 2996
3834 2 2 8 7 2991 2993 2994
3835 2 2 8 7 3014 3015 3017
3836 2 2 8 7 3694 3699 3702
3837 2 2 8 7 3699 3700 3702
3838 2 2 8 7 4914 4916 4915
3839 2 2 8 7 3013 3017 3015
3840 2 2 8 7 2991 2996 2992
3841 2 2 8 7 2462 2464 2463
3842 2 2 8 7 950 951 1335
3843 2 2 8 7 963 967 1666
3844 2 2 8 7 3135 3814 3818
3845 2 2 8 7 4519 4522 4520
3846 2 2 8 7 1047 1286 1283
3847 2 2 8 7 3430 3434 3433
3848 2 2 8 7 3320 3322 3321
3849 2 2 8 7 4324 4325 4327
3850 2 2 8 7 2984 2991 2992
3851 2 2 8 7 4068 4216 4073
3852 2 2 8 7 4032 4033 4057
3853 2 2 8 7 4065 4071 4074
3854 2 2 8 7 3836 3840 3841
3855 2 2 8 7 5120 5126 5127
3856 2 2 8 7 953 965 960
3857 2 2 8 7 4293 4314 4312
3858 2 2 8 7 4970 5045 4974
3859 2 2 8 7 1171 1173 3327
3860 2 2 8 7 1126 1142 1127
3861 2 2 8 7 3118 3413 3486
3862 2 2 8 7 4158 4331 4329
3863 2 2 8 7 3121 3128 3133
3864 2 2 8 7 1162 1168 1166
3865 2 2 8 7 3855 3856 4001
3866 2 2 8 7 1707 1865 1708
3867 2 2 8 7 3208 3440 3441
3868 2 2 8 7 1904 1906 1905
3869 2 2 8 7 4481 4519 4520
3870 2 2 8 7 3405 3410 3416
3871 2 2 8 7 1493 1541 1546
3872 2 2 8 7 4504 4513 4514
3873 2 2 8 7 1493 1546 1494
3874 2 2 8 7 3010 3014 3016
3875 2 2 8 7 3014 3017 3016
3876 2 2 8 7 1485 1488 1489
3877 2 2 8 7 4502 4504 4514
3878 2 2 8 7 1485 1487 1488
3879 2 2 8 7 4444 4445 4447
3880 2 2 8 7 3690 3696 3693
3881 2 2 8 7 4445 4446 4447
3882 2 2 8 7 3690 3695 3696
3883 2 2 8 7 3693 3699 3694
3884 2 2 8 7 3693 3696 3699
3885 2 2 8 7 1541 1543 1545
3886 2 2 8 7 1541 1545 1546
3887 2 2 8 7 2997 3013 3015
3888 2 2 8 7 4396 4399 4400
3889 2 2 8 7 2997 3012 3013
3890 2 2 8 7 3024 3027 3028
3891 2 2 8 7 4276 4278 4284
3892 2 2 8 7 4789 4915 4916
3893 2 2 8 7 2649 2653 2652
3894 2 2 8 7 1548 1551 1552
3895 2 2 8 7 2303 2308 2313
3896 2 2 8 7 2463 2464 2465
3897 2 2 8 7 3024 3026 3027
3898 2 2 8 7 1548 1552 1562
3899 2 2 8 7 951 954 1335
3900 2 2 8 7 963 1666 966
3901 2 2 8 7 2040 2041 2648
3902 2 2 8 7 3814 3815 3818
3903 2 2 8 7 2416 2419 2418
3904 2 2 8 7 1047 1283 1284
3905 2 2 8 7 1791 1803 1800
3906 2 2 8 7 4062 4064 4063
3907 2 2 8 7 3320 3323 3322
3908 2 2 8 7 4324 4327 4326
3909 2 2 8 7 2287 2292 2291
3910 2 2 8 7 3407 3430 3433
3911 2 2 8 7 1689 1703 1704
3912 2 2 8 7 2319 2368 2369
3913 2 2 8 7 1277 1282 1278
3914 2 2 8 7 2355 2370 2372
3915 2 2 8 7 3844 3872 3862
3916 2 2 8 7 4068 4215 4216
3917 2 2 8 7 4071 4072 4074
3918 2 2 8 7 2984 2992 2990
3919 2 2 8 7 2593 2670 2605
3920 2 2 8 7 4396 4400 4401
3921 2 2 8 7 3838 3841 3840
3922 2 2 8 7 4379 4395 4391
3923 2 2 8 7 5120 5127 5125
3924 2 2 8 7 1669 1672 1691
3925 2 2 8 7 953 960 959
3926 2 2 8 7 1501 1503 1505
3927 2 2 8 7 4033 4056 4057
3928 2 2 8 7 3706 3708 3724
3929 2 2 8 7 2411 2421 2422
3930 2 2 8 7 4312 4314 4313
3931 2 2 8 7 4955 4966 4962
3932 2 2 8 7 4970 4974 4972
3933 2 2 8 7 1126 1143 1142
3934 2 2 8 7 1173 3329 3327
3935 2 2 8 7 3413 3487 3486
3936 2 2 8 7 4276 4279 4278
3937 2 2 8 7 2686 2695 2696
3938 2 2 8 7 4158 4330 4331
3939 2 2 8 7 3121 3127 3128
3940 2 2 8 7 1166 1168 1170
3941 2 2 8 7 2649 2652 2650
3942 2 2 8 7 3855 3859 3856
3943 2 2 8 7 4918 4920 4921
3944 2 2 8 7 2984 2990 2985
3945 2 2 8 7 2303 2313 2316
3946 2 2 8 7 2655 2658 2657
3947 2 2 8 7 3708 3709 3724
3948 2 2 8 7 2040 2648 2836
3949 2 2 8 7 1707 1708 1711
3950 2 2 8 7 3440 3442 3441
3951 2 2 8 7 4925 4928 4927
3952 2 2 8 7 2350 2419 2416
3953 2 2 8 7 4793 4806 4807
3954 2 2 8 7 1818 1906 1904
3955 2 2 8 7 1791 1792 1803
3956 2 2 8 7 2319 2369 2367
3957 2 2 8 7 2287 2291 2290
3958 2 2 8 7 2355 2371 2370
3959 2 2 8 7 2993 2997 2994
3960 2 2 8 7 3861 3862 3872
3961 2 2 8 7 2593 2594 2670
3962 2 2 8 7 4379 4391 4386
3963 2 2 8 7 1303 1324 1304
3964 2 2 8 7 3405 3406 3410
3965 2 2 8 7 4526 4532 4528
3966 2 2 8 7 2411 2417 2421
3967 2 2 8 7 2592 2596 2703
3968 2 2 8 7 1183 1218 1185
3969 2 2 8 7 2993 3012 2997
3970 2 2 8 7 4955 4965 4966
3971 2 2 8 7 2686 2696 2701
3972 2 2 8 7 4918 4957 4920
3973 2 2 8 7 2657 2658 2659
3974 2 2 8 7 4526 4528 4527
3975 2 2 8 7 3375 3377 3376
3976 2 2 8 7 4925 4927 4932
3977 2 2 8 7 4793 4805 4806
3978 2 2 8 7 3031 3033 3034
3979 2 2 8 7 1304 1324 1328
3980 2 2 8 7 2592 2703 2704
3981 2 2 8 7 1184 1185 1218
3982 2 2 8 7 3375 3378 3377
3983 2 2 8 7 4409 4413 4424
3984 2 2 8 7 4445 4496 4499
3985 2 2 8 7 3053 3065 3067
3986 2 2 8 7 1755 1788 1787
3987 2 2 8 7 3876 3877 3884
3988 2 2 8 7 4445 4499 4446
3989 2 2 8 7 3608 3609 3626
3990 2 2 8 7 1716 1813 1718
3991 2 2 8 7 2262 2294 2295
3992 2 2 8 7 2324 2326 2327
3993 2 2 8 7 3702 3711 3710
3994 2 2 8 7 4368 4371 4370
3995 2 2 8 7 4946 4947 4949
3996 2 2 8 7 3700 3711 3702
3997 2 2 8 7 2693 2732 2733
3998 2 2 8 7 2711 2714 2715
3999 2 2 8 7 2340 2341 2414
4000 2 2 8 7 2739 2741 2750
4001 2 2 8 7 2348 2359 2358
4002 2 2 8 7 2328 2330 2331
4003 2 2 8 7 1229 1290 1291
4004 2 2 8 7 4630 4936 4632
4005 2 2 8 7 2844 2845 2846
4006 2 2 8 7 2677 2679 2680
4007 2 2 8 7 2832 2839 2840
4008 2 2 8 7 2343 2345 2344
4009 2 2 8 7 2665 2666 2684
4010 2 2 8 7 4267 4269 4272
4011 2 2 8 7 1190 1210 1192
4012 2 2 8 7 4274 4625 4626
4013 2 2 8 7 3917 3920 3919
4014 2 2 8 7 4743 4799 4798
4015 2 2 8 7 3890 3924 3925
4016 2 2 8 7 1319 1321 1320
4017 2 2 8 7 1767 1771 1770
4018 2 2 8 7 1718 1813 1812
4019 2 2 8 7 4937 4942 4941
4020 2 2 8 7 2721 2723 2722
4021 2 2 8 7 2693 2733 2734
4022 2 2 8 7 4349 4351 4350
4023 2 2 8 7 1228 1229 1291
4024 2 2 8 7 3379 3392 3393
4025 2 2 8 7 1467 1472 1473
4026 2 2 8 7 1234 1235 1236
4027 2 2 8 7 4267 4272 4271
4028 2 2 8 7 3917 3921 3920
4029 2 2 8 7 4062 4066 4064
4030 2 2 8 7 1277 1281 1282
4031 2 2 8 7 2985 2988 2987
4032 2 2 8 7 1689 1704 1694
4033 2 2 8 7 1668 1669 1691
4034 2 2 8 7 1700 1704 1705
4035 2 2 8 7 4400 4410 4401
4036 2 2 8 7 1698 1700 1705
4037 2 2 8 7 2650 2652 2662
4038 2 2 8 7 1251 1297 1277
4039 2 2 8 7 4789 4791 4915
4040 2 2 8 7 954 1338 1335
4041 2 2 8 7 2300 2303 2316
4042 2 2 8 7 4276 4277 4279
4043 2 2 8 7 1792 1804 1803
4044 2 2 8 7 2290 2291 2298
4045 2 2 8 7 1690 1691 1693
4046 2 2 8 7 2355 2356 2371
4047 2 2 8 7 3861 3872 3875
4048 2 2 8 7 2342 2350 2416
4049 2 2 8 7 2648 2838 2836
4050 2 2 8 7 2658 2678 2659
4051 2 2 8 7 4401 4410 4411
4052 2 2 8 7 2594 2668 2670
4053 2 2 8 7 2319 2367 2321
4054 2 2 8 7 2650 2662 2651
4055 2 2 8 7 1251 1296 1297
4056 2 2 8 7 4386 4391 4388
4057 2 2 8 7 4789 4792 4791
4058 2 2 8 7 2411 2412 2417
4059 2 2 8 7 954 955 1338
4060 2 2 8 7 4918 4938 4957
4061 2 2 8 7 2300 2316 2315
4062 2 2 8 7 2696 2700 2701
4063 2 2 8 7 4275 4279 4277
4064 2 2 8 7 1789 1804 1792
4065 2 2 8 7 2290 2298 2296
4066 2 2 8 7 1690 1693 1695
4067 2 2 8 7 4802 4806 4805
4068 2 2 8 7 4951 4965 4955
4069 2 2 8 7 2356 2357 2371
4070 2 2 8 7 2342 2351 2350
4071 2 2 8 7 3861 3875 3874
4072 2 2 8 7 2659 2678 2660
4073 2 2 8 7 2836 2838 2837
4074 2 2 8 7 4927 4933 4932
4075 2 2 8 7 1301 1304 1328
4076 2 2 8 7 1184 1189 1185
4077 2 2 8 7 2594 2669 2668
4078 2 2 8 7 2321 2367 2360
4079 2 2 8 7 4386 4388 4387
4080 2 2 8 7 2592 2704 2706
4081 2 2 8 7 2412 2415 2417
4082 2 2 8 7 4938 4952 4957
4083 2 2 8 7 2700 2702 2701
4084 2 2 8 7 4802 4805 4803
4085 2 2 8 7 4950 4965 4951
4086 2 2 8 7 3377 3378 3381
4087 2 2 8 7 1301 1328 1302
4088 2 2 8 7 4932 4933 4934
4089 2 2 8 7 1184 1188 1189
4090 2 2 8 7 2704 2705 2706
4091 2 2 8 7 3378 3380 3381
4092 2 2 8 7 3725 4530 4531
4093 2 2 8 7 2733 2738 2734
4094 2 2 8 7 1228 1291 1230
4095 2 2 8 7 1718 1812 1809
4096 2 2 8 7 3920 3921 3923
4097 2 2 8 7 4271 4272 4352
4098 2 2 8 7 2734 2738 2737
4099 2 2 8 7 1228 1230 1231
4100 2 2 8 7 1809 1812 1810
4101 2 2 8 7 4679 4681 4680
4102 2 2 8 7 4791 4910 4915
4103 2 2 8 7 3921 3922 3923
4104 2 2 8 7 1668 1691 1690
4105 2 2 8 7 1694 1704 1700
4106 2 2 8 7 1334 1335 1338
4107 2 2 8 7 1277 1297 1281
4108 2 2 8 7 4271 4352 4273
4109 2 2 8 7 4791 4796 4910
4110 2 2 8 7 1648 1668 1690
4111 2 2 8 7 1694 1700 1699
4112 2 2 8 7 1334 1338 1336
4113 2 2 8 7 1281 1297 1298
4114 2 2 8 7 4675 4704 4689
4115 2 2 8 7 4689 4704 4692
4116 2 2 8 7 1615 1628 1616
4117 2 2 8 7 1616 1628 1629
4118 2 2 8 7 3608 3626 3610
4119 2 2 8 7 1599 1602 1601
4120 2 2 8 7 1251 1277 1278
4121 2 2 8 7 1535 1599 1601
4122 2 2 8 7 4061 4062 4063
4123 2 2 8 7 1703 1705 1704
4124 2 2 8 7 1672 1693 1691
4125 2 2 8 7 3760 3762 3764
4126 2 2 8 7 2461 2462 2463
4127 2 2 8 7 3774 4556 3775
4128 2 2 8 7 3760 3764 3761
4129 2 2 8 7 1708 1865 1709
4130 2 2 8 7 4315 4325 4324
4131 2 2 8 7 950 1335 1334
4132 2 2 8 7 3774 4557 4556
4133 2 2 8 7 1904 1905 1928
4134 2 2 8 7 5120 5121 5126
4135 2 2 8 7 4970 4971 5045
4136 2 2 8 7 3836 3841 3842
4137 2 2 8 7 3410 3412 3416
4138 2 2 8 7 3128 3134 3133
4139 2 2 8 7 1462 1466 1467
4140 2 2 8 7 3301 3321 3322
4141 2 2 8 7 1462 1463 1466
4142 2 2 8 7 4329 4331 4332
4143 2 2 8 7 960 965 966
4144 2 2 8 7 3856 3857 4001
4145 2 2 8 7 1126 1127 1213
4146 2 2 8 7 3959 4033 4032
4147 2 2 8 7 3134 3814 3135
4148 2 2 8 7 3433 3434 3437
4149 2 2 8 7 4289 4293 4312
4150 2 2 8 7 4910 4914 4915
4151 2 2 8 7 967 1667 1666
4152 2 2 8 7 3208 3439 3440
4153 2 2 8 7 1162 1165 1168
4154 2 2 8 7 4068 4073 4072
4155 2 2 8 7 2460 2462 2461
4156 2 2 8 7 3118 3486 3122
4157 2 2 8 7 1170 1173 1171
4158 2 2 8 7 4065 4066 4071
4159 2 2 8 7 1709 1865 1866
4160 2 2 8 7 1283 1286 1288
4161 2 2 8 7 4310 4325 4315
4162 2 2 8 7 950 1334 1257
4163 2 2 8 7 4971 5041 5045
4164 2 2 8 7 1905 1929 1928
4165 2 2 8 7 1251 1278 1274
4166 2 2 8 7 5121 5138 5126
4167 2 2 8 7 3836 3842 3837
4168 2 2 8 7 4060 4061 4063
4169 2 2 8 7 3411 3416 3412
4170 2 2 8 7 3132 3133 3134
4171 2 2 8 7 3296 3321 3301
4172 2 2 8 7 2945 2947 2948
4173 2 2 8 7 1672 1692 1693
4174 2 2 8 7 4328 4329 4332
4175 2 2 8 7 963 966 965
4176 2 2 8 7 3857 4002 4001
4177 2 2 8 7 1703 1706 1705
4178 2 2 8 7 1124 1213 1127
4179 2 2 8 7 3132 3134 3135
4180 2 2 8 7 3434 3438 3437
4181 2 2 8 7 3959 4032 4034
4182 2 2 8 7 967 1670 1667
4183 2 2 8 7 3206 3439 3208
4184 2 2 8 7 4909 4914 4910
4185 2 2 8 7 1161 1165 1162
4186 2 2 8 7 4072 4073 4074
4187 2 2 8 7 4289 4290 4293
4188 2 2 8 7 3118 3122 3119
4189 2 2 8 7 1166 1170 1171
4190 2 2 8 7 2946 2948 2947
4191 2 2 8 7 4064 4066 4065
4192 2 2 8 7 1463 1465 1466
4193 2 2 8 7 1462 1467 1473
4194 2 2 8 7 1285 1288 1286
4195 2 2 8 7 1464 3618 1465
4196 2 2 8 7 1464 3617 3618
4197 2 2 8 7 1463 1464 1465
4198 2 2 8 7 3772 3773 3775
4199 2 2 8 7 3773 3774 3775
4200 2 2 8 7 3616 3620 3619
4201 2 2 8 7 3615 3616 3619
4202 2 2 8 7 3725 3726 4530
4203 2 2 8 7 2776 2778 2779
4204 2 2 8 7 2776 2777 2778
4205 2 2 8 7 1457 1458 1471
4206 2 2 8 7 1458 1475 1471
4207 2 2 8 7 1608 1611 1617
4208 2 2 8 7 1608 1617 1620
4209 2 2 8 7 4574 4579 4575
4210 2 2 8 7 4574 4575 4576
4211 2 2 8 7 2961 2962 2965
4212 2 2 8 7 2961 2965 2964
4213 2 2 8 7 4564 4567 4581
4214 2 2 8 7 1696 1700 1698
4215 2 2 8 7 4410 4413 4411
4216 2 2 8 7 4567 4571 4581
4217 2 2 8 7 3603 3604 3611
4218 2 2 8 7 3603 3611 3612
4219 2 2 8 7 2651 2662 2846
4220 2 2 8 7 4274 4275 4277
4221 2 2 8 7 1788 1804 1789
4222 2 2 8 7 2295 2296 2298
4223 2 2 8 7 1296 1299 1297
4224 2 2 8 7 2660 2678 2677
4225 2 2 8 7 2342 2343 2351
4226 2 2 8 7 2300 2315 2326
4227 2 2 8 7 2356 2358 2357
4228 2 2 8 7 4370 4387 4388
4229 2 2 8 7 3874 3875 3877
4230 2 2 8 7 1696 1698 1713
4231 2 2 8 7 2837 2838 2840
4232 2 2 8 7 4791 4792 4795
4233 2 2 8 7 4409 4411 4413
4234 2 2 8 7 2700 2722 2702
4235 2 2 8 7 2665 2668 2669
4236 2 2 8 7 955 1340 1338
4237 2 2 8 7 2321 2360 2328
4238 2 2 8 7 2651 2846 2845
4239 2 2 8 7 1650 1690 1695
4240 2 2 8 7 2412 2414 2415
4241 2 2 8 7 4274 4626 4275
4242 2 2 8 7 1296 1300 1299
4243 2 2 8 7 1787 1788 1789
4244 2 2 8 7 2294 2296 2295
4245 2 2 8 7 2660 2677 2680
4246 2 2 8 7 4799 4802 4803
4247 2 2 8 7 1301 1302 1320
4248 2 2 8 7 4949 4950 4951
4249 2 2 8 7 2343 2344 2351
4250 2 2 8 7 2315 2327 2326
4251 2 2 8 7 2357 2358 2359
4252 2 2 8 7 4632 4934 4933
4253 2 2 8 7 1188 1192 1189
4254 2 2 8 7 4370 4371 4387
4255 2 2 8 7 4937 4952 4938
4256 2 2 8 7 3874 3877 3876
4257 2 2 8 7 4790 4795 4792
4258 2 2 8 7 2837 2840 2839
4259 2 2 8 7 1507 4461 3656
4260 2 2 8 7 2705 2711 2706
4261 2 2 8 7 955 1339 1340
4262 2 2 8 7 2702 2722 2723
4263 2 2 8 7 2665 2669 2666
4264 2 2 8 7 1649 1650 1695
4265 2 2 8 7 2328 2360 2330
4266 2 2 8 7 2341 2415 2414
4267 2 2 8 7 3723 3768 3767
4268 2 2 8 7 4798 4799 4803
4269 2 2 8 7 1302 1319 1320
4270 2 2 8 7 4947 4950 4949
4271 2 2 8 7 4632 4936 4934
4272 2 2 8 7 3380 3393 3381
4273 2 2 8 7 1188 1190 1192
4274 2 2 8 7 4937 4941 4952
4275 2 2 8 7 2705 2714 2711
4276 2 2 8 7 3007 3011 3025
4277 2 2 8 7 1478 1491 1492
4278 2 2 8 7 3643 3691 3688
4279 2 2 8 7 4442 4685 4688
4280 2 2 8 7 1555 1622 1623
4281 2 2 8 7 1542 1550 1544
4282 2 2 8 7 3379 3393 3380
4283 2 2 8 7 2737 2738 2741
4284 2 2 8 7 1230 1234 1231
4285 2 2 8 7 1767 1809 1810
4286 2 2 8 7 4273 4352 4351
4287 2 2 8 7 4510 4565 4511
4288 2 2 8 7 3922 3924 3923
4289 2 2 8 7 2737 2741 2739
4290 2 2 8 7 4498 4503 4507
4291 2 2 8 7 1231 1234 1236
4292 2 2 8 7 1767 1810 1771
4293 2 2 8 7 4273 4351 4349
4294 2 2 8 7 3922 3925 3924
4295 2 2 8 7 1522 3049 3052
4296 2 2 8 7 1648 1690 1650
4297 2 2 8 7 1696 1699 1700
4298 2 2 8 7 4791 4795 4796
4299 2 2 8 7 1336 1338 1340
4300 2 2 8 7 1297 1299 1298
4301 2 2 8 7 1647 1648 1650
4302 2 2 8 7 1696 1697 1699
4303 2 2 8 7 4794 4796 4795
4304 2 2 8 7 1336 1340 1337
4305 2 2 8 7 1295 1298 1299
4306 2 2 8 7 3706 3723 3767
4307 2 2 8 7 3011 3024 3025
4308 2 2 8 7 1478 1492 1490
4309 2 2 8 7 3642 3691 3643
4310 2 2 8 7 4441 4685 4442
4311 2 2 8 7 1555 1623 1572
4312 2 2 8 7 1542 1544 1543
4313 2 2 8 7 1696 1713 1724
4314 2 2 8 7 1299 1300 1308
4315 2 2 8 7 1514 3661 3662
4316 2 2 8 7 4780 4795 4790
4317 2 2 8 7 1339 1341 1340
4318 2 2 8 7 1713 1714 1724
4319 2 2 8 7 1649 1651 1650
4320 2 2 8 7 1316 1317 1318
4321 2 2 8 7 4771 4776 4772
4322 2 2 8 7 1300 1307 1308
4323 2 2 8 7 4509 4511 4565
4324 2 2 8 7 4780 4790 4785
4325 2 2 8 7 1339 1343 1341
4326 2 2 8 7 1370 1374 1375
4327 2 2 8 7 1738 1740 1741
4328 2 2 8 7 4498 4507 4504
4329 2 2 8 7 1649 1719 1651
4330 2 2 8 7 1344 1736 1735
4331 2 2 8 7 1360 1730 1736
4332 2 2 8 7 1737 1739 1738
4333 2 2 8 7 4770 4775 4776
4334 2 2 8 7 1490 1492 1495
4335 2 2 8 7 1314 1316 1315
4336 2 2 8 7 3642 3644 3691
4337 2 2 8 7 1696 1724 1697
4338 2 2 8 7 1369 1370 1404
4339 2 2 8 7 1647 1650 1651
4340 2 2 8 7 4780 4794 4795
4341 2 2 8 7 1295 1299 1308
4342 2 2 8 7 1337 1340 1341
4343 2 2 8 7 4520 4523 4521
4344 2 2 8 7 1697 1724 1723
4345 2 2 8 7 4437 4441 4442
4346 2 2 8 7 3722 4530 3726
4347 2 2 8 7 1647 1651 1652
4348 2 2 8 7 4777 4794 4780
4349 2 2 8 7 1294 1295 1308
4350 2 2 8 7 1333 1337 1341
4351 2 2 8 7 3706 3724 3723
4352 2 2 8 7 1543 1544 1545
4353 2 2 8 7 3053 3066 3065
4354 2 2 8 7 4682 4687 4686
4355 2 2 8 7 3011 3026 3024
4356 2 2 8 7 2609 2629 2610
4357 2 2 8 7 2632 2635 2639
4358 2 2 8 7 4857 4859 4860
4359 2 2 8 7 2403 2406 2405
4360 2 2 8 7 1714 1727 1724
4361 2 2 8 7 2253 2363 2260
4362 2 2 8 7 2035 2037 2038
4363 2 2 8 7 2598 2601 2600
4364 2 2 8 7 2159 2161 2162
4365 2 2 8 7 2034 2642 2643
4366 2 2 8 7 2059 2424 2410
4367 2 2 8 7 4983 4997 4995
4368 2 2 8 7 2379 2385 2380
4369 2 2 8 7 2134 2136 2156
4370 2 2 8 7 2454 2455 2458
4371 2 2 8 7 4975 4989 4976
4372 2 2 8 7 1307 1311 1308
4373 2 2 8 7 4233 4236 4234
4374 2 2 8 7 4240 4261 4262
4375 2 2 8 7 1250 1274 1269
4376 2 2 8 7 4287 4291 4290
4377 2 2 8 7 1929 1932 1933
4378 2 2 8 7 3281 3284 3283
4379 2 2 8 7 5139 5142 5141
4380 2 2 8 7 3837 3852 3851
4381 2 2 8 7 1161 1163 1164
4382 2 2 8 7 2609 2630 2629
4383 2 2 8 7 2632 2633 2635
4384 2 2 8 7 4857 4858 4859
4385 2 2 8 7 2403 2405 2404
4386 2 2 8 7 4509 4512 4511
4387 2 2 8 7 4780 4785 4781
4388 2 2 8 7 2260 2363 2362
4389 2 2 8 7 2035 2039 2037
4390 2 2 8 7 1331 1341 1343
4391 2 2 8 7 2159 2162 2160
4392 2 2 8 7 2598 2603 2601
4393 2 2 8 7 2642 2644 2643
4394 2 2 8 7 2059 2425 2424
4395 2 2 8 7 1714 1726 1727
4396 2 2 8 7 4983 4995 4996
4397 2 2 8 7 2380 2385 2399
4398 2 2 8 7 2134 2156 2155
4399 2 2 8 7 2454 2458 2459
4400 2 2 8 7 4976 4989 4986
4401 2 2 8 7 4233 4235 4236
4402 2 2 8 7 4237 4261 4240
4403 2 2 8 7 2977 2978 3044
4404 2 2 8 7 1651 1719 1733
4405 2 2 8 7 4287 4290 4289
4406 2 2 8 7 1250 1251 1274
4407 2 2 8 7 1928 1929 1933
4408 2 2 8 7 3281 3283 3369
4409 2 2 8 7 5137 5142 5139
4410 2 2 8 7 3837 3842 3852
4411 2 2 8 7 1161 1164 1165
4412 2 2 8 7 1306 1311 1307
4413 2 2 8 7 4781 4785 4784
4414 2 2 8 7 1331 1343 1342
4415 2 2 8 7 4498 4504 4502
4416 2 2 8 7 1719 1720 1733
4417 2 2 8 7 3041 3048 3043
4418 2 2 8 7 1555 1572 1573
4419 2 2 8 7 966 1666 1665
4420 2 2 8 7 4319 4324 4326
4421 2 2 8 7 2463 2465 2731
4422 2 2 8 7 959 960 962
4423 2 2 8 7 4685 4686 4687
4424 2 2 8 7 3322 3323 3336
4425 2 2 8 7 3838 3843 3841
4426 2 2 8 7 5120 5125 5122
4427 2 2 8 7 3407 3433 3451
4428 2 2 8 7 3813 3815 3814
4429 2 2 8 7 4311 4312 4313
4430 2 2 8 7 3955 4056 4033
4431 2 2 8 7 1651 1733 1652
4432 2 2 8 7 3938 4062 4061
4433 2 2 8 7 4969 4970 4972
4434 2 2 8 7 4067 4215 4068
4435 2 2 8 7 1283 1288 1289
4436 2 2 8 7 3856 3859 3860
4437 2 2 8 7 3486 3487 3490
4438 2 2 8 7 4069 4072 4071
4439 2 2 8 7 3127 3129 3128
4440 2 2 8 7 1723 1724 1727
4441 2 2 8 7 4330 4334 4331
4442 2 2 8 7 3440 3444 3442
4443 2 2 8 7 1172 3329 1173
4444 2 2 8 7 1167 1170 1168
4445 2 2 8 7 1126 1213 1214
4446 2 2 8 7 1708 1712 1711
4447 2 2 8 7 1815 1818 1904
4448 2 2 8 7 1294 1308 1311
4449 2 2 8 7 4464 4477 4476
4450 2 2 8 7 4777 4780 4781
4451 2 2 8 7 3406 3409 3410
4452 2 2 8 7 1652 1733 1653
4453 2 2 8 7 1331 1333 1341
4454 2 2 8 7 3675 3718 3717
4455 2 2 8 7 1721 1723 1727
4456 2 2 8 7 1294 1311 1310
4457 2 2 8 7 4777 4781 4779
4458 2 2 8 7 1331 1332 1333
4459 2 2 8 7 3679 3680 3682
4460 2 2 8 7 1512 3663 1516
4461 2 2 8 7 1511 1526 1524
4462 2 2 8 7 2974 3044 3041
4463 2 2 8 7 1726 1729 1727
4464 2 2 8 7 1306 1312 1311
4465 2 2 8 7 1287 1289 1288
4466 2 2 8 7 1331 1342 1371
4467 2 2 8 7 961 966 1665
4468 2 2 8 7 1213 1215 1214
4469 2 2 8 7 2608 2630 2609
4470 2 2 8 7 2402 2403 2404
4471 2 2 8 7 4319 4326 4320
4472 2 2 8 7 4774 4781 4784
4473 2 2 8 7 956 959 962
4474 2 2 8 7 3323 3334 3336
4475 2 2 8 7 2465 2730 2731
4476 2 2 8 7 4804 4858 4857
4477 2 2 8 7 1726 1728 1729
4478 2 2 8 7 2037 2039 2042
4479 2 2 8 7 5122 5125 5123
4480 2 2 8 7 4311 4313 4316
4481 2 2 8 7 2633 2634 2635
4482 2 2 8 7 3407 3451 3452
4483 2 2 8 7 3838 3839 3843
4484 2 2 8 7 2160 2162 2311
4485 2 2 8 7 1305 1312 1306
4486 2 2 8 7 3812 3815 3813
4487 2 2 8 7 1720 1732 1733
4488 2 2 8 7 3939 4056 3955
4489 2 2 8 7 3938 4061 3940
4490 2 2 8 7 2598 2599 2603
4491 2 2 8 7 2643 2644 2647
4492 2 2 8 7 1485 1489 1490
4493 2 2 8 7 4969 4972 4973
4494 2 2 8 7 2376 2380 2399
4495 2 2 8 7 4067 4214 4215
4496 2 2 8 7 1797 1928 1933
4497 2 2 8 7 2362 2363 2366
4498 2 2 8 7 4069 4070 4072
4499 2 2 8 7 4958 4976 4986
4500 2 2 8 7 3124 3129 3127
4501 2 2 8 7 3858 3860 3859
4502 2 2 8 7 4237 4376 4261
4503 2 2 8 7 2134 2155 2289
4504 2 2 8 7 2423 2424 2425
4505 2 2 8 7 4982 4983 4996
4506 2 2 8 7 4286 4287 4289
4507 2 2 8 7 3487 3488 3490
4508 2 2 8 7 4330 4380 4334
4509 2 2 8 7 3842 3847 3852
4510 2 2 8 7 1250 1252 1251
4511 2 2 8 7 2607 2630 2608
4512 2 2 8 7 3283 3370 3369
4513 2 2 8 7 3442 3444 3443
4514 2 2 8 7 4235 4398 4236
4515 2 2 8 7 2402 2404 2420
4516 2 2 8 7 2454 2459 2690
4517 2 2 8 7 1172 3328 3329
4518 2 2 8 7 1342 1372 1371
4519 2 2 8 7 1164 1182 1165
4520 2 2 8 7 1167 1169 1170
4521 2 2 8 7 4804 4809 4858
4522 2 2 8 7 4441 4686 4685
4523 2 2 8 7 4924 5142 5137
4524 2 2 8 7 1710 1711 1712
4525 2 2 8 7 2039 2043 2042
4526 2 2 8 7 2631 2634 2633
4527 2 2 8 7 3675 3713 3680
4528 2 2 8 7 4773 4774 4784
4529 2 2 8 7 3406 3408 3409
4530 2 2 8 7 2160 2311 2309
4531 2 2 8 7 1814 1818 1815
4532 2 2 8 7 2599 2602 2603
4533 2 2 8 7 2644 2646 2647
4534 2 2 8 7 2375 2376 2399
4535 2 2 8 7 1796 1928 1797
4536 2 2 8 7 2314 2362 2366
4537 2 2 8 7 4958 4986 4959
4538 2 2 8 7 1720 1734 1732
4539 2 2 8 7 4237 4393 4376
4540 2 2 8 7 2155 2305 2289
4541 2 2 8 7 2423 2425 2426
4542 2 2 8 7 4268 4286 4289
4543 2 2 8 7 4922 4982 4996
4544 2 2 8 7 3842 3848 3847
4545 2 2 8 7 1251 1252 1296
4546 2 2 8 7 3369 3370 3371
4547 2 2 8 7 4235 4404 4398
4548 2 2 8 7 2459 2691 2690
4549 2 2 8 7 3924 4429 4418
4550 2 2 8 7 1165 1182 1181
4551 2 2 8 7 4924 5137 5117
4552 2 2 8 7 3670 4462 4475
4553 2 2 8 7 2740 2751 2741
4554 2 2 8 7 4351 4353 4354
4555 2 2 8 7 1232 1234 1233
4556 2 2 8 7 1767 1768 1769
4557 2 2 8 7 1653 1733 1732
4558 2 2 8 7 1721 1727 1729
4559 2 2 8 7 4774 4779 4781
4560 2 2 8 7 1310 1311 1312
4561 2 2 8 7 1653 1732 1731
4562 2 2 8 7 1331 1371 1332
4563 2 2 8 7 1721 1729 1722
4564 2 2 8 7 4774 4778 4779
4565 2 2 8 7 1310 1312 1313
4566 2 2 8 7 1329 1332 1371
4567 2 2 8 7 2665 2682 2675
4568 2 2 8 7 4631 4633 4632
4569 2 2 8 7 4532 4552 4553
4570 2 2 8 7 4945 4949 4953
4571 2 2 8 7 4532 4553 4533
4572 2 2 8 7 3393 3395 3394
4573 2 2 8 7 2414 2835 2830
4574 2 2 8 7 1191 1192 1209
4575 2 2 8 7 2711 2712 2713
4576 2 2 8 7 2340 2343 2341
4577 2 2 8 7 2301 2326 2322
4578 2 2 8 7 3869 3883 3877
4579 2 2 8 7 2349 2358 2352
4580 2 2 8 7 2840 2845 2844
4581 2 2 8 7 4937 4940 4939
4582 2 2 8 7 4744 4800 4799
4583 2 2 8 7 2699 2724 2722
4584 2 2 8 7 1305 1320 1317
4585 2 2 8 7 1776 1801 1788
4586 2 2 8 7 2263 2295 2299
4587 2 2 8 7 2676 2681 2677
4588 2 2 8 7 4366 4370 4390
4589 2 2 8 7 2664 2847 2846
4590 2 2 8 7 2328 2332 2329
4591 2 2 8 7 4274 4349 4350
4592 2 2 8 7 4413 4414 4425
4593 2 2 8 7 1305 1316 1312
4594 2 2 8 7 1728 1738 1729
4595 2 2 8 7 1370 1371 1372
4596 2 2 8 7 1624 2971 3030
4597 2 2 8 7 4773 4776 4774
4598 2 2 8 7 2767 4684 4440
4599 2 2 8 7 1576 1624 3030
4600 2 2 8 7 1287 1290 1289
4601 2 2 8 7 1305 1317 1316
4602 2 2 8 7 2767 4440 2989
4603 2 2 8 7 4269 4311 4316
4604 2 2 8 7 1732 1734 1736
4605 2 2 8 7 1728 1740 1738
4606 2 2 8 7 2730 2732 2731
4607 2 2 8 7 1370 1372 1374
4608 2 2 8 7 4772 4776 4773
4609 2 2 8 7 1287 1293 1290
4610 2 2 8 7 2605 2607 2608
4611 2 2 8 7 4269 4316 4270
4612 2 2 8 7 4804 4807 4809
4613 2 2 8 7 3919 4214 4067
4614 2 2 8 7 1734 1735 1736
4615 2 2 8 7 2372 2376 2375
4616 2 2 8 7 2402 2420 2418
4617 2 2 8 7 2646 2653 2647
4618 2 2 8 7 2308 2309 2311
4619 2 2 8 7 2631 2655 2634
4620 2 2 8 7 1710 1712 1716
4621 2 2 8 7 1796 1797 1800
4622 2 2 8 7 2041 2042 2043
4623 2 2 8 7 2729 2732 2730
4624 2 2 8 7 2596 2602 2599
4625 2 2 8 7 4958 4959 4962
4626 2 2 8 7 2422 2423 2426
4627 2 2 8 7 4921 4982 4922
4628 2 2 8 7 3844 3847 3848
4629 2 2 8 7 2604 2607 2605
4630 2 2 8 7 2314 2366 2368
4631 2 2 8 7 4376 4393 4395
4632 2 2 8 7 3370 3376 3371
4633 2 2 8 7 1181 1182 1183
4634 2 2 8 7 1252 1303 1296
4635 2 2 8 7 2289 2305 2292
4636 2 2 8 7 2690 2691 2695
4637 2 2 8 7 4807 4808 4809
4638 2 2 8 7 4268 4284 4286
4639 2 2 8 7 2372 2375 2373
4640 2 2 8 7 3919 4405 4214
4641 2 2 8 7 4398 4404 4399
4642 2 2 8 7 2418 2420 2421
4643 2 2 8 7 2645 2653 2646
4644 2 2 8 7 4924 5117 4928
4645 2 2 8 7 2307 2309 2308
4646 2 2 8 7 2631 2654 2655
4647 2 2 8 7 1796 1800 1798
4648 2 2 8 7 2041 2043 2649
4649 2 2 8 7 1710 1716 1715
4650 2 2 8 7 2595 2602 2596
4651 2 2 8 7 4959 4960 4962
4652 2 2 8 7 4917 4921 4922
4653 2 2 8 7 2422 2426 2428
4654 2 2 8 7 1722 1729 1738
4655 2 2 8 7 3844 3848 3845
4656 2 2 8 7 2314 2368 2318
4657 2 2 8 7 4393 4394 4395
4658 2 2 8 7 3367 3371 3376
4659 2 2 8 7 1180 1181 1183
4660 2 2 8 7 1296 1303 1300
4661 2 2 8 7 2292 2305 2306
4662 2 2 8 7 2691 2694 2695
4663 2 2 8 7 1731 1732 1736
4664 2 2 8 7 4267 4284 4268
4665 2 2 8 7 4399 4404 4403
4666 2 2 8 7 4928 5117 4929
4667 2 2 8 7 4774 4776 4778
4668 2 2 8 7 1312 1316 1313
4669 2 2 8 7 1722 1738 1739
4670 2 2 8 7 1730 1731 1736
4671 2 2 8 7 1329 1371 1370
4672 2 2 8 7 4775 4778 4776
4673 2 2 8 7 1313 1316 1314
4674 2 2 8 7 1329 1370 1369
4675 2 2 8 7 1509 1513 1511
4676 2 2 8 7 4269 4270 4272
4677 2 2 8 7 1290 1293 1291
4678 2 2 8 7 2729 2733 2732
4679 2 2 8 7 2604 2605 2670
4680 2 2 8 7 4806 4808 4807
4681 2 2 8 7 4270 4340 4272
4682 2 2 8 7 1798 1800 1803
4683 2 2 8 7 2355 2372 2373
4684 2 2 8 7 2416 2418 2421
4685 2 2 8 7 3063 4466 3064
4686 2 2 8 7 2645 2652 2653
4687 2 2 8 7 2041 2649 2648
4688 2 2 8 7 3919 3920 4405
4689 2 2 8 7 2303 2307 2308
4690 2 2 8 7 1291 1293 1292
4691 2 2 8 7 2654 2658 2655
4692 2 2 8 7 2604 2670 2671
4693 2 2 8 7 2729 2735 2733
4694 2 2 8 7 1180 1183 1185
4695 2 2 8 7 4917 4918 4921
4696 2 2 8 7 2411 2422 2428
4697 2 2 8 7 1715 1716 1718
4698 2 2 8 7 2291 2292 2306
4699 2 2 8 7 2592 2595 2596
4700 2 2 8 7 4391 4395 4394
4701 2 2 8 7 2318 2368 2319
4702 2 2 8 7 3367 3376 3377
4703 2 2 8 7 4955 4962 4960
4704 2 2 8 7 3844 3845 3872
4705 2 2 8 7 1300 1303 1304
4706 2 2 8 7 4806 4810 4808
4707 2 2 8 7 1512 3660 3663
4708 2 2 8 7 1798 1803 1805
4709 2 2 8 7 2354 2355 2373
4710 2 2 8 7 4267 4276 4284
4711 2 2 8 7 2416 2421 2417
4712 2 2 8 7 2645 2661 2652
4713 2 2 8 7 2648 2649 2650
4714 2 2 8 7 2694 2696 2695
4715 2 2 8 7 2303 2304 2307
4716 2 2 8 7 2654 2672 2658
4717 2 2 8 7 4927 4928 4929
4718 2 2 8 7 4399 4403 4400
4719 2 2 8 7 3920 4407 4405
4720 2 2 8 7 1180 1185 1186
4721 2 2 8 7 4917 4919 4918
4722 2 2 8 7 2411 2428 2427
4723 2 2 8 7 2291 2306 2293
4724 2 2 8 7 4391 4394 4392
4725 2 2 8 7 2591 2595 2592
4726 2 2 8 7 2317 2318 2319
4727 2 2 8 7 3367 3377 3382
4728 2 2 8 7 4955 4960 4956
4729 2 2 8 7 3845 3871 3872
4730 2 2 8 7 1715 1718 1717
4731 2 2 8 7 1300 1304 1307
4732 2 2 8 7 4267 4271 4276
4733 2 2 8 7 2694 2697 2696
4734 2 2 8 7 4927 4929 4930
4735 2 2 8 7 4400 4403 4402
4736 2 2 8 7 1524 3051 3067
4737 2 2 8 7 1486 1504 3637
4738 2 2 8 7 1504 3654 3637
4739 2 2 8 7 4272 4340 4352
4740 2 2 8 7 4802 4810 4806
4741 2 2 8 7 2668 2671 2670
4742 2 2 8 7 1230 1291 1292
4743 2 2 8 7 2733 2735 2738
4744 2 2 8 7 2648 2650 2838
4745 2 2 8 7 3653 3654 3655
4746 2 2 8 7 2354 2356 2355
4747 2 2 8 7 1803 1804 1805
4748 2 2 8 7 2300 2304 2303
4749 2 2 8 7 2342 2416 2417
4750 2 2 8 7 2652 2661 2662
4751 2 2 8 7 3920 3923 4407
4752 2 2 8 7 4951 4955 4956
4753 2 2 8 7 4388 4391 4392
4754 2 2 8 7 1185 1189 1186
4755 2 2 8 7 2658 2672 2678
4756 2 2 8 7 4340 4341 4352
4757 2 2 8 7 4801 4810 4802
4758 2 2 8 7 2317 2319 2321
4759 2 2 8 7 2591 2592 2706
4760 2 2 8 7 3871 3875 3872
4761 2 2 8 7 4271 4277 4276
4762 2 2 8 7 2411 2427 2412
4763 2 2 8 7 2668 2674 2671
4764 2 2 8 7 2291 2293 2298
4765 2 2 8 7 1717 1718 1809
4766 2 2 8 7 1301 1307 1304
4767 2 2 8 7 1230 1292 1309
4768 2 2 8 7 2696 2697 2700
4769 2 2 8 7 3377 3381 3382
4770 2 2 8 7 4918 4919 4938
4771 2 2 8 7 2650 2651 2838
4772 2 2 8 7 2735 2736 2738
4773 2 2 8 7 4927 4930 4933
4774 2 2 8 7 2353 2356 2354
4775 2 2 8 7 1802 1805 1804
4776 2 2 8 7 2300 2302 2304
4777 2 2 8 7 2342 2417 2415
4778 2 2 8 7 2661 2663 2662
4779 2 2 8 7 4951 4956 4954
4780 2 2 8 7 4400 4402 4410
4781 2 2 8 7 4388 4392 4389
4782 2 2 8 7 3923 4417 4407
4783 2 2 8 7 1186 1189 1187
4784 2 2 8 7 2672 2673 2678
4785 2 2 8 7 2317 2321 2320
4786 2 2 8 7 2591 2706 2667
4787 2 2 8 7 3870 3875 3871
4788 2 2 8 7 4271 4273 4277
4789 2 2 8 7 2412 2427 2413
4790 2 2 8 7 2293 2297 2298
4791 2 2 8 7 1301 1306 1307
4792 2 2 8 7 1717 1809 1725
4793 2 2 8 7 2697 2698 2700
4794 2 2 8 7 3381 3383 3382
4795 2 2 8 7 4919 4935 4938
4796 2 2 8 7 4930 4931 4933
4797 2 2 8 7 4450 4487 4486
4798 2 2 8 7 4402 4412 4410
4799 2 2 8 7 1509 1511 1524
4800 2 2 8 7 3060 3062 3066
4801 2 2 8 7 3513 3515 3516
4802 2 2 8 7 1194 3348 3347
4803 2 2 8 7 3481 3483 3484
4804 2 2 8 7 3458 3463 3459
4805 2 2 8 7 1225 1227 1238
4806 2 2 8 7 3456 3471 3470
4807 2 2 8 7 4767 4783 4948
4808 2 2 8 7 3801 3802 3803
4809 2 2 8 7 1772 1808 1807
4810 2 2 8 7 4280 4627 4624
4811 2 2 8 7 1362 1364 1363
4812 2 2 8 7 3873 3907 3951
4813 2 2 8 7 3922 3926 3925
4814 2 2 8 7 4680 4681 4682
4815 2 2 8 7 3944 3945 3948
4816 2 2 8 7 1485 1490 1495
4817 2 2 8 7 1193 1196 1195
4818 2 2 8 7 4455 4458 4457
4819 2 2 8 7 4372 4382 4381
4820 2 2 8 7 3929 3930 3931
4821 2 2 8 7 4455 4459 4458
4822 2 2 8 7 3386 3389 3462
4823 2 2 8 7 4799 4801 4802
4824 2 2 8 7 2665 2674 2668
4825 2 2 8 7 2651 2840 2838
4826 2 2 8 7 1788 1802 1804
4827 2 2 8 7 3761 3764 3766
4828 2 2 8 7 3764 3765 3766
4829 2 2 8 7 4689 4692 4690
4830 2 2 8 7 2342 2415 2343
4831 2 2 8 7 2353 2358 2356
4832 2 2 8 7 2736 2741 2738
4833 2 2 8 7 4341 4351 4352
4834 2 2 8 7 4690 4692 4691
4835 2 2 8 7 2300 2326 2302
4836 2 2 8 7 4949 4951 4954
4837 2 2 8 7 1230 1309 1234
4838 2 2 8 7 4370 4388 4389
4839 2 2 8 7 2320 2321 2328
4840 2 2 8 7 1616 1629 1621
4841 2 2 8 7 2667 2706 2711
4842 2 2 8 7 1187 1189 1192
4843 2 2 8 7 4935 4937 4938
4844 2 2 8 7 4799 4800 4801
4845 2 2 8 7 1621 1629 1625
4846 2 2 8 7 2673 2677 2678
4847 2 2 8 7 4273 4274 4277
4848 2 2 8 7 3923 3924 4417
4849 2 2 8 7 2412 2413 2414
4850 2 2 8 7 2662 2663 2846
4851 2 2 8 7 1535 1601 1553
4852 2 2 8 7 2665 2675 2674
4853 2 2 8 7 1566 1569 1571
4854 2 2 8 7 3870 3877 3875
4855 2 2 8 7 2651 2845 2840
4856 2 2 8 7 2295 2298 2297
4857 2 2 8 7 1534 1535 1553
4858 2 2 8 7 1788 1801 1802
4859 2 2 8 7 1509 1524 3067
4860 2 2 8 7 1725 1809 1767
4861 2 2 8 7 3037 3040 3039
4862 2 2 8 7 2341 2343 2415
4863 2 2 8 7 2946 2950 2948
4864 2 2 8 7 2352 2358 2353
4865 2 2 8 7 2301 2302 2326
4866 2 2 8 7 2948 2950 2949
4867 2 2 8 7 4632 4933 4931
4868 2 2 8 7 3381 3393 3383
4869 2 2 8 7 1462 1479 1463
4870 2 2 8 7 2736 2740 2741
4871 2 2 8 7 4341 4353 4351
4872 2 2 8 7 1462 1480 1479
4873 2 2 8 7 1301 1320 1306
4874 2 2 8 7 4949 4954 4953
4875 2 2 8 7 1566 1571 1568
4876 2 2 8 7 1463 1479 1464
4877 2 2 8 7 3771 4557 3774
4878 2 2 8 7 1464 1479 1482
4879 2 2 8 7 2698 2722 2700
4880 2 2 8 7 3771 4555 4557
4881 2 2 8 7 1564 1567 1565
4882 2 2 8 7 4370 4389 4390
4883 2 2 8 7 2320 2328 2329
4884 2 2 8 7 1233 1234 1309
4885 2 2 8 7 4935 4940 4937
4886 2 2 8 7 2667 2711 2713
4887 2 2 8 7 1187 1192 1191
4888 2 2 8 7 4410 4412 4413
4889 2 2 8 7 2673 2676 2677
4890 2 2 8 7 4273 4349 4274
4891 2 2 8 7 2413 2835 2414
4892 2 2 8 7 2663 2664 2846
4893 2 2 8 7 1464 1482 3617
4894 2 2 8 7 1482 3632 3617
4895 2 2 8 7 3869 3877 3870
4896 2 2 8 7 3924 4418 4417
4897 2 2 8 7 2295 2297 2299
4898 2 2 8 7 1725 1767 1769
4899 2 2 8 7 4631 4632 4931
4900 2 2 8 7 3383 3393 3394
4901 2 2 8 7 1305 1306 1320
4902 2 2 8 7 2964 2965 2968
4903 2 2 8 7 2964 2968 2969
4904 2 2 8 7 2698 2699 2722
4905 2 2 8 7 3615 3630 3616
4906 2 2 8 7 2764 2777 2776
4907 2 2 8 7 2764 2765 2777
4908 2 2 8 7 3615 3629 3630
4909 2 2 8 7 3770 3774 3773
4910 2 2 8 7 4567 4568 4571
4911 2 2 8 7 1608 1620 1619
4912 2 2 8 7 3770 3771 3774
4913 2 2 8 7 4568 4569 4571
4914 2 2 8 7 4412 4414 4413
4915 2 2 8 7 3035 3040 3037
4916 2 2 8 7 1608 1619 1618
4917 2 2 8 7 4506 4576 4575
4918 2 2 8 7 4505 4576 4506
4919 2 2 8 7 3603 3612 3614
4920 2 2 8 7 3603 3614 3687
4921 2 2 8 7 1458 1476 1475
4922 2 2 8 7 1475 1476 1477
4923 2 2 8 7 4462 4463 4476
4924 2 2 8 7 4680 4682 4683
4925 2 2 8 7 4463 4464 4476
4926 2 2 8 7 3768 3769 3770
4927 2 2 8 7 4512 4527 4524
4928 2 2 8 7 4512 4524 4518
4929 2 2 8 7 3013 3018 3017
4930 2 2 8 7 3013 3019 3018
4931 2 2 8 7 2983 2991 2984
4932 2 2 8 7 4502 4514 4515
4933 2 2 8 7 4514 4517 4515
4934 2 2 8 7 2973 2991 2983
4935 2 2 8 7 3047 3055 3050
4936 2 2 8 7 4488 4489 4503
4937 2 2 8 7 3698 3700 3699
4938 2 2 8 7 3698 3712 3700
4939 2 2 8 7 3648 3650 3651
4940 2 2 8 7 3016 3017 3018
4941 2 2 8 7 1484 1487 1485
4942 2 2 8 7 3634 3636 3635
4943 2 2 8 7 3709 3711 3715
4944 2 2 8 7 3016 3018 3022
4945 2 2 8 7 3006 3008 3007
4946 2 2 8 7 3648 3651 3652
4947 2 2 8 7 3711 3714 3715
4948 2 2 8 7 3635 3636 3649
4949 2 2 8 7 3696 3697 3699
4950 2 2 8 7 2973 2993 2991
4951 2 2 8 7 3697 3698 3699
4952 2 2 8 7 4480 4482 4481
4953 2 2 8 7 1545 1547 1546
4954 2 2 8 7 3695 3697 3696
4955 2 2 8 7 1498 1546 1547
4956 2 2 8 7 2972 2993 2973
4957 2 2 8 7 1530 1531 1533
4958 2 2 8 7 4456 4485 4471
4959 2 2 8 7 3647 3697 3695
4960 2 2 8 7 1494 1546 1498
4961 2 2 8 7 1494 1498 1496
4962 2 2 8 7 2983 2984 2985
4963 2 2 8 7 2983 2985 2986
4964 2 2 8 7 1461 1540 1491
4965 2 2 8 7 4446 4449 4447
4966 2 2 8 7 3026 3036 3027
4967 2 2 8 7 3023 3036 3026
4968 2 2 8 7 4446 4448 4449
4969 2 2 8 7 4508 4570 4510
4970 2 2 8 7 961 1665 1658
4971 2 2 8 7 3012 3019 3013
4972 2 2 8 7 1548 1562 1560
4973 2 2 8 7 1214 1215 1220
4974 2 2 8 7 4317 4319 4320
4975 2 2 8 7 3939 3955 3941
4976 2 2 8 7 3334 3337 3336
4977 2 2 8 7 956 962 957
4978 2 2 8 7 2975 3019 3012
4979 2 2 8 7 4527 4528 4529
4980 2 2 8 7 3796 3843 3839
4981 2 2 8 7 4968 4969 4973
4982 2 2 8 7 1560 1562 1561
4983 2 2 8 7 3451 3454 3452
4984 2 2 8 7 3805 3812 3813
4985 2 2 8 7 3918 4070 4069
4986 2 2 8 7 3443 3444 3445
4987 2 2 8 7 3488 3493 3490
4988 2 2 8 7 1172 1177 3328
4989 2 2 8 7 3709 3721 3724
4990 2 2 8 7 5118 5122 5123
4991 2 2 8 7 3935 3938 3940
4992 2 2 8 7 3858 3864 3860
4993 2 2 8 7 4524 4527 4529
4994 2 2 8 7 3124 3125 3129
4995 2 2 8 7 1167 1178 1169
4996 2 2 8 7 4334 4380 4338
4997 2 2 8 7 1799 1814 1815
4998 2 2 8 7 3408 3475 3409
4999 2 2 8 7 3709 3715 3721
5000 2 2 8 7 2975 3012 2993
5001 2 2 8 7 2972 2975 2993
5002 2 2 8 7 3062 3064 3066
5003 2 2 8 7 3700 3714 3711
5004 2 2 8 7 3700 3712 3714
5005 2 2 8 7 3766 3767 3768
5006 2 2 8 7 3669 3670 4475
5007 2 2 8 7 961 1658 1662
5008 2 2 8 7 1480 1481 1483
5009 2 2 8 7 1211 1220 1215
5010 2 2 8 7 3939 3941 3942
5011 2 2 8 7 1484 1486 1487
5012 2 2 8 7 956 957 958
5013 2 2 8 7 4317 4320 4336
5014 2 2 8 7 3334 3335 3337
5015 2 2 8 7 2950 3007 3025
5016 2 2 8 7 4967 4968 4973
5017 2 2 8 7 3796 3839 3797
5018 2 2 8 7 3452 3454 3455
5019 2 2 8 7 3805 3811 3812
5020 2 2 8 7 3488 3489 3493
5021 2 2 8 7 3917 4070 3918
5022 2 2 8 7 3443 3445 3448
5023 2 2 8 7 4283 5118 5123
5024 2 2 8 7 4503 4505 4507
5025 2 2 8 7 3935 3940 3943
5026 2 2 8 7 3858 3863 3864
5027 2 2 8 7 1177 3332 3328
5028 2 2 8 7 1169 1178 1179
5029 2 2 8 7 3124 3126 3125
5030 2 2 8 7 4338 4380 4384
5031 2 2 8 7 3408 3476 3475
5032 2 2 8 7 1799 1816 1814
5033 2 2 8 7 1476 1491 1478
5034 2 2 8 7 4510 4569 4565
5035 2 2 8 7 3668 4473 4474
5036 2 2 8 7 3064 4466 4460
5037 2 2 8 7 3668 3669 4473
5038 2 2 8 7 3651 3662 3664
5039 2 2 8 7 1514 3662 1515
5040 2 2 8 7 1515 1519 1518
5041 2 2 8 7 1514 1515 1518
5042 2 2 8 7 4446 4499 4448
5043 2 2 8 7 957 1661 958
5044 2 2 8 7 1211 1221 1220
5045 2 2 8 7 1604 1607 1608
5046 2 2 8 7 3941 3947 3942
5047 2 2 8 7 4964 4968 4967
5048 2 2 8 7 3454 3461 3455
5049 2 2 8 7 3916 3917 3918
5050 2 2 8 7 3489 3492 3493
5051 2 2 8 7 3805 3806 3811
5052 2 2 8 7 1174 1179 1178
5053 2 2 8 7 3863 3865 3864
5054 2 2 8 7 4448 4499 4451
5055 2 2 8 7 4282 5118 4283
5056 2 2 8 7 3934 3935 3943
5057 2 2 8 7 1175 3332 1177
5058 2 2 8 7 3445 3446 3448
5059 2 2 8 7 958 1661 1361
5060 2 2 8 7 1211 1226 1221
5061 2 2 8 7 3475 3476 3480
5062 2 2 8 7 3942 3947 3946
5063 2 2 8 7 4963 4964 4967
5064 2 2 8 7 4338 4384 4383
5065 2 2 8 7 3125 3126 3809
5066 2 2 8 7 1799 1806 1816
5067 2 2 8 7 3455 3461 3460
5068 2 2 8 7 3916 3921 3917
5069 2 2 8 7 3485 3492 3489
5070 2 2 8 7 3804 3811 3806
5071 2 2 8 7 3863 3866 3865
5072 2 2 8 7 1174 1176 1179
5073 2 2 8 7 4281 4282 4283
5074 2 2 8 7 3933 3934 3943
5075 2 2 8 7 1175 3331 3332
5076 2 2 8 7 3446 3447 3448
5077 2 2 8 7 3457 3480 3476
5078 2 2 8 7 4383 4384 4385
5079 2 2 8 7 3126 3514 3809
5080 2 2 8 7 1806 1811 1816
5081 2 2 8 7 2953 2958 2954
5082 2 2 8 7 4491 4492 4698
5083 2 2 8 7 2951 2953 2952
5084 2 2 8 7 1221 1226 1225
5085 2 2 8 7 3946 3947 3948
5086 2 2 8 7 4783 4964 4963
5087 2 2 8 7 1361 1661 1364
5088 2 2 8 7 3930 3934 3933
5089 2 2 8 7 3799 3868 3867
5090 2 2 8 7 3338 3340 3341
5091 2 2 8 7 3460 3461 3463
5092 2 2 8 7 3865 3866 3951
5093 2 2 8 7 3483 3492 3485
5094 2 2 8 7 1657 1659 1660
5095 2 2 8 7 3916 3926 3921
5096 2 2 8 7 1175 1194 3331
5097 2 2 8 7 4335 4347 4344
5098 2 2 8 7 4382 4383 4385
5099 2 2 8 7 3803 3804 3806
5100 2 2 8 7 3457 3470 3480
5101 2 2 8 7 1225 1226 1227
5102 2 2 8 7 1174 1193 1176
5103 2 2 8 7 4281 4624 4282
5104 2 2 8 7 3386 3447 3446
5105 2 2 8 7 3945 3946 3948
5106 2 2 8 7 4783 4963 4948
5107 2 2 8 7 3514 3516 3809
5108 2 2 8 7 3930 3933 3931
5109 2 2 8 7 1361 1364 1362
5110 2 2 8 7 1806 1807 1811
5111 2 2 8 7 4473 4479 4474
5112 2 2 8 7 3458 3460 3463
5113 2 2 8 7 3866 3873 3951
5114 2 2 8 7 3483 3485 3484
5115 2 2 8 7 3921 3926 3922
5116 2 2 8 7 1194 3347 3331
5117 2 2 8 7 4381 4382 4385
5118 2 2 8 7 3802 3804 3803
5119 2 2 8 7 3456 3470 3457
5120 2 2 8 7 1176 1193 1195
5121 2 2 8 7 4280 4624 4281
5122 2 2 8 7 3386 3462 3447
5123 2 2 8 7 3613 3627 3643
5124 2 2 8 7 3513 3516 3514
5125 2 2 8 7 1807 1808 1811
5126 2 2 8 7 1557 1604 1618
5127 2 2 8 7 3668 3719 3718
5128 2 2 8 7 4492 4494 4493
5129 2 2 8 7 3031 3032 3033
5130 2 2 8 7 4473 4478 4479
5131 2 2 8 7 3064 4460 3069
5132 2 2 8 7 3668 3718 3673
5133 2 2 8 7 3045 3046 3047
5134 2 2 8 7 3046 3054 3047
5135 2 2 8 7 3058 3059 3061
5136 2 2 8 7 4469 4470 4472
5137 2 2 8 7 3058 3061 3060
5138 2 2 8 7 3053 3054 3066
5139 2 2 8 7 2985 2987 2986
5140 2 2 8 7 1521 1567 1566
5141 2 2 8 7 1462 1473 1474
5142 2 2 8 7 2978 2979 3056
5143 2 2 8 7 1521 1527 1567
5144 2 2 8 7 3610 3626 3627
5145 2 2 8 7 3671 3673 3674
5146 2 2 8 7 4465 4469 4472
5147 2 2 8 7 3045 3058 3060
5148 2 2 8 7 2980 2987 4438
5149 2 2 8 7 3652 3665 3679
5150 2 2 8 7 3665 3678 3679
5151 2 2 8 7 1575 3033 3038
5152 2 2 8 7 3045 3060 3046
5153 2 2 8 7 3671 3674 3672
5154 2 2 8 7 2979 2980 4458
5155 2 2 8 7 4234 4242 4245
5156 2 2 8 7 2397 2406 2401
5157 2 2 8 7 2161 2165 2163
5158 2 2 8 7 4912 4916 4914
5159 2 2 8 7 3849 3851 3854
5160 2 2 8 7 2462 2479 2464
5161 2 2 8 7 2038 2057 2051
5162 2 2 8 7 1686 1703 1689
5163 2 2 8 7 947 965 953
5164 2 2 8 7 4291 5124 5114
5165 2 2 8 7 4975 4978 4980
5166 2 2 8 7 2253 2254 2361
5167 2 2 8 7 4323 4327 4325
5168 2 2 8 7 1924 1935 1932
5169 2 2 8 7 2610 2613 2612
5170 2 2 8 7 963 979 967
5171 2 2 8 7 3834 3840 3836
5172 2 2 8 7 1047 1048 1286
5173 2 2 8 7 4994 5144 5141
5174 2 2 8 7 2030 2034 2035
5175 2 2 8 7 2377 2382 2379
5176 2 2 8 7 1138 1139 1163
5177 2 2 8 7 3135 3818 3145
5178 2 2 8 7 4262 4266 4264
5179 2 2 8 7 4860 4904 4905
5180 2 2 8 7 4065 4074 4088
5181 2 2 8 7 4974 5045 5043
5182 2 2 8 7 3096 3413 3118
5183 2 2 8 7 3855 4001 3999
5184 2 2 8 7 2405 2409 2410
5185 2 2 8 7 2584 2590 2600
5186 2 2 8 7 1278 1282 1279
5187 2 2 8 7 3430 3431 3434
5188 2 2 8 7 3672 3674 3677
5189 2 2 8 7 4293 4301 4314
5190 2 2 8 7 932 951 950
5191 2 2 8 7 2135 2141 2136
5192 2 2 8 7 1146 1162 1166
5193 2 2 8 7 3114 3121 3133
5194 2 2 8 7 2450 2455 2453
5195 2 2 8 7 1249 1269 1271
5196 2 2 8 7 3317 3320 3321
5197 2 2 8 7 4063 4064 4079
5198 2 2 8 7 5126 5129 5127
5199 2 2 8 7 1127 1142 1128
5200 2 2 8 7 1905 1906 1908
5201 2 2 8 7 2638 2639 2641
5202 2 2 8 7 4985 5004 4997
5203 2 2 8 7 4032 4057 4036
5204 2 2 8 7 4156 4158 4329
5205 2 2 8 7 3208 3441 3209
5206 2 2 8 7 1707 1863 1865
5207 2 2 8 7 1669 1671 1672
5208 2 2 8 7 3284 3285 3299
5209 2 2 8 7 3405 3416 3418
5210 2 2 8 7 1604 1608 1618
5211 2 2 8 7 1171 3327 3304
5212 2 2 8 7 4073 4216 4090
5213 2 2 8 7 4531 4532 4533
5214 2 2 8 7 4528 4532 4531
5215 2 2 8 7 2952 2953 2954
5216 2 2 8 7 1574 1576 3030
5217 2 2 8 7 2989 4440 4439
5218 2 2 8 7 1574 3030 3034
5219 2 2 8 7 2988 2989 4439
5220 2 2 8 7 2980 4457 4458
5221 2 2 8 7 4492 4493 4698
5222 2 2 8 7 2980 4438 4457
5223 2 2 8 7 1507 4460 4461
5224 2 2 8 7 1462 1474 1480
5225 2 2 8 7 4440 4684 4686
5226 2 2 8 7 1507 3069 4460
5227 2 2 8 7 3056 3057 3061
5228 2 2 8 7 4479 4481 4520
5229 2 2 8 7 3610 3627 3613
5230 2 2 8 7 4317 4336 4344
5231 2 2 8 7 1657 1662 1658
5232 2 2 8 7 3796 3797 3867
5233 2 2 8 7 3335 3338 3337
5234 2 2 8 7 1571 1575 3038
5235 2 2 8 7 3672 3677 3676
5236 2 2 8 7 1510 1520 1525
5237 2 2 8 7 1534 1549 1550
5238 2 2 8 7 2978 3056 3059
5239 2 2 8 7 4479 4480 4481
5240 2 2 8 7 4443 4688 4690
5241 2 2 8 7 4497 4498 4501
5242 2 2 8 7 3765 3767 3766
5243 2 2 8 7 4442 4444 4447
5244 2 2 8 7 1568 1571 3038
5245 2 2 8 7 1534 1553 1549
5246 2 2 8 7 3771 4553 4555
5247 2 2 8 7 4443 4690 4691
5248 2 2 8 7 1544 1551 1548
5249 2 2 8 7 1557 1619 1622
5250 2 2 8 7 1517 1518 1520
5251 2 2 8 7 2967 2969 2968
5252 2 2 8 7 1482 3633 3632
5253 2 2 8 7 1479 1480 1483
5254 2 2 8 7 2764 2768 2765
5255 2 2 8 7 1557 1618 1619
5256 2 2 8 7 3658 3659 3676
5257 2 2 8 7 3723 3725 3727
5258 2 2 8 7 1621 1625 1623
5259 2 2 8 7 3614 3688 3689
5260 2 2 8 7 1479 1483 1482
5261 2 2 8 7 1555 1558 1556
5262 2 2 8 7 3690 3691 3695
5263 2 2 8 7 1492 1493 1494
5264 2 2 8 7 4505 4506 4507
5265 2 2 8 7 2949 2950 3025
5266 2 2 8 7 4335 4344 4336
5267 2 2 8 7 1657 1660 1662
5268 2 2 8 7 3769 3771 3770
5269 2 2 8 7 3614 3689 3687
5270 2 2 8 7 4511 4514 4513
5271 2 2 8 7 3797 3799 3867
5272 2 2 8 7 3335 3340 3338
5273 2 2 8 7 3629 3631 3630
5274 2 2 8 7 1476 1478 1477
5275 2 2 8 7 4565 4569 4568
5276 2 2 8 7 4682 4686 4683
5277 2 2 8 7 3667 3677 3678
5278 2 2 8 7 3010 3016 3011
5279 2 2 8 7 4464 4483 4477
5280 2 2 8 7 1510 1525 1511
5281 2 2 8 7 3667 3676 3677
5282 2 2 8 7 3657 3658 3660
5283 2 2 8 7 4683 4686 4684
5284 2 2 8 7 3723 3769 3768
5285 2 2 8 7 3064 3065 3066
5286 2 2 8 7 1544 1550 1549
5287 2 2 8 7 1555 1557 1622
5288 2 2 8 7 4488 4503 4498
5289 2 2 8 7 4442 4688 4443
5290 2 2 8 7 1510 1517 1520
5291 2 2 8 7 4463 4466 4465
5292 2 2 8 7 3007 3008 3011
5293 2 2 8 7 3688 3691 3689
5294 2 2 8 7 4508 4510 4511
5295 2 2 8 7 3723 3727 3769
5296 2 2 8 7 1491 1540 1492
5297 2 2 8 7 1544 1549 1551
5298 2 2 8 7 1555 1556 1557
5299 2 2 8 7 4453 4456 4455
5300 2 2 8 7 4488 4498 4497
5301 2 2 8 7 4442 4443 4444
5302 2 2 8 7 3056 3061 3059
5303 2 2 8 7 3008 3010 3011
5304 2 2 8 7 1484 1485 1495
5305 2 2 8 7 3689 3691 3690
5306 2 2 8 7 4508 4511 4513
5307 2 2 8 7 1492 1540 1493
5308 2 2 8 7 1512 1517 1513
5309 2 2 8 7 1532 1559 1533
5310 2 2 8 7 1484 1495 1500
5311 2 2 8 7 1575 3034 3033
5312 2 2 8 7 2973 2983 2982
5313 2 2 8 7 2973 2982 2977
5314 2 2 8 7 4482 4487 4516
5315 2 2 8 7 2987 2988 4438
5316 2 2 8 7 3018 3019 3043
5317 2 2 8 7 3019 3042 3043
5318 2 2 8 7 4515 4517 4516
5319 2 2 8 7 1511 1525 1526
5320 2 2 8 7 1498 1547 1532
5321 2 2 8 7 1497 1498 1532
5322 2 2 8 7 4516 4517 4519
5323 2 2 8 7 1504 1505 3654
5324 2 2 8 7 4448 4452 4449
5325 2 2 8 7 4449 4452 4453
5326 2 2 8 7 3018 3043 3022
5327 2 2 8 7 1505 3655 3654
5328 2 2 8 7 1559 1560 1561
5329 2 2 8 7 2033 2642 2034
5330 2 2 8 7 967 978 1670
5331 2 2 8 7 1559 1561 1565
5332 2 2 8 7 3434 3436 3438
5333 2 2 8 7 1124 1127 1129
5334 2 2 8 7 928 950 1257
5335 2 2 8 7 2059 2410 2080
5336 2 2 8 7 3681 3698 3697
5337 2 2 8 7 2435 2462 2460
5338 2 2 8 7 2610 2629 2623
5339 2 2 8 7 5126 5138 5133
5340 2 2 8 7 4055 4060 4063
5341 2 2 8 7 2136 2154 2156
5342 2 2 8 7 2619 2632 2639
5343 2 2 8 7 2405 2406 2407
5344 2 2 8 7 2159 2164 2161
5345 2 2 8 7 1672 1679 1692
5346 2 2 8 7 1274 1278 1275
5347 2 2 8 7 3021 3022 3043
5348 2 2 8 7 2585 2600 2601
5349 2 2 8 7 2379 2384 2385
5350 2 2 8 7 1147 1166 1171
5351 2 2 8 7 1702 1706 1703
5352 2 2 8 7 4859 4861 4860
5353 2 2 8 7 942 963 965
5354 2 2 8 7 2035 2038 2049
5355 2 2 8 7 3206 3208 3207
5356 2 2 8 7 5041 5044 5045
5357 2 2 8 7 4232 4233 4234
5358 2 2 8 7 3833 3837 3851
5359 2 2 8 7 4073 4089 4074
5360 2 2 8 7 4975 4988 4989
5361 2 2 8 7 3295 3321 3296
5362 2 2 8 7 5139 5141 5146
5363 2 2 8 7 2252 2253 2260
5364 2 2 8 7 4306 4325 4310
5365 2 2 8 7 1929 1931 1932
5366 2 2 8 7 1864 1866 1865
5367 2 2 8 7 1158 1163 1161
5368 2 2 8 7 4909 4913 4914
5369 2 2 8 7 2451 2458 2455
5370 2 2 8 7 3281 3286 3284
5371 2 2 8 7 4290 4291 4295
5372 2 2 8 7 4032 4035 4034
5373 2 2 8 7 4157 4329 4328
5374 2 2 8 7 4064 4065 4080
5375 2 2 8 7 3132 3135 3147
5376 2 2 8 7 3681 3697 3682
5377 2 2 8 7 1049 1285 1286
5378 2 2 8 7 1159 1161 1162
5379 2 2 8 7 3110 3133 3132
5380 2 2 8 7 4000 4001 4002
5381 2 2 8 7 4290 4292 4293
5382 2 2 8 7 1905 1907 1929
5383 2 2 8 7 3100 3118 3119
5384 2 2 8 7 4995 4997 4998
5385 2 2 8 7 4240 4262 4263
5386 2 2 8 7 3636 3653 3649
5387 2 2 8 7 1269 1274 1270
5388 2 2 8 7 3835 3836 3837
5389 2 2 8 7 3411 3417 3416
5390 2 2 8 7 4518 4524 4523
5391 2 2 8 7 3649 3653 3650
5392 2 2 8 7 2982 2983 2986
5393 2 2 8 7 2981 2982 2986
5394 2 2 8 7 4518 4523 4522
5395 2 2 8 7 3698 3713 3712
5396 2 2 8 7 2975 3042 3019
5397 2 2 8 7 3715 3720 3721
5398 2 2 8 7 3681 3713 3698
5399 2 2 8 7 2974 3042 2975
5400 2 2 8 7 4524 4529 4525
5401 2 2 8 7 3038 3039 3040
5402 2 2 8 7 3715 3717 3720
5403 2 2 8 7 3714 3717 3715
5404 2 2 8 7 4523 4524 4525
5405 2 2 8 7 2972 2973 2977
5406 2 2 8 7 3714 3716 3717
5407 2 2 8 7 2972 2977 2976
5408 2 2 8 7 3647 3682 3697
5409 2 2 8 7 3646 3682 3647
5410 2 2 8 7 3023 3037 3036
5411 2 2 8 7 3020 3037 3023
5412 2 2 8 7 1496 1498 1497
5413 2 2 8 7 2972 2974 2975
5414 2 2 8 7 1496 1497 1499
5415 2 2 8 7 2972 2976 2974
5416 2 2 8 7 2978 2981 2979
5417 2 2 8 7 3712 3716 3714
5418 2 2 8 7 3712 3713 3716
5419 2 2 8 7 1484 1501 1486
5420 2 2 8 7 175 176 515
5421 2 2 8 7 176 516 515
5422 2 2 8 7 156 157 558
5423 2 2 8 7 156 558 559
5424 2 2 8 7 195 196 607
5425 2 2 8 7 195 607 608
5426 2 2 8 7 190 191 486
5427 2 2 8 7 190 486 489
5428 2 2 8 7 173 174 523
5429 2 2 8 7 174 521 523
5430 2 2 8 7 206 207 596
5431 2 2 8 7 207 589 596
5432 2 2 8 7 151 152 542
5433 2 2 8 7 152 546 542
5434 2 2 8 7 205 206 596
5435 2 2 8 7 147 148 532
5436 2 2 8 7 205 596 595
5437 2 2 8 7 187 188 312
5438 2 2 8 7 187 312 493
5439 2 2 8 7 147 532 531
5440 2 2 8 7 199 200 319
5441 2 2 8 7 200 320 319
5442 2 2 8 7 192 193 612
5443 2 2 8 7 213 214 287
5444 2 2 8 7 193 610 612
5445 2 2 8 7 213 287 316
5446 2 2 8 7 201 202 318
5447 2 2 8 7 202 317 318
5448 2 2 8 7 181 182 509
5449 2 2 8 7 181 509 510
5450 2 2 8 7 183 184 497
5451 2 2 8 7 184 498 497
5452 2 2 8 7 166 167 571
5453 2 2 8 7 166 571 553
5454 2 2 8 7 167 168 571
5455 2 2 8 7 168 524 571
5456 2 2 8 7 170 171 527
5457 2 2 8 7 171 528 527
5458 2 2 8 7 169 170 527
5459 2 2 8 7 168 169 525
5460 2 2 8 7 169 527 525
5461 2 2 8 7 168 525 524
5462 2 2 8 7 197 198 604
5463 2 2 8 7 198 603 604
5464 2 2 8 7 157 158 560
5465 2 2 8 7 182 183 509
5466 2 2 8 7 157 560 558
5467 2 2 8 7 183 497 509
5468 2 2 8 7 211 212 583
5469 2 2 8 7 211 583 582
5470 2 2 8 7 189 190 489
5471 2 2 8 7 189 489 487
5472 2 2 8 7 154 155 552
5473 2 2 8 7 154 552 549
5474 2 2 8 7 203 204 288
5475 2 2 8 7 155 156 552
5476 2 2 8 7 156 559 552
5477 2 2 8 7 204 591 288
5478 2 2 8 7 174 175 515
5479 2 2 8 7 179 180 506
5480 2 2 8 7 179 506 505
5481 2 2 8 7 148 149 530
5482 2 2 8 7 159 160 567
5483 2 2 8 7 159 567 564
5484 2 2 8 7 174 515 521
5485 2 2 8 7 134 135 310
5486 2 2 8 7 148 530 532
5487 2 2 8 7 188 189 312
5488 2 2 8 7 136 137 307
5489 2 2 8 7 200 201 318
5490 2 2 8 7 189 487 312
5491 2 2 8 7 200 318 320
5492 2 2 8 7 134 310 309
5493 2 2 8 7 171 172 313
5494 2 2 8 7 180 181 510
5495 2 2 8 7 136 307 308
5496 2 2 8 7 207 208 589
5497 2 2 8 7 171 313 528
5498 2 2 8 7 208 586 589
5499 2 2 8 7 180 510 506
5500 2 2 8 7 202 203 317
5501 2 2 8 7 212 213 583
5502 2 2 8 7 203 288 317
5503 2 2 8 7 213 316 583
5504 2 2 8 7 198 199 603
5505 2 2 8 7 150 151 541
5506 2 2 8 7 151 542 541
5507 2 2 8 7 228 229 845
5508 2 2 8 7 199 319 603
5509 2 2 8 7 229 849 845
5510 2 2 8 7 217 218 352
5511 2 2 8 7 218 351 352
5512 2 2 8 7 165 166 553
5513 2 2 8 7 4 287 214
5514 2 2 8 7 219 220 353
5515 2 2 8 7 165 553 554
5516 2 2 8 7 220 830 353
5517 2 2 8 7 4 215 577
5518 2 2 8 7 4 577 287
5519 2 2 8 7 215 350 577
5520 2 2 8 7 220 221 830
5521 2 2 8 7 146 147 531
5522 2 2 8 7 125 126 446
5523 2 2 8 7 145 146 536
5524 2 2 8 7 221 829 830
5525 2 2 8 7 145 536 537
5526 2 2 8 7 125 446 445
5527 2 2 8 7 235 236 853
5528 2 2 8 7 146 531 536
5529 2 2 8 7 177 178 503
5530 2 2 8 7 149 150 541
5531 2 2 8 7 176 177 516
5532 2 2 8 7 178 504 503
5533 2 2 8 7 177 503 516
5534 2 2 8 7 139 140 480
5535 2 2 8 7 236 852 853
5536 2 2 8 7 3 145 537
5537 2 2 8 7 124 125 445
5538 2 2 8 7 3 537 538
5539 2 2 8 7 149 541 530
5540 2 2 8 7 124 445 451
5541 2 2 8 7 127 128 459
5542 2 2 8 7 139 480 286
5543 2 2 8 7 127 459 449
5544 2 2 8 7 227 228 844
5545 2 2 8 7 121 122 454
5546 2 2 8 7 140 141 479
5547 2 2 8 7 178 179 505
5548 2 2 8 7 162 163 314
5549 2 2 8 7 140 479 480
5550 2 2 8 7 228 845 844
5551 2 2 8 7 132 133 468
5552 2 2 8 7 121 454 387
5553 2 2 8 7 162 314 557
5554 2 2 8 7 185 186 495
5555 2 2 8 7 178 505 504
5556 2 2 8 7 186 311 495
5557 2 2 8 7 132 468 469
5558 2 2 8 7 209 210 585
5559 2 2 8 7 118 119 294
5560 2 2 8 7 158 159 564
5561 2 2 8 7 210 584 585
5562 2 2 8 7 233 234 856
5563 2 2 8 7 158 564 560
5564 2 2 8 7 118 294 384
5565 2 2 8 7 164 165 554
5566 2 2 8 7 194 195 609
5567 2 2 8 7 152 153 547
5568 2 2 8 7 231 232 851
5569 2 2 8 7 234 854 856
5570 2 2 8 7 111 112 363
5571 2 2 8 7 195 608 609
5572 2 2 8 7 232 858 851
5573 2 2 8 7 247 248 358
5574 2 2 8 7 152 547 546
5575 2 2 8 7 111 363 364
5576 2 2 8 7 164 554 315
5577 2 2 8 7 248 882 358
5578 2 2 8 7 138 139 286
5579 2 2 8 7 248 249 882
5580 2 2 8 7 249 884 882
5581 2 2 8 7 186 187 311
5582 2 2 8 7 250 251 883
5583 2 2 8 7 251 874 883
5584 2 2 8 7 138 286 306
5585 2 2 8 7 109 110 368
5586 2 2 8 7 272 273 789
5587 2 2 8 7 172 173 523
5588 2 2 8 7 273 788 789
5589 2 2 8 7 222 223 828
5590 2 2 8 7 184 185 498
5591 2 2 8 7 96 97 301
5592 2 2 8 7 185 495 498
5593 2 2 8 7 172 523 313
5594 2 2 8 7 232 233 858
5595 2 2 8 7 187 493 311
5596 2 2 8 7 109 368 367
5597 2 2 8 7 133 134 309
5598 2 2 8 7 233 856 858
5599 2 2 8 7 204 205 591
5600 2 2 8 7 223 827 828
5601 2 2 8 7 96 301 303
5602 2 2 8 7 133 309 468
5603 2 2 8 7 193 194 610
5604 2 2 8 7 205 595 591
5605 2 2 8 7 239 240 359
5606 2 2 8 7 221 222 829
5607 2 2 8 7 240 896 359
5608 2 2 8 7 194 609 610
5609 2 2 8 7 163 164 315
5610 2 2 8 7 73 74 696
5611 2 2 8 7 191 192 486
5612 2 2 8 7 222 828 829
5613 2 2 8 7 73 696 698
5614 2 2 8 7 130 131 467
5615 2 2 8 7 104 105 391
5616 2 2 8 7 104 391 396
5617 2 2 8 7 252 253 875
5618 2 2 8 7 163 315 314
5619 2 2 8 7 3 538 144
5620 2 2 8 7 192 612 486
5621 2 2 8 7 130 467 462
5622 2 2 8 7 119 120 385
5623 2 2 8 7 216 217 293
5624 2 2 8 7 224 225 822
5625 2 2 8 7 253 354 875
5626 2 2 8 7 225 826 822
5627 2 2 8 7 144 538 485
5628 2 2 8 7 217 352 293
5629 2 2 8 7 160 161 568
5630 2 2 8 7 153 154 549
5631 2 2 8 7 229 230 849
5632 2 2 8 7 122 123 450
5633 2 2 8 7 106 107 285
5634 2 2 8 7 161 162 557
5635 2 2 8 7 119 385 294
5636 2 2 8 7 137 138 306
5637 2 2 8 7 196 197 607
5638 2 2 8 7 153 549 547
5639 2 2 8 7 161 557 568
5640 2 2 8 7 160 568 567
5641 2 2 8 7 106 285 390
5642 2 2 8 7 197 604 607
5643 2 2 8 7 122 450 454
5644 2 2 8 7 225 226 826
5645 2 2 8 7 230 850 849
5646 2 2 8 7 131 132 469
5647 2 2 8 7 259 260 357
5648 2 2 8 7 75 76 425
5649 2 2 8 7 137 306 307
5650 2 2 8 7 75 425 421
5651 2 2 8 7 34 35 635
5652 2 2 8 7 131 469 467
5653 2 2 8 7 35 649 635
5654 2 2 8 7 238 239 897
5655 2 2 8 7 32 33 636
5656 2 2 8 7 135 136 308
5657 2 2 8 7 226 843 826
5658 2 2 8 7 215 216 350
5659 2 2 8 7 239 359 897
5660 2 2 8 7 208 209 586
5661 2 2 8 7 260 356 357
5662 2 2 8 7 33 637 636
5663 2 2 8 7 209 585 586
5664 2 2 8 7 216 293 350
5665 2 2 8 7 236 237 852
5666 2 2 8 7 135 308 310
5667 2 2 8 7 97 98 300
5668 2 2 8 7 38 39 621
5669 2 2 8 7 39 289 621
5670 2 2 8 7 237 835 852
5671 2 2 8 7 97 300 301
5672 2 2 8 7 265 266 342
5673 2 2 8 7 142 143 484
5674 2 2 8 7 230 231 850
5675 2 2 8 7 253 254 354
5676 2 2 8 7 257 258 865
5677 2 2 8 7 142 484 478
5678 2 2 8 7 266 292 342
5679 2 2 8 7 231 851 850
5680 2 2 8 7 218 219 351
5681 2 2 8 7 141 142 478
5682 2 2 8 7 31 32 636
5683 2 2 8 7 31 636 644
5684 2 2 8 7 258 861 865
5685 2 2 8 7 254 859 354
5686 2 2 8 7 141 478 479
5687 2 2 8 7 219 353 351
5688 2 2 8 7 210 211 584
5689 2 2 8 7 237 238 835
5690 2 2 8 7 117 118 384
5691 2 2 8 7 60 61 695
5692 2 2 8 7 261 262 355
5693 2 2 8 7 226 227 843
5694 2 2 8 7 24 25 333
5695 2 2 8 7 24 333 330
5696 2 2 8 7 60 695 689
5697 2 2 8 7 117 384 378
5698 2 2 8 7 238 897 835
5699 2 2 8 7 227 844 843
5700 2 2 8 7 262 346 355
5701 2 2 8 7 273 274 788
5702 2 2 8 7 211 582 584
5703 2 2 8 7 274 803 788
5704 2 2 8 7 76 77 431
5705 2 2 8 7 76 431 425
5706 2 2 8 7 129 130 462
5707 2 2 8 7 48 49 323
5708 2 2 8 7 48 323 664
5709 2 2 8 7 23 24 331
5710 2 2 8 7 24 330 331
5711 2 2 8 7 2 75 421
5712 2 2 8 7 2 421 327
5713 2 2 8 7 129 462 461
5714 2 2 8 7 67 68 713
5715 2 2 8 7 68 711 713
5716 2 2 8 7 243 244 893
5717 2 2 8 7 50 51 324
5718 2 2 8 7 95 96 303
5719 2 2 8 7 51 325 324
5720 2 2 8 7 82 83 305
5721 2 2 8 7 83 304 305
5722 2 2 8 7 68 69 712
5723 2 2 8 7 275 276 804
5724 2 2 8 7 95 303 302
5725 2 2 8 7 72 73 698
5726 2 2 8 7 244 890 893
5727 2 2 8 7 68 712 711
5728 2 2 8 7 72 698 704
5729 2 2 8 7 268 269 347
5730 2 2 8 7 36 37 648
5731 2 2 8 7 37 620 648
5732 2 2 8 7 269 270 348
5733 2 2 8 7 276 807 804
5734 2 2 8 7 234 235 854
5735 2 2 8 7 269 348 347
5736 2 2 8 7 270 271 349
5737 2 2 8 7 223 224 827
5738 2 2 8 7 51 52 326
5739 2 2 8 7 123 124 451
5740 2 2 8 7 281 282 800
5741 2 2 8 7 270 349 348
5742 2 2 8 7 51 326 325
5743 2 2 8 7 281 800 799
5744 2 2 8 7 43 44 650
5745 2 2 8 7 5 6 291
5746 2 2 8 7 44 651 650
5747 2 2 8 7 255 256 863
5748 2 2 8 7 224 822 827
5749 2 2 8 7 35 36 648
5750 2 2 8 7 123 451 450
5751 2 2 8 7 271 787 349
5752 2 2 8 7 235 853 854
5753 2 2 8 7 116 117 378
5754 2 2 8 7 35 648 649
5755 2 2 8 7 6 341 291
5756 2 2 8 7 44 45 659
5757 2 2 8 7 120 121 387
5758 2 2 8 7 283 284 791
5759 2 2 8 7 44 659 651
5760 2 2 8 7 56 57 679
5761 2 2 8 7 57 676 679
5762 2 2 8 7 256 864 863
5763 2 2 8 7 25 26 333
5764 2 2 8 7 71 72 704
5765 2 2 8 7 71 704 328
5766 2 2 8 7 26 723 333
5767 2 2 8 7 284 792 791
5768 2 2 8 7 116 378 379
5769 2 2 8 7 53 54 675
5770 2 2 8 7 54 674 675
5771 2 2 8 7 120 387 385
5772 2 2 8 7 251 252 874
5773 2 2 8 7 98 99 299
5774 2 2 8 7 113 114 389
5775 2 2 8 7 98 299 300
5776 2 2 8 7 40 41 290
5777 2 2 8 7 245 246 885
5778 2 2 8 7 113 389 388
5779 2 2 8 7 10 11 747
5780 2 2 8 7 65 66 710
5781 2 2 8 7 266 267 292
5782 2 2 8 7 252 875 874
5783 2 2 8 7 65 710 709
5784 2 2 8 7 55 56 677
5785 2 2 8 7 40 290 321
5786 2 2 8 7 56 679 677
5787 2 2 8 7 11 748 747
5788 2 2 8 7 267 343 292
5789 2 2 8 7 107 108 371
5790 2 2 8 7 246 886 885
5791 2 2 8 7 15 16 337
5792 2 2 8 7 16 745 337
5793 2 2 8 7 92 93 407
5794 2 2 8 7 107 371 285
5795 2 2 8 7 110 111 364
5796 2 2 8 7 9 10 765
5797 2 2 8 7 92 407 404
5798 2 2 8 7 57 58 676
5799 2 2 8 7 58 692 676
5800 2 2 8 7 143 144 485
5801 2 2 8 7 88 89 414
5802 2 2 8 7 242 243 360
5803 2 2 8 7 10 747 765
5804 2 2 8 7 58 59 691
5805 2 2 8 7 276 277 807
5806 2 2 8 7 277 810 807
5807 2 2 8 7 110 364 368
5808 2 2 8 7 279 280 809
5809 2 2 8 7 58 691 692
5810 2 2 8 7 280 801 809
5811 2 2 8 7 108 109 367
5812 2 2 8 7 80 81 440
5813 2 2 8 7 88 414 420
5814 2 2 8 7 278 279 808
5815 2 2 8 7 80 440 439
5816 2 2 8 7 243 893 360
5817 2 2 8 7 279 809 808
5818 2 2 8 7 47 48 661
5819 2 2 8 7 114 115 377
5820 2 2 8 7 143 485 484
5821 2 2 8 7 105 106 390
5822 2 2 8 7 89 90 416
5823 2 2 8 7 48 664 661
5824 2 2 8 7 11 12 748
5825 2 2 8 7 85 86 419
5826 2 2 8 7 112 113 388
5827 2 2 8 7 282 283 800
5828 2 2 8 7 114 377 389
5829 2 2 8 7 246 247 886
5830 2 2 8 7 6 7 341
5831 2 2 8 7 240 241 896
5832 2 2 8 7 108 367 371
5833 2 2 8 7 70 71 328
5834 2 2 8 7 105 390 391
5835 2 2 8 7 45 46 662
5836 2 2 8 7 89 416 414
5837 2 2 8 7 37 38 621
5838 2 2 8 7 8 9 765
5839 2 2 8 7 12 752 748
5840 2 2 8 7 85 419 434
5841 2 2 8 7 1 792 284
5842 2 2 8 7 283 791 800
5843 2 2 8 7 8 765 339
5844 2 2 8 7 45 662 659
5845 2 2 8 7 247 358 886
5846 2 2 8 7 7 340 341
5847 2 2 8 7 37 621 620
5848 2 2 8 7 241 895 896
5849 2 2 8 7 14 15 337
5850 2 2 8 7 112 388 363
5851 2 2 8 7 70 328 705
5852 2 2 8 7 1 772 792
5853 2 2 8 7 14 337 338
5854 2 2 8 7 49 50 324
5855 2 2 8 7 49 324 323
5856 2 2 8 7 30 31 322
5857 2 2 8 7 128 129 461
5858 2 2 8 7 31 644 322
5859 2 2 8 7 244 245 890
5860 2 2 8 7 19 20 738
5861 2 2 8 7 54 55 674
5862 2 2 8 7 20 335 738
5863 2 2 8 7 12 13 752
5864 2 2 8 7 55 677 674
5865 2 2 8 7 241 242 895
5866 2 2 8 7 39 40 289
5867 2 2 8 7 128 461 459
5868 2 2 8 7 13 753 752
5869 2 2 8 7 40 321 289
5870 2 2 8 7 22 23 332
5871 2 2 8 7 245 885 890
5872 2 2 8 7 126 127 449
5873 2 2 8 7 242 360 895
5874 2 2 8 7 23 331 332
5875 2 2 8 7 59 60 689
5876 2 2 8 7 63 64 329
5877 2 2 8 7 59 689 691
5878 2 2 8 7 21 22 334
5879 2 2 8 7 93 94 405
5880 2 2 8 7 63 329 694
5881 2 2 8 7 22 332 334
5882 2 2 8 7 13 14 753
5883 2 2 8 7 256 257 864
5884 2 2 8 7 126 449 446
5885 2 2 8 7 81 82 305
5886 2 2 8 7 27 28 647
5887 2 2 8 7 28 29 646
5888 2 2 8 7 27 647 726
5889 2 2 8 7 115 116 379
5890 2 2 8 7 28 646 647
5891 2 2 8 7 17 18 336
5892 2 2 8 7 81 305 440
5893 2 2 8 7 1501 1505 1504
5894 2 2 8 7 14 338 753
5895 2 2 8 7 69 70 705
5896 2 2 8 7 26 27 726
5897 2 2 8 7 93 405 407
5898 2 2 8 7 18 746 336
5899 2 2 8 7 69 705 712
5900 2 2 8 7 99 100 297
5901 2 2 8 7 100 101 298
5902 2 2 8 7 26 726 723
5903 2 2 8 7 257 865 864
5904 2 2 8 7 115 379 377
5905 2 2 8 7 260 261 356
5906 2 2 8 7 86 87 418
5907 2 2 8 7 99 297 299
5908 2 2 8 7 249 250 884
5909 2 2 8 7 100 298 297
5910 2 2 8 7 261 355 356
5911 2 2 8 7 20 21 335
5912 2 2 8 7 86 418 419
5913 2 2 8 7 21 334 335
5914 2 2 8 7 101 102 295
5915 2 2 8 7 250 883 884
5916 2 2 8 7 94 95 302
5917 2 2 8 7 101 295 298
5918 2 2 8 7 277 278 810
5919 2 2 8 7 102 103 296
5920 2 2 8 7 42 43 626
5921 2 2 8 7 79 80 439
5922 2 2 8 7 274 275 803
5923 2 2 8 7 43 650 626
5924 2 2 8 7 79 439 433
5925 2 2 8 7 278 808 810
5926 2 2 8 7 94 302 405
5927 2 2 8 7 102 296 295
5928 2 2 8 7 83 84 438
5929 2 2 8 7 275 804 803
5930 2 2 8 7 90 91 417
5931 2 2 8 7 280 281 801
5932 2 2 8 7 29 30 646
5933 2 2 8 7 103 104 396
5934 2 2 8 7 30 322 646
5935 2 2 8 7 90 417 416
5936 2 2 8 7 271 272 787
5937 2 2 8 7 83 438 304
5938 2 2 8 7 33 34 637
5939 2 2 8 7 103 396 296
5940 2 2 8 7 264 265 344
5941 2 2 8 7 2 327 74
5942 2 2 8 7 281 799 801
5943 2 2 8 7 46 47 661
5944 2 2 8 7 272 789 787
5945 2 2 8 7 34 635 637
5946 2 2 8 7 46 661 662
5947 2 2 8 7 254 255 859
5948 2 2 8 7 74 327 696
5949 2 2 8 7 265 342 344
5950 2 2 8 7 7 8 340
5951 2 2 8 7 52 53 675
5952 2 2 8 7 87 88 420
5953 2 2 8 7 91 92 404
5954 2 2 8 7 255 863 859
5955 2 2 8 7 66 67 713
5956 2 2 8 7 8 339 340
5957 2 2 8 7 52 675 326
5958 2 2 8 7 16 17 745
5959 2 2 8 7 91 404 417
5960 2 2 8 7 267 268 343
5961 2 2 8 7 263 264 345
5962 2 2 8 7 87 420 418
5963 2 2 8 7 17 336 745
5964 2 2 8 7 78 79 433
5965 2 2 8 7 66 713 710
5966 2 2 8 7 84 85 434
5967 2 2 8 7 262 263 346
5968 2 2 8 7 41 42 626
5969 2 2 8 7 268 347 343
5970 2 2 8 7 264 344 345
5971 2 2 8 7 61 62 693
5972 2 2 8 7 78 433 432
5973 2 2 8 7 41 626 290
5974 2 2 8 7 84 434 438
5975 2 2 8 7 263 345 346
5976 2 2 8 7 61 693 695
5977 2 2 8 7 62 63 694
5978 2 2 8 7 258 259 861
5979 2 2 8 7 64 65 709
5980 2 2 8 7 62 694 693
5981 2 2 8 7 64 709 329
5982 2 2 8 7 259 357 861
5983 2 2 8 7 18 19 746
5984 2 2 8 7 1 5 772
5985 2 2 8 7 19 738 746
5986 2 2 8 7 5 291 772
5987 2 2 8 7 77 78 432
5988 2 2 8 7 77 432 431
5989 2 2 8 7 3062 3063 3064
5990 2 2 8 7 2979 4458 3056
5991 2 2 8 7 3657 3659 3658
5992 2 2 8 7 4465 4472 4483
5993 2 2 8 7 3032 3038 3033
5994 2 2 8 7 1506 1513 1508
5995 2 2 8 7 1506 1508 1507
5996 2 2 8 7 4461 4463 4462
5997 2 2 8 7 4448 4451 4450
5998 2 2 8 7 4448 4450 4452
5999 2 2 8 7 1486 1501 1504
6000 2 2 8 7 3057 3063 3061
6001 2 2 8 7 3065 3068 3067
6002 2 2 8 7 1521 1566 1568
6003 2 2 8 7 1521 1568 1522
6004 2 2 8 7 4464 4465 4483
6005 2 2 8 7 4458 4459 4468
6006 2 2 8 7 4459 4467 4468
6007 2 2 8 7 3032 3039 3038
6008 2 2 8 7 4525 4529 4530
6009 2 2 8 7 3035 3049 3040
6010 2 2 8 7 1574 3034 1575
6011 2 2 8 7 317 597 318
6012 2 2 8 7 317 599 597
6013 2 2 8 7 558 561 559
6014 2 2 8 7 559 561 562
6015 2 2 8 7 553 571 572
6016 2 2 8 7 553 572 573
6017 2 2 8 7 509 512 510
6018 2 2 8 7 508 510 512
6019 2 2 8 7 487 489 488
6020 2 2 8 7 487 488 490
6021 2 2 8 7 486 614 489
6022 2 2 8 7 387 454 455
6023 2 2 8 7 453 455 454
6024 2 2 8 7 488 489 614
6025 2 2 8 7 606 608 607
6026 2 2 8 7 606 615 608
6027 2 2 8 7 586 588 589
6028 2 2 8 7 588 590 589
6029 2 2 8 7 359 896 894
6030 2 2 8 7 887 894 896
6031 2 2 8 7 483 485 538
6032 2 2 8 7 483 538 540
6033 2 2 8 7 542 546 545
6034 2 2 8 7 542 545 544
6035 2 2 8 7 285 373 390
6036 2 2 8 7 285 372 373
6037 2 2 8 7 319 320 601
6038 2 2 8 7 319 601 602
6039 2 2 8 7 4460 4463 4461
6040 2 2 8 7 286 471 306
6041 2 2 8 7 286 470 471
6042 2 2 8 7 531 532 534
6043 2 2 8 7 531 534 533
6044 2 2 8 7 313 519 528
6045 2 2 8 7 518 528 519
6046 2 2 8 7 506 510 508
6047 2 2 8 7 497 498 513
6048 2 2 8 7 506 508 507
6049 2 2 8 7 497 513 511
6050 2 2 8 7 517 525 527
6051 2 2 8 7 378 380 379
6052 2 2 8 7 822 826 824
6053 2 2 8 7 378 383 380
6054 2 2 8 7 824 826 825
6055 2 2 8 7 517 526 525
6056 2 2 8 7 748 752 751
6057 2 2 8 7 748 751 750
6058 2 2 8 7 609 613 610
6059 2 2 8 7 847 849 850
6060 2 2 8 7 609 616 613
6061 2 2 8 7 847 848 849
6062 2 2 8 7 549 552 551
6063 2 2 8 7 549 551 550
6064 2 2 8 7 366 367 368
6065 2 2 8 7 309 310 474
6066 2 2 8 7 531 533 536
6067 2 2 8 7 366 370 367
6068 2 2 8 7 309 474 473
6069 2 2 8 7 533 535 536
6070 2 2 8 7 603 605 604
6071 2 2 8 7 600 605 603
6072 2 2 8 7 557 569 568
6073 2 2 8 7 555 569 557
6074 2 2 8 7 524 570 571
6075 2 2 8 7 570 572 571
6076 2 2 8 7 314 555 557
6077 2 2 8 7 314 556 555
6078 2 2 8 7 823 828 827
6079 2 2 8 7 823 833 828
6080 2 2 8 7 356 860 357
6081 2 2 8 7 315 554 575
6082 2 2 8 7 357 860 869
6083 2 2 8 7 315 575 574
6084 2 2 8 7 286 480 481
6085 2 2 8 7 286 481 470
6086 2 2 8 7 505 506 507
6087 2 2 8 7 856 857 858
6088 2 2 8 7 828 833 829
6089 2 2 8 7 502 505 507
6090 2 2 8 7 296 396 397
6091 2 2 8 7 855 857 856
6092 2 2 8 7 296 397 395
6093 2 2 8 7 829 833 831
6094 2 2 8 7 514 515 516
6095 2 2 8 7 499 514 516
6096 2 2 8 7 594 595 596
6097 2 2 8 7 854 855 856
6098 2 2 8 7 593 594 596
6099 2 2 8 7 449 459 458
6100 2 2 8 7 838 855 854
6101 2 2 8 7 846 851 858
6102 2 2 8 7 448 449 458
6103 2 2 8 7 846 858 857
6104 2 2 8 7 499 516 503
6105 2 2 8 7 546 547 548
6106 2 2 8 7 288 591 598
6107 2 2 8 7 545 546 548
6108 2 2 8 7 591 592 598
6109 2 2 8 7 499 503 500
6110 2 2 8 7 288 599 317
6111 2 2 8 7 658 662 661
6112 2 2 8 7 464 467 469
6113 2 2 8 7 322 640 646
6114 2 2 8 7 376 389 377
6115 2 2 8 7 288 598 599
6116 2 2 8 7 640 645 646
6117 2 2 8 7 287 576 316
6118 2 2 8 7 502 504 505
6119 2 2 8 7 464 466 467
6120 2 2 8 7 501 504 502
6121 2 2 8 7 653 658 661
6122 2 2 8 7 375 389 376
6123 2 2 8 7 445 457 451
6124 2 2 8 7 316 576 578
6125 2 2 8 7 445 456 457
6126 2 2 8 7 445 446 447
6127 2 2 8 7 518 527 528
6128 2 2 8 7 311 496 495
6129 2 2 8 7 495 496 498
6130 2 2 8 7 445 447 456
6131 2 2 8 7 287 577 576
6132 2 2 8 7 517 527 518
6133 2 2 8 7 515 520 521
6134 2 2 8 7 537 540 538
6135 2 2 8 7 496 513 498
6136 2 2 8 7 478 484 482
6137 2 2 8 7 514 520 515
6138 2 2 8 7 311 494 496
6139 2 2 8 7 576 577 817
6140 2 2 8 7 537 539 540
6141 2 2 8 7 316 581 583
6142 2 2 8 7 476 478 482
6143 2 2 8 7 711 714 713
6144 2 2 8 7 772 793 792
6145 2 2 8 7 711 715 714
6146 2 2 8 7 450 451 457
6147 2 2 8 7 770 793 772
6148 2 2 8 7 319 600 603
6149 2 2 8 7 450 457 452
6150 2 2 8 7 316 578 581
6151 2 2 8 7 589 593 596
6152 2 2 8 7 347 348 783
6153 2 2 8 7 347 783 781
6154 2 2 8 7 349 787 786
6155 2 2 8 7 319 602 600
6156 2 2 8 7 344 779 345
6157 2 2 8 7 345 779 775
6158 2 2 8 7 349 786 782
6159 2 2 8 7 872 883 874
6160 2 2 8 7 589 590 593
6161 2 2 8 7 808 809 812
6162 2 2 8 7 872 873 883
6163 2 2 8 7 809 811 812
6164 2 2 8 7 428 432 433
6165 2 2 8 7 428 429 432
6166 2 2 8 7 829 831 830
6167 2 2 8 7 834 852 835
6168 2 2 8 7 830 831 832
6169 2 2 8 7 585 588 586
6170 2 2 8 7 636 637 643
6171 2 2 8 7 834 836 852
6172 2 2 8 7 637 639 643
6173 2 2 8 7 465 469 468
6174 2 2 8 7 351 821 352
6175 2 2 8 7 585 587 588
6176 2 2 8 7 564 567 566
6177 2 2 8 7 404 407 406
6178 2 2 8 7 669 675 674
6179 2 2 8 7 406 407 408
6180 2 2 8 7 351 820 821
6181 2 2 8 7 530 534 532
6182 2 2 8 7 564 566 565
6183 2 2 8 7 890 892 893
6184 2 2 8 7 529 534 530
6185 2 2 8 7 336 746 742
6186 2 2 8 7 658 659 662
6187 2 2 8 7 464 469 465
6188 2 2 8 7 552 559 562
6189 2 2 8 7 658 660 659
6190 2 2 8 7 669 671 675
6191 2 2 8 7 425 431 430
6192 2 2 8 7 742 746 744
6193 2 2 8 7 551 552 562
6194 2 2 8 7 353 830 819
6195 2 2 8 7 819 830 832
6196 2 2 8 7 839 853 852
6197 2 2 8 7 425 430 426
6198 2 2 8 7 312 487 491
6199 2 2 8 7 836 839 852
6200 2 2 8 7 842 843 844
6201 2 2 8 7 351 353 820
6202 2 2 8 7 841 842 844
6203 2 2 8 7 477 480 479
6204 2 2 8 7 487 490 491
6205 2 2 8 7 477 481 480
6206 2 2 8 7 553 573 554
6207 2 2 8 7 353 819 820
6208 2 2 8 7 890 891 892
6209 2 2 8 7 554 573 575
6210 2 2 8 7 363 365 364
6211 2 2 8 7 293 352 816
6212 2 2 8 7 324 325 663
6213 2 2 8 7 325 672 663
6214 2 2 8 7 696 697 698
6215 2 2 8 7 346 777 355
6216 2 2 8 7 521 522 523
6217 2 2 8 7 350 817 577
6218 2 2 8 7 361 365 363
6219 2 2 8 7 697 699 698
6220 2 2 8 7 352 821 816
6221 2 2 8 7 346 776 777
6222 2 2 8 7 377 379 380
6223 2 2 8 7 376 377 380
6224 2 2 8 7 308 475 310
6225 2 2 8 7 350 818 817
6226 2 2 8 7 354 859 877
6227 2 2 8 7 862 863 864
6228 2 2 8 7 337 745 754
6229 2 2 8 7 547 549 550
6230 2 2 8 7 859 870 877
6231 2 2 8 7 520 522 521
6232 2 2 8 7 310 475 474
6233 2 2 8 7 743 754 745
6234 2 2 8 7 547 550 548
6235 2 2 8 7 289 622 621
6236 2 2 8 7 289 623 622
6237 2 2 8 7 862 864 866
6238 2 2 8 7 385 387 455
6239 2 2 8 7 411 418 420
6240 2 2 8 7 329 681 694
6241 2 2 8 7 323 324 655
6242 2 2 8 7 324 663 655
6243 2 2 8 7 410 418 411
6244 2 2 8 7 329 706 681
6245 2 2 8 7 385 455 386
6246 2 2 8 7 339 765 767
6247 2 2 8 7 312 492 493
6248 2 2 8 7 339 767 762
6249 2 2 8 7 610 613 612
6250 2 2 8 7 312 491 492
6251 2 2 8 7 791 792 793
6252 2 2 8 7 711 712 716
6253 2 2 8 7 307 472 308
6254 2 2 8 7 841 844 845
6255 2 2 8 7 329 709 708
6256 2 2 8 7 790 791 793
6257 2 2 8 7 825 826 843
6258 2 2 8 7 711 716 715
6259 2 2 8 7 292 778 342
6260 2 2 8 7 530 541 543
6261 2 2 8 7 611 612 613
6262 2 2 8 7 329 708 706
6263 2 2 8 7 486 612 614
6264 2 2 8 7 308 472 475
6265 2 2 8 7 584 587 585
6266 2 2 8 7 681 693 694
6267 2 2 8 7 840 841 845
6268 2 2 8 7 292 773 778
6269 2 2 8 7 295 393 298
6270 2 2 8 7 681 682 693
6271 2 2 8 7 825 843 842
6272 2 2 8 7 298 393 392
6273 2 2 8 7 611 614 612
6274 2 2 8 7 340 768 341
6275 2 2 8 7 476 479 478
6276 2 2 8 7 290 626 629
6277 2 2 8 7 529 530 543
6278 2 2 8 7 579 587 584
6279 2 2 8 7 340 764 768
6280 2 2 8 7 290 629 625
6281 2 2 8 7 476 477 479
6282 2 2 8 7 304 441 305
6283 2 2 8 7 412 416 417
6284 2 2 8 7 846 850 851
6285 2 2 8 7 840 845 849
6286 2 2 8 7 879 882 884
6287 2 2 8 7 304 436 441
6288 2 2 8 7 840 849 848
6289 2 2 8 7 846 847 850
6290 2 2 8 7 878 882 879
6291 2 2 8 7 335 737 738
6292 2 2 8 7 354 876 875
6293 2 2 8 7 412 415 416
6294 2 2 8 7 404 406 417
6295 2 2 8 7 737 739 738
6296 2 2 8 7 406 412 417
6297 2 2 8 7 567 568 569
6298 2 2 8 7 461 462 463
6299 2 2 8 7 354 877 876
6300 2 2 8 7 325 326 673
6301 2 2 8 7 313 523 519
6302 2 2 8 7 632 651 659
6303 2 2 8 7 632 659 660
6304 2 2 8 7 872 874 875
6305 2 2 8 7 325 673 672
6306 2 2 8 7 421 425 426
6307 2 2 8 7 519 523 522
6308 2 2 8 7 497 512 509
6309 2 2 8 7 421 426 424
6310 2 2 8 7 314 315 574
6311 2 2 8 7 872 875 876
6312 2 2 8 7 314 574 556
6313 2 2 8 7 460 461 463
6314 2 2 8 7 566 567 569
6315 2 2 8 7 497 511 512
6316 2 2 8 7 581 582 583
6317 2 2 8 7 295 296 395
6318 2 2 8 7 580 582 581
6319 2 2 8 7 290 625 321
6320 2 2 8 7 348 349 783
6321 2 2 8 7 295 395 393
6322 2 2 8 7 321 625 624
6323 2 2 8 7 328 702 705
6324 2 2 8 7 751 752 753
6325 2 2 8 7 409 434 419
6326 2 2 8 7 618 648 620
6327 2 2 8 7 636 642 644
6328 2 2 8 7 784 788 803
6329 2 2 8 7 751 753 755
6330 2 2 8 7 349 782 783
6331 2 2 8 7 700 705 702
6332 2 2 8 7 636 643 642
6333 2 2 8 7 784 803 802
6334 2 2 8 7 618 620 619
6335 2 2 8 7 410 419 418
6336 2 2 8 7 669 674 677
6337 2 2 8 7 409 435 434
6338 2 2 8 7 318 597 320
6339 2 2 8 7 558 560 563
6340 2 2 8 7 785 789 788
6341 2 2 8 7 668 669 677
6342 2 2 8 7 409 419 410
6343 2 2 8 7 337 754 338
6344 2 2 8 7 375 388 389
6345 2 2 8 7 338 754 756
6346 2 2 8 7 483 484 485
6347 2 2 8 7 302 303 401
6348 2 2 8 7 784 785 788
6349 2 2 8 7 362 388 375
6350 2 2 8 7 320 597 601
6351 2 2 8 7 558 563 561
6352 2 2 8 7 524 525 526
6353 2 2 8 7 302 401 399
6354 2 2 8 7 301 403 303
6355 2 2 8 7 887 896 895
6356 2 2 8 7 482 484 483
6357 2 2 8 7 289 321 624
6358 2 2 8 7 524 526 570
6359 2 2 8 7 413 420 414
6360 2 2 8 7 887 895 889
6361 2 2 8 7 289 624 623
6362 2 2 8 7 428 433 439
6363 2 2 8 7 411 420 413
6364 2 2 8 7 668 677 679
6365 2 2 8 7 536 539 537
6366 2 2 8 7 428 439 442
6367 2 2 8 7 303 403 401
6368 2 2 8 7 668 679 680
6369 2 2 8 7 698 699 704
6370 2 2 8 7 723 726 725
6371 2 2 8 7 336 743 745
6372 2 2 8 7 791 795 800
6373 2 2 8 7 699 703 704
6374 2 2 8 7 535 539 536
6375 2 2 8 7 297 298 392
6376 2 2 8 7 309 473 468
6377 2 2 8 7 723 725 724
6378 2 2 8 7 336 742 743
6379 2 2 8 7 465 468 473
6380 2 2 8 7 808 813 810
6381 2 2 8 7 790 795 791
6382 2 2 8 7 297 392 394
6383 2 2 8 7 604 606 607
6384 2 2 8 7 343 347 774
6385 2 2 8 7 328 704 703
6386 2 2 8 7 328 703 702
6387 2 2 8 7 347 781 774
6388 2 2 8 7 300 402 301
6389 2 2 8 7 604 605 606
6390 2 2 8 7 292 343 774
6391 2 2 8 7 357 867 861
6392 2 2 8 7 633 649 648
6393 2 2 8 7 834 835 897
6394 2 2 8 7 618 633 648
6395 2 2 8 7 808 812 813
6396 2 2 8 7 327 423 696
6397 2 2 8 7 292 774 773
6398 2 2 8 7 327 421 423
6399 2 2 8 7 360 889 895
6400 2 2 8 7 357 869 867
6401 2 2 8 7 301 402 403
6402 2 2 8 7 423 697 696
6403 2 2 8 7 311 493 494
6404 2 2 8 7 838 854 853
6405 2 2 8 7 834 897 837
6406 2 2 8 7 421 424 423
6407 2 2 8 7 684 689 695
6408 2 2 8 7 360 888 889
6409 2 2 8 7 459 461 460
6410 2 2 8 7 358 882 881
6411 2 2 8 7 294 381 384
6412 2 2 8 7 333 723 732
6413 2 2 8 7 708 709 710
6414 2 2 8 7 684 688 689
6415 2 2 8 7 676 692 686
6416 2 2 8 7 723 724 732
6417 2 2 8 7 838 853 839
6418 2 2 8 7 747 767 765
6419 2 2 8 7 707 708 710
6420 2 2 8 7 676 686 678
6421 2 2 8 7 381 382 384
6422 2 2 8 7 747 749 767
6423 2 2 8 7 878 881 882
6424 2 2 8 7 294 385 386
6425 2 2 8 7 462 467 466
6426 2 2 8 7 458 459 460
6427 2 2 8 7 391 397 396
6428 2 2 8 7 364 365 368
6429 2 2 8 7 802 803 804
6430 2 2 8 7 297 394 299
6431 2 2 8 7 492 494 493
6432 2 2 8 7 647 729 726
6433 2 2 8 7 859 863 870
6434 2 2 8 7 725 726 729
6435 2 2 8 7 822 823 827
6436 2 2 8 7 294 386 381
6437 2 2 8 7 630 650 651
6438 2 2 8 7 374 397 391
6439 2 2 8 7 864 865 866
6440 2 2 8 7 801 811 809
6441 2 2 8 7 591 595 592
6442 2 2 8 7 323 655 664
6443 2 2 8 7 862 870 863
6444 2 2 8 7 630 651 632
6445 2 2 8 7 802 804 805
6446 2 2 8 7 608 616 609
6447 2 2 8 7 822 824 823
6448 2 2 8 7 365 366 368
6449 2 2 8 7 462 466 463
6450 2 2 8 7 654 664 655
6451 2 2 8 7 345 776 346
6452 2 2 8 7 796 799 800
6453 2 2 8 7 795 796 800
6454 2 2 8 7 608 615 616
6455 2 2 8 7 299 394 398
6456 2 2 8 7 797 811 801
6457 2 2 8 7 345 775 776
6458 2 2 8 7 293 818 350
6459 2 2 8 7 592 595 594
6460 2 2 8 7 804 807 805
6461 2 2 8 7 293 816 818
6462 2 2 8 7 865 868 866
6463 2 2 8 7 367 370 371
6464 2 2 8 7 690 692 691
6465 2 2 8 7 805 807 806
6466 2 2 8 7 359 894 897
6467 2 2 8 7 369 371 370
6468 2 2 8 7 500 503 504
6469 2 2 8 7 837 897 894
6470 2 2 8 7 331 721 332
6471 2 2 8 7 686 692 690
6472 2 2 8 7 619 620 621
6473 2 2 8 7 619 621 622
6474 2 2 8 7 500 504 501
6475 2 2 8 7 400 407 405
6476 2 2 8 7 579 584 582
6477 2 2 8 7 306 471 307
6478 2 2 8 7 331 722 721
6479 2 2 8 7 560 564 565
6480 2 2 8 7 450 452 454
6481 2 2 8 7 645 647 646
6482 2 2 8 7 291 341 771
6483 2 2 8 7 400 408 407
6484 2 2 8 7 879 884 883
6485 2 2 8 7 579 582 580
6486 2 2 8 7 645 729 647
6487 2 2 8 7 307 471 472
6488 2 2 8 7 341 768 771
6489 2 2 8 7 560 565 563
6490 2 2 8 7 873 879 883
6491 2 2 8 7 871 885 886
6492 2 2 8 7 452 453 454
6493 2 2 8 7 330 333 732
6494 2 2 8 7 871 886 880
6495 2 2 8 7 330 732 731
6496 2 2 8 7 434 435 438
6497 2 2 8 7 360 893 888
6498 2 2 8 7 332 735 334
6499 2 2 8 7 334 735 335
6500 2 2 8 7 414 416 415
6501 2 2 8 7 355 860 356
6502 2 2 8 7 435 437 438
6503 2 2 8 7 738 739 746
6504 2 2 8 7 355 777 860
6505 2 2 8 7 739 744 746
6506 2 2 8 7 335 735 737
6507 2 2 8 7 332 721 735
6508 2 2 8 7 888 893 892
6509 2 2 8 7 446 449 448
6510 2 2 8 7 413 414 415
6511 2 2 8 7 362 363 388
6512 2 2 8 7 676 678 679
6513 2 2 8 7 446 448 447
6514 2 2 8 7 678 680 679
6515 2 2 8 7 373 391 390
6516 2 2 8 7 361 363 362
6517 2 2 8 7 305 441 440
6518 2 2 8 7 373 374 391
6519 2 2 8 7 429 431 432
6520 2 2 8 7 358 880 886
6521 2 2 8 7 688 691 689
6522 2 2 8 7 626 650 629
6523 2 2 8 7 322 644 640
6524 2 2 8 7 688 690 691
6525 2 2 8 7 429 430 431
6526 2 2 8 7 330 722 331
6527 2 2 8 7 358 881 880
6528 2 2 8 7 330 731 722
6529 2 2 8 7 640 644 642
6530 2 2 8 7 440 441 443
6531 2 2 8 7 629 650 630
6532 2 2 8 7 747 748 750
6533 2 2 8 7 541 542 544
6534 2 2 8 7 285 371 372
6535 2 2 8 7 326 675 671
6536 2 2 8 7 747 750 749
6537 2 2 8 7 302 399 405
6538 2 2 8 7 369 372 371
6539 2 2 8 7 326 671 673
6540 2 2 8 7 541 544 543
6541 2 2 8 7 861 868 865
6542 2 2 8 7 399 400 405
6543 2 2 8 7 861 867 868
6544 2 2 8 7 439 440 443
6545 2 2 8 7 635 639 637
6546 2 2 8 7 439 443 442
6547 2 2 8 7 786 787 789
6548 2 2 8 7 807 810 813
6549 2 2 8 7 634 639 635
6550 2 2 8 7 378 384 383
6551 2 2 8 7 785 786 789
6552 2 2 8 7 806 807 813
6553 2 2 8 7 291 770 772
6554 2 2 8 7 382 383 384
6555 2 2 8 7 304 438 437
6556 2 2 8 7 885 891 890
6557 2 2 8 7 304 437 436
6558 2 2 8 7 682 695 693
6559 2 2 8 7 291 771 770
6560 2 2 8 7 871 891 885
6561 2 2 8 7 682 684 695
6562 2 2 8 7 710 713 714
6563 2 2 8 7 797 801 799
6564 2 2 8 7 707 710 714
6565 2 2 8 7 342 779 344
6566 2 2 8 7 796 797 799
6567 2 2 8 7 342 778 779
6568 2 2 8 7 634 635 649
6569 2 2 8 7 338 755 753
6570 2 2 8 7 633 634 649
6571 2 2 8 7 338 756 755
6572 2 2 8 7 705 716 712
6573 2 2 8 7 700 716 705
6574 2 2 8 7 653 661 664
6575 2 2 8 7 653 664 654
6576 2 2 8 7 339 764 340
6577 2 2 8 7 339 762 764
6578 2 2 8 7 299 398 300
6579 2 2 8 7 300 398 402
6580 2 2 8 7 2980 2986 2987
6581 2 2 8 7 3035 3050 3049
6582 2 2 8 7 2988 4439 4438
6583 2 2 8 7 3056 4458 4468
6584 2 2 8 7 1506 1512 1513
6585 2 2 8 7 3651 3664 3652
6586 2 2 8 7 3652 3664 3665
6587 2 2 8 7 1507 1508 3068
6588 2 2 8 7 2980 2981 2986
6589 2 2 8 7 372 911 373
6590 2 2 8 7 372 909 911
6591 2 2 8 7 544 545 2181
6592 2 2 8 7 544 2181 2178
6593 2 2 8 7 470 1888 471
6594 2 2 8 7 471 1888 1889
6595 2 2 8 7 508 512 2000
6596 2 2 8 7 508 2000 2001
6597 2 2 8 7 860 4118 869
6598 2 2 8 7 869 4118 5081
6599 2 2 8 7 572 2210 573
6600 2 2 8 7 597 599 2526
6601 2 2 8 7 573 2210 2211
6602 2 2 8 7 488 2537 490
6603 2 2 8 7 490 2537 1985
6604 2 2 8 7 599 2528 2526
6605 2 2 8 7 750 751 4024
6606 2 2 8 7 750 4024 4021
6607 2 2 8 7 606 2543 615
6608 2 2 8 7 606 2544 2543
6609 2 2 8 7 561 2191 562
6610 2 2 8 7 561 2195 2191
6611 2 2 8 7 866 868 5077
6612 2 2 8 7 517 2094 526
6613 2 2 8 7 868 5079 5077
6614 2 2 8 7 566 569 2198
6615 2 2 8 7 526 2094 2207
6616 2 2 8 7 887 5015 894
6617 2 2 8 7 507 508 2001
6618 2 2 8 7 507 2001 1996
6619 2 2 8 7 887 5187 5015
6620 2 2 8 7 566 2198 2199
6621 2 2 8 7 831 833 4872
6622 2 2 8 7 831 4872 4874
6623 2 2 8 7 846 5075 847
6624 2 2 8 7 494 1989 496
6625 2 2 8 7 847 5075 5076
6626 2 2 8 7 496 1989 2012
6627 2 2 8 7 464 1885 466
6628 2 2 8 7 823 4870 833
6629 2 2 8 7 464 1886 1885
6630 2 2 8 7 380 383 1003
6631 2 2 8 7 436 444 441
6632 2 2 8 7 436 1103 444
6633 2 2 8 7 833 4870 4872
6634 2 2 8 7 380 1003 1000
6635 2 2 8 7 613 616 2531
6636 2 2 8 7 483 540 1981
6637 2 2 8 7 616 2545 2531
6638 2 2 8 7 540 2110 1981
6639 2 2 8 7 412 1080 415
6640 2 2 8 7 593 2512 594
6641 2 2 8 7 594 2512 2521
6642 2 2 8 7 415 1080 1079
6643 2 2 8 7 574 575 2214
6644 2 2 8 7 574 2214 2215
6645 2 2 8 7 653 657 658
6646 2 2 8 7 657 3176 658
6647 2 2 8 7 667 669 668
6648 2 2 8 7 665 667 668
6649 2 2 8 7 555 556 2236
6650 2 2 8 7 556 2216 2236
6651 2 2 8 7 587 2516 588
6652 2 2 8 7 492 1989 494
6653 2 2 8 7 588 2516 2515
6654 2 2 8 7 456 1845 457
6655 2 2 8 7 601 2530 602
6656 2 2 8 7 457 1845 1839
6657 2 2 8 7 551 562 2191
6658 2 2 8 7 551 2191 2190
6659 2 2 8 7 601 2527 2530
6660 2 2 8 7 824 825 4880
6661 2 2 8 7 492 1986 1989
6662 2 2 8 7 825 4884 4880
6663 2 2 8 7 518 519 2097
6664 2 2 8 7 394 1008 398
6665 2 2 8 7 518 2097 2095
6666 2 2 8 7 891 5193 892
6667 2 2 8 7 375 376 991
6668 2 2 8 7 576 2502 578
6669 2 2 8 7 375 991 985
6670 2 2 8 7 482 483 1981
6671 2 2 8 7 395 397 915
6672 2 2 8 7 578 2502 2503
6673 2 2 8 7 579 2516 587
6674 2 2 8 7 395 915 1013
6675 2 2 8 7 482 1981 1982
6676 2 2 8 7 891 5173 5193
6677 2 2 8 7 592 2522 598
6678 2 2 8 7 398 1008 1017
6679 2 2 8 7 579 2504 2516
6680 2 2 8 7 592 2523 2522
6681 2 2 8 7 499 500 2065
6682 2 2 8 7 500 1990 2065
6683 2 2 8 7 735 736 737
6684 2 2 8 7 697 3249 699
6685 2 2 8 7 655 663 3181
6686 2 2 8 7 697 3250 3249
6687 2 2 8 7 655 3181 656
6688 2 2 8 7 736 4016 737
6689 2 2 8 7 781 783 4173
6690 2 2 8 7 453 1819 455
6691 2 2 8 7 781 4173 4172
6692 2 2 8 7 455 1819 1821
6693 2 2 8 7 790 793 4179
6694 2 2 8 7 520 2098 522
6695 2 2 8 7 793 4180 4179
6696 2 2 8 7 520 2063 2098
6697 2 2 8 7 600 602 2530
6698 2 2 8 7 499 2065 514
6699 2 2 8 7 514 2065 2064
6700 2 2 8 7 600 2530 2529
6701 2 2 8 7 545 548 2182
6702 2 2 8 7 598 2528 599
6703 2 2 8 7 519 522 2098
6704 2 2 8 7 598 2522 2528
6705 2 2 8 7 519 2098 2097
6706 2 2 8 7 811 814 812
6707 2 2 8 7 545 2182 2181
6708 2 2 8 7 452 457 1839
6709 2 2 8 7 381 386 1825
6710 2 2 8 7 812 814 4209
6711 2 2 8 7 763 768 764
6712 2 2 8 7 763 4112 768
6713 2 2 8 7 743 760 754
6714 2 2 8 7 452 1839 1820
6715 2 2 8 7 511 513 2010
6716 2 2 8 7 754 760 761
6717 2 2 8 7 573 2211 575
6718 2 2 8 7 381 1825 1005
6719 2 2 8 7 575 2211 2214
6720 2 2 8 7 511 2010 2015
6721 2 2 8 7 488 614 2533
6722 2 2 8 7 402 1041 403
6723 2 2 8 7 403 1041 1039
6724 2 2 8 7 488 2533 2537
6725 2 2 8 7 838 5021 855
6726 2 2 8 7 634 638 639
6727 2 2 8 7 470 481 1964
6728 2 2 8 7 473 474 1901
6729 2 2 8 7 517 518 2094
6730 2 2 8 7 518 2095 2094
6731 2 2 8 7 474 1899 1901
6732 2 2 8 7 634 3159 638
6733 2 2 8 7 838 5022 5021
6734 2 2 8 7 470 1964 1888
6735 2 2 8 7 570 2210 572
6736 2 2 8 7 611 2533 614
6737 2 2 8 7 570 2209 2210
6738 2 2 8 7 611 2532 2533
6739 2 2 8 7 580 581 2505
6740 2 2 8 7 399 401 1038
6741 2 2 8 7 581 2506 2505
6742 2 2 8 7 401 1040 1038
6743 2 2 8 7 841 4883 842
6744 2 2 8 7 841 5074 4883
6745 2 2 8 7 501 502 1991
6746 2 2 8 7 502 1997 1991
6747 2 2 8 7 374 915 397
6748 2 2 8 7 588 2515 590
6749 2 2 8 7 374 912 915
6750 2 2 8 7 878 879 5183
6751 2 2 8 7 476 482 1963
6752 2 2 8 7 819 4824 820
6753 2 2 8 7 872 5176 873
6754 2 2 8 7 878 5183 5185
6755 2 2 8 7 625 629 628
6756 2 2 8 7 482 1982 1963
6757 2 2 8 7 590 2515 2513
6758 2 2 8 7 873 5176 5184
6759 2 2 8 7 887 889 5187
6760 2 2 8 7 834 5010 836
6761 2 2 8 7 819 832 4873
6762 2 2 8 7 819 4873 4822
6763 2 2 8 7 625 628 627
6764 2 2 8 7 819 4822 4824
6765 2 2 8 7 889 5190 5187
6766 2 2 8 7 410 411 1077
6767 2 2 8 7 410 1077 1074
6768 2 2 8 7 871 880 5174
6769 2 2 8 7 539 2110 540
6770 2 2 8 7 880 5169 5174
6771 2 2 8 7 539 2109 2110
6772 2 2 8 7 836 5010 5009
6773 2 2 8 7 775 779 780
6774 2 2 8 7 550 551 2192
6775 2 2 8 7 855 5056 857
6776 2 2 8 7 401 403 1039
6777 2 2 8 7 775 780 4113
6778 2 2 8 7 714 715 3259
6779 2 2 8 7 714 3259 718
6780 2 2 8 7 551 2190 2192
6781 2 2 8 7 855 5021 5056
6782 2 2 8 7 751 755 758
6783 2 2 8 7 715 716 717
6784 2 2 8 7 615 2545 616
6785 2 2 8 7 401 1039 1040
6786 2 2 8 7 817 818 4820
6787 2 2 8 7 476 1963 477
6788 2 2 8 7 477 1963 1962
6789 2 2 8 7 751 758 4024
6790 2 2 8 7 615 2543 2545
6791 2 2 8 7 818 4821 4820
6792 2 2 8 7 362 375 985
6793 2 2 8 7 409 410 1109
6794 2 2 8 7 715 717 3259
6795 2 2 8 7 638 643 639
6796 2 2 8 7 362 985 987
6797 2 2 8 7 410 1074 1109
6798 2 2 8 7 638 3171 643
6799 2 2 8 7 529 543 2177
6800 2 2 8 7 825 842 4884
6801 2 2 8 7 640 730 645
6802 2 2 8 7 393 395 1013
6803 2 2 8 7 464 465 1900
6804 2 2 8 7 872 876 5176
6805 2 2 8 7 496 2012 513
6806 2 2 8 7 393 1013 1012
6807 2 2 8 7 464 1900 1886
6808 2 2 8 7 600 2529 605
6809 2 2 8 7 640 641 730
6810 2 2 8 7 392 1008 394
6811 2 2 8 7 409 1109 435
6812 2 2 8 7 576 817 2502
6813 2 2 8 7 842 4883 4884
6814 2 2 8 7 529 2177 2105
6815 2 2 8 7 392 1007 1008
6816 2 2 8 7 529 2107 534
6817 2 2 8 7 605 2529 2570
6818 2 2 8 7 876 5175 5176
6819 2 2 8 7 529 2105 2107
6820 2 2 8 7 386 455 1825
6821 2 2 8 7 513 2012 2010
6822 2 2 8 7 455 1821 1825
6823 2 2 8 7 511 2000 512
6824 2 2 8 7 435 1109 1108
6825 2 2 8 7 511 2015 2000
6826 2 2 8 7 817 4820 2502
6827 2 2 8 7 870 5085 877
6828 2 2 8 7 870 5084 5085
6829 2 2 8 7 533 534 2107
6830 2 2 8 7 838 839 5022
6831 2 2 8 7 839 5023 5022
6832 2 2 8 7 426 430 1098
6833 2 2 8 7 428 442 1099
6834 2 2 8 7 427 428 1099
6835 2 2 8 7 366 898 370
6836 2 2 8 7 533 2107 2106
6837 2 2 8 7 862 866 5090
6838 2 2 8 7 426 1098 1089
6839 2 2 8 7 555 2198 569
6840 2 2 8 7 816 821 4819
6841 2 2 8 7 866 5077 5090
6842 2 2 8 7 361 907 365
6843 2 2 8 7 563 565 2196
6844 2 2 8 7 565 2197 2196
6845 2 2 8 7 663 672 3181
6846 2 2 8 7 370 898 899
6847 2 2 8 7 797 814 811
6848 2 2 8 7 618 619 3155
6849 2 2 8 7 681 683 682
6850 2 2 8 7 619 3078 3155
6851 2 2 8 7 672 3200 3181
6852 2 2 8 7 681 720 683
6853 2 2 8 7 361 906 907
6854 2 2 8 7 802 805 4199
6855 2 2 8 7 797 798 814
6856 2 2 8 7 474 475 1893
6857 2 2 8 7 821 4823 4819
6858 2 2 8 7 555 2236 2198
6859 2 2 8 7 618 3155 633
6860 2 2 8 7 633 3155 3153
6861 2 2 8 7 805 4200 4199
6862 2 2 8 7 474 1893 1899
6863 2 2 8 7 427 429 428
6864 2 2 8 7 770 4180 793
6865 2 2 8 7 472 1892 475
6866 2 2 8 7 427 1097 429
6867 2 2 8 7 769 4180 770
6868 2 2 8 7 724 725 727
6869 2 2 8 7 565 566 2197
6870 2 2 8 7 724 727 3960
6871 2 2 8 7 475 1892 1893
6872 2 2 8 7 836 5023 839
6873 2 2 8 7 624 625 627
6874 2 2 8 7 566 2199 2197
6875 2 2 8 7 706 708 719
6876 2 2 8 7 784 4178 785
6877 2 2 8 7 776 4115 777
6878 2 2 8 7 836 5009 5023
6879 2 2 8 7 725 729 728
6880 2 2 8 7 706 719 3267
6881 2 2 8 7 725 728 727
6882 2 2 8 7 477 1962 481
6883 2 2 8 7 624 627 3070
6884 2 2 8 7 776 4114 4115
6885 2 2 8 7 742 760 743
6886 2 2 8 7 533 2106 535
6887 2 2 8 7 502 507 1996
6888 2 2 8 7 481 1962 1964
6889 2 2 8 7 784 4198 4178
6890 2 2 8 7 548 550 2192
6891 2 2 8 7 742 744 4019
6892 2 2 8 7 465 473 1901
6893 2 2 8 7 762 767 4093
6894 2 2 8 7 741 4019 744
6895 2 2 8 7 701 702 703
6896 2 2 8 7 742 4019 760
6897 2 2 8 7 766 4093 767
6898 2 2 8 7 701 703 3257
6899 2 2 8 7 465 1901 1900
6900 2 2 8 7 548 2192 2182
6901 2 2 8 7 535 2106 2108
6902 2 2 8 7 876 877 5085
6903 2 2 8 7 502 1996 1997
6904 2 2 8 7 876 5085 5175
6905 2 2 8 7 840 5074 841
6906 2 2 8 7 840 5072 5074
6907 2 2 8 7 561 563 2196
6908 2 2 8 7 578 2506 581
6909 2 2 8 7 422 697 423
6910 2 2 8 7 460 463 1884
6911 2 2 8 7 561 2196 2195
6912 2 2 8 7 422 3250 697
6913 2 2 8 7 667 671 669
6914 2 2 8 7 721 722 734
6915 2 2 8 7 460 1884 1880
6916 2 2 8 7 578 2503 2506
6917 2 2 8 7 847 5073 848
6918 2 2 8 7 785 4177 786
6919 2 2 8 7 722 3983 734
6920 2 2 8 7 447 1845 456
6921 2 2 8 7 785 4178 4177
6922 2 2 8 7 667 670 671
6923 2 2 8 7 820 4824 821
6924 2 2 8 7 447 1846 1845
6925 2 2 8 7 878 5186 881
6926 2 2 8 7 821 4824 4823
6927 2 2 8 7 847 5076 5073
6928 2 2 8 7 514 2064 520
6929 2 2 8 7 777 4118 860
6930 2 2 8 7 687 690 688
6931 2 2 8 7 685 687 688
6932 2 2 8 7 782 4173 783
6933 2 2 8 7 878 5185 5186
6934 2 2 8 7 406 1063 412
6935 2 2 8 7 777 4115 4118
6936 2 2 8 7 520 2064 2063
6937 2 2 8 7 590 2512 593
6938 2 2 8 7 412 1063 1080
6939 2 2 8 7 782 4176 4173
6940 2 2 8 7 590 2513 2512
6941 2 2 8 7 392 393 1012
6942 2 2 8 7 774 781 4143
6943 2 2 8 7 406 408 1063
6944 2 2 8 7 392 1012 1007
6945 2 2 8 7 781 4172 4143
6946 2 2 8 7 700 717 716
6947 2 2 8 7 369 370 899
6948 2 2 8 7 500 501 1990
6949 2 2 8 7 700 3258 717
6950 2 2 8 7 408 1037 1063
6951 2 2 8 7 681 706 720
6952 2 2 8 7 501 1991 1990
6953 2 2 8 7 837 894 5011
6954 2 2 8 7 369 899 908
6955 2 2 8 7 682 683 684
6956 2 2 8 7 894 5015 5011
6957 2 2 8 7 706 3267 720
6958 2 2 8 7 846 857 5075
6959 2 2 8 7 441 444 443
6960 2 2 8 7 491 1986 492
6961 2 2 8 7 491 1988 1986
6962 2 2 8 7 630 632 3080
6963 2 2 8 7 683 3236 684
6964 2 2 8 7 672 673 3199
6965 2 2 8 7 684 685 688
6966 2 2 8 7 672 3199 3200
6967 2 2 8 7 630 3080 631
6968 2 2 8 7 862 5084 870
6969 2 2 8 7 448 458 1881
6970 2 2 8 7 684 3236 685
6971 2 2 8 7 880 881 5169
6972 2 2 8 7 857 5056 5075
6973 2 2 8 7 645 728 729
6974 2 2 8 7 888 892 5192
6975 2 2 8 7 784 802 4198
6976 2 2 8 7 443 444 1100
6977 2 2 8 7 862 5090 5084
6978 2 2 8 7 448 1881 1849
6979 2 2 8 7 881 5186 5169
6980 2 2 8 7 645 730 728
6981 2 2 8 7 892 5193 5192
6982 2 2 8 7 724 733 732
6983 2 2 8 7 458 460 1880
6984 2 2 8 7 535 2109 539
6985 2 2 8 7 768 4111 771
6986 2 2 8 7 768 4112 4111
6987 2 2 8 7 802 4199 4198
6988 2 2 8 7 724 3960 733
6989 2 2 8 7 556 574 2216
6990 2 2 8 7 574 2215 2216
6991 2 2 8 7 535 2108 2109
6992 2 2 8 7 782 786 4177
6993 2 2 8 7 707 719 708
6994 2 2 8 7 805 806 4200
6995 2 2 8 7 737 740 739
6996 2 2 8 7 605 2544 606
6997 2 2 8 7 605 2570 2544
6998 2 2 8 7 737 4016 740
6999 2 2 8 7 782 4177 4176
7000 2 2 8 7 812 815 813
7001 2 2 8 7 707 3262 719
7002 2 2 8 7 658 3176 660
7003 2 2 8 7 458 1880 1881
7004 2 2 8 7 471 1889 472
7005 2 2 8 7 806 4207 4200
7006 2 2 8 7 660 3176 3084
7007 2 2 8 7 424 426 1089
7008 2 2 8 7 665 668 680
7009 2 2 8 7 812 4209 815
7010 2 2 8 7 700 702 701
7011 2 2 8 7 665 680 666
7012 2 2 8 7 422 423 424
7013 2 2 8 7 888 5190 889
7014 2 2 8 7 472 1889 1892
7015 2 2 8 7 686 690 687
7016 2 2 8 7 424 1089 1090
7017 2 2 8 7 422 424 1090
7018 2 2 8 7 700 701 3258
7019 2 2 8 7 794 796 795
7020 2 2 8 7 888 5192 5190
7021 2 2 8 7 794 4195 796
7022 2 2 8 7 611 613 2531
7023 2 2 8 7 597 2526 601
7024 2 2 8 7 686 687 3237
7025 2 2 8 7 754 761 756
7026 2 2 8 7 611 2531 2532
7027 2 2 8 7 601 2526 2527
7028 2 2 8 7 756 761 759
7029 2 2 8 7 399 1038 400
7030 2 2 8 7 642 643 3171
7031 2 2 8 7 376 380 1000
7032 2 2 8 7 642 3171 3172
7033 2 2 8 7 773 774 4143
7034 2 2 8 7 400 1038 1036
7035 2 2 8 7 773 4143 4139
7036 2 2 8 7 490 1988 491
7037 2 2 8 7 526 2207 570
7038 2 2 8 7 490 1985 1988
7039 2 2 8 7 411 413 1077
7040 2 2 8 7 632 660 3084
7041 2 2 8 7 413 1078 1077
7042 2 2 8 7 413 415 1079
7043 2 2 8 7 376 1000 991
7044 2 2 8 7 570 2207 2209
7045 2 2 8 7 632 3084 3080
7046 2 2 8 7 413 1079 1078
7047 2 2 8 7 365 907 366
7048 2 2 8 7 769 770 771
7049 2 2 8 7 699 3257 703
7050 2 2 8 7 834 837 5010
7051 2 2 8 7 699 3249 3257
7052 2 2 8 7 731 732 733
7053 2 2 8 7 769 771 4111
7054 2 2 8 7 775 4114 776
7055 2 2 8 7 731 733 3982
7056 2 2 8 7 775 4113 4114
7057 2 2 8 7 366 907 898
7058 2 2 8 7 442 443 1100
7059 2 2 8 7 442 1100 1099
7060 2 2 8 7 837 5011 5010
7061 2 2 8 7 633 3159 634
7062 2 2 8 7 778 780 779
7063 2 2 8 7 633 3153 3159
7064 2 2 8 7 617 622 623
7065 2 2 8 7 773 4138 778
7066 2 2 8 7 617 623 3071
7067 2 2 8 7 463 466 1885
7068 2 2 8 7 778 4138 780
7069 2 2 8 7 773 4139 4138
7070 2 2 8 7 816 4821 818
7071 2 2 8 7 617 619 622
7072 2 2 8 7 579 580 2504
7073 2 2 8 7 816 4819 4821
7074 2 2 8 7 369 908 372
7075 2 2 8 7 617 3078 619
7076 2 2 8 7 372 908 909
7077 2 2 8 7 463 1885 1884
7078 2 2 8 7 592 594 2523
7079 2 2 8 7 580 2505 2504
7080 2 2 8 7 871 5174 891
7081 2 2 8 7 678 686 3237
7082 2 2 8 7 749 766 767
7083 2 2 8 7 891 5174 5173
7084 2 2 8 7 873 5183 879
7085 2 2 8 7 594 2521 2523
7086 2 2 8 7 678 3237 3223
7087 2 2 8 7 840 848 5072
7088 2 2 8 7 749 757 766
7089 2 2 8 7 749 750 757
7090 2 2 8 7 873 5184 5183
7091 2 2 8 7 750 4021 757
7092 2 2 8 7 848 5073 5072
7093 2 2 8 7 373 911 374
7094 2 2 8 7 790 794 795
7095 2 2 8 7 640 642 641
7096 2 2 8 7 374 911 912
7097 2 2 8 7 628 629 630
7098 2 2 8 7 381 1005 382
7099 2 2 8 7 628 630 631
7100 2 2 8 7 543 544 2178
7101 2 2 8 7 790 4179 794
7102 2 2 8 7 641 642 3172
7103 2 2 8 7 543 2178 2177
7104 2 2 8 7 400 1036 408
7105 2 2 8 7 382 1005 1006
7106 2 2 8 7 408 1036 1037
7107 2 2 8 7 721 736 735
7108 2 2 8 7 447 448 1849
7109 2 2 8 7 721 734 736
7110 2 2 8 7 447 1849 1846
7111 2 2 8 7 382 1003 383
7112 2 2 8 7 435 1108 437
7113 2 2 8 7 382 1006 1003
7114 2 2 8 7 722 731 3983
7115 2 2 8 7 796 798 797
7116 2 2 8 7 437 1108 1110
7117 2 2 8 7 806 813 815
7118 2 2 8 7 452 1820 453
7119 2 2 8 7 731 3982 3983
7120 2 2 8 7 623 624 3070
7121 2 2 8 7 806 815 4207
7122 2 2 8 7 666 680 678
7123 2 2 8 7 666 678 3223
7124 2 2 8 7 654 655 656
7125 2 2 8 7 796 4195 798
7126 2 2 8 7 623 3070 3071
7127 2 2 8 7 453 1820 1819
7128 2 2 8 7 823 824 4870
7129 2 2 8 7 436 437 1110
7130 2 2 8 7 652 654 656
7131 2 2 8 7 867 869 5080
7132 2 2 8 7 824 4880 4870
7133 2 2 8 7 831 4873 832
7134 2 2 8 7 869 5081 5080
7135 2 2 8 7 436 1110 1103
7136 2 2 8 7 739 741 744
7137 2 2 8 7 831 4874 4873
7138 2 2 8 7 739 740 741
7139 2 2 8 7 653 654 657
7140 2 2 8 7 652 657 654
7141 2 2 8 7 755 756 758
7142 2 2 8 7 756 759 758
7143 2 2 8 7 429 1097 430
7144 2 2 8 7 430 1097 1098
7145 2 2 8 7 867 5079 868
7146 2 2 8 7 867 5080 5079
7147 2 2 8 7 361 362 987
7148 2 2 8 7 398 1017 402
7149 2 2 8 7 402 1017 1041
7150 2 2 8 7 762 763 764
7151 2 2 8 7 361 987 906
7152 2 2 8 7 762 4093 763
7153 2 2 8 7 670 673 671
7154 2 2 8 7 670 3199 673
7155 2 2 8 7 707 714 718
7156 2 2 8 7 707 718 3262
7157 2 2 8 7 4482 4484 4486
7158 2 2 8 7 1501 1502 1503
7159 2 2 8 7 4847 4851 4855
7160 2 2 8 7 2124 2129 2126
7161 2 2 8 7 1531 1532 1533
7162 2 2 8 7 2471 2474 2472
7163 2 2 8 7 1942 1957 1959
7164 2 2 8 7 2032 2642 2033
7165 2 2 8 7 4322 4327 4323
7166 2 2 8 7 3303 3305 3327
7167 2 2 8 7 3435 3438 3436
7168 2 2 8 7 977 1670 978
7169 2 2 8 7 1883 1885 1886
7170 2 2 8 7 1882 1885 1883
7171 2 2 8 7 1249 1271 1261
7172 2 2 8 7 2387 2397 2401
7173 2 2 8 7 2163 2165 2166
7174 2 2 8 7 946 947 953
7175 2 2 8 7 3114 3115 3121
7176 2 2 8 7 5077 5079 5094
7177 2 2 8 7 5078 5094 5079
7178 2 2 8 7 2524 2526 2528
7179 2 2 8 7 2524 2525 2526
7180 2 2 8 7 1685 1686 1689
7181 2 2 8 7 2051 2057 2052
7182 2 2 8 7 1996 2001 1999
7183 2 2 8 7 2191 2195 2194
7184 2 2 8 7 2186 2191 2194
7185 2 2 8 7 1996 1999 1998
7186 2 2 8 7 1888 1890 1889
7187 2 2 8 7 1888 1965 1890
7188 2 2 8 7 2584 2588 2590
7189 2 2 8 7 1000 1003 1004
7190 2 2 8 7 4974 5043 5049
7191 2 2 8 7 993 1000 1004
7192 2 2 8 7 4870 4877 4872
7193 2 2 8 7 4871 4872 4877
7194 2 2 8 7 1980 1981 2110
7195 2 2 8 7 1986 2008 1989
7196 2 2 8 7 2543 2544 2549
7197 2 2 8 7 1985 2537 2536
7198 2 2 8 7 2543 2549 2548
7199 2 2 8 7 4118 5082 5081
7200 2 2 8 7 1986 1987 2008
7201 2 2 8 7 1983 1985 2536
7202 2 2 8 7 2501 2503 2502
7203 2 2 8 7 4118 4119 5082
7204 2 2 8 7 2500 2503 2501
7205 2 2 8 7 1980 2110 2113
7206 2 2 8 7 1943 1956 1957
7207 2 2 8 7 4264 4266 4265
7208 2 2 8 7 1065 1079 1080
7209 2 2 8 7 1064 1079 1065
7210 2 2 8 7 2198 2242 2199
7211 2 2 8 7 4903 4905 4904
7212 2 2 8 7 4911 4916 4912
7213 2 2 8 7 2092 2207 2094
7214 2 2 8 7 2199 2242 2243
7215 2 2 8 7 5155 5193 5173
7216 2 2 8 7 2092 2208 2207
7217 2 2 8 7 5155 5173 5172
7218 2 2 8 7 4301 4309 4314
7219 2 2 8 7 4978 4979 4980
7220 2 2 8 7 3855 3999 3998
7221 2 2 8 7 665 3197 667
7222 2 2 8 7 657 3175 3176
7223 2 2 8 7 2488 2515 2516
7224 2 2 8 7 667 3197 3195
7225 2 2 8 7 2488 2514 2515
7226 2 2 8 7 736 3985 4016
7227 2 2 8 7 3088 3176 3175
7228 2 2 8 7 4822 4825 4824
7229 2 2 8 7 4822 4826 4825
7230 2 2 8 7 927 928 1257
7231 2 2 8 7 1906 1909 1908
7232 2 2 8 7 2181 2182 2183
7233 2 2 8 7 3984 4016 3985
7234 2 2 8 7 2464 2479 2480
7235 2 2 8 7 2180 2181 2183
7236 2 2 8 7 909 935 911
7237 2 2 8 7 4052 4060 4055
7238 2 2 8 7 5176 5178 5184
7239 2 2 8 7 5177 5184 5178
7240 2 2 8 7 910 911 935
7241 2 2 8 7 5061 5076 5075
7242 2 2 8 7 5060 5061 5075
7243 2 2 8 7 760 4030 761
7244 2 2 8 7 761 4030 4031
7245 2 2 8 7 2489 2516 2504
7246 2 2 8 7 2488 2516 2489
7247 2 2 8 7 2062 2098 2063
7248 2 2 8 7 2059 2080 2081
7249 2 2 8 7 2062 2089 2098
7250 2 2 8 7 2178 2181 2180
7251 2 2 8 7 2527 2568 2530
7252 2 2 8 7 2450 2453 2452
7253 2 2 8 7 2527 2566 2568
7254 2 2 8 7 2178 2180 2179
7255 2 2 8 7 1924 1927 1935
7256 2 2 8 7 2000 2017 2001
7257 2 2 8 7 4820 4821 4836
7258 2 2 8 7 4179 4180 4181
7259 2 2 8 7 4179 4181 4187
7260 2 2 8 7 422 3247 3250
7261 2 2 8 7 1999 2001 2017
7262 2 2 8 7 3827 3840 3834
7263 2 2 8 7 1124 1129 1125
7264 2 2 8 7 3849 3854 3850
7265 2 2 8 7 422 3248 3247
7266 2 2 8 7 769 4111 4109
7267 2 2 8 7 5187 5190 5188
7268 2 2 8 7 5188 5190 5189
7269 2 2 8 7 4820 4836 4837
7270 2 2 8 7 2151 2156 2154
7271 2 2 8 7 814 4208 4209
7272 2 2 8 7 814 4193 4208
7273 2 2 8 7 4140 4172 4173
7274 2 2 8 7 717 3255 3259
7275 2 2 8 7 3255 3260 3259
7276 2 2 8 7 4140 4173 4141
7277 2 2 8 7 3411 3414 3415
7278 2 2 8 7 5102 5176 5175
7279 2 2 8 7 5102 5178 5176
7280 2 2 8 7 3247 3249 3250
7281 2 2 8 7 3246 3249 3247
7282 2 2 8 7 627 3073 3070
7283 2 2 8 7 3070 3073 3072
7284 2 2 8 7 1990 2067 2065
7285 2 2 8 7 2512 2520 2521
7286 2 2 8 7 5114 5124 5115
7287 2 2 8 7 2065 2067 2066
7288 2 2 8 7 769 4109 4110
7289 2 2 8 7 2510 2520 2512
7290 2 2 8 7 2623 2629 2624
7291 2 2 8 7 758 4025 4024
7292 2 2 8 7 4023 4024 4025
7293 2 2 8 7 2198 2236 2242
7294 2 2 8 7 2236 2237 2242
7295 2 2 8 7 1989 2011 2012
7296 2 2 8 7 2501 2502 4820
7297 2 2 8 7 1989 2008 2011
7298 2 2 8 7 2060 2064 2065
7299 2 2 8 7 2060 2065 2066
7300 2 2 8 7 4883 4886 4884
7301 2 2 8 7 1839 1845 1842
7302 2 2 8 7 2093 2094 2095
7303 2 2 8 7 5127 5129 5128
7304 2 2 8 7 2092 2094 2093
7305 2 2 8 7 4883 4885 4886
7306 2 2 8 7 2186 2190 2191
7307 2 2 8 7 2186 2187 2190
7308 2 2 8 7 1980 1982 1981
7309 2 2 8 7 1848 1881 1880
7310 2 2 8 7 2211 2212 2214
7311 2 2 8 7 1839 1842 1840
7312 2 2 8 7 1847 1881 1848
7313 2 2 8 7 2211 2213 2212
7314 2 2 8 7 1971 1982 1980
7315 2 2 8 7 2529 2530 2567
7316 2 2 8 7 1886 1900 1902
7317 2 2 8 7 2530 2568 2567
7318 2 2 8 7 1007 1009 1008
7319 2 2 8 7 1883 1886 1902
7320 2 2 8 7 2104 2105 2177
7321 2 2 8 7 1008 1009 1010
7322 2 2 8 7 2099 2106 2107
7323 2 2 8 7 4021 4024 4023
7324 2 2 8 7 4021 4023 4022
7325 2 2 8 7 2103 2105 2104
7326 2 2 8 7 2501 4820 4837
7327 2 2 8 7 2099 2112 2106
7328 2 2 8 7 4216 4222 4217
7329 2 2 8 7 2158 2164 2159
7330 2 2 8 7 780 4138 4134
7331 2 2 8 7 3095 3413 3096
7332 2 2 8 7 1136 1139 1138
7333 2 2 8 7 4134 4138 4135
7334 2 2 8 7 2533 2541 2537
7335 2 2 8 7 769 4181 4180
7336 2 2 8 7 2201 2211 2210
7337 2 2 8 7 2536 2537 2541
7338 2 2 8 7 4242 4248 4245
7339 2 2 8 7 2103 2107 2105
7340 2 2 8 7 4846 4855 4856
7341 2 2 8 7 2099 2107 2103
7342 2 2 8 7 1005 1825 1824
7343 2 2 8 7 1108 1109 1114
7344 2 2 8 7 2201 2213 2211
7345 2 2 8 7 5021 5022 5026
7346 2 2 8 7 1002 1005 1824
7347 2 2 8 7 5021 5026 5027
7348 2 2 8 7 3180 3181 3200
7349 2 2 8 7 1108 1114 1113
7350 2 2 8 7 2109 2114 2110
7351 2 2 8 7 3177 3180 3200
7352 2 2 8 7 769 4110 4181
7353 2 2 8 7 2010 2016 2015
7354 2 2 8 7 1008 1010 1017
7355 2 2 8 7 5056 5060 5075
7356 2 2 8 7 985 988 987
7357 2 2 8 7 1074 1114 1109
7358 2 2 8 7 4883 5074 5070
7359 2 2 8 7 986 987 988
7360 2 2 8 7 2010 2013 2016
7361 2 2 8 7 2405 2407 2408
7362 2 2 8 7 1074 1076 1114
7363 2 2 8 7 991 1000 993
7364 2 2 8 7 4883 5070 4885
7365 2 2 8 7 444 1103 1104
7366 2 2 8 7 990 991 993
7367 2 2 8 7 5056 5057 5060
7368 2 2 8 7 760 4019 4030
7369 2 2 8 7 4017 4030 4019
7370 2 2 8 7 2096 2097 2098
7371 2 2 8 7 1010 1018 1017
7372 2 2 8 7 1103 1105 1104
7373 2 2 8 7 1893 1898 1899
7374 2 2 8 7 1893 1894 1898
7375 2 2 8 7 728 730 3963
7376 2 2 8 7 2089 2096 2098
7377 2 2 8 7 2110 2114 2113
7378 2 2 8 7 728 3963 3965
7379 2 2 8 7 2522 2524 2528
7380 2 2 8 7 2531 2542 2532
7381 2 2 8 7 2531 2546 2542
7382 2 2 8 7 906 971 907
7383 2 2 8 7 905 907 971
7384 2 2 8 7 2229 2361 2254
7385 2 2 8 7 2216 2237 2236
7386 2 2 8 7 1963 1982 1972
7387 2 2 8 7 2214 2217 2215
7388 2 2 8 7 1971 1972 1982
7389 2 2 8 7 5169 5170 5174
7390 2 2 8 7 2216 2218 2237
7391 2 2 8 7 5014 5015 5187
7392 2 2 8 7 4174 4177 4178
7393 2 2 8 7 2518 2524 2522
7394 2 2 8 7 2212 2217 2214
7395 2 2 8 7 4174 4175 4177
7396 2 2 8 7 5085 5102 5175
7397 2 2 8 7 5085 5086 5102
7398 2 2 8 7 5168 5170 5169
7399 2 2 8 7 5014 5187 5188
7400 2 2 8 7 656 3181 3174
7401 2 2 8 7 638 3159 3158
7402 2 2 8 7 985 991 990
7403 2 2 8 7 985 990 988
7404 2 2 8 7 3174 3181 3180
7405 2 2 8 7 2518 2522 2523
7406 2 2 8 7 638 3158 3161
7407 2 2 8 7 798 4194 814
7408 2 2 8 7 814 4194 4193
7409 2 2 8 7 2517 2518 2523
7410 2 2 8 7 5084 5086 5085
7411 2 2 8 7 1016 1039 1041
7412 2 2 8 7 5084 5087 5086
7413 2 2 8 7 1891 1893 1892
7414 2 2 8 7 1014 1016 1041
7415 2 2 8 7 1074 1077 1076
7416 2 2 8 7 2532 2542 2533
7417 2 2 8 7 4880 4884 4882
7418 2 2 8 7 1891 1894 1893
7419 2 2 8 7 2201 2210 2209
7420 2 2 8 7 1011 1012 1013
7421 2 2 8 7 1075 1076 1077
7422 2 2 8 7 2194 2195 2196
7423 2 2 8 7 2533 2542 2541
7424 2 2 8 7 920 1011 1013
7425 2 2 8 7 4882 4884 4886
7426 2 2 8 7 2193 2194 2196
7427 2 2 8 7 2135 2140 2141
7428 2 2 8 7 2200 2201 2209
7429 2 2 8 7 4224 4233 4232
7430 2 2 8 7 5011 5015 5014
7431 2 2 8 7 898 907 905
7432 2 2 8 7 4174 4178 4198
7433 2 2 8 7 2531 2545 2546
7434 2 2 8 7 5011 5014 5019
7435 2 2 8 7 2499 2505 2506
7436 2 2 8 7 4871 4874 4872
7437 2 2 8 7 2010 2012 2011
7438 2 2 8 7 4871 4875 4874
7439 2 2 8 7 685 3230 687
7440 2 2 8 7 4074 4087 4088
7441 2 2 8 7 2492 2505 2499
7442 2 2 8 7 2010 2011 2013
7443 2 2 8 7 2545 2547 2546
7444 2 2 8 7 4822 4873 4827
7445 2 2 8 7 4174 4198 4196
7446 2 2 8 7 2383 2385 2384
7447 2 2 8 7 1821 1824 1825
7448 2 2 8 7 4822 4827 4826
7449 2 2 8 7 687 3230 3225
7450 2 2 8 7 1145 1146 1166
7451 2 2 8 7 4823 4824 4832
7452 2 2 8 7 1821 1827 1824
7453 2 2 8 7 4824 4825 4832
7454 2 2 8 7 1900 1901 1902
7455 2 2 8 7 2543 2548 2545
7456 2 2 8 7 898 905 904
7457 2 2 8 7 1820 1839 1840
7458 2 2 8 7 2095 2097 2096
7459 2 2 8 7 2000 2015 2017
7460 2 2 8 7 631 3080 3082
7461 2 2 8 7 1901 1903 1902
7462 2 2 8 7 631 3082 3079
7463 2 2 8 7 2545 2548 2547
7464 2 2 8 7 2035 2049 2036
7465 2 2 8 7 2108 2114 2109
7466 2 2 8 7 1820 1840 1841
7467 2 2 8 7 2015 2016 2017
7468 2 2 8 7 763 4100 4112
7469 2 2 8 7 2108 2111 2114
7470 2 2 8 7 2093 2095 2096
7471 2 2 8 7 4100 4101 4112
7472 2 2 8 7 617 3071 3076
7473 2 2 8 7 3071 3077 3076
7474 2 2 8 7 641 3963 730
7475 2 2 8 7 963 964 979
7476 2 2 8 7 687 3225 3237
7477 2 2 8 7 641 3168 3963
7478 2 2 8 7 638 3170 3171
7479 2 2 8 7 1927 1948 1935
7480 2 2 8 7 1249 1261 1260
7481 2 2 8 7 422 1090 1088
7482 2 2 8 7 719 3262 3268
7483 2 2 8 7 2511 2512 2513
7484 2 2 8 7 2510 2512 2511
7485 2 2 8 7 915 916 1013
7486 2 2 8 7 3262 3264 3268
7487 2 2 8 7 1274 1275 1276
7488 2 2 8 7 638 3161 3170
7489 2 2 8 7 3224 3237 3225
7490 2 2 8 7 5167 5169 5186
7491 2 2 8 7 5167 5168 5169
7492 2 2 8 7 3083 3084 3176
7493 2 2 8 7 766 4094 4093
7494 2 2 8 7 4115 4119 4118
7495 2 2 8 7 2612 2613 2614
7496 2 2 8 7 4093 4094 4099
7497 2 2 8 7 4115 4121 4119
7498 2 2 8 7 3083 3176 3088
7499 2 2 8 7 916 920 1013
7500 2 2 8 7 422 1088 3248
7501 2 2 8 7 2470 2475 2474
7502 2 2 8 7 2619 2628 2632
7503 2 2 8 7 5009 5024 5023
7504 2 2 8 7 4141 4173 4176
7505 2 2 8 7 1145 1166 1147
7506 2 2 8 7 3153 3155 3154
7507 2 2 8 7 5009 5025 5024
7508 2 2 8 7 5077 5089 5090
7509 2 2 8 7 665 666 3197
7510 2 2 8 7 1034 1036 1038
7511 2 2 8 7 1032 1034 1038
7512 2 2 8 7 666 3198 3197
7513 2 2 8 7 3153 3154 3156
7514 2 2 8 7 4141 4176 4164
7515 2 2 8 7 1032 1038 1040
7516 2 2 8 7 1882 1884 1885
7517 2 2 8 7 2055 2078 2056
7518 2 2 8 7 5077 5094 5089
7519 2 2 8 7 683 720 3235
7520 2 2 8 7 1873 1884 1882
7521 2 2 8 7 1031 1032 1040
7522 2 2 8 7 1898 1901 1899
7523 2 2 8 7 720 3270 3235
7524 2 2 8 7 1898 1903 1901
7525 2 2 8 7 2196 2197 2244
7526 2 2 8 7 2193 2196 2244
7527 2 2 8 7 1936 1948 1950
7528 2 2 8 7 5191 5192 5193
7529 2 2 8 7 1962 1970 1964
7530 2 2 8 7 1964 1970 1966
7531 2 2 8 7 5155 5191 5193
7532 2 2 8 7 1062 1080 1063
7533 2 2 8 7 2525 2527 2526
7534 2 2 8 7 1819 1826 1821
7535 2 2 8 7 2529 2569 2570
7536 2 2 8 7 741 4017 4019
7537 2 2 8 7 2525 2566 2527
7538 2 2 8 7 1819 1820 1841
7539 2 2 8 7 1062 1065 1080
7540 2 2 8 7 5022 5023 5026
7541 2 2 8 7 5023 5024 5026
7542 2 2 8 7 1819 1841 1826
7543 2 2 8 7 2434 2435 2460
7544 2 2 8 7 3832 3837 3833
7545 2 2 8 7 1158 1161 1160
7546 2 2 8 7 2529 2567 2569
7547 2 2 8 7 4819 4831 4821
7548 2 2 8 7 427 1099 1096
7549 2 2 8 7 741 4018 4017
7550 2 2 8 7 1821 1826 1827
7551 2 2 8 7 4821 4831 4836
7552 2 2 8 7 1095 1096 1099
7553 2 2 8 7 1842 1845 1846
7554 2 2 8 7 2581 2585 2601
7555 2 2 8 7 5108 5127 5128
7556 2 2 8 7 4819 4823 4831
7557 2 2 8 7 942 964 963
7558 2 2 8 7 1842 1846 1844
7559 2 2 8 7 4994 4999 5143
7560 2 2 8 7 4823 4832 4831
7561 2 2 8 7 910 912 911
7562 2 2 8 7 912 916 915
7563 2 2 8 7 627 628 3103
7564 2 2 8 7 910 913 912
7565 2 2 8 7 717 3258 3256
7566 2 2 8 7 1279 1282 1280
7567 2 2 8 7 912 913 916
7568 2 2 8 7 2499 2506 2503
7569 2 2 8 7 717 3256 3255
7570 2 2 8 7 2377 2381 2382
7571 2 2 8 7 2215 2217 2216
7572 2 2 8 7 2499 2503 2500
7573 2 2 8 7 5139 5146 5140
7574 2 2 8 7 2189 2192 2190
7575 2 2 8 7 1888 1964 1966
7576 2 2 8 7 627 3103 3073
7577 2 2 8 7 2216 2217 2218
7578 2 2 8 7 5133 5138 5134
7579 2 2 8 7 2187 2189 2190
7580 2 2 8 7 1873 1880 1884
7581 2 2 8 7 1889 1890 1892
7582 2 2 8 7 2060 2063 2064
7583 2 2 8 7 4200 4207 4202
7584 2 2 8 7 1890 1891 1892
7585 2 2 8 7 1888 1966 1965
7586 2 2 8 7 1929 1930 1931
7587 2 2 8 7 1991 1997 1995
7588 2 2 8 7 4202 4207 4205
7589 2 2 8 7 2060 2062 2063
7590 2 2 8 7 5071 5072 5073
7591 2 2 8 7 4870 4880 4882
7592 2 2 8 7 4034 4035 4037
7593 2 2 8 7 1848 1880 1873
7594 2 2 8 7 1069 1078 1079
7595 2 2 8 7 2124 2125 2130
7596 2 2 8 7 5066 5071 5073
7597 2 2 8 7 1064 1069 1079
7598 2 2 8 7 4870 4882 4877
7599 2 2 8 7 727 3964 3960
7600 2 2 8 7 1991 1995 1994
7601 2 2 8 7 740 4018 741
7602 2 2 8 7 1679 1687 1692
7603 2 2 8 7 740 4008 4018
7604 2 2 8 7 1086 1089 1098
7605 2 2 8 7 3960 3964 3978
7606 2 2 8 7 2511 2513 2515
7607 2 2 8 7 1996 1998 1997
7608 2 2 8 7 733 3960 3977
7609 2 2 8 7 1962 1963 1972
7610 2 2 8 7 641 3172 3168
7611 2 2 8 7 1086 1087 1089
7612 2 2 8 7 3078 3139 3155
7613 2 2 8 7 1995 1997 1998
7614 2 2 8 7 2511 2515 2514
7615 2 2 8 7 932 952 951
7616 2 2 8 7 3960 3978 3977
7617 2 2 8 7 617 3076 3078
7618 2 2 8 7 3076 3139 3078
7619 2 2 8 7 427 1096 1097
7620 2 2 8 7 3139 3154 3155
7621 2 2 8 7 5190 5192 5191
7622 2 2 8 7 734 3985 736
7623 2 2 8 7 3245 3257 3249
7624 2 2 8 7 3168 3172 3169
7625 2 2 8 7 4074 4089 4087
7626 2 2 8 7 727 728 3964
7627 2 2 8 7 3245 3249 3246
7628 2 2 8 7 5189 5190 5191
7629 2 2 8 7 2059 2081 2078
7630 2 2 8 7 1962 1972 1970
7631 2 2 8 7 734 3986 3985
7632 2 2 8 7 1094 1097 1096
7633 2 2 8 7 1990 1991 2067
7634 2 2 8 7 1984 1986 1988
7635 2 2 8 7 5181 5185 5183
7636 2 2 8 7 1984 1987 1986
7637 2 2 8 7 728 3965 3964
7638 2 2 8 7 1016 1040 1039
7639 2 2 8 7 734 3983 3986
7640 2 2 8 7 701 3257 3245
7641 2 2 8 7 1701 1706 1702
7642 2 2 8 7 2636 2638 2641
7643 2 2 8 7 1991 1994 2067
7644 2 2 8 7 701 3254 3258
7645 2 2 8 7 3979 3983 3982
7646 2 2 8 7 5181 5182 5185
7647 2 2 8 7 3254 3256 3258
7648 2 2 8 7 2456 2457 2458
7649 2 2 8 7 3981 3986 3983
7650 2 2 8 7 3979 3981 3983
7651 2 2 8 7 780 4134 4113
7652 2 2 8 7 720 3267 3270
7653 2 2 8 7 4199 4200 4202
7654 2 2 8 7 1016 1031 1040
7655 2 2 8 7 4197 4199 4202
7656 2 2 8 7 701 3245 3254
7657 2 2 8 7 2030 2035 2036
7658 2 2 8 7 2470 2481 2475
7659 2 2 8 7 1870 1909 1906
7660 2 2 8 7 5070 5074 5072
7661 2 2 8 7 3267 3271 3270
7662 2 2 8 7 2182 2192 2189
7663 2 2 8 7 3131 3132 3147
7664 2 2 8 7 3405 3418 3427
7665 2 2 8 7 5009 5010 5020
7666 2 2 8 7 1849 1881 1850
7667 2 2 8 7 4113 4134 4133
7668 2 2 8 7 733 3977 3982
7669 2 2 8 7 5010 5011 5020
7670 2 2 8 7 4994 5143 5144
7671 2 2 8 7 4987 4989 4988
7672 2 2 8 7 3977 3979 3982
7673 2 2 8 7 1847 1850 1881
7674 2 2 8 7 1002 1006 1005
7675 2 2 8 7 4164 4176 4177
7676 2 2 8 7 5070 5072 5071
7677 2 2 8 7 5009 5020 5025
7678 2 2 8 7 2182 2189 2183
7679 2 2 8 7 444 1104 1100
7680 2 2 8 7 4164 4177 4175
7681 2 2 8 7 1001 1006 1002
7682 2 2 8 7 794 4179 4188
7683 2 2 8 7 5011 5019 5020
7684 2 2 8 7 2207 2208 2209
7685 2 2 8 7 1100 1104 1101
7686 2 2 8 7 1046 1048 1047
7687 2 2 8 7 899 901 908
7688 2 2 8 7 683 3235 3236
7689 2 2 8 7 2200 2209 2208
7690 2 2 8 7 3205 3206 3207
7691 2 2 8 7 4179 4187 4188
7692 2 2 8 7 900 908 901
7693 2 2 8 7 2106 2112 2108
7694 2 2 8 7 3281 3282 3286
7695 2 2 8 7 4827 4873 4874
7696 2 2 8 7 4114 4120 4115
7697 2 2 8 7 3234 3236 3235
7698 2 2 8 7 4827 4874 4875
7699 2 2 8 7 2108 2112 2111
7700 2 2 8 7 1984 1988 1985
7701 2 2 8 7 1983 1984 1985
7702 2 2 8 7 5084 5090 5087
7703 2 2 8 7 3080 3084 3083
7704 2 2 8 7 4115 4120 4121
7705 2 2 8 7 5021 5057 5056
7706 2 2 8 7 2489 2504 2505
7707 2 2 8 7 4859 4862 4863
7708 2 2 8 7 5080 5081 5083
7709 2 2 8 7 3080 3083 3082
7710 2 2 8 7 2405 2408 2409
7711 2 2 8 7 5081 5082 5083
7712 2 2 8 7 5087 5090 5089
7713 2 2 8 7 667 3195 670
7714 2 2 8 7 1087 1090 1089
7715 2 2 8 7 2489 2505 2492
7716 2 2 8 7 759 761 4029
7717 2 2 8 7 5021 5027 5057
7718 2 2 8 7 4859 4863 4861
7719 2 2 8 7 5039 5044 5041
7720 2 2 8 7 761 4031 4029
7721 2 2 8 7 4196 4198 4199
7722 2 2 8 7 2544 2570 2569
7723 2 2 8 7 719 3268 3267
7724 2 2 8 7 1069 1077 1078
7725 2 2 8 7 1087 1088 1090
7726 2 2 8 7 670 3195 3194
7727 2 2 8 7 815 4209 4206
7728 2 2 8 7 2544 2569 2549
7729 2 2 8 7 1069 1075 1077
7730 2 2 8 7 3267 3268 3271
7731 2 2 8 7 1094 1098 1097
7732 2 2 8 7 4135 4138 4139
7733 2 2 8 7 815 4206 4207
7734 2 2 8 7 670 3194 3199
7735 2 2 8 7 1140 1142 1141
7736 2 2 8 7 4196 4199 4197
7737 2 2 8 7 3179 3199 3194
7738 2 2 8 7 4206 4209 4208
7739 2 2 8 7 4985 4993 5004
7740 2 2 8 7 1086 1098 1094
7741 2 2 8 7 5170 5173 5174
7742 2 2 8 7 5170 5172 5173
7743 2 2 8 7 4205 4207 4206
7744 2 2 8 7 4156 4161 4158
7745 2 2 8 7 906 987 986
7746 2 2 8 7 5181 5183 5184
7747 2 2 8 7 5177 5181 5184
7748 2 2 8 7 763 4093 4100
7749 2 2 8 7 4135 4139 4137
7750 2 2 8 7 4113 4120 4114
7751 2 2 8 7 757 4094 766
7752 2 2 8 7 1256 1260 1259
7753 2 2 8 7 906 986 971
7754 2 2 8 7 4113 4133 4120
7755 2 2 8 7 4064 4080 4081
7756 2 2 8 7 4093 4099 4100
7757 2 2 8 7 757 4095 4094
7758 2 2 8 7 1099 1100 1101
7759 2 2 8 7 3302 3303 3324
7760 2 2 8 7 4903 4908 4905
7761 2 2 8 7 1095 1099 1101
7762 2 2 8 7 4064 4081 4079
7763 2 2 8 7 718 3259 3263
7764 2 2 8 7 3223 3237 3224
7765 2 2 8 7 1037 1062 1063
7766 2 2 8 7 4158 4161 4162
7767 2 2 8 7 3222 3223 3224
7768 2 2 8 7 1034 1037 1036
7769 2 2 8 7 1007 1012 1011
7770 2 2 8 7 2135 2139 2140
7771 2 2 8 7 5167 5186 5185
7772 2 2 8 7 3259 3260 3263
7773 2 2 8 7 927 1257 1258
7774 2 2 8 7 1007 1011 1009
7775 2 2 8 7 1035 1062 1037
7776 2 2 8 7 2197 2199 2244
7777 2 2 8 7 1034 1035 1037
7778 2 2 8 7 2125 2139 2130
7779 2 2 8 7 666 3223 3222
7780 2 2 8 7 898 904 899
7781 2 2 8 7 4211 4223 4222
7782 2 2 8 7 5167 5185 5182
7783 2 2 8 7 2199 2243 2244
7784 2 2 8 7 666 3222 3198
7785 2 2 8 7 899 904 901
7786 2 2 8 7 758 759 4029
7787 2 2 8 7 757 4021 4095
7788 2 2 8 7 758 4029 4025
7789 2 2 8 7 4021 4022 4095
7790 2 2 8 7 4139 4143 4142
7791 2 2 8 7 3430 3432 3431
7792 2 2 8 7 3293 3295 3296
7793 2 2 8 7 4101 4111 4112
7794 2 2 8 7 1846 1849 1850
7795 2 2 8 7 2636 2641 2637
7796 2 2 8 7 4137 4139 4142
7797 2 2 8 7 1707 1862 1863
7798 2 2 8 7 4907 4913 4909
7799 2 2 8 7 4101 4109 4111
7800 2 2 8 7 3117 3120 3119
7801 2 2 8 7 1844 1846 1850
7802 2 2 8 7 2517 2523 2521
7803 2 2 8 7 4211 4225 4223
7804 2 2 8 7 3317 3318 3320
7805 2 2 8 7 794 4188 4195
7806 2 2 8 7 3145 3818 3146
7807 2 2 8 7 2517 2521 2520
7808 2 2 8 7 1943 1949 1956
7809 2 2 8 7 5108 5115 5124
7810 2 2 8 7 908 935 909
7811 2 2 8 7 1108 1113 1110
7812 2 2 8 7 4188 4189 4195
7813 2 2 8 7 4985 4992 4993
7814 2 2 8 7 900 935 908
7815 2 2 8 7 1110 1113 1111
7816 2 2 8 7 2452 2453 2589
7817 2 2 8 7 2177 2178 2179
7818 2 2 8 7 2104 2177 2179
7819 2 2 8 7 798 4195 4194
7820 2 2 8 7 1103 1110 1111
7821 2 2 8 7 5066 5073 5076
7822 2 2 8 7 5078 5079 5080
7823 2 2 8 7 4189 4194 4195
7824 2 2 8 7 1103 1111 1105
7825 2 2 8 7 5078 5080 5083
7826 2 2 8 7 4239 4241 4240
7827 2 2 8 7 5061 5066 5076
7828 2 2 8 7 3153 3158 3159
7829 2 2 8 7 652 3175 657
7830 2 2 8 7 3153 3156 3158
7831 2 2 8 7 652 3173 3175
7832 2 2 8 7 1669 1673 1671
7833 2 2 8 7 3297 3298 3299
7834 2 2 8 7 1003 1006 1004
7835 2 2 8 7 1017 1018 1041
7836 2 2 8 7 2157 2158 2159
7837 2 2 8 7 1014 1041 1018
7838 2 2 8 7 1001 1004 1006
7839 2 2 8 7 685 3236 3230
7840 2 2 8 7 2588 2589 2590
7841 2 2 8 7 4142 4143 4172
7842 2 2 8 7 628 631 3103
7843 2 2 8 7 3230 3236 3234
7844 2 2 8 7 4140 4142 4172
7845 2 2 8 7 3170 3172 3171
7846 2 2 8 7 631 3079 3103
7847 2 2 8 7 3816 3821 3820
7848 2 2 8 7 3169 3172 3170
7849 2 2 8 7 2627 2632 2628
7850 2 2 8 7 3819 3840 3827
7851 2 2 8 7 652 656 3174
7852 2 2 8 7 2252 2260 2256
7853 2 2 8 7 4290 4295 4294
7854 2 2 8 7 4846 4856 4862
7855 2 2 8 7 652 3174 3173
7856 2 2 8 7 718 3263 3262
7857 2 2 8 7 2032 2637 2642
7858 2 2 8 7 3405 3427 3426
7859 2 2 8 7 3070 3072 3071
7860 2 2 8 7 740 4016 4008
7861 2 2 8 7 3262 3263 3264
7862 2 2 8 7 3071 3072 3077
7863 2 2 8 7 3179 3200 3199
7864 2 2 8 7 3984 4008 4016
7865 2 2 8 7 3177 3200 3179
7866 2 2 8 7 2228 2381 2377
7867 2 2 8 7 2052 2057 2054
7868 2 2 8 7 4306 4310 4307
7869 2 2 8 7 1864 1869 1866
7870 2 2 8 7 2582 2612 2614
7871 2 2 8 7 1866 1869 1870
7872 2 2 8 7 1128 1142 1140
7873 2 2 8 7 3095 3414 3413
7874 2 2 8 7 3209 3441 3211
7875 2 2 8 7 1669 1674 1673
7876 2 2 8 7 1045 1124 1125
7877 2 2 8 7 4995 5000 4999
7878 2 2 8 7 1159 1160 1161
7879 2 2 8 7 4308 4314 4309
7880 2 2 8 7 1685 1689 1688
7881 2 2 8 7 1051 1280 1282
7882 2 2 8 7 2451 2456 2458
7883 2 2 8 7 4290 4294 4292
7884 2 2 8 7 2054 2055 2056
7885 2 2 8 7 4052 4059 4060
7886 2 2 8 7 3100 3119 3120
7887 2 2 8 7 3115 3117 3121
7888 2 2 8 7 3318 3319 3320
7889 2 2 8 7 4000 4002 4005
7890 2 2 8 7 1936 1950 1949
7891 2 2 8 7 3302 3324 3319
7892 2 2 8 7 4978 5048 4979
7893 2 2 8 7 4155 4157 4328
7894 2 2 8 7 4162 4265 4266
7895 2 2 8 7 4907 4909 4908
7896 2 2 8 7 4995 4998 5000
7897 2 2 8 7 1042 1055 1048
7898 2 2 8 7 2464 2480 2481
7899 2 2 8 7 1049 1050 1285
7900 2 2 8 7 1048 1055 1049
7901 2 2 8 7 3110 3132 3131
7902 2 2 8 7 3285 3297 3299
7903 2 2 8 7 1256 1259 1258
7904 2 2 8 7 4057 4059 4058
7905 2 2 8 7 5039 5041 5040
7906 2 2 8 7 4006 4034 4037
7907 2 2 8 7 946 953 949
7908 2 2 8 7 4974 5049 5048
7909 2 2 8 7 4154 4327 4322
7910 2 2 8 7 4911 5040 4916
7911 2 2 8 7 1907 1930 1929
7912 2 2 8 7 2624 2629 2627
7913 2 2 8 7 977 1674 1670
7914 2 2 8 7 4036 4057 4058
7915 2 2 8 7 3146 3818 3820
7916 2 2 8 7 2151 2157 2156
7917 2 2 8 7 3816 3819 3821
7918 2 2 8 7 4239 4240 4263
7919 2 2 8 7 3855 3998 3997
7920 2 2 8 7 1270 1274 1276
7921 2 2 8 7 949 951 952
7922 2 2 8 7 2256 2260 2259
7923 2 2 8 7 2386 2387 2401
7924 2 2 8 7 2232 2254 2255
7925 2 2 8 7 2163 2166 2259
7926 2 2 8 7 2434 2460 2457
7927 2 2 8 7 2252 2255 2254
7928 2 2 8 7 2228 2361 2229
7929 2 2 8 7 1707 1861 1862
7930 2 2 8 7 4987 4992 4989
7931 2 2 8 7 1701 1861 1706
7932 2 2 8 7 4871 4877 4879
7933 2 2 8 7 4871 4879 4878
7934 2 2 8 7 3850 3854 3997
7935 2 2 8 7 3832 3835 3837
7936 2 2 8 7 4241 4248 4242
7937 2 2 8 7 1136 1141 1139
7938 2 2 8 7 3210 3438 3435
7939 2 2 8 7 3204 3206 3205
7940 2 2 8 7 5134 5138 5135
7941 2 2 8 7 2435 2436 2486
7942 2 2 8 7 2435 2486 2479
7943 2 2 8 7 5078 5091 5094
7944 2 2 8 7 2581 2601 2582
7945 2 2 8 7 5091 5093 5094
7946 2 2 8 7 2387 2393 2396
7947 2 2 8 7 2387 2396 2397
7948 2 2 8 7 3210 3211 3441
7949 2 2 8 7 2186 2194 2247
7950 2 2 8 7 2175 2186 2247
7951 2 2 8 7 1878 1882 1883
7952 2 2 8 7 5135 5139 5140
7953 2 2 8 7 1687 1688 1692
7954 2 2 8 7 1878 1879 1882
7955 2 2 8 7 4002 4006 4005
7956 2 2 8 7 3188 3212 3435
7957 2 2 8 7 4300 4302 4309
7958 2 2 8 7 3188 3435 3436
7959 2 2 8 7 2047 2052 2048
7960 2 2 8 7 4300 4309 4301
7961 2 2 8 7 2047 2051 2052
7962 2 2 8 7 2497 2500 2501
7963 2 2 8 7 2495 2497 2501
7964 2 2 8 7 3293 3296 3298
7965 2 2 8 7 2383 2386 2385
7966 2 2 8 7 3192 3195 3197
7967 2 2 8 7 3192 3197 3196
7968 2 2 8 7 1993 1998 1999
7969 2 2 8 7 5144 5148 5145
7970 2 2 8 7 1993 1999 2019
7971 2 2 8 7 4035 4043 4042
7972 2 2 8 7 2180 2183 2184
7973 2 2 8 7 2166 2171 2172
7974 2 2 8 7 2183 2185 2184
7975 2 2 8 7 4035 4036 4043
7976 2 2 8 7 1050 1051 1285
7977 2 2 8 7 5144 5145 5146
7978 2 2 8 7 2165 2171 2166
7979 2 2 8 7 1113 1114 1116
7980 2 2 8 7 1113 1116 1117
7981 2 2 8 7 4307 4310 4308
7982 2 2 8 7 2524 2564 2525
7983 2 2 8 7 1971 1980 1974
7984 2 2 8 7 1974 1980 1978
7985 2 2 8 7 3204 3282 3281
7986 2 2 8 7 1064 1065 1068
7987 2 2 8 7 1058 1068 1065
7988 2 2 8 7 4888 4912 4892
7989 2 2 8 7 2583 2587 2588
7990 2 2 8 7 2583 2588 2584
7991 2 2 8 7 2480 2486 2484
7992 2 2 8 7 2525 2564 2563
7993 2 2 8 7 4892 4912 4913
7994 2 2 8 7 1261 1262 1263
7995 2 2 8 7 3411 3415 3417
7996 2 2 8 7 2448 2449 2450
7997 2 2 8 7 1683 1834 1685
7998 2 2 8 7 2479 2486 2480
7999 2 2 8 7 1260 1261 1263
8000 2 2 8 7 1999 2017 2018
8001 2 2 8 7 2449 2451 2450
8002 2 2 8 7 926 930 927
8003 2 2 8 7 927 930 928
8004 2 2 8 7 5155 5172 5157
8005 2 2 8 7 1685 1834 1686
8006 2 2 8 7 5155 5157 5156
8007 2 2 8 7 1883 1902 1910
8008 2 2 8 7 1999 2018 2019
8009 2 2 8 7 1878 1883 1910
8010 2 2 8 7 2241 2243 2242
8011 2 2 8 7 5107 5128 5130
8012 2 2 8 7 2395 2397 2396
8013 2 2 8 7 5057 5059 5060
8014 2 2 8 7 4030 4044 4031
8015 2 2 8 7 5055 5059 5057
8016 2 2 8 7 4030 4039 4044
8017 2 2 8 7 1987 2005 2008
8018 2 2 8 7 2241 2249 2243
8019 2 2 8 7 4116 5082 4119
8020 2 2 8 7 4116 4117 5082
8021 2 2 8 7 3984 3985 3988
8022 2 2 8 7 4154 4155 4328
8023 2 2 8 7 2395 2407 2397
8024 2 2 8 7 3426 3432 3430
8025 2 2 8 7 3984 3988 4010
8026 2 2 8 7 2005 2009 2008
8027 2 2 8 7 5128 5129 5130
8028 2 2 8 7 1045 1046 1047
8029 2 2 8 7 4128 4149 4323
8030 2 2 8 7 4149 4322 4323
8031 2 2 8 7 2092 2205 2208
8032 2 2 8 7 4224 4225 4233
8033 2 2 8 7 944 945 947
8034 2 2 8 7 2205 2206 2208
8035 2 2 8 7 944 947 946
8036 2 2 8 7 2488 2489 2490
8037 2 2 8 7 2488 2490 2491
8038 2 2 8 7 2149 2170 2158
8039 2 2 8 7 4140 4141 4144
8040 2 2 8 7 4885 4895 4886
8041 2 2 8 7 4885 4890 4895
8042 2 2 8 7 4141 4166 4144
8043 2 2 8 7 2158 2170 2164
8044 2 2 8 7 2559 2568 2566
8045 2 2 8 7 1908 1914 1915
8046 2 2 8 7 1907 1908 1915
8047 2 2 8 7 2559 2566 2565
8048 2 2 8 7 1261 1268 1262
8049 2 2 8 7 1261 1271 1268
8050 2 2 8 7 2488 2507 2514
8051 2 2 8 7 5060 5065 5061
8052 2 2 8 7 3072 3073 3075
8053 2 2 8 7 2168 2187 2186
8054 2 2 8 7 2488 2491 2507
8055 2 2 8 7 2168 2186 2175
8056 2 2 8 7 904 905 970
8057 2 2 8 7 3073 3102 3075
8058 2 2 8 7 5059 5065 5060
8059 2 2 8 7 2237 2239 2242
8060 2 2 8 7 4181 4185 4187
8061 2 2 8 7 4181 4182 4185
8062 2 2 8 7 1871 1912 1909
8063 2 2 8 7 2239 2241 2242
8064 2 2 8 7 4825 4826 4830
8065 2 2 8 7 2151 2153 2152
8066 2 2 8 7 4826 4829 4830
8067 2 2 8 7 903 904 970
8068 2 2 8 7 4887 4911 4888
8069 2 2 8 7 4141 4164 4166
8070 2 2 8 7 4164 4165 4166
8071 2 2 8 7 2151 2154 2153
8072 2 2 8 7 2535 2536 2541
8073 2 2 8 7 4888 4911 4912
8074 2 2 8 7 910 935 933
8075 2 2 8 7 1870 1871 1909
8076 2 2 8 7 2535 2541 2539
8077 2 2 8 7 5177 5178 5179
8078 2 2 8 7 5102 5103 5178
8079 2 2 8 7 910 933 937
8080 2 2 8 7 2212 2213 2221
8081 2 2 8 7 5101 5179 5178
8082 2 2 8 7 3224 3225 3228
8083 2 2 8 7 2213 2220 2221
8084 2 2 8 7 2092 2093 2205
8085 2 2 8 7 3219 3224 3228
8086 2 2 8 7 3244 3246 3247
8087 2 2 8 7 2557 2558 2623
8088 2 2 8 7 4130 4134 4135
8089 2 2 8 7 5101 5178 5103
8090 2 2 8 7 3145 3151 3148
8091 2 2 8 7 2090 2205 2093
8092 2 2 8 7 2558 2613 2623
8093 2 2 8 7 4885 5070 5069
8094 2 2 8 7 3238 3244 3247
8095 2 2 8 7 4130 4135 4136
8096 2 2 8 7 3145 3148 3147
8097 2 2 8 7 4885 5069 4890
8098 2 2 8 7 1983 2536 2535
8099 2 2 8 7 4866 4901 4904
8100 2 2 8 7 1887 1890 1965
8101 2 2 8 7 1120 1121 1129
8102 2 2 8 7 1983 2535 2534
8103 2 2 8 7 4901 4902 4904
8104 2 2 8 7 3849 3992 3971
8105 2 2 8 7 4861 4866 4904
8106 2 2 8 7 3849 3850 3992
8107 2 2 8 7 3112 3113 3115
8108 2 2 8 7 4902 4903 4904
8109 2 2 8 7 993 1004 998
8110 2 2 8 7 2518 2564 2524
8111 2 2 8 7 3174 3180 3183
8112 2 2 8 7 2099 2115 2112
8113 2 2 8 7 3180 3182 3183
8114 2 2 8 7 4980 5035 5036
8115 2 2 8 7 1887 1965 1967
8116 2 2 8 7 3112 3115 3114
8117 2 2 8 7 1084 1087 1086
8118 2 2 8 7 1076 1116 1114
8119 2 2 8 7 1084 1085 1087
8120 2 2 8 7 2444 2518 2517
8121 2 2 8 7 1840 1842 1843
8122 2 2 8 7 3225 3230 3229
8123 2 2 8 7 1073 1116 1076
8124 2 2 8 7 1120 1129 1128
8125 2 2 8 7 5013 5188 5189
8126 2 2 8 7 4980 5036 4988
8127 2 2 8 7 2443 2444 2517
8128 2 2 8 7 2024 2036 2050
8129 2 2 8 7 2547 2548 2550
8130 2 2 8 7 988 990 995
8131 2 2 8 7 2444 2564 2518
8132 2 2 8 7 3225 3229 3228
8133 2 2 8 7 2547 2550 2553
8134 2 2 8 7 1847 1848 1874
8135 2 2 8 7 988 995 989
8136 2 2 8 7 1847 1874 1852
8137 2 2 8 7 2099 2100 2115
8138 2 2 8 7 5013 5189 5151
8139 2 2 8 7 1836 1840 1843
8140 2 2 8 7 2062 2085 2089
8141 2 2 8 7 4015 4030 4017
8142 2 2 8 7 992 993 998
8143 2 2 8 7 1686 1834 1833
8144 2 2 8 7 1686 1833 1702
8145 2 2 8 7 4015 4039 4030
8146 2 2 8 7 4980 5046 5035
8147 2 2 8 7 4979 5046 4980
8148 2 2 8 7 4153 4159 4156
8149 2 2 8 7 2085 2088 2089
8150 2 2 8 7 2165 2170 2171
8151 2 2 8 7 4153 4156 4157
8152 2 2 8 7 2179 2180 2184
8153 2 2 8 7 2164 2170 2165
8154 2 2 8 7 2101 2103 2104
8155 2 2 8 7 2099 2103 2101
8156 2 2 8 7 5168 5171 5170
8157 2 2 8 7 2176 2179 2184
8158 2 2 8 7 2099 2101 2100
8159 2 2 8 7 2101 2104 2102
8160 2 2 8 7 3154 3157 3156
8161 2 2 8 7 2036 2049 2050
8162 2 2 8 7 4100 4103 4101
8163 2 2 8 7 2548 2549 2550
8164 2 2 8 7 3142 3157 3154
8165 2 2 8 7 1009 1019 1010
8166 2 2 8 7 4170 4174 4196
8167 2 2 8 7 1528 1529 1533
8168 2 2 8 7 2066 2067 2068
8169 2 2 8 7 3086 3088 3175
8170 2 2 8 7 5164 5171 5168
8171 2 2 8 7 917 1019 1009
8172 2 2 8 7 4100 4102 4103
8173 2 2 8 7 2066 2068 2075
8174 2 2 8 7 4020 4022 4023
8175 2 2 8 7 4020 4023 4026
8176 2 2 8 7 1902 1903 1916
8177 2 2 8 7 4170 4196 4256
8178 2 2 8 7 2549 2571 2550
8179 2 2 8 7 986 988 989
8180 2 2 8 7 1902 1916 1910
8181 2 2 8 7 3086 3087 3088
8182 2 2 8 7 974 986 989
8183 2 2 8 7 2007 2013 2011
8184 2 2 8 7 1135 1138 1137
8185 2 2 8 7 1135 1136 1138
8186 2 2 8 7 4453 4485 4456
8187 2 2 8 7 1030 1032 1031
8188 2 2 8 7 1029 1032 1030
8189 2 2 8 7 2007 2014 2013
8190 2 2 8 7 4871 4878 4875
8191 2 2 8 7 4875 4878 4876
8192 2 2 8 7 905 971 972
8193 2 2 8 7 5049 5050 5051
8194 2 2 8 7 1010 1019 1018
8195 2 2 8 7 2016 2018 2017
8196 2 2 8 7 3093 3420 3415
8197 2 2 8 7 905 972 970
8198 2 2 8 7 3995 3998 3996
8199 2 2 8 7 2016 2022 2018
8200 2 2 8 7 1018 1019 1020
8201 2 2 8 7 2557 2624 2625
8202 2 2 8 7 5012 5014 5188
8203 2 2 8 7 2567 2568 2574
8204 2 2 8 7 2447 2452 2586
8205 2 2 8 7 5043 5050 5049
8206 2 2 8 7 4023 4025 4026
8207 2 2 8 7 3996 3998 3999
8208 2 2 8 7 2559 2574 2568
8209 2 2 8 7 2226 2382 2227
8210 2 2 8 7 5012 5188 5013
8211 2 2 8 7 1971 1973 1972
8212 2 2 8 7 943 976 964
8213 2 2 8 7 2546 2547 2554
8214 2 2 8 7 4025 4027 4026
8215 2 2 8 7 2226 2384 2382
8216 2 2 8 7 5086 5087 5088
8217 2 2 8 7 1971 1974 1973
8218 2 2 8 7 971 986 974
8219 2 2 8 7 2547 2553 2554
8220 2 2 8 7 971 974 972
8221 2 2 8 7 2056 2079 2073
8222 2 2 8 7 5086 5088 5104
8223 2 2 8 7 5001 5004 5003
8224 2 2 8 7 977 983 982
8225 2 2 8 7 3093 3415 3414
8226 2 2 8 7 2557 2623 2624
8227 2 2 8 7 3255 3261 3260
8228 2 2 8 7 942 943 964
8229 2 2 8 7 977 978 983
8230 2 2 8 7 2027 2032 2029
8231 2 2 8 7 4998 5004 5001
8232 2 2 8 7 1926 1947 1927
8233 2 2 8 7 3252 3261 3255
8234 2 2 8 7 2056 2078 2079
8235 2 2 8 7 5143 5150 5149
8236 2 2 8 7 4231 4245 4246
8237 2 2 8 7 2452 2589 2586
8238 2 2 8 7 5024 5025 5031
8239 2 2 8 7 5086 5103 5102
8240 2 2 8 7 3201 3207 3215
8241 2 2 8 7 3233 3235 3270
8242 2 2 8 7 5025 5032 5031
8243 2 2 8 7 5086 5104 5103
8244 2 2 8 7 2029 2032 2033
8245 2 2 8 7 3168 3961 3963
8246 2 2 8 7 3961 3962 3963
8247 2 2 8 7 1927 1947 1948
8248 2 2 8 7 3233 3270 3272
8249 2 2 8 7 4999 5150 5143
8250 2 2 8 7 2007 2011 2008
8251 2 2 8 7 2111 2119 2114
8252 2 2 8 7 4257 4264 4258
8253 2 2 8 7 1121 1123 1125
8254 2 2 8 7 943 947 945
8255 2 2 8 7 2111 2116 2119
8256 2 2 8 7 1680 1681 1687
8257 2 2 8 7 3207 3209 3215
8258 2 2 8 7 4231 4232 4245
8259 2 2 8 7 1954 1956 1955
8260 2 2 8 7 2620 2622 2628
8261 2 2 8 7 2201 2202 2213
8262 2 2 8 7 4196 4197 4256
8263 2 2 8 7 1836 1841 1840
8264 2 2 8 7 1835 1841 1836
8265 2 2 8 7 2007 2008 2009
8266 2 2 8 7 1860 1867 1864
8267 2 2 8 7 4257 4263 4264
8268 2 2 8 7 1121 1125 1129
8269 2 2 8 7 2089 2091 2096
8270 2 2 8 7 2122 2124 2123
8271 2 2 8 7 4197 4254 4256
8272 2 2 8 7 942 947 943
8273 2 2 8 7 2193 2247 2194
8274 2 2 8 7 2013 2014 2016
8275 2 2 8 7 1954 1957 1956
8276 2 2 8 7 1860 1864 1863
8277 2 2 8 7 4193 4210 4208
8278 2 2 8 7 2575 2583 2585
8279 2 2 8 7 2014 2022 2016
8280 2 2 8 7 5165 5168 5167
8281 2 2 8 7 2540 2542 2546
8282 2 2 8 7 2583 2584 2585
8283 2 2 8 7 1679 1680 1687
8284 2 2 8 7 2619 2620 2628
8285 2 2 8 7 2080 2082 2083
8286 2 2 8 7 2202 2220 2213
8287 2 2 8 7 5164 5168 5165
8288 2 2 8 7 4192 4210 4193
8289 2 2 8 7 2193 2246 2247
8290 2 2 8 7 2088 2091 2089
8291 2 2 8 7 2540 2546 2554
8292 2 2 8 7 2229 2232 2233
8293 2 2 8 7 1944 1950 1947
8294 2 2 8 7 2510 2519 2520
8295 2 2 8 7 1925 1926 1927
8296 2 2 8 7 2558 2579 2614
8297 2 2 8 7 2123 2124 2126
8298 2 2 8 7 1826 1841 1828
8299 2 2 8 7 916 921 920
8300 2 2 8 7 2492 2499 2498
8301 2 2 8 7 1032 1033 1034
8302 2 2 8 7 1029 1033 1032
8303 2 2 8 7 4258 4265 4260
8304 2 2 8 7 1014 1015 1016
8305 2 2 8 7 1924 1925 1927
8306 2 2 8 7 2076 2081 2083
8307 2 2 8 7 3139 3140 3154
8308 2 2 8 7 1965 1966 1968
8309 2 2 8 7 3277 3286 3278
8310 2 2 8 7 1828 1841 1835
8311 2 2 8 7 2080 2409 2082
8312 2 2 8 7 2473 2474 2477
8313 2 2 8 7 2229 2254 2232
8314 2 2 8 7 3177 3182 3180
8315 2 2 8 7 4299 4300 4301
8316 2 2 8 7 913 921 916
8317 2 2 8 7 3964 3966 3978
8318 2 2 8 7 2492 2498 2493
8319 2 2 8 7 2558 2614 2613
8320 2 2 8 7 2226 2389 2383
8321 2 2 8 7 2509 2519 2510
8322 2 2 8 7 3140 3142 3154
8323 2 2 8 7 4292 4299 4301
8324 2 2 8 7 1014 1021 1015
8325 2 2 8 7 3294 3316 3295
8326 2 2 8 7 913 914 921
8327 2 2 8 7 4258 4264 4265
8328 2 2 8 7 2187 2188 2189
8329 2 2 8 7 3277 3285 3286
8330 2 2 8 7 4831 4832 4835
8331 2 2 8 7 1965 1968 1967
8332 2 2 8 7 919 920 921
8333 2 2 8 7 1993 1995 1998
8334 2 2 8 7 3966 3973 3978
8335 2 2 8 7 1002 1824 1823
8336 2 2 8 7 1073 1076 1075
8337 2 2 8 7 1947 1950 1948
8338 2 2 8 7 2472 2474 2473
8339 2 2 8 7 4832 4833 4835
8340 2 2 8 7 1992 1995 1993
8341 2 2 8 7 2508 2510 2511
8342 2 2 8 7 2080 2083 2081
8343 2 2 8 7 3177 3185 3182
8344 2 2 8 7 2168 2188 2187
8345 2 2 8 7 2575 2581 2576
8346 2 2 8 7 3831 3832 3972
8347 2 2 8 7 3295 3316 3317
8348 2 2 8 7 1002 1823 1822
8349 2 2 8 7 4191 4193 4194
8350 2 2 8 7 1072 1073 1075
8351 2 2 8 7 2447 2448 2452
8352 2 2 8 7 2508 2509 2510
8353 2 2 8 7 1847 1854 1850
8354 2 2 8 7 4191 4192 4193
8355 2 2 8 7 2616 2620 2619
8356 2 2 8 7 2226 2383 2384
8357 2 2 8 7 2616 2619 2638
8358 2 2 8 7 3985 3986 3988
8359 2 2 8 7 3974 3979 3977
8360 2 2 8 7 3974 3980 3979
8361 2 2 8 7 3974 3977 3978
8362 2 2 8 7 1847 1852 1854
8363 2 2 8 7 2575 2585 2581
8364 2 2 8 7 3986 3989 3988
8365 2 2 8 7 3973 3974 3978
8366 2 2 8 7 3832 3833 3972
8367 2 2 8 7 1042 1066 1059
8368 2 2 8 7 2060 2061 2062
8369 2 2 8 7 2448 2450 2452
8370 2 2 8 7 990 993 995
8371 2 2 8 7 1042 1059 1055
8372 2 2 8 7 3419 3425 3427
8373 2 2 8 7 2061 2085 2062
8374 2 2 8 7 3161 3167 3170
8375 2 2 8 7 4094 4096 4099
8376 2 2 8 7 2567 2572 2569
8377 2 2 8 7 931 938 952
8378 2 2 8 7 1909 1912 1914
8379 2 2 8 7 992 995 993
8380 2 2 8 7 2091 2093 2096
8381 2 2 8 7 3418 3419 3427
8382 2 2 8 7 1064 1068 1069
8383 2 2 8 7 1970 1972 1973
8384 2 2 8 7 1068 1070 1069
8385 2 2 8 7 1908 1909 1914
8386 2 2 8 7 1954 1960 1957
8387 2 2 8 7 4085 4086 4087
8388 2 2 8 7 4096 4098 4099
8389 2 2 8 7 2232 2248 2240
8390 2 2 8 7 3073 3103 3101
8391 2 2 8 7 2567 2574 2572
8392 2 2 8 7 3160 3167 3161
8393 2 2 8 7 2060 2066 2061
8394 2 2 8 7 5024 5028 5026
8395 2 2 8 7 2232 2255 2248
8396 2 2 8 7 1969 1970 1973
8397 2 2 8 7 2090 2093 2091
8398 2 2 8 7 3251 3255 3256
8399 2 2 8 7 5024 5031 5028
8400 2 2 8 7 4086 4088 4087
8401 2 2 8 7 1957 1960 1959
8402 2 2 8 7 4130 4133 4134
8403 2 2 8 7 3131 3148 3143
8404 2 2 8 7 1025 1026 1279
8405 2 2 8 7 2243 2245 2244
8406 2 2 8 7 1701 1833 1856
8407 2 2 8 7 931 952 932
8408 2 2 8 7 3251 3252 3255
8409 2 2 8 7 978 980 983
8410 2 2 8 7 2061 2066 2075
8411 2 2 8 7 1891 1895 1894
8412 2 2 8 7 5012 5019 5014
8413 2 2 8 7 4129 4133 4130
8414 2 2 8 7 5061 5067 5066
8415 2 2 8 7 1887 1891 1890
8416 2 2 8 7 1145 1148 1149
8417 2 2 8 7 2243 2249 2245
8418 2 2 8 7 1015 1031 1016
8419 2 2 8 7 2212 2219 2217
8420 2 2 8 7 1887 1895 1891
8421 2 2 8 7 1026 1275 1279
8422 2 2 8 7 4218 4222 4220
8423 2 2 8 7 3073 3101 3102
8424 2 2 8 7 2540 2541 2542
8425 2 2 8 7 3270 3271 3272
8426 2 2 8 7 2111 2112 2115
8427 2 2 8 7 3849 3971 3972
8428 2 2 8 7 1894 1897 1898
8429 2 2 8 7 4217 4222 4218
8430 2 2 8 7 5061 5065 5067
8431 2 2 8 7 5026 5028 5027
8432 2 2 8 7 4117 5083 5082
8433 2 2 8 7 5012 5016 5019
8434 2 2 8 7 1894 1895 1896
8435 2 2 8 7 1983 2534 1984
8436 2 2 8 7 3271 3274 3272
8437 2 2 8 7 4117 5092 5083
8438 2 2 8 7 2212 2221 2219
8439 2 2 8 7 2111 2115 2116
8440 2 2 8 7 4987 5036 4991
8441 2 2 8 7 978 979 980
8442 2 2 8 7 1984 2534 2004
8443 2 2 8 7 3178 3179 3194
8444 2 2 8 7 1701 1702 1833
8445 2 2 8 7 3833 3849 3972
8446 2 2 8 7 2539 2541 2540
8447 2 2 8 7 4892 4907 4899
8448 2 2 8 7 3131 3147 3148
8449 2 2 8 7 1015 1030 1031
8450 2 2 8 7 4053 4055 4054
8451 2 2 8 7 5018 5025 5020
8452 2 2 8 7 3178 3194 3193
8453 2 2 8 7 1894 1896 1897
8454 2 2 8 7 2498 2499 2500
8455 2 2 8 7 5027 5028 5054
8456 2 2 8 7 4052 4055 4053
8457 2 2 8 7 2508 2511 2514
8458 2 2 8 7 1145 1147 1148
8459 2 2 8 7 1092 1094 1096
8460 2 2 8 7 2497 2498 2500
8461 2 2 8 7 4987 4988 5036
8462 2 2 8 7 5018 5032 5025
8463 2 2 8 7 2507 2508 2514
8464 2 2 8 7 5042 5050 5043
8465 2 2 8 7 1826 1828 1827
8466 2 2 8 7 4037 4042 4040
8467 2 2 8 7 4853 4854 4856
8468 2 2 8 7 5042 5043 5044
8469 2 2 8 7 5069 5070 5071
8470 2 2 8 7 4892 4913 4907
8471 2 2 8 7 4853 4856 4855
8472 2 2 8 7 2140 2142 2143
8473 2 2 8 7 1092 1093 1094
8474 2 2 8 7 964 976 980
8475 2 2 8 7 918 1011 920
8476 2 2 8 7 4863 4864 4867
8477 2 2 8 7 2475 2476 2477
8478 2 2 8 7 1156 1157 1160
8479 2 2 8 7 3074 3076 3077
8480 2 2 8 7 1823 1824 1827
8481 2 2 8 7 4035 4042 4037
8482 2 2 8 7 4224 4231 4230
8483 2 2 8 7 2217 2219 2218
8484 2 2 8 7 964 980 979
8485 2 2 8 7 3074 3138 3076
8486 2 2 8 7 1827 1828 1830
8487 2 2 8 7 918 920 919
8488 2 2 8 7 1104 1105 1106
8489 2 2 8 7 4159 4160 4161
8490 2 2 8 7 5068 5069 5071
8491 2 2 8 7 4825 4833 4832
8492 2 2 8 7 2140 2143 2141
8493 2 2 8 7 1145 1149 1150
8494 2 2 8 7 2474 2475 2477
8495 2 2 8 7 3243 3254 3245
8496 2 2 8 7 2434 2437 2436
8497 2 2 8 7 3251 3256 3254
8498 2 2 8 7 1823 1827 1830
8499 2 2 8 7 5131 5134 5132
8500 2 2 8 7 1145 1150 1146
8501 2 2 8 7 4827 4875 4828
8502 2 2 8 7 4826 4827 4829
8503 2 2 8 7 4246 4248 4247
8504 2 2 8 7 3083 3088 3089
8505 2 2 8 7 3201 3202 3205
8506 2 2 8 7 4156 4159 4161
8507 2 2 8 7 2218 2219 2238
8508 2 2 8 7 1157 1158 1160
8509 2 2 8 7 3251 3254 3253
8510 2 2 8 7 2434 2436 2435
8511 2 2 8 7 4828 4875 4876
8512 2 2 8 7 5131 5133 5134
8513 2 2 8 7 4862 4864 4863
8514 2 2 8 7 1105 1107 1106
8515 2 2 8 7 3243 3253 3254
8516 2 2 8 7 4224 4232 4231
8517 2 2 8 7 4881 4882 4886
8518 2 2 8 7 4827 4828 4829
8519 2 2 8 7 2029 2033 2031
8520 2 2 8 7 4825 4830 4833
8521 2 2 8 7 3292 3294 3293
8522 2 2 8 7 1084 1086 1094
8523 2 2 8 7 1848 1873 1872
8524 2 2 8 7 4245 4248 4246
8525 2 2 8 7 3087 3089 3088
8526 2 2 8 7 4116 4119 4121
8527 2 2 8 7 3201 3205 3207
8528 2 2 8 7 1084 1094 1093
8529 2 2 8 7 5111 5112 5115
8530 2 2 8 7 3192 3194 3195
8531 2 2 8 7 4015 4017 4018
8532 2 2 8 7 5152 5189 5191
8533 2 2 8 7 4881 4886 4895
8534 2 2 8 7 5140 5145 5162
8535 2 2 8 7 1111 1113 1112
8536 2 2 8 7 1061 1065 1062
8537 2 2 8 7 1112 1113 1117
8538 2 2 8 7 5112 5114 5115
8539 2 2 8 7 4116 4121 4124
8540 2 2 8 7 3192 3193 3194
8541 2 2 8 7 1848 1872 1874
8542 2 2 8 7 3264 3269 3268
8543 2 2 8 7 5151 5189 5152
8544 2 2 8 7 3293 3294 3295
8545 2 2 8 7 2030 2031 2033
8546 2 2 8 7 3079 3082 3081
8547 2 2 8 7 2394 2408 2395
8548 2 2 8 7 1026 1273 1276
8549 2 2 8 7 4022 4097 4095
8550 2 2 8 7 4020 4097 4022
8551 2 2 8 7 4990 5005 4993
8552 2 2 8 7 3107 3120 3116
8553 2 2 8 7 2218 2239 2237
8554 2 2 8 7 3079 3081 3104
8555 2 2 8 7 1058 1059 1068
8556 2 2 8 7 1101 1104 1106
8557 2 2 8 7 1058 1065 1061
8558 2 2 8 7 4014 4015 4018
8559 2 2 8 7 1059 1066 1068
8560 2 2 8 7 3264 3266 3269
8561 2 2 8 7 4170 4175 4174
8562 2 2 8 7 1101 1106 1102
8563 2 2 8 7 2218 2238 2239
8564 2 2 8 7 5140 5146 5145
8565 2 2 8 7 1026 1276 1275
8566 2 2 8 7 4203 4206 4208
8567 2 2 8 7 5109 5111 5115
8568 2 2 8 7 4170 4171 4175
8569 2 2 8 7 3168 3169 3961
8570 2 2 8 7 2475 2482 2476
8571 2 2 8 7 2227 2381 2231
8572 2 2 8 7 4075 4078 4081
8573 2 2 8 7 4203 4208 4210
8574 2 2 8 7 3082 3083 3089
8575 2 2 8 7 4990 4993 4992
8576 2 2 8 7 5089 5094 5097
8577 2 2 8 7 2395 2408 2407
8578 2 2 8 7 2517 2520 2519
8579 2 2 8 7 4831 4835 4836
8580 2 2 8 7 3166 3961 3169
8581 2 2 8 7 3116 3120 3117
8582 2 2 8 7 3081 3082 3089
8583 2 2 8 7 2443 2517 2519
8584 2 2 8 7 5177 5180 5181
8585 2 2 8 7 1001 1002 1822
8586 2 2 8 7 5177 5179 5180
8587 2 2 8 7 1966 1970 1968
8588 2 2 8 7 4078 4079 4081
8589 2 2 8 7 1025 1280 1052
8590 2 2 8 7 5108 5109 5115
8591 2 2 8 7 4835 4839 4836
8592 2 2 8 7 2173 2175 2247
8593 2 2 8 7 2227 2382 2381
8594 2 2 8 7 3158 3162 3161
8595 2 2 8 7 5093 5097 5094
8596 2 2 8 7 4186 4188 4187
8597 2 2 8 7 1842 1844 1843
8598 2 2 8 7 2173 2174 2175
8599 2 2 8 7 3196 3197 3198
8600 2 2 8 7 3828 3834 3830
8601 2 2 8 7 2200 2202 2201
8602 2 2 8 7 901 904 903
8603 2 2 8 7 2475 2481 2482
8604 2 2 8 7 5152 5191 5155
8605 2 2 8 7 2138 2142 2140
8606 2 2 8 7 1025 1279 1280
8607 2 2 8 7 2143 2153 2154
8608 2 2 8 7 999 1001 1822
8609 2 2 8 7 5170 5171 5172
8610 2 2 8 7 1968 1970 1969
8611 2 2 8 7 5157 5172 5171
8612 2 2 8 7 4054 4055 4078
8613 2 2 8 7 901 903 902
8614 2 2 8 7 3160 3161 3162
8615 2 2 8 7 2076 2079 2081
8616 2 2 8 7 3196 3198 3220
8617 2 2 8 7 2141 2143 2154
8618 2 2 8 7 4055 4079 4078
8619 2 2 8 7 1984 2005 1987
8620 2 2 8 7 1092 1096 1095
8621 2 2 8 7 1843 1844 1853
8622 2 2 8 7 4185 4186 4187
8623 2 2 8 7 5087 5089 5088
8624 2 2 8 7 1984 2004 2005
8625 2 2 8 7 2200 2203 2202
8626 2 2 8 7 5152 5155 5156
8627 2 2 8 7 4877 4882 4881
8628 2 2 8 7 4900 4903 4902
8629 2 2 8 7 1091 1092 1095
8630 2 2 8 7 4127 4128 4323
8631 2 2 8 7 5088 5089 5097
8632 2 2 8 7 3830 3834 3835
8633 2 2 8 7 3826 3834 3828
8634 2 2 8 7 4296 4303 4302
8635 2 2 8 7 2183 2189 2188
8636 2 2 8 7 4085 4087 4092
8637 2 2 8 7 2078 2081 2079
8638 2 2 8 7 4296 4302 4300
8639 2 2 8 7 2138 2140 2139
8640 2 2 8 7 5038 5042 5039
8641 2 2 8 7 4877 4881 4879
8642 2 2 8 7 1677 1680 1679
8643 2 2 8 7 4294 5113 4298
8644 2 2 8 7 3826 3827 3834
8645 2 2 8 7 3260 3265 3263
8646 2 2 8 7 4900 4908 4903
8647 2 2 8 7 4201 4202 4205
8648 2 2 8 7 4127 4323 4306
8649 2 2 8 7 910 914 913
8650 2 2 8 7 1133 1134 1140
8651 2 2 8 7 3962 3965 3963
8652 2 2 8 7 1042 1046 1043
8653 2 2 8 7 4186 4189 4188
8654 2 2 8 7 2047 2050 2051
8655 2 2 8 7 1671 1677 1679
8656 2 2 8 7 2121 2125 2122
8657 2 2 8 7 2183 2188 2185
8658 2 2 8 7 1042 1048 1046
8659 2 2 8 7 910 937 914
8660 2 2 8 7 4087 4089 4092
8661 2 2 8 7 3981 3989 3986
8662 2 2 8 7 2121 2138 2125
8663 2 2 8 7 3260 3261 3265
8664 2 2 8 7 1872 1873 1882
8665 2 2 8 7 1859 1860 1862
8666 2 2 8 7 2432 2456 2433
8667 2 2 8 7 4201 4205 4204
8668 2 2 8 7 4294 4295 5113
8669 2 2 8 7 4186 4190 4189
8670 2 2 8 7 2172 2174 2173
8671 2 2 8 7 3962 3968 3965
8672 2 2 8 7 5039 5042 5044
8673 2 2 8 7 2122 2125 2124
8674 2 2 8 7 5066 5067 5071
8675 2 2 8 7 3315 3318 3316
8676 2 2 8 7 2171 2174 2172
8677 2 2 8 7 4120 4122 4121
8678 2 2 8 7 2049 2051 2050
8679 2 2 8 7 3981 3990 3989
8680 2 2 8 7 1897 1903 1898
8681 2 2 8 7 1872 1882 1879
8682 2 2 8 7 1137 1138 1157
8683 2 2 8 7 4849 4853 4855
8684 2 2 8 7 1860 1863 1862
8685 2 2 8 7 3189 3432 3428
8686 2 2 8 7 5067 5068 5071
8687 2 2 8 7 3094 3095 3097
8688 2 2 8 7 3243 3245 3246
8689 2 2 8 7 1133 1140 1141
8690 2 2 8 7 2125 2138 2139
8691 2 2 8 7 4121 4122 4124
8692 2 2 8 7 1138 1158 1157
8693 2 2 8 7 4075 4081 4082
8694 2 2 8 7 1897 1916 1903
8695 2 2 8 7 4094 4095 4096
8696 2 2 8 7 3093 3095 3094
8697 2 2 8 7 925 926 927
8698 2 2 8 7 2018 2025 2019
8699 2 2 8 7 3316 3318 3317
8700 2 2 8 7 3095 3096 3097
8701 2 2 8 7 4163 4260 4265
8702 2 2 8 7 2026 2032 2027
8703 2 2 8 7 4135 4137 4136
8704 2 2 8 7 1105 1111 1112
8705 2 2 8 7 2559 2565 2561
8706 2 2 8 7 3243 3246 3244
8707 2 2 8 7 2559 2561 2560
8708 2 2 8 7 5107 5109 5128
8709 2 2 8 7 3189 3431 3432
8710 2 2 8 7 4095 4097 4096
8711 2 2 8 7 4164 4175 4165
8712 2 2 8 7 2019 2025 2020
8713 2 2 8 7 2432 2457 2456
8714 2 2 8 7 2560 2561 2587
8715 2 2 8 7 2560 2587 2583
8716 2 2 8 7 3096 3099 3097
8717 2 2 8 7 3303 3308 3307
8718 2 2 8 7 4849 4855 4851
8719 2 2 8 7 1085 1088 1087
8720 2 2 8 7 3302 3309 3308
8721 2 2 8 7 3093 3414 3095
8722 2 2 8 7 1105 1112 1107
8723 2 2 8 7 4080 4082 4081
8724 2 2 8 7 4136 4137 4146
8725 2 2 8 7 4165 4175 4171
8726 2 2 8 7 5108 5128 5109
8727 2 2 8 7 2024 2031 2036
8728 2 2 8 7 4162 4163 4265
8729 2 2 8 7 2026 2615 2636
8730 2 2 8 7 1082 1088 1085
8731 2 2 8 7 3303 3307 3305
8732 2 2 8 7 925 927 1258
8733 2 2 8 7 3278 3282 3280
8734 2 2 8 7 2525 2565 2566
8735 2 2 8 7 4221 4223 4227
8736 2 2 8 7 3302 3308 3303
8737 2 2 8 7 2026 2637 2032
8738 2 2 8 7 1146 1150 1152
8739 2 2 8 7 928 930 931
8740 2 2 8 7 3096 3100 3099
8741 2 2 8 7 4890 4891 4895
8742 2 2 8 7 3979 3980 3981
8743 2 2 8 7 4891 4894 4895
8744 2 2 8 7 1115 1121 1119
8745 2 2 8 7 1095 1101 1102
8746 2 2 8 7 3984 4009 4008
8747 2 2 8 7 2390 2391 2396
8748 2 2 8 7 2485 2491 2490
8749 2 2 8 7 2485 2487 2491
8750 2 2 8 7 2489 2492 2490
8751 2 2 8 7 1683 1832 1831
8752 2 2 8 7 1119 1121 1120
8753 2 2 8 7 2525 2563 2565
8754 2 2 8 7 1922 1923 1930
8755 2 2 8 7 5180 5182 5181
8756 2 2 8 7 2615 2616 2636
8757 2 2 8 7 1683 1831 1834
8758 2 2 8 7 2104 2179 2176
8759 2 2 8 7 3980 3990 3981
8760 2 2 8 7 2391 2395 2396
8761 2 2 8 7 2030 2036 2031
8762 2 2 8 7 1262 1266 1265
8763 2 2 8 7 1146 1152 1159
8764 2 2 8 7 3984 4010 4009
8765 2 2 8 7 1091 1095 1102
8766 2 2 8 7 3964 3965 3966
8767 2 2 8 7 3278 3286 3282
8768 2 2 8 7 2082 2408 2394
8769 2 2 8 7 2102 2104 2176
8770 2 2 8 7 1952 1955 1956
8771 2 2 8 7 1867 1868 1869
8772 2 2 8 7 3221 3222 3224
8773 2 2 8 7 4223 4225 4227
8774 2 2 8 7 4197 4202 4201
8775 2 2 8 7 928 931 932
8776 2 2 8 7 2026 2636 2637
8777 2 2 8 7 1262 1265 1263
8778 2 2 8 7 2622 2626 2628
8779 2 2 8 7 4038 4042 4045
8780 2 2 8 7 3219 3221 3224
8781 2 2 8 7 5027 5055 5057
8782 2 2 8 7 4042 4043 4045
8783 2 2 8 7 5143 5149 5148
8784 2 2 8 7 2090 2390 2205
8785 2 2 8 7 4025 4029 4028
8786 2 2 8 7 2490 2492 2493
8787 2 2 8 7 4116 4303 4117
8788 2 2 8 7 903 970 969
8789 2 2 8 7 968 969 970
8790 2 2 8 7 4197 4201 4254
8791 2 2 8 7 5143 5148 5144
8792 2 2 8 7 5166 5182 5180
8793 2 2 8 7 2090 2391 2390
8794 2 2 8 7 2552 2557 2555
8795 2 2 8 7 4117 4303 4296
8796 2 2 8 7 2616 2638 2636
8797 2 2 8 7 2552 2558 2557
8798 2 2 8 7 3965 3968 3966
8799 2 2 8 7 4888 4894 4891
8800 2 2 8 7 3156 3162 3158
8801 2 2 8 7 918 1009 1011
8802 2 2 8 7 4038 4044 4039
8803 2 2 8 7 3072 3075 3077
8804 2 2 8 7 4025 4028 4027
8805 2 2 8 7 4888 4892 4894
8806 2 2 8 7 2240 2249 2241
8807 2 2 8 7 2495 2496 2497
8808 2 2 8 7 5027 5054 5055
8809 2 2 8 7 4038 4045 4044
8810 2 2 8 7 3156 3157 3162
8811 2 2 8 7 1864 1867 1869
8812 2 2 8 7 3079 3101 3103
8813 2 2 8 7 2082 2409 2408
8814 2 2 8 7 1923 1931 1930
8815 2 2 8 7 2494 2496 2495
8816 2 2 8 7 3074 3077 3075
8817 2 2 8 7 2436 2439 2487
8818 2 2 8 7 1115 1117 1116
8819 2 2 8 7 3233 3234 3235
8820 2 2 8 7 3188 3436 3189
8821 2 2 8 7 5101 5103 5106
8822 2 2 8 7 1949 1952 1956
8823 2 2 8 7 4203 4205 4206
8824 2 2 8 7 917 1009 918
8825 2 2 8 7 2626 2627 2628
8826 2 2 8 7 3198 3222 3221
8827 2 2 8 7 2240 2248 2249
8828 2 2 8 7 2436 2487 2486
8829 2 2 8 7 2439 2507 2491
8830 2 2 8 7 1115 1119 1117
8831 2 2 8 7 5100 5101 5106
8832 2 2 8 7 3076 3140 3139
8833 2 2 8 7 5112 5113 5114
8834 2 2 8 7 2439 2491 2487
8835 2 2 8 7 5018 5020 5019
8836 2 2 8 7 4160 4163 4161
8837 2 2 8 7 3079 3104 3101
8838 2 2 8 7 4203 4204 4205
8839 2 2 8 7 2200 2208 2206
8840 2 2 8 7 3198 3221 3220
8841 2 2 8 7 3189 3436 3431
8842 2 2 8 7 3076 3138 3140
8843 2 2 8 7 4993 5005 5003
8844 2 2 8 7 4239 4249 4250
8845 2 2 8 7 5147 5171 5164
8846 2 2 8 7 5037 5038 5039
8847 2 2 8 7 3988 4011 4010
8848 2 2 8 7 4220 4223 4221
8849 2 2 8 7 3190 3192 3196
8850 2 2 8 7 3987 4011 3988
8851 2 2 8 7 3190 3191 3192
8852 2 2 8 7 3418 3421 3419
8853 2 2 8 7 3232 3234 3233
8854 2 2 8 7 3825 3827 3826
8855 2 2 8 7 5147 5164 5163
8856 2 2 8 7 3996 3999 4003
8857 2 2 8 7 2433 2456 2449
8858 2 2 8 7 1033 1035 1034
8859 2 2 8 7 2200 2206 2203
8860 2 2 8 7 2579 2580 2614
8861 2 2 8 7 4295 5114 5113
8862 2 2 8 7 5100 5106 5107
8863 2 2 8 7 5016 5018 5019
8864 2 2 8 7 4878 4879 4896
8865 2 2 8 7 4008 4009 4018
8866 2 2 8 7 4993 5003 5004
8867 2 2 8 7 3417 3421 3418
8868 2 2 8 7 4140 4147 4142
8869 2 2 8 7 4028 4029 4031
8870 2 2 8 7 4101 4103 4109
8871 2 2 8 7 4161 4163 4162
8872 2 2 8 7 4220 4222 4223
8873 2 2 8 7 2449 2456 2451
8874 2 2 8 7 5100 5107 5130
8875 2 2 8 7 5091 5096 5093
8876 2 2 8 7 4879 4898 4896
8877 2 2 8 7 3190 3212 3191
8878 2 2 8 7 1035 1061 1062
8879 2 2 8 7 3188 3191 3212
8880 2 2 8 7 3999 4000 4003
8881 2 2 8 7 3149 3821 3824
8882 2 2 8 7 2549 2569 2572
8883 2 2 8 7 5037 5039 5040
8884 2 2 8 7 4009 4014 4018
8885 2 2 8 7 2149 2158 2150
8886 2 2 8 7 4028 4031 4044
8887 2 2 8 7 4140 4144 4147
8888 2 2 8 7 3819 3827 3825
8889 2 2 8 7 2193 2244 2245
8890 2 2 8 7 2205 2390 2206
8891 2 2 8 7 4103 4107 4109
8892 2 2 8 7 4239 4250 4241
8893 2 2 8 7 1878 1913 1879
8894 2 2 8 7 1033 1060 1035
8895 2 2 8 7 4099 4102 4100
8896 2 2 8 7 5093 5096 5095
8897 2 2 8 7 3173 3174 3183
8898 2 2 8 7 2444 2446 2564
8899 2 2 8 7 1259 1263 1264
8900 2 2 8 7 5130 5133 5131
8901 2 2 8 7 2390 2396 2392
8902 2 2 8 7 2206 2390 2392
8903 2 2 8 7 2553 2555 2554
8904 2 2 8 7 2549 2572 2571
8905 2 2 8 7 1994 2068 2067
8906 2 2 8 7 1035 1060 1061
8907 2 2 8 7 1992 1994 1995
8908 2 2 8 7 2444 2445 2446
8909 2 2 8 7 2552 2555 2553
8910 2 2 8 7 2072 2073 2074
8911 2 2 8 7 1877 1879 1913
8912 2 2 8 7 3085 3173 3183
8913 2 2 8 7 2392 2396 2393
8914 2 2 8 7 2580 2582 2614
8915 2 2 8 7 2193 2245 2246
8916 2 2 8 7 2068 2072 2075
8917 2 2 8 7 4098 4102 4099
8918 2 2 8 7 5165 5167 5182
8919 2 2 8 7 4144 4166 4167
8920 2 2 8 7 4144 4167 4145
8921 2 2 8 7 2020 2025 2024
8922 2 2 8 7 3268 3269 3271
8923 2 2 8 7 3149 3820 3821
8924 2 2 8 7 5147 5163 5148
8925 2 2 8 7 2002 2009 2005
8926 2 2 8 7 2073 2079 2074
8927 2 2 8 7 981 1678 1673
8928 2 2 8 7 1992 2069 1994
8929 2 2 8 7 2150 2158 2157
8930 2 2 8 7 2255 2256 2257
8931 2 2 8 7 1994 2069 2068
8932 2 2 8 7 2072 2074 2075
8933 2 2 8 7 5129 5133 5130
8934 2 2 8 7 4863 4867 4866
8935 2 2 8 7 3269 3274 3271
8936 2 2 8 7 3167 3169 3170
8937 2 2 8 7 5052 5059 5055
8938 2 2 8 7 1259 1260 1263
8939 2 2 8 7 2020 2024 2050
8940 2 2 8 7 3142 3152 3157
8941 2 2 8 7 5145 5148 5163
8942 2 2 8 7 2002 2003 2009
8943 2 2 8 7 3141 3152 3142
8944 2 2 8 7 970 972 975
8945 2 2 8 7 5052 5058 5059
8946 2 2 8 7 5165 5182 5166
8947 2 2 8 7 2147 2152 2148
8948 2 2 8 7 968 970 975
8949 2 2 8 7 2252 2256 2255
8950 2 2 8 7 3141 3151 3152
8951 2 2 8 7 3166 3169 3167
8952 2 2 8 7 2234 2241 2239
8953 2 2 8 7 2006 2014 2007
8954 2 2 8 7 2484 2487 2485
8955 2 2 8 7 2234 2240 2241
8956 2 2 8 7 3141 3148 3151
8957 2 2 8 7 2148 2152 2153
8958 2 2 8 7 4861 4863 4866
8959 2 2 8 7 2006 2028 2014
8960 2 2 8 7 5078 5083 5091
8961 2 2 8 7 981 1673 1674
8962 2 2 8 7 2484 2486 2487
8963 2 2 8 7 4854 4864 4856
8964 2 2 8 7 1014 1018 1020
8965 2 2 8 7 4889 4890 5069
8966 2 2 8 7 3425 3429 3427
8967 2 2 8 7 3146 3149 3150
8968 2 2 8 7 1044 1125 1123
8969 2 2 8 7 1915 1922 1930
8970 2 2 8 7 4127 4307 4305
8971 2 2 8 7 1878 1910 1911
8972 2 2 8 7 3113 3116 3115
8973 2 2 8 7 5083 5092 5091
8974 2 2 8 7 1878 1911 1913
8975 2 2 8 7 2149 2169 2167
8976 2 2 8 7 4889 4891 4890
8977 2 2 8 7 977 982 981
8978 2 2 8 7 1923 1925 1924
8979 2 2 8 7 922 929 926
8980 2 2 8 7 2477 2496 2494
8981 2 2 8 7 926 929 930
8982 2 2 8 7 917 1266 1019
8983 2 2 8 7 1844 1850 1854
8984 2 2 8 7 1014 1020 1021
8985 2 2 8 7 2117 2122 2118
8986 2 2 8 7 2116 2118 2119
8987 2 2 8 7 2149 2167 2170
8988 2 2 8 7 1828 1835 1831
8989 2 2 8 7 2473 2477 2494
8990 2 2 8 7 900 901 902
8991 2 2 8 7 2116 2117 2118
8992 2 2 8 7 1828 1831 1832
8993 2 2 8 7 1073 1122 1116
8994 2 2 8 7 917 1265 1266
8995 2 2 8 7 2233 2240 2234
8996 2 2 8 7 2118 2122 2123
8997 2 2 8 7 1115 1116 1122
8998 2 2 8 7 3182 3423 3183
8999 2 2 8 7 998 1004 1001
9000 2 2 8 7 3182 3424 3423
9001 2 2 8 7 2232 2240 2233
9002 2 2 8 7 2147 2176 2184
9003 2 2 8 7 4137 4142 4147
9004 2 2 8 7 933 939 937
9005 2 2 8 7 1974 1978 1975
9006 2 2 8 7 4127 4306 4307
9007 2 2 8 7 1911 1917 1914
9008 2 2 8 7 5156 5157 5158
9009 2 2 8 7 3115 3116 3117
9010 2 2 8 7 2147 2148 2176
9011 2 2 8 7 3146 3820 3149
9012 2 2 8 7 2167 2174 2170
9013 2 2 8 7 4856 4864 4862
9014 2 2 8 7 1914 1917 1915
9015 2 2 8 7 2170 2174 2171
9016 2 2 8 7 1975 1978 1976
9017 2 2 8 7 1907 1915 1930
9018 2 2 8 7 998 1001 999
9019 2 2 8 7 2535 2539 2621
9020 2 2 8 7 4102 4104 4103
9021 2 2 8 7 1044 1045 1125
9022 2 2 8 7 5153 5156 5158
9023 2 2 8 7 900 902 934
9024 2 2 8 7 1052 1280 1053
9025 2 2 8 7 1844 1854 1853
9026 2 2 8 7 2167 2168 2175
9027 2 2 8 7 900 933 935
9028 2 2 8 7 2167 2175 2174
9029 2 2 8 7 1923 1924 1931
9030 2 2 8 7 977 981 1674
9031 2 2 8 7 3426 3427 3429
9032 2 2 8 7 4084 4104 4102
9033 2 2 8 7 1120 1140 1134
9034 2 2 8 7 936 937 939
9035 2 2 8 7 2538 2621 2539
9036 2 2 8 7 4137 4147 4146
9037 2 2 8 7 1084 1151 1085
9038 2 2 8 7 1083 1085 1151
9039 2 2 8 7 2446 2563 2564
9040 2 2 8 7 3302 3311 3309
9041 2 2 8 7 1120 1128 1140
9042 2 2 8 7 3146 3150 3151
9043 2 2 8 7 900 934 933
9044 2 2 8 7 3111 3112 3114
9045 2 2 8 7 972 974 975
9046 2 2 8 7 973 975 974
9047 2 2 8 7 4887 4891 4889
9048 2 2 8 7 4189 4191 4194
9049 2 2 8 7 4120 4133 4122
9050 2 2 8 7 1954 1975 1976
9051 2 2 8 7 3145 3146 3151
9052 2 2 8 7 1050 1055 1056
9053 2 2 8 7 3110 3111 3114
9054 2 2 8 7 1028 1029 1030
9055 2 2 8 7 1954 1976 1960
9056 2 2 8 7 4887 4888 4891
9057 2 2 8 7 1152 1156 1160
9058 2 2 8 7 4003 4005 4004
9059 2 2 8 7 1024 1028 1030
9060 2 2 8 7 3086 3175 3173
9061 2 2 8 7 2083 2086 2084
9062 2 2 8 7 2443 2445 2444
9063 2 2 8 7 1051 1053 1280
9064 2 2 8 7 5000 5002 5150
9065 2 2 8 7 3219 3228 3226
9066 2 2 8 7 4191 4228 4192
9067 2 2 8 7 2446 2562 2563
9068 2 2 8 7 989 995 994
9069 2 2 8 7 2230 2231 2381
9070 2 2 8 7 4192 4228 4229
9071 2 2 8 7 2442 2445 2443
9072 2 2 8 7 3290 3291 3297
9073 2 2 8 7 1877 1913 1912
9074 2 2 8 7 968 975 976
9075 2 2 8 7 940 969 945
9076 2 2 8 7 940 945 944
9077 2 2 8 7 3218 3219 3226
9078 2 2 8 7 936 939 938
9079 2 2 8 7 984 989 994
9080 2 2 8 7 4189 4190 4191
9081 2 2 8 7 2082 2086 2083
9082 2 2 8 7 2101 2102 2144
9083 2 2 8 7 3086 3091 3087
9084 2 2 8 7 3085 3086 3173
9085 2 2 8 7 4122 4133 4129
9086 2 2 8 7 4866 4869 4897
9087 2 2 8 7 2102 2145 2144
9088 2 2 8 7 2018 2022 2025
9089 2 2 8 7 3302 3319 3311
9090 2 2 8 7 5008 5013 5151
9091 2 2 8 7 1049 1055 1050
9092 2 2 8 7 943 968 976
9093 2 2 8 7 3311 3318 3315
9094 2 2 8 7 2006 2027 2028
9095 2 2 8 7 4866 4897 4901
9096 2 2 8 7 4015 4041 4039
9097 2 2 8 7 2022 2023 2025
9098 2 2 8 7 5007 5008 5151
9099 2 2 8 7 5161 5164 5165
9100 2 2 8 7 4130 4136 4131
9101 2 2 8 7 4000 4005 4003
9102 2 2 8 7 4038 4039 4041
9103 2 2 8 7 1871 1877 1912
9104 2 2 8 7 982 984 994
9105 2 2 8 7 2027 2029 2028
9106 2 2 8 7 4131 4136 4132
9107 2 2 8 7 2021 2048 2071
9108 2 2 8 7 1152 1160 1159
9109 2 2 8 7 3087 3091 3092
9110 2 2 8 7 931 936 938
9111 2 2 8 7 2166 2172 2258
9112 2 2 8 7 3140 3144 3142
9113 2 2 8 7 5161 5163 5164
9114 2 2 8 7 982 983 984
9115 2 2 8 7 914 929 921
9116 2 2 8 7 921 929 922
9117 2 2 8 7 1993 2019 2021
9118 2 2 8 7 3991 3998 3995
9119 2 2 8 7 2021 2047 2048
9120 2 2 8 7 5003 5008 5007
9121 2 2 8 7 4999 5000 5150
9122 2 2 8 7 1673 1678 1677
9123 2 2 8 7 5051 5058 5052
9124 2 2 8 7 4294 4298 4299
9125 2 2 8 7 3291 3298 3297
9126 2 2 8 7 3141 3142 3144
9127 2 2 8 7 973 984 983
9128 2 2 8 7 4192 4243 4210
9129 2 2 8 7 3311 3319 3318
9130 2 2 8 7 4247 4248 4250
9131 2 2 8 7 4182 4184 4185
9132 2 2 8 7 5001 5003 5007
9133 2 2 8 7 2228 2230 2381
9134 2 2 8 7 2432 2437 2434
9135 2 2 8 7 2019 2020 2021
9136 2 2 8 7 4182 4183 4184
9137 2 2 8 7 973 983 980
9138 2 2 8 7 1115 1122 1123
9139 2 2 8 7 5050 5058 5051
9140 2 2 8 7 2586 2588 2587
9141 2 2 8 7 4192 4229 4243
9142 2 2 8 7 5030 5034 5035
9143 2 2 8 7 1910 1916 1917
9144 2 2 8 7 945 969 968
9145 2 2 8 7 1945 1967 1968
9146 2 2 8 7 1852 1874 1875
9147 2 2 8 7 1831 1837 1833
9148 2 2 8 7 1115 1123 1121
9149 2 2 8 7 5034 5036 5035
9150 2 2 8 7 5103 5104 5106
9151 2 2 8 7 1910 1917 1911
9152 2 2 8 7 1851 1852 1875
9153 2 2 8 7 2559 2573 2574
9154 2 2 8 7 1831 1833 1834
9155 2 2 8 7 2559 2560 2573
9156 2 2 8 7 1887 1967 1920
9157 2 2 8 7 2166 2258 2259
9158 2 2 8 7 4170 4256 4259
9159 2 2 8 7 4229 4246 4243
9160 2 2 8 7 1671 1673 1677
9161 2 2 8 7 3141 3144 3143
9162 2 2 8 7 4292 4294 4299
9163 2 2 8 7 1945 1946 1967
9164 2 2 8 7 973 976 975
9165 2 2 8 7 943 945 968
9166 2 2 8 7 3108 3112 3137
9167 2 2 8 7 3108 3113 3112
9168 2 2 8 7 3991 3997 3998
9169 2 2 8 7 1024 1025 1028
9170 2 2 8 7 1683 1685 1684
9171 2 2 8 7 2100 2120 2115
9172 2 2 8 7 5104 5105 5106
9173 2 2 8 7 973 980 976
9174 2 2 8 7 3229 3230 3234
9175 2 2 8 7 5000 5001 5002
9176 2 2 8 7 2550 2551 2553
9177 2 2 8 7 4828 4876 4869
9178 2 2 8 7 1024 1026 1025
9179 2 2 8 7 4255 4259 4256
9180 2 2 8 7 4869 4876 4897
9181 2 2 8 7 1920 1967 1946
9182 2 2 8 7 1953 1975 1955
9183 2 2 8 7 2534 2535 2621
9184 2 2 8 7 3423 3424 3425
9185 2 2 8 7 4229 4231 4246
9186 2 2 8 7 974 989 984
9187 2 2 8 7 1837 1838 1856
9188 2 2 8 7 5047 5049 5051
9189 2 2 8 7 2551 2552 2553
9190 2 2 8 7 2076 2084 2077
9191 2 2 8 7 2445 2447 2446
9192 2 2 8 7 2100 2137 2120
9193 2 2 8 7 3419 3423 3425
9194 2 2 8 7 2224 2225 2389
9195 2 2 8 7 4241 4250 4248
9196 2 2 8 7 973 974 984
9197 2 2 8 7 2586 2589 2588
9198 2 2 8 7 2432 2434 2457
9199 2 2 8 7 1992 1993 2071
9200 2 2 8 7 3141 3143 3148
9201 2 2 8 7 3263 3265 3264
9202 2 2 8 7 1836 1843 1838
9203 2 2 8 7 2534 2621 2617
9204 2 2 8 7 1954 1955 1975
9205 2 2 8 7 2446 2447 2562
9206 2 2 8 7 2220 2223 2221
9207 2 2 8 7 2442 2448 2445
9208 2 2 8 7 2048 2052 2053
9209 2 2 8 7 2061 2077 2085
9210 2 2 8 7 1887 1920 1895
9211 2 2 8 7 3212 3213 3435
9212 2 2 8 7 1993 2021 2071
9213 2 2 8 7 2220 2224 2223
9214 2 2 8 7 1895 1920 1921
9215 2 2 8 7 4896 4898 4902
9216 2 2 8 7 2076 2083 2084
9217 2 2 8 7 4050 4058 4051
9218 2 2 8 7 4183 4218 4184
9219 2 2 8 7 3229 3234 3232
9220 2 2 8 7 4184 4218 4220
9221 2 2 8 7 4084 4085 4104
9222 2 2 8 7 1833 1837 1856
9223 2 2 8 7 2560 2575 2573
9224 2 2 8 7 3091 3420 3092
9225 2 2 8 7 2560 2583 2575
9226 2 2 8 7 2445 2448 2447
9227 2 2 8 7 1069 1070 1075
9228 2 2 8 7 1978 1980 2113
9229 2 2 8 7 2555 2625 2556
9230 2 2 8 7 4998 5001 5000
9231 2 2 8 7 2442 2449 2448
9232 2 2 8 7 2084 2088 2085
9233 2 2 8 7 2004 2534 2617
9234 2 2 8 7 1836 1838 1837
9235 2 2 8 7 5029 5030 5046
9236 2 2 8 7 2077 2084 2085
9237 2 2 8 7 2004 2617 2618
9238 2 2 8 7 2224 2389 2226
9239 2 2 8 7 2540 2554 2556
9240 2 2 8 7 4896 4901 4897
9241 2 2 8 7 1920 1925 1921
9242 2 2 8 7 4084 4086 4085
9243 2 2 8 7 5030 5035 5046
9244 2 2 8 7 1920 1926 1925
9245 2 2 8 7 5088 5110 5104
9246 2 2 8 7 4302 4304 4309
9247 2 2 8 7 4896 4902 4901
9248 2 2 8 7 4898 4900 4902
9249 2 2 8 7 4148 4322 4149
9250 2 2 8 7 2115 2120 2116
9251 2 2 8 7 2116 2120 2117
9252 2 2 8 7 3211 3213 3216
9253 2 2 8 7 3966 3969 3973
9254 2 2 8 7 2554 2555 2556
9255 2 2 8 7 2168 2169 2188
9256 2 2 8 7 1911 1912 1913
9257 2 2 8 7 5104 5110 5105
9258 2 2 8 7 3264 3265 3266
9259 2 2 8 7 4836 4839 4837
9260 2 2 8 7 2555 2557 2625
9261 2 2 8 7 1684 1685 1688
9262 2 2 8 7 2084 2086 2088
9263 2 2 8 7 4834 4852 4853
9264 2 2 8 7 1868 1871 1869
9265 2 2 8 7 902 903 969
9266 2 2 8 7 5047 5048 5049
9267 2 2 8 7 1070 1072 1075
9268 2 2 8 7 3111 3131 3143
9269 2 2 8 7 2052 2054 2053
9270 2 2 8 7 5149 5153 5158
9271 2 2 8 7 4852 4854 4853
9272 2 2 8 7 2447 2586 2562
9273 2 2 8 7 1911 1914 1912
9274 2 2 8 7 4107 4110 4109
9275 2 2 8 7 902 969 940
9276 2 2 8 7 3092 3420 3093
9277 2 2 8 7 5050 5064 5058
9278 2 2 8 7 2223 2224 2227
9279 2 2 8 7 2256 2258 2257
9280 2 2 8 7 4051 4052 4053
9281 2 2 8 7 5042 5064 5050
9282 2 2 8 7 2167 2169 2168
9283 2 2 8 7 5059 5064 5065
9284 2 2 8 7 3969 3970 3973
9285 2 2 8 7 3201 3218 3226
9286 2 2 8 7 4128 4131 4132
9287 2 2 8 7 2224 2226 2227
9288 2 2 8 7 2150 2151 2152
9289 2 2 8 7 4051 4058 4059
9290 2 2 8 7 2202 2225 2220
9291 2 2 8 7 4043 4058 4050
9292 2 2 8 7 4128 4132 4149
9293 2 2 8 7 4026 4027 4048
9294 2 2 8 7 4145 4167 4159
9295 2 2 8 7 2551 2579 2552
9296 2 2 8 7 5149 5150 5153
9297 2 2 8 7 3210 3435 3213
9298 2 2 8 7 5058 5064 5059
9299 2 2 8 7 5038 5063 5064
9300 2 2 8 7 4165 4168 4166
9301 2 2 8 7 3201 3215 3218
9302 2 2 8 7 3987 3988 3989
9303 2 2 8 7 3110 3131 3111
9304 2 2 8 7 5161 5162 5163
9305 2 2 8 7 3987 3989 3994
9306 2 2 8 7 992 998 996
9307 2 2 8 7 4145 4159 4153
9308 2 2 8 7 2229 2233 2230
9309 2 2 8 7 4304 4308 4309
9310 2 2 8 7 925 1259 1264
9311 2 2 8 7 4166 4168 4167
9312 2 2 8 7 4255 4260 4259
9313 2 2 8 7 3233 3272 3279
9314 2 2 8 7 4038 4041 4040
9315 2 2 8 7 2552 2579 2558
9316 2 2 8 7 4160 4167 4168
9317 2 2 8 7 4027 4047 4048
9318 2 2 8 7 2624 2626 2625
9319 2 2 8 7 3211 3216 3215
9320 2 2 8 7 1920 1946 1926
9321 2 2 8 7 3251 3314 3252
9322 2 2 8 7 2220 2225 2224
9323 2 2 8 7 3099 3120 3107
9324 2 2 8 7 3101 3106 3102
9325 2 2 8 7 3272 3273 3279
9326 2 2 8 7 3210 3213 3211
9327 2 2 8 7 5030 5031 5032
9328 2 2 8 7 4159 4167 4160
9329 2 2 8 7 3831 3970 3969
9330 2 2 8 7 4036 4058 4043
9331 2 2 8 7 4038 4040 4042
9332 2 2 8 7 4148 4154 4322
9333 2 2 8 7 3252 3314 3313
9334 2 2 8 7 1978 2113 1979
9335 2 2 8 7 4255 4258 4260
9336 2 2 8 7 2617 2621 2622
9337 2 2 8 7 3975 3992 3976
9338 2 2 8 7 4020 4026 4048
9339 2 2 8 7 1869 1871 1870
9340 2 2 8 7 5145 5163 5162
9341 2 2 8 7 3209 3211 3215
9342 2 2 8 7 4020 4048 4049
9343 2 2 8 7 3971 3992 3975
9344 2 2 8 7 5038 5064 5042
9345 2 2 8 7 5030 5032 5034
9346 2 2 8 7 5006 5016 5012
9347 2 2 8 7 2053 2056 2073
9348 2 2 8 7 1272 1276 1273
9349 2 2 8 7 992 996 997
9350 2 2 8 7 2256 2259 2258
9351 2 2 8 7 2150 2157 2151
9352 2 2 8 7 5099 5179 5101
9353 2 2 8 7 3203 3280 3282
9354 2 2 8 7 1926 1946 1947
9355 2 2 8 7 1944 1946 1945
9356 2 2 8 7 2617 2622 2620
9357 2 2 8 7 2023 2028 2029
9358 2 2 8 7 4876 4878 4897
9359 2 2 8 7 3821 3825 3824
9360 2 2 8 7 4051 4059 4052
9361 2 2 8 7 1262 1267 1266
9362 2 2 8 7 4007 4037 4040
9363 2 2 8 7 3831 3972 3970
9364 2 2 8 7 4878 4896 4897
9365 2 2 8 7 4107 4108 4110
9366 2 2 8 7 1851 1875 1867
9367 2 2 8 7 3102 3106 3109
9368 2 2 8 7 4837 4839 4838
9369 2 2 8 7 5006 5017 5016
9370 2 2 8 7 1953 1973 1974
9371 2 2 8 7 3202 3226 3227
9372 2 2 8 7 2023 2029 2031
9373 2 2 8 7 5099 5101 5100
9374 2 2 8 7 2617 2620 2618
9375 2 2 8 7 3099 3100 3120
9376 2 2 8 7 925 1258 1259
9377 2 2 8 7 2478 2493 2498
9378 2 2 8 7 2228 2229 2230
9379 2 2 8 7 1851 1867 1860
9380 2 2 8 7 1682 1822 1823
9381 2 2 8 7 2387 2388 2393
9382 2 2 8 7 5105 5110 5111
9383 2 2 8 7 3252 3287 3261
9384 2 2 8 7 2616 2618 2620
9385 2 2 8 7 2438 2509 2508
9386 2 2 8 7 1944 1947 1946
9387 2 2 8 7 3177 3179 3178
9388 2 2 8 7 1262 1268 1267
9389 2 2 8 7 3201 3226 3202
9390 2 2 8 7 3252 3313 3287
9391 2 2 8 7 1953 1974 1975
9392 2 2 8 7 1270 1276 1272
9393 2 2 8 7 2624 2627 2626
9394 2 2 8 7 2478 2483 2493
9395 2 2 8 7 4887 5037 4911
9396 2 2 8 7 1676 1822 1682
9397 2 2 8 7 3819 3825 3821
9398 2 2 8 7 1083 1151 1149
9399 2 2 8 7 2053 2054 2056
9400 2 2 8 7 2087 2090 2091
9401 2 2 8 7 5105 5111 5109
9402 2 2 8 7 4254 4255 4256
9403 2 2 8 7 1149 1151 1150
9404 2 2 8 7 5028 5031 5029
9405 2 2 8 7 2438 2440 2509
9406 2 2 8 7 2147 2184 2185
9407 2 2 8 7 1835 1836 1837
9408 2 2 8 7 2061 2075 2077
9409 2 2 8 7 5029 5031 5030
9410 2 2 8 7 3178 3193 3187
9411 2 2 8 7 4004 4005 4007
9412 2 2 8 7 4253 4255 4254
9413 2 2 8 7 1015 1023 1030
9414 2 2 8 7 1831 1835 1837
9415 2 2 8 7 3177 3178 3185
9416 2 2 8 7 1944 1952 1950
9417 2 2 8 7 3974 3976 3980
9418 2 2 8 7 1019 1266 1020
9419 2 2 8 7 2087 2391 2090
9420 2 2 8 7 4991 5034 5033
9421 2 2 8 7 5018 5033 5032
9422 2 2 8 7 3974 3975 3976
9423 2 2 8 7 4006 4037 4007
9424 2 2 8 7 2573 2576 2577
9425 2 2 8 7 2074 2077 2075
9426 2 2 8 7 2386 2388 2387
9427 2 2 8 7 3277 3290 3297
9428 2 2 8 7 3186 3187 3193
9429 2 2 8 7 2146 2147 2185
9430 2 2 8 7 3203 3282 3204
9431 2 2 8 7 3238 3242 3244
9432 2 2 8 7 4082 4088 4086
9433 2 2 8 7 3272 3274 3273
9434 2 2 8 7 1023 1024 1030
9435 2 2 8 7 3973 3975 3974
9436 2 2 8 7 1020 1266 1267
9437 2 2 8 7 3238 3247 3248
9438 2 2 8 7 3970 3975 3973
9439 2 2 8 7 2142 2144 2145
9440 2 2 8 7 3287 3313 3294
9441 2 2 8 7 2014 2028 2022
9442 2 2 8 7 5032 5033 5034
9443 2 2 8 7 3273 3274 3276
9444 2 2 8 7 4991 5036 5034
9445 2 2 8 7 3238 3241 3242
9446 2 2 8 7 2573 2575 2576
9447 2 2 8 7 938 948 952
9448 2 2 8 7 3227 3228 3229
9449 2 2 8 7 3081 3089 3090
9450 2 2 8 7 4829 4868 4830
9451 2 2 8 7 4298 5095 5096
9452 2 2 8 7 1676 1682 1681
9453 2 2 8 7 4911 5037 5040
9454 2 2 8 7 2022 2028 2023
9455 2 2 8 7 4005 4006 4007
9456 2 2 8 7 3294 3313 3316
9457 2 2 8 7 3081 3090 3098
9458 2 2 8 7 4228 4230 4229
9459 2 2 8 7 2142 2145 2143
9460 2 2 8 7 4048 4053 4049
9461 2 2 8 7 2438 2508 2507
9462 2 2 8 7 3277 3297 3285
9463 2 2 8 7 1949 1950 1952
9464 2 2 8 7 4049 4053 4054
9465 2 2 8 7 3822 3828 3829
9466 2 2 8 7 2120 2137 2121
9467 2 2 8 7 3970 3971 3975
9468 2 2 8 7 3226 3228 3227
9469 2 2 8 7 4080 4088 4082
9470 2 2 8 7 1852 1858 1854
9471 2 2 8 7 1676 1681 1680
9472 2 2 8 7 3822 3826 3828
9473 2 2 8 7 4239 4257 4249
9474 2 2 8 7 2438 2507 2439
9475 2 2 8 7 2087 2091 2088
9476 2 2 8 7 1133 1136 1135
9477 2 2 8 7 4830 4868 4865
9478 2 2 8 7 1268 1271 1272
9479 2 2 8 7 4298 5113 5095
9480 2 2 8 7 3970 3972 3971
9481 2 2 8 7 1023 1273 1024
9482 2 2 8 7 919 921 922
9483 2 2 8 7 4129 4130 4131
9484 2 2 8 7 4229 4230 4231
9485 2 2 8 7 2023 2024 2025
9486 2 2 8 7 3106 3107 3109
9487 2 2 8 7 2480 2484 2482
9488 2 2 8 7 3074 3075 3137
9489 2 2 8 7 3075 3108 3137
9490 2 2 8 7 2121 2137 2138
9491 2 2 8 7 4152 4153 4155
9492 2 2 8 7 4834 4853 4840
9493 2 2 8 7 1851 1858 1852
9494 2 2 8 7 4125 4129 4131
9495 2 2 8 7 4304 4305 4307
9496 2 2 8 7 2476 2478 2496
9497 2 2 8 7 922 926 924
9498 2 2 8 7 4979 5047 5046
9499 2 2 8 7 948 949 952
9500 2 2 8 7 2086 2087 2088
9501 2 2 8 7 1066 1070 1068
9502 2 2 8 7 2023 2031 2024
9503 2 2 8 7 1066 1067 1070
9504 2 2 8 7 4117 4296 5092
9505 2 2 8 7 1024 1273 1026
9506 2 2 8 7 4840 4853 4849
9507 2 2 8 7 2145 2148 2153
9508 2 2 8 7 1084 1093 1151
9509 2 2 8 7 2476 2496 2477
9510 2 2 8 7 4833 4834 4835
9511 2 2 8 7 4296 4297 5092
9512 2 2 8 7 3829 3962 3961
9513 2 2 8 7 1093 1153 1151
9514 2 2 8 7 1027 1033 1029
9515 2 2 8 7 3238 3248 3239
9516 2 2 8 7 2020 2047 2021
9517 2 2 8 7 3987 3994 3995
9518 2 2 8 7 4239 4263 4257
9519 2 2 8 7 1270 1272 1271
9520 2 2 8 7 919 922 924
9521 2 2 8 7 2113 2114 2119
9522 2 2 8 7 2143 2145 2153
9523 2 2 8 7 3107 3116 3109
9524 2 2 8 7 4203 4210 4244
9525 2 2 8 7 4899 4907 4900
9526 2 2 8 7 3075 3102 3108
9527 2 2 8 7 1027 1029 1028
9528 2 2 8 7 3273 3280 3279
9529 2 2 8 7 3822 3829 3961
9530 2 2 8 7 4153 4157 4155
9531 2 2 8 7 1118 1134 1132
9532 2 2 8 7 2478 2498 2497
9533 2 2 8 7 5006 5012 5013
9534 2 2 8 7 2572 2574 2577
9535 2 2 8 7 4833 4852 4834
9536 2 2 8 7 3987 3995 3996
9537 2 2 8 7 924 926 925
9538 2 2 8 7 4296 4300 4297
9539 2 2 8 7 1701 1856 1855
9540 2 2 8 7 4210 4243 4244
9541 2 2 8 7 2480 2482 2481
9542 2 2 8 7 4834 4839 4835
9543 2 2 8 7 3102 3109 3108
9544 2 2 8 7 1133 1141 1136
9545 2 2 8 7 4297 4300 4299
9546 2 2 8 7 3273 3278 3280
9547 2 2 8 7 3191 3193 3192
9548 2 2 8 7 2169 2185 2188
9549 2 2 8 7 4893 4894 4899
9550 2 2 8 7 2020 2050 2047
9551 2 2 8 7 4304 4307 4308
9552 2 2 8 7 5006 5013 5008
9553 2 2 8 7 4979 5048 5047
9554 2 2 8 7 4110 4182 4181
9555 2 2 8 7 1102 1106 1130
9556 2 2 8 7 5105 5107 5106
9557 2 2 8 7 2478 2497 2496
9558 2 2 8 7 4834 4840 4839
9559 2 2 8 7 3186 3193 3191
9560 2 2 8 7 3313 3314 3315
9561 2 2 8 7 3160 3164 3167
9562 2 2 8 7 2573 2577 2574
9563 2 2 8 7 2087 2394 2391
9564 2 2 8 7 3090 3094 3098
9565 2 2 8 7 3273 3276 3278
9566 2 2 8 7 1130 1135 1131
9567 2 2 8 7 1132 1134 1133
9568 2 2 8 7 1681 1684 1687
9569 2 2 8 7 1102 1130 1131
9570 2 2 8 7 3287 3292 3288
9571 2 2 8 7 2100 2101 2144
9572 2 2 8 7 1027 1028 1052
9573 2 2 8 7 3097 3105 3098
9574 2 2 8 7 2550 2571 2551
9575 2 2 8 7 3094 3097 3098
9576 2 2 8 7 4253 4258 4255
9577 2 2 8 7 944 946 948
9578 2 2 8 7 2002 2615 2003
9579 2 2 8 7 3313 3315 3316
9580 2 2 8 7 1025 1052 1028
9581 2 2 8 7 4892 4899 4894
9582 2 2 8 7 5105 5109 5107
9583 2 2 8 7 2146 2185 2169
9584 2 2 8 7 4900 4907 4908
9585 2 2 8 7 1131 1135 1137
9586 2 2 8 7 3276 3277 3278
9587 2 2 8 7 3097 3099 3105
9588 2 2 8 7 5063 5067 5065
9589 2 2 8 7 1851 1859 1858
9590 2 2 8 7 3160 3165 3164
9591 2 2 8 7 4865 4868 4867
9592 2 2 8 7 2245 2249 2250
9593 2 2 8 7 2137 2144 2142
9594 2 2 8 7 2391 2394 2395
9595 2 2 8 7 2117 2120 2121
9596 2 2 8 7 3287 3294 3292
9597 2 2 8 7 4253 4257 4258
9598 2 2 8 7 2100 2144 2137
9599 2 2 8 7 2441 2443 2519
9600 2 2 8 7 2222 2223 2231
9601 2 2 8 7 4243 4247 4244
9602 2 2 8 7 4830 4852 4833
9603 2 2 8 7 1701 1855 1861
9604 2 2 8 7 2117 2121 2122
9605 2 2 8 7 5088 5097 5110
9606 2 2 8 7 2441 2442 2443
9607 2 2 8 7 2248 2250 2249
9608 2 2 8 7 1979 2113 2119
9609 2 2 8 7 2003 2615 2026
9610 2 2 8 7 4076 4098 4096
9611 2 2 8 7 1895 1921 1896
9612 2 2 8 7 4020 4049 4097
9613 2 2 8 7 5098 5111 5110
9614 2 2 8 7 2551 2571 2578
9615 2 2 8 7 1851 1860 1859
9616 2 2 8 7 3261 3288 3265
9617 2 2 8 7 1684 1688 1687
9618 2 2 8 7 3166 3822 3961
9619 2 2 8 7 2223 2227 2231
9620 2 2 8 7 4049 4077 4097
9621 2 2 8 7 5136 5140 5162
9622 2 2 8 7 4243 4246 4247
9623 2 2 8 7 946 949 948
9624 2 2 8 7 5097 5098 5110
9625 2 2 8 7 5063 5065 5064
9626 2 2 8 7 5098 5112 5111
9627 2 2 8 7 1072 1122 1073
9628 2 2 8 7 1154 1156 1155
9629 2 2 8 7 2137 2142 2138
9630 2 2 8 7 4864 4865 4867
9631 2 2 8 7 1050 1056 1053
9632 2 2 8 7 1896 1921 1919
9633 2 2 8 7 5028 5029 5054
9634 2 2 8 7 1953 1969 1973
9635 2 2 8 7 4108 4182 4110
9636 2 2 8 7 4049 4054 4077
9637 2 2 8 7 4830 4865 4852
9638 2 2 8 7 3186 3428 3187
9639 2 2 8 7 2495 2501 4837
9640 2 2 8 7 3166 3823 3822
9641 2 2 8 7 2437 2438 2439
9642 2 2 8 7 2219 2221 2222
9643 2 2 8 7 3261 3287 3288
9644 2 2 8 7 3829 3968 3962
9645 2 2 8 7 4076 4083 4098
9646 2 2 8 7 3241 3308 3242
9647 2 2 8 7 3217 3220 3221
9648 2 2 8 7 3415 3420 3421
9649 2 2 8 7 4054 4078 4077
9650 2 2 8 7 4987 4991 4990
9651 2 2 8 7 1071 1122 1072
9652 2 2 8 7 2436 2437 2439
9653 2 2 8 7 5005 5017 5006
9654 2 2 8 7 1154 1157 1156
9655 2 2 8 7 2221 2223 2222
9656 2 2 8 7 1951 1969 1953
9657 2 2 8 7 3241 3307 3308
9658 2 2 8 7 5029 5053 5054
9659 2 2 8 7 1682 1823 1830
9660 2 2 8 7 3214 3220 3217
9661 2 2 8 7 3186 3189 3428
9662 2 2 8 7 3829 3967 3968
9663 2 2 8 7 4828 4868 4829
9664 2 2 8 7 4881 4895 4893
9665 2 2 8 7 4224 4230 4227
9666 2 2 8 7 2219 2222 2238
9667 2 2 8 7 4075 4083 4076
9668 2 2 8 7 3415 3421 3417
9669 2 2 8 7 5135 5140 5136
9670 2 2 8 7 2173 2247 2246
9671 2 2 8 7 4828 4869 4868
9672 2 2 8 7 5005 5006 5008
9673 2 2 8 7 1682 1830 1829
9674 2 2 8 7 3081 3098 3104
9675 2 2 8 7 1050 1053 1051
9676 2 2 8 7 3242 3309 3310
9677 2 2 8 7 1081 1083 1149
9678 2 2 8 7 5157 5171 5158
9679 2 2 8 7 4990 5017 5005
9680 2 2 8 7 1150 1151 1153
9681 2 2 8 7 5147 5158 5171
9682 2 2 8 7 1043 1046 1044
9683 2 2 8 7 914 937 929
9684 2 2 8 7 3182 3185 3424
9685 2 2 8 7 999 1822 1676
9686 2 2 8 7 3074 3137 3138
9687 2 2 8 7 3098 3105 3104
9688 2 2 8 7 3190 3196 3220
9689 2 2 8 7 5003 5005 5008
9690 2 2 8 7 4893 4895 4894
9691 2 2 8 7 1897 1918 1916
9692 2 2 8 7 3136 3138 3137
9693 2 2 8 7 5132 5134 5136
9694 2 2 8 7 2441 2519 2509
9695 2 2 8 7 4165 4171 4168
9696 2 2 8 7 1150 1153 1152
9697 2 2 8 7 2173 2246 2251
9698 2 2 8 7 929 937 936
9699 2 2 8 7 5151 5152 5154
9700 2 2 8 7 3242 3308 3309
9701 2 2 8 7 3090 3092 3094
9702 2 2 8 7 2222 2235 2238
9703 2 2 8 7 1091 1155 1092
9704 2 2 8 7 2074 2076 2077
9705 2 2 8 7 4075 4082 4083
9706 2 2 8 7 1081 1149 1148
9707 2 2 8 7 1916 1918 1917
9708 2 2 8 7 1872 1876 1874
9709 2 2 8 7 999 1676 1675
9710 2 2 8 7 2002 2005 2004
9711 2 2 8 7 4987 4990 4992
9712 2 2 8 7 5007 5151 5154
9713 2 2 8 7 1082 3248 1088
9714 2 2 8 7 2495 4837 4838
9715 2 2 8 7 918 919 923
9716 2 2 8 7 3202 3203 3205
9717 2 2 8 7 3190 3220 3214
9718 2 2 8 7 1918 1919 1922
9719 2 2 8 7 996 1678 997
9720 2 2 8 7 3184 3424 3185
9721 2 2 8 7 2437 2440 2438
9722 2 2 8 7 4224 4227 4225
9723 2 2 8 7 4186 4219 4190
9724 2 2 8 7 4168 4171 4169
9725 2 2 8 7 1091 1154 1155
9726 2 2 8 7 2002 2004 2618
9727 2 2 8 7 2146 2169 2149
9728 2 2 8 7 3092 3093 3094
9729 2 2 8 7 3160 3162 3163
9730 2 2 8 7 3822 3823 3826
9731 2 2 8 7 1082 1085 1083
9732 2 2 8 7 3987 3996 4011
9733 2 2 8 7 4879 4881 4893
9734 2 2 8 7 2440 2441 2509
9735 2 2 8 7 2074 2079 2076
9736 2 2 8 7 1868 1875 1876
9737 2 2 8 7 2383 2389 2388
9738 2 2 8 7 4125 4131 4128
9739 2 2 8 7 1015 1021 1023
9740 2 2 8 7 3291 3292 3293
9741 2 2 8 7 1044 1046 1045
9742 2 2 8 7 2003 2027 2006
9743 2 2 8 7 5147 5149 5158
9744 2 2 8 7 1043 1067 1066
9745 2 2 8 7 4190 4219 4226
9746 2 2 8 7 5147 5148 5149
9747 2 2 8 7 1874 1876 1875
9748 2 2 8 7 919 924 923
9749 2 2 8 7 1896 1918 1897
9750 2 2 8 7 4004 4012 4011
9751 2 2 8 7 1042 1043 1066
9752 2 2 8 7 2432 2440 2437
9753 2 2 8 7 5099 5100 5131
9754 2 2 8 7 3996 4003 4011
9755 2 2 8 7 1081 1082 1083
9756 2 2 8 7 2433 2441 2440
9757 2 2 8 7 3160 3163 3165
9758 2 2 8 7 1021 1022 1023
9759 2 2 8 7 2002 2618 2615
9760 2 2 8 7 1056 1059 1057
9761 2 2 8 7 4076 4096 4097
9762 2 2 8 7 2538 2622 2621
9763 2 2 8 7 3823 3825 3826
9764 2 2 8 7 4125 4128 4127
9765 2 2 8 7 5134 5135 5136
9766 2 2 8 7 4160 4168 4169
9767 2 2 8 7 4148 4152 4155
9768 2 2 8 7 981 997 1678
9769 2 2 8 7 1919 1923 1922
9770 2 2 8 7 4879 4893 4898
9771 2 2 8 7 3243 3244 3310
9772 2 2 8 7 2234 2239 2238
9773 2 2 8 7 4122 4126 4124
9774 2 2 8 7 1867 1875 1868
9775 2 2 8 7 3243 3310 3253
9776 2 2 8 7 1092 1155 1093
9777 2 2 8 7 2146 2149 2150
9778 2 2 8 7 4047 4053 4048
9779 2 2 8 7 2615 2618 2616
9780 2 2 8 7 4076 4097 4077
9781 2 2 8 7 2003 2026 2027
9782 2 2 8 7 2006 2007 2009
9783 2 2 8 7 4003 4004 4011
9784 2 2 8 7 1055 1059 1056
9785 2 2 8 7 1896 1919 1918
9786 2 2 8 7 5100 5130 5131
9787 2 2 8 7 3242 3310 3244
9788 2 2 8 7 3203 3204 3205
9789 2 2 8 7 1855 1859 1862
9790 2 2 8 7 2476 2483 2478
9791 2 2 8 7 5099 5132 5159
9792 2 2 8 7 3164 3165 3824
9793 2 2 8 7 1112 1117 1118
9794 2 2 8 7 2538 2626 2622
9795 2 2 8 7 4184 4221 4219
9796 2 2 8 7 1117 1119 1118
9797 2 2 8 7 4075 4076 4077
9798 2 2 8 7 4123 4124 4126
9799 2 2 8 7 4160 4169 4163
9800 2 2 8 7 3266 3275 3269
9801 2 2 8 7 3253 3310 3312
9802 2 2 8 7 1057 1058 1061
9803 2 2 8 7 1082 3239 3248
9804 2 2 8 7 2383 2388 2386
9805 2 2 8 7 3850 3991 3992
9806 2 2 8 7 2432 2433 2440
9807 2 2 8 7 2234 2238 2235
9808 2 2 8 7 5099 5131 5132
9809 2 2 8 7 1106 1107 1130
9810 2 2 8 7 3428 3432 3429
9811 2 2 8 7 4170 4259 4171
9812 2 2 8 7 1093 1155 1153
9813 2 2 8 7 3291 3293 3298
9814 2 2 8 7 3830 3832 3831
9815 2 2 8 7 4047 4051 4053
9816 2 2 8 7 2003 2006 2009
9817 2 2 8 7 3087 3090 3089
9818 2 2 8 7 4075 4077 4078
9819 2 2 8 7 1919 1921 1925
9820 2 2 8 7 2476 2482 2483
9821 2 2 8 7 4889 5069 5068
9822 2 2 8 7 4184 4220 4221
9823 2 2 8 7 1057 1059 1058
9824 2 2 8 7 2102 2176 2148
9825 2 2 8 7 3149 3824 3165
9826 2 2 8 7 4046 4050 4047
9827 2 2 8 7 4116 4124 4303
9828 2 2 8 7 4148 4155 4154
9829 2 2 8 7 4014 4041 4015
9830 2 2 8 7 4169 4171 4259
9831 2 2 8 7 3108 3109 3113
9832 2 2 8 7 3266 3289 3275
9833 2 2 8 7 1675 1676 1680
9834 2 2 8 7 5159 5180 5179
9835 2 2 8 7 5152 5156 5154
9836 2 2 8 7 5095 5112 5098
9837 2 2 8 7 1107 1132 1130
9838 2 2 8 7 2146 2152 2147
9839 2 2 8 7 2102 2148 2145
9840 2 2 8 7 4201 4204 4252
9841 2 2 8 7 4852 4865 4854
9842 2 2 8 7 3269 3275 3274
9843 2 2 8 7 3186 3191 3188
9844 2 2 8 7 5099 5159 5179
9845 2 2 8 7 2551 2578 2579
9846 2 2 8 7 4009 4010 4012
9847 2 2 8 7 3087 3092 3090
9848 2 2 8 7 4185 4219 4186
9849 2 2 8 7 1919 1925 1923
9850 2 2 8 7 3150 3165 3163
9851 2 2 8 7 5002 5007 5154
9852 2 2 8 7 982 994 997
9853 2 2 8 7 4047 4050 4051
9854 2 2 8 7 3850 3997 3991
9855 2 2 8 7 3274 3275 3276
9856 2 2 8 7 5029 5046 5053
9857 2 2 8 7 4889 5068 5062
9858 2 2 8 7 1855 1862 1861
9859 2 2 8 7 4123 4303 4124
9860 2 2 8 7 5095 5113 5112
9861 2 2 8 7 3109 3116 3113
9862 2 2 8 7 1675 1680 1677
9863 2 2 8 7 3426 3429 3432
9864 2 2 8 7 3186 3188 3189
9865 2 2 8 7 4013 4041 4014
9866 2 2 8 7 2146 2150 2152
9867 2 2 8 7 4204 4251 4252
9868 2 2 8 7 4203 4244 4204
9869 2 2 8 7 3251 3253 3314
9870 2 2 8 7 4854 4865 4864
9871 2 2 8 7 4010 4011 4012
9872 2 2 8 7 5153 5154 5156
9873 2 2 8 7 5001 5007 5002
9874 2 2 8 7 4184 4219 4185
9875 2 2 8 7 1131 1137 1154
9876 2 2 8 7 3828 3967 3829
9877 2 2 8 7 5093 5098 5097
9878 2 2 8 7 3830 3835 3832
9879 2 2 8 7 3149 3165 3150
9880 2 2 8 7 981 982 997
9881 2 2 8 7 2433 2442 2441
9882 2 2 8 7 917 918 923
9883 2 2 8 7 1951 1953 1955
9884 2 2 8 7 1137 1157 1154
9885 2 2 8 7 3101 3104 3106
9886 2 2 8 7 4132 4136 4146
9887 2 2 8 7 1091 1102 1131
9888 2 2 8 7 3164 3166 3167
9889 2 2 8 7 5046 5047 5053
9890 2 2 8 7 2578 2580 2579
9891 2 2 8 7 4204 4244 4251
9892 2 2 8 7 2576 2581 2580
9893 2 2 8 7 3253 3312 3314
9894 2 2 8 7 1917 1918 1922
9895 2 2 8 7 2433 2449 2442
9896 2 2 8 7 1071 1123 1122
9897 2 2 8 7 5093 5095 5098
9898 2 2 8 7 1107 1112 1118
9899 2 2 8 7 3150 3163 3152
9900 2 2 8 7 1091 1131 1154
9901 2 2 8 7 3164 3823 3166
9902 2 2 8 7 4219 4221 4226
9903 2 2 8 7 917 923 1265
9904 2 2 8 7 2086 2394 2087
9905 2 2 8 7 3104 3105 3106
9906 2 2 8 7 3150 3152 3151
9907 2 2 8 7 3828 3830 3967
9908 2 2 8 7 1153 1155 1156
9909 2 2 8 7 3419 3422 3423
9910 2 2 8 7 1915 1917 1922
9911 2 2 8 7 4132 4146 4150
9912 2 2 8 7 1872 1879 1876
9913 2 2 8 7 1951 1955 1952
9914 2 2 8 7 1044 1123 1071
9915 2 2 8 7 4244 4247 4251
9916 2 2 8 7 4221 4227 4226
9917 2 2 8 7 4867 4868 4869
9918 2 2 8 7 3184 3425 3424
9919 2 2 8 7 1828 1832 1830
9920 2 2 8 7 3157 3163 3162
9921 2 2 8 7 3214 3217 3216
9922 2 2 8 7 3419 3421 3422
9923 2 2 8 7 1027 1060 1033
9924 2 2 8 7 1107 1118 1132
9925 2 2 8 7 3085 3183 3423
9926 2 2 8 7 2082 2394 2086
9927 2 2 8 7 3164 3824 3823
9928 2 2 8 7 923 1264 1265
9929 2 2 8 7 1945 1968 1969
9930 2 2 8 7 4085 4105 4104
9931 2 2 8 7 3152 3163 3157
9932 2 2 8 7 4123 4126 4305
9933 2 2 8 7 992 994 995
9934 2 2 8 7 4866 4867 4869
9935 2 2 8 7 1683 1829 1832
9936 2 2 8 7 2580 2581 2582
9937 2 2 8 7 1876 1879 1877
9938 2 2 8 7 3085 3423 3422
9939 2 2 8 7 1152 1153 1156
9940 2 2 8 7 4247 4250 4251
9941 2 2 8 7 1838 1843 1853
9942 2 2 8 7 3823 3824 3825
9943 2 2 8 7 4201 4252 4254
9944 2 2 8 7 3184 3429 3425
9945 2 2 8 7 1263 1265 1264
9946 2 2 8 7 1027 1054 1060
9947 2 2 8 7 2539 2540 2556
9948 2 2 8 7 3213 3214 3216
9949 2 2 8 7 5063 5068 5067
9950 2 2 8 7 2561 2565 2563
9951 2 2 8 7 4085 4092 4105
9952 2 2 8 7 1945 1969 1951
9953 2 2 8 7 992 997 994
9954 2 2 8 7 2172 2173 2251
9955 2 2 8 7 1829 1830 1832
9956 2 2 8 7 4123 4305 4304
9957 2 2 8 7 3976 3990 3980
9958 2 2 8 7 4252 4253 4254
9959 2 2 8 7 4028 4044 4046
9960 2 2 8 7 5159 5166 5180
9961 2 2 8 7 1944 1945 1951
9962 2 2 8 7 1838 1853 1857
9963 2 2 8 7 5062 5068 5063
9964 2 2 8 7 2561 2563 2562
9965 2 2 8 7 4027 4028 4046
9966 2 2 8 7 3275 3290 3276
9967 2 2 8 7 2202 2203 2225
9968 2 2 8 7 1683 1684 1829
9969 2 2 8 7 2172 2251 2258
9970 2 2 8 7 3976 3993 3990
9971 2 2 8 7 4044 4045 4046
9972 2 2 8 7 5159 5160 5166
9973 2 2 8 7 2538 2539 2556
9974 2 2 8 7 3312 3315 3314
9975 2 2 8 7 929 936 930
9976 2 2 8 7 1944 1951 1952
9977 2 2 8 7 3276 3290 3277
9978 2 2 8 7 1130 1132 1135
9979 2 2 8 7 5002 5154 5153
9980 2 2 8 7 2070 2073 2072
9981 2 2 8 7 3112 3136 3137
9982 2 2 8 7 4084 4102 4098
9983 2 2 8 7 1992 2071 2069
9984 2 2 8 7 4027 4046 4047
9985 2 2 8 7 2203 2204 2225
9986 2 2 8 7 2222 2231 2235
9987 2 2 8 7 4125 4305 4126
9988 2 2 8 7 996 998 999
9989 2 2 8 7 4169 4259 4260
9990 2 2 8 7 3275 3289 3290
9991 2 2 8 7 3311 3315 3312
9992 2 2 8 7 3111 3136 3112
9993 2 2 8 7 930 936 931
9994 2 2 8 7 2069 2071 2070
9995 2 2 8 7 4083 4084 4098
9996 2 2 8 7 3309 3312 3310
9997 2 2 8 7 996 999 1675
9998 2 2 8 7 2053 2073 2070
9999 2 2 8 7 4013 4040 4041
10000 2 2 8 7 1132 1133 1135
10001 2 2 8 7 4125 4127 4305
10002 2 2 8 7 4103 4104 4107
10003 2 2 8 7 5002 5153 5150
10004 2 2 8 7 4163 4169 4260
10005 2 2 8 7 2483 2484 2485
10006 2 2 8 7 3289 3291 3290
10007 2 2 8 7 996 1675 1678
10008 2 2 8 7 2230 2235 2231
10009 2 2 8 7 2203 2206 2392
10010 2 2 8 7 4104 4105 4107
10011 2 2 8 7 4249 4252 4251
10012 2 2 8 7 3309 3311 3312
10013 2 2 8 7 4887 4889 5062
10014 2 2 8 7 2250 2257 2251
10015 2 2 8 7 4007 4040 4013
10016 2 2 8 7 2248 2257 2250
10017 2 2 8 7 2561 2562 2587
10018 2 2 8 7 1675 1677 1678
10019 2 2 8 7 2204 2392 2393
10020 2 2 8 7 1027 1052 1054
10021 2 2 8 7 3105 3107 3106
10022 2 2 8 7 3190 3214 3212
10023 2 2 8 7 2482 2484 2483
10024 2 2 8 7 5038 5062 5063
10025 2 2 8 7 2571 2572 2577
10026 2 2 8 7 1853 1854 1858
10027 2 2 8 7 1118 1119 1134
10028 2 2 8 7 2485 2490 2493
10029 2 2 8 7 2203 2392 2204
10030 2 2 8 7 5091 5092 5096
10031 2 2 8 7 3136 3143 3144
10032 2 2 8 7 4146 4147 4151
10033 2 2 8 7 4122 4129 4126
10034 2 2 8 7 2233 2234 2235
10035 2 2 8 7 1942 1959 1958
10036 2 2 8 7 2248 2255 2257
10037 2 2 8 7 4249 4251 4250
10038 2 2 8 7 2562 2586 2587
10039 2 2 8 7 4297 5096 5092
10040 2 2 8 7 3099 3107 3105
10041 2 2 8 7 1119 1120 1134
10042 2 2 8 7 2251 2257 2258
10043 2 2 8 7 2538 2556 2625
10044 2 2 8 7 3989 3990 3994
10045 2 2 8 7 2204 2393 2388
10046 2 2 8 7 5051 5052 5053
10047 2 2 8 7 4887 5062 5037
10048 2 2 8 7 3111 3143 3136
10049 2 2 8 7 5037 5062 5038
10050 2 2 8 7 4123 4302 4303
10051 2 2 8 7 2571 2577 2578
10052 2 2 8 7 5052 5055 5054
10053 2 2 8 7 1052 1053 1054
10054 2 2 8 7 1853 1858 1857
10055 2 2 8 7 3212 3214 3213
10056 2 2 8 7 4125 4126 4129
10057 2 2 8 7 4146 4151 4150
10058 2 2 8 7 4249 4253 4252
10059 2 2 8 7 5016 5033 5018
10060 2 2 8 7 2483 2485 2493
10061 2 2 8 7 3990 3993 3994
10062 2 2 8 7 2230 2233 2235
10063 2 2 8 7 2068 2069 2072
10064 2 2 8 7 4249 4257 4253
10065 2 2 8 7 5047 5051 5053
10066 2 2 8 7 5052 5054 5053
10067 2 2 8 7 4123 4304 4302
10068 2 2 8 7 2538 2625 2626
10069 2 2 8 7 4893 4899 4898
10070 2 2 8 7 1022 1273 1023
10071 2 2 8 7 1868 1876 1877
10072 2 2 8 7 5016 5017 5033
10073 2 2 8 7 3232 3233 3279
10074 2 2 8 7 4132 4150 4149
10075 2 2 8 7 2069 2070 2072
10076 2 2 8 7 4297 4298 5096
10077 2 2 8 7 1020 1267 1021
10078 2 2 8 7 4898 4899 4900
10079 2 2 8 7 1022 1272 1273
10080 2 2 8 7 902 940 934
10081 2 2 8 7 1868 1877 1871
10082 2 2 8 7 4297 4299 4298
10083 2 2 8 7 3138 3144 3140
10084 2 2 8 7 923 924 1264
10085 2 2 8 7 2245 2250 2246
10086 2 2 8 7 3231 3232 3279
10087 2 2 8 7 3217 3221 3219
10088 2 2 8 7 934 940 941
10089 2 2 8 7 1021 1267 1022
10090 2 2 8 7 4148 4149 4150
10091 2 2 8 7 4991 5033 5017
10092 2 2 8 7 3216 3217 3218
10093 2 2 8 7 3265 3288 3266
10094 2 2 8 7 3966 3968 3969
10095 2 2 8 7 1022 1267 1268
10096 2 2 8 7 3136 3144 3138
10097 2 2 8 7 3215 3216 3218
10098 2 2 8 7 3217 3219 3218
10099 2 2 8 7 5160 5162 5161
10100 2 2 8 7 2246 2250 2251
10101 2 2 8 7 3976 3992 3993
10102 2 2 8 7 924 925 1264
10103 2 2 8 7 4083 4086 4084
10104 2 2 8 7 1057 1061 1060
10105 2 2 8 7 3231 3279 3280
10106 2 2 8 7 4150 4151 4152
10107 2 2 8 7 1022 1268 1272
10108 2 2 8 7 3266 3288 3289
10109 2 2 8 7 3967 3969 3968
10110 2 2 8 7 4990 4991 5017
10111 2 2 8 7 5136 5162 5160
10112 2 2 8 7 2576 2578 2577
10113 2 2 8 7 4144 4151 4147
10114 2 2 8 7 3991 3993 3992
10115 2 2 8 7 1857 1858 1859
10116 2 2 8 7 4045 4050 4046
10117 2 2 8 7 4082 4086 4083
10118 2 2 8 7 3993 3995 3994
10119 2 2 8 7 938 939 941
10120 2 2 8 7 4009 4012 4014
10121 2 2 8 7 5132 5160 5159
10122 2 2 8 7 1054 1057 1060
10123 2 2 8 7 1838 1857 1856
10124 2 2 8 7 2048 2070 2071
10125 2 2 8 7 3227 3229 3232
10126 2 2 8 7 4148 4150 4152
10127 2 2 8 7 4144 4145 4151
10128 2 2 8 7 4043 4050 4045
10129 2 2 8 7 938 941 948
10130 2 2 8 7 3203 3231 3280
10131 2 2 8 7 2576 2580 2578
10132 2 2 8 7 3085 3091 3086
10133 2 2 8 7 3991 3995 3993
10134 2 2 8 7 4012 4013 4014
10135 2 2 8 7 4004 4013 4012
10136 2 2 8 7 1855 1857 1859
10137 2 2 8 7 4145 4152 4151
10138 2 2 8 7 4481 4482 4516
10139 2 2 8 7 5132 5136 5160
10140 2 2 8 7 1043 1071 1067
10141 2 2 8 7 2048 2053 2070
10142 2 2 8 7 1067 1072 1070
10143 2 2 8 7 3227 3232 3231
10144 2 2 8 7 3085 3422 3091
10145 2 2 8 7 1855 1856 1857
10146 2 2 8 7 4004 4007 4013
10147 2 2 8 7 4145 4153 4152
10148 2 2 8 7 1681 1682 1829
10149 2 2 8 7 1043 1044 1071
10150 2 2 8 7 1067 1071 1072
10151 2 2 8 7 5161 5165 5166
10152 2 2 8 7 1681 1829 1684
10153 2 2 8 7 3288 3292 3289
10154 2 2 8 7 3831 3969 3967
10155 2 2 8 7 5160 5161 5166
10156 2 2 8 7 933 934 939
10157 2 2 8 7 1054 1056 1057
10158 2 2 8 7 3830 3831 3967
10159 2 2 8 7 3202 3227 3231
10160 2 2 8 7 3289 3292 3291
10161 2 2 8 7 3304 3327 3305
10162 2 2 8 7 934 941 939
10163 2 2 8 7 1053 1056 1054
10164 2 2 8 7 3202 3231 3203
10165 2 2 8 7 4190 4228 4191
10166 2 2 8 7 4226 4230 4228
10167 2 2 8 7 3184 3187 3428
10168 2 2 8 7 2204 2389 2225
10169 2 2 8 7 3091 3422 3420
10170 2 2 8 7 2471 2472 4850
10171 2 2 8 7 3184 3428 3429
10172 2 2 8 7 4226 4227 4230
10173 2 2 8 7 4190 4226 4228
10174 2 2 8 7 3420 3422 3421
10175 2 2 8 7 2204 2388 2389
10176 2 2 8 7 940 944 941
10177 2 2 8 7 941 944 948
10178 2 2 8 7 3178 3187 3185
10179 2 2 8 7 3184 3185 3187
10180 2 2 8 7 1958 2126 2129
10181 2 2 8 7 4090 4216 4217
10182 2 2 8 7 4847 4850 4851
10183 2 2 8 7 4838 4839 4840
10184 2 2 8 7 1976 1978 1979
10185 2 2 8 7 4105 4108 4107
10186 2 2 8 7 1979 2119 2118
10187 2 2 8 7 4838 4840 4841
10188 2 2 8 7 1976 1979 1977
10189 2 2 8 7 4105 4106 4108
10190 2 2 8 7 1977 1979 2118
10191 2 2 8 7 3238 3239 3241
10192 2 2 8 7 2494 2495 4838
10193 2 2 8 7 3239 3240 3241
10194 2 2 8 7 4108 4183 4182
10195 2 2 8 7 2494 4838 4841
10196 2 2 8 7 4106 4183 4108
10197 2 2 8 7 1959 1960 1961
10198 2 2 8 7 1081 3239 1082
10199 2 2 8 7 3305 3307 3306
10200 2 2 8 7 1961 2123 2126
10201 2 2 8 7 4089 4091 4092
10202 2 2 8 7 1960 1976 1977
10203 2 2 8 7 4091 4217 4218
10204 2 2 8 7 1958 1959 1961
10205 2 2 8 7 4848 4849 4851
10206 2 2 8 7 1081 3240 3239
10207 2 2 8 7 3304 3305 3306
10208 2 2 8 7 1960 1977 1961
10209 2 2 8 7 4840 4849 4841
10210 2 2 8 7 1958 1961 2126
10211 2 2 8 7 4089 4090 4091
10212 2 2 8 7 3240 3307 3241
10213 2 2 8 7 4090 4217 4091
10214 2 2 8 7 2472 2473 4848
10215 2 2 8 7 4106 4218 4183
10216 2 2 8 7 2473 2494 4841
10217 2 2 8 7 1977 2118 2123
10218 2 2 8 7 4848 4851 4850
10219 2 2 8 7 4092 4106 4105
10220 2 2 8 7 4841 4849 4848
10221 2 2 8 7 3240 3306 3307
10222 2 2 8 7 4091 4218 4106
10223 2 2 8 7 1961 1977 2123
10224 2 2 8 7 2473 4841 4848
10225 2 2 8 7 2472 4848 4850
10226 2 2 8 7 4091 4106 4092
10227 2 2 8 7 1147 3306 1148
10228 2 2 8 7 1147 3304 3306
10229 2 2 8 7 1081 1148 3240
10230 2 2 8 7 1148 3306 3240
10231 2 2 8 7 1515 3662 3655
10232 2 2 8 7 3061 3063 3062
10233 2 2 8 7 4456 4467 4459
10234 2 2 8 7 1521 1523 1527
10235 2 2 8 7 1523 1526 1527
10236 2 2 8 7 4528 4530 4529
10237 2 2 8 7 4528 4531 4530
10238 2 2 8 7 1484 1500 1501
10239 2 2 8 7 1506 3660 1512
10240 2 2 8 7 3668 3673 3669
10241 2 2 8 7 1508 1513 1509
10242 2 2 8 7 3669 3673 3671
10243 2 2 8 7 4460 4466 4463
10244 2 2 8 7 1509 3067 3068
10245 2 2 8 7 3669 4475 4473
10246 2 2 8 7 1500 1502 1501
10247 2 2 8 7 3063 4469 4466
10248 2 2 8 7 2977 2982 2978
10249 2 2 8 7 1507 3068 3069
10250 2 2 8 7 1506 1507 3656
10251 2 2 8 7 4520 4522 4523
10252 2 2 8 7 1510 1513 1517
10253 2 2 8 7 1497 1532 1531
10254 2 2 8 7 3650 3653 3651
10255 2 2 8 7 1528 1559 1565
10256 2 2 8 7 4481 4516 4519
10257 2 2 8 7 3041 3043 3042
10258 2 2 8 7 3680 3713 3681
10259 2 2 8 7 3675 3717 3716
10260 2 2 8 7 1508 1509 3068
10261 2 2 8 7 4478 4480 4479
10262 2 2 8 7 3021 3043 3048
10263 2 2 8 7 4521 4523 4525
10264 2 2 8 7 2974 3041 3042
10265 2 2 8 7 3680 3681 3682
10266 2 2 8 7 1514 1518 1516
10267 2 2 8 7 3665 3666 3678
10268 2 2 8 7 4452 4485 4453
10269 2 2 8 7 3646 3679 3682
10270 2 2 8 7 2978 2982 2981
10271 2 2 8 7 3046 3066 3054
10272 2 2 8 7 4473 4475 4478
10273 2 2 8 7 3717 3718 3720
10274 2 2 8 7 1516 1518 1517
10275 2 2 8 7 2974 2976 3044
10276 2 2 8 7 4477 4480 4478
10277 2 2 8 7 2976 2977 3044
10278 2 2 8 7 3661 3666 3664
10279 2 2 8 7 4475 4476 4478
10280 2 2 8 7 3020 3035 3037
10281 2 2 8 7 1497 1531 1499
10282 2 2 8 7 3666 3667 3678
10283 2 2 8 7 3675 3716 3713
10284 2 2 8 7 1505 1515 3655
10285 2 2 8 7 3057 4470 3063
10286 2 2 8 7 1474 1481 1480
10287 2 2 8 7 1506 3656 3660
10288 2 2 8 7 4450 4485 4452
10289 2 2 8 7 3057 4468 4470
10290 2 2 8 7 3047 3054 3055
10291 2 2 8 7 3060 3061 3062
10292 2 2 8 7 3658 3666 3663
10293 2 2 8 7 3670 3671 3672
10294 2 2 8 7 3052 3055 3053
10295 2 2 8 7 3046 3060 3066
10296 2 2 8 7 4455 4456 4459
10297 2 2 8 7 1528 1533 1559
10298 2 2 8 7 3050 3055 3052
10299 2 2 8 7 4482 4486 4487
10300 2 2 8 7 3659 3670 3672
10301 2 2 8 7 4463 4465 4464
10302 2 2 8 7 3051 3053 3067
10303 2 2 8 7 3065 3069 3068
10304 2 2 8 7 3664 3666 3665
10305 2 2 8 7 4467 4470 4468
10306 2 2 8 7 3661 3663 3666
10307 2 2 8 7 3063 4470 4469
10308 2 2 8 7 3659 3672 3676
10309 2 2 8 7 1521 1522 1523
10310 2 2 8 7 3049 3050 3052
10311 2 2 8 7 3661 3664 3662
10312 2 2 8 7 3658 3676 3667
10313 2 2 8 7 3051 3052 3053
10314 2 2 8 7 3657 3670 3659
10315 2 2 8 7 3656 3657 3660
10316 2 2 8 7 4465 4466 4469
10317 2 2 8 7 3658 3663 3660
10318 2 2 8 7 3669 3671 3670
10319 2 2 8 7 2435 2479 2462
10320 2 2 8 7 2252 2254 2253
10321 2 2 8 7 1048 1049 1286
10322 2 2 8 7 1127 1128 1129
10323 2 2 8 7 2397 2407 2406
10324 2 2 8 7 2610 2623 2613
10325 2 2 8 7 4291 5114 4295
10326 2 2 8 7 967 979 978
10327 2 2 8 7 2030 2033 2034
10328 2 2 8 7 4860 4861 4904
10329 2 2 8 7 4232 4234 4245
10330 2 2 8 7 2379 2382 2384
10331 2 2 8 7 942 965 947
10332 2 2 8 7 5141 5144 5146
10333 2 2 8 7 2161 2164 2165
10334 2 2 8 7 1275 1278 1279
10335 2 2 8 7 4306 4323 4325
10336 2 2 8 7 2038 2051 2049
10337 2 2 8 7 2080 2410 2409
10338 2 2 8 7 4262 4264 4263
10339 2 2 8 7 2450 2451 2455
10340 2 2 8 7 4156 4329 4157
10341 2 2 8 7 4912 4914 4913
10342 2 2 8 7 2619 2639 2638
10343 2 2 8 7 4975 4980 4988
10344 2 2 8 7 3207 3208 3209
10345 2 2 8 7 1686 1702 1703
10346 2 2 8 7 1924 1932 1931
10347 2 2 8 7 3833 3851 3849
10348 2 2 8 7 2584 2600 2585
10349 2 2 8 7 928 932 950
10350 2 2 8 7 4997 5004 4998
10351 2 2 8 7 3834 3836 3835
10352 2 2 8 7 3295 3317 3321
10353 2 2 8 7 3999 4001 4000
10354 2 2 8 7 1146 1159 1162
10355 2 2 8 7 3431 3436 3434
10356 2 2 8 7 3135 3145 3147
10357 2 2 8 7 3096 3118 3100
10358 2 2 8 7 4065 4088 4080
10359 2 2 8 7 4055 4063 4079
10360 2 2 8 7 5043 5045 5044
10361 2 2 8 7 1671 1679 1672
10362 2 2 8 7 1863 1864 1865
10363 2 2 8 7 2136 2141 2154
10364 2 2 8 7 5126 5133 5129
10365 2 2 8 7 1905 1908 1907
10366 2 2 8 7 3110 3114 3133
10367 2 2 8 7 4032 4036 4035
10368 2 2 8 7 4292 4301 4293
10369 2 2 8 7 1138 1163 1158
10370 2 2 8 7 3284 3286 3285
10371 2 2 8 7 1269 1270 1271
10372 2 2 8 7 3416 3417 3418
10373 2 2 8 7 1147 1171 3304
10374 2 2 8 7 4073 4090 4089
10375 2 2 8 7 3658 3667 3666
10376 2 2 8 7 1523 1524 1526
10377 2 2 8 7 2979 2981 2980
10378 2 2 8 7 4476 4477 4478
10379 2 2 8 7 1510 1511 1513
10380 2 2 8 7 3053 3055 3054
10381 2 2 8 7 1512 1516 1517
10382 2 2 8 7 4462 4476 4475
10383 2 2 8 7 3056 4468 3057
10384 2 2 8 7 3064 3069 3065
$EndElements
