$MeshFormat
2.2 0 8
$EndMeshFormat
$Nodes
1813
1 0.001470257104946892 0.02992777090008261 0
2 0.004396611935193975 0.02963955010613004 0
3 0.007280624989073079 0.02906588424202781 0
4 0.01009452164431426 0.02821229802364475 0
5 0.01281120253789327 0.02708701195288165 0
6 0.01540450454771638 0.02570086314974388 0
7 0.01784945275778533 0.02406720098495183 0
8 0.02012250098029209 0.02220175851820352 0
9 0.02220175851827545 0.02012250098021316 0
10 0.02406720098500743 0.01784945275771104 0
11 0.02570086314978387 0.01540450454765037 0
12 0.02708701195290877 0.01281120253783677 0
13 0.02821229802366126 0.01009452164426922 0
14 0.02906588424203596 0.00728062498904227 0
15 0.02963955010613301 0.004396611935175484 0
16 0.02992777090008331 0.001470257104939855 0
17 0.03 0 0
18 0 0.03 0
19 0.02985554180016661 0.00294051420987971 0
20 0.02942355841209942 0.005852709660471257 0
21 0.02870821007197251 0.008708540317613284 0
22 0.02771638597535001 0.01148050297092515 0
23 0.02645763793046752 0.01414190210474838 0
24 0.02494408836910022 0.01666710699055235 0
25 0.02319031360091463 0.01903179852486973 0
26 0.02121320343563626 0.02121320343555659 0
27 0.01903179852494792 0.02319031360085046 0
28 0.01666710699062273 0.0249440883690532 0
29 0.01414190210481002 0.02645763793043457 0
30 0.01148050297097652 0.02771638597532873 0
31 0.008708540317651992 0.02870821007196077 0
32 0.005852709660494166 0.02942355841209486 0
33 0.002940514209893784 0.02985554180016522 0
34 -0.02992777090008261 0.001470257104946892 0
35 -0.02963955010613004 0.004396611935193975 0
36 -0.02906588424202781 0.007280624989073079 0
37 -0.02821229802364475 0.01009452164431426 0
38 -0.02708701195288165 0.01281120253789327 0
39 -0.02570086314974388 0.01540450454771638 0
40 -0.02406720098495183 0.01784945275778533 0
41 -0.02220175851820352 0.02012250098029209 0
42 -0.02012250098021316 0.02220175851827545 0
43 -0.01784945275771104 0.02406720098500743 0
44 -0.01540450454765037 0.02570086314978387 0
45 -0.01281120253783677 0.02708701195290877 0
46 -0.01009452164426922 0.02821229802366126 0
47 -0.00728062498904227 0.02906588424203596 0
48 -0.004396611935175484 0.02963955010613301 0
49 -0.001470257104939855 0.02992777090008331 0
50 -0.02985554180016522 0.002940514209893784 0
51 -0.02942355841209486 0.005852709660494166 0
52 -0.02870821007196077 0.008708540317651992 0
53 -0.02771638597532873 0.01148050297097652 0
54 -0.02645763793043457 0.01414190210481002 0
55 -0.0249440883690532 0.01666710699062273 0
56 -0.02319031360085046 0.01903179852494792 0
57 -0.02121320343555659 0.02121320343563626 0
58 -0.01903179852486973 0.02319031360091463 0
59 -0.01666710699055235 0.02494408836910022 0
60 -0.01414190210474838 0.02645763793046752 0
61 -0.01148050297092515 0.02771638597535001 0
62 -0.008708540317613284 0.02870821007197251 0
63 -0.005852709660471257 0.02942355841209942 0
64 -0.00294051420987971 0.02985554180016661 0
65 -0.03 0 0
66 -0.001470257104946892 -0.02992777090008261 0
67 -0.004396611935193975 -0.02963955010613004 0
68 -0.007280624989073079 -0.02906588424202781 0
69 -0.01009452164431426 -0.02821229802364475 0
70 -0.01281120253789327 -0.02708701195288165 0
71 -0.01540450454771638 -0.02570086314974388 0
72 -0.01784945275778533 -0.02406720098495183 0
73 -0.02012250098029209 -0.02220175851820352 0
74 -0.02220175851827545 -0.02012250098021316 0
75 -0.02406720098500743 -0.01784945275771104 0
76 -0.02570086314978387 -0.01540450454765037 0
77 -0.02708701195290877 -0.01281120253783677 0
78 -0.02821229802366126 -0.01009452164426922 0
79 -0.02906588424203596 -0.00728062498904227 0
80 -0.02963955010613301 -0.004396611935175484 0
81 -0.02992777090008331 -0.001470257104939855 0
82 -0.002940514209893784 -0.02985554180016522 0
83 -0.005852709660494166 -0.02942355841209486 0
84 -0.008708540317651992 -0.02870821007196077 0
85 -0.01148050297097652 -0.02771638597532873 0
86 -0.01414190210481002 -0.02645763793043457 0
87 -0.01666710699062273 -0.0249440883690532 0
88 -0.01903179852494792 -0.02319031360085046 0
89 -0.02121320343563626 -0.02121320343555659 0
90 -0.02319031360091463 -0.01903179852486973 0
91 -0.02494408836910022 -0.01666710699055235 0
92 -0.02645763793046752 -0.01414190210474838 0
93 -0.02771638597535001 -0.01148050297092515 0
94 -0.02870821007197251 -0.008708540317613284 0
95 -0.02942355841209942 -0.005852709660471257 0
96 -0.02985554180016661 -0.00294051420987971 0
97 0 -0.03 0
98 0.02992777090008261 -0.001470257104946892 0
99 0.02963955010613004 -0.004396611935193975 0
100 0.02906588424202781 -0.007280624989073079 0
101 0.02821229802364475 -0.01009452164431426 0
102 0.02708701195288165 -0.01281120253789327 0
103 0.02570086314974388 -0.01540450454771638 0
104 0.02406720098495183 -0.01784945275778533 0
105 0.02220175851820352 -0.02012250098029209 0
106 0.02012250098021316 -0.02220175851827545 0
107 0.01784945275771104 -0.02406720098500743 0
108 0.01540450454765037 -0.02570086314978387 0
109 0.01281120253783677 -0.02708701195290877 0
110 0.01009452164426922 -0.02821229802366126 0
111 0.00728062498904227 -0.02906588424203596 0
112 0.004396611935175484 -0.02963955010613301 0
113 0.001470257104939855 -0.02992777090008331 0
114 0.02985554180016522 -0.002940514209893784 0
115 0.02942355841209486 -0.005852709660494166 0
116 0.02870821007196077 -0.008708540317651992 0
117 0.02771638597532873 -0.01148050297097652 0
118 0.02645763793043457 -0.01414190210481002 0
119 0.0249440883690532 -0.01666710699062273 0
120 0.02319031360085046 -0.01903179852494792 0
121 0.02121320343555659 -0.02121320343563626 0
122 0.01903179852486973 -0.02319031360091463 0
123 0.01666710699055235 -0.02494408836910022 0
124 0.01414190210474838 -0.02645763793046752 0
125 0.01148050297092515 -0.02771638597535001 0
126 0.008708540317613284 -0.02870821007197251 0
127 0.005852709660471257 -0.02942355841209942 0
128 0.00294051420987971 -0.02985554180016661 0
129 -0.0003556349588476261 3.919708317400183e-05 0
130 -0.003649098197130662 0.01456801661193299 0
131 -0.01468897975782349 -0.003927584106548866 0
132 0.01465163813281228 0.003839445658919536 0
133 0.003583772677067889 -0.01478103983829379 0
134 0.008851880020149566 0.01487601724282046 0
135 -0.01481916720445281 0.008946728578999405 0
136 -0.009089065010175059 -0.01503604158790477 0
137 0.01495262030507066 -0.008962255708974971 0
138 -0.006402948919141985 0.006170926344072889 0
139 0.002666925095074004 0.008535180976143709 0
140 -0.005881548430356527 -0.006439670156004542 0
141 0.008454641505449024 -0.002848880602490982 0
142 -0.01207259461604385 0.01735409589622548 0
143 -0.01731847938758231 -0.01213503845980652 0
144 0.01735409589622548 0.01207259461604385 0
145 0.01236887484491098 -0.01746289793669237 0
146 -0.02099592790144472 0.002466413731724486 0
147 0.002466413731724489 0.02099592790144471 0
148 0.02099395276929498 -0.002538273791317953 0
149 -0.002346820025336384 -0.02104232834955672 0
150 -0.02159428289879654 -0.005401290065478064 0
151 -0.005401290065478066 0.02159428289879653 0
152 0.02159428289879654 0.005401290065478068 0
153 0.005622916867227543 -0.02171836547988006 0
154 0.002144308803532969 -0.007240091356412916 0
155 0.008129142973458113 0.003924177472448115 0
156 -0.008832171653301654 5.061727463998662e-05 0
157 -0.003176559535164323 -0.01303764665735776 0
158 0.008917053636699781 -0.009874942087793499 0
159 0.01475004250640646 0.01815100045428822 0
160 -0.01815100045428822 0.01475004250640646 0
161 -0.01475004250640646 -0.01815100045428822 0
162 0.01813098675491003 -0.01498057067394407 0
163 0.02170174202536184 -0.008945749746316199 0
164 0.008945749746316191 0.02170174202536184 0
165 -0.02170174202536184 0.008945749746316182 0
166 -0.008888365273945667 -0.02159594226058694 0
167 0.01146702243188349 0.009070809373834237 0
168 -0.01438896086063074 0.002594222716150878 0
169 -0.009233472253330419 0.0118367318326507 0
170 -0.01174930804462264 -0.009253886048733492 0
171 0.002563398763403517 0.01479169419339398 0
172 0.01472421629226129 -0.002622613412052765 0
173 -0.002362092180004339 0.009539767548905197 0
174 -0.02300781608640678 -0.0107338490851672 0
175 0.02300781608640678 0.0107338490851672 0
176 0.01072235481747494 -0.02244797217848034 0
177 -0.0107338490851672 0.02300781608640677 0
178 -0.001106203703738228 0.02534011830748585 0
179 0.02534011830748585 0.001106203703738232 0
180 0.0008028844732849202 -0.02510735543313732 0
181 -0.02534011830748585 -0.001106203703738229 0
182 -0.0005137837202499439 0.00488042577374303 0
183 -0.001725059065076891 -0.0045018011897027 0
184 -0.004437425428265922 0.002237233475297194 0
185 0.004900834835966867 0.0002246960931131895 0
186 -0.01919287980071568 -0.01645735403563633 0
187 -0.01645735403563633 0.01919287980071568 0
188 0.01919287980071568 0.01645735403563633 0
189 0.01686638172998624 -0.01917822387969926 0
190 0.005466629570614131 0.02468455180951412 0
191 -0.02468455180951413 0.005466629570614126 0
192 -0.0056982797351619 -0.02483483306560355 0
193 0.02468455180951412 -0.005466629570614149 0
194 -0.0007490763325011519 -0.01628210721361049 0
195 -0.007361328136622752 0.01729455235473977 0
196 -0.01725373780143454 -0.007492277851325165 0
197 0.01722664856373024 0.007355723904257365 0
198 0.007341102317114595 -0.01753246253139058 0
199 -0.01870593412841892 -0.001606927007171729 0
200 -0.001678116787474801 0.01880670130174745 0
201 0.01870490798843167 0.001424035985901958 0
202 0.006747134522282431 0.01073929827199518 0
203 -0.01101291156983213 0.006290638313534755 0
204 0.01235049712943362 -0.01256206304338747 0
205 -0.005107895537010466 -0.01732242359904899 0
206 0.01123875862614969 -0.006399686406547615 0
207 -0.01022399023214776 -0.004515454936623731 0
208 0.01112573855877278 0.0008664725375575824 0
209 -0.006992568791969381 -0.01090902614870293 0
210 -0.01393397582428662 0.01330278672046869 0
211 0.01331406899040022 0.01390947490832704 0
212 -0.01330278672046869 -0.01393397582428662 0
213 -0.01829884164037627 0.005990853021643489 0
214 0.01830044121844613 -0.006017779325654006 0
215 0.006017779325653999 0.01830044121844612 0
216 -0.02206567208531884 0.01322425425976932 0
217 0.01322425425976932 0.02206567208531884 0
218 -0.01322425425976932 -0.02206567208531884 0
219 0.02206567208531885 -0.01322425425976932 0
220 0.001894716417822191 -0.01994043619016504 0
221 0.003692467424850006 0.004105037606862969 0
222 0.001251805632712019 -0.01118252332685884 0
223 0.006304798204746545 -0.00633693585298265 0
224 -0.005091957695871377 -0.002147748531920752 0
225 0.002597928490694911 -0.003151404102157663 0
226 -0.001864101998203611 -0.008341189413725837 0
227 0.008308440490885003 -0.01387329342699617 0
228 -0.00737973974965286 0.02485605520306669 0
229 0.007878495425607597 -0.02484622587661934 0
230 -0.0248560552030667 -0.007379739749652857 0
231 0.0248560552030667 0.007379739749652861 0
232 -0.01822014688076336 0.01105099337950286 0
233 0.01105099337950286 0.01822014688076336 0
234 -0.0111372073426575 -0.0180249503510499 0
235 0.01823184530711705 -0.01092774753555726 0
236 0.01078904799605173 0.005461638399082726 0
237 -0.01217000847926597 -0.0003041603388639383 0
238 -0.005246589327342672 0.01143515649892644 0
239 -0.0008436246106161322 0.01255696522147452 0
240 0.004956465955412043 -0.01065227196699553 0
241 0.01434414715638739 -0.02214938004491135 0
242 -0.01440893232253983 0.02187202038947396 0
243 0.02187202038947396 0.01440893232253982 0
244 -0.02187202038947396 -0.01440893232253983 0
245 -0.002209262920300658 -0.02629579341581172 0
246 0.026142094434317 -0.002363376485562259 0
247 -0.026142094434317 0.002363376485562258 0
248 0.002363376485562259 0.026142094434317 0
249 -0.009374515243271746 0.003463770493459037 0
250 0.00647317415860435 0.007655435880676137 0
251 0.009336343507554331 0.02511048933262105 0
252 -0.02511048933262105 0.009336343507554325 0
253 -0.008927112691282669 -0.02498295370947321 0
254 0.02511048933262105 -0.009336343507554336 0
255 -0.0178034773652359 -0.01998672059472134 0
256 0.0178034773652359 0.01998672059472134 0
257 0.01966989674123031 -0.017872904966282 0
258 -0.01998672059472134 0.0178034773652359 0
259 -0.02665356018293486 -0.00425921167217103 0
260 0.02665356018293486 0.004259211672171031 0
261 -0.004259211672171031 0.02665356018293486 0
262 0.003931626539079478 -0.02644642370843768 0
263 0.01511854158124234 0.009761595811023706 0
264 -0.01793963365685401 0.001484830771786347 0
265 0.01478993603895778 -0.01494049518371722 0
266 -0.005723596184927852 -0.02053432703202073 0
267 -0.005661454991197773 -0.01400147685692159 0
268 -0.01423715739049898 -0.006790381855710149 0
269 -0.0097932754142216 0.01527015990467081 0
270 0.01582881551756417 0.0004396691575464084 0
271 0.001436794993718667 0.01809218473776454 0
272 -0.01166254519756609 0.009454658626703994 0
273 0.005828551381741077 0.01383595023925658 0
274 0.004047203202845347 -0.01785349118594068 0
275 -0.008547648835409101 0.008514745058566468 0
276 0.00352686602914956 0.01157600193366401 0
277 -0.01611211880755483 -0.01512201325705336 0
278 -0.01513387368538435 0.01612560640792043 0
279 0.01612011678475374 0.01511579337540338 0
280 -0.0213593398860294 0.005718358953455259 0
281 0.005731716572846342 0.02137270430055921 0
282 0.02135521833177916 -0.005727614619696901 0
283 0.01422702215094937 -0.005753019157218245 0
284 0.01071070893754104 0.01238598703760409 0
285 -0.01528471584015217 0.005874472106173757 0
286 -0.01513561652715729 -0.009965344019851994 0
287 0.01804895416803201 -0.001693035779640937 0
288 -0.009758864596210665 -0.01166544615577878 0
289 -0.003098794201651146 0.006494391349925427 0
290 0.007913313179454949 0.000697417844201474 0
291 0.01158099445022709 -0.003548911493282561 0
292 0.0115220957095608 -0.009559907585654144 0
293 -0.009197426984139733 -0.008837453989888989 0
294 -0.008280085901580719 0.02050725298812311 0
295 -0.02050725298812313 -0.008280085901580712 0
296 0.02050725298812313 0.008280085901580719 0
297 0.008060558118870114 -0.02046078064296555 0
298 -0.002364668312606121 0.02198898795824399 0
299 -0.02198898795824399 -0.002364668312606124 0
300 0.021988987958244 0.002364668312606127 0
301 0.01538971536138013 -0.01184597832409827 0
302 0.01400315924547058 0.006354018704304444 0
303 -0.01544133884915052 -0.0008233934778301276 0
304 -0.006839484745280505 0.01392243556174844 0
305 -0.0004680002377671173 0.01549227284681117 0
306 -0.008237647953741019 -0.01839881871824485 0
307 0.005508688134478269 -0.003439708315146926 0
308 -0.004379804621949381 -0.008973836281069795 0
309 -0.004760532578243613 0.01900511138232247 0
310 -0.01905404617211363 -0.004707919411430214 0
311 0.01902692152251171 0.00470961301265231 0
312 0.0009605189127706206 -0.01368291521371594 0
313 -5.213173654290274e-05 0.007671700465518135 0
314 0.00125532585188345 0.002599410645002287 0
315 0.008949513565619805 0.007153307525964596 0
316 -0.01155694404437166 0.002091385898079939 0
317 0.01229400893374116 0.02468598933825657 0
318 -0.02468598933825657 0.01229400893374115 0
319 -0.0118574587574084 -0.02470351846481356 0
320 0.02468598933825657 -0.01229400893374116 0
321 -0.01603366831810197 -0.02244768668444354 0
322 -0.02244768668444353 0.01603366831810197 0
323 0.01603366831810197 0.02244768668444354 0
324 0.0223948827088617 -0.01604523958494299 0
325 -0.002404709060888956 -0.002078526092984312 0
326 -0.007375088608825588 -0.003952750551489794 0
327 -0.003114698180148016 -0.01548855040191617 0
328 -0.005528471428531715 0.008773340916653797 0
329 -0.001640525023313749 0.002294551785360865 0
330 -0.02000559008585273 -0.01179787427921937 0
331 -0.01179044048829524 0.02000983014640548 0
332 0.02000983014640549 0.01179044048829524 0
333 0.01235654047917474 -0.02015525473100604 0
334 0.0009941748421659383 0.0232109633862891 0
335 0.02321072825150938 -0.001002729611165152 0
336 -0.02321096338628911 0.0009941748421659368 0
337 -0.001396374492300295 -0.02360018059597211 0
338 0.002818413908117615 -0.0226558328445479 0
339 0.02551834045656044 0.01200956321838139 0
340 -0.01200956321838139 0.02551834045656044 0
341 -0.02551834045656044 -0.01200956321838139 0
342 0.01181445725992467 -0.02497957112703225 0
343 0.02785905751716636 0.001459821787915561 0
344 -0.001459821787915561 0.02785905751716636 0
345 -0.02785905751716636 -0.001459821787915563 0
346 0.001355867232300068 -0.02759931155093219 0
347 0.009409611209353012 -0.01624549974940336 0
348 0.0008257685609161711 0.01037365166298355 0
349 0.004494128368459036 -0.007936934678951096 0
350 -0.002654310598533646 -0.01834458927843294 0
351 -0.003306951746037324 -0.006538662531734636 0
352 0.008783355438302241 -0.005458031151106326 0
353 -0.003025351078773451 0.01202497647030979 0
354 -0.02024796530443281 -0.01855331592239961 0
355 0.02024796530443281 0.01855331592239962 0
356 -0.01855331592239962 0.02024796530443281 0
357 0.01866795730841128 -0.0205969168841572 0
358 -0.02645629285352618 0.006860116839027892 0
359 0.006860116839027893 0.02645629285352617 0
360 0.02645629285352617 -0.0068601168390279 0
361 -0.006754349104427893 -0.026964873138527 0
362 0.00622252498198805 -0.01529597398829249 0
363 -0.01149846994626647 -0.006681452316784477 0
364 0.01287897834825027 -0.0007571866234667823 0
365 0.0009681817064411939 -0.004951968296606006 0
366 -0.01568679949287535 0.0112464156867555 0
367 0.01127420787314492 0.01563199150877296 0
368 -0.01155806001462798 -0.01552759125996362 0
369 -0.01723290841374761 0.008476305574737341 0
370 0.008607628265636172 0.01712079027212512 0
371 0.01748123107124294 -0.008461797622928246 0
372 -0.006997368266328499 0.001785835049741522 0
373 -0.01176652745495499 0.01267034034976099 0
374 0.004404093792755432 0.01672237654947514 0
375 0.001660475372298123 -0.01678094428524302 0
376 -0.01822324125577172 -0.009840651645572244 0
377 0.01840980989925268 0.009743284503088371 0
378 -0.009785653456537516 0.01829223277052828 0
379 0.02074169254596946 -5.099476913848494e-05 0
380 7.938179044622814e-06 0.02075242389800864 0
381 -0.02076110186128099 -1.255551509548769e-05 0
382 0.005642959763039407 0.002644410502141361 0
383 0.01302745799324205 0.01139660912886138 0
384 -0.01686151657886693 0.003909810745076498 0
385 0.0001453199346609166 -0.002598276123558959 0
386 0.00193555007504159 0.006101789253710311 0
387 -0.004717384742481271 0.004426811967431708 0
388 0.01493367113175851 -0.0176418393150933 0
389 0.002304256988367669 -0.0003874516720102905 0
390 0.01004317363114973 -0.0190508112949897 0
391 -0.0121534696018961 -0.003039993433892352 0
392 0.01236515467276523 0.003494078585967986 0
393 -0.01287245110522376 -0.01977793392687596 0
394 0.01293800361062834 0.01980934889065432 0
395 0.01940014641842497 -0.01295807299861839 0
396 -0.01980934889065432 0.01293800361062834 0
397 -0.0127079101501161 -0.01181091858446772 0
398 0.01678993176734372 -0.004441320859030384 0
399 0.00376986622231445 -0.005480125455680621 0
400 -0.01656737302979204 -0.00507987478067437 0
401 0.01639838212809213 0.00501971192839663 0
402 -0.005079819842620827 0.01644442549466781 0
403 -0.02731240786192348 0.004696669353118445 0
404 0.02731240786192347 -0.004696669353118452 0
405 0.004696669353118446 0.02731240786192348 0
406 -0.004356686237511522 -0.02748027707420534 0
407 0.02188945349292746 0.01702370155919957 0
408 -0.02188945349292746 -0.01702370155919957 0
409 -0.01702370155919957 0.02188945349292746 0
410 0.01679636717477322 -0.02218171302622773 0
411 0.005784852033226171 -0.01959118107421909 0
412 0.02712812342252215 0.006679023226246777 0
413 -0.006679023226246768 0.02712812342252214 0
414 -0.02712812342252215 -0.006679023226246775 0
415 0.006826925354224352 -0.02686979920748556 0
416 0.009830870184250884 -0.01182382154962882 0
417 -0.004336670950171979 -0.02253917153913733 0
418 -0.006828805799371286 -0.02283236519245133 0
419 0.01687817447936858 -0.01692280680374717 0
420 -0.0238537883383822 -0.004688100477196222 0
421 -0.004688100477196225 0.02385378833838219 0
422 0.0238537883383822 0.004688100477196225 0
423 0.01890978860351487 0.01396902296758372 0
424 -0.0189002176942359 -0.01398424247085108 0
425 -0.01397263902957992 0.01891088652814821 0
426 0.02327730911928293 -0.003419724815671283 0
427 -0.02327857548351887 0.003401790716704413 0
428 0.003404462240582632 0.02328124836642483 0
429 -0.01721256086024039 -0.01758398143720823 0
430 0.0172129772480579 0.01758365761996281 0
431 -0.0175845989105699 0.01721326304684834 0
432 0.007395101899371466 0.02346980141918749 0
433 -0.02346910564583631 0.007394406479786335 0
434 0.02346889107095863 -0.007394888344959286 0
435 0.006402046967545373 -0.001376817387458904 0
436 0.004899536982611774 0.009105995114125163 0
437 -0.008698040996367978 0.005723677539847991 0
438 0.0003984498417238588 -0.008925038160457472 0
439 0.009154089343491562 0.0101640344872141 0
440 -0.01301906398538818 0.00465247934501373 0
441 0.008274182199683183 0.01257784544525073 0
442 -0.01323759967248718 0.007192524496169443 0
443 0.01661861463902386 0.002768279894506567 0
444 0.0115883933919462 -0.01487530348167896 0
445 0.0003648971284073475 -0.02203802832448811 0
446 -0.004532660852448203 -0.004412256250067127 0
447 -0.01685416867675302 -0.003086617529429425 0
448 -0.0003789778326979709 -0.01895120469714372 0
449 0.009038087986666679 -0.007693461411599189 0
450 -0.01357380303482717 0.01112418599253771 0
451 0.006706839688732672 0.01613328332180484 0
452 -0.001450459964139547 -0.01105223297524045 0
453 0.01031761654083178 -0.001239618472502638 0
454 0.01006447947610056 0.002888756967851576 0
455 -0.009755696279591488 -0.002248203704693982 0
456 -0.01500774723799272 -0.01248357170619381 0
457 0.01912704527614714 -0.003914056578967302 0
458 0.007240941417406152 -0.01156599096763441 0
459 0.009804111496605143 -0.02612304522885097 0
460 -0.009804111496605143 0.02612304522885097 0
461 -0.02612304522885098 -0.009804111496605138 0
462 0.02612304522885098 0.00980411149660515 0
463 0.0150313970969439 0.01245441469386457 0
464 -0.01912970533933542 0.00389694863423783 0
465 -0.003127113528647404 0.01686330552749638 0
466 0.005782644575631269 -0.02420439543278929 0
467 -0.02412021488150135 0.01447218812140904 0
468 0.01447218812140904 0.02412021488150135 0
469 -0.01441754207723617 -0.02414278827344854 0
470 0.02410965408638498 -0.01447450237477724 0
471 -0.008451547321089631 -0.006352604438892974 0
472 -0.007617489359531044 0.02268972547976524 0
473 -0.02268972547976525 -0.007617489359531028 0
474 0.007617489359531031 -0.02268972547976525 0
475 0.02268972547976525 0.007617489359531032 0
476 -0.01256410017903679 0.0150643359211052 0
477 0.00397812332140186 0.01921021284842082 0
478 -0.00689774412226398 -0.01591415950332411 0
479 0.01347657840243243 -0.01056246286002842 0
480 0.006171338239334599 0.005314587522746144 0
481 -0.004609433810774548 -0.01143999021153861 0
482 -0.007721485539064803 -0.01305548843206757 0
483 -0.01622515926751958 0.01329516894021079 0
484 0.01330188590684164 0.01620568142551099 0
485 -0.01344984958409426 -0.01615810582758708 0
486 -0.01959215350511961 0.008172948723878732 0
487 0.008187541123053936 0.01958389209788977 0
488 0.01961404968774448 -0.008164311663887031 0
489 -0.02257529351579821 0.01108184870436636 0
490 0.01108184870436637 0.0225752935157982 0
491 -0.01108184870436637 -0.0225752935157982 0
492 0.02257529351579823 -0.01108184870436637 0
493 0.01298901219502128 -0.007835575511532239 0
494 0.003520174986934097 0.001882203491115366 0
495 0.004259148059114586 0.006689333465522057 0
496 0.003120638524095698 -0.01229508777779413 0
497 0.003981865964197912 -0.02036298826236999 0
498 0.00274111746352046 -0.009599718946018687 0
499 -0.005889649675227875 9.046637600070485e-05 0
500 0.01370915616474499 -0.02424034403533479 0
501 0.02430586214311876 0.01381061273918222 0
502 -0.01381061273918222 0.02430586214311875 0
503 -0.02430586214311875 -0.01381061273918223 0
504 -0.0007989115349801765 -0.02796555922771279 0
505 0.02783936241182688 -0.00054757304076045 0
506 -0.02783936241182689 0.00054757304076045 0
507 0.0005475730407604508 0.02783936241182688 0
508 -0.0007440189211106666 -0.006584831385582683 0
509 -0.003144677055922526 0.0001740957524543068 0
510 0.02033231694174917 -0.01501620849671135 0
511 0.0149498892120284 0.02049208574188525 0
512 -0.01493677871094749 -0.02048580274912958 0
513 -0.02049208574188525 0.0149498892120284 0
514 -0.002734133387333034 0.004152825925900935 0
515 -0.007291519500670557 0.0106949685332931 0
516 0.001396222595326722 0.01287503176547778 0
517 -0.007343765629319926 -0.00168998890700643 0
518 0.006825245928231705 -0.009010089494326062 0
519 0.005501043655701763 -0.01312134662277603 0
520 0.01457579723406867 -0.01985879825809939 0
521 -0.003525439939790475 -0.02481698324947398 0
522 -0.02057591487715293 0.01087868901392353 0
523 0.01088042620430154 0.02057493137629223 0
524 -0.0109069624399506 -0.02040643514297912 0
525 0.0205981248399609 -0.01088366415141909 0
526 -0.006848464455297115 0.00401621064038819 0
527 -0.001424179297376527 -0.01392552395216754 0
528 -0.01274744671078906 -0.00499705949252467 0
529 0.01380879260959431 0.001710932071061115 0
530 0.01635024930261057 -0.006727234534761171 0
531 0.01725913346011189 -0.01293320328165275 0
532 0.004254873691699064 -0.001721308760452181 0
533 -0.006737745645890962 -0.008472252634661169 0
534 -0.0112833372983197 -0.0135947946824803 0
535 0.007813631751047956 0.008909735183945118 0
536 0.007711343862112078 0.007404371703320367 0
537 0.009051801454555683 0.008658671006589347 0
538 -0.01228800401487992 0.003371932621546835 0
539 -0.0104657296438217 0.002777578195769488 0
540 -0.01119678961432996 0.004058124919236384 0
541 0.006610154340443391 0.009197367076335658 0
542 0.007950611932886997 0.01045166637960464 0
543 -0.01201598777761016 0.005471558829274243 0
544 -0.01019371340655194 0.004877204403496896 0
545 0.006322256198969475 0.006485011701711141 0
546 0.007560425902477202 0.00623394752435537 0
547 0.0162169256881568 -0.008712026665951608 0
548 0.01517116783322539 -0.01040411701653662 0
549 0.01643547321631153 -0.01015388797351326 0
550 0.01785653818918 -0.009694772579242752 0
551 0.01681078033424859 -0.01138686292982776 0
552 -0.005055960666321144 0.02803855929751714 0
553 -0.003599862941025371 0.02825455099155073 0
554 -0.02803855929751714 -0.005055960666321144 0
555 -0.02825455099155073 -0.00359986294102537 0
556 0.02803855929751714 0.005055960666321144 0
557 0.02825455099155073 0.003599862941025371 0
558 0.004892168099775367 -0.02793499106026855 0
559 0.003436070374479594 -0.02815098275430215 0
560 0.007150240606396356 0.00461938249759713 0
561 0.008539328269538959 0.005538742499206356 0
562 -0.02150670308612976 -0.01126586168219328 0
563 -0.02025642153698793 -0.01003898009040004 0
564 -0.02175753453726496 -0.009506967493373956 0
565 -0.01126214478673122 0.02150882311640612 0
566 -0.01003526319493798 0.0202585415672643 0
567 -0.00950696749337396 0.02175753453726494 0
568 0.02150882311640614 0.01126214478673122 0
569 0.02025854156726431 0.01003526319493798 0
570 0.02175753453726496 0.00950696749337396 0
571 -0.001735436008172174 0.02366455313286492 0
572 -0.0006852467352200913 0.02259997567226654 0
573 -5.601443078614478e-05 0.02427554084688748 0
574 -0.02366455313286492 -0.001735436008172176 0
575 -0.02259997567226655 -0.0006852467352200936 0
576 -0.02427554084688748 -5.601443078614608e-05 0
577 0.02366455313286493 0.001735436008172179 0
578 0.02259985810487669 0.0006809693507204875 0
579 0.02427542327949762 5.173704628653997e-05 0
580 -0.01911441567081223 -0.01081926296239581 0
581 -0.01936524712194743 -0.009060368773576478 0
582 -0.01078804697241638 0.01915103145846688 0
583 -0.009032869679059117 0.01939974287932569 0
584 0.01920982002282908 0.01076686249569181 0
585 0.0194585314436879 0.009011685202334545 0
586 -0.001178365066780749 0.02137070592812632 0
587 0.0005010565106052805 0.02198169364214887 0
588 -0.02137504490976249 -0.001188611913850806 0
589 -0.02198603262378505 0.0004908096635352245 0
590 0.02136534025210673 0.001156836771733821 0
591 0.02197621039873942 -0.0005268621901518185 0
592 -0.007498614554591952 0.02377289034141596 0
593 -0.006152794918363635 0.02327175690907372 0
594 -0.006033920113424542 0.02435492177072444 0
595 -0.02377289034141598 -0.007498614554591942 0
596 -0.02327175690907372 -0.006152794918363625 0
597 -0.02435492177072445 -0.00603392011342454 0
598 0.02377289034141598 0.007498614554591947 0
599 0.02327175690907372 0.006152794918363629 0
600 0.02435492177072445 0.006033920113424543 0
601 -0.01011313617641628 -0.01653049596947733 0
602 -0.00968742764819926 -0.01821188453464737 0
603 -0.00866335648195804 -0.01671743015307481 0
604 0.01350839640278876 0.003666762122443761 0
605 0.01432739868914143 0.00509673218161199 0
606 0.01318415695911791 0.004924048645136215 0
607 -0.01379740422552331 -0.00193169345586124 0
608 -0.015065159303487 -0.002375488792189497 0
609 -0.0134212246798598 -0.003483788770220609 0
610 0.01157710133440848 0.004477858492525356 0
611 0.01239610362076116 0.005907828551693585 0
612 -0.01380567366420824 -0.000563776908347033 0
613 -0.01216173904058104 -0.001672076886378145 0
614 -0.01619467716429591 -0.008728810935588579 0
615 -0.01468638695882813 -0.008377862937781071 0
616 -0.01574544759596676 -0.007141329853517658 0
617 0.01726686175299792 0.0009318525717241832 0
618 0.01693888484279809 -0.0006266833110472643 0
619 0.01837693107823184 -0.0001344998968694894 0
620 -0.002859516730043296 0.02725630885005061 0
621 -0.002200167998897635 0.02885729965866649 0
622 0.002643746885689773 -0.02702286762968494 0
623 0.002148190721089889 -0.0287274266755494 0
624 0.02725630885005061 0.002859516730043296 0
625 0.02885729965866649 0.002200167998897635 0
626 -0.02725630885005061 -0.002859516730043297 0
627 -0.02885729965866649 -0.002200167998897636 0
628 -0.004494619216361965 -0.0102069132463042 0
629 -0.003029946887457047 -0.01124611159338953 0
630 -0.002915132293044464 -0.01001303462815512 0
631 -0.004473656074683629 0.02525367426065853 0
632 -0.005819475710911946 0.02575480769300078 0
633 -0.02525367426065853 -0.004473656074683627 0
634 -0.02575480769300078 -0.005819475710911943 0
635 0.02525367426065853 0.004473656074683629 0
636 0.02575480769300078 0.005819475710911947 0
637 0.01112803521396761 0.007266223886458482 0
638 0.01273509083867704 0.007712414039069341 0
639 -0.01491514985489063 0.0008854146191603752 0
640 -0.01327948466994835 0.00114503118864347 0
641 -0.002313509749651935 -0.01204493981629911 0
642 -0.003892996672969436 -0.01223881843444818 0
643 0.009459095484754921 0.004692907935765421 0
644 0.009869280780835769 0.006307472962523661 0
645 -0.01019455784883666 0.001071001586359963 0
646 -0.01186347626181881 0.0008936127796080002 0
647 -0.01050109006628381 -0.0001267715321119758 0
648 -0.01075408632041665 -0.01045966610225614 0
649 -0.0094781457901752 -0.01025145007283388 0
650 -0.01047336751438119 -0.009045670019311241 0
651 -0.008094997888054557 -0.00987324006929596 0
652 -0.008375716694090023 -0.01128723615224085 0
653 0.002367255506182199 -0.0257768895707875 0
654 0.003375020223598546 -0.02455112827649279 0
655 0.001810649190701268 -0.02388159413884261 0
656 -0.02393193564473674 -0.009056794417410028 0
657 -0.02548955021595884 -0.008591925623128997 0
658 -0.02456543065762888 -0.01026898029088617 0
659 -0.00905679441741003 0.02393193564473673 0
660 -0.008591925623129002 0.02548955021595883 0
661 -0.01026898029088617 0.02456543065762887 0
662 0.02393193564473674 0.00905679441741003 0
663 0.02548955021595884 0.008591925623129005 0
664 0.02456543065762888 0.01026898029088617 0
665 0.009300425121541268 -0.02364709902754984 0
666 0.00884130346110637 -0.02548463555273515 0
667 0.01026323315704004 -0.02428550870366566 0
668 -0.01773848952860313 -0.008666464748448705 0
669 -0.01667942889146451 -0.009902997832712118 0
670 0.01939532335700073 -0.0008720152743897109 0
671 0.01972330026720057 0.0006865206083817366 0
672 -0.005044695271337146 0.02272403561858936 0
673 -0.006509389712504554 0.02214200418928088 0
674 -0.02272403561858937 -0.005044695271337144 0
675 -0.0221420041892809 -0.006509389712504546 0
676 0.02272403561858937 0.005044695271337146 0
677 0.0221420041892809 0.00650938971250455 0
678 -0.009103343448286699 0.001757193884049512 0
679 -0.005415745860969158 -0.01892837531553486 0
680 -0.004188953391730749 -0.01943945815522684 0
681 -0.003881103067772056 -0.01783350643874097 0
682 -0.002500565311935015 -0.01969345881399483 0
683 -0.004035208105132118 -0.02078832769078873 0
684 0.01273289038854953 -0.00607635278188293 0
685 0.01290400830058823 -0.004650965325250403 0
686 0.01140987653818839 -0.004974298949915088 0
687 0.01315260537124419 -0.003085762452667663 0
688 0.01447561922160533 -0.004187816284635505 0
689 -0.003121953310076496 -0.008657512847397816 0
690 -0.001657280981171579 -0.009696711194483143 0
691 0.01456085041335646 0.008057807257664074 0
692 0.01329278200656291 0.009416202592428972 0
693 -0.01616429725874238 0.002039526743968612 0
694 -0.01669048625300226 0.0003307186469781097 0
695 0.01617259507248629 0.008558659857640535 0
696 0.01561490390460041 0.006854871304280905 0
697 -0.01707363648878472 -0.001215160242500928 0
698 -0.01832278389263646 -6.104811769269106e-05 0
699 -0.0215885170977859 0.01841763794509191 0
700 -0.02059996201513897 0.01950834040043608 0
701 0.01841763794509191 0.0215885170977859 0
702 0.01950834040043608 0.02059996201513897 0
703 -0.01841763794509191 -0.0215885170977859 0
704 -0.01950834040043608 -0.02059996201513897 0
705 0.02143010517104038 -0.01845235174561496 0
706 0.02044155008839345 -0.01954305420095913 0
707 0.02690934970229091 -0.009022441912603164 0
708 0.02641343765397489 -0.01040842323926543 0
709 -0.00881782650446733 -0.02684558189071699 0
710 -0.01020380783112959 -0.02634966984240097 0
711 -0.02690934970229091 0.009022441912603159 0
712 -0.02641343765397489 0.01040842323926542 0
713 0.009022441912603162 0.02690934970229091 0
714 0.01040842323926543 0.02641343765397489 0
715 -0.009780280202620615 0.007402691686050612 0
716 -0.0101050970164876 0.00898470184263523 0
717 -0.01133772838369911 0.007872648470119373 0
718 0.006287842952011754 0.01228762425562588 0
719 0.004677708705445319 0.01270597608646029 0
720 0.005137000275715995 0.01115765010282959 0
721 0.02105076794345984 0.006840687983529393 0
722 0.01976708725531742 0.006494849457116515 0
723 0.02031060221065412 0.005055451539065189 0
724 -0.006840687983529393 0.02105076794345982 0
725 -0.006520309239912167 0.01975618218522279 0
726 -0.00508091132186084 0.0202996971405595 0
727 -0.02105076794345984 -0.006840687983529388 0
728 -0.01978064958011838 -0.006494002656505463 0
729 -0.02032416453545509 -0.005054604738454139 0
730 -0.006060930357433183 0.01814983186853112 0
731 -0.007820707019101735 0.01890090267143144 0
732 -0.01815389198677408 -0.00610009863137769 0
733 -0.01888049539477883 -0.007886181876452939 0
734 0.01812678504312097 0.006032668458454838 0
735 0.01886695077592668 0.007817904902919042 0
736 -0.003562600445424867 0.02049704967028323 0
737 -0.003882979189042094 0.02179163542852026 0
738 0.02050795474037785 0.003537140662629219 0
739 0.02179163542852027 0.003882979189042097 0
740 -0.02052151706517881 -0.003536293862018169 0
741 -0.02179163542852026 -0.003882979189042094 0
742 -0.002021392550040461 0.02039784462999572 0
743 -0.003219324682859207 0.01890590634203496 0
744 0.02034694797333783 0.001894352149254042 0
745 0.01886591475547169 0.003066824499277134 0
746 -0.02034746104333145 -0.001985797659888927 0
747 -0.01887999015026627 -0.003157423209300972 0
748 0.01153944764832484 -0.02130161345474319 0
749 0.01119985705516224 -0.01960303301299787 0
750 0.01038276422431234 -0.02074939173673502 0
751 0.009051865875009921 -0.01975579596897763 0
752 0.009391456468172528 -0.02145437641072295 0
753 -0.01898017467247127 0.0138440230585174 0
754 -0.01901474788570884 0.0119944984950656 0
755 -0.01818557366752579 0.01290051794295466 0
756 0.0138440230585174 0.01898017467247127 0
757 0.0119944984950656 0.01901474788570884 0
758 0.01290051794295466 0.01818557366752579 0
759 -0.01381124680581511 -0.01896446719058209 0
760 -0.01200482922394063 -0.01890144213896293 0
761 -0.01294362492453198 -0.01808797540266906 0
762 0.009948416941415602 -0.01437429845433756 0
763 0.01070963178809854 -0.01334956251565389 0
764 0.009069655337567943 -0.01284855748831249 0
765 -0.008262495877000488 0.0112658501829719 0
766 -0.00706550212297553 0.01230870204752077 0
767 -0.008036478499305461 0.01287958369719957 0
768 0.0010476992628182 0.01514198352010258 0
769 0.0004641111787798024 0.01418365230614448 0
770 0.00197981067936512 0.01383336297943588 0
771 -0.0171880798609039 0.01402260572330863 0
772 -0.01722265307414147 0.01217308115985682 0
773 -0.01409994604525036 -0.01715455314093765 0
774 -0.01229352846337588 -0.01709152808931849 0
775 0.01402596420662405 0.0171783409398996 0
776 0.01217643964317225 0.01721291415313718 0
777 0.004857135557355374 -0.02532540957061349 0
778 0.004300529241874442 -0.0234301141386686 0
779 -0.005244291471205583 0.01424522608684071 0
780 -0.006043037036311589 0.01267879603033744 0
781 -0.004447843762236667 0.01300158655542972 0
782 -0.002246361403873397 0.01356249091670375 0
783 -0.0006558124241916247 0.01402461903414285 0
784 -0.002058549217448889 0.01503014472937208 0
785 -0.0007681618095440838 0.009956709605944372 0
786 -8.928024849980533e-06 0.01146530844222904 0
787 -0.001602858395310235 0.01104836638518986 0
788 0.007544076821524393 -0.005897483502044488 0
789 0.007146021786390256 -0.004448869733126626 0
790 0.005906743169612406 -0.004888322084064788 0
791 0.006981664819963646 -0.003144294458818954 0
792 0.008618998471875632 -0.004153455876798654 0
793 -0.008316380079751053 0.01459629773320963 0
794 -0.009513373833776009 0.01355344586866076 0
795 0.002000096878561092 0.01644193946557926 0
796 0.0004843973779757748 0.01679222879228786 0
797 -0.009175669222349123 0.022848770783086 0
798 -0.02284877078308602 -0.009175669222349114 0
799 0.009169922088502985 -0.02256884882912279 0
800 0.007747992392569314 -0.02376797567819229 0
801 0.02284877078308602 0.009175669222349116 0
802 -0.002064884062982923 -0.003290163641343506 0
803 -0.00346868495666858 -0.00324539117152572 0
804 -0.003128859958762547 -0.004457028719884914 0
805 -0.01032356251240152 -0.0152818164239342 0
806 -0.01134763367864274 -0.01677627080550676 0
807 -0.0104999998541427 0.01225353609120584 0
808 -0.01171453632626054 0.01106249948823249 0
809 -0.01044800872544826 0.01064569522967735 0
810 0.004195975072572296 0.01431382221632528 0
811 0.005116322587248255 0.01527916339436586 0
812 0.003483746278079475 0.01575703537143456 0
813 -0.01904654874747579 -0.0152207982532437 0
814 -0.02038611904185493 -0.01419658739669545 0
815 -0.02053245009509482 -0.01543314317908808 0
816 -0.01521499653260813 0.01905188316443195 0
817 -0.01419078567605988 0.02039145345881108 0
818 -0.01543314317908808 0.02053245009509482 0
819 0.01905133420211528 0.01521318850161003 0
820 0.02039090449649442 0.01418897764506177 0
821 0.02053245009509482 0.01543314317908808 0
822 0.003915003028088195 0.02541332312191556 0
823 0.002883919363072446 0.02471167140037091 0
824 0.004435545905598382 0.02398290008796947 0
825 -0.02541332312191556 0.003915003028088192 0
826 -0.02471033495891794 0.002882583601133335 0
827 -0.0239815636465165 0.004434210143659269 0
828 0.02541332312191556 -0.003915003028088204 0
829 0.02470970177679997 -0.002891550650616771 0
830 0.02398093046439852 -0.004443177193142716 0
831 -0.02365683911476277 -0.01227223091217471 0
832 -0.02308894126629635 -0.01410977253086103 0
833 -0.02243991823794037 -0.01257139070385352 0
834 0.02365683911476277 0.01227223091217471 0
835 0.02308894126629636 0.01410977253086102 0
836 0.02243991823794037 0.01257139070385351 0
837 0.01221575549110997 -0.02334415810690757 0
838 0.01402665166056619 -0.02319486204012307 0
839 0.01253325098693116 -0.02229867611169584 0
840 -0.01227223091217471 0.02365683911476276 0
841 -0.01410977253086102 0.02308894126629635 0
842 -0.01257139070385352 0.02243991823794036 0
843 0.02574110637090143 -0.0006285863909120136 0
844 0.02699072842307194 -0.001455474763161355 0
845 0.02658974035965637 0.000279315331488891 0
846 -0.000703189223507869 -0.02570157442447452 0
847 -0.001504087227640417 -0.02713067632176226 0
848 1.986469152371836e-06 -0.02653645733042505 0
849 0.0006285863909120156 0.02574110637090143 0
850 0.001455474763161355 0.02699072842307194 0
851 -0.0002793153314888886 0.02658974035965637 0
852 -0.02574110637090143 0.0006285863909120144 0
853 -0.02699072842307194 0.001455474763161354 0
854 -0.02658974035965637 -0.0002793153314888895 0
855 0.0135702165841957 -0.01375127911355235 0
856 0.01508982570016896 -0.01339323675390774 0
857 0.01387010624540688 -0.01220402068374287 0
858 -0.02582069284270571 -0.01090683735749326 0
859 -0.02426307827148361 -0.0113717061517743 0
860 -0.01090683735749327 0.0258206928427057 0
861 -0.0113717061517743 0.02426307827148361 0
862 0.02582069284270571 0.01090683735749327 0
863 0.02426307827148361 0.0113717061517743 0
864 0.01080928437826491 -0.02555130817794161 0
865 0.01126840603869981 -0.0237137716527563 0
866 -0.006269054414006615 0.01106506251610977 0
867 0.000276298992355295 0.01271599849347615 0
868 -0.001283012745826894 0.0265995879123261 0
869 -0.002682707687954629 0.02599683924521036 0
870 -0.0265995879123261 -0.001283012745826896 0
871 -0.02599683924521036 -0.00268270768795463 0
872 0.001079375852792494 -0.02635333349203475 0
873 0.0265995879123261 0.001283012745826896 0
874 0.02599683924521036 0.002682707687954632 0
875 0.002970959810333769 -0.01889696368805286 0
876 0.002853839287571735 -0.01731721773559185 0
877 0.001777595895060157 -0.01836069023770403 0
878 0.01781822923149146 0.008549504203672868 0
879 0.01676417574024751 0.009752440157056039 0
880 0.01623631873873391 0.01091709521353378 0
881 0.01788195289773908 0.01090793955956611 0
882 -0.0193503677590675 0.0007361376283454296 0
883 -0.01973351799484995 -0.0008097412611336084 0
884 -0.02087851488136286 0.001226929108314499 0
885 -0.01946778077914936 0.001975622251755417 0
886 -0.0002449705256844631 -0.0123675740944782 0
887 -0.001437319630758037 -0.01248887846370399 0
888 -0.0002318301923029532 -0.01380421958294174 0
889 -9.932716571376397e-05 -0.01111737815104965 0
890 0.00110616227274132 -0.01243271927028739 0
891 0.01020826799875165 0.008112058449899416 0
892 -0.0129729524525012 0.002342804307115408 0
893 0.000640748769800076 -0.01786607449119337 0
894 0.0007578692925621101 -0.01944582044365438 0
895 -0.0002829577283964233 0.006276063119630582 0
896 -0.001575462969097024 0.007083045907721781 0
897 -0.001806288960950545 0.005687408561834228 0
898 -0.002730443190827742 0.008017079449415312 0
899 -0.001207111958273621 0.008605734007211666 0
900 0.01109068365684225 -0.01219294229650815 0
901 0.01196944526068991 -0.01371868326253322 0
902 -0.008577301775422177 0.01628235612970529 0
903 -0.007100406440951628 0.0156084939582441 0
904 -0.001073058512620959 0.01714948707427931 0
905 -0.000120660896878067 0.01844944301975599 0
906 -0.00481230927415979 -0.00328000239099394 0
907 -0.003748333378380167 -0.002113137312452532 0
908 -0.003804340753673505 0.01048746202391582 0
909 -0.005387530377937193 0.01010424870779012 0
910 -0.003945281804268027 0.009156554232779498 0
911 -0.00889056054436976 0.01017573844560858 0
912 0.003045132396276538 0.013183848063529 0
913 -0.01267016524489108 0.01189726317114935 0
914 -0.01261817411619663 0.01028942230962085 0
915 0.006267695535236874 0.01498461678053071 0
916 0.005555466740744051 0.01642782993563999 0
917 -0.01299323271756081 -0.008022133952221821 0
918 -0.01344246228588996 -0.009609615034292744 0
919 0.01638658523014665 -0.002157824595846851 0
920 0.01527651590491273 -0.001091472127253178 0
921 -0.007305980729436759 -0.02106513464630384 0
922 -0.006980622069334435 -0.01946657287513279 0
923 -0.008563006613843342 -0.0199973804894159 0
924 -0.01096285237942873 -0.00127618202177896 0
925 -0.009293933966446571 -0.001098793215026998 0
926 0.009096811224779337 0.003406467220149846 0
927 0.01042676373607614 0.004175197683467151 0
928 -0.004135970203058062 0.01173006648461812 0
929 -0.003337224637952056 0.01329649654112139 0
930 -0.001934487844694792 0.01229097084589216 0
931 -0.002693721629388895 0.01078237200960749 0
932 0.01820292852438679 0.01702050582779957 0
933 0.01972042255257424 0.01750533497901798 0
934 0.01873047127624535 0.01806848677118121 0
935 -0.01702097647310312 0.01820307142378201 0
936 -0.01750533497901798 0.01972042255257424 0
937 -0.01806895741648476 0.01873061417564057 0
938 -0.01820272033047804 -0.01702066773642228 0
939 -0.01972042255257424 -0.01750533497901797 0
940 -0.0187302630823366 -0.01806864867980392 0
941 0.0249625919622424 -0.007127502591993593 0
942 0.02557042233152015 -0.006163373204821024 0
943 0.02407672144023638 -0.006430758957786717 0
944 0.00712760936919968 0.02496304713635683 0
945 0.006163373204821012 0.02557042233152015 0
946 0.006430865734992798 0.02407717661435081 0
947 -0.02496269924968125 0.007127261659407113 0
948 -0.02557042233152015 0.006163373204821009 0
949 -0.02407682872767522 0.00643051802520023 0
950 -0.01753273342152495 -0.022819000142647 0
951 -0.01691857284166894 -0.02121720363958244 0
952 -0.022819000142647 0.01753273342152495 0
953 -0.02121720363958244 0.01691857284166894 0
954 0.01753273342152495 0.022819000142647 0
955 0.01691857284166894 0.02121720363958244 0
956 0.02279259815485608 -0.01753851905494545 0
957 0.021032389725046 -0.0169590722756125 0
958 -0.02489823933543881 0.01081517622064774 0
959 -0.02620118765679265 0.01188725595235884 0
960 0.01081517622064775 0.02489823933543881 0
961 0.01188725595235884 0.02620118765679265 0
962 0.02489823933543881 -0.01081517622064775 0
963 0.02620118765679265 -0.01188725595235884 0
964 -0.01039228572434553 -0.02484323608714339 0
965 -0.01166898086419246 -0.02620995222007114 0
966 0.01018217494426467 -0.004503471322194443 0
967 0.01001781797783806 -0.003198896047886771 0
968 0.01001105703222597 -0.00592885877882697 0
969 -0.0162270479573698 -0.01105019123982926 0
970 -0.01777086032167702 -0.01098784505268938 0
971 0.02086782265763222 -0.001294634280228219 0
972 0.0195214534686635 -0.002115654785479445 0
973 0.0175082273066469 0.01878518910734207 0
974 0.01902572133483435 0.01927001825856048 0
975 -0.01878565975264562 0.01750837020604212 0
976 -0.01927001825856048 0.01902572133483435 0
977 -0.01750801911273814 -0.01878535101596478 0
978 -0.01902572133483435 -0.01927001825856047 0
979 0.008098230173291112 0.02578339109307361 0
980 0.008365722703462898 0.02429014537590427 0
981 0.02578339109307361 -0.008098230173291119 0
982 0.02428969020178984 -0.008365615926256811 0
983 -0.02578339109307361 0.008098230173291109 0
984 -0.02428979748922868 0.00836537499367033 0
985 0.01229413843177257 0.01477073320855 0
986 0.01099245840534298 0.01400898927318852 0
987 0.01201238896397063 0.01314773097296557 0
988 0.009781294478845303 0.01363100214021228 0
989 0.01006304394664724 0.01525400437579671 0
990 -0.01602603780910021 0.008711517076868373 0
991 -0.01625881212694989 0.007175388840455548 0
992 -0.01505194152230249 0.00741060034258658 0
993 -0.01679177874026422 0.005932662563908623 0
994 -0.01776587502706194 0.007233579298190415 0
995 -0.00596571017383685 0.007472133630363344 0
996 -0.007038060131970408 0.008644042987610134 0
997 -0.007475298877275543 0.007342835701319678 0
998 -0.02093880523766335 -0.0131034033008796 0
999 0.01335034381778107 -0.0211523173879587 0
1000 -0.01309968640541754 0.02094092526793972 0
1001 0.02094092526793973 0.01309968640541753 0
1002 0.001678775663864099 0.02467652891030305 0
1003 -0.02467652891030305 0.001678775663864097 0
1004 -0.0002967450095076874 -0.02435376801455472 0
1005 -0.001802818706300477 -0.02494798700589192 0
1006 0.02467641134291319 -0.001683053048363706 0
1007 -0.009036278119819862 0.004593724016653514 0
1008 -0.009855476283100054 0.006007157926691373 0
1009 0.005823335752447103 0.009922646693060172 0
1010 0.005686355570608062 0.008380715497400651 0
1011 0.0249121012998396 0.01291008797878181 0
1012 0.01276180671233483 -0.02460995758118352 0
1013 -0.0249121012998396 -0.01291008797878181 0
1014 -0.01291008797878181 0.0249121012998396 0
1015 0.02784920996449662 0.0004561243735775555 0
1016 -0.0004561243735775551 0.02784920996449662 0
1017 0.0002784778486599458 -0.02778243538932249 0
1018 -0.02784920996449663 -0.0004561243735775564 0
1019 -0.0009909614484645182 -0.02154017833702242 0
1020 -7.040352145311704e-06 -0.02049461651081592 0
1021 -0.001362898929017177 -0.01999676652335022 0
1022 0.02188073694120071 0.0157163169408697 0
1023 0.02054116664682157 0.01674052779741795 0
1024 -0.0157163169408697 0.02188073694120071 0
1025 -0.01674052779741795 0.02054116664682157 0
1026 -0.02188073694120071 -0.0157163169408697 0
1027 -0.02054116664682157 -0.01674052779741795 0
1028 0.0259984798357188 -0.0050816494618663 0
1029 0.02672725114812024 -0.003530022919340355 0
1030 0.005081649461866289 0.0259984798357188 0
1031 0.003530022919340352 0.02672725114812024 0
1032 -0.0259984798357188 0.005081649461866285 0
1033 -0.02672725114812024 0.003530022919340351 0
1034 0.01001379922534128 0.02213851777058002 0
1035 0.01020909610596035 0.02384289142420962 0
1036 0.009141046626935261 0.02340611567899144 0
1037 -0.02213851777058003 0.01001379922534127 0
1038 -0.02384289142420963 0.01020909610596034 0
1039 -0.02340611567899144 0.009141046626935254 0
1040 -0.009985106989156018 -0.02208561788819257 0
1041 -0.01000448069782452 -0.02377912361263571 0
1042 -0.008907738982614169 -0.02328944798503008 0
1043 0.02213851777058003 -0.01001379922534128 0
1044 0.02384289142420964 -0.01020909610596035 0
1045 0.02340611567899144 -0.009141046626935267 0
1046 -0.007567696038002499 -0.01715648911078448 0
1047 -0.00799340456621952 -0.01547510054561444 0
1048 0.003815487939956618 -0.01631726551211723 0
1049 0.005134864092416699 -0.01657473258711659 0
1050 0.004903148829527969 -0.01503850691329314 0
1051 0.006781813649551323 -0.01641421825984153 0
1052 0.005694152759979971 -0.01769297685866563 0
1053 -0.006263542767266593 -0.02383359912902744 0
1054 -0.007877959245326978 -0.02390765945096227 0
1055 -0.007312696213222284 -0.02490889338753838 0
1056 -0.007858585536658476 -0.02221415372651914 0
1057 -0.006672771745375743 -0.01786062115864692 0
1058 0.000370771065816753 0.003739918209372658 0
1059 0.00159543796346252 0.004350599949356299 0
1060 0.0007108831773958231 0.005491107513726671 0
1061 0.01826813923560828 -0.01852556442299063 0
1062 0.01827403561029944 -0.01739785588501459 0
1063 0.01687227810467741 -0.01805051534172322 0
1064 0.0175045806171393 -0.01595168873884562 0
1065 0.01890044174807017 -0.01642673782011304 0
1066 0.01673173708266278 -0.02356290069766397 0
1067 0.01557025716558031 -0.02216554653556954 0
1068 0.01550562707346987 -0.02354673420700578 0
1069 -0.01684540427487596 0.02341677093101384 0
1070 -0.01553801965654609 0.02340805437928709 0
1071 -0.02341677093101384 -0.01684540427487596 0
1072 -0.02340805437928709 -0.01553801965654609 0
1073 0.02341677093101384 0.01684540427487596 0
1074 0.02340805437928709 0.01553801965654608 0
1075 0.02799881811724111 -0.002651945347728022 0
1076 0.02858397483104435 -0.003818591781506118 0
1077 -0.002574888565097221 -0.02807566760798847 0
1078 -0.00328297457890609 -0.02688803524500853 0
1079 -0.003648600223702653 -0.02866790943718528 0
1080 0.002651945347728022 0.02799881811724111 0
1081 0.003818591781506115 0.02858397483104435 0
1082 -0.02799881811724111 0.002651945347728021 0
1083 -0.02858397483104435 0.003818591781506115 0
1084 0.01518813157764867 -0.02459221620221751 0
1085 0.02462497525610949 0.01523885986486729 0
1086 -0.01523885986486729 0.02462497525610948 0
1087 -0.02462497525610948 -0.01523885986486729 0
1088 -0.00186971287243698 -0.02891055051393901 0
1089 0.02884745210599605 -0.001744043625327117 0
1090 0.001744043625327118 0.02884745210599605 0
1091 -0.02884745210599605 0.001744043625327117 0
1092 0.01769506010751096 -0.01395688697779841 0
1093 0.01602453474953483 -0.01393684923268499 0
1094 0.01646046139693391 -0.01496053292883064 0
1095 -0.007914769959815077 0.0009182261621907544 0
1096 -0.008185941754800122 0.002624802771600279 0
1097 -0.0198832596789781 0.02073058437003453 0
1098 0.01916892702482079 -0.0192349109252196 0
1099 0.01994058037198394 -0.02090506015989673 0
1100 0.02073058437003453 0.0198832596789781 0
1101 -0.02073058437003453 -0.0198832596789781 0
1102 -0.007731444711039943 -0.02783654160524388 0
1103 -0.00784073089785528 -0.02597391342400011 0
1104 0.02758225146274347 -0.007784328578339946 0
1105 0.007784328578339942 0.02758225146274347 0
1106 -0.02758225146274347 0.007784328578339942 0
1107 0.009386129023140403 -0.00204424953749681 0
1108 0.009115464860143365 -0.000271100314150582 0
1109 0.008183977342451985 -0.001075731379144754 0
1110 0.01776716951919876 -0.01988757038192823 0
1111 -0.006226314419794897 -0.02589985310206527 0
1112 0.01520077068678136 0.005686865316350537 0
1113 0.01681251534591119 0.006187717916326997 0
1114 -0.01778005140258597 -0.002346772268300577 0
1115 -0.01614775376295177 -0.001955005503629776 0
1116 0.00715768007350016 -0.000339699771628715 0
1117 0.007428344236497198 -0.002112848994974943 0
1118 -0.008573490796580135 0.01779339256263402 0
1119 -0.009789464435379558 0.01678119633759954 0
1120 -0.01093293501513273 0.01631212790044815 0
1121 -0.01092912403629068 0.01782316433337688 0
1122 0.0007223665863816448 0.01942230431788659 0
1123 -0.0008350893042150891 0.01977956259987804 0
1124 0.001237175955384556 0.02087417589972668 0
1125 0.001951604362721578 0.01954405631960462 0
1126 0.008375356763233803 -0.01688898114039697 0
1127 0.007816068095670531 -0.01577073686884792 0
1128 0.007265482736436527 -0.01458463370764433 0
1129 0.008859025850119008 -0.01505939658819976 0
1130 -0.02459695332293402 -0.002897152090467226 0
1131 -0.002897152090467227 0.02459695332293402 0
1132 0.02459695332293402 0.002897152090467228 0
1133 -0.00862284491588854 0.00711921129920723 0
1134 0.004213201505880667 0.01034099852389459 0
1135 -0.01288153975893758 0.01946035833727685 0
1136 -0.01945290389004432 -0.01289105837503523 0
1137 0.01945980937496018 0.01287973172793948 0
1138 0.002199318541374285 0.02324610587635696 0
1139 -0.02324476943490399 0.002197982779435175 0
1140 0.02324401868539615 -0.002211227213418218 0
1141 0.002814008749945798 0.005103413430286641 0
1142 0.002473896638366728 0.003352224125932628 0
1143 0.01365127298833474 -0.01755236862589284 0
1144 0.01347233603948983 -0.01866084809739588 0
1145 0.01475473418291359 -0.01875031878659635 0
1146 0.01236270766204286 -0.01880907633384921 0
1147 0.0134661688566217 -0.02000702649455272 0
1148 -0.01598130168332343 -0.01786749094574822 0
1149 -0.01627675993582118 -0.01906886052450478 0
1150 0.01598150987723218 0.01786732903712551 0
1151 0.01627675993582118 0.01906886052450478 0
1152 -0.01786779968242906 0.0159816527766274 0
1153 -0.01906886052450478 0.01627675993582118 0
1154 0.008170425822843828 0.02258577172227466 0
1155 -0.02258542383559908 0.008170078113051258 0
1156 0.02258531654816023 -0.008170319045637742 0
1157 -0.00957230519684581 -0.01940262693061198 0
1158 -0.009897663856948133 -0.02100118870178303 0
1159 0.01049900230064961 -0.01556040161554116 0
1160 -0.01932154309808674 0.01484996585921743 0
1161 -0.0202394031683033 0.01637668328863215 0
1162 -0.01484341060867697 -0.0193184016017089 0
1163 -0.01637012803809169 -0.02023626167192546 0
1164 0.01484996585921743 0.01932154309808674 0
1165 0.01637668328863215 0.0202394031683033 0
1166 0.02000110684148974 -0.01644455673149667 0
1167 0.0192316518483296 -0.01499838958532771 0
1168 0.006098703686409098 -0.01110913146731497 0
1169 0.007033093672818928 -0.01028804023098024 0
1170 0.005890855941821874 -0.009831180730660796 0
1171 0.02827584091731079 0.006265866443359016 0
1172 0.02689084180272851 0.005469117449208903 0
1173 -0.006265866443359013 0.02827584091731078 0
1174 -0.0054691174492089 0.0268908418027285 0
1175 -0.02827584091731079 -0.006265866443359016 0
1176 -0.02689084180272851 -0.005469117449208903 0
1177 0.006339817507347805 -0.02814667880979249 0
1178 0.005379275946651915 -0.02665811145796162 0
1179 0.02599208931279443 0.007029381487949819 0
1180 -0.02599208931279443 -0.007029381487949815 0
1181 -0.007029381487949814 0.02599208931279441 0
1182 0.01380159732025578 -0.001689900017759774 0
1183 0.01222998639923868 -0.002153049058374672 0
1184 -0.004111296858579241 -0.01640548700048258 0
1185 -0.004388076585672894 -0.01474501362941888 0
1186 -0.005384675264104119 -0.01566195022798529 0
1187 -0.004118317375896951 -0.0009868263897332226 0
1188 -0.004517163365575201 0.0001322810642275058 0
1189 -0.005490803685549626 -0.001028641077960023 0
1190 -0.002774693058405741 -0.0009522151702650026 0
1191 0.01159829744454103 -0.0009984025479847101 0
1192 0.01094930549552944 -0.002394264982892599 0
1193 0.01407299978724219 0.01057910246994254 0
1194 0.01224724021256277 0.01023370925134781 0
1195 -0.01562523871974884 0.003252016730613688 0
1196 -0.01740057511786047 0.002697320758431422 0
1197 -0.0103479484652031 -0.007759453153336733 0
1198 -0.01162388899544456 -0.007967669182758985 0
1199 0.01619274649658469 0.01226350465495421 0
1200 0.01507496933909312 0.01110800525244414 0
1201 -0.01853466949809471 0.002690889703012089 0
1202 -0.02006281662039007 0.003181681182981158 0
1203 0.01357940544193438 -0.01620169656020479 0
1204 0.01318916471545199 -0.01490789933269809 0
1205 0.01197863411842859 -0.01616910070918567 0
1206 -0.004419007263181048 -0.01351956175713967 0
1207 -0.003145628857656169 -0.01426309852963696 0
1208 -0.008824487152614682 -0.007595029214390981 0
1209 -0.009975008633678051 -0.006517028377838725 0
1210 0.01583405525916318 -0.0159316509937322 0
1211 -0.01102208489130405 -0.01921569274701451 0
1212 0.0009743110147600215 -0.0001741272944181443 0
1213 0.00177979142012556 0.001105979486495998 0
1214 0.0004498454465179119 0.001319303864088145 0
1215 0.0003868184121866342 0.009022676064250843 0
1216 -0.006409995464601136 0.009734154724973448 0
1217 -0.007919584168039829 0.009604856795929784 0
1218 0.01486180358535814 -0.01629116724940526 0
1219 0.01632442441074601 -0.01238959080287551 0
1220 0.007871149782465742 -0.00944251579105978 0
1221 0.008078997527052966 -0.01072046652771395 0
1222 -0.01562817639380776 -0.004503729443611618 0
1223 -0.01540226521014551 -0.005935128318192259 0
1224 -0.01446306857416123 -0.005358982981129507 0
1225 -0.01691055541561329 -0.006286076315999768 0
1226 0.009940918069390545 0.01637639089044904 0
1227 0.008729754142892869 0.01599840375747279 0
1228 -0.01525298334866408 0.01009657213287745 0
1229 -0.01645985395331148 0.00986136063074642 0
1230 -0.01772652764725548 0.0097636494771201 0
1231 -0.01695347318681936 0.01114870453312918 0
1232 0.009829310822569517 0.01767046857644424 0
1233 0.01116260062632389 0.01692606919476816 0
1234 0.0109657097919022 0.0193975391285278 0
1235 0.009533983663677737 0.020079411737091 0
1236 0.009619267251278398 0.01890201948932656 0
1237 -0.01939803087895815 0.01096484119671319 0
1238 -0.02008403419113627 0.00952581886890113 0
1239 -0.01890615019294149 0.009611971051690796 0
1240 0.01941498507353898 -0.01090570584348818 0
1241 0.02010608726385269 -0.009523987907653061 0
1242 0.01892294749743077 -0.009546029599722144 0
1243 0.002912215987650883 0.0007473759095525378 0
1244 0.002387750419408773 0.002240807068058827 0
1245 -0.005959652293950665 0.01518343052820812 0
1246 -0.006220573989621789 0.01686948892470379 0
1247 -0.01567951647645197 0.01471038767406561 0
1248 -0.01664243706983629 0.01543782445716345 0
1249 0.01471100134579769 0.01566073740045719 0
1250 0.0154350796455801 0.0166333969148458 0
1251 -0.01478098419582454 -0.01564005954232022 0
1252 -0.01543108065698065 -0.01663650685567079 0
1253 0.0215284801785705 -0.00733668218300655 0
1254 0.02048463400976182 -0.006945963141791966 0
1255 0.02065789585655316 -0.008555030705101614 0
1256 0.007338733159581267 0.02153722316296052 0
1257 0.00695962884795014 0.02047829819922449 0
1258 0.008566645434685063 0.02064281706162581 0
1259 -0.02153054095569562 0.00733205434988572 0
1260 -0.0204757466955745 0.006945653838666996 0
1261 -0.02064694776524072 0.008559349235097456 0
1262 -0.004313632815091431 0.007633866133289612 0
1263 -0.002884504389340831 -0.01691656984017455 0
1264 0.003096895562111782 0.01005559145490386 0
1265 0.002176317295032865 0.01097482679832378 0
1266 0.001746346827995088 0.009454416319563629 0
1267 -0.01635923629797712 0.01666943472738439 0
1268 0.01666654701640582 0.0163497254976831 0
1269 -0.01666233983389761 -0.01635299734713079 0
1270 0.02241205470136889 -0.006561251482328093 0
1271 0.006563409236108904 0.02242125285987335 0
1272 -0.02241422276593286 0.006556382716620797 0
1273 -0.004750871560396565 0.006332658846999158 0
1274 -0.01231834739754032 0.01620921590866534 0
1275 -0.0111786877966292 0.01516724791288801 0
1276 0.002707459157560264 0.01865119879309268 0
1277 0.003222268526563174 0.02010307037493277 0
1278 -0.02369588752674837 0.01635038765436235 0
1279 0.01635038765436235 0.02369588752674837 0
1280 -0.01635038765436235 -0.02369588752674837 0
1281 0.02366948553895745 -0.01635617328778286 0
1282 0.01321795551927559 0.02557181363434557 0
1283 -0.02557181363434557 0.01321795551927558 0
1284 -0.01299968043110921 -0.02558057819762406 0
1285 0.02557181363434557 -0.01321795551927559 0
1286 -0.01595597938019747 0.01227079231348314 0
1287 -0.01250395479936112 -0.01584284854377535 0
1288 0.01228804688999328 0.01591883646714198 0
1289 0.008397584694345053 0.01835234118500745 0
1290 -0.01841253095943361 0.008324627149308036 0
1291 0.01854764037949371 -0.008313054643407638 0
1292 -0.002402615158061103 0.01783500341462192 0
1293 -0.001797556883207261 0.01617778918715377 0
1294 -0.0005640270825995615 -0.01761665595537711 0
1295 0.0004556995198984855 -0.01653152574942676 0
1296 0.006407074007710908 0.0004610569686573318 0
1297 0.006778136471247178 0.001670914173171417 0
1298 0.005271897299503137 0.001434553297627275 0
1299 0.00688605136824876 0.003284293987294738 0
1300 0.00802122807645653 0.002310797658324795 0
1301 -0.009256325907109213 0.02741562765041174 0
1302 -0.008241567361425955 0.02662558432568655 0
1303 -0.007693781771930025 0.02791816674724732 0
1304 0.02741562765041174 0.009256325907109217 0
1305 0.02662558432568657 0.008241567361425964 0
1306 0.02791816674724733 0.007693781771930031 0
1307 0.009256325907109213 -0.02741562765041174 0
1308 0.008315518425414748 -0.02649642221816827 0
1309 0.007767732835918818 -0.02778900463972903 0
1310 -0.02741562765041174 -0.00925632590710921 0
1311 -0.02662558432568657 -0.008241567361425957 0
1312 -0.02791816674724733 -0.007693781771930029 0
1313 -0.01286781366838273 -0.006735917086247313 0
1314 0.01435389693290722 -0.000158758732960187 0
1315 -0.00513544440098616 -0.0127207335342301 0
1316 -0.006327011891583577 -0.01245525150281226 0
1317 -0.005801001301371964 -0.01117450818012077 0
1318 -0.001931887256324584 -0.01588532880776333 0
1319 -0.001701693465517399 -0.01731334824602172 0
1320 -0.01077990143458829 0.0139702501272159 0
1321 0.00292044439323705 0.01740728064361984 0
1322 0.009519525869113865 0.0007819451908795281 0
1323 0.01072167754980228 -0.0001865729674725278 0
1324 -0.007357027165517092 -0.01198225729038525 0
1325 -0.006691470265131288 -0.01352848264449458 0
1326 -0.006279599556730877 -0.01495781818012285 0
1327 -0.006002819829637223 -0.01661829155118655 0
1328 -0.01349230205064402 -0.005893720674117409 0
1329 -0.01371821323430628 -0.004462321799536768 0
1330 -0.005030133567549916 -0.02153674928557903 0
1331 -0.003341745487754182 -0.02179074994434702 0
1332 -0.006276200992149568 -0.02168334611223603 0
1333 0.001129806773114769 -0.02098923225732657 0
1334 -0.01245007243502664 0.008323591561436718 0
1335 -0.01212525562115965 0.006741581404852099 0
1336 0.007510658360982807 0.01165857185862295 0
1337 0.007051366790712129 0.01320689784225365 0
1338 -0.01402838343846999 0.008069626537584425 0
1339 -0.01324085620100945 0.009200693602851698 0
1340 0.007340215700945322 0.01435598374103852 0
1341 0.008563031109916373 0.01372693134403559 0
1342 -0.02363064142702739 0.01168792881905376 0
1343 0.01168792881905377 0.02363064142702739 0
1344 -0.01146965373088739 -0.02363940599030588 0
1345 0.0236306414270274 -0.01168792881905377 0
1346 0.002622124024683006 -0.0157809920617684 0
1347 -0.003526384394901173 0.02292138814831309 0
1348 -0.0229213881483131 -0.003526384394901173 0
1349 0.0229213881483131 0.003526384394901176 0
1350 0.001783055098568053 -0.004051686199381834 0
1351 0.002369023964377822 -0.005216046876143314 0
1352 0.003183897356504681 -0.004315764778919142 0
1353 -0.02159848923394419 -0.00794878763055587 0
1354 0.007839023739200573 -0.0215752530613654 0
1355 0.02159848923394419 0.007948787630555875 0
1356 -0.007948787630555881 0.02159848923394418 0
1357 0.01186908346539155 0.01189129808323273 0
1358 0.01108886568471227 0.01072839820571916 0
1359 -0.01483683835039146 0.004234347411162317 0
1360 -0.01607311620950955 0.004892141425625127 0
1361 0.01766176131372776 0.002096157940204263 0
1362 0.01622371507829402 0.001603974526026488 0
1363 0.01550847695914655 -0.005097170008124314 0
1364 0.0157570740298025 -0.003531967135541574 0
1365 0.007671443095706612 -0.00701519863229092 0
1366 0.00891072171248446 -0.006575746281352757 0
1367 -0.01419648511963999 0.01003545728576856 0
1368 0.007779359854441118 0.01550465028231265 0
1369 -0.007550494957754982 0.005947301941960441 0
1370 0.003783231038842889 0.008820588045134435 0
1371 -0.01671529909756857 -0.01362852585842994 0
1372 -0.01555993302277377 -0.01380279248162359 0
1373 -0.01616311331278751 -0.01230930508300017 0
1374 -0.0141552669792307 -0.01320877376524021 0
1375 -0.01470745276401176 -0.01452799454066999 0
1376 0.01982782977511265 -0.005872696972675454 0
1377 0.02024113180396315 -0.004820835599332102 0
1378 0.01871374324729663 -0.004965917952310654 0
1379 0.02006049902272106 -0.003226165185142627 0
1380 0.02117458555053707 -0.004132944205507427 0
1381 0.006565022066489125 -0.007673512673654356 0
1382 0.007931666957449192 -0.008351775452962625 0
1383 0.00491602761803576 -0.01872233613007988 0
1384 0.006562977175170383 -0.01856182180280484 0
1385 0.01673710634048961 0.01359419399572362 0
1386 0.01557575694084882 0.01378510403463398 0
1387 0.01417273304367206 0.01318194480109581 0
1388 0.01471709288757698 0.01451263414186521 0
1389 -0.01982909076320283 0.005854605987549374 0
1390 -0.02024452261268241 0.004807653793846544 0
1391 -0.01871427348985585 0.00494390082794066 0
1392 -0.02117763389373706 0.004092386342589872 0
1393 0.01200235845351152 5.464295704540005e-05 0
1394 -0.01222860909736937 -0.01053240231660061 0
1395 -0.01123338737316338 -0.01173818237012325 0
1396 -0.0001925995857151496 0.002446981215181576 0
1397 -0.0009980799910806876 0.001166874434267433 0
1398 -0.001077154371781847 0.003587488779551947 0
1399 -0.01193151755216955 0.01868196302131548 0
1400 -0.01866203473671752 -0.01196645636951294 0
1401 0.01868196302131549 0.01193151755216955 0
1402 0.001730294286945214 0.0221034456438669 0
1403 -0.02210344564386691 0.001730294286945211 0
1404 0.02210234051040218 -0.001770501701241553 0
1405 0.01552501013045221 0.004429578793658083 0
1406 0.0007001449412111512 -0.0069124613709978 0
1407 -0.0001727845396934039 -0.007754934773020077 0
1408 0.001271379322628414 -0.008082564758435194 0
1409 0.002938291191010052 -0.02015171222626751 0
1410 0.00401453458352163 -0.01910823972415533 0
1411 -0.01086123008920712 -0.005598453626704104 0
1412 -0.009337768776618696 -0.005434029687758352 0
1413 -0.005642944941781519 0.003126722057842692 0
1414 -0.006922916360812807 0.002901022845064856 0
1415 -0.00571739684729721 0.002011534262519358 0
1416 0.009373961910475332 -0.01084938181871116 0
1417 0.01067648294690584 -0.01069186456764148 0
1418 0.01021957467313029 -0.009717424836723821 0
1419 0.01193629641949721 -0.01106098531452081 0
1420 -0.00187159725881834 -0.02232125447276442 0
1421 -0.0005157386819464738 -0.02281910446023011 0
1422 0.005659687148345371 -0.008473512086638579 0
1423 0.004725297161935539 -0.009294603322973313 0
1424 0.01443314688190628 -0.01120422059206335 0
1425 0.01291353776593302 -0.01156226295170795 0
1426 0.01330797744862093 0.01505757816691902 0
1427 -0.01453392475483549 0.01471419656419456 0
1428 -0.0150795675459031 0.01329897783033974 0
1429 -0.01337631815228148 -0.01504604082593685 0
1430 0.01895724545309531 -0.007091045494770519 0
1431 -0.01894549757274794 0.00708190087276111 0
1432 0.007102660224353968 0.01894216665816795 0
1433 0.00587474794925017 0.01983657275950267 0
1434 0.01572108948202746 -0.01951851106889933 0
1435 0.01568608220442095 -0.02102025564216356 0
1436 0.01683137445237973 -0.02067996845296349 0
1437 -0.005027482986336711 -0.02615755506990445 0
1438 -0.003941063088650999 -0.02614863016183966 0
1439 -0.004611859837476188 -0.02482590815753877 0
1440 0.002957087512923709 -0.006360108406046769 0
1441 0.001556245254987082 -0.006096029826509461 0
1442 0.01028009184811374 -0.008626684498626667 0
1443 0.00897757081168323 -0.008784201749696345 0
1444 0.01013842330640818 -0.007046573909073402 0
1445 0.01138042716785525 -0.00797979699610088 0
1446 0.007352710389915975 -0.02585801254205245 0
1447 0.007700830217992355 -0.01899662158717806 0
1448 0.008692137974132163 -0.01829163691319014 0
1449 0.01059510901743667 0.001877614752704579 0
1450 0.008988896327777754 0.001793087406026525 0
1451 0.004220665387672579 -0.02218709916221398 0
1452 0.005702780721429406 -0.02296138045633467 0
1453 -0.004577405085373597 0.003332022721364451 0
1454 -0.005782924598889193 0.004221511303909948 0
1455 -0.0136032341507141 0.01673985115207295 0
1456 -0.01384898693221057 0.01559497116451282 0
1457 -0.0132490380016617 0.01418356132078695 0
1458 0.004854919947124101 0.02029145857449002 0
1459 0.004997951323527929 0.01875532703343347 0
1460 0.004099065152285416 0.02118431610100196 0
1461 0.01317076349182113 0.01265304201859421 0
1462 -0.0175801791096216 0.004950331883359993 0
1463 0.01782276808076778 0.003738946453579439 0
1464 -0.002866522721236137 -0.02306967606755472 0
1465 -0.002585526872120468 -0.007439925972730237 0
1466 -0.003843378183993352 -0.007756249406402215 0
1467 -0.005130676526152953 -0.007706753218537169 0
1468 -0.004594250088196926 -0.006489166343869589 0
1469 -0.01795410742443333 -0.00389726847042982 0
1470 -0.008799539420486674 -0.004234102744056762 0
1471 -0.008565392444208538 -0.003100477128091888 0
1472 -0.009989843255869624 -0.003381829320658856 0
1473 -0.004364459019875744 0.0155062210533004 0
1474 0.02598798919351398 0.01307573266156489 0
1475 0.02661736321595522 0.01174503309465327 0
1476 -0.01307573266156489 0.02598798919351398 0
1477 -0.01174503309465327 0.02661736321595522 0
1478 0.01297817968233653 -0.02571860452874988 0
1479 0.01164748011542491 -0.02634797855119113 0
1480 -0.02598798919351398 -0.01307573266156489 0
1481 -0.02661736321595522 -0.01174503309465327 0
1482 0.02892952875858318 0.0007299108939577805 0
1483 -0.02892952875858318 -0.0007299108939577815 0
1484 -0.0007299108939577805 0.02892952875858318 0
1485 0.000677933616150034 -0.02879965577546609 0
1486 -0.01765249930413525 -0.01578968364634484 0
1487 -0.01579561386051034 0.01765924310431806 0
1488 0.01765649829273471 0.01578657370551986 0
1489 -0.02302194584777176 0.005592494262034692 0
1490 0.005599173071730237 0.02302862805503667 0
1491 0.02301988507064664 -0.005597122095155525 0
1492 -0.005560166830811628 0.005298869155752299 0
1493 -0.003908089472066208 0.005460601658678567 0
1494 0.002461544312238141 0.0122255168495709 0
1495 -0.0139217633386367 -0.01088813130215986 0
1496 0.01741944296768787 -0.00306717831933566 0
1497 0.003319218585996002 -0.007588513017682007 0
1498 0.004131997295386743 -0.006708530067315858 0
1499 0.005037332213530497 -0.005908530654331635 0
1500 0.00539946328660279 -0.007136935265966873 0
1501 -0.0001051575120933548 -0.001279539520192479 0
1502 0.001224788461514293 -0.001492863897784625 0
1503 0.01813194224987017 0.01302080879181379 0
1504 0.01751495269413431 0.01454240817149355 0
1505 -0.01810934854090911 -0.0130596404653288 0
1506 -0.01750616825089536 -0.01455312786395222 0
1507 -0.01302261682281189 0.01813249121218685 0
1508 -0.01455325635748213 0.01751824646803432 0
1509 0.02231626372553104 -0.004573669717684092 0
1510 0.02213563094428896 -0.002978999303494618 0
1511 0.004568089406714487 0.02232697633349202 0
1512 0.002935437986153561 0.02213858813393477 0
1513 -0.02231895768477413 0.004560074835079836 0
1514 -0.02213725169248179 0.002934102224214449 0
1515 -0.002300369416270425 -0.01348158530476265 0
1516 0.0001120813926652636 -0.005768399841094345 0
1517 0.01565143480384061 -0.007844745121868071 0
1518 0.01528863572677997 -0.006240126845989707 0
1519 0.01458982122801001 -0.007357637433096608 0
1520 -0.008740175067637735 -0.01236046729392317 0
1521 -0.008405275274619931 -0.01404576500998617 0
1522 -0.009423964803192863 -0.01335074387184177 0
1523 0.006841737493048828 -0.0210895730614228 0
1524 0.006922705076048143 -0.02002598085859232 0
1525 0.005703884450226857 -0.02065477327704957 0
1526 0.01211388541058549 -0.007117630959039927 0
1527 0.01360801717298532 -0.006794297334375242 0
1528 0.01397081625004597 -0.008398915610253604 0
1529 0.009932399140516301 0.01127501076240909 0
1530 0.01031055588768753 0.009617421930524169 0
1531 -0.01370401242300946 0.003623351030582304 0
1532 -0.01415188991277018 0.005263475725593743 0
1533 0.009492445568612111 0.01248191624142741 0
1534 -0.01426115775631968 0.0065334983011716 0
1535 -0.01052110094726518 -0.01263012041912954 0
1536 -0.01018620115424738 -0.01431541813519253 0
1537 -0.007359427119072757 -0.002821369729248112 0
1538 -0.008549730954455707 -0.001969096305850206 0
1539 -0.003943823053445508 0.01793420845490942 0
1540 0.001307396679265551 0.008103440720830923 0
1541 0.00245109273953129 -0.001769427887083977 0
1542 0.001371624212677914 -0.002874840112858311 0
1543 0.00565144090175612 -0.0005760606471728572 0
1544 -0.015071681882575 -0.0112244578630229 0
1545 0.01858799972208958 -0.002803546179304119 0
1546 -0.00291646379449209 0.005323608637913181 0
1547 -0.001623958553791489 0.004516625849821982 0
1548 -0.007360910664264765 7.054182532034573e-05 0
1549 -0.006443508970778187 0.0009381507128711135 0
1550 0.004639277178396359 -0.004459916885413773 0
1551 0.004053308312586591 -0.003295556208652294 0
1552 0.01249933705599662 -0.01006118522284128 0
1553 0.01225555395229104 -0.008697741548593192 0
1554 -0.003038975225789835 0.00226589263032903 0
1555 -0.002187329205323392 0.0032236888556309 0
1556 -0.003585779407799478 0.003195029700599064 0
1557 0.01445997219522803 -0.02100408915150537 0
1558 -0.002867351430045567 -0.02555638833264285 0
1559 -0.006865157218930171 -0.009690639391682049 0
1560 -0.007967586315015348 -0.008654853312275078 0
1561 0.02836798313700917 -0.005274689506806309 0
1562 -0.005104697949002843 -0.0284519177431501 0
1563 0.005274689506806306 0.02836798313700917 0
1564 -0.02836798313700917 0.005274689506806305 0
1565 0.01791408284982147 -0.02268601331357118 0
1566 -0.02253988354692105 -0.01802775004203465 0
1567 0.02253988354692105 0.01802775004203465 0
1568 -0.01802775004203465 0.02253988354692105 0
1569 0.02171913945267372 0.01879255722363467 0
1570 -0.01879255722363467 0.02171913945267372 0
1571 -0.02171913945267372 -0.01879255722363467 0
1572 0.01884987791664051 -0.02189361524253591 0
1573 0.00635641324976103 0.02793992563281052 0
1574 -0.02793992563281052 0.006356413249761029 0
1575 -0.006303529382461029 -0.02819421577531093 0
1576 0.02793992563281052 -0.006356413249761033 0
1577 0.01521370362430908 0.002239605982783841 0
1578 0.01481880406357924 0.001075300614303762 0
1579 0.01120602423803035 -0.01825685461584103 0
1580 -0.003919806299242764 -0.005475459390900881 0
1581 -0.002516005405557108 -0.005520231860718669 0
1582 0.0009417091692493436 0.006886744859614224 0
1583 -0.01548522351452473 -0.02146674471678656 0
1584 0.01549177876506518 0.0214698862131644 0
1585 0.02136359982530544 -0.01553072404082717 0
1586 -0.02146988621316439 0.01549177876506518 0
1587 -0.00808796864131079 -0.0008196858161832216 0
1588 -0.006616707652273901 -0.0007997612655028625 0
1589 0.006830570000619433 -0.02452531065470431 0
1590 0.00630478496492781 -0.02553709732013743 0
1591 -0.0177885087407996 0.02106870939868014 0
1592 0.02106870939868014 0.0177885087407996 0
1593 -0.02106870939868014 -0.01778850874079959 0
1594 0.01773216224159225 -0.02138931495519247 0
1595 0.005778393096073169 0.02688435035772482 0
1596 -0.005555517670969708 -0.02722257510636617 0
1597 -0.02688435035772483 0.005778393096073168 0
1598 0.02688435035772482 -0.005778393096073176 0
1599 0.01423021537120329 0.002775188864990326 0
1600 0.01563512638591807 0.003303862776713052 0
1601 -0.01064230723376515 0.02691971560210049 0
1602 0.01064230723376515 -0.02691971560210049 0
1603 0.02691971560210049 0.01064230723376515 0
1604 -0.02691971560210049 -0.01064230723376514 0
1605 0.002272145794919255 -0.01423197752600486 0
1606 0.001310497142534372 -0.01523192974947948 0
1607 0.0001057212901347344 -0.01498251121366322 0
1608 0.006904742073293383 -0.0134973200248861 0
1609 0.005861784318844906 -0.01420866030553426 0
1610 -0.02891968120591345 0.000273786520380225 0
1611 0.0002737865203802254 0.02891968120591344 0
1612 -0.0003994557674900883 -0.0289827796138564 0
1613 0.02891968120591344 -0.000273786520380225 0
1614 -0.0139762574219653 0.02538175003679314 0
1615 0.01392552913474669 -0.02534899098290116 0
1616 0.02538175003679314 0.0139762574219653 0
1617 -0.02538175003679314 -0.01397625742196531 0
1618 -0.003931055444981227 -0.02367807739430566 0
1619 -0.002460907216045385 -0.02420858192272304 0
1620 0.02133189846263987 -0.0120539592055942 0
1621 0.01999913562919294 -0.01192086857501874 0
1622 0.02073290925187191 -0.01309116362919386 0
1623 -0.01206560834985996 -0.02123605361414898 0
1624 -0.01188970677258718 -0.02009218453492754 0
1625 -0.01304835268249654 -0.0209218030060974 0
1626 0.01205234023203543 0.02132030173080553 0
1627 0.01190921490746494 0.02019214013347327 0
1628 0.01308112893519883 0.02093751048798658 0
1629 -0.02132079348123589 0.01205147163684642 0
1630 -0.02019263188390363 0.01190834631227593 0
1631 -0.02093751048798658 0.01308112893519883 0
1632 0.003352205600581794 -0.01353806380804396 0
1633 0.002040578718433159 -0.01298900149575503 0
1634 0.002186222078403859 -0.01173880555232648 0
1635 0.006620203113379287 -0.02220404547982265 0
1636 0.02232048280055854 -0.01215305148206785 0
1637 0.02158670917787956 -0.01098275642789273 0
1638 -0.01215305148206785 -0.02232048280055852 0
1639 -0.01099440557215849 -0.02149086432938866 0
1640 0.01215305148206785 0.02232048280055852 0
1641 0.01098113745433395 0.02157511244604522 0
1642 -0.02232048280055852 0.01215305148206784 0
1643 -0.02157560419647557 0.01098026885914494 0
1644 0.007774690954145578 -0.01271964219731529 0
1645 0.006370992536553957 -0.01234366879520522 0
1646 0.01771265182530192 0.004864662470524471 0
1647 0.01650849838355799 0.003893995911451599 0
1648 -0.001380172009868291 -0.001019664504905155 0
1649 -0.00112969456311402 -0.002338401108271636 0
1650 -0.01577157421728825 -0.003507100817989145 0
1651 -0.003388105862889033 0.01571566106971468 0
1652 0.01421459935375155 -0.009762359284501695 0
1653 -0.01781070960095284 -0.004893897096052292 0
1654 -0.01671077085327253 -0.004083246155051897 0
1655 0.01774548938361447 -0.01193047540860501 0
1656 0.002301237585057797 0.00731848511492701 0
1657 0.009726392420251372 -0.01764815552219653 0
1658 -0.001516644215615808 -0.01864789698778833 0
1659 -0.0137538894295569 0.0122134863565032 0
1660 -0.0128502516396208 0.01298656353511484 0
1661 0.005210936559204715 0.01751140888396063 0
1662 0.006362309507193335 0.01721686227012548 0
1663 -0.003725759064907152 0.004289818946666321 0
1664 -0.00492017621043222 0.01772476843849514 0
1665 -0.007166547875723079 -0.006396137297448758 0
1666 -0.007594646483490296 -0.007412428536777071 0
1667 -0.006309647038123744 -0.007455961395332856 0
1668 -0.0007898695652079872 -0.00355003865663083 0
1669 0.005955367551011821 -0.002408262851302915 0
1670 0.009913087975308866 0.02113833670082704 0
1671 -0.02113882845125738 0.009912219380119856 0
1672 0.02114993343266137 -0.009914706948867645 0
1673 0.003463036577094295 0.007612257220832883 0
1674 0.004579342520863181 0.00789766428982361 0
1675 -0.001086627814938839 -0.01510381558288901 0
1676 0.02308766308585192 -0.01384937831727328 0
1677 0.02439782171232078 -0.0133842556542592 0
1678 0.02337583071178771 -0.01275913159675524 0
1679 0.01384822119058918 0.02309294348341009 0
1680 0.0133830985275751 0.02440310210987896 0
1681 0.01275913159675524 0.02337583071178771 0
1682 -0.02309294348341009 0.01384822119058918 0
1683 -0.02440310210987896 0.01338309852757509 0
1684 -0.02337583071178771 0.01275913159675524 0
1685 -0.01382089816850274 -0.02310423017938369 0
1686 -0.01313750041732228 -0.02442315336913105 0
1687 -0.01254085650858886 -0.0233845952750662 0
1688 -0.02528892640596796 0.01430704511310953 0
1689 0.02528364600840977 -0.01430820223979363 0
1690 0.01430704511310953 0.02528892640596796 0
1691 -0.0142797220910231 -0.02530021310194155 0
1692 0.02223027739709028 -0.01463474692235615 0
1693 0.02325226839762334 -0.01525987097986011 0
1694 -0.02225667938488118 0.01462896128893565 0
1695 -0.02328395078297244 0.0152529282197555 0
1696 0.01462896128893565 0.02225667938488119 0
1697 0.0152529282197555 0.02328395078297244 0
1698 -0.01462896128893565 -0.02225667938488119 0
1699 -0.01522560519766907 -0.02329523747894604 0
1700 -0.02453215162527728 0.01556964755601589 0
1701 -0.01554232453392945 -0.02454343832125087 0
1702 0.01556964755601589 0.02453215162527728 0
1703 0.02452687122771909 -0.01557080468269999 0
1704 -0.01216531381699589 0.0138673381354331 0
1705 0.004191108557078646 0.01796629469894798 0
1706 0.0005838908008461339 -0.02357269187881272 0
1707 -0.001750156007385076 0.0001066464178141543 0
1708 -0.01095458294074379 -0.002644098569293167 0
1709 0.0112148170744329 0.003191417776909781 0
1710 -0.006233523152348482 -0.003050249541705273 0
1711 -0.005953874730636896 -0.004182503400778461 0
1712 -0.005207104641402365 -0.005425963203035835 0
1713 -0.006628318519591057 -0.005196210353747168 0
1714 0.001591655518262481 -0.022346930584518 0
1715 -0.002392601039618138 0.001234323768907586 0
1716 0.003848791709466251 -0.01012599545650711 0
1717 0.002930877993808079 -0.01094740336190641 0
1718 0.00403855223975387 -0.01147367987239483 0
1719 0.005366161108859468 0.007172384673099098 0
1720 0.001110995578121447 0.01162434171423066 0
1721 -0.002269438738762271 -0.01470703717704186 0
1722 -0.004103466685634116 0.01665386551108209 0
1723 -0.005686186706959381 -0.009941431214886363 0
1724 -0.005558775133920172 -0.008723044457865481 0
1725 0.01402942754509297 0.01192551191136297 0
1726 -0.01799561095910118 0.003903379689657164 0
1727 0.01590592280556354 -0.01728232305942023 0
1728 -0.007309614830664392 -0.01448482396769584 0
1729 0.004881780913088666 -0.002580508537799554 0
1730 0.003426401091196987 -0.002436356431304922 0
1731 -0.02127887891360205 0.01408707173589886 0
1732 0.02119899451353401 -0.01412023137824034 0
1733 -0.0140805164853584 -0.02127573741722421 0
1734 0.01408707173589886 0.02127887891360205 0
1735 0.01657009053497715 -0.005584277696895778 0
1736 0.010889243027132 -0.01685419884304786 0
1737 0.01323279529872685 -0.00919901918578033 0
1738 0.004210504911450481 0.001053449792114278 0
1739 0.003602545912167268 -8.137778944855049e-05 0
1740 -0.01148571847146841 -0.0047562572145742 0
1741 -0.01212295832852777 -0.005839255904654573 0
1742 0.01334388547892229 0.0004768727237971663 0
1743 0.01246726558418354 0.001288702304309349 0
1744 -0.0003784386793178486 -0.004726884743154353 0
1745 0.0005567508205510552 -0.003775122210082483 0
1746 0.003617622915989748 -0.008768326812484892 0
1747 -0.0119956237242179 -0.01270285663347401 0
1748 0.003606321205892052 0.002993620548989168 0
1749 -0.00791331796495761 -0.005152677495191384 0
1750 -0.01118872991702193 -0.003777724185258042 0
1751 -0.01245045815634258 -0.004018526463208511 0
1752 0.01308697364117977 0.00260250532851455 0
1753 0.011745446615769 0.002180275561762784 0
1754 0.002356565162969903 -0.02129813451735647 0
1755 0.004802391415712728 -0.02104067687112502 0
1756 0.003400139936157763 -0.02150941055345894 0
1757 0.00199646154811624 -0.01039112113643876 0
1758 -0.0007328260782398762 -0.008633113787091654 0
1759 -0.001304060459657139 -0.00746301039965426 0
1760 -0.01463030126385126 0.0111853008396466 0
1761 0.007657233977184421 0.01662703679696498 0
1762 -0.005163537551746898 0.001163849925648949 0
1763 -0.003791051242094224 0.00120566461387575 0
1764 0.008535905800828518 -0.01169490625863161 0
1765 -0.002025485333573995 -0.00656174695865866 0
1766 -0.001234538993093779 -0.005543316287642692 0
1767 -0.005582738374771632 -0.02268576836579433 0
1768 -0.00501747534266694 -0.02368700230237044 0
1769 -0.006217861662595652 -0.001918868719463591 0
1770 -0.01312833182893768 0.005922501920591587 0
1771 0.008714135771587372 0.01137093996623241 0
1772 0.002442713133526714 -0.008419905151215802 0
1773 0.01691574018692675 -0.007594516078844708 0
1774 -0.01142069865647384 -0.01456119297122196 0
1775 0.01590002643087238 -0.01841003159739628 0
1776 -0.01481038765858098 0.0122746012036121 0
1777 0.007312703795645085 0.01771061574528562 0
1778 0.01754518649289492 -0.005229550092342195 0
1779 0.01732534526052835 -0.006372506930207588 0
1780 -0.01229306200939419 -0.01376438525338346 0
1781 -0.0130053484352924 -0.01287244720437717 0
1782 -0.01385782869405441 -0.01214724514533077 0
1783 0.01795848852174543 -0.004177688718998843 0
1784 -0.007773252725832546 0.00486994409011809 0
1785 -0.006625706687219551 0.005093568492230539 0
1786 -0.00811148984928443 0.003739990566923613 0
1787 0.004883358998712041 -0.01997708466829454 0
1788 0.0008251277372179389 -0.01005378074365816 0
1789 -0.0005260050612078441 -0.009988635567848961 0
1790 -0.02015071731626979 0.01394394641132837 0
1791 0.01394394641132837 0.02015071731626979 0
1792 -0.01390461490808562 -0.02013186833800277 0
1793 0.01986623168008707 -0.01398714074766487 0
1794 0.003097349067078088 0.006395561359616184 0
1795 0.004667713593944706 0.003374724054502165 0
1796 0.005907149001187003 0.003979499012443753 0
1797 0.004931902832092302 0.004709812564804556 0
1798 -0.01243042336754833 -0.01473078354212512 0
1799 0.01789083614484453 -0.007239788474291126 0
1800 0.01832963993926843 -0.01294563814013557 0
1801 0.01881599586277101 -0.01194291026708783 0
1802 0.0187655665866675 -0.01396932183628123 0
1803 0.004581567374986752 0.002263306996628364 0
1804 0.00670006696758115 -0.02344706045627727 0
1805 0.005328460329622219 -0.001549063073955542 0
1806 0.004577854263832965 -0.0007483063336694957 0
1807 0.001569783652622159 -0.009262378553238079 0
1808 0.003975807741982296 0.005397185536192513 0
1809 0.004542408166384826 -0.01395119323053491 0
1810 0.003279565340033366 -0.001054380216231236 0
1811 0.00431084108989873 -0.01270821720028508 0
1812 0.005228754805556903 -0.01188680929488578 0
1813 0.005215243149224592 0.006001960494134101 0
$EndNodes
$Elements
3624
1 1 2 1 1 17 16
2 1 2 1 1 16 19
3 1 2 1 1 19 15
4 1 2 1 1 15 20
5 1 2 1 1 20 14
6 1 2 1 1 14 21
7 1 2 1 1 21 13
8 1 2 1 1 13 22
9 1 2 1 1 22 12
10 1 2 1 1 12 23
11 1 2 1 1 23 11
12 1 2 1 1 11 24
13 1 2 1 1 24 10
14 1 2 1 1 10 25
15 1 2 1 1 25 9
16 1 2 1 1 9 26
17 1 2 1 1 26 8
18 1 2 1 1 8 27
19 1 2 1 1 27 7
20 1 2 1 1 7 28
21 1 2 1 1 28 6
22 1 2 1 1 6 29
23 1 2 1 1 29 5
24 1 2 1 1 5 30
25 1 2 1 1 30 4
26 1 2 1 1 4 31
27 1 2 1 1 31 3
28 1 2 1 1 3 32
29 1 2 1 1 32 2
30 1 2 1 1 2 33
31 1 2 1 1 33 1
32 1 2 1 1 1 18
33 1 2 1 2 18 49
34 1 2 1 2 49 64
35 1 2 1 2 64 48
36 1 2 1 2 48 63
37 1 2 1 2 63 47
38 1 2 1 2 47 62
39 1 2 1 2 62 46
40 1 2 1 2 46 61
41 1 2 1 2 61 45
42 1 2 1 2 45 60
43 1 2 1 2 60 44
44 1 2 1 2 44 59
45 1 2 1 2 59 43
46 1 2 1 2 43 58
47 1 2 1 2 58 42
48 1 2 1 2 42 57
49 1 2 1 2 57 41
50 1 2 1 2 41 56
51 1 2 1 2 56 40
52 1 2 1 2 40 55
53 1 2 1 2 55 39
54 1 2 1 2 39 54
55 1 2 1 2 54 38
56 1 2 1 2 38 53
57 1 2 1 2 53 37
58 1 2 1 2 37 52
59 1 2 1 2 52 36
60 1 2 1 2 36 51
61 1 2 1 2 51 35
62 1 2 1 2 35 50
63 1 2 1 2 50 34
64 1 2 1 2 34 65
65 1 2 1 3 65 81
66 1 2 1 3 81 96
67 1 2 1 3 96 80
68 1 2 1 3 80 95
69 1 2 1 3 95 79
70 1 2 1 3 79 94
71 1 2 1 3 94 78
72 1 2 1 3 78 93
73 1 2 1 3 93 77
74 1 2 1 3 77 92
75 1 2 1 3 92 76
76 1 2 1 3 76 91
77 1 2 1 3 91 75
78 1 2 1 3 75 90
79 1 2 1 3 90 74
80 1 2 1 3 74 89
81 1 2 1 3 89 73
82 1 2 1 3 73 88
83 1 2 1 3 88 72
84 1 2 1 3 72 87
85 1 2 1 3 87 71
86 1 2 1 3 71 86
87 1 2 1 3 86 70
88 1 2 1 3 70 85
89 1 2 1 3 85 69
90 1 2 1 3 69 84
91 1 2 1 3 84 68
92 1 2 1 3 68 83
93 1 2 1 3 83 67
94 1 2 1 3 67 82
95 1 2 1 3 82 66
96 1 2 1 3 66 97
97 1 2 1 4 97 113
98 1 2 1 4 113 128
99 1 2 1 4 128 112
100 1 2 1 4 112 127
101 1 2 1 4 127 111
102 1 2 1 4 111 126
103 1 2 1 4 126 110
104 1 2 1 4 110 125
105 1 2 1 4 125 109
106 1 2 1 4 109 124
107 1 2 1 4 124 108
108 1 2 1 4 108 123
109 1 2 1 4 123 107
110 1 2 1 4 107 122
111 1 2 1 4 122 106
112 1 2 1 4 106 121
113 1 2 1 4 121 105
114 1 2 1 4 105 120
115 1 2 1 4 120 104
116 1 2 1 4 104 119
117 1 2 1 4 119 103
118 1 2 1 4 103 118
119 1 2 1 4 118 102
120 1 2 1 4 102 117
121 1 2 1 4 117 101
122 1 2 1 4 101 116
123 1 2 1 4 116 100
124 1 2 1 4 100 115
125 1 2 1 4 115 99
126 1 2 1 4 99 114
127 1 2 1 4 114 98
128 1 2 1 4 98 17
129 2 2 8 7 439 535 537
130 2 2 8 7 535 536 537
131 2 2 8 7 535 250 536
132 2 2 8 7 537 536 315
133 2 2 8 7 440 538 540
134 2 2 8 7 538 539 540
135 2 2 8 7 538 316 539
136 2 2 8 7 540 539 249
137 2 2 8 7 202 541 542
138 2 2 8 7 541 535 542
139 2 2 8 7 541 250 535
140 2 2 8 7 542 535 439
141 2 2 8 7 203 543 544
142 2 2 8 7 543 540 544
143 2 2 8 7 543 440 540
144 2 2 8 7 544 540 249
145 2 2 8 7 250 545 536
146 2 2 8 7 545 546 536
147 2 2 8 7 545 480 546
148 2 2 8 7 536 546 315
149 2 2 8 7 371 547 549
150 2 2 8 7 547 548 549
151 2 2 8 7 547 137 548
152 2 2 8 7 549 548 301
153 2 2 8 7 235 550 551
154 2 2 8 7 550 549 551
155 2 2 8 7 550 371 549
156 2 2 8 7 551 549 301
157 2 2 8 7 63 552 48
158 2 2 8 7 552 553 48
159 2 2 8 7 552 261 553
160 2 2 8 7 48 553 64
161 2 2 8 7 95 554 80
162 2 2 8 7 554 555 80
163 2 2 8 7 554 259 555
164 2 2 8 7 80 555 96
165 2 2 8 7 20 556 15
166 2 2 8 7 556 557 15
167 2 2 8 7 556 260 557
168 2 2 8 7 15 557 19
169 2 2 8 7 127 558 112
170 2 2 8 7 558 559 112
171 2 2 8 7 558 262 559
172 2 2 8 7 112 559 128
173 2 2 8 7 480 560 546
174 2 2 8 7 560 561 546
175 2 2 8 7 560 155 561
176 2 2 8 7 546 561 315
177 2 2 8 7 174 562 564
178 2 2 8 7 562 563 564
179 2 2 8 7 562 330 563
180 2 2 8 7 564 563 295
181 2 2 8 7 177 565 567
182 2 2 8 7 565 566 567
183 2 2 8 7 565 331 566
184 2 2 8 7 567 566 294
185 2 2 8 7 175 568 570
186 2 2 8 7 568 569 570
187 2 2 8 7 568 332 569
188 2 2 8 7 570 569 296
189 2 2 8 7 178 571 573
190 2 2 8 7 571 572 573
191 2 2 8 7 571 298 572
192 2 2 8 7 573 572 334
193 2 2 8 7 181 574 576
194 2 2 8 7 574 575 576
195 2 2 8 7 574 299 575
196 2 2 8 7 576 575 336
197 2 2 8 7 179 577 579
198 2 2 8 7 577 578 579
199 2 2 8 7 577 300 578
200 2 2 8 7 579 578 335
201 2 2 8 7 295 563 581
202 2 2 8 7 563 580 581
203 2 2 8 7 563 330 580
204 2 2 8 7 581 580 376
205 2 2 8 7 294 566 583
206 2 2 8 7 566 582 583
207 2 2 8 7 566 331 582
208 2 2 8 7 583 582 378
209 2 2 8 7 296 569 585
210 2 2 8 7 569 584 585
211 2 2 8 7 569 332 584
212 2 2 8 7 585 584 377
213 2 2 8 7 298 586 572
214 2 2 8 7 586 587 572
215 2 2 8 7 586 380 587
216 2 2 8 7 572 587 334
217 2 2 8 7 299 588 575
218 2 2 8 7 588 589 575
219 2 2 8 7 588 381 589
220 2 2 8 7 575 589 336
221 2 2 8 7 300 590 578
222 2 2 8 7 590 591 578
223 2 2 8 7 590 379 591
224 2 2 8 7 578 591 335
225 2 2 8 7 228 592 594
226 2 2 8 7 592 593 594
227 2 2 8 7 592 472 593
228 2 2 8 7 594 593 421
229 2 2 8 7 230 595 597
230 2 2 8 7 595 596 597
231 2 2 8 7 595 473 596
232 2 2 8 7 597 596 420
233 2 2 8 7 231 598 600
234 2 2 8 7 598 599 600
235 2 2 8 7 598 475 599
236 2 2 8 7 600 599 422
237 2 2 8 7 136 601 603
238 2 2 8 7 601 602 603
239 2 2 8 7 601 234 602
240 2 2 8 7 603 602 306
241 2 2 8 7 392 604 606
242 2 2 8 7 604 605 606
243 2 2 8 7 604 132 605
244 2 2 8 7 606 605 302
245 2 2 8 7 391 607 609
246 2 2 8 7 607 608 609
247 2 2 8 7 607 303 608
248 2 2 8 7 609 608 131
249 2 2 8 7 236 610 611
250 2 2 8 7 610 606 611
251 2 2 8 7 610 392 606
252 2 2 8 7 611 606 302
253 2 2 8 7 237 612 613
254 2 2 8 7 612 607 613
255 2 2 8 7 612 303 607
256 2 2 8 7 613 607 391
257 2 2 8 7 196 614 616
258 2 2 8 7 614 615 616
259 2 2 8 7 614 286 615
260 2 2 8 7 616 615 268
261 2 2 8 7 201 617 619
262 2 2 8 7 617 618 619
263 2 2 8 7 617 270 618
264 2 2 8 7 619 618 287
265 2 2 8 7 64 553 621
266 2 2 8 7 553 620 621
267 2 2 8 7 553 261 620
268 2 2 8 7 621 620 344
269 2 2 8 7 128 559 623
270 2 2 8 7 559 622 623
271 2 2 8 7 559 262 622
272 2 2 8 7 623 622 346
273 2 2 8 7 19 557 625
274 2 2 8 7 557 624 625
275 2 2 8 7 557 260 624
276 2 2 8 7 625 624 343
277 2 2 8 7 96 555 627
278 2 2 8 7 555 626 627
279 2 2 8 7 555 259 626
280 2 2 8 7 627 626 345
281 2 2 8 7 308 628 630
282 2 2 8 7 628 629 630
283 2 2 8 7 628 481 629
284 2 2 8 7 630 629 452
285 2 2 8 7 228 594 632
286 2 2 8 7 594 631 632
287 2 2 8 7 594 421 631
288 2 2 8 7 632 631 261
289 2 2 8 7 230 597 634
290 2 2 8 7 597 633 634
291 2 2 8 7 597 420 633
292 2 2 8 7 634 633 259
293 2 2 8 7 231 600 636
294 2 2 8 7 600 635 636
295 2 2 8 7 600 422 635
296 2 2 8 7 636 635 260
297 2 2 8 7 167 637 638
298 2 2 8 7 637 611 638
299 2 2 8 7 637 236 611
300 2 2 8 7 638 611 302
301 2 2 8 7 168 639 640
302 2 2 8 7 639 612 640
303 2 2 8 7 639 303 612
304 2 2 8 7 640 612 237
305 2 2 8 7 157 641 642
306 2 2 8 7 641 629 642
307 2 2 8 7 641 452 629
308 2 2 8 7 642 629 481
309 2 2 8 7 155 643 561
310 2 2 8 7 643 644 561
311 2 2 8 7 643 236 644
312 2 2 8 7 561 644 315
313 2 2 8 7 156 645 647
314 2 2 8 7 645 646 647
315 2 2 8 7 645 316 646
316 2 2 8 7 647 646 237
317 2 2 8 7 170 648 650
318 2 2 8 7 648 649 650
319 2 2 8 7 648 288 649
320 2 2 8 7 650 649 293
321 2 2 8 7 209 651 652
322 2 2 8 7 651 649 652
323 2 2 8 7 651 293 649
324 2 2 8 7 652 649 288
325 2 2 8 7 180 653 655
326 2 2 8 7 653 654 655
327 2 2 8 7 653 262 654
328 2 2 8 7 655 654 338
329 2 2 8 7 174 656 658
330 2 2 8 7 656 657 658
331 2 2 8 7 656 230 657
332 2 2 8 7 658 657 461
333 2 2 8 7 177 659 661
334 2 2 8 7 659 660 661
335 2 2 8 7 659 228 660
336 2 2 8 7 661 660 460
337 2 2 8 7 175 662 664
338 2 2 8 7 662 663 664
339 2 2 8 7 662 231 663
340 2 2 8 7 664 663 462
341 2 2 8 7 176 665 667
342 2 2 8 7 665 666 667
343 2 2 8 7 665 229 666
344 2 2 8 7 667 666 459
345 2 2 8 7 196 668 614
346 2 2 8 7 668 669 614
347 2 2 8 7 668 376 669
348 2 2 8 7 614 669 286
349 2 2 8 7 201 619 671
350 2 2 8 7 619 670 671
351 2 2 8 7 619 287 670
352 2 2 8 7 671 670 379
353 2 2 8 7 151 672 673
354 2 2 8 7 672 593 673
355 2 2 8 7 672 421 593
356 2 2 8 7 673 593 472
357 2 2 8 7 150 674 675
358 2 2 8 7 674 596 675
359 2 2 8 7 674 420 596
360 2 2 8 7 675 596 473
361 2 2 8 7 152 676 677
362 2 2 8 7 676 599 677
363 2 2 8 7 676 422 599
364 2 2 8 7 677 599 475
365 2 2 8 7 156 678 645
366 2 2 8 7 678 539 645
367 2 2 8 7 678 249 539
368 2 2 8 7 645 539 316
369 2 2 8 7 205 679 681
370 2 2 8 7 679 680 681
371 2 2 8 7 679 266 680
372 2 2 8 7 681 680 350
373 2 2 8 7 149 682 683
374 2 2 8 7 682 680 683
375 2 2 8 7 682 350 680
376 2 2 8 7 683 680 266
377 2 2 8 7 206 684 686
378 2 2 8 7 684 685 686
379 2 2 8 7 684 283 685
380 2 2 8 7 686 685 291
381 2 2 8 7 172 687 688
382 2 2 8 7 687 685 688
383 2 2 8 7 687 291 685
384 2 2 8 7 688 685 283
385 2 2 8 7 226 689 690
386 2 2 8 7 689 630 690
387 2 2 8 7 689 308 630
388 2 2 8 7 690 630 452
389 2 2 8 7 167 638 692
390 2 2 8 7 638 691 692
391 2 2 8 7 638 302 691
392 2 2 8 7 692 691 263
393 2 2 8 7 168 693 639
394 2 2 8 7 693 694 639
395 2 2 8 7 693 264 694
396 2 2 8 7 639 694 303
397 2 2 8 7 197 695 696
398 2 2 8 7 695 691 696
399 2 2 8 7 695 263 691
400 2 2 8 7 696 691 302
401 2 2 8 7 199 697 698
402 2 2 8 7 697 694 698
403 2 2 8 7 697 303 694
404 2 2 8 7 698 694 264
405 2 2 8 7 57 41 700
406 2 2 8 7 41 699 700
407 2 2 8 7 41 56 699
408 2 2 8 7 700 699 258
409 2 2 8 7 26 8 702
410 2 2 8 7 8 701 702
411 2 2 8 7 8 27 701
412 2 2 8 7 702 701 256
413 2 2 8 7 89 73 704
414 2 2 8 7 73 703 704
415 2 2 8 7 73 88 703
416 2 2 8 7 704 703 255
417 2 2 8 7 121 105 706
418 2 2 8 7 105 705 706
419 2 2 8 7 105 120 705
420 2 2 8 7 706 705 257
421 2 2 8 7 117 101 708
422 2 2 8 7 101 707 708
423 2 2 8 7 101 116 707
424 2 2 8 7 708 707 254
425 2 2 8 7 85 69 710
426 2 2 8 7 69 709 710
427 2 2 8 7 69 84 709
428 2 2 8 7 710 709 253
429 2 2 8 7 53 37 712
430 2 2 8 7 37 711 712
431 2 2 8 7 37 52 711
432 2 2 8 7 712 711 252
433 2 2 8 7 30 4 714
434 2 2 8 7 4 713 714
435 2 2 8 7 4 31 713
436 2 2 8 7 714 713 251
437 2 2 8 7 203 715 717
438 2 2 8 7 715 716 717
439 2 2 8 7 715 275 716
440 2 2 8 7 717 716 272
441 2 2 8 7 202 718 720
442 2 2 8 7 718 719 720
443 2 2 8 7 718 273 719
444 2 2 8 7 720 719 276
445 2 2 8 7 152 721 723
446 2 2 8 7 721 722 723
447 2 2 8 7 721 296 722
448 2 2 8 7 723 722 311
449 2 2 8 7 151 724 726
450 2 2 8 7 724 725 726
451 2 2 8 7 724 294 725
452 2 2 8 7 726 725 309
453 2 2 8 7 150 727 729
454 2 2 8 7 727 728 729
455 2 2 8 7 727 295 728
456 2 2 8 7 729 728 310
457 2 2 8 7 195 730 731
458 2 2 8 7 730 725 731
459 2 2 8 7 730 309 725
460 2 2 8 7 731 725 294
461 2 2 8 7 196 732 733
462 2 2 8 7 732 728 733
463 2 2 8 7 732 310 728
464 2 2 8 7 733 728 295
465 2 2 8 7 197 734 735
466 2 2 8 7 734 722 735
467 2 2 8 7 734 311 722
468 2 2 8 7 735 722 296
469 2 2 8 7 151 726 737
470 2 2 8 7 726 736 737
471 2 2 8 7 726 309 736
472 2 2 8 7 737 736 298
473 2 2 8 7 152 723 739
474 2 2 8 7 723 738 739
475 2 2 8 7 723 311 738
476 2 2 8 7 739 738 300
477 2 2 8 7 150 729 741
478 2 2 8 7 729 740 741
479 2 2 8 7 729 310 740
480 2 2 8 7 741 740 299
481 2 2 8 7 200 742 743
482 2 2 8 7 742 736 743
483 2 2 8 7 742 298 736
484 2 2 8 7 743 736 309
485 2 2 8 7 201 744 745
486 2 2 8 7 744 738 745
487 2 2 8 7 744 300 738
488 2 2 8 7 745 738 311
489 2 2 8 7 199 746 747
490 2 2 8 7 746 740 747
491 2 2 8 7 746 299 740
492 2 2 8 7 747 740 310
493 2 2 8 7 176 748 750
494 2 2 8 7 748 749 750
495 2 2 8 7 748 333 749
496 2 2 8 7 750 749 390
497 2 2 8 7 176 750 752
498 2 2 8 7 750 751 752
499 2 2 8 7 750 390 751
500 2 2 8 7 752 751 297
501 2 2 8 7 160 753 755
502 2 2 8 7 753 754 755
503 2 2 8 7 753 396 754
504 2 2 8 7 755 754 232
505 2 2 8 7 159 756 758
506 2 2 8 7 756 757 758
507 2 2 8 7 756 394 757
508 2 2 8 7 758 757 233
509 2 2 8 7 161 759 761
510 2 2 8 7 759 760 761
511 2 2 8 7 759 393 760
512 2 2 8 7 761 760 234
513 2 2 8 7 227 762 764
514 2 2 8 7 762 763 764
515 2 2 8 7 762 444 763
516 2 2 8 7 764 763 416
517 2 2 8 7 169 765 767
518 2 2 8 7 765 766 767
519 2 2 8 7 765 515 766
520 2 2 8 7 767 766 304
521 2 2 8 7 171 768 770
522 2 2 8 7 768 769 770
523 2 2 8 7 768 305 769
524 2 2 8 7 770 769 516
525 2 2 8 7 483 771 772
526 2 2 8 7 771 755 772
527 2 2 8 7 771 160 755
528 2 2 8 7 772 755 232
529 2 2 8 7 485 773 774
530 2 2 8 7 773 761 774
531 2 2 8 7 773 161 761
532 2 2 8 7 774 761 234
533 2 2 8 7 484 775 776
534 2 2 8 7 775 758 776
535 2 2 8 7 775 159 758
536 2 2 8 7 776 758 233
537 2 2 8 7 262 777 654
538 2 2 8 7 777 778 654
539 2 2 8 7 777 466 778
540 2 2 8 7 654 778 338
541 2 2 8 7 130 779 781
542 2 2 8 7 779 780 781
543 2 2 8 7 779 304 780
544 2 2 8 7 781 780 238
545 2 2 8 7 130 782 784
546 2 2 8 7 782 783 784
547 2 2 8 7 782 239 783
548 2 2 8 7 784 783 305
549 2 2 8 7 173 785 787
550 2 2 8 7 785 786 787
551 2 2 8 7 785 348 786
552 2 2 8 7 787 786 239
553 2 2 8 7 223 788 790
554 2 2 8 7 788 789 790
555 2 2 8 7 788 352 789
556 2 2 8 7 790 789 307
557 2 2 8 7 141 791 792
558 2 2 8 7 791 789 792
559 2 2 8 7 791 307 789
560 2 2 8 7 792 789 352
561 2 2 8 7 169 767 794
562 2 2 8 7 767 793 794
563 2 2 8 7 767 304 793
564 2 2 8 7 794 793 269
565 2 2 8 7 171 795 768
566 2 2 8 7 795 796 768
567 2 2 8 7 795 271 796
568 2 2 8 7 768 796 305
569 2 2 8 7 177 797 659
570 2 2 8 7 797 592 659
571 2 2 8 7 797 472 592
572 2 2 8 7 659 592 228
573 2 2 8 7 174 798 656
574 2 2 8 7 798 595 656
575 2 2 8 7 798 473 595
576 2 2 8 7 656 595 230
577 2 2 8 7 176 799 665
578 2 2 8 7 799 800 665
579 2 2 8 7 799 474 800
580 2 2 8 7 665 800 229
581 2 2 8 7 175 801 662
582 2 2 8 7 801 598 662
583 2 2 8 7 801 475 598
584 2 2 8 7 662 598 231
585 2 2 8 7 183 802 804
586 2 2 8 7 802 803 804
587 2 2 8 7 802 325 803
588 2 2 8 7 804 803 446
589 2 2 8 7 136 805 601
590 2 2 8 7 805 806 601
591 2 2 8 7 805 368 806
592 2 2 8 7 601 806 234
593 2 2 8 7 169 807 809
594 2 2 8 7 807 808 809
595 2 2 8 7 807 373 808
596 2 2 8 7 809 808 272
597 2 2 8 7 171 810 812
598 2 2 8 7 810 811 812
599 2 2 8 7 810 273 811
600 2 2 8 7 812 811 374
601 2 2 8 7 186 813 815
602 2 2 8 7 813 814 815
603 2 2 8 7 813 424 814
604 2 2 8 7 815 814 244
605 2 2 8 7 187 816 818
606 2 2 8 7 816 817 818
607 2 2 8 7 816 425 817
608 2 2 8 7 818 817 242
609 2 2 8 7 188 819 821
610 2 2 8 7 819 820 821
611 2 2 8 7 819 423 820
612 2 2 8 7 821 820 243
613 2 2 8 7 190 822 824
614 2 2 8 7 822 823 824
615 2 2 8 7 822 248 823
616 2 2 8 7 824 823 428
617 2 2 8 7 191 825 827
618 2 2 8 7 825 826 827
619 2 2 8 7 825 247 826
620 2 2 8 7 827 826 427
621 2 2 8 7 193 828 830
622 2 2 8 7 828 829 830
623 2 2 8 7 828 246 829
624 2 2 8 7 830 829 426
625 2 2 8 7 174 831 833
626 2 2 8 7 831 832 833
627 2 2 8 7 831 503 832
628 2 2 8 7 833 832 244
629 2 2 8 7 175 834 836
630 2 2 8 7 834 835 836
631 2 2 8 7 834 501 835
632 2 2 8 7 836 835 243
633 2 2 8 7 176 837 839
634 2 2 8 7 837 838 839
635 2 2 8 7 837 500 838
636 2 2 8 7 839 838 241
637 2 2 8 7 177 840 842
638 2 2 8 7 840 841 842
639 2 2 8 7 840 502 841
640 2 2 8 7 842 841 242
641 2 2 8 7 179 843 845
642 2 2 8 7 843 844 845
643 2 2 8 7 843 246 844
644 2 2 8 7 845 844 505
645 2 2 8 7 180 846 848
646 2 2 8 7 846 847 848
647 2 2 8 7 846 245 847
648 2 2 8 7 848 847 504
649 2 2 8 7 178 849 851
650 2 2 8 7 849 850 851
651 2 2 8 7 849 248 850
652 2 2 8 7 851 850 507
653 2 2 8 7 181 852 854
654 2 2 8 7 852 853 854
655 2 2 8 7 852 247 853
656 2 2 8 7 854 853 506
657 2 2 8 7 204 855 857
658 2 2 8 7 855 856 857
659 2 2 8 7 855 265 856
660 2 2 8 7 857 856 301
661 2 2 8 7 174 658 859
662 2 2 8 7 658 858 859
663 2 2 8 7 658 461 858
664 2 2 8 7 859 858 341
665 2 2 8 7 177 661 861
666 2 2 8 7 661 860 861
667 2 2 8 7 661 460 860
668 2 2 8 7 861 860 340
669 2 2 8 7 175 664 863
670 2 2 8 7 664 862 863
671 2 2 8 7 664 462 862
672 2 2 8 7 863 862 339
673 2 2 8 7 176 667 865
674 2 2 8 7 667 864 865
675 2 2 8 7 667 459 864
676 2 2 8 7 865 864 342
677 2 2 8 7 238 780 866
678 2 2 8 7 780 766 866
679 2 2 8 7 780 304 766
680 2 2 8 7 866 766 515
681 2 2 8 7 239 867 783
682 2 2 8 7 867 769 783
683 2 2 8 7 867 516 769
684 2 2 8 7 783 769 305
685 2 2 8 7 178 868 869
686 2 2 8 7 868 620 869
687 2 2 8 7 868 344 620
688 2 2 8 7 869 620 261
689 2 2 8 7 181 870 871
690 2 2 8 7 870 626 871
691 2 2 8 7 870 345 626
692 2 2 8 7 871 626 259
693 2 2 8 7 180 872 653
694 2 2 8 7 872 622 653
695 2 2 8 7 872 346 622
696 2 2 8 7 653 622 262
697 2 2 8 7 179 873 874
698 2 2 8 7 873 624 874
699 2 2 8 7 873 343 624
700 2 2 8 7 874 624 260
701 2 2 8 7 220 875 877
702 2 2 8 7 875 876 877
703 2 2 8 7 875 274 876
704 2 2 8 7 877 876 375
705 2 2 8 7 197 878 695
706 2 2 8 7 878 879 695
707 2 2 8 7 878 377 879
708 2 2 8 7 695 879 263
709 2 2 8 7 144 880 881
710 2 2 8 7 880 879 881
711 2 2 8 7 880 263 879
712 2 2 8 7 881 879 377
713 2 2 8 7 199 698 883
714 2 2 8 7 698 882 883
715 2 2 8 7 698 264 882
716 2 2 8 7 883 882 381
717 2 2 8 7 146 884 885
718 2 2 8 7 884 882 885
719 2 2 8 7 884 381 882
720 2 2 8 7 885 882 264
721 2 2 8 7 312 886 888
722 2 2 8 7 886 887 888
723 2 2 8 7 886 452 887
724 2 2 8 7 888 887 527
725 2 2 8 7 222 889 890
726 2 2 8 7 889 886 890
727 2 2 8 7 889 452 886
728 2 2 8 7 890 886 312
729 2 2 8 7 167 891 637
730 2 2 8 7 891 644 637
731 2 2 8 7 891 315 644
732 2 2 8 7 637 644 236
733 2 2 8 7 168 640 892
734 2 2 8 7 640 646 892
735 2 2 8 7 640 237 646
736 2 2 8 7 892 646 316
737 2 2 8 7 220 877 894
738 2 2 8 7 877 893 894
739 2 2 8 7 877 375 893
740 2 2 8 7 894 893 448
741 2 2 8 7 182 895 897
742 2 2 8 7 895 896 897
743 2 2 8 7 895 313 896
744 2 2 8 7 897 896 289
745 2 2 8 7 173 898 899
746 2 2 8 7 898 896 899
747 2 2 8 7 898 289 896
748 2 2 8 7 899 896 313
749 2 2 8 7 204 900 901
750 2 2 8 7 900 763 901
751 2 2 8 7 900 416 763
752 2 2 8 7 901 763 444
753 2 2 8 7 195 902 903
754 2 2 8 7 902 793 903
755 2 2 8 7 902 269 793
756 2 2 8 7 903 793 304
757 2 2 8 7 200 904 905
758 2 2 8 7 904 796 905
759 2 2 8 7 904 305 796
760 2 2 8 7 905 796 271
761 2 2 8 7 224 906 907
762 2 2 8 7 906 803 907
763 2 2 8 7 906 446 803
764 2 2 8 7 907 803 325
765 2 2 8 7 173 908 910
766 2 2 8 7 908 909 910
767 2 2 8 7 908 238 909
768 2 2 8 7 910 909 328
769 2 2 8 7 169 809 911
770 2 2 8 7 809 716 911
771 2 2 8 7 809 272 716
772 2 2 8 7 911 716 275
773 2 2 8 7 171 912 810
774 2 2 8 7 912 719 810
775 2 2 8 7 912 276 719
776 2 2 8 7 810 719 273
777 2 2 8 7 272 808 914
778 2 2 8 7 808 913 914
779 2 2 8 7 808 373 913
780 2 2 8 7 914 913 450
781 2 2 8 7 273 915 811
782 2 2 8 7 915 916 811
783 2 2 8 7 915 451 916
784 2 2 8 7 811 916 374
785 2 2 8 7 170 917 918
786 2 2 8 7 917 615 918
787 2 2 8 7 917 268 615
788 2 2 8 7 918 615 286
789 2 2 8 7 172 919 920
790 2 2 8 7 919 618 920
791 2 2 8 7 919 287 618
792 2 2 8 7 920 618 270
793 2 2 8 7 166 921 923
794 2 2 8 7 921 922 923
795 2 2 8 7 921 266 922
796 2 2 8 7 923 922 306
797 2 2 8 7 156 647 925
798 2 2 8 7 647 924 925
799 2 2 8 7 647 237 924
800 2 2 8 7 925 924 455
801 2 2 8 7 155 926 643
802 2 2 8 7 926 927 643
803 2 2 8 7 926 454 927
804 2 2 8 7 643 927 236
805 2 2 8 7 130 781 929
806 2 2 8 7 781 928 929
807 2 2 8 7 781 238 928
808 2 2 8 7 929 928 353
809 2 2 8 7 130 929 782
810 2 2 8 7 929 930 782
811 2 2 8 7 929 353 930
812 2 2 8 7 782 930 239
813 2 2 8 7 173 931 908
814 2 2 8 7 931 928 908
815 2 2 8 7 931 353 928
816 2 2 8 7 908 928 238
817 2 2 8 7 173 787 931
818 2 2 8 7 787 930 931
819 2 2 8 7 787 239 930
820 2 2 8 7 931 930 353
821 2 2 8 7 430 932 934
822 2 2 8 7 932 933 934
823 2 2 8 7 932 188 933
824 2 2 8 7 934 933 355
825 2 2 8 7 431 935 937
826 2 2 8 7 935 936 937
827 2 2 8 7 935 187 936
828 2 2 8 7 937 936 356
829 2 2 8 7 429 938 940
830 2 2 8 7 938 939 940
831 2 2 8 7 938 186 939
832 2 2 8 7 940 939 354
833 2 2 8 7 434 941 943
834 2 2 8 7 941 942 943
835 2 2 8 7 941 360 942
836 2 2 8 7 943 942 193
837 2 2 8 7 432 944 946
838 2 2 8 7 944 945 946
839 2 2 8 7 944 359 945
840 2 2 8 7 946 945 190
841 2 2 8 7 433 947 949
842 2 2 8 7 947 948 949
843 2 2 8 7 947 358 948
844 2 2 8 7 949 948 191
845 2 2 8 7 88 950 703
846 2 2 8 7 950 951 703
847 2 2 8 7 950 321 951
848 2 2 8 7 703 951 255
849 2 2 8 7 56 952 699
850 2 2 8 7 952 953 699
851 2 2 8 7 952 322 953
852 2 2 8 7 699 953 258
853 2 2 8 7 27 954 701
854 2 2 8 7 954 955 701
855 2 2 8 7 954 323 955
856 2 2 8 7 701 955 256
857 2 2 8 7 120 956 705
858 2 2 8 7 956 957 705
859 2 2 8 7 956 324 957
860 2 2 8 7 705 957 257
861 2 2 8 7 53 712 959
862 2 2 8 7 712 958 959
863 2 2 8 7 712 252 958
864 2 2 8 7 959 958 318
865 2 2 8 7 30 714 961
866 2 2 8 7 714 960 961
867 2 2 8 7 714 251 960
868 2 2 8 7 961 960 317
869 2 2 8 7 117 708 963
870 2 2 8 7 708 962 963
871 2 2 8 7 708 254 962
872 2 2 8 7 963 962 320
873 2 2 8 7 85 710 965
874 2 2 8 7 710 964 965
875 2 2 8 7 710 253 964
876 2 2 8 7 965 964 319
877 2 2 8 7 141 792 967
878 2 2 8 7 792 966 967
879 2 2 8 7 792 352 966
880 2 2 8 7 967 966 291
881 2 2 8 7 206 686 968
882 2 2 8 7 686 966 968
883 2 2 8 7 686 291 966
884 2 2 8 7 968 966 352
885 2 2 8 7 143 969 970
886 2 2 8 7 969 669 970
887 2 2 8 7 969 286 669
888 2 2 8 7 970 669 376
889 2 2 8 7 148 971 972
890 2 2 8 7 971 670 972
891 2 2 8 7 971 379 670
892 2 2 8 7 972 670 287
893 2 2 8 7 256 973 974
894 2 2 8 7 973 934 974
895 2 2 8 7 973 430 934
896 2 2 8 7 974 934 355
897 2 2 8 7 258 975 976
898 2 2 8 7 975 937 976
899 2 2 8 7 975 431 937
900 2 2 8 7 976 937 356
901 2 2 8 7 255 977 978
902 2 2 8 7 977 940 978
903 2 2 8 7 977 429 940
904 2 2 8 7 978 940 354
905 2 2 8 7 251 979 980
906 2 2 8 7 979 944 980
907 2 2 8 7 979 359 944
908 2 2 8 7 980 944 432
909 2 2 8 7 254 981 982
910 2 2 8 7 981 941 982
911 2 2 8 7 981 360 941
912 2 2 8 7 982 941 434
913 2 2 8 7 252 983 984
914 2 2 8 7 983 947 984
915 2 2 8 7 983 358 947
916 2 2 8 7 984 947 433
917 2 2 8 7 211 985 987
918 2 2 8 7 985 986 987
919 2 2 8 7 985 367 986
920 2 2 8 7 987 986 284
921 2 2 8 7 134 988 989
922 2 2 8 7 988 986 989
923 2 2 8 7 988 284 986
924 2 2 8 7 989 986 367
925 2 2 8 7 135 990 992
926 2 2 8 7 990 991 992
927 2 2 8 7 990 369 991
928 2 2 8 7 992 991 285
929 2 2 8 7 213 993 994
930 2 2 8 7 993 991 994
931 2 2 8 7 993 285 991
932 2 2 8 7 994 991 369
933 2 2 8 7 138 995 997
934 2 2 8 7 995 996 997
935 2 2 8 7 995 328 996
936 2 2 8 7 997 996 275
937 2 2 8 7 174 833 562
938 2 2 8 7 833 998 562
939 2 2 8 7 833 244 998
940 2 2 8 7 562 998 330
941 2 2 8 7 176 839 748
942 2 2 8 7 839 999 748
943 2 2 8 7 839 241 999
944 2 2 8 7 748 999 333
945 2 2 8 7 177 842 565
946 2 2 8 7 842 1000 565
947 2 2 8 7 842 242 1000
948 2 2 8 7 565 1000 331
949 2 2 8 7 175 836 568
950 2 2 8 7 836 1001 568
951 2 2 8 7 836 243 1001
952 2 2 8 7 568 1001 332
953 2 2 8 7 178 573 849
954 2 2 8 7 573 1002 849
955 2 2 8 7 573 334 1002
956 2 2 8 7 849 1002 248
957 2 2 8 7 181 576 852
958 2 2 8 7 576 1003 852
959 2 2 8 7 576 336 1003
960 2 2 8 7 852 1003 247
961 2 2 8 7 180 1004 846
962 2 2 8 7 1004 1005 846
963 2 2 8 7 1004 337 1005
964 2 2 8 7 846 1005 245
965 2 2 8 7 179 579 843
966 2 2 8 7 579 1006 843
967 2 2 8 7 579 335 1006
968 2 2 8 7 843 1006 246
969 2 2 8 7 203 544 1008
970 2 2 8 7 544 1007 1008
971 2 2 8 7 544 249 1007
972 2 2 8 7 1008 1007 437
973 2 2 8 7 202 1009 541
974 2 2 8 7 1009 1010 541
975 2 2 8 7 1009 436 1010
976 2 2 8 7 541 1010 250
977 2 2 8 7 175 863 834
978 2 2 8 7 863 1011 834
979 2 2 8 7 863 339 1011
980 2 2 8 7 834 1011 501
981 2 2 8 7 176 865 837
982 2 2 8 7 865 1012 837
983 2 2 8 7 865 342 1012
984 2 2 8 7 837 1012 500
985 2 2 8 7 174 859 831
986 2 2 8 7 859 1013 831
987 2 2 8 7 859 341 1013
988 2 2 8 7 831 1013 503
989 2 2 8 7 177 861 840
990 2 2 8 7 861 1014 840
991 2 2 8 7 861 340 1014
992 2 2 8 7 840 1014 502
993 2 2 8 7 179 845 873
994 2 2 8 7 845 1015 873
995 2 2 8 7 845 505 1015
996 2 2 8 7 873 1015 343
997 2 2 8 7 178 851 868
998 2 2 8 7 851 1016 868
999 2 2 8 7 851 507 1016
1000 2 2 8 7 868 1016 344
1001 2 2 8 7 180 848 872
1002 2 2 8 7 848 1017 872
1003 2 2 8 7 848 504 1017
1004 2 2 8 7 872 1017 346
1005 2 2 8 7 181 854 870
1006 2 2 8 7 854 1018 870
1007 2 2 8 7 854 506 1018
1008 2 2 8 7 870 1018 345
1009 2 2 8 7 149 1019 1021
1010 2 2 8 7 1019 1020 1021
1011 2 2 8 7 1019 445 1020
1012 2 2 8 7 1021 1020 448
1013 2 2 8 7 188 821 1023
1014 2 2 8 7 821 1022 1023
1015 2 2 8 7 821 243 1022
1016 2 2 8 7 1023 1022 407
1017 2 2 8 7 187 818 1025
1018 2 2 8 7 818 1024 1025
1019 2 2 8 7 818 242 1024
1020 2 2 8 7 1025 1024 409
1021 2 2 8 7 186 815 1027
1022 2 2 8 7 815 1026 1027
1023 2 2 8 7 815 244 1026
1024 2 2 8 7 1027 1026 408
1025 2 2 8 7 193 1028 828
1026 2 2 8 7 1028 1029 828
1027 2 2 8 7 1028 404 1029
1028 2 2 8 7 828 1029 246
1029 2 2 8 7 190 1030 822
1030 2 2 8 7 1030 1031 822
1031 2 2 8 7 1030 405 1031
1032 2 2 8 7 822 1031 248
1033 2 2 8 7 191 1032 825
1034 2 2 8 7 1032 1033 825
1035 2 2 8 7 1032 403 1033
1036 2 2 8 7 825 1033 247
1037 2 2 8 7 164 1034 1036
1038 2 2 8 7 1034 1035 1036
1039 2 2 8 7 1034 490 1035
1040 2 2 8 7 1036 1035 251
1041 2 2 8 7 165 1037 1039
1042 2 2 8 7 1037 1038 1039
1043 2 2 8 7 1037 489 1038
1044 2 2 8 7 1039 1038 252
1045 2 2 8 7 166 1040 1042
1046 2 2 8 7 1040 1041 1042
1047 2 2 8 7 1040 491 1041
1048 2 2 8 7 1042 1041 253
1049 2 2 8 7 163 1043 1045
1050 2 2 8 7 1043 1044 1045
1051 2 2 8 7 1043 492 1044
1052 2 2 8 7 1045 1044 254
1053 2 2 8 7 136 603 1047
1054 2 2 8 7 603 1046 1047
1055 2 2 8 7 603 306 1046
1056 2 2 8 7 1047 1046 478
1057 2 2 8 7 133 1048 1050
1058 2 2 8 7 1048 1049 1050
1059 2 2 8 7 1048 274 1049
1060 2 2 8 7 1050 1049 362
1061 2 2 8 7 198 1051 1052
1062 2 2 8 7 1051 1049 1052
1063 2 2 8 7 1051 362 1049
1064 2 2 8 7 1052 1049 274
1065 2 2 8 7 192 1053 1055
1066 2 2 8 7 1053 1054 1055
1067 2 2 8 7 1053 418 1054
1068 2 2 8 7 1055 1054 253
1069 2 2 8 7 166 1042 1056
1070 2 2 8 7 1042 1054 1056
1071 2 2 8 7 1042 253 1054
1072 2 2 8 7 1056 1054 418
1073 2 2 8 7 205 1057 679
1074 2 2 8 7 1057 922 679
1075 2 2 8 7 1057 306 922
1076 2 2 8 7 679 922 266
1077 2 2 8 7 182 1058 1060
1078 2 2 8 7 1058 1059 1060
1079 2 2 8 7 1058 314 1059
1080 2 2 8 7 1060 1059 386
1081 2 2 8 7 189 1061 1063
1082 2 2 8 7 1061 1062 1063
1083 2 2 8 7 1061 257 1062
1084 2 2 8 7 1063 1062 419
1085 2 2 8 7 162 1064 1065
1086 2 2 8 7 1064 1062 1065
1087 2 2 8 7 1064 419 1062
1088 2 2 8 7 1065 1062 257
1089 2 2 8 7 123 1066 1068
1090 2 2 8 7 1066 1067 1068
1091 2 2 8 7 1066 410 1067
1092 2 2 8 7 1068 1067 241
1093 2 2 8 7 59 1069 1070
1094 2 2 8 7 1069 1024 1070
1095 2 2 8 7 1069 409 1024
1096 2 2 8 7 1070 1024 242
1097 2 2 8 7 91 1071 1072
1098 2 2 8 7 1071 1026 1072
1099 2 2 8 7 1071 408 1026
1100 2 2 8 7 1072 1026 244
1101 2 2 8 7 24 1073 1074
1102 2 2 8 7 1073 1022 1074
1103 2 2 8 7 1073 407 1022
1104 2 2 8 7 1074 1022 243
1105 2 2 8 7 114 1075 1076
1106 2 2 8 7 1075 1029 1076
1107 2 2 8 7 1075 246 1029
1108 2 2 8 7 1076 1029 404
1109 2 2 8 7 82 1077 1079
1110 2 2 8 7 1077 1078 1079
1111 2 2 8 7 1077 245 1078
1112 2 2 8 7 1079 1078 406
1113 2 2 8 7 33 1080 1081
1114 2 2 8 7 1080 1031 1081
1115 2 2 8 7 1080 248 1031
1116 2 2 8 7 1081 1031 405
1117 2 2 8 7 50 1082 1083
1118 2 2 8 7 1082 1033 1083
1119 2 2 8 7 1082 247 1033
1120 2 2 8 7 1083 1033 403
1121 2 2 8 7 123 1068 1084
1122 2 2 8 7 1068 838 1084
1123 2 2 8 7 1068 241 838
1124 2 2 8 7 1084 838 500
1125 2 2 8 7 24 1074 1085
1126 2 2 8 7 1074 835 1085
1127 2 2 8 7 1074 243 835
1128 2 2 8 7 1085 835 501
1129 2 2 8 7 59 1070 1086
1130 2 2 8 7 1070 841 1086
1131 2 2 8 7 1070 242 841
1132 2 2 8 7 1086 841 502
1133 2 2 8 7 91 1072 1087
1134 2 2 8 7 1072 832 1087
1135 2 2 8 7 1072 244 832
1136 2 2 8 7 1087 832 503
1137 2 2 8 7 82 1088 1077
1138 2 2 8 7 1088 847 1077
1139 2 2 8 7 1088 504 847
1140 2 2 8 7 1077 847 245
1141 2 2 8 7 114 1089 1075
1142 2 2 8 7 1089 844 1075
1143 2 2 8 7 1089 505 844
1144 2 2 8 7 1075 844 246
1145 2 2 8 7 33 1090 1080
1146 2 2 8 7 1090 850 1080
1147 2 2 8 7 1090 507 850
1148 2 2 8 7 1080 850 248
1149 2 2 8 7 50 1091 1082
1150 2 2 8 7 1091 853 1082
1151 2 2 8 7 1091 506 853
1152 2 2 8 7 1082 853 247
1153 2 2 8 7 162 1092 1094
1154 2 2 8 7 1092 1093 1094
1155 2 2 8 7 1092 531 1093
1156 2 2 8 7 1094 1093 265
1157 2 2 8 7 156 1095 678
1158 2 2 8 7 1095 1096 678
1159 2 2 8 7 1095 372 1096
1160 2 2 8 7 678 1096 249
1161 2 2 8 7 57 700 1097
1162 2 2 8 7 700 976 1097
1163 2 2 8 7 700 258 976
1164 2 2 8 7 1097 976 356
1165 2 2 8 7 121 706 1099
1166 2 2 8 7 706 1098 1099
1167 2 2 8 7 706 257 1098
1168 2 2 8 7 1099 1098 357
1169 2 2 8 7 26 702 1100
1170 2 2 8 7 702 974 1100
1171 2 2 8 7 702 256 974
1172 2 2 8 7 1100 974 355
1173 2 2 8 7 89 704 1101
1174 2 2 8 7 704 978 1101
1175 2 2 8 7 704 255 978
1176 2 2 8 7 1101 978 354
1177 2 2 8 7 84 1102 709
1178 2 2 8 7 1102 1103 709
1179 2 2 8 7 1102 361 1103
1180 2 2 8 7 709 1103 253
1181 2 2 8 7 116 1104 707
1182 2 2 8 7 1104 981 707
1183 2 2 8 7 1104 360 981
1184 2 2 8 7 707 981 254
1185 2 2 8 7 31 1105 713
1186 2 2 8 7 1105 979 713
1187 2 2 8 7 1105 359 979
1188 2 2 8 7 713 979 251
1189 2 2 8 7 52 1106 711
1190 2 2 8 7 1106 983 711
1191 2 2 8 7 1106 358 983
1192 2 2 8 7 711 983 252
1193 2 2 8 7 141 1107 1109
1194 2 2 8 7 1107 1108 1109
1195 2 2 8 7 1107 453 1108
1196 2 2 8 7 1109 1108 290
1197 2 2 8 7 189 1110 1061
1198 2 2 8 7 1110 1098 1061
1199 2 2 8 7 1110 357 1098
1200 2 2 8 7 1061 1098 257
1201 2 2 8 7 192 1055 1111
1202 2 2 8 7 1055 1103 1111
1203 2 2 8 7 1055 253 1103
1204 2 2 8 7 1111 1103 361
1205 2 2 8 7 197 696 1113
1206 2 2 8 7 696 1112 1113
1207 2 2 8 7 696 302 1112
1208 2 2 8 7 1113 1112 401
1209 2 2 8 7 199 1114 697
1210 2 2 8 7 1114 1115 697
1211 2 2 8 7 1114 447 1115
1212 2 2 8 7 697 1115 303
1213 2 2 8 7 141 1109 1117
1214 2 2 8 7 1109 1116 1117
1215 2 2 8 7 1109 290 1116
1216 2 2 8 7 1117 1116 435
1217 2 2 8 7 195 1118 902
1218 2 2 8 7 1118 1119 902
1219 2 2 8 7 1118 378 1119
1220 2 2 8 7 902 1119 269
1221 2 2 8 7 142 1120 1121
1222 2 2 8 7 1120 1119 1121
1223 2 2 8 7 1120 269 1119
1224 2 2 8 7 1121 1119 378
1225 2 2 8 7 200 905 1123
1226 2 2 8 7 905 1122 1123
1227 2 2 8 7 905 271 1122
1228 2 2 8 7 1123 1122 380
1229 2 2 8 7 147 1124 1125
1230 2 2 8 7 1124 1122 1125
1231 2 2 8 7 1124 380 1122
1232 2 2 8 7 1125 1122 271
1233 2 2 8 7 198 1126 1051
1234 2 2 8 7 1126 1127 1051
1235 2 2 8 7 1126 347 1127
1236 2 2 8 7 1051 1127 362
1237 2 2 8 7 227 1128 1129
1238 2 2 8 7 1128 1127 1129
1239 2 2 8 7 1128 362 1127
1240 2 2 8 7 1129 1127 347
1241 2 2 8 7 181 871 1130
1242 2 2 8 7 871 633 1130
1243 2 2 8 7 871 259 633
1244 2 2 8 7 1130 633 420
1245 2 2 8 7 178 869 1131
1246 2 2 8 7 869 631 1131
1247 2 2 8 7 869 261 631
1248 2 2 8 7 1131 631 421
1249 2 2 8 7 179 874 1132
1250 2 2 8 7 874 635 1132
1251 2 2 8 7 874 260 635
1252 2 2 8 7 1132 635 422
1253 2 2 8 7 203 1008 715
1254 2 2 8 7 1008 1133 715
1255 2 2 8 7 1008 437 1133
1256 2 2 8 7 715 1133 275
1257 2 2 8 7 202 720 1009
1258 2 2 8 7 720 1134 1009
1259 2 2 8 7 720 276 1134
1260 2 2 8 7 1009 1134 436
1261 2 2 8 7 242 817 1000
1262 2 2 8 7 817 1135 1000
1263 2 2 8 7 817 425 1135
1264 2 2 8 7 1000 1135 331
1265 2 2 8 7 244 814 998
1266 2 2 8 7 814 1136 998
1267 2 2 8 7 814 424 1136
1268 2 2 8 7 998 1136 330
1269 2 2 8 7 243 820 1001
1270 2 2 8 7 820 1137 1001
1271 2 2 8 7 820 423 1137
1272 2 2 8 7 1001 1137 332
1273 2 2 8 7 248 1002 823
1274 2 2 8 7 1002 1138 823
1275 2 2 8 7 1002 334 1138
1276 2 2 8 7 823 1138 428
1277 2 2 8 7 247 1003 826
1278 2 2 8 7 1003 1139 826
1279 2 2 8 7 1003 336 1139
1280 2 2 8 7 826 1139 427
1281 2 2 8 7 246 1006 829
1282 2 2 8 7 1006 1140 829
1283 2 2 8 7 1006 335 1140
1284 2 2 8 7 829 1140 426
1285 2 2 8 7 221 1141 1142
1286 2 2 8 7 1141 1059 1142
1287 2 2 8 7 1141 386 1059
1288 2 2 8 7 1142 1059 314
1289 2 2 8 7 388 1143 1145
1290 2 2 8 7 1143 1144 1145
1291 2 2 8 7 1143 145 1144
1292 2 2 8 7 1145 1144 520
1293 2 2 8 7 520 1144 1147
1294 2 2 8 7 1144 1146 1147
1295 2 2 8 7 1144 145 1146
1296 2 2 8 7 1147 1146 333
1297 2 2 8 7 161 1148 1149
1298 2 2 8 7 1148 977 1149
1299 2 2 8 7 1148 429 977
1300 2 2 8 7 1149 977 255
1301 2 2 8 7 159 1150 1151
1302 2 2 8 7 1150 973 1151
1303 2 2 8 7 1150 430 973
1304 2 2 8 7 1151 973 256
1305 2 2 8 7 160 1152 1153
1306 2 2 8 7 1152 975 1153
1307 2 2 8 7 1152 431 975
1308 2 2 8 7 1153 975 258
1309 2 2 8 7 164 1036 1154
1310 2 2 8 7 1036 980 1154
1311 2 2 8 7 1036 251 980
1312 2 2 8 7 1154 980 432
1313 2 2 8 7 165 1039 1155
1314 2 2 8 7 1039 984 1155
1315 2 2 8 7 1039 252 984
1316 2 2 8 7 1155 984 433
1317 2 2 8 7 163 1045 1156
1318 2 2 8 7 1045 982 1156
1319 2 2 8 7 1045 254 982
1320 2 2 8 7 1156 982 434
1321 2 2 8 7 166 923 1158
1322 2 2 8 7 923 1157 1158
1323 2 2 8 7 923 306 1157
1324 2 2 8 7 1158 1157 524
1325 2 2 8 7 227 1129 762
1326 2 2 8 7 1129 1159 762
1327 2 2 8 7 1129 347 1159
1328 2 2 8 7 762 1159 444
1329 2 2 8 7 513 1160 1161
1330 2 2 8 7 1160 1153 1161
1331 2 2 8 7 1160 160 1153
1332 2 2 8 7 1161 1153 258
1333 2 2 8 7 512 1162 1163
1334 2 2 8 7 1162 1149 1163
1335 2 2 8 7 1162 161 1149
1336 2 2 8 7 1163 1149 255
1337 2 2 8 7 511 1164 1165
1338 2 2 8 7 1164 1151 1165
1339 2 2 8 7 1164 159 1151
1340 2 2 8 7 1165 1151 256
1341 2 2 8 7 162 1065 1167
1342 2 2 8 7 1065 1166 1167
1343 2 2 8 7 1065 257 1166
1344 2 2 8 7 1167 1166 510
1345 2 2 8 7 240 1168 1170
1346 2 2 8 7 1168 1169 1170
1347 2 2 8 7 1168 458 1169
1348 2 2 8 7 1170 1169 518
1349 2 2 8 7 20 1171 556
1350 2 2 8 7 1171 1172 556
1351 2 2 8 7 1171 412 1172
1352 2 2 8 7 556 1172 260
1353 2 2 8 7 63 1173 552
1354 2 2 8 7 1173 1174 552
1355 2 2 8 7 1173 413 1174
1356 2 2 8 7 552 1174 261
1357 2 2 8 7 95 1175 554
1358 2 2 8 7 1175 1176 554
1359 2 2 8 7 1175 414 1176
1360 2 2 8 7 554 1176 259
1361 2 2 8 7 127 1177 558
1362 2 2 8 7 1177 1178 558
1363 2 2 8 7 1177 415 1178
1364 2 2 8 7 558 1178 262
1365 2 2 8 7 231 636 1179
1366 2 2 8 7 636 1172 1179
1367 2 2 8 7 636 260 1172
1368 2 2 8 7 1179 1172 412
1369 2 2 8 7 230 634 1180
1370 2 2 8 7 634 1176 1180
1371 2 2 8 7 634 259 1176
1372 2 2 8 7 1180 1176 414
1373 2 2 8 7 228 632 1181
1374 2 2 8 7 632 1174 1181
1375 2 2 8 7 632 261 1174
1376 2 2 8 7 1181 1174 413
1377 2 2 8 7 172 1182 687
1378 2 2 8 7 1182 1183 687
1379 2 2 8 7 1182 364 1183
1380 2 2 8 7 687 1183 291
1381 2 2 8 7 205 1184 1186
1382 2 2 8 7 1184 1185 1186
1383 2 2 8 7 1184 327 1185
1384 2 2 8 7 1186 1185 267
1385 2 2 8 7 224 1187 1189
1386 2 2 8 7 1187 1188 1189
1387 2 2 8 7 1187 509 1188
1388 2 2 8 7 1189 1188 499
1389 2 2 8 7 224 907 1187
1390 2 2 8 7 907 1190 1187
1391 2 2 8 7 907 325 1190
1392 2 2 8 7 1187 1190 509
1393 2 2 8 7 291 1183 1192
1394 2 2 8 7 1183 1191 1192
1395 2 2 8 7 1183 364 1191
1396 2 2 8 7 1192 1191 453
1397 2 2 8 7 167 692 1194
1398 2 2 8 7 692 1193 1194
1399 2 2 8 7 692 263 1193
1400 2 2 8 7 1194 1193 383
1401 2 2 8 7 168 1195 693
1402 2 2 8 7 1195 1196 693
1403 2 2 8 7 1195 384 1196
1404 2 2 8 7 693 1196 264
1405 2 2 8 7 170 650 1198
1406 2 2 8 7 650 1197 1198
1407 2 2 8 7 650 293 1197
1408 2 2 8 7 1198 1197 363
1409 2 2 8 7 144 1199 880
1410 2 2 8 7 1199 1200 880
1411 2 2 8 7 1199 463 1200
1412 2 2 8 7 880 1200 263
1413 2 2 8 7 146 885 1202
1414 2 2 8 7 885 1201 1202
1415 2 2 8 7 885 264 1201
1416 2 2 8 7 1202 1201 464
1417 2 2 8 7 145 1203 1205
1418 2 2 8 7 1203 1204 1205
1419 2 2 8 7 1203 265 1204
1420 2 2 8 7 1205 1204 444
1421 2 2 8 7 204 901 855
1422 2 2 8 7 901 1204 855
1423 2 2 8 7 901 444 1204
1424 2 2 8 7 855 1204 265
1425 2 2 8 7 157 1206 1207
1426 2 2 8 7 1206 1185 1207
1427 2 2 8 7 1206 267 1185
1428 2 2 8 7 1207 1185 327
1429 2 2 8 7 293 1208 1197
1430 2 2 8 7 1208 1209 1197
1431 2 2 8 7 1208 471 1209
1432 2 2 8 7 1197 1209 363
1433 2 2 8 7 162 1094 1064
1434 2 2 8 7 1094 1210 1064
1435 2 2 8 7 1094 265 1210
1436 2 2 8 7 1064 1210 419
1437 2 2 8 7 234 1211 602
1438 2 2 8 7 1211 1157 602
1439 2 2 8 7 1211 524 1157
1440 2 2 8 7 602 1157 306
1441 2 2 8 7 129 1212 1214
1442 2 2 8 7 1212 1213 1214
1443 2 2 8 7 1212 389 1213
1444 2 2 8 7 1214 1213 314
1445 2 2 8 7 173 899 785
1446 2 2 8 7 899 1215 785
1447 2 2 8 7 899 313 1215
1448 2 2 8 7 785 1215 348
1449 2 2 8 7 275 996 1217
1450 2 2 8 7 996 1216 1217
1451 2 2 8 7 996 328 1216
1452 2 2 8 7 1217 1216 515
1453 2 2 8 7 145 1143 1203
1454 2 2 8 7 1143 1218 1203
1455 2 2 8 7 1143 388 1218
1456 2 2 8 7 1203 1218 265
1457 2 2 8 7 265 1093 856
1458 2 2 8 7 1093 1219 856
1459 2 2 8 7 1093 531 1219
1460 2 2 8 7 856 1219 301
1461 2 2 8 7 158 1220 1221
1462 2 2 8 7 1220 1169 1221
1463 2 2 8 7 1220 518 1169
1464 2 2 8 7 1221 1169 458
1465 2 2 8 7 131 1222 1224
1466 2 2 8 7 1222 1223 1224
1467 2 2 8 7 1222 400 1223
1468 2 2 8 7 1224 1223 268
1469 2 2 8 7 196 616 1225
1470 2 2 8 7 616 1223 1225
1471 2 2 8 7 616 268 1223
1472 2 2 8 7 1225 1223 400
1473 2 2 8 7 134 989 1227
1474 2 2 8 7 989 1226 1227
1475 2 2 8 7 989 367 1226
1476 2 2 8 7 1227 1226 370
1477 2 2 8 7 135 1228 990
1478 2 2 8 7 1228 1229 990
1479 2 2 8 7 1228 366 1229
1480 2 2 8 7 990 1229 369
1481 2 2 8 7 232 1230 1231
1482 2 2 8 7 1230 1229 1231
1483 2 2 8 7 1230 369 1229
1484 2 2 8 7 1231 1229 366
1485 2 2 8 7 233 1232 1233
1486 2 2 8 7 1232 1226 1233
1487 2 2 8 7 1232 370 1226
1488 2 2 8 7 1233 1226 367
1489 2 2 8 7 233 1234 1236
1490 2 2 8 7 1234 1235 1236
1491 2 2 8 7 1234 523 1235
1492 2 2 8 7 1236 1235 487
1493 2 2 8 7 232 1237 1239
1494 2 2 8 7 1237 1238 1239
1495 2 2 8 7 1237 522 1238
1496 2 2 8 7 1239 1238 486
1497 2 2 8 7 235 1240 1242
1498 2 2 8 7 1240 1241 1242
1499 2 2 8 7 1240 525 1241
1500 2 2 8 7 1242 1241 488
1501 2 2 8 7 314 1213 1244
1502 2 2 8 7 1213 1243 1244
1503 2 2 8 7 1213 389 1243
1504 2 2 8 7 1244 1243 494
1505 2 2 8 7 195 903 1246
1506 2 2 8 7 903 1245 1246
1507 2 2 8 7 903 304 1245
1508 2 2 8 7 1246 1245 402
1509 2 2 8 7 160 771 1248
1510 2 2 8 7 771 1247 1248
1511 2 2 8 7 771 483 1247
1512 2 2 8 7 1248 1247 278
1513 2 2 8 7 159 775 1250
1514 2 2 8 7 775 1249 1250
1515 2 2 8 7 775 484 1249
1516 2 2 8 7 1250 1249 279
1517 2 2 8 7 161 773 1252
1518 2 2 8 7 773 1251 1252
1519 2 2 8 7 773 485 1251
1520 2 2 8 7 1252 1251 277
1521 2 2 8 7 163 1253 1255
1522 2 2 8 7 1253 1254 1255
1523 2 2 8 7 1253 282 1254
1524 2 2 8 7 1255 1254 488
1525 2 2 8 7 164 1256 1258
1526 2 2 8 7 1256 1257 1258
1527 2 2 8 7 1256 281 1257
1528 2 2 8 7 1258 1257 487
1529 2 2 8 7 165 1259 1261
1530 2 2 8 7 1259 1260 1261
1531 2 2 8 7 1259 280 1260
1532 2 2 8 7 1261 1260 486
1533 2 2 8 7 173 910 898
1534 2 2 8 7 910 1262 898
1535 2 2 8 7 910 328 1262
1536 2 2 8 7 898 1262 289
1537 2 2 8 7 205 681 1184
1538 2 2 8 7 681 1263 1184
1539 2 2 8 7 681 350 1263
1540 2 2 8 7 1184 1263 327
1541 2 2 8 7 139 1264 1266
1542 2 2 8 7 1264 1265 1266
1543 2 2 8 7 1264 276 1265
1544 2 2 8 7 1266 1265 348
1545 2 2 8 7 160 1248 1152
1546 2 2 8 7 1248 1267 1152
1547 2 2 8 7 1248 278 1267
1548 2 2 8 7 1152 1267 431
1549 2 2 8 7 159 1250 1150
1550 2 2 8 7 1250 1268 1150
1551 2 2 8 7 1250 279 1268
1552 2 2 8 7 1150 1268 430
1553 2 2 8 7 161 1252 1148
1554 2 2 8 7 1252 1269 1148
1555 2 2 8 7 1252 277 1269
1556 2 2 8 7 1148 1269 429
1557 2 2 8 7 163 1156 1253
1558 2 2 8 7 1156 1270 1253
1559 2 2 8 7 1156 434 1270
1560 2 2 8 7 1253 1270 282
1561 2 2 8 7 164 1154 1256
1562 2 2 8 7 1154 1271 1256
1563 2 2 8 7 1154 432 1271
1564 2 2 8 7 1256 1271 281
1565 2 2 8 7 165 1155 1259
1566 2 2 8 7 1155 1272 1259
1567 2 2 8 7 1155 433 1272
1568 2 2 8 7 1259 1272 280
1569 2 2 8 7 138 1273 995
1570 2 2 8 7 1273 1262 995
1571 2 2 8 7 1273 289 1262
1572 2 2 8 7 995 1262 328
1573 2 2 8 7 142 1274 1120
1574 2 2 8 7 1274 1275 1120
1575 2 2 8 7 1274 476 1275
1576 2 2 8 7 1120 1275 269
1577 2 2 8 7 147 1125 1277
1578 2 2 8 7 1125 1276 1277
1579 2 2 8 7 1125 271 1276
1580 2 2 8 7 1277 1276 477
1581 2 2 8 7 55 1278 40
1582 2 2 8 7 1278 952 40
1583 2 2 8 7 1278 322 952
1584 2 2 8 7 40 952 56
1585 2 2 8 7 28 1279 7
1586 2 2 8 7 1279 954 7
1587 2 2 8 7 1279 323 954
1588 2 2 8 7 7 954 27
1589 2 2 8 7 87 1280 72
1590 2 2 8 7 1280 950 72
1591 2 2 8 7 1280 321 950
1592 2 2 8 7 72 950 88
1593 2 2 8 7 119 1281 104
1594 2 2 8 7 1281 956 104
1595 2 2 8 7 1281 324 956
1596 2 2 8 7 104 956 120
1597 2 2 8 7 30 961 5
1598 2 2 8 7 961 1282 5
1599 2 2 8 7 961 317 1282
1600 2 2 8 7 5 1282 29
1601 2 2 8 7 53 959 38
1602 2 2 8 7 959 1283 38
1603 2 2 8 7 959 318 1283
1604 2 2 8 7 38 1283 54
1605 2 2 8 7 85 965 70
1606 2 2 8 7 965 1284 70
1607 2 2 8 7 965 319 1284
1608 2 2 8 7 70 1284 86
1609 2 2 8 7 117 963 102
1610 2 2 8 7 963 1285 102
1611 2 2 8 7 963 320 1285
1612 2 2 8 7 102 1285 118
1613 2 2 8 7 232 1231 772
1614 2 2 8 7 1231 1286 772
1615 2 2 8 7 1231 366 1286
1616 2 2 8 7 772 1286 483
1617 2 2 8 7 234 806 774
1618 2 2 8 7 806 1287 774
1619 2 2 8 7 806 368 1287
1620 2 2 8 7 774 1287 485
1621 2 2 8 7 233 1233 776
1622 2 2 8 7 1233 1288 776
1623 2 2 8 7 1233 367 1288
1624 2 2 8 7 776 1288 484
1625 2 2 8 7 233 1236 1232
1626 2 2 8 7 1236 1289 1232
1627 2 2 8 7 1236 487 1289
1628 2 2 8 7 1232 1289 370
1629 2 2 8 7 232 1239 1230
1630 2 2 8 7 1239 1290 1230
1631 2 2 8 7 1239 486 1290
1632 2 2 8 7 1230 1290 369
1633 2 2 8 7 235 1242 550
1634 2 2 8 7 1242 1291 550
1635 2 2 8 7 1242 488 1291
1636 2 2 8 7 550 1291 371
1637 2 2 8 7 200 1292 904
1638 2 2 8 7 1292 1293 904
1639 2 2 8 7 1292 465 1293
1640 2 2 8 7 904 1293 305
1641 2 2 8 7 194 1294 1295
1642 2 2 8 7 1294 893 1295
1643 2 2 8 7 1294 448 893
1644 2 2 8 7 1295 893 375
1645 2 2 8 7 185 1296 1298
1646 2 2 8 7 1296 1297 1298
1647 2 2 8 7 1296 290 1297
1648 2 2 8 7 1298 1297 382
1649 2 2 8 7 155 1299 1300
1650 2 2 8 7 1299 1297 1300
1651 2 2 8 7 1299 382 1297
1652 2 2 8 7 1300 1297 290
1653 2 2 8 7 62 1301 1303
1654 2 2 8 7 1301 1302 1303
1655 2 2 8 7 1301 460 1302
1656 2 2 8 7 1303 1302 413
1657 2 2 8 7 21 1304 1306
1658 2 2 8 7 1304 1305 1306
1659 2 2 8 7 1304 462 1305
1660 2 2 8 7 1306 1305 412
1661 2 2 8 7 126 1307 1309
1662 2 2 8 7 1307 1308 1309
1663 2 2 8 7 1307 459 1308
1664 2 2 8 7 1309 1308 415
1665 2 2 8 7 94 1310 1312
1666 2 2 8 7 1310 1311 1312
1667 2 2 8 7 1310 461 1311
1668 2 2 8 7 1312 1311 414
1669 2 2 8 7 170 1198 917
1670 2 2 8 7 1198 1313 917
1671 2 2 8 7 1198 363 1313
1672 2 2 8 7 917 1313 268
1673 2 2 8 7 172 920 1182
1674 2 2 8 7 920 1314 1182
1675 2 2 8 7 920 270 1314
1676 2 2 8 7 1182 1314 364
1677 2 2 8 7 157 642 1206
1678 2 2 8 7 642 1315 1206
1679 2 2 8 7 642 481 1315
1680 2 2 8 7 1206 1315 267
1681 2 2 8 7 209 1316 1317
1682 2 2 8 7 1316 1315 1317
1683 2 2 8 7 1316 267 1315
1684 2 2 8 7 1317 1315 481
1685 2 2 8 7 194 1318 1319
1686 2 2 8 7 1318 1263 1319
1687 2 2 8 7 1318 327 1263
1688 2 2 8 7 1319 1263 350
1689 2 2 8 7 169 794 807
1690 2 2 8 7 794 1320 807
1691 2 2 8 7 794 269 1320
1692 2 2 8 7 807 1320 373
1693 2 2 8 7 171 812 795
1694 2 2 8 7 812 1321 795
1695 2 2 8 7 812 374 1321
1696 2 2 8 7 795 1321 271
1697 2 2 8 7 208 1322 1323
1698 2 2 8 7 1322 1108 1323
1699 2 2 8 7 1322 290 1108
1700 2 2 8 7 1323 1108 453
1701 2 2 8 7 209 1324 1316
1702 2 2 8 7 1324 1325 1316
1703 2 2 8 7 1324 482 1325
1704 2 2 8 7 1316 1325 267
1705 2 2 8 7 205 1186 1327
1706 2 2 8 7 1186 1326 1327
1707 2 2 8 7 1186 267 1326
1708 2 2 8 7 1327 1326 478
1709 2 2 8 7 131 1224 1329
1710 2 2 8 7 1224 1328 1329
1711 2 2 8 7 1224 268 1328
1712 2 2 8 7 1329 1328 528
1713 2 2 8 7 149 683 1331
1714 2 2 8 7 683 1330 1331
1715 2 2 8 7 683 266 1330
1716 2 2 8 7 1331 1330 417
1717 2 2 8 7 166 1056 921
1718 2 2 8 7 1056 1332 921
1719 2 2 8 7 1056 418 1332
1720 2 2 8 7 921 1332 266
1721 2 2 8 7 220 894 1333
1722 2 2 8 7 894 1020 1333
1723 2 2 8 7 894 448 1020
1724 2 2 8 7 1333 1020 445
1725 2 2 8 7 203 717 1335
1726 2 2 8 7 717 1334 1335
1727 2 2 8 7 717 272 1334
1728 2 2 8 7 1335 1334 442
1729 2 2 8 7 202 1336 718
1730 2 2 8 7 1336 1337 718
1731 2 2 8 7 1336 441 1337
1732 2 2 8 7 718 1337 273
1733 2 2 8 7 135 1338 1339
1734 2 2 8 7 1338 1334 1339
1735 2 2 8 7 1338 442 1334
1736 2 2 8 7 1339 1334 272
1737 2 2 8 7 134 1340 1341
1738 2 2 8 7 1340 1337 1341
1739 2 2 8 7 1340 273 1337
1740 2 2 8 7 1341 1337 441
1741 2 2 8 7 252 1038 958
1742 2 2 8 7 1038 1342 958
1743 2 2 8 7 1038 489 1342
1744 2 2 8 7 958 1342 318
1745 2 2 8 7 251 1035 960
1746 2 2 8 7 1035 1343 960
1747 2 2 8 7 1035 490 1343
1748 2 2 8 7 960 1343 317
1749 2 2 8 7 253 1041 964
1750 2 2 8 7 1041 1344 964
1751 2 2 8 7 1041 491 1344
1752 2 2 8 7 964 1344 319
1753 2 2 8 7 254 1044 962
1754 2 2 8 7 1044 1345 962
1755 2 2 8 7 1044 492 1345
1756 2 2 8 7 962 1345 320
1757 2 2 8 7 133 1346 1048
1758 2 2 8 7 1346 876 1048
1759 2 2 8 7 1346 375 876
1760 2 2 8 7 1048 876 274
1761 2 2 8 7 178 1131 571
1762 2 2 8 7 1131 1347 571
1763 2 2 8 7 1131 421 1347
1764 2 2 8 7 571 1347 298
1765 2 2 8 7 181 1130 574
1766 2 2 8 7 1130 1348 574
1767 2 2 8 7 1130 420 1348
1768 2 2 8 7 574 1348 299
1769 2 2 8 7 179 1132 577
1770 2 2 8 7 1132 1349 577
1771 2 2 8 7 1132 422 1349
1772 2 2 8 7 577 1349 300
1773 2 2 8 7 225 1350 1352
1774 2 2 8 7 1350 1351 1352
1775 2 2 8 7 1350 365 1351
1776 2 2 8 7 1352 1351 399
1777 2 2 8 7 174 564 798
1778 2 2 8 7 564 1353 798
1779 2 2 8 7 564 295 1353
1780 2 2 8 7 798 1353 473
1781 2 2 8 7 176 752 799
1782 2 2 8 7 752 1354 799
1783 2 2 8 7 752 297 1354
1784 2 2 8 7 799 1354 474
1785 2 2 8 7 175 570 801
1786 2 2 8 7 570 1355 801
1787 2 2 8 7 570 296 1355
1788 2 2 8 7 801 1355 475
1789 2 2 8 7 177 567 797
1790 2 2 8 7 567 1356 797
1791 2 2 8 7 567 294 1356
1792 2 2 8 7 797 1356 472
1793 2 2 8 7 167 1194 1358
1794 2 2 8 7 1194 1357 1358
1795 2 2 8 7 1194 383 1357
1796 2 2 8 7 1358 1357 284
1797 2 2 8 7 168 1359 1195
1798 2 2 8 7 1359 1360 1195
1799 2 2 8 7 1359 285 1360
1800 2 2 8 7 1195 1360 384
1801 2 2 8 7 201 1361 617
1802 2 2 8 7 1361 1362 617
1803 2 2 8 7 1361 443 1362
1804 2 2 8 7 617 1362 270
1805 2 2 8 7 172 688 1364
1806 2 2 8 7 688 1363 1364
1807 2 2 8 7 688 283 1363
1808 2 2 8 7 1364 1363 398
1809 2 2 8 7 223 1365 788
1810 2 2 8 7 1365 1366 788
1811 2 2 8 7 1365 449 1366
1812 2 2 8 7 788 1366 352
1813 2 2 8 7 135 1339 1367
1814 2 2 8 7 1339 914 1367
1815 2 2 8 7 1339 272 914
1816 2 2 8 7 1367 914 450
1817 2 2 8 7 134 1368 1340
1818 2 2 8 7 1368 915 1340
1819 2 2 8 7 1368 451 915
1820 2 2 8 7 1340 915 273
1821 2 2 8 7 138 997 1369
1822 2 2 8 7 997 1133 1369
1823 2 2 8 7 997 275 1133
1824 2 2 8 7 1369 1133 437
1825 2 2 8 7 139 1370 1264
1826 2 2 8 7 1370 1134 1264
1827 2 2 8 7 1370 436 1134
1828 2 2 8 7 1264 1134 276
1829 2 2 8 7 143 1371 1373
1830 2 2 8 7 1371 1372 1373
1831 2 2 8 7 1371 277 1372
1832 2 2 8 7 1373 1372 456
1833 2 2 8 7 212 1374 1375
1834 2 2 8 7 1374 1372 1375
1835 2 2 8 7 1374 456 1372
1836 2 2 8 7 1375 1372 277
1837 2 2 8 7 214 1376 1378
1838 2 2 8 7 1376 1377 1378
1839 2 2 8 7 1376 282 1377
1840 2 2 8 7 1378 1377 457
1841 2 2 8 7 148 1379 1380
1842 2 2 8 7 1379 1377 1380
1843 2 2 8 7 1379 457 1377
1844 2 2 8 7 1380 1377 282
1845 2 2 8 7 223 1381 1365
1846 2 2 8 7 1381 1382 1365
1847 2 2 8 7 1381 518 1382
1848 2 2 8 7 1365 1382 449
1849 2 2 8 7 198 1052 1384
1850 2 2 8 7 1052 1383 1384
1851 2 2 8 7 1052 274 1383
1852 2 2 8 7 1384 1383 411
1853 2 2 8 7 144 1385 1199
1854 2 2 8 7 1385 1386 1199
1855 2 2 8 7 1385 279 1386
1856 2 2 8 7 1199 1386 463
1857 2 2 8 7 211 1387 1388
1858 2 2 8 7 1387 1386 1388
1859 2 2 8 7 1387 463 1386
1860 2 2 8 7 1388 1386 279
1861 2 2 8 7 213 1389 1391
1862 2 2 8 7 1389 1390 1391
1863 2 2 8 7 1389 280 1390
1864 2 2 8 7 1391 1390 464
1865 2 2 8 7 146 1202 1392
1866 2 2 8 7 1202 1390 1392
1867 2 2 8 7 1202 464 1390
1868 2 2 8 7 1392 1390 280
1869 2 2 8 7 208 1323 1393
1870 2 2 8 7 1323 1191 1393
1871 2 2 8 7 1323 453 1191
1872 2 2 8 7 1393 1191 364
1873 2 2 8 7 170 1394 648
1874 2 2 8 7 1394 1395 648
1875 2 2 8 7 1394 397 1395
1876 2 2 8 7 648 1395 288
1877 2 2 8 7 129 1214 1397
1878 2 2 8 7 1214 1396 1397
1879 2 2 8 7 1214 314 1396
1880 2 2 8 7 1397 1396 329
1881 2 2 8 7 182 1398 1058
1882 2 2 8 7 1398 1396 1058
1883 2 2 8 7 1398 329 1396
1884 2 2 8 7 1058 1396 314
1885 2 2 8 7 142 1121 1399
1886 2 2 8 7 1121 582 1399
1887 2 2 8 7 1121 378 582
1888 2 2 8 7 1399 582 331
1889 2 2 8 7 143 970 1400
1890 2 2 8 7 970 580 1400
1891 2 2 8 7 970 376 580
1892 2 2 8 7 1400 580 330
1893 2 2 8 7 144 881 1401
1894 2 2 8 7 881 584 1401
1895 2 2 8 7 881 377 584
1896 2 2 8 7 1401 584 332
1897 2 2 8 7 147 1402 1124
1898 2 2 8 7 1402 587 1124
1899 2 2 8 7 1402 334 587
1900 2 2 8 7 1124 587 380
1901 2 2 8 7 146 1403 884
1902 2 2 8 7 1403 589 884
1903 2 2 8 7 1403 336 589
1904 2 2 8 7 884 589 381
1905 2 2 8 7 148 1404 971
1906 2 2 8 7 1404 591 971
1907 2 2 8 7 1404 335 591
1908 2 2 8 7 971 591 379
1909 2 2 8 7 132 1405 605
1910 2 2 8 7 1405 1112 605
1911 2 2 8 7 1405 401 1112
1912 2 2 8 7 605 1112 302
1913 2 2 8 7 154 1406 1408
1914 2 2 8 7 1406 1407 1408
1915 2 2 8 7 1406 508 1407
1916 2 2 8 7 1408 1407 438
1917 2 2 8 7 220 1409 875
1918 2 2 8 7 1409 1410 875
1919 2 2 8 7 1409 497 1410
1920 2 2 8 7 875 1410 274
1921 2 2 8 7 207 1411 1412
1922 2 2 8 7 1411 1209 1412
1923 2 2 8 7 1411 363 1209
1924 2 2 8 7 1412 1209 471
1925 2 2 8 7 184 1413 1415
1926 2 2 8 7 1413 1414 1415
1927 2 2 8 7 1413 526 1414
1928 2 2 8 7 1415 1414 372
1929 2 2 8 7 158 1416 1418
1930 2 2 8 7 1416 1417 1418
1931 2 2 8 7 1416 416 1417
1932 2 2 8 7 1418 1417 292
1933 2 2 8 7 204 1419 900
1934 2 2 8 7 1419 1417 900
1935 2 2 8 7 1419 292 1417
1936 2 2 8 7 900 1417 416
1937 2 2 8 7 149 1420 1019
1938 2 2 8 7 1420 1421 1019
1939 2 2 8 7 1420 337 1421
1940 2 2 8 7 1019 1421 445
1941 2 2 8 7 240 1170 1423
1942 2 2 8 7 1170 1422 1423
1943 2 2 8 7 1170 518 1422
1944 2 2 8 7 1423 1422 349
1945 2 2 8 7 204 857 1425
1946 2 2 8 7 857 1424 1425
1947 2 2 8 7 857 301 1424
1948 2 2 8 7 1425 1424 479
1949 2 2 8 7 211 1388 1426
1950 2 2 8 7 1388 1249 1426
1951 2 2 8 7 1388 279 1249
1952 2 2 8 7 1426 1249 484
1953 2 2 8 7 210 1427 1428
1954 2 2 8 7 1427 1247 1428
1955 2 2 8 7 1427 278 1247
1956 2 2 8 7 1428 1247 483
1957 2 2 8 7 212 1375 1429
1958 2 2 8 7 1375 1251 1429
1959 2 2 8 7 1375 277 1251
1960 2 2 8 7 1429 1251 485
1961 2 2 8 7 214 1430 1376
1962 2 2 8 7 1430 1254 1376
1963 2 2 8 7 1430 488 1254
1964 2 2 8 7 1376 1254 282
1965 2 2 8 7 213 1431 1389
1966 2 2 8 7 1431 1260 1389
1967 2 2 8 7 1431 486 1260
1968 2 2 8 7 1389 1260 280
1969 2 2 8 7 215 1432 1433
1970 2 2 8 7 1432 1257 1433
1971 2 2 8 7 1432 487 1257
1972 2 2 8 7 1433 1257 281
1973 2 2 8 7 189 1434 1436
1974 2 2 8 7 1434 1435 1436
1975 2 2 8 7 1434 520 1435
1976 2 2 8 7 1436 1435 410
1977 2 2 8 7 192 1437 1439
1978 2 2 8 7 1437 1438 1439
1979 2 2 8 7 1437 406 1438
1980 2 2 8 7 1439 1438 521
1981 2 2 8 7 154 1440 1441
1982 2 2 8 7 1440 1351 1441
1983 2 2 8 7 1440 399 1351
1984 2 2 8 7 1441 1351 365
1985 2 2 8 7 158 1418 1443
1986 2 2 8 7 1418 1442 1443
1987 2 2 8 7 1418 292 1442
1988 2 2 8 7 1443 1442 449
1989 2 2 8 7 206 1444 1445
1990 2 2 8 7 1444 1442 1445
1991 2 2 8 7 1444 449 1442
1992 2 2 8 7 1445 1442 292
1993 2 2 8 7 228 1181 660
1994 2 2 8 7 1181 1302 660
1995 2 2 8 7 1181 413 1302
1996 2 2 8 7 660 1302 460
1997 2 2 8 7 231 1179 663
1998 2 2 8 7 1179 1305 663
1999 2 2 8 7 1179 412 1305
2000 2 2 8 7 663 1305 462
2001 2 2 8 7 229 1446 666
2002 2 2 8 7 1446 1308 666
2003 2 2 8 7 1446 415 1308
2004 2 2 8 7 666 1308 459
2005 2 2 8 7 230 1180 657
2006 2 2 8 7 1180 1311 657
2007 2 2 8 7 1180 414 1311
2008 2 2 8 7 657 1311 461
2009 2 2 8 7 198 1447 1448
2010 2 2 8 7 1447 751 1448
2011 2 2 8 7 1447 297 751
2012 2 2 8 7 1448 751 390
2013 2 2 8 7 208 1449 1322
2014 2 2 8 7 1449 1450 1322
2015 2 2 8 7 1449 454 1450
2016 2 2 8 7 1322 1450 290
2017 2 2 8 7 155 1300 926
2018 2 2 8 7 1300 1450 926
2019 2 2 8 7 1300 290 1450
2020 2 2 8 7 926 1450 454
2021 2 2 8 7 153 1451 1452
2022 2 2 8 7 1451 778 1452
2023 2 2 8 7 1451 338 778
2024 2 2 8 7 1452 778 466
2025 2 2 8 7 184 1453 1413
2026 2 2 8 7 1453 1454 1413
2027 2 2 8 7 1453 387 1454
2028 2 2 8 7 1413 1454 526
2029 2 2 8 7 142 1455 1274
2030 2 2 8 7 1455 1456 1274
2031 2 2 8 7 1455 278 1456
2032 2 2 8 7 1274 1456 476
2033 2 2 8 7 210 1457 1427
2034 2 2 8 7 1457 1456 1427
2035 2 2 8 7 1457 476 1456
2036 2 2 8 7 1427 1456 278
2037 2 2 8 7 215 1433 1459
2038 2 2 8 7 1433 1458 1459
2039 2 2 8 7 1433 281 1458
2040 2 2 8 7 1459 1458 477
2041 2 2 8 7 147 1277 1460
2042 2 2 8 7 1277 1458 1460
2043 2 2 8 7 1277 477 1458
2044 2 2 8 7 1460 1458 281
2045 2 2 8 7 211 987 1461
2046 2 2 8 7 987 1357 1461
2047 2 2 8 7 987 284 1357
2048 2 2 8 7 1461 1357 383
2049 2 2 8 7 213 1462 993
2050 2 2 8 7 1462 1360 993
2051 2 2 8 7 1462 384 1360
2052 2 2 8 7 993 1360 285
2053 2 2 8 7 201 745 1361
2054 2 2 8 7 745 1463 1361
2055 2 2 8 7 745 311 1463
2056 2 2 8 7 1361 1463 443
2057 2 2 8 7 149 1331 1420
2058 2 2 8 7 1331 1464 1420
2059 2 2 8 7 1331 417 1464
2060 2 2 8 7 1420 1464 337
2061 2 2 8 7 226 1465 689
2062 2 2 8 7 1465 1466 689
2063 2 2 8 7 1465 351 1466
2064 2 2 8 7 689 1466 308
2065 2 2 8 7 140 1467 1468
2066 2 2 8 7 1467 1466 1468
2067 2 2 8 7 1467 308 1466
2068 2 2 8 7 1468 1466 351
2069 2 2 8 7 199 747 1114
2070 2 2 8 7 747 1469 1114
2071 2 2 8 7 747 310 1469
2072 2 2 8 7 1114 1469 447
2073 2 2 8 7 207 1470 1472
2074 2 2 8 7 1470 1471 1472
2075 2 2 8 7 1470 326 1471
2076 2 2 8 7 1472 1471 455
2077 2 2 8 7 130 1473 779
2078 2 2 8 7 1473 1245 779
2079 2 2 8 7 1473 402 1245
2080 2 2 8 7 779 1245 304
2081 2 2 8 7 22 12 1475
2082 2 2 8 7 12 1474 1475
2083 2 2 8 7 12 23 1474
2084 2 2 8 7 1475 1474 339
2085 2 2 8 7 61 45 1477
2086 2 2 8 7 45 1476 1477
2087 2 2 8 7 45 60 1476
2088 2 2 8 7 1477 1476 340
2089 2 2 8 7 125 109 1479
2090 2 2 8 7 109 1478 1479
2091 2 2 8 7 109 124 1478
2092 2 2 8 7 1479 1478 342
2093 2 2 8 7 93 77 1481
2094 2 2 8 7 77 1480 1481
2095 2 2 8 7 77 92 1480
2096 2 2 8 7 1481 1480 341
2097 2 2 8 7 17 16 1482
2098 2 2 8 7 16 625 1482
2099 2 2 8 7 16 19 625
2100 2 2 8 7 1482 625 343
2101 2 2 8 7 65 81 1483
2102 2 2 8 7 81 627 1483
2103 2 2 8 7 81 96 627
2104 2 2 8 7 1483 627 345
2105 2 2 8 7 18 49 1484
2106 2 2 8 7 49 621 1484
2107 2 2 8 7 49 64 621
2108 2 2 8 7 1484 621 344
2109 2 2 8 7 97 113 1485
2110 2 2 8 7 113 623 1485
2111 2 2 8 7 113 128 623
2112 2 2 8 7 1485 623 346
2113 2 2 8 7 186 938 1486
2114 2 2 8 7 938 1269 1486
2115 2 2 8 7 938 429 1269
2116 2 2 8 7 1486 1269 277
2117 2 2 8 7 187 935 1487
2118 2 2 8 7 935 1267 1487
2119 2 2 8 7 935 431 1267
2120 2 2 8 7 1487 1267 278
2121 2 2 8 7 188 932 1488
2122 2 2 8 7 932 1268 1488
2123 2 2 8 7 932 430 1268
2124 2 2 8 7 1488 1268 279
2125 2 2 8 7 191 1489 949
2126 2 2 8 7 1489 1272 949
2127 2 2 8 7 1489 280 1272
2128 2 2 8 7 949 1272 433
2129 2 2 8 7 190 1490 946
2130 2 2 8 7 1490 1271 946
2131 2 2 8 7 1490 281 1271
2132 2 2 8 7 946 1271 432
2133 2 2 8 7 193 1491 943
2134 2 2 8 7 1491 1270 943
2135 2 2 8 7 1491 282 1270
2136 2 2 8 7 943 1270 434
2137 2 2 8 7 138 1492 1273
2138 2 2 8 7 1492 1493 1273
2139 2 2 8 7 1492 387 1493
2140 2 2 8 7 1273 1493 289
2141 2 2 8 7 169 911 765
2142 2 2 8 7 911 1217 765
2143 2 2 8 7 911 275 1217
2144 2 2 8 7 765 1217 515
2145 2 2 8 7 171 770 912
2146 2 2 8 7 770 1494 912
2147 2 2 8 7 770 516 1494
2148 2 2 8 7 912 1494 276
2149 2 2 8 7 170 918 1394
2150 2 2 8 7 918 1495 1394
2151 2 2 8 7 918 286 1495
2152 2 2 8 7 1394 1495 397
2153 2 2 8 7 172 1364 919
2154 2 2 8 7 1364 1496 919
2155 2 2 8 7 1364 398 1496
2156 2 2 8 7 919 1496 287
2157 2 2 8 7 154 1497 1440
2158 2 2 8 7 1497 1498 1440
2159 2 2 8 7 1497 349 1498
2160 2 2 8 7 1440 1498 399
2161 2 2 8 7 223 1499 1500
2162 2 2 8 7 1499 1498 1500
2163 2 2 8 7 1499 399 1498
2164 2 2 8 7 1500 1498 349
2165 2 2 8 7 129 1501 1212
2166 2 2 8 7 1501 1502 1212
2167 2 2 8 7 1501 385 1502
2168 2 2 8 7 1212 1502 389
2169 2 2 8 7 144 1503 1385
2170 2 2 8 7 1503 1504 1385
2171 2 2 8 7 1503 423 1504
2172 2 2 8 7 1385 1504 279
2173 2 2 8 7 143 1505 1371
2174 2 2 8 7 1505 1506 1371
2175 2 2 8 7 1505 424 1506
2176 2 2 8 7 1371 1506 277
2177 2 2 8 7 142 1507 1455
2178 2 2 8 7 1507 1508 1455
2179 2 2 8 7 1507 425 1508
2180 2 2 8 7 1455 1508 278
2181 2 2 8 7 186 1486 813
2182 2 2 8 7 1486 1506 813
2183 2 2 8 7 1486 277 1506
2184 2 2 8 7 813 1506 424
2185 2 2 8 7 188 1488 819
2186 2 2 8 7 1488 1504 819
2187 2 2 8 7 1488 279 1504
2188 2 2 8 7 819 1504 423
2189 2 2 8 7 187 1487 816
2190 2 2 8 7 1487 1508 816
2191 2 2 8 7 1487 278 1508
2192 2 2 8 7 816 1508 425
2193 2 2 8 7 148 1380 1510
2194 2 2 8 7 1380 1509 1510
2195 2 2 8 7 1380 282 1509
2196 2 2 8 7 1510 1509 426
2197 2 2 8 7 147 1460 1512
2198 2 2 8 7 1460 1511 1512
2199 2 2 8 7 1460 281 1511
2200 2 2 8 7 1512 1511 428
2201 2 2 8 7 146 1392 1514
2202 2 2 8 7 1392 1513 1514
2203 2 2 8 7 1392 280 1513
2204 2 2 8 7 1514 1513 427
2205 2 2 8 7 190 824 1490
2206 2 2 8 7 824 1511 1490
2207 2 2 8 7 824 428 1511
2208 2 2 8 7 1490 1511 281
2209 2 2 8 7 191 827 1489
2210 2 2 8 7 827 1513 1489
2211 2 2 8 7 827 427 1513
2212 2 2 8 7 1489 1513 280
2213 2 2 8 7 193 830 1491
2214 2 2 8 7 830 1509 1491
2215 2 2 8 7 830 426 1509
2216 2 2 8 7 1491 1509 282
2217 2 2 8 7 196 733 668
2218 2 2 8 7 733 581 668
2219 2 2 8 7 733 295 581
2220 2 2 8 7 668 581 376
2221 2 2 8 7 195 731 1118
2222 2 2 8 7 731 583 1118
2223 2 2 8 7 731 294 583
2224 2 2 8 7 1118 583 378
2225 2 2 8 7 197 735 878
2226 2 2 8 7 735 585 878
2227 2 2 8 7 735 296 585
2228 2 2 8 7 878 585 377
2229 2 2 8 7 200 1123 742
2230 2 2 8 7 1123 586 742
2231 2 2 8 7 1123 380 586
2232 2 2 8 7 742 586 298
2233 2 2 8 7 199 883 746
2234 2 2 8 7 883 588 746
2235 2 2 8 7 883 381 588
2236 2 2 8 7 746 588 299
2237 2 2 8 7 201 671 744
2238 2 2 8 7 671 590 744
2239 2 2 8 7 671 379 590
2240 2 2 8 7 744 590 300
2241 2 2 8 7 157 1515 641
2242 2 2 8 7 1515 887 641
2243 2 2 8 7 1515 527 887
2244 2 2 8 7 641 887 452
2245 2 2 8 7 154 1441 1406
2246 2 2 8 7 1441 1516 1406
2247 2 2 8 7 1441 365 1516
2248 2 2 8 7 1406 1516 508
2249 2 2 8 7 137 1517 1519
2250 2 2 8 7 1517 1518 1519
2251 2 2 8 7 1517 530 1518
2252 2 2 8 7 1519 1518 283
2253 2 2 8 7 209 652 1324
2254 2 2 8 7 652 1520 1324
2255 2 2 8 7 652 288 1520
2256 2 2 8 7 1324 1520 482
2257 2 2 8 7 136 1521 1522
2258 2 2 8 7 1521 1520 1522
2259 2 2 8 7 1521 482 1520
2260 2 2 8 7 1522 1520 288
2261 2 2 8 7 153 1523 1525
2262 2 2 8 7 1523 1524 1525
2263 2 2 8 7 1523 297 1524
2264 2 2 8 7 1525 1524 411
2265 2 2 8 7 198 1384 1447
2266 2 2 8 7 1384 1524 1447
2267 2 2 8 7 1384 411 1524
2268 2 2 8 7 1447 1524 297
2269 2 2 8 7 206 1526 684
2270 2 2 8 7 1526 1527 684
2271 2 2 8 7 1526 493 1527
2272 2 2 8 7 684 1527 283
2273 2 2 8 7 137 1519 1528
2274 2 2 8 7 1519 1527 1528
2275 2 2 8 7 1519 283 1527
2276 2 2 8 7 1528 1527 493
2277 2 2 8 7 167 1358 1530
2278 2 2 8 7 1358 1529 1530
2279 2 2 8 7 1358 284 1529
2280 2 2 8 7 1530 1529 439
2281 2 2 8 7 168 1531 1359
2282 2 2 8 7 1531 1532 1359
2283 2 2 8 7 1531 440 1532
2284 2 2 8 7 1359 1532 285
2285 2 2 8 7 134 1341 988
2286 2 2 8 7 1341 1533 988
2287 2 2 8 7 1341 441 1533
2288 2 2 8 7 988 1533 284
2289 2 2 8 7 135 992 1338
2290 2 2 8 7 992 1534 1338
2291 2 2 8 7 992 285 1534
2292 2 2 8 7 1338 1534 442
2293 2 2 8 7 136 1522 1536
2294 2 2 8 7 1522 1535 1536
2295 2 2 8 7 1522 288 1535
2296 2 2 8 7 1536 1535 534
2297 2 2 8 7 326 1537 1471
2298 2 2 8 7 1537 1538 1471
2299 2 2 8 7 1537 517 1538
2300 2 2 8 7 1471 1538 455
2301 2 2 8 7 200 743 1292
2302 2 2 8 7 743 1539 1292
2303 2 2 8 7 743 309 1539
2304 2 2 8 7 1292 1539 465
2305 2 2 8 7 139 1266 1540
2306 2 2 8 7 1266 1215 1540
2307 2 2 8 7 1266 348 1215
2308 2 2 8 7 1540 1215 313
2309 2 2 8 7 225 1541 1542
2310 2 2 8 7 1541 1502 1542
2311 2 2 8 7 1541 389 1502
2312 2 2 8 7 1542 1502 385
2313 2 2 8 7 185 1543 1296
2314 2 2 8 7 1543 1116 1296
2315 2 2 8 7 1543 435 1116
2316 2 2 8 7 1296 1116 290
2317 2 2 8 7 143 1373 969
2318 2 2 8 7 1373 1544 969
2319 2 2 8 7 1373 456 1544
2320 2 2 8 7 969 1544 286
2321 2 2 8 7 148 972 1379
2322 2 2 8 7 972 1545 1379
2323 2 2 8 7 972 287 1545
2324 2 2 8 7 1379 1545 457
2325 2 2 8 7 182 897 1547
2326 2 2 8 7 897 1546 1547
2327 2 2 8 7 897 289 1546
2328 2 2 8 7 1547 1546 514
2329 2 2 8 7 167 1530 891
2330 2 2 8 7 1530 537 891
2331 2 2 8 7 1530 439 537
2332 2 2 8 7 891 537 315
2333 2 2 8 7 168 892 1531
2334 2 2 8 7 892 538 1531
2335 2 2 8 7 892 316 538
2336 2 2 8 7 1531 538 440
2337 2 2 8 7 156 1548 1095
2338 2 2 8 7 1548 1549 1095
2339 2 2 8 7 1548 499 1549
2340 2 2 8 7 1095 1549 372
2341 2 2 8 7 141 967 1107
2342 2 2 8 7 967 1192 1107
2343 2 2 8 7 967 291 1192
2344 2 2 8 7 1107 1192 453
2345 2 2 8 7 225 1352 1551
2346 2 2 8 7 1352 1550 1551
2347 2 2 8 7 1352 399 1550
2348 2 2 8 7 1551 1550 307
2349 2 2 8 7 204 1425 1419
2350 2 2 8 7 1425 1552 1419
2351 2 2 8 7 1425 479 1552
2352 2 2 8 7 1419 1552 292
2353 2 2 8 7 238 866 909
2354 2 2 8 7 866 1216 909
2355 2 2 8 7 866 515 1216
2356 2 2 8 7 909 1216 328
2357 2 2 8 7 206 1445 1526
2358 2 2 8 7 1445 1553 1526
2359 2 2 8 7 1445 292 1553
2360 2 2 8 7 1526 1553 493
2361 2 2 8 7 184 1554 1556
2362 2 2 8 7 1554 1555 1556
2363 2 2 8 7 1554 329 1555
2364 2 2 8 7 1556 1555 514
2365 2 2 8 7 241 1067 1557
2366 2 2 8 7 1067 1435 1557
2367 2 2 8 7 1067 410 1435
2368 2 2 8 7 1557 1435 520
2369 2 2 8 7 245 1558 1078
2370 2 2 8 7 1558 1438 1078
2371 2 2 8 7 1558 521 1438
2372 2 2 8 7 1078 1438 406
2373 2 2 8 7 209 1559 651
2374 2 2 8 7 1559 1560 651
2375 2 2 8 7 1559 533 1560
2376 2 2 8 7 651 1560 293
2377 2 2 8 7 115 99 1561
2378 2 2 8 7 99 1076 1561
2379 2 2 8 7 99 114 1076
2380 2 2 8 7 1561 1076 404
2381 2 2 8 7 83 67 1562
2382 2 2 8 7 67 1079 1562
2383 2 2 8 7 67 82 1079
2384 2 2 8 7 1562 1079 406
2385 2 2 8 7 32 2 1563
2386 2 2 8 7 2 1081 1563
2387 2 2 8 7 2 33 1081
2388 2 2 8 7 1563 1081 405
2389 2 2 8 7 51 35 1564
2390 2 2 8 7 35 1083 1564
2391 2 2 8 7 35 50 1083
2392 2 2 8 7 1564 1083 403
2393 2 2 8 7 123 107 1066
2394 2 2 8 7 107 1565 1066
2395 2 2 8 7 107 122 1565
2396 2 2 8 7 1066 1565 410
2397 2 2 8 7 91 75 1071
2398 2 2 8 7 75 1566 1071
2399 2 2 8 7 75 90 1566
2400 2 2 8 7 1071 1566 408
2401 2 2 8 7 24 10 1073
2402 2 2 8 7 10 1567 1073
2403 2 2 8 7 10 25 1567
2404 2 2 8 7 1073 1567 407
2405 2 2 8 7 59 43 1069
2406 2 2 8 7 43 1568 1069
2407 2 2 8 7 43 58 1568
2408 2 2 8 7 1069 1568 409
2409 2 2 8 7 26 1100 9
2410 2 2 8 7 1100 1569 9
2411 2 2 8 7 1100 355 1569
2412 2 2 8 7 9 1569 25
2413 2 2 8 7 57 1097 42
2414 2 2 8 7 1097 1570 42
2415 2 2 8 7 1097 356 1570
2416 2 2 8 7 42 1570 58
2417 2 2 8 7 89 1101 74
2418 2 2 8 7 1101 1571 74
2419 2 2 8 7 1101 354 1571
2420 2 2 8 7 74 1571 90
2421 2 2 8 7 121 1099 106
2422 2 2 8 7 1099 1572 106
2423 2 2 8 7 1099 357 1572
2424 2 2 8 7 106 1572 122
2425 2 2 8 7 32 1573 3
2426 2 2 8 7 1573 1105 3
2427 2 2 8 7 1573 359 1105
2428 2 2 8 7 3 1105 31
2429 2 2 8 7 51 1574 36
2430 2 2 8 7 1574 1106 36
2431 2 2 8 7 1574 358 1106
2432 2 2 8 7 36 1106 52
2433 2 2 8 7 83 1575 68
2434 2 2 8 7 1575 1102 68
2435 2 2 8 7 1575 361 1102
2436 2 2 8 7 68 1102 84
2437 2 2 8 7 115 1576 100
2438 2 2 8 7 1576 1104 100
2439 2 2 8 7 1576 360 1104
2440 2 2 8 7 100 1104 116
2441 2 2 8 7 270 1362 1578
2442 2 2 8 7 1362 1577 1578
2443 2 2 8 7 1362 443 1577
2444 2 2 8 7 1578 1577 529
2445 2 2 8 7 145 1579 1146
2446 2 2 8 7 1579 749 1146
2447 2 2 8 7 1579 390 749
2448 2 2 8 7 1146 749 333
2449 2 2 8 7 183 804 1581
2450 2 2 8 7 804 1580 1581
2451 2 2 8 7 804 446 1580
2452 2 2 8 7 1581 1580 351
2453 2 2 8 7 182 1060 895
2454 2 2 8 7 1060 1582 895
2455 2 2 8 7 1060 386 1582
2456 2 2 8 7 895 1582 313
2457 2 2 8 7 151 737 672
2458 2 2 8 7 737 1347 672
2459 2 2 8 7 737 298 1347
2460 2 2 8 7 672 1347 421
2461 2 2 8 7 150 741 674
2462 2 2 8 7 741 1348 674
2463 2 2 8 7 741 299 1348
2464 2 2 8 7 674 1348 420
2465 2 2 8 7 152 739 676
2466 2 2 8 7 739 1349 676
2467 2 2 8 7 739 300 1349
2468 2 2 8 7 676 1349 422
2469 2 2 8 7 255 951 1163
2470 2 2 8 7 951 1583 1163
2471 2 2 8 7 951 321 1583
2472 2 2 8 7 1163 1583 512
2473 2 2 8 7 256 955 1165
2474 2 2 8 7 955 1584 1165
2475 2 2 8 7 955 323 1584
2476 2 2 8 7 1165 1584 511
2477 2 2 8 7 257 957 1166
2478 2 2 8 7 957 1585 1166
2479 2 2 8 7 957 324 1585
2480 2 2 8 7 1166 1585 510
2481 2 2 8 7 258 953 1161
2482 2 2 8 7 953 1586 1161
2483 2 2 8 7 953 322 1586
2484 2 2 8 7 1161 1586 513
2485 2 2 8 7 156 1587 1548
2486 2 2 8 7 1587 1588 1548
2487 2 2 8 7 1587 517 1588
2488 2 2 8 7 1548 1588 499
2489 2 2 8 7 229 1589 1446
2490 2 2 8 7 1589 1590 1446
2491 2 2 8 7 1589 466 1590
2492 2 2 8 7 1446 1590 415
2493 2 2 8 7 262 1178 777
2494 2 2 8 7 1178 1590 777
2495 2 2 8 7 1178 415 1590
2496 2 2 8 7 777 1590 466
2497 2 2 8 7 187 1025 936
2498 2 2 8 7 1025 1591 936
2499 2 2 8 7 1025 409 1591
2500 2 2 8 7 936 1591 356
2501 2 2 8 7 188 1023 933
2502 2 2 8 7 1023 1592 933
2503 2 2 8 7 1023 407 1592
2504 2 2 8 7 933 1592 355
2505 2 2 8 7 186 1027 939
2506 2 2 8 7 1027 1593 939
2507 2 2 8 7 1027 408 1593
2508 2 2 8 7 939 1593 354
2509 2 2 8 7 189 1436 1110
2510 2 2 8 7 1436 1594 1110
2511 2 2 8 7 1436 410 1594
2512 2 2 8 7 1110 1594 357
2513 2 2 8 7 190 945 1030
2514 2 2 8 7 945 1595 1030
2515 2 2 8 7 945 359 1595
2516 2 2 8 7 1030 1595 405
2517 2 2 8 7 192 1111 1437
2518 2 2 8 7 1111 1596 1437
2519 2 2 8 7 1111 361 1596
2520 2 2 8 7 1437 1596 406
2521 2 2 8 7 191 948 1032
2522 2 2 8 7 948 1597 1032
2523 2 2 8 7 948 358 1597
2524 2 2 8 7 1032 1597 403
2525 2 2 8 7 193 942 1028
2526 2 2 8 7 942 1598 1028
2527 2 2 8 7 942 360 1598
2528 2 2 8 7 1028 1598 404
2529 2 2 8 7 205 1327 1057
2530 2 2 8 7 1327 1046 1057
2531 2 2 8 7 1327 478 1046
2532 2 2 8 7 1057 1046 306
2533 2 2 8 7 132 1599 1600
2534 2 2 8 7 1599 1577 1600
2535 2 2 8 7 1599 529 1577
2536 2 2 8 7 1600 1577 443
2537 2 2 8 7 61 1601 46
2538 2 2 8 7 1601 1301 46
2539 2 2 8 7 1601 460 1301
2540 2 2 8 7 46 1301 62
2541 2 2 8 7 125 1602 110
2542 2 2 8 7 1602 1307 110
2543 2 2 8 7 1602 459 1307
2544 2 2 8 7 110 1307 126
2545 2 2 8 7 22 1603 13
2546 2 2 8 7 1603 1304 13
2547 2 2 8 7 1603 462 1304
2548 2 2 8 7 13 1304 21
2549 2 2 8 7 93 1604 78
2550 2 2 8 7 1604 1310 78
2551 2 2 8 7 1604 461 1310
2552 2 2 8 7 78 1310 94
2553 2 2 8 7 133 1605 1346
2554 2 2 8 7 1605 1606 1346
2555 2 2 8 7 1605 312 1606
2556 2 2 8 7 1346 1606 375
2557 2 2 8 7 194 1295 1607
2558 2 2 8 7 1295 1606 1607
2559 2 2 8 7 1295 375 1606
2560 2 2 8 7 1607 1606 312
2561 2 2 8 7 227 1608 1128
2562 2 2 8 7 1608 1609 1128
2563 2 2 8 7 1608 519 1609
2564 2 2 8 7 1128 1609 362
2565 2 2 8 7 65 1610 34
2566 2 2 8 7 1610 1091 34
2567 2 2 8 7 1610 506 1091
2568 2 2 8 7 34 1091 50
2569 2 2 8 7 18 1611 1
2570 2 2 8 7 1611 1090 1
2571 2 2 8 7 1611 507 1090
2572 2 2 8 7 1 1090 33
2573 2 2 8 7 97 1612 66
2574 2 2 8 7 1612 1088 66
2575 2 2 8 7 1612 504 1088
2576 2 2 8 7 66 1088 82
2577 2 2 8 7 17 1613 98
2578 2 2 8 7 1613 1089 98
2579 2 2 8 7 1613 505 1089
2580 2 2 8 7 98 1089 114
2581 2 2 8 7 59 1086 44
2582 2 2 8 7 1086 1614 44
2583 2 2 8 7 1086 502 1614
2584 2 2 8 7 44 1614 60
2585 2 2 8 7 123 1084 108
2586 2 2 8 7 1084 1615 108
2587 2 2 8 7 1084 500 1615
2588 2 2 8 7 108 1615 124
2589 2 2 8 7 24 1085 11
2590 2 2 8 7 1085 1616 11
2591 2 2 8 7 1085 501 1616
2592 2 2 8 7 11 1616 23
2593 2 2 8 7 91 1087 76
2594 2 2 8 7 1087 1617 76
2595 2 2 8 7 1087 503 1617
2596 2 2 8 7 76 1617 92
2597 2 2 8 7 337 1464 1619
2598 2 2 8 7 1464 1618 1619
2599 2 2 8 7 1464 417 1618
2600 2 2 8 7 1619 1618 521
2601 2 2 8 7 219 1620 1622
2602 2 2 8 7 1620 1621 1622
2603 2 2 8 7 1620 525 1621
2604 2 2 8 7 1622 1621 395
2605 2 2 8 7 218 1623 1625
2606 2 2 8 7 1623 1624 1625
2607 2 2 8 7 1623 524 1624
2608 2 2 8 7 1625 1624 393
2609 2 2 8 7 217 1626 1628
2610 2 2 8 7 1626 1627 1628
2611 2 2 8 7 1626 523 1627
2612 2 2 8 7 1628 1627 394
2613 2 2 8 7 216 1629 1631
2614 2 2 8 7 1629 1630 1631
2615 2 2 8 7 1629 522 1630
2616 2 2 8 7 1631 1630 396
2617 2 2 8 7 133 1632 1605
2618 2 2 8 7 1632 1633 1605
2619 2 2 8 7 1632 496 1633
2620 2 2 8 7 1605 1633 312
2621 2 2 8 7 222 890 1634
2622 2 2 8 7 890 1633 1634
2623 2 2 8 7 890 312 1633
2624 2 2 8 7 1634 1633 496
2625 2 2 8 7 151 673 724
2626 2 2 8 7 673 1356 724
2627 2 2 8 7 673 472 1356
2628 2 2 8 7 724 1356 294
2629 2 2 8 7 152 677 721
2630 2 2 8 7 677 1355 721
2631 2 2 8 7 677 475 1355
2632 2 2 8 7 721 1355 296
2633 2 2 8 7 150 675 727
2634 2 2 8 7 675 1353 727
2635 2 2 8 7 675 473 1353
2636 2 2 8 7 727 1353 295
2637 2 2 8 7 153 1635 1523
2638 2 2 8 7 1635 1354 1523
2639 2 2 8 7 1635 474 1354
2640 2 2 8 7 1523 1354 297
2641 2 2 8 7 219 1636 1620
2642 2 2 8 7 1636 1637 1620
2643 2 2 8 7 1636 492 1637
2644 2 2 8 7 1620 1637 525
2645 2 2 8 7 218 1638 1623
2646 2 2 8 7 1638 1639 1623
2647 2 2 8 7 1638 491 1639
2648 2 2 8 7 1623 1639 524
2649 2 2 8 7 217 1640 1626
2650 2 2 8 7 1640 1641 1626
2651 2 2 8 7 1640 490 1641
2652 2 2 8 7 1626 1641 523
2653 2 2 8 7 216 1642 1629
2654 2 2 8 7 1642 1643 1629
2655 2 2 8 7 1642 489 1643
2656 2 2 8 7 1629 1643 522
2657 2 2 8 7 227 1644 1608
2658 2 2 8 7 1644 1645 1608
2659 2 2 8 7 1644 458 1645
2660 2 2 8 7 1608 1645 519
2661 2 2 8 7 311 1646 1463
2662 2 2 8 7 1646 1647 1463
2663 2 2 8 7 1646 401 1647
2664 2 2 8 7 1463 1647 443
2665 2 2 8 7 129 1648 1501
2666 2 2 8 7 1648 1649 1501
2667 2 2 8 7 1648 325 1649
2668 2 2 8 7 1501 1649 385
2669 2 2 8 7 223 790 1499
2670 2 2 8 7 790 1550 1499
2671 2 2 8 7 790 307 1550
2672 2 2 8 7 1499 1550 399
2673 2 2 8 7 131 608 1650
2674 2 2 8 7 608 1115 1650
2675 2 2 8 7 608 303 1115
2676 2 2 8 7 1650 1115 447
2677 2 2 8 7 130 784 1651
2678 2 2 8 7 784 1293 1651
2679 2 2 8 7 784 305 1293
2680 2 2 8 7 1651 1293 465
2681 2 2 8 7 63 47 1173
2682 2 2 8 7 47 1303 1173
2683 2 2 8 7 47 62 1303
2684 2 2 8 7 1173 1303 413
2685 2 2 8 7 20 14 1171
2686 2 2 8 7 14 1306 1171
2687 2 2 8 7 14 21 1306
2688 2 2 8 7 1171 1306 412
2689 2 2 8 7 127 111 1177
2690 2 2 8 7 111 1309 1177
2691 2 2 8 7 111 126 1309
2692 2 2 8 7 1177 1309 415
2693 2 2 8 7 95 79 1175
2694 2 2 8 7 79 1312 1175
2695 2 2 8 7 79 94 1312
2696 2 2 8 7 1175 1312 414
2697 2 2 8 7 137 1652 548
2698 2 2 8 7 1652 1424 548
2699 2 2 8 7 1652 479 1424
2700 2 2 8 7 548 1424 301
2701 2 2 8 7 310 1653 1469
2702 2 2 8 7 1653 1654 1469
2703 2 2 8 7 1653 400 1654
2704 2 2 8 7 1469 1654 447
2705 2 2 8 7 235 551 1655
2706 2 2 8 7 551 1219 1655
2707 2 2 8 7 551 301 1219
2708 2 2 8 7 1655 1219 531
2709 2 2 8 7 139 1540 1656
2710 2 2 8 7 1540 1582 1656
2711 2 2 8 7 1540 313 1582
2712 2 2 8 7 1656 1582 386
2713 2 2 8 7 198 1448 1126
2714 2 2 8 7 1448 1657 1126
2715 2 2 8 7 1448 390 1657
2716 2 2 8 7 1126 1657 347
2717 2 2 8 7 149 1021 682
2718 2 2 8 7 1021 1658 682
2719 2 2 8 7 1021 448 1658
2720 2 2 8 7 682 1658 350
2721 2 2 8 7 210 1659 1660
2722 2 2 8 7 1659 913 1660
2723 2 2 8 7 1659 450 913
2724 2 2 8 7 1660 913 373
2725 2 2 8 7 215 1661 1662
2726 2 2 8 7 1661 916 1662
2727 2 2 8 7 1661 374 916
2728 2 2 8 7 1662 916 451
2729 2 2 8 7 184 1556 1453
2730 2 2 8 7 1556 1663 1453
2731 2 2 8 7 1556 514 1663
2732 2 2 8 7 1453 1663 387
2733 2 2 8 7 196 1225 732
2734 2 2 8 7 1225 1653 732
2735 2 2 8 7 1225 400 1653
2736 2 2 8 7 732 1653 310
2737 2 2 8 7 197 1113 734
2738 2 2 8 7 1113 1646 734
2739 2 2 8 7 1113 401 1646
2740 2 2 8 7 734 1646 311
2741 2 2 8 7 195 1246 730
2742 2 2 8 7 1246 1664 730
2743 2 2 8 7 1246 402 1664
2744 2 2 8 7 730 1664 309
2745 2 2 8 7 140 1665 1667
2746 2 2 8 7 1665 1666 1667
2747 2 2 8 7 1665 471 1666
2748 2 2 8 7 1667 1666 533
2749 2 2 8 7 183 1668 802
2750 2 2 8 7 1668 1649 802
2751 2 2 8 7 1668 385 1649
2752 2 2 8 7 802 1649 325
2753 2 2 8 7 293 1560 1208
2754 2 2 8 7 1560 1666 1208
2755 2 2 8 7 1560 533 1666
2756 2 2 8 7 1208 1666 471
2757 2 2 8 7 141 1117 791
2758 2 2 8 7 1117 1669 791
2759 2 2 8 7 1117 435 1669
2760 2 2 8 7 791 1669 307
2761 2 2 8 7 164 1258 1670
2762 2 2 8 7 1258 1235 1670
2763 2 2 8 7 1258 487 1235
2764 2 2 8 7 1670 1235 523
2765 2 2 8 7 165 1261 1671
2766 2 2 8 7 1261 1238 1671
2767 2 2 8 7 1261 486 1238
2768 2 2 8 7 1671 1238 522
2769 2 2 8 7 163 1255 1672
2770 2 2 8 7 1255 1241 1672
2771 2 2 8 7 1255 488 1241
2772 2 2 8 7 1672 1241 525
2773 2 2 8 7 139 1673 1370
2774 2 2 8 7 1673 1674 1370
2775 2 2 8 7 1673 495 1674
2776 2 2 8 7 1370 1674 436
2777 2 2 8 7 194 1607 1675
2778 2 2 8 7 1607 888 1675
2779 2 2 8 7 1607 312 888
2780 2 2 8 7 1675 888 527
2781 2 2 8 7 219 1676 1678
2782 2 2 8 7 1676 1677 1678
2783 2 2 8 7 1676 470 1677
2784 2 2 8 7 1678 1677 320
2785 2 2 8 7 217 1679 1681
2786 2 2 8 7 1679 1680 1681
2787 2 2 8 7 1679 468 1680
2788 2 2 8 7 1681 1680 317
2789 2 2 8 7 216 1682 1684
2790 2 2 8 7 1682 1683 1684
2791 2 2 8 7 1682 467 1683
2792 2 2 8 7 1684 1683 318
2793 2 2 8 7 218 1685 1687
2794 2 2 8 7 1685 1686 1687
2795 2 2 8 7 1685 469 1686
2796 2 2 8 7 1687 1686 319
2797 2 2 8 7 54 1283 1688
2798 2 2 8 7 1283 1683 1688
2799 2 2 8 7 1283 318 1683
2800 2 2 8 7 1688 1683 467
2801 2 2 8 7 118 1285 1689
2802 2 2 8 7 1285 1677 1689
2803 2 2 8 7 1285 320 1677
2804 2 2 8 7 1689 1677 470
2805 2 2 8 7 29 1282 1690
2806 2 2 8 7 1282 1680 1690
2807 2 2 8 7 1282 317 1680
2808 2 2 8 7 1690 1680 468
2809 2 2 8 7 86 1284 1691
2810 2 2 8 7 1284 1686 1691
2811 2 2 8 7 1284 319 1686
2812 2 2 8 7 1691 1686 469
2813 2 2 8 7 219 1692 1676
2814 2 2 8 7 1692 1693 1676
2815 2 2 8 7 1692 324 1693
2816 2 2 8 7 1676 1693 470
2817 2 2 8 7 216 1694 1682
2818 2 2 8 7 1694 1695 1682
2819 2 2 8 7 1694 322 1695
2820 2 2 8 7 1682 1695 467
2821 2 2 8 7 217 1696 1679
2822 2 2 8 7 1696 1697 1679
2823 2 2 8 7 1696 323 1697
2824 2 2 8 7 1679 1697 468
2825 2 2 8 7 218 1698 1685
2826 2 2 8 7 1698 1699 1685
2827 2 2 8 7 1698 321 1699
2828 2 2 8 7 1685 1699 469
2829 2 2 8 7 55 1700 1278
2830 2 2 8 7 1700 1695 1278
2831 2 2 8 7 1700 467 1695
2832 2 2 8 7 1278 1695 322
2833 2 2 8 7 87 1701 1280
2834 2 2 8 7 1701 1699 1280
2835 2 2 8 7 1701 469 1699
2836 2 2 8 7 1280 1699 321
2837 2 2 8 7 28 1702 1279
2838 2 2 8 7 1702 1697 1279
2839 2 2 8 7 1702 468 1697
2840 2 2 8 7 1279 1697 323
2841 2 2 8 7 119 1703 1281
2842 2 2 8 7 1703 1693 1281
2843 2 2 8 7 1703 470 1693
2844 2 2 8 7 1281 1693 324
2845 2 2 8 7 269 1275 1320
2846 2 2 8 7 1275 1704 1320
2847 2 2 8 7 1275 476 1704
2848 2 2 8 7 1320 1704 373
2849 2 2 8 7 271 1321 1276
2850 2 2 8 7 1321 1705 1276
2851 2 2 8 7 1321 374 1705
2852 2 2 8 7 1276 1705 477
2853 2 2 8 7 180 1706 1004
2854 2 2 8 7 1706 1421 1004
2855 2 2 8 7 1706 445 1421
2856 2 2 8 7 1004 1421 337
2857 2 2 8 7 129 1707 1648
2858 2 2 8 7 1707 1190 1648
2859 2 2 8 7 1707 509 1190
2860 2 2 8 7 1648 1190 325
2861 2 2 8 7 237 613 924
2862 2 2 8 7 613 1708 924
2863 2 2 8 7 613 391 1708
2864 2 2 8 7 924 1708 455
2865 2 2 8 7 236 927 610
2866 2 2 8 7 927 1709 610
2867 2 2 8 7 927 454 1709
2868 2 2 8 7 610 1709 392
2869 2 2 8 7 224 1710 906
2870 2 2 8 7 1710 1711 906
2871 2 2 8 7 1710 326 1711
2872 2 2 8 7 906 1711 446
2873 2 2 8 7 140 1712 1713
2874 2 2 8 7 1712 1711 1713
2875 2 2 8 7 1712 446 1711
2876 2 2 8 7 1713 1711 326
2877 2 2 8 7 180 655 1706
2878 2 2 8 7 655 1714 1706
2879 2 2 8 7 655 338 1714
2880 2 2 8 7 1706 1714 445
2881 2 2 8 7 129 1397 1707
2882 2 2 8 7 1397 1715 1707
2883 2 2 8 7 1397 329 1715
2884 2 2 8 7 1707 1715 509
2885 2 2 8 7 240 1716 1718
2886 2 2 8 7 1716 1717 1718
2887 2 2 8 7 1716 498 1717
2888 2 2 8 7 1718 1717 496
2889 2 2 8 7 250 1010 1719
2890 2 2 8 7 1010 1674 1719
2891 2 2 8 7 1010 436 1674
2892 2 2 8 7 1719 1674 495
2893 2 2 8 7 276 1494 1265
2894 2 2 8 7 1494 1720 1265
2895 2 2 8 7 1494 516 1720
2896 2 2 8 7 1265 1720 348
2897 2 2 8 7 194 1675 1318
2898 2 2 8 7 1675 1721 1318
2899 2 2 8 7 1675 527 1721
2900 2 2 8 7 1318 1721 327
2901 2 2 8 7 309 1664 1539
2902 2 2 8 7 1664 1722 1539
2903 2 2 8 7 1664 402 1722
2904 2 2 8 7 1539 1722 465
2905 2 2 8 7 209 1317 1723
2906 2 2 8 7 1317 628 1723
2907 2 2 8 7 1317 481 628
2908 2 2 8 7 1723 628 308
2909 2 2 8 7 209 1723 1559
2910 2 2 8 7 1723 1724 1559
2911 2 2 8 7 1723 308 1724
2912 2 2 8 7 1559 1724 533
2913 2 2 8 7 263 1200 1193
2914 2 2 8 7 1200 1725 1193
2915 2 2 8 7 1200 463 1725
2916 2 2 8 7 1193 1725 383
2917 2 2 8 7 264 1196 1201
2918 2 2 8 7 1196 1726 1201
2919 2 2 8 7 1196 384 1726
2920 2 2 8 7 1201 1726 464
2921 2 2 8 7 265 1218 1210
2922 2 2 8 7 1218 1727 1210
2923 2 2 8 7 1218 388 1727
2924 2 2 8 7 1210 1727 419
2925 2 2 8 7 267 1325 1326
2926 2 2 8 7 1325 1728 1326
2927 2 2 8 7 1325 482 1728
2928 2 2 8 7 1326 1728 478
2929 2 2 8 7 136 1047 1521
2930 2 2 8 7 1047 1728 1521
2931 2 2 8 7 1047 478 1728
2932 2 2 8 7 1521 1728 482
2933 2 2 8 7 225 1551 1730
2934 2 2 8 7 1551 1729 1730
2935 2 2 8 7 1551 307 1729
2936 2 2 8 7 1730 1729 532
2937 2 2 8 7 55 39 1700
2938 2 2 8 7 39 1688 1700
2939 2 2 8 7 39 54 1688
2940 2 2 8 7 1700 1688 467
2941 2 2 8 7 28 6 1702
2942 2 2 8 7 6 1690 1702
2943 2 2 8 7 6 29 1690
2944 2 2 8 7 1702 1690 468
2945 2 2 8 7 87 71 1701
2946 2 2 8 7 71 1691 1701
2947 2 2 8 7 71 86 1691
2948 2 2 8 7 1701 1691 469
2949 2 2 8 7 119 103 1703
2950 2 2 8 7 103 1689 1703
2951 2 2 8 7 103 118 1689
2952 2 2 8 7 1703 1689 470
2953 2 2 8 7 140 1667 1467
2954 2 2 8 7 1667 1724 1467
2955 2 2 8 7 1667 533 1724
2956 2 2 8 7 1467 1724 308
2957 2 2 8 7 216 1731 1694
2958 2 2 8 7 1731 1586 1694
2959 2 2 8 7 1731 513 1586
2960 2 2 8 7 1694 1586 322
2961 2 2 8 7 219 1732 1692
2962 2 2 8 7 1732 1585 1692
2963 2 2 8 7 1732 510 1585
2964 2 2 8 7 1692 1585 324
2965 2 2 8 7 218 1733 1698
2966 2 2 8 7 1733 1583 1698
2967 2 2 8 7 1733 512 1583
2968 2 2 8 7 1698 1583 321
2969 2 2 8 7 217 1734 1696
2970 2 2 8 7 1734 1584 1696
2971 2 2 8 7 1734 511 1584
2972 2 2 8 7 1696 1584 323
2973 2 2 8 7 283 1518 1363
2974 2 2 8 7 1518 1735 1363
2975 2 2 8 7 1518 530 1735
2976 2 2 8 7 1363 1735 398
2977 2 2 8 7 145 1736 1579
2978 2 2 8 7 1736 1657 1579
2979 2 2 8 7 1736 347 1657
2980 2 2 8 7 1579 1657 390
2981 2 2 8 7 144 1401 1503
2982 2 2 8 7 1401 1137 1503
2983 2 2 8 7 1401 332 1137
2984 2 2 8 7 1503 1137 423
2985 2 2 8 7 142 1399 1507
2986 2 2 8 7 1399 1135 1507
2987 2 2 8 7 1399 331 1135
2988 2 2 8 7 1507 1135 425
2989 2 2 8 7 143 1400 1505
2990 2 2 8 7 1400 1136 1505
2991 2 2 8 7 1400 330 1136
2992 2 2 8 7 1505 1136 424
2993 2 2 8 7 147 1512 1402
2994 2 2 8 7 1512 1138 1402
2995 2 2 8 7 1512 428 1138
2996 2 2 8 7 1402 1138 334
2997 2 2 8 7 148 1510 1404
2998 2 2 8 7 1510 1140 1404
2999 2 2 8 7 1510 426 1140
3000 2 2 8 7 1404 1140 335
3001 2 2 8 7 146 1514 1403
3002 2 2 8 7 1514 1139 1403
3003 2 2 8 7 1514 427 1139
3004 2 2 8 7 1403 1139 336
3005 2 2 8 7 292 1552 1553
3006 2 2 8 7 1552 1737 1553
3007 2 2 8 7 1552 479 1737
3008 2 2 8 7 1553 1737 493
3009 2 2 8 7 137 1528 1652
3010 2 2 8 7 1528 1737 1652
3011 2 2 8 7 1528 493 1737
3012 2 2 8 7 1652 1737 479
3013 2 2 8 7 185 1738 1739
3014 2 2 8 7 1738 1243 1739
3015 2 2 8 7 1738 494 1243
3016 2 2 8 7 1739 1243 389
3017 2 2 8 7 207 1740 1411
3018 2 2 8 7 1740 1741 1411
3019 2 2 8 7 1740 528 1741
3020 2 2 8 7 1411 1741 363
3021 2 2 8 7 208 1393 1743
3022 2 2 8 7 1393 1742 1743
3023 2 2 8 7 1393 364 1742
3024 2 2 8 7 1743 1742 529
3025 2 2 8 7 183 1744 1668
3026 2 2 8 7 1744 1745 1668
3027 2 2 8 7 1744 365 1745
3028 2 2 8 7 1668 1745 385
3029 2 2 8 7 225 1542 1350
3030 2 2 8 7 1542 1745 1350
3031 2 2 8 7 1542 385 1745
3032 2 2 8 7 1350 1745 365
3033 2 2 8 7 240 1423 1716
3034 2 2 8 7 1423 1746 1716
3035 2 2 8 7 1423 349 1746
3036 2 2 8 7 1716 1746 498
3037 2 2 8 7 288 1395 1535
3038 2 2 8 7 1395 1747 1535
3039 2 2 8 7 1395 397 1747
3040 2 2 8 7 1535 1747 534
3041 2 2 8 7 219 1678 1636
3042 2 2 8 7 1678 1345 1636
3043 2 2 8 7 1678 320 1345
3044 2 2 8 7 1636 1345 492
3045 2 2 8 7 217 1681 1640
3046 2 2 8 7 1681 1343 1640
3047 2 2 8 7 1681 317 1343
3048 2 2 8 7 1640 1343 490
3049 2 2 8 7 216 1684 1642
3050 2 2 8 7 1684 1342 1642
3051 2 2 8 7 1684 318 1342
3052 2 2 8 7 1642 1342 489
3053 2 2 8 7 218 1687 1638
3054 2 2 8 7 1687 1344 1638
3055 2 2 8 7 1687 319 1344
3056 2 2 8 7 1638 1344 491
3057 2 2 8 7 221 1142 1748
3058 2 2 8 7 1142 1244 1748
3059 2 2 8 7 1142 314 1244
3060 2 2 8 7 1748 1244 494
3061 2 2 8 7 140 1713 1665
3062 2 2 8 7 1713 1749 1665
3063 2 2 8 7 1713 326 1749
3064 2 2 8 7 1665 1749 471
3065 2 2 8 7 207 1750 1740
3066 2 2 8 7 1750 1751 1740
3067 2 2 8 7 1750 391 1751
3068 2 2 8 7 1740 1751 528
3069 2 2 8 7 208 1743 1753
3070 2 2 8 7 1743 1752 1753
3071 2 2 8 7 1743 529 1752
3072 2 2 8 7 1753 1752 392
3073 2 2 8 7 207 1412 1470
3074 2 2 8 7 1412 1749 1470
3075 2 2 8 7 1412 471 1749
3076 2 2 8 7 1470 1749 326
3077 2 2 8 7 220 1333 1754
3078 2 2 8 7 1333 1714 1754
3079 2 2 8 7 1333 445 1714
3080 2 2 8 7 1754 1714 338
3081 2 2 8 7 153 1755 1451
3082 2 2 8 7 1755 1756 1451
3083 2 2 8 7 1755 497 1756
3084 2 2 8 7 1451 1756 338
3085 2 2 8 7 220 1754 1409
3086 2 2 8 7 1754 1756 1409
3087 2 2 8 7 1754 338 1756
3088 2 2 8 7 1409 1756 497
3089 2 2 8 7 222 1634 1757
3090 2 2 8 7 1634 1717 1757
3091 2 2 8 7 1634 496 1717
3092 2 2 8 7 1757 1717 498
3093 2 2 8 7 239 786 867
3094 2 2 8 7 786 1720 867
3095 2 2 8 7 786 348 1720
3096 2 2 8 7 867 1720 516
3097 2 2 8 7 226 1758 1759
3098 2 2 8 7 1758 1407 1759
3099 2 2 8 7 1758 438 1407
3100 2 2 8 7 1759 1407 508
3101 2 2 8 7 32 1563 1573
3102 2 2 8 7 1563 1595 1573
3103 2 2 8 7 1563 405 1595
3104 2 2 8 7 1573 1595 359
3105 2 2 8 7 115 1561 1576
3106 2 2 8 7 1561 1598 1576
3107 2 2 8 7 1561 404 1598
3108 2 2 8 7 1576 1598 360
3109 2 2 8 7 51 1564 1574
3110 2 2 8 7 1564 1597 1574
3111 2 2 8 7 1564 403 1597
3112 2 2 8 7 1574 1597 358
3113 2 2 8 7 83 1562 1575
3114 2 2 8 7 1562 1596 1575
3115 2 2 8 7 1562 406 1596
3116 2 2 8 7 1575 1596 361
3117 2 2 8 7 25 1569 1567
3118 2 2 8 7 1569 1592 1567
3119 2 2 8 7 1569 355 1592
3120 2 2 8 7 1567 1592 407
3121 2 2 8 7 122 1572 1565
3122 2 2 8 7 1572 1594 1565
3123 2 2 8 7 1572 357 1594
3124 2 2 8 7 1565 1594 410
3125 2 2 8 7 58 1570 1568
3126 2 2 8 7 1570 1591 1568
3127 2 2 8 7 1570 356 1591
3128 2 2 8 7 1568 1591 409
3129 2 2 8 7 90 1571 1566
3130 2 2 8 7 1571 1593 1566
3131 2 2 8 7 1571 354 1593
3132 2 2 8 7 1566 1593 408
3133 2 2 8 7 135 1367 1228
3134 2 2 8 7 1367 1760 1228
3135 2 2 8 7 1367 450 1760
3136 2 2 8 7 1228 1760 366
3137 2 2 8 7 134 1227 1368
3138 2 2 8 7 1227 1761 1368
3139 2 2 8 7 1227 370 1761
3140 2 2 8 7 1368 1761 451
3141 2 2 8 7 184 1762 1763
3142 2 2 8 7 1762 1188 1763
3143 2 2 8 7 1762 499 1188
3144 2 2 8 7 1763 1188 509
3145 2 2 8 7 227 764 1644
3146 2 2 8 7 764 1764 1644
3147 2 2 8 7 764 416 1764
3148 2 2 8 7 1644 1764 458
3149 2 2 8 7 158 1221 1416
3150 2 2 8 7 1221 1764 1416
3151 2 2 8 7 1221 458 1764
3152 2 2 8 7 1416 1764 416
3153 2 2 8 7 183 1581 1766
3154 2 2 8 7 1581 1765 1766
3155 2 2 8 7 1581 351 1765
3156 2 2 8 7 1766 1765 508
3157 2 2 8 7 226 1759 1465
3158 2 2 8 7 1759 1765 1465
3159 2 2 8 7 1759 508 1765
3160 2 2 8 7 1465 1765 351
3161 2 2 8 7 266 1332 1330
3162 2 2 8 7 1332 1767 1330
3163 2 2 8 7 1332 418 1767
3164 2 2 8 7 1330 1767 417
3165 2 2 8 7 192 1768 1053
3166 2 2 8 7 1768 1767 1053
3167 2 2 8 7 1768 417 1767
3168 2 2 8 7 1053 1767 418
3169 2 2 8 7 61 1477 1601
3170 2 2 8 7 1477 860 1601
3171 2 2 8 7 1477 340 860
3172 2 2 8 7 1601 860 460
3173 2 2 8 7 125 1479 1602
3174 2 2 8 7 1479 864 1602
3175 2 2 8 7 1479 342 864
3176 2 2 8 7 1602 864 459
3177 2 2 8 7 93 1481 1604
3178 2 2 8 7 1481 858 1604
3179 2 2 8 7 1481 341 858
3180 2 2 8 7 1604 858 461
3181 2 2 8 7 22 1475 1603
3182 2 2 8 7 1475 862 1603
3183 2 2 8 7 1475 339 862
3184 2 2 8 7 1603 862 462
3185 2 2 8 7 145 1205 1736
3186 2 2 8 7 1205 1159 1736
3187 2 2 8 7 1205 444 1159
3188 2 2 8 7 1736 1159 347
3189 2 2 8 7 224 1769 1710
3190 2 2 8 7 1769 1537 1710
3191 2 2 8 7 1769 517 1537
3192 2 2 8 7 1710 1537 326
3193 2 2 8 7 156 925 1587
3194 2 2 8 7 925 1538 1587
3195 2 2 8 7 925 455 1538
3196 2 2 8 7 1587 1538 517
3197 2 2 8 7 184 1763 1554
3198 2 2 8 7 1763 1715 1554
3199 2 2 8 7 1763 509 1715
3200 2 2 8 7 1554 1715 329
3201 2 2 8 7 203 1335 543
3202 2 2 8 7 1335 1770 543
3203 2 2 8 7 1335 442 1770
3204 2 2 8 7 543 1770 440
3205 2 2 8 7 202 542 1336
3206 2 2 8 7 542 1771 1336
3207 2 2 8 7 542 439 1771
3208 2 2 8 7 1336 1771 441
3209 2 2 8 7 284 1533 1529
3210 2 2 8 7 1533 1771 1529
3211 2 2 8 7 1533 441 1771
3212 2 2 8 7 1529 1771 439
3213 2 2 8 7 285 1532 1534
3214 2 2 8 7 1532 1770 1534
3215 2 2 8 7 1532 440 1770
3216 2 2 8 7 1534 1770 442
3217 2 2 8 7 140 1468 1712
3218 2 2 8 7 1468 1580 1712
3219 2 2 8 7 1468 351 1580
3220 2 2 8 7 1712 1580 446
3221 2 2 8 7 182 1547 1398
3222 2 2 8 7 1547 1555 1398
3223 2 2 8 7 1547 514 1555
3224 2 2 8 7 1398 1555 329
3225 2 2 8 7 194 1319 1294
3226 2 2 8 7 1319 1658 1294
3227 2 2 8 7 1319 350 1658
3228 2 2 8 7 1294 1658 448
3229 2 2 8 7 157 1207 1515
3230 2 2 8 7 1207 1721 1515
3231 2 2 8 7 1207 327 1721
3232 2 2 8 7 1515 1721 527
3233 2 2 8 7 154 1772 1497
3234 2 2 8 7 1772 1746 1497
3235 2 2 8 7 1772 498 1746
3236 2 2 8 7 1497 1746 349
3237 2 2 8 7 137 547 1517
3238 2 2 8 7 547 1773 1517
3239 2 2 8 7 547 371 1773
3240 2 2 8 7 1517 1773 530
3241 2 2 8 7 136 1536 805
3242 2 2 8 7 1536 1774 805
3243 2 2 8 7 1536 534 1774
3244 2 2 8 7 805 1774 368
3245 2 2 8 7 241 1557 999
3246 2 2 8 7 1557 1147 999
3247 2 2 8 7 1557 520 1147
3248 2 2 8 7 999 1147 333
3249 2 2 8 7 245 1005 1558
3250 2 2 8 7 1005 1619 1558
3251 2 2 8 7 1005 337 1619
3252 2 2 8 7 1558 1619 521
3253 2 2 8 7 206 968 1444
3254 2 2 8 7 968 1366 1444
3255 2 2 8 7 968 352 1366
3256 2 2 8 7 1444 1366 449
3257 2 2 8 7 189 1063 1775
3258 2 2 8 7 1063 1727 1775
3259 2 2 8 7 1063 419 1727
3260 2 2 8 7 1775 1727 388
3261 2 2 8 7 124 1615 1478
3262 2 2 8 7 1615 1012 1478
3263 2 2 8 7 1615 500 1012
3264 2 2 8 7 1478 1012 342
3265 2 2 8 7 60 1614 1476
3266 2 2 8 7 1614 1014 1476
3267 2 2 8 7 1614 502 1014
3268 2 2 8 7 1476 1014 340
3269 2 2 8 7 23 1616 1474
3270 2 2 8 7 1616 1011 1474
3271 2 2 8 7 1616 501 1011
3272 2 2 8 7 1474 1011 339
3273 2 2 8 7 92 1617 1480
3274 2 2 8 7 1617 1013 1480
3275 2 2 8 7 1617 503 1013
3276 2 2 8 7 1480 1013 341
3277 2 2 8 7 18 1484 1611
3278 2 2 8 7 1484 1016 1611
3279 2 2 8 7 1484 344 1016
3280 2 2 8 7 1611 1016 507
3281 2 2 8 7 65 1483 1610
3282 2 2 8 7 1483 1018 1610
3283 2 2 8 7 1483 345 1018
3284 2 2 8 7 1610 1018 506
3285 2 2 8 7 17 1482 1613
3286 2 2 8 7 1482 1015 1613
3287 2 2 8 7 1482 343 1015
3288 2 2 8 7 1613 1015 505
3289 2 2 8 7 97 1485 1612
3290 2 2 8 7 1485 1017 1612
3291 2 2 8 7 1485 346 1017
3292 2 2 8 7 1612 1017 504
3293 2 2 8 7 210 1776 1659
3294 2 2 8 7 1776 1760 1659
3295 2 2 8 7 1776 366 1760
3296 2 2 8 7 1659 1760 450
3297 2 2 8 7 215 1662 1777
3298 2 2 8 7 1662 1761 1777
3299 2 2 8 7 1662 451 1761
3300 2 2 8 7 1777 1761 370
3301 2 2 8 7 214 1778 1779
3302 2 2 8 7 1778 1735 1779
3303 2 2 8 7 1778 398 1735
3304 2 2 8 7 1779 1735 530
3305 2 2 8 7 212 1780 1781
3306 2 2 8 7 1780 1747 1781
3307 2 2 8 7 1780 534 1747
3308 2 2 8 7 1781 1747 397
3309 2 2 8 7 286 1544 1495
3310 2 2 8 7 1544 1782 1495
3311 2 2 8 7 1544 456 1782
3312 2 2 8 7 1495 1782 397
3313 2 2 8 7 212 1781 1374
3314 2 2 8 7 1781 1782 1374
3315 2 2 8 7 1781 397 1782
3316 2 2 8 7 1374 1782 456
3317 2 2 8 7 287 1496 1545
3318 2 2 8 7 1496 1783 1545
3319 2 2 8 7 1496 398 1783
3320 2 2 8 7 1545 1783 457
3321 2 2 8 7 214 1378 1778
3322 2 2 8 7 1378 1783 1778
3323 2 2 8 7 1378 457 1783
3324 2 2 8 7 1778 1783 398
3325 2 2 8 7 138 1369 1785
3326 2 2 8 7 1369 1784 1785
3327 2 2 8 7 1369 437 1784
3328 2 2 8 7 1785 1784 526
3329 2 2 8 7 249 1786 1007
3330 2 2 8 7 1786 1784 1007
3331 2 2 8 7 1786 526 1784
3332 2 2 8 7 1007 1784 437
3333 2 2 8 7 274 1410 1383
3334 2 2 8 7 1410 1787 1383
3335 2 2 8 7 1410 497 1787
3336 2 2 8 7 1383 1787 411
3337 2 2 8 7 222 1788 889
3338 2 2 8 7 1788 1789 889
3339 2 2 8 7 1788 438 1789
3340 2 2 8 7 889 1789 452
3341 2 2 8 7 226 690 1758
3342 2 2 8 7 690 1789 1758
3343 2 2 8 7 690 452 1789
3344 2 2 8 7 1758 1789 438
3345 2 2 8 7 216 1631 1731
3346 2 2 8 7 1631 1790 1731
3347 2 2 8 7 1631 396 1790
3348 2 2 8 7 1731 1790 513
3349 2 2 8 7 217 1628 1734
3350 2 2 8 7 1628 1791 1734
3351 2 2 8 7 1628 394 1791
3352 2 2 8 7 1734 1791 511
3353 2 2 8 7 218 1625 1733
3354 2 2 8 7 1625 1792 1733
3355 2 2 8 7 1625 393 1792
3356 2 2 8 7 1733 1792 512
3357 2 2 8 7 219 1622 1732
3358 2 2 8 7 1622 1793 1732
3359 2 2 8 7 1622 395 1793
3360 2 2 8 7 1732 1793 510
3361 2 2 8 7 130 1651 1473
3362 2 2 8 7 1651 1722 1473
3363 2 2 8 7 1651 465 1722
3364 2 2 8 7 1473 1722 402
3365 2 2 8 7 139 1656 1673
3366 2 2 8 7 1656 1794 1673
3367 2 2 8 7 1656 386 1794
3368 2 2 8 7 1673 1794 495
3369 2 2 8 7 211 1461 1387
3370 2 2 8 7 1461 1725 1387
3371 2 2 8 7 1461 383 1725
3372 2 2 8 7 1387 1725 463
3373 2 2 8 7 213 1391 1462
3374 2 2 8 7 1391 1726 1462
3375 2 2 8 7 1391 464 1726
3376 2 2 8 7 1462 1726 384
3377 2 2 8 7 131 1650 1222
3378 2 2 8 7 1650 1654 1222
3379 2 2 8 7 1650 447 1654
3380 2 2 8 7 1222 1654 400
3381 2 2 8 7 132 1600 1405
3382 2 2 8 7 1600 1647 1405
3383 2 2 8 7 1600 443 1647
3384 2 2 8 7 1405 1647 401
3385 2 2 8 7 158 1443 1220
3386 2 2 8 7 1443 1382 1220
3387 2 2 8 7 1443 449 1382
3388 2 2 8 7 1220 1382 518
3389 2 2 8 7 221 1795 1797
3390 2 2 8 7 1795 1796 1797
3391 2 2 8 7 1795 382 1796
3392 2 2 8 7 1797 1796 480
3393 2 2 8 7 155 560 1299
3394 2 2 8 7 560 1796 1299
3395 2 2 8 7 560 480 1796
3396 2 2 8 7 1299 1796 382
3397 2 2 8 7 189 1775 1434
3398 2 2 8 7 1775 1145 1434
3399 2 2 8 7 1775 388 1145
3400 2 2 8 7 1434 1145 520
3401 2 2 8 7 210 1660 1457
3402 2 2 8 7 1660 1704 1457
3403 2 2 8 7 1660 373 1704
3404 2 2 8 7 1457 1704 476
3405 2 2 8 7 215 1459 1661
3406 2 2 8 7 1459 1705 1661
3407 2 2 8 7 1459 477 1705
3408 2 2 8 7 1661 1705 374
3409 2 2 8 7 210 1428 1776
3410 2 2 8 7 1428 1286 1776
3411 2 2 8 7 1428 483 1286
3412 2 2 8 7 1776 1286 366
3413 2 2 8 7 211 1426 985
3414 2 2 8 7 1426 1288 985
3415 2 2 8 7 1426 484 1288
3416 2 2 8 7 985 1288 367
3417 2 2 8 7 212 1429 1798
3418 2 2 8 7 1429 1287 1798
3419 2 2 8 7 1429 485 1287
3420 2 2 8 7 1798 1287 368
3421 2 2 8 7 213 994 1431
3422 2 2 8 7 994 1290 1431
3423 2 2 8 7 994 369 1290
3424 2 2 8 7 1431 1290 486
3425 2 2 8 7 214 1799 1430
3426 2 2 8 7 1799 1291 1430
3427 2 2 8 7 1799 371 1291
3428 2 2 8 7 1430 1291 488
3429 2 2 8 7 215 1777 1432
3430 2 2 8 7 1777 1289 1432
3431 2 2 8 7 1777 370 1289
3432 2 2 8 7 1432 1289 487
3433 2 2 8 7 249 1096 1786
3434 2 2 8 7 1096 1414 1786
3435 2 2 8 7 1096 372 1414
3436 2 2 8 7 1786 1414 526
3437 2 2 8 7 207 1472 1750
3438 2 2 8 7 1472 1708 1750
3439 2 2 8 7 1472 455 1708
3440 2 2 8 7 1750 1708 391
3441 2 2 8 7 208 1753 1449
3442 2 2 8 7 1753 1709 1449
3443 2 2 8 7 1753 392 1709
3444 2 2 8 7 1449 1709 454
3445 2 2 8 7 223 1500 1381
3446 2 2 8 7 1500 1422 1381
3447 2 2 8 7 1500 349 1422
3448 2 2 8 7 1381 1422 518
3449 2 2 8 7 268 1313 1328
3450 2 2 8 7 1313 1741 1328
3451 2 2 8 7 1313 363 1741
3452 2 2 8 7 1328 1741 528
3453 2 2 8 7 270 1578 1314
3454 2 2 8 7 1578 1742 1314
3455 2 2 8 7 1578 529 1742
3456 2 2 8 7 1314 1742 364
3457 2 2 8 7 235 1655 1801
3458 2 2 8 7 1655 1800 1801
3459 2 2 8 7 1655 531 1800
3460 2 2 8 7 1801 1800 395
3461 2 2 8 7 162 1802 1092
3462 2 2 8 7 1802 1800 1092
3463 2 2 8 7 1802 395 1800
3464 2 2 8 7 1092 1800 531
3465 2 2 8 7 185 1298 1738
3466 2 2 8 7 1298 1803 1738
3467 2 2 8 7 1298 382 1803
3468 2 2 8 7 1738 1803 494
3469 2 2 8 7 221 1748 1795
3470 2 2 8 7 1748 1803 1795
3471 2 2 8 7 1748 494 1803
3472 2 2 8 7 1795 1803 382
3473 2 2 8 7 153 1452 1635
3474 2 2 8 7 1452 1804 1635
3475 2 2 8 7 1452 466 1804
3476 2 2 8 7 1635 1804 474
3477 2 2 8 7 229 800 1589
3478 2 2 8 7 800 1804 1589
3479 2 2 8 7 800 474 1804
3480 2 2 8 7 1589 1804 466
3481 2 2 8 7 307 1669 1729
3482 2 2 8 7 1669 1805 1729
3483 2 2 8 7 1669 435 1805
3484 2 2 8 7 1729 1805 532
3485 2 2 8 7 185 1806 1543
3486 2 2 8 7 1806 1805 1543
3487 2 2 8 7 1806 532 1805
3488 2 2 8 7 1543 1805 435
3489 2 2 8 7 184 1415 1762
3490 2 2 8 7 1415 1549 1762
3491 2 2 8 7 1415 372 1549
3492 2 2 8 7 1762 1549 499
3493 2 2 8 7 154 1408 1772
3494 2 2 8 7 1408 1807 1772
3495 2 2 8 7 1408 438 1807
3496 2 2 8 7 1772 1807 498
3497 2 2 8 7 221 1808 1141
3498 2 2 8 7 1808 1794 1141
3499 2 2 8 7 1808 495 1794
3500 2 2 8 7 1141 1794 386
3501 2 2 8 7 183 1766 1744
3502 2 2 8 7 1766 1516 1744
3503 2 2 8 7 1766 508 1516
3504 2 2 8 7 1744 1516 365
3505 2 2 8 7 133 1050 1809
3506 2 2 8 7 1050 1609 1809
3507 2 2 8 7 1050 362 1609
3508 2 2 8 7 1809 1609 519
3509 2 2 8 7 289 1493 1546
3510 2 2 8 7 1493 1663 1546
3511 2 2 8 7 1493 387 1663
3512 2 2 8 7 1546 1663 514
3513 2 2 8 7 214 1779 1799
3514 2 2 8 7 1779 1773 1799
3515 2 2 8 7 1779 530 1773
3516 2 2 8 7 1799 1773 371
3517 2 2 8 7 212 1798 1780
3518 2 2 8 7 1798 1774 1780
3519 2 2 8 7 1798 368 1774
3520 2 2 8 7 1780 1774 534
3521 2 2 8 7 153 1525 1755
3522 2 2 8 7 1525 1787 1755
3523 2 2 8 7 1525 411 1787
3524 2 2 8 7 1755 1787 497
3525 2 2 8 7 161 1162 759
3526 2 2 8 7 1162 1792 759
3527 2 2 8 7 1162 512 1792
3528 2 2 8 7 759 1792 393
3529 2 2 8 7 162 1167 1802
3530 2 2 8 7 1167 1793 1802
3531 2 2 8 7 1167 510 1793
3532 2 2 8 7 1802 1793 395
3533 2 2 8 7 160 1160 753
3534 2 2 8 7 1160 1790 753
3535 2 2 8 7 1160 513 1790
3536 2 2 8 7 753 1790 396
3537 2 2 8 7 159 1164 756
3538 2 2 8 7 1164 1791 756
3539 2 2 8 7 1164 511 1791
3540 2 2 8 7 756 1791 394
3541 2 2 8 7 138 1785 1492
3542 2 2 8 7 1785 1454 1492
3543 2 2 8 7 1785 526 1454
3544 2 2 8 7 1492 1454 387
3545 2 2 8 7 232 754 1237
3546 2 2 8 7 754 1630 1237
3547 2 2 8 7 754 396 1630
3548 2 2 8 7 1237 1630 522
3549 2 2 8 7 234 760 1211
3550 2 2 8 7 760 1624 1211
3551 2 2 8 7 760 393 1624
3552 2 2 8 7 1211 1624 524
3553 2 2 8 7 235 1801 1240
3554 2 2 8 7 1801 1621 1240
3555 2 2 8 7 1801 395 1621
3556 2 2 8 7 1240 1621 525
3557 2 2 8 7 233 757 1234
3558 2 2 8 7 757 1627 1234
3559 2 2 8 7 757 394 1627
3560 2 2 8 7 1234 1627 523
3561 2 2 8 7 225 1730 1541
3562 2 2 8 7 1730 1810 1541
3563 2 2 8 7 1730 532 1810
3564 2 2 8 7 1541 1810 389
3565 2 2 8 7 185 1739 1806
3566 2 2 8 7 1739 1810 1806
3567 2 2 8 7 1739 389 1810
3568 2 2 8 7 1806 1810 532
3569 2 2 8 7 131 1329 609
3570 2 2 8 7 1329 1751 609
3571 2 2 8 7 1329 528 1751
3572 2 2 8 7 609 1751 391
3573 2 2 8 7 132 604 1599
3574 2 2 8 7 604 1752 1599
3575 2 2 8 7 604 392 1752
3576 2 2 8 7 1599 1752 529
3577 2 2 8 7 222 1757 1788
3578 2 2 8 7 1757 1807 1788
3579 2 2 8 7 1757 498 1807
3580 2 2 8 7 1788 1807 438
3581 2 2 8 7 224 1189 1769
3582 2 2 8 7 1189 1588 1769
3583 2 2 8 7 1189 499 1588
3584 2 2 8 7 1769 1588 517
3585 2 2 8 7 192 1439 1768
3586 2 2 8 7 1439 1618 1768
3587 2 2 8 7 1439 521 1618
3588 2 2 8 7 1768 1618 417
3589 2 2 8 7 133 1809 1632
3590 2 2 8 7 1809 1811 1632
3591 2 2 8 7 1809 519 1811
3592 2 2 8 7 1632 1811 496
3593 2 2 8 7 240 1718 1812
3594 2 2 8 7 1718 1811 1812
3595 2 2 8 7 1718 496 1811
3596 2 2 8 7 1812 1811 519
3597 2 2 8 7 240 1812 1168
3598 2 2 8 7 1812 1645 1168
3599 2 2 8 7 1812 519 1645
3600 2 2 8 7 1168 1645 458
3601 2 2 8 7 221 1797 1808
3602 2 2 8 7 1797 1813 1808
3603 2 2 8 7 1797 480 1813
3604 2 2 8 7 1808 1813 495
3605 2 2 8 7 250 1719 545
3606 2 2 8 7 1719 1813 545
3607 2 2 8 7 1719 495 1813
3608 2 2 8 7 545 1813 480
3609 2 2 8 7 163 1672 1043
3610 2 2 8 7 1672 1637 1043
3611 2 2 8 7 1672 525 1637
3612 2 2 8 7 1043 1637 492
3613 2 2 8 7 165 1671 1037
3614 2 2 8 7 1671 1643 1037
3615 2 2 8 7 1671 522 1643
3616 2 2 8 7 1037 1643 489
3617 2 2 8 7 164 1670 1034
3618 2 2 8 7 1670 1641 1034
3619 2 2 8 7 1670 523 1641
3620 2 2 8 7 1034 1641 490
3621 2 2 8 7 166 1158 1040
3622 2 2 8 7 1158 1639 1040
3623 2 2 8 7 1158 524 1639
3624 2 2 8 7 1040 1639 491
$EndElements
