$MeshFormat
2.2 0 8
$EndMeshFormat
$Nodes
3022
1 0.02012 0.02225 0
2 0.009209999999999999 0.02855 0
3 0.02855 0.009209999999999999 0
4 0.02225 0.02012 0
5 -0.02225 0.02012 0
6 -0.02855 0.009209999999999999 0
7 -0.009209999999999999 0.02855 0
8 -0.02012 0.02225 0
9 -0.02012 -0.02225 0
10 -0.009209999999999999 -0.02855 0
11 -0.02855 -0.009209999999999999 0
12 -0.02225 -0.02012 0
13 0.02225 -0.02012 0
14 0.02855 -0.009209999999999999 0
15 0.009209999999999999 -0.02855 0
16 0.02012 -0.02225 0
17 0.02817470507302674 0.0103010967400545 0
18 0.02775772889542463 0.01137695418678076 0
19 0.02729968833571138 0.01243598073225526 0
20 0.02680126101245595 0.01347660966794723 0
21 0.02626318429182371 0.01449730150247638 0
22 0.02568625419671852 0.01549654623913214 0
23 0.02507132422916954 0.01647286560971881 0
24 0.02441930410766742 0.0174248152614958 0
25 0.02373115842133112 0.01835098689394347 0
26 0.02300790520292232 0.01925001034216189 0
27 0.02156391229411115 0.02085364684106552 0
28 0.02085364684106761 0.02156391229410913 0
29 0.01924947877730694 0.02300726986850047 0
30 0.01835048015450108 0.02373050311517356 0
31 0.01742433409712532 0.02441862979922821 0
32 0.01647241073224161 0.02507063191601542 0
33 0.01549611832149206 0.02568554490304456 0
34 0.01449690117772381 0.02626245906695163 0
35 0.01347623752830898 0.02680052092927667 0
36 0.01243563732827404 0.02729893448909018 0
37 0.01137664002648806 0.02775696240058897 0
38 0.01030081228820547 0.02817392706392127 0
39 0.008014492648206624 0.02890838126896492 0
40 0.006805113082244201 0.029216725277448 0
41 0.00558395460646407 0.02947449831554303 0
42 0.004353130913232968 0.02968125420618636 0
43 0.003114772424352623 0.02983663507744284 0
44 0.001871022603536048 0.02994037198194199 0
45 0.0006240342463061221 0.02999228536239673 0
46 -0.000624034246266841 0.02999228536239755 0
47 -0.001871022603504567 0.02994037198194396 0
48 -0.003114772424325099 0.02983663507744571 0
49 -0.004353130913214723 0.02968125420618904 0
50 -0.005583954606453412 0.02947449831554505 0
51 -0.006805113082238416 0.02921672527744935 0
52 -0.008014492648205135 0.02890838126896534 0
53 -0.0103010967400545 0.02817470507302674 0
54 -0.01137695418678076 0.02775772889542463 0
55 -0.01243598073225526 0.02729968833571138 0
56 -0.01347660966794723 0.02680126101245595 0
57 -0.01449730150247638 0.02626318429182371 0
58 -0.01549654623913214 0.02568625419671852 0
59 -0.01647286560971881 0.02507132422916954 0
60 -0.0174248152614958 0.02441930410766742 0
61 -0.01835098689394347 0.02373115842133112 0
62 -0.01925001034216189 0.02300790520292232 0
63 -0.02085364684106552 0.02156391229411115 0
64 -0.02156391229410913 0.02085364684106761 0
65 -0.02300726986850047 0.01924947877730694 0
66 -0.02373050311517356 0.01835048015450108 0
67 -0.02441862979922821 0.01742433409712532 0
68 -0.02507063191601542 0.01647241073224161 0
69 -0.02568554490304456 0.01549611832149206 0
70 -0.02626245906695163 0.01449690117772381 0
71 -0.02680052092927667 0.01347623752830898 0
72 -0.02729893448909018 0.01243563732827404 0
73 -0.02775696240058897 0.01137664002648806 0
74 -0.02817392706392127 0.01030081228820547 0
75 -0.02890838126896492 0.008014492648206624 0
76 -0.029216725277448 0.006805113082244201 0
77 -0.02947449831554303 0.00558395460646407 0
78 -0.02968125420618636 0.004353130913232968 0
79 -0.02983663507744284 0.003114772424352623 0
80 -0.02994037198194199 0.001871022603536048 0
81 -0.02999228536239673 0.0006240342463061221 0
82 -0.02999228536239755 -0.000624034246266841 0
83 -0.02994037198194396 -0.001871022603504567 0
84 -0.02983663507744571 -0.003114772424325099 0
85 -0.02968125420618904 -0.004353130913214723 0
86 -0.02947449831554505 -0.005583954606453412 0
87 -0.02921672527744935 -0.006805113082238416 0
88 -0.02890838126896534 -0.008014492648205135 0
89 -0.02817470507302674 -0.0103010967400545 0
90 -0.02775772889542463 -0.01137695418678076 0
91 -0.02729968833571138 -0.01243598073225526 0
92 -0.02680126101245595 -0.01347660966794723 0
93 -0.02626318429182371 -0.01449730150247638 0
94 -0.02568625419671852 -0.01549654623913214 0
95 -0.02507132422916954 -0.01647286560971881 0
96 -0.02441930410766742 -0.0174248152614958 0
97 -0.02373115842133112 -0.01835098689394347 0
98 -0.02300790520292232 -0.01925001034216189 0
99 -0.02156391229411115 -0.02085364684106552 0
100 -0.02085364684106761 -0.02156391229410913 0
101 -0.01924947877730694 -0.02300726986850047 0
102 -0.01835048015450108 -0.02373050311517356 0
103 -0.01742433409712532 -0.02441862979922821 0
104 -0.01647241073224161 -0.02507063191601542 0
105 -0.01549611832149206 -0.02568554490304456 0
106 -0.01449690117772381 -0.02626245906695163 0
107 -0.01347623752830898 -0.02680052092927667 0
108 -0.01243563732827404 -0.02729893448909018 0
109 -0.01137664002648806 -0.02775696240058897 0
110 -0.01030081228820547 -0.02817392706392127 0
111 -0.008014492648206624 -0.02890838126896492 0
112 -0.006805113082244201 -0.029216725277448 0
113 -0.00558395460646407 -0.02947449831554303 0
114 -0.004353130913232968 -0.02968125420618636 0
115 -0.003114772424352623 -0.02983663507744284 0
116 -0.001871022603536048 -0.02994037198194199 0
117 -0.0006240342463061221 -0.02999228536239673 0
118 0.000624034246266841 -0.02999228536239755 0
119 0.001871022603504567 -0.02994037198194396 0
120 0.003114772424325099 -0.02983663507744571 0
121 0.004353130913214723 -0.02968125420618904 0
122 0.005583954606453412 -0.02947449831554505 0
123 0.006805113082238416 -0.02921672527744935 0
124 0.008014492648205135 -0.02890838126896534 0
125 0.0103010967400545 -0.02817470507302674 0
126 0.01137695418678076 -0.02775772889542463 0
127 0.01243598073225526 -0.02729968833571138 0
128 0.01347660966794723 -0.02680126101245595 0
129 0.01449730150247638 -0.02626318429182371 0
130 0.01549654623913214 -0.02568625419671852 0
131 0.01647286560971881 -0.02507132422916954 0
132 0.0174248152614958 -0.02441930410766742 0
133 0.01835098689394347 -0.02373115842133112 0
134 0.01925001034216189 -0.02300790520292232 0
135 0.02085364684106552 -0.02156391229411115 0
136 0.02156391229410913 -0.02085364684106761 0
137 0.02300726986850047 -0.01924947877730694 0
138 0.02373050311517356 -0.01835048015450108 0
139 0.02441862979922821 -0.01742433409712532 0
140 0.02507063191601542 -0.01647241073224161 0
141 0.02568554490304456 -0.01549611832149206 0
142 0.02626245906695163 -0.01449690117772381 0
143 0.02680052092927667 -0.01347623752830898 0
144 0.02729893448909018 -0.01243563732827404 0
145 0.02775696240058897 -0.01137664002648806 0
146 0.02817392706392127 -0.01030081228820547 0
147 0.02890838126896492 -0.008014492648206624 0
148 0.029216725277448 -0.006805113082244201 0
149 0.02947449831554303 -0.00558395460646407 0
150 0.02968125420618636 -0.004353130913232968 0
151 0.02983663507744284 -0.003114772424352623 0
152 0.02994037198194199 -0.001871022603536048 0
153 0.02999228536239673 -0.0006240342463061221 0
154 0.02999228536239755 0.000624034246266841 0
155 0.02994037198194396 0.001871022603504567 0
156 0.02983663507744571 0.003114772424325099 0
157 0.02968125420618904 0.004353130913214723 0
158 0.02947449831554505 0.005583954606453412 0
159 0.02921672527744935 0.006805113082238416 0
160 0.02890838126896534 0.008014492648205135 0
161 2.887138838749343e-15 2.810815108808422e-15 0
162 -0.01045915294575381 -0.01053994777057896 0
163 -0.01047127408628976 0.01040743885855663 0
164 0.01053811018700913 -0.0105653684592948 0
165 0.01075926156251565 0.01061619570384497 0
166 6.063290832520295e-05 0.01732621837289567 0
167 0.01745622853891421 1.886368387190484e-05 0
168 -0.01743361822157496 -7.278741708040252e-05 0
169 -0.0001846475973911805 -0.0175359704372576 0
170 -0.008826097575848907 -0.001667278060635505 0
171 -0.001749536722223 -0.008679841268457382 0
172 -0.001903506951767462 0.008703856111396837 0
173 0.008607579381590106 -0.002053570285704033 0
174 -0.01926542884268865 -0.008674500064751303 0
175 -0.008631160470185299 0.01920624799420724 0
176 0.008674500064751185 -0.01926542884268924 0
177 0.01930826887717594 0.008646980557391068 0
178 -0.00867423635874286 -0.01926501750713306 0
179 0.01920590298705393 -0.008630871835024059 0
180 -0.01926501750713364 0.00867423635874276 0
181 0.008646245541747455 0.01929068408873885 0
182 -0.01591401954188833 -0.01591401954188678 0
183 -0.01591401954188749 0.01591401954188904 0
184 0.0159140195418875 -0.01591401954188906 0
185 0.01591401954188976 0.01591401954188821 0
186 0.005816772363347429 0.004974754600143965 0
187 0.004704514124230935 -0.007338224579369571 0
188 -0.007484667841128888 0.004686643675630562 0
189 0.004185507796439582 0.01194197646634902 0
190 0.01216812426151636 0.00399324964095889 0
191 -0.01359652319149937 0.005053817764685159 0
192 0.005053829882486577 -0.01359652564283994 0
193 -0.003289157577746482 -0.02310973250797142 0
194 0.003306029623810978 -0.02317713469860855 0
195 0.02310973250797135 -0.003289157577745647 0
196 0.02313779806968197 0.003309027065666584 0
197 -0.02320695305484675 0.00317616891585082 0
198 -0.02321861917214651 -0.003313496328206295 0
199 0.003451262251388073 0.02326016329431713 0
200 -0.003313496328205743 0.02321861917214531 0
201 -0.01380066146623821 -0.005432733964598098 0
202 -0.005442368454768722 0.01396269756995886 0
203 -0.005432766309144567 -0.01380030727017084 0
204 0.0139721405141676 -0.005434146851028785 0
205 -0.00690792863294144 -0.006960099890474273 0
206 -0.01370833690166429 0.0206443313073313 0
207 -0.02064433130733108 -0.01370833690166469 0
208 0.0206443313073315 0.01370833690166416 0
209 0.01370833690166457 -0.02064433130733128 0
210 0.02064230087906982 -0.01365259861790643 0
211 -0.01365259861790661 -0.0206423008790698 0
212 0.01365259861790651 0.02064230087906988 0
213 -0.02064230087906985 0.01365259861790669 0
214 -0.0152911894016941 -0.0112301932033547 0
215 -0.01119439367411544 0.01530122848127762 0
216 0.01123056627243033 -0.01521596235579572 0
217 0.01518685293233205 0.01122420264767636 0
218 -0.01123028391196037 -0.01529109869308882 0
219 0.01506394906945438 -0.01111430941875832 0
220 -0.01529109869309016 0.01123028391196114 0
221 0.0110919317773593 0.01519144099263192 0
222 -0.004009109557278152 -0.003009747105441877 0
223 0.0007086699891417738 0.005198626774354504 0
224 0.004634193124899469 0.01665216419772046 0
225 0.0006339479562887619 -0.004707170823577545 0
226 0.0004397987594200919 -0.01276375086215371 0
227 -0.01274485093039249 0.0004700002770959397 0
228 0.01703405100239088 0.004688274754531383 0
229 -0.02407991119616909 -0.007921760630969853 0
230 -0.007921760630968892 0.02407991119616956 0
231 0.007903232750525624 -0.02398888315230383 0
232 0.02396294405352688 0.00798467111176048 0
233 0.004574046027240227 0.0003439345041432762 0
234 -0.007922004534754399 -0.02407960493214815 0
235 0.02407960493214858 -0.00792200453475349 0
236 -0.02398913857191899 0.007903456069691225 0
237 0.007984696804603749 0.02396275404480571 0
238 -0.006540920479389777 0.009096820211453272 0
239 0.009067024166787346 -0.006228154183743457 0
240 0.0128332369561418 -0.0003624082942691098 0
241 -0.0003886419949320833 0.01271034102499871 0
242 0.004401168014702597 -0.01803810921958939 0
243 -0.01803791262507705 0.004401022008981625 0
244 -0.004243439644948874 0.001478638553289928 0
245 -0.01812157981596435 -0.00460126785510648 0
246 -0.004655384717508679 0.01829259735452893 0
247 -0.004601064085004976 -0.01812092155706692 0
248 0.01829201944464974 -0.004650852565549885 0
249 0.006822557935886979 0.008802269728387636 0
250 -0.01915245702236391 -0.01791088649891007 0
251 -0.01791088649891041 0.01915245702236427 0
252 0.01791088649891042 -0.01915245702236428 0
253 0.01915245702236463 0.01791088649891075 0
254 0.00773683601712705 0.01343727572817138 0
255 0.008935451704436338 0.002473244803295091 0
256 0.003070538102736044 0.008089432181065649 0
257 0.0133067939736984 0.008048843932678389 0
258 -0.02579580373377911 -2.751856863840932e-06 0
259 2.751856863434689e-06 -0.02579580373377918 0
260 -2.751856864700489e-06 0.02579580373377909 0
261 0.02579580373377916 2.751856864298914e-06 0
262 0.005133527445877673 -0.003505911476022287 0
263 0.006799200741828681 -0.01043599303800175 0
264 -0.01042495328158453 0.006804133152404451 0
265 -0.00363240565393912 0.005254411010385386 0
266 -0.01064180066532486 -0.006886940321636289 0
267 -0.006877374551244542 -0.01064439500244417 0
268 0.009125874975714895 0.006095483045879769 0
269 -9.983895430296751e-07 -0.02122878510897354 0
270 -0.02122878510897355 9.983895429822264e-07 0
271 0.02112474001096435 -4.713282230085572e-06 0
272 0.0001259248944546621 0.02144667691336474 0
273 -0.0093330690165579 0.001755531099908053 0
274 0.001669520220219426 -0.009322758667996055 0
275 0.02366223586733419 0.01166789179850643 0
276 -0.01191953755173954 0.02374740587031638 0
277 0.01191953755173989 -0.02374740587031627 0
278 -0.02374740587031606 -0.01191953755174017 0
279 0.01166751810000615 0.02366162924957465 0
280 0.02374673650491095 -0.01191819829822396 0
281 -0.02374673650491084 0.01191819829822441 0
282 -0.01191819829822476 -0.02374673650491065 0
283 0.007772680316891427 -0.01587664263130152 0
284 -0.0158762462717639 0.007772845909898038 0
285 0.005381900075003282 0.01999527970288401 0
286 0.02031799316087788 0.005453033652156911 0
287 -0.008656654327852297 0.01320818620246902 0
288 0.01329364122442436 -0.008682620801412839 0
289 0.01709237609150287 0.02055423703903059 0
290 0.02055423703903052 -0.01709237609150293 0
291 -0.0205542370390305 0.0170923760915031 0
292 -0.01709237609150314 -0.02055423703903043 0
293 -0.01606075673994234 -0.007980328541695718 0
294 -0.007980425431978289 -0.01606033280105556 0
295 -0.002079654969385908 -0.01464192252608511 0
296 -0.01464200792020641 -0.002079585422952835 0
297 -0.005257199672935886 0.02612819524418483 0
298 0.02611741990373577 0.005332473864292937 0
299 -0.02612819524418544 -0.00525719967293769 0
300 0.005208814893869136 -0.02603246758175594 0
301 0.005776845616357275 -0.02105176901720776 0
302 -0.005061021528922589 -0.02589422632436475 0
303 0.02589422632436487 -0.005061021528921542 0
304 -0.02605712280280133 0.005177196956767654 0
305 0.005094817387413958 0.02602625069740516 0
306 -0.02105396594864638 0.005776095973101691 0
307 -0.02116494773194594 -0.005941416690876206 0
308 -0.005975046528196442 0.02117845068284007 0
309 -0.005940571292029169 -0.02116681270582526 0
310 0.02118074986474748 -0.00597416759165546 0
311 -0.01757887503843455 -0.0133093124974597 0
312 -0.01330931249746078 0.01757887503843502 0
313 0.01330931249746081 -0.01757887503843503 0
314 0.01757887503843551 0.01330931249746189 0
315 -0.01339063336712852 -0.01741370171393594 0
316 -0.01741443093174724 0.01339168444820718 0
317 0.01741443093174721 -0.01339168444820719 0
318 0.01323125301632395 0.01765093553420675 0
319 -0.007786394004856088 0.01630974134639386 0
320 0.01630950602655541 -0.007786217759373661 0
321 -0.01185991678320036 -0.002743059745921638 0
322 -0.003093653210025948 -0.01182967787586096 0
323 0.01530313697892042 -0.002406456722269953 0
324 0.01482544362039492 0.002265403847604402 0
325 -0.003771062042858394 -0.006128698333931695 0
326 -0.01529053627336729 0.002360615762614704 0
327 0.002360615762613196 -0.01529053627336753 0
328 -0.00371938962771532 0.01116753969983326 0
329 0.002280911705698948 0.01462781387860327 0
330 0.01116438455474282 -0.003878682178980865 0
331 -0.002446963829741079 0.01536592056940852 0
332 0.008537682884708112 -0.01296775759003341 0
333 -0.01298239345127556 0.008653538721974141 0
334 -0.01307056207048396 -0.008746233566943165 0
335 -0.008786765328491354 -0.01317549490735368 0
336 0.0138105013552625 0.01381041064665698 0
337 0.01381041064665652 -0.01381050135526192 0
338 -0.01381041064665638 0.01381050135526202 0
339 -0.01384711792543061 -0.01382097330786485 0
340 0.002379313278118432 -0.001914402722452999 0
341 0.01639335446909739 0.007654159295717955 0
342 0.007689810068966096 0.01647299941399626 0
343 0.01934950999844058 0.002550490822266114 0
344 -0.001408712458445445 0.002692720650501565 0
345 0.003281743484363892 0.003163751717560056 0
346 0.0007076496728759662 0.01015426962606871 0
347 0.00234602141937622 0.01931763581579259 0
348 -0.01641602756016134 0.02160664314625134 0
349 0.02160664314625144 0.01641602756016125 0
350 -0.02160664314625124 -0.0164160275601616 0
351 0.0164160275601615 -0.02160664314625133 0
352 0.00418825840498258 -0.01087360801661885 0
353 -0.01088849499422358 0.003812156423705614 0
354 -0.005963305659727631 -0.0008451595297140318 0
355 -0.006645023488052686 -0.003962339575105757 0
356 -0.004774118869017902 -0.008821223861995358 0
357 -0.02093733413618656 -0.01092229805474668 0
358 -0.01092229805474635 0.02093733413618675 0
359 0.01092229805474669 -0.02093733413618674 0
360 0.02093733413618691 0.01092229805474638 0
361 -0.01092192755460027 -0.02093690873634052 0
362 0.0209369087363407 -0.01092192755459995 0
363 -0.02093690873634069 0.0109219275546003 0
364 0.01092192755459998 0.02093690873634088 0
365 -0.001052813932927527 -0.002737773974457543 0
366 0.002699712139116678 -0.02040801233810514 0
367 -0.02039629192398775 0.002706031529861684 0
368 -0.009269717650242003 -0.004567781905176318 0
369 -0.02330103939037938 -0.01425613577603902 0
370 -0.0142561357760388 0.02330103939037955 0
371 0.01425613577603902 -0.0233010393903795 0
372 0.02330103939037966 0.0142561357760388 0
373 -0.00856812202893107 -0.008703857238492679 0
374 -0.02020675018752192 -0.002573982327058922 0
375 -0.002767653478713317 0.02042871845858896 0
376 0.02312277175870208 -0.0141866018940255 0
377 0.01418660189402523 0.02312277175870223 0
378 -0.01418660189402613 -0.02312277175870182 0
379 -0.02312277175870198 0.01418660189402586 0
380 -0.002602739642025627 -0.02043478850527462 0
381 0.02041347849304767 -0.002748999480835549 0
382 0.000366656121443212 0.007144451222714832 0
383 0.01079257360763517 0.008047383344539248 0
384 0.01136995082325309 0.001768329096618193 0
385 0.002483202156682472 -0.02697954654974448 0
386 -0.02698310101135582 -0.002483359943872991 0
387 0.02697879759807317 0.002483212136288422 0
388 -0.002483359943872396 0.02698310101135658 0
389 -0.02704720388112248 0.002552782643735302 0
390 -0.002552782643735714 -0.02704720388112244 0
391 0.002552782643734265 0.02704720388112273 0
392 0.02704720388112268 -0.002552782643734694 0
393 -0.006488285090317237 0.0116399378349561 0
394 0.01163982497175091 -0.006488585741450691 0
395 -0.006803766244628339 0.00215077845211203 0
396 0.01458880319468379 0.005582298076158037 0
397 -0.01575576357453327 -0.01871361135147048 0
398 -0.01871361135147067 0.01575576357453387 0
399 0.01871361135147064 -0.01575576357453388 0
400 0.01575576357453447 0.01871361135147085 0
401 0.006569874653738258 -0.005583505945666855 0
402 0.01076611751927228 0.01780153587411481 0
403 0.01788136186759204 -0.01081044535773643 0
404 -0.0178288455089919 0.01065254156900329 0
405 -0.01066418633511503 -0.01771904155494992 0
406 0.01773127423735479 0.01067587315708051 0
407 -0.01081044348664783 0.01788152676511315 0
408 0.01065256585532174 -0.01782898355166456 0
409 -0.01771920895258564 -0.01066422977952088 0
410 -0.01839730651202044 -0.01550429508484218 0
411 -0.01550429508484281 0.0183973065120209 0
412 0.01550429508484285 -0.01839730651202088 0
413 0.01839730651202134 0.01550429508484346 0
414 0.005300936343871578 0.01418183089909782 0
415 0.003200987414179428 -0.005185604573021273 0
416 0.01018723891592461 0.01304652912857122 0
417 -0.005701076199271656 0.006645505947881579 0
418 -0.008781964661332888 0.008593711575529054 0
419 0.008845489132357935 -0.008852756064255856 0
420 0.0001924579125284298 -0.007226793803701823 0
421 -0.01286496232611681 -0.01155283815957923 0
422 -0.01161401713672589 0.01287776187852913 0
423 0.01161675930400143 -0.01287077712510214 0
424 0.01286496232612003 0.01155283815957991 0
425 -0.002795157247979543 -0.0005941119555142047 0
426 0.006013267429980099 0.002507389302623539 0
427 0.003204640777195671 0.005627533601359369 0
428 0.00724465167400748 5.952431629991503e-05 0
429 -0.009952015804565824 0.02553131715004002 0
430 0.0257077897474917 0.01003356396940278 0
431 0.009952015804566346 -0.0255313171500398 0
432 -0.02553131715003951 -0.009952015804566613 0
433 0.02553053764166754 -0.00995222767802687 0
434 0.01003361620077846 0.02570711266374086 0
435 -0.009952227678027635 -0.02553053764166706 0
436 -0.02553053764166732 0.009952227678027418 0
437 0.008057906511525832 0.01107453385941343 0
438 0.00747480967417386 0.02151590958806703 0
439 0.02167672727217762 0.00763814266108412 0
440 0.01302573505279096 -0.01098172288399143 0
441 -0.01294436430075865 0.01095541523410014 0
442 0.001009140029951636 0.002242785852108976 0
443 0.005122436948860041 0.007275771824027129 0
444 -0.01097462292629051 -0.01311426541568377 0
445 -0.001757842380379589 -0.00500604660014678 0
446 -0.008678825923247216 0.02162078187843307 0
447 -0.02152887462621582 -0.008662385176516867 0
448 0.008678555612489746 -0.02150550757497215 0
449 0.02162049249249187 -0.008678520908027475 0
450 -0.008661905303249694 -0.02152874613136705 0
451 -0.02150571567922227 0.008677800114078696 0
452 -0.01313016210322641 0.002923336584951601 0
453 0.002923393215509043 -0.01313015988241497 0
454 -0.01918983857047314 -0.02008809802437775 0
455 0.02008809802437813 -0.01918983857047304 0
456 -0.02008809802437805 0.01918983857047311 0
457 0.01918983857047301 0.02008809802437843 0
458 0.02633568395453505 0.007976279892660094 0
459 -0.007848976569235069 0.02641507366919848 0
460 0.007985400604537129 -0.02636792304533703 0
461 -0.02641507366919781 -0.007848976569236034 0
462 -0.01048456899383991 -0.0002173419923254905 0
463 -0.0003733143164829327 -0.01055266993112425 0
464 -0.01780945705749731 -0.006814140784390098 0
465 -0.006814163485069186 -0.01780892735571131 0
466 0.007979120291798357 0.0263428850723519 0
467 0.02641407562545656 -0.007849854727212582 0
468 -0.0263671703055617 0.007986010057822518 0
469 -0.007849854727213515 -0.02641407562545608 0
470 0.004623117788476682 0.009726239429829239 0
471 0.02292496093283273 0.005866218604565834 0
472 -0.01602057700918823 0.00558706591784674 0
473 0.005586864853902042 -0.01602075112550602 0
474 -0.01798601096902505 0.0067557278424536 0
475 0.006755847526366252 -0.01798653539175475 0
476 0.006077584868771947 0.02307960206363485 0
477 0.01058474427638277 -0.0003834269573312588 0
478 0.02330166861736756 0.0006558460290744299 0
479 -0.0008817863086313964 0.02367467499924035 0
480 0.0007879583745986388 -0.02352979666387309 0
481 -0.02365961068789578 -0.0009737561394488183 0
482 0.002371963832228185 0.01675556543465148 0
483 -0.004238604931662272 0.00838281317657919 0
484 -0.001156674192624152 0.005971707552659244 0
485 -0.01598012064089683 -0.00413698347556141 0
486 -0.004137161521819573 -0.01597969091869524 0
487 0.005662120253785092 -0.02341195859577444 0
488 -0.02353018628324485 -0.005650411247988069 0
489 -0.005650411247987409 0.02353018628324403 0
490 0.008475899577809512 -0.004413287883969653 0
491 -0.02333155455423894 0.005638958959689922 0
492 -0.002739866149249947 0.0131116732126404 0
493 0.002237909617085164 0.0002415626137200969 0
494 0.01299679769918955 -0.00259919217017011 0
495 -0.005636173787856174 -0.02344874159536991 0
496 0.02344874159536982 -0.005636173787855208 0
497 -0.001802058719086988 0.01106569569958307 0
498 0.007794062125930221 0.004274325881433332 0
499 -0.002338345355420235 -0.01731995869518022 0
500 -0.01732040276932283 -0.002338323556966331 0
501 0.001686260163353497 0.01200091625316443 0
502 0.01809177625301043 0.006707196265542521 0
503 -0.006601272354898007 0.01817432896025988 0
504 0.01817394427530045 -0.006601380183111433 0
505 -0.005443670666909448 0.01627187624065303 0
506 0.01627215532462225 -0.005440831940593702 0
507 0.006882952923098406 -0.007800333952771133 0
508 0.01005211466005534 0.004098652216530278 0
509 0.006601790644774953 0.01836793803066297 0
510 0.0002732062344487269 0.01516431533839455 0
511 -0.008442050409669929 0.006825309228356429 0
512 0.01517078421092385 -1.407010016224591e-05 0
513 0.0001081956801891348 -0.01497024301829019 0
514 -0.01496933123181471 0.0001165558293561669 0
515 -0.005441562593158493 0.003819371992002857 0
516 0.002154639074614255 -0.0181592169714837 0
517 -0.01814759701297317 0.002107496551702981 0
518 0.00640210142567714 0.011917579553882 0
519 -0.002094780251835974 0.01832847959141728 0
520 0.01827990041590538 -0.002085109647803628 0
521 0.002506641816356279 -0.007310684121739974 0
522 -0.02134564856405145 -0.01831165255275169 0
523 -0.01831165255275141 0.02134564856405155 0
524 0.01831165255275152 -0.02134564856405151 0
525 0.02134564856405161 0.01831165255275125 0
526 -0.00841935212349444 0.01094934809432653 0
527 0.01087720758272535 -0.008429380686968434 0
528 0.01198278690837559 0.006373552782972931 0
529 0.0163348144878735 0.02254668829288471 0
530 0.02254668829288466 -0.01633481448787381 0
531 -0.02254668829288459 0.01633481448787412 0
532 -0.01633481448787444 -0.02254668829288454 0
533 0.01694946864202898 0.002140707634412357 0
534 0.009181072544324933 0.01470394704531661 0
535 0.008650864767754816 0.008909755390783092 0
536 -0.005260317835463915 -0.01188401835922468 0
537 -0.0118894970500328 -0.005279487709696524 0
538 -0.008027254891920693 0.0001912554611611662 0
539 0.007261085339991369 0.006943705550684541 0
540 0.01493709076440181 0.009108247597121354 0
541 0.02111278283576674 0.002243085252107883 0
542 0.02274014438729954 0.009760822818330159 0
543 0.009737888112012366 0.02273635789674526 0
544 0.006491612755664634 -0.001924590822977389 0
545 -0.01727423248498115 -0.01700432303406539 0
546 -0.01700432303406596 0.01727423248498166 0
547 0.01700432303406594 -0.01727423248498168 0
548 0.01727423248498219 0.01700432303406649 0
549 -0.01928502958989149 -0.01218243941800292 0
550 0.01218243941800436 -0.01928502958989135 0
551 -0.01218243941800435 0.01928502958989126 0
552 0.01928502958989112 0.01218243941800578 0
553 -0.01218266755618599 -0.01928477550687667 0
554 -0.01928477550687655 0.01218266755618738 0
555 0.01928477550687643 -0.01218266755618747 0
556 0.01218266755618887 0.01928477550687632 0
557 -0.02398554386779315 0.001170678626862095 0
558 -0.001279942162982235 -0.02398365261690213 0
559 0.001193599858916567 0.02385507849681738 0
560 0.02398365261690249 -0.001279942162981274 0
561 0.01220378631190845 0.009604986499327629 0
562 0.006633135901940045 -0.01238363270980552 0
563 -0.01238355207424889 0.006633090537241091 0
564 0.01517685853260578 -0.009214175119530543 0
565 -0.009013860463962072 0.0151653852492875 0
566 -0.000864841994407905 -0.01928397426448679 0
567 -0.01948260691153316 -0.0008177082635092738 0
568 -0.01562507092396583 -0.01391083629349188 0
569 0.01391083629349263 -0.01562507092396664 0
570 -0.0139108362934926 0.0156250709239667 0
571 0.0156250709239675 0.01391083629349336 0
572 -0.01372225894974332 -0.01574031088770633 0
573 -0.01574966173469137 0.01397477553938976 0
574 0.01574966173469145 -0.01397477553938984 0
575 0.01407582747481219 0.01572991361903076 0
576 0.00543359748222192 -0.009253209176352258 0
577 0.002683242874859334 0.01026708083705271 0
578 0.002165826594005794 0.02134568002875314 0
579 0.00432573969761121 -0.001600537092889647 0
580 0.009339118908385374 -0.01467166751410255 0
581 -0.01467677143047428 0.009088116980845377 0
582 -0.009371226064025864 0.00514580028476678 0
583 0.008757936303690024 -0.01085556160602667 0
584 -0.01100203096163681 0.008699894654480945 0
585 -0.003066107784171961 0.003303843792563624 0
586 -0.01133293052582553 -0.008579197590107883 0
587 -0.008625941914350937 -0.0110576603149917 0
588 0.002052970489354472 -0.01122430023983296 0
589 -0.01139059378279993 0.001985513770175975 0
590 -0.02799094517107729 -0.0007408295987600701 0
591 0.0007408295987596484 -0.02799094517107724 0
592 -0.0007408295987598023 0.02799094517107788 0
593 0.02799094517107783 0.0007408295987594099 0
594 -0.002394693469093793 0.02494679885447082 0
595 0.02489373035485806 0.00229263252975748 0
596 -0.02494679885447135 -0.002394693469094064 0
597 0.002391741048402739 -0.02494784366891857 0
598 -0.01305311585078073 -0.001485012424631046 0
599 -0.001402957865176024 -0.01297816353607124 0
600 0.01926737186018384 0.0005561327459346064 0
601 -0.006908777945116155 -0.01263463294199152 0
602 -0.01274546382913305 -0.006961190236246168 0
603 0.01194559643397009 0.01327482729972427 0
604 -0.008815515536715194 -0.006377088620536088 0
605 0.004199942849866287 0.01841437416149013 0
606 -0.01575380505849557 -0.006123133840316154 0
607 -0.006123224585489129 -0.01575336611055275 0
608 -0.009412435149170808 -0.01479190925052357 0
609 -0.01504569969888628 -0.009462107169900097 0
610 -0.0004283435262522752 0.01931836071610995 0
611 0.02485028966096672 0.01315812869342065 0
612 -0.01315812869342084 0.02485028966096668 0
613 0.01315812869342113 -0.02485028966096654 0
614 -0.02485028966096649 -0.01315812869342135 0
615 0.01315561269530042 0.02485206201170855 0
616 0.02485206201170827 -0.01315561269530081 0
617 -0.02485206201170804 0.01315561269530123 0
618 -0.01315561269530162 -0.02485206201170775 0
619 -0.01750134631182541 0.008842349882740979 0
620 0.008842287387603643 -0.01750175455724166 0
621 0.006845826971549483 -0.01424584648770875 0
622 -0.01424571896639921 0.006845750035922389 0
623 -0.002791306217200719 0.007024314444810071 0
624 0.02520742093699718 -0.003311189099557598 0
625 -0.003311189099558606 -0.025207420936997 0
626 0.003363177184976031 0.02517893785443761 0
627 -0.02519804034656561 0.003328759802557743 0
628 -0.02333794206538893 -0.009726950307598702 0
629 -0.009726950307598075 0.02333794206538953 0
630 0.009726950307598506 -0.0233379420653894 0
631 -0.009726809713755237 -0.02333738888755596 0
632 0.02333738888755655 -0.009726809713754579 0
633 -0.02333738888755639 0.009726809713755067 0
634 -0.006672959924038058 -0.008746869025666912 0
635 -0.001943154002309812 -0.006778916444971031 0
636 -0.005597059997407292 -0.005555286323008108 0
637 -0.007207476491958635 0.01432009202929423 0
638 0.01431992989332118 -0.007207485253066851 0
639 -0.01353192545056659 -0.003638429667107979 0
640 -0.003635464619779526 -0.0135353022909506 0
641 0.01749510561616933 -0.009060842386367271 0
642 -0.00906092552166244 0.01749541639486334 0
643 -0.00873049474095835 0.003368026187491384 0
644 0.01291877394559737 0.002464817755651248 0
645 -0.02199780739731166 0.001838455619370463 0
646 0.0219899935336198 0.01244143112178078 0
647 -0.01244143112178084 0.02198999353361954 0
648 0.01244143112178114 -0.02198999353361947 0
649 -0.02198999353361917 -0.01244143112178118 0
650 0.01244101391370622 0.02198945802195752 0
651 0.02198945802195724 -0.01244101391370624 0
652 -0.02198945802195715 0.01244101391370656 0
653 -0.0124410139137066 -0.02198945802195688 0
654 -0.02015143470472699 -0.01533969567993732 0
655 -0.0153396956799374 0.02015143470472734 0
656 0.02015143470472764 0.01533969567993762 0
657 0.01533969567993754 -0.0201514347047273 0
658 -0.001665205946318138 -0.02216229947368867 0
659 0.02212332700311494 -0.001690729230916839 0
660 -0.001580665155785516 0.0008339922448746982 0
661 0.0187487107112524 0.00444342963608515 0
662 -0.01777287206835908 -0.01894058860029729 0
663 0.0189405886002978 -0.01777287206835967 0
664 -0.01894058860029775 0.01777287206835968 0
665 0.01777287206836026 0.01894058860029825 0
666 0.0009676242584589311 -0.01962042185319297 0
667 -0.01962312945629653 0.0009692529078401528 0
668 -0.003279272874470363 -0.009924186066013158 0
669 0.008983964906947445 0.000390067900718162 0
670 0.003423481580476805 -0.008881447542422861 0
671 -0.008920767281235887 -0.01757613109680212 0
672 -0.01757653052459159 -0.008920723304671006 0
673 0.000765957696798497 -0.002882908871773622 0
674 -0.02013700727130752 -0.004456621484598692 0
675 -0.00438505200322135 0.02005543928825207 0
676 -0.004458930650818422 -0.02013572357397297 0
677 0.02005763956595186 -0.004386607505163224 0
678 0.009509053967791684 0.01657237809080185 0
679 -0.0100733017682205 0.01215898715777262 0
680 0.01754507850652177 0.008973713164813126 0
681 0.004252557939017472 -0.019872554329432 0
682 0.01125893129556593 -0.00216195786908185 0
683 0.01667333212586165 -0.003362022049025966 0
684 -0.01987288355005327 0.004254473715149656 0
685 0.01538733591866723 0.02013495739473825 0
686 0.02013495739473817 -0.01538733591866713 0
687 -0.0201349573947382 0.01538733591866732 0
688 -0.01538733591866721 -0.02013495739473813 0
689 0.009190943738808717 0.02100043504063716 0
690 -0.02775500176967012 -0.00434662772619498 0
691 0.004346627726194536 -0.02775500176967019 0
692 -0.004346627726194466 0.02775500176967036 0
693 0.02775500176967042 0.004346627726194016 0
694 -0.004345037180422604 -0.02775450059898508 0
695 -0.02775450059898512 0.004345037180422128 0
696 0.02775450059898518 -0.004345037180421537 0
697 0.004345037180421043 0.02775450059898523 0
698 0.00373275336435007 -0.01640300421528734 0
699 -0.01640273101865149 0.003732915860876795 0
700 0.001750600158344086 -0.02175361963108135 0
701 0.01526952894893368 0.004013393922766831 0
702 0.006896832755454446 0.01484907655903854 0
703 0.003937417985796594 0.02124049475700774 0
704 -0.00360208821731892 0.01677050432646091 0
705 -0.007400869762671611 -0.01433158890383077 0
706 -0.01435323288566942 -0.007530419361074741 0
707 -0.01972643209832437 -0.006973621861118447 0
708 -0.006972487046463032 -0.01972717013272639 0
709 0.003380470821084641 -0.003470219564512439 0
710 -0.0161320336562231 0.02338459642361046 0
711 0.02338459642361055 0.01613203365622302 0
712 -0.02338459642361026 -0.01613203365622335 0
713 0.01613203365622327 -0.02338459642361037 0
714 0.02155151330986221 0.004015013240437731 0
715 0.0217380726933757 -0.01822676582090821 0
716 -0.01822676582090851 -0.02173807269337542 0
717 0.01822676582090806 0.0217380726933759 0
718 -0.02173807269337562 0.01822676582090836 0
719 -0.006996890724059407 -0.002161415993413869 0
720 0.006827874040709612 -0.01967405881852636 0
721 0.02092530372631283 0.009185568211339881 0
722 -0.01967443463642653 0.006827252678096876 0
723 -0.01900104003600202 -0.01406871972555837 0
724 -0.01406871972555919 0.0190010400360024 0
725 0.01406871972555926 -0.01900104003600239 0
726 0.01900104003600278 0.0140687197255601 0
727 0.004984959362892697 -0.005445271159195717 0
728 0.004188006527774855 -0.02160162741448676 0
729 0.003655423108268989 0.01356956704186413 0
730 -0.02160245838727698 0.00418386502946901 0
731 -0.01017355068809178 0.01383939451443365 0
732 0.01013951138296494 -0.01210114158339592 0
733 -0.01002605677251915 -0.002993456849627836 0
734 0.00679926211862918 -0.003647657553383542 0
735 -0.01415161741636872 -0.01898424166973862 0
736 -0.01898424166973865 0.01415161741636951 0
737 0.01898424166973856 -0.0141516174163695 0
738 0.01415161741637028 0.01898424166973863 0
739 0.00703482588112752 -0.02231833282815383 0
740 -0.001628324622717639 0.02190877808551175 0
741 -0.02186052108460165 -0.001548006606248664 0
742 0.02476237031516884 0.00638878004341612 0
743 -0.007117075557777703 0.0224716653027956 0
744 -0.02247166530279563 -0.007117075557778685 0
745 -0.02232098656567287 0.007034071585324275 0
746 -0.005199406445873015 -0.007159407945294786 0
747 0.02247185611211135 -0.007117659810081301 0
748 -0.007117659810081986 -0.02247185611211131 0
749 0.02573970129843409 0.01171592626229732 0
750 -0.01164908689549832 0.02565588944010242 0
751 0.01164908689549884 -0.02565588944010231 0
752 -0.02565588944010216 -0.01164908689549912 0
753 -0.01164818170929492 -0.02565580020571 0
754 0.02565580020571036 -0.01164818170929406 0
755 -0.02565580020571019 0.01164818170929461 0
756 0.01171471648139522 0.02574047484783041 0
757 0.01398832961399331 -0.01219763841790818 0
758 -0.0139883296139932 0.01219763841790831 0
759 0.001940026638165015 0.00671772612734936 0
760 0.02432522339222484 0.0046714270312958 0
761 0.006422794965798101 0.02479710692583265 0
762 0.01969682844148141 -0.001114143135032663 0
763 -0.01212225492433668 -0.01016378351507694 0
764 -0.003375668937569194 -0.007766880437392252 0
765 -0.004498068065478817 -0.0001622493335552193 0
766 -1.254451270588835e-06 -0.008946245736669174 0
767 -0.007171677791860859 0.01999771033587494 0
768 0.01482826124444635 0.007160858700723156 0
769 0.02001682847710296 -0.007186460056064041 0
770 0.006525537434169082 -0.02490219764014095 0
771 -0.006229921663875283 0.02751282565976816 0
772 0.02767017522703955 0.006176191657041577 0
773 -0.02751282565976774 -0.00622992166387748 0
774 0.006229921663877046 -0.02751282565976794 0
775 -0.003440409573296024 -0.004483546536967253 0
776 -0.006587808859556889 0.0249857224326859 0
777 -0.02498572243268598 -0.006587808859558431 0
778 0.02751246015851299 -0.006233493831535663 0
779 -0.006233493831536913 -0.02751246015851262 0
780 0.006233493831535281 0.02751246015851316 0
781 -0.0275124601585128 0.006233493831536466 0
782 -0.01483251195353785 -0.01702725659997246 0
783 -0.01702707844619478 0.01483278338732863 0
784 0.01702707844619476 -0.0148327833873287 0
785 0.0148070032221999 0.01700092669984285 0
786 -0.01939487055043687 -0.01036440215265154 0
787 0.01035097613742906 -0.01934188537962117 0
788 -0.01035019989137689 0.0193943247587907 0
789 0.01941276456866615 0.01029375738583958 0
790 -0.01036410398179571 -0.01939456943555003 0
791 -0.01934159415618688 0.01035066169358388 0
792 0.0193940231550745 -0.01034987382586092 0
793 0.01032138629879343 0.01942635543848335 0
794 -0.02508522287532389 0.00650526517362545 0
795 0.01514513875764614 -0.004100284238760571 0
796 -0.006589585449270066 -0.02500378262708823 0
797 0.02500378262708842 -0.006589585449268904 0
798 -0.02823127530186345 0.001141761921435755 0
799 -0.00114176192143616 -0.02823127530186341 0
800 0.00114176192143547 0.02823127530186402 0
801 0.02823127530186396 -0.001141761921435868 0
802 0.004255084978428138 -0.02449888447042125 0
803 -0.01223357855735505 -0.01405095818382491 0
804 -0.005432330993305597 0.01039355184031292 0
805 0.01044282666280203 -0.005445136668725807 0
806 -0.005719694305989113 0.0008086148916033454 0
807 -0.02192266315896373 -0.004478301525662609 0
808 -0.004478301525661996 0.02192266315896267 0
809 -0.01677152837967226 -0.01199065586923541 0
810 -0.01196713844418 0.01676219608172434 0
811 0.01198385572085005 -0.01676404607606759 0
812 0.01677668607667495 0.011995343343414 0
813 -0.01197980382401043 -0.01675910152141459 0
814 0.0167487875755989 -0.01196198890800369 0
815 -0.01674959075304886 0.01197968155142177 0
816 0.0119529364850054 0.01672284281525109 0
817 -0.004192348789521881 0.02453769370220731 0
818 -0.02453769370220849 -0.004192348789522677 0
819 0.003641210516083212 0.01538498948534088 0
820 0.0166679606587454 -0.001499166578975464 0
821 0.01381224435298567 0.01032975099119899 0
822 -0.001080712095245897 -0.01610990826201177 0
823 -0.01610991971062282 -0.001080503883650756 0
824 -0.004091040827767833 0.01507586564489505 0
825 0.02192565288479234 -0.004477888491961277 0
826 -0.004477888491961994 -0.02192565288479242 0
827 0.0161794632433763 0.006038459338480407 0
828 -0.005126982352096092 0.01228462209713879 0
829 0.01235312059902984 -0.005027361174624413 0
830 -0.01498846994378113 -0.02170815848754572 0
831 0.02170815848754565 -0.01498846994378079 0
832 -0.02170815848754566 0.01498846994378105 0
833 0.01498846994378069 0.02170815848754559 0
834 0.01198819925012927 -0.009738346484050413 0
835 -0.001445044560782578 0.01665353370979195 0
836 0.003854220591232155 -0.01469266729659311 0
837 -0.01469256949075746 0.0038541950699268 0
838 0.001423562013218394 0.008551523319388438 0
839 -0.0005594914338354852 0.004043806236346289 0
840 0.00489626198899781 0.003569052471463787 0
841 -0.01703400867224151 -0.01487254526040527 0
842 0.014872545260406 -0.01703400867224211 0
843 -0.01487254526040599 0.01703400867224212 0
844 0.01703400867224272 0.0148725452604067 0
845 -0.0074701601499082 -0.005359659279428689 0
846 -0.0166627702554108 0.001461608969723833 0
847 0.001459701215967621 -0.01666064314189191 0
848 -0.0003614709086850908 0.008880717667903514 0
849 0.01991045557599453 0.007176177777443763 0
850 -0.00320466253667613 0.009688390374116382 0
851 0.01634861464843871 0.009988729518080315 0
852 -0.01617736363583739 -0.009748966993137195 0
853 -0.009971360167005335 -0.01626895859224797 0
854 0.009935946333723626 -0.01618658800484189 0
855 -0.01618624859704995 0.009935951562051371 0
856 0.009728121271106293 -0.003252999367653872 0
857 0.007189534393770216 0.01997489943824227 0
858 -0.002733043864293687 -0.019115174568236 0
859 -0.01909020801560005 -0.002728965642822718 0
860 0.01420152661911898 0.01231984125735096 0
861 -0.01237223130987904 0.01421882334568956 0
862 0.01236923774474146 -0.01421582982101471 0
863 -0.01421016721576262 -0.01236970396990988 0
864 0.01270948390649445 0.01488026134877377 0
865 0.003459005132652229 0.001476912680969742 0
866 -0.01475049739028128 0.02176372272584685 0
867 -0.02176372272584669 -0.01475049739028149 0
868 0.02176372272584701 0.01475049739028125 0
869 0.01475049739028147 -0.02176372272584684 0
870 -0.005369746540075343 -0.01017659792827747 0
871 -0.01391785712838859 0.001549736331274429 0
872 0.001549736331273035 -0.01391785712838877 0
873 -0.008164298299167708 -0.003471738863381276 0
874 -0.001269473036578099 0.01427484543496102 0
875 0.01067029275757937 0.005501291461009729 0
876 0.01413743245503193 -0.001165500338725126 0
877 0.001055889543116596 0.01360723087983963 0
878 -0.005345933445253742 -0.002288584900916518 0
879 0.01366335853276069 0.001022325373483371 0
880 0.0206025962143161 0.01970980215193827 0
881 0.01970980215193832 -0.02060259621431618 0
882 -0.01970980215193823 0.02060259621431625 0
883 -0.02060259621431634 -0.01970980215193828 0
884 0.005593802375790127 -0.01111894986289027 0
885 -0.01107174431950561 0.005523166983578613 0
886 0.001467614577983669 -0.006021510423038956 0
887 0.006191826755505739 0.01031884049949777 0
888 -0.01019555605310049 0.0164322987757679 0
889 0.01643695392618808 -0.01019701571681328 0
890 0.001039548569090586 -0.001179402969624579 0
891 0.009474996834599262 0.01168501803349628 0
892 -0.007102252972261348 0.007807243987508994 0
893 -0.001071861780599284 -0.001016380857329867 0
894 -0.001195208156574192 0.007295225298179564 0
895 -0.02562065441440258 0.001667177208596286 0
896 -0.001667177208596671 -0.02562065441440255 0
897 0.001667177208595156 0.02562065441440329 0
898 0.02562065441440326 -0.001667177208595542 0
899 0.002345286711562547 0.00431309189795767 0
900 -0.00494640274471151 -0.00410054214815688 0
901 0.01140447992530457 0.01187209056269944 0
902 0.006173533020656707 0.01624537108123686 0
903 0.008365055942496372 0.007687879392797742 0
904 -0.002248523077019897 0.004435044650178483 0
905 0.01385130193835737 0.003612990884355263 0
906 0.008423485500333176 0.01775298308749238 0
907 -0.01720588563621007 -0.005353302340064788 0
908 -0.005353291936073763 -0.01720529493363616 0
909 -0.01194489863400086 0.009780098394576848 0
910 -0.009959220976411703 -0.01204934175197666 0
911 -0.02694894433587489 -0.009074381084450113 0
912 0.009084324527256086 -0.02694550770148281 0
913 -0.009074381084449249 0.0269489443358751 0
914 0.02694315791352364 0.009083659752337164 0
915 0.0201316909551046 0.01691320256130484 0
916 -0.01691320256130477 0.02013169095510441 0
917 0.01691320256130488 -0.02013169095510442 0
918 -0.02013169095510422 -0.0169132025613048 0
919 -0.0002802919594131145 -0.005706060994309879 0
920 -0.009075041170941836 -0.0269486780800644 0
921 -0.02694525932497015 0.009084965028857767 0
922 0.02694867808006461 -0.009075041170941059 0
923 0.009084462859321728 0.02694348926424076 0
924 -0.001914132209362963 -0.01063468239727339 0
925 0.005832559165114273 0.02153345711134558 0
926 -0.000167696725261973 0.0114143837167836 0
927 0.001007728900003463 0.01862832639061533 0
928 0.005759624130752984 -0.0004678774454222884 0
929 -0.002598171710725693 -0.002159693056440089 0
930 -0.01367246637473188 -0.01027684632048793 0
931 -0.0222422724408672 -0.01757069018584325 0
932 -0.01757069018584295 0.02224227244086734 0
933 0.01757069018584309 -0.0222422724408673 0
934 0.02224227244086744 0.01757069018584279 0
935 0.004826986546997686 0.02447566333829039 0
936 0.0101252266890664 -0.0137619260406959 0
937 0.004383583161296455 -0.0125664206634562 0
938 -0.01256643063383607 0.004383566977830237 0
939 -0.007192207254071376 0.01036232777928302 0
940 0.01034630078327393 -0.007159480713373986 0
941 -0.002748887490606023 0.001892541167178807 0
942 0.001553425101321902 -0.003785300223977241 0
943 -0.0006313968201399713 0.001606466828093042 0
944 -0.0057560098815879 0.0050556274696551 0
945 0.0009098776502923724 0.02248271177001099 0
946 -0.01897716601885255 -0.005533190945595317 0
947 -0.005533430423837724 -0.01897637831258827 0
948 -0.0114946120627563 -0.001513821930111108 0
949 0.001032920342118995 0.02014828713978222 0
950 0.02412325484212096 0.0101979528040307 0
951 0.001021643754302323 0.01631122268735774 0
952 0.0101978401643842 0.0241226739539885 0
953 0.01421292900306674 -0.01028008595272084 0
954 -0.007147060219570294 0.01299397001535454 0
955 0.01299381287625086 -0.007147262885455013 0
956 0.02596796411831678 0.0036473114844075 0
957 0.007291635255888508 0.001798107039523671 0
958 0.003649649987892145 -0.02596563828800744 0
959 -0.0005041171838118839 -0.003926348601857707 0
960 -0.004457453917182413 0.006570533552759954 0
961 0.02150448873366883 0.006025170806858529 0
962 0.005753826956670757 -0.01910243914385228 0
963 -0.01910217305481494 0.005754491887485265 0
964 0.009984512102645206 0.002507948001792853 0
965 0.007692069048447274 -0.006497207203118515 0
966 0.01531180989846901 -0.01277676107860609 0
967 -0.01531180989846887 0.01277676107860613 0
968 -0.01030289190897507 -0.005461687469178958 0
969 -0.02262395083984891 0.000338295905241511 0
970 -0.009804212865629049 0.002869204483168586 0
971 0.01570005552597674 0.02382825175499664 0
972 0.02382825175499651 -0.01570005552597702 0
973 -0.02382825175499639 0.01570005552597734 0
974 -0.01570005552597762 -0.02382825175499628 0
975 0.005962692325462704 0.001025343370188264 0
976 -0.01278805220567125 -0.01549516366092645 0
977 0.002703145388699945 -0.01026896835998637 0
978 0.003667023068372269 0.02013625457986085 0
979 -0.002251779243810868 -0.003696912704453556 0
980 0.0133970021555556 0.006457376128786792 0
981 0.006837678071803506 0.005424232710699439 0
982 0.01366277548653488 -0.003602734694232703 0
983 0.00442940069905638 0.005749132813940178 0
984 0.007448325197417 -0.009005523331592193 0
985 0.01985015441865579 0.003620938776135606 0
986 -0.003671476045168561 0.02599292743200883 0
987 -0.02599292743201001 -0.003671476045170717 0
988 0.01179173507659838 -0.0113743529353892 0
989 -0.01185419571789215 0.01131529805695803 0
990 0.004507786488755668 0.001935609770964314 0
991 -0.01139171027015555 -0.01165194915811915 0
992 0.01747196630602881 0.003198831335828946 0
993 -0.01071658438419355 0.02245087562768326 0
994 0.01071658438419396 -0.0224508756276832 0
995 -0.02245087562768296 -0.01071658438419443 0
996 0.02245038945617066 -0.01071633599283321 0
997 -0.0224503894561706 0.01071633599283374 0
998 -0.01071633599283416 -0.02245038945617037 0
999 0.006315436108404477 0.01336701512352896 0
1000 -0.00525763462479626 0.002539879451420591 0
1001 -0.02459247312209056 0.004756144811921968 0
1002 -0.005758284072257812 0.01951539189560354 0
1003 0.003426535586882193 -0.01886634318425142 0
1004 0.01951442925743245 -0.0057593814917307 0
1005 -0.01886590940889613 0.003422541526510287 0
1006 -0.003941174155373435 -0.001583034365399343 0
1007 -0.01280177654507335 0.01554727919351204 0
1008 0.01555066023944089 0.01280118967237962 0
1009 -0.01555066023943863 -0.01280118967237824 0
1010 0.01280118967237896 -0.01555066023943973 0
1011 -0.02068736189843456 -0.00931852485924602 0
1012 0.009331733653305106 -0.02067662527107164 0
1013 -0.009316464791877999 0.02070899431149296 0
1014 -0.009318005815692816 -0.02068711847401442 0
1015 -0.02067652044850165 0.00933104474060119 0
1016 0.02070864078475669 -0.009316107578084954 0
1017 -0.0004133162548638351 -0.0224458717743961 0
1018 0.02271456772147526 -0.0003235929123587741 0
1019 0.005557006199733388 0.008325067246102109 0
1020 0.0158257747203065 0.00136113353511844 0
1021 8.482823210126297e-05 0.006002508858202395 0
1022 0.006395272642578102 0.003753498287227082 0
1023 0.01196909411797991 0.0001847864051798411 0
1024 0.02209742283604023 0.01107811561194577 0
1025 0.01107464640834867 0.02209652341870269 0
1026 -0.002927345177779888 0.01919008475005567 0
1027 0.01043279369318321 0.009134542102844867 0
1028 0.01915832343792152 -0.003032050524170257 0
1029 0.01803975726862941 0.001186446245743176 0
1030 0.003127934635863452 -0.0008951012416535726 0
1031 -0.01086613883916018 -0.004114567877976175 0
1032 0.003507916017217203 0.007136579942781261 0
1033 -0.009326694285383075 6.28747750491228e-05 0
1034 0.02536997943708742 0.008515112204723355 0
1035 -0.008455146209175882 0.02507961399760798 0
1036 0.008642773247558723 -0.02503758464914666 0
1037 -0.02507961399760732 -0.008455146209176825 0
1038 -0.01000731596781227 -0.009650619625585697 0
1039 0.008520600354776227 0.02537433183917141 0
1040 0.02507901008976825 -0.008455644999293981 0
1041 -0.0250369983340548 0.00864316993804915 0
1042 -0.008455644999294826 -0.02507901008976765 0
1043 -0.005428493994386998 0.00805766680101554 0
1044 -0.006892821755461692 0.006138878212496573 0
1045 0.008331505498506009 0.02249822774671775 0
1046 0.01149085516622017 0.003295015945508711 0
1047 -0.003788235916407482 0.01341037523062637 0
1048 -0.008044511863297122 -0.007573708395683769 0
1049 0.02278486129675879 0.007076961720004249 0
1050 -0.0080256334455695 0.001531411996200946 0
1051 -0.001104887002838782 0.02019344132070494 0
1052 0.005959357801633435 -0.006788506630999745 0
1053 -0.01281601838476192 -0.01280261239108749 0
1054 0.003849832327272804 0.004158790106660233 0
1055 -0.009935609328509657 -0.00800624417936934 0
1056 -0.0006132546857545572 -0.01190915011116736 0
1057 -0.02098345170975391 -0.007464927598668892 0
1058 -0.006646380829499735 0.003453571619821262 0
1059 0.0244519116515851 0.01446593347617267 0
1060 -0.01446593347617273 0.02445191165158503 0
1061 0.01446593347617292 -0.02445191165158493 0
1062 -0.02445191165158484 -0.01446593347617298 0
1063 -0.00806608795446998 -0.009924970653273647 0
1064 -0.00746411050580399 -0.02098394466856444 0
1065 -0.02835064403593401 -0.00181024234636269 0
1066 0.001810242346362308 -0.028350644035934 0
1067 -0.001810242346361894 0.02835064403593444 0
1068 0.02835064403593442 0.001810242346361547 0
1069 0.02465947370572794 -0.004725165643616579 0
1070 -0.004725165643617553 -0.02465947370572787 0
1071 0.004922978973327581 0.0127259905800192 0
1072 0.009382872764527005 0.01034308048171479 0
1073 -0.01286897838433352 0.01289040478141513 0
1074 0.01292541415934388 -0.01287575349015819 0
1075 0.006805738446023057 -0.01634035517738937 0
1076 -0.01633995505097177 0.006805966216364742 0
1077 0.02061714730549744 0.01252876710518177 0
1078 -0.01230192664928191 0.02069473818177626 0
1079 0.01230192664928213 -0.02069473818177628 0
1080 -0.02069473818177617 -0.01230192664928177 0
1081 0.01251649005244682 0.02061340059270681 0
1082 0.02067473558072692 -0.0123074880516795 0
1083 -0.02067473558072694 0.01230748805167977 0
1084 -0.01230748805167957 -0.02067473558072684 0
1085 0.007476436540015061 0.002728854431933263 0
1086 0.00135234834919163 -0.008092336015924493 0
1087 0.01209605489649321 0.008309322171151486 0
1088 0.01024261046589526 0.006742531473643827 0
1089 -0.009108878985478623 0.007610838695927533 0
1090 0.01453520532570857 0.02468095573392769 0
1091 0.0246809557339275 -0.01453520532570888 0
1092 -0.02468095573392726 0.01453520532570923 0
1093 -0.01453520532570957 -0.02468095573392703 0
1094 -0.02588036126690495 -0.001524385727675918 0
1095 0.001521221904142348 -0.025880315722145 0
1096 -0.001524385727675886 0.02588036126690518 0
1097 0.02607939518407452 0.001480482683583489 0
1098 -0.01630392743323033 -0.002854535862031549 0
1099 -0.002854641976519929 -0.01630357708846701 0
1100 0.004865097876501651 0.01116448559510207 0
1101 0.003740355199255769 -0.006783684742391946 0
1102 0.007432660891046768 -0.02097876778753079 0
1103 -0.006281116277705485 0.01714426823258798 0
1104 0.01714401614668852 -0.006280660273702951 0
1105 -0.02098013329084388 0.007430966809877888 0
1106 0.023217394534878 0.01285322124216766 0
1107 -0.01292574397155447 0.02320404802963727 0
1108 0.01292574397155476 -0.02320404802963715 0
1109 -0.02320404802963682 -0.01292574397155491 0
1110 0.005205026368239063 0.01792836990415533 0
1111 0.01316212218758924 0.00512435407779609 0
1112 -0.01292011632287387 -0.023152255823522 0
1113 0.02315225582352236 -0.01292011632287321 0
1114 -0.02315225582352223 0.01292011632287359 0
1115 0.01287446115408992 0.0232091430487728 0
1116 -0.001269435673394119 -0.02065582143498051 0
1117 0.007508656210640505 0.01195146264428834 0
1118 0.001127115307425342 0.000971924919934305 0
1119 -0.009447716602445757 0.01018277927758632 0
1120 0.009963216637940265 -0.009399981348533227 0
1121 -0.01418212744132991 0.01054305911076681 0
1122 -0.0185113196904974 -0.01705854076610796 0
1123 -0.01705854076610848 0.01851131969049787 0
1124 0.01705854076610849 -0.01851131969049787 0
1125 0.01851131969049832 0.01705854076610899 0
1126 -0.01416588802671183 0.008161473718477367 0
1127 0.008191286730775516 -0.01412313442769375 0
1128 0.02212219911468219 0.001080268571449283 0
1129 -0.009891716247211678 -0.001940290148222383 0
1130 -0.01515679563643824 -0.01501754301779516 0
1131 -0.01509274748724435 0.01493614441481055 0
1132 0.01509274748724439 -0.01493614441481055 0
1133 0.01497377469178515 0.01508796153719621 0
1134 0.01012782943782004 0.0007561649376747429 0
1135 0.008612565671291402 -0.007718976600734338 0
1136 0.008846820104975473 0.01289791808368517 0
1137 0.01035000556697746 0.01450078464299682 0
1138 0.0004640763668251822 0.003455279381356815 0
1139 -0.01055683704661135 -0.01418398881882378 0
1140 -0.003851251665189021 -0.01092429728486365 0
1141 -0.02180094594448344 -0.002998920712973529 0
1142 -0.002777245641064234 0.02161890753700496 0
1143 -0.02436028332560809 -0.01035373689488636 0
1144 -0.01035373689488577 0.02436028332560868 0
1145 0.01035373689488621 -0.02436028332560849 0
1146 -0.002733418139115306 0.01176592868184156 0
1147 -0.01035359552378809 -0.02435946099530957 0
1148 0.02435946099531014 -0.01035359552378746 0
1149 -0.02435946099530993 0.01035359552378795 0
1150 -0.006186427900575531 0.01549532510212283 0
1151 0.01549512451771201 -0.006185778344225814 0
1152 -0.002819574683106979 -0.02187003127009601 0
1153 0.02184686817865585 -0.002897283779621292 0
1154 0.0175979289136262 0.007810207796441885 0
1155 -0.01725162125765946 0.005263021000469497 0
1156 0.005262844314667442 -0.01725154807561253 0
1157 0.00586493637311212 0.006304254028359109 0
1158 -0.01660926057476652 -0.01919493131879556 0
1159 -0.01919493131879577 0.01660926057476694 0
1160 0.01919493131879577 -0.01660926057476689 0
1161 0.01660926057476731 0.01919493131879598 0
1162 -0.0006250762602898891 0.01013741841756866 0
1163 -0.01163526488468961 -0.007483046802605517 0
1164 -0.007528658634894776 -0.01164260463276631 0
1165 0.007725502643167043 0.009452980114207976 0
1166 -0.003040819540905068 0.0002692630383545126 0
1167 0.002563826322928316 0.01346506114648792 0
1168 -0.00162043152336004 0.01245615113059368 0
1169 -0.01628749060116622 -0.01718653952786436 0
1170 -0.01718653952786487 0.01628749060116673 0
1171 0.01718653952786483 -0.01628749060116677 0
1172 0.01628749060116728 0.01718653952786534 0
1173 0.004258429387826592 0.007974232079575433 0
1174 -0.01366518868461165 -0.0004537440979938301 0
1175 -0.0003920741939200329 -0.01375176053598149 0
1176 -0.01829042439421724 -0.01210349670445806 0
1177 0.01210349670445916 -0.01829042439421802 0
1178 -0.01185554768287702 0.01796555622709867 0
1179 0.01829042439421888 0.0121034967044602 0
1180 -0.01210478036543992 -0.01829101327794441 0
1181 -0.01829101327794518 0.01210478036544098 0
1182 0.01796402630912064 -0.01185571570161803 0
1183 0.01228236369105932 0.01791475932692342 0
1184 -0.01719672512302704 -0.003605352537598256 0
1185 -0.003605329255668204 -0.01719618414003239 0
1186 0.01009954283078554 -0.001697073018886095 0
1187 0.0008867282187903847 0.02691735178050169 0
1188 0.02691735178050163 -0.0008867282187908227 0
1189 -0.02691735178050106 0.0008867282187914081 0
1190 -0.0008867282187918336 -0.02691735178050103 0
1191 0.007584608307488387 -0.001096381902360846 0
1192 0.0161367790060732 -0.0171582755956944 0
1193 -0.01715827559569381 -0.01613677900607258 0
1194 0.01715827559569498 0.01613677900607382 0
1195 -0.01613677900607322 0.01715827559569438 0
1196 -0.003055707713597017 -0.02839720696115935 0
1197 -0.02839720696115938 0.003055707713596521 0
1198 0.02839720696115948 -0.003055707713596024 0
1199 0.00305570771359554 0.02839720696115951 0
1200 -0.01967750801469725 -0.01899725956314486 0
1201 0.01899725956314534 -0.01967750801469685 0
1202 -0.01899725956314527 0.01967750801469695 0
1203 0.01967750801469655 0.01899725956314575 0
1204 0.008780152507311812 0.003519377281005221 0
1205 0.005609902363502263 -0.00473391248907225 0
1206 -0.01462196489245007 -0.003997697624577425 0
1207 0.002477546520635259 0.002251585474411732 0
1208 -0.003997479880780551 -0.01462206044293216 0
1209 -0.0205519714036602 -0.001444171722953546 0
1210 -0.001026900360951311 -0.007688744130077326 0
1211 0.009556186721400703 0.01823711201865219 0
1212 0.01741720321627772 -0.007411714649189489 0
1213 -0.007411903695278354 0.01741750779865608 0
1214 0.007133870621852653 0.02268700847375114 0
1215 -0.01190369327158234 0.007825980617383876 0
1216 0.007826054039855814 -0.01190391408991551 0
1217 0.01085223434907183 0.01655782027759619 0
1218 0.009118365565082158 0.004644194795280367 0
1219 0.02244382088760763 0.008582760315365793 0
1220 -0.01798188466064184 -0.001203955643122719 0
1221 -0.001209298757072249 -0.01808959975828039 0
1222 0.00424201231770791 -0.00448558557290712 0
1223 0.0117794011134141 -0.001062377571034137 0
1224 0.005146127629108709 0.01546355883187654 0
1225 0.007926490320978311 -0.002847232326795833 0
1226 -0.007558592812350049 0.008698222520938525 0
1227 -0.01983900841298961 -0.02108864731886244 0
1228 -0.0210886473188625 0.01983900841298958 0
1229 0.02108864731886257 -0.01983900841298953 0
1230 0.01983900841298951 0.02108864731886263 0
1231 0.02215297399839987 -0.01366752080006223 0
1232 0.01366474776988828 0.02215642924774704 0
1233 -0.01366752080006258 -0.02215297399839975 0
1234 -0.02215297399839983 0.01366752080006252 0
1235 0.01763012586300259 0.02264910983536187 0
1236 0.0226491098353617 -0.01763012586300287 0
1237 -0.02264910983536162 0.01763012586300313 0
1238 -0.01763012586300343 -0.02264910983536145 0
1239 0.003665407883847328 0.009226314076418475 0
1240 0.00823470356050943 -0.00556073714691889 0
1241 -0.01168052446119905 0.003001427782350033 0
1242 0.002990598340660607 -0.01170234845145211 0
1243 -0.01671920705082922 -0.006898904661079085 0
1244 -0.006899015067639665 -0.01671871944296412 0
1245 0.003601306129568722 0.01737582794601223 0
1246 0.01228705112057395 -0.008078696644979535 0
1247 -0.007952088061745523 0.01231518325071447 0
1248 0.01726258456584469 0.005752664246787408 0
1249 0.0008953052948416723 -0.0103500899822539 0
1250 -0.01149244291232308 0.0001938751908919034 0
1251 0.02688492592809935 0.01021313618042728 0
1252 -0.01021138121693336 0.02687745694925519 0
1253 0.01021262414728453 -0.02687702736995611 0
1254 -0.02687745694925503 -0.01021138121693394 0
1255 0.02017205174900695 0.001806830802247689 0
1256 0.01021294420602436 0.02688461821007107 0
1257 0.02687704907253499 -0.01021142737600203 0
1258 -0.02687662172814812 0.01021266785824194 0
1259 -0.01021142737600257 -0.0268770490725348 0
1260 0.01648386324653295 0.003132712069615901 0
1261 -0.003897130082110325 -0.02645031797074935 0
1262 0.02645031797074946 -0.003897130082109319 0
1263 -0.0264503179707494 0.003897130082110094 0
1264 0.003897130082109023 0.02645031797074954 0
1265 -0.00794242808929977 -0.01821906500476924 0
1266 -0.01821961938922449 -0.007942520559687234 0
1267 0.01829995954368635 -0.0008610253423946927 0
1268 -0.007281768578037986 0.0212512698781859 0
1269 0.0212534383768586 -0.007282877196844 0
1270 -0.004408342358050079 0.00961281084164897 0
1271 0.01172156185702991 0.01075424017306737 0
1272 0.01243013142144141 -0.003901471689184682 0
1273 0.009664021041155121 -0.004408235901527576 0
1274 0.004252162404814422 0.02226735969823052 0
1275 0.00565973739494303 -0.008075807792929797 0
1276 -0.01836716377522185 0.007981538508196301 0
1277 0.007981744157138348 -0.01836755361658219 0
1278 0.002072185442482946 0.005416942341668759 0
1279 0.005850528967996861 -0.01453085620920723 0
1280 -0.007702423324150684 -0.001177607165323119 0
1281 -0.01453074979439825 0.005850583905366817 0
1282 0.001854976429438462 -0.005097224408339702 0
1283 -0.003287556771108859 0.01448696886697799 0
1284 -0.01847808720265679 0.0008642891120451161 0
1285 -0.01330963383800864 0.009805778115856848 0
1286 0.0008731473525612172 -0.01834380962979335 0
1287 0.013845674182543 0.008914528587415141 0
1288 -0.0008060675181236788 0.02480438599109872 0
1289 0.02480630245827652 0.0009877715166287696 0
1290 -0.0248013731288297 -0.0008244614842867898 0
1291 0.0007866691666098381 -0.02477540121507323 0
1292 0.02264731340439175 0.004509687167880996 0
1293 -0.021422265690168 -0.01011572393184387 0
1294 0.01011992096470542 -0.02141739373608162 0
1295 -0.01011777831460948 0.02143848564235057 0
1296 -0.01011532829345797 -0.02142190025063596 0
1297 -0.02141709618239943 0.01011946168427744 0
1298 0.02143808148947444 -0.01011743077448177 0
1299 -0.001495843726665 0.01544130753973254 0
1300 -0.004561104677338618 -0.01294299466004248 0
1301 -0.01293145776733425 -0.004573801481722472 0
1302 -0.0175364989623359 0.003233405816814582 0
1303 0.01552123373598625 -0.001202056083287336 0
1304 0.00323906555217037 -0.01753742183301757 0
1305 0.006472337974367797 0.007789308001592565 0
1306 0.009659356526103766 -0.01841081031064669 0
1307 -0.018410459743997 0.009659284212920394 0
1308 0.02129452393288367 -0.01609090171220107 0
1309 0.01609090171220098 0.02129452393288365 0
1310 -0.01609090171220133 -0.02129452393288363 0
1311 -0.02129452393288363 0.01609090171220127 0
1312 -0.01374734623060985 0.02223508477246931 0
1313 0.02223644666075932 0.01373994595210094 0
1314 -0.02223508477246911 -0.01374734623061014 0
1315 0.01374734623061009 -0.02223508477246929 0
1316 0.01303884436969236 -0.009761702751429936 0
1317 0.005489055906209205 -0.01257772814488541 0
1318 -0.01257770054744664 0.005489027393756923 0
1319 -0.01623257968208421 0.0003332860705831017 0
1320 0.005242064657606801 -0.002350497263424869 0
1321 0.0004498150034177844 -0.01605740440882972 0
1322 0.005330746242220835 -0.02214594296713825 0
1323 0.01245864730923087 0.001401674401009177 0
1324 -0.02214534425380849 0.00532692046264716 0
1325 -0.009389331053277702 0.006469596695259611 0
1326 -0.02074526757167468 0.001548182203424946 0
1327 0.001448933728318046 -0.01236350667886053 0
1328 -0.0125055966606377 0.00167365957220564 0
1329 -0.01452472116724341 -0.006388578851978846 0
1330 -0.006315664444507065 -0.01461352482559464 0
1331 0.01607548308710864 0.008878660506599684 0
1332 0.002832287556759551 0.01159539650125139 0
1333 0.002700570460211895 -0.01426818230139969 0
1334 -0.01426808594036385 0.00270067226580272 0
1335 0.00803289390058359 0.0145346565365964 0
1336 -0.01036121369893317 0.0009938082893648156 0
1337 -0.0005257484985536284 -0.001921879620152666 0
1338 0.001713694527594994 0.01088201257262645 0
1339 -0.004433735224366141 -0.005061587185560448 0
1340 0.01926461994725541 0.005335840029750478 0
1341 0.001650029461944754 0.003295482991095607 0
1342 -0.005511153263998621 0.01782250931681169 0
1343 0.01785171668915533 -0.005486236827536677 0
1344 0.01322597289265562 0.01296764582803133 0
1345 0.02296341688344913 0.002042716028250807 0
1346 -0.002552408152305372 -0.005775907031404401 0
1347 0.0006417398782827987 -0.01152724463423212 0
1348 -0.002158204075706122 0.02371148932571682 0
1349 -0.02371207068112547 -0.002200538816142848 0
1350 0.002177591021918867 -0.02368792988058232 0
1351 0.002773709628481407 0.01563729308886584 0
1352 0.002936677029405942 -0.02153202977905568 0
1353 0.02092931804912852 -0.001130585209056565 0
1354 -0.02421915834808131 0.002505549812440905 0
1355 -0.002543673753867827 -0.02418259281727246 0
1356 0.002556046053579855 0.02419051343049776 0
1357 0.02418259281727254 -0.002543673753867394 0
1358 -0.004704862823943391 0.004955234817185248 0
1359 -0.002454066258847727 0.005610890831288749 0
1360 -0.0117361267203097 -0.006381186687829664 0
1361 -0.006381268279645597 -0.01173904684994869 0
1362 -0.02282607220610313 -0.008597770678205725 0
1363 -0.008607124315393034 0.02284625798664965 0
1364 0.008547974542786229 -0.02281696775728035 0
1365 -0.008597541411481703 -0.02282574812351988 0
1366 0.02284591828463648 -0.008606909531940122 0
1367 -0.0228174293059314 0.008547726325618607 0
1368 -0.008667160528930646 0.01609592390183381 0
1369 0.01609781481581978 -0.008700358682333216 0
1370 -0.02153204570803365 0.00296442031715244 0
1371 -0.009752603867309801 0.01850141403689009 0
1372 0.01850116266379454 -0.009752423678801088 0
1373 -0.02770657332723482 -0.008274412307231305 0
1374 0.008295321946960888 -0.02769934657605588 0
1375 -0.008274412307230977 0.02770657332723496 0
1376 0.02769440530766144 0.008293924020275694 0
1377 -0.009917108002857007 -0.01297037843532327 0
1378 -0.008274658524436063 -0.02770634771919397 0
1379 -0.02769915856562424 0.008295526979939556 0
1380 0.02770634771919414 -0.008274658524435555 0
1381 0.008294470989144983 0.02769543638077583 0
1382 0.006976451582976596 0.01098297725674415 0
1383 0.009614012395557814 0.008045667545352707 0
1384 0.009267719945093338 -0.0009285339999535803 0
1385 -0.008005794953991868 0.005734396606733279 0
1386 0.006734826817947859 -0.01532339863616263 0
1387 -0.01532315186090445 0.006734916846275856 0
1388 0.01446280177367865 -0.008212743113121649 0
1389 -0.008213233590077628 0.01443832872006838 0
1390 -0.01357060382218126 0.003880072348924399 0
1391 0.00388014602264923 -0.01357055183419479 0
1392 0.008306862202902738 -0.009892226873517502 0
1393 -0.003487913578101646 0.02857536237821908 0
1394 0.02856907864634986 0.003490386408077342 0
1395 -0.02857536237821912 -0.003487913578102259 0
1396 0.003489958020972974 -0.02857016722491373 0
1397 0.007424668777809239 -0.01320456817901291 0
1398 -0.01322601271642234 0.007459488240147565 0
1399 -0.002009494541875837 0.01969851603401189 0
1400 0.0178660825685614 -0.003218656632489799 0
1401 0.002708655048803472 0.01813574660992368 0
1402 0.01418680141064657 -0.002700619554379351 0
1403 -0.008276658995549125 0.009688370359160134 0
1404 0.009715997809367091 -0.00815406995848381 0
1405 -0.0009999482863555676 -0.009496688177685762 0
1406 -0.01810977885303188 -0.02003747194662244 0
1407 0.02003747194662288 -0.01810977885303184 0
1408 -0.02003747194662282 0.01810977885303194 0
1409 0.0181097788530319 0.02003747194662324 0
1410 0.007561117610793065 -0.01713855525903584 0
1411 -0.01713810151392063 0.007561206521097729 0
1412 -0.003491450624083148 0.01797144193760295 0
1413 -0.002997368277305056 0.008186374518208505 0
1414 0.01293787693453136 0.01597800049191294 0
1415 -0.01289726774732868 -0.01646587840048319 0
1416 0.007768788977565855 0.008525869407778873 0
1417 0.01643718203783828 -0.01293411232140678 0
1418 -0.01643729677747392 0.01293663984189508 0
1419 -0.02221287337637008 -0.005515729277764518 0
1420 -0.005497882881449599 0.02226466396332536 0
1421 0.002149485800866073 0.02301151469411088 0
1422 0.006751904133301088 0.01712193912536722 0
1423 0.007369138191908393 -0.004697809310590712 0
1424 -0.006873853465688414 0.0008510167498139776 0
1425 0.02592596361632622 0.006530806964026639 0
1426 -0.01849690168897757 -0.009763833584185082 0
1427 -0.009763701573281724 -0.01849662103254202 0
1428 -0.0004408118522609805 0.02242159587685946 0
1429 0.02226038211416233 -0.005494808061213861 0
1430 -0.00551278435147376 -0.02220602829301638 0
1431 0.0110532446560244 0.004390095060638781 0
1432 0.005539578397317838 0.01881809314973872 0
1433 -0.000888998777742951 0.01821174868205114 0
1434 0.001297035345436918 0.01772409126040331 0
1435 -0.001942817631384502 -0.01172238061612819 0
1436 -0.02298011878464011 -0.004493495481482209 0
1437 -0.004490945996293825 0.02298751743991855 0
1438 -0.002028311906312258 0.009837649323081295 0
1439 -0.00944938784547936 0.02439920449438391 0
1440 -0.02439920449438326 -0.009449387845480051 0
1441 0.009427434069091628 -0.02437170699695463 0
1442 0.00687488455703229 -0.02349527830761784 0
1443 0.004162000319272872 -0.009765572843609792 0
1444 -0.009449446797149978 -0.02439856385935611 0
1445 -0.02437097778562264 0.009427574293510361 0
1446 0.02439856385935672 -0.009449446797149291 0
1447 0.00161833228821821 -0.0206198844665494 0
1448 0.006402971011811889 0.02612997904407989 0
1449 -0.02343912826706332 0.006770493379803197 0
1450 -0.0122931929605073 -0.0007696596775503181 0
1451 -0.00834716321487259 0.02027551297279066 0
1452 0.02301134824349467 -0.004457949725577077 0
1453 -0.004460517767043592 -0.0230035834119024 0
1454 0.02027841350947863 -0.00834916707540574 0
1455 0.006522751445927812 -0.009496916604293134 0
1456 0.00353534292784387 -0.007863685141866221 0
1457 0.004014302119698745 0.01059757286070081 0
1458 0.01301814911829906 -0.005983139587395824 0
1459 -0.005982959009562318 0.01301843505757524 0
1460 0.001201804576810408 -0.01545142002420362 0
1461 -0.01544985466146074 0.001202048419724676 0
1462 0.004463779373811349 -0.02296954476695365 0
1463 -0.02377054878012017 -0.006884155406247392 0
1464 -0.006884155406246315 0.0237705487801201 0
1465 0.01147353114942716 0.01419388868967702 0
1466 0.007825612446643475 0.006069867813614667 0
1467 0.006440450095541273 -0.0261789688573677 0
1468 -0.006822564750109067 -0.02380171143880229 0
1469 0.02380171143880241 -0.006822564750108099 0
1470 0.01831445438650135 0.009863262416597124 0
1471 -0.006415673423175469 0.02627990933493204 0
1472 -0.02627990933493187 -0.006415673423176878 0
1473 -0.009687230332680076 0.01119855112232072 0
1474 -0.009596711323023584 0.004071908484333586 0
1475 -0.02617091314371842 0.006435618930108406 0
1476 0.0006585435763212297 0.01226544122901602 0
1477 -0.02296590064605143 0.004407749372685744 0
1478 0.0163924754799559 -0.0003030946935712857 0
1479 0.001325249839977385 0.01505450528169648 0
1480 -0.01674770635669576 -0.01808885007280771 0
1481 -0.01808885007280811 0.01674770635669627 0
1482 0.0180888500728081 -0.01674770635669629 0
1483 0.01674770635669678 0.01808885007280851 0
1484 0.02627656340460448 -0.006383353018540688 0
1485 -0.006383353018541824 -0.02627656340460414 0
1486 0.001652427606512484 0.009697235510320833 0
1487 0.00351048783697246 0.0003932683400796609 0
1488 0.009993670759309693 0.01554295955014801 0
1489 0.002164584204229557 -0.01940815019991787 0
1490 -0.01944231069162528 0.002147267123981689 0
1491 0.002622992166610993 -0.006169387519893321 0
1492 0.01283667875695482 -0.00146134106354715 0
1493 0.01928287082339406 0.01614554215596112 0
1494 -0.01614554215596058 0.01928287082339353 0
1495 0.01614554215596061 -0.01928287082339345 0
1496 -0.01928287082339292 -0.01614554215596005 0
1497 0.009016302784413718 -0.01576692851439153 0
1498 -0.01574926293267798 0.008965954209126881 0
1499 -0.0004484185661738766 0.01615303907435808 0
1500 -0.008731208048557156 -0.0007295753257131717 0
1501 -0.009924252723397153 0.008451749021892978 0
1502 0.002595027866983285 -0.01638766016676312 0
1503 0.01136061240733815 0.009023367638726302 0
1504 -0.01638586120484791 0.002587524518321765 0
1505 -0.02013484138281656 -0.008328715814859326 0
1506 -0.008328070241569887 -0.02013484925581947 0
1507 0.02366297802437126 0.00892472507167231 0
1508 8.936534291751423e-05 0.02432427258790511 0
1509 -0.02431620426534226 5.69061387173122e-05 0
1510 0.02428273345401496 -0.0001002078099076347 0
1511 -0.0001117521136003749 -0.02431228599994701 0
1512 0.007710960316979357 0.0186479550030602 0
1513 0.008859438903023077 0.02367320281206133 0
1514 -0.01652141722357262 -0.01290542788529152 0
1515 0.01290445643552298 -0.01652034832305838 0
1516 -0.01290273896479232 0.01651621998566334 0
1517 0.01652215403743159 0.01290609752446146 0
1518 -0.01405006540942871 -0.01130511683252836 0
1519 -0.003956181521678946 0.01235985969153687 0
1520 -0.007781596721625527 0.002684567255515712 0
1521 0.01715085561734519 -0.004582325491311107 0
1522 0.0113235003663515 -0.01399667187365617 0
1523 -0.002659445196512076 -0.01296539416722901 0
1524 -0.01305142640695221 -0.002625038349352842 0
1525 0.01548697025293866 0.005076283354708966 0
1526 0.0189418747417326 0.007634608063775269 0
1527 -0.007612380550018623 0.01864805479185955 0
1528 0.01864777966637919 -0.00761237890959125 0
1529 -0.01805064254739729 -0.01466866767367338 0
1530 -0.01466866767367414 0.0180506425473977 0
1531 0.01466866767367417 -0.01805064254739771 0
1532 0.01805064254739812 0.01466866767367492 0
1533 0.01438559524822827 0.008078984163165969 0
1534 -0.02156273916395809 -0.0193474847646819 0
1535 -0.01934748476468188 0.02156273916395812 0
1536 0.01934748476468197 -0.02156273916395803 0
1537 0.02156273916395805 0.01934748476468194 0
1538 0.002411043558372577 -0.008443032299237391 0
1539 0.004263801925316089 -0.00274740853201537 0
1540 -9.580405090837301e-05 0.01395866521074206 0
1541 -0.0009894025266950718 -0.01489770580674942 0
1542 -0.01484299949540745 -0.0009890576167624217 0
1543 -0.005209909184707278 0.01508559920921974 0
1544 0.01510289878932927 -0.005153595995859597 0
1545 -0.01311469564924823 -0.01842425753919712 0
1546 -0.01842436171317029 0.01311484580368897 0
1547 0.01837764928905241 -0.01307926513742859 0
1548 0.01321458281055343 0.01858757059732941 0
1549 0.02471004003619061 0.01118588073902072 0
1550 0.006150403581266793 -0.0133770552459529 0
1551 -0.01337697310920456 0.006150338976718154 0
1552 0.01118591413062452 0.02471006235303145 0
1553 0.02431355945866516 0.003540656715883694 0
1554 -0.01848988022860479 -0.01301942368191378 0
1555 0.01301942368191494 -0.01848988022860504 0
1556 -0.01298400239311746 0.0184434704904451 0
1557 0.01848988022860528 0.01301942368191606 0
1558 0.01722174331107833 0.02160607469589396 0
1559 0.02160607469589391 -0.01722174331107838 0
1560 -0.02160607469589388 0.01722174331107855 0
1561 -0.01722174331107856 -0.02160607469589387 0
1562 -0.004364870941679229 0.003084299994874673 0
1563 0.004480028256268145 -0.008502126537172501 0
1564 0.009575746387837314 0.01364078869751001 0
1565 0.001888214562062606 -0.000987184030674372 0
1566 -0.02458545858644353 -0.00539542702925427 0
1567 -0.00539542702925306 0.0245854585864429 0
1568 -0.005723751788231988 -0.01279537743315277 0
1569 -0.01278923902299542 -0.005783879485850837 0
1570 0.008159459864978928 0.02041692115990474 0
1571 0.01398530962057271 -6.295303967683809e-05 0
1572 0.02034959607090328 0.008167705236552428 0
1573 -0.01808495271846319 -0.01794163544949707 0
1574 0.0179416354494976 -0.01808495271846367 0
1575 -0.01794163544949756 0.01808495271846368 0
1576 0.01808495271846414 0.0179416354494981 0
1577 -0.01792525451167312 0.02018617725588247 0
1578 0.02018617725588252 0.01792525451167321 0
1579 -0.02018617725588241 -0.01792525451167309 0
1580 0.01792525451167318 -0.02018617725588245 0
1581 0.01146329804741298 0.007158120477506457 0
1582 0.01475378812163967 0.01329959543517646 0
1583 0.01316429395186534 -0.01463498432175902 0
1584 -0.01316480544298412 0.01463492896158011 0
1585 -0.01463671822014722 -0.01316516433111368 0
1586 0.008660431159298434 0.01572611550473299 0
1587 -0.01129785751131108 0.01405657123389623 0
1588 -0.02886193975016388 0.0001437512473891087 0
1589 -0.0001437512473893892 -0.02886193975016384 0
1590 0.0001437512473892168 0.02886193975016431 0
1591 0.02886193975016425 -0.0001437512473894821 0
1592 -0.004648018972817788 0.01716964806432722 0
1593 -0.003034222549801006 -0.00887539482325536 0
1594 -0.01710995011542347 -0.007944994155989602 0
1595 -0.007945152590004093 -0.01710945986714054 0
1596 0.01679821719187434 0.0008669303966382182 0
1597 -0.006252593202621141 -0.007651176622713599 0
1598 0.0215982671151131 0.01003881487382541 0
1599 0.01001525639825251 0.02159067035515515 0
1600 0.01427893721831927 0.0113203360854038 0
1601 -0.01673721956264879 0.01094715767286947 0
1602 0.01093723991937379 -0.01674472231545924 0
1603 -0.008295451328436751 -0.004478383162844143 0
1604 0.002724897755061309 0.02027379933742799 0
1605 0.01486306684404766 0.01030770432912041 0
1606 -5.465176299780472e-05 -0.02011375320525645 0
1607 -0.01219408892343849 0.02475104288235033 0
1608 0.01219408892343883 -0.02475104288235019 0
1609 -0.02475104288235008 -0.01219408892343906 0
1610 0.02475126293572923 -0.01219226369398637 0
1611 -0.02475126293572905 0.01219226369398681 0
1612 -0.01219226369398716 -0.02475126293572886 0
1613 -0.02024549415867916 -0.0001519394193355309 0
1614 -0.02026645049527053 0.008573839234922262 0
1615 0.008574612568118849 -0.02026644577408438 0
1616 -0.008471792405867432 0.004453419122409052 0
1617 0.02495459390505911 0.007571565178594144 0
1618 -0.02316255664707344 0.002086147294661623 0
1619 0.006231897270580815 0.02065375025450638 0
1620 -0.007607823383872736 -0.008755131094395768 0
1621 0.02571815324820241 0.01278891348679794 0
1622 -0.0127767720456541 0.02566779284548687 0
1623 0.01277677204565443 -0.02566779284548677 0
1624 -0.02566779284548669 -0.01277677204565464 0
1625 0.02567088154108867 -0.0127724369878472 0
1626 0.01278532329747988 0.02572069362659633 0
1627 -0.01277243698784789 -0.02567088154108832 0
1628 -0.02567088154108851 0.0127724369878476 0
1629 0.01127922805983966 0.02008690793119692 0
1630 0.01990897135211095 -0.01128433127469266 0
1631 -0.01990897135211107 0.01128433127469275 0
1632 -0.01128433127469197 -0.01990897135211134 0
1633 0.02007831758702519 0.01128099785682739 0
1634 -0.0112843632693905 0.01990949552476718 0
1635 0.01128436326939066 -0.01990949552476729 0
1636 -0.01990949552476757 -0.01128436326938985 0
1637 0.01864743515433247 0.01112893281133546 0
1638 -0.01109015027382947 0.01881214293737332 0
1639 0.01121810084939739 -0.01869543830569364 0
1640 -0.01864510171679184 -0.01112363823553491 0
1641 0.01124695089094189 0.01864150852168133 0
1642 0.01881178746533499 -0.01109008080630448 0
1643 -0.01869535893215609 0.01121815398745652 0
1644 -0.01112378268896652 -0.01864495919603046 0
1645 -0.01330841923991461 -0.0146152463192135 0
1646 -0.01721152461785179 0.0210043315470346 0
1647 0.02100433154703469 0.01721152461785173 0
1648 -0.02100433154703449 -0.01721152461785199 0
1649 0.01721152461785192 -0.02100433154703458 0
1650 -0.009560427911661982 -0.01042494198106741 0
1651 0.01520001240402078 0.022775195332334 0
1652 0.02277519533233398 -0.01520001240402105 0
1653 -0.02277519533233391 0.01520001240402137 0
1654 -0.01520001240402163 -0.02277519533233387 0
1655 0.02438019533141688 0.0157113962643992 0
1656 -0.01571139626439923 0.02438019533141684 0
1657 0.01571139626439934 -0.02438019533141677 0
1658 -0.02438019533141669 -0.01571139626439938 0
1659 -0.01957630856891944 -0.001967996716995756 0
1660 -0.01579397547007248 -0.008930647027184595 0
1661 -0.009107540533371313 -0.01568778863352623 0
1662 0.0119840834603258 0.005234576640665518 0
1663 0.02209165454295249 0.003025969246321961 0
1664 -0.001928279349184525 -0.01960485004788 0
1665 -0.004051449013162527 0.004161355785409973 0
1666 -0.01173789489895335 -0.004049362240025298 0
1667 -0.01016014311096754 0.0148723244541098 0
1668 -0.0197260677205573 -0.01315467284980548 0
1669 0.01315467284980666 -0.01972606772055712 0
1670 -0.01315467284980662 0.01972606772055705 0
1671 0.01968473775825176 0.01327595874031499 0
1672 -0.008051906641779454 0.007735050781660946 0
1673 -0.01495343869276898 -0.005093786332322432 0
1674 -0.005083416284079787 -0.01496584031597514 0
1675 0.009578164185202917 -0.01039518679943398 0
1676 -0.01035006303056215 0.009516107073190651 0
1677 -0.01026033874469054 0.005839511035176726 0
1678 -0.01425619901906748 -0.01780023691543969 0
1679 -0.01780008110558006 0.01425678940770415 0
1680 0.01779340790213463 -0.01425170645538125 0
1681 0.01423074906833633 0.01786243032677607 0
1682 -0.01315168767545972 -0.01972883430627661 0
1683 -0.01972883430627644 0.01315168767546087 0
1684 0.01972883430627631 -0.01315168767546093 0
1685 0.01329454532839169 0.01969133762210089 0
1686 -0.01996690474124711 -0.005725779162951265 0
1687 -0.005725492870933515 -0.01996701225916375 0
1688 0.0167150649147582 0.02357840786745258 0
1689 0.02357840786745245 -0.01671506491475845 0
1690 -0.02357840786745233 0.01671506491475872 0
1691 -0.01671506491475888 -0.02357840786745226 0
1692 -0.007123845266395536 -0.01541020335957761 0
1693 -0.01540289198147977 -0.007121002608756762 0
1694 -0.01475118463262785 0.01375853008214069 0
1695 0.01475118463262796 -0.01375853008214064 0
1696 -0.009100910129081463 -0.007388368602014917 0
1697 -0.008565652460952896 -0.0140931055100062 0
1698 -0.01410049627876217 -0.008537019875295667 0
1699 0.003216100730062656 -0.02420050158749346 0
1700 -0.004310094571085265 -0.009702847118425274 0
1701 0.007553795919289515 0.02498275441280561 0
1702 0.01813556620407535 0.002359769725681355 0
1703 -0.003035433190972243 -0.01518701485314067 0
1704 -0.01518725056308553 -0.003035348954735373 0
1705 0.009488975366700568 0.001554298459291918 0
1706 -0.02334224952861044 -0.01727229302553158 0
1707 0.01727229302553152 -0.02334224952861051 0
1708 -0.01727229302553141 0.02334224952861056 0
1709 0.02334224952861062 0.01727229302553136 0
1710 0.005404065881826468 -0.02450236863365694 0
1711 -0.005144902096183112 -0.02839538003443283 0
1712 -0.0283953800344329 0.005144902096182812 0
1713 0.005144902096182063 0.02839538003443308 0
1714 0.028395380034433 -0.005144902096182356 0
1715 -0.0109583460924769 -0.01674734106574211 0
1716 -0.02831894722424349 -0.005376364369818258 0
1717 0.00537636436981777 -0.02831894722424357 0
1718 -0.005376364369816977 0.02831894722424419 0
1719 0.02828979356173692 0.005368239000716782 0
1720 -0.004933521589077956 -0.001204660647878436 0
1721 -0.01651058051223261 -0.01092278117447334 0
1722 -0.006918893082673611 -0.0003380972557535658 0
1723 0.009035162118412472 -0.01197927880333209 0
1724 -0.01912884015513653 -0.003894496323065877 0
1725 0.002972657198840689 0.02207482942225966 0
1726 0.005021919771787644 -0.01040626933298374 0
1727 -0.003896314264887024 -0.01913314707204091 0
1728 -0.0003280479037598338 0.002686472230707618 0
1729 -0.01868035338609523 -0.01930985332768191 0
1730 -0.01930985332768233 0.01868035338609541 0
1731 0.01930985332768239 -0.01868035338609535 0
1732 0.01868035338609552 0.01930985332768279 0
1733 -0.002555155075036365 0.01703480292294823 0
1734 -0.006189134488666705 -0.009718737274631576 0
1735 -0.02103514969518012 -0.003623869717026276 0
1736 -0.003807028365768305 0.02105294449218041 0
1737 0.02126469677230267 0.001154178314733064 0
1738 0.021085597373814 -0.003821104810746259 0
1739 -0.003746261222334563 -0.02104858974822197 0
1740 -0.002873709252363938 0.01063810994914458 0
1741 0.01940409050456762 -0.002093463846014433 0
1742 -0.004192634983894048 -0.01188112261677117 0
1743 -0.002151932609605028 0.00333679462802867 0
1744 0.0230940077804847 -0.002177510129058471 0
1745 -0.002176821273899238 -0.02310484016078028 0
1746 -0.003204234109064738 0.02424316229055143 0
1747 -0.0242290796362354 -0.003214606989147659 0
1748 -0.0002070737328521669 -0.01849357602456234 0
1749 0.0009757993351432294 -0.0001570625798514852 0
1750 0.009172212122697119 -0.01367898939198587 0
1751 -0.01481076302683625 -0.0160203832144633 0
1752 -0.0160972996172292 0.01490713316700477 0
1753 0.01609729961722921 -0.01490713316700482 0
1754 0.01490131166376069 0.01610929036984423 0
1755 0.008094070838362064 0.001145137983617093 0
1756 0.01402922688211738 -0.00925711224332138 0
1757 0.0007037209712985656 -0.02215563393149313 0
1758 0.01240175942478298 -0.0119755307340912 0
1759 -0.01260980448066819 0.01195910589618708 0
1760 -0.01853761383790319 -0.0003177938686403691 0
1761 0.01705572077231596 -0.002525432822029916 0
1762 -0.011158668179295 -0.009719294173313797 0
1763 -0.006588860293817327 -0.005895148790869331 0
1764 0.01276281632661218 0.01062965775906173 0
1765 -0.007723214549188831 -0.01328510995288187 0
1766 -0.01331718717622008 -0.007747289238109854 0
1767 0.02011102083429502 -0.0001721256664699188 0
1768 -0.02229283452163728 -0.0004963461421566739 0
1769 -0.01377232244307344 -0.002104412686809478 0
1770 -0.002097608443454096 -0.01374927021218405 0
1771 0.00935091336276081 0.01999343806551581 0
1772 -0.006150998190215391 -0.002885835277666052 0
1773 -0.01611732005541597 -0.01489392175373731 0
1774 0.01490031669161633 -0.01609855719643459 0
1775 -0.01490031669161633 0.01609855719643461 0
1776 0.01610175704991942 0.0148999097230755 0
1777 0.003315056850184245 0.01263286072528668 0
1778 -0.005522309367464543 0.009116817670007347 0
1779 0.01583772120128881 0.002353687063750974 0
1780 0.01677294680206343 0.01096274495492807 0
1781 -0.01081836761271723 -0.002272711336629614 0
1782 0.0203594330407936 0.006459885916833494 0
1783 0.00418466899227214 -0.0005496361643252945 0
1784 -0.01218115662119842 -0.009151335386571915 0
1785 0.01386334193764968 0.01674664653500122 0
1786 0.01042952623596264 -0.01482418102595414 0
1787 0.01471439120120552 0.0009972443600168583 0
1788 0.01268176055553262 0.01411278483794801 0
1789 0.01698117982881818 0.006845598320082721 0
1790 0.003363517552302878 -0.002219758101764693 0
1791 0.003574147019881932 0.01632423266420875 0
1792 0.006935277052667196 -0.01139792326591622 0
1793 -0.0113979015034268 0.006935125100828296 0
1794 -0.009883913440485757 -0.006406558055654997 0
1795 -0.00818539462184247 0.01546477171345911 0
1796 0.01545163712404668 -0.00817366136371505 0
1797 0.01551501840623725 -0.01023139373834518 0
1798 0.006918901224083716 0.02381258097126377 0
1799 0.0126997360580505 0.007056798832336905 0
1800 -0.01722327909853276 0.009888960266670268 0
1801 0.009887288792022034 -0.01722477948374878 0
1802 0.02147805775555967 0.004962578305698205 0
1803 0.003828381805870315 0.02424816126587553 0
1804 -0.007641859512076048 0.003713739495498721 0
1805 0.003725393710592745 -0.02066482153369166 0
1806 -0.01569338406351879 0.02235098294298371 0
1807 0.02235098294298384 0.01569338406351873 0
1808 -0.02235098294298355 -0.01569338406351906 0
1809 0.01569338406351899 -0.02235098294298365 0
1810 -0.00387482557539545 -0.02419906544947197 0
1811 0.02419985777922637 -0.003874563530347011 0
1812 -0.02418157512820343 0.003836711805554983 0
1813 0.002089048630235228 0.007806191586507793 0
1814 0.01784869884857205 0.004956770647456483 0
1815 0.01369837769946296 0.01479649204111085 0
1816 -0.004131748216899357 -0.006991632699755725 0
1817 -0.02067544165759617 0.003725349647328439 0
1818 -0.01915729914897022 -0.01506298174366314 0
1819 0.01506298174366378 -0.01915729914897049 0
1820 -0.0150629817436637 0.01915729914897049 0
1821 0.01915729914897077 0.01506298174366435 0
1822 -0.01563448822399136 0.00432883586623039 0
1823 0.004328752369486274 -0.01563457044932146 0
1824 -0.0007025714679363584 -0.006600242567406438 0
1825 -0.01507552712936224 0.01018568449715092 0
1826 0.005543412154447641 -0.01999747885686975 0
1827 0.01035247539105046 0.01202626419145333 0
1828 0.009297053928146139 -0.005383765013398857 0
1829 -0.01999816151864487 0.005543702622203744 0
1830 -0.004812451446774356 -0.006219147291924222 0
1831 -0.002145224180245644 -0.009812658078340421 0
1832 -0.005480996407239389 0.01135250454385241 0
1833 0.01137376616517989 -0.00547081699945142 0
1834 0.008236589642653299 -0.0002470778577394644 0
1835 0.02402812719269435 0.001840635113063402 0
1836 0.008663126792199239 0.01196723496752904 0
1837 -0.01197003634614443 0.0088903507154436 0
1838 0.02032129252884047 0.00266691336476769 0
1839 0.01993485293877137 0.009451358100107027 0
1840 0.001105945382068728 0.02120692835391049 0
1841 -0.00234497055936128 -0.007772469901426967 0
1842 0.01541806917976582 0.007999436624667145 0
1843 -0.01512617550913541 -0.00826025409731793 0
1844 -0.008295550681875534 -0.01505977997870836 0
1845 0.01402451848834607 -0.01133279423681495 0
1846 -0.001936165198237538 -0.0001514073307539786 0
1847 -0.009299401701365515 0.01410561388527105 0
1848 0.01115200602558897 0.01277286365394631 0
1849 -0.01181123011270717 -0.01228224836658857 0
1850 0.02065864870548221 0.02061278430349556 0
1851 -0.02061278430349555 0.02065864870548227 0
1852 0.02061278430349561 -0.02065864870548222 0
1853 -0.02065864870548228 -0.02061278430349559 0
1854 -0.0145712337351971 -0.01035981146960277 0
1855 0.01134808744487023 -0.007315824385555182 0
1856 -0.007346770334984471 0.01134590596842907 0
1857 -0.00516187825979891 0.005827255888819436 0
1858 -0.009100472459970321 -0.01213336663702539 0
1859 0.007446484752835941 -0.02513230100775911 0
1860 0.004282724850463421 0.01465500601958588 0
1861 -0.0004125442164571877 0.02692165100600261 0
1862 0.02695482332553081 0.000405227042441466 0
1863 -0.02692165100600195 -0.0004125442164570059 0
1864 0.0004120169125344075 -0.02692164341520861 0
1865 0.002784919575242408 -0.004302215943533569 0
1866 -0.0199474918334665 -0.01438550137310582 0
1867 0.01438550137310607 -0.01994749183346691 0
1868 -0.01438550137310588 0.01994749183346696 0
1869 0.01993284586418655 0.01437848002012578 0
1870 0.001101597805728535 0.006208445679249638 0
1871 -0.02516144959410188 0.007442688324861937 0
1872 -0.009156098399300146 -0.003680690714303235 0
1873 0.0191712203353781 0.02191332905343868 0
1874 0.02191332905343856 -0.01917122033537817 0
1875 -0.0219133290534385 0.01917122033537824 0
1876 -0.01917122033537831 -0.02191332905343838 0
1877 -0.001748005967087582 0.01357053817772335 0
1878 -0.008610401253590402 -0.005390116828449559 0
1879 0.01061047588923169 -0.002892452529147014 0
1880 -0.003019835318550569 -0.006869084141480344 0
1881 0.01390684023704403 0.002787095899047786 0
1882 -0.0103314327000031 0.002031371440040593 0
1883 -0.01080078545474469 0.01131092811362632 0
1884 -0.007723335670759286 -0.006335617085648712 0
1885 -0.009061265773539103 0.01215671999981022 0
1886 -0.003759125829824285 0.007347169782713072 0
1887 0.02222584786084035 0.01857072493153702 0
1888 -0.01857072493153712 0.02222584786084034 0
1889 0.01857072493153722 -0.0222258478608403 0
1890 -0.02222584786084031 -0.01857072493153731 0
1891 -0.02250223221063383 -0.002459603325511712 0
1892 -0.002505722475346946 0.02260231687431019 0
1893 0.01423141061896168 0.004580145071363314 0
1894 0.004929954708540941 0.02116473546684623 0
1895 0.0245179647545865 0.0122525393520126 0
1896 0.004832085501571654 0.004771394290540039 0
1897 0.01098882253834971 -0.009676399134241297 0
1898 -0.01621035723486886 -0.005185339236103859 0
1899 -0.005184173981149896 -0.01621137222727217 0
1900 0.01225224484334423 0.02451714192319984 0
1901 -0.01024647049604732 -0.0153142199532299 0
1902 -0.02117657624852287 -0.01551791725343799 0
1903 -0.0155179172534378 0.02117657624852306 0
1904 0.01551791725343797 -0.02117657624852303 0
1905 0.02117657624852322 0.01551791725343778 0
1906 -0.01064033448315496 0.01300784508207408 0
1907 -0.02905949151048776 -0.001223263515893148 0
1908 0.001223263515892966 -0.02905949151048772 0
1909 -0.00122326351589295 0.02905949151048797 0
1910 0.02905949151048794 0.001223263515892781 0
1911 -0.01082536537569467 0.007739128731432653 0
1912 0.007689041963202044 -0.01072837977555671 0
1913 -0.01654218590308653 0.004626156965648688 0
1914 0.004626061958701865 -0.01654207757508684 0
1915 -0.009830945422433342 -0.01724040758379874 0
1916 -0.01720427037478253 -0.009833355426878767 0
1917 0.02386419172944705 0.006958850008894357 0
1918 -0.009650751457037358 0.01307945780697177 0
1919 -0.02709415673023297 -0.005341932834523986 0
1920 0.005221668211661579 -0.0271159452561472 0
1921 -0.005341932834522397 0.02709415673023271 0
1922 0.02716148647195447 0.005263043449441476 0
1923 -0.005177489622952893 -0.02704724141527479 0
1924 -0.02711807550659705 0.005223206895524234 0
1925 0.005213623658344827 0.02709900513073747 0
1926 0.02704724141527499 -0.00517748962295185 0
1927 -0.02727415394491259 -0.001491693422447024 0
1928 0.00149169342244662 -0.02727415394491259 0
1929 -0.001491693422446792 0.02727415394491393 0
1930 0.02730121961684683 0.001519111973764398 0
1931 0.02407793122007271 0.00572913336951803 0
1932 0.004821985528384696 -0.0208282343549395 0
1933 -0.02083907001172375 0.004819846168071342 0
1934 0.002481092479828021 -0.02257433904021653 0
1935 -0.01408641923873462 0.0007478651673616329 0
1936 0.0008263381291155336 -0.01411232145053085 0
1937 -0.003725287583486108 0.002241278937144794 0
1938 -0.01506480198977744 -0.01928118926778447 0
1939 -0.01928118926778463 0.01506480198977789 0
1940 0.0192811892677846 -0.0150648019897778 0
1941 0.01506480198977824 0.01928118926778479 0
1942 -0.0008463406486843735 -0.02506613726224136 0
1943 -0.02507062489527064 0.0008597912712789336 0
1944 0.02506362429064895 -0.0008453589902062922 0
1945 0.0008012306509464158 0.02505643095445235 0
1946 0.01438724497588014 0.01993318404529113 0
1947 0.01994574444486354 -0.01439217388391553 0
1948 -0.0199457444448636 0.01439217388391583 0
1949 -0.01439217388391601 -0.01994574444486353 0
1950 -0.02673969880343833 -0.01144840406869317 0
1951 0.01144840406869284 -0.02673969880343836 0
1952 -0.01144840406869217 0.02673969880343835 0
1953 0.02671810548476663 0.01145527100758413 0
1954 -0.002017624905418555 0.007720087720929318 0
1955 0.006071170514719147 -0.003002292062021916 0
1956 -0.01144799440924748 -0.02674000031006617 0
1957 -0.02674000031006629 0.01144799440924718 0
1958 0.02674000031006635 -0.01144799440924654 0
1959 0.01145469885918889 0.02671814294311423 0
1960 0.01230185253839359 0.01228710590845993 0
1961 0.007580603372838579 -0.01491828864814761 0
1962 -0.01492566407270532 0.007547289092256416 0
1963 -0.004933078544500249 0.01926685593274482 0
1964 -0.01115354037112818 0.01618357246794636 0
1965 0.01611473876840587 -0.01110357682342819 0
1966 -0.0003637285028233879 0.005045793680064941 0
1967 0.01926668028958631 -0.004933779894427839 0
1968 -0.002653027334678706 -0.02598834555141051 0
1969 -0.02598737814502406 0.002668210633128673 0
1970 0.02598834555141079 -0.002653027334677669 0
1971 0.002668210633127683 0.02598737814502434 0
1972 0.01601215584962456 -0.004324551456476977 0
1973 0.002448408926867787 0.008979408886715157 0
1974 0.02820236340439327 0.00711509717542384 0
1975 -0.007120800224388676 0.02817816647977689 0
1976 0.007124285164343979 -0.02817696202124685 0
1977 -0.02817816647977658 -0.00712080022438913 0
1978 0.01570433003701255 -0.003282365417941435 0
1979 0.001923827269179297 0.001340074867398528 0
1980 -0.007399532505221899 0.0247153360751439 0
1981 -0.02471533607514353 -0.007399532505223174 0
1982 0.01912071926701711 0.001535194497064464 0
1983 0.02705642347800222 0.003443134379158903 0
1984 -0.02817646350279772 0.007124848176382766 0
1985 -0.007121370100465691 -0.02817766169505922 0
1986 0.007124672177916496 0.02817584313865656 0
1987 0.0281776616950595 -0.007121370100465081 0
1988 -0.006499582580927123 -0.01358076954347033 0
1989 -0.01356372400129525 -0.006302017054622971 0
1990 0.02472484453812994 -0.00738802054383432 0
1991 -0.007388020543835379 -0.02472484453812955 0
1992 4.70223718676576e-05 0.02037472112352681 0
1993 -0.02100345979386713 -0.004978707331735254 0
1994 -0.004952428208496171 0.02104445787259348 0
1995 0.007873778655827281 -0.008153592696614314 0
1996 -0.006429029796517364 -0.004813255268604309 0
1997 -0.007103561306847974 -0.007925915635538662 0
1998 0.001692179122621318 -0.00280798866410523 0
1999 0.0232660835180302 0.01070628774377676 0
2000 0.01724830674850278 0.00996352126124578 0
2001 0.01070612213785249 0.02326555987725783 0
2002 -0.002078599197162999 -0.02892112031883551 0
2003 -0.02892112031883551 0.002078599197162731 0
2004 0.02892112031883576 -0.002078599197162745 0
2005 0.002078599197162473 0.02892112031883577 0
2006 0.003443235073267432 -0.02706149432562543 0
2007 0.02476117458296403 0.00941843588043487 0
2008 0.01734965860604501 -0.01002256567588516 0
2009 -0.01002248224981979 0.01734920957589317 0
2010 -0.004883158167640629 0.007408434762405916 0
2011 -0.004390448332530145 0.01602240327158862 0
2012 -0.004977379380447396 -0.0210050211300252 0
2013 0.02104775171773401 -0.004952468198846508 0
2014 0.01176077579972838 -0.002889771668004369 0
2015 0.00941919194068689 0.02476074152851921 0
2016 -0.006187383113052941 0.01453352182285516 0
2017 0.01453443189138746 -0.006184558098822551 0
2018 0.0183858323333418 0.0002031379118525302 0
2019 -0.01397696896424303 -0.0166909378819445 0
2020 0.007658634005880452 0.01544406298079894 0
2021 -0.002722457789654997 0.02600051362936535 0
2022 -0.02600051362936527 -0.002722457789656361 0
2023 0.01673489540590994 -0.01402896487567246 0
2024 -0.01673570349437192 0.01402987088434045 0
2025 0.01231627409924067 0.003162607259172985 0
2026 -0.004105833251798477 -0.003911000710514284 0
2027 -0.001400144305642279 -0.005826549756341172 0
2028 0.00273077365425077 -0.02599897170235091 0
2029 -0.01807360186673301 -0.005741773636366557 0
2030 -0.003227800761080066 0.01585307500032958 0
2031 0.0260082279425022 0.00263587564992216 0
2032 -0.005741795108666416 -0.01807291847810831 0
2033 0.004453691179680415 0.01947523117272441 0
2034 0.007588106681362701 -0.00204234313576776 0
2035 0.004408177001738855 0.02530097890164972 0
2036 0.0184294259167866 0.008655425111897239 0
2037 -0.01358261322315409 0.02397818459127206 0
2038 0.02400039636366043 0.01355547203533586 0
2039 0.01358261322315432 -0.02397818459127192 0
2040 -0.02397818459127171 -0.01358261322315425 0
2041 0.01361464895399662 0.02399570245936367 0
2042 0.02396994984723287 -0.01372041187083355 0
2043 -0.02396994984723271 0.01372041187083392 0
2044 -0.01372041187083426 -0.02396994984723246 0
2045 0.003261990069146145 -0.01544610345045537 0
2046 -0.01544571202532989 0.003260793223962196 0
2047 0.009122321968607234 0.02184748606152474 0
2048 -0.001932783885949522 0.006656894864755607 0
2049 -0.001154258563695206 0.009280500900765371 0
2050 -0.01701070660314674 -0.001179557423622182 0
2051 -0.005604771622580029 -0.008495977730286737 0
2052 -0.001266803369699492 -0.01705367084298821 0
2053 0.01079668871298725 -0.01139848850293011 0
2054 -0.004797507362433943 0.0007342686416564357 0
2055 0.003324411996402829 0.01917556707604506 0
2056 0.02544070697745928 0.0139501325794015 0
2057 -0.0139501325794017 0.02544070697745919 0
2058 0.01395013257940197 -0.02544070697745903 0
2059 -0.02544070697745893 -0.01395013257940219 0
2060 0.006087135412874428 0.0150884890717846 0
2061 0.01517903575307579 0.006196032655662764 0
2062 -0.01383867512700213 0.009070764510143894 0
2063 -0.0003584596867332547 0.00780558345481634 0
2064 -0.01661688569825552 0.02258534889646468 0
2065 0.02258534889646478 0.01661688569825543 0
2066 0.01661688569825567 -0.02258534889646463 0
2067 -0.02258534889646454 -0.01661688569825577 0
2068 0.006971142502909794 0.01393480971442352 0
2069 0.000213683572429514 0.02332300927569703 0
2070 0.01861786363795347 0.003391200273172774 0
2071 0.006902904634485361 0.009883546466150155 0
2072 0.003236454778816324 0.01450500309450478 0
2073 -0.008981020552894415 -0.009673538791411409 0
2074 -0.003455990833136139 0.02708993220020611 0
2075 -0.02708993220020649 -0.003455990833137099 0
2076 0.01393111531797656 0.02545754015291764 0
2077 0.02545754015291743 -0.01393111531797686 0
2078 -0.02545754015291718 0.01393111531797727 0
2079 -0.01393111531797761 -0.02545754015291694 0
2080 -0.0006974292982498963 0.0006871441330063245 0
2081 0.005261928059025473 0.01192080064171912 0
2082 0.01821348871340707 -0.008517192168262949 0
2083 -0.008517409407189454 0.0182139000988971 0
2084 0.01975738453518947 0.004655348275978373 0
2085 -0.02546117543627499 0.004358912583333185 0
2086 0.0004268833551263322 -0.003704796003305609 0
2087 0.01146628232255473 -0.01055390306733632 0
2088 -0.01158985340485006 0.004829440235164841 0
2089 0.004926600696799262 -0.01159743520015608 0
2090 -5.683652674023243e-05 -0.002869422398184073 0
2091 -0.005380043292612258 -7.606659185814068e-05 0
2092 -0.008735001358068066 0.002441748204456936 0
2093 0.009772050143719657 -0.0112445409450159 0
2094 -0.02350048139539068 -0.01097212783584085 0
2095 -0.01097212783584016 0.02350048139539104 0
2096 0.01097212783584056 -0.02350048139539092 0
2097 -0.001845305105396887 0.00177446107023093 0
2098 0.0157567803871847 0.00695265439269628 0
2099 -0.003069984700870314 -0.003397537386525083 0
2100 -0.01097162292215224 -0.0234997026636586 0
2101 0.02349970266365892 -0.01097162292215147 0
2102 -0.02349970266365881 0.01097162292215197 0
2103 0.000424553037008344 -0.006293240645952538 0
2104 0.01243937729158787 -0.009052956596363994 0
2105 -0.007199153702272879 -0.003243639213180739 0
2106 -0.002820527218302614 -0.01079321241114088 0
2107 -0.008016799805447302 -0.00239263146520619 0
2108 -0.000386569272731188 0.006780123991423509 0
2109 -0.01132271579599168 -0.01079444962473095 0
2110 0.009897754972782601 0.0174476909185156 0
2111 -0.01938288855725934 -0.01709935899853245 0
2112 0.01709935899853286 -0.01938288855725961 0
2113 -0.01709935899853286 0.01938288855725959 0
2114 0.01938288855725986 0.01709935899853324 0
2115 0.009390128017481188 -0.007153635610031183 0
2116 0.01292984342975531 0.008910690728057506 0
2117 -0.01150665988874475 0.02166858798612302 0
2118 0.01150675284697847 -0.02166767292007978 0
2119 -0.02166788428834977 -0.01150657075996364 0
2120 0.02181255148221505 0.009196795837523173 0
2121 0.006626568251490983 -0.0009110436525042071 0
2122 0.02166722695379028 -0.01150656990052648 0
2123 -0.02166631651252111 0.01150665801094075 0
2124 -0.01150647868501686 -0.02166652493558386 0
2125 -0.007710811440146626 -0.01919972406998367 0
2126 -0.01919981790423932 -0.007711470675570267 0
2127 -0.005725627576850318 -0.02443849676148499 0
2128 0.02443849676148501 -0.005725627576849268 0
2129 0.001896730888560647 -0.01025007661540208 0
2130 0.01201087183307692 0.002297500700151128 0
2131 0.009257649810264904 0.007026798706946649 0
2132 0.005960459795921612 -0.01021338441508154 0
2133 0.009938322150643868 -0.006266045226527783 0
2134 -0.006324010916471211 0.009925958710329167 0
2135 -0.006165935932616698 -0.001778153464941814 0
2136 0.008514497267604254 0.01688550427387518 0
2137 0.0007722877175243789 0.01122305220599376 0
2138 -0.01174701412564222 0.02276023207379508 0
2139 0.01174702961868146 -0.02276007956278779 0
2140 -0.02276011479083257 -0.01174699927084586 0
2141 0.01740750058758265 -0.0009322447136336709 0
2142 0.02275096157066839 -0.01174564289171909 0
2143 -0.02275080983045679 0.0117456575767885 0
2144 -0.01174562768913475 -0.02275084456763372 0
2145 -0.0007933600986272992 -0.004871702011318651 0
2146 -0.005960162170434296 -0.006602250342669694 0
2147 -0.02520863794228126 -0.01082403378711441 0
2148 -0.01082403378711361 0.02520863794228167 0
2149 0.01082403378711416 -0.02520863794228149 0
2150 -0.01082388082916748 -0.02520779585995163 0
2151 -0.02520779585995184 0.01082388082916726 0
2152 0.02520779585995203 -0.0108238808291667 0
2153 0.0005976659788021328 0.009213888745764438 0
2154 0.004764218023065273 -0.01898684374441428 0
2155 -0.01898659828750027 0.004764325288718881 0
2156 -0.0129421522240715 -0.009740574221863987 0
2157 -0.02180317913834282 0.0007586491511258531 0
2158 -0.002155276639458633 -0.001196652416835606 0
2159 0.0119404460307064 0.01575567599529564 0
2160 -0.01702418852788514 -0.01404922927963914 0
2161 -0.01404975871069401 0.01702076565690111 0
2162 0.01405000406365556 -0.01702135541938611 0
2163 0.01702207050050903 0.01405018036657011 0
2164 0.00150432440721051 -0.006966599629899907 0
2165 -0.004519021001870917 -0.01688877181841875 0
2166 -0.01688931425129486 -0.004519154991416438 0
2167 -0.01883574340263908 0.00717980527119434 0
2168 0.007180112020797224 -0.01883597282649214 0
2169 0.005718583427979836 0.009459987694509906 0
2170 0.01112232862196101 0.006276331313305491 0
2171 -0.003548938101197933 0.006263586140784332 0
2172 0.005543086895617333 0.0169596133166182 0
2173 -0.01068258726401985 -0.007839947803568807 0
2174 0.005225577809408404 -0.0013188891286709 0
2175 -0.007810640547394771 -0.01076282757586878 0
2176 -0.01317322076895036 0.02140974390464958 0
2177 0.02139670701094608 0.01323299241320997 0
2178 -0.02140974390464938 -0.01317322076895079 0
2179 0.01317322076895066 -0.02140974390464958 0
2180 -0.003210795887984038 -0.01818791513285033 0
2181 -0.02085618356577267 -0.01463598975258851 0
2182 0.01463598975258858 -0.02085618356577292 0
2183 -0.01463598975258841 0.02085618356577294 0
2184 0.02086097840369123 0.01465703097704015 0
2185 -0.0181833829995739 -0.00320981327135792 0
2186 0.0001026434772629382 0.01837633625219044 0
2187 0.021300359541529 0.01172916085841744 0
2188 -0.01828848288486808 -0.002208646192527876 0
2189 -0.02429140683139165 0.005864974954096181 0
2190 -0.002212004943809814 -0.01831658096437802 0
2191 0.01172793070790465 0.02130013319555435 0
2192 -0.0004921219963576305 -0.01285070626134345 0
2193 -0.0104630614750532 0.00487033057445436 0
2194 -0.001998225040352067 -0.02125457740114428 0
2195 0.0004856606533918908 0.008143095060667089 0
2196 0.01367833062617779 -0.007759240345243046 0
2197 -0.007759172678145039 0.0136783534428931 0
2198 -0.009665214153294372 -0.0009489175465947188 0
2199 -0.01463086407445138 0.004768702210960828 0
2200 0.004768687255626586 -0.01463090869352296 0
2201 -0.004985543222587542 -0.003165612618656663 0
2202 0.002574680444470439 -0.009473225198614729 0
2203 0.02138461049880953 -0.0131466007092037 0
2204 0.01321542115561152 0.02136903506646603 0
2205 -0.01314660070920419 -0.02138461049880934 0
2206 -0.02138461049880952 0.01314660070920406 0
2207 0.02190063699287895 -0.0007322057483520406 0
2208 -0.0009110442406279076 -0.02155293450721751 0
2209 -0.007183069447816709 -0.009703601760880934 0
2210 -0.01476548878817419 -0.0208329833979719 0
2211 0.02083298339797191 -0.01476548878817388 0
2212 -0.02083298339797193 0.01476548878817414 0
2213 0.01476490201340773 0.02083148811230855 0
2214 0.002667053972623755 0.007221197056857933 0
2215 0.02509623952618131 0.005489729094301678 0
2216 -0.01364880658818763 0.01137773367680904 0
2217 0.004226948537659046 0.002864096123152703 0
2218 0.02278144569552643 0.0118681933680326 0
2219 0.01186880290789176 0.0227804753180442 0
2220 0.01473807318103333 0.003202719432456939 0
2221 -0.002181228681135683 0.01447178960006151 0
2222 0.004021095883074186 0.02871925518568843 0
2223 0.02871925518568831 -0.004021095883074651 0
2224 -0.02871925518568817 0.004021095883075154 0
2225 -0.004021095883075589 -0.02871925518568806 0
2226 0.01930612980548735 0.006357513623505281 0
2227 0.00812146027320837 0.00519574403463407 0
2228 0.01328891382443717 -0.004739517438708808 0
2229 0.008497333775037084 -0.01657561401892363 0
2230 -0.01657521603049194 0.00849755189665773 0
2231 0.007309556269716724 0.007864903230845651 0
2232 0.02534836492310084 0.004322069425864226 0
2233 -0.001204315714679368 -0.01102173630472406 0
2234 0.01017994256884252 0.02050578592788821 0
2235 0.02547374321584926 -0.004253375086071815 0
2236 -0.004253388728567972 -0.02547370196586195 0
2237 0.01114409841751069 0.009908704886078062 0
2238 0.02119314386116352 -0.002090177807611888 0
2239 -0.01153268735559611 -0.01436354474083198 0
2240 0.005703393171666335 0.02413372497446425 0
2241 0.004786827190384553 0.02340183223412727 0
2242 -0.004454886246908954 0.01420481707825993 0
2243 0.009783571085868435 0.005469013590983201 0
2244 -0.001220020589871379 -0.02302706708713353 0
2245 0.02297118282176821 -0.001187111579388495 0
2246 -0.006503380377204536 0.004405121433032719 0
2247 0.02063298190671158 0.004379630247371167 0
2248 0.024119533924095 0.01660268076347364 0
2249 -0.01660268076347367 0.02411953392409496 0
2250 0.01660268076347374 -0.02411953392409492 0
2251 -0.02411953392409487 -0.01660268076347379 0
2252 0.01380855414596735 0.007194750638150158 0
2253 -0.001359911925940584 0.004782180826002368 0
2254 0.002550166904351667 -0.003044503797953067 0
2255 0.01852561419021936 0.0226076569131701 0
2256 0.02260765691317 -0.01852561419021945 0
2257 -0.02260765691316995 0.01852561419021955 0
2258 -0.01852561419021966 -0.02260765691316986 0
2259 -0.01889013192769405 -0.006572513005452813 0
2260 -0.006572634573003868 -0.01888986526520795 0
2261 0.02052310210025073 0.01015562815849099 0
2262 -0.002003228871901995 -0.0156157490870466 0
2263 -0.01560679853084874 -0.002003072244199377 0
2264 0.01872841678714952 0.02095604932260814 0
2265 0.02095604932260792 -0.01872841678714961 0
2266 -0.02095604932260785 0.01872841678714972 0
2267 -0.01872841678714981 -0.02095604932260762 0
2268 -0.006288525588864067 0.02027878807729069 0
2269 0.0106522620738356 -0.01295148220418891 0
2270 -0.0174062690394237 0.0009838592313340814 0
2271 0.005066824463371005 0.001100140951748817 0
2272 -0.005941408904553226 0.001710672709873618 0
2273 0.001434182560621054 -0.01754410931372392 0
2274 0.02028089854670874 -0.006288430064977686 0
2275 0.01457230255842356 0.01418105919072677 0
2276 -0.01414599690060106 0.01455303514755201 0
2277 0.01414589460237737 -0.01455304621958775 0
2278 -0.01452511935934673 -0.01426416608637361 0
2279 0.009571908253329875 -0.01288592711737623 0
2280 0.009741064641560899 -4.143202972298351e-05 0
2281 0.01579350771147104 -0.01194698140736696 0
2282 -0.01589450377573781 0.0117894288130699 0
2283 -0.01002520329214583 -0.003902428707080156 0
2284 0.005502743166542827 0.02513365015600767 0
2285 -0.01296578982121635 -0.01071198471286952 0
2286 0.008795380485481074 -0.003328926553308463 0
2287 0.01369646612858042 -0.001803986144405924 0
2288 -0.004491223724241111 -0.007959467891561361 0
2289 -0.01722779929499829 0.002074779017579448 0
2290 0.005680339786905269 -0.005839743321945865 0
2291 0.004845970885816462 -0.006316133256865272 0
2292 0.004132745674023984 0.01286389037154908 0
2293 0.0137267932078423 -0.006599908679667371 0
2294 -0.006600752865204319 0.01372607767161364 0
2295 0.007625437905768199 -0.02288635714289886 0
2296 -0.01545999951100105 -0.02475823094592586 0
2297 -0.02475823094592595 0.01545999951100064 0
2298 0.02475823094592602 -0.01545999951100028 0
2299 0.01545999951099994 0.02475823094592608 0
2300 0.00566095124719162 -0.01819834049053887 0
2301 -0.01819794952037045 0.005661133681456938 0
2302 -0.000668301175622988 -0.008580651152466803 0
2303 -0.02606429670532257 -0.00912077361692153 0
2304 0.009125135047118631 -0.02602692884388116 0
2305 -0.009120773616920833 0.0260642967053229 0
2306 0.02602003668525017 0.009146366547763437 0
2307 -0.02290856022765711 0.007617741607443537 0
2308 -0.009120882956921823 -0.02606389998044085 0
2309 -0.02602660756720299 0.009125121332001062 0
2310 0.02606389998044114 -0.009120882956921057 0
2311 0.009146779315712965 0.02602025314781533 0
2312 -0.0002038789752646654 -0.02778463108376282 0
2313 -0.02778463260192152 0.0002037735144798393 0
2314 0.0277912670658277 -0.0002052369492830595 0
2315 0.0002037735144796162 0.0277846326019221 0
2316 -0.0124549241238816 -0.00805289476815749 0
2317 -0.008112305138668729 -0.01232147823116841 0
2318 -0.00882528332564006 -0.01838920866031161 0
2319 -0.01838962011137057 -0.008825394378323656 0
2320 0.0007205286488491593 -0.009092048261768078 0
2321 -0.008931888043345061 0.0009294046175208799 0
2322 -0.01664446857219845 -0.00880204785912932 0
2323 -0.008887349765618179 -0.01665065759045132 0
2324 0.01634267486836654 0.02007797593737825 0
2325 0.0200779759373782 -0.01634267486836639 0
2326 -0.02007797593737821 0.01634267486836653 0
2327 -0.01634267486836636 -0.02007797593737815 0
2328 0.02216810185805274 0.00534324285263388 0
2329 -0.01926479047298324 -0.004743711959960368 0
2330 0.02356833770180394 0.004195723099491169 0
2331 -0.009506835812414434 0.02235644080593295 0
2332 0.009498653321947746 -0.0223327756003473 0
2333 -0.02233811037951183 -0.009502857417174276 0
2334 -0.01148005729757028 0.01042529585205944 0
2335 -0.004466176909300686 -0.00224357031330455 0
2336 0.008581242491169302 0.01364523498967723 0
2337 0.006414983716708605 -0.02163065105759338 0
2338 0.02235602470985724 -0.009506551528983871 0
2339 -0.02233256026713582 0.00949828394463062 0
2340 -0.009502539213804206 -0.02233772502970277 0
2341 0.006603598613322213 0.01937544476556465 0
2342 -0.0047435225074351 -0.01926285757225119 0
2343 0.003939546224410543 -0.005730944470712441 0
2344 0.006468089408532803 -0.02063010202011404 0
2345 -0.01518955226298133 0.02341709604264633 0
2346 -0.02341709604264618 -0.01518955226298156 0
2347 0.02341709604264642 0.01518955226298127 0
2348 0.01518955226298151 -0.02341709604264627 0
2349 -0.02163236512542563 0.006413656695070914 0
2350 0.005691670667887684 0.004141033471363761 0
2351 -0.02029513258493732 -0.01029133051736042 0
2352 -0.01029133051735945 0.02029513258493819 0
2353 0.01029133051735993 -0.02029513258493807 0
2354 -0.02063121764150162 0.006467008184392455 0
2355 -0.01029089617379084 -0.02029480688522456 0
2356 0.02029480688522546 -0.01029089617378986 0
2357 -0.02029480688522529 0.01029089617379036 0
2358 0.02062577773433685 0.01888113690693021 0
2359 0.01888113690693033 -0.02062577773433691 0
2360 -0.01888113690693026 0.02062577773433697 0
2361 -0.02062577773433704 -0.01888113690693037 0
2362 0.008421581847998266 0.02144320830479831 0
2363 -0.005924932495738066 -0.0108424168285024 0
2364 0.01689504317046176 0.00842124243645373 0
2365 -0.01181396529833173 -0.01593384287464272 0
2366 0.02591625609731976 0.01080990400360538 0
2367 0.006969483714576979 -0.00671680946173942 0
2368 0.004563646772476325 0.01750841786586741 0
2369 0.008379998422660923 -0.01507133234712739 0
2370 -0.01505823932730691 0.008340765794446628 0
2371 0.01080919089098192 0.02591571201153094 0
2372 -0.02285460009860022 -0.006278137221231304 0
2373 -0.00627813722123038 0.02285460009859964 0
2374 -0.01786383690341524 -0.02094760849935261 0
2375 0.0209476084993529 -0.01786383690341496 0
2376 -0.02094760849935284 0.01786383690341511 0
2377 0.01786383690341483 0.02094760849935311 0
2378 -0.01084450529017456 0.002685200558462912 0
2379 0.02285497222285557 -0.006277331714457404 0
2380 -0.006277331714458432 -0.02285497222285593 0
2381 0.002221425341676736 -0.01725696392007986 0
2382 -0.003997065730342896 -0.008625162826525921 0
2383 0.01619374107779964 -0.002255118113336794 0
2384 0.02092672992379821 0.003325258354523673 0
2385 0.01615447479664238 0.004159900718394695 0
2386 0.01093065487903709 -0.001326208854083335 0
2387 0.006630948752113145 0.004377086788909712 0
2388 0.0001923333791868569 -0.008219879354675497 0
2389 0.01478700722202956 -0.0119761669787374 0
2390 -0.01484343579303245 0.01201477052997497 0
2391 0.01282831804664689 0.01694248641083205 0
2392 0.007206945660441401 0.02717132075887548 0
2393 0.02721443947671888 -0.007146067153344386 0
2394 -0.02718523313524298 0.007215099595157943 0
2395 -0.007146067153345357 -0.02721443947671808 0
2396 0.0005374181704258196 0.01936642430013385 0
2397 -0.001320642572240783 -0.01392775012883338 0
2398 -0.01396344244452407 -0.001381562115942825 0
2399 -0.007171965129842616 0.00949195739496725 0
2400 -0.003467550799769928 -0.02738669452688964 0
2401 -0.02738669452688965 0.003467550799769516 0
2402 0.02738669452688975 -0.003467550799768904 0
2403 0.003467550799768473 0.0273866945268898 0
2404 -0.01390043506368881 -0.009520432104015602 0
2405 -0.02721731479279859 -0.007162851333306042 0
2406 0.007195658905899666 -0.02719545233821309 0
2407 -0.007162851333305881 0.02721731479279918 0
2408 0.02708624457433748 0.007010719158533024 0
2409 -0.001451712718805692 -0.004058035291678827 0
2410 0.007592762958282418 0.01760901214938392 0
2411 0.006313739803667767 0.0001603166421594491 0
2412 0.001580192601197636 -0.02274026382944928 0
2413 0.01910253903731712 -0.0004813508906167074 0
2414 0.01082195463435309 0.0136078349596804 0
2415 -0.002055352315150717 -0.02784621020992921 0
2416 -0.02784621020992922 0.002055352315150299 0
2417 0.02784621020992972 -0.002055352315150388 0
2418 0.002055352315149939 0.02784621020992973 0
2419 0.01999284817748642 -0.003562868444018099 0
2420 0.001764395634234843 0.01863166285106265 0
2421 -0.00356355610991198 0.01998798693426795 0
2422 -0.001029886490210642 0.01164373393931524 0
2423 -0.02059607782384756 -0.006611669240138259 0
2424 -0.02871765927634927 -0.004488712298187878 0
2425 0.004488712298187383 -0.02871765927634926 0
2426 -0.004488712298186622 0.02871765927634937 0
2427 0.02871765927634936 0.004488712298186175 0
2428 -0.001376988090492855 0.003585842005476504 0
2429 -0.009013511183249147 -0.002691014350229404 0
2430 -0.006610306973402805 -0.02059701297277691 0
2431 -0.01066167078779655 -0.01145897390361616 0
2432 0.004553789820760812 -0.02542212924518556 0
2433 -0.02659157159904475 -0.004421139408379996 0
2434 -0.004421139408378546 0.02659157159904427 0
2435 -0.001888576757081767 0.02092053950689896 0
2436 -0.006101959828057477 0.002774479002515137 0
2437 1.365447481237394e-05 -0.0009291513615001971 0
2438 -0.002518648308460369 -0.004508857520606285 0
2439 0.009122185321249136 -0.009717952801587723 0
2440 0.01434505713405632 -0.004379339857728134 0
2441 -0.006729399217074095 0.01925824503783867 0
2442 -0.005249573218285049 -0.009383076782723283 0
2443 0.003511331684598025 -0.02231443619886535 0
2444 -0.0008400479751873737 0.02125216251929461 0
2445 -0.01590803221028899 -0.01191262638526227 0
2446 0.01181056439164452 -0.01593401689371152 0
2447 0.0159662889428369 0.01181015527916713 0
2448 0.01926098979065759 -0.006731593840593273 0
2449 0.004619244055039506 0.01358795730515347 0
2450 0.0141337130001161 -0.01302992083797736 0
2451 -0.01413371300011595 0.01302992083797747 0
2452 -0.01732859438458017 -0.01965200760457494 0
2453 -0.01965200760457508 0.01732859438458052 0
2454 0.01965200760457507 -0.01732859438458047 0
2455 0.01732859438458084 0.01965200760457517 0
2456 -0.004578441018677156 0.01073355763547594 0
2457 -0.007229474675571467 0.01528928699327134 0
2458 0.01528028211058325 -0.007221045792362926 0
2459 -0.01262252426140135 -0.003525938296826047 0
2460 0.007045387452782895 -0.002830615824453961 0
2461 -0.02192669921748136 -0.007756263327206754 0
2462 -0.003685325427610883 -0.000663421227578803 0
2463 0.001872781054680947 0.01576986153890548 0
2464 -0.01720433256213854 0.004106044153693577 0
2465 0.01211216389256171 -0.001952269525144575 0
2466 0.000170993360654405 0.0008898839284943201 0
2467 0.01423393619582496 0.006365642071209744 0
2468 0.004106586155434095 -0.01720378612857513 0
2469 -0.02232515767300165 0.003497131804499613 0
2470 -0.007756190458980875 -0.02192671448639529 0
2471 0.01275269164059886 0.005907520938915408 0
2472 0.002518497768598581 0.003448436034176908 0
2473 -0.007430654278612425 0.006939223167300657 0
2474 -0.0217443307515421 -0.006669316987666374 0
2475 0.01322645402274304 0.009674204731331831 0
2476 -0.01396788965387162 -0.004547289814065682 0
2477 -0.004542046354224611 -0.01397330099601424 0
2478 0.007766271797369332 -0.02181232366913844 0
2479 -0.0008738068955359071 -0.0001535109269850464 0
2480 0.000819059582075527 0.01438698625139503 0
2481 -0.006377433499398213 0.01083669777952711 0
2482 0.01085806431049394 -0.006309532235097256 0
2483 0.01365418120626529 0.001949191272733456 0
2484 -0.004543022628613396 0.02549308691488255 0
2485 -0.02549308691488342 -0.004543022628614793 0
2486 0.02144159988784328 0.008554194452373079 0
2487 -0.01971242282471525 -0.00945688449884228 0
2488 0.009480418244511315 -0.01970938802717519 0
2489 -0.009448153792163671 0.01973027110985164 0
2490 -0.02181353939899866 0.007765826948324213 0
2491 -0.00675979877725248 -0.001230084317416823 0
2492 -0.02244627148579247 0.002695931738613625 0
2493 -0.009456502357478972 -0.01971216376504726 0
2494 -0.01970914153938583 0.009479993735760139 0
2495 0.01973049166423062 -0.009448223361161101 0
2496 -0.006668422158033002 -0.02174390592307793 0
2497 0.005233852266158651 0.002681068000852665 0
2498 -0.007947292264197308 0.0222448171141552 0
2499 0.02132602787229178 0.02010803774832082 0
2500 -0.02010803774832077 0.02132602787229197 0
2501 0.02010803774832083 -0.02132602787229189 0
2502 -0.02132602787229203 -0.02010803774832079 0
2503 0.002779013204320393 0.006364718739824218 0
2504 0.006876308232855536 0.01587032303870373 0
2505 0.007852841873767134 -0.01956767030159638 0
2506 -0.002230501785917089 0.01611125122032377 0
2507 -0.02128857147769108 -0.002280798449496573 0
2508 -0.001171833843166144 -0.0291893985430403 0
2509 -0.02918939854304031 0.001171833843165953 0
2510 0.02918939854304054 -0.001171833843166053 0
2511 0.001171833843165866 0.02918939854304057 0
2512 -0.01956694423901441 0.007851953708377421 0
2513 -0.0136918482024363 -0.0129827099573108 0
2514 0.02224472354218324 -0.007947455482188446 0
2515 -0.0228054538371788 -0.001535650205901743 0
2516 -0.001522969866932617 0.02286377103232771 0
2517 -0.00639912249259232 0.02198272058221484 0
2518 0.01299066010341941 0.0004781666779964682 0
2519 -0.009447759597616685 -0.0138429753844061 0
2520 0.00130228816591855 0.004274851190085017 0
2521 0.001246010402305952 0.007262405953414975 0
2522 -0.007872749697625749 0.02318334438552724 0
2523 -0.02312076977437584 -0.007751474104168791 0
2524 -0.005080562173550567 0.001590254454019125 0
2525 0.01075137897983117 -0.004608609373802556 0
2526 0.01051291254816597 0.003346805939800161 0
2527 -0.01090690404169038 -0.003243744818173835 0
2528 0.02316846254012564 -0.007822066888286022 0
2529 -0.007776059955123413 -0.02312548428594529 0
2530 0.004260339729822665 -0.003568111441157761 0
2531 -0.0134303502521269 -0.01220846163240531 0
2532 -0.01496269552392068 -0.01204998197450235 0
2533 -0.01203234478276575 0.01496477201562904 0
2534 0.01498967567894796 0.01212922006285906 0
2535 0.01204484093981291 -0.01495670018916792 0
2536 0.00698100542682531 0.01283540225454862 0
2537 0.0006973736652368292 -0.02060229403707427 0
2538 0.02198341778204022 -0.006399277456147224 0
2539 -0.0008760702073669674 0.0172936631134224 0
2540 -0.01196363201974635 0.01587214022647688 0
2541 0.02017676674896165 0.0008125829018799696 0
2542 -0.01838599683454447 0.008789352240650108 0
2543 -0.02520001669486232 -0.003456434285201045 0
2544 -0.003454705471852895 0.02520236380391438 0
2545 0.008789472033899234 -0.01838638683178995 0
2546 -0.01230235879336375 -0.00188366304907935 0
2547 -0.01131365365012941 -0.0006888516746337559 0
2548 0.004399829787105741 -0.02653294440717514 0
2549 0.001414538864887896 0.01944940819076524 0
2550 -0.01991959106494923 -0.003455587098914497 0
2551 -0.01296621715644692 -0.01365290351530955 0
2552 -0.003487457928871864 -0.01997348469354929 0
2553 -0.0128835198473181 0.0137871849931696 0
2554 0.01289410599106896 -0.01378366710201899 0
2555 -0.01278132057624433 -0.02409445342462034 0
2556 0.02409445342462074 -0.01278132057624358 0
2557 -0.02409445342462058 0.01278132057624399 0
2558 0.02515256191354052 -0.002362357531362689 0
2559 0.00239206820759444 0.025133714989329 0
2560 -0.002362357531363691 -0.02515256191354007 0
2561 -0.02515780542033828 0.002361283543367959 0
2562 -0.01220430987374565 0.01347559444263524 0
2563 0.01221876635299749 -0.01350074749367892 0
2564 -0.007350553915793874 -0.004304660436187422 0
2565 -0.02410619420690823 -0.01275602247266195 0
2566 0.01275602247266179 -0.02410619420690841 0
2567 -0.01275602247266149 0.02410619420690854 0
2568 0.02653345553632383 0.00438966333634272 0
2569 0.005368019283183102 0.02234815100407826 0
2570 -0.02262857528135493 -0.01483911151686635 0
2571 -0.01483911151686608 0.02262857528135501 0
2572 0.0148391115168663 -0.02262857528135502 0
2573 0.02262864618349433 0.01483872624622311 0
2574 0.007704328167768572 -0.003701878444429499 0
2575 0.006409258926540776 -0.008623874485683098 0
2576 -0.01790102831101282 -0.01630269101682185 0
2577 -0.0163026910168225 0.01790102831101333 0
2578 0.0163026910168225 -0.01790102831101334 0
2579 0.01790102831101385 0.01630269101682311 0
2580 0.02198352934354873 0.006810082941496556 0
2581 0.01708265311568628 -0.0111218564608363 0
2582 -0.0111251567989932 0.01708753000114713 0
2583 -0.009490552834886517 -0.005488429038407091 0
2584 -0.004791935583570418 0.01320680112084934 0
2585 0.005823809793448949 0.01109436677764132 0
2586 0.02138043722171503 0.0140177607268593 0
2587 -0.01400307820881884 0.021381813255214 0
2588 0.01400307820881908 -0.02138181325521398 0
2589 -0.02138181325521378 -0.01400307820881913 0
2590 0.009481308783301832 -0.002355115379744577 0
2591 0.02031017937613776 -0.001822086642664808 0
2592 0.0115710094991342 -0.004675464211412294 0
2593 -0.004572398185481381 0.01157961673356745 0
2594 -0.02527428441114324 0.005653611301472076 0
2595 0.006190189027159522 0.01414283149301363 0
2596 -0.00597145671224892 -0.0166437964447748 0
2597 -0.01664405144141546 -0.005971577125407265 0
2598 0.009976050148496035 0.01101878715431613 0
2599 0.0044739974034787 0.02040239913586464 0
2600 -0.005774059611567028 0.0186720028710598 0
2601 0.01867277944291203 -0.005772986091448846 0
2602 -0.01417092778397692 -0.002916358073347006 0
2603 -0.002918923010504487 -0.01418474302857916 0
2604 -0.02072917108679335 0.0006250286465196805 0
2605 0.02769122601234067 0.009478803633901585 0
2606 -0.009475686762021325 0.02769229595755301 0
2607 0.009478961865377269 -0.02769116402236224 0
2608 -0.02769229595755306 -0.00947568676202154 0
2609 0.006270431449599363 -0.02269555618862317 0
2610 0.009478680126274456 0.02769136485844769 0
2611 0.0276922353703565 -0.009475542270854832 0
2612 -0.02769110932412684 0.009478810923473281 0
2613 -0.009475542270855036 -0.02769223537035649 0
2614 -0.006326169519944871 0.008250823323364569 0
2615 -0.004785751955365018 0.02388138749525712 0
2616 -0.02388063253043354 -0.004786012106915526 0
2617 -0.00116508819547896 0.008280995192331823 0
2618 0.007389980612669197 -0.005799177184800595 0
2619 0.001414276142362369 -0.00196848389256526 0
2620 -0.01182394276402174 -0.01345572542670061 0
2621 -0.003098884282082973 0.004550973105448061 0
2622 0.007050758660318372 -0.02432002201374378 0
2623 -0.01547053483489034 -0.0176910687701953 0
2624 -0.01769102106110452 0.01547065795238039 0
2625 0.01769006774632657 -0.01546993181633428 0
2626 0.01545259618636173 0.0176775347705901 0
2627 0.009009419421442622 0.01104979387959346 0
2628 0.003074049059380035 0.02118501101943741 0
2629 -0.008330670390469386 0.01699989897529436 0
2630 0.01699984761679553 -0.008332574383746398 0
2631 -0.0155192133967695 -0.01034477200209362 0
2632 -0.02266211418021898 0.006255615579822692 0
2633 0.003054260833874616 0.004787714245094705 0
2634 -0.006252089555368516 0.007321110885996259 0
2635 0.0103307023362645 0.01851832751180336 0
2636 0.001707599515791261 -0.01470290950186037 0
2637 -0.02437212211540953 0.006978871065975395 0
2638 -0.01467806465980762 0.001704734943647119 0
2639 -0.006800678037103988 0.01225240321561947 0
2640 0.01224795319457647 -0.006816798872753314 0
2641 -0.003368552612232012 -0.005322673910407975 0
2642 -0.003628460537510043 -0.01263089832217084 0
2643 0.01753952159662089 0.01154837006347718 0
2644 -0.01748133706857667 -0.01153008507937135 0
2645 0.0115277558012074 -0.01748724161368324 0
2646 0.01150270773625693 0.01741972221224209 0
2647 -0.01156074582704151 -0.0175778026126223 0
2648 -0.01751232882967244 0.01153839178259091 0
2649 -0.003527139178130747 -0.002306960961110419 0
2650 0.006623046537849777 0.02188742746637747 0
2651 -0.003997355435690241 0.02377367602001594 0
2652 -0.02376922876513281 -0.003999991939054873 0
2653 -0.003117040726546489 -0.001417312330479744 0
2654 0.008466220638305225 0.006708725574310216 0
2655 0.004329083499551486 0.01578392435973136 0
2656 0.006896869836723001 0.0009807997559717033 0
2657 -8.800027626578917e-06 -0.009733094422709219 0
2658 -0.001975506526231836 -0.002908947658651478 0
2659 -0.004818163015240942 -0.01090188335601077 0
2660 0.01048247528516175 0.001668677716336337 0
2661 -0.01746038539783199 -0.01249269477154792 0
2662 0.01249149228627278 -0.01746007031937841 0
2663 -0.01255173507981162 0.01734414128878266 0
2664 0.01746801385484515 0.01249550930696072 0
2665 -0.01250798779669955 -0.01748862584426626 0
2666 -0.01747150371384299 0.01251100396554082 0
2667 0.01733562734282276 -0.01257401940518164 0
2668 0.01587748419480489 0.01072604825228727 0
2669 0.001804442752424315 0.02652360738045956 0
2670 -0.02652360738045879 0.001804442752425721 0
2671 0.02652360738045948 -0.001804442752424776 0
2672 -0.001804442752426143 -0.02652360738045876 0
2673 -0.01412497313724663 -0.02147468417009853 0
2674 0.02147468417009856 -0.01412497313724632 0
2675 0.01413283507230904 0.02151475878712174 0
2676 -0.02147468417009857 0.01412497313724659 0
2677 0.005995645183126974 0.007095640768450926 0
2678 -0.01927153828338272 0.0001297603253591043 0
2679 0.004222864506693534 0.001108901421489097 0
2680 0.01306817597859016 0.004298799556955897 0
2681 0.01997478736093619 0.02019251986690548 0
2682 0.02019251986690558 -0.01997478736093623 0
2683 -0.0201925198669054 0.01997478736093633 0
2684 -0.01997478736093637 -0.0201925198669055 0
2685 0.006501924530322368 -0.004446240153224644 0
2686 0.005864734037619277 0.0126428373271681 0
2687 -0.009597376663285594 -0.01125454493840131 0
2688 -0.01824198523416821 -0.01378389359341495 0
2689 0.013783893593416 -0.01824198523416833 0
2690 -0.01378389359341595 0.01824198523416826 0
2691 0.01824198523416837 0.01378389359341699 0
2692 -0.02232476381666998 -0.003662915787370961 0
2693 -0.003562123388723507 0.02223382811242035 0
2694 0.0001608818154668999 -0.01921837040017728 0
2695 0.01953921964117897 -0.007872298275940534 0
2696 -0.007872861635546092 0.01953891154469437 0
2697 0.004622752900428544 0.006614331397105104 0
2698 -0.01084408519316433 -0.01591109223579031 0
2699 0.01842042002190372 0.00559223574152122 0
2700 0.008522268920018351 0.01017527270623413 0
2701 0.006420494565141452 0.001859402763742003 0
2702 0.0003103629170453266 0.004403671452441513 0
2703 0.003370881004383777 -0.01984056385177762 0
2704 -0.003512284523479746 0.008889576120031757 0
2705 0.02051355692005055 0.01613232033537708 0
2706 -0.01613232033537718 0.0205135569200505 0
2707 0.01613232033537738 -0.02051355692005049 0
2708 -0.02051355692005042 -0.01613232033537748 0
2709 0.01636703970414451 0.005196767820926997 0
2710 -0.002478843598423799 0.001086357707476371 0
2711 -0.006159517552337025 0.0242149331880408 0
2712 -0.02421493318804115 -0.006159517552338203 0
2713 -0.01752098759001496 -0.01549834686308409 0
2714 0.01549834686308478 -0.0175209875900155 0
2715 -0.01549834686308477 0.0175209875900155 0
2716 0.01752098759001603 0.01549834686308544 0
2717 0.003972402152286463 -0.02373842984865211 0
2718 0.01035755909257329 -0.00379823141664952 0
2719 0.01070648138867533 -0.01584713552110757 0
2720 -0.0159010940680871 0.01073882350383687 0
2721 -0.009356131202657414 0.009286543461471827 0
2722 0.005754229758997035 -0.02533575424027541 0
2723 -0.01568813038312018 -0.0003613428350424921 0
2724 -0.02132121511031443 -0.0008268464504053877 0
2725 -0.0003473059577608188 -0.01566049691760419 0
2726 -0.01984267110223569 0.00337092085949782 0
2727 0.02231554663816711 -0.003720647212698989 0
2728 -0.003712838766039097 -0.02231442161912585 0
2729 -0.007198936175761145 0.02561773713780986 0
2730 -0.02561773713780914 -0.007198936175762831 0
2731 0.01560210295474818 0.01668710782847999 0
2732 -0.01669039917184284 0.01560801526836579 0
2733 -0.01562987166688331 -0.01671753096583429 0
2734 0.0166902856819883 -0.01560792882359844 0
2735 -0.01666806129313963 -0.01559449739212665 0
2736 0.01559525869425571 -0.01666582761945194 0
2737 -0.01559525869425572 0.01666582761945193 0
2738 0.01666620855439117 0.0155952102456205 0
2739 0.02379703594907654 0.002652838590597095 0
2740 -0.01661980449726322 -0.0004205441145565981 0
2741 0.009866994261610196 -0.01541803538322015 0
2742 -0.0002915955508984591 -0.01655906382568302 0
2743 0.02566011360284203 -0.007150302985747133 0
2744 -0.007150302985748543 -0.02566011360284141 0
2745 0.01167985125280071 -0.008997516020928308 0
2746 -0.026032022377914 -0.01083309849963524 0
2747 -0.01083309849963431 0.02603202237791434 0
2748 0.01083327606111362 -0.02603196100944291 0
2749 -0.01120123204943362 0.009539931049952965 0
2750 0.001798549575082213 0.02044399895530028 0
2751 0.005928277287850055 0.01783919070530849 0
2752 0.01458684090837084 -0.001831675430170377 0
2753 0.001532630003059602 0.01296040857021551 0
2754 -0.01083319809549435 -0.0260315116906272 0
2755 -0.02603145064142929 0.0108333753072426 0
2756 0.02603151169062756 -0.0108331980954935 0
2757 0.02204917396766666 0.001939710552689951 0
2758 0.004742425704198723 0.008930958181690637 0
2759 -0.002682506908259911 0.009016643842148073 0
2760 0.004836745336740736 -0.02382552651596541 0
2761 0.005043579866012581 -0.0003270062843005554 0
2762 0.003590606032813219 0.002338391153411709 0
2763 0.001710941584671898 0.01397099471612754 0
2764 0.01553856508655311 0.009764717671387632 0
2765 -0.003756908958696525 0.01036808170004383 0
2766 -0.02301196693369943 0.00111742067907837 0
2767 -0.006748266105364962 0.005286317810795547 0
2768 0.01647806117095611 0.01643359318113029 0
2769 -0.0164339907754153 0.01647871966841731 0
2770 0.0164339772647183 -0.0164787093773736 0
2771 -0.01648158753415554 -0.01643713011968412 0
2772 0.005217360131908169 0.01035584927888664 0
2773 -0.001247880987972317 0.01905255801311946 0
2774 0.008098171229652364 0.01269125332005872 0
2775 0.01226215921435314 -0.01048200562443946 0
2776 0.006242142358298022 -0.02408499658386767 0
2777 0.01707998699500529 -0.005474166917271277 0
2778 -0.005470989795357836 0.01710207546359498 0
2779 0.0005209636240937365 -0.002020887032626388 0
2780 0.009643625644787901 0.003308372265821788 0
2781 0.002039414207737382 -0.01318337240161036 0
2782 -0.0132191785304321 0.002067054128399542 0
2783 0.01584106217638326 0.0005041217114075752 0
2784 0.02539533391525511 -0.005813291576771738 0
2785 -0.005813291576772968 -0.02539533391525504 0
2786 0.0008201600082612245 -0.005565041459043725 0
2787 -0.009983440018089706 0.007533710452192408 0
2788 0.00950854117474007 0.01903689506637102 0
2789 0.01194486567209251 0.01484598962452077 0
2790 0.01422076156760067 0.009648273828959383 0
2791 -0.01043496344243729 0.01574789246158119 0
2792 0.001260844231172818 -0.01326816170430885 0
2793 -0.0132602503185179 0.001267158372232109 0
2794 -0.001531474424051558 -0.001938768834676745 0
2795 0.01598203167156876 -0.009521599830214026 0
2796 -0.009591562325417647 0.01587390672027779 0
2797 -0.005357556027167025 0.02022276174514851 0
2798 0.02902383608882404 0.002383467759608754 0
2799 -0.002383173375087947 0.02902458415214184 0
2800 0.002383416761144212 -0.02902396568151011 0
2801 -0.02902458415214174 -0.002383173375088296 0
2802 -0.00591936712190317 0.01216767571739477 0
2803 0.01217374158544176 -0.005912814780113481 0
2804 0.0202243857781781 -0.005358783792164802 0
2805 0.009588734470933353 0.01249790029432599 0
2806 0.01480973284816503 -0.00333055932562206 0
2807 -0.01078592717936975 -0.0122545261718846 0
2808 0.01344493645574344 0.01110595488234224 0
2809 -0.001572009774552967 0.0175044456039262 0
2810 0.01866292208620176 0.01855431594475341 0
2811 0.01855431594475296 -0.01866292208620138 0
2812 -0.01855431594475291 0.01866292208620139 0
2813 -0.01866292208620099 -0.01855431594475244 0
2814 0.001820417841338375 0.02211702654041398 0
2815 -0.0144907347146447 -0.02234615962488289 0
2816 -0.02234615962488273 0.01449073471464461 0
2817 0.02234615962488272 -0.01449073471464436 0
2818 0.01449099965138355 0.02234842586115751 0
2819 0.01754862270892719 0.02348402533660967 0
2820 0.02348402533660943 -0.01754862270892733 0
2821 -0.02348402533660924 0.01754862270892748 0
2822 -0.01754862270892761 -0.02348402533660899 0
2823 0.01343861549915302 0.01210123826935262 0
2824 0.01749123246649357 -0.001814351469651571 0
2825 0.003466190036632876 -0.0251723281603962 0
2826 0.007736045794636363 0.02321229986601108 0
2827 -0.005826941736058532 -0.003800382592704665 0
2828 -0.006052010440297024 0.005790717065929646 0
2829 -0.005801112517799231 0.02546588085280022 0
2830 -0.02546588085280069 -0.005801112517801026 0
2831 0.0209011885683158 0.007088079745991151 0
2832 -0.01565354963696963 -0.02208114151141194 0
2833 -0.02208114151141195 0.01565354963696945 0
2834 0.02208114151141199 -0.01565354963696918 0
2835 0.01565354963696899 0.02208114151141199 0
2836 0.01080209272367607 0.01134605609983204 0
2837 -0.01088886110007315 -0.006032050819699443 0
2838 -0.002244189089645069 0.002600072261700719 0
2839 0.007695898350638405 -0.007311586290488132 0
2840 0.005459293369695384 0.0003205595344250944 0
2841 -0.01207977720842071 -0.01119287558949406 0
2842 0.006023157394610126 -0.003867202746744927 0
2843 -0.01061135545332481 -0.001263655771419512 0
2844 0.0006653350634921385 -0.01698376188916636 0
2845 0.0112331193291951 -0.01211196218084958 0
2846 -0.01594725559877169 0.001902949417596244 0
2847 0.007120585162958371 0.02075768670956641 0
2848 -0.01101914248258784 -0.004922584119922939 0
2849 0.01212863784698659 0.01145036183030548 0
2850 0.001904287355593627 -0.01594756490155654 0
2851 0.01680044809486628 0.009280257938354613 0
2852 -0.02598560844088244 0.001043077518845701 0
2853 -0.001040387394327117 -0.02598471091427658 0
2854 0.001031365394778314 0.02598276965271919 0
2855 0.0259842083199585 -0.001040191062630627 0
2856 -0.005516430274431291 -0.004679987214589974 0
2857 0.009274286833706215 -0.01666682208143998 0
2858 -0.01666517430087888 0.009270848735061954 0
2859 -0.01182750957181911 0.003887343664568805 0
2860 0.00384436710101594 -0.01168900716323402 0
2861 0.005570113226670196 0.001835589040453886 0
2862 -0.004534358993692208 0.002186870278149822 0
2863 0.00776649745462347 0.01949733803033889 0
2864 0.02857071115723283 0.006209719104374805 0
2865 -0.006223230789354553 0.02854023259135673 0
2866 0.006223927777346124 -0.02853999169965055 0
2867 -0.02854023259135644 -0.006223230789355339 0
2868 0.006178427158868422 0.02855498138491877 0
2869 0.0285553450961993 -0.006177766743378274 0
2870 -0.02855510545774689 0.006178462358562064 0
2871 -0.006177766743378798 -0.02855534509619914 0
2872 0.007353236310255654 -0.009911807924592255 0
2873 0.01672690204209774 -0.00930582611255989 0
2874 0.01478202157660556 -0.0007483829907610022 0
2875 -0.009311392844900067 0.01670777572398839 0
2876 -0.01126540650690106 0.01210498769752454 0
2877 0.003797281524849216 0.006146805929559688 0
2878 0.0004129394190394154 0.01309986615645184 0
2879 3.527509026255998e-05 0.01062128983830332 0
2880 0.01303824841005766 0.003386593499357011 0
2881 0.01555215524953893 0.003138251595658262 0
2882 0.01478275393578798 0.02386018466420838 0
2883 0.02385589256218649 -0.01480038108859438 0
2884 -0.02385589256218637 0.01480038108859473 0
2885 -0.01480038108859504 -0.02385589256218622 0
2886 0.006682282945076366 0.002797921058072605 0
2887 0.01047024984206299 -0.01856927938690651 0
2888 -0.01856906458533297 0.01047016036574102 0
2889 -0.01234532089900405 0.01028428124828719 0
2890 0.003286630106948728 -0.01082415307478517 0
2891 0.007933530319255316 0.002206499821167945 0
2892 0.01116545687497141 0.0008993675999145052 0
2893 -0.0005172568328496087 -0.02350136914460293 0
2894 0.02350136914460244 -0.0005172568328476863 0
2895 0.008404226607045557 -0.001163610504920612 0
2896 -0.01215116442813819 -0.01495830907875473 0
2897 -0.01651165797422071 -0.001934400127630018 0
2898 0.01399794724716919 0.01309937329180393 0
2899 -0.001943415136452405 -0.0165167163987405 0
2900 0.01345887002406727 -0.0008918627643873502 0
2901 0.000991701303535849 -0.02132559932608201 0
2902 0.002721755275304882 0.001140680795315952 0
2903 -0.0006425021775915147 0.01492092387591701 0
2904 0.02203751545553279 0.0002405075513829719 0
2905 0.01701714947924406 0.003868669963842973 0
2906 -0.009972802870303905 -0.007290383320585654 0
2907 0.008790636978476119 0.0184689049456292 0
2908 0.005991756602615138 -0.01182721889680609 0
2909 -0.01178553152192336 0.005974694086041571 0
2910 -0.001284722023992892 -0.01029971883214315 0
2911 0.02454233400060174 0.00848290188943703 0
2912 -0.01428672963253079 -0.01510120216639902 0
2913 0.01907995333758028 0.009382156714366409 0
2914 -0.004301107751212354 0.005774204281986871 0
2915 0.008467544784475893 0.02455075692747265 0
2916 0.003410126903792115 -0.0124122443649872 0
2917 -0.01241224436498679 0.003410126903793305 0
2918 -0.00875909001117125 0.02368686593327334 0
2919 0.008805305813386193 -0.02380102460212105 0
2920 -0.02368686593327247 -0.00875909001117175 0
2921 -0.003944981913717694 0.0005125662184762926 0
2922 0.007621386857664389 0.01035577030105796 0
2923 0.01888088780235469 -0.001455032064478465 0
2924 0.02389078246827753 -0.004872285735267495 0
2925 -0.00487257451960662 -0.02388990928854835 0
2926 0.02368642168248114 -0.008758956070883559 0
2927 -0.02380068948581559 0.008805278110292629 0
2928 -0.008758956070884101 -0.02368642168248028 0
2929 0.02314848318775748 0.007881976547106198 0
2930 0.006745248410999629 0.006290569405513344 0
2931 -0.01096841987298067 0.006241162574872047 0
2932 -0.0009290304451141423 0.01353823151036014 0
2933 0.02526754829366534 0.003259842139186361 0
2934 0.003873523690477832 0.005180872570509804 0
2935 0.002471520590415366 0.01242310074515975 0
2936 -0.012389716650547 0.002510186456979349 0
2937 0.002432954946469756 -0.01224660354807822 0
2938 0.01016097355819665 0.0100777464091316 0
2939 -0.01253877560579373 0.009423801836171815 0
2940 0.002251330403771229 -0.0210783865536979 0
2941 0.01097526295975385 0.002480712900034564 0
2942 0.00556965103944241 0.01343576759020835 0
2943 -0.00168936209735252 -0.02478283868295143 0
2944 -0.02479733980587452 0.001691131568968365 0
2945 0.02478258225727941 -0.001689261928119017 0
2946 0.001680242778386119 0.02476761350551738 0
2947 0.01778973999757361 0.004091196101819618 0
2948 -0.02451787806770557 -0.001642180764027725 0
2949 0.001641210275364333 -0.02448038288078587 0
2950 -0.001626599280618124 0.02451966335527745 0
2951 -0.01174179306273229 0.001105189957217862 0
2952 0.0249815096239871 0.0103613494134959 0
2953 0.006295975279884956 -0.01093982339978846 0
2954 0.0267922579586787 0.006062647018667131 0
2955 0.01036131732857961 0.02498095573203044 0
2956 -0.003992644529500882 0.01912740103290873 0
2957 -0.003363709962014593 0.001246774270320117 0
2958 -0.01883771324161309 -0.001546938233774521 0
2959 0.01907225951788716 -0.00398675563918556 0
2960 0.0002695607948263155 0.001679506751867652 0
2961 -0.02442843079064037 -0.01129892776947745 0
2962 -0.01129892776947691 0.02442843079064063 0
2963 0.0112989277694773 -0.02442843079064046 0
2964 0.01327315134785144 -0.01187268795259279 0
2965 -0.001649063058169086 -0.01887454939814091 0
2966 0.003229987567973758 -0.009842673403883785 0
2967 -0.01129806295858297 -0.02442708794379845 0
2968 0.02442708794379863 -0.01129806295858232 0
2969 -0.0244270879437985 0.01129806295858279 0
2970 0.009471808303407129 0.009465754046315339 0
2971 0.005388253557764251 0.005657306082477154 0
2972 0.008448731469192505 -0.006745049505839084 0
2973 -0.02116785315025194 0.002264272417452383 0
2974 0.0235087533302652 0.004994437854550365 0
2975 0.01372766099886902 0.005669556060704897 0
2976 -0.01492870717311915 -0.01847587017596797 0
2977 0.0184620716076131 -0.01492027564874207 0
2978 -0.01847584110183227 0.01492880910256629 0
2979 0.01493110564707621 0.01850380147727209 0
2980 0.007223437142180528 0.003535391725585193 0
2981 -0.01038308796326716 -0.008754180100183181 0
2982 -0.01736160489502115 -0.00614736474259263 0
2983 -0.01232171777692616 0.02645420923376691 0
2984 0.02647029193982057 0.01233398174075965 0
2985 0.01232171777692655 -0.02645420923376687 0
2986 -0.02645420923376681 -0.01232171777692675 0
2987 -0.02338394578062034 1.352405209885569e-05 0
2988 0.009114493072436612 0.01750574917854901 0
2989 -0.0279141712665764 -0.002662153367704738 0
2990 0.002624357812668649 -0.02790440728642851 0
2991 -0.002662153367703447 0.02791417126657708 0
2992 0.02790527618226188 0.002625564220691442 0
2993 -0.006147364721279056 -0.01736109623276537 0
2994 0.01821822686752858 -0.02291906726772774 0
2995 -0.0182182268675285 0.02291906726772776 0
2996 -0.02291906726772772 -0.01821822686752864 0
2997 0.02291906726772779 0.01821822686752843 0
2998 0.008023845056521546 0.003122948990736674 0
2999 0.01629362198615696 -0.006726569578449092 0
3000 -0.006726782042763927 0.01629393558342447 0
3001 0.01013551774492194 0.004820649424888471 0
3002 0.006416562228377376 -0.01870147643849116 0
3003 -0.01232041570391535 -0.02645462049965868 0
3004 0.02645462049965891 -0.01232041570391473 0
3005 -0.02645462049965881 0.01232041570391512 0
3006 0.0123327193512969 0.02647071040832689 0
3007 -0.006168241342608598 8.77552822777388e-05 0
3008 0.006272227333157247 -0.01715601425330623 0
3009 0.003009924225134488 0.003974356800289915 0
3010 -0.0171557025535226 0.006272353529948206 0
3011 -0.01870055826037188 0.006416882350716989 0
3012 -0.01450488754316593 0.0112581950240952 0
3013 -0.02381448416708441 0.004925356098286681 0
3014 0.005818767990113119 0.003241660431933906 0
3015 -0.009496010995082672 -0.008696134756176203 0
3016 -0.01009782958156368 -0.004733016218372155 0
3017 0.01583196738522276 0.01948053305403362 0
3018 0.01948053305403347 -0.01583196738522242 0
3019 -0.01948053305403349 0.01583196738522251 0
3020 -0.01583196738522216 -0.01948053305403336 0
3021 -0.01417628294676892 0.009749799088955957 0
3022 -0.01371239259544924 -0.00703645755701174 0
$EndNodes
$Elements
6031
1 1 2 2 1 3 17
2 1 2 2 1 17 18
3 1 2 2 1 18 19
4 1 2 2 1 19 20
5 1 2 2 1 20 21
6 1 2 2 1 21 22
7 1 2 2 1 22 23
8 1 2 2 1 23 24
9 1 2 2 1 24 25
10 1 2 2 1 25 26
11 1 2 2 1 26 4
12 1 2 9 2 4 27
13 1 2 9 2 27 28
14 1 2 9 2 28 1
15 1 2 1 3 1 29
16 1 2 1 3 29 30
17 1 2 1 3 30 31
18 1 2 1 3 31 32
19 1 2 1 3 32 33
20 1 2 1 3 33 34
21 1 2 1 3 34 35
22 1 2 1 3 35 36
23 1 2 1 3 36 37
24 1 2 1 3 37 38
25 1 2 1 3 38 2
26 1 2 9 4 2 39
27 1 2 9 4 39 40
28 1 2 9 4 40 41
29 1 2 9 4 41 42
30 1 2 9 4 42 43
31 1 2 9 4 43 44
32 1 2 9 4 44 45
33 1 2 9 4 45 46
34 1 2 9 4 46 47
35 1 2 9 4 47 48
36 1 2 9 4 48 49
37 1 2 9 4 49 50
38 1 2 9 4 50 51
39 1 2 9 4 51 52
40 1 2 9 4 52 7
41 1 2 8 5 7 53
42 1 2 8 5 53 54
43 1 2 8 5 54 55
44 1 2 8 5 55 56
45 1 2 8 5 56 57
46 1 2 8 5 57 58
47 1 2 8 5 58 59
48 1 2 8 5 59 60
49 1 2 8 5 60 61
50 1 2 8 5 61 62
51 1 2 8 5 62 8
52 1 2 9 6 8 63
53 1 2 9 6 63 64
54 1 2 9 6 64 5
55 1 2 7 7 5 65
56 1 2 7 7 65 66
57 1 2 7 7 66 67
58 1 2 7 7 67 68
59 1 2 7 7 68 69
60 1 2 7 7 69 70
61 1 2 7 7 70 71
62 1 2 7 7 71 72
63 1 2 7 7 72 73
64 1 2 7 7 73 74
65 1 2 7 7 74 6
66 1 2 9 8 6 75
67 1 2 9 8 75 76
68 1 2 9 8 76 77
69 1 2 9 8 77 78
70 1 2 9 8 78 79
71 1 2 9 8 79 80
72 1 2 9 8 80 81
73 1 2 9 8 81 82
74 1 2 9 8 82 83
75 1 2 9 8 83 84
76 1 2 9 8 84 85
77 1 2 9 8 85 86
78 1 2 9 8 86 87
79 1 2 9 8 87 88
80 1 2 9 8 88 11
81 1 2 9 10 12 99
82 1 2 9 10 99 100
83 1 2 9 10 100 9
84 1 2 5 11 9 101
85 1 2 5 11 101 102
86 1 2 5 11 102 103
87 1 2 5 11 103 104
88 1 2 5 11 104 105
89 1 2 5 11 105 106
90 1 2 5 11 106 107
91 1 2 5 11 107 108
92 1 2 5 11 108 109
93 1 2 5 11 109 110
94 1 2 5 11 110 10
95 1 2 9 12 10 111
96 1 2 9 12 111 112
97 1 2 9 12 112 113
98 1 2 9 12 113 114
99 1 2 9 12 114 115
100 1 2 9 12 115 116
101 1 2 9 12 116 117
102 1 2 9 12 117 118
103 1 2 9 12 118 119
104 1 2 9 12 119 120
105 1 2 9 12 120 121
106 1 2 9 12 121 122
107 1 2 9 12 122 123
108 1 2 9 12 123 124
109 1 2 9 12 124 15
110 1 2 4 13 15 125
111 1 2 4 13 125 126
112 1 2 4 13 126 127
113 1 2 4 13 127 128
114 1 2 4 13 128 129
115 1 2 4 13 129 130
116 1 2 4 13 130 131
117 1 2 4 13 131 132
118 1 2 4 13 132 133
119 1 2 4 13 133 134
120 1 2 4 13 134 16
121 1 2 9 14 16 135
122 1 2 9 14 135 136
123 1 2 9 14 136 13
124 1 2 3 15 13 137
125 1 2 3 15 137 138
126 1 2 3 15 138 139
127 1 2 3 15 139 140
128 1 2 3 15 140 141
129 1 2 3 15 141 142
130 1 2 3 15 142 143
131 1 2 3 15 143 144
132 1 2 3 15 144 145
133 1 2 3 15 145 146
134 1 2 3 15 146 14
135 1 2 9 16 14 147
136 1 2 9 16 147 148
137 1 2 9 16 148 149
138 1 2 9 16 149 150
139 1 2 9 16 150 151
140 1 2 9 16 151 152
141 1 2 9 16 152 153
142 1 2 9 16 153 154
143 1 2 9 16 154 155
144 1 2 9 16 155 156
145 1 2 9 16 156 157
146 1 2 9 16 157 158
147 1 2 9 16 158 159
148 1 2 9 16 159 160
149 1 2 9 16 160 3
150 2 2 28 18 2971 981 1157
151 2 2 28 18 1219 439 2929
152 2 2 28 18 2780 508 1218
153 2 2 28 18 1204 2780 1218
154 2 2 28 18 1305 1019 2677
155 2 2 28 18 186 981 2971
156 2 2 28 18 439 1049 2929
157 2 2 28 18 1293 2119 357
158 2 2 28 18 2118 359 1294
159 2 2 28 18 2117 358 1295
160 2 2 28 18 2124 1296 361
161 2 2 28 18 2123 1297 363
162 2 2 28 18 2122 1298 362
163 2 2 28 18 995 2119 1293
164 2 2 28 18 994 2118 1294
165 2 2 28 18 993 2117 1295
166 2 2 28 18 998 1296 2124
167 2 2 28 18 997 1297 2123
168 2 2 28 18 996 1298 2122
169 2 2 28 18 668 1593 1700
170 2 2 28 18 1593 2382 1700
171 2 2 28 18 1019 443 2677
172 2 2 28 18 2889 2334 989
173 2 2 28 18 946 1686 2259
174 2 2 28 18 2196 1246 288
175 2 2 28 18 1247 2197 287
176 2 2 28 18 441 2889 989
177 2 2 28 18 2948 1290 1094
178 2 2 28 18 2949 1291 1095
179 2 2 28 18 2950 1288 1096
180 2 2 28 18 2920 1037 1440
181 2 2 28 18 2918 1035 1439
182 2 2 28 18 2919 1036 1441
183 2 2 28 18 1156 3008 473
184 2 2 28 18 1155 472 3010
185 2 2 28 18 947 2260 1687
186 2 2 28 18 2631 609 852
187 2 2 28 18 3008 1075 473
188 2 2 28 18 2928 1444 1042
189 2 2 28 18 2927 1445 1041
190 2 2 28 18 2926 1446 1040
191 2 2 28 18 955 1246 2196
192 2 2 28 18 954 2197 1247
193 2 2 28 18 3010 472 1076
194 2 2 28 18 852 609 1660
195 2 2 28 18 2473 511 1385
196 2 2 28 18 2259 1686 707
197 2 2 28 18 2260 708 1687
198 2 2 28 18 596 2948 1094
199 2 2 28 18 597 2949 1095
200 2 2 28 18 594 2950 1096
201 2 2 28 18 1212 2999 320
202 2 2 28 18 3000 1213 319
203 2 2 28 18 374 859 1659
204 2 2 28 18 380 1664 858
205 2 2 28 18 2550 859 374
206 2 2 28 18 2552 380 858
207 2 2 28 18 705 1988 1765
208 2 2 28 18 1104 2999 1212
209 2 2 28 18 1044 2634 2473
210 2 2 28 18 1103 1213 3000
211 2 2 28 18 2321 273 1336
212 2 2 28 18 720 962 1826
213 2 2 28 18 417 2634 1044
214 2 2 28 18 1044 2473 1385
215 2 2 28 18 256 1032 1173
216 2 2 28 18 227 1174 1450
217 2 2 28 18 1033 2321 1336
218 2 2 28 18 574 1695 1132
219 2 2 28 18 573 1694 1131
220 2 2 28 18 523 1646 932
221 2 2 28 18 525 1647 934
222 2 2 28 18 522 1648 931
223 2 2 28 18 524 1649 933
224 2 2 28 18 428 1755 2656
225 2 2 28 18 605 1110 1432
226 2 2 28 18 598 1450 1174
227 2 2 28 18 628 995 2333
228 2 2 28 18 630 994 2332
229 2 2 28 18 629 993 2331
230 2 2 28 18 2697 983 2971
231 2 2 28 18 428 1834 1755
232 2 2 28 18 517 1490 1284
233 2 2 28 18 403 1642 1372
234 2 2 28 18 407 1371 1638
235 2 2 28 18 631 2340 998
236 2 2 28 18 633 2339 997
237 2 2 28 18 632 2338 996
238 2 2 28 18 957 1085 2886
239 2 2 28 18 189 1332 1457
240 2 2 28 18 1157 2697 2971
241 2 2 28 18 443 2697 1157
242 2 2 28 18 722 1829 963
243 2 2 28 18 840 1054 2217
244 2 2 28 18 957 2886 2701
245 2 2 28 18 516 1286 1489
246 2 2 28 18 177 1526 1572
247 2 2 28 18 242 1304 1003
248 2 2 28 18 243 1005 1302
249 2 2 28 18 484 2108 894
250 2 2 28 18 485 1098 1184
251 2 2 28 18 486 1185 1099
252 2 2 28 18 345 2217 1054
253 2 2 28 18 247 2165 908
254 2 2 28 18 245 907 2166
255 2 2 28 18 535 903 1383
256 2 2 28 18 472 2199 1281
257 2 2 28 18 473 1279 2200
258 2 2 28 18 714 1663 1292
259 2 2 28 18 667 1284 1490
260 2 2 28 18 849 1572 1526
261 2 2 28 18 788 1638 1371
262 2 2 28 18 792 1372 1642
263 2 2 28 18 268 2243 1088
264 2 2 28 18 875 1088 2243
265 2 2 28 18 500 1184 1098
266 2 2 28 18 678 1586 1488
267 2 2 28 18 499 1099 1185
268 2 2 28 18 516 1003 1304
269 2 2 28 18 517 1302 1005
270 2 2 28 18 459 913 2305
271 2 2 28 18 458 914 2306
272 2 2 28 18 461 911 2303
273 2 2 28 18 460 912 2304
274 2 2 28 18 902 2172 1224
275 2 2 28 18 225 1282 942
276 2 2 28 18 230 1035 2918
277 2 2 28 18 229 1037 2920
278 2 2 28 18 231 1036 2919
279 2 2 28 18 225 2145 919
280 2 2 28 18 68 973 1690
281 2 2 28 18 104 974 1691
282 2 2 28 18 140 972 1689
283 2 2 28 18 32 971 1688
284 2 2 28 18 666 1489 1286
285 2 2 28 18 1250 1336 2951
286 2 2 28 18 484 894 2048
287 2 2 28 18 467 2310 922
288 2 2 28 18 468 2309 921
289 2 2 28 18 469 2308 920
290 2 2 28 18 466 2311 923
291 2 2 28 18 1822 2199 472
292 2 2 28 18 1823 473 2200
293 2 2 28 18 780 1925 1448
294 2 2 28 18 225 942 2086
295 2 2 28 18 423 2269 1522
296 2 2 28 18 395 1058 1520
297 2 2 28 18 234 2928 1042
298 2 2 28 18 235 2926 1040
299 2 2 28 18 236 2927 1041
300 2 2 28 18 224 1224 2172
301 2 2 28 18 673 2086 942
302 2 2 28 18 535 1416 903
303 2 2 28 18 246 1592 1412
304 2 2 28 18 686 1308 2211
305 2 2 28 18 685 1309 2213
306 2 2 28 18 687 1311 2212
307 2 2 28 18 688 1310 2210
308 2 2 28 18 196 1292 1663
309 2 2 28 18 544 2121 2174
310 2 2 28 18 1186 1384 2590
311 2 2 28 18 2590 1384 173
312 2 2 28 18 995 1293 2333
313 2 2 28 18 994 1294 2332
314 2 2 28 18 993 1295 2331
315 2 2 28 18 477 1223 1023
316 2 2 28 18 605 1401 1245
317 2 2 28 18 998 2340 1296
318 2 2 28 18 997 2339 1297
319 2 2 28 18 996 2338 1298
320 2 2 28 18 1858 2317 587
321 2 2 28 18 240 1023 1223
322 2 2 28 18 383 1027 1383
323 2 2 28 18 1086 2388 2320
324 2 2 28 18 245 2029 907
325 2 2 28 18 504 1104 1212
326 2 2 28 18 503 1213 1103
327 2 2 28 18 247 908 2032
328 2 2 28 18 274 1086 2320
329 2 2 28 18 465 1244 1595
330 2 2 28 18 464 1594 1243
331 2 2 28 18 1132 1695 2277
332 2 2 28 18 1131 1694 2276
333 2 2 28 18 2951 1336 589
334 2 2 28 18 709 1865 1222
335 2 2 28 18 803 1645 2896
336 2 2 28 18 704 1412 1592
337 2 2 28 18 33 2076 1090
338 2 2 28 18 141 2077 1091
339 2 2 28 18 69 2078 1092
340 2 2 28 18 105 2079 1093
341 2 2 28 18 2721 418 1403
342 2 2 28 18 2787 264 1325
343 2 2 28 18 219 953 1845
344 2 2 28 18 465 1595 1265
345 2 2 28 18 464 1266 1594
346 2 2 28 18 727 1205 1222
347 2 2 28 18 421 2285 1518
348 2 2 28 18 1089 2787 1325
349 2 2 28 18 839 1728 1138
350 2 2 28 18 443 1019 1173
351 2 2 28 18 507 1052 1275
352 2 2 28 18 192 1317 937
353 2 2 28 18 191 938 1318
354 2 2 28 18 650 1232 1115
355 2 2 28 18 651 1231 1113
356 2 2 28 18 652 1234 1114
357 2 2 28 18 653 1233 1112
358 2 2 28 18 936 1522 2269
359 2 2 28 18 262 1222 1205
360 2 2 28 18 928 2174 2121
361 2 2 28 18 237 1701 1798
362 2 2 28 18 904 2253 1359
363 2 2 28 18 2623 1480 397
364 2 2 28 18 2624 1481 398
365 2 2 28 18 2625 1482 399
366 2 2 28 18 2626 1483 400
367 2 2 28 18 703 1274 1725
368 2 2 28 18 214 1721 2445
369 2 2 28 18 926 2422 1162
370 2 2 28 18 241 2422 926
371 2 2 28 18 22 1059 2056
372 2 2 28 18 58 1060 2057
373 2 2 28 18 130 1061 2058
374 2 2 28 18 94 1062 2059
375 2 2 28 18 588 1347 1327
376 2 2 28 18 383 1088 1581
377 2 2 28 18 425 1846 1166
378 2 2 28 18 187 1275 1052
379 2 2 28 18 471 2580 961
380 2 2 28 18 539 903 2231
381 2 2 28 18 377 1115 1232
382 2 2 28 18 376 1113 1231
383 2 2 28 18 379 1114 1234
384 2 2 28 18 378 1112 1233
385 2 2 28 18 539 2654 903
386 2 2 28 18 1169 1480 2623
387 2 2 28 18 1170 1481 2624
388 2 2 28 18 1171 1482 2625
389 2 2 28 18 1172 1483 2626
390 2 2 28 18 643 1474 970
391 2 2 28 18 1106 1895 2038
392 2 2 28 18 497 1162 2422
393 2 2 28 18 1119 2721 1403
394 2 2 28 18 348 932 1646
395 2 2 28 18 349 934 1647
396 2 2 28 18 350 931 1648
397 2 2 28 18 351 933 1649
398 2 2 28 18 419 1404 1135
399 2 2 28 18 432 1440 1037
400 2 2 28 18 429 1439 1035
401 2 2 28 18 431 1441 1036
402 2 2 28 18 365 2409 959
403 2 2 28 18 585 1743 904
404 2 2 28 18 586 1163 2316
405 2 2 28 18 2317 1164 587
406 2 2 28 18 586 2316 1784
407 2 2 28 18 409 1426 1640
408 2 2 28 18 405 1644 1427
409 2 2 28 18 461 1373 911
410 2 2 28 18 460 1374 912
411 2 2 28 18 459 1375 913
412 2 2 28 18 458 1376 914
413 2 2 28 18 214 2631 1721
414 2 2 28 18 1115 2041 1900
415 2 2 28 18 2621 585 904
416 2 2 28 18 435 1042 1444
417 2 2 28 18 436 1041 1445
418 2 2 28 18 433 1040 1446
419 2 2 28 18 793 1629 2234
420 2 2 28 18 248 1400 1521
421 2 2 28 18 469 920 1378
422 2 2 28 18 468 921 1379
423 2 2 28 18 467 922 1380
424 2 2 28 18 466 923 1381
425 2 2 28 18 415 1222 1865
426 2 2 28 18 957 2656 1755
427 2 2 28 18 464 2259 1266
428 2 2 28 18 33 34 2076
429 2 2 28 18 141 142 2077
430 2 2 28 18 69 70 2078
431 2 2 28 18 105 106 2079
432 2 2 28 18 199 1725 1274
433 2 2 28 18 465 1265 2260
434 2 2 28 18 114 2225 1711
435 2 2 28 18 78 2224 1712
436 2 2 28 18 150 2223 1714
437 2 2 28 18 42 2222 1713
438 2 2 28 18 383 1383 1088
439 2 2 28 18 16 1536 134
440 2 2 28 18 4 1537 26
441 2 2 28 18 12 1534 98
442 2 2 28 18 8 1535 62
443 2 2 28 18 588 2890 977
444 2 2 28 18 575 1414 1815
445 2 2 28 18 422 1906 1587
446 2 2 28 18 344 2097 943
447 2 2 28 18 1266 2259 2126
448 2 2 28 18 478 2904 1018
449 2 2 28 18 440 953 1316
450 2 2 28 18 285 2341 1619
451 2 2 28 18 1265 2125 2260
452 2 2 28 18 660 943 2097
453 2 2 28 18 683 1521 1400
454 2 2 28 18 1166 1846 2710
455 2 2 28 18 786 1640 1426
456 2 2 28 18 790 1427 1644
457 2 2 28 18 756 1900 1626
458 2 2 28 18 864 1815 1414
459 2 2 28 18 226 1327 1347
460 2 2 28 18 533 992 1260
461 2 2 28 18 534 1488 1586
462 2 2 28 18 749 1621 1895
463 2 2 28 18 438 1045 1214
464 2 2 28 18 255 964 2780
465 2 2 28 18 494 1272 982
466 2 2 28 18 305 1448 1925
467 2 2 28 18 191 1390 938
468 2 2 28 18 192 937 1391
469 2 2 28 18 113 114 1711
470 2 2 28 18 77 78 1712
471 2 2 28 18 149 150 1714
472 2 2 28 18 41 42 1713
473 2 2 28 18 225 919 2786
474 2 2 28 18 482 1401 1434
475 2 2 28 18 522 931 1890
476 2 2 28 18 523 932 1888
477 2 2 28 18 524 933 1889
478 2 2 28 18 525 934 1887
479 2 2 28 18 526 1403 939
480 2 2 28 18 527 940 1404
481 2 2 28 18 839 2428 1728
482 2 2 28 18 758 1759 1073
483 2 2 28 18 659 1153 1744
484 2 2 28 18 658 1152 1745
485 2 2 28 18 478 1128 2904
486 2 2 28 18 241 926 1476
487 2 2 28 18 346 1162 2153
488 2 2 28 18 1101 2343 1491
489 2 2 28 18 225 959 2145
490 2 2 28 18 667 1490 1326
491 2 2 28 18 848 2153 1162
492 2 2 28 18 166 951 1434
493 2 2 28 18 477 1023 2892
494 2 2 28 18 803 2551 1645
495 2 2 28 18 2343 415 1491
496 2 2 28 18 1027 2970 1383
497 2 2 28 18 515 1358 944
498 2 2 28 18 367 1326 1490
499 2 2 28 18 929 2099 2658
500 2 2 28 18 497 1168 1146
501 2 2 28 18 476 2569 2650
502 2 2 28 18 195 1744 1153
503 2 2 28 18 193 1745 1152
504 2 2 28 18 643 1616 1474
505 2 2 28 18 2187 1633 360
506 2 2 28 18 423 1074 1758
507 2 2 28 18 422 1073 1759
508 2 2 28 18 2191 364 1629
509 2 2 28 18 476 2650 1214
510 2 2 28 18 930 1518 2285
511 2 2 28 18 256 1173 1239
512 2 2 28 18 1077 1633 2187
513 2 2 28 18 707 1057 1505
514 2 2 28 18 1081 2191 1629
515 2 2 28 18 492 1283 1047
516 2 2 28 18 1460 2636 1936
517 2 2 28 18 223 1870 1021
518 2 2 28 18 1461 1935 2638
519 2 2 28 18 708 1506 1064
520 2 2 28 18 21 22 2056
521 2 2 28 18 57 58 2057
522 2 2 28 18 129 130 2058
523 2 2 28 18 93 94 2059
524 2 2 28 18 574 1417 966
525 2 2 28 18 573 1418 967
526 2 2 28 18 492 1146 1168
527 2 2 28 18 471 1049 2580
528 2 2 28 18 245 946 2029
529 2 2 28 18 417 1044 2828
530 2 2 28 18 1399 2435 375
531 2 2 28 18 190 1431 1046
532 2 2 28 18 247 2032 947
533 2 2 28 18 513 1460 1936
534 2 2 28 18 462 1033 1336
535 2 2 28 18 463 1056 1347
536 2 2 28 18 1051 2435 1399
537 2 2 28 18 477 2892 1134
538 2 2 28 18 471 961 2328
539 2 2 28 18 665 1483 1576
540 2 2 28 18 663 1482 1574
541 2 2 28 18 664 1481 1575
542 2 2 28 18 662 1480 1573
543 2 2 28 18 444 2620 1139
544 2 2 28 18 910 1377 1858
545 2 2 28 18 514 1935 1461
546 2 2 28 18 1210 2302 2388
547 2 2 28 18 272 945 1428
548 2 2 28 18 497 1438 1162
549 2 2 28 18 498 1204 1218
550 2 2 28 18 1102 2344 2337
551 2 2 28 18 432 1143 1440
552 2 2 28 18 429 1144 1439
553 2 2 28 18 431 1145 1441
554 2 2 28 18 1139 2620 2239
555 2 2 28 18 510 951 1499
556 2 2 28 18 435 1444 1147
557 2 2 28 18 436 1445 1149
558 2 2 28 18 433 1446 1148
559 2 2 28 18 446 1013 1451
560 2 2 28 18 587 1063 2073
561 2 2 28 18 1105 2349 2354
562 2 2 28 18 449 1454 1016
563 2 2 28 18 955 1458 2640
564 2 2 28 18 954 2639 1459
565 2 2 28 18 166 1499 951
566 2 2 28 18 406 1470 1637
567 2 2 28 18 1007 2540 1516
568 2 2 28 18 534 1586 1335
569 2 2 28 18 447 1293 1011
570 2 2 28 18 448 1294 1012
571 2 2 28 18 446 1295 1013
572 2 2 28 18 373 1048 1696
573 2 2 28 18 450 1014 1296
574 2 2 28 18 451 1015 1297
575 2 2 28 18 449 1016 1298
576 2 2 28 18 2667 317 1547
577 2 2 28 18 2665 315 1545
578 2 2 28 18 2666 316 1546
579 2 2 28 18 7 2606 1375
580 2 2 28 18 3 2605 1376
581 2 2 28 18 15 2607 1374
582 2 2 28 18 11 2608 1373
583 2 2 28 18 447 1011 1505
584 2 2 28 18 14 1380 2611
585 2 2 28 18 2 1381 2610
586 2 2 28 18 10 1378 2613
587 2 2 28 18 6 1379 2612
588 2 2 28 18 450 1506 1014
589 2 2 28 18 189 1457 1100
590 2 2 28 18 365 2658 2409
591 2 2 28 18 395 1050 1424
592 2 2 28 18 519 1399 1026
593 2 2 28 18 661 2070 985
594 2 2 28 18 605 2055 1401
595 2 2 28 18 1459 2639 2802
596 2 2 28 18 1458 2803 2640
597 2 2 28 18 605 1432 2033
598 2 2 28 18 595 1289 1097
599 2 2 28 18 1186 2590 1879
600 2 2 28 18 559 945 1421
601 2 2 28 18 420 1210 2388
602 2 2 28 18 588 1242 2890
603 2 2 28 18 477 1384 1186
604 2 2 28 18 423 1758 2845
605 2 2 28 18 308 1268 2268
606 2 2 28 18 789 1637 1470
607 2 2 28 18 473 1075 1386
608 2 2 28 18 472 1387 1076
609 2 2 28 18 287 1918 1885
610 2 2 28 18 343 985 2070
611 2 2 28 18 660 2080 943
612 2 2 28 18 448 1012 1615
613 2 2 28 18 1032 2697 1173
614 2 2 28 18 330 2014 1879
615 2 2 28 18 739 1102 2337
616 2 2 28 18 285 1432 2341
617 2 2 28 18 484 1359 2253
618 2 2 28 18 482 1434 951
619 2 2 28 18 451 1614 1015
620 2 2 28 18 357 1080 1636
621 2 2 28 18 358 1078 1634
622 2 2 28 18 359 1079 1635
623 2 2 28 18 2664 1557 314
624 2 2 28 18 2663 1556 312
625 2 2 28 18 2662 1555 313
626 2 2 28 18 2661 1554 311
627 2 2 28 18 373 1620 1048
628 2 2 28 18 361 1632 1084
629 2 2 28 18 363 1631 1083
630 2 2 28 18 362 1630 1082
631 2 2 28 18 259 1291 1511
632 2 2 28 18 258 1290 1509
633 2 2 28 18 261 1289 1510
634 2 2 28 18 260 1288 1508
635 2 2 28 18 824 1283 2030
636 2 2 28 18 840 1896 1054
637 2 2 28 18 333 1398 1215
638 2 2 28 18 332 1216 1397
639 2 2 28 18 535 1383 2970
640 2 2 28 18 310 2274 1269
641 2 2 28 18 745 2349 1105
642 2 2 28 18 682 1186 1879
643 2 2 28 18 577 1457 1332
644 2 2 28 18 458 2306 1034
645 2 2 28 18 459 2305 1035
646 2 2 28 18 460 2304 1036
647 2 2 28 18 461 2303 1037
648 2 2 28 18 422 1759 2876
649 2 2 28 18 1008 2447 1517
650 2 2 28 18 1010 2446 1515
651 2 2 28 18 1009 2445 1514
652 2 2 28 18 2540 810 1516
653 2 2 28 18 249 1019 1305
654 2 2 28 18 375 1026 1399
655 2 2 28 18 1401 2420 1434
656 2 2 28 18 231 1859 1036
657 2 2 28 18 543 1513 1045
658 2 2 28 18 331 2030 1283
659 2 2 28 18 929 2649 2099
660 2 2 28 18 563 1215 1398
661 2 2 28 18 562 1397 1216
662 2 2 28 18 186 2387 981
663 2 2 28 18 170 2198 1129
664 2 2 28 18 580 1786 936
665 2 2 28 18 466 1039 2311
666 2 2 28 18 467 1040 2310
667 2 2 28 18 468 1041 2309
668 2 2 28 18 469 1042 2308
669 2 2 28 18 1564 416 2414
670 2 2 28 18 720 1826 2344
671 2 2 28 18 510 1479 951
672 2 2 28 18 187 2291 1101
673 2 2 28 18 673 942 1998
674 2 2 28 18 1137 1564 2414
675 2 2 28 18 941 585 1937
676 2 2 28 18 236 1041 1871
677 2 2 28 18 430 2306 1251
678 2 2 28 18 431 2304 1253
679 2 2 28 18 429 2305 1252
680 2 2 28 18 432 2303 1254
681 2 2 28 18 526 939 1856
682 2 2 28 18 758 2216 1759
683 2 2 28 18 447 1505 1057
684 2 2 28 18 527 1855 940
685 2 2 28 18 515 944 2246
686 2 2 28 18 831 2211 1308
687 2 2 28 18 833 2213 1309
688 2 2 28 18 832 2212 1311
689 2 2 28 18 830 2210 1310
690 2 2 28 18 1101 2291 2343
691 2 2 28 18 434 1256 2311
692 2 2 28 18 433 1257 2310
693 2 2 28 18 436 1258 2309
694 2 2 28 18 435 1259 2308
695 2 2 28 18 353 2378 970
696 2 2 28 18 272 1840 945
697 2 2 28 18 643 970 2092
698 2 2 28 18 335 1858 1377
699 2 2 28 18 1058 1804 1520
700 2 2 28 18 450 1064 1506
701 2 2 28 18 572 1415 976
702 2 2 28 18 324 2483 1787
703 2 2 28 18 421 1053 1849
704 2 2 28 18 728 1462 1322
705 2 2 28 18 2447 812 1517
706 2 2 28 18 2446 811 1515
707 2 2 28 18 2445 809 1514
708 2 2 28 18 611 2038 1895
709 2 2 28 18 492 1047 1519
710 2 2 28 18 273 2092 970
711 2 2 28 18 863 2532 1585
712 2 2 28 18 861 2533 1584
713 2 2 28 18 862 2535 1583
714 2 2 28 18 860 2534 1582
715 2 2 28 18 1662 190 2680
716 2 2 28 18 232 1917 1617
717 2 2 28 18 542 1507 950
718 2 2 28 18 331 2221 1299
719 2 2 28 18 914 1251 2306
720 2 2 28 18 912 1253 2304
721 2 2 28 18 913 1252 2305
722 2 2 28 18 911 1254 2303
723 2 2 28 18 1009 1585 2532
724 2 2 28 18 1007 1584 2533
725 2 2 28 18 1010 1583 2535
726 2 2 28 18 1008 1582 2534
727 2 2 28 18 520 1400 1028
728 2 2 28 18 166 1434 2186
729 2 2 28 18 255 2780 1204
730 2 2 28 18 621 1550 1279
731 2 2 28 18 622 1281 1551
732 2 2 28 18 543 952 1513
733 2 2 28 18 904 1359 2621
734 2 2 28 18 922 2310 1257
735 2 2 28 18 923 2311 1256
736 2 2 28 18 921 2309 1258
737 2 2 28 18 920 2308 1259
738 2 2 28 18 722 2354 1829
739 2 2 28 18 615 1626 1900
740 2 2 28 18 1549 275 1999
741 2 2 28 18 245 2329 946
742 2 2 28 18 580 936 1750
743 2 2 28 18 1552 2001 279
744 2 2 28 18 350 2067 931
745 2 2 28 18 348 2064 932
746 2 2 28 18 351 2066 933
747 2 2 28 18 349 2065 934
748 2 2 28 18 1180 2665 1545
749 2 2 28 18 1182 2667 1547
750 2 2 28 18 1181 2666 1546
751 2 2 28 18 192 1279 1550
752 2 2 28 18 191 1551 1281
753 2 2 28 18 419 984 1392
754 2 2 28 18 545 1573 1480
755 2 2 28 18 546 1575 1481
756 2 2 28 18 547 1574 1482
757 2 2 28 18 548 1576 1483
758 2 2 28 18 247 947 2342
759 2 2 28 18 730 1324 1477
760 2 2 28 18 519 1026 1412
761 2 2 28 18 545 1480 1169
762 2 2 28 18 546 1481 1170
763 2 2 28 18 547 1482 1171
764 2 2 28 18 548 1483 1172
765 2 2 28 18 611 1895 1621
766 2 2 28 18 342 1422 2504
767 2 2 28 18 2838 585 941
768 2 2 28 18 1045 1513 2826
769 2 2 28 18 950 1549 1999
770 2 2 28 18 704 2030 1733
771 2 2 28 18 952 2001 1552
772 2 2 28 18 615 1900 2041
773 2 2 28 18 134 1536 1889
774 2 2 28 18 98 1534 1890
775 2 2 28 18 26 1537 1887
776 2 2 28 18 62 1535 1888
777 2 2 28 18 610 1051 2773
778 2 2 28 18 494 982 1402
779 2 2 28 18 979 2658 2099
780 2 2 28 18 1125 2579 1493
781 2 2 28 18 1123 2577 1494
782 2 2 28 18 1124 2578 1495
783 2 2 28 18 1122 2576 1496
784 2 2 28 18 705 1330 1988
785 2 2 28 18 242 1003 2154
786 2 2 28 18 957 2891 1085
787 2 2 28 18 286 1782 2226
788 2 2 28 18 382 1021 1870
789 2 2 28 18 364 2234 1629
790 2 2 28 18 492 1877 2221
791 2 2 28 18 471 1931 1917
792 2 2 28 18 492 2221 1283
793 2 2 28 18 646 1106 1313
794 2 2 28 18 647 1107 1312
795 2 2 28 18 648 1108 1315
796 2 2 28 18 649 1109 1314
797 2 2 28 18 470 2758 2169
798 2 2 28 18 243 2155 1005
799 2 2 28 18 1176 1554 2661
800 2 2 28 18 1178 1556 2663
801 2 2 28 18 1177 1555 2662
802 2 2 28 18 1179 1557 2664
803 2 2 28 18 443 1173 2697
804 2 2 28 18 373 1696 3015
805 2 2 28 18 275 1895 1106
806 2 2 28 18 471 1917 1049
807 2 2 28 18 260 1096 1288
808 2 2 28 18 261 1097 1289
809 2 2 28 18 258 1094 1290
810 2 2 28 18 259 1095 1291
811 2 2 28 18 384 2892 1323
812 2 2 28 18 761 1798 1701
813 2 2 28 18 2030 2506 1733
814 2 2 28 18 199 1274 2241
815 2 2 28 18 720 1102 2505
816 2 2 28 18 729 2072 1167
817 2 2 28 18 722 2512 1105
818 2 2 28 18 219 1797 953
819 2 2 28 18 279 1115 1900
820 2 2 28 18 237 2826 1513
821 2 2 28 18 441 1121 1285
822 2 2 28 18 344 943 1728
823 2 2 28 18 2903 510 1499
824 2 2 28 18 1299 2903 1499
825 2 2 28 18 515 1562 1665
826 2 2 28 18 448 1615 1102
827 2 2 28 18 372 1313 1106
828 2 2 28 18 370 1312 1107
829 2 2 28 18 371 1315 1108
830 2 2 28 18 369 1314 1109
831 2 2 28 18 924 2106 1435
832 2 2 28 18 353 970 1474
833 2 2 28 18 330 1272 2014
834 2 2 28 18 417 960 2010
835 2 2 28 18 451 1105 1614
836 2 2 28 18 340 1030 1565
837 2 2 28 18 774 1467 1920
838 2 2 28 18 875 1662 2170
839 2 2 28 18 681 2154 1003
840 2 2 28 18 927 2186 1434
841 2 2 28 18 475 1410 3008
842 2 2 28 18 474 3010 1411
843 2 2 28 18 511 1089 1325
844 2 2 28 18 776 1980 1464
845 2 2 28 18 777 1981 1463
846 2 2 28 18 2579 413 1493
847 2 2 28 18 2577 411 1494
848 2 2 28 18 2578 412 1495
849 2 2 28 18 2576 410 1496
850 2 2 28 18 329 1167 2072
851 2 2 28 18 781 1924 1475
852 2 2 28 18 498 981 2387
853 2 2 28 18 440 1845 953
854 2 2 28 18 246 2600 1342
855 2 2 28 18 480 1757 1017
856 2 2 28 18 225 2086 959
857 2 2 28 18 248 1343 2601
858 2 2 28 18 199 2241 1803
859 2 2 28 18 1111 1662 2680
860 2 2 28 18 684 1005 2155
861 2 2 28 18 490 1240 1828
862 2 2 28 18 322 1435 2106
863 2 2 28 18 874 1299 2221
864 2 2 28 18 463 1347 1249
865 2 2 28 18 485 1673 1206
866 2 2 28 18 486 1208 1674
867 2 2 28 18 797 1469 1990
868 2 2 28 18 796 1468 1991
869 2 2 28 18 162 1038 1762
870 2 2 28 18 1335 1586 2020
871 2 2 28 18 1075 3008 1410
872 2 2 28 18 1076 1411 3010
873 2 2 28 18 564 953 1797
874 2 2 28 18 516 1489 1003
875 2 2 28 18 365 959 2090
876 2 2 28 18 542 950 1999
877 2 2 28 18 976 2896 1645
878 2 2 28 18 357 2119 1080
879 2 2 28 18 358 2117 1078
880 2 2 28 18 359 2118 1079
881 2 2 28 18 470 1457 1239
882 2 2 28 18 804 2134 1778
883 2 2 28 18 361 1084 2124
884 2 2 28 18 362 1082 2122
885 2 2 28 18 363 1083 2123
886 2 2 28 18 246 1963 2600
887 2 2 28 18 342 2136 2410
888 2 2 28 18 2546 321 948
889 2 2 28 18 543 2001 952
890 2 2 28 18 103 104 1691
891 2 2 28 18 67 68 1690
892 2 2 28 18 139 140 1689
893 2 2 28 18 31 32 1688
894 2 2 28 18 517 1005 1490
895 2 2 28 18 564 1756 953
896 2 2 28 18 287 1885 1247
897 2 2 28 18 248 2601 1967
898 2 2 28 18 482 951 2463
899 2 2 28 18 789 2261 1633
900 2 2 28 18 223 1278 1870
901 2 2 28 18 587 2073 1650
902 2 2 28 18 221 2159 1217
903 2 2 28 18 442 1138 1728
904 2 2 28 18 720 3002 962
905 2 2 28 18 948 321 1781
906 2 2 28 18 1449 2637 2189
907 2 2 28 18 420 2164 2103
908 2 2 28 18 490 1828 1273
909 2 2 28 18 902 2504 1422
910 2 2 28 18 703 1894 1274
911 2 2 28 18 577 1332 1338
912 2 2 28 18 577 1239 1457
913 2 2 28 18 576 2575 1275
914 2 2 28 18 1023 1323 2892
915 2 2 28 18 576 1455 2575
916 2 2 28 18 484 1021 2108
917 2 2 28 18 816 1217 2159
918 2 2 28 18 852 2322 1916
919 2 2 28 18 853 1915 2323
920 2 2 28 18 170 1500 2198
921 2 2 28 18 529 971 1651
922 2 2 28 18 530 972 1652
923 2 2 28 18 531 973 1653
924 2 2 28 18 532 974 1654
925 2 2 28 18 601 1765 1988
926 2 2 28 18 501 1338 1332
927 2 2 28 18 505 1103 3000
928 2 2 28 18 506 2999 1104
929 2 2 28 18 498 2980 2998
930 2 2 28 18 542 1219 1507
931 2 2 28 18 722 963 3011
932 2 2 28 18 526 1119 1403
933 2 2 28 18 527 1404 1120
934 2 2 28 18 559 2069 945
935 2 2 28 18 419 1120 1404
936 2 2 28 18 1047 2584 1519
937 2 2 28 18 511 1325 1385
938 2 2 28 18 2584 828 1519
939 2 2 28 18 669 1134 1705
940 2 2 28 18 462 1336 1250
941 2 2 28 18 226 1347 1056
942 2 2 28 18 544 2174 1320
943 2 2 28 18 492 1519 1146
944 2 2 28 18 498 2998 1204
945 2 2 28 18 383 1503 1027
946 2 2 28 18 795 1544 1972
947 2 2 28 18 686 2325 1308
948 2 2 28 18 685 2324 1309
949 2 2 28 18 687 2326 1311
950 2 2 28 18 688 2327 1310
951 2 2 28 18 2655 819 1860
952 2 2 28 18 472 1281 1387
953 2 2 28 18 473 1386 1279
954 2 2 28 18 1111 1893 2975
955 2 2 28 18 669 1705 1755
956 2 2 28 18 419 1995 984
957 2 2 28 18 223 1021 1966
958 2 2 28 18 483 1778 1043
959 2 2 28 18 765 1720 2462
960 2 2 28 18 1044 1385 2767
961 2 2 28 18 582 1385 1325
962 2 2 28 18 575 1815 1133
963 2 2 28 18 1105 2512 1614
964 2 2 28 18 582 1474 1616
965 2 2 28 18 1088 2170 1581
966 2 2 28 18 581 1825 1498
967 2 2 28 18 247 1185 2165
968 2 2 28 18 1102 1615 2505
969 2 2 28 18 245 2166 1184
970 2 2 28 18 417 1857 960
971 2 2 28 18 1604 347 2055
972 2 2 28 18 855 1498 1825
973 2 2 28 18 693 1983 1394
974 2 2 28 18 505 3000 1150
975 2 2 28 18 506 1151 2999
976 2 2 28 18 1055 3015 1696
977 2 2 28 18 426 2701 2886
978 2 2 28 18 515 1665 1358
979 2 2 28 18 14 147 1380
980 2 2 28 18 10 111 1378
981 2 2 28 18 2 39 1381
982 2 2 28 18 6 75 1379
983 2 2 28 18 11 1373 88
984 2 2 28 18 7 1375 52
985 2 2 28 18 15 1374 124
986 2 2 28 18 3 1376 160
987 2 2 28 18 485 1704 1098
988 2 2 28 18 486 1099 1703
989 2 2 28 18 767 2268 1268
990 2 2 28 18 1006 2462 1720
991 2 2 28 18 232 1617 2911
992 2 2 28 18 978 1604 2055
993 2 2 28 18 1019 2169 2758
994 2 2 28 18 982 2440 2806
995 2 2 28 18 521 1538 1456
996 2 2 28 18 1224 2655 1860
997 2 2 28 18 94 1658 1062
998 2 2 28 18 58 1656 1060
999 2 2 28 18 130 1657 1061
1000 2 2 28 18 22 1655 1059
1001 2 2 28 18 574 966 1695
1002 2 2 28 18 573 967 1694
1003 2 2 28 18 804 1778 1270
1004 2 2 28 18 1465 1788 2789
1005 2 2 28 18 769 1269 2274
1006 2 2 28 18 286 961 1782
1007 2 2 28 18 666 1447 1489
1008 2 2 28 18 515 2436 1000
1009 2 2 28 18 588 977 2129
1010 2 2 28 18 670 1456 1538
1011 2 2 28 18 474 1411 1276
1012 2 2 28 18 475 1277 1410
1013 2 2 28 18 156 157 1394
1014 2 2 28 18 48 49 1393
1015 2 2 28 18 120 121 1396
1016 2 2 28 18 84 85 1395
1017 2 2 28 18 366 1489 1447
1018 2 2 28 18 237 2915 1701
1019 2 2 28 18 396 2975 1893
1020 2 2 28 18 446 1451 1268
1021 2 2 28 18 1051 1399 2773
1022 2 2 28 18 421 1849 2841
1023 2 2 28 18 503 1103 1342
1024 2 2 28 18 504 1343 1104
1025 2 2 28 18 535 1165 1416
1026 2 2 28 18 794 2189 2637
1027 2 2 28 18 360 1598 1024
1028 2 2 28 18 449 1269 1454
1029 2 2 28 18 286 2226 1340
1030 2 2 28 18 678 1488 1217
1031 2 2 28 18 572 976 1645
1032 2 2 28 18 442 1207 1341
1033 2 2 28 18 300 1920 1467
1034 2 2 28 18 364 1025 1599
1035 2 2 28 18 552 1633 1077
1036 2 2 28 18 551 1634 1078
1037 2 2 28 18 550 1635 1079
1038 2 2 28 18 549 1636 1080
1039 2 2 28 18 420 1086 2164
1040 2 2 28 18 556 1081 1629
1041 2 2 28 18 555 1082 1630
1042 2 2 28 18 554 1083 1631
1043 2 2 28 18 553 1084 1632
1044 2 2 28 18 601 1361 1164
1045 2 2 28 18 602 1163 1360
1046 2 2 28 18 267 1164 1361
1047 2 2 28 18 840 2350 1896
1048 2 2 28 18 266 1360 1163
1049 2 2 28 18 731 1587 1906
1050 2 2 28 18 691 2006 1396
1051 2 2 28 18 249 1416 1165
1052 2 2 28 18 2444 1992 272
1053 2 2 28 18 286 1802 961
1054 2 2 28 18 824 2011 1543
1055 2 2 28 18 979 2409 2658
1056 2 2 28 18 663 1160 1482
1057 2 2 28 18 664 1159 1481
1058 2 2 28 18 662 1158 1480
1059 2 2 28 18 665 1161 1483
1060 2 2 28 18 255 1705 964
1061 2 2 28 18 283 1386 1075
1062 2 2 28 18 284 1076 1387
1063 2 2 28 18 304 1475 1924
1064 2 2 28 18 259 1511 1942
1065 2 2 28 18 258 1509 1943
1066 2 2 28 18 261 1510 1944
1067 2 2 28 18 260 1508 1945
1068 2 2 28 18 577 1973 1239
1069 2 2 28 18 529 1688 971
1070 2 2 28 18 530 1689 972
1071 2 2 28 18 531 1690 973
1072 2 2 28 18 532 1691 974
1073 2 2 28 18 1394 1983 2992
1074 2 2 28 18 1111 2680 1893
1075 2 2 28 18 418 1226 1403
1076 2 2 28 18 173 1225 2286
1077 2 2 28 18 542 1024 1598
1078 2 2 28 18 746 2051 2288
1079 2 2 28 18 442 1118 1979
1080 2 2 28 18 703 2628 978
1081 2 2 28 18 241 1168 2422
1082 2 2 28 18 543 1599 1025
1083 2 2 28 18 914 1376 2605
1084 2 2 28 18 913 1375 2606
1085 2 2 28 18 912 1374 2607
1086 2 2 28 18 911 1373 2608
1087 2 2 28 18 230 1464 1980
1088 2 2 28 18 229 1463 1981
1089 2 2 28 18 283 1075 1410
1090 2 2 28 18 284 1411 1076
1091 2 2 28 18 493 1118 1749
1092 2 2 28 18 922 2611 1380
1093 2 2 28 18 923 2610 1381
1094 2 2 28 18 920 2613 1378
1095 2 2 28 18 921 2612 1379
1096 2 2 28 18 2751 509 1432
1097 2 2 28 18 1110 2751 1432
1098 2 2 28 18 579 1030 1790
1099 2 2 28 18 259 1190 1864
1100 2 2 28 18 258 1189 1863
1101 2 2 28 18 260 1187 1861
1102 2 2 28 18 261 1188 1862
1103 2 2 28 18 879 1787 2483
1104 2 2 28 18 801 1188 2417
1105 2 2 28 18 800 1187 2418
1106 2 2 28 18 798 1189 2416
1107 2 2 28 18 799 1190 2415
1108 2 2 28 18 571 2163 1776
1109 2 2 28 18 569 2162 1774
1110 2 2 28 18 570 2161 1775
1111 2 2 28 18 568 2160 1773
1112 2 2 28 18 92 2059 1624
1113 2 2 28 18 128 2058 1623
1114 2 2 28 18 56 2057 1622
1115 2 2 28 18 20 2056 1621
1116 2 2 28 18 568 1009 1514
1117 2 2 28 18 570 1007 1516
1118 2 2 28 18 569 1010 1515
1119 2 2 28 18 571 1008 1517
1120 2 2 28 18 343 1838 985
1121 2 2 28 18 515 1000 1562
1122 2 2 28 18 707 1505 2126
1123 2 2 28 18 383 1087 1503
1124 2 2 28 18 478 1345 1128
1125 2 2 28 18 836 1333 2045
1126 2 2 28 18 837 2046 1334
1127 2 2 28 18 188 2767 1385
1128 2 2 28 18 1814 661 2699
1129 2 2 28 18 746 1597 2051
1130 2 2 28 18 422 1587 2562
1131 2 2 28 18 227 1450 1250
1132 2 2 28 18 235 1990 1469
1133 2 2 28 18 234 1991 1468
1134 2 2 28 18 566 1116 1606
1135 2 2 28 18 538 1424 1050
1136 2 2 28 18 340 1790 1030
1137 2 2 28 18 1209 1613 2724
1138 2 2 28 18 708 2125 1506
1139 2 2 28 18 988 2845 1758
1140 2 2 28 18 2824 1761 1400
1141 2 2 28 18 822 1541 2262
1142 2 2 28 18 442 1341 1138
1143 2 2 28 18 437 1117 1382
1144 2 2 28 18 823 2263 1542
1145 2 2 28 18 1188 2671 2417
1146 2 2 28 18 1187 2669 2418
1147 2 2 28 18 1190 2672 2415
1148 2 2 28 18 1189 2670 2416
1149 2 2 28 18 243 2464 1155
1150 2 2 28 18 1051 1992 2444
1151 2 2 28 18 242 1156 2468
1152 2 2 28 18 707 1686 2423
1153 2 2 28 18 327 2045 1333
1154 2 2 28 18 326 1334 2046
1155 2 2 28 18 439 2580 1049
1156 2 2 28 18 421 1518 2531
1157 2 2 28 18 1274 1894 2569
1158 2 2 28 18 285 1619 1894
1159 2 2 28 18 420 2103 1824
1160 2 2 28 18 167 1596 1478
1161 2 2 28 18 926 1162 2879
1162 2 2 28 18 661 985 2084
1163 2 2 28 18 703 978 2599
1164 2 2 28 18 459 1035 2729
1165 2 2 28 18 461 1037 2730
1166 2 2 28 18 2262 295 1703
1167 2 2 28 18 538 1033 1500
1168 2 2 28 18 1396 2006 2990
1169 2 2 28 18 301 1932 1322
1170 2 2 28 18 518 1382 1117
1171 2 2 28 18 1099 2262 1703
1172 2 2 28 18 485 1206 1704
1173 2 2 28 18 2263 1704 296
1174 2 2 28 18 486 1703 1208
1175 2 2 28 18 925 1894 1619
1176 2 2 28 18 599 1056 1435
1177 2 2 28 18 1098 1704 2263
1178 2 2 28 18 268 2227 1218
1179 2 2 28 18 760 1553 2232
1180 2 2 28 18 324 1787 1020
1181 2 2 28 18 1135 1404 2115
1182 2 2 28 18 240 2518 1023
1183 2 2 28 18 273 970 1882
1184 2 2 28 18 423 1522 2563
1185 2 2 28 18 315 1678 1545
1186 2 2 28 18 316 1679 1546
1187 2 2 28 18 317 1680 1547
1188 2 2 28 18 318 1681 1548
1189 2 2 28 18 576 1563 1443
1190 2 2 28 18 571 1582 1008
1191 2 2 28 18 570 1584 1007
1192 2 2 28 18 569 1583 1010
1193 2 2 28 18 568 1585 1009
1194 2 2 28 18 269 1606 1116
1195 2 2 28 18 533 1596 1029
1196 2 2 28 18 493 1030 1487
1197 2 2 28 18 348 1646 2706
1198 2 2 28 18 349 1647 2705
1199 2 2 28 18 350 1648 2708
1200 2 2 28 18 351 1649 2707
1201 2 2 28 18 167 1029 1596
1202 2 2 28 18 622 1398 1126
1203 2 2 28 18 467 2743 1040
1204 2 2 28 18 469 2744 1042
1205 2 2 28 18 621 1127 1397
1206 2 2 28 18 835 1299 1499
1207 2 2 28 18 873 2564 2105
1208 2 2 28 18 588 1249 1347
1209 2 2 28 18 333 1126 1398
1210 2 2 28 18 250 1573 1122
1211 2 2 28 18 252 1574 1124
1212 2 2 28 18 251 1575 1123
1213 2 2 28 18 253 1576 1125
1214 2 2 28 18 219 1845 2389
1215 2 2 28 18 332 1397 1127
1216 2 2 28 18 474 2301 3010
1217 2 2 28 18 2476 1673 201
1218 2 2 28 18 1674 2477 203
1219 2 2 28 18 475 3008 2300
1220 2 2 28 18 728 2443 1462
1221 2 2 28 18 444 1139 1377
1222 2 2 28 18 1206 1673 2476
1223 2 2 28 18 401 1052 2367
1224 2 2 28 18 1208 2477 1674
1225 2 2 28 18 708 2430 1687
1226 2 2 28 18 670 1443 1563
1227 2 2 28 18 32 2299 971
1228 2 2 28 18 140 2298 972
1229 2 2 28 18 68 2297 973
1230 2 2 28 18 104 2296 974
1231 2 2 28 18 1011 1293 2351
1232 2 2 28 18 1012 1294 2353
1233 2 2 28 18 1013 1295 2352
1234 2 2 28 18 205 1884 1048
1235 2 2 28 18 604 1048 1884
1236 2 2 28 18 1014 2355 1296
1237 2 2 28 18 1015 2357 1297
1238 2 2 28 18 1016 2356 1298
1239 2 2 28 18 175 1451 2489
1240 2 2 28 18 735 1545 1678
1241 2 2 28 18 736 1546 1679
1242 2 2 28 18 737 1547 1680
1243 2 2 28 18 738 1548 1681
1244 2 2 28 18 1553 2933 2232
1245 2 2 28 18 797 2128 1469
1246 2 2 28 18 796 2127 1468
1247 2 2 28 18 253 1578 1203
1248 2 2 28 18 252 1580 1201
1249 2 2 28 18 251 1577 1202
1250 2 2 28 18 250 1579 1200
1251 2 2 28 18 918 2708 1648
1252 2 2 28 18 916 2706 1646
1253 2 2 28 18 915 2705 1647
1254 2 2 28 18 917 2707 1649
1255 2 2 28 18 1013 2489 1451
1256 2 2 28 18 179 2495 1454
1257 2 2 28 18 502 1154 1789
1258 2 2 28 18 257 1087 1799
1259 2 2 28 18 1443 2966 2890
1260 2 2 28 18 352 1443 2890
1261 2 2 28 18 1016 1454 2495
1262 2 2 28 18 440 2775 988
1263 2 2 28 18 306 1324 1933
1264 2 2 28 18 470 2169 2772
1265 2 2 28 18 989 2876 1759
1266 2 2 28 18 498 2227 981
1267 2 2 28 18 603 1788 1465
1268 2 2 28 18 442 1979 1207
1269 2 2 28 18 730 1477 2469
1270 2 2 28 18 270 2724 1613
1271 2 2 28 18 418 1089 1672
1272 2 2 28 18 293 1693 1243
1273 2 2 28 18 294 1244 1692
1274 2 2 28 18 187 1101 1456
1275 2 2 28 18 567 1613 1209
1276 2 2 28 18 402 2110 1217
1277 2 2 28 18 728 1322 1932
1278 2 2 28 18 961 2580 2831
1279 2 2 28 18 545 1122 1573
1280 2 2 28 18 547 1124 1574
1281 2 2 28 18 546 1123 1575
1282 2 2 28 18 548 1125 1576
1283 2 2 28 18 482 1791 1245
1284 2 2 28 18 515 1058 2436
1285 2 2 28 18 357 2351 1293
1286 2 2 28 18 359 2353 1294
1287 2 2 28 18 358 2352 1295
1288 2 2 28 18 2863 857 2341
1289 2 2 28 18 9 1227 100
1290 2 2 28 18 5 1228 64
1291 2 2 28 18 13 1229 136
1292 2 2 28 18 1 1230 28
1293 2 2 28 18 361 1296 2355
1294 2 2 28 18 363 1297 2357
1295 2 2 28 18 362 1298 2356
1296 2 2 28 18 606 1243 1693
1297 2 2 28 18 607 1692 1244
1298 2 2 28 18 1155 2464 1913
1299 2 2 28 18 892 1226 1672
1300 2 2 28 18 506 1972 1544
1301 2 2 28 18 440 988 1758
1302 2 2 28 18 441 989 1759
1303 2 2 28 18 552 1077 1671
1304 2 2 28 18 551 1078 1670
1305 2 2 28 18 550 1079 1669
1306 2 2 28 18 549 1080 1668
1307 2 2 28 18 475 2300 3002
1308 2 2 28 18 780 1448 2392
1309 2 2 28 18 583 1675 2439
1310 2 2 28 18 500 2185 1184
1311 2 2 28 18 773 1472 1919
1312 2 2 28 18 771 1471 1921
1313 2 2 28 18 107 1627 2079
1314 2 2 28 18 71 1628 2078
1315 2 2 28 18 143 1625 2077
1316 2 2 28 18 35 1626 2076
1317 2 2 28 18 521 1456 1101
1318 2 2 28 18 474 3011 2301
1319 2 2 28 18 499 1185 2180
1320 2 2 28 18 1156 1914 2468
1321 2 2 28 18 533 1702 992
1322 2 2 28 18 302 1923 1261
1323 2 2 28 18 303 1926 1262
1324 2 2 28 18 304 1924 1263
1325 2 2 28 18 305 1925 1264
1326 2 2 28 18 221 1488 1137
1327 2 2 28 18 2699 661 1340
1328 2 2 28 18 500 2188 2185
1329 2 2 28 18 629 2095 993
1330 2 2 28 18 630 2096 994
1331 2 2 28 18 628 2094 995
1332 2 2 28 18 714 1292 1802
1333 2 2 28 18 1173 2758 1239
1334 2 2 28 18 395 1424 2272
1335 2 2 28 18 515 2246 1058
1336 2 2 28 18 566 1664 1116
1337 2 2 28 18 583 2439 1392
1338 2 2 28 18 779 1923 1485
1339 2 2 28 18 778 1926 1484
1340 2 2 28 18 865 2679 990
1341 2 2 28 18 208 1671 1077
1342 2 2 28 18 206 1670 1078
1343 2 2 28 18 209 1669 1079
1344 2 2 28 18 207 1668 1080
1345 2 2 28 18 556 1685 1081
1346 2 2 28 18 555 1684 1082
1347 2 2 28 18 554 1683 1083
1348 2 2 28 18 553 1682 1084
1349 2 2 28 18 610 1992 1051
1350 2 2 28 18 499 2180 2190
1351 2 2 28 18 632 996 2101
1352 2 2 28 18 633 997 2102
1353 2 2 28 18 631 998 2100
1354 2 2 28 18 173 2286 2590
1355 2 2 28 18 1100 1457 2772
1356 2 2 28 18 89 90 1254
1357 2 2 28 18 125 126 1253
1358 2 2 28 18 53 54 1252
1359 2 2 28 18 17 18 1251
1360 2 2 28 18 109 110 1259
1361 2 2 28 18 73 74 1258
1362 2 2 28 18 145 146 1257
1363 2 2 28 18 37 38 1256
1364 2 2 28 18 520 2824 1400
1365 2 2 28 18 1512 2863 2341
1366 2 2 28 18 528 2170 1662
1367 2 2 28 18 308 2517 1268
1368 2 2 28 18 984 1995 507
1369 2 2 28 18 493 1565 1030
1370 2 2 28 18 480 1017 2893
1371 2 2 28 18 478 1018 2894
1372 2 2 28 18 265 2621 1359
1373 2 2 28 18 470 2772 1457
1374 2 2 28 18 380 1116 1664
1375 2 2 28 18 212 1081 1685
1376 2 2 28 18 210 1082 1684
1377 2 2 28 18 213 1083 1683
1378 2 2 28 18 211 1084 1682
1379 2 2 28 18 730 1933 1324
1380 2 2 28 18 529 1558 1235
1381 2 2 28 18 530 1559 1236
1382 2 2 28 18 531 1560 1237
1383 2 2 28 18 532 1561 1238
1384 2 2 28 18 533 1020 1596
1385 2 2 28 18 381 1741 1028
1386 2 2 28 18 163 1119 1473
1387 2 2 28 18 2575 984 507
1388 2 2 28 18 427 1278 2633
1389 2 2 28 18 518 1117 2536
1390 2 2 28 18 534 1137 1488
1391 2 2 28 18 1034 2911 1617
1392 2 2 28 18 353 1241 2378
1393 2 2 28 18 902 1224 2060
1394 2 2 28 18 820 2141 1478
1395 2 2 28 18 168 1220 2050
1396 2 2 28 18 395 1520 1050
1397 2 2 28 18 169 2052 1221
1398 2 2 28 18 961 2831 1782
1399 2 2 28 18 795 2806 2440
1400 2 2 28 18 345 1054 3009
1401 2 2 28 18 310 1269 2538
1402 2 2 28 18 490 1273 2286
1403 2 2 28 18 699 1302 1504
1404 2 2 28 18 698 1502 1304
1405 2 2 28 18 856 1879 2590
1406 2 2 28 18 505 2778 1103
1407 2 2 28 18 2762 865 990
1408 2 2 28 18 506 1104 2777
1409 2 2 28 18 694 1261 1923
1410 2 2 28 18 696 1262 1926
1411 2 2 28 18 695 1263 1924
1412 2 2 28 18 697 1264 1925
1413 2 2 28 18 403 1182 1642
1414 2 2 28 18 505 1543 2011
1415 2 2 28 18 407 1638 1178
1416 2 2 28 18 577 1486 1973
1417 2 2 28 18 502 1789 1248
1418 2 2 28 18 838 2195 2521
1419 2 2 28 18 620 1410 1277
1420 2 2 28 18 856 2286 1273
1421 2 2 28 18 619 1276 1411
1422 2 2 28 18 269 2208 1017
1423 2 2 28 18 517 1284 2270
1424 2 2 28 18 616 1625 1610
1425 2 2 28 18 617 1628 1611
1426 2 2 28 18 618 1627 1612
1427 2 2 28 18 820 1478 1303
1428 2 2 28 18 612 1607 1622
1429 2 2 28 18 613 1608 1623
1430 2 2 28 18 614 1609 1624
1431 2 2 28 18 565 1667 1847
1432 2 2 28 18 622 1551 1398
1433 2 2 28 18 561 1503 1087
1434 2 2 28 18 621 1397 1550
1435 2 2 28 18 421 2531 1053
1436 2 2 28 18 157 2427 1394
1437 2 2 28 18 49 2426 1393
1438 2 2 28 18 121 2425 1396
1439 2 2 28 18 85 2424 1395
1440 2 2 28 18 845 1878 1884
1441 2 2 28 18 338 2451 1073
1442 2 2 28 18 337 2450 1074
1443 2 2 28 18 476 1214 1798
1444 2 2 28 18 754 1610 1625
1445 2 2 28 18 755 1611 1628
1446 2 2 28 18 753 1612 1627
1447 2 2 28 18 750 1622 1607
1448 2 2 28 18 751 1623 1608
1449 2 2 28 18 752 1624 1609
1450 2 2 28 18 418 1501 1089
1451 2 2 28 18 1162 1438 2049
1452 2 2 28 18 526 1473 1119
1453 2 2 28 18 628 1440 1143
1454 2 2 28 18 629 1439 1144
1455 2 2 28 18 630 1441 1145
1456 2 2 28 18 425 1166 2462
1457 2 2 28 18 1039 1701 2915
1458 2 2 28 18 521 1086 1538
1459 2 2 28 18 533 1779 1020
1460 2 2 28 18 521 1101 1491
1461 2 2 28 18 429 1035 2305
1462 2 2 28 18 431 1036 2304
1463 2 2 28 18 432 1037 2303
1464 2 2 28 18 517 2270 2289
1465 2 2 28 18 819 1351 2072
1466 2 2 28 18 414 1224 1860
1467 2 2 28 18 647 1078 2117
1468 2 2 28 18 648 1079 2118
1469 2 2 28 18 649 1080 2119
1470 2 2 28 18 318 1183 2391
1471 2 2 28 18 681 1003 2703
1472 2 2 28 18 651 2122 1082
1473 2 2 28 18 652 2123 1083
1474 2 2 28 18 653 2124 1084
1475 2 2 28 18 757 1074 2450
1476 2 2 28 18 758 1073 2451
1477 2 2 28 18 692 2074 1393
1478 2 2 28 18 690 2075 1395
1479 2 2 28 18 658 1017 2208
1480 2 2 28 18 299 1919 1472
1481 2 2 28 18 297 1921 1471
1482 2 2 28 18 533 1029 1702
1483 2 2 28 18 827 1789 2098
1484 2 2 28 18 483 1270 1778
1485 2 2 28 18 631 1147 1444
1486 2 2 28 18 632 1148 1446
1487 2 2 28 18 633 1149 1445
1488 2 2 28 18 1183 1641 2646
1489 2 2 28 18 1181 1643 2648
1490 2 2 28 18 1180 1644 2647
1491 2 2 28 18 162 1650 1038
1492 2 2 28 18 1179 2643 1637
1493 2 2 28 18 1177 2645 1639
1494 2 2 28 18 1176 2644 1640
1495 2 2 28 18 1035 1980 2729
1496 2 2 28 18 1037 1981 2730
1497 2 2 28 18 329 2072 1351
1498 2 2 28 18 816 2391 1183
1499 2 2 28 18 249 2169 1019
1500 2 2 28 18 563 1398 1551
1501 2 2 28 18 562 1550 1397
1502 2 2 28 18 1529 2160 2688
1503 2 2 28 18 1531 2162 2689
1504 2 2 28 18 1530 2161 2690
1505 2 2 28 18 1532 2163 2691
1506 2 2 28 18 178 2318 1427
1507 2 2 28 18 2602 1524 1769
1508 2 2 28 18 433 2310 1040
1509 2 2 28 18 436 2309 1041
1510 2 2 28 18 435 2308 1042
1511 2 2 28 18 174 1426 2319
1512 2 2 28 18 875 1431 1662
1513 2 2 28 18 231 2622 1859
1514 2 2 28 18 529 1235 1688
1515 2 2 28 18 530 1236 1689
1516 2 2 28 18 532 1238 1691
1517 2 2 28 18 531 1237 1690
1518 2 2 28 18 2603 1770 1523
1519 2 2 28 18 360 1633 2261
1520 2 2 28 18 302 1485 1923
1521 2 2 28 18 303 1484 1926
1522 2 2 28 18 273 1050 2092
1523 2 2 28 18 1601 2720 2282
1524 2 2 28 18 827 1248 1789
1525 2 2 28 18 684 2726 1005
1526 2 2 28 18 318 1548 1183
1527 2 2 28 18 419 1135 1995
1528 2 2 28 18 221 1137 1465
1529 2 2 28 18 1142 2693 1736
1530 2 2 28 18 1141 2692 1735
1531 2 2 28 18 919 1824 2103
1532 2 2 28 18 226 1175 1936
1533 2 2 28 18 227 1935 1174
1534 2 2 28 18 1040 2743 1990
1535 2 2 28 18 1042 2744 1991
1536 2 2 28 18 742 1617 1917
1537 2 2 28 18 402 2646 1641
1538 2 2 28 18 404 2648 1643
1539 2 2 28 18 405 2647 1644
1540 2 2 28 18 406 1637 2643
1541 2 2 28 18 408 1639 2645
1542 2 2 28 18 409 1640 2644
1543 2 2 28 18 274 1538 1086
1544 2 2 28 18 981 2930 1157
1545 2 2 28 18 360 1024 2187
1546 2 2 28 18 646 2187 1024
1547 2 2 28 18 269 1017 1757
1548 2 2 28 18 189 2081 1071
1549 2 2 28 18 2493 178 1427
1550 2 2 28 18 364 2191 1025
1551 2 2 28 18 650 1025 2191
1552 2 2 28 18 2487 1426 174
1553 2 2 28 18 1085 2998 2980
1554 2 2 28 18 236 1871 2637
1555 2 2 28 18 338 1073 2553
1556 2 2 28 18 337 1074 2554
1557 2 2 28 18 328 1740 1146
1558 2 2 28 18 580 1750 1127
1559 2 2 28 18 332 1127 1750
1560 2 2 28 18 447 1057 2461
1561 2 2 28 18 268 1466 2227
1562 2 2 28 18 621 1279 1386
1563 2 2 28 18 622 1387 1281
1564 2 2 28 18 2693 808 1736
1565 2 2 28 18 2692 807 1735
1566 2 2 28 18 982 2806 1402
1567 2 2 28 18 579 1783 1030
1568 2 2 28 18 485 1898 1673
1569 2 2 28 18 486 1674 1899
1570 2 2 28 18 403 2581 1182
1571 2 2 28 18 1478 1596 2783
1572 2 2 28 18 171 1210 1841
1573 2 2 28 18 407 1178 2582
1574 2 2 28 18 635 1841 1210
1575 2 2 28 18 422 2562 1073
1576 2 2 28 18 423 2563 1074
1577 2 2 28 18 450 2470 1064
1578 2 2 28 18 639 1524 2602
1579 2 2 28 18 482 1245 1401
1580 2 2 28 18 646 1024 2218
1581 2 2 28 18 766 2320 2388
1582 2 2 28 18 640 2603 1523
1583 2 2 28 18 650 2219 1025
1584 2 2 28 18 669 1755 1834
1585 2 2 28 18 844 1776 2163
1586 2 2 28 18 842 1774 2162
1587 2 2 28 18 843 1775 2161
1588 2 2 28 18 841 1773 2160
1589 2 2 28 18 178 2493 1506
1590 2 2 28 18 174 1505 2487
1591 2 2 28 18 169 1286 2844
1592 2 2 28 18 1088 1383 2131
1593 2 2 28 18 829 2228 1272
1594 2 2 28 18 602 1360 1569
1595 2 2 28 18 529 1309 1558
1596 2 2 28 18 530 1308 1559
1597 2 2 28 18 531 1311 1560
1598 2 2 28 18 532 1310 1561
1599 2 2 28 18 601 1568 1361
1600 2 2 28 18 482 1351 1791
1601 2 2 28 18 1011 2487 1505
1602 2 2 28 18 1014 1506 2493
1603 2 2 28 18 538 2321 1033
1604 2 2 28 18 324 1020 1779
1605 2 2 28 18 308 1994 1420
1606 2 2 28 18 307 1993 1419
1607 2 2 28 18 518 2536 2686
1608 2 2 28 18 520 1028 1741
1609 2 2 28 18 1048 1620 1997
1610 2 2 28 18 382 2108 1021
1611 2 2 28 18 658 2244 1017
1612 2 2 28 18 1152 1739 2728
1613 2 2 28 18 1153 1738 2727
1614 2 2 28 18 491 1449 2189
1615 2 2 28 18 815 1601 2282
1616 2 2 28 18 553 1180 1545
1617 2 2 28 18 554 1181 1546
1618 2 2 28 18 555 1182 1547
1619 2 2 28 18 556 1183 1548
1620 2 2 28 18 637 2457 1389
1621 2 2 28 18 638 1388 2458
1622 2 2 28 18 383 1581 1087
1623 2 2 28 18 537 1569 1360
1624 2 2 28 18 536 1361 1568
1625 2 2 28 18 1028 1400 2959
1626 2 2 28 18 576 1275 1563
1627 2 2 28 18 490 1423 1240
1628 2 2 28 18 402 1217 2646
1629 2 2 28 18 1046 1431 2526
1630 2 2 28 18 1219 2929 1507
1631 2 2 28 18 92 93 2059
1632 2 2 28 18 128 129 2058
1633 2 2 28 18 56 57 2057
1634 2 2 28 18 20 21 2056
1635 2 2 28 18 1286 2273 2844
1636 2 2 28 18 458 1034 1617
1637 2 2 28 18 372 1059 2347
1638 2 2 28 18 370 1060 2345
1639 2 2 28 18 371 1061 2348
1640 2 2 28 18 369 1062 2346
1641 2 2 28 18 442 1728 2960
1642 2 2 28 18 668 1700 1140
1643 2 2 28 18 906 2410 2136
1644 2 2 28 18 507 2367 1052
1645 2 2 28 18 549 1554 1176
1646 2 2 28 18 550 1555 1177
1647 2 2 28 18 551 1556 1178
1648 2 2 28 18 552 1557 1179
1649 2 2 28 18 707 2423 1057
1650 2 2 28 18 418 1672 1226
1651 2 2 28 18 189 1100 2081
1652 2 2 28 18 542 1999 1024
1653 2 2 28 18 1047 1283 2242
1654 2 2 28 18 808 1420 1994
1655 2 2 28 18 807 1419 1993
1656 2 2 28 18 1038 2981 1762
1657 2 2 28 18 2728 1739 826
1658 2 2 28 18 2727 1738 825
1659 2 2 28 18 239 1240 2972
1660 2 2 28 18 543 1025 2001
1661 2 2 28 18 187 1563 1275
1662 2 2 28 18 397 1480 1158
1663 2 2 28 18 398 1481 1159
1664 2 2 28 18 399 1482 1160
1665 2 2 28 18 400 1483 1161
1666 2 2 28 18 453 1333 1391
1667 2 2 28 18 452 1390 1334
1668 2 2 28 18 309 1430 2012
1669 2 2 28 18 310 1429 2013
1670 2 2 28 18 316 2024 1679
1671 2 2 28 18 317 2023 1680
1672 2 2 28 18 256 2214 1032
1673 2 2 28 18 395 2436 1058
1674 2 2 28 18 965 2972 1240
1675 2 2 28 18 1389 2457 1795
1676 2 2 28 18 1388 1796 2458
1677 2 2 28 18 1026 2956 1412
1678 2 2 28 18 899 1278 2520
1679 2 2 28 18 708 1064 2430
1680 2 2 28 18 179 1372 2495
1681 2 2 28 18 930 2404 1854
1682 2 2 28 18 175 2489 1371
1683 2 2 28 18 420 1824 1210
1684 2 2 28 18 315 2019 1678
1685 2 2 28 18 583 1216 1723
1686 2 2 28 18 604 1696 1048
1687 2 2 28 18 888 2009 2582
1688 2 2 28 18 484 1966 1021
1689 2 2 28 18 889 2581 2008
1690 2 2 28 18 538 1050 2321
1691 2 2 28 18 401 2367 2618
1692 2 2 28 18 223 2520 1278
1693 2 2 28 18 389 1969 1263
1694 2 2 28 18 391 1971 1264
1695 2 2 28 18 392 1970 1262
1696 2 2 28 18 390 1968 1261
1697 2 2 28 18 373 1063 1620
1698 2 2 28 18 902 2060 2504
1699 2 2 28 18 342 2410 1422
1700 2 2 28 18 238 1226 2614
1701 2 2 28 18 332 1723 1216
1702 2 2 28 18 892 2614 1226
1703 2 2 28 18 899 2633 1278
1704 2 2 28 18 826 2012 1430
1705 2 2 28 18 825 2013 1429
1706 2 2 28 18 860 1582 2898
1707 2 2 28 18 368 1603 1872
1708 2 2 28 18 167 2018 1029
1709 2 2 28 18 883 2684 1200
1710 2 2 28 18 881 2682 1201
1711 2 2 28 18 882 2683 1202
1712 2 2 28 18 880 2681 1203
1713 2 2 28 18 836 1391 1333
1714 2 2 28 18 1393 2074 2991
1715 2 2 28 18 1395 2075 2989
1716 2 2 28 18 837 1334 1390
1717 2 2 28 18 1070 2236 1810
1718 2 2 28 18 1069 2235 1811
1719 2 2 28 18 672 1916 2322
1720 2 2 28 18 671 2323 1915
1721 2 2 28 18 273 2321 1050
1722 2 2 28 18 527 1120 1897
1723 2 2 28 18 346 2879 1162
1724 2 2 28 18 438 1570 2362
1725 2 2 28 18 838 2521 1813
1726 2 2 28 18 328 1146 1519
1727 2 2 28 18 590 1065 1927
1728 2 2 28 18 591 1066 1928
1729 2 2 28 18 592 1067 1929
1730 2 2 28 18 593 1068 1930
1731 2 2 28 18 438 2847 1570
1732 2 2 28 18 248 2959 1400
1733 2 2 28 18 873 1872 1603
1734 2 2 28 18 470 1239 2758
1735 2 2 28 18 520 1267 2824
1736 2 2 28 18 640 1208 2603
1737 2 2 28 18 639 2602 1206
1738 2 2 28 18 1001 2085 1812
1739 2 2 28 18 678 1217 2110
1740 2 2 28 18 221 1217 1488
1741 2 2 28 18 241 2932 1168
1742 2 2 28 18 886 2103 2164
1743 2 2 28 18 496 1469 2128
1744 2 2 28 18 495 1468 2127
1745 2 2 28 18 967 2390 2451
1746 2 2 28 18 966 2389 2450
1747 2 2 28 18 498 2387 2980
1748 2 2 28 18 466 1701 1039
1749 2 2 28 18 985 2384 2247
1750 2 2 28 18 255 1204 2998
1751 2 2 28 18 1140 2659 1742
1752 2 2 28 18 762 1353 1767
1753 2 2 28 18 2659 536 1742
1754 2 2 28 18 846 1319 1461
1755 2 2 28 18 534 1564 1137
1756 2 2 28 18 477 2280 1384
1757 2 2 28 18 230 1980 1035
1758 2 2 28 18 229 1981 1037
1759 2 2 28 18 568 1130 2278
1760 2 2 28 18 569 1132 2277
1761 2 2 28 18 570 1131 2276
1762 2 2 28 18 571 1133 2275
1763 2 2 28 18 454 1200 2684
1764 2 2 28 18 455 1201 2682
1765 2 2 28 18 456 1202 2683
1766 2 2 28 18 457 1203 2681
1767 2 2 28 18 765 2091 1720
1768 2 2 28 18 967 1418 2282
1769 2 2 28 18 966 1417 2281
1770 2 2 28 18 375 2421 1026
1771 2 2 28 18 982 1272 2228
1772 2 2 28 18 647 2138 1107
1773 2 2 28 18 648 2139 1108
1774 2 2 28 18 649 2140 1109
1775 2 2 28 18 600 1029 2018
1776 2 2 28 18 417 2010 2634
1777 2 2 28 18 301 2337 2344
1778 2 2 28 18 609 1854 2404
1779 2 2 28 18 462 2198 1033
1780 2 2 28 18 370 2037 1060
1781 2 2 28 18 369 2040 1062
1782 2 2 28 18 372 2038 1059
1783 2 2 28 18 371 2039 1061
1784 2 2 28 18 847 1460 1321
1785 2 2 28 18 733 2429 1129
1786 2 2 28 18 246 1412 2956
1787 2 2 28 18 306 2354 2349
1788 2 2 28 18 179 2082 1372
1789 2 2 28 18 2629 2083 642
1790 2 2 28 18 175 1371 2083
1791 2 2 28 18 723 1668 1866
1792 2 2 28 18 725 1669 1867
1793 2 2 28 18 724 1670 1868
1794 2 2 28 18 726 1671 1869
1795 2 2 28 18 2958 1760 567
1796 2 2 28 18 2236 625 1810
1797 2 2 28 18 1811 2235 624
1798 2 2 28 18 438 2362 1045
1799 2 2 28 18 1619 2847 2650
1800 2 2 28 18 991 2841 1849
1801 2 2 28 18 381 1028 2419
1802 2 2 28 18 731 1847 1667
1803 2 2 28 18 2630 641 2082
1804 2 2 28 18 1190 2312 1864
1805 2 2 28 18 1189 2313 1863
1806 2 2 28 18 1188 2314 1862
1807 2 2 28 18 1187 2315 1861
1808 2 2 28 18 347 2750 2549
1809 2 2 28 18 483 1043 2010
1810 2 2 28 18 556 1641 1183
1811 2 2 28 18 555 1642 1182
1812 2 2 28 18 554 1643 1181
1813 2 2 28 18 553 1644 1180
1814 2 2 28 18 552 1179 1637
1815 2 2 28 18 551 1178 1638
1816 2 2 28 18 550 1177 1639
1817 2 2 28 18 549 1176 1640
1818 2 2 28 18 235 1040 1990
1819 2 2 28 18 234 1042 1991
1820 2 2 28 18 170 1129 2429
1821 2 2 28 18 415 1282 1491
1822 2 2 28 18 567 1209 1659
1823 2 2 28 18 740 1142 2435
1824 2 2 28 18 740 2444 1428
1825 2 2 28 18 79 2003 1197
1826 2 2 28 18 115 2002 1196
1827 2 2 28 18 43 2005 1199
1828 2 2 28 18 151 2004 1198
1829 2 2 28 18 651 1113 2142
1830 2 2 28 18 652 1114 2143
1831 2 2 28 18 653 1112 2144
1832 2 2 28 18 627 1812 2085
1833 2 2 28 18 416 1564 2805
1834 2 2 28 18 873 2107 2429
1835 2 2 28 18 115 1196 2225
1836 2 2 28 18 79 1197 2224
1837 2 2 28 18 151 1198 2223
1838 2 2 28 18 43 1199 2222
1839 2 2 28 18 1133 1815 2275
1840 2 2 28 18 180 1307 2494
1841 2 2 28 18 767 1268 1451
1842 2 2 28 18 1346 2438 2641
1843 2 2 28 18 886 1491 1282
1844 2 2 28 18 709 1222 2530
1845 2 2 28 18 176 2488 1306
1846 2 2 28 18 374 1659 1209
1847 2 2 28 18 846 2270 1319
1848 2 2 28 18 757 2964 1074
1849 2 2 28 18 505 1150 1543
1850 2 2 28 18 506 1544 1151
1851 2 2 28 18 810 2582 1178
1852 2 2 28 18 814 1182 2581
1853 2 2 28 18 271 1767 1353
1854 2 2 28 18 240 1223 1492
1855 2 2 28 18 612 1060 2037
1856 2 2 28 18 614 1062 2040
1857 2 2 28 18 613 1061 2039
1858 2 2 28 18 611 1059 2038
1859 2 2 28 18 276 1107 2138
1860 2 2 28 18 277 1108 2139
1861 2 2 28 18 278 1109 2140
1862 2 2 28 18 1220 1760 2958
1863 2 2 28 18 401 2290 1052
1864 2 2 28 18 106 107 2079
1865 2 2 28 18 70 71 2078
1866 2 2 28 18 142 143 2077
1867 2 2 28 18 34 35 2076
1868 2 2 28 18 511 1672 1089
1869 2 2 28 18 502 1526 1154
1870 2 2 28 18 187 1052 2291
1871 2 2 28 18 167 1478 2141
1872 2 2 28 18 600 1982 1029
1873 2 2 28 18 1136 2805 1564
1874 2 2 28 18 769 1454 1269
1875 2 2 28 18 513 1175 1541
1876 2 2 28 18 514 1542 1174
1877 2 2 28 18 393 2802 2639
1878 2 2 28 18 218 1901 1139
1879 2 2 28 18 543 1045 2047
1880 2 2 28 18 394 2640 2803
1881 2 2 28 18 535 2700 1165
1882 2 2 28 18 182 1751 1130
1883 2 2 28 18 183 1752 1131
1884 2 2 28 18 184 1753 1132
1885 2 2 28 18 185 1754 1133
1886 2 2 28 18 892 1672 2473
1887 2 2 28 18 168 1319 2270
1888 2 2 28 18 2507 1735 374
1889 2 2 28 18 497 1146 1740
1890 2 2 28 18 602 2316 1163
1891 2 2 28 18 601 1164 2317
1892 2 2 28 18 905 2220 1893
1893 2 2 28 18 706 1693 1843
1894 2 2 28 18 705 1844 1692
1895 2 2 28 18 176 1277 2505
1896 2 2 28 18 280 2142 1113
1897 2 2 28 18 281 2143 1114
1898 2 2 28 18 282 2144 1112
1899 2 2 28 18 180 2512 1276
1900 2 2 28 18 163 1676 1119
1901 2 2 28 18 1772 2827 2201
1902 2 2 28 18 164 1120 1675
1903 2 2 28 18 577 1338 1486
1904 2 2 28 18 1003 1489 2703
1905 2 2 28 18 864 2789 1788
1906 2 2 28 18 1267 2141 2824
1907 2 2 28 18 205 1048 1997
1908 2 2 28 18 180 2542 1307
1909 2 2 28 18 303 1069 2784
1910 2 2 28 18 302 1070 2785
1911 2 2 28 18 2152 2968 754
1912 2 2 28 18 2151 2969 755
1913 2 2 28 18 2150 2967 753
1914 2 2 28 18 176 1306 2545
1915 2 2 28 18 668 1140 2106
1916 2 2 28 18 740 1428 2516
1917 2 2 28 18 190 1046 2025
1918 2 2 28 18 322 2106 1140
1919 2 2 28 18 2968 1610 754
1920 2 2 28 18 2969 1611 755
1921 2 2 28 18 2967 1612 753
1922 2 2 28 18 203 1300 1568
1923 2 2 28 18 201 1569 1301
1924 2 2 28 18 537 1360 2837
1925 2 2 28 18 822 2725 1541
1926 2 2 28 18 463 2233 1056
1927 2 2 28 18 823 1542 2723
1928 2 2 28 18 1141 1735 2507
1929 2 2 28 18 401 1205 2290
1930 2 2 28 18 1166 2921 2462
1931 2 2 28 18 519 1412 1733
1932 2 2 28 18 719 1280 2107
1933 2 2 28 18 2147 752 2961
1934 2 2 28 18 2149 751 2963
1935 2 2 28 18 2148 750 2962
1936 2 2 28 18 346 1486 1338
1937 2 2 28 18 1118 2466 1749
1938 2 2 28 18 262 1320 1539
1939 2 2 28 18 905 1893 2680
1940 2 2 28 18 1005 2726 1490
1941 2 2 28 18 683 2383 1978
1942 2 2 28 18 170 2107 1280
1943 2 2 28 18 976 1415 2365
1944 2 2 28 18 260 2854 1187
1945 2 2 28 18 261 2855 1188
1946 2 2 28 18 258 2852 1189
1947 2 2 28 18 259 2853 1190
1948 2 2 28 18 608 1139 1901
1949 2 2 28 18 1292 2328 1802
1950 2 2 28 18 448 1102 2478
1951 2 2 28 18 537 2837 2848
1952 2 2 28 18 375 2435 1142
1953 2 2 28 18 606 1329 1673
1954 2 2 28 18 615 2041 1090
1955 2 2 28 18 616 2042 1091
1956 2 2 28 18 617 2043 1092
1957 2 2 28 18 618 2044 1093
1958 2 2 28 18 607 1674 1330
1959 2 2 28 18 2961 752 1609
1960 2 2 28 18 2963 751 1608
1961 2 2 28 18 2962 750 1607
1962 2 2 28 18 709 1539 1790
1963 2 2 28 18 893 1337 2437
1964 2 2 28 18 878 1772 2201
1965 2 2 28 18 873 1603 2564
1966 2 2 28 18 872 2636 1333
1967 2 2 28 18 838 1813 1973
1968 2 2 28 18 587 2175 1063
1969 2 2 28 18 727 2290 1205
1970 2 2 28 18 504 1212 1528
1971 2 2 28 18 503 1527 1213
1972 2 2 28 18 2457 637 2016
1973 2 2 28 18 226 1056 2192
1974 2 2 28 18 575 1785 1414
1975 2 2 28 18 2458 2017 638
1976 2 2 28 18 451 2490 1105
1977 2 2 28 18 871 1334 2638
1978 2 2 28 18 604 1884 1878
1979 2 2 28 18 189 1071 2292
1980 2 2 28 18 196 1663 1345
1981 2 2 28 18 188 1804 2246
1982 2 2 28 18 579 1539 1320
1983 2 2 28 18 201 1673 1329
1984 2 2 28 18 203 1330 1674
1985 2 2 28 18 824 1543 2242
1986 2 2 28 18 2466 161 1749
1987 2 2 28 18 1213 2083 2629
1988 2 2 28 18 538 1500 1280
1989 2 2 28 18 500 1098 2897
1990 2 2 28 18 460 1036 1859
1991 2 2 28 18 940 1855 2482
1992 2 2 28 18 939 2481 1856
1993 2 2 28 18 499 2899 1099
1994 2 2 28 18 1212 2630 2082
1995 2 2 28 18 331 1299 2506
1996 2 2 28 18 590 1907 1065
1997 2 2 28 18 591 1908 1066
1998 2 2 28 18 592 1909 1067
1999 2 2 28 18 593 1910 1068
2000 2 2 28 18 824 2242 1283
2001 2 2 28 18 892 2473 2634
2002 2 2 28 18 420 2388 1086
2003 2 2 28 18 813 2365 1415
2004 2 2 28 18 742 1917 1931
2005 2 2 28 18 716 1238 1561
2006 2 2 28 18 715 1236 1559
2007 2 2 28 18 718 1237 1560
2008 2 2 28 18 717 1235 1558
2009 2 2 28 18 733 1129 1781
2010 2 2 28 18 1058 2246 1804
2011 2 2 28 18 660 2710 1846
2012 2 2 28 18 1715 2698 2365
2013 2 2 28 18 208 1077 2177
2014 2 2 28 18 206 1078 2176
2015 2 2 28 18 209 1079 2179
2016 2 2 28 18 207 1080 2178
2017 2 2 28 18 596 1094 2022
2018 2 2 28 18 594 1096 2021
2019 2 2 28 18 739 2478 1102
2020 2 2 28 18 468 1871 1041
2021 2 2 28 18 539 1466 2654
2022 2 2 28 18 714 2247 2384
2023 2 2 28 18 311 2688 2160
2024 2 2 28 18 313 2689 2162
2025 2 2 28 18 312 2690 2161
2026 2 2 28 18 314 2691 2163
2027 2 2 28 18 199 1356 1421
2028 2 2 28 18 257 1533 1287
2029 2 2 28 18 493 1749 1565
2030 2 2 28 18 238 1778 2134
2031 2 2 28 18 839 1138 2702
2032 2 2 28 18 1043 2634 2010
2033 2 2 28 18 1479 2480 2763
2034 2 2 28 18 382 1870 2521
2035 2 2 28 18 893 2437 2479
2036 2 2 28 18 255 1755 1705
2037 2 2 28 18 1023 2518 1323
2038 2 2 28 18 182 1130 1773
2039 2 2 28 18 183 1131 1775
2040 2 2 28 18 184 1132 1774
2041 2 2 28 18 185 1133 1776
2042 2 2 28 18 745 1105 2490
2043 2 2 28 18 599 2192 1056
2044 2 2 28 18 1150 2457 2016
2045 2 2 28 18 1151 2017 2458
2046 2 2 28 18 1470 2036 2913
2047 2 2 28 18 536 2363 1361
2048 2 2 28 18 727 2343 2291
2049 2 2 28 18 559 1421 1356
2050 2 2 28 18 925 2650 2569
2051 2 2 28 18 573 1131 1752
2052 2 2 28 18 574 1132 1753
2053 2 2 28 18 575 1133 1754
2054 2 2 28 18 813 1715 2365
2055 2 2 28 18 557 2987 2766
2056 2 2 28 18 597 1095 2028
2057 2 2 28 18 545 2576 1122
2058 2 2 28 18 546 2577 1123
2059 2 2 28 18 547 2578 1124
2060 2 2 28 18 548 2579 1125
2061 2 2 28 18 646 2177 1077
2062 2 2 28 18 647 2176 1078
2063 2 2 28 18 648 2179 1079
2064 2 2 28 18 649 2178 1080
2065 2 2 28 18 735 1949 1682
2066 2 2 28 18 736 1948 1683
2067 2 2 28 18 737 1947 1684
2068 2 2 28 18 738 1946 1685
2069 2 2 28 18 835 1499 2539
2070 2 2 28 18 595 1097 2031
2071 2 2 28 18 806 2272 1424
2072 2 2 28 18 427 2503 1278
2073 2 2 28 18 836 2200 1391
2074 2 2 28 18 837 1390 2199
2075 2 2 28 18 373 2073 1063
2076 2 2 28 18 863 1585 2513
2077 2 2 28 18 1138 2520 2702
2078 2 2 28 18 212 2204 1081
2079 2 2 28 18 210 2203 1082
2080 2 2 28 18 213 2206 1083
2081 2 2 28 18 211 2205 1084
2082 2 2 28 18 611 2056 1059
2083 2 2 28 18 612 2057 1060
2084 2 2 28 18 613 2058 1061
2085 2 2 28 18 614 2059 1062
2086 2 2 28 18 513 1321 1460
2087 2 2 28 18 815 2282 1418
2088 2 2 28 18 814 2281 1417
2089 2 2 28 18 514 1461 1319
2090 2 2 28 18 783 1679 2024
2091 2 2 28 18 784 1680 2023
2092 2 2 28 18 391 1264 2403
2093 2 2 28 18 389 1263 2401
2094 2 2 28 18 392 1262 2402
2095 2 2 28 18 390 1261 2400
2096 2 2 28 18 257 2116 1087
2097 2 2 28 18 386 2022 1094
2098 2 2 28 18 388 2021 1096
2099 2 2 28 18 777 1463 2712
2100 2 2 28 18 776 1464 2711
2101 2 2 28 18 512 1303 1478
2102 2 2 28 18 479 1508 1288
2103 2 2 28 18 478 1510 1289
2104 2 2 28 18 481 1509 1290
2105 2 2 28 18 480 1511 1291
2106 2 2 28 18 782 1678 2019
2107 2 2 28 18 223 2702 2520
2108 2 2 28 18 942 1865 2254
2109 2 2 28 18 352 2089 1726
2110 2 2 28 18 170 1280 1500
2111 2 2 28 18 599 1435 1523
2112 2 2 28 18 949 1840 1992
2113 2 2 28 18 487 1322 1462
2114 2 2 28 18 807 1436 1419
2115 2 2 28 18 808 1437 1420
2116 2 2 28 18 488 1419 1436
2117 2 2 28 18 489 1420 1437
2118 2 2 28 18 322 1523 1435
2119 2 2 28 18 329 1479 2763
2120 2 2 28 18 94 95 1658
2121 2 2 28 18 130 131 1657
2122 2 2 28 18 58 59 1656
2123 2 2 28 18 22 23 1655
2124 2 2 28 18 191 2199 1390
2125 2 2 28 18 192 1391 2200
2126 2 2 28 18 264 1677 1325
2127 2 2 28 18 199 1421 1725
2128 2 2 28 18 366 2703 1489
2129 2 2 28 18 169 2742 2052
2130 2 2 28 18 646 2218 1106
2131 2 2 28 18 727 1222 2343
2132 2 2 28 18 509 1512 2341
2133 2 2 28 18 168 2050 2740
2134 2 2 28 18 650 1081 2204
2135 2 2 28 18 651 1082 2203
2136 2 2 28 18 652 1083 2206
2137 2 2 28 18 653 1084 2205
2138 2 2 28 18 925 1619 2650
2139 2 2 28 18 385 2028 1095
2140 2 2 28 18 295 2262 1541
2141 2 2 28 18 296 1542 2263
2142 2 2 28 18 33 1090 2299
2143 2 2 28 18 141 1091 2298
2144 2 2 28 18 69 1092 2297
2145 2 2 28 18 105 1093 2296
2146 2 2 28 18 816 2646 1217
2147 2 2 28 18 272 1992 1840
2148 2 2 28 18 293 1243 1594
2149 2 2 28 18 294 1595 1244
2150 2 2 28 18 521 2164 1086
2151 2 2 28 18 387 2031 1097
2152 2 2 28 18 740 1892 1142
2153 2 2 28 18 442 2960 1118
2154 2 2 28 18 650 1115 2219
2155 2 2 28 18 521 1491 2164
2156 2 2 28 18 538 1280 1722
2157 2 2 28 18 1140 1700 2659
2158 2 2 28 18 720 2344 1102
2159 2 2 28 18 375 1142 1736
2160 2 2 28 18 415 2343 1222
2161 2 2 28 18 303 2235 1069
2162 2 2 28 18 302 2236 1070
2163 2 2 28 18 388 1096 1929
2164 2 2 28 18 386 1094 1927
2165 2 2 28 18 387 1097 1930
2166 2 2 28 18 385 1095 1928
2167 2 2 28 18 344 1728 2428
2168 2 2 28 18 561 1087 2116
2169 2 2 28 18 367 1490 2726
2170 2 2 28 18 903 1416 2231
2171 2 2 28 18 608 1901 1661
2172 2 2 28 18 861 1584 2553
2173 2 2 28 18 862 1583 2554
2174 2 2 28 18 102 1238 2258
2175 2 2 28 18 66 1237 2257
2176 2 2 28 18 138 1236 2256
2177 2 2 28 18 30 1235 2255
2178 2 2 28 18 491 1477 1324
2179 2 2 28 18 679 1885 1918
2180 2 2 28 18 853 1661 1901
2181 2 2 28 18 1019 2758 1173
2182 2 2 28 18 804 2456 1832
2183 2 2 28 18 598 2546 1450
2184 2 2 28 18 948 1450 2546
2185 2 2 28 18 443 1157 2677
2186 2 2 28 18 365 2090 1337
2187 2 2 28 18 275 1106 2218
2188 2 2 28 18 343 1255 1838
2189 2 2 28 18 1827 2598 2836
2190 2 2 28 18 722 1105 2354
2191 2 2 28 18 258 1863 1094
2192 2 2 28 18 259 1864 1095
2193 2 2 28 18 260 1861 1096
2194 2 2 28 18 261 1862 1097
2195 2 2 28 18 562 1317 1550
2196 2 2 28 18 345 2472 1207
2197 2 2 28 18 563 1551 1318
2198 2 2 28 18 345 1207 2762
2199 2 2 28 18 886 2164 1491
2200 2 2 28 18 495 1453 1430
2201 2 2 28 18 496 1452 1429
2202 2 2 28 18 625 1261 1968
2203 2 2 28 18 627 1263 1969
2204 2 2 28 18 624 1262 1970
2205 2 2 28 18 626 1264 1971
2206 2 2 28 18 586 1762 2981
2207 2 2 28 18 826 1430 1453
2208 2 2 28 18 825 1429 1452
2209 2 2 28 18 437 1836 1117
2210 2 2 28 18 841 2160 1529
2211 2 2 28 18 842 2162 1531
2212 2 2 28 18 843 2161 1530
2213 2 2 28 18 844 2163 1532
2214 2 2 28 18 545 1169 2771
2215 2 2 28 18 546 1170 2769
2216 2 2 28 18 547 1171 2770
2217 2 2 28 18 548 1172 2768
2218 2 2 28 18 557 1509 2987
2219 2 2 28 18 476 1798 2240
2220 2 2 28 18 568 1773 1130
2221 2 2 28 18 570 1775 1131
2222 2 2 28 18 569 1774 1132
2223 2 2 28 18 571 1776 1133
2224 2 2 28 18 875 2170 1088
2225 2 2 28 18 910 2807 1377
2226 2 2 28 18 680 2036 1470
2227 2 2 28 18 380 1739 1152
2228 2 2 28 18 381 1738 1153
2229 2 2 28 18 155 2798 1910
2230 2 2 28 18 119 2800 1908
2231 2 2 28 18 47 2799 1909
2232 2 2 28 18 83 2801 1907
2233 2 2 28 18 224 1245 1791
2234 2 2 28 18 891 2598 1827
2235 2 2 28 18 356 1700 2382
2236 2 2 28 18 865 2762 1207
2237 2 2 28 18 279 2219 1115
2238 2 2 28 18 268 1088 2131
2239 2 2 28 18 805 1273 1828
2240 2 2 28 18 322 1140 1742
2241 2 2 28 18 540 1287 1533
2242 2 2 28 18 192 1550 1317
2243 2 2 28 18 646 1077 2187
2244 2 2 28 18 1832 2456 2593
2245 2 2 28 18 191 1318 1551
2246 2 2 28 18 650 2191 1081
2247 2 2 28 18 1419 2372 2474
2248 2 2 28 18 785 1681 1785
2249 2 2 28 18 709 1790 2254
2250 2 2 28 18 171 1831 1405
2251 2 2 28 18 481 1768 2987
2252 2 2 28 18 545 2771 1193
2253 2 2 28 18 547 2770 1192
2254 2 2 28 18 546 2769 1195
2255 2 2 28 18 548 2768 1194
2256 2 2 28 18 672 1594 1266
2257 2 2 28 18 829 1272 2592
2258 2 2 28 18 671 1265 1595
2259 2 2 28 18 615 1090 2076
2260 2 2 28 18 616 1091 2077
2261 2 2 28 18 617 1092 2078
2262 2 2 28 18 618 1093 2079
2263 2 2 28 18 180 2494 1614
2264 2 2 28 18 329 1351 2463
2265 2 2 28 18 164 1897 1120
2266 2 2 28 18 683 1761 2383
2267 2 2 28 18 595 1835 1289
2268 2 2 28 18 1015 1614 2494
2269 2 2 28 18 250 2111 1579
2270 2 2 28 18 252 2112 1580
2271 2 2 28 18 251 2113 1577
2272 2 2 28 18 253 2114 1578
2273 2 2 28 18 176 1615 2488
2274 2 2 28 18 384 1323 2130
2275 2 2 28 18 439 1572 2831
2276 2 2 28 18 1012 2488 1615
2277 2 2 28 18 439 2486 1572
2278 2 2 28 18 448 2478 1364
2279 2 2 28 18 222 2099 2649
2280 2 2 28 18 347 1604 2750
2281 2 2 28 18 534 1335 2336
2282 2 2 28 18 163 2334 2749
2283 2 2 28 18 1430 2496 2380
2284 2 2 28 18 329 2763 1167
2285 2 2 28 18 428 2121 1191
2286 2 2 28 18 545 1193 2576
2287 2 2 28 18 547 1192 2578
2288 2 2 28 18 546 1195 2577
2289 2 2 28 18 548 1194 2579
2290 2 2 28 18 865 1207 2902
2291 2 2 28 18 458 1425 2408
2292 2 2 28 18 276 2567 1107
2293 2 2 28 18 277 2566 1108
2294 2 2 28 18 278 2565 1109
2295 2 2 28 18 340 1565 2619
2296 2 2 28 18 289 1558 1309
2297 2 2 28 18 290 1559 1308
2298 2 2 28 18 291 1560 1311
2299 2 2 28 18 292 1561 1310
2300 2 2 28 18 318 1785 1681
2301 2 2 28 18 679 1906 2876
2302 2 2 28 18 1031 2527 1666
2303 2 2 28 18 451 1367 2490
2304 2 2 28 18 1710 2432 2722
2305 2 2 28 18 872 1333 2781
2306 2 2 28 18 250 1200 2813
2307 2 2 28 18 251 1202 2812
2308 2 2 28 18 252 1201 2811
2309 2 2 28 18 253 1203 2810
2310 2 2 28 18 879 1571 1787
2311 2 2 28 18 270 2157 1768
2312 2 2 28 18 871 2782 1334
2313 2 2 28 18 604 1794 1696
2314 2 2 28 18 706 1329 1693
2315 2 2 28 18 756 1552 1900
2316 2 2 28 18 852 1660 2322
2317 2 2 28 18 705 1692 1330
2318 2 2 28 18 853 2323 1661
2319 2 2 28 18 280 1113 2556
2320 2 2 28 18 282 1112 2555
2321 2 2 28 18 281 1114 2557
2322 2 2 28 18 195 1153 2727
2323 2 2 28 18 193 1152 2728
2324 2 2 28 18 749 1895 1549
2325 2 2 28 18 248 1521 1343
2326 2 2 28 18 644 1323 2483
2327 2 2 28 18 454 2267 1406
2328 2 2 28 18 455 2265 1407
2329 2 2 28 18 456 2266 1408
2330 2 2 28 18 457 2264 1409
2331 2 2 28 18 512 1787 1571
2332 2 2 28 18 225 2786 1282
2333 2 2 28 18 336 1815 1788
2334 2 2 28 18 766 2388 2302
2335 2 2 28 18 333 2062 1126
2336 2 2 28 18 645 2766 2157
2337 2 2 28 18 810 1178 2663
2338 2 2 28 18 1168 2932 1877
2339 2 2 28 18 445 2438 1346
2340 2 2 28 18 814 2667 1182
2341 2 2 28 18 207 1866 1668
2342 2 2 28 18 209 1867 1669
2343 2 2 28 18 206 1868 1670
2344 2 2 28 18 208 1869 1671
2345 2 2 28 18 709 2254 1865
2346 2 2 28 18 508 3001 1218
2347 2 2 28 18 919 2145 2027
2348 2 2 28 18 701 1893 2220
2349 2 2 28 18 535 2970 2700
2350 2 2 28 18 884 1726 2089
2351 2 2 28 18 410 1529 1818
2352 2 2 28 18 411 1530 1820
2353 2 2 28 18 412 1531 1819
2354 2 2 28 18 413 1532 1821
2355 2 2 28 18 536 1568 1300
2356 2 2 28 18 537 1301 1569
2357 2 2 28 18 879 2483 1323
2358 2 2 28 18 197 1354 1618
2359 2 2 28 18 864 1788 1815
2360 2 2 28 18 540 1842 1331
2361 2 2 28 18 497 2422 1168
2362 2 2 28 18 341 1789 1154
2363 2 2 28 18 246 1342 1592
2364 2 2 28 18 441 2216 1121
2365 2 2 28 18 493 1979 1118
2366 2 2 28 18 584 1501 1676
2367 2 2 28 18 195 1452 1811
2368 2 2 28 18 193 1453 1810
2369 2 2 28 18 729 1167 1777
2370 2 2 28 18 1087 1581 1799
2371 2 2 28 18 2874 876 2752
2372 2 2 28 18 969 1768 2157
2373 2 2 28 18 2830 2485 299
2374 2 2 28 18 2829 2484 297
2375 2 2 28 18 1337 2090 2779
2376 2 2 28 18 634 1734 2051
2377 2 2 28 18 1045 2826 1214
2378 2 2 28 18 249 1305 2231
2379 2 2 28 18 1068 1910 2798
2380 2 2 28 18 1067 1909 2799
2381 2 2 28 18 1066 1908 2800
2382 2 2 28 18 1065 1907 2801
2383 2 2 28 18 454 1729 1200
2384 2 2 28 18 456 1730 1202
2385 2 2 28 18 455 1731 1201
2386 2 2 28 18 457 1732 1203
2387 2 2 28 18 1303 2874 2752
2388 2 2 28 18 1277 2168 2505
2389 2 2 28 18 419 2439 1120
2390 2 2 28 18 441 1759 2216
2391 2 2 28 18 321 1666 2527
2392 2 2 28 18 394 2482 1855
2393 2 2 28 18 110 2613 1259
2394 2 2 28 18 74 2612 1258
2395 2 2 28 18 146 2611 1257
2396 2 2 28 18 38 2610 1256
2397 2 2 28 18 323 2383 1303
2398 2 2 28 18 393 1856 2481
2399 2 2 28 18 1276 2512 2167
2400 2 2 28 18 89 1254 2608
2401 2 2 28 18 125 1253 2607
2402 2 2 28 18 53 1252 2606
2403 2 2 28 18 17 1251 2605
2404 2 2 28 18 1567 2484 2829
2405 2 2 28 18 1566 2485 2830
2406 2 2 28 18 775 2641 2438
2407 2 2 28 18 256 1973 1813
2408 2 2 28 18 808 1994 1736
2409 2 2 28 18 807 1993 1735
2410 2 2 28 18 820 1303 2383
2411 2 2 28 18 372 1106 2038
2412 2 2 28 18 370 1107 2037
2413 2 2 28 18 371 1108 2039
2414 2 2 28 18 369 1109 2040
2415 2 2 28 18 605 2368 1110
2416 2 2 28 18 1364 2478 2295
2417 2 2 28 18 1053 2551 2620
2418 2 2 28 18 774 2406 1467
2419 2 2 28 18 169 1221 1748
2420 2 2 28 18 581 1126 2062
2421 2 2 28 18 1027 2237 2938
2422 2 2 28 18 168 1760 1220
2423 2 2 28 18 662 2452 1158
2424 2 2 28 18 664 2453 1159
2425 2 2 28 18 663 2454 1160
2426 2 2 28 18 665 2455 1161
2427 2 2 28 18 743 1268 2517
2428 2 2 28 18 250 1122 2111
2429 2 2 28 18 252 1124 2112
2430 2 2 28 18 251 1123 2113
2431 2 2 28 18 253 1125 2114
2432 2 2 28 18 267 2209 2175
2433 2 2 28 18 380 2194 1116
2434 2 2 28 18 835 2506 1299
2435 2 2 28 18 793 2234 1771
2436 2 2 28 18 669 2280 1134
2437 2 2 28 18 378 2044 1112
2438 2 2 28 18 376 2042 1113
2439 2 2 28 18 379 2043 1114
2440 2 2 28 18 377 2041 1115
2441 2 2 28 18 1425 2954 2408
2442 2 2 28 18 341 2098 1789
2443 2 2 28 18 526 1856 1247
2444 2 2 28 18 533 1260 1779
2445 2 2 28 18 527 1246 1855
2446 2 2 28 18 1367 2307 2490
2447 2 2 28 18 408 1801 1306
2448 2 2 28 18 404 1307 1800
2449 2 2 28 18 1063 2175 2209
2450 2 2 28 18 477 1134 2280
2451 2 2 28 18 165 1271 2836
2452 2 2 28 18 536 2659 2363
2453 2 2 28 18 544 1320 1955
2454 2 2 28 18 1029 1982 1702
2455 2 2 28 18 307 1419 2474
2456 2 2 28 18 584 1837 1215
2457 2 2 28 18 1207 2472 1341
2458 2 2 28 18 901 2836 1271
2459 2 2 28 18 581 2370 1126
2460 2 2 28 18 580 1127 2369
2461 2 2 28 18 2908 884 2089
2462 2 2 28 18 870 2659 1700
2463 2 2 28 18 935 2035 1803
2464 2 2 28 18 2909 2088 885
2465 2 2 28 18 863 2531 1518
2466 2 2 28 18 329 2463 1479
2467 2 2 28 18 816 1183 2646
2468 2 2 28 18 622 1126 1962
2469 2 2 28 18 223 1966 2702
2470 2 2 28 18 621 1961 1127
2471 2 2 28 18 173 2034 1225
2472 2 2 28 18 1602 2446 2719
2473 2 2 28 18 867 1314 2570
2474 2 2 28 18 866 1312 2571
2475 2 2 28 18 869 1315 2572
2476 2 2 28 18 868 1313 2573
2477 2 2 28 18 781 1475 2394
2478 2 2 28 18 293 1843 1693
2479 2 2 28 18 902 1422 2172
2480 2 2 28 18 294 1692 1844
2481 2 2 28 18 608 2519 1139
2482 2 2 28 18 747 2538 1269
2483 2 2 28 18 333 1215 1837
2484 2 2 28 18 401 2685 1205
2485 2 2 28 18 620 1306 1801
2486 2 2 28 18 619 1800 1307
2487 2 2 28 18 309 2496 1430
2488 2 2 28 18 918 1496 2708
2489 2 2 28 18 917 1495 2707
2490 2 2 28 18 916 1494 2706
2491 2 2 28 18 915 1493 2705
2492 2 2 28 18 215 1587 1667
2493 2 2 28 18 380 1152 2194
2494 2 2 28 18 480 2412 1757
2495 2 2 28 18 269 1116 2208
2496 2 2 28 18 1208 1703 2603
2497 2 2 28 18 682 1879 2014
2498 2 2 28 18 1206 2602 1704
2499 2 2 28 18 2541 1982 600
2500 2 2 28 18 735 1682 1545
2501 2 2 28 18 736 1683 1546
2502 2 2 28 18 737 1684 1547
2503 2 2 28 18 738 1685 1548
2504 2 2 28 18 603 1465 2414
2505 2 2 28 18 558 1745 1355
2506 2 2 28 18 560 1744 1357
2507 2 2 28 18 585 1665 1562
2508 2 2 28 18 366 1352 1805
2509 2 2 28 18 918 1579 2111
2510 2 2 28 18 917 1580 2112
2511 2 2 28 18 916 1577 2113
2512 2 2 28 18 915 1578 2114
2513 2 2 28 18 795 2440 1544
2514 2 2 28 18 583 1912 1216
2515 2 2 28 18 584 1215 1911
2516 2 2 28 18 254 1335 2068
2517 2 2 28 18 731 1667 1587
2518 2 2 28 18 1250 1450 2547
2519 2 2 28 18 174 2126 1505
2520 2 2 28 18 327 1333 2636
2521 2 2 28 18 679 2876 1883
2522 2 2 28 18 770 1467 1859
2523 2 2 28 18 628 1143 2094
2524 2 2 28 18 629 1144 2095
2525 2 2 28 18 630 1145 2096
2526 2 2 28 18 723 1818 1529
2527 2 2 28 18 725 1819 1531
2528 2 2 28 18 724 1820 1530
2529 2 2 28 18 726 1821 1532
2530 2 2 28 18 1255 1982 2541
2531 2 2 28 18 178 1506 2125
2532 2 2 28 18 604 2583 1794
2533 2 2 28 18 1734 2442 2051
2534 2 2 28 18 575 1754 1785
2535 2 2 28 18 1001 2594 2085
2536 2 2 28 18 326 2638 1334
2537 2 2 28 18 626 1803 2035
2538 2 2 28 18 758 2451 2390
2539 2 2 28 18 757 2450 2389
2540 2 2 28 18 330 2592 1272
2541 2 2 28 18 785 1785 1754
2542 2 2 28 18 811 2446 1602
2543 2 2 28 18 631 2100 1147
2544 2 2 28 18 632 2101 1148
2545 2 2 28 18 633 2102 1149
2546 2 2 28 18 194 1350 1699
2547 2 2 28 18 728 1805 1352
2548 2 2 28 18 526 1247 1885
2549 2 2 28 18 370 2571 1312
2550 2 2 28 18 369 2570 1314
2551 2 2 28 18 371 2572 1315
2552 2 2 28 18 372 2573 1313
2553 2 2 28 18 1362 2461 2523
2554 2 2 28 18 566 1748 1221
2555 2 2 28 18 536 1300 1742
2556 2 2 28 18 218 1139 2239
2557 2 2 28 18 197 1477 1812
2558 2 2 28 18 838 1486 2153
2559 2 2 28 18 501 2137 1338
2560 2 2 28 18 1405 1831 2910
2561 2 2 28 18 886 1282 2786
2562 2 2 28 18 541 1255 1737
2563 2 2 28 18 346 2153 1486
2564 2 2 28 18 541 1737 2757
2565 2 2 28 18 1317 2908 2089
2566 2 2 28 18 1318 2088 2909
2567 2 2 28 18 367 1817 1370
2568 2 2 28 18 794 1871 1475
2569 2 2 28 18 826 1739 2012
2570 2 2 28 18 825 1738 2013
2571 2 2 28 18 1141 2507 1891
2572 2 2 28 18 539 1305 2677
2573 2 2 28 18 428 1191 1834
2574 2 2 28 18 472 1155 1913
2575 2 2 28 18 480 2893 1511
2576 2 2 28 18 478 2894 1510
2577 2 2 28 18 1365 2529 2470
2578 2 2 28 18 473 1914 1156
2579 2 2 28 18 787 1306 2488
2580 2 2 28 18 791 2494 1307
2581 2 2 28 18 636 1830 1339
2582 2 2 28 18 478 1289 1835
2583 2 2 28 18 702 2068 1335
2584 2 2 28 18 217 1600 1605
2585 2 2 28 18 492 1168 1877
2586 2 2 28 18 343 1702 1982
2587 2 2 28 18 658 2194 1152
2588 2 2 28 18 623 1886 2171
2589 2 2 28 18 117 118 1589
2590 2 2 28 18 81 82 1588
2591 2 2 28 18 153 154 1591
2592 2 2 28 18 45 46 1590
2593 2 2 28 18 680 2364 1154
2594 2 2 28 18 891 2805 1836
2595 2 2 28 18 1027 1503 2237
2596 2 2 28 18 181 1771 1570
2597 2 2 28 18 325 1339 1830
2598 2 2 28 18 862 2563 1522
2599 2 2 28 18 353 2859 1241
2600 2 2 28 18 821 1605 1600
2601 2 2 28 18 911 2608 1254
2602 2 2 28 18 912 2607 1253
2603 2 2 28 18 913 2606 1252
2604 2 2 28 18 914 2605 1251
2605 2 2 28 18 341 1154 2364
2606 2 2 28 18 1780 2447 2668
2607 2 2 28 18 920 1259 2613
2608 2 2 28 18 921 1258 2612
2609 2 2 28 18 922 1257 2611
2610 2 2 28 18 923 1256 2610
2611 2 2 28 18 460 1859 1467
2612 2 2 28 18 609 2631 1854
2613 2 2 28 18 466 2392 1448
2614 2 2 28 18 447 2461 1362
2615 2 2 28 18 204 1458 2293
2616 2 2 28 18 202 2294 1459
2617 2 2 28 18 635 1210 1824
2618 2 2 28 18 563 1793 1215
2619 2 2 28 18 562 1216 1792
2620 2 2 28 18 809 2445 1721
2621 2 2 28 18 374 1209 2507
2622 2 2 28 18 749 1549 2366
2623 2 2 28 18 730 1370 1817
2624 2 2 28 18 741 1891 2507
2625 2 2 28 18 805 1833 2525
2626 2 2 28 18 232 1507 2929
2627 2 2 28 18 450 1365 2470
2628 2 2 28 18 756 2371 1552
2629 2 2 28 18 173 2895 2034
2630 2 2 28 18 900 1339 2026
2631 2 2 28 18 812 2447 1780
2632 2 2 28 18 604 1878 2583
2633 2 2 28 18 1128 2757 1737
2634 2 2 28 18 962 2154 1826
2635 2 2 28 18 963 1829 2155
2636 2 2 28 18 177 1572 1839
2637 2 2 28 18 689 1570 1771
2638 2 2 28 18 534 2336 1564
2639 2 2 28 18 468 1475 1871
2640 2 2 28 18 999 2686 2536
2641 2 2 28 18 189 1777 1332
2642 2 2 28 18 597 1699 1350
2643 2 2 28 18 249 2231 1416
2644 2 2 28 18 1527 2441 2696
2645 2 2 28 18 960 2171 1886
2646 2 2 28 18 1833 2592 2525
2647 2 2 28 18 680 1154 2036
2648 2 2 28 18 871 2638 1935
2649 2 2 28 18 381 1153 2238
2650 2 2 28 18 978 2628 1604
2651 2 2 28 18 669 1834 1384
2652 2 2 28 18 537 1666 1301
2653 2 2 28 18 872 1936 2636
2654 2 2 28 18 861 2562 1587
2655 2 2 28 18 721 1839 1572
2656 2 2 28 18 514 1174 1935
2657 2 2 28 18 513 1936 1175
2658 2 2 28 18 444 1377 2807
2659 2 2 28 18 802 2432 1710
2660 2 2 28 18 1414 1785 2391
2661 2 2 28 18 759 1278 2503
2662 2 2 28 18 586 2173 1163
2663 2 2 28 18 587 1164 2175
2664 2 2 28 18 1528 2695 2448
2665 2 2 28 18 681 1826 2154
2666 2 2 28 18 582 1616 1385
2667 2 2 28 18 24 25 1709
2668 2 2 28 18 60 61 1708
2669 2 2 28 18 96 97 1706
2670 2 2 28 18 132 133 1707
2671 2 2 28 18 1667 2796 2791
2672 2 2 28 18 741 2507 1209
2673 2 2 28 18 202 2242 1543
2674 2 2 28 18 438 1214 2650
2675 2 2 28 18 684 2155 1829
2676 2 2 28 18 561 1271 2237
2677 2 2 28 18 885 2088 2193
2678 2 2 28 18 266 1163 2173
2679 2 2 28 18 267 2175 1164
2680 2 2 28 18 848 1162 2049
2681 2 2 28 18 263 2872 1455
2682 2 2 28 18 944 1358 1857
2683 2 2 28 18 1136 1836 2805
2684 2 2 28 18 723 1554 1668
2685 2 2 28 18 725 1555 1669
2686 2 2 28 18 724 1556 1670
2687 2 2 28 18 726 1557 1671
2688 2 2 28 18 114 115 2225
2689 2 2 28 18 78 79 2224
2690 2 2 28 18 150 151 2223
2691 2 2 28 18 42 43 2222
2692 2 2 28 18 439 1219 2486
2693 2 2 28 18 390 2400 1196
2694 2 2 28 18 389 2401 1197
2695 2 2 28 18 392 2402 1198
2696 2 2 28 18 391 2403 1199
2697 2 2 28 18 188 1385 1616
2698 2 2 28 18 984 1455 2872
2699 2 2 28 18 257 1799 2252
2700 2 2 28 18 508 2526 1431
2701 2 2 28 18 355 2105 2564
2702 2 2 28 18 1302 2289 1504
2703 2 2 28 18 564 1388 1756
2704 2 2 28 18 289 1309 2324
2705 2 2 28 18 290 1308 2325
2706 2 2 28 18 291 1311 2326
2707 2 2 28 18 292 1310 2327
2708 2 2 28 18 636 2146 1830
2709 2 2 28 18 323 1303 2752
2710 2 2 28 18 407 2582 2009
2711 2 2 28 18 1142 1892 2693
2712 2 2 28 18 1141 1891 2692
2713 2 2 28 18 403 2008 2581
2714 2 2 28 18 354 1720 2091
2715 2 2 28 18 992 2905 1260
2716 2 2 28 18 262 1205 2842
2717 2 2 28 18 169 1748 1286
2718 2 2 28 18 432 2147 1143
2719 2 2 28 18 429 2148 1144
2720 2 2 28 18 431 2149 1145
2721 2 2 28 18 187 1456 1563
2722 2 2 28 18 675 1736 1994
2723 2 2 28 18 674 1735 1993
2724 2 2 28 18 695 1197 2401
2725 2 2 28 18 694 1196 2400
2726 2 2 28 18 696 1198 2402
2727 2 2 28 18 697 1199 2403
2728 2 2 28 18 168 1284 1760
2729 2 2 28 18 986 2021 2074
2730 2 2 28 18 987 2022 2075
2731 2 2 28 18 397 1158 3020
2732 2 2 28 18 399 1160 3018
2733 2 2 28 18 398 1159 3019
2734 2 2 28 18 400 1161 3017
2735 2 2 28 18 439 2831 2580
2736 2 2 28 18 1696 1794 2906
2737 2 2 28 18 991 1849 2807
2738 2 2 28 18 561 1764 1271
2739 2 2 28 18 670 1563 1456
2740 2 2 28 18 1191 2034 2895
2741 2 2 28 18 528 2471 1799
2742 2 2 28 18 435 1147 2150
2743 2 2 28 18 433 1148 2152
2744 2 2 28 18 436 1149 2151
2745 2 2 28 18 980 2252 1799
2746 2 2 28 18 659 2238 1153
2747 2 2 28 18 565 2796 1667
2748 2 2 28 18 599 1175 2192
2749 2 2 28 18 520 2923 1267
2750 2 2 28 18 249 1165 2071
2751 2 2 28 18 682 2386 1186
2752 2 2 28 18 700 1934 1352
2753 2 2 28 18 79 80 2003
2754 2 2 28 18 43 44 2005
2755 2 2 28 18 115 116 2002
2756 2 2 28 18 151 152 2004
2757 2 2 28 18 483 2704 1270
2758 2 2 28 18 477 1186 2386
2759 2 2 28 18 1549 2952 2366
2760 2 2 28 18 827 2709 1248
2761 2 2 28 18 171 2302 1210
2762 2 2 28 18 544 2034 1191
2763 2 2 28 18 100 1227 1853
2764 2 2 28 18 64 1228 1851
2765 2 2 28 18 136 1229 1852
2766 2 2 28 18 28 1230 1850
2767 2 2 28 18 1138 1341 2520
2768 2 2 28 18 346 1338 2137
2769 2 2 28 18 788 1371 2489
2770 2 2 28 18 792 2495 1372
2771 2 2 28 18 239 1828 1240
2772 2 2 28 18 1552 2371 2955
2773 2 2 28 18 894 2617 1954
2774 2 2 28 18 1407 2265 2375
2775 2 2 28 18 1409 2264 2377
2776 2 2 28 18 1406 2267 2374
2777 2 2 28 18 1408 2266 2376
2778 2 2 28 18 958 2028 2006
2779 2 2 28 18 598 1174 2398
2780 2 2 28 18 599 2397 1175
2781 2 2 28 18 243 1155 2301
2782 2 2 28 18 242 2300 1156
2783 2 2 28 18 645 2157 1326
2784 2 2 28 18 522 1579 1648
2785 2 2 28 18 523 1577 1646
2786 2 2 28 18 524 1580 1649
2787 2 2 28 18 525 1578 1647
2788 2 2 28 18 956 2031 1983
2789 2 2 28 18 390 1196 2415
2790 2 2 28 18 389 1197 2416
2791 2 2 28 18 392 1198 2417
2792 2 2 28 18 391 1199 2418
2793 2 2 28 18 200 2693 1892
2794 2 2 28 18 198 2692 1891
2795 2 2 28 18 850 1270 2704
2796 2 2 28 18 388 2074 2021
2797 2 2 28 18 386 2075 2022
2798 2 2 28 18 485 1184 2166
2799 2 2 28 18 486 2165 1185
2800 2 2 28 18 162 2431 2687
2801 2 2 28 18 228 1814 1248
2802 2 2 28 18 481 2515 1768
2803 2 2 28 18 226 2192 1175
2804 2 2 28 18 965 2618 2367
2805 2 2 28 18 228 1248 2709
2806 2 2 28 18 540 1533 1842
2807 2 2 28 18 764 1593 1841
2808 2 2 28 18 336 1788 1344
2809 2 2 28 18 557 1618 1354
2810 2 2 28 18 199 1803 1356
2811 2 2 28 18 565 1847 1389
2812 2 2 28 18 742 1425 1617
2813 2 2 28 18 453 1391 2916
2814 2 2 28 18 452 2917 1390
2815 2 2 28 18 497 1740 1438
2816 2 2 28 18 603 2414 1848
2817 2 2 28 18 1130 1751 2912
2818 2 2 28 18 219 1965 1797
2819 2 2 28 18 883 1200 2361
2820 2 2 28 18 881 1201 2359
2821 2 2 28 18 882 1202 2360
2822 2 2 28 18 880 1203 2358
2823 2 2 28 18 857 1619 2341
2824 2 2 28 18 775 2026 1339
2825 2 2 28 18 761 1701 1448
2826 2 2 28 18 564 1369 1796
2827 2 2 28 18 565 1795 1368
2828 2 2 28 18 544 1191 2121
2829 2 2 28 18 858 1727 2552
2830 2 2 28 18 171 1841 1593
2831 2 2 28 18 226 1936 2792
2832 2 2 28 18 603 1344 1788
2833 2 2 28 18 227 2793 1935
2834 2 2 28 18 676 2012 1739
2835 2 2 28 18 677 2013 1738
2836 2 2 28 18 211 1682 1949
2837 2 2 28 18 213 1683 1948
2838 2 2 28 18 210 1684 1947
2839 2 2 28 18 212 1685 1946
2840 2 2 28 18 1421 2814 1725
2841 2 2 28 18 864 1414 2159
2842 2 2 28 18 245 1184 2185
2843 2 2 28 18 352 1726 1443
2844 2 2 28 18 247 2180 1185
2845 2 2 28 18 198 1349 1747
2846 2 2 28 18 200 1348 1746
2847 2 2 28 18 193 1810 1355
2848 2 2 28 18 195 1811 1357
2849 2 2 28 18 582 1325 1677
2850 2 2 28 18 829 1458 2228
2851 2 2 28 18 415 1865 1282
2852 2 2 28 18 197 1812 1354
2853 2 2 28 18 385 2006 2028
2854 2 2 28 18 967 2451 1694
2855 2 2 28 18 966 2450 1695
2856 2 2 28 18 803 2620 2551
2857 2 2 28 18 742 2215 1425
2858 2 2 28 18 585 2838 1743
2859 2 2 28 18 568 2278 1585
2860 2 2 28 18 569 2277 1583
2861 2 2 28 18 570 2276 1584
2862 2 2 28 18 571 2275 1582
2863 2 2 28 18 387 1983 2031
2864 2 2 28 18 462 1250 2547
2865 2 2 28 18 1226 2399 1403
2866 2 2 28 18 1203 1578 2358
2867 2 2 28 18 1202 1577 2360
2868 2 2 28 18 1201 1580 2359
2869 2 2 28 18 1200 1579 2361
2870 2 2 28 18 1238 2822 1691
2871 2 2 28 18 1237 2821 1690
2872 2 2 28 18 1236 2820 1689
2873 2 2 28 18 1235 2819 1688
2874 2 2 28 18 204 2228 1458
2875 2 2 28 18 805 1828 2133
2876 2 2 28 18 589 1336 1882
2877 2 2 28 18 163 1473 1883
2878 2 2 28 18 859 2185 2188
2879 2 2 28 18 392 2417 2671
2880 2 2 28 18 391 2418 2669
2881 2 2 28 18 390 2415 2672
2882 2 2 28 18 389 2416 2670
2883 2 2 28 18 501 1476 2137
2884 2 2 28 18 13 1874 1229
2885 2 2 28 18 1 1873 1230
2886 2 2 28 18 9 1876 1227
2887 2 2 28 18 5 1875 1228
2888 2 2 28 18 695 2224 1197
2889 2 2 28 18 694 2225 1196
2890 2 2 28 18 696 2223 1198
2891 2 2 28 18 697 2222 1199
2892 2 2 28 18 859 2550 1724
2893 2 2 28 18 205 1763 1884
2894 2 2 28 18 511 2473 1672
2895 2 2 28 18 445 2027 2145
2896 2 2 28 18 942 1282 1865
2897 2 2 28 18 163 2749 1676
2898 2 2 28 18 542 2120 1219
2899 2 2 28 18 1304 1502 2381
2900 2 2 28 18 564 1796 1388
2901 2 2 28 18 265 1358 1665
2902 2 2 28 18 565 1389 1795
2903 2 2 28 18 626 1356 1803
2904 2 2 28 18 606 1693 1329
2905 2 2 28 18 607 1330 1692
2906 2 2 28 18 858 2190 2180
2907 2 2 28 18 458 1617 1425
2908 2 2 28 18 466 1448 1701
2909 2 2 28 18 500 2050 1220
2910 2 2 28 18 889 1797 1965
2911 2 2 28 18 482 2463 1351
2912 2 2 28 18 845 1884 1763
2913 2 2 28 18 499 1221 2052
2914 2 2 28 18 873 2429 1872
2915 2 2 28 18 639 1206 2476
2916 2 2 28 18 640 2477 1208
2917 2 2 28 18 539 2677 2930
2918 2 2 28 18 786 1426 2487
2919 2 2 28 18 790 2493 1427
2920 2 2 28 18 304 2085 2594
2921 2 2 28 18 679 1883 1473
2922 2 2 28 18 446 1268 2498
2923 2 2 28 18 625 1355 1810
2924 2 2 28 18 624 1357 1811
2925 2 2 28 18 325 1880 1346
2926 2 2 28 18 802 2825 2432
2927 2 2 28 18 572 2912 1751
2928 2 2 28 18 694 1711 2225
2929 2 2 28 18 695 1712 2224
2930 2 2 28 18 696 1714 2223
2931 2 2 28 18 697 1713 2222
2932 2 2 28 18 589 1241 2936
2933 2 2 28 18 588 2937 1242
2934 2 2 28 18 627 1354 1812
2935 2 2 28 18 224 2655 1224
2936 2 2 28 18 626 2035 1264
2937 2 2 28 18 712 1808 2346
2938 2 2 28 18 710 1806 2345
2939 2 2 28 18 713 1809 2348
2940 2 2 28 18 711 1807 2347
2941 2 2 28 18 541 1838 1255
2942 2 2 28 18 887 1382 2585
2943 2 2 28 18 518 2585 1382
2944 2 2 28 18 980 1799 2471
2945 2 2 28 18 566 1221 2965
2946 2 2 28 18 635 1346 1880
2947 2 2 28 18 320 2630 1212
2948 2 2 28 18 319 1213 2629
2949 2 2 28 18 918 1648 1579
2950 2 2 28 18 916 1646 1577
2951 2 2 28 18 917 1649 1580
2952 2 2 28 18 915 1647 1578
2953 2 2 28 18 596 1747 1349
2954 2 2 28 18 594 1746 1348
2955 2 2 28 18 519 1733 2809
2956 2 2 28 18 305 1264 2035
2957 2 2 28 18 449 2514 1269
2958 2 2 28 18 969 2157 2766
2959 2 2 28 18 741 1209 2724
2960 2 2 28 18 1050 1520 2092
2961 2 2 28 18 186 1896 2350
2962 2 2 28 18 1808 2570 2346
2963 2 2 28 18 1806 2571 2345
2964 2 2 28 18 1809 2572 2348
2965 2 2 28 18 1807 2573 2347
2966 2 2 28 18 901 1960 1848
2967 2 2 28 18 800 2315 1187
2968 2 2 28 18 801 2314 1188
2969 2 2 28 18 798 2313 1189
2970 2 2 28 18 799 2312 1190
2971 2 2 28 18 414 2060 1224
2972 2 2 28 18 584 1911 1501
2973 2 2 28 18 603 1848 1960
2974 2 2 28 18 852 1721 2631
2975 2 2 28 18 1476 2753 2878
2976 2 2 28 18 262 2530 1222
2977 2 2 28 18 500 1220 2188
2978 2 2 28 18 348 1903 1806
2979 2 2 28 18 349 1905 1807
2980 2 2 28 18 350 1902 1808
2981 2 2 28 18 351 1904 1809
2982 2 2 28 18 268 1218 2243
2983 2 2 28 18 743 2498 1268
2984 2 2 28 18 499 2190 1221
2985 2 2 28 18 101 102 2258
2986 2 2 28 18 65 66 2257
2987 2 2 28 18 137 138 2256
2988 2 2 28 18 29 30 2255
2989 2 2 28 18 715 2256 1236
2990 2 2 28 18 717 2255 1235
2991 2 2 28 18 716 2258 1238
2992 2 2 28 18 718 2257 1237
2993 2 2 28 18 938 1390 2917
2994 2 2 28 18 937 2916 1391
2995 2 2 28 18 767 2696 2441
2996 2 2 28 18 527 2745 1246
2997 2 2 28 18 298 1425 2215
2998 2 2 28 18 904 2428 2253
2999 2 2 28 18 453 2781 1333
3000 2 2 28 18 452 1334 2782
3001 2 2 28 18 227 1250 2951
3002 2 2 28 18 845 1603 1878
3003 2 2 28 18 1031 1666 2848
3004 2 2 28 18 660 1846 2479
3005 2 2 28 18 257 1287 2116
3006 2 2 28 18 868 1807 1905
3007 2 2 28 18 866 1806 1903
3008 2 2 28 18 867 1808 1902
3009 2 2 28 18 869 1809 1904
3010 2 2 28 18 682 1223 2386
3011 2 2 28 18 343 1982 1255
3012 2 2 28 18 747 1269 2514
3013 2 2 28 18 498 1218 2227
3014 2 2 28 18 477 2386 1223
3015 2 2 28 18 138 2820 1236
3016 2 2 28 18 30 2819 1235
3017 2 2 28 18 102 2822 1238
3018 2 2 28 18 66 2821 1237
3019 2 2 28 18 256 1239 1973
3020 2 2 28 18 571 1517 2163
3021 2 2 28 18 569 1515 2162
3022 2 2 28 18 570 1516 2161
3023 2 2 28 18 568 1514 2160
3024 2 2 28 18 849 1526 2226
3025 2 2 28 18 335 1697 1765
3026 2 2 28 18 334 1766 1698
3027 2 2 28 18 576 2132 1455
3028 2 2 28 18 18 1953 1251
3029 2 2 28 18 54 1952 1252
3030 2 2 28 18 90 1950 1254
3031 2 2 28 18 126 1951 1253
3032 2 2 28 18 579 2174 1783
3033 2 2 28 18 605 2033 2055
3034 2 2 28 18 444 2807 1849
3035 2 2 28 18 900 2856 1339
3036 2 2 28 18 769 2448 2695
3037 2 2 28 18 901 1271 2849
3038 2 2 28 18 965 1240 2618
3039 2 2 28 18 145 1257 1958
3040 2 2 28 18 109 1259 1956
3041 2 2 28 18 37 1256 1959
3042 2 2 28 18 73 1258 1957
3043 2 2 28 18 274 1249 2129
3044 2 2 28 18 953 1756 1316
3045 2 2 28 18 454 1406 1729
3046 2 2 28 18 455 1407 1731
3047 2 2 28 18 456 1408 1730
3048 2 2 28 18 457 1409 1732
3049 2 2 28 18 522 1890 1534
3050 2 2 28 18 523 1888 1535
3051 2 2 28 18 524 1889 1536
3052 2 2 28 18 525 1887 1537
3053 2 2 28 18 1024 1999 2218
3054 2 2 28 18 936 1786 1522
3055 2 2 28 18 834 1316 2104
3056 2 2 28 18 396 1893 1525
3057 2 2 28 18 1111 2471 1662
3058 2 2 28 18 1025 2219 2001
3059 2 2 28 18 601 2317 1765
3060 2 2 28 18 602 1766 2316
3061 2 2 28 18 502 2226 1526
3062 2 2 28 18 759 1870 1278
3063 2 2 28 18 288 1316 1756
3064 2 2 28 18 1422 2751 2172
3065 2 2 28 18 204 2293 2017
3066 2 2 28 18 202 2016 2294
3067 2 2 28 18 682 2465 1223
3068 2 2 28 18 936 2269 2279
3069 2 2 28 18 275 2218 1999
3070 2 2 28 18 654 2708 1496
3071 2 2 28 18 657 2707 1495
3072 2 2 28 18 655 2706 1494
3073 2 2 28 18 656 2705 1493
3074 2 2 28 18 641 1372 2082
3075 2 2 28 18 642 2083 1371
3076 2 2 28 18 539 2930 1466
3077 2 2 28 18 705 1765 1697
3078 2 2 28 18 706 1698 1766
3079 2 2 28 18 537 2848 1666
3080 2 2 28 18 274 2129 2202
3081 2 2 28 18 1477 3013 1812
3082 2 2 28 18 279 2001 2219
3083 2 2 28 18 1225 2460 2574
3084 2 2 28 18 288 2104 1316
3085 2 2 28 18 937 1317 2089
3086 2 2 28 18 938 2088 1318
3087 2 2 28 18 409 1916 1426
3088 2 2 28 18 405 1427 1915
3089 2 2 28 18 1 29 1873
3090 2 2 28 18 13 137 1874
3091 2 2 28 18 5 65 1875
3092 2 2 28 18 9 101 1876
3093 2 2 28 18 978 2055 2033
3094 2 2 28 18 606 2597 1243
3095 2 2 28 18 190 1662 1431
3096 2 2 28 18 607 1244 2596
3097 2 2 28 18 981 1466 2930
3098 2 2 28 18 734 2574 2460
3099 2 2 28 18 849 2226 1782
3100 2 2 28 18 701 1525 1893
3101 2 2 28 18 238 2399 1226
3102 2 2 28 18 295 1541 2397
3103 2 2 28 18 296 2398 1542
3104 2 2 28 18 583 1392 1912
3105 2 2 28 18 479 1288 2950
3106 2 2 28 18 480 1291 2949
3107 2 2 28 18 481 1290 2948
3108 2 2 28 18 605 1245 2368
3109 2 2 28 18 651 2203 1231
3110 2 2 28 18 650 2204 1232
3111 2 2 28 18 653 2205 1233
3112 2 2 28 18 652 2206 1234
3113 2 2 28 18 463 1249 2657
3114 2 2 28 18 378 1233 2815
3115 2 2 28 18 379 1234 2816
3116 2 2 28 18 376 1231 2817
3117 2 2 28 18 377 1232 2818
3118 2 2 28 18 118 119 1908
3119 2 2 28 18 154 155 1910
3120 2 2 28 18 82 83 1907
3121 2 2 28 18 46 47 1909
3122 2 2 28 18 177 2913 2036
3123 2 2 28 18 193 1355 1745
3124 2 2 28 18 195 1357 1744
3125 2 2 28 18 1155 3010 2301
3126 2 2 28 18 164 2053 2087
3127 2 2 28 18 167 1267 2018
3128 2 2 28 18 761 1448 2284
3129 2 2 28 18 339 2513 1585
3130 2 2 28 18 1156 2300 3008
3131 2 2 28 18 988 2087 2053
3132 2 2 28 18 339 1645 2551
3133 2 2 28 18 1352 1934 2443
3134 2 2 28 18 365 1337 2794
3135 2 2 28 18 771 2407 1471
3136 2 2 28 18 773 2405 1472
3137 2 2 28 18 288 1246 2104
3138 2 2 28 18 672 1426 1916
3139 2 2 28 18 671 1915 1427
3140 2 2 28 18 315 1415 2019
3141 2 2 28 18 893 2794 1337
3142 2 2 28 18 484 2048 1359
3143 2 2 28 18 501 2753 1476
3144 2 2 28 18 930 1854 1518
3145 2 2 28 18 644 2130 1323
3146 2 2 28 18 224 2368 1245
3147 2 2 28 18 887 2071 1382
3148 2 2 28 18 162 2687 1650
3149 2 2 28 18 662 1729 1406
3150 2 2 28 18 664 1730 1408
3151 2 2 28 18 663 1731 1407
3152 2 2 28 18 665 1732 1409
3153 2 2 28 18 627 2085 1263
3154 2 2 28 18 955 2640 1246
3155 2 2 28 18 954 1247 2639
3156 2 2 28 18 316 1418 2024
3157 2 2 28 18 317 1417 2023
3158 2 2 28 18 719 2491 1280
3159 2 2 28 18 396 1525 2061
3160 2 2 28 18 441 1285 2889
3161 2 2 28 18 589 2378 1241
3162 2 2 28 18 588 2129 1249
3163 2 2 28 18 304 1263 2085
3164 2 2 28 18 302 1261 2236
3165 2 2 28 18 303 1262 2235
3166 2 2 28 18 778 1484 2393
3167 2 2 28 18 779 1485 2395
3168 2 2 28 18 880 2358 1537
3169 2 2 28 18 881 2359 1536
3170 2 2 28 18 882 2360 1535
3171 2 2 28 18 883 2361 1534
3172 2 2 28 18 827 2061 1525
3173 2 2 28 18 704 1733 1412
3174 2 2 28 18 1452 2924 1811
3175 2 2 28 18 1453 2925 1810
3176 2 2 28 18 25 2997 1709
3177 2 2 28 18 61 2995 1708
3178 2 2 28 18 133 2994 1707
3179 2 2 28 18 97 2996 1706
3180 2 2 28 18 639 1301 2459
3181 2 2 28 18 819 1791 1351
3182 2 2 28 18 640 2642 1300
3183 2 2 28 18 333 1285 2062
3184 2 2 28 18 429 1252 2747
3185 2 2 28 18 431 1253 2748
3186 2 2 28 18 432 1254 2746
3187 2 2 28 18 428 2411 2121
3188 2 2 28 18 238 2614 1778
3189 2 2 28 18 636 1339 2856
3190 2 2 28 18 494 2014 1272
3191 2 2 28 18 1605 2764 2668
3192 2 2 28 18 433 2756 1257
3193 2 2 28 18 436 2755 1258
3194 2 2 28 18 435 2754 1259
3195 2 2 28 18 430 1251 2366
3196 2 2 28 18 625 2236 1261
3197 2 2 28 18 624 2235 1262
3198 2 2 28 18 479 1428 2069
3199 2 2 28 18 1121 1825 3021
3200 2 2 28 18 890 2619 1565
3201 2 2 28 18 434 2371 1256
3202 2 2 28 18 167 2141 1267
3203 2 2 28 18 585 2621 1665
3204 2 2 28 18 460 1467 2406
3205 2 2 28 18 1022 2980 2387
3206 2 2 28 18 464 1243 2982
3207 2 2 28 18 170 2429 2107
3208 2 2 28 18 465 2993 1244
3209 2 2 28 18 666 1286 2694
3210 2 2 28 18 538 1722 1424
3211 2 2 28 18 667 2678 1284
3212 2 2 28 18 1121 3012 1825
3213 2 2 28 18 1043 1778 2614
3214 2 2 28 18 305 2284 1448
3215 2 2 28 18 812 2664 1517
3216 2 2 28 18 810 2663 1516
3217 2 2 28 18 811 2662 1515
3218 2 2 28 18 809 2661 1514
3219 2 2 28 18 288 1756 1388
3220 2 2 28 18 611 1621 2056
3221 2 2 28 18 612 1622 2057
3222 2 2 28 18 613 1623 2058
3223 2 2 28 18 614 1624 2059
3224 2 2 28 18 603 1960 1344
3225 2 2 28 18 661 2084 1340
3226 2 2 28 18 454 2684 1227
3227 2 2 28 18 456 2683 1228
3228 2 2 28 18 455 2682 1229
3229 2 2 28 18 457 2681 1230
3230 2 2 28 18 525 1537 2358
3231 2 2 28 18 524 1536 2359
3232 2 2 28 18 523 1535 2360
3233 2 2 28 18 522 1534 2361
3234 2 2 28 18 549 1640 1636
3235 2 2 28 18 550 1639 1635
3236 2 2 28 18 551 1638 1634
3237 2 2 28 18 552 1637 1633
3238 2 2 28 18 274 2320 1249
3239 2 2 28 18 217 1605 2668
3240 2 2 28 18 553 1632 1644
3241 2 2 28 18 554 1631 1643
3242 2 2 28 18 555 1630 1642
3243 2 2 28 18 556 1629 1641
3244 2 2 28 18 517 2289 1302
3245 2 2 28 18 164 2093 2053
3246 2 2 28 18 943 2960 1728
3247 2 2 28 18 977 2202 2129
3248 2 2 28 18 166 2539 1499
3249 2 2 28 18 1783 2174 2761
3250 2 2 28 18 683 1400 1761
3251 2 2 28 18 671 2318 1265
3252 2 2 28 18 672 1266 2319
3253 2 2 28 18 468 2394 1475
3254 2 2 28 18 339 2278 1645
3255 2 2 28 18 1218 3001 2243
3256 2 2 28 18 335 1377 2519
3257 2 2 28 18 668 2106 1831
3258 2 2 28 18 190 2880 2680
3259 2 2 28 18 271 2904 1737
3260 2 2 28 18 927 1434 2420
3261 2 2 28 18 174 1266 2126
3262 2 2 28 18 924 1831 2106
3263 2 2 28 18 178 2125 1265
3264 2 2 28 18 576 1443 1726
3265 2 2 28 18 838 1973 1486
3266 2 2 28 18 272 1428 2444
3267 2 2 28 18 286 1340 2084
3268 2 2 28 18 338 2553 1584
3269 2 2 28 18 337 2554 1583
3270 2 2 28 18 888 2582 1964
3271 2 2 28 18 786 1636 1640
3272 2 2 28 18 787 1635 1639
3273 2 2 28 18 788 1634 1638
3274 2 2 28 18 789 1633 1637
3275 2 2 28 18 1074 2964 1758
3276 2 2 28 18 790 1644 1632
3277 2 2 28 18 791 1643 1631
3278 2 2 28 18 792 1642 1630
3279 2 2 28 18 793 1641 1629
3280 2 2 28 18 889 1965 2581
3281 2 2 28 18 502 1248 2699
3282 2 2 28 18 660 2479 2080
3283 2 2 28 18 257 2252 1533
3284 2 2 28 18 828 2593 1519
3285 2 2 28 18 163 1883 2334
3286 2 2 28 18 969 2987 1768
3287 2 2 28 18 643 1520 1804
3288 2 2 28 18 874 1540 2903
3289 2 2 28 18 1128 1737 2904
3290 2 2 28 18 789 1839 2261
3291 2 2 28 18 989 2334 1883
3292 2 2 28 18 850 1438 1740
3293 2 2 28 18 619 2542 1276
3294 2 2 28 18 620 1277 2545
3295 2 2 28 18 988 2775 2087
3296 2 2 28 18 354 2135 1720
3297 2 2 28 18 878 1720 2135
3298 2 2 28 18 178 1265 2318
3299 2 2 28 18 319 1368 1795
3300 2 2 28 18 174 2319 1266
3301 2 2 28 18 320 1796 1369
3302 2 2 28 18 273 1882 1336
3303 2 2 28 18 845 1763 1996
3304 2 2 28 18 804 1270 2456
3305 2 2 28 18 438 2650 2847
3306 2 2 28 18 401 1423 2685
3307 2 2 28 18 1059 1655 2347
3308 2 2 28 18 1060 1656 2345
3309 2 2 28 18 1061 1657 2348
3310 2 2 28 18 1062 1658 2346
3311 2 2 28 18 945 1840 2814
3312 2 2 28 18 768 1842 1533
3313 2 2 28 18 874 2932 1540
3314 2 2 28 18 1030 1783 1487
3315 2 2 28 18 194 1462 2443
3316 2 2 28 18 507 1275 2575
3317 2 2 28 18 295 2397 1770
3318 2 2 28 18 296 1769 2398
3319 2 2 28 18 971 2882 1651
3320 2 2 28 18 972 2883 1652
3321 2 2 28 18 973 2884 1653
3322 2 2 28 18 974 2885 1654
3323 2 2 28 18 764 1816 2288
3324 2 2 28 18 981 2227 1466
3325 2 2 28 18 540 2790 1287
3326 2 2 28 18 478 1835 1345
3327 2 2 28 18 203 1568 1988
3328 2 2 28 18 201 1989 1569
3329 2 2 28 18 341 1331 1842
3330 2 2 28 18 430 2007 2306
3331 2 2 28 18 201 1329 1989
3332 2 2 28 18 480 1350 2412
3333 2 2 28 18 203 1988 1330
3334 2 2 28 18 165 2237 1271
3335 2 2 28 18 406 2000 1470
3336 2 2 28 18 434 2311 2015
3337 2 2 28 18 702 2504 2060
3338 2 2 28 18 588 1327 2937
3339 2 2 28 18 589 2936 1328
3340 2 2 28 18 190 2025 2880
3341 2 2 28 18 1345 1663 2757
3342 2 2 28 18 2699 2226 502
3343 2 2 28 18 805 2525 1273
3344 2 2 28 18 1139 2519 1377
3345 2 2 28 18 407 2009 1371
3346 2 2 28 18 526 1885 1473
3347 2 2 28 18 403 1372 2008
3348 2 2 28 18 1072 2700 2970
3349 2 2 28 18 918 2111 1496
3350 2 2 28 18 917 2112 1495
3351 2 2 28 18 916 2113 1494
3352 2 2 28 18 915 2114 1493
3353 2 2 28 18 1121 3021 1285
3354 2 2 28 18 874 2903 1299
3355 2 2 28 18 582 2193 1474
3356 2 2 28 18 549 1668 1554
3357 2 2 28 18 550 1669 1555
3358 2 2 28 18 551 1670 1556
3359 2 2 28 18 552 1671 1557
3360 2 2 28 18 615 2076 1626
3361 2 2 28 18 616 2077 1625
3362 2 2 28 18 617 2078 1628
3363 2 2 28 18 618 2079 1627
3364 2 2 28 18 768 2098 1842
3365 2 2 28 18 1326 2157 2604
3366 2 2 28 18 220 1825 3012
3367 2 2 28 18 850 2765 1270
3368 2 2 28 18 285 2033 1432
3369 2 2 28 18 200 1892 1348
3370 2 2 28 18 198 1891 1349
3371 2 2 28 18 216 1786 2719
3372 2 2 28 18 561 2237 1503
3373 2 2 28 18 479 2069 1508
3374 2 2 28 18 553 1545 1682
3375 2 2 28 18 554 1546 1683
3376 2 2 28 18 555 1547 1684
3377 2 2 28 18 556 1548 1685
3378 2 2 28 18 164 1675 2093
3379 2 2 28 18 680 1470 2000
3380 2 2 28 18 694 2400 1261
3381 2 2 28 18 696 2402 1262
3382 2 2 28 18 695 2401 1263
3383 2 2 28 18 697 2403 1264
3384 2 2 28 18 977 2890 2966
3385 2 2 28 18 1034 2306 2007
3386 2 2 28 18 35 36 3006
3387 2 2 28 18 143 144 3004
3388 2 2 28 18 71 72 3005
3389 2 2 28 18 107 108 3003
3390 2 2 28 18 271 1737 2541
3391 2 2 28 18 1340 2226 2699
3392 2 2 28 18 262 1955 1320
3393 2 2 28 18 19 20 2984
3394 2 2 28 18 55 56 2983
3395 2 2 28 18 127 128 2985
3396 2 2 28 18 91 92 2986
3397 2 2 28 18 1207 1979 2902
3398 2 2 28 18 984 2575 1455
3399 2 2 28 18 227 2951 1328
3400 2 2 28 18 581 3021 1825
3401 2 2 28 18 411 1820 1494
3402 2 2 28 18 413 1821 1493
3403 2 2 28 18 410 1818 1496
3404 2 2 28 18 412 1819 1495
3405 2 2 28 18 1039 2015 2311
3406 2 2 28 18 197 2469 1477
3407 2 2 28 18 576 1726 2132
3408 2 2 28 18 483 1886 1413
3409 2 2 28 18 528 1799 1581
3410 2 2 28 18 118 1908 1589
3411 2 2 28 18 82 1907 1588
3412 2 2 28 18 154 1910 1591
3413 2 2 28 18 46 1909 1590
3414 2 2 28 18 271 2541 1767
3415 2 2 28 18 540 1331 2764
3416 2 2 28 18 642 1371 2009
3417 2 2 28 18 479 2950 1348
3418 2 2 28 18 480 2949 1350
3419 2 2 28 18 481 2948 1349
3420 2 2 28 18 475 2168 1277
3421 2 2 28 18 641 2008 1372
3422 2 2 28 18 474 1276 2167
3423 2 2 28 18 1786 2741 2719
3424 2 2 28 18 851 2764 1331
3425 2 2 28 18 180 1276 2542
3426 2 2 28 18 176 2545 1277
3427 2 2 28 18 1996 2856 2827
3428 2 2 28 18 764 2288 2382
3429 2 2 28 18 903 2131 1383
3430 2 2 28 18 949 2549 2750
3431 2 2 28 18 192 2200 1279
3432 2 2 28 18 191 1281 2199
3433 2 2 28 18 355 1996 2827
3434 2 2 28 18 512 2874 1303
3435 2 2 28 18 506 1521 1972
3436 2 2 28 18 168 2270 1284
3437 2 2 28 18 479 2516 1428
3438 2 2 28 18 623 1413 1886
3439 2 2 28 18 287 1389 1847
3440 2 2 28 18 856 1273 2718
3441 2 2 28 18 516 2273 1286
3442 2 2 28 18 454 1227 2267
3443 2 2 28 18 456 1228 2266
3444 2 2 28 18 455 1229 2265
3445 2 2 28 18 457 1230 2264
3446 2 2 28 18 1213 1527 2083
3447 2 2 28 18 865 1487 2679
3448 2 2 28 18 1212 2082 1528
3449 2 2 28 18 194 1934 1350
3450 2 2 28 18 683 1972 1521
3451 2 2 28 18 993 2095 2138
3452 2 2 28 18 994 2096 2139
3453 2 2 28 18 995 2094 2140
3454 2 2 28 18 331 1283 2221
3455 2 2 28 18 35 3006 1626
3456 2 2 28 18 143 3004 1625
3457 2 2 28 18 71 3005 1628
3458 2 2 28 18 107 3003 1627
3459 2 2 28 18 20 1621 2984
3460 2 2 28 18 56 1622 2983
3461 2 2 28 18 128 1623 2985
3462 2 2 28 18 92 1624 2986
3463 2 2 28 18 1066 2990 1928
3464 2 2 28 18 1065 2989 1927
3465 2 2 28 18 1067 2991 1929
3466 2 2 28 18 1068 2992 1930
3467 2 2 28 18 447 2333 1293
3468 2 2 28 18 446 2331 1295
3469 2 2 28 18 448 2332 1294
3470 2 2 28 18 635 2027 1346
3471 2 2 28 18 996 2142 2101
3472 2 2 28 18 997 2143 2102
3473 2 2 28 18 998 2144 2100
3474 2 2 28 18 445 1346 2027
3475 2 2 28 18 450 1296 2340
3476 2 2 28 18 451 1297 2339
3477 2 2 28 18 449 1298 2338
3478 2 2 28 18 782 2623 1678
3479 2 2 28 18 784 2625 1680
3480 2 2 28 18 783 2624 1679
3481 2 2 28 18 785 2626 1681
3482 2 2 28 18 347 1401 2055
3483 2 2 28 18 276 2138 2095
3484 2 2 28 18 277 2139 2096
3485 2 2 28 18 278 2140 2094
3486 2 2 28 18 353 2193 2088
3487 2 2 28 18 516 1304 2381
3488 2 2 28 18 328 2765 1740
3489 2 2 28 18 280 2101 2142
3490 2 2 28 18 281 2102 2143
3491 2 2 28 18 282 2100 2144
3492 2 2 28 18 408 1306 2887
3493 2 2 28 18 673 2779 2090
3494 2 2 28 18 1501 2721 1676
3495 2 2 28 18 404 2888 1307
3496 2 2 28 18 27 28 1850
3497 2 2 28 18 63 64 1851
3498 2 2 28 18 135 136 1852
3499 2 2 28 18 99 100 1853
3500 2 2 28 18 157 158 2427
3501 2 2 28 18 49 50 2426
3502 2 2 28 18 121 122 2425
3503 2 2 28 18 85 86 2424
3504 2 2 28 18 440 1316 2775
3505 2 2 28 18 924 2910 1831
3506 2 2 28 18 165 2938 2237
3507 2 2 28 18 327 1502 2045
3508 2 2 28 18 698 2045 1502
3509 2 2 28 18 1344 1960 2823
3510 2 2 28 18 690 1395 2424
3511 2 2 28 18 691 1396 2425
3512 2 2 28 18 692 1393 2426
3513 2 2 28 18 693 1394 2427
3514 2 2 28 18 52 1375 1975
3515 2 2 28 18 160 1376 1974
3516 2 2 28 18 88 1373 1977
3517 2 2 28 18 124 1374 1976
3518 2 2 28 18 528 1581 2170
3519 2 2 28 18 487 2609 1322
3520 2 2 28 18 503 2441 1527
3521 2 2 28 18 562 2908 1317
3522 2 2 28 18 563 1318 2909
3523 2 2 28 18 763 1762 1784
3524 2 2 28 18 326 2046 1504
3525 2 2 28 18 559 1508 2069
3526 2 2 28 18 699 1504 2046
3527 2 2 28 18 459 1471 2407
3528 2 2 28 18 461 1472 2405
3529 2 2 28 18 746 1830 2146
3530 2 2 28 18 147 1987 1380
3531 2 2 28 18 39 1986 1381
3532 2 2 28 18 111 1985 1378
3533 2 2 28 18 75 1984 1379
3534 2 2 28 18 504 1528 2448
3535 2 2 28 18 1200 1729 2813
3536 2 2 28 18 1202 1730 2812
3537 2 2 28 18 1201 1731 2811
3538 2 2 28 18 1203 1732 2810
3539 2 2 28 18 834 2775 1316
3540 2 2 28 18 233 1487 1783
3541 2 2 28 18 479 1348 2516
3542 2 2 28 18 481 1349 2515
3543 2 2 28 18 505 2011 1592
3544 2 2 28 18 817 2484 1567
3545 2 2 28 18 818 2485 1566
3546 2 2 28 18 471 2328 1292
3547 2 2 28 18 1136 2336 2774
3548 2 2 28 18 557 1943 1509
3549 2 2 28 18 558 1942 1511
3550 2 2 28 18 560 1944 1510
3551 2 2 28 18 559 1945 1508
3552 2 2 28 18 338 2276 1694
3553 2 2 28 18 337 2277 1695
3554 2 2 28 18 634 1997 1620
3555 2 2 28 18 491 1324 2632
3556 2 2 28 18 704 1592 2011
3557 2 2 28 18 333 2939 1285
3558 2 2 28 18 620 2545 1306
3559 2 2 28 18 621 1386 1961
3560 2 2 28 18 619 1307 2542
3561 2 2 28 18 204 1544 2440
3562 2 2 28 18 586 1784 1762
3563 2 2 28 18 622 1962 1387
3564 2 2 28 18 640 1300 2477
3565 2 2 28 18 890 1565 1749
3566 2 2 28 18 639 2476 1301
3567 2 2 28 18 467 2393 1484
3568 2 2 28 18 469 2395 1485
3569 2 2 28 18 668 1831 1593
3570 2 2 28 18 283 1961 1386
3571 2 2 28 18 655 1494 1820
3572 2 2 28 18 656 1493 1821
3573 2 2 28 18 654 1496 1818
3574 2 2 28 18 657 1495 1819
3575 2 2 28 18 609 1843 1660
3576 2 2 28 18 608 1661 1844
3577 2 2 28 18 768 1533 2252
3578 2 2 28 18 284 1387 1962
3579 2 2 28 18 620 2229 1410
3580 2 2 28 18 619 1411 2230
3581 2 2 28 18 944 1857 2828
3582 2 2 28 18 382 2521 2195
3583 2 2 28 18 572 1751 2019
3584 2 2 28 18 171 1593 1831
3585 2 2 28 18 802 1699 2825
3586 2 2 28 18 1093 2044 2885
3587 2 2 28 18 1091 2042 2883
3588 2 2 28 18 1092 2043 2884
3589 2 2 28 18 1090 2041 2882
3590 2 2 28 18 706 3022 1329
3591 2 2 28 18 239 2133 1828
3592 2 2 28 18 782 2019 1751
3593 2 2 28 18 693 1922 2568
3594 2 2 28 18 859 2958 1659
3595 2 2 28 18 377 1651 2882
3596 2 2 28 18 376 1652 2883
3597 2 2 28 18 379 1653 2884
3598 2 2 28 18 378 1654 2885
3599 2 2 28 18 719 1772 2135
3600 2 2 28 18 424 2849 1764
3601 2 2 28 18 846 2289 2270
3602 2 2 28 18 471 1292 2974
3603 2 2 28 18 1645 2278 2912
3604 2 2 28 18 702 1335 2020
3605 2 2 28 18 301 2344 1826
3606 2 2 28 18 878 2135 1772
3607 2 2 28 18 764 1880 1816
3608 2 2 28 18 574 1753 2023
3609 2 2 28 18 573 1752 2024
3610 2 2 28 18 1271 1764 2849
3611 2 2 28 18 325 1816 1880
3612 2 2 28 18 220 2282 2720
3613 2 2 28 18 784 2023 1753
3614 2 2 28 18 783 2024 1752
3615 2 2 28 18 647 1312 2176
3616 2 2 28 18 646 1313 2177
3617 2 2 28 18 649 1314 2178
3618 2 2 28 18 648 1315 2179
3619 2 2 28 18 608 1844 1697
3620 2 2 28 18 609 1698 1843
3621 2 2 28 18 699 2464 1302
3622 2 2 28 18 172 1954 2617
3623 2 2 28 18 939 1403 2399
3624 2 2 28 18 885 2193 1677
3625 2 2 28 18 598 1769 1524
3626 2 2 28 18 599 1523 1770
3627 2 2 28 18 698 1304 2468
3628 2 2 28 18 623 1954 1413
3629 2 2 28 18 659 2245 2207
3630 2 2 28 18 947 1687 2342
3631 2 2 28 18 476 2241 2569
3632 2 2 28 18 539 2231 1305
3633 2 2 28 18 946 2329 1686
3634 2 2 28 18 595 1553 2739
3635 2 2 28 18 172 1413 1954
3636 2 2 28 18 243 1302 2464
3637 2 2 28 18 245 2185 1724
3638 2 2 28 18 845 1996 2564
3639 2 2 28 18 247 1727 2180
3640 2 2 28 18 367 2973 1326
3641 2 2 28 18 242 2468 1304
3642 2 2 28 18 216 1522 1786
3643 2 2 28 18 203 2477 1300
3644 2 2 28 18 833 1309 2835
3645 2 2 28 18 831 1308 2834
3646 2 2 28 18 832 1311 2833
3647 2 2 28 18 830 1310 2832
3648 2 2 28 18 201 1301 2476
3649 2 2 28 18 868 2586 1313
3650 2 2 28 18 866 2587 1312
3651 2 2 28 18 867 2589 1314
3652 2 2 28 18 869 2588 1315
3653 2 2 28 18 1274 2569 2241
3654 2 2 28 18 858 1664 2965
3655 2 2 28 18 171 1405 2302
3656 2 2 28 18 846 1461 2846
3657 2 2 28 18 306 1829 2354
3658 2 2 28 18 854 1801 1602
3659 2 2 28 18 325 2641 1339
3660 2 2 28 18 18 19 1953
3661 2 2 28 18 54 55 1952
3662 2 2 28 18 126 127 1951
3663 2 2 28 18 90 91 1950
3664 2 2 28 18 855 1601 1800
3665 2 2 28 18 1070 2127 2785
3666 2 2 28 18 1069 2128 2784
3667 2 2 28 18 196 2330 1292
3668 2 2 28 18 36 37 1959
3669 2 2 28 18 144 145 1958
3670 2 2 28 18 72 73 1957
3671 2 2 28 18 108 109 1956
3672 2 2 28 18 519 2773 1399
3673 2 2 28 18 847 1321 2844
3674 2 2 28 18 529 2835 1309
3675 2 2 28 18 530 2834 1308
3676 2 2 28 18 531 2833 1311
3677 2 2 28 18 532 2832 1310
3678 2 2 28 18 172 2049 1438
3679 2 2 28 18 667 1326 2604
3680 2 2 28 18 775 1339 2641
3681 2 2 28 18 1240 1423 2618
3682 2 2 28 18 761 2240 1798
3683 2 2 28 18 1600 2823 2808
3684 2 2 28 18 674 1686 2329
3685 2 2 28 18 859 1724 2185
3686 2 2 28 18 940 2115 1404
3687 2 2 28 18 676 2342 1687
3688 2 2 28 18 158 1719 2427
3689 2 2 28 18 50 1718 2426
3690 2 2 28 18 122 1717 2425
3691 2 2 28 18 86 1716 2424
3692 2 2 28 18 408 1602 1801
3693 2 2 28 18 404 1800 1601
3694 2 2 28 18 579 1790 1539
3695 2 2 28 18 401 2618 1423
3696 2 2 28 18 579 1320 2174
3697 2 2 28 18 1150 2016 1543
3698 2 2 28 18 1151 1544 2017
3699 2 2 28 18 858 2180 1727
3700 2 2 28 18 924 1435 2233
3701 2 2 28 18 424 2823 1960
3702 2 2 28 18 589 1328 2951
3703 2 2 28 18 904 1743 2428
3704 2 2 28 18 623 1359 2048
3705 2 2 28 18 1018 2207 2245
3706 2 2 28 18 909 2334 2889
3707 2 2 28 18 623 2171 1359
3708 2 2 28 18 1053 2620 1849
3709 2 2 28 18 950 1507 2007
3710 2 2 28 18 582 1677 2193
3711 2 2 28 18 787 2887 1306
3712 2 2 28 18 791 1307 2888
3713 2 2 28 18 876 2874 1571
3714 2 2 28 18 509 1422 2410
3715 2 2 28 18 919 2027 1824
3716 2 2 28 18 952 2015 1513
3717 2 2 28 18 860 2823 1600
3718 2 2 28 18 514 1319 2723
3719 2 2 28 18 847 2850 1460
3720 2 2 28 18 513 2725 1321
3721 2 2 28 18 764 1841 1880
3722 2 2 28 18 301 1322 2337
3723 2 2 28 18 387 2992 1983
3724 2 2 28 18 836 1823 2200
3725 2 2 28 18 1161 2455 2324
3726 2 2 28 18 1160 2454 2325
3727 2 2 28 18 1159 2453 2326
3728 2 2 28 18 1158 2452 2327
3729 2 2 28 18 837 2199 1822
3730 2 2 28 18 224 2172 2368
3731 2 2 28 18 732 2279 2269
3732 2 2 28 18 606 1673 1898
3733 2 2 28 18 447 1362 2333
3734 2 2 28 18 446 1363 2331
3735 2 2 28 18 448 1364 2332
3736 2 2 28 18 635 1880 1841
3737 2 2 28 18 607 1899 1674
3738 2 2 28 18 289 2324 2455
3739 2 2 28 18 290 2325 2454
3740 2 2 28 18 291 2326 2453
3741 2 2 28 18 292 2327 2452
3742 2 2 28 18 757 2389 1845
3743 2 2 28 18 1033 2198 1500
3744 2 2 28 18 925 2569 1894
3745 2 2 28 18 992 1702 2070
3746 2 2 28 18 205 1597 2146
3747 2 2 28 18 450 2340 1365
3748 2 2 28 18 449 2338 1366
3749 2 2 28 18 451 2339 1367
3750 2 2 28 18 863 1518 2532
3751 2 2 28 18 233 2679 1487
3752 2 2 28 18 1020 1787 2783
3753 2 2 28 18 512 2783 1787
3754 2 2 28 18 864 2159 2789
3755 2 2 28 18 501 1332 2935
3756 2 2 28 18 645 1618 2766
3757 2 2 28 18 356 2288 2051
3758 2 2 28 18 1110 2368 2172
3759 2 2 28 18 985 1838 2384
3760 2 2 28 18 691 1920 2548
3761 2 2 28 18 879 2518 1571
3762 2 2 28 18 544 1955 2460
3763 2 2 28 18 321 2546 1524
3764 2 2 28 18 306 2349 1324
3765 2 2 28 18 876 1571 2900
3766 2 2 28 18 168 2740 1319
3767 2 2 28 18 240 1571 2518
3768 2 2 28 18 214 2532 1518
3769 2 2 28 18 645 1326 2973
3770 2 2 28 18 572 2019 1415
3771 2 2 28 18 402 2635 2110
3772 2 2 28 18 574 2023 1417
3773 2 2 28 18 573 2024 1418
3774 2 2 28 18 746 2146 1597
3775 2 2 28 18 343 2070 1702
3776 2 2 28 18 628 1362 2920
3777 2 2 28 18 629 1363 2918
3778 2 2 28 18 630 1364 2919
3779 2 2 28 18 765 2462 2921
3780 2 2 28 18 231 1364 2295
3781 2 2 28 18 701 2385 1525
3782 2 2 28 18 862 1522 2535
3783 2 2 28 18 336 1344 2898
3784 2 2 28 18 669 1384 2280
3785 2 2 28 18 283 1410 2229
3786 2 2 28 18 284 2230 1411
3787 2 2 28 18 610 1433 2186
3788 2 2 28 18 631 2928 1365
3789 2 2 28 18 633 2927 1367
3790 2 2 28 18 632 2926 1366
3791 2 2 28 18 494 1492 2465
3792 2 2 28 18 679 1473 1885
3793 2 2 28 18 859 2188 2958
3794 2 2 28 18 585 1562 1937
3795 2 2 28 18 519 1433 2773
3796 2 2 28 18 1678 2623 2976
3797 2 2 28 18 1680 2625 2977
3798 2 2 28 18 1679 2624 2978
3799 2 2 28 18 1681 2626 2979
3800 2 2 28 18 818 2543 2485
3801 2 2 28 18 817 2544 2484
3802 2 2 28 18 636 1763 2146
3803 2 2 28 18 860 2898 1344
3804 2 2 28 18 874 2221 1877
3805 2 2 28 18 216 2535 1522
3806 2 2 28 18 236 2307 1367
3807 2 2 28 18 188 1616 1804
3808 2 2 28 18 254 2774 2336
3809 2 2 28 18 346 2137 2879
3810 2 2 28 18 638 2196 1388
3811 2 2 28 18 637 1389 2197
3812 2 2 28 18 264 2931 1677
3813 2 2 28 18 522 2361 1579
3814 2 2 28 18 523 2360 1577
3815 2 2 28 18 524 2359 1580
3816 2 2 28 18 525 2358 1578
3817 2 2 28 18 643 1804 1616
3818 2 2 28 18 1211 2110 2635
3819 2 2 28 18 342 2020 1586
3820 2 2 28 18 335 2519 1697
3821 2 2 28 18 879 1323 2518
3822 2 2 28 18 592 1861 2315
3823 2 2 28 18 593 1862 2314
3824 2 2 28 18 590 1863 2313
3825 2 2 28 18 591 1864 2312
3826 2 2 28 18 386 1927 2989
3827 2 2 28 18 385 1928 2990
3828 2 2 28 18 388 1929 2991
3829 2 2 28 18 387 1930 2992
3830 2 2 28 18 744 2523 2461
3831 2 2 28 18 385 2990 2006
3832 2 2 28 18 366 2940 1352
3833 2 2 28 18 837 1822 2046
3834 2 2 28 18 265 1359 2171
3835 2 2 28 18 771 1921 1718
3836 2 2 28 18 772 1922 1719
3837 2 2 28 18 773 1919 1716
3838 2 2 28 18 774 1920 1717
3839 2 2 28 18 744 2474 2372
3840 2 2 28 18 836 2045 1823
3841 2 2 28 18 254 2336 1335
3842 2 2 28 18 692 1718 1921
3843 2 2 28 18 693 1719 1922
3844 2 2 28 18 690 1716 1919
3845 2 2 28 18 691 1717 1920
3846 2 2 28 18 159 160 1974
3847 2 2 28 18 51 52 1975
3848 2 2 28 18 123 124 1976
3849 2 2 28 18 87 88 1977
3850 2 2 28 18 857 1570 2847
3851 2 2 28 18 214 1518 1854
3852 2 2 28 18 226 2792 1327
3853 2 2 28 18 227 1328 2793
3854 2 2 28 18 590 1588 1907
3855 2 2 28 18 591 1589 1908
3856 2 2 28 18 592 1590 1909
3857 2 2 28 18 593 1591 1910
3858 2 2 28 18 748 2470 2529
3859 2 2 28 18 283 1497 2369
3860 2 2 28 18 39 40 1986
3861 2 2 28 18 147 148 1987
3862 2 2 28 18 75 76 1984
3863 2 2 28 18 111 112 1985
3864 2 2 28 18 851 1331 2851
3865 2 2 28 18 284 2370 1498
3866 2 2 28 18 778 1714 1926
3867 2 2 28 18 779 1711 1923
3868 2 2 28 18 780 1713 1925
3869 2 2 28 18 781 1712 1924
3870 2 2 28 18 699 2046 1822
3871 2 2 28 18 698 1823 2045
3872 2 2 28 18 1128 1345 2757
3873 2 2 28 18 637 2197 2294
3874 2 2 28 18 638 2293 2196
3875 2 2 28 18 696 1926 1714
3876 2 2 28 18 694 1923 1711
3877 2 2 28 18 697 1925 1713
3878 2 2 28 18 695 1924 1712
3879 2 2 28 18 1129 2843 1781
3880 2 2 28 18 748 2380 2496
3881 2 2 28 18 271 1353 2207
3882 2 2 28 18 194 2443 1934
3883 2 2 28 18 858 2965 2190
3884 2 2 28 18 962 3002 2300
3885 2 2 28 18 934 1709 2997
3886 2 2 28 18 932 1708 2995
3887 2 2 28 18 933 1707 2994
3888 2 2 28 18 931 1706 2996
3889 2 2 28 18 590 2313 1588
3890 2 2 28 18 591 2312 1589
3891 2 2 28 18 592 2315 1590
3892 2 2 28 18 593 2314 1591
3893 2 2 28 18 963 2301 3011
3894 2 2 28 18 594 1348 2950
3895 2 2 28 18 596 1349 2948
3896 2 2 28 18 597 1350 2949
3897 2 2 28 18 1103 2778 1342
3898 2 2 28 18 1104 1343 2777
3899 2 2 28 18 196 1345 2739
3900 2 2 28 18 860 1344 2823
3901 2 2 28 18 798 1588 2313
3902 2 2 28 18 799 1589 2312
3903 2 2 28 18 800 1590 2315
3904 2 2 28 18 801 1591 2314
3905 2 2 28 18 367 1370 2973
3906 2 2 28 18 919 2103 2786
3907 2 2 28 18 659 2207 1353
3908 2 2 28 18 899 1341 2472
3909 2 2 28 18 935 1803 2241
3910 2 2 28 18 557 1354 2944
3911 2 2 28 18 558 1355 2943
3912 2 2 28 18 560 1357 2945
3913 2 2 28 18 559 1356 2946
3914 2 2 28 18 762 2591 1353
3915 2 2 28 18 732 2269 2845
3916 2 2 28 18 527 1897 2745
3917 2 2 28 18 319 2629 1368
3918 2 2 28 18 320 1369 2630
3919 2 2 28 18 852 1916 1721
3920 2 2 28 18 853 1715 1915
3921 2 2 28 18 899 2520 1341
3922 2 2 28 18 645 2973 1370
3923 2 2 28 18 341 2364 1331
3924 2 2 28 18 425 2158 1846
3925 2 2 28 18 205 1997 1597
3926 2 2 28 18 659 1353 2238
3927 2 2 28 18 341 1842 2098
3928 2 2 28 18 409 1721 1916
3929 2 2 28 18 315 2665 1415
3930 2 2 28 18 405 1915 1715
3931 2 2 28 18 828 2584 1459
3932 2 2 28 18 578 1725 2814
3933 2 2 28 18 1056 2233 1435
3934 2 2 28 18 936 2279 1750
3935 2 2 28 18 693 2568 1983
3936 2 2 28 18 634 1620 2209
3937 2 2 28 18 276 1607 2567
3938 2 2 28 18 277 1608 2566
3939 2 2 28 18 278 1609 2565
3940 2 2 28 18 732 2845 2053
3941 2 2 28 18 509 2410 1512
3942 2 2 28 18 865 2902 1487
3943 2 2 28 18 325 1346 2641
3944 2 2 28 18 265 2914 1358
3945 2 2 28 18 280 2556 1610
3946 2 2 28 18 281 2557 1611
3947 2 2 28 18 282 2555 1612
3948 2 2 28 18 202 1459 2584
3949 2 2 28 18 909 2749 2334
3950 2 2 28 18 893 1846 2158
3951 2 2 28 18 288 1388 2196
3952 2 2 28 18 287 2197 1389
3953 2 2 28 18 565 1368 2796
3954 2 2 28 18 328 1519 2593
3955 2 2 28 18 266 2837 1360
3956 2 2 28 18 564 2795 1369
3957 2 2 28 18 267 1361 2363
3958 2 2 28 18 275 1549 1895
3959 2 2 28 18 503 1342 2600
3960 2 2 28 18 945 2069 1428
3961 2 2 28 18 968 2848 2837
3962 2 2 28 18 504 2601 1343
3963 2 2 28 18 1020 2783 1596
3964 2 2 28 18 331 2506 2030
3965 2 2 28 18 877 2878 2753
3966 2 2 28 18 705 1697 1844
3967 2 2 28 18 300 2722 2432
3968 2 2 28 18 706 1843 1698
3969 2 2 28 18 279 1900 1552
3970 2 2 28 18 928 2121 2411
3971 2 2 28 18 595 2739 1835
3972 2 2 28 18 850 2759 1438
3973 2 2 28 18 629 2331 1363
3974 2 2 28 18 630 2332 1364
3975 2 2 28 18 628 2333 1362
3976 2 2 28 18 196 1553 2330
3977 2 2 28 18 861 1587 2533
3978 2 2 28 18 316 2666 1418
3979 2 2 28 18 317 2667 1417
3980 2 2 28 18 956 2232 2933
3981 2 2 28 18 851 2000 1780
3982 2 2 28 18 632 1366 2338
3983 2 2 28 18 633 1367 2339
3984 2 2 28 18 631 1365 2340
3985 2 2 28 18 231 2295 1442
3986 2 2 28 18 172 1438 2759
3987 2 2 28 18 1525 2385 2709
3988 2 2 28 18 929 2658 2794
3989 2 2 28 18 813 1415 2665
3990 2 2 28 18 814 1417 2667
3991 2 2 28 18 815 1418 2666
3992 2 2 28 18 689 2362 1570
3993 2 2 28 18 406 1780 2000
3994 2 2 28 18 628 2920 1440
3995 2 2 28 18 629 2918 1439
3996 2 2 28 18 630 2919 1441
3997 2 2 28 18 215 2533 1587
3998 2 2 28 18 700 1352 2940
3999 2 2 28 18 1144 2962 2095
4000 2 2 28 18 1143 2961 2094
4001 2 2 28 18 1145 2963 2096
4002 2 2 28 18 437 1382 2922
4003 2 2 28 18 760 2330 1553
4004 2 2 28 18 728 1352 2443
4005 2 2 28 18 707 2126 2259
4006 2 2 28 18 631 1444 2928
4007 2 2 28 18 633 1445 2927
4008 2 2 28 18 632 1446 2926
4009 2 2 28 18 231 2919 1364
4010 2 2 28 18 2801 2989 1065
4011 2 2 28 18 2800 2990 1066
4012 2 2 28 18 2799 2991 1067
4013 2 2 28 18 2798 2992 1068
4014 2 2 28 18 558 2244 1745
4015 2 2 28 18 560 2245 1744
4016 2 2 28 18 1395 2989 2801
4017 2 2 28 18 1396 2990 2800
4018 2 2 28 18 1393 2991 2799
4019 2 2 28 18 1394 2992 2798
4020 2 2 28 18 1147 2100 2967
4021 2 2 28 18 1148 2101 2968
4022 2 2 28 18 1149 2102 2969
4023 2 2 28 18 746 1816 1830
4024 2 2 28 18 905 1881 2220
4025 2 2 28 18 236 1449 2307
4026 2 2 28 18 514 2723 1542
4027 2 2 28 18 794 1475 2594
4028 2 2 28 18 708 2260 2125
4029 2 2 28 18 236 1367 2927
4030 2 2 28 18 645 1370 2492
4031 2 2 28 18 513 1541 2725
4032 2 2 28 18 816 2159 1414
4033 2 2 28 18 446 2498 1363
4034 2 2 28 18 463 2657 1405
4035 2 2 28 18 839 2253 2428
4036 2 2 28 18 808 2693 1437
4037 2 2 28 18 807 2692 1436
4038 2 2 28 18 766 1405 2657
4039 2 2 28 18 1136 1564 2336
4040 2 2 28 18 1216 1912 1792
4041 2 2 28 18 490 2286 2574
4042 2 2 28 18 884 2132 1726
4043 2 2 28 18 1215 1793 1911
4044 2 2 28 18 1301 1666 2459
4045 2 2 28 18 325 1830 1816
4046 2 2 28 18 1501 1911 2787
4047 2 2 28 18 378 2885 2044
4048 2 2 28 18 379 2884 2043
4049 2 2 28 18 377 2882 2041
4050 2 2 28 18 376 2883 2042
4051 2 2 28 18 449 1366 2514
4052 2 2 28 18 675 2956 2421
4053 2 2 28 18 627 2561 1354
4054 2 2 28 18 625 2560 1355
4055 2 2 28 18 626 2559 1356
4056 2 2 28 18 624 2558 1357
4057 2 2 28 18 677 2419 2959
4058 2 2 28 18 494 2287 1492
4059 2 2 28 18 634 2209 1734
4060 2 2 28 18 578 2814 1840
4061 2 2 28 18 1225 2574 2286
4062 2 2 28 18 173 1384 2895
4063 2 2 28 18 806 1424 3007
4064 2 2 28 18 368 1878 1603
4065 2 2 28 18 464 2029 2259
4066 2 2 28 18 465 2260 2032
4067 2 2 28 18 666 2537 1447
4068 2 2 28 18 1046 2941 2130
4069 2 2 28 18 461 2405 1373
4070 2 2 28 18 460 2406 1374
4071 2 2 28 18 459 2407 1375
4072 2 2 28 18 458 2408 1376
4073 2 2 28 18 469 1378 2395
4074 2 2 28 18 468 1379 2394
4075 2 2 28 18 467 1380 2393
4076 2 2 28 18 466 1381 2392
4077 2 2 28 18 691 2548 2006
4078 2 2 28 18 954 2294 2197
4079 2 2 28 18 200 1437 2693
4080 2 2 28 18 198 1436 2692
4081 2 2 28 18 955 2196 2293
4082 2 2 28 18 494 1402 2287
4083 2 2 28 18 340 2254 1790
4084 2 2 28 18 293 1660 1843
4085 2 2 28 18 294 1844 1661
4086 2 2 28 18 84 1395 2801
4087 2 2 28 18 48 1393 2799
4088 2 2 28 18 120 1396 2800
4089 2 2 28 18 156 1394 2798
4090 2 2 28 18 1125 1493 2114
4091 2 2 28 18 1123 1494 2113
4092 2 2 28 18 1124 1495 2112
4093 2 2 28 18 1122 1496 2111
4094 2 2 28 18 519 2809 1433
4095 2 2 28 18 166 2186 1433
4096 2 2 28 18 730 2469 1370
4097 2 2 28 18 283 2229 1497
4098 2 2 28 18 284 1498 2230
4099 2 2 28 18 946 2259 2029
4100 2 2 28 18 601 1988 1568
4101 2 2 28 18 948 1781 2843
4102 2 2 28 18 825 1452 2727
4103 2 2 28 18 826 1453 2728
4104 2 2 28 18 602 1569 1989
4105 2 2 28 18 263 1455 2132
4106 2 2 28 18 766 2302 1405
4107 2 2 28 18 947 2032 2260
4108 2 2 28 18 1384 1834 2895
4109 2 2 28 18 324 1881 2483
4110 2 2 28 18 849 2831 1572
4111 2 2 28 18 958 2432 2825
4112 2 2 28 18 1154 1526 2036
4113 2 2 28 18 161 2479 2437
4114 2 2 28 18 673 1998 2619
4115 2 2 28 18 419 1392 2439
4116 2 2 28 18 906 2907 1512
4117 2 2 28 18 1300 2642 1742
4118 2 2 28 18 1001 1812 3013
4119 2 2 28 18 689 1599 2047
4120 2 2 28 18 1211 2907 2988
4121 2 2 28 18 177 2036 1526
4122 2 2 28 18 307 2423 1686
4123 2 2 28 18 940 2133 2115
4124 2 2 28 18 304 2594 1475
4125 2 2 28 18 1337 2779 2437
4126 2 2 28 18 860 1600 2534
4127 2 2 28 18 267 2363 1734
4128 2 2 28 18 239 2115 2133
4129 2 2 28 18 890 2437 2779
4130 2 2 28 18 543 2047 1599
4131 2 2 28 18 726 1869 1821
4132 2 2 28 18 724 1868 1820
4133 2 2 28 18 725 1867 1819
4134 2 2 28 18 723 1866 1818
4135 2 2 28 18 681 1805 1932
4136 2 2 28 18 890 1749 2437
4137 2 2 28 18 197 1618 2492
4138 2 2 28 18 181 1512 2907
4139 2 2 28 18 490 2574 1423
4140 2 2 28 18 656 1821 1869
4141 2 2 28 18 655 1820 1868
4142 2 2 28 18 657 1819 1867
4143 2 2 28 18 654 1818 1866
4144 2 2 28 18 1280 2491 1722
4145 2 2 28 18 217 2534 1600
4146 2 2 28 18 984 2872 1392
4147 2 2 28 18 202 1543 2016
4148 2 2 28 18 204 2017 1544
4149 2 2 28 18 870 1734 2363
4150 2 2 28 18 901 1848 1827
4151 2 2 28 18 195 2727 1452
4152 2 2 28 18 193 2728 1453
4153 2 2 28 18 969 2766 2987
4154 2 2 28 18 278 2094 2961
4155 2 2 28 18 276 2095 2962
4156 2 2 28 18 277 2096 2963
4157 2 2 28 18 762 2413 2923
4158 2 2 28 18 162 1762 2109
4159 2 2 28 18 381 2591 1741
4160 2 2 28 18 309 1687 2430
4161 2 2 28 18 684 1933 1817
4162 2 2 28 18 416 1827 1848
4163 2 2 28 18 463 1405 2910
4164 2 2 28 18 282 2967 2100
4165 2 2 28 18 280 2968 2101
4166 2 2 28 18 281 2969 2102
4167 2 2 28 18 580 1497 2741
4168 2 2 28 18 583 2093 1675
4169 2 2 28 18 323 1402 2806
4170 2 2 28 18 891 1836 2627
4171 2 2 28 18 229 2523 1463
4172 2 2 28 18 230 2522 1464
4173 2 2 28 18 662 1406 2452
4174 2 2 28 18 664 1408 2453
4175 2 2 28 18 663 1407 2454
4176 2 2 28 18 665 1409 2455
4177 2 2 28 18 744 1463 2523
4178 2 2 28 18 743 1464 2522
4179 2 2 28 18 926 2137 1476
4180 2 2 28 18 483 1413 2704
4181 2 2 28 18 347 2420 1401
4182 2 2 28 18 728 1932 1805
4183 2 2 28 18 854 2741 1497
4184 2 2 28 18 321 1524 2459
4185 2 2 28 18 311 1514 2661
4186 2 2 28 18 313 1515 2662
4187 2 2 28 18 312 1516 2663
4188 2 2 28 18 314 1517 2664
4189 2 2 28 18 323 2752 1402
4190 2 2 28 18 887 2772 2169
4191 2 2 28 18 318 2391 1785
4192 2 2 28 18 816 1414 2391
4193 2 2 28 18 308 1420 2517
4194 2 2 28 18 483 2010 1886
4195 2 2 28 18 234 1468 2529
4196 2 2 28 18 235 1469 2528
4197 2 2 28 18 161 2437 1749
4198 2 2 28 18 763 2109 1762
4199 2 2 28 18 488 2372 1419
4200 2 2 28 18 489 2373 1420
4201 2 2 28 18 772 2408 2954
4202 2 2 28 18 322 2642 1523
4203 2 2 28 18 509 2341 1432
4204 2 2 28 18 748 2529 1468
4205 2 2 28 18 747 2528 1469
4206 2 2 28 18 870 1700 2442
4207 2 2 28 18 581 1498 2370
4208 2 2 28 18 580 2369 1497
4209 2 2 28 18 634 1597 1997
4210 2 2 28 18 356 2442 1700
4211 2 2 28 18 1157 2930 2677
4212 2 2 28 18 32 33 2299
4213 2 2 28 18 140 141 2298
4214 2 2 28 18 68 69 2297
4215 2 2 28 18 104 105 2296
4216 2 2 28 18 739 1442 2295
4217 2 2 28 18 1267 2923 2413
4218 2 2 28 18 763 2285 2841
4219 2 2 28 18 1492 2287 2900
4220 2 2 28 18 334 1784 2316
4221 2 2 28 18 1045 2362 2047
4222 2 2 28 18 734 1423 2574
4223 2 2 28 18 1096 1861 1929
4224 2 2 28 18 1097 1862 1930
4225 2 2 28 18 1094 1863 1927
4226 2 2 28 18 1095 1864 1928
4227 2 2 28 18 4 2499 1537
4228 2 2 28 18 16 2501 1536
4229 2 2 28 18 8 2500 1535
4230 2 2 28 18 12 2502 1534
4231 2 2 28 18 672 2319 1426
4232 2 2 28 18 671 1427 2318
4233 2 2 28 18 643 2092 1520
4234 2 2 28 18 292 2452 1406
4235 2 2 28 18 290 2454 1407
4236 2 2 28 18 291 2453 1408
4237 2 2 28 18 289 2455 1409
4238 2 2 28 18 353 1474 2193
4239 2 2 28 18 701 2881 2385
4240 2 2 28 18 310 2538 1429
4241 2 2 28 18 945 2814 1421
4242 2 2 28 18 1286 1748 2694
4243 2 2 28 18 730 1817 1933
4244 2 2 28 18 792 1630 2356
4245 2 2 28 18 791 1631 2357
4246 2 2 28 18 790 1632 2355
4247 2 2 28 18 417 2828 1857
4248 2 2 28 18 528 1662 2471
4249 2 2 28 18 788 2352 1634
4250 2 2 28 18 787 2353 1635
4251 2 2 28 18 786 2351 1636
4252 2 2 28 18 583 1723 2093
4253 2 2 28 18 172 2759 1413
4254 2 2 28 18 721 1572 2486
4255 2 2 28 18 496 1429 2379
4256 2 2 28 18 495 1430 2380
4257 2 2 28 18 673 2619 2779
4258 2 2 28 18 179 1528 2082
4259 2 2 28 18 175 2083 1527
4260 2 2 28 18 745 2307 1449
4261 2 2 28 18 733 2527 2283
4262 2 2 28 18 388 2991 2074
4263 2 2 28 18 386 2989 2075
4264 2 2 28 18 678 2136 1586
4265 2 2 28 18 610 2186 2396
4266 2 2 28 18 955 2293 1458
4267 2 2 28 18 770 2722 1467
4268 2 2 28 18 954 1459 2294
4269 2 2 28 18 929 2794 2158
4270 2 2 28 18 1284 2678 1760
4271 2 2 28 18 674 1993 1686
4272 2 2 28 18 99 1853 2502
4273 2 2 28 18 63 1851 2500
4274 2 2 28 18 135 1852 2501
4275 2 2 28 18 27 1850 2499
4276 2 2 28 18 362 2356 1630
4277 2 2 28 18 363 2357 1631
4278 2 2 28 18 361 2355 1632
4279 2 2 28 18 358 1634 2352
4280 2 2 28 18 359 1635 2353
4281 2 2 28 18 357 1636 2351
4282 2 2 28 18 931 2067 1706
4283 2 2 28 18 933 2066 1707
4284 2 2 28 18 932 2064 1708
4285 2 2 28 18 934 2065 1709
4286 2 2 28 18 729 1860 2072
4287 2 2 28 18 676 1687 2012
4288 2 2 28 18 307 1686 1993
4289 2 2 28 18 739 2609 1442
4290 2 2 28 18 743 2373 1464
4291 2 2 28 18 744 2372 1463
4292 2 2 28 18 342 1586 2136
4293 2 2 28 18 510 2480 1479
4294 2 2 28 18 875 3001 1431
4295 2 2 28 18 763 2841 2109
4296 2 2 28 18 856 2590 2286
4297 2 2 28 18 763 1784 2156
4298 2 2 28 18 228 2905 2947
4299 2 2 28 18 308 2268 2797
4300 2 2 28 18 1032 2503 2877
4301 2 2 28 18 323 1978 2383
4302 2 2 28 18 900 2201 2827
4303 2 2 28 18 819 2072 1860
4304 2 2 28 18 166 1433 2539
4305 2 2 28 18 309 2012 1687
4306 2 2 28 18 292 1406 2374
4307 2 2 28 18 290 1407 2375
4308 2 2 28 18 291 1408 2376
4309 2 2 28 18 289 1409 2377
4310 2 2 28 18 675 1963 2956
4311 2 2 28 18 384 2130 2941
4312 2 2 28 18 508 1431 3001
4313 2 2 28 18 855 2858 1498
4314 2 2 28 18 854 1497 2857
4315 2 2 28 18 1223 2465 1492
4316 2 2 28 18 228 2947 1814
4317 2 2 28 18 349 2705 1905
4318 2 2 28 18 348 2706 1903
4319 2 2 28 18 351 2707 1904
4320 2 2 28 18 350 2708 1902
4321 2 2 28 18 847 2381 1502
4322 2 2 28 18 747 1469 2379
4323 2 2 28 18 748 1468 2380
4324 2 2 28 18 818 1747 2543
4325 2 2 28 18 817 1746 2544
4326 2 2 28 18 493 1487 2902
4327 2 2 28 18 324 1779 2881
4328 2 2 28 18 542 1598 2120
4329 2 2 28 18 1227 1876 2267
4330 2 2 28 18 1228 1875 2266
4331 2 2 28 18 1229 1874 2265
4332 2 2 28 18 1230 1873 2264
4333 2 2 28 18 634 2051 1597
4334 2 2 28 18 877 2763 2480
4335 2 2 28 18 745 1449 2632
4336 2 2 28 18 760 2215 1931
4337 2 2 28 18 224 1791 2655
4338 2 2 28 18 1038 1650 2073
4339 2 2 28 18 164 2087 1897
4340 2 2 28 18 487 1442 2609
4341 2 2 28 18 677 2959 1967
4342 2 2 28 18 488 1463 2372
4343 2 2 28 18 489 1464 2373
4344 2 2 28 18 4 27 2499
4345 2 2 28 18 16 135 2501
4346 2 2 28 18 8 63 2500
4347 2 2 28 18 12 99 2502
4348 2 2 28 18 334 2156 1784
4349 2 2 28 18 760 2232 2215
4350 2 2 28 18 1260 2385 2881
4351 2 2 28 18 112 113 2871
4352 2 2 28 18 76 77 2870
4353 2 2 28 18 148 149 2869
4354 2 2 28 18 40 41 2868
4355 2 2 28 18 86 87 2867
4356 2 2 28 18 122 123 2866
4357 2 2 28 18 50 51 2865
4358 2 2 28 18 158 159 2864
4359 2 2 28 18 732 2053 2093
4360 2 2 28 18 218 2365 2698
4361 2 2 28 18 734 2685 1423
4362 2 2 28 18 510 2903 1540
4363 2 2 28 18 716 1561 2374
4364 2 2 28 18 718 1560 2376
4365 2 2 28 18 715 1559 2375
4366 2 2 28 18 717 1558 2377
4367 2 2 28 18 311 2160 1514
4368 2 2 28 18 313 2162 1515
4369 2 2 28 18 312 2161 1516
4370 2 2 28 18 314 2163 1517
4371 2 2 28 18 300 1467 2722
4372 2 2 28 18 310 2804 2274
4373 2 2 28 18 700 2940 1447
4374 2 2 28 18 274 2202 1538
4375 2 2 28 18 1350 1934 2412
4376 2 2 28 18 1116 2194 2208
4377 2 2 28 18 410 2713 1529
4378 2 2 28 18 411 2715 1530
4379 2 2 28 18 412 2714 1531
4380 2 2 28 18 413 2716 1532
4381 2 2 28 18 935 2284 2035
4382 2 2 28 18 360 2261 1598
4383 2 2 28 18 662 1573 2813
4384 2 2 28 18 663 1574 2811
4385 2 2 28 18 664 1575 2812
4386 2 2 28 18 665 1576 2810
4387 2 2 28 18 834 1897 2087
4388 2 2 28 18 298 2954 1425
4389 2 2 28 18 496 2379 1469
4390 2 2 28 18 495 2380 1468
4391 2 2 28 18 654 1866 2181
4392 2 2 28 18 657 1867 2182
4393 2 2 28 18 655 1868 2183
4394 2 2 28 18 656 1869 2184
4395 2 2 28 18 292 2374 1561
4396 2 2 28 18 290 2375 1559
4397 2 2 28 18 291 2376 1560
4398 2 2 28 18 289 2377 1558
4399 2 2 28 18 491 2632 1449
4400 2 2 28 18 509 2751 1422
4401 2 2 28 18 266 1794 2837
4402 2 2 28 18 679 1918 1906
4403 2 2 28 18 488 1436 2616
4404 2 2 28 18 489 1437 2615
4405 2 2 28 18 287 1847 1918
4406 2 2 28 18 721 1598 2261
4407 2 2 28 18 738 1941 1946
4408 2 2 28 18 737 1940 1947
4409 2 2 28 18 736 1939 1948
4410 2 2 28 18 735 1938 1949
4411 2 2 28 18 894 2063 2617
4412 2 2 28 18 841 1529 2713
4413 2 2 28 18 843 1530 2715
4414 2 2 28 18 842 1531 2714
4415 2 2 28 18 844 1532 2716
4416 2 2 28 18 216 2719 2446
4417 2 2 28 18 731 1906 1918
4418 2 2 28 18 231 1442 2622
4419 2 2 28 18 175 2696 1451
4420 2 2 28 18 1031 2283 2527
4421 2 2 28 18 366 1447 2940
4422 2 2 28 18 301 1826 1932
4423 2 2 28 18 512 1571 2874
4424 2 2 28 18 162 2109 2431
4425 2 2 28 18 654 2181 1902
4426 2 2 28 18 657 2182 1904
4427 2 2 28 18 655 2183 1903
4428 2 2 28 18 656 2184 1905
4429 2 2 28 18 797 1484 2784
4430 2 2 28 18 796 1485 2785
4431 2 2 28 18 685 1946 1941
4432 2 2 28 18 686 1947 1940
4433 2 2 28 18 687 1948 1939
4434 2 2 28 18 688 1949 1938
4435 2 2 28 18 968 2837 1794
4436 2 2 28 18 263 1792 1912
4437 2 2 28 18 264 1911 1793
4438 2 2 28 18 948 2547 1450
4439 2 2 28 18 610 2773 1433
4440 2 2 28 18 179 1454 2695
4441 2 2 28 18 658 2208 2194
4442 2 2 28 18 670 1538 2202
4443 2 2 28 18 1137 2414 1465
4444 2 2 28 18 991 2431 2109
4445 2 2 28 18 382 2063 2108
4446 2 2 28 18 334 1698 2404
4447 2 2 28 18 308 2797 1994
4448 2 2 28 18 236 2637 1449
4449 2 2 28 18 670 2966 1443
4450 2 2 28 18 894 2108 2063
4451 2 2 28 18 798 2509 1588
4452 2 2 28 18 799 2508 1589
4453 2 2 28 18 800 2511 1590
4454 2 2 28 18 801 2510 1591
4455 2 2 28 18 472 1913 1822
4456 2 2 28 18 305 2035 2284
4457 2 2 28 18 473 1823 1914
4458 2 2 28 18 739 2295 2478
4459 2 2 28 18 306 1933 1829
4460 2 2 28 18 496 2924 1452
4461 2 2 28 18 495 2925 1453
4462 2 2 28 18 321 2459 1666
4463 2 2 28 18 767 1451 2696
4464 2 2 28 18 294 2323 1595
4465 2 2 28 18 293 1594 2322
4466 2 2 28 18 623 2048 1954
4467 2 2 28 18 894 1954 2048
4468 2 2 28 18 745 2490 2307
4469 2 2 28 18 702 2060 2595
4470 2 2 28 18 699 1822 1913
4471 2 2 28 18 769 2695 1454
4472 2 2 28 18 698 1914 1823
4473 2 2 28 18 721 2120 1598
4474 2 2 28 18 198 2652 1436
4475 2 2 28 18 200 2651 1437
4476 2 2 28 18 232 2929 1917
4477 2 2 28 18 487 2776 1442
4478 2 2 28 18 510 1540 2480
4479 2 2 28 18 327 2636 1460
4480 2 2 28 18 910 2687 2431
4481 2 2 28 18 1049 1917 2929
4482 2 2 28 18 803 2239 2620
4483 2 2 28 18 846 1504 2289
4484 2 2 28 18 326 1461 2638
4485 2 2 28 18 241 1540 2932
4486 2 2 28 18 255 2891 1755
4487 2 2 28 18 900 2026 2201
4488 2 2 28 18 1219 2120 2486
4489 2 2 28 18 566 1606 2694
4490 2 2 28 18 494 2465 2014
4491 2 2 28 18 310 2013 2804
4492 2 2 28 18 829 2803 1458
4493 2 2 28 18 828 1459 2802
4494 2 2 28 18 775 2438 2099
4495 2 2 28 18 218 2896 2365
4496 2 2 28 18 567 2678 1613
4497 2 2 28 18 81 1588 2509
4498 2 2 28 18 117 1589 2508
4499 2 2 28 18 45 1590 2511
4500 2 2 28 18 153 1591 2510
4501 2 2 28 18 957 1755 2891
4502 2 2 28 18 245 1724 2329
4503 2 2 28 18 666 1606 2537
4504 2 2 28 18 254 2068 2536
4505 2 2 28 18 222 2201 2026
4506 2 2 28 18 979 2099 2438
4507 2 2 28 18 987 2485 2543
4508 2 2 28 18 986 2484 2544
4509 2 2 28 18 876 2900 2287
4510 2 2 28 18 327 1460 2850
4511 2 2 28 18 240 2900 1571
4512 2 2 28 18 951 1479 2463
4513 2 2 28 18 776 1471 2729
4514 2 2 28 18 777 1472 2730
4515 2 2 28 18 700 1447 2901
4516 2 2 28 18 326 2846 1461
4517 2 2 28 18 268 2654 1466
4518 2 2 28 18 776 2829 1471
4519 2 2 28 18 777 2830 1472
4520 2 2 28 18 247 2342 1727
4521 2 2 28 18 681 1932 1826
4522 2 2 28 18 1392 2872 1912
4523 2 2 28 18 303 2784 1484
4524 2 2 28 18 302 2785 1485
4525 2 2 28 18 636 1996 1763
4526 2 2 28 18 283 2369 1961
4527 2 2 28 18 684 1829 1933
4528 2 2 28 18 731 1918 1847
4529 2 2 28 18 284 1962 2370
4530 2 2 28 18 999 2536 2068
4531 2 2 28 18 667 2604 1613
4532 2 2 28 18 878 2335 1720
4533 2 2 28 18 877 1540 2878
4534 2 2 28 18 1006 1720 2335
4535 2 2 28 18 221 1465 2789
4536 2 2 28 18 1002 2600 1963
4537 2 2 28 18 1363 2522 2918
4538 2 2 28 18 1362 2523 2920
4539 2 2 28 18 488 2616 1566
4540 2 2 28 18 489 2615 1567
4541 2 2 28 18 270 2604 2157
4542 2 2 28 18 797 2743 1484
4543 2 2 28 18 796 2744 1485
4544 2 2 28 18 1793 2909 2931
4545 2 2 28 18 241 2878 1540
4546 2 2 28 18 1792 2953 2908
4547 2 2 28 18 692 1921 2434
4548 2 2 28 18 690 1919 2433
4549 2 2 28 18 487 1462 2760
4550 2 2 28 18 609 2404 1698
4551 2 2 28 18 906 1512 2410
4552 2 2 28 18 506 2777 1521
4553 2 2 28 18 1343 1521 2777
4554 2 2 28 18 702 2595 2068
4555 2 2 28 18 1366 2926 2528
4556 2 2 28 18 1365 2928 2529
4557 2 2 28 18 336 2275 1815
4558 2 2 28 18 1004 1967 2601
4559 2 2 28 18 230 2918 2522
4560 2 2 28 18 229 2920 2523
4561 2 2 28 18 459 2729 1471
4562 2 2 28 18 461 2730 1472
4563 2 2 28 18 95 96 2251
4564 2 2 28 18 131 132 2250
4565 2 2 28 18 59 60 2249
4566 2 2 28 18 23 24 2248
4567 2 2 28 18 712 1706 2067
4568 2 2 28 18 713 1707 2066
4569 2 2 28 18 710 1708 2064
4570 2 2 28 18 711 1709 2065
4571 2 2 28 18 1004 2804 1967
4572 2 2 28 18 649 2119 2140
4573 2 2 28 18 647 2117 2138
4574 2 2 28 18 648 2118 2139
4575 2 2 28 18 1002 1963 2797
4576 2 2 28 18 653 2144 2124
4577 2 2 28 18 652 2143 2123
4578 2 2 28 18 651 2142 2122
4579 2 2 28 18 235 2528 2926
4580 2 2 28 18 234 2529 2928
4581 2 2 28 18 789 1470 2913
4582 2 2 28 18 942 2254 1998
4583 2 2 28 18 1332 1777 2935
4584 2 2 28 18 467 1484 2743
4585 2 2 28 18 469 1485 2744
4586 2 2 28 18 322 1742 2642
4587 2 2 28 18 336 1582 2275
4588 2 2 28 18 337 1583 2277
4589 2 2 28 18 338 1584 2276
4590 2 2 28 18 339 1585 2278
4591 2 2 28 18 491 3013 1477
4592 2 2 28 18 512 1478 2783
4593 2 2 28 18 590 1927 1863
4594 2 2 28 18 591 1928 1864
4595 2 2 28 18 592 1929 1861
4596 2 2 28 18 593 1930 1862
4597 2 2 28 18 1382 2071 2922
4598 2 2 28 18 940 2482 2133
4599 2 2 28 18 939 2134 2481
4600 2 2 28 18 995 2140 2119
4601 2 2 28 18 994 2139 2118
4602 2 2 28 18 993 2138 2117
4603 2 2 28 18 677 1967 2804
4604 2 2 28 18 1348 1892 2516
4605 2 2 28 18 1349 1891 2515
4606 2 2 28 18 759 2521 1870
4607 2 2 28 18 364 1599 2234
4608 2 2 28 18 998 2124 2144
4609 2 2 28 18 997 2123 2143
4610 2 2 28 18 996 2122 2142
4611 2 2 28 18 297 1471 2829
4612 2 2 28 18 299 1472 2830
4613 2 2 28 18 990 2217 2762
4614 2 2 28 18 488 2712 1463
4615 2 2 28 18 489 2711 1464
4616 2 2 28 18 675 2797 1963
4617 2 2 28 18 266 2173 2906
4618 2 2 28 18 194 2717 1462
4619 2 2 28 18 1046 2130 2025
4620 2 2 28 18 294 1661 2323
4621 2 2 28 18 293 2322 1660
4622 2 2 28 18 355 1772 2105
4623 2 2 28 18 241 1476 2878
4624 2 2 28 18 732 2093 1723
4625 2 2 28 18 562 1792 2908
4626 2 2 28 18 719 2105 1772
4627 2 2 28 18 563 2909 1793
4628 2 2 28 18 906 2988 2907
4629 2 2 28 18 689 2234 1599
4630 2 2 28 18 741 1768 2515
4631 2 2 28 18 818 1566 2616
4632 2 2 28 18 817 1567 2615
4633 2 2 28 18 795 1972 1978
4634 2 2 28 18 1069 1811 2924
4635 2 2 28 18 1070 1810 2925
4636 2 2 28 18 732 1723 2279
4637 2 2 28 18 683 1978 1972
4638 2 2 28 18 462 2843 2198
4639 2 2 28 18 113 1711 2871
4640 2 2 28 18 77 1712 2870
4641 2 2 28 18 149 1714 2869
4642 2 2 28 18 41 1713 2868
4643 2 2 28 18 1175 2397 1541
4644 2 2 28 18 1174 1542 2398
4645 2 2 28 18 86 2867 1716
4646 2 2 28 18 122 2866 1717
4647 2 2 28 18 50 2865 1718
4648 2 2 28 18 158 2864 1719
4649 2 2 28 18 1063 2209 1620
4650 2 2 28 18 25 26 2997
4651 2 2 28 18 61 62 2995
4652 2 2 28 18 133 134 2994
4653 2 2 28 18 97 98 2996
4654 2 2 28 18 240 1492 2900
4655 2 2 28 18 927 2396 2186
4656 2 2 28 18 324 2881 2220
4657 2 2 28 18 639 2459 1524
4658 2 2 28 18 210 1947 2211
4659 2 2 28 18 211 1949 2210
4660 2 2 28 18 212 1946 2213
4661 2 2 28 18 213 1948 2212
4662 2 2 28 18 101 2258 1876
4663 2 2 28 18 137 2256 1874
4664 2 2 28 18 65 2257 1875
4665 2 2 28 18 29 2255 1873
4666 2 2 28 18 758 3012 2216
4667 2 2 28 18 400 3017 1941
4668 2 2 28 18 399 3018 1940
4669 2 2 28 18 398 3019 1939
4670 2 2 28 18 397 3020 1938
4671 2 2 28 18 635 1824 2027
4672 2 2 28 18 437 2627 1836
4673 2 2 28 18 320 2999 2458
4674 2 2 28 18 319 2457 3000
4675 2 2 28 18 821 2475 2790
4676 2 2 28 18 332 2279 1723
4677 2 2 28 18 709 2530 1539
4678 2 2 28 18 1368 2629 2875
4679 2 2 28 18 375 1736 2421
4680 2 2 28 18 672 2322 1594
4681 2 2 28 18 671 1595 2323
4682 2 2 28 18 295 2603 1703
4683 2 2 28 18 296 1704 2602
4684 2 2 28 18 541 2757 1663
4685 2 2 28 18 418 2721 1501
4686 2 2 28 18 1369 2873 2630
4687 2 2 28 18 674 2550 1735
4688 2 2 28 18 662 2813 1729
4689 2 2 28 18 664 2812 1730
4690 2 2 28 18 663 2811 1731
4691 2 2 28 18 665 2810 1732
4692 2 2 28 18 1129 2198 2843
4693 2 2 28 18 1134 2892 2660
4694 2 2 28 18 327 2850 1502
4695 2 2 28 18 642 2875 2629
4696 2 2 28 18 716 2267 1876
4697 2 2 28 18 718 2266 1875
4698 2 2 28 18 715 2265 1874
4699 2 2 28 18 717 2264 1873
4700 2 2 28 18 717 2377 2264
4701 2 2 28 18 715 2375 2265
4702 2 2 28 18 718 2376 2266
4703 2 2 28 18 716 2374 2267
4704 2 2 28 18 674 1724 2550
4705 2 2 28 18 326 1504 2846
4706 2 2 28 18 1287 2790 2475
4707 2 2 28 18 641 2630 2873
4708 2 2 28 18 719 2135 2491
4709 2 2 28 18 645 2492 1618
4710 2 2 28 18 481 2987 1509
4711 2 2 28 18 381 2419 1738
4712 2 2 28 18 1424 1722 3007
4713 2 2 28 18 877 2480 1540
4714 2 2 28 18 815 2648 1601
4715 2 2 28 18 811 1602 2645
4716 2 2 28 18 881 1536 2501
4717 2 2 28 18 880 1537 2499
4718 2 2 28 18 882 1535 2500
4719 2 2 28 18 883 1534 2502
4720 2 2 28 18 349 1807 2065
4721 2 2 28 18 348 1806 2064
4722 2 2 28 18 351 1809 2066
4723 2 2 28 18 350 1808 2067
4724 2 2 28 18 676 1739 2552
4725 2 2 28 18 598 1524 2546
4726 2 2 28 18 692 2434 2074
4727 2 2 28 18 690 2433 2075
4728 2 2 28 18 847 1502 2850
4729 2 2 28 18 720 2168 3002
4730 2 2 28 18 566 2694 1748
4731 2 2 28 18 249 2071 2169
4732 2 2 28 18 711 1655 2248
4733 2 2 28 18 710 1656 2249
4734 2 2 28 18 713 1657 2250
4735 2 2 28 18 712 1658 2251
4736 2 2 28 18 758 2390 3012
4737 2 2 28 18 846 2846 1504
4738 2 2 28 18 267 1734 2209
4739 2 2 28 18 722 3011 2167
4740 2 2 28 18 960 1886 2010
4741 2 2 28 18 262 1539 2530
4742 2 2 28 18 80 81 2509
4743 2 2 28 18 116 117 2508
4744 2 2 28 18 44 45 2511
4745 2 2 28 18 152 153 2510
4746 2 2 28 18 676 2552 1727
4747 2 2 28 18 560 1510 2894
4748 2 2 28 18 558 1511 2893
4749 2 2 28 18 850 1740 2765
4750 2 2 28 18 887 2169 2071
4751 2 2 28 18 764 2382 1593
4752 2 2 28 18 1089 1501 2787
4753 2 2 28 18 567 1760 2678
4754 2 2 28 18 723 2688 1554
4755 2 2 28 18 725 2689 1555
4756 2 2 28 18 724 2690 1556
4757 2 2 28 18 726 2691 1557
4758 2 2 28 18 445 2145 2409
4759 2 2 28 18 181 1570 2863
4760 2 2 28 18 712 2251 1706
4761 2 2 28 18 710 2249 1708
4762 2 2 28 18 713 2250 1707
4763 2 2 28 18 711 2248 1709
4764 2 2 28 18 256 1813 2214
4765 2 2 28 18 1134 2660 1705
4766 2 2 28 18 232 2911 1507
4767 2 2 28 18 186 2350 2387
4768 2 2 28 18 959 2409 2145
4769 2 2 28 18 1246 2745 2104
4770 2 2 28 18 404 1601 2648
4771 2 2 28 18 1022 2387 2350
4772 2 2 28 18 408 2645 1602
4773 2 2 28 18 237 1513 2915
4774 2 2 28 18 759 2214 1813
4775 2 2 28 18 640 1523 2642
4776 2 2 28 18 659 1744 2245
4777 2 2 28 18 658 1745 2244
4778 2 2 28 18 505 1592 2778
4779 2 2 28 18 1342 2778 1592
4780 2 2 28 18 23 2248 1655
4781 2 2 28 18 95 2251 1658
4782 2 2 28 18 59 2249 1656
4783 2 2 28 18 131 2250 1657
4784 2 2 28 18 102 103 2822
4785 2 2 28 18 66 67 2821
4786 2 2 28 18 138 139 2820
4787 2 2 28 18 30 31 2819
4788 2 2 28 18 710 2064 1806
4789 2 2 28 18 711 2065 1807
4790 2 2 28 18 712 2067 1808
4791 2 2 28 18 713 2066 1809
4792 2 2 28 18 202 2584 2242
4793 2 2 28 18 1047 2242 2584
4794 2 2 28 18 181 2863 1512
4795 2 2 28 18 857 2863 1570
4796 2 2 28 18 578 1604 2628
4797 2 2 28 18 311 1554 2688
4798 2 2 28 18 313 1555 2689
4799 2 2 28 18 312 1556 2690
4800 2 2 28 18 314 1557 2691
4801 2 2 28 18 205 2146 1763
4802 2 2 28 18 488 1566 2712
4803 2 2 28 18 489 1567 2711
4804 2 2 28 18 827 1525 2709
4805 2 2 28 18 1230 2681 1850
4806 2 2 28 18 1228 2683 1851
4807 2 2 28 18 1227 2684 1853
4808 2 2 28 18 1229 2682 1852
4809 2 2 28 18 335 2317 1858
4810 2 2 28 18 1038 2073 3015
4811 2 2 28 18 296 2602 1769
4812 2 2 28 18 295 1770 2603
4813 2 2 28 18 96 1706 2251
4814 2 2 28 18 60 1708 2249
4815 2 2 28 18 132 1707 2250
4816 2 2 28 18 24 1709 2248
4817 2 2 28 18 342 2504 2020
4818 2 2 28 18 883 2502 1853
4819 2 2 28 18 882 2500 1851
4820 2 2 28 18 881 2501 1852
4821 2 2 28 18 880 2499 1850
4822 2 2 28 18 175 1527 2696
4823 2 2 28 18 179 2695 1528
4824 2 2 28 18 824 2030 2011
4825 2 2 28 18 1001 2189 2594
4826 2 2 28 18 196 2739 1553
4827 2 2 28 18 711 2347 1655
4828 2 2 28 18 710 2345 1656
4829 2 2 28 18 713 2348 1657
4830 2 2 28 18 712 2346 1658
4831 2 2 28 18 1135 2115 2972
4832 2 2 28 18 872 2792 1936
4833 2 2 28 18 871 1935 2793
4834 2 2 28 18 1167 2753 2935
4835 2 2 28 18 851 2668 2764
4836 2 2 28 18 422 2876 1906
4837 2 2 28 18 250 2813 1573
4838 2 2 28 18 252 2811 1574
4839 2 2 28 18 251 2812 1575
4840 2 2 28 18 253 2810 1576
4841 2 2 28 18 723 1529 2688
4842 2 2 28 18 724 1530 2690
4843 2 2 28 18 726 1532 2691
4844 2 2 28 18 725 1531 2689
4845 2 2 28 18 319 1795 2457
4846 2 2 28 18 320 2458 1796
4847 2 2 28 18 239 2972 2115
4848 2 2 28 18 700 1757 2412
4849 2 2 28 18 207 2181 1866
4850 2 2 28 18 206 2183 1868
4851 2 2 28 18 209 2182 1867
4852 2 2 28 18 208 2184 1869
4853 2 2 28 18 777 2712 1566
4854 2 2 28 18 776 2711 1567
4855 2 2 28 18 430 2366 2952
4856 2 2 28 18 1329 3022 1989
4857 2 2 28 18 703 2599 1894
4858 2 2 28 18 681 2703 1805
4859 2 2 28 18 434 2955 2371
4860 2 2 28 18 767 2441 2268
4861 2 2 28 18 561 2475 1764
4862 2 2 28 18 769 2274 2448
4863 2 2 28 18 1120 2439 1675
4864 2 2 28 18 763 2156 2285
4865 2 2 28 18 1002 2268 2441
4866 2 2 28 18 7 53 2606
4867 2 2 28 18 3 17 2605
4868 2 2 28 18 15 125 2607
4869 2 2 28 18 11 89 2608
4870 2 2 28 18 1004 2448 2274
4871 2 2 28 18 1055 2906 2173
4872 2 2 28 18 2 2610 38
4873 2 2 28 18 14 2611 146
4874 2 2 28 18 10 2613 110
4875 2 2 28 18 6 2612 74
4876 2 2 28 18 228 2709 2385
4877 2 2 28 18 1032 2214 2503
4878 2 2 28 18 930 2285 2156
4879 2 2 28 18 848 2063 2195
4880 2 2 28 18 541 1663 2384
4881 2 2 28 18 1225 2034 2460
4882 2 2 28 18 395 2272 2436
4883 2 2 28 18 684 1817 2726
4884 2 2 28 18 885 1677 2931
4885 2 2 28 18 1000 2436 2272
4886 2 2 28 18 266 2906 1794
4887 2 2 28 18 704 2011 2030
4888 2 2 28 18 204 2440 2228
4889 2 2 28 18 714 2384 1663
4890 2 2 28 18 1000 2862 1562
4891 2 2 28 18 982 2228 2440
4892 2 2 28 18 839 2702 1966
4893 2 2 28 18 950 2952 1549
4894 2 2 28 18 952 1552 2955
4895 2 2 28 18 870 2442 1734
4896 2 2 28 18 155 156 2798
4897 2 2 28 18 47 48 2799
4898 2 2 28 18 119 120 2800
4899 2 2 28 18 83 84 2801
4900 2 2 28 18 1057 2423 2474
4901 2 2 28 18 939 2399 2134
4902 2 2 28 18 238 2134 2399
4903 2 2 28 18 840 2217 2497
4904 2 2 28 18 777 1566 2830
4905 2 2 28 18 776 1567 2829
4906 2 2 28 18 735 1678 2976
4907 2 2 28 18 736 1679 2978
4908 2 2 28 18 737 1680 2977
4909 2 2 28 18 738 1681 2979
4910 2 2 28 18 217 2668 2447
4911 2 2 28 18 578 2628 1725
4912 2 2 28 18 1064 2496 2430
4913 2 2 28 18 1249 2320 2657
4914 2 2 28 18 873 2105 2107
4915 2 2 28 18 835 2809 1733
4916 2 2 28 18 307 2474 2423
4917 2 2 28 18 286 2247 1802
4918 2 2 28 18 180 1614 2512
4919 2 2 28 18 990 2497 2217
4920 2 2 28 18 176 2505 1615
4921 2 2 28 18 770 1859 2622
4922 2 2 28 18 373 3015 2073
4923 2 2 28 18 424 2808 2823
4924 2 2 28 18 910 1858 2687
4925 2 2 28 18 719 2107 2105
4926 2 2 28 18 269 1757 2901
4927 2 2 28 18 983 2934 1896
4928 2 2 28 18 336 2898 1582
4929 2 2 28 18 959 2086 2090
4930 2 2 28 18 806 2091 2054
4931 2 2 28 18 355 2564 1996
4932 2 2 28 18 595 2933 1553
4933 2 2 28 18 775 2099 2026
4934 2 2 28 18 673 2090 2086
4935 2 2 28 18 821 1764 2475
4936 2 2 28 18 587 2687 1858
4937 2 2 28 18 845 2564 1603
4938 2 2 28 18 222 2026 2099
4939 2 2 28 18 765 2054 2091
4940 2 2 28 18 309 2430 2496
4941 2 2 28 18 870 2363 2659
4942 2 2 28 18 714 1802 2247
4943 2 2 28 18 689 1771 2234
4944 2 2 28 18 186 2971 1896
4945 2 2 28 18 794 2637 1871
4946 2 2 28 18 966 2281 2389
4947 2 2 28 18 967 2282 2390
4948 2 2 28 18 382 2195 2063
4949 2 2 28 18 674 2329 1724
4950 2 2 28 18 616 1610 2556
4951 2 2 28 18 617 1611 2557
4952 2 2 28 18 618 1612 2555
4953 2 2 28 18 983 1896 2971
4954 2 2 28 18 768 2061 2098
4955 2 2 28 18 614 2565 1609
4956 2 2 28 18 612 2567 1607
4957 2 2 28 18 613 2566 1608
4958 2 2 28 18 427 2877 2503
4959 2 2 28 18 332 1750 2279
4960 2 2 28 18 840 3014 2350
4961 2 2 28 18 961 1802 2328
4962 2 2 28 18 269 2537 1606
4963 2 2 28 18 1150 3000 2457
4964 2 2 28 18 1151 2458 2999
4965 2 2 28 18 334 2404 2156
4966 2 2 28 18 676 1727 2342
4967 2 2 28 18 484 2253 1966
4968 2 2 28 18 219 2389 2281
4969 2 2 28 18 220 2390 2282
4970 2 2 28 18 839 1966 2253
4971 2 2 28 18 606 1898 2597
4972 2 2 28 18 607 2596 1899
4973 2 2 28 18 589 1882 2378
4974 2 2 28 18 827 2098 2061
4975 2 2 28 18 1119 1676 2721
4976 2 2 28 18 334 2316 1766
4977 2 2 28 18 335 1765 2317
4978 2 2 28 18 909 1837 2749
4979 2 2 28 18 749 2984 1621
4980 2 2 28 18 750 2983 1622
4981 2 2 28 18 751 2985 1623
4982 2 2 28 18 752 2986 1624
4983 2 2 28 18 907 2597 1898
4984 2 2 28 18 908 1899 2596
4985 2 2 28 18 402 1641 2635
4986 2 2 28 18 855 2720 1601
4987 2 2 28 18 854 1602 2719
4988 2 2 28 18 1322 2609 2337
4989 2 2 28 18 600 2413 1767
4990 2 2 28 18 821 1600 2808
4991 2 2 28 18 762 1741 2591
4992 2 2 28 18 557 2944 1943
4993 2 2 28 18 558 2943 1942
4994 2 2 28 18 559 2946 1945
4995 2 2 28 18 560 2945 1944
4996 2 2 28 18 1211 2988 2110
4997 2 2 28 18 377 2818 1651
4998 2 2 28 18 376 2817 1652
4999 2 2 28 18 379 2816 1653
5000 2 2 28 18 378 2815 1654
5001 2 2 28 18 762 1767 2413
5002 2 2 28 18 666 2694 1606
5003 2 2 28 18 754 1625 3004
5004 2 2 28 18 753 1627 3003
5005 2 2 28 18 755 1628 3005
5006 2 2 28 18 756 1626 3006
5007 2 2 28 18 782 2733 2623
5008 2 2 28 18 783 2732 2624
5009 2 2 28 18 784 2734 2625
5010 2 2 28 18 785 2731 2626
5011 2 2 28 18 667 1613 2678
5012 2 2 28 18 983 2877 2934
5013 2 2 28 18 189 2292 1777
5014 2 2 28 18 1324 2349 2632
5015 2 2 28 18 584 2749 1837
5016 2 2 28 18 338 1694 2451
5017 2 2 28 18 337 1695 2450
5018 2 2 28 18 821 2790 1605
5019 2 2 28 18 729 1777 2292
5020 2 2 28 18 893 2479 1846
5021 2 2 28 18 1169 2623 2733
5022 2 2 28 18 1170 2624 2732
5023 2 2 28 18 1171 2625 2734
5024 2 2 28 18 1172 2626 2731
5025 2 2 28 18 270 1613 2604
5026 2 2 28 18 244 2921 2957
5027 2 2 28 18 976 2365 2896
5028 2 2 28 18 690 2424 1716
5029 2 2 28 18 691 2425 1717
5030 2 2 28 18 692 2426 1718
5031 2 2 28 18 693 2427 1719
5032 2 2 28 18 907 1898 2166
5033 2 2 28 18 908 2165 1899
5034 2 2 28 18 476 2240 2241
5035 2 2 28 18 1321 2742 2844
5036 2 2 28 18 485 2166 1898
5037 2 2 28 18 237 1798 2826
5038 2 2 28 18 486 1899 2165
5039 2 2 28 18 884 2953 2132
5040 2 2 28 18 786 2487 2351
5041 2 2 28 18 788 2489 2352
5042 2 2 28 18 787 2488 2353
5043 2 2 28 18 354 3007 1722
5044 2 2 28 18 677 1738 2419
5045 2 2 28 18 675 2421 1736
5046 2 2 28 18 790 2355 2493
5047 2 2 28 18 792 2356 2495
5048 2 2 28 18 791 2357 2494
5049 2 2 28 18 540 1605 2790
5050 2 2 28 18 602 3022 1766
5051 2 2 28 18 888 2791 2796
5052 2 2 28 18 793 2635 1641
5053 2 2 28 18 813 2647 1715
5054 2 2 28 18 809 1721 2644
5055 2 2 28 18 165 2836 2598
5056 2 2 28 18 1214 2826 1798
5057 2 2 28 18 169 2844 2742
5058 2 2 28 18 1135 2972 2839
5059 2 2 28 18 608 1697 2519
5060 2 2 28 18 598 2398 1769
5061 2 2 28 18 599 1770 2397
5062 2 2 28 18 103 1691 2822
5063 2 2 28 18 139 1689 2820
5064 2 2 28 18 31 1688 2819
5065 2 2 28 18 67 1690 2821
5066 2 2 28 18 1011 2351 2487
5067 2 2 28 18 1013 2352 2489
5068 2 2 28 18 1012 2353 2488
5069 2 2 28 18 298 2568 1922
5070 2 2 28 18 857 2847 1619
5071 2 2 28 18 1014 2493 2355
5072 2 2 28 18 1016 2495 2356
5073 2 2 28 18 1015 2494 2357
5074 2 2 28 18 265 1665 2621
5075 2 2 28 18 328 2593 2456
5076 2 2 28 18 557 2766 1618
5077 2 2 28 18 354 1722 2491
5078 2 2 28 18 990 2679 2271
5079 2 2 28 18 820 2383 1761
5080 2 2 28 18 540 2764 1605
5081 2 2 28 18 19 2984 1953
5082 2 2 28 18 55 2983 1952
5083 2 2 28 18 127 2985 1951
5084 2 2 28 18 91 2986 1950
5085 2 2 28 18 746 2288 1816
5086 2 2 28 18 384 2660 2892
5087 2 2 28 18 578 2750 1604
5088 2 2 28 18 733 2283 1872
5089 2 2 28 18 405 1715 2647
5090 2 2 28 18 409 2644 1721
5091 2 2 28 18 806 2054 2524
5092 2 2 28 18 36 1959 3006
5093 2 2 28 18 144 1958 3004
5094 2 2 28 18 72 1957 3005
5095 2 2 28 18 108 1956 3003
5096 2 2 28 18 787 1639 2887
5097 2 2 28 18 791 2888 1643
5098 2 2 28 18 867 1902 2181
5099 2 2 28 18 869 1904 2182
5100 2 2 28 18 866 1903 2183
5101 2 2 28 18 868 1905 2184
5102 2 2 28 18 935 2241 2240
5103 2 2 28 18 324 2220 1881
5104 2 2 28 18 819 2655 1791
5105 2 2 28 18 833 2835 1651
5106 2 2 28 18 831 2834 1652
5107 2 2 28 18 832 2833 1653
5108 2 2 28 18 830 2832 1654
5109 2 2 28 18 1117 2774 2536
5110 2 2 28 18 644 2025 2130
5111 2 2 28 18 587 1650 2687
5112 2 2 28 18 276 2962 1607
5113 2 2 28 18 278 2961 1609
5114 2 2 28 18 277 2963 1608
5115 2 2 28 18 344 2428 1743
5116 2 2 28 18 280 1610 2968
5117 2 2 28 18 282 1612 2967
5118 2 2 28 18 281 1611 2969
5119 2 2 28 18 749 2366 1953
5120 2 2 28 18 830 2815 2673
5121 2 2 28 18 832 2816 2676
5122 2 2 28 18 831 2817 2674
5123 2 2 28 18 833 2818 2675
5124 2 2 28 18 529 1651 2835
5125 2 2 28 18 530 1652 2834
5126 2 2 28 18 531 1653 2833
5127 2 2 28 18 532 1654 2832
5128 2 2 28 18 968 1794 2583
5129 2 2 28 18 756 1959 2371
5130 2 2 28 18 721 2261 1839
5131 2 2 28 18 773 1716 2867
5132 2 2 28 18 774 1717 2866
5133 2 2 28 18 771 1718 2865
5134 2 2 28 18 772 1719 2864
5135 2 2 28 18 300 2548 1920
5136 2 2 28 18 889 2795 1797
5137 2 2 28 18 501 2935 2753
5138 2 2 28 18 780 2868 1713
5139 2 2 28 18 778 2869 1714
5140 2 2 28 18 779 2871 1711
5141 2 2 28 18 781 2870 1712
5142 2 2 28 18 1251 1953 2366
5143 2 2 28 18 831 1652 2817
5144 2 2 28 18 833 1651 2818
5145 2 2 28 18 832 1653 2816
5146 2 2 28 18 830 1654 2815
5147 2 2 28 18 742 1931 2215
5148 2 2 28 18 564 1797 2795
5149 2 2 28 18 1256 2371 1959
5150 2 2 28 18 1255 2541 1737
5151 2 2 28 18 990 2861 2497
5152 2 2 28 18 733 1781 2527
5153 2 2 28 18 408 2887 1639
5154 2 2 28 18 404 1643 2888
5155 2 2 28 18 518 2081 2585
5156 2 2 28 18 215 1667 2791
5157 2 2 28 18 686 2211 1947
5158 2 2 28 18 685 2213 1946
5159 2 2 28 18 687 2212 1948
5160 2 2 28 18 688 2210 1949
5161 2 2 28 18 1345 1835 2739
5162 2 2 28 18 835 1733 2506
5163 2 2 28 18 1167 2935 1777
5164 2 2 28 18 1358 2914 1857
5165 2 2 28 18 1196 2002 2415
5166 2 2 28 18 1197 2003 2416
5167 2 2 28 18 1198 2004 2417
5168 2 2 28 18 1199 2005 2418
5169 2 2 28 18 572 1645 2912
5170 2 2 28 18 1100 2585 2081
5171 2 2 28 18 926 2879 2137
5172 2 2 28 18 487 1710 2776
5173 2 2 28 18 496 2128 2924
5174 2 2 28 18 495 2127 2925
5175 2 2 28 18 1507 2911 2007
5176 2 2 28 18 1031 2848 3016
5177 2 2 28 18 1267 2413 2018
5178 2 2 28 18 1051 2444 2435
5179 2 2 28 18 263 1912 2872
5180 2 2 28 18 374 1735 2550
5181 2 2 28 18 380 2552 1739
5182 2 2 28 18 194 1699 2717
5183 2 2 28 18 768 2467 2061
5184 2 2 28 18 1513 2015 2915
5185 2 2 28 18 368 1872 2283
5186 2 2 28 18 584 1676 2749
5187 2 2 28 18 1057 2474 2461
5188 2 2 28 18 703 1725 2628
5189 2 2 28 18 440 1758 2964
5190 2 2 28 18 600 2018 2413
5191 2 2 28 18 741 2724 1768
5192 2 2 28 18 219 2281 1965
5193 2 2 28 18 567 1659 2958
5194 2 2 28 18 964 1705 2660
5195 2 2 28 18 740 2435 2444
5196 2 2 28 18 1248 1814 2699
5197 2 2 28 18 802 2717 1699
5198 2 2 28 18 298 2215 2232
5199 2 2 28 18 744 2461 2474
5200 2 2 28 18 814 1965 2281
5201 2 2 28 18 1064 2470 2496
5202 2 2 28 18 200 1746 2651
5203 2 2 28 18 198 1747 2652
5204 2 2 28 18 1233 2673 2815
5205 2 2 28 18 1234 2676 2816
5206 2 2 28 18 1231 2674 2817
5207 2 2 28 18 1232 2675 2818
5208 2 2 28 18 566 2965 1664
5209 2 2 28 18 541 2384 1838
5210 2 2 28 18 254 2536 2774
5211 2 2 28 18 381 2238 2591
5212 2 2 28 18 1069 2924 2128
5213 2 2 28 18 1070 2925 2127
5214 2 2 28 18 818 2652 1747
5215 2 2 28 18 817 2651 1746
5216 2 2 28 18 848 2195 2153
5217 2 2 28 18 594 2021 2544
5218 2 2 28 18 596 2022 2543
5219 2 2 28 18 600 1767 2541
5220 2 2 28 18 748 2496 2470
5221 2 2 28 18 414 1860 2449
5222 2 2 28 18 487 2760 1710
5223 2 2 28 18 853 2698 1715
5224 2 2 28 18 734 2460 1955
5225 2 2 28 18 840 2497 3014
5226 2 2 28 18 729 2449 1860
5227 2 2 28 18 596 2543 1747
5228 2 2 28 18 594 2544 1746
5229 2 2 28 18 1562 2862 1937
5230 2 2 28 18 762 2923 1741
5231 2 2 28 18 1353 2591 2238
5232 2 2 28 18 815 2666 2648
5233 2 2 28 18 813 2665 2647
5234 2 2 28 18 812 2643 2664
5235 2 2 28 18 811 2645 2662
5236 2 2 28 18 809 2644 2661
5237 2 2 28 18 770 1710 2722
5238 2 2 28 18 986 2544 2021
5239 2 2 28 18 987 2543 2022
5240 2 2 28 18 823 2740 2050
5241 2 2 28 18 834 2745 1897
5242 2 2 28 18 720 2505 2168
5243 2 2 28 18 770 2776 1710
5244 2 2 28 18 637 2294 2016
5245 2 2 28 18 286 2084 2247
5246 2 2 28 18 822 2052 2742
5247 2 2 28 18 638 2017 2293
5248 2 2 28 18 802 1710 2760
5249 2 2 28 18 321 2527 1781
5250 2 2 28 18 339 2551 2513
5251 2 2 28 18 812 1780 2643
5252 2 2 28 18 722 2167 2512
5253 2 2 28 18 1055 1696 2906
5254 2 2 28 18 340 1998 2254
5255 2 2 28 18 452 2782 2936
5256 2 2 28 18 453 2937 2781
5257 2 2 28 18 445 2409 2438
5258 2 2 28 18 1181 2648 2666
5259 2 2 28 18 1180 2647 2665
5260 2 2 28 18 1179 2664 2643
5261 2 2 28 18 1177 2662 2645
5262 2 2 28 18 1176 2661 2644
5263 2 2 28 18 1191 2895 1834
5264 2 2 28 18 979 2438 2409
5265 2 2 28 18 1053 2513 2551
5266 2 2 28 18 182 1773 2735
5267 2 2 28 18 184 1774 2736
5268 2 2 28 18 183 1775 2737
5269 2 2 28 18 185 1776 2738
5270 2 2 28 18 182 2733 1751
5271 2 2 28 18 183 2732 1752
5272 2 2 28 18 184 2734 1753
5273 2 2 28 18 185 2731 1754
5274 2 2 28 18 806 2524 2272
5275 2 2 28 18 416 1848 2414
5276 2 2 28 18 356 2382 2288
5277 2 2 28 18 1135 2839 1995
5278 2 2 28 18 1328 2936 2782
5279 2 2 28 18 1327 2781 2937
5280 2 2 28 18 970 2378 1882
5281 2 2 28 18 717 1873 2255
5282 2 2 28 18 715 1874 2256
5283 2 2 28 18 718 1875 2257
5284 2 2 28 18 716 1876 2258
5285 2 2 28 18 432 2746 2147
5286 2 2 28 18 431 2748 2149
5287 2 2 28 18 429 2747 2148
5288 2 2 28 18 435 2150 2754
5289 2 2 28 18 436 2151 2755
5290 2 2 28 18 433 2152 2756
5291 2 2 28 18 823 2050 2897
5292 2 2 28 18 597 2825 1699
5293 2 2 28 18 822 2899 2052
5294 2 2 28 18 586 2981 2173
5295 2 2 28 18 330 2525 2592
5296 2 2 28 18 393 2481 1832
5297 2 2 28 18 974 2296 2885
5298 2 2 28 18 973 2297 2884
5299 2 2 28 18 972 2298 2883
5300 2 2 28 18 971 2299 2882
5301 2 2 28 18 394 1833 2482
5302 2 2 28 18 782 1751 2733
5303 2 2 28 18 783 1752 2732
5304 2 2 28 18 784 1753 2734
5305 2 2 28 18 785 1754 2731
5306 2 2 28 18 992 2070 2947
5307 2 2 28 18 406 2643 1780
5308 2 2 28 18 285 2599 2033
5309 2 2 28 18 804 1832 2481
5310 2 2 28 18 661 2947 2070
5311 2 2 28 18 949 2750 1840
5312 2 2 28 18 805 2482 1833
5313 2 2 28 18 416 2805 1827
5314 2 2 28 18 978 2033 2599
5315 2 2 28 18 1093 2885 2296
5316 2 2 28 18 1092 2884 2297
5317 2 2 28 18 1091 2883 2298
5318 2 2 28 18 1090 2882 2299
5319 2 2 28 18 891 1827 2805
5320 2 2 28 18 211 2210 2673
5321 2 2 28 18 210 2211 2674
5322 2 2 28 18 213 2212 2676
5323 2 2 28 18 212 2213 2675
5324 2 2 28 18 242 2154 2300
5325 2 2 28 18 26 1887 2997
5326 2 2 28 18 62 1888 2995
5327 2 2 28 18 134 1889 2994
5328 2 2 28 18 98 1890 2996
5329 2 2 28 18 597 2028 2825
5330 2 2 28 18 1211 2635 2788
5331 2 2 28 18 759 1813 2521
5332 2 2 28 18 243 2301 2155
5333 2 2 28 18 962 2300 2154
5334 2 2 28 18 838 2153 2195
5335 2 2 28 18 793 2788 2635
5336 2 2 28 18 602 1989 3022
5337 2 2 28 18 1055 2173 2981
5338 2 2 28 18 181 2788 1771
5339 2 2 28 18 1006 2335 2649
5340 2 2 28 18 222 2649 2335
5341 2 2 28 18 735 2976 1938
5342 2 2 28 18 736 2978 1939
5343 2 2 28 18 737 2977 1940
5344 2 2 28 18 738 2979 1941
5345 2 2 28 18 958 2825 2028
5346 2 2 28 18 578 1840 2750
5347 2 2 28 18 963 2155 2301
5348 2 2 28 18 841 2735 1773
5349 2 2 28 18 842 2736 1774
5350 2 2 28 18 844 2738 1776
5351 2 2 28 18 843 2737 1775
5352 2 2 28 18 333 1837 2939
5353 2 2 28 18 733 1872 2429
5354 2 2 28 18 297 2434 1921
5355 2 2 28 18 299 2433 1919
5356 2 2 28 18 949 1992 2396
5357 2 2 28 18 1498 2858 2230
5358 2 2 28 18 1497 2229 2857
5359 2 2 28 18 821 2808 1764
5360 2 2 28 18 868 2573 1807
5361 2 2 28 18 866 2571 1806
5362 2 2 28 18 867 2570 1808
5363 2 2 28 18 869 2572 1809
5364 2 2 28 18 270 1768 2724
5365 2 2 28 18 1127 1961 2369
5366 2 2 28 18 1126 2370 1962
5367 2 2 28 18 298 2232 2568
5368 2 2 28 18 851 1780 2668
5369 2 2 28 18 985 2247 2084
5370 2 2 28 18 1246 2640 1855
5371 2 2 28 18 1247 1856 2639
5372 2 2 28 18 440 2964 1845
5373 2 2 28 18 956 2568 2232
5374 2 2 28 18 1193 2735 2713
5375 2 2 28 18 1192 2736 2714
5376 2 2 28 18 1195 2737 2715
5377 2 2 28 18 1194 2738 2716
5378 2 2 28 18 897 1971 2669
5379 2 2 28 18 898 1970 2671
5380 2 2 28 18 895 1969 2670
5381 2 2 28 18 896 1968 2672
5382 2 2 28 18 941 2710 2097
5383 2 2 28 18 847 2273 2381
5384 2 2 28 18 220 2720 1825
5385 2 2 28 18 761 2284 2240
5386 2 2 28 18 660 2097 2710
5387 2 2 28 18 700 2412 1934
5388 2 2 28 18 344 1743 2838
5389 2 2 28 18 760 1931 2974
5390 2 2 28 18 394 1855 2640
5391 2 2 28 18 393 2639 1856
5392 2 2 28 18 793 1771 2788
5393 2 2 28 18 884 2908 2953
5394 2 2 28 18 854 2719 2741
5395 2 2 28 18 391 2669 1971
5396 2 2 28 18 392 2671 1970
5397 2 2 28 18 390 2672 1968
5398 2 2 28 18 389 2670 1969
5399 2 2 28 18 299 2485 2433
5400 2 2 28 18 297 2484 2434
5401 2 2 28 18 841 2713 2735
5402 2 2 28 18 842 2714 2736
5403 2 2 28 18 843 2715 2737
5404 2 2 28 18 844 2716 2738
5405 2 2 28 18 768 2252 2467
5406 2 2 28 18 424 1764 2808
5407 2 2 28 18 520 1741 2923
5408 2 2 28 18 212 2675 2204
5409 2 2 28 18 210 2674 2203
5410 2 2 28 18 213 2676 2206
5411 2 2 28 18 211 2673 2205
5412 2 2 28 18 935 2240 2284
5413 2 2 28 18 233 1783 2761
5414 2 2 28 18 820 1761 2824
5415 2 2 28 18 365 2794 2658
5416 2 2 28 18 950 2007 2952
5417 2 2 28 18 885 2931 2909
5418 2 2 28 18 987 2433 2485
5419 2 2 28 18 986 2434 2484
5420 2 2 28 18 855 1825 2720
5421 2 2 28 18 1373 2405 1977
5422 2 2 28 18 1374 2406 1976
5423 2 2 28 18 1375 2407 1975
5424 2 2 28 18 1376 2408 1974
5425 2 2 28 18 644 2483 1881
5426 2 2 28 18 1378 1985 2395
5427 2 2 28 18 1379 1984 2394
5428 2 2 28 18 1380 1987 2393
5429 2 2 28 18 1381 1986 2392
5430 2 2 28 18 244 2054 2921
5431 2 2 28 18 610 2396 1992
5432 2 2 28 18 772 1974 2408
5433 2 2 28 18 771 1975 2407
5434 2 2 28 18 774 1976 2406
5435 2 2 28 18 773 1977 2405
5436 2 2 28 18 952 2955 2015
5437 2 2 28 18 849 1782 2831
5438 2 2 28 18 218 2239 2896
5439 2 2 28 18 905 2880 1881
5440 2 2 28 18 741 2515 1891
5441 2 2 28 18 740 2516 1892
5442 2 2 28 18 430 2952 2007
5443 2 2 28 18 355 2827 1772
5444 2 2 28 18 298 1922 2954
5445 2 2 28 18 580 2741 1786
5446 2 2 28 18 700 2901 1757
5447 2 2 28 18 1028 2959 2419
5448 2 2 28 18 644 1881 2880
5449 2 2 28 18 789 2913 1839
5450 2 2 28 18 366 1805 2703
5451 2 2 28 18 779 2395 1985
5452 2 2 28 18 781 2394 1984
5453 2 2 28 18 778 2393 1987
5454 2 2 28 18 780 2392 1986
5455 2 2 28 18 1117 1836 2774
5456 2 2 28 18 244 2957 1937
5457 2 2 28 18 1231 2203 2674
5458 2 2 28 18 1232 2204 2675
5459 2 2 28 18 1234 2206 2676
5460 2 2 28 18 1233 2205 2673
5461 2 2 28 18 434 2015 2955
5462 2 2 28 18 689 2047 2362
5463 2 2 28 18 905 2680 2880
5464 2 2 28 18 699 1913 2464
5465 2 2 28 18 698 2468 1914
5466 2 2 28 18 941 1937 2957
5467 2 2 28 18 810 2540 1964
5468 2 2 28 18 828 1832 2593
5469 2 2 28 18 855 1800 2858
5470 2 2 28 18 854 2857 1801
5471 2 2 28 18 829 2592 1833
5472 2 2 28 18 1026 2421 2956
5473 2 2 28 18 221 2789 2159
5474 2 2 28 18 1166 2957 2921
5475 2 2 28 18 823 2897 2263
5476 2 2 28 18 822 2262 2899
5477 2 2 28 18 799 2415 2002
5478 2 2 28 18 798 2416 2003
5479 2 2 28 18 801 2417 2004
5480 2 2 28 18 800 2418 2005
5481 2 2 28 18 185 2738 2768
5482 2 2 28 18 183 2737 2769
5483 2 2 28 18 184 2736 2770
5484 2 2 28 18 182 2735 2771
5485 2 2 28 18 271 2207 2904
5486 2 2 28 18 367 2726 1817
5487 2 2 28 18 1018 2904 2207
5488 2 2 28 18 595 2031 2933
5489 2 2 28 18 1260 2881 1779
5490 2 2 28 18 828 2802 1832
5491 2 2 28 18 829 1833 2803
5492 2 2 28 18 619 2858 1800
5493 2 2 28 18 620 1801 2857
5494 2 2 28 18 368 2583 1878
5495 2 2 28 18 214 1854 2631
5496 2 2 28 18 116 2508 2002
5497 2 2 28 18 80 2509 2003
5498 2 2 28 18 152 2510 2004
5499 2 2 28 18 44 2511 2005
5500 2 2 28 18 561 2116 2475
5501 2 2 28 18 956 2933 2031
5502 2 2 28 18 444 1849 2620
5503 2 2 28 18 928 2761 2174
5504 2 2 28 18 323 2806 1978
5505 2 2 28 18 1194 2716 2579
5506 2 2 28 18 1195 2715 2577
5507 2 2 28 18 1192 2714 2578
5508 2 2 28 18 1193 2713 2576
5509 2 2 28 18 1194 2768 2738
5510 2 2 28 18 1195 2769 2737
5511 2 2 28 18 1192 2770 2736
5512 2 2 28 18 1193 2771 2735
5513 2 2 28 18 1433 2809 2539
5514 2 2 28 18 965 2839 2972
5515 2 2 28 18 411 2577 2715
5516 2 2 28 18 412 2578 2714
5517 2 2 28 18 413 2579 2716
5518 2 2 28 18 410 2576 2713
5519 2 2 28 18 414 2449 2942
5520 2 2 28 18 1287 2475 2116
5521 2 2 28 18 285 1894 2599
5522 2 2 28 18 878 2201 2335
5523 2 2 28 18 222 2335 2201
5524 2 2 28 18 1031 3016 2283
5525 2 2 28 18 626 1971 2559
5526 2 2 28 18 624 1970 2558
5527 2 2 28 18 627 1969 2561
5528 2 2 28 18 625 1968 2560
5529 2 2 28 18 706 1766 3022
5530 2 2 28 18 991 2807 2431
5531 2 2 28 18 734 1955 2842
5532 2 2 28 18 682 2014 2465
5533 2 2 28 18 1107 2567 2037
5534 2 2 28 18 1108 2566 2039
5535 2 2 28 18 1109 2565 2040
5536 2 2 28 18 330 1879 2718
5537 2 2 28 18 856 2718 1879
5538 2 2 28 18 426 2497 2861
5539 2 2 28 18 185 2768 2731
5540 2 2 28 18 183 2769 2732
5541 2 2 28 18 184 2770 2734
5542 2 2 28 18 182 2771 2733
5543 2 2 28 18 1113 2042 2556
5544 2 2 28 18 1114 2043 2557
5545 2 2 28 18 1112 2044 2555
5546 2 2 28 18 264 1793 2931
5547 2 2 28 18 1136 2774 1836
5548 2 2 28 18 215 1964 2540
5549 2 2 28 18 396 2061 2467
5550 2 2 28 18 949 2396 2549
5551 2 2 28 18 263 2953 1792
5552 2 2 28 18 771 2865 1975
5553 2 2 28 18 772 2864 1974
5554 2 2 28 18 773 2867 1977
5555 2 2 28 18 774 2866 1976
5556 2 2 28 18 880 1850 2681
5557 2 2 28 18 881 1852 2682
5558 2 2 28 18 882 1851 2683
5559 2 2 28 18 883 1853 2684
5560 2 2 28 18 799 2002 2508
5561 2 2 28 18 798 2003 2509
5562 2 2 28 18 801 2004 2510
5563 2 2 28 18 800 2005 2511
5564 2 2 28 18 752 1950 2986
5565 2 2 28 18 751 1951 2985
5566 2 2 28 18 749 1953 2984
5567 2 2 28 18 750 1952 2983
5568 2 2 28 18 1052 2290 2291
5569 2 2 28 18 612 2037 2567
5570 2 2 28 18 613 2039 2566
5571 2 2 28 18 614 2040 2565
5572 2 2 28 18 354 2091 3007
5573 2 2 28 18 393 1832 2802
5574 2 2 28 18 394 2803 1833
5575 2 2 28 18 901 1827 2836
5576 2 2 28 18 503 2600 2441
5577 2 2 28 18 655 1903 2706
5578 2 2 28 18 654 1902 2708
5579 2 2 28 18 657 1904 2707
5580 2 2 28 18 656 1905 2705
5581 2 2 28 18 504 2448 2601
5582 2 2 28 18 780 1986 2868
5583 2 2 28 18 778 1987 2869
5584 2 2 28 18 779 1985 2871
5585 2 2 28 18 781 1984 2870
5586 2 2 28 18 753 3003 1956
5587 2 2 28 18 755 3005 1957
5588 2 2 28 18 754 3004 1958
5589 2 2 28 18 756 3006 1959
5590 2 2 28 18 616 2556 2042
5591 2 2 28 18 617 2557 2043
5592 2 2 28 18 618 2555 2044
5593 2 2 28 18 544 2460 2034
5594 2 2 28 18 208 2586 2184
5595 2 2 28 18 206 2587 2183
5596 2 2 28 18 209 2588 2182
5597 2 2 28 18 207 2589 2181
5598 2 2 28 18 987 2075 2433
5599 2 2 28 18 986 2074 2434
5600 2 2 28 18 218 2698 1901
5601 2 2 28 18 727 2291 2290
5602 2 2 28 18 356 2051 2442
5603 2 2 28 18 897 2559 1971
5604 2 2 28 18 898 2558 1970
5605 2 2 28 18 896 2560 1968
5606 2 2 28 18 895 2561 1969
5607 2 2 28 18 992 2947 2905
5608 2 2 28 18 702 2020 2504
5609 2 2 28 18 956 1983 2568
5610 2 2 28 18 810 1964 2582
5611 2 2 28 18 814 2581 1965
5612 2 2 28 18 958 2006 2548
5613 2 2 28 18 1172 2731 2768
5614 2 2 28 18 1171 2734 2770
5615 2 2 28 18 1170 2732 2769
5616 2 2 28 18 1169 2733 2771
5617 2 2 28 18 262 2842 1955
5618 2 2 28 18 1002 2441 2600
5619 2 2 28 18 264 2787 1911
5620 2 2 28 18 887 2585 2772
5621 2 2 28 18 425 2653 2158
5622 2 2 28 18 1004 2601 2448
5623 2 2 28 18 929 2158 2653
5624 2 2 28 18 928 2411 2840
5625 2 2 28 18 1270 2765 2456
5626 2 2 28 18 853 1901 2698
5627 2 2 28 18 181 2907 2788
5628 2 2 28 18 1100 2772 2585
5629 2 2 28 18 161 2466 2080
5630 2 2 28 18 1243 2597 2982
5631 2 2 28 18 1244 2993 2596
5632 2 2 28 18 896 2672 2853
5633 2 2 28 18 895 2670 2852
5634 2 2 28 18 898 2671 2855
5635 2 2 28 18 897 2669 2854
5636 2 2 28 18 370 2345 2571
5637 2 2 28 18 369 2346 2570
5638 2 2 28 18 372 2347 2573
5639 2 2 28 18 371 2348 2572
5640 2 2 28 18 930 2156 2404
5641 2 2 28 18 848 2049 2617
5642 2 2 28 18 927 2549 2396
5643 2 2 28 18 943 2080 2466
5644 2 2 28 18 1006 2653 2462
5645 2 2 28 18 750 2747 1952
5646 2 2 28 18 751 2748 1951
5647 2 2 28 18 752 2746 1950
5648 2 2 28 18 425 2462 2653
5649 2 2 28 18 1357 2558 2945
5650 2 2 28 18 1356 2559 2946
5651 2 2 28 18 1354 2561 2944
5652 2 2 28 18 1355 2560 2943
5653 2 2 28 18 1071 2942 2449
5654 2 2 28 18 269 2901 2537
5655 2 2 28 18 414 2595 2060
5656 2 2 28 18 661 1814 2947
5657 2 2 28 18 848 2617 2063
5658 2 2 28 18 1072 2627 2700
5659 2 2 28 18 753 1956 2754
5660 2 2 28 18 754 1958 2756
5661 2 2 28 18 755 1957 2755
5662 2 2 28 18 901 2849 1960
5663 2 2 28 18 424 1960 2849
5664 2 2 28 18 244 1937 2862
5665 2 2 28 18 1189 2852 2670
5666 2 2 28 18 1190 2853 2672
5667 2 2 28 18 1188 2855 2671
5668 2 2 28 18 1187 2854 2669
5669 2 2 28 18 244 2524 2054
5670 2 2 28 18 1002 2797 2268
5671 2 2 28 18 437 2700 2627
5672 2 2 28 18 847 2844 2273
5673 2 2 28 18 729 2292 2449
5674 2 2 28 18 177 1839 2913
5675 2 2 28 18 161 2080 2479
5676 2 2 28 18 340 2619 1998
5677 2 2 28 18 909 2939 1837
5678 2 2 28 18 1144 2148 2962
5679 2 2 28 18 1145 2149 2963
5680 2 2 28 18 1143 2147 2961
5681 2 2 28 18 1211 2788 2907
5682 2 2 28 18 1148 2968 2152
5683 2 2 28 18 1149 2969 2151
5684 2 2 28 18 1147 2967 2150
5685 2 2 28 18 215 2791 1964
5686 2 2 28 18 928 2840 2761
5687 2 2 28 18 518 2686 2081
5688 2 2 28 18 1004 2274 2804
5689 2 2 28 18 1321 2725 2742
5690 2 2 28 18 938 2859 2088
5691 2 2 28 18 937 2089 2860
5692 2 2 28 18 990 2271 2861
5693 2 2 28 18 896 2853 1942
5694 2 2 28 18 895 2852 1943
5695 2 2 28 18 897 2854 1945
5696 2 2 28 18 898 2855 1944
5697 2 2 28 18 889 2008 2873
5698 2 2 28 18 353 2088 2859
5699 2 2 28 18 352 2860 2089
5700 2 2 28 18 258 1943 2852
5701 2 2 28 18 259 1942 2853
5702 2 2 28 18 260 1945 2854
5703 2 2 28 18 261 1944 2855
5704 2 2 28 18 888 2875 2009
5705 2 2 28 18 822 2742 2725
5706 2 2 28 18 1319 2740 2723
5707 2 2 28 18 1071 2081 2686
5708 2 2 28 18 823 2723 2740
5709 2 2 28 18 989 1883 2876
5710 2 2 28 18 903 2654 2131
5711 2 2 28 18 757 1845 2964
5712 2 2 28 18 516 2381 2273
5713 2 2 28 18 1008 2534 2447
5714 2 2 28 18 1010 2535 2446
5715 2 2 28 18 1009 2532 2445
5716 2 2 28 18 300 2432 2548
5717 2 2 28 18 721 2486 2120
5718 2 2 28 18 958 2548 2432
5719 2 2 28 18 1254 1950 2746
5720 2 2 28 18 1253 1951 2748
5721 2 2 28 18 1252 1952 2747
5722 2 2 28 18 960 1857 2914
5723 2 2 28 18 217 2447 2534
5724 2 2 28 18 216 2446 2535
5725 2 2 28 18 214 2445 2532
5726 2 2 28 18 1165 2922 2071
5727 2 2 28 18 268 2131 2654
5728 2 2 28 18 1259 2754 1956
5729 2 2 28 18 1258 2755 1957
5730 2 2 28 18 1257 2756 1958
5731 2 2 28 18 888 1964 2791
5732 2 2 28 18 896 1942 2943
5733 2 2 28 18 895 1943 2944
5734 2 2 28 18 897 1945 2946
5735 2 2 28 18 898 1944 2945
5736 2 2 28 18 851 2851 2000
5737 2 2 28 18 975 2271 2840
5738 2 2 28 18 354 2491 2135
5739 2 2 28 18 900 2827 2856
5740 2 2 28 18 804 2481 2134
5741 2 2 28 18 805 2133 2482
5742 2 2 28 18 233 2840 2271
5743 2 2 28 18 874 1877 2932
5744 2 2 28 18 999 2068 2595
5745 2 2 28 18 172 2617 2049
5746 2 2 28 18 760 2974 2330
5747 2 2 28 18 1331 2364 2851
5748 2 2 28 18 776 2729 1980
5749 2 2 28 18 777 2730 1981
5750 2 2 28 18 980 2471 2975
5751 2 2 28 18 397 2976 2623
5752 2 2 28 18 399 2977 2625
5753 2 2 28 18 398 2978 2624
5754 2 2 28 18 400 2979 2626
5755 2 2 28 18 1241 2917 2936
5756 2 2 28 18 1242 2937 2916
5757 2 2 28 18 680 2851 2364
5758 2 2 28 18 960 2914 2171
5759 2 2 28 18 1118 2960 2466
5760 2 2 28 18 795 1978 2806
5761 2 2 28 18 1111 2975 2471
5762 2 2 28 18 675 1994 2797
5763 2 2 28 18 797 1990 2743
5764 2 2 28 18 796 1991 2744
5765 2 2 28 18 1054 1896 2934
5766 2 2 28 18 1098 2263 2897
5767 2 2 28 18 1099 2899 2262
5768 2 2 28 18 265 2171 2914
5769 2 2 28 18 491 2189 3013
5770 2 2 28 18 677 2804 2013
5771 2 2 28 18 980 2467 2252
5772 2 2 28 18 352 2890 2860
5773 2 2 28 18 1071 2449 2292
5774 2 2 28 18 759 2503 2214
5775 2 2 28 18 1242 2860 2890
5776 2 2 28 18 208 2177 2586
5777 2 2 28 18 206 2176 2587
5778 2 2 28 18 209 2179 2588
5779 2 2 28 18 207 2178 2589
5780 2 2 28 18 471 2974 1931
5781 2 2 28 18 188 2246 2767
5782 2 2 28 18 968 3016 2848
5783 2 2 28 18 1221 2190 2965
5784 2 2 28 18 867 2181 2589
5785 2 2 28 18 869 2182 2588
5786 2 2 28 18 866 2183 2587
5787 2 2 28 18 868 2184 2586
5788 2 2 28 18 1110 2172 2751
5789 2 2 28 18 772 2954 1922
5790 2 2 28 18 944 2767 2246
5791 2 2 28 18 507 1995 2839
5792 2 2 28 18 934 2997 1887
5793 2 2 28 18 932 2995 1888
5794 2 2 28 18 933 2994 1889
5795 2 2 28 18 931 2996 1890
5796 2 2 28 18 397 1938 2976
5797 2 2 28 18 398 1939 2978
5798 2 2 28 18 399 1940 2977
5799 2 2 28 18 400 1941 2979
5800 2 2 28 18 1292 2330 2974
5801 2 2 28 18 1220 2958 2188
5802 2 2 28 18 1001 3013 2189
5803 2 2 28 18 1007 2533 2540
5804 2 2 28 18 452 2936 2917
5805 2 2 28 18 453 2916 2937
5806 2 2 28 18 636 2856 1996
5807 2 2 28 18 1313 2586 2177
5808 2 2 28 18 1312 2587 2176
5809 2 2 28 18 1315 2588 2179
5810 2 2 28 18 1314 2589 2178
5811 2 2 28 18 437 2922 2700
5812 2 2 28 18 1420 2373 2517
5813 2 2 28 18 830 2673 2210
5814 2 2 28 18 831 2674 2211
5815 2 2 28 18 832 2676 2212
5816 2 2 28 18 833 2675 2213
5817 2 2 28 18 215 2540 2533
5818 2 2 28 18 680 2000 2851
5819 2 2 28 18 750 2148 2747
5820 2 2 28 18 752 2147 2746
5821 2 2 28 18 751 2149 2748
5822 2 2 28 18 794 2594 2189
5823 2 2 28 18 1165 2700 2922
5824 2 2 28 18 246 2956 1963
5825 2 2 28 18 493 2902 1979
5826 2 2 28 18 1402 2752 2287
5827 2 2 28 18 248 1967 2959
5828 2 2 28 18 1429 2538 2379
5829 2 2 28 18 1000 2272 2524
5830 2 2 28 18 1285 3021 2062
5831 2 2 28 18 753 2754 2150
5832 2 2 28 18 754 2756 2152
5833 2 2 28 18 755 2755 2151
5834 2 2 28 18 159 1974 2864
5835 2 2 28 18 51 1975 2865
5836 2 2 28 18 123 1976 2866
5837 2 2 28 18 87 1977 2867
5838 2 2 28 18 834 2104 2745
5839 2 2 28 18 197 2492 2469
5840 2 2 28 18 421 2841 2285
5841 2 2 28 18 40 2868 1986
5842 2 2 28 18 148 2869 1987
5843 2 2 28 18 76 2870 1984
5844 2 2 28 18 112 2871 1985
5845 2 2 28 18 1166 2710 2957
5846 2 2 28 18 941 2957 2710
5847 2 2 28 18 642 2009 2875
5848 2 2 28 18 641 2873 2008
5849 2 2 28 18 423 2845 2269
5850 2 2 28 18 701 2220 2881
5851 2 2 28 18 427 2934 2877
5852 2 2 28 18 688 1938 3020
5853 2 2 28 18 687 1939 3019
5854 2 2 28 18 686 1940 3018
5855 2 2 28 18 685 1941 3017
5856 2 2 28 18 941 2097 2838
5857 2 2 28 18 644 2880 2025
5858 2 2 28 18 344 2838 2097
5859 2 2 28 18 1363 2498 2522
5860 2 2 28 18 834 2087 2775
5861 2 2 28 18 743 2517 2373
5862 2 2 28 18 1442 2776 2622
5863 2 2 28 18 1034 2007 2911
5864 2 2 28 18 988 2053 2845
5865 2 2 28 18 886 2786 2103
5866 2 2 28 18 1366 2528 2514
5867 2 2 28 18 820 2824 2141
5868 2 2 28 18 1039 2915 2015
5869 2 2 28 18 743 2522 2498
5870 2 2 28 18 1167 2763 2753
5871 2 2 28 18 747 2379 2538
5872 2 2 28 18 802 2760 2717
5873 2 2 28 18 747 2514 2528
5874 2 2 28 18 796 2785 2127
5875 2 2 28 18 797 2784 2128
5876 2 2 28 18 877 2753 2763
5877 2 2 28 18 500 2897 2050
5878 2 2 28 18 975 2411 2656
5879 2 2 28 18 428 2656 2411
5880 2 2 28 18 499 2052 2899
5881 2 2 28 18 1273 2525 2718
5882 2 2 28 18 1370 2469 2492
5883 2 2 28 18 927 2420 2549
5884 2 2 28 18 1462 2717 2760
5885 2 2 28 18 770 2622 2776
5886 2 2 28 18 464 2982 2029
5887 2 2 28 18 465 2032 2993
5888 2 2 28 18 347 2549 2420
5889 2 2 28 18 907 2029 2982
5890 2 2 28 18 908 2993 2032
5891 2 2 28 18 507 2839 2367
5892 2 2 28 18 739 2337 2609
5893 2 2 28 18 765 2921 2054
5894 2 2 28 18 965 2367 2839
5895 2 2 28 18 890 2779 2619
5896 2 2 28 18 991 2109 2841
5897 2 2 28 18 1046 2526 2941
5898 2 2 28 18 1053 2531 2513
5899 2 2 28 18 345 3009 2472
5900 2 2 28 18 678 2110 2988
5901 2 2 28 18 964 2941 2526
5902 2 2 28 18 1073 2562 2553
5903 2 2 28 18 1074 2563 2554
5904 2 2 28 18 745 2632 2349
5905 2 2 28 18 893 2158 2794
5906 2 2 28 18 861 2553 2562
5907 2 2 28 18 862 2554 2563
5908 2 2 28 18 233 2271 2679
5909 2 2 28 18 678 2988 2136
5910 2 2 28 18 345 2762 2217
5911 2 2 28 18 892 2634 2614
5912 2 2 28 18 766 2657 2320
5913 2 2 28 18 1043 2614 2634
5914 2 2 28 18 863 2513 2531
5915 2 2 28 18 165 2598 2938
5916 2 2 28 18 581 2062 3021
5917 2 2 28 18 1130 2912 2278
5918 2 2 28 18 1022 2350 3014
5919 2 2 28 18 1072 2938 2598
5920 2 2 28 18 806 3007 2091
5921 2 2 28 18 560 2894 2245
5922 2 2 28 18 558 2893 2244
5923 2 2 28 18 876 2287 2752
5924 2 2 28 18 734 2842 2685
5925 2 2 28 18 263 2132 2953
5926 2 2 28 18 1000 2524 2862
5927 2 2 28 18 244 2862 2524
5928 2 2 28 18 975 2861 2271
5929 2 2 28 18 670 2202 2966
5930 2 2 28 18 463 2910 2233
5931 2 2 28 18 891 2627 2598
5932 2 2 28 18 427 2633 2934
5933 2 2 28 18 1072 2598 2627
5934 2 2 28 18 620 2857 2229
5935 2 2 28 18 1054 2934 2633
5936 2 2 28 18 619 2230 2858
5937 2 2 28 18 1044 2767 2828
5938 2 2 28 18 906 2136 2988
5939 2 2 28 18 944 2828 2767
5940 2 2 28 18 1017 2244 2893
5941 2 2 28 18 1018 2245 2894
5942 2 2 28 18 228 2385 2905
5943 2 2 28 18 803 2896 2239
5944 2 2 28 18 1260 2905 2385
5945 2 2 28 18 475 3002 2168
5946 2 2 28 18 508 2780 2526
5947 2 2 28 18 474 2167 3011
5948 2 2 28 18 999 2942 2686
5949 2 2 28 18 924 2233 2910
5950 2 2 28 18 964 2526 2780
5951 2 2 28 18 1071 2686 2942
5952 2 2 28 18 957 2701 2656
5953 2 2 28 18 977 2966 2202
5954 2 2 28 18 1006 2649 2653
5955 2 2 28 18 975 2656 2701
5956 2 2 28 18 929 2653 2649
5957 2 2 28 18 1437 2651 2615
5958 2 2 28 18 1436 2652 2616
5959 2 2 28 18 983 2697 2877
5960 2 2 28 18 330 2718 2525
5961 2 2 28 18 1032 2877 2697
5962 2 2 28 18 328 2456 2765
5963 2 2 28 18 817 2615 2651
5964 2 2 28 18 818 2616 2652
5965 2 2 28 18 1121 2216 3012
5966 2 2 28 18 910 2431 2807
5967 2 2 28 18 1158 2327 3020
5968 2 2 28 18 1159 2326 3019
5969 2 2 28 18 1160 2325 3018
5970 2 2 28 18 1161 2324 3017
5971 2 2 28 18 875 2243 3001
5972 2 2 28 18 975 2840 2411
5973 2 2 28 18 368 2283 3016
5974 2 2 28 18 889 2873 2795
5975 2 2 28 18 980 2975 2467
5976 2 2 28 18 888 2796 2875
5977 2 2 28 18 1413 2759 2704
5978 2 2 28 18 1447 2537 2901
5979 2 2 28 18 462 2547 2843
5980 2 2 28 18 1327 2792 2781
5981 2 2 28 18 1328 2782 2793
5982 2 2 28 18 688 3020 2327
5983 2 2 28 18 687 3019 2326
5984 2 2 28 18 686 3018 2325
5985 2 2 28 18 685 3017 2324
5986 2 2 28 18 396 2467 2975
5987 2 2 28 18 871 2793 2782
5988 2 2 28 18 872 2781 2792
5989 2 2 28 18 835 2539 2809
5990 2 2 28 18 999 2595 2942
5991 2 2 28 18 850 2704 2759
5992 2 2 28 18 948 2843 2547
5993 2 2 28 18 414 2942 2595
5994 2 2 28 18 233 2761 2840
5995 2 2 28 18 899 2472 3009
5996 2 2 28 18 220 3012 2390
5997 2 2 28 18 975 2701 2861
5998 2 2 28 18 943 2466 2960
5999 2 2 28 18 384 2941 2660
6000 2 2 28 18 1205 2685 2842
6001 2 2 28 18 426 2861 2701
6002 2 2 28 18 426 3014 2497
6003 2 2 28 18 909 2889 2939
6004 2 2 28 18 896 2943 2560
6005 2 2 28 18 895 2944 2561
6006 2 2 28 18 897 2946 2559
6007 2 2 28 18 898 2945 2558
6008 2 2 28 18 899 3009 2633
6009 2 2 28 18 1285 2939 2889
6010 2 2 28 18 1022 2886 2980
6011 2 2 28 18 1241 2859 2917
6012 2 2 28 18 1242 2916 2860
6013 2 2 28 18 368 3016 2583
6014 2 2 28 18 1085 2980 2886
6015 2 2 28 18 964 2660 2941
6016 2 2 28 18 907 2982 2597
6017 2 2 28 18 908 2596 2993
6018 2 2 28 18 1369 2795 2873
6019 2 2 28 18 1368 2875 2796
6020 2 2 28 18 968 2583 3016
6021 2 2 28 18 1054 2633 3009
6022 2 2 28 18 1085 2891 2998
6023 2 2 28 18 255 2998 2891
6024 2 2 28 18 937 2860 2916
6025 2 2 28 18 938 2917 2859
6026 2 2 28 18 1072 2970 2938
6027 2 2 28 18 1027 2938 2970
6028 2 2 28 18 426 2886 3014
6029 2 2 28 18 1022 3014 2886
6030 2 2 28 18 1038 3015 2981
6031 2 2 28 18 1055 2981 3015
$EndElements
