$MeshFormat
2.2 0 8
$EndMeshFormat
$Nodes
5498
1 0 0 0
2 8 0 0
3 8 0.8 0
4 0 2 0
5 2 0.7 0
6 4 0.2 0
7 7 0.6 0
8 6 0.7 0
9 0.04999999999990531 0 0
10 0.09999999999981136 0 0
11 0.1499999999997177 0 0
12 0.1999999999996229 0 0
13 0.2499999999995249 0 0
14 0.2999999999994182 0 0
15 0.3499999999993083 0 0
16 0.3999999999991972 0 0
17 0.4499999999990884 0 0
18 0.499999999998986 0 0
19 0.549999999998901 0 0
20 0.5999999999988226 0 0
21 0.6499999999987462 0 0
22 0.6999999999986699 0 0
23 0.7499999999985937 0 0
24 0.7999999999985173 0 0
25 0.849999999998441 0 0
26 0.8999999999983646 0 0
27 0.9499999999982838 0 0
28 0.9999999999981901 0 0
29 1.049999999998062 0 0
30 1.09999999999792 0 0
31 1.149999999997775 0 0
32 1.199999999997629 0 0
33 1.249999999997483 0 0
34 1.299999999997337 0 0
35 1.349999999997191 0 0
36 1.399999999997046 0 0
37 1.4499999999969 0 0
38 1.499999999996754 0 0
39 1.549999999996609 0 0
40 1.599999999996463 0 0
41 1.649999999996317 0 0
42 1.699999999996171 0 0
43 1.749999999996026 0 0
44 1.79999999999588 0 0
45 1.849999999995734 0 0
46 1.899999999995589 0 0
47 1.949999999995443 0 0
48 1.999999999995297 0 0
49 2.049999999995151 0 0
50 2.099999999995005 0 0
51 2.14999999999486 0 0
52 2.199999999994714 0 0
53 2.249999999994568 0 0
54 2.299999999994423 0 0
55 2.349999999994277 0 0
56 2.399999999994131 0 0
57 2.449999999993985 0 0
58 2.49999999999384 0 0
59 2.549999999993694 0 0
60 2.599999999993548 0 0
61 2.649999999993403 0 0
62 2.699999999993257 0 0
63 2.749999999993111 0 0
64 2.799999999992965 0 0
65 2.84999999999282 0 0
66 2.899999999992674 0 0
67 2.949999999992528 0 0
68 2.999999999992382 0 0
69 3.049999999992236 0 0
70 3.099999999992091 0 0
71 3.149999999991945 0 0
72 3.199999999991799 0 0
73 3.249999999991654 0 0
74 3.299999999991508 0 0
75 3.349999999991362 0 0
76 3.399999999991217 0 0
77 3.449999999991071 0 0
78 3.499999999990925 0 0
79 3.54999999999078 0 0
80 3.599999999990634 0 0
81 3.649999999990488 0 0
82 3.699999999990342 0 0
83 3.749999999990197 0 0
84 3.799999999990051 0 0
85 3.849999999989905 0 0
86 3.89999999998976 0 0
87 3.949999999989631 0 0
88 3.999999999989554 0 0
89 4.049999999989616 0 0
90 4.099999999989731 0 0
91 4.149999999989863 0 0
92 4.199999999989994 0 0
93 4.249999999990126 0 0
94 4.299999999990257 0 0
95 4.34999999999039 0 0
96 4.399999999990521 0 0
97 4.449999999990653 0 0
98 4.499999999990784 0 0
99 4.549999999990916 0 0
100 4.599999999991048 0 0
101 4.649999999991179 0 0
102 4.699999999991311 0 0
103 4.749999999991442 0 0
104 4.799999999991575 0 0
105 4.849999999991706 0 0
106 4.899999999991837 0 0
107 4.949999999991969 0 0
108 4.999999999992101 0 0
109 5.049999999992233 0 0
110 5.099999999992364 0 0
111 5.149999999992496 0 0
112 5.199999999992627 0 0
113 5.249999999992759 0 0
114 5.299999999992891 0 0
115 5.349999999993022 0 0
116 5.399999999993154 0 0
117 5.449999999993286 0 0
118 5.499999999993418 0 0
119 5.549999999993549 0 0
120 5.59999999999368 0 0
121 5.649999999993812 0 0
122 5.699999999993944 0 0
123 5.749999999994076 0 0
124 5.799999999994208 0 0
125 5.849999999994339 0 0
126 5.899999999994471 0 0
127 5.949999999994602 0 0
128 5.999999999994734 0 0
129 6.049999999994865 0 0
130 6.099999999994997 0 0
131 6.14999999999513 0 0
132 6.199999999995261 0 0
133 6.249999999995392 0 0
134 6.299999999995523 0 0
135 6.349999999995656 0 0
136 6.399999999995787 0 0
137 6.449999999995919 0 0
138 6.499999999996051 0 0
139 6.549999999996182 0 0
140 6.599999999996314 0 0
141 6.649999999996446 0 0
142 6.699999999996576 0 0
143 6.749999999996708 0 0
144 6.799999999996841 0 0
145 6.849999999996972 0 0
146 6.899999999997104 0 0
147 6.949999999997236 0 0
148 6.999999999997367 0 0
149 7.049999999997499 0 0
150 7.099999999997631 0 0
151 7.149999999997762 0 0
152 7.199999999997894 0 0
153 7.249999999998025 0 0
154 7.299999999998157 0 0
155 7.349999999998289 0 0
156 7.399999999998419 0 0
157 7.449999999998552 0 0
158 7.499999999998684 0 0
159 7.549999999998815 0 0
160 7.599999999998947 0 0
161 7.649999999999079 0 0
162 7.69999999999921 0 0
163 7.749999999999342 0 0
164 7.799999999999474 0 0
165 7.849999999999605 0 0
166 7.899999999999737 0 0
167 7.949999999999868 0 0
168 8 0.04999999999990286 0
169 8 0.09999999999982838 0
170 8 0.1499999999996821 0
171 8 0.1999999999995331 0
172 8 0.2499999999993894 0
173 8 0.2999999999992348 0
174 8 0.3499999999990802 0
175 8 0.3999999999989474 0
176 8 0.4499999999990749 0
177 8 0.4999999999992024 0
178 8 0.5499999999993516 0
179 8 0.5999999999994683 0
180 8 0.649999999999585 0
181 8 0.6999999999997449 0
182 8 0.7499999999998617 0
183 7.950617283950419 0.8074074074074372 0
184 7.901234567900836 0.8148148148148746 0
185 7.851851851851252 0.8222222222223123 0
186 7.802469135801666 0.8296296296297501 0
187 7.753086419752083 0.8370370370371877 0
188 7.703703703702502 0.8444444444446249 0
189 7.654320987652921 0.8518518518520619 0
190 7.604938271603339 0.8592592592594992 0
191 7.555555555553755 0.8666666666669368 0
192 7.506172839504169 0.8740740740743747 0
193 7.456790123454585 0.8814814814818123 0
194 7.407407407405003 0.8888888888892496 0
195 7.358024691355422 0.8962962962966867 0
196 7.308641975305841 0.9037037037041239 0
197 7.259259259256257 0.9111111111115614 0
198 7.209876543206672 0.9185185185189992 0
199 7.160493827157087 0.925925925926437 0
200 7.111111111107505 0.9333333333338744 0
201 7.061728395057925 0.9407407407413112 0
202 7.012345679008479 0.9481481481487282 0
203 6.962962962959233 0.955555555556115 0
204 6.91358024691012 0.9629629629634822 0
205 6.864197530861075 0.9703703703708388 0
206 6.81481481481203 0.9777777777781955 0
207 6.765432098762985 0.9851851851855523 0
208 6.71604938271394 0.992592592592909 0
209 6.666666666664895 1.000000000000266 0
210 6.617283950615851 1.007407407407622 0
211 6.567901234566806 1.014814814814979 0
212 6.518518518517761 1.022222222222336 0
213 6.46913580246872 1.029629629629692 0
214 6.41975308641968 1.037037037037048 0
215 6.37037037037064 1.044444444444404 0
216 6.320987654321595 1.051851851851761 0
217 6.27160493827255 1.059259259259117 0
218 6.222222222223506 1.066666666666474 0
219 6.172839506174463 1.074074074073831 0
220 6.123456790125423 1.081481481481187 0
221 6.074074074076384 1.088888888888543 0
222 6.02469135802734 1.096296296295899 0
223 5.975308641978295 1.103703703703256 0
224 5.925925925929251 1.111111111110612 0
225 5.876543209880206 1.118518518517969 0
226 5.827160493831166 1.125925925925325 0
227 5.777777777782127 1.133333333332681 0
228 5.728395061733085 1.140740740740037 0
229 5.67901234568404 1.148148148147394 0
230 5.629629629634996 1.155555555554751 0
231 5.580246913585951 1.162962962962107 0
232 5.53086419753691 1.170370370369464 0
233 5.48148148148787 1.17777777777682 0
234 5.43209876543883 1.185185185184175 0
235 5.382716049389785 1.192592592591532 0
236 5.33333333334074 1.199999999998889 0
237 5.283950617291696 1.207407407406246 0
238 5.234567901242652 1.214814814813602 0
239 5.185185185193614 1.222222222220958 0
240 5.135802469144574 1.229629629628314 0
241 5.08641975309553 1.23703703703567 0
242 5.037037037046483 1.244444444443028 0
243 4.987654320997433 1.251851851850385 0
244 4.938271604948383 1.259259259257743 0
245 4.888888888899343 1.266666666665099 0
246 4.839506172850303 1.274074074072455 0
247 4.790123456801261 1.281481481479811 0
248 4.740740740752216 1.288888888887167 0
249 4.691358024703166 1.296296296294525 0
250 4.641975308654116 1.303703703701883 0
251 4.592592592605074 1.311111111109239 0
252 4.543209876556034 1.318518518516595 0
253 4.493827160506994 1.325925925923951 0
254 4.444444444457949 1.333333333331308 0
255 4.3950617284089 1.340740740738665 0
256 4.345679012359851 1.348148148146022 0
257 4.296296296310803 1.35555555555338 0
258 4.246913580261765 1.362962962960735 0
259 4.197530864212725 1.370370370368091 0
260 4.148148148163681 1.377777777775448 0
261 4.098765432114634 1.385185185182805 0
262 4.049382716065548 1.392592592590168 0
263 4.000000000016358 1.399999999997546 0
264 3.950617283966906 1.407407407404964 0
265 3.901234567917359 1.414814814812396 0
266 3.851851851867776 1.422222222219834 0
267 3.802469135818189 1.429629629627272 0
268 3.753086419768598 1.43703703703471 0
269 3.703703703719007 1.444444444442149 0
270 3.654320987669419 1.451851851849587 0
271 3.604938271619836 1.459259259257025 0
272 3.555555555570255 1.466666666664462 0
273 3.506172839520667 1.4740740740719 0
274 3.456790123471078 1.481481481479338 0
275 3.407407407421487 1.488888888886777 0
276 3.358024691371897 1.496296296294215 0
277 3.308641975322312 1.503703703701653 0
278 3.259259259272731 1.51111111110909 0
279 3.209876543223146 1.518518518516528 0
280 3.160493827173558 1.525925925923966 0
281 3.111111111123966 1.533333333331405 0
282 3.061728395074375 1.540740740738844 0
283 3.01234567902479 1.548148148146282 0
284 2.962962962975207 1.555555555553719 0
285 2.913580246925624 1.562962962961156 0
286 2.864197530876037 1.570370370368595 0
287 2.814814814826446 1.577777777776033 0
288 2.765432098776856 1.585185185183472 0
289 2.716049382727268 1.59259259259091 0
290 2.666666666677684 1.599999999998347 0
291 2.617283950628102 1.607407407405785 0
292 2.567901234578516 1.614814814813223 0
293 2.518518518528926 1.622222222220661 0
294 2.469135802479335 1.6296296296281 0
295 2.419753086429746 1.637037037035538 0
296 2.370370370380161 1.644444444442976 0
297 2.320987654330579 1.651851851850413 0
298 2.271604938280994 1.659259259257851 0
299 2.222222222231405 1.666666666665289 0
300 2.172839506181814 1.674074074072728 0
301 2.123456790132224 1.681481481480167 0
302 2.074074074082637 1.688888888887604 0
303 2.024691358033055 1.696296296295042 0
304 1.975308641983473 1.703703703702479 0
305 1.925925925933885 1.711111111109917 0
306 1.876543209884294 1.718518518517356 0
307 1.827160493834703 1.725925925924795 0
308 1.777777777785115 1.733333333332233 0
309 1.728395061735531 1.74074074073967 0
310 1.67901234568595 1.748148148147108 0
311 1.629629629636364 1.755555555554545 0
312 1.580246913586773 1.762962962961984 0
313 1.530864197537182 1.770370370369423 0
314 1.481481481487593 1.777777777776861 0
315 1.432098765438007 1.785185185184299 0
316 1.382716049388426 1.792592592591736 0
317 1.333333333338847 1.799999999999173 0
318 1.283950617289262 1.807407407406611 0
319 1.234567901239676 1.814814814814049 0
320 1.185185185190091 1.822222222221486 0
321 1.135802469140504 1.829629629628924 0
322 1.086419753090913 1.837037037036363 0
323 1.037037037041326 1.844444444443801 0
324 0.987654320991739 1.851851851851239 0
325 0.9382716049421544 1.859259259258677 0
326 0.8888888888925681 1.866666666666115 0
327 0.8395061728429809 1.874074074073553 0
328 0.7901234567933937 1.881481481480991 0
329 0.7407407407438029 1.88888888888843 0
330 0.6913580246942175 1.896296296295867 0
331 0.6419753086446311 1.903703703703305 0
332 0.5925925925950448 1.911111111110743 0
333 0.5432098765454594 1.918518518518181 0
334 0.4938271604958722 1.925925925925619 0
335 0.4444444444462805 1.933333333333058 0
336 0.3950617283966942 1.940740740740496 0
337 0.3456790123471079 1.948148148147934 0
338 0.2962962962975215 1.955555555555372 0
339 0.246913580247937 1.962962962962809 0
340 0.1975308641983498 1.970370370370248 0
341 0.1481481481487608 1.977777777777686 0
342 0.09876543209917177 1.985185185185124 0
343 0.04938271604958544 1.992592592592562 0
344 0 1.949999999999792 0
345 0 1.899999999999584 0
346 0 1.849999999999375 0
347 0 1.799999999999167 0
348 0 1.749999999999002 0
349 0 1.699999999999306 0
350 0 1.649999999999653 0
351 0 1.6 0
352 0 1.550000000000346 0
353 0 1.500000000000693 0
354 0 1.45000000000104 0
355 0 1.400000000001387 0
356 0 1.350000000001733 0
357 0 1.30000000000208 0
358 0 1.250000000002427 0
359 0 1.200000000002774 0
360 0 1.150000000003121 0
361 0 1.100000000003467 0
362 0 1.050000000003814 0
363 0 1.000000000004117 0
364 0 0.9500000000039528 0
365 0 0.9000000000037447 0
366 0 0.8500000000035368 0
367 0 0.8000000000033287 0
368 0 0.7500000000031206 0
369 0 0.7000000000029127 0
370 0 0.6500000000027044 0
371 0 0.6000000000024965 0
372 0 0.5500000000022884 0
373 0 0.5000000000020806 0
374 0 0.4500000000018725 0
375 0 0.4000000000016644 0
376 0 0.3500000000014563 0
377 0 0.3000000000012482 0
378 0 0.2500000000010403 0
379 0 0.200000000000832 0
380 0 0.1500000000006243 0
381 0 0.100000000000416 0
382 0 0.0500000000002081 0
383 2.047619047619031 0.6880952380952423 0
384 2.095238095238061 0.6761904761904847 0
385 2.142857142857092 0.664285714285727 0
386 2.190476190476122 0.6523809523809695 0
387 2.238095238095152 0.6404761904762118 0
388 2.285714285714183 0.6285714285714542 0
389 2.333333333333214 0.6166666666666966 0
390 2.380952380952244 0.6047619047619389 0
391 2.428571428571275 0.5928571428571813 0
392 2.476190476190305 0.5809523809524236 0
393 2.523809523809336 0.569047619047666 0
394 2.571428571428367 0.5571428571429083 0
395 2.619047619047397 0.5452380952381507 0
396 2.666666666666428 0.5333333333333931 0
397 2.714285714285459 0.5214285714286354 0
398 2.761904761904489 0.5095238095238778 0
399 2.809523809523522 0.4976190476191196 0
400 2.857142857142567 0.4857142857143583 0
401 2.904761904761613 0.4738095238095967 0
402 2.952380952380659 0.4619047619048353 0
403 2.999999999999707 0.4500000000000732 0
404 3.047619047618769 0.4380952380953079 0
405 3.09523809523783 0.4261904761905425 0
406 3.142857142856892 0.4142857142857771 0
407 3.190476190475954 0.4023809523810117 0
408 3.238095238095015 0.3904761904762463 0
409 3.285714285714076 0.3785714285714809 0
410 3.333333333333138 0.3666666666667155 0
411 3.380952380952199 0.3547619047619501 0
412 3.428571428571261 0.3428571428571848 0
413 3.476190476190323 0.3309523809524194 0
414 3.523809523809384 0.319047619047654 0
415 3.571428571428446 0.3071428571428885 0
416 3.619047619047508 0.2952380952381231 0
417 3.666666666666569 0.2833333333333578 0
418 3.71428571428563 0.2714285714285924 0
419 3.761904761904692 0.259523809523827 0
420 3.809523809523754 0.2476190476190616 0
421 3.857142857142815 0.2357142857142963 0
422 3.904761904761877 0.2238095238095308 0
423 3.952380952380938 0.2119047619047654 0
424 4.049180327868851 0.2065573770491802 0
425 4.098360655737702 0.2131147540983603 0
426 4.147540983606553 0.2196721311475403 0
427 4.196721311475403 0.2262295081967204 0
428 4.245901639344254 0.2327868852459005 0
429 4.295081967213105 0.2393442622950806 0
430 4.344262295081956 0.2459016393442608 0
431 4.393442622950806 0.2524590163934408 0
432 4.442622950819656 0.2590163934426208 0
433 4.491803278688506 0.2655737704918008 0
434 4.540983606557356 0.2721311475409808 0
435 4.590163934426206 0.2786885245901608 0
436 4.639344262295055 0.2852459016393408 0
437 4.688524590163905 0.2918032786885207 0
438 4.737704918032756 0.2983606557377007 0
439 4.786885245901606 0.3049180327868807 0
440 4.836065573770455 0.3114754098360606 0
441 4.885245901639305 0.3180327868852406 0
442 4.934426229508155 0.3245901639344206 0
443 4.983606557377004 0.3311475409836006 0
444 5.032786885245853 0.3377049180327805 0
445 5.081967213114703 0.3442622950819605 0
446 5.131147540983553 0.3508196721311405 0
447 5.180327868852403 0.3573770491803204 0
448 5.229508196721253 0.3639344262295003 0
449 5.278688524590102 0.3704918032786803 0
450 5.327868852458952 0.3770491803278603 0
451 5.377049180327802 0.3836065573770402 0
452 5.426229508196651 0.3901639344262202 0
453 5.475409836065501 0.3967213114754001 0
454 5.524590163934356 0.4032786885245807 0
455 5.57377049180321 0.4098360655737613 0
456 5.622950819672065 0.416393442622942 0
457 5.672131147540919 0.4229508196721226 0
458 5.721311475409775 0.4295081967213032 0
459 5.770491803278629 0.4360655737704839 0
460 5.819672131147485 0.4426229508196646 0
461 5.868852459016339 0.4491803278688452 0
462 5.918032786885194 0.4557377049180258 0
463 5.967213114754048 0.4622950819672064 0
464 6.016393442622904 0.4688524590163872 0
465 6.065573770491757 0.4754098360655676 0
466 6.114754098360613 0.4819672131147484 0
467 6.163934426229467 0.488524590163929 0
468 6.213114754098322 0.4950819672131097 0
469 6.26229508196718 0.5016393442622906 0
470 6.311475409836032 0.5081967213114709 0
471 6.360655737704889 0.5147540983606518 0
472 6.409836065573742 0.5213114754098324 0
473 6.459016393442596 0.5278688524590127 0
474 6.508196721311454 0.5344262295081939 0
475 6.557377049180305 0.5409836065573739 0
476 6.606557377049164 0.5475409836065551 0
477 6.655737704918016 0.5540983606557354 0
478 6.704918032786871 0.5606557377049162 0
479 6.754098360655727 0.5672131147540969 0
480 6.803278688524578 0.5737704918032771 0
481 6.852459016393437 0.5803278688524582 0
482 6.901639344262289 0.5868852459016385 0
483 6.950819672131146 0.5934426229508195 0
484 6.952380952380954 0.6047619047619045 0
485 6.90476190476191 0.609523809523809 0
486 6.857142857142867 0.6142857142857133 0
487 6.809523809523816 0.6190476190476183 0
488 6.761904761904767 0.6238095238095233 0
489 6.714285714285716 0.6285714285714283 0
490 6.666666666666665 0.6333333333333334 0
491 6.619047619047616 0.6380952380952384 0
492 6.571428571428566 0.6428571428571433 0
493 6.523809523809517 0.6476190476190483 0
494 6.476190476190465 0.6523809523809535 0
495 6.428571428571415 0.6571428571428585 0
496 6.380952380952365 0.6619047619047634 0
497 6.333333333333316 0.6666666666666684 0
498 6.285714285714268 0.6714285714285732 0
499 6.238095238095223 0.6761904761904777 0
500 6.190476190476177 0.6809523809523822 0
501 6.142857142857133 0.6857142857142867 0
502 6.09523809523809 0.690476190476191 0
503 6.047619047619045 0.6952380952380954 0
504 5.950000000000277 0.7 0
505 5.900000000000555 0.7 0
506 5.850000000000833 0.7 0
507 5.80000000000111 0.7 0
508 5.750000000001387 0.7 0
509 5.700000000001666 0.7 0
510 5.650000000001943 0.7 0
511 5.60000000000222 0.7 0
512 5.550000000002497 0.7 0
513 5.500000000002775 0.7 0
514 5.450000000003053 0.7 0
515 5.40000000000333 0.7 0
516 5.350000000003607 0.7 0
517 5.300000000003886 0.7 0
518 5.250000000004163 0.7 0
519 5.20000000000444 0.7 0
520 5.150000000004717 0.7 0
521 5.100000000004995 0.7 0
522 5.050000000005273 0.7 0
523 5.00000000000555 0.7 0
524 4.950000000005828 0.7 0
525 4.900000000006105 0.7 0
526 4.850000000006382 0.7 0
527 4.800000000006659 0.7 0
528 4.750000000006937 0.7 0
529 4.700000000007214 0.7 0
530 4.650000000007491 0.7 0
531 4.600000000007769 0.7 0
532 4.550000000008046 0.7 0
533 4.500000000008324 0.7 0
534 4.450000000008601 0.7 0
535 4.400000000008879 0.7 0
536 4.350000000009156 0.7 0
537 4.300000000009433 0.7 0
538 4.25000000000971 0.7 0
539 4.200000000009988 0.7 0
540 4.150000000010265 0.7 0
541 4.100000000010542 0.7 0
542 4.05000000001082 0.7 0
543 4.000000000011011 0.7 0
544 3.95000000001082 0.7 0
545 3.900000000010542 0.7 0
546 3.850000000010265 0.7 0
547 3.800000000009988 0.7 0
548 3.75000000000971 0.7 0
549 3.700000000009433 0.7 0
550 3.650000000009155 0.7 0
551 3.600000000008878 0.7 0
552 3.5500000000086 0.7 0
553 3.500000000008323 0.7 0
554 3.450000000008045 0.7 0
555 3.400000000007768 0.7 0
556 3.350000000007491 0.7 0
557 3.300000000007214 0.7 0
558 3.250000000006936 0.7 0
559 3.200000000006658 0.7 0
560 3.150000000006381 0.7 0
561 3.100000000006104 0.7 0
562 3.050000000005826 0.7 0
563 3.000000000005549 0.7 0
564 2.950000000005272 0.7 0
565 2.900000000004994 0.7 0
566 2.850000000004717 0.7 0
567 2.800000000004439 0.7 0
568 2.750000000004162 0.7 0
569 2.700000000003884 0.7 0
570 2.650000000003607 0.7 0
571 2.600000000003329 0.7 0
572 2.550000000003052 0.7 0
573 2.500000000002774 0.7 0
574 2.450000000002497 0.7 0
575 2.400000000002219 0.7 0
576 2.350000000001942 0.7 0
577 2.300000000001665 0.7 0
578 2.250000000001387 0.7 0
579 2.20000000000111 0.7 0
580 2.150000000000832 0.7 0
581 2.100000000000555 0.7 0
582 2.050000000000277 0.7 0
583 0.9213627650424918 0.9259548625775005 0
584 1.525867716607566 1.128610374051897 0
585 1.378698286500343 0.573475645006846 0
586 0.5616896671759359 1.34814402258892 0
587 0.5420685428192056 0.5420685428192545 0
588 2.021102982506104 1.191568486536719 0
589 1.121896466461215 1.35618237900266 0
590 2.479185249798848 1.162735179454073 0
591 7.412634217870576 0.4417561452470186 0
592 0.9587517374093055 0.4403081836546082 0
593 2.907321630245709 1.129040383505421 0
594 0.4235761551721808 0.9487353752214009 0
595 1.736463313837188 0.4003487875046963 0
596 3.306541935100353 1.103040292878087 0
597 3.678047463991462 1.075052146926328 0
598 1.654551251906853 0.7996246511554025 0
599 4.025130076957271 1.046097960600183 0
600 1.266974315132523 0.8975211362866748 0
601 1.745099892575706 1.385366949562537 0
602 2.065700782980177 0.3380683713996353 0
603 0.3420851023718208 1.60558673525265 0
604 0.8499169497110182 1.54230965702458 0
605 1.415835886475199 1.462888732973628 0
606 4.344891635387308 1.034806586098979 0
607 7.125836455932848 0.3107059368579144 0
608 0.3173403090756785 0.3173403090755726 0
609 7.689947764116172 0.2999770089001254 0
610 0.8398346310059683 1.221224731485788 0
611 1.239499969531303 0.2998540979465711 0
612 2.354342064160239 0.3055832358001445 0
613 4.643279425096748 1.004752693946537 0
614 2.257125526010569 1.366628157840104 0
615 2.236665411342501 0.9949795260859542 0
616 0.29575916633733 1.215924227653568 0
617 0.7056043200452857 0.298333910259247 0
618 0.28912414370179 0.6893615705294189 0
619 6.843428381056374 0.2892998444833202 0
620 0.6609685938545671 0.7987285039867411 0
621 1.081964949514619 0.6897733916201322 0
622 1.88558843209623 0.9529051307607256 0
623 4.924820568977181 0.9789448699929929 0
624 2.707527416305874 1.316481252088643 0
625 2.687508115861312 0.977997572480499 0
626 7.653572942237773 0.5705821681776477 0
627 6.574295997479573 0.2676384438149505 0
628 2.627857033102175 0.2635874986082231 0
629 1.516118647252204 0.2699338330768546 0
630 7.240150560938885 0.6498085621884151 0
631 0.597850916181571 1.6455157403428 0
632 5.184210197018941 0.9596281870255747 0
633 1.284643916348422 1.155934325822164 0
634 3.120131909200451 1.273491906672491 0
635 3.094673956569091 0.9542089737354649 0
636 6.320051041566459 0.2506483448369742 0
637 1.989014348012294 1.445155173896632 0
638 0.6575580265203453 1.04478713823923 0
639 1.071716146342179 1.598276335546148 0
640 5.420107514268491 0.9458160299202311 0
641 2.868963649898455 0.2325834521805729 0
642 0.781970251859994 0.5864039116945312 0
643 6.078249418399466 0.2413402504583986 0
644 1.767869166358041 1.157691789302348 0
645 3.503590375360885 1.232097279919044 0
646 3.482281221694701 0.9376230176270799 0
647 1.04669512273229 1.123523024386174 0
648 2.491434737899258 1.394185961256343 0
649 2.470100814357755 0.9374015410022786 0
650 7.335904467891361 0.2327436610316291 0
651 1.792034821341276 0.616460077491661 0
652 5.650766733422188 0.9259375746139243 0
653 1.875459911125358 0.222512586772224 0
654 1.030749086373539 0.2224343212846349 0
655 5.849849389941554 0.2231355154945937 0
656 3.863116759284761 1.194155956810125 0
657 3.842207531100032 0.9271269964042348 0
658 0.2273278708591719 1.420511395481191 0
659 0.220217839731543 1.025385650056828 0
660 1.480028929882356 0.9178610495388739 0
661 0.5084985288446795 0.2229744061868498 0
662 3.084259948303968 0.2129127300048128 0
663 2.919180115524303 1.346339323438957 0
664 1.589895486305453 0.5514178337117606 0
665 2.886898926816616 0.9133508668773497 0
666 1.176878026049106 0.5013395792680863 0
667 5.631732769814237 0.2029493306830176 0
668 5.871460109578319 0.9077064080233264 0
669 0.218146279247399 0.4961893975792107 0
670 7.462451079514648 0.6706201500812508 0
671 4.198073120610209 1.161855894586856 0
672 4.175648057734554 0.8997889797179843 0
673 1.608589365851167 1.550661392256018 0
674 1.277398542444983 1.602092420314693 0
675 0.2048948534207042 1.762060538528151 0
676 1.95808052443577 0.5037294580085914 0
677 6.091838865349554 0.8847388118199794 0
678 0.4851239199013958 1.15954547661416 0
679 3.313498155448389 1.288609062494874 0
680 3.278033796611802 0.8932321410892042 0
681 6.280810686607989 0.862868770841858 0
682 2.232105820597887 0.4428643071543047 0
683 0.4753809233828637 0.7587128831749305 0
684 5.430252979270176 0.1911866624164786 0
685 7.530985736093479 0.1953929995414401 0
686 1.562284801226596 1.318846670298579 0
687 1.665192424977973 0.9883493564801982 0
688 2.202111173145995 0.1946306099439201 0
689 2.069062612523479 0.8954222394576528 0
690 1.683980135646883 0.1922803713796675 0
691 7.807802738583631 0.4628797995360502 0
692 6.472810684632236 0.842150455233914 0
693 4.503001293514166 1.139460214827541 0
694 4.486296224700093 0.8996811187322276 0
695 0.8907514552499705 0.7242276078565988 0
696 3.270510490870361 0.1852898430505079 0
697 2.205529165638285 1.181624457015191 0
698 7.149919471824887 0.4928949096532832 0
699 6.665962023343977 0.8209019523450355 0
700 1.480761527620599 0.7309730536052969 0
701 7.103512621190196 0.7506809781220024 0
702 6.994277230780018 0.1862928291899713 0
703 0.182158532802486 0.1742704989496547 0
704 3.688050547734728 1.259697085434097 0
705 3.651535073980606 0.8798791521726875 0
706 0.9288339455532599 1.385329659220604 0
707 0.7297401171217017 1.374228393795916 0
708 6.962223350356809 0.4191409870852453 0
709 1.263360087558905 0.7233157230189461 0
710 0.8534092365709971 0.1848188645203854 0
711 6.859614094036258 0.8020222122257148 0
712 5.232703027921406 0.1761492497481544 0
713 0.1808810186625312 0.8250789816901239 0
714 0.3903693850722344 1.4427456366431 0
715 0.4496802653314226 1.750048816835809 0
716 7.816473371180957 0.1896001567337154 0
717 7.816526180382773 0.6468084861958843 0
718 1.289335042674967 1.325379692027914 0
719 0.7704355548186068 1.711985382552055 0
720 1.842917775807422 1.537180182856398 0
721 4.785961464399588 0.8766104957945191 0
722 4.797452928487134 1.107778703948691 0
723 1.100555173788169 0.8694702222350756 0
724 1.851940633676076 0.7818000833205151 0
725 2.65405579113216 1.147582085025273 0
726 2.512400587724118 0.3935378611621432 0
727 1.386562090461071 0.4030536378716971 0
728 2.155851484652363 1.499791419155655 0
729 1.363413401446021 0.1800569322564196 0
730 2.488211490071785 0.1835499770003922 0
731 6.69973625931453 0.3882523663317815 0
732 6.708673632764421 0.1654109956869044 0
733 0.3844789676407016 0.4867628013415285 0
734 4.032554700868122 1.222503755411585 0
735 1.886477282265563 1.305186350104946 0
736 4.005471767364596 0.8805884397556665 0
737 5.058479734793119 0.1722799236516339 0
738 0.167796227982719 1.584970302365581 0
739 0.6748525641720464 1.220660850552349 0
740 3.436318686376575 0.1675951981665276 0
741 2.032839488478334 0.1684073220355966 0
742 0.5568073975552971 0.3747436588807296 0
743 0.9341552358331668 1.692776518460828 0
744 0.8157522086470073 1.051618442238592 0
745 5.063429377239297 1.075910682290575 0
746 5.051619332046156 0.8618224529464042 0
747 7.576938457757393 0.4309858537219244 0
748 7.193411352614857 0.1590276620738091 0
749 3.07197024276375 1.117268286272464 0
750 1.437251134081565 1.621170076970675 0
751 2.100017429398116 1.324939887583821 0
752 0.7982640312979538 0.429361096015021 0
753 6.434058313596303 0.3649686618967057 0
754 6.445484009939982 0.1623986164290424 0
755 0.355661676725481 0.1622714612578042 0
756 4.347260838772306 1.189504274980647 0
757 4.334856005040289 0.8609547509209736 0
758 4.885838175563086 0.1589326660296022 0
759 2.089207418671408 1.0605273629306 0
760 0.1543703701941181 0.3449514587484342 0
761 7.260003362950336 0.3910986145873386 0
762 1.175754982917535 1.029079582623163 0
763 1.391460003435091 1.048369613157876 0
764 1.174820247104444 0.1562681192515044 0
765 2.360694548309931 1.488227674114949 0
766 2.3149003202266 0.8600069064845158 0
767 0.6274365958165102 1.493586402704726 0
768 1.423797413678153 1.244294429497178 0
769 0.960698931004351 0.5951041213983461 0
770 2.763730548209625 0.3516671670612972 0
771 2.74193809661124 0.1550573285694904 0
772 0.1543146385017038 1.280599153577454 0
773 5.313462581700691 1.049794223898608 0
774 5.30090303038086 0.8551019123897436 0
775 1.580348849961925 0.3947990694920564 0
776 6.186226287610535 0.3407485682884659 0
777 0.6506620605208737 0.1512654527228607 0
778 6.198928709760732 0.1544302323145797 0
779 2.633719121966685 1.450547795070346 0
780 0.5746114261960068 0.9183756825810332 0
781 2.58912561582662 0.85266332104954 0
782 0.7710834286916235 0.9166291321530831 0
783 1.096963816684922 0.3596705075797501 0
784 3.460761043178862 1.090091470550111 0
785 2.346379133850163 1.232227768879935 0
786 3.582185822504136 0.1487267577109209 0
787 1.887819066986817 0.3722640031829592 0
788 1.905215695236963 1.103784259711618 0
789 2.106939793616496 0.5228650401060606 0
790 0.1598368972276425 0.6358489246622127 0
791 2.374339796904601 1.055148106876737 0
792 4.733244967633615 0.1488085532075961 0
793 7.673718861839042 0.1489628816620283 0
794 1.211101013636559 1.46365470978356 0
795 4.652772539854757 1.159732336373122 0
796 0.6400768664676605 0.6521038923791926 0
797 4.628685575160899 0.8466263024935006 0
798 2.380031910185706 0.45428976291582 0
799 0.3302481806803524 0.8329463791875069 0
800 0.3532984474894828 1.078722858207683 0
801 7.853272293614401 0.3226376512202718 0
802 2.343328550548008 0.1451023919663572 0
803 2.796085626713658 1.43637049703162 0
804 2.751288847562673 0.8460694324313133 0
805 0.4801993645624361 1.560579925581209 0
806 0.4209863747303945 0.6233830272971816 0
807 0.4239546976100677 1.29433694003544 0
808 7.600590554293949 0.7144103846116945 0
809 6.855098332024019 0.143104296335938 0
810 5.531747577658326 0.8431243215954899 0
811 5.545263809196053 1.024593705494142 0
812 6.83286554378179 0.4385853531453895 0
813 2.577041802400187 1.274702508158184 0
814 2.557963175388063 1.037850686773125 0
815 0.6745242785065564 0.4647621126369036 0
816 0.142725770966925 1.142435344778974 0
817 1.010835242331991 1.259503546064415 0
818 5.958558500448648 0.3202018524170952 0
819 3.056368928628437 1.403846505402665 0
820 5.967290397408044 0.1412275360045291 0
821 3.011035754799154 0.8382642165498418 0
822 7.349032812941204 0.7551369993257485 0
823 3.83051589540605 1.063003806430975 0
824 1.148263842039548 1.219476167335631 0
825 2.784238158465335 1.195558924115437 0
826 4.583769084091512 0.1389449840677841 0
827 2.806870521995943 1.029791163772962 0
828 2.987254797299963 0.3123905968489493 0
829 0.8906436194822797 0.3210159172553244 0
830 4.931578809708046 1.125221538919339 0
831 1.555733869508537 0.1388300479949955 0
832 4.910394858193394 0.8387687180448397 0
833 7.446588994904012 0.3045635184428173 0
834 1.765646872119798 0.8936385505464466 0
835 2.969064405955976 0.1347394908280362 0
836 7.287924493265298 0.5220311476192536 0
837 5.725227151676815 0.2930472067157031 0
838 3.205347055544054 1.381229052459841 0
839 6.984488621360104 0.8155084285791342 0
840 5.743266282024589 0.1369040257994898 0
841 3.15797499546695 0.8347815044920811 0
842 1.38561669790657 0.826691571007997 0
843 1.639633773317259 1.210078626062553 0
844 5.766363843823484 0.9972895345278473 0
845 5.754534335228687 0.8364657441662736 0
846 6.562524505041377 0.4092174074332899 0
847 1.175855128939932 1.68957430529197 0
848 7.50313131326019 0.5425772932744213 0
849 6.58289910462914 0.1341475863730579 0
850 0.3267033268634161 1.808455782366031 0
851 3.718163130502656 0.1328125516574915 0
852 1.662468157749481 0.6613642620583466 0
853 1.045174469260917 1.469328147399829 0
854 0.650980886014066 1.768528480790809 0
855 2.989187987422163 1.237625937516679 0
856 2.976898332707137 1.014324143481032 0
857 7.12770755101858 0.6231646134006058 0
858 2.643447632034813 0.4015883616549625 0
859 5.975000000000133 0.82782840905449 0
860 5.982820497238571 0.9673358460598211 0
861 3.446399507835739 1.367969205928328 0
862 4.219882238827179 1.029652527663051 0
863 3.403079178922061 0.8312761640459204 0
864 2.609117140479547 0.1334965004731952 0
865 2.186723645170541 0.832003025350437 0
866 1.041031823764086 0.9918994117447093 0
867 1.725322599371137 1.61440273301033 0
868 1.828699649120838 0.4918120714793707 0
869 3.211896004865992 1.16955438198167 0
870 4.437699194907926 0.1299020377900182 0
871 1.965679067680254 1.574120094253988 0
872 3.200602468360079 1.011398467905508 0
873 5.190708798477597 1.092325845053992 0
874 0.7660581692273205 0.7180213718263309 0
875 5.169250273274365 0.8280161523488856 0
876 7.423984000453554 0.1273184159704594 0
877 0.5188056095541898 1.037282670251118 0
878 1.478266700369272 0.4882696334079388 0
879 7.220031293707176 0.7761064902272798 0
880 1.785954019262163 1.034539725490798 0
881 6.326097516856348 0.1256789873547921 0
882 6.307631316225713 0.3807043393760823 0
883 0.7154416489353868 1.586918405474348 0
884 1.96589677975046 0.823510782789987 0
885 3.579829756749469 1.332303696102398 0
886 2.240620845405173 0.3150451144757458 0
887 3.546382308999569 0.8274299114967724 0
888 1.795836151350545 0.1176187367974682 0
889 5.521546819842293 0.2735075729413282 0
890 5.530965474307309 0.1256471329322806 0
891 3.183657004422311 0.2780229670933695 0
892 0.4399135664201264 0.3222380366436672 0
893 0.9224018430615908 1.129502926070932 0
894 3.389484420038192 1.197038484318722 0
895 3.364446195038683 0.9847149429014865 0
896 6.176419438821577 0.8018694495961814 0
897 1.617061278671539 1.423141055620661 0
898 1.710049616245086 0.5246279552540415 0
899 0.1242664492441043 1.848757192481218 0
900 3.803262112631847 1.30560940251331 0
901 3.767086016742731 0.822700398437344 0
902 3.166268219481879 0.1237377899936341 0
903 1.056887726753228 0.517963632777885 0
904 0.9594455486985309 0.123005775931456 0
905 6.364208306755673 0.7808818550811789 0
906 6.203181768403589 0.947389474108715 0
907 4.473746207270858 1.011381955510052 0
908 1.909582648687747 0.6102699156935492 0
909 1.77475008718009 0.2796705901957303 0
910 3.577559352255364 1.13408080197947 0
911 0.3072768334111717 1.336692519648257 0
912 1.046938127913035 1.711232874146067 0
913 0.9503923894595205 1.548343045403743 0
914 1.872515863139008 1.424376437558216 0
915 1.30587617494784 0.4826019356784285 0
916 6.382847596210361 0.9211788941200728 0
917 5.313875840261403 0.2547287252957751 0
918 6.546306289057125 0.761216268688692 0
919 4.314378358639724 0.1200181046065373 0
920 3.579320039890117 0.9899442802193756 0
921 1.772896327170257 1.277410889899489 0
922 1.012956217126827 0.8002856815136996 0
923 0.1252515892496 0.9397276885705083 0
924 7.723380284773899 0.7178514352762917 0
925 1.185433570359845 0.6254971576422398 0
926 5.339784093366417 0.1250694675224612 0
927 5.431683500571861 1.064547898037476 0
928 5.413437445918161 0.819830415157447 0
929 7.571168128458353 0.2985878439723406 0
930 3.838354092926445 0.1174072855220253 0
931 0.3043129377696577 0.5701769312168972 0
932 6.574539890019165 0.8944236997131034 0
933 6.062640323381192 0.3540518644237344 0
934 6.084524893701689 0.1184247282034058 0
935 6.736286045501635 0.7395658707238572 0
936 1.934414480165151 0.1281901461389646 0
937 2.878294075072278 0.3644379688923942 0
938 3.937800931238983 1.288274607004837 0
939 3.901121333612713 0.8186705264864915 0
940 7.007169825103706 0.3000975207869509 0
941 2.378130412406537 1.353026991732363 0
942 1.489778660853435 0.6110000556760151 0
943 2.473215893198104 1.505703299755522 0
944 2.424786202929591 0.8185497223953293 0
945 0.1162545649708577 1.48014963485178 0
946 7.682308966973338 0.4640517313130371 0
947 1.59849716808184 0.891120216649726 0
948 7.29391584281913 0.115320164631206 0
949 1.5468475750334 1.013446920055027 0
950 6.764163081952812 0.8693245372747859 0
951 2.847261095173343 0.1154477764289177 0
952 1.190272837848199 0.806709282248572 0
953 1.655042588418974 0.3060257117132331 0
954 0.7503209819397629 0.1221412953426897 0
955 0.1186564684255277 1.688652228949653 0
956 3.753925695938096 1.162178738070041 0
957 7.884023463573678 0.5511259324320525 0
958 1.550815724248069 1.650991215592625 0
959 3.737284861900509 0.9716246672634224 0
960 1.988440236757938 0.9811691424472746 0
961 2.266658006574434 1.536089488161275 0
962 7.076132131359612 0.1252830761363912 0
963 0.8711009977055622 0.5181702716136485 0
964 7.234646573962174 0.2767484687392541 0
965 7.363185150855116 0.6088078099767638 0
966 1.374415492733283 0.688069817857845 0
967 4.139699077491453 1.263331075028508 0
968 0.3075126988751322 0.9489580187564612 0
969 4.810432644606311 0.9874399452593662 0
970 1.390228741963974 0.2782533638890044 0
971 4.106954808246137 0.8125110862261945 0
972 6.932908718000558 0.7125307844918805 0
973 4.186798299002387 0.1129471837114713 0
974 0.5264865623258378 0.6695425976100041 0
975 0.3130740642351741 1.502633712488176 0
976 1.071522438734103 0.1119210084141214 0
977 2.519561995630808 0.2808097919841592 0
978 0.1226224503694335 0.7412021159238977 0
979 3.930309554597732 1.103616545454674 0
980 1.96187373519017 0.2907466004797077 0
981 0.5118288546106984 1.452027123752695 0
982 0.4567561096542831 0.1128574349213553 0
983 7.042268220943178 0.4982048207603668 0
984 5.640437825167573 0.8125130438670334 0
985 5.652638711084215 1.045235790424755 0
986 3.942980577874009 0.9670844511920148 0
987 0.7536007319806866 1.14942471060611 0
988 5.848401374618135 0.340695988194869 0
989 1.668609630431703 1.102003387998624 0
990 1.458006482607183 1.35204003285818 0
991 0.5443545055148038 1.807372514676025 0
992 5.862192220018904 0.1092234493157985 0
993 1.708592029064718 1.502831777008727 0
994 2.13010003248161 0.1096196276942106 0
995 1.289985743262793 1.015423546654023 0
996 2.464680791791043 1.276184448554959 0
997 1.374693816333045 0.9389092385053521 0
998 2.07421472453418 1.57601040745152 0
999 1.44791663239 0.1112655324685028 0
1000 1.345414813383777 1.697336650018863 0
1001 0.1182915547118398 0.4500767874037614 0
1002 4.277813591434263 1.255237586751415 0
1003 4.226919898171793 0.8083429691854388 0
1004 3.36151376944926 0.247239330984662 0
1005 1.999348960279429 1.30345105430684 0
1006 1.747856933676765 0.7328524177197947 0
1007 6.728474632080599 0.2813374960123074 0
1008 1.323493275451358 1.493420374929457 0
1009 2.81889730957747 1.294241541789287 0
1010 3.345433175036149 0.09239570624323452 0
1011 0.8629063426096952 0.8396649926501376 0
1012 1.672537895287044 1.303765683281972 0
1013 0.3030020935562727 1.712743583767605 0
1014 0.6006353633550054 0.2781466055748554 0
1015 1.862969653972891 1.201948810299067 0
1016 2.90567950324322 1.454374523387247 0
1017 5.14675070859769 0.2548017385860351 0
1018 0.117456326917086 0.1098961745343573 0
1019 2.857478175798948 0.8085729122000332 0
1020 1.17603475717678 1.562969953870768 0
1021 1.139386737820149 0.2596512592374413 0
1022 5.145948867424812 0.09627272015737505 0
1023 1.277051132660003 0.1057471797714362 0
1024 0.2882588133648064 0.4220261018628583 0
1025 0.5635798656957597 1.24137038318889 0
1026 2.271263784435579 1.094953479920006 0
1027 0.2474550079864419 1.118710777186079 0
1028 1.50218161370047 1.533199231156286 0
1029 4.092897745327578 1.129918392027415 0
1030 0.2657677624296977 0.1088106851526224 0
1031 4.078522196135408 0.9490102926886677 0
1032 0.8405411535405252 1.42804706324512 0
1033 4.45194382099588 1.226944669389699 0
1034 4.410743808724975 0.8016569176295443 0
1035 0.8588339443979365 1.762433671063568 0
1036 4.973260877825353 0.1030660319219602 0
1037 3.942258980886368 0.1067985308289277 0
1038 4.966629808561885 0.2228450212094518 0
1039 7.750346370516468 0.5616319477025773 0
1040 7.507815211980747 0.7672963195280518 0
1041 4.084174229535891 0.1056009927795758 0
1042 0.5894065488198192 1.149133701306025 0
1043 2.026817710306799 0.5793900805990638 0
1044 2.042854420934136 0.4364574474823769 0
1045 0.103715916835702 1.374353328963783 0
1046 1.197482292927159 0.4022726611080332 0
1047 0.9933637891536378 0.3205850437137669 0
1048 0.4941697349167816 0.4538941912926835 0
1049 5.030740015876537 0.9711210123613969 0
1050 5.872300625709315 0.8032241030352065 0
1051 7.894393483469347 0.1056065165306653 0
1052 5.88405501075065 1.01758678697539 0
1053 0.7475747216935392 1.489200924181435 0
1054 0.1082399690449517 0.2535553564147633 0
1055 3.089861444920951 0.3210386611374298 0
1056 0.5616701046998472 0.8078420862314691 0
1057 5.63232240449966 0.3106511359842293 0
1058 0.6814322794960679 0.9512692886902657 0
1059 2.217970273249643 0.5462273470133271 0
1060 5.643196560997704 0.1138934734796205 0
1061 7.095934140635913 0.4239954549652277 0
1062 7.578946147016573 0.09367188505204535 0
1063 3.072515006349231 0.1182346706088726 0
1064 2.110192602423871 0.2386463439557882 0
1065 0.8493442317051031 1.344083270940768 0
1066 2.116142348245609 1.227964263513352 0
1067 1.372779989572328 1.146499303573701 0
1068 7.89859462749866 0.7183358917425847 0
1069 4.276618004210494 0.9531021677045984 0
1070 4.291160073687119 1.102553903676829 0
1071 2.33367105426812 0.9567059161951839 0
1072 7.090917591938725 0.2164455381062805 0
1073 1.59220204200946 0.7152212454259095 0
1074 2.880138090834673 1.220199679993809 0
1075 0.101949057919641 1.042694899120874 0
1076 1.49001886261479 0.3680162704585841 0
1077 0.2392093809729192 1.860049365795231 0
1078 6.464704066079159 0.2637145538817984 0
1079 0.9444139169450001 1.026849645134801 0
1080 7.898312127327109 0.4176663612977754 0
1081 1.525807999486977 0.8337222836707368 0
1082 1.28216036186329 0.578919829516402 0
1083 2.247614288350497 0.09261967193080023 0
1084 4.574007327136051 1.207995618788053 0
1085 4.546400442404733 0.800900835916416 0
1086 0.8794720448113679 0.6398529550225156 0
1087 7.349795830642407 0.3286185648094502 0
1088 0.847553763049212 1.638803201643151 0
1089 3.226427457293505 1.25674398521317 0
1090 0.5584039242351362 0.1018916161773016 0
1091 6.085965065914076 0.7991213794906158 0
1092 1.512431916683814 1.430109739156494 0
1093 0.7646866176343493 1.274621424261069 0
1094 0.6613759792991496 1.324852308612939 0
1095 0.49659159930098 1.651097034798751 0
1096 0.09698394147972664 0.5503319102412731 0
1097 2.138474423831862 0.4101905223742804 0
1098 6.082019715670544 0.9837884291074614 0
1099 3.304682009491264 1.402246823885566 0
1100 0.3873462758906152 1.168489317444998 0
1101 0.4747546459835547 0.8557934644007228 0
1102 3.25967325102651 0.8009653169288251 0
1103 2.310164443165619 0.5321776217746211 0
1104 2.138553134373383 0.9668937388583668 0
1105 2.73096000492277 0.2547040532751002 0
1106 2.19830049774226 1.278835795824889 0
1107 1.525958625702335 1.222522176022848 0
1108 4.396381811938859 0.9503885420138476 0
1109 4.408765041982387 1.101111774269353 0
1110 0.3736719120264299 0.7431527111681581 0
1111 2.717179045360512 1.068482760046569 0
1112 1.178091515728732 0.9303128170330053 0
1113 0.7953164072465706 0.2684551003688264 0
1114 0.2776911495105757 0.225313917537101 0
1115 4.745889406227642 1.188920238669332 0
1116 1.65088223546087 0.1043875990996934 0
1117 6.272227908438261 0.7783213489823657 0
1118 7.761317157758281 0.1007826912420207 0
1119 4.719038666896768 0.8057716037606061 0
1120 7.764690397546739 0.3692469624380277 0
1121 7.555456723678022 0.6228631832370354 0
1122 6.943563291639423 0.09881963458823551 0
1123 1.262307207445543 0.2070226352860877 0
1124 7.897276874921053 0.2412228770618747 0
1125 2.472507166160276 0.4830354197143484 0
1126 1.243633730804593 1.252125537651074 0
1127 2.307065872453022 0.3856482435608489 0
1128 3.519384099262673 0.2234841036084796 0
1129 1.995930060280049 1.104930080609841 0
1130 0.9807088695864596 0.6963972371150791 0
1131 5.415318592206518 0.2922308821177511 0
1132 2.71918661517337 1.49433781531808 0
1133 2.084024963648304 1.422072472150428 0
1134 6.91267177474043 0.489372690301112 0
1135 2.667183119562723 0.7966972470201201 0
1136 2.296601835383856 0.2371779526998209 0
1137 2.426819775297045 0.1030392962859308 0
1138 5.278654747294875 0.9487733283415474 0
1139 5.426299271620151 0.1025275486087688 0
1140 2.072984859489389 0.7939226181325136 0
1141 4.550995624257647 0.9686375175465987 0
1142 6.459686713376303 0.7464806800754855 0
1143 6.294853101760491 0.9584354390582694 0
1144 7.027249929496984 0.6897541916374936 0
1145 4.595405666044487 1.090232672068367 0
1146 3.505874421497492 0.09972778726414175 0
1147 2.171912118558177 1.084379059660078 0
1148 6.771286619782169 0.08556446196561115 0
1149 7.083710960249431 0.8387676273978577 0
1150 1.181172257875011 1.123747194583369 0
1151 1.593843211083315 0.230671837620939 0
1152 6.741380569364712 0.4694621110558075 0
1153 1.290637360118532 0.3855727791531247 0
1154 0.7662435049338667 0.811546226310481 0
1155 0.683731532762465 0.5637421559457589 0
1156 4.818120137592045 0.7857788053531922 0
1157 4.847695245098952 1.186483438349717 0
1158 0.2107723089995429 0.7313181090260662 0
1159 3.300468433773295 1.188198307816767 0
1160 0.9303945846644674 0.2285834637094464 0
1161 6.220312103134958 0.2434082449203843 0
1162 2.773516159954382 0.9387669359509628 0
1163 2.17715202186504 1.408206005651885 0
1164 6.479932685854107 0.9288826662538039 0
1165 2.581223456837344 1.374524142312249 0
1166 7.779168382893145 0.2650447799101669 0
1167 2.551939336069942 0.9409983350933945 0
1168 6.641893905943407 0.7259651136238671 0
1169 7.628038098268304 0.2391113678989864 0
1170 1.908268880288152 0.709427497618402 0
1171 6.906553038285918 0.8688071159612173 0
1172 4.812029986885515 0.09498192561240519 0
1173 6.93708713395754 0.2533429351337189 0
1174 3.603467305951416 1.218507986100811 0
1175 0.4213313454467546 1.840956026869737 0
1176 2.386946801740456 1.152582051456625 0
1177 4.804656321288467 0.2059234392326186 0
1178 1.283795460194619 0.8096552207585904 0
1179 0.6541422018484202 0.3840454626950073 0
1180 7.210404094495518 0.5552421565787985 0
1181 1.646655083701719 1.661540291845113 0
1182 4.118586454412169 1.040603722195391 0
1183 3.632540228197247 0.7936237256295079 0
1184 3.67661560405894 1.353702742817437 0
1185 0.7367768378070912 1.801199301003403 0
1186 0.2148312604851359 1.668190486311729 0
1187 2.569861268906867 0.4604233997116568 0
1188 1.886621850604635 1.625029376788665 0
1189 6.639469794374851 0.4599066852395146 0
1190 2.561846083780976 1.526488673306404 0
1191 3.27235306211613 0.2846862927599187 0
1192 2.517006912927632 0.7924189308226716 0
1193 1.271343177974287 1.725365131939326 0
1194 0.4212483521525875 0.2296910326204749 0
1195 6.890983445624919 0.3706823367705482 0
1196 0.8744015135072514 0.08443809250754716 0
1197 4.692322080341193 0.9185553219490187 0
1198 6.674976356919326 0.9018588895601474 0
1199 4.695027484391557 1.080753562927509 0
1200 1.034964778788896 1.357746976585057 0
1201 1.20587473185077 1.374036921091161 0
1202 1.170220590365098 0.7243096003806202 0
1203 3.124296078947147 1.035357965662021 0
1204 7.49491757923487 0.3953950068617084 0
1205 2.422229296788275 0.3729929419047733 0
1206 0.724318787144656 0.2038433118508128 0
1207 6.832268731125334 0.7046440637003891 0
1208 0.2095325499604599 0.9264566687240003 0
1209 6.663965472974933 0.09342616197094886 0
1210 2.523202360153696 0.09445336872053185 0
1211 1.130030900878788 1.488935746611792 0
1212 7.183795799777489 0.7063026548584134 0
1213 7.416520140744275 0.5342130202453891 0
1214 2.40303289469924 0.2148981819851112 0
1215 2.46347258041524 1.016714957962447 0
1216 4.994544161301322 0.7835284239977962 0
1217 5.024523039997804 1.154141204470317 0
1218 3.256445479175913 0.09393977958598587 0
1219 1.343908907179184 1.413095058952844 0
1220 0.9157965011750782 1.265883597779061 0
1221 0.4726649596737985 1.376974732060675 0
1222 5.556512345261677 0.9314386852575658 0
1223 0.3947114112548726 1.533671716109122 0
1224 0.9162268168655217 1.470303300410779 0
1225 2.276644990783177 1.45321686059777 0
1226 1.332971132872194 1.230897746104897 0
1227 0.5948990761576255 0.7262343793457535 0
1228 0.09256528520998439 1.209685001316044 0
1229 2.569760205075508 1.186337792566365 0
1230 2.648838787807959 1.242795527052771 0
1231 5.233622040831118 0.2726264713600074 0
1232 0.4057700866906025 1.669402001145928 0
1233 2.100310874491409 1.14485267181481 0
1234 0.7383532983833376 1.01498796992721 0
1235 7.417388771645048 0.2259562133483642 0
1236 1.660923249878591 0.4479272947994479 0
1237 0.08186533076430109 0.8262570415322549 0
1238 5.244081189524375 0.08675359212271445 0
1239 1.092895492511914 0.6093688442090057 0
1240 4.661410261853132 0.09069657021140569 0
1241 0.5697661581730745 1.558434231138278 0
1242 3.132245852653185 1.438733586531109 0
1243 0.380280315429491 0.3916185049920725 0
1244 3.075632453771223 0.7896013821163235 0
1245 0.9982962157448474 0.8766142412728573 0
1246 0.2041258011513435 1.202743244063322 0
1247 5.945079887216252 0.2277528644924582 0
1248 0.8444133821322667 0.967337167647442 0
1249 4.650352127573355 0.200330038871287 0
1250 0.4506135716175564 0.5372342407838533 0
1251 0.4462254234147678 1.088701437279068 0
1252 7.805162157096312 0.7409511855236994 0
1253 1.888740825688585 0.8671539152202327 0
1254 6.472141558489536 0.4402641896642329 0
1255 6.781816592520729 0.3649111652584095 0
1256 6.787461985722115 0.2081888925736757 0
1257 2.960192263560579 0.2267226052136802 0
1258 0.7569527759974256 0.5061393170464128 0
1259 1.436865286631251 0.2045953510415797 0
1260 2.24260803334924 0.9190298040866092 0
1261 0.6770023737521776 1.68620882307285 0
1262 0.09036857379258435 1.775199324251785 0
1263 1.10350910480924 0.7812111769055086 0
1264 6.497780461484135 0.08529649570764024 0
1265 4.873207883788234 1.052496559471986 0
1266 3.669272333128953 1.158195887054254 0
1267 3.180751906245291 0.9248256264315626 0
1268 2.195229155372049 1.584614989237207 0
1269 4.864922246170122 0.9210005618814017 0
1270 1.792001966366598 1.463207618476325 0
1271 6.64974756190413 0.3093919713415463 0
1272 1.114790773103743 0.4528908117427551 0
1273 2.998874978349794 1.32464316175155 0
1274 2.70391817536196 1.401316726914967 0
1275 2.967030321626837 0.9316518320551547 0
1276 5.091000772016833 0.7886966748158332 0
1277 2.671856078571229 0.8857707703596798 0
1278 1.975810578292179 0.3830506528827081 0
1279 5.116257719820421 1.143373045623819 0
1280 2.729991637076711 0.4233532165312727 0
1281 3.95103849866787 1.189819940333528 0
1282 7.174124439426219 0.4082553785583292 0
1283 2.824851394743855 1.120286751426886 0
1284 4.061469500320303 1.304858397087976 0
1285 0.5774148570915705 0.4608704520113072 0
1286 1.918777483547933 1.499468615068525 0
1287 7.418114698680759 0.8033801958207762 0
1288 3.981359056379746 0.7869258736463125 0
1289 0.2572367677328325 1.572578353041312 0
1290 2.57803309951019 0.345886898602068 0
1291 4.506517527233934 0.08880994497310936 0
1292 3.65455756219199 0.1887229123808742 0
1293 6.630015601781182 0.2073063117776604 0
1294 1.390675837420658 0.4853747515173192 0
1295 2.261859027583283 0.7855454806104356 0
1296 2.569032402536437 0.214403092158361 0
1297 1.943841969828898 1.248646666034509 0
1298 1.362108956756012 0.07757346324286134 0
1299 2.146864948654068 0.3144334959656863 0
1300 6.381218571395927 0.4304835036327465 0
1301 2.690797586035741 0.08748109991027611 0
1302 4.506362545252125 0.1794375522609829 0
1303 7.587071949146894 0.5155046499553141 0
1304 1.576910233061839 0.6358937700089342 0
1305 2.990759302602023 1.454671351904934 0
1306 2.938237242381211 0.7826765328182299 0
1307 0.6566188969901717 1.401326030785777 0
1308 6.401897886613439 0.08827797970979384 0
1309 1.400741704290394 1.542419889227346 0
1310 3.643631458321992 0.0917121351104887 0
1311 4.977929713974239 1.051123755066312 0
1312 3.506969540684608 1.020178302575139 0
1313 1.469016663916551 1.060657511843856 0
1314 7.653970501633935 0.3872396400062358 0
1315 0.08603551425014944 1.56003436224443 0
1316 4.974927376318544 0.9056045490429179 0
1317 0.9790635526090077 1.771528977551283 0
1318 1.94767905557797 1.371575923968976 0
1319 2.005614988275168 0.08126043650146975 0
1320 0.2379485505317961 0.621092149383885 0
1321 0.2058001255005745 0.2711865027727419 0
1322 1.816533649626249 1.353888345271309 0
1323 3.522430592541559 1.391518093709933 0
1324 7.72001655186375 0.6288145115022037 0
1325 0.2128946025183877 1.335701710636874 0
1326 2.903359865025133 1.042039588111363 0
1327 5.272248057510224 1.122350754054969 0
1328 0.5676189396013781 1.726869780675181 0
1329 3.46914110156438 0.7795564077843706 0
1330 5.251957288007619 0.7795501113436869 0
1331 5.067147275835556 0.08150183411924186 0
1332 5.058941498039403 0.2620056065224036 0
1333 0.8840836431025052 0.3971926092367241 0
1334 7.501614945540146 0.07817370095778187 0
1335 1.960753381045322 0.2186316937683165 0
1336 0.2022063126087282 1.50334354185162 0
1337 3.0646730872337 1.203839021553188 0
1338 2.978252235838891 1.15759817862502 0
1339 1.82547126990058 0.6960295207990737 0
1340 5.10690453551857 0.9983294437358188 0
1341 6.223572309840526 0.412574691291366 0
1342 1.679218897259055 0.8773098108671707 0
1343 1.803647347175906 1.644099471390916 0
1344 7.219288204472129 0.0811014233401721 0
1345 1.958947855974388 0.9060691090636023 0
1346 1.373190195205482 1.309684004605177 0
1347 1.000440938437619 1.634662170770619 0
1348 2.636745267753138 1.056720771088242 0
1349 6.24569643697825 0.07843946387094998 0
1350 6.522984776177336 0.1966311589506333 0
1351 7.917873563712256 0.6288763672706861 0
1352 6.513755740878184 0.3368077126885254 0
1353 7.16093163999838 0.8417613767690977 0
1354 5.124844018210114 0.8991858521197813 0
1355 5.793718695625151 0.9233375360056069 0
1356 1.095525249161261 1.053623891008293 0
1357 2.816582553384983 0.4131524560570878 0
1358 7.328507720081677 0.4390242648202602 0
1359 0.7361751913339729 0.373683792301293 0
1360 0.8441224208755616 1.140498593027739 0
1361 1.479113664467516 1.694131645235585 0
1362 5.709036063351012 0.2130014795758388 0
1363 2.777120151161008 0.07986422129495357 0
1364 1.577778403820815 0.3181345916806846 0
1365 3.443510461998369 0.2553169274527093 0
1366 0.3794387569223919 0.08104033618334021 0
1367 4.009519716266244 1.129063526860554 0
1368 6.390989266161236 0.2898951247563852 0
1369 0.9871152420262166 1.177582318773541 0
1370 2.294369774793694 1.172665603646416 0
1371 3.560771863018578 0.9095414100501077 0
1372 2.682830246107416 0.3314871409886929 0
1373 3.421681587989749 0.08061250286865965 0
1374 5.336965292260942 0.7779393820200081 0
1375 5.358980993606572 1.119679939421111 0
1376 3.401948917727335 1.277592385129587 0
1377 2.340808876763568 1.568975526595702 0
1378 3.40330511899352 0.9140473537161438 0
1379 0.241656067424654 0.35595255357098 0
1380 3.124187423074926 1.359164909228898 0
1381 2.67243087028089 0.1885082137864362 0
1382 3.08714794929125 0.87324116274816 0
1383 6.372195190184934 0.1935427002719259 0
1384 7.296763172302018 0.8128651499065627 0
1385 6.14056140089254 0.407950963945241 0
1386 4.728032767459382 0.9964731956767896 0
1387 2.350188555193729 0.782611104459688 0
1388 1.06769016554888 1.201301537112138 0
1389 1.558895089193225 0.477549822423327 0
1390 1.461785747792973 1.171145716821424 0
1391 0.07776409337608878 0.3650239108308702 0
1392 1.934337589270572 1.030397064015144 0
1393 1.318486536705161 1.086025873025154 0
1394 0.6718852152679339 1.131391435918119 0
1395 6.160893213299259 0.07722527338077168 0
1396 3.228331508255457 1.089193707658724 0
1397 1.807488607658153 0.3506059495322664 0
1398 1.173649386225208 1.296937850288207 0
1399 1.738389988119085 0.8102149799243252 0
1400 7.260572397329624 0.1994658650117985 0
1401 4.368477359907845 1.262412320051099 0
1402 0.6830856549227294 0.08010808175028918 0
1403 2.41291708432482 1.415304419321123 0
1404 1.729677414632787 0.07203917618321254 0
1405 4.31937662898379 0.7837666773628726 0
1406 1.087655639758391 1.281414955553758 0
1407 3.33802947041469 0.788095909708759 0
1408 3.385657115722018 1.4151902984956 0
1409 0.5253611546289937 0.3022987308580722 0
1410 0.3167687108936537 1.421706385859955 0
1411 7.230708365428893 0.478097160601493 0
1412 2.054845274739163 1.495488362627694 0
1413 1.146962472867165 0.08134435420734178 0
1414 5.235626506573898 1.023905230607027 0
1415 0.5905874821038654 0.99997893643935 0
1416 0.5012896092438612 1.293555086209953 0
1417 7.739703651915092 0.1946908365070263 0
1418 5.22449189721284 0.8891485268085201 0
1419 3.873034810476376 0.9998552307963426 0
1420 3.190653814634147 0.1953267979979754 0
1421 0.9319383806336659 0.8257951489782271 0
1422 0.1860797338612813 0.08166054649911894 0
1423 7.658364426709645 0.7710478983667486 0
1424 0.7237889109098001 0.6461651143153699 0
1425 0.6865107000102293 0.7252310066797352 0
1426 1.823740288058096 1.110156047451518 0
1427 2.284184707846398 1.284180700586159 0
1428 1.897191774831006 0.4529484343915393 0
1429 5.480073428662669 0.7765801555290015 0
1430 0.06853756637297113 0.6772654342295357 0
1431 5.993212530000074 0.3843033077824071 0
1432 0.6404119345130646 0.876062910855281 0
1433 0.1942486343272181 0.4175428845152355 0
1434 1.856367482242546 0.0738994742480315 0
1435 5.508682675454548 1.090343169760429 0
1436 4.878281902914143 0.2383860919018977 0
1437 1.311686216901337 0.2703118021517978 0
1438 0.5110244292654447 0.9595764692229386 0
1439 3.297530676963332 1.022826702148359 0
1440 4.90123120861333 0.07486188011401369 0
1441 7.275215369146722 0.7259421942150504 0
1442 1.798705670952356 0.2091993276049124 0
1443 1.717188515189252 1.221853606065277 0
1444 2.81295258641008 0.2821751639916809 0
1445 0.9778058346198721 0.5076504649845006 0
1446 6.262044228315697 0.3150111170787005 0
1447 6.272608273846577 0.1858414474902244 0
1448 1.437587723737336 0.9878863577176427 0
1449 2.555816763534597 1.443136374582388 0
1450 3.462911571554539 1.164375314350429 0
1451 3.385075540160781 1.118845113944451 0
1452 6.010073973342721 0.07894720691231571 0
1453 2.032416851402094 0.252151768492455 0
1454 1.103458179176453 0.1861815241565504 0
1455 7.071400912903882 0.5699746002735064 0
1456 2.504874389601673 0.8728167538300723 0
1457 2.385555873750716 0.8864975841105054 0
1458 5.517469843717306 0.2023273475373674 0
1459 6.143909587269602 0.2713444812755775 0
1460 3.834967251602023 0.7766975629411531 0
1461 1.591186054409948 1.080866126647894 0
1462 5.357009834291217 0.9807107097931534 0
1463 2.953464868891321 0.388370135569675 0
1464 2.101058497112867 0.5982816074992569 0
1465 2.02752122755029 1.380303306120663 0
1466 3.875826636119206 1.342001445697054 0
1467 0.3704776149407668 1.745317130073944 0
1468 3.050051198262025 1.041072283570085 0
1469 1.811440339886749 0.9635946943381239 0
1470 7.169282019824931 0.2397447382630294 0
1471 1.890261854102006 0.5384461224077058 0
1472 1.356244809701416 1.607756242960748 0
1473 2.81077756054239 0.1849007775397497 0
1474 0.405375581276777 0.8132599737134584 0
1475 6.014757870896354 0.896211937738372 0
1476 5.593829047489953 1.085197765121642 0
1477 0.08082492748895898 0.1823875824045592 0
1478 0.2940989767623793 0.7630881944348936 0
1479 1.12693185973924 1.751442490154982 0
1480 5.370421424172351 0.8858426398419944 0
1481 0.8186714910527108 0.3482927362513857 0
1482 3.769969700208626 0.07693183589352207 0
1483 1.040571777450477 0.4143921031803848 0
1484 2.443803784315572 0.2980334958943094 0
1485 0.3674556957746091 1.003041215494322 0
1486 1.241665915463913 1.076116540476128 0
1487 5.571343101649486 0.7754478649178488 0
1488 3.783297643417287 0.1747345633449406 0
1489 1.715432772712207 0.5998669237244124 0
1490 0.07688454974004121 1.29921949798846 0
1491 4.378403386575806 0.07514339600559558 0
1492 2.917695109442046 0.07185590156598194 0
1493 6.205004622776188 0.8727748595887563 0
1494 1.860689909685896 0.2987367386943943 0
1495 0.3798365600613884 1.360386240303895 0
1496 7.386432041850149 0.6859564006594224 0
1497 0.5787597840019504 0.184862320993763 0
1498 6.128070536161276 0.1829350149100364 0
1499 4.373048403525964 0.1711822580376621 0
1500 0.5860569790663239 1.425495420721341 0
1501 6.835466017546651 0.8987747948299466 0
1502 5.916271500921149 0.3721900824690881 0
1503 0.5999791016472221 0.5889459134182341 0
1504 3.509962505476291 1.303996082020724 0
1505 3.762922309329821 1.239326298101631 0
1506 3.914858468761701 0.8950833787506075 0
1507 7.362347301302378 0.07655049162234354 0
1508 5.928046909348448 0.0743598971074504 0
1509 2.74051520026211 1.147426092121178 0
1510 3.766775080444545 0.8996818596591887 0
1511 7.016550298239251 0.0755094930227292 0
1512 3.473983454932074 0.8606047420486433 0
1513 5.769289228730353 0.363922232684705 0
1514 2.839167582504657 1.496630468836331 0
1515 2.785023402050088 0.7773442362155158 0
1516 1.948431238914799 1.160683778392604 0
1517 5.788876248860434 0.07084204453647105 0
1518 0.290818051195447 1.027991594750735 0
1519 4.56393540656973 0.8873114575321321 0
1520 1.306198700816349 0.6530326705487849 0
1521 0.2576088386742019 0.853917344679658 0
1522 2.419762659801875 1.562914682427752 0
1523 2.388047399710422 0.5279422681798919 0
1524 0.3449383280210162 0.6335266286477059 0
1525 5.732494316937809 1.068022674958677 0
1526 3.605234686769478 1.062312592322436 0
1527 4.656572072699776 1.226025424571265 0
1528 2.647738353833007 1.525815014224806 0
1529 6.355213670455482 0.8537179468838177 0
1530 2.438086225886386 1.100043618349273 0
1531 7.484280132161744 0.4688683233205266 0
1532 2.591829973437225 0.7761369975775858 0
1533 2.539763065346259 1.110942689231016 0
1534 0.8248798084925841 0.765952932285052 0
1535 5.710349344509435 0.7729910462511628 0
1536 1.070459786749087 0.2875976649674629 0
1537 2.324999999994355 0.07203193584128655 0
1538 4.625851765908328 0.7767215488959678 0
1539 5.797757511312494 0.7753097745672288 0
1540 1.514330201458239 0.07390700963228478 0
1541 7.674631728577378 0.07509331421461746 0
1542 0.6436627824358622 1.580297746108132 0
1543 4.249481266208049 0.1554017211959148 0
1544 1.570360949112407 1.483241805011441 0
1545 4.724758161860509 0.2238649889493205 0
1546 1.115746256197762 0.9791553980727224 0
1547 0.3488849827776961 1.273332943767877 0
1548 4.011504410957787 0.07221402412987306 0
1549 4.252845929846861 0.07574892958590032 0
1550 1.342427322021692 0.7554618274239022 0
1551 7.579205288281701 0.7880086913354232 0
1552 1.167638877431618 0.3299143998835214 0
1553 3.748355700700136 1.360675409628743 0
1554 5.8166284625058 1.052056986789419 0
1555 0.07188527904972117 1.913639978482278 0
1556 2.848955126936231 1.374480963470487 0
1557 7.195863781589339 0.3404711152335559 0
1558 5.472416931370024 1.003430457705385 0
1559 3.706479002868787 0.7754163887499386 0
1560 0.1832520686889555 0.5648885965561919 0
1561 2.336189158075382 1.407435825752976 0
1562 2.168457070335897 0.4784112945288135 0
1563 5.46381704183713 0.8760481237695086 0
1564 7.924160001503356 0.4867559616806276 0
1565 2.028655891446089 0.5085670693306565 0
1566 0.3067123493590021 0.4943371008996147 0
1567 0.3675169533637077 0.8984135859684461 0
1568 0.3790596355884067 0.5607952175302152 0
1569 4.734550054174701 0.07352315645523892 0
1570 6.867178736681437 0.07440212638056447 0
1571 7.925721001980103 0.3255173351336325 0
1572 1.253000126415782 1.534060417634388 0
1573 2.513057634915755 1.322405315972006 0
1574 7.452625676469555 0.5983640566052458 0
1575 1.026429490517774 0.6316144824219503 0
1576 3.66954924400981 1.000322136132211 0
1577 6.026957701701617 0.2983417134106084 0
1578 6.543467894810377 0.8307051529701528 0
1579 6.837116415429568 0.5076924580485517 0
1580 1.453108837413416 0.8502733769393015 0
1581 2.303641754418226 1.027635112533906 0
1582 7.64119047484119 0.6518792042865458 0
1583 4.158771727954413 0.9778255889329439 0
1584 0.6143476262407952 1.836414263763305 0
1585 7.032638597121581 0.3674835001344888 0
1586 1.734969442761716 0.9645527196534728 0
1587 6.034362714784129 0.17329559388539 0
1588 3.591693085230536 0.2270654971158913 0
1589 0.4423884170447492 0.6926680453403932 0
1590 1.76785669112759 1.54664343431456 0
1591 0.07375529847385903 1.11026918662022 0
1592 4.20142406518371 1.29926154135209 0
1593 2.635598649400378 1.30764748617367 0
1594 3.56970557715418 0.07102751991918077 0
1595 2.607509885432121 0.9869313870165388 0
1596 6.917867332066206 0.1744858984247413 0
1597 2.144802347653268 0.8920243332031845 0
1598 1.101583519447402 1.66268286343332 0
1599 4.171863047036559 1.092671359089645 0
1600 2.915115668658851 0.2972638605042053 0
1601 0.9218107972609861 1.621618797533391 0
1602 3.823513956211127 1.132052569849072 0
1603 3.753298120123548 1.08960082250667 0
1604 4.163890237025183 0.7664234734268701 0
1605 1.758710929095953 0.4685216526972085 0
1606 0.3186916004865304 1.14485165362578 0
1607 7.828993761947714 0.07096436074284845 0
1608 7.145181929543473 0.07706519688652606 0
1609 0.4496037836315465 1.22531296423355 0
1610 7.51075658572411 0.2663137272167114 0
1611 0.65544432871722 0.2254304293933381 0
1612 2.818817792267005 0.8755133406637037 0
1613 2.729378839120602 1.24607047434299 0
1614 3.434907733366575 1.013408984290859 0
1615 2.977829551224025 1.390852202898982 0
1616 2.903766178179616 0.1703133554124743 0
1617 2.772415602884684 1.363307808416665 0
1618 0.7132027488019363 0.865815488572876 0
1619 2.937556742499474 0.8588250594335696 0
1620 5.302018134350723 0.186199842932887 0
1621 1.270946116397709 1.410478170794743 0
1622 7.031362822588109 0.7626071806529269 0
1623 1.02361957092038 1.056269548693965 0
1624 5.777205309934731 0.2331623095672695 0
1625 5.689744441977686 0.3558961368005459 0
1626 1.712720634376835 1.041185040982848 0
1627 2.19705230830147 0.3684375570130557 0
1628 0.3017856803137435 1.890826161061038 0
1629 6.976211681980482 0.5279616456967621 0
1630 2.02418789611733 1.628868836734842 0
1631 3.03433824930999 0.3714870589794487 0
1632 5.56127406157043 0.3367614612287009 0
1633 1.77595998919845 0.5467402743236485 0
1634 1.027217102159558 1.535882297781691 0
1635 7.929603652545833 0.1696550058429915 0
1636 2.066577904850953 0.9773316403529755 0
1637 5.710217674055308 0.06899503757901911 0
1638 5.937263593547166 0.886170540314385 0
1639 0.775069710501593 1.630608488624938 0
1640 7.410276431387234 0.3690461935537193 0
1641 7.529779466177333 0.6980084846678356 0
1642 1.007802595915474 0.07825284340169099 0
1643 0.2482127305874907 1.263446400194651 0
1644 4.247389716945611 0.8800141639730219 0
1645 5.579817338834191 0.06987198502796657 0
1646 4.272200802548372 1.177915090463221 0
1647 2.143917734574419 0.7723349082069575 0
1648 0.1702573896816269 1.069914227168515 0
1649 2.994730276179156 0.06838776195784511 0
1650 6.919959916060511 0.7836348932590051 0
1651 5.957163478813237 1.033677292800004 0
1652 4.62229771487526 0.929773260647643 0
1653 0.4151419841789755 1.597333039414199 0
1654 6.731065233508615 0.8067204499581493 0
1655 0.4933810555306176 0.5956484865484035 0
1656 5.600424924700503 0.8728045280175913 0
1657 1.440092536527949 0.6643159828356053 0
1658 5.609640134187739 0.9869017638924258 0
1659 1.667069936182557 0.3765819343392232 0
1660 1.859337639732911 0.1521719587725816 0
1661 3.069549838298157 1.471482785093864 0
1662 1.857097480382923 1.034378900425743 0
1663 2.403722927228356 0.978349674378306 0
1664 1.827160639485028 0.4222736107021784 0
1665 0.4468101943276088 1.494965324989167 0
1666 3.024341116338889 0.7710233590180586 0
1667 7.296244824680072 0.5905157581491257 0
1668 3.865061660825386 1.268581670402141 0
1669 3.836849856593207 0.8537200711426279 0
1670 0.8995176725561819 1.195421005097256 0
1671 4.954700056341709 1.18896523602053 0
1672 4.102361941682275 1.201879384192064 0
1673 5.810202910288289 0.1580102419930539 0
1674 3.142760629811661 1.12010493027662 0
1675 1.209803812086062 1.626351257943118 0
1676 0.4917893918147316 1.856643927264172 0
1677 0.482310130661374 0.3837119354261338 0
1678 1.345507468734491 0.339374821561619 0
1679 4.106898760379361 0.8863255812895732 0
1680 4.923053048325947 0.7680468340217036 0
1681 1.519011940234016 0.5510802202547977 0
1682 7.356731605400666 0.1586280234735022 0
1683 2.856557508285254 0.9781671354528213 0
1684 5.891090569879328 0.2833569988802417 0
1685 1.514120825801836 0.1970169589236493 0
1686 5.721877559316294 0.93492181291191 0
1687 6.013224744898215 0.7713208937217454 0
1688 5.899533594546098 0.1705258126246424 0
1689 3.242691612631618 1.442742120168263 0
1690 3.1944628512568 0.7713895220798854 0
1691 0.3444991107336914 0.2510845333626665 0
1692 1.447576203002982 0.5551101579886519 0
1693 3.344533424813826 0.1784640201879987 0
1694 6.972018854928047 0.8936328456026437 0
1695 0.1840399597036224 1.894552124157326 0
1696 4.574376027094726 0.2093929115436817 0
1697 1.817150787739845 0.8543119462272992 0
1698 1.490469956830601 1.29083258961693 0
1699 5.689018145460952 0.8648256312202688 0
1700 2.513103862238519 1.226644182301379 0
1701 1.600713403719464 1.14511134597542 0
1702 0.4549747488228002 1.013418375662678 0
1703 7.59797986283276 0.1711791511341361 0
1704 2.97115686426054 1.084144306133371 0
1705 3.956467492218517 1.037088221719091 0
1706 5.934204017648689 0.7688548293323368 0
1707 1.199404453059891 1.752553628362307 0
1708 1.412391454344923 0.7591696930057735 0
1709 1.58710886500693 0.7928560996297013 0
1710 2.42015947249786 1.212483621640425 0
1711 3.043512274436608 0.2703628387687156 0
1712 5.823209687590986 0.854536108185328 0
1713 1.157590235141462 1.421122715191905 0
1714 1.115712312331335 1.147475780147563 0
1715 6.159103814072321 1.003238238390938 0
1716 4.581753032777367 0.06696089183865919 0
1717 1.64078112453041 0.59119304311632 0
1718 3.997141438387281 1.328648901837127 0
1719 1.33588724277087 0.8775297244022087 0
1720 3.253924457383784 1.334181538472566 0
1721 2.052674766651587 1.257856747374796 0
1722 3.017942975554447 0.1830990447204041 0
1723 6.863057087024236 0.2216814493186318 0
1724 6.540144178993201 0.4730801680085923 0
1725 5.831011056875591 0.9692114367273417 0
1726 2.301145549363888 0.4518060685976474 0
1727 1.411467496316219 1.716551969666191 0
1728 1.584829009309019 0.06873172731748717 0
1729 3.123324447006866 0.06619569212765343 0
1730 4.519687616012214 1.061714144255955 0
1731 1.229586546238202 0.9596886425677182 0
1732 6.027532446681802 1.026261234158302 0
1733 0.5299635464480558 1.106396731456788 0
1734 2.009068778784193 0.7721074249737854 0
1735 1.586784395139643 1.254733243169603 0
1736 4.053977960233938 0.7688078566198367 0
1737 3.157593428030181 0.3417529001883919 0
1738 1.240018299003378 0.4517025039766727 0
1739 2.181793758084018 0.06522944485786801 0
1740 6.627689988095972 0.3797805179400962 0
1741 3.889782454215312 0.06804068915573698 0
1742 0.7972423992595895 0.6557045106574808 0
1743 1.602113050457995 0.9645808486662623 0
1744 2.944984583671516 1.276307963947868 0
1745 1.678820307928324 0.7296846657297961 0
1746 2.076069255247702 0.06551339127069224 0
1747 0.7280260036628081 1.082439792329721 0
1748 1.743304854153759 0.665381409441042 0
1749 3.897301135118578 0.1545431638520697 0
1750 4.0163607289082 0.9795088470847829 0
1751 1.62056878210928 0.1639094644337611 0
1752 0.2776712745136244 1.77993138531387 0
1753 6.578678743328538 0.0648230371766219 0
1754 2.26408407708699 0.1684043799274083 0
1755 0.27931603669217 1.642357503459362 0
1756 7.831195188177291 0.3999708604026565 0
1757 5.153439688363157 0.1781590559008261 0
1758 1.669148938729097 1.379093721107901 0
1759 7.318811755910584 0.6681399384877102 0
1760 1.72200212639085 0.3319167909445649 0
1761 5.478770315485107 0.3329233162801462 0
1762 0.8702597203581298 0.2510392132232094 0
1763 3.053077468083108 1.267097202597627 0
1764 2.733233161717035 0.994793429288044 0
1765 3.027077343627691 0.9671697663362941 0
1766 1.214709919396067 0.06755378938699215 0
1767 4.130340877765285 0.1522255465339447 0
1768 1.675774404852947 1.564273718794403 0
1769 0.9436494978443346 0.3710441089794438 0
1770 1.913985626280022 0.7810211763022465 0
1771 0.8886995445880205 1.067576369999947 0
1772 1.976445421417077 0.6459216024338464 0
1773 0.06522998810032753 0.981210095669359 0
1774 5.496435526000384 0.06166608298686969 0
1775 2.195331417703236 0.2557772586855794 0
1776 4.4786032106577 0.7636265281179428 0
1777 1.443250887602079 0.4260634648504115 0
1778 7.100611723653074 0.6927180833955164 0
1779 6.133066495227145 0.7514696190253626 0
1780 3.235298323767504 0.8606991894373073 0
1781 0.06699740709301484 1.436324388042034 0
1782 7.821457502546103 0.5754910296728001 0
1783 0.5861782866784959 1.068631042516632 0
1784 4.514742732930455 1.25799525479994 0
1785 3.333596016637804 0.8426464280838054 0
1786 3.6190326973049 1.393567347415711 0
1787 3.372382486514701 1.343229117727919 0
1788 2.130480121468215 0.1855226117184982 0
1789 0.979107111188403 1.424819693336433 0
1790 3.143996430630049 1.209170036561522 0
1791 0.808026250982802 1.813121170597141 0
1792 2.666782925510318 0.4671869089908484 0
1793 3.186897886155167 1.319645492901954 0
1794 3.801649577119355 0.9953834527618985 0
1795 1.211808471761358 1.187735047406967 0
1796 0.9192405615599082 1.790522328428112 0
1797 1.438213797426351 1.107313019638911 0
1798 1.706064242121191 0.2575542671874289 0
1799 6.959108889817 0.3458392222453847 0
1800 6.208155872039511 0.7439644617136785 0
1801 1.018464733165578 0.155123846547958 0
1802 3.578371975641341 0.7688796360082402 0
1803 0.805429193486343 0.0681163755553028 0
1804 1.538027625419842 1.577978429704685 0
1805 1.067971851666775 1.403638906460867 0
1806 0.6832822110325036 1.828656921254949 0
1807 4.138199118899542 0.06793321742038368 0
1808 0.06562412282194012 0.8995468015071244 0
1809 0.6172618857333512 0.06666576788336818 0
1810 6.238369397614108 1.000543974889509 0
1811 1.214198336223086 0.2463136559393665 0
1812 2.616959434866777 0.0644778425830889 0
1813 1.052497558632502 0.9221604744477599 0
1814 1.517667380247392 0.67464059559102 0
1815 1.746832735134148 1.663994780888965 0
1816 7.387202035440416 0.2724736163295293 0
1817 0.9635654769472101 1.322834327969899 0
1818 0.06834992667386137 1.638874903028452 0
1819 0.6868713546204803 1.522859569920992 0
1820 0.07516991548744625 0.5947667204210356 0
1821 7.431682904147592 0.7338923887208564 0
1822 2.446281936262502 1.347023657393333 0
1823 1.952322855280637 1.641080578957313 0
1824 0.1513101794581783 1.422353779106179 0
1825 4.420614260288345 1.157597290677083 0
1826 0.6163257228418946 0.5162290220617407 0
1827 5.930678598824197 0.9572098788864074 0
1828 1.109356204010618 0.5338462945385692 0
1829 0.7730100993990888 1.21204063388166 0
1830 0.3155286574870868 0.06620711400600876 0
1831 1.202247573782594 0.5706281572300951 0
1832 4.417880260356587 0.8709458241039651 0
1833 1.452409036945004 0.3107928442942596 0
1834 4.275026479024167 1.014100920579268 0
1835 0.988504623130573 0.9516931040340326 0
1836 6.325641832993981 0.731247698061696 0
1837 1.79613639062308 1.216002530097742 0
1838 7.27292823200187 0.3233598470672491 0
1839 3.7242479239174 0.2049293378742869 0
1840 1.643850856925994 0.5140013632701421 0
1841 4.583462220375091 1.147656200007216 0
1842 1.643866376228979 1.496084018659376 0
1843 2.181752913544744 1.347301683279209 0
1844 7.201191502979309 0.624465885246612 0
1845 2.17007145470505 1.026393003783279 0
1846 5.581058169867751 0.2605124147975174 0
1847 6.399818340427061 0.7242680315356564 0
1848 7.151200965425599 0.561620008141981 0
1849 3.511488170052108 1.087676416079788 0
1850 4.197868540341327 1.229987371650334 0
1851 5.113211285200296 1.067085807120014 0
1852 5.594921839547085 0.1466465870099502 0
1853 5.378526655844817 0.06691234354360007 0
1854 2.657791626799705 1.375693056760913 0
1855 1.957974562052487 0.5632345394355599 0
1856 2.219164969587979 1.49200065133655 0
1857 7.374251653585278 0.8283424462930884 0
1858 3.264026103036445 0.9612765570857755 0
1859 5.354062308453019 0.3177807687073731 0
1860 4.166801932468543 0.8431990589955634 0
1861 2.621378433034931 0.9216545171056436 0
1862 3.452008434768616 1.420868055482611 0
1863 6.514996865377059 0.7098810532824039 0
1864 2.475202235337131 0.2299696264710379 0
1865 6.63043567149046 0.9403264064018155 0
1866 3.408958129393824 0.7644088061235241 0
1867 0.5644718461349034 1.487885382573664 0
1868 6.536328624516841 0.9537978444789683 0
1869 3.123077186148346 0.2535682109687047 0
1870 5.172217937912617 0.7613661245391875 0
1871 7.225888389333585 0.8540442019645886 0
1872 1.588076390676627 1.389639962241391 0
1873 6.38478192738795 0.3565098040666995 0
1874 6.134722480489271 0.9372562603925254 0
1875 2.395929648388737 1.28913683455142 0
1876 0.7705569028815537 1.546493177155741 0
1877 6.600139261613657 0.7051761345463536 0
1878 0.9216692297738305 0.06530026721539588 0
1879 1.721537138855722 0.1408281320025178 0
1880 5.199645215998777 1.158267271651109 0
1881 2.939603195960851 1.191003536786563 0
1882 5.50148508461574 0.9363381239095039 0
1883 2.028142693886409 0.8426050677853127 0
1884 0.1787292028773105 1.822140808807702 0
1885 3.362220203480172 1.052564124321186 0
1886 0.7862252575795234 0.1812673416855896 0
1887 2.163404773901286 0.5851646041642059 0
1888 6.353764551492883 0.9809196298812493 0
1889 4.024623231443936 0.1391235752361297 0
1890 7.421163171269375 0.06855565296361335 0
1891 0.7148976425834098 0.4338529129160555 0
1892 7.480064943449134 0.1468644791694671 0
1893 2.857283672614941 1.178990172839025 0
1894 0.1524579544176756 0.9978125194784335 0
1895 1.751958190799655 1.095002291889801 0
1896 7.071170245189921 0.2785476271072865 0
1897 0.4472574538806385 0.1811293450383919 0
1898 0.5143019841708401 0.151746744662131 0
1899 2.935208089809263 0.9611933487657276 0
1900 7.743914206578411 0.433398357900348 0
1901 0.5043800866262405 0.06533838403566383 0
1902 1.843384389889181 1.275221706513977 0
1903 5.997959023177683 0.2323116079963739 0
1904 6.294888624269725 0.4448926950261969 0
1905 6.705177248434846 0.6899104037122588 0
1906 0.2442806825565793 0.554997908891109 0
1907 3.104775048711282 0.1494840747097744 0
1908 1.214290111861489 0.8783212516526523 0
1909 4.432672758779838 0.1944619497213551 0
1910 4.452095421694556 0.06457919361365337 0
1911 1.735032944404334 1.331062426802809 0
1912 0.1977584381086754 0.6861043842834708 0
1913 0.8707530332349933 1.700646906074301 0
1914 0.06509191453618005 0.49344685257645 0
1915 1.698894683545498 1.147618941591455 0
1916 3.629425718464501 1.29003511894938 0
1917 3.705777251066826 0.05705397650523813 0
1918 6.582003584983063 0.3376415869751195 0
1919 6.790461570437946 0.6850583387568642 0
1920 1.982862646674274 1.510403461024291 0
1921 0.8670590054563179 0.9062152638849674 0
1922 0.893823080494597 0.5678685375927821 0
1923 7.05965919747926 0.63186774238293 0
1924 7.705852962086558 0.2350458218370357 0
1925 6.325897444586814 0.06010198456708204 0
1926 7.035993030354257 0.4344444358540547 0
1927 6.435625788229676 0.9689619149283415 0
1928 5.466103202142592 0.2536520851665057 0
1929 3.227625201168053 0.3270071126870067 0
1930 1.511560600280158 0.4290913284866296 0
1931 1.232330579249811 0.6509906581202813 0
1932 7.16867797936445 0.7897941449360466 0
1933 1.407295433758502 1.395833164812401 0
1934 1.840715990261027 0.5965814429619221 0
1935 5.466992715892842 0.1479198020847924 0
1936 2.787422998627135 1.525822052377362 0
1937 1.603613590191764 1.699171954192077 0
1938 0.8447540807854762 0.717475702100937 0
1939 7.684893782568249 0.5338964647167243 0
1940 0.6163509539115769 1.273809317956992 0
1941 1.901545925272878 1.561953527046171 0
1942 3.338435695397399 1.24668910972695 0
1943 0.064785321184266 0.304906546156381 0
1944 0.06422617905499599 1.824989353499575 0
1945 2.30148813796078 0.3155096198252005 0
1946 0.6254334734529351 1.707451737135057 0
1947 2.730077851532148 0.7555575755060511 0
1948 5.371198565608214 0.2119531339016041 0
1949 1.543013990769658 0.9256332961197394 0
1950 0.9305007857558802 0.65672815273726 0
1951 3.198250694934869 0.06348534312591082 0
1952 0.9084168360568321 0.4611309369763826 0
1953 1.108874738276235 1.532634597340496 0
1954 2.032432840057586 1.04223072847139 0
1955 4.802918699511755 1.211968928022355 0
1956 0.9125424306571552 0.1722334828894059 0
1957 4.769336659277061 0.9333174388755945 0
1958 0.3912823179383462 0.3072133191459972 0
1959 3.164773493937476 0.9757878513804805 0
1960 1.365980956319506 1.006658368041115 0
1961 6.978921973654546 0.6653304585188622 0
1962 6.911439976598122 0.4274647761788155 0
1963 4.945627079922364 0.155329914112291 0
1964 3.440319405711436 1.234904934123774 0
1965 3.341351856458284 0.9413717200831534 0
1966 2.253749431038439 1.225334672149736 0
1967 7.843737121306161 0.263460435318622 0
1968 0.06307203336743508 0.06307203336735591 0
1969 4.406417365052813 1.002083656780246 0
1970 4.459603026356785 0.9466848094733633 0
1971 2.127928969668364 1.618751466258479 0
1972 4.777821460024858 1.037207206809888 0
1973 6.901172214932966 0.6723158363537285 0
1974 7.357861345616106 0.4927065889639669 0
1975 2.337546699148751 1.107724040809716 0
1976 6.020313945533474 0.8457230097534444 0
1977 7.510862761225368 0.3305198324232396 0
1978 0.4243057312367333 0.4302452960729709 0
1979 6.12366258257615 0.8347890024317791 0
1980 0.8026427694293377 0.524251849025221 0
1981 6.23957988570728 0.8166805817880383 0
1982 4.771337230087815 0.770557376285991 0
1983 3.713665321019027 0.8235931952738098 0
1984 0.374422800496025 1.880571482727117 0
1985 1.969241822673175 0.4306255276485444 0
1986 3.925702210421006 0.7593935630002452 0
1987 0.1461269985341243 0.4942157563690652 0
1988 2.25824013884995 0.5707918425458401 0
1989 3.49136011598556 0.1573484013603032 0
1990 1.30133193393449 0.9389993434255657 0
1991 3.739586872697473 1.29800787426146 0
1992 3.611949748727468 0.8492055843450612 0
1993 1.788593546194892 0.06294911652463293 0
1994 7.126232004409315 0.1624600254754388 0
1995 5.676757464458657 0.2662248482392734 0
1996 0.06324841645566104 1.515667056302292 0
1997 3.515561329339515 1.17643931394973 0
1998 1.320592997086321 0.5407675026737877 0
1999 6.692138107951143 0.2342564472841052 0
2000 4.348411747984855 1.121979489906685 0
2001 5.670471120172395 0.1650057734245333 0
2002 4.337243176347038 0.9590502583044122 0
2003 0.7150178595033192 1.728254029234892 0
2004 2.185836180490211 0.1309159177256539 0
2005 7.748190461013674 0.7651135706244677 0
2006 3.824636607271334 1.36614932864166 0
2007 6.739631012122898 0.9240283663005182 0
2008 4.836796583892209 0.8562100758998764 0
2009 5.287034716965129 0.3111338385040759 0
2010 0.05911631326681532 0.776212658833373 0
2011 3.559811271073305 1.27465290193488 0
2012 0.5273083627778459 0.7219053979343367 0
2013 1.244724066451373 1.316813971576314 0
2014 2.520276392915429 1.558700347816535 0
2015 0.1397928973093656 0.8717628014021004 0
2016 5.298191511513835 0.06761434738633645 0
2017 6.410614249578088 0.8257549653088282 0
2018 4.854141190391669 1.10595181327685 0
2019 1.055809232481007 1.797023415388287 0
2020 0.1482588104809367 1.744768516807303 0
2021 2.471923949731266 0.7676831681838326 0
2022 6.797375609526227 0.7782717822159267 0
2023 0.2909138420158121 0.1632091414642663 0
2024 6.600045600460338 0.805571452094887 0
2025 3.777748195039444 0.7596075268724365 0
2026 0.548604481086868 1.613980970576835 0
2027 0.979174140359358 1.101968772757861 0
2028 0.8083375286033678 1.363827625579395 0
2029 5.175775431904069 0.301239423783873 0
2030 7.599170460968393 0.3742768661485213 0
2031 3.335938427171321 0.3143040003561408 0
2032 1.145597027928625 1.624967466865916 0
2033 0.6126470889345864 1.192559238025847 0
2034 0.9836381624234579 1.511883153374706 0
2035 0.4650847170288232 0.2658769415098952 0
2036 1.021869766448743 0.5699012148848751 0
2037 2.32356857053444 1.331805269573539 0
2038 0.8988830568066875 1.530754606921554 0
2039 6.686647543099718 0.5022190681520426 0
2040 7.017572608919203 0.2350624575633053 0
2041 4.481212807300625 0.828896803806595 0
2042 0.544526118019936 0.8841924099988235 0
2043 6.720104743433273 0.0679251884230084 0
2044 0.1583059855600956 1.343284309230147 0
2045 6.632171995788459 0.8692767732437369 0
2046 7.276031553425871 0.05791678959191599 0
2047 4.718662480268449 1.136084275828232 0
2048 4.507195365817784 1.186764865739645 0
2049 2.229182681389145 1.608404510153549 0
2050 6.323978457695714 0.9068036322875617 0
2051 1.034973768905787 0.7223484327271801 0
2052 2.87573763061854 1.300616599904402 0
2053 5.816736269306207 0.3021763379710199 0
2054 7.569072065017668 0.250464653496714 0
2055 0.9587539841245742 0.7426893989473329 0
2056 2.090629822981944 0.4602666917027893 0
2057 5.427896513722692 0.7511797444891885 0
2058 7.873571517923405 0.4974438549094016 0
2059 1.603499820406182 1.612987195195003 0
2060 6.512045164226211 0.8791770821251528 0
2061 3.2310237676343 0.2422319857163042 0
2062 2.531367160566214 0.5088635399834531 0
2063 2.543971757027163 0.1337315890514377 0
2064 5.197217960030269 0.05782160186874115 0
2065 0.06242255780704584 1.726987630805229 0
2066 5.17137581022639 1.02467463659247 0
2067 5.448174190275325 1.139173760462623 0
2068 4.714805592111284 0.8593442973986596 0
2069 2.589256540579809 0.4025616685527856 0
2070 2.205615475798926 0.7622618931326236 0
2071 2.150171455209334 1.153254514000382 0
2072 3.22353840901107 0.1466553137623177 0
2073 2.435568117143884 0.4332635245673815 0
2074 2.12926598874344 0.8297330417674182 0
2075 7.054069482906434 0.1570221992188306 0
2076 5.388046381664769 0.1433207668557525 0
2077 7.929167201980392 0.06990249471223167 0
2078 7.628809298603366 0.4702129200907539 0
2079 6.241487212826277 0.9083263420427371 0
2080 1.291347931031783 1.656646731332833 0
2081 1.841975865354578 0.8904661034780764 0
2082 1.696632382963531 1.441042382329849 0
2083 1.328185348323839 0.424206181992608 0
2084 0.9974392414496867 1.693548716527061 0
2085 5.381178057488673 1.02992721519294 0
2086 6.321591135212872 0.8095023126951565 0
2087 3.878445754688408 1.053835705535902 0
2088 6.078020664529839 0.04316444680341897 0
2089 2.423663426043679 0.1586328616033297 0
2090 6.051134933823679 0.4259745471927571 0
2091 2.600628524011929 1.120177768174672 0
2092 2.47512253944259 0.05720022617719174 0
2093 6.126166250951204 0.3305777798826971 0
2094 3.63804347586701 0.9431927322885403 0
2095 7.095106617442475 0.4796899917794716 0
2096 6.436401634025107 0.8907787084673544 0
2097 1.320224706358929 1.739110683100357 0
2098 3.036714827781354 0.9056129307706334 0
2099 0.2664598072127153 0.2832714706598476 0
2100 3.064290587024587 1.332540892964111 0
2101 0.779084883485451 0.972372122118223 0
2102 4.584327604579406 1.010591286946805 0
2103 0.5473215944096774 1.175840997954459 0
2104 1.534605925259714 0.7607510925633802 0
2105 4.123391371793593 1.333369189760979 0
2106 1.405754156322947 0.8868785297979946 0
2107 2.493547092528634 0.3325110885221634 0
2108 2.500648135425817 0.9728438507978778 0
2109 0.6465300775540412 0.3114713242534179 0
2110 7.942220166576353 0.5720327669403332 0
2111 4.411596551496041 1.269194134150232 0
2112 1.509152685278165 1.35824214892613 0
2113 0.8069711862132473 1.482760992865265 0
2114 4.31906032602202 0.0585868701625523 0
2115 2.017588215610648 0.9237911745749031 0
2116 7.7562628613894 0.6710845926605516 0
2117 3.337153010802054 1.147968211647092 0
2118 1.599460173234787 1.340141037053611 0
2119 2.831181033102117 1.246001513506443 0
2120 2.867783002207285 0.4103171941526061 0
2121 3.729966627086462 1.027935225020712 0
2122 3.246791539096087 1.139580576984759 0
2123 6.326392390380104 0.3164986623503125 0
2124 0.7777766294561017 1.428576891188266 0
2125 1.142179821474177 0.673226886600698 0
2126 0.2792289926077077 1.382581916616646 0
2127 0.4965370243183659 1.232348236304527 0
2128 1.510106928828528 0.9866081347538216 0
2129 1.628726917204921 1.023242196555005 0
2130 7.63126775369503 0.2955814121235067 0
2131 2.230717766148074 1.053803351848532 0
2132 3.305670713106703 0.0635782337965118 0
2133 0.7655572385483957 0.3162172309538734 0
2134 2.705161406835699 1.190900447836945 0
2135 3.993230601440638 1.270272510097084 0
2136 6.768373701441289 0.4181485408925769 0
2137 1.062635565346557 0.8214956806484914 0
2138 4.278783036883521 0.7439104954865053 0
2139 1.883732448392665 1.363539324794757 0
2140 7.746778899344658 0.4969564582859199 0
2141 1.93204520726947 1.428440133334297 0
2142 2.142323259478278 1.292811792643594 0
2143 2.831244542173271 0.05813320013156302 0
2144 4.372095640563399 0.7548276684046796 0
2145 1.872097018421563 0.6603081936557191 0
2146 5.058211788024306 0.9188207487678802 0
2147 1.958706017518425 0.0643068731511558 0
2148 1.64440321607235 0.9319470743231478 0
2149 1.490668764205925 1.477269976226532 0
2150 1.863339637862365 1.484953518770211 0
2151 7.661378573795212 0.709432671620246 0
2152 4.306094540058157 0.1896923462186742 0
2153 2.827242168245163 0.3348891255543981 0
2154 7.140604045406728 0.3711554684302065 0
2155 1.415299776634509 0.05452562611759906 0
2156 1.243228079620397 0.5214586529392506 0
2157 0.3532996515868312 1.659564036246474 0
2158 4.310592117571876 1.307486264256228 0
2159 0.884246262874026 1.386362180964213 0
2160 1.472097816750178 0.7881283172357905 0
2161 1.403465777123426 0.6281820885187823 0
2162 2.41410496185035 1.489263057592818 0
2163 0.1230547079585643 1.633841317403738 0
2164 1.785856786777361 0.7809688631064652 0
2165 2.244068355516805 0.494309221289353 0
2166 6.509509872000411 0.7870271789612091 0
2167 0.6826002018202604 1.448737238281963 0
2168 0.9033732565114411 0.9820383200156123 0
2169 5.689810921636167 1.005050450312634 0
2170 1.514745239722786 1.618316671449025 0
2171 1.018660506354595 0.4709147709783558 0
2172 7.867234886928767 0.7661014701579235 0
2173 6.81049507608909 0.8535245660327756 0
2174 6.654035016533788 0.151724885849516 0
2175 0.9457208106028306 0.2911559460974721 0
2176 4.787215699560636 0.1509994653401659 0
2177 0.5095586994724738 1.75850655895987 0
2178 7.353365930840749 0.5654006416643949 0
2179 3.698656355043702 1.206765861621843 0
2180 2.237902415928575 0.8386184866849171 0
2181 1.140747014343309 0.8499543007034863 0
2182 7.038680980736854 0.8910839490817738 0
2183 0.7322938956875826 0.7562116862806119 0
2184 0.1328480641203332 1.544837347639188 0
2185 6.056406452742751 0.9336431826194018 0
2186 0.8202138369389241 0.1266294714456152 0
2187 6.762955384944824 0.1602924314692605 0
2188 4.646671040514578 1.089807366306896 0
2189 1.309802967011234 0.06359666159126605 0
2190 2.200625094783154 0.9476712240962784 0
2191 2.476482000622803 1.449621145260903 0
2192 1.248987438039603 0.7669295528839992 0
2193 0.6178387497994994 1.366302659585497 0
2194 3.932033994450465 1.347324809979024 0
2195 2.008911872925777 0.3316579800280394 0
2196 2.452157196194203 0.8669410169630583 0
2197 7.074944485591603 0.03970621764938618 0
2198 1.987377206449144 0.1510356780238209 0
2199 6.430023370039036 0.212408235219294 0
2200 3.796541926766731 1.196803850201524 0
2201 5.561124445170856 0.2043932458946738 0
2202 3.712852714297475 0.9179428837877871 0
2203 2.497853469893831 1.072388920426564 0
2204 4.995467140225329 0.2779959768460072 0
2205 3.536032346418414 0.9543990369266405 0
2206 0.04700657853896323 0.4159663950581897 0
2207 0.2302473183775886 0.8028760018194827 0
2208 6.89850648805621 0.2992696567054929 0
2209 2.135199091332055 1.545972852365953 0
2210 3.193648743756169 1.462826806490914 0
2211 5.013192823113206 0.05951459518803909 0
2212 0.7390116276025718 0.05882224769381507 0
2213 0.1545054396850925 0.7800774883479783 0
2214 3.143209262432136 0.7570190834709096 0
2215 0.7112324061217846 1.317630318187697 0
2216 5.114211176064487 0.05755069423535381 0
2217 0.8937801652675621 1.331008126994292 0
2218 2.775536211307166 1.0770921150817 0
2219 1.290411690874863 0.1564734061773826 0
2220 4.455401817117147 1.081115831241695 0
2221 1.236001704549751 0.147770808162618 0
2222 0.7062866990612672 0.1494114671730979 0
2223 0.4343020767055605 0.05757068387216152 0
2224 2.071809950688944 0.3875457339245214 0
2225 0.5820527697255059 0.637084366745255 0
2226 4.214996836123472 0.9505036135374526 0
2227 3.959836931030378 0.8399872481791917 0
2228 2.728485310530446 0.8964389142615297 0
2229 2.374002968413514 0.3612352987468971 0
2230 7.331895746209693 0.3840880685278648 0
2231 3.872715297587781 1.143090936281383 0
2232 7.473160716120343 0.8228102554605028 0
2233 7.62761447406138 0.04956022318942051 0
2234 2.889972046401248 0.7706085860382847 0
2235 2.943610742606752 1.483676849915777 0
2236 3.913786354106485 1.234485873554485 0
2237 4.04512157240132 0.827841844483316 0
2238 5.044545492047781 0.7599889246642315 0
2239 0.8152945503927197 1.269531925064285 0
2240 1.467749696972208 1.414110571201795 0
2241 0.7936595251852805 1.752703348828017 0
2242 1.351933098598579 0.2397901649514382 0
2243 3.398434611263656 0.2926693872383056 0
2244 1.530295363301899 1.712059098297667 0
2245 1.617378341151927 0.8529450781841299 0
2246 5.098460183761724 0.2863324688198484 0
2247 3.827612698753616 0.04716806572342567 0
2248 5.622560959971533 0.7485895048153807 0
2249 5.073552670661416 1.17767650767951 0
2250 0.503687976652849 0.8076394360763363 0
2251 4.225185455675443 1.114934948064847 0
2252 6.819817268562937 0.05153348517464224 0
2253 2.305490064039859 1.501615264781527 0
2254 6.990673844579764 0.4540273826358202 0
2255 0.2455685460291218 1.468981381291278 0
2256 0.8476673795313118 0.4638312434921923 0
2257 0.3036427356137678 0.8852942260499019 0
2258 2.278797977797038 0.9506536570016585 0
2259 0.5949815766850539 1.769882855149018 0
2260 5.848772967674037 0.3936567097293132 0
2261 0.2555958914411158 0.9623210754302219 0
2262 6.70109806754461 0.7640146607632491 0
2263 1.320229690050998 1.571852431549683 0
2264 7.542868198822987 0.4763805767880762 0
2265 2.011587746391669 1.561433383585249 0
2266 0.8678885301559531 1.582813397036545 0
2267 0.3572515798157829 1.475135833522545 0
2268 7.243627584044125 0.1432035424443711 0
2269 7.30208869375013 0.2630367381604832 0
2270 3.841293054567472 0.1797056836115174 0
2271 7.707981995460177 0.3639920981032436 0
2272 6.422544430869366 0.4625726985180284 0
2273 0.7979599031515382 0.8521346091041854 0
2274 1.534364285250359 1.070347630246366 0
2275 3.308393252732932 0.2364141221192478 0
2276 0.4613831095931892 1.427816106891338 0
2277 4.797152744019485 1.162323432035973 0
2278 2.353595295439917 0.2434779780496518 0
2279 2.370707524537546 0.0581782194895227 0
2280 2.179550588461055 1.229767439669927 0
2281 0.8328510059188931 0.5867775948936627 0
2282 6.14321141322728 0.8870953765354127 0
2283 5.649641168326412 1.097247984512612 0
2284 1.959091759487501 0.7377049025647668 0
2285 7.940331025434522 0.7515668475906609 0
2286 3.374753255133247 0.0526934606258475 0
2287 1.076433648359352 0.04094738372676836 0
2288 1.90842124875589 0.3244313060347119 0
2289 0.330537560609668 1.553262665195884 0
2290 5.873009282672184 0.05398815672808536 0
2291 2.227869370051065 1.128097182962457 0
2292 7.500982132575024 0.6223623896099938 0
2293 0.3736851257659199 0.6898663918033108 0
2294 1.734960624197083 0.2154732633338691 0
2295 0.6080137318686164 0.7801885453178349 0
2296 0.05688949207246861 1.162522697986191 0
2297 0.1503236698058591 1.225117683047812 0
2298 1.296568883183518 1.267935492884733 0
2299 0.6248928617810818 0.4264988205728778 0
2300 2.070530167154979 0.1233205571782997 0
2301 6.891781449532302 0.7405058718375885 0
2302 7.947384391617343 0.3744564634277897 0
2303 0.5066421681807077 1.523232807106927 0
2304 7.755097981763486 0.3136250726855437 0
2305 1.81426258811599 1.416064267318994 0
2306 0.1320572550745376 0.1622259930395952 0
2307 3.278488295276287 1.25747007934868 0
2308 0.5224818556602009 1.394562990849535 0
2309 6.98282678483832 0.756701493527709 0
2310 1.867060643643581 1.130692332749113 0
2311 1.146926633670299 1.078775779886567 0
2312 7.555903584373706 0.556417734583594 0
2313 4.868711335988674 0.9949486022938943 0
2314 4.772163588487105 0.8197339534055147 0
2315 3.292531023616924 0.1351601489642345 0
2316 4.928829739561763 0.2668498223803406 0
2317 0.1426690771265521 0.6894998135727841 0
2318 4.707198998876636 1.242732090071802 0
2319 1.411953291782324 0.3433572361480612 0
2320 1.938105141256544 0.954963831535531 0
2321 3.454805701467183 1.287576809139049 0
2322 6.452154272946224 0.0596268513679809 0
2323 0.4690239957698501 0.6459681224262805 0
2324 0.1196774409832186 0.05314332848559154 0
2325 0.0390408713631558 0.1258551670125942 0
2326 2.439144531806002 0.5393060518351913 0
2327 5.42428316966912 0.9921000211332267 0
2328 5.191211279390522 0.2291252284323193 0
2329 1.489377171291381 0.140006524668274 0
2330 5.006785147822344 0.1529323868154878 0
2331 5.101395142931392 0.8459405851023185 0
2332 6.790386125482706 0.5153262881385463 0
2333 2.400718994084143 0.7575681436346183 0
2334 5.920502449471495 0.8397956589274133 0
2335 2.829931918096848 0.9322654065086706 0
2336 0.5656836852414021 1.861141291725886 0
2337 7.946385198495992 0.6716512665234795 0
2338 6.836750124621165 0.3672020924332764 0
2339 5.215296962064391 0.139626273344023 0
2340 4.989352466478554 1.104441634966498 0
2341 2.577508813884625 0.2870445680875053 0
2342 4.993314536405101 0.8478497274475936 0
2343 1.237492850118741 0.358212386021755 0
2344 7.790227953716158 0.5225466011678751 0
2345 4.069421060841766 1.022744230089683 0
2346 2.129619972111955 1.396067274696668 0
2347 4.108172402662834 0.7629704073909495 0
2348 0.2399877389563669 1.712751674380769 0
2349 0.2061735604322552 0.1337308406453759 0
2350 1.617711178645579 0.3512392276273766 0
2351 1.450066261133878 1.567929437449516 0
2352 3.984761597839214 0.9206202319844593 0
2353 0.376951945769756 1.23664685712553 0
2354 6.78687278335788 0.2699767823921059 0
2355 3.017749070463883 1.085450513775365 0
2356 1.670587775990377 1.255107844102651 0
2357 4.071121408546857 1.075876058647812 0
2358 4.580056869263559 0.7521640526279055 0
2359 1.910897447079604 0.1695003019791175 0
2360 7.769686209125067 0.6214060734298755 0
2361 0.2547836997294665 1.175298763562399 0
2362 0.1984034846902301 1.146627644952799 0
2363 6.701468954350824 0.8526745836023963 0
2364 6.729168870178636 0.339027597941039 0
2365 4.672862273037208 0.7518656763206258 0
2366 1.364834609544084 1.469528760741958 0
2367 4.172084800172127 0.1813242905206406 0
2368 0.9595067740019818 0.1880641568521371 0
2369 0.9758489071622943 1.220987940469619 0
2370 2.236356307512978 1.412362266531339 0
2371 0.8938166810730461 0.7973170576241446 0
2372 2.75076464477268 1.2942526707391 0
2373 7.873049460616265 0.1590427362599365 0
2374 1.288052116417416 1.462839540779131 0
2375 1.904489850499058 0.2661195861564122 0
2376 1.118756882519791 0.9244162147280448 0
2377 6.988710222772516 0.130896604462333 0
2378 0.4245770267282614 0.8912341139583639 0
2379 4.400878221564007 1.229633716139986 0
2380 3.230595162335475 1.207770673156295 0
2381 4.874465785226168 0.7545189893666739 0
2382 0.3371423282391735 0.4259927551624352 0
2383 0.3202853045137224 0.3764321856950215 0
2384 1.410558825566386 0.155911642180868 0
2385 4.90981831145672 1.208850673176125 0
2386 3.712028246373152 1.122508842847413 0
2387 2.055730148766039 0.6388267890874075 0
2388 1.323608301565188 0.7039954941461113 0
2389 1.18159671783989 1.505940266383755 0
2390 4.615128303539069 1.254633001294312 0
2391 2.518193384254409 0.4498345622782161 0
2392 4.289938291327531 0.8226268711349553 0
2393 0.3844207784270278 1.040504282105047 0
2394 3.62012503456901 1.115240290718957 0
2395 1.047874711607969 1.664201541926618 0
2396 0.7198172426332901 1.191480086632873 0
2397 1.653924280989162 0.2583284618634461 0
2398 0.2362957292727809 0.05559351015999135 0
2399 4.201436555844985 0.06025656854555342 0
2400 0.8490984129476898 1.483687854011784 0
2401 7.544524052523446 0.05692736130588479 0
2402 0.701594395552221 1.268740648391996 0
2403 6.081100647317727 0.2927087377375723 0
2404 7.098215843727417 0.3614765328677039 0
2405 1.818542274876688 0.2592191012727111 0
2406 6.692288365410178 0.443222802156953 0
2407 0.7441775535103096 0.2581005322336968 0
2408 2.258065794461771 0.3867954829822258 0
2409 4.316713897324044 1.227423084952495 0
2410 2.865914761410931 0.2926832765542504 0
2411 3.107201322905992 1.147050250143935 0
2412 7.115965073856114 0.5351077174513409 0
2413 1.124306531092344 0.1335831203244573 0
2414 6.17668226394396 0.2040953105184192 0
2415 0.8104659231925209 1.587180961506332 0
2416 4.364043245918189 0.8145371239769867 0
2417 0.4314804824279514 1.139519512989924 0
2418 7.947740464199654 0.2783151002037479 0
2419 3.667836959529674 0.1385369170212818 0
2420 7.414578617203413 0.6382483678221595 0
2421 1.291915727626927 0.3272634868259223 0
2422 1.546831143547475 0.8832238074285041 0
2423 0.7813601006758534 1.096403454230599 0
2424 7.722307792979763 0.05055259812056862 0
2425 0.71787781471881 1.635736414040102 0
2426 5.315256394531611 0.9029081008251445 0
2427 7.857600551802218 0.6129382323366168 0
2428 2.478284336753982 0.108895890114062 0
2429 2.042448777824271 1.140967537923258 0
2430 1.329925929645606 0.5963757255451694 0
2431 0.4175975068916682 0.1436079669463044 0
2432 0.5914639473107226 0.3298823303520343 0
2433 1.40816747868736 1.665958916952639 0
2434 3.97397501751517 0.1583254278504676 0
2435 0.1486582122076794 0.2916628260314051 0
2436 1.944142389836844 1.292923339797068 0
2437 0.4585519971117452 1.798588635691914 0
2438 1.800188000905626 1.59241642553077 0
2439 1.16856877555175 0.4530134937309258 0
2440 1.142809540141407 0.3986917742396691 0
2441 1.95196732891989 1.073473954148312 0
2442 6.509896765327558 0.3916245519525455 0
2443 0.2473227612757641 1.061326074066301 0
2444 2.675468002209668 1.03039892194269 0
2445 2.105566557306362 1.491825126757472 0
2446 2.127966627025776 0.05513989835530819 0
2447 2.274068133174343 0.0503718142743713 0
2448 1.67415060821664 0.05456332590243437 0
2449 6.718083146105209 0.1165308497152297 0
2450 1.434645306632574 1.300391191622815 0
2451 7.808767709798296 0.1233715329320409 0
2452 6.583888398554868 0.4905968001136413 0
2453 7.273552374866309 0.4434639211214795 0
2454 2.792273276174002 0.1329229870149557 0
2455 0.05487056194491026 0.2290806953063673 0
2456 2.351944243459148 0.5613864147776332 0
2457 1.327646292589091 1.175015554280902 0
2458 4.049012126369742 1.165860635072161 0
2459 6.500226736647053 0.1430055303473269 0
2460 1.541444794346775 0.3563049213949586 0
2461 2.759170090796956 0.2039940521476606 0
2462 2.003913704626261 1.248344189345912 0
2463 2.777533317116151 0.4524174111045698 0
2464 1.699495334165225 1.697549516117235 0
2465 0.9967306943329077 0.2677439233466211 0
2466 0.7327028692357622 0.9472331090900861 0
2467 3.410171500681763 0.2162730182233739 0
2468 0.5762078716157042 1.288069969191048 0
2469 6.398235279612368 0.1470117647960376 0
2470 0.4926422942569885 0.506919878146679 0
2471 1.036303588303208 0.3582132384273167 0
2472 5.015619779597351 0.1984749066853377 0
2473 2.853166986436031 1.427857937226036 0
2474 0.1494065713432951 0.4006963923270729 0
2475 0.5368414752235983 0.4266573727486708 0
2476 4.679526959409165 0.1373189062562253 0
2477 0.6848238018474605 1.00421161872599 0
2478 7.53745649942045 0.1398443547407091 0
2479 3.469598999592931 0.05342914195093734 0
2480 0.2636371473015484 0.4630037712148983 0
2481 3.371035949395822 0.1374138647628874 0
2482 7.843349222267523 0.6940460143273874 0
2483 5.113959223439021 0.1931492359523002 0
2484 2.628662040065187 0.4943068764839746 0
2485 0.05190392509600544 0.7207732581292733 0
2486 3.489439463597204 0.2711377438624309 0
2487 3.893077402394739 0.9465148277175488 0
2488 4.140048271748006 1.165613365210747 0
2489 1.234661681045628 1.020153328501678 0
2490 0.1252167125053508 1.924647292652387 0
2491 2.04984413464759 1.326462612557416 0
2492 1.382789033319114 1.20130050615265 0
2493 0.4075202371549473 1.785090029670485 0
2494 1.421857685180387 0.9326081668860322 0
2495 1.570137925759635 1.204570655720913 0
2496 4.055838583971143 0.9017246156030485 0
2497 0.6197555013802521 0.9523971902784599 0
2498 1.611305282773466 0.6743900374108129 0
2499 7.121784301383456 0.8790666221411404 0
2500 2.30543751711816 1.598099955974828 0
2501 2.367228158608438 0.8347177472854105 0
2502 2.075439609972344 1.19467626155632 0
2503 0.2183736639474809 1.612551772488821 0
2504 5.274328356720535 0.2329303453781599 0
2505 2.607362826665637 1.226691267320532 0
2506 5.265221693097653 0.1482626546669785 0
2507 0.7661921651057366 1.339489842105138 0
2508 0.1538070589423381 0.2401068486516919 0
2509 3.432662802794149 0.9600370372874643 0
2510 6.623364961444024 0.2623939213707759 0
2511 2.132916858606311 1.104450294873723 0
2512 3.576535817627167 1.421022116417491 0
2513 4.944240674000563 0.05568397156758387 0
2514 5.030626968865018 1.026756287714357 0
2515 4.981589903132291 0.9928488725443706 0
2516 2.901245826617138 1.398959317677535 0
2517 3.526718974512488 0.7430040949187495 0
2518 2.074724072998322 1.628771646629686 0
2519 1.437173350902747 0.2608745753715469 0
2520 2.728547519751474 0.04980105874402263 0
2521 4.068244117696907 0.05222605962560542 0
2522 2.694936402807956 0.3849316485502006 0
2523 4.084064600478662 1.2529265496728 0
2524 2.884258062291696 0.859569322244326 0
2525 3.193976784038253 1.060648615151245 0
2526 5.095089093687597 0.132180933095531 0
2527 1.069592975537011 1.503895801479607 0
2528 0.5528468756754642 0.2590403807041953 0
2529 3.136348927359093 0.2113470978732509 0
2530 1.605073512446047 0.448991810885526 0
2531 3.289894494310948 0.7544998909406455 0
2532 4.926308448069335 1.058064144890387 0
2533 3.340554248085436 1.44421945700975 0
2534 1.888535832213877 1.24928029851113 0
2535 3.134299410629814 0.8844943268538076 0
2536 4.92074790796378 0.9228118355368471 0
2537 7.877415532948274 0.05223194467315264 0
2538 0.9268266389033145 0.530299437771789 0
2539 0.2966179691126479 1.085369897258234 0
2540 1.279601117918027 1.2130048578866 0
2541 7.121521089953395 0.7997948612458728 0
2542 0.2962716359843779 0.629766175637591 0
2543 2.5727872245308 0.04701804396019912 0
2544 3.959748949271728 0.06333818040506038 0
2545 1.851582556601859 1.669647340582145 0
2546 5.295188709149501 0.7563811042108302 0
2547 0.5458490339090409 0.5835083844020169 0
2548 0.4545700450655885 1.69510904769139 0
2549 7.639308261778311 0.1116601344576089 0
2550 2.690467323566294 0.1379549600853265 0
2551 0.4374860131494217 0.4736970540467167 0
2552 4.851661249910855 0.05727000972564437 0
2553 2.073934477560543 0.2810037190705329 0
2554 5.321581597760705 1.143961186054358 0
2555 6.622484306533177 0.04638946110531819 0
2556 2.130424274999807 1.448108410813923 0
2557 0.8615473732054342 1.025153696488228 0
2558 5.604779717060731 0.3596081369861161 0
2559 0.9094841737540644 1.742823865402197 0
2560 7.949495588290505 0.1217283410140612 0
2561 4.075308256699809 0.1594983300728937 0
2562 0.03796112992975509 1.373766440127363 0
2563 0.2324854149160987 0.1851088598238707 0
2564 3.109604247583374 0.3846785977130083 0
2565 6.876408412221179 0.5324468316359047 0
2566 0.8588846198057591 1.819564798301263 0
2567 6.176659971160198 0.433816881086493 0
2568 5.883491261745902 0.7525442858597764 0
2569 5.625305817181425 0.05354902033321027 0
2570 1.152459451666394 0.2009964660228235 0
2571 6.572931313100857 0.2170883389786004 0
2572 2.871473679451052 1.08715491228467 0
2573 5.738081248555874 0.8933464967421767 0
2574 6.20296739420667 0.05600461920050496 0
2575 7.02263654614309 0.5488524559299266 0
2576 0.257423866912968 1.904352005378458 0
2577 2.088750145913147 0.1942665800386035 0
2578 7.638716927033574 0.5251879269229481 0
2579 0.4305124829749287 0.3760703676837797 0
2580 3.653338595550515 1.21466624655999 0
2581 7.17410861675363 0.2917763058491281 0
2582 1.15535007797405 0.7705412114584395 0
2583 0.457507929043885 1.610002222624197 0
2584 1.345886792595046 1.35236190410656 0
2585 0.5987243806550783 0.1410698160461605 0
2586 5.894070810759608 1.067056433846989 0
2587 0.6514799359181787 1.636757122689807 0
2588 2.028251212857361 0.3822068536491716 0
2589 2.890271765148317 1.513184969343295 0
2590 5.353810157933023 0.8326979721189159 0
2591 2.835994607671943 0.7524973331174163 0
2592 6.971087671800468 0.05051043235623501 0
2593 7.48265978192253 0.2199540994167448 0
2594 1.161185929309482 0.5865685888725874 0
2595 3.076808868713566 0.04382524042247105 0
2596 7.535037233065934 0.8165191305688375 0
2597 0.3832711008703841 1.11912852283111 0
2598 7.888959161882077 0.3610717144765225 0
2599 2.120812960066451 0.367240274512202 0
2600 4.767555089838549 0.251477768767916 0
2601 1.084492000915288 0.2370793559712895 0
2602 7.722484951739087 0.1412249279238973 0
2603 2.736590595314191 1.445172904057714 0
2604 0.1689060291901586 1.696874907909704 0
2605 1.925666065931492 0.4091378447451141 0
2606 2.694846426159072 0.8448938604618245 0
2607 4.52386901084154 1.017712712194678 0
2608 3.236266464031019 0.916638024868529 0
2609 2.5261893700532 1.479445332328505 0
2610 0.8186381722655128 1.684439366212574 0
2611 6.523252483936655 0.2514166447706428 0
2612 4.130433343850891 0.933013406376398 0
2613 2.240434307888151 0.232245943156878 0
2614 6.465260440326309 0.3174634554965733 0
2615 2.337503832777506 0.9059828729852354 0
2616 0.7370241917959013 0.5524640155578906 0
2617 0.7027655059256239 0.5120987431471968 0
2618 0.1340867368517572 1.803928202920575 0
2619 1.369158389819858 1.092457412374887 0
2620 5.041761173824191 0.8104925690644809 0
2621 0.5846761925013956 0.8657589686932171 0
2622 6.742421678190995 0.2294865259806376 0
2623 0.2931447152086878 1.286616809962851 0
2624 1.7221786035865 1.284032095781328 0
2625 5.067627133806615 1.127030935512188 0
2626 5.239524849258454 1.076828621145356 0
2627 2.34359064785248 1.186268857074168 0
2628 7.370138277731247 0.4149905493414615 0
2629 5.247750989987557 0.8375354485320066 0
2630 3.411614533170758 1.06390093266273 0
2631 0.0538020829080104 1.25225306905695 0
2632 4.827149037733726 0.2555747335084582 0
2633 1.951670094308966 0.690297130167249 0
2634 0.05219632670673035 1.064148611495246 0
2635 4.312219214232246 0.9104924595703792 0
2636 3.818505155319998 1.252689706439306 0
2637 2.315998972398488 0.7495627249618775 0
2638 0.9036373902644024 0.8731463391962472 0
2639 4.328060820812246 1.074147530062282 0
2640 6.878603071634387 0.9163448559427458 0
2641 5.130978162092374 0.9525366837857793 0
2642 3.01826501746311 0.1357856112295165 0
2643 3.524062537484341 0.04781723799001857 0
2644 1.628391168370412 0.7566253044171077 0
2645 1.834977304910197 0.5416959478562866 0
2646 2.725677772602568 0.3126026882180732 0
2647 0.4732626684036559 0.913768298758367 0
2648 7.947468625780084 0.4391400986301224 0
2649 4.691062806330629 1.186161652694055 0
2650 3.160882724885942 1.255004739759898 0
2651 2.682451683460734 1.456341163632726 0
2652 1.117777648230612 0.3102965677982239 0
2653 4.38816124266788 1.041320905194871 0
2654 2.633191632344713 0.3193147212654777 0
2655 2.074598822821204 0.5563945535936199 0
2656 7.801651602486283 0.3344143117254577 0
2657 2.6883861034239 1.545843179944993 0
2658 2.677663842560466 0.2864558852163347 0
2659 2.629210825107265 0.7502926391546154 0
2660 1.259930376732693 0.8508965702669541 0
2661 2.645446463766611 0.8434302426346122 0
2662 2.47132592642036 1.561513339116436 0
2663 0.6252684433849807 1.095191434821635 0
2664 5.949082428979352 0.4123225424533182 0
2665 3.61355038308912 1.17017578354104 0
2666 2.157498367459624 0.529945008166153 0
2667 0.1666827713176385 0.9520305074536413 0
2668 1.498586481076901 0.3192868557408277 0
2669 6.785033801001179 0.7333369214479107 0
2670 0.3160399961764292 0.1120357321053162 0
2671 1.216377957991148 1.667276335089658 0
2672 0.5497687558731005 1.668656042119788 0
2673 6.075467754678687 0.7272730075832332 0
2674 0.335805361972473 0.7837657473217768 0
2675 1.445533953636023 1.503870609445113 0
2676 1.077732061735209 1.329424453743193 0
2677 4.591895508592843 0.8108863244232256 0
2678 6.144623470467676 0.1311648179895792 0
2679 6.789114439429472 0.9400856610240839 0
2680 3.971688879709251 1.086681675090808 0
2681 6.258359665104992 0.3666028107391948 0
2682 2.418923764967891 0.4874018722955837 0
2683 5.526001935467573 0.7475314614786376 0
2684 1.674714084166364 1.612513534181078 0
2685 7.543177077098413 0.3904659184891829 0
2686 3.490221270019578 1.12823994668299 0
2687 4.775044515020198 0.04983617906467212 0
2688 0.2784382958969734 1.825869617104402 0
2689 2.044165931317853 1.087839442924629 0
2690 1.555613685692235 0.5828727815464591 0
2691 1.819950340949702 1.171248826999393 0
2692 4.66269613783879 0.8075013591221745 0
2693 1.227832779856391 1.578189508660926 0
2694 6.247768269594176 0.1377085601447942 0
2695 5.129568898716741 0.7440707461175406 0
2696 6.593714104592418 0.7555731408559351 0
2697 5.369923275208018 0.2571154981654388 0
2698 5.752997254448582 0.1929605285202169 0
2699 1.670912580752252 1.056278367765373 0
2700 7.303857884769453 0.165179705206785 0
2701 5.64949314426514 0.9708060568806022 0
2702 4.620383032724756 1.189410464368704 0
2703 4.25274476814047 1.064337178537297 0
2704 7.704677445240806 0.796986523091643 0
2705 4.615821946557517 0.234414080994286 0
2706 1.004813983054536 0.392071010906125 0
2707 2.159587357098353 0.2187590306802747 0
2708 2.624430011041241 0.2112637198001527 0
2709 1.377785564823611 1.261038946725777 0
2710 0.9376557034431096 1.081026538935355 0
2711 0.8670287133758652 1.2854209816022 0
2712 0.9885193080714408 0.9979144811204891 0
2713 4.625095029123985 0.04649469497199449 0
2714 1.64572557665298 1.157112759481411 0
2715 7.140822741796427 0.4453700845355903 0
2716 1.12041765483949 0.7290187764189792 0
2717 2.679251099733662 1.092164841708467 0
2718 3.47331709168617 0.211080360783191 0
2719 2.218510362717605 0.5932001094319719 0
2720 1.50818255392837 1.176004249894785 0
2721 7.948461458202702 0.215601879830516 0
2722 7.114970659413705 0.2622368918750684 0
2723 7.781047047392124 0.0491487096252098 0
2724 1.470621189219346 1.220785324210748 0
2725 5.973167703596856 0.04726027169645237 0
2726 6.416690207823233 0.7739038274423113 0
2727 1.859269636413152 0.7323987685305181 0
2728 1.896236139716001 0.05499312902730773 0
2729 0.5767731475667874 0.05104857237997669 0
2730 4.218612893844166 0.7563010854171821 0
2731 3.873121591309707 0.744086311332408 0
2732 5.552393830536603 1.119357024971207 0
2733 1.474916289235489 0.05422225426826951 0
2734 3.089860562250735 1.018044334150694 0
2735 6.336785142616744 0.4679594560689099 0
2736 0.41926130875952 0.764674094129756 0
2737 2.803170268126736 0.8256178544061491 0
2738 1.851146067836822 0.98623604279678 0
2739 5.752085971057745 0.7529228740396401 0
2740 7.463317170853957 0.5149414770758276 0
2741 1.708540000592088 0.4724711758036594 0
2742 6.092245020372911 1.036631586599776 0
2743 0.6833739997272905 0.623668692094815 0
2744 0.3251826615276163 0.7249589895755051 0
2745 5.159685182467805 1.18145355222292 0
2746 3.456339254388269 0.118066481635871 0
2747 7.705014174269082 0.5784539271572977 0
2748 6.370604988992371 0.2428700580364815 0
2749 0.8145595664685027 0.2147424293349069 0
2750 2.218648819155435 1.323093156422995 0
2751 6.432221959387548 0.4139997094644643 0
2752 5.851865773709982 0.2677705962837608 0
2753 0.8864749545227908 0.6842111045749528 0
2754 5.515683903842764 0.8930321932675896 0
2755 3.250458519119518 1.378206814928912 0
2756 7.892275153246251 0.2900653254987772 0
2757 2.301134295350751 0.1171894122535093 0
2758 7.218118232690937 0.2296868066312445 0
2759 2.359312381967703 1.011089564084871 0
2760 0.6447146515164127 0.7004531960509534 0
2761 5.774921381543071 1.08101896149525 0
2762 1.562997919113376 0.2706081171972139 0
2763 1.624348978238555 1.29242498599877 0
2764 7.147354328166666 0.6703988205131354 0
2765 2.518526161326099 0.2166626682694829 0
2766 6.450854837172412 0.1130876542453161 0
2767 0.9042810573919469 1.42188122279897 0
2768 5.177789928115799 0.9075988941145521 0
2769 3.709458368460803 1.383593204676357 0
2770 7.033653028828657 0.8128762407585925 0
2771 2.12459911690776 1.015195331474571 0
2772 2.374556359974848 0.1071606259703072 0
2773 3.552201523148494 0.2596744611040464 0
2774 1.713213275132502 0.7663380655977124 0
2775 4.456625954953982 1.125307534060608 0
2776 4.387217553449687 0.8948919364933909 0
2777 7.70131195867145 0.4211963439178826 0
2778 7.235433184135804 0.7037056532894153 0
2779 0.7988484106537471 0.4776434390190204 0
2780 2.342707796184793 1.288320194089966 0
2781 2.103621169529014 0.9340249629685733 0
2782 5.283259443570461 0.9995338573751127 0
2783 3.29744821356041 1.345427198365497 0
2784 5.234269909515856 0.9744022982547011 0
2785 1.191326407179406 1.248280257272615 0
2786 6.282960320019357 1.019882413103429 0
2787 3.788114583023355 0.9479779962442384 0
2788 6.26495890264221 0.7060530415029664 0
2789 2.351106551489434 0.4050003176677309 0
2790 6.95895988771959 0.3063073766443927 0
2791 1.085716698554553 1.449242709280181 0
2792 0.3245853167714116 0.2032271521141936 0
2793 3.57311229357911 1.035707959746344 0
2794 4.253630745034967 1.310879961180456 0
2795 4.486440680488308 0.1318360063464519 0
2796 2.190304147991519 1.539000381040062 0
2797 3.289995629378551 0.8495710571988451 0
2798 4.919078956194109 0.2035121337783656 0
2799 0.122815414800763 1.090238112775532 0
2800 3.019965621773895 1.188871077342387 0
2801 4.812328521522079 0.9180720954058685 0
2802 3.662950686435634 0.7583859698431011 0
2803 5.01637933342479 0.9225924552610106 0
2804 2.344612106612008 0.4947645420589813 0
2805 1.297368504845609 0.7579023164841345 0
2806 7.555824705329897 0.7425517563941554 0
2807 1.913696302054381 1.194732291605238 0
2808 6.319339279923033 0.2031425923133897 0
2809 1.187839341811249 0.9833503463695383 0
2810 7.27566199609126 0.7771211153774171 0
2811 5.515532625225015 0.9812831808730804 0
2812 0.1182565849896185 0.5948645718171948 0
2813 2.477795649873197 0.8189908087569432 0
2814 0.2229308683354445 1.806027141238183 0
2815 4.509274487678015 0.9380892320943749 0
2816 4.67667370050863 0.2412241014536009 0
2817 4.827766049543508 1.064555917091655 0
2818 0.1115039323662467 0.3266835929980313 0
2819 0.3676813092990136 0.9513868791582447 0
2820 0.7368318067564357 1.436972793833112 0
2821 7.662462638112386 0.2040908531257766 0
2822 3.521763770351777 0.8711519750418369 0
2823 2.815429572354056 0.9804839904589331 0
2824 1.562212174983916 1.532599567757429 0
2825 1.315564786282141 0.1951549148978607 0
2826 4.467318078697255 1.280741277679859 0
2827 1.277804497168423 0.439098605140429 0
2828 1.678521877984575 0.1446533441654287 0
2829 0.05235734730282725 0.5547532281486607 0
2830 5.983214395125078 0.1901285314714132 0
2831 2.401491876857105 0.2687728362848238 0
2832 5.001256262283857 1.203347534084743 0
2833 2.330514265446052 0.1969279459610765 0
2834 0.5597033547593406 0.7622922428301411 0
2835 5.39897880292764 0.3380103903345208 0
2836 7.198570186193235 0.5070160491330356 0
2837 5.421457163460662 0.04384035980820351 0
2838 3.766687631682997 0.1256396373599856 0
2839 2.465852105593452 1.207574886218077 0
2840 2.039518547115792 1.448406101746412 0
2841 4.86724620340318 0.1104824578870264 0
2842 5.984991392838916 0.2769657663805147 0
2843 7.591105620458675 0.6627375127551708 0
2844 1.234096476660146 1.125219914910596 0
2845 7.612603401299474 0.6112422511842082 0
2846 1.715931980446072 0.9120177093811448 0
2847 0.688561084617215 1.365867365002502 0
2848 2.607757956688474 1.552823418631199 0
2849 5.371537434630629 0.742728015423167 0
2850 0.6745105420082419 0.4188037931940621 0
2851 6.368034711738442 0.04366272888842171 0
2852 1.261992321810703 0.2581759607249454 0
2853 1.246365085438184 1.767833873125517 0
2854 5.583261339434228 0.8263967609468139 0
2855 2.547889420419471 0.7524461615517712 0
2856 0.3458658347665346 1.193478365860718 0
2857 4.516600020189725 0.8530100778478303 0
2858 2.182588003030943 0.4319955146202528 0
2859 7.243281604186447 0.5193849171663266 0
2860 1.773891572743536 0.4205216349660222 0
2861 2.770186717882295 0.4003260630528112 0
2862 1.481627608040168 1.108314573449805 0
2863 1.428475711537942 0.7110867166300665 0
2864 6.793346105464082 0.4666082403477813 0
2865 1.196429836602121 0.6830563830648219 0
2866 1.563350051782237 0.1885303603123239 0
2867 6.903331991431476 0.132842191122834 0
2868 0.8475230674392251 0.2984432275114074 0
2869 0.6852516932870805 0.3479059746337018 0
2870 1.021620473319889 1.587688922316809 0
2871 1.36913540140763 1.742332261808749 0
2872 0.4187260735227047 1.400963538409154 0
2873 3.033605945047775 1.4963857275459 0
2874 6.461219040281794 0.6987718304756889 0
2875 7.159969354578803 0.1301058012354579 0
2876 1.451519156346615 0.6082220923143957 0
2877 0.1600018334978028 1.463681757642791 0
2878 2.075255439832493 0.747136358919498 0
2879 1.912178766929171 0.9096396373378717 0
2880 6.532193631765198 0.04554741832439379 0
2881 1.032300253572348 0.6779774154507624 0
2882 6.101169875467891 0.4381755073038112 0
2883 0.4500532343631983 1.882849857005903 0
2884 1.017201345119304 1.40279794790667 0
2885 3.271981621134748 1.06121975442479 0
2886 0.2586487215554294 1.515618995072568 0
2887 2.978684076530192 0.7467265663536237 0
2888 7.372601072585586 0.2013511529209336 0
2889 6.826647510390368 0.10834898232877 0
2890 2.289386564407729 1.409246652767946 0
2891 6.978494058508078 0.2276004966710147 0
2892 2.290236979027902 0.9056384252355678 0
2893 6.915961884086613 0.04975129486609049 0
2894 6.484642559959385 0.2202968272072102 0
2895 5.603051302225995 1.035502845207871 0
2896 4.973047029868557 0.737238140459199 0
2897 2.197604735702144 0.8848714205260927 0
2898 0.6156186711924618 1.541460685726921 0
2899 6.127107900238851 0.04209375565779486 0
2900 4.000479527972391 1.18027870622473 0
2901 5.916729925644955 0.1244720054010584 0
2902 7.622379899636968 0.8098744882048156 0
2903 1.607061716850411 0.2793401535994245 0
2904 4.435190340230569 0.7494785798978473 0
2905 0.3231221708279423 1.754490190056013 0
2906 2.73685732554996 0.1071802759365042 0
2907 5.398309405631837 1.14895465071919 0
2908 5.484819020231436 0.8270471134806648 0
2909 0.7691296737615483 1.839442645772351 0
2910 0.8009992518784785 1.173963781534395 0
2911 0.5409774116365477 0.9989195558222402 0
2912 7.481760875692721 0.7188183765443665 0
2913 7.403329963408363 0.5757768671300982 0
2914 4.690307789945587 0.04943404156020505 0
2915 3.612554048161262 0.9016432562196061 0
2916 3.285868808550158 1.456494965887266 0
2917 5.480152663961914 1.05087741219772 0
2918 3.631675205196185 0.2402890825213882 0
2919 2.942886000319773 1.427453207671523 0
2920 3.239770791008187 0.749339429270076 0
2921 4.89358811551117 1.152910313219861 0
2922 2.819855638015524 0.2322548600571712 0
2923 6.895006799928096 0.8199463374177636 0
2924 1.321532949489674 0.1148768741437601 0
2925 4.684768740891463 0.9683237020214502 0
2926 1.939422507260696 0.8656320283153571 0
2927 2.995601091643311 0.2622048229503454 0
2928 4.385668638384811 0.1256173974369267 0
2929 2.385490509848736 1.594274688796901 0
2930 4.151765398728438 1.218842964595416 0
2931 7.779821367152357 0.2120139450080223 0
2932 2.272439549142812 0.2752116514956824 0
2933 0.242935588593796 0.70447642659618 0
2934 1.980341692155378 1.026751231733835 0
2935 3.558421591503614 0.1925955896469486 0
2936 6.271091055550752 0.2352286179799803 0
2937 0.19839804726169 0.3250005522493141 0
2938 6.214655038960196 0.2936020736891627 0
2939 3.150973874877622 1.39423432180823 0
2940 5.297762577953248 0.8065343217691983 0
2941 5.315790571814321 1.098502190468041 0
2942 7.330046473801476 0.04346265106385195 0
2943 4.689577083411905 1.024951872641791 0
2944 3.106009879522229 0.8349639722980138 0
2945 0.1873150651920089 1.387428191049245 0
2946 1.601197372771225 0.1181943215575634 0
2947 4.865040076769636 0.8124702381545179 0
2948 6.867264223494877 0.4679769998034797 0
2949 4.316885992411713 1.153757628997808 0
2950 7.780951803051547 0.1586824426498437 0
2951 0.3536879366744985 0.5180107430519826 0
2952 7.855112547423296 0.2036945225143142 0
2953 3.7777981853312 1.042171508204751 0
2954 2.52950859271197 1.371739763331475 0
2955 2.56447863923491 1.326237058698503 0
2956 4.620908469063649 1.048157110125259 0
2957 0.1858428639214107 0.8803511780467306 0
2958 6.182990051582728 0.3885491235956978 0
2959 0.5090502319038168 1.704159921248019 0
2960 1.167134101966808 1.343540981762418 0
2961 0.2101469856832613 1.55575599787317 0
2962 0.2406418347285339 0.4078482928617226 0
2963 0.1085010871169382 1.261944033299025 0
2964 5.244495246764314 1.169305286753929 0
2965 2.599728306948333 1.421540283970007 0
2966 1.258911179817167 0.05212152853361485 0
2967 2.509120114419782 0.9196215389896598 0
2968 6.935434681422502 0.9123563239778304 0
2969 2.557314625538764 0.8884055094498935 0
2970 3.553653171636107 1.228510371307736 0
2971 4.529850304676606 0.223493671483064 0
2972 2.7828651126145 1.152090976910508 0
2973 6.978811205893618 0.7117165504560125 0
2974 2.079032279990867 1.374107829663316 0
2975 3.55410462383364 0.1115137980502281 0
2976 7.403387341349296 0.3219866249330898 0
2977 0.4262922578546845 1.342721831438624 0
2978 7.52187260901792 0.4312338811505541 0
2979 4.470302273567634 0.2170624436269046 0
2980 6.494116363141478 0.4879014410384039 0
2981 4.850501865272111 0.197263122529973 0
2982 5.866512591534686 0.8571425125108004 0
2983 3.963940665808503 1.138559318131416 0
2984 6.651617688432576 0.6803496742965459 0
2985 1.748265708933158 1.443062217727367 0
2986 4.123210042162445 1.087513129104084 0
2987 7.272095957411548 0.8646582843562167 0
2988 0.1754190903764155 1.637749068087696 0
2989 6.021741205220143 0.3451803639117165 0
2990 2.315530376914425 0.808353326105963 0
2991 1.540949480074419 1.273380963960304 0
2992 5.023620355538565 0.1053853509364338 0
2993 2.192483420251389 1.452253809920861 0
2994 5.893711006586569 0.3268965281392612 0
2995 5.372928046339033 0.9333239308779032 0
2996 1.434642280687937 0.3798576948035444 0
2997 3.063530821845806 0.1731808356623119 0
2998 3.101400926592714 1.40099598146883 0
2999 0.7134186071239558 0.8140891966455945 0
3000 3.058608247036393 0.8337620338176528 0
3001 2.926988380940408 0.346481371634852 0
3002 6.013767324907896 0.126649389876064 0
3003 6.488440215249828 0.9858930338857075 0
3004 1.203353135105123 0.115900285568688 0
3005 5.520255961810706 0.3604863690372567 0
3006 6.935513758881841 0.5414692546839492 0
3007 2.092074909803825 1.280567873260545 0
3008 7.340625254774836 0.2782659806357189 0
3009 1.573887409456801 1.434649704379684 0
3010 2.376961304243348 0.9354832821311011 0
3011 0.5110766932589912 1.34223824275645 0
3012 0.4517704313103582 0.8083256187534387 0
3013 7.880054890693238 0.6621093763994397 0
3014 7.857144022147436 0.4468823475190837 0
3015 5.700297136826451 0.117851521590521 0
3016 1.163660231677339 1.168890217222367 0
3017 6.944609786487661 0.8287309240709414 0
3018 4.849984557023046 1.233487159116339 0
3019 0.2051028803664286 1.256100895767806 0
3020 4.542402414849786 1.105747009763485 0
3021 1.203455106369189 0.1982184291230265 0
3022 6.602438813629773 0.09617257175212438 0
3023 2.609165190418866 1.170315866300524 0
3024 6.200146249051127 0.1058288278168633 0
3025 3.615121379188545 0.04915230082563622 0
3026 1.618354957617077 0.03903346522665654 0
3027 0.8815428103764889 0.03773723845943803 0
3028 3.039503585922431 0.3202825905310929 0
3029 7.241769799185612 0.5998850833353988 0
3030 3.299169200468364 0.3285335457370657 0
3031 3.109811068617047 1.480644955593031 0
3032 4.172890293249484 1.33582650296161 0
3033 2.59033179009096 1.474732543056256 0
3034 1.340205082725385 0.8295368433047834 0
3035 2.301485879863136 1.225684601878916 0
3036 0.4842022006273569 1.109209610008802 0
3037 5.539262359112294 0.04309271496206529 0
3038 2.778303226863338 0.8926994747866315 0
3039 2.539659364536968 0.8323534787379131 0
3040 2.9965328647598 0.3991769678592227 0
3041 3.850201070549176 1.097539438437757 0
3042 2.782340446289687 1.246213114947764 0
3043 6.764368105294762 0.03837849276810175 0
3044 2.70689295161157 0.2114000005018732 0
3045 1.068297541541254 0.4652030357537402 0
3046 1.810397446500515 1.305393140748925 0
3047 3.308317451767328 0.9813904635994436 0
3048 1.096903154904092 1.108702554986197 0
3049 6.283062876901998 0.04200994005837774 0
3050 0.4816351630319343 0.7027115531258454 0
3051 0.8608223394828901 0.1337118588851934 0
3052 3.054871362843891 0.7464564007016906 0
3053 2.38541508376544 1.536277772848372 0
3054 4.533016430642442 0.1359473591602313 0
3055 4.757686443234151 0.1905791007135966 0
3056 4.110477878071674 0.9895823843956162 0
3057 7.957504620196035 0.5253367344625208 0
3058 3.093047082675871 1.068061455516076 0
3059 1.651681196676205 1.712393093171216 0
3060 2.91891299111936 0.4279840732842944 0
3061 2.38837922639051 1.108045082967711 0
3062 6.59331081375153 0.4440842591907571 0
3063 2.430261797013146 1.170221511000386 0
3064 0.982265927820937 0.8350222614320437 0
3065 7.464271171568568 0.3487562578345508 0
3066 7.446917729950858 0.4044683023934466 0
3067 1.885558303283376 0.8173917178322727 0
3068 0.4112534240129557 1.72095327245178 0
3069 1.632329110241676 0.4081767692635564 0
3070 2.921964059060188 0.1247452263699138 0
3071 0.270088084032698 0.9101848418057367 0
3072 2.729767295230575 0.9508185504355389 0
3073 1.992188258169961 0.8649716130629029 0
3074 4.65239308099588 0.8919413272378947 0
3075 0.6216762075182758 0.8288326734091408 0
3076 0.9785292304429878 0.6383390178873786 0
3077 2.882267761259187 0.04180108091054511 0
3078 0.1670502183407566 0.4499292437300657 0
3079 7.060047360463983 0.7252142910724448 0
3080 4.76285555712877 0.1101596896713807 0
3081 0.1605146386725987 0.1227599209840865 0
3082 0.373202933327461 0.2153349276054328 0
3083 3.482020176927633 0.9882218028732144 0
3084 4.814820525487643 0.7394537842819503 0
3085 1.06632717205777 0.643056844598261 0
3086 2.585439847344182 1.075469400351367 0
3087 0.9513756243298379 0.8794053765144481 0
3088 1.051848155574416 0.7709644952233279 0
3089 0.7837950504809927 1.01977055908346 0
3090 1.434926813361457 0.5093482471386661 0
3091 5.217110499493716 0.7433135817281544 0
3092 6.733003926170349 0.5211601101926882 0
3093 0.6525356928766681 1.180064132371775 0
3094 5.800342599857899 0.3979396545762706 0
3095 0.9318180569399281 0.7074837412477567 0
3096 1.135060181433038 0.4943123451552554 0
3097 2.406994831000615 0.3254232546956949 0
3098 7.18789250877288 0.05352482266317158 0
3099 5.728805402476699 0.3804892857174306 0
3100 5.823724645945187 0.04140915525341329 0
3101 7.222514819486651 0.4273248252697091 0
3102 2.121247328810708 1.1820736582652 0
3103 1.745673441261272 1.010771529487409 0
3104 2.073992891925247 0.8405262780806291 0
3105 3.625197790317818 1.331175366650923 0
3106 1.847902262405147 1.585110583808631 0
3107 1.913914916753717 0.4997504574682676 0
3108 1.007017087089503 1.804976278150803 0
3109 4.519849432253757 0.7472017109093037 0
3110 1.678077565733743 0.5580749151490617 0
3111 0.6972877829353143 0.243869198732286 0
3112 2.560119107593701 0.990557791874394 0
3113 7.216131107308215 0.7390758475987219 0
3114 0.03961277267651436 0.8245848336370986 0
3115 1.139023283039704 1.264929543056914 0
3116 2.093855065219772 1.535601637747957 0
3117 5.418435579698146 0.8934974069984357 0
3118 7.45491889281127 0.2597930511570986 0
3119 0.8244849265674459 0.9251267497838115 0
3120 6.637080521619243 0.5097154648414508 0
3121 3.209499602596464 0.8176387417307667 0
3122 0.3787280851699551 1.313655209544971 0
3123 1.726520414233335 0.8615885405804088 0
3124 1.812976272100238 0.3077877899401109 0
3125 2.626246737202376 0.4422325348035171 0
3126 6.080055350839411 0.189404417678412 0
3127 2.954975037562875 0.05075338465139404 0
3128 6.842569648276515 0.6605072353959898 0
3129 7.139818666497704 0.7181940729151784 0
3130 1.236541703495946 0.6031042576075142 0
3131 6.685442825542541 0.9557781952681814 0
3132 1.250163337748413 1.362438071769162 0
3133 3.450016508758699 0.9033693637355293 0
3134 1.714809480730075 1.112060766004483 0
3135 7.651969997400139 0.3395092126160689 0
3136 5.750724410435397 0.05001234625606893 0
3137 4.630921587284263 0.1282284643252218 0
3138 0.4611068476488558 1.267250353697356 0
3139 3.376251360863123 0.8690207772074132 0
3140 1.033621493848211 1.296301642983366 0
3141 1.601218593548382 0.5058068167908472 0
3142 6.033773701316653 0.9797455573509282 0
3143 0.8643121847147437 0.3549709706580775 0
3144 7.402158821731179 0.7636713211495103 0
3145 4.745766720830298 1.092636509495225 0
3146 7.468689985036753 0.04312446316641487 0
3147 0.1047885865704661 1.16698518286241 0
3148 6.586366013218012 0.8510247736495281 0
3149 2.417559273838858 1.023536583329 0
3150 7.18595613411101 0.4619823002795255 0
3151 4.766325221081786 1.244478466923792 0
3152 0.8900114317213554 1.154760666101975 0
3153 1.202568211132368 1.41889031005809 0
3154 0.4048509798264173 0.5254458082879631 0
3155 6.24765196937359 0.4574552014469834 0
3156 3.662073752385536 0.8374072030102098 0
3157 0.6486474514012104 0.7507211660903713 0
3158 4.166792422465862 1.024060915403831 0
3159 1.21777935095086 0.7277650696656328 0
3160 3.674051692832169 1.304448228375495 0
3161 1.400789634565453 1.589397390804522 0
3162 5.260314356351734 0.9085841622791911 0
3163 1.49562034773979 0.8725364226406155 0
3164 5.213309640457918 0.3161225108683032 0
3165 6.867256764787184 0.3310382355792379 0
3166 6.674792908597436 0.2726264239727775 0
3167 3.414955983395243 1.151914305774372 0
3168 7.449425900801477 0.178004821912002 0
3169 2.42452996785306 0.04368354839052906 0
3170 2.465213989063169 0.3874200327351585 0
3171 0.6050445781512039 0.3796969938739522 0
3172 5.703459972026531 1.103321154556244 0
3173 4.555229179472085 1.26645894197916 0
3174 1.785704742679167 0.7377151121471537 0
3175 3.91764962188489 1.006069505418589 0
3176 5.677911294053194 0.7400908776952455 0
3177 0.5700071427963095 0.6841056313877285 0
3178 4.915569456879723 0.1246877104329228 0
3179 0.7282929869714454 0.5996075119106641 0
3180 1.177222125915777 0.04381571804747559 0
3181 0.04027955852883958 1.871255571400108 0
3182 0.1286122789684404 0.8244470993862054 0
3183 1.577942021226693 0.8364353574866673 0
3184 2.907505971318939 0.2098268483246258 0
3185 4.538573101634557 0.04786601223586443 0
3186 0.7775901811622379 0.3729779362341479 0
3187 2.57745294473645 0.1011312587426564 0
3188 2.506474908837423 1.272132276062427 0
3189 2.940798291679538 0.1727509873000868 0
3190 1.4537014137003 1.737488364507652 0
3191 0.9727127243584602 0.04235189168709196 0
3192 0.3730150578182748 1.829684295449767 0
3193 6.127469363172709 0.2288096053930751 0
3194 2.717041494692609 0.4714934144148966 0
3195 1.033605207594364 1.17017382373038 0
3196 1.79762663664645 1.51435692887329 0
3197 0.3787926263034826 0.8526590481370873 0
3198 6.768892099744876 0.3123129310134099 0
3199 5.975810068102359 0.7416142527881873 0
3200 1.692057877368094 0.8182907360686836 0
3201 0.04241131496891604 0.9416303403009372 0
3202 1.125690711518158 1.706193565848131 0
3203 3.883204956102619 0.8578441769531004 0
3204 3.21728331189601 0.9654052376322367 0
3205 0.1141881138843711 0.2094419000076329 0
3206 2.528397269288246 1.158750989969548 0
3207 2.536499499743516 0.353027576506639 0
3208 6.196850373006464 1.027865431218247 0
3209 4.021101320476006 0.7464103659846207 0
3210 1.112472277237137 0.8266324973496713 0
3211 1.394946535974564 0.2028941878975205 0
3212 3.236403658369555 0.03810254895212091 0
3213 5.527853419497662 0.7954246407073458 0
3214 1.750674719630356 1.497243649234751 0
3215 1.063405412328525 0.5653083347429709 0
3216 1.771922631363264 1.356734339350278 0
3217 2.379587361426851 0.1739782226540487 0
3218 5.149828487169474 0.7913633874388997 0
3219 0.8173092004945575 0.814632828929526 0
3220 7.824972696769103 0.7824061929888884 0
3221 7.604523353535471 0.5620156106061059 0
3222 1.990449291748025 1.350093188874856 0
3223 1.911868998178054 1.665515571659464 0
3224 2.031573200346992 0.04250631035897727 0
3225 4.731373028340455 0.7423436985088446 0
3226 0.6330432122480023 1.446985246472913 0
3227 1.087631964119721 0.4064713242034639 0
3228 1.984634250736685 1.399097910545012 0
3229 2.219743836506029 0.048379279493906 0
3230 7.047773415085585 0.3194820557149001 0
3231 2.578943719011816 0.5107710614175055 0
3232 1.984510572156622 0.2490114310218995 0
3233 1.021673166097595 1.213065385121634 0
3234 6.227140128238257 0.1999608328775749 0
3235 4.610348945245903 0.1783391330927521 0
3236 1.392538625656828 0.9761324491661658 0
3237 0.6428813788247036 0.1058572237966963 0
3238 0.375111372771109 1.572191666394868 0
3239 1.998740746532051 0.2021986529538949 0
3240 1.108339205293017 1.791341740526905 0
3241 0.2844836453411643 0.8071062178454471 0
3242 5.553135783606423 1.06851025894483 0
3243 0.7795148720468035 0.763104135683714 0
3244 2.323907761057185 1.452757712013054 0
3245 1.333338245618498 1.041629404423383 0
3246 6.587874427655078 0.9738305878518539 0
3247 0.1919720283351811 0.6086234271159185 0
3248 6.680259087155173 0.03883143875743736 0
3249 0.6818448542036948 0.8940039332155094 0
3250 0.598490974721587 1.597440626425284 0
3251 1.76626432644653 0.1663290150527831 0
3252 2.66929856282615 1.282366156298375 0
3253 0.9512875027136311 0.9678088939538423 0
3254 2.89702638079093 1.16869278145372 0
3255 1.436537751349525 1.033898451580292 0
3256 2.520677302434584 0.04281400395962309 0
3257 1.831215525391266 0.6410695551704337 0
3258 0.4356509822715132 1.532556666314259 0
3259 0.5345775835639257 0.4801310954424141 0
3260 2.489393789873314 0.5359865369005379 0
3261 5.23422583396566 0.04160128638921515 0
3262 3.149703582196195 0.1644464761730049 0
3263 5.966954667170013 0.9190164661422161 0
3264 0.3807108813141142 1.629017908280618 0
3265 1.432276593230856 0.8051839437532448 0
3266 7.242524478908243 0.3497161289558536 0
3267 0.4212124773480601 0.2795997094731738 0
3268 7.696138422161894 0.669800164231058 0
3269 1.278387791116173 1.107436523080682 0
3270 3.686790193063826 0.2316258525659956 0
3271 0.8994054201172494 1.659109817729848 0
3272 6.857703349573978 0.8522529399753737 0
3273 2.904388772142763 0.8156866904436351 0
3274 0.5249094233164882 1.569021479816304 0
3275 0.9752180586979864 1.372612289428752 0
3276 0.6952862535545579 1.779629036822496 0
3277 3.661753682556517 1.403132105653471 0
3278 2.86181775007334 0.1890360554273208 0
3279 1.193330425775252 0.2901388058467663 0
3280 5.954952392299552 0.3646370956620461 0
3281 3.645803721896228 1.036173071745945 0
3282 0.2352172743090307 0.2375416405495301 0
3283 1.998731499249306 0.5402889029052035 0
3284 4.038973191874139 1.346458843292668 0
3285 6.169229990688451 0.7212199460299942 0
3286 1.170731919984951 1.458182546587222 0
3287 2.665027177583672 0.04737814540563074 0
3288 2.510438458976421 1.03197672513192 0
3289 3.6164771483835 0.7413795792658402 0
3290 5.993516709349865 1.057715001585725 0
3291 5.60553505211897 0.9431553219613034 0
3292 0.4237797542879188 0.576174792973483 0
3293 1.054178664143516 1.247256202373024 0
3294 1.601890872631492 0.593496541871792 0
3295 1.700568850372199 0.6901231776051967 0
3296 6.818164518005544 0.1613423247938011 0
3297 6.329852282300561 0.4200730332831133 0
3298 4.73225049263193 0.8957875549657867 0
3299 6.463870797762783 0.7998903670559756 0
3300 1.102103044688763 1.234023756755004 0
3301 7.332256971570703 0.852690541198139 0
3302 3.958268858097837 1.240380208489753 0
3303 0.918427004361415 0.1155563457350367 0
3304 1.373241409412956 0.03702958915142082 0
3305 1.355897032620701 0.5060997707747903 0
3306 0.03960506764262552 1.775080930138295 0
3307 5.971640681002259 0.09433219613753319 0
3308 2.448812389247582 0.9755546944946687 0
3309 5.165014685049622 1.130907899559656 0
3310 0.7256342630366515 0.6977655559992445 0
3311 4.237416895903717 0.9893478578301966 0
3312 1.33193242947817 1.305167009040309 0
3313 7.420203073851622 0.4880905252787188 0
3314 0.03806372554188339 1.474066676677527 0
3315 1.778894759829914 0.8420983817903963 0
3316 0.3653210451615199 1.403693933304654 0
3317 0.6812194182694613 0.1876533456093722 0
3318 2.694097878998474 1.361562794485091 0
3319 6.932385874706771 0.6452873184959701 0
3320 1.404568764780693 0.445547243805097 0
3321 0.5271021669194498 0.9176123441925796 0
3322 7.019438192004284 0.6409848162653136 0
3323 1.125817778565241 0.04175288965786396 0
3324 2.151061288606919 0.2667712444416502 0
3325 2.662354448829511 0.9329274583810823 0
3326 1.052903177552726 1.034685651845356 0
3327 4.948182610329882 0.8112863832810981 0
3328 7.072356965580125 0.7847878325002005 0
3329 0.2063112800871959 1.09695546562498 0
3330 3.958831898626928 0.8866325171457781 0
3331 3.417301944401824 1.444581794148898 0
3332 3.539031388877092 1.346726570928645 0
3333 1.533804160324545 1.497063279628547 0
3334 7.420388971926743 0.8476831145035856 0
3335 1.162262803354628 1.781258430590567 0
3336 0.1982636317911203 0.3719589492826021 0
3337 1.194117272718019 1.073983958144384 0
3338 1.973095492752959 1.200827859004346 0
3339 6.360426123698531 0.7013869196271724 0
3340 6.936078828639644 0.3832624747092245 0
3341 3.499773561965669 0.8222464615898056 0
3342 0.2711483725443166 1.431969909622976 0
3343 3.348464253642974 1.379545304477106 0
3344 2.176997271072175 1.627302459596868 0
3345 1.792692133488094 1.691301282233072 0
3346 4.54046316365736 1.168177301869597 0
3347 3.608749951683433 0.1885007632022448 0
3348 0.6393904597380824 0.9969733350983243 0
3349 2.80024718640983 1.479246098270685 0
3350 0.2644838644876395 0.5162332966154162 0
3351 7.732385036041421 0.2732079847256221 0
3352 3.600286811222991 0.1039739088019054 0
3353 1.330574628532553 1.128179214309535 0
3354 3.665312359558521 0.04581727935708607 0
3355 5.709232505667881 0.8196605835683961 0
3356 1.927393702714713 1.600817691166217 0
3357 2.750378540672024 0.8011158110148155 0
3358 0.8896713579768131 0.2101756194307847 0
3359 5.895476979961749 0.2397807254241092 0
3360 3.367086097899603 0.7435694327191551 0
3361 6.55169477777264 0.6822586077758794 0
3362 1.692203343312995 0.4164606875439801 0
3363 1.323000703516419 1.452736984440819 0
3364 3.4942017802714 1.353690392327348 0
3365 0.512161997464877 0.351812886880866 0
3366 1.354646720497013 0.6479299386246186 0
3367 0.3583840742209999 0.3397009630559948 0
3368 4.695296611908663 0.1861981377495727 0
3369 0.9545011484571764 1.810339416932104 0
3370 4.465331440354255 1.180883745576662 0
3371 5.655787757440075 0.3813003127457515 0
3372 0.1653604883877236 1.178413387823056 0
3373 6.742633059087217 0.3846005093414739 0
3374 0.03972863827855234 1.326459412795325 0
3375 2.413915238351018 1.375302935624709 0
3376 0.7310666835948563 1.228394977270096 0
3377 5.081056839874406 0.9613477440704821 0
3378 7.766687874303289 0.717272503484364 0
3379 6.651538731500392 0.7784632634026175 0
3380 7.714158617132861 0.09721376850561761 0
3381 3.449326561589564 0.8262674775139791 0
3382 6.682612562063161 0.3419927720036529 0
3383 1.136699794174088 0.6218012899973085 0
3384 2.95477475351777 1.324448991636452 0
3385 6.950510248347484 0.1531788192320506 0
3386 2.990439588076051 1.288354569595106 0
3387 1.83049190884588 0.04225059913717788 0
3388 3.190029487893614 1.118831291899586 0
3389 6.742008770607075 0.6627393075486937 0
3390 5.878017428148456 0.9631893491106387 0
3391 1.760669382542022 0.3663939166001224 0
3392 1.282754318868694 1.057797536026841 0
3393 0.8382863862897142 0.4009764983810782 0
3394 3.901141921216229 1.186211502325936 0
3395 1.130417815773542 1.024280346051867 0
3396 6.655571251800935 0.4166105258543467 0
3397 4.908424745052859 1.020757995852813 0
3398 5.676173675739876 0.03983781675049754 0
3399 1.56176046642906 0.6782262286157072 0
3400 6.548398285193592 0.103903842158857 0
3401 1.127848489864423 1.312071693901191 0
3402 0.8393446578988404 1.089566155405995 0
3403 3.026130621751413 1.360673186614396 0
3404 5.788951325467155 0.1179460109510614 0
3405 2.103613755353865 0.3154314244058052 0
3406 7.026514066405267 0.1169330607364258 0
3407 2.193877044758346 0.3341588965919803 0
3408 2.988538711001668 0.8855485534146884 0
3409 1.054723551775086 0.187006566676857 0
3410 4.960314322144702 0.9492257638277894 0
3411 0.4750909167827453 1.053985435433443 0
3412 1.048145565311724 0.8781561039287059 0
3413 5.346546962266739 0.173354965697728 0
3414 4.884138425890908 0.8766464795793283 0
3415 2.930662094978356 0.9074680378669251 0
3416 4.604285881015775 0.9671271134959395 0
3417 1.480264564751414 0.2283813926502392 0
3418 6.944462353688837 0.4564183642689041 0
3419 1.405581513297582 1.352885224212825 0
3420 5.074999999992292 0.03886607855505176 0
3421 7.184761462024467 0.8780538102702615 0
3422 0.113715138773792 1.316705782643965 0
3423 3.584996058102258 0.8107931971056399 0
3424 1.241065659365252 0.4122933407560983 0
3425 7.320510189740059 0.7193358118228053 0
3426 0.2171421149897905 1.927712910980697 0
3427 1.993372662891947 1.661290980825571 0
3428 1.75979051833991 0.5868507181562517 0
3429 0.5737038729554774 0.5057203945318302 0
3430 7.457120224196056 0.7696295652737852 0
3431 6.346337028756947 0.09003261344138763 0
3432 1.340381496605722 0.3806498186422708 0
3433 0.2595938541171189 1.335918383260283 0
3434 2.482749156838702 1.115368270592497 0
3435 7.624057466976646 0.4197507028134324 0
3436 2.446622463512733 0.19654053399025 0
3437 1.719259520982948 1.542362054514309 0
3438 0.6846861601163243 0.6727841555406002 0
3439 5.849827943633657 0.1761295901255778 0
3440 1.505919564166965 1.028938114659434 0
3441 1.957150080530275 0.3374391301312373 0
3442 3.063166852957193 1.162689208946339 0
3443 0.3257553743314426 0.9922235495158189 0
3444 1.228460216529647 0.9188746185788972 0
3445 4.489437210108897 0.04025103016452544 0
3446 0.4136073316821481 0.9966232679696891 0
3447 3.039366693067724 0.2240978875200033 0
3448 4.707888204748819 0.1079919797182508 0
3449 0.2494353338464906 1.222668775461615 0
3450 2.318113687968953 0.2758167123817201 0
3451 1.850299803001968 0.3432087635020699 0
3452 0.9397968499862829 1.173495841449439 0
3453 7.781399539158327 0.4153207407284631 0
3454 5.419203735763176 0.2383836619026932 0
3455 6.397027574035633 0.8731748725589532 0
3456 3.040108247125967 1.443923447259614 0
3457 5.624520848486498 0.2563866017294756 0
3458 6.843341915323731 0.7553748137882107 0
3459 2.984582081231416 0.8013553537171063 0
3460 2.819751672600257 1.075596869585637 0
3461 3.680594240759625 0.9618934834109283 0
3462 3.988844269246026 0.1111473832296046 0
3463 2.917554968517945 1.08439764449355 0
3464 2.948949262588576 1.045574898964207 0
3465 1.702670170501631 1.649040726188194 0
3466 3.187716849579597 1.208949308403235 0
3467 2.621548582351665 0.3642727969294433 0
3468 1.519535065730847 0.5058530372419381 0
3469 5.058958154470509 0.3004612541483294 0
3470 0.9533703891218205 1.649567703052417 0
3471 0.9654723725374705 1.596444719949487 0
3472 2.750574923355273 1.183746635107789 0
3473 5.650493862381825 0.8793831405670949 0
3474 3.131976895745917 0.9360205155409096 0
3475 3.441604026246761 0.2956095097533722 0
3476 0.7058594507957513 1.047759351764978 0
3477 3.189268808573137 0.8762294576243654 0
3478 7.325742871389359 0.6232717197284151 0
3479 3.476717689134488 1.044870947831569 0
3480 2.621115220190308 1.270252627750667 0
3481 1.397507126489324 1.500886856315245 0
3482 2.599247371231679 0.1752381400157453 0
3483 2.209234440449687 1.37363532354047 0
3484 1.910686556540337 1.14673489879247 0
3485 4.841351693732667 0.9550485275544043 0
3486 4.97019891760898 1.146123507013751 0
3487 5.827909850608855 0.7403562192562985 0
3488 0.04769179131273734 1.600332168281475 0
3489 0.7252932377559602 1.687378735738273 0
3490 0.03800714787992873 1.678917392954979 0
3491 7.614967967981615 0.7575297788639129 0
3492 1.303378039128971 1.378708708783315 0
3493 1.353714474475967 1.527899359886677 0
3494 2.665466366283157 0.2370392089424411 0
3495 1.454327443563498 0.1586459475367519 0
3496 0.2966779838891387 1.594222810304958 0
3497 2.145807428651874 1.056752018820229 0
3498 7.078096216816974 0.8953080051230193 0
3499 1.84065154175243 0.1934728145744372 0
3500 0.104105188038339 0.7822958898950521 0
3501 6.169920618094112 0.8451538403848484 0
3502 0.6743166876721641 0.8444150253703017 0
3503 0.1660152773239402 0.7331448668561323 0
3504 3.83829663231866 0.9712355096711094 0
3505 2.997835607996325 1.046754121212211 0
3506 3.890593242056551 0.1119314277798548 0
3507 2.987149974500256 0.3535578221838555 0
3508 0.9145638365557567 1.580852835496128 0
3509 0.6676268424997653 1.73048832469472 0
3510 1.640743428231455 0.2056554809974175 0
3511 6.812818354275578 0.3243479127963274 0
3512 0.9432194216896923 0.4844978689130215 0
3513 6.866210206834736 0.4093338250964635 0
3514 1.36574053458159 0.1300152455245613 0
3515 3.476212330113274 0.7319032688772842 0
3516 1.997768709415042 0.4750511761163791 0
3517 6.880904367172178 0.2579402369237654 0
3518 2.300265360277334 1.133225646800111 0
3519 7.671422661112193 0.6184620377564936 0
3520 7.13459006506418 0.2062334417311176 0
3521 6.59962046600271 0.169979310376589 0
3522 5.224227660903205 1.121590621197262 0
3523 5.553787365958062 0.1627135596565693 0
3524 1.252882903964422 1.640084406127671 0
3525 2.982745470937112 0.9732703250244713 0
3526 3.529448199121513 1.438653381344482 0
3527 4.038733931438659 1.268155460671549 0
3528 4.408964764396946 0.04524465806625556 0
3529 7.529327341126849 0.5849702560102062 0
3530 2.558739717134966 1.578370645699179 0
3531 3.696158518599379 0.1726868017615076 0
3532 2.249255630235178 1.167635839854108 0
3533 0.05454886711579484 1.949395250426533 0
3534 1.770483170014759 0.697697023722077 0
3535 1.989227349299605 1.149927152649222 0
3536 0.9684582706592173 1.274887034040559 0
3537 6.419560689910988 0.2599435099321595 0
3538 2.779066053628153 0.2562920056832551 0
3539 2.018890138436396 0.6585386218681126 0
3540 2.006967630305281 0.2862563060331596 0
3541 0.9675006344449942 0.7864559338801664 0
3542 2.50435896182441 0.7437762431970749 0
3543 3.814166340318164 0.8929183363693837 0
3544 4.231662246179372 0.1153708887592448 0
3545 2.600766893611123 1.028652131663655 0
3546 7.250377732134888 0.818570398120616 0
3547 0.3815003057804547 0.6049667444745186 0
3548 5.017321160192148 1.071644068082058 0
3549 4.210577771030501 0.8540177125428012 0
3550 3.742898274506347 0.8646656076841803 0
3551 2.27266228562919 0.3486589672534882 0
3552 0.1957457806175021 1.298272285719942 0
3553 2.239312835702525 0.7353499140978887 0
3554 1.632980902534148 1.584148269493377 0
3555 6.773082726336799 0.8190678734117665 0
3556 4.0078277080231 0.831088278942776 0
3557 4.941304676117584 0.8661074169343266 0
3558 1.898017287010311 1.057395799637169 0
3559 1.397638882282436 0.5355406240086724 0
3560 1.534448968555124 0.7160607526503464 0
3561 6.828385244471991 0.2435902145977092 0
3562 7.961959274247175 0.6247510612991103 0
3563 2.380977766581406 1.443475644975631 0
3564 4.83714714256657 0.1521605554075704 0
3565 0.7683289635932973 0.2174259469154403 0
3566 6.502955719920195 0.2937038861594233 0
3567 4.233888017168077 1.20613544995209 0
3568 3.024785796313469 0.03746813450413562 0
3569 2.958107643502368 0.09290420339317269 0
3570 2.854757037385245 1.024980283354443 0
3571 0.8824972144664297 1.235082849598819 0
3572 3.776719698698746 1.12547805257888 0
3573 2.326397708448333 1.061682034271604 0
3574 0.6583508774760818 0.04580538392496265 0
3575 7.842668004284692 0.5345701192815604 0
3576 2.548386613336109 0.2487443185875567 0
3577 0.3512366758156429 0.04944997607295806 0
3578 0.4018441931050477 1.492918820274558 0
3579 2.739308757981942 1.53767350952556 0
3580 1.623307045036972 1.110881542320848 0
3581 2.680868990242282 0.7508808365612232 0
3582 0.6212392216431363 1.320328076452264 0
3583 0.2779262907126233 0.03900179502560377 0
3584 0.6527162311601107 0.2647109910141369 0
3585 0.3364459185079506 1.036083517907676 0
3586 1.624927799434287 0.6335090953222279 0
3587 3.767009694572911 0.2157184123634275 0
3588 1.902575054707819 1.001940214796376 0
3589 1.446260667530585 1.665043437040793 0
3590 5.729530727225611 0.3375655239644261 0
3591 4.274765018114426 0.04336083748924617 0
3592 0.5326460424172673 0.1831686949863062 0
3593 0.6208747855526885 0.4744812339234082 0
3594 6.294728388741953 0.09465266210940529 0
3595 1.116019893281299 1.403382328513175 0
3596 5.735872572282811 0.2485248342489187 0
3597 5.079774985183151 1.031300918718031 0
3598 3.593110954410868 0.9467249455628931 0
3599 3.19370215622216 0.3600191888487085 0
3600 0.6484935907628495 1.858208531796672 0
3601 7.338423634201156 0.117164205845338 0
3602 2.933074340915923 1.235143710118085 0
3603 2.831211035876415 0.4535239789945135 0
3604 5.202728154043506 0.7967082204250282 0
3605 5.099690831490955 1.103167599647529 0
3606 6.071979265003721 0.8413009924225355 0
3607 7.226642453333359 0.03850860711905194 0
3608 5.681567942636832 0.3157798777613083 0
3609 1.946867579006176 1.119360721099529 0
3610 4.050351558259617 1.114657467629563 0
3611 7.540291619515243 0.519150770689245 0
3612 0.04535639497841322 0.6355597222558702 0
3613 1.548850387917548 0.05127693897983238 0
3614 1.887868683299279 0.110939092104306 0
3615 0.333020409680161 1.374826391313404 0
3616 0.7604413155434474 1.054986156963841 0
3617 0.8298559148114535 1.728154432655583 0
3618 2.949342789580424 1.120461325490947 0
3619 5.747055512944888 0.09375849778543854 0
3620 5.083023032558325 0.7385512691195211 0
3621 6.995423779541978 0.8589718128820096 0
3622 6.398861491249672 1.00052839311635 0
3623 1.901426998680231 1.460719868810854 0
3624 1.954468986700929 1.479939044067332 0
3625 0.6805149495414599 1.086716750136864 0
3626 2.642711046617612 0.1033694857887964 0
3627 4.550091864055162 0.1723401712100908 0
3628 2.217892724618973 0.8028461573801118 0
3629 1.692450253043381 0.9561295329978847 0
3630 0.04360619344307456 1.208926167382527 0
3631 1.069383836510301 1.554182104333494 0
3632 1.755893383541256 1.200602617751442 0
3633 1.019206081265761 1.750562527717725 0
3634 5.852048116421767 1.081459745841512 0
3635 1.945911043274708 1.534480567457589 0
3636 2.863554310022989 1.138945645693327 0
3637 0.6065757811531264 0.2312019607231948 0
3638 5.547259455684188 0.2408494967048203 0
3639 5.499346667284181 1.134303292449238 0
3640 0.03365478509062557 0.3736545021350355 0
3641 1.319043882953915 1.624536045861343 0
3642 1.921331012157002 1.333037100043633 0
3643 5.75954844207117 0.9507841011776594 0
3644 1.861667144359383 1.082710917422275 0
3645 0.4987100509448327 0.5515800285878459 0
3646 1.075531879676803 0.9550710126466913 0
3647 1.529563668343683 0.6321534704970754 0
3648 7.115866524623219 0.5824466409252382 0
3649 7.308231304333374 0.4851112871417395 0
3650 1.766764851596779 1.618366630934566 0
3651 3.285659253844188 1.144210483401951 0
3652 3.135369969934838 0.3050393962720688 0
3653 0.307659468383122 0.2724539427425391 0
3654 5.828142051133181 0.895940285477983 0
3655 0.4631984974058889 0.2199859869788272 0
3656 2.071969736702013 0.5039414406083663 0
3657 3.123464473242051 0.1102739488759207 0
3658 2.34461898568824 1.611529293532164 0
3659 1.432021006058452 1.197312720690113 0
3660 0.7569008615869877 0.8628774462569484 0
3661 3.084306695420814 1.243082013881233 0
3662 1.348154625258889 0.295265556773209 0
3663 0.7586097194837649 1.588442145418187 0
3664 0.9639867990173816 1.732211870353391 0
3665 5.406317439823264 1.100746239276351 0
3666 0.4462736597031114 1.651685901923964 0
3667 0.04397582777691761 1.554831268691347 0
3668 5.828725358988827 0.8106740227127842 0
3669 3.302237772353701 0.807155720572176 0
3670 5.841828291569922 1.012062286393225 0
3671 0.493714982278661 1.00561299808141 0
3672 3.975632517459717 0.7385459605262357 0
3673 5.778552319067771 0.8677180864423388 0
3674 7.338528268286812 0.7986980216638591 0
3675 4.267762192332126 0.1947452688911659 0
3676 1.400324945185699 0.1058583019068785 0
3677 4.28599348756373 0.8667523744078489 0
3678 0.6333779101335858 0.5549485860089896 0
3679 6.382207989632134 0.4794162463980338 0
3680 0.037159674878935 1.014716608311882 0
3681 3.917662515160196 0.03994806445589299 0
3682 2.297576791377959 0.5798198482037987 0
3683 5.948450366202072 0.9993756561580032 0
3684 6.39863720218284 0.3918009936490527 0
3685 2.397592000253502 0.4088792612956427 0
3686 2.952020605433487 0.2755591644740698 0
3687 5.691656692623119 0.9088779199217693 0
3688 1.495091224098898 1.738365451237438 0
3689 0.1019381530374202 0.6473169112235179 0
3690 0.2529363547528674 0.6622311739424476 0
3691 0.1744692087664854 0.03888705002773843 0
3692 5.096290923910973 0.241616208527739 0
3693 7.46681509674605 0.09754217731362859 0
3694 7.377868927030246 0.4553136147302851 0
3695 0.9201673355252075 0.4111433931876223 0
3696 0.4688149875933906 1.322986869504518 0
3697 1.298838501580504 0.8577719327804733 0
3698 0.113287489415878 0.9882665947542096 0
3699 4.139413628340755 0.1049341001615869 0
3700 1.463762240363944 1.262518062344521 0
3701 0.1005544637362426 1.727286798888052 0
3702 4.7609848559666 1.13754863199549 0
3703 5.666516708121164 0.2237128071192467 0
3704 1.769678597914997 0.9379276675505772 0
3705 1.115806673602539 1.189764135098561 0
3706 3.688293938128072 0.09633646417552395 0
3707 3.99445398387473 1.012396050599292 0
3708 5.384993391011419 0.7877757069028719 0
3709 6.522891241189664 0.43318842942332 0
3710 3.423206768539643 0.0373470210890889 0
3711 6.272220389224292 0.4075062764009109 0
3712 0.4000745513967785 0.3473682383043023 0
3713 6.548913619856325 0.3643620556232449 0
3714 5.714539441447998 0.167235612357568 0
3715 1.940298570826626 0.4638642659383415 0
3716 2.029594760201609 0.1247461515164911 0
3717 0.3345269983502449 0.6709303267815627 0
3718 4.080513381665274 1.343243111550608 0
3719 6.478837335339845 0.3598253596965726 0
3720 2.806425709905633 1.390192975419145 0
3721 0.5802002339605503 0.4136934596175075 0
3722 6.237815880184042 0.9571794338771685 0
3723 6.675089906803413 0.2006980740230188 0
3724 7.11656446534531 0.04058945769315709 0
3725 3.172952140039639 0.236099411929921 0
3726 6.549641733827333 0.1595885270804988 0
3727 3.146857261704854 1.311674215715513 0
3728 0.2771874038357581 0.3389723814535153 0
3729 0.2632527641615022 0.5855668880307699 0
3730 1.515678086803123 1.66598078714066 0
3731 0.5632379308966059 1.033714739122057 0
3732 7.211913382820105 0.3812457877457563 0
3733 4.674010992596544 0.850401104756158 0
3734 1.551328513129414 0.4337159874519646 0
3735 1.595642658830746 1.650091499985783 0
3736 2.777382442614366 0.03755969603410785 0
3737 3.202563825649348 0.1084377171239458 0
3738 1.849989793349336 1.32759810033554 0
3739 2.921982227554627 0.7376567570295496 0
3740 1.446009034200952 0.8889205062901202 0
3741 1.030874756095502 0.1132389572874893 0
3742 3.083658618860556 0.9157802302880637 0
3743 1.126784783784281 1.578984303201629 0
3744 2.203123038549987 0.4998412707421224 0
3745 2.225717383437102 0.1459372709500595 0
3746 0.1203613371776919 1.587143593834022 0
3747 1.971174769896206 0.106931784199729 0
3748 5.476794375571752 0.7350582722993655 0
3749 1.708842024152357 0.6429933515296442 0
3750 0.1123338204628576 1.428133827129463 0
3751 4.604819388780772 0.8870107731738289 0
3752 1.849436565041247 0.4579977181572943 0
3753 1.680407763023017 1.197310416480601 0
3754 2.979611352471814 1.51196267941391 0
3755 0.342084790588409 1.709287464631533 0
3756 6.113220865935216 0.0863567873471683 0
3757 1.786746635973192 0.5024062604825615 0
3758 0.9386315957217393 1.509472231229317 0
3759 1.87444885801174 0.4148534381983919 0
3760 0.4616933859374817 0.9729557974860803 0
3761 1.05560368857433 1.078174747811207 0
3762 4.224700147764158 0.1909157841352171 0
3763 0.8814652966700591 0.9443198636768542 0
3764 6.094686212114964 0.3786930296984641 0
3765 1.824164009977129 1.060906657251872 0
3766 3.711569189471785 1.338929100548437 0
3767 5.153461442771968 0.8628301978449245 0
3768 3.068825175774954 0.3924019613054383 0
3769 6.41871997127562 0.321407745504302 0
3770 3.859232873560048 0.8159430674245802 0
3771 0.7649821528020608 0.6280185210833902 0
3772 0.9105745633799384 0.2826489400513769 0
3773 2.519883696887628 1.425877602448193 0
3774 3.895148745606682 1.298026815995469 0
3775 1.643524608802648 0.7063815472688768 0
3776 3.871261065684548 1.383304223795998 0
3777 3.230861553062874 0.2860266235644061 0
3778 1.837106497640627 0.1168994729087582 0
3779 4.900535045058989 1.096594179917499 0
3780 1.885551898249826 1.523199614644186 0
3781 5.298267005362581 0.1095333112665249 0
3782 1.832386177434351 1.454254378434451 0
3783 6.024999999994759 0.03556977161052615 0
3784 1.84471815390949 1.384907233774817 0
3785 5.804389731173162 0.1978456751150886 0
3786 7.381426157728072 0.03576161422442977 0
3787 0.2056680812718343 0.9860203652214358 0
3788 7.194700413389912 0.6653336943507687 0
3789 6.000274962754286 0.4248380732371123 0
3790 1.07854272672871 0.7386632545790256 0
3791 2.83811861734229 0.3794775936647364 0
3792 0.7501391275539225 1.758113650141889 0
3793 1.918252424961145 0.2162831920552294 0
3794 0.4137527679853895 1.897877761749535 0
3795 0.7778571689958796 0.03742300433861873 0
3796 5.975350346515411 0.869909067472773 0
3797 6.131738803256358 0.7854079737302846 0
3798 5.224038136630234 0.9315252272280286 0
3799 5.114343559037948 1.193833954438047 0
3800 5.32304932149709 0.9586733217848724 0
3801 2.676919717431356 1.500403329590629 0
3802 3.566382670591681 1.087713365228772 0
3803 0.2121871993661692 0.4532565939185709 0
3804 1.650092542005461 1.454162877998803 0
3805 4.43636608552066 1.038219172787872 0
3806 2.363218829124081 0.7395782335637411 0
3807 2.619877752170371 0.8041525368905442 0
3808 3.32791831404875 0.8920666255430845 0
3809 3.353886521962487 1.278591594815491 0
3810 3.379138665572919 1.239932721884143 0
3811 3.937604336910177 0.8018899709510563 0
3812 4.727245103223599 1.04640446951024 0
3813 1.918815709678904 0.5726554013934784 0
3814 1.081500099322097 1.743871306854403 0
3815 0.7175297555712886 1.124144234957164 0
3816 3.732425853900116 0.7408745791861154 0
3817 1.553890379094415 1.162207287651605 0
3818 1.63134337996158 1.385336385089154 0
3819 3.811634559560461 0.8135131107672701 0
3820 4.871114431123878 0.2780637689023995 0
3821 2.147347911830238 0.6256507364407098 0
3822 7.849094852329809 0.1077315960807321 0
3823 2.379455282972855 1.396516397546066 0
3824 7.198479299728922 0.8210942763495023 0
3825 2.754899433250845 1.401597819748895 0
3826 3.826105820206129 0.7356718267364926 0
3827 3.84638289689957 1.307492489335272 0
3828 2.839174938396519 1.536757127740323 0
3829 4.886506435258447 0.9547590459203527 0
3830 0.9805741297791342 0.2261176038902332 0
3831 2.848311776742766 1.333426250798722 0
3832 4.434640510982947 0.9041720602527838 0
3833 3.417149811095268 1.325478800926001 0
3834 1.165002863538484 1.730766929231154 0
3835 3.74330669104495 0.04250164248343111 0
3836 2.554480658660848 1.236417168423143 0
3837 1.495561993694147 1.575720671622699 0
3838 2.446357798739253 0.3432761627504199 0
3839 2.72015934678771 0.3527828089983762 0
3840 1.9145444103521 0.6584316482192296 0
3841 4.568826630515861 0.925632181805514 0
3842 0.3646989715802418 1.787983114042393 0
3843 5.770524864025377 1.040237576151024 0
3844 2.22860502053164 1.563062758213579 0
3845 2.170000358696298 0.7381048930253219 0
3846 5.330738287209713 0.7354097003308011 0
3847 7.000292305956262 0.3401200256137474 0
3848 1.723791818982743 0.03317001970945177 0
3849 0.03842937250799059 0.270392194505902 0
3850 4.365179397206717 1.309837956591236 0
3851 7.79841078713223 0.6932694641236437 0
3852 2.343799077708814 1.371384892275335 0
3853 2.780219172252556 0.7370798289677967 0
3854 3.386652639503873 0.102687467607023 0
3855 1.696155523433857 0.1033089898772684 0
3856 1.557361643450693 0.5290967519948548 0
3857 7.359796025786803 0.6533785736041191 0
3858 7.20396977523065 0.1190172837034503 0
3859 0.6244453614407737 0.190242620410146 0
3860 6.139415954422142 0.4500870311228445 0
3861 1.570089490096748 1.116903493864114 0
3862 3.569711996418835 0.8642202209663383 0
3863 2.68366724321849 0.4275794173769336 0
3864 4.388642242744212 0.2083721999487352 0
3865 6.548860421313329 0.3075276757652258 0
3866 1.637518445637629 0.880878161131041 0
3867 4.727428390411069 0.9490996386977102 0
3868 6.87327655179439 0.1801454900934451 0
3869 3.780729130877049 1.391254626141823 0
3870 3.159168228008904 0.04017846509905538 0
3871 1.273595000337058 0.6252502457544497 0
3872 5.589532033978768 0.3034061213582401 0
3873 4.379856877941493 1.151165281179742 0
3874 2.258210298581008 1.493982638680167 0
3875 1.421111646282674 1.149037626768566 0
3876 1.551840872530006 0.09612691155307047 0
3877 1.378890653661944 0.7313101128758375 0
3878 1.217164249287838 1.534677762006055 0
3879 0.207416442481015 1.462362145220772 0
3880 0.6806287212382903 1.60150967866056 0
3881 4.32405106128986 0.7365009682508115 0
3882 5.752076874365033 0.7953202172042397 0
3883 2.652718518316242 1.416308247895131 0
3884 2.480776648869171 0.4294182800914495 0
3885 3.973522731206784 1.366364237838549 0
3886 3.449518850031086 1.12704354132006 0
3887 2.616452635301889 0.8825413312557023 0
3888 2.897295745068635 0.9962951893723324 0
3889 0.615587942765968 0.9097845940043002 0
3890 2.641486166874352 0.1571430854897377 0
3891 6.027510320639919 0.7333654997909523 0
3892 2.164964254567167 0.3564614994205251 0
3893 1.10428842425346 0.08440988196559807 0
3894 3.566414060475465 1.175243933732487 0
3895 0.4763231820855018 0.03794888147955163 0
3896 0.8518672310194411 1.181979787140768 0
3897 3.425993697343173 0.8674309797112714 0
3898 4.493337737532721 0.9778491896641801 0
3899 5.570213778946272 0.1132598073375813 0
3900 7.254010242930592 0.1027606694101638 0
3901 3.401074886661119 1.372031396407736 0
3902 3.381020765387464 0.7948752473570462 0
3903 4.023837142711961 0.03168067464376888 0
3904 6.182448448013231 0.9126632676876747 0
3905 2.121473689082648 0.740664843025024 0
3906 2.158594287825005 1.19707203927676 0
3907 0.7569761872767096 0.4556586021985504 0
3908 3.318260404292833 1.05863828144128 0
3909 3.230434363510857 1.044993088652367 0
3910 3.337658926709296 1.019594151425578 0
3911 3.155772216209297 1.166986208782339 0
3912 0.6132204775380004 1.036620456996176 0
3913 4.026842172112971 0.9376497569477646 0
3914 7.668957636238167 0.8140620858418796 0
3915 5.201830062972959 1.051206467455578 0
3916 0.5843499312323935 0.5474002633719622 0
3917 0.5082928392275827 0.1085359518083269 0
3918 1.925025119326277 0.821638829159229 0
3919 0.2659709883470484 1.683907436576918 0
3920 1.627752389734393 1.248437832605928 0
3921 3.163476275414761 0.7949905010948128 0
3922 5.973398113238577 0.7858153460425649 0
3923 2.27906683846353 0.9930263043659369 0
3924 1.203060117576332 0.7682057439176769 0
3925 2.77284071041429 0.3034287365395461 0
3926 4.20393679794612 1.069281629420244 0
3927 7.278840863968929 0.6840331374432218 0
3928 3.833827221565549 1.021100373448139 0
3929 0.7237729482730192 1.541274605380215 0
3930 3.229465813224875 1.480800894659066 0
3931 0.03921906784034435 0.1733061053931051 0
3932 4.072778708485496 0.7347614058577417 0
3933 6.728882390923586 0.4207372659557185 0
3934 1.868914924286165 0.5008097982429749 0
3935 3.214034576277072 1.42074452888831 0
3936 2.238746437177626 1.27907279362104 0
3937 7.903275374730471 0.5889881075322538 0
3938 0.7242574976078328 1.850896810643 0
3939 3.518429206361159 0.9153436512405796 0
3940 0.09562252306647315 1.871117281663907 0
3941 0.7228611736693453 0.9063047329964614 0
3942 2.304817969338944 1.546700220094906 0
3943 7.897122867098328 0.1932932563901184 0
3944 6.050476665621314 0.8770583800883581 0
3945 3.038270737537461 1.23256428036545 0
3946 7.448476935808012 0.5545092765816977 0
3947 5.061422765788934 0.2168867239703827 0
3948 6.341134228347442 0.1647985332158809 0
3949 6.012948603756143 0.9385148146532689 0
3950 2.272704178463724 1.045719623872793 0
3951 6.414417374257963 0.03831351199323929 0
3952 5.372671097440633 0.1060650503828429 0
3953 1.085192700354363 1.006452618561607 0
3954 7.538778703880732 0.6605776345665674 0
3955 3.742150810091895 0.1671037040715203 0
3956 2.120700050982296 0.5585301627058593 0
3957 0.5644512297723177 0.300064432603358 0
3958 3.389379090122934 1.021505448787775 0
3959 7.025904271912642 0.03678594130712873 0
3960 0.5672700899070413 0.9607813273829333 0
3961 1.979987875031663 0.9423282802897859 0
3962 0.0365682234506116 1.117388099221649 0
3963 4.463522804713916 0.1685914260230851 0
3964 6.606229400019503 0.300841830091864 0
3965 0.7488651870268059 0.1675770825768342 0
3966 6.168193701547035 0.03506472964781429 0
3967 7.575233859867403 0.8293092402894331 0
3968 5.320951273086823 0.3372513241922973 0
3969 1.806307820439361 0.577187142905963 0
3970 6.423286357283537 0.9284359707765387 0
3971 0.3238652507268647 1.460341107288654 0
3972 6.216145050873129 0.7822994861666196 0
3973 2.056185364948029 0.9378450644573215 0
3974 4.366384576503306 1.080987786529793 0
3975 0.4850368966950594 0.3136572340296525 0
3976 7.26310258246776 0.2469582011194978 0
3977 7.809141879621421 0.2955180826002985 0
3978 7.552394295589474 0.3430081986345843 0
3979 3.175000000006517 0.7339704364188837 0
3980 0.3951454272195801 0.04189684435845643 0
3981 7.300173272800849 0.2161717555413189 0
3982 1.538449203297397 0.23085708329687 0
3983 7.584827605408784 0.4735068777733916 0
3984 6.83450363326619 0.9407238102720259 0
3985 2.434757180300766 1.30205467937557 0
3986 1.773428900284884 0.2443839745391155 0
3987 7.894452616047174 0.4596011040586491 0
3988 5.270319743389935 1.045518782391189 0
3989 1.154645306320731 0.8866318726619407 0
3990 3.382746552589073 0.9501631730793102 0
3991 1.753008042968789 0.1106049310727188 0
3992 4.419804125283155 0.09062347704687294 0
3993 0.5360822565517626 1.264443307288571 0
3994 1.375954337734699 0.7850131163270468 0
3995 0.639183897127695 0.6075377601831005 0
3996 7.400364290465552 0.1673435438170456 0
3997 0.7616848676192753 0.6719242345688613 0
3998 1.778500989429657 0.9884669950612045 0
3999 2.737837887385817 1.103910100427802 0
4000 0.428513516459372 0.8458599915734184 0
4001 0.721272923229861 0.1018110169602153 0
4002 7.661768511648209 0.2597187145831643 0
4003 4.768828961084249 0.9780071496651339 0
4004 7.042171175397989 0.5986035302896598 0
4005 1.814656249455111 0.1607280287012054 0
4006 7.53358303584559 0.09796673074209124 0
4007 6.904458248640656 0.2153697716167794 0
4008 0.3414836244942659 0.5927542366873273 0
4009 1.802832907844627 0.4609737071734543 0
4010 5.200794117144349 0.8525835507272729 0
4011 5.453085707919355 0.2892571341973556 0
4012 5.358984275945928 1.161037673757016 0
4013 7.90666236688736 0.7732027681096526 0
4014 0.3673019586639684 0.1171150410469395 0
4015 1.927628128517519 0.3648688814191884 0
4016 2.270654337546554 1.325486675802595 0
4017 1.438319751221952 0.4675091987037044 0
4018 4.610610924312924 0.09385521409455902 0
4019 0.4029935845955673 0.1864069466936816 0
4020 4.078924349730303 0.8491791940162852 0
4021 5.085444063027218 0.8847513396498519 0
4022 0.4185617800709132 0.0992540493217523 0
4023 0.7033914662955346 0.03940358118083351 0
4024 0.03844044628670974 0.8668342170985727 0
4025 4.271198621246402 0.1198161997705861 0
4026 0.3793277129767345 0.7844076791834363 0
4027 6.252303122281933 0.2747869381232996 0
4028 2.544468276885406 0.3151545155469588 0
4029 2.032358871169453 0.8801914016975192 0
4030 2.812535170483041 0.09639509014292946 0
4031 5.575000000002364 0.7336706229643807 0
4032 3.083362797923503 0.2816612331400938 0
4033 0.3242438063734852 1.858050658493231 0
4034 1.554537919055003 0.9660948998931885 0
4035 2.104765375346825 0.1443725488809248 0
4036 4.961352173551305 0.2928389723577521 0
4037 0.1732930633410932 1.535831050977177 0
4038 0.9382981275703793 0.3297979240145984 0
4039 7.747386280017714 0.2360006735975747 0
4040 3.810744453577605 0.2085733573273033 0
4041 5.488774596143269 0.1084788765298317 0
4042 7.046927156446269 0.1959151189356075 0
4043 7.26512368174056 0.5600038830284642 0
4044 4.143679926645651 0.8786509889230701 0
4045 1.927809513404577 0.5355631957427206 0
4046 1.803490386134065 0.8862787045322221 0
4047 5.560488619787569 0.8770456345645545 0
4048 6.725438895414008 0.8830795639541822 0
4049 4.018608885529673 1.087358742906724 0
4050 5.895770798382711 0.4076667845863884 0
4051 0.5893820652214001 1.685478144076118 0
4052 1.696105497827718 0.2993597251136288 0
4053 5.326069471769041 1.005749561453432 0
4054 3.256493717566663 1.004762622946458 0
4055 2.06877468001685 0.2317336398821939 0
4056 0.5204643840004834 1.882400015840043 0
4057 1.785474020255079 1.123258859452721 0
4058 3.018276687767731 1.005369144203094 0
4059 0.552982709451607 1.442133683391424 0
4060 6.147578669599715 0.367701974449343 0
4061 6.278270983909646 0.8269446169060377 0
4062 1.968372051212088 0.7846091008087207 0
4063 5.989669653572565 1.011047557886941 0
4064 3.925632385414053 0.1793782891362893 0
4065 0.8024410657939403 0.7311585833395348 0
4066 2.753014991545868 1.029802576387284 0
4067 0.4620154949741889 0.4207667359435864 0
4068 0.1698066141470733 1.781597108854613 0
4069 3.327735245940818 0.7358374539619332 0
4070 1.695032572803268 1.345553501675578 0
4071 2.557509312330115 1.405711044658142 0
4072 0.501641325458368 1.816149910269951 0
4073 3.94396533078671 0.9248940750377489 0
4074 4.885800329413124 0.03435348278284989 0
4075 2.803172121012871 0.3759024810780661 0
4076 1.034979529006224 0.3037988003492713 0
4077 2.107442303930454 0.8739941815476091 0
4078 5.600820383753828 1.124715738312204 0
4079 1.033192800595999 0.03943545564437452 0
4080 6.177139104398079 0.252129567908554 0
4081 7.965602869785798 0.4775911689285982 0
4082 2.812139576166296 1.347127089833809 0
4083 7.371584255591968 0.3667237835887593 0
4084 0.9039687323806578 1.030565455586929 0
4085 7.220614791224185 0.1867538597953515 0
4086 0.1687927588061818 1.933744193234722 0
4087 4.56443346356518 1.055692489225758 0
4088 1.67386576795947 1.520898369414622 0
4089 0.1963287675464049 1.863276810420335 0
4090 0.09875327410463157 0.4075063779714433 0
4091 2.435385985957623 1.527458184238453 0
4092 2.161174049944 0.930080472750019 0
4093 3.344386010480057 1.199193450484678 0
4094 0.5541067259321102 1.768670510449385 0
4095 5.93541097850628 1.07070838821202 0
4096 7.580960431353758 0.03694031215256913 0
4097 2.911266843519003 0.3851721446218462 0
4098 3.733868780975316 0.09269806664626498 0
4099 7.566605919570145 0.2042163710343005 0
4100 4.3443094069793 0.2046136517414369 0
4101 5.330301756282421 0.03953622119905497 0
4102 2.474961192740439 1.311403717523745 0
4103 6.175492879005255 0.2980158276024579 0
4104 5.355145928886705 1.07972996165141 0
4105 6.348389464024004 0.9390835231705144 0
4106 1.484233934164776 0.5743546925451315 0
4107 1.756829998815178 1.24191877274031 0
4108 3.352206039275093 1.092703888957526 0
4109 6.295508058152851 0.1502814112573171 0
4110 6.137444981733859 1.038768884640908 0
4111 2.434400516307017 1.598110523799362 0
4112 4.623520911353825 1.126803777656576 0
4113 2.428570534188669 0.9165454803474367 0
4114 0.4558167270445335 1.184550388071302 0
4115 5.924959594727669 0.0335817549067253 0
4116 6.294576506775056 0.3416049767157728 0
4117 3.266734969398881 1.106180805706784 0
4118 4.315875751516349 0.9971468871353695 0
4119 0.6819788848096301 1.560367605844354 0
4120 2.041423665382783 1.658511260878938 0
4121 7.427630413213031 0.6925296506448994 0
4122 2.388961776965959 0.7970290557317986 0
4123 6.228360133247026 0.3372992370461972 0
4124 1.480591776143891 0.5306693314295207 0
4125 3.381370466061937 1.457789098981389 0
4126 1.479430020968401 0.6898451788068849 0
4127 0.1032402254115655 0.5031245032477927 0
4128 0.833103899922417 0.04087431769256869 0
4129 1.706506829488002 0.9940061687197795 0
4130 7.696587911771348 0.7521341324417141 0
4131 0.3827016575137519 0.2621351906135624 0
4132 1.186058448343152 0.3610322238593431 0
4133 1.733041042894717 0.4367415913253259 0
4134 7.382703544704041 0.1151559225723372 0
4135 3.668627449375721 1.111891473936377 0
4136 7.159386429303655 0.6025686469758624 0
4137 7.659036489242718 0.4335039723343991 0
4138 5.274424091675987 0.03329177462211085 0
4139 0.9707174966523424 0.08361099101798325 0
4140 6.323226771578643 0.7634917120212714 0
4141 0.09890531847237133 0.7035116030676978 0
4142 1.074766138525648 1.159840937258653 0
4143 2.451720899454475 1.401783739186127 0
4144 2.591109351134642 0.2458320108548024 0
4145 3.237781960322404 0.1940796252576047 0
4146 5.425178343710957 0.1533635215187702 0
4147 2.005160461091399 0.809143856167058 0
4148 2.011245179447594 1.480905488879132 0
4149 2.876401561950861 0.08538073446966152 0
4150 1.400824328311494 0.2420391713073634 0
4151 7.633154658891865 0.1650208860851936 0
4152 3.471164592499121 1.202117792968083 0
4153 2.964258335430169 0.4254871877236202 0
4154 0.9203245646518133 0.6099333771875982 0
4155 5.471412551071568 0.204420338163514 0
4156 2.477954264618876 0.2715732971473045 0
4157 0.8870392669314129 1.110488541590324 0
4158 2.644440692719719 1.002693234501778 0
4159 1.302684719246832 1.692860421219637 0
4160 0.2245584900556344 0.8797715521280181 0
4161 3.675574129163701 0.7984210629359059 0
4162 0.6124341817000082 1.875075614608179 0
4163 5.94056191210738 0.1724119628574922 0
4164 4.235809500757278 0.03587326712413998 0
4165 1.276914689843199 0.5272371633749531 0
4166 2.389684912480828 1.244842363321863 0
4167 2.049475699864312 1.411019415329932 0
4168 2.137682211770552 0.4499220792735399 0
4169 4.356044379781245 0.04065507380436827 0
4170 2.547187437154535 0.4182912850120718 0
4171 0.1817854345446933 1.029757231234486 0
4172 1.609221785000956 1.466186240567314 0
4173 0.8190662715822169 1.006112990083492 0
4174 0.5224908028073068 0.7712706473981807 0
4175 1.606447174380709 1.51219772174646 0
4176 0.1430352003420985 1.388471783082795 0
4177 3.535830314870915 0.1493865778068426 0
4178 0.2021207990203367 1.721064601651631 0
4179 0.2785701531519466 0.7286420535841975 0
4180 1.750729689744556 0.6270739657929635 0
4181 7.602180329931212 0.3232983266221448 0
4182 7.840987877737065 0.3652497253852727 0
4183 6.979587284022493 0.5653904517985942 0
4184 1.630323408504731 0.5565428417391201 0
4185 1.679681713971076 0.3383900066033613 0
4186 4.833850198170887 1.023418946968462 0
4187 7.701496927602136 0.1823321702751401 0
4188 6.041379975942549 0.804650685567692 0
4189 1.728013413290084 0.5581692354020651 0
4190 2.737350726075073 1.352233153071702 0
4191 6.171011266370451 0.7626758629840708 0
4192 1.226839610052283 0.8180960911572296 0
4193 5.743409702004524 1.105287373016578 0
4194 7.069475474257749 0.5263659172389226 0
4195 0.3395039265664404 1.906133738417704 0
4196 7.736113926456891 0.3985955163475099 0
4197 3.491600672517525 1.270914394540509 0
4198 3.07928577552486 1.292207397026044 0
4199 5.444618318663967 0.793279532241812 0
4200 0.599142290159776 0.0996975570888856 0
4201 4.567369442785662 0.8465167423463251 0
4202 0.179007035294172 0.5208700448736281 0
4203 3.586515448331444 1.368917833781821 0
4204 0.03315957728947796 0.6767196829240592 0
4205 1.845938372305897 0.9446501456338864 0
4206 1.273962757137721 0.9736275342564392 0
4207 0.655866817864816 0.5127567073105064 0
4208 2.65406826323858 1.201079254592308 0
4209 1.016597487955592 0.5246539271144305 0
4210 0.9759557720013163 0.5557245337424095 0
4211 5.137441173869229 0.3107212547715687 0
4212 2.839751202325761 0.1562534982051657 0
4213 2.026311737796774 1.001005767769182 0
4214 4.365468952124634 0.9944599562446697 0
4215 3.213047125102511 1.341147992363989 0
4216 4.946391400379804 1.01985219294877 0
4217 2.9020373583522 0.2568802709148443 0
4218 2.236112993099752 1.455060858268614 0
4219 5.630168177047794 0.1670442270723764 0
4220 0.5523236397955955 0.1422469899275767 0
4221 1.33790160609031 0.9193318821025298 0
4222 0.551323713786361 1.138779136064781 0
4223 1.070489064649045 0.3266180120319493 0
4224 4.409705052086163 0.1609984467875376 0
4225 0.4120639337413142 0.6643025842914831 0
4226 1.362375812984711 1.650010610698406 0
4227 1.579325601835309 1.042136595700911 0
4228 4.174321956806383 0.7313973978915072 0
4229 0.6389654580375104 1.807104904628495 0
4230 2.226492383678655 0.2749760088190978 0
4231 1.162740524026011 0.1188856614493822 0
4232 0.07760506925091107 1.344522231104008 0
4233 7.597329420335036 0.2779834905123731 0
4234 3.879195883168197 0.1928807921642736 0
4235 5.811152452566405 0.3565383624731461 0
4236 7.506777686922824 0.5043836882296193 0
4237 1.138772147129646 0.3558664400504539 0
4238 6.41148446244408 0.1788403291790749 0
4239 1.83902480830208 1.625102659530205 0
4240 0.6295407768202766 1.670988206425031 0
4241 4.224860429392071 1.260369731704676 0
4242 1.746810936971971 0.5080390073985758 0
4243 3.534230663464284 0.7919849514839297 0
4244 2.700710986794891 1.135724411703069 0
4245 2.485910621025221 1.35599838624287 0
4246 2.215175224011533 1.238927031656156 0
4247 0.8686789011385426 0.7630231774289202 0
4248 4.244120563342712 0.9197587893046997 0
4249 1.709681636039448 0.3716820205893246 0
4250 4.188684880916533 0.8057093468890231 0
4251 4.71820003861842 0.262415918197774 0
4252 1.142019910841835 1.659302140587019 0
4253 2.942279996140177 1.377724252974825 0
4254 5.829652053758775 0.08405731149804965 0
4255 5.463349707678157 0.9178894094786572 0
4256 2.397437546494645 0.5667370214148622 0
4257 5.666375786229854 0.7836874471202966 0
4258 5.253726387820819 0.3269725974775873 0
4259 4.389794320972097 0.8488543444535854 0
4260 6.053781489961442 0.08972027984122748 0
4261 3.786877660041785 0.04033583006851357 0
4262 5.691719708281349 1.059377376864764 0
4263 0.1555156876689973 0.9124028915777129 0
4264 4.662194122367485 1.266515828612238 0
4265 1.985839888383854 1.609244370865728 0
4266 5.155899248077826 0.04424206833346274 0
4267 2.414363296600241 1.067956959073485 0
4268 5.913392759484049 0.9185182087809334 0
4269 1.388986392305564 1.424847899608301 0
4270 0.5265395232059352 0.03621086984551318 0
4271 0.8953949583692191 0.8333516083582924 0
4272 5.464677332132286 0.03559839584487328 0
4273 0.2236151579368128 0.09704988811878663 0
4274 2.413396304669065 0.8581161889607485 0
4275 7.917065609172425 0.5276933898587177 0
4276 0.9057929143271861 0.3668731274933675 0
4277 6.294889952225537 0.2878965525065578 0
4278 3.92371567580365 1.063256681364768 0
4279 4.729980471824648 0.03455867541602322 0
4280 1.469550052175463 0.9598147810754384 0
4281 3.722483717772592 1.23847538568557 0
4282 3.744679918381626 1.202274624006809 0
4283 5.718069321924685 0.7332009595972097 0
4284 1.220307295674088 1.717974922802293 0
4285 6.241106937689347 0.8526102130818334 0
4286 0.9224557893462149 0.7668258420834737 0
4287 6.363375952912557 0.7412967408020397 0
4288 0.1403304114242518 0.5462832496534387 0
4289 1.095941140130063 0.495208387632062 0
4290 1.075526957940963 0.1500954743157802 0
4291 6.349478142951068 0.2818459147081675 0
4292 5.399512927132031 0.8577782131052792 0
4293 5.788959508898486 0.8208327412853287 0
4294 4.04048150058428 0.1022099650457303 0
4295 0.2544715949511117 1.008426362895397 0
4296 4.217515135090285 1.335286085684674 0
4297 2.271133584199104 0.4219259544081347 0
4298 3.155218150353681 1.484014737671563 0
4299 0.03524083993019607 0.3387169918249982 0
4300 6.590565937396422 0.3744282130976857 0
4301 2.569542850828162 1.149305021248425 0
4302 5.568091643175761 0.987658900592556 0
4303 2.024624156730634 0.7329322098920641 0
4304 4.625538701177086 0.7348826810755248 0
4305 3.77557564212713 1.277096883868256 0
4306 2.324619217029571 0.03329524544246959 0
4307 0.3843499414910156 0.4443932769023859 0
4308 5.032450635542883 1.106633705064327 0
4309 1.274582003628437 0.6779682673844299 0
4310 3.59129394568068 0.2668000118397839 0
4311 5.4635758177048 1.09442956791965 0
4312 6.167646332815496 0.9615981112839648 0
4313 4.238209494435775 1.158080458423053 0
4314 1.152219734974965 0.8133315058353524 0
4315 4.675143536548071 1.121870357288327 0
4316 5.466195838804424 0.9628095371700139 0
4317 6.324587199592994 1.011106755667823 0
4318 3.268618639055821 1.297282427677797 0
4319 0.6073520969919278 0.678263664356603 0
4320 1.294367990789208 1.527681709580303 0
4321 4.526909023380745 0.9012856056361938 0
4322 0.8439964537514119 0.5493752966943344 0
4323 4.179897097919008 1.266046813387407 0
4324 6.472593562587082 0.8795239624489856 0
4325 3.09938571635132 0.7412105361812357 0
4326 0.8067670510717255 0.3078520737713732 0
4327 7.097349481636244 0.08192649827311263 0
4328 7.674936285087876 0.03406650600537663 0
4329 2.006538869137893 0.4163055687194308 0
4330 3.188827352843049 0.3184492038090815 0
4331 1.843405801420324 0.3827716026860998 0
4332 7.183490890488719 0.2012632410600201 0
4333 3.691751202901141 0.8741042455688919 0
4334 0.5701723844600413 1.105003938549168 0
4335 0.569680158204255 1.39351848988906 0
4336 0.5937507155974218 1.467224057898087 0
4337 2.61716421309468 1.343306650952462 0
4338 2.610041860983 1.512873707194711 0
4339 5.929829703432953 0.2870756960248664 0
4340 5.226765509966526 0.2234695764740496 0
4341 4.173794404924934 1.131977253100575 0
4342 2.38531921700484 1.19474015346117 0
4343 3.808365561419785 0.08991522452223354 0
4344 2.578430101943306 0.8127053891157028 0
4345 0.746987379607126 0.4083865485597499 0
4346 0.994927377289236 0.4307176735619315 0
4347 1.768605737329166 0.3220618365672827 0
4348 2.590252877783846 0.9530752561812973 0
4349 0.2912350196044485 1.54766330722058 0
4350 7.376334037639039 0.7259976170035318 0
4351 0.2460992051176518 0.1451419806584152 0
4352 3.277322117753543 0.03308762204870787 0
4353 3.028021367414897 1.129753791983785 0
4354 6.870591577865011 0.03513738128425944 0
4355 4.286449650773887 0.08350618832296444 0
4356 0.2477190584209995 0.7603170217011728 0
4357 2.34022697442775 0.4452699014789249 0
4358 5.133017386730568 0.1425836085162944 0
4359 7.449918289217862 0.4461845674219092 0
4360 4.145306552959011 0.805971781766282 0
4361 1.817047008258293 0.8165308560445557 0
4362 0.03616063758701532 0.5175305377945381 0
4363 2.177742277532211 0.986262265103462 0
4364 5.44345463950509 0.3555879501592834 0
4365 2.668132756392892 1.330131746985147 0
4366 5.525001215777021 0.3154876315728682 0
4367 0.5456894893944784 1.071302590175878 0
4368 2.979036246754509 1.197267569299217 0
4369 3.172248795814519 1.354111496618665 0
4370 7.963189633354124 0.7158536087159174 0
4371 6.988798411375704 0.266514783242733 0
4372 7.011787566647161 0.4032114788581649 0
4373 5.149956693948278 0.9900684347499485 0
4374 0.03729588608829788 0.4721116134640759 0
4375 6.539486071512377 0.9111370961930838 0
4376 4.356986464369776 1.227352281911911 0
4377 0.507993001041532 0.266851045823584 0
4378 3.789901688027575 0.8578665640099989 0
4379 3.160967450706067 0.08399220343605482 0
4380 2.659550354820831 0.3634163191994776 0
4381 6.319606742259954 0.85846578705711 0
4382 6.038164729878202 0.2578118237454378 0
4383 0.6890627364793688 0.7674129845405437 0
4384 0.8247275986226087 0.6242473286494754 0
4385 7.320152961110002 0.0820828605509311 0
4386 6.035334272033993 0.2140487042059042 0
4387 4.16355216696657 0.03831384105173595 0
4388 3.921367698541597 0.8539845939041865 0
4389 6.744275748735701 0.1927396293744742 0
4390 4.350920589312953 0.104043527394419 0
4391 6.488579262396503 0.03832697688040182 0
4392 2.178772649163901 0.7918356283833385 0
4393 5.053893545157115 0.1293732224977593 0
4394 3.40388715465585 0.2565658822412981 0
4395 4.32724009146696 0.8193088771236654 0
4396 3.264591397512328 0.3418549140463437 0
4397 7.826271055335209 0.03286342248633581 0
4398 4.196666466126686 0.9885071676891406 0
4399 2.584532635530648 0.7368470937615075 0
4400 3.784935450443224 1.342630270473682 0
4401 1.479077689811487 0.4471770971883388 0
4402 6.372318446941006 0.8187445043288094 0
4403 0.3898708390485955 1.274176528857696 0
4404 6.500428752419273 0.7467298771563472 0
4405 2.646329231010994 1.565681826322382 0
4406 1.77092032888246 1.317054335295187 0
4407 0.03408305418532079 1.285586395969049 0
4408 5.202111217872712 0.9992399508312646 0
4409 2.918265354003451 0.03543664929606424 0
4410 1.361960874759133 0.4578139202733233 0
4411 5.803042799967517 1.009512157706058 0
4412 3.362910978662483 0.2084790776519111 0
4413 1.147911505962944 1.532853628769487 0
4414 0.3455859889755851 0.4709149606853305 0
4415 2.096406587007958 0.6359478833559324 0
4416 3.080606293283086 1.505882596092551 0
4417 7.965535853143114 0.3254698426802571 0
4418 3.573356070792233 0.03231267027799402 0
4419 7.297046346835145 0.4085195723897377 0
4420 1.86013714988335 0.2576518430630532 0
4421 2.127920553033094 0.4893112651716941 0
4422 3.292652330992271 0.9309959220448649 0
4423 7.056913020209006 0.4036176752642914 0
4424 3.741221167070248 0.7857957988509886 0
4425 3.078118404182404 1.368742546491322 0
4426 3.918206328238898 1.142676926281538 0
4427 2.300612037240918 0.163193488000787 0
4428 2.86598738115965 1.469039744179436 0
4429 0.2051789410641646 1.056667729630222 0
4430 1.819547516184994 1.013657206737733 0
4431 1.751436927831012 1.054195213331382 0
4432 3.440862312217458 0.7351736965570358 0
4433 1.489480493773896 0.09868653104905878 0
4434 0.8377794040916875 0.8741568870266659 0
4435 2.890567946060592 0.9529644132007127 0
4436 7.967239122082292 0.1731617578249898 0
4437 1.982453987371745 0.03680270866289728 0
4438 3.802007821053307 1.09164103300135 0
4439 3.689932914736328 1.03399229872028 0
4440 0.6322085710314327 1.140393897199028 0
4441 3.707003354914883 0.9974055752467704 0
4442 6.099866114689597 0.1550213212522182 0
4443 3.810523224375977 0.140391110979825 0
4444 2.537387414134994 1.067676070745304 0
4445 0.5491909263098077 1.521318302308992 0
4446 3.040811417667036 0.8676225558890547 0
4447 0.9080056373062615 1.827380615788386 0
4448 0.08624278402241808 0.1424966889136581 0
4449 6.918482384107425 0.3393998837757134 0
4450 0.6990552652650848 0.3872999096163147 0
4451 5.925000000000399 0.7308483176691416 0
4452 4.253830685526937 0.8397679565434326 0
4453 3.607082939048953 1.021153372341438 0
4454 7.309536150141966 0.7600048200284255 0
4455 3.537010669301043 1.129332405582376 0
4456 1.073865698126568 1.634306778501424 0
4457 2.174999999994783 0.03083888207134195 0
4458 4.352360929343999 0.9203382606730879 0
4459 1.143092939333479 1.119503724404926 0
4460 3.022388051518437 0.7324099826741942 0
4461 2.999079979165599 0.2132565516112447 0
4462 0.2944514207986144 1.176266265570755 0
4463 6.831924497043819 0.5432891323721249 0
4464 0.454174173438123 0.6016600360673947 0
4465 6.787773925428183 0.897147585092422 0
4466 4.970748154419611 0.1866188725201868 0
4467 4.337292778623841 0.1525263522641256 0
4468 2.339062475574323 1.52710235377299 0
4469 3.320919936712957 0.2795459646748064 0
4470 0.5380928652437166 1.309621690089751 0
4471 0.3562197225687663 1.146040506907599 0
4472 6.389273932668798 0.959127755902319 0
4473 6.28545759206679 0.9014774667279774 0
4474 0.3249259130434872 1.24099980107823 0
4475 6.045401322004409 1.057926403241458 0
4476 5.556934079235886 0.3739941442700832 0
4477 1.675207656956475 0.6149609095726434 0
4478 2.775630902628563 0.1703610548145206 0
4479 1.785539888424366 0.6572852587362084 0
4480 1.236896371598027 0.6926192202508225 0
4481 0.3355449865026071 1.310838967014195 0
4482 0.6599745486654985 1.279330284898895 0
4483 3.435767194639706 1.190070166307076 0
4484 1.151737396925852 0.9629355952992895 0
4485 5.534244845557287 0.08700276662943252 0
4486 6.947115708716663 0.2017117917113794 0
4487 3.871505061557174 0.8991039288512167 0
4488 5.442477451974199 1.026523243506327 0
4489 5.578877103023028 0.03330274406464843 0
4490 4.559040016782122 0.09539740106170122 0
4491 4.662576784930112 1.054071836648448 0
4492 1.98752791921478 0.5929867913193043 0
4493 6.552630233956617 0.7215846594591686 0
4494 5.608274274552543 0.7895366940603689 0
4495 6.628875674259761 0.345254174618792 0
4496 2.419712961273907 1.133602126773328 0
4497 1.913754064018691 1.391632635351342 0
4498 0.943299329206408 1.765728867090215 0
4499 3.623078813739594 0.1395367759096285 0
4500 0.5854065962752792 1.808431056732019 0
4501 4.493937645452762 1.09314207311736 0
4502 7.096988156605935 0.648835755231161 0
4503 4.461114743354429 0.8642277963399276 0
4504 6.50562183841909 0.8235968186085567 0
4505 0.7212232780579451 0.4745023375890238 0
4506 2.239565377026413 0.957086739317193 0
4507 4.979772915684283 0.03691107197475248 0
4508 1.52237942118929 1.32188802995108 0
4509 5.329648522402604 0.2193804185619321 0
4510 4.282134542224479 1.211994299989646 0
4511 1.327220620506057 0.7885792787266557 0
4512 6.956099618699588 0.4950335080098623 0
4513 7.487760431427128 0.2992178981741302 0
4514 0.8328512022142741 0.5066544199688833 0
4515 0.8036615287888746 1.236720840294628 0
4516 3.486546190347913 1.439985955858624 0
4517 1.025055558802311 1.497072770630433 0
4518 6.562551853123111 0.7974174459090947 0
4519 7.157387973094893 0.3362807371944477 0
4520 2.041474259097157 0.3042604742998924 0
4521 6.094268389626961 0.9258513314968247 0
4522 0.1183596482768761 0.3689723465751704 0
4523 1.803131007769049 0.3897139427562328 0
4524 1.627011304945184 1.069234702831442 0
4525 0.8757342302619527 1.442455414858935 0
4526 4.296637592475737 1.049804839808693 0
4527 1.00112360496051 0.7531901965677976 0
4528 1.012833409562955 0.9172582468444503 0
4529 3.749848415735669 0.93404565360623 0
4530 6.217185462734079 0.7075689130547408 0
4531 6.200494594349335 0.9829691106280902 0
4532 3.087744133278181 1.439866859068162 0
4533 7.533669044573683 0.29801869231962 0
4534 1.834260096560758 1.228298120947856 0
4535 1.291796837701311 1.768992520343548 0
4536 1.082679731985368 1.69811246008657 0
4537 1.246032862017356 1.493160622128769 0
4538 1.481606542418109 0.6487131882758189 0
4539 3.22327533363772 1.305279868570178 0
4540 2.173613247329924 0.1679320766511833 0
4541 3.76289383343052 1.001311961980222 0
4542 6.808558075896401 0.4024594081363114 0
4543 2.863380133880959 1.263198554961376 0
4544 3.144662571899838 1.07560017633464 0
4545 1.218303523580246 1.285504684447273 0
4546 1.130384423815757 1.443981170517126 0
4547 5.785550666596318 0.7337177735726335 0
4548 4.025909732692203 1.303678822597281 0
4549 1.214166685364653 0.4824283183159946 0
4550 3.030839930635415 0.8068012690437967 0
4551 2.288280091789192 0.4944093309507356 0
4552 5.334449814826141 0.8705386628082039 0
4553 5.81247479735282 0.248139692877853 0
4554 0.8038854326618839 1.129971338960968 0
4555 2.232326534442997 0.352941554384533 0
4556 0.9973821105364382 0.6001036231264805 0
4557 1.051893687654964 0.6035370484213007 0
4558 1.405981093008087 1.756063806442099 0
4559 0.1465090739876665 1.664279380587698 0
4560 0.09971288778375985 1.950129096904802 0
4561 5.892815537694415 0.08916061627264185 0
4562 6.612344671422065 0.9045372020972389 0
4563 5.505972200226275 1.021564239817369 0
4564 0.7619924732216404 1.665783251446719 0
4565 0.1487364986235696 0.08348764692033782 0
4566 6.465431186428159 0.3941364945349042 0
4567 0.617161438660393 1.405690753046091 0
4568 2.63557407561024 0.9625465709444729 0
4569 5.995882567592545 0.3185948693858864 0
4570 1.138761102259908 0.1692573074388339 0
4571 0.2158277059382734 0.8483990116728027 0
4572 5.288771571810599 1.16871414981446 0
4573 3.412350666988251 0.1308150209541803 0
4574 5.441631601407284 0.8429902582096263 0
4575 5.911179813141517 0.7973250253681946 0
4576 6.55044408862115 0.8719787074108003 0
4577 1.221549032159891 0.03190862394185976 0
4578 4.810500466704459 0.8294286889217469 0
4579 1.159632692393163 0.5398614740450165 0
4580 3.87499999998984 0.02983756369974045 0
4581 3.018239330266374 1.410793338816118 0
4582 1.026920409283779 0.9550060698262715 0
4583 2.457885803120194 1.060928831437466 0
4584 6.983007719649573 0.09162450369148016 0
4585 4.120224977334273 0.0388731668772081 0
4586 0.8118139678028569 1.312829178258809 0
4587 3.6312075787741 0.9836698700630093 0
4588 1.579320806693774 0.355119452548769 0
4589 7.375962347420927 0.7918964846933518 0
4590 0.3079003334636079 0.5342744476517212 0
4591 6.162076245083412 0.1681563439331536 0
4592 2.972279794982938 0.8414191277580358 0
4593 1.366812640111795 1.568685137919299 0
4594 1.043411988668005 0.2608636616389918 0
4595 1.017046038929498 1.094552994756931 0
4596 0.140425456796713 1.036447264088675 0
4597 7.296029844680755 0.3565903035014792 0
4598 3.891472665081245 0.7826165947934367 0
4599 1.20495533942003 1.331739833610677 0
4600 2.71405442322919 1.027268807387458 0
4601 0.332165383608574 0.914575006871895 0
4602 0.3405380771616422 0.8704302829353132 0
4603 0.4446306256577536 0.7301688712549668 0
4604 0.9896680999799792 1.556048427765287 0
4605 4.645541376915944 0.9606453354819382 0
4606 2.074329570715674 1.0131031780835 0
4607 2.039021296099083 1.590414745187638 0
4608 0.3082673254480231 0.4552549379650274 0
4609 0.9869931990238028 1.054101752026011 0
4610 4.576063159276834 0.03038864709386805 0
4611 2.155516734656342 0.8569941444791769 0
4612 2.821364281142868 0.7905337643672791 0
4613 6.124539797972661 0.9820652272597554 0
4614 1.4152938370114 0.8517491894010852 0
4615 1.482304455346294 0.8244426360265424 0
4616 0.8012138461556954 1.517388087250193 0
4617 0.07798215268215557 1.677937952351339 0
4618 4.444308705612116 0.9877678877049267 0
4619 7.059175670309878 0.4609321995757762 0
4620 0.101714092401983 1.824798270963412 0
4621 1.636183827802906 0.4795490484703888 0
4622 2.603079704864093 1.304429266346697 0
4623 7.532240735596274 0.2323356754185871 0
4624 0.6808377433118871 0.1176906484806319 0
4625 1.997338968081557 1.064342417362126 0
4626 0.3098218913993757 1.673763355508178 0
4627 4.106411684467032 1.299437062654875 0
4628 0.3503111563109316 0.2916547096660554 0
4629 0.8382782460698917 0.6687883959678335 0
4630 2.062494946203742 0.5983820077407919 0
4631 1.079463672406481 1.366654822394191 0
4632 3.152573956737348 0.3739833251640513 0
4633 0.9418522737020882 1.419562600358408 0
4634 1.274817258231186 1.563486276612617 0
4635 6.238285341164184 0.03638112609426541 0
4636 5.26347533929094 0.1951742191612163 0
4637 2.346347107815753 1.144553908376442 0
4638 6.742180907170123 0.7015644730426935 0
4639 4.832430743468149 1.144232051285591 0
4640 6.694147907711272 0.7985757088391273 0
4641 2.256094858501656 0.6053381496125554 0
4642 6.75399024723651 0.7734962597534765 0
4643 1.469262367805987 1.013630376398098 0
4644 0.6904443978954341 1.166088898397278 0
4645 5.013743422064852 0.885083228760985 0
4646 0.6537748408370742 1.531667970485479 0
4647 1.95054224788318 0.6092361428180855 0
4648 3.335453986010353 0.03580226170739192 0
4649 4.933575554329741 0.08957489850912013 0
4650 5.306353509709901 0.1478443617377097 0
4651 0.8604976486962741 0.8023237662126788 0
4652 7.004973175939719 0.9103679857727512 0
4653 2.506158881824676 1.190356176332676 0
4654 6.056510521993922 0.3226870574067498 0
4655 7.224012800623717 0.3100145649394539 0
4656 3.306576053766492 0.1017530682941764 0
4657 6.630073472316342 0.8312357976291807 0
4658 5.27523742982257 0.275643555785156 0
4659 0.1076429670909594 0.9051191554762221 0
4660 7.091064118952989 0.1739219007189796 0
4661 2.759375349163125 1.482260231738545 0
4662 7.268739628416064 0.4896176867300584 0
4663 2.708742145244071 0.8027375576865543 0
4664 7.59466401152916 0.1390759531348173 0
4665 2.110759754291248 0.7938452725097579 0
4666 3.712886262434213 1.163887454839287 0
4667 6.055214362139181 0.1400798930726806 0
4668 3.641641511263257 1.078581776441412 0
4669 3.071805703864085 0.3545572549202438 0
4670 2.88439972791578 0.3257272136869949 0
4671 4.926230817984392 0.7319820477348571 0
4672 6.883778414260334 0.7765232822134309 0
4673 0.7181857943042028 0.9818768634559026 0
4674 5.857726138401549 1.046044447969307 0
4675 0.4186841974284046 1.249956484189823 0
4676 7.629062625363062 0.6884507401752956 0
4677 1.040117394584525 1.623436794986424 0
4678 2.433888274414739 0.7350573070717414 0
4679 6.902452240075981 0.09310005706995755 0
4680 7.130876153060296 0.4038269562434719 0
4681 1.85173586164191 0.8388624671963508 0
4682 6.121207707227941 0.7179950404342799 0
4683 3.723511926273692 1.065210140704359 0
4684 5.111884747809491 0.09832901444252129 0
4685 1.86661910615915 0.03422864048250342 0
4686 2.268234468219668 0.5316256409522725 0
4687 1.420972375766078 1.072580439502173 0
4688 7.062871544513613 0.670061213542049 0
4689 2.902522215181991 1.266990922310977 0
4690 0.4895194447585577 0.1814486871195848 0
4691 1.777708627705218 1.417181474278379 0
4692 2.636006441674541 1.104973628843644 0
4693 0.2743985002656862 0.3817072775167356 0
4694 0.8080582216758049 1.645489777912615 0
4695 2.685992609373165 1.24026985487579 0
4696 2.315193697678733 1.261545512587861 0
4697 0.0373692846413769 0.03736928464145702 0
4698 0.2578958826276776 1.612217098740472 0
4699 2.204663990679319 0.09740996646659333 0
4700 5.759683090911366 0.400678603843136 0
4701 1.515073482271371 0.9082187225909384 0
4702 0.0292900179960436 0.9750000000040353 0
4703 0.3507151943340111 1.440724579323781 0
4704 7.81678338094257 0.2272369108742344 0
4705 4.462134290381093 0.1021338403438846 0
4706 1.58250112581787 0.9296254548547143 0
4707 6.664451366119388 0.8542841742032212 0
4708 0.102463907548499 1.513709019768064 0
4709 1.680497166641501 0.5004489440890539 0
4710 0.2811063567055641 1.247125020107898 0
4711 0.1681026680453482 1.10923415906016 0
4712 5.922109437694989 1.029872851547224 0
4713 1.178644365445358 1.646100941125773 0
4714 1.491233626783284 1.390911637997656 0
4715 3.065244448571058 0.9808388476417597 0
4716 1.748795163996933 0.7723256044356061 0
4717 7.97045731012477 0.771957768933816 0
4718 2.981315911802694 1.352598570251252 0
4719 7.567941090843351 0.6943107480584924 0
4720 1.47915707175111 0.4067891122697901 0
4721 1.371901695954805 0.8618546345030446 0
4722 1.177449587712916 1.602927238611355 0
4723 0.1431020491385945 1.887836580481254 0
4724 1.648645323042389 1.341052552367831 0
4725 2.328306366413816 0.3489226887587048 0
4726 6.408811193318929 0.6900276493211075 0
4727 2.336306539820931 0.1086008451815166 0
4728 5.692245811609395 0.3905536414232798 0
4729 6.03555747016683 0.3834926769798557 0
4730 4.95853398996675 1.225197569978215 0
4731 5.835639009933201 0.1317792348199242 0
4732 0.233272077058879 1.372428319408848 0
4733 6.312310185725049 0.6969113810603856 0
4734 1.007516660558568 0.1918981030368906 0
4735 1.548435149660598 0.7962522085543199 0
4736 3.038367284989496 0.08449232148845694 0
4737 0.08062043445318251 1.470079481889594 0
4738 2.953705885366593 0.3170505631291864 0
4739 2.047322255284422 0.09080677578396273 0
4740 0.8017431381259155 0.693845466410163 0
4741 7.088757622555286 0.3120139984527802 0
4742 4.274859333222471 0.9041653046830707 0
4743 1.007037133170157 1.457232079455456 0
4744 5.671038172960152 0.0788253739465737 0
4745 7.177800910510276 0.7468911071449125 0
4746 7.201983548872697 0.2656908106940051 0
4747 2.6419666280452 1.487950835893109 0
4748 2.825818178830143 1.207068986503843 0
4749 0.6314569667814982 0.3483810481507774 0
4750 6.688863467405458 0.7244980732856204 0
4751 5.043870848125409 1.206758310872541 0
4752 1.802185053497869 1.253093782533387 0
4753 3.829938612745462 1.173213095324626 0
4754 0.2840119498682065 1.138426589670372 0
4755 5.784146024283823 0.03356435737097938 0
4756 4.514213063286621 1.293519187254334 0
4757 6.580168226102664 0.9296754727893439 0
4758 2.881902544645686 1.355007385183564 0
4759 5.845244914808688 0.7761355918751162 0
4760 7.682930264504176 0.1134827063387452 0
4761 2.281811990888741 0.8366954713991206 0
4762 4.025891792383387 0.7935736940237355 0
4763 0.03099203229942401 1.424220311535902 0
4764 0.7758895197627893 0.5474406370435898 0
4765 6.982721035542016 0.3754948617352939 0
4766 3.16121131090132 1.022126697029395 0
4767 1.540912656885566 1.460996008548441 0
4768 6.870941762120656 0.1103595306476128 0
4769 0.3786456074041588 1.698058168834664 0
4770 6.61990427956315 0.1325257092825624 0
4771 1.487089619459881 1.144739287119834 0
4772 0.5107503525613651 1.075635407465206 0
4773 1.27736997546097 0.2897280289526079 0
4774 1.376185955590674 1.386926510777236 0
4775 4.17744053160126 0.9434071717538576 0
4776 5.901826300723143 0.8818666657113717 0
4777 2.30345387238058 1.368664579002083 0
4778 1.104234716825178 0.2745854528797084 0
4779 6.438181772580895 0.8528238344610692 0
4780 2.733760776695921 0.3852578765424364 0
4781 5.689678675134325 0.9538346290508088 0
4782 5.652862159966008 0.343218729977552 0
4783 7.001988530186731 0.498648251773512 0
4784 5.715861883124682 0.0347315882717108 0
4785 7.464422950911341 0.6326723502810565 0
4786 2.438618572368554 0.2446268593607243 0
4787 5.772528261967488 0.274449018265709 0
4788 2.938406507689142 1.005427916009847 0
4789 4.569592013068221 0.2461072216167144 0
4790 2.167278497208055 0.1013782138412724 0
4791 7.121986997896165 0.8398476218884922 0
4792 1.515458257786497 0.03614904745185402 0
4793 5.32869883081922 0.2922582451303251 0
4794 4.81685984134096 0.0342197573410819 0
4795 2.830930952644766 1.461828949108822 0
4796 7.016059620656202 0.7291987414693173 0
4797 3.308626627358264 0.1922122361367548 0
4798 7.182563529343106 0.09080331260529488 0
4799 2.709209796410003 1.278407269131355 0
4800 6.339379934343162 0.3513720405425845 0
4801 4.873626269942781 0.845074201058828 0
4802 1.24585648872169 1.181102011034583 0
4803 2.036401470349436 1.289375434765156 0
4804 1.054019110658982 0.07803425507334044 0
4805 1.894446374035482 0.7458112746159457 0
4806 2.50531435431727 0.1424848204287615 0
4807 7.512965796619568 0.03564510508601631 0
4808 0.1474307622803722 1.505942166549039 0
4809 1.205614740996761 1.7901065037303 0
4810 7.499207963681427 0.6724087239346541 0
4811 0.5074872143222304 0.8827739509768582 0
4812 0.08518011550577081 0.9457068892425076 0
4813 1.24117856104247 0.5551828854922334 0
4814 5.336290353301782 0.08578845688347009 0
4815 2.878561324498591 0.1386892449691507 0
4816 0.6536342646432569 1.358358217697168 0
4817 6.357775519678029 0.8909574427282289 0
4818 0.3991582370118463 0.9195510137267079 0
4819 7.352376810185326 0.6905616683155178 0
4820 6.597983020109468 0.6679254391904533 0
4821 5.809707246416786 1.094758990676838 0
4822 0.08909865547460089 1.604045268958424 0
4823 1.590068770158012 0.9998179701404897 0
4824 1.235433013298815 1.400213583948748 0
4825 3.870593204564384 1.228527360683226 0
4826 3.591156596573456 1.296146511315713 0
4827 0.5027285316924932 1.60201152566943 0
4828 1.705648307540979 1.077715391550165 0
4829 6.502741874151242 0.6774187415121382 0
4830 0.7795356103298591 1.78800630042189 0
4831 0.8785936109903006 0.4333956516140811 0
4832 1.747942998572169 1.582078016862502 0
4833 0.1932692141565762 0.2170150116867274 0
4834 0.2215555695374435 0.5852025930718651 0
4835 2.369992975037827 1.314593566684149 0
4836 7.768639948919604 0.4674764979133099 0
4837 3.372069881261694 0.320426309676572 0
4838 0.0360194020269991 0.08218582856609186 0
4839 0.08620572278122235 0.03520178767389053 0
4840 1.734370072680472 0.2927751378041849 0
4841 5.77074401524548 0.3212831136791181 0
4842 1.875089913557987 0.6237316106077935 0
4843 0.4079373936417257 0.7141786107780803 0
4844 1.156290858654072 0.2909597105148131 0
4845 3.329280471137976 0.1435445505167016 0
4846 1.603526423235165 1.184717815916027 0
4847 0.480322374033668 1.478977032133331 0
4848 0.8902444694278314 1.616639609887812 0
4849 1.165090815019462 1.385375773824584 0
4850 5.499016885892413 0.8598129380283132 0
4851 2.436327022892989 1.253696426820178 0
4852 1.949756722146538 1.677171812429956 0
4853 1.52023895347397 0.4644747911127486 0
4854 2.365999278640439 0.207999928871387 0
4855 7.311882038480134 0.5585682314240046 0
4856 6.738260369941949 0.8448145774448249 0
4857 0.9598936794984267 1.465618739964137 0
4858 3.906194709627697 1.378970540337887 0
4859 7.330084163249087 0.5893128321885408 0
4860 0.5174746252466037 0.3907977553868252 0
4861 5.260413464242784 0.736443129624917 0
4862 7.963742571461451 0.03593945169351993 0
4863 5.602691067101336 0.09944417463766578 0
4864 6.695934738842693 0.3093435153090852 0
4865 7.085087207804698 0.6079074550082921 0
4866 0.6331763199585757 1.229290474138029 0
4867 1.48416450060868 1.327050006975114 0
4868 3.960374250595239 1.320335175146805 0
4869 6.682640163145475 0.1272312949355004 0
4870 3.339259449712315 1.329254260696901 0
4871 7.868604986231134 0.3942109780571001 0
4872 2.047897786360948 1.221879386329883 0
4873 0.5500491453464414 0.331760407915012 0
4874 5.878593277403287 0.3667046818969144 0
4875 3.268286826641881 0.2258058028478519 0
4876 0.4706308054645442 1.518075887721458 0
4877 1.570865353143706 0.7562944505401274 0
4878 2.852006850980053 0.8951815732054744 0
4879 1.406232992479194 0.6678671804112581 0
4880 1.509278471981315 0.7891172349736469 0
4881 3.925952152198144 0.1421953678895218 0
4882 6.536597157538376 0.5081713009265394 0
4883 6.831961568000256 0.202769082191272 0
4884 3.487466168265918 0.8967899961687489 0
4885 1.950180926335845 0.9985472790478921 0
4886 0.3288500071040512 1.11090269631704 0
4887 5.281545063813529 1.079599686507021 0
4888 1.880919792930289 0.1907881708307179 0
4889 1.564759057778455 1.615089671075254 0
4890 4.475000000008455 0.7283444837233094 0
4891 2.351297046340814 0.8718012777164168 0
4892 4.155195385745325 1.062361120491445 0
4893 2.046375716295845 0.4768567650481137 0
4894 2.913183640526634 1.31161853107037 0
4895 2.122807492199639 1.517840874134521 0
4896 3.553249931707851 1.31179357773874 0
4897 3.109669558102644 1.104859432328564 0
4898 0.7713711147521441 0.09341404114715474 0
4899 2.698369707082002 0.9217318281542199 0
4900 1.759641742841868 0.03416831973464167 0
4901 5.626500997635349 1.067042728577281 0
4902 7.423847006005973 0.2810140473779668 0
4903 3.852537387073892 0.08034347077937196 0
4904 0.4669125642048593 0.07652942602908623 0
4905 7.019617642516663 0.156724663732752 0
4906 2.681163903371239 0.4989698434913502 0
4907 1.410006566706234 0.5823008272717887 0
4908 7.544470609664569 0.7785939744566169 0
4909 0.1031796972221628 1.131955871875427 0
4910 0.4057370148831301 1.085892979910487 0
4911 6.614748979519709 0.4149824093774628 0
4912 2.543106728809825 1.286378865462853 0
4913 2.706437425774076 0.1727544743577282 0
4914 6.788411462236284 0.6484003366483576 0
4915 1.36863891741042 0.6080759496099538 0
4916 2.845931056481834 0.847813344907566 0
4917 4.530567570327174 1.219055314320259 0
4918 2.988940594311311 1.114239584157357 0
4919 0.2777864763385894 1.865638323184947 0
4920 6.693170318239494 0.657893658585242 0
4921 7.334327932091638 0.1933381462299441 0
4922 6.358870358105428 0.3907204983209053 0
4923 2.474078047818637 0.9012656158479124 0
4924 3.98950685673104 1.220193049067764 0
4925 0.521910406886296 0.624136855763586 0
4926 7.890056902680708 0.324823006582301 0
4927 4.456749955711393 0.7965790487392581 0
4928 4.500943738227452 0.7968576156009545 0
4929 6.941677944246392 0.7502938751392312 0
4930 1.337494016569909 1.268102896476534 0
4931 2.322940705181259 0.9954559981381618 0
4932 7.739529573131812 0.5923968472331239 0
4933 5.726324947003983 0.9783161406132337 0
4934 5.158425665079846 1.061222735393348 0
4935 6.637832474867679 0.9760848118857481 0
4936 2.18450437068669 1.124227335722859 0
4937 0.4106170708616059 1.202015261189369 0
4938 6.830376807503212 0.4710145840222252 0
4939 0.4328073457783126 1.455522325254183 0
4940 1.482039040838647 0.1836461430242061 0
4941 5.84046986827214 0.9318770030689794 0
4942 0.355761796094276 1.516746132807513 0
4943 6.65908029731544 0.2354562356856675 0
4944 2.106848406009565 0.9823282375022832 0
4945 1.522999970822461 0.3959506967082073 0
4946 4.995861291217422 0.9515555762819781 0
4947 1.871384358340143 0.6973678897258052 0
4948 2.075773256746918 0.02968509656676841 0
4949 1.30585717652794 1.42357169275017 0
4950 6.361992226143681 0.3198711715619932 0
4951 7.000963453254265 0.7850705870593285 0
4952 1.185525915388778 1.211288715094177 0
4953 1.447986620787584 0.7586331963724547 0
4954 1.538851721816366 0.3014249086952858 0
4955 1.258692330558105 1.285722334359684 0
4956 4.491767652949315 1.226939902745159 0
4957 0.9303192360009139 1.227626378072459 0
4958 6.215901689477161 0.3691548861921843 0
4959 2.278208185288662 0.1978008990747923 0
4960 4.064886168734542 1.201215399652893 0
4961 4.08762325754529 1.169098448017115 0
4962 1.704673885812504 1.401571587632384 0
4963 4.028227403914629 0.1759993886730055 0
4964 7.486908679847926 0.580556654416313 0
4965 1.661492068023952 1.414058001629791 0
4966 5.669730301173722 0.8322134838038493 0
4967 7.283593446012238 0.6359423665553809 0
4968 2.982999113338647 0.1729161664195399 0
4969 5.356127374618975 0.3528151821604923 0
4970 3.648384983404775 1.255848527047198 0
4971 1.110376540405701 1.62606257326069 0
4972 1.717995865084424 0.1773447885740532 0
4973 5.999658708056287 0.1578252628093491 0
4974 5.021776608184993 0.3021507941020394 0
4975 7.115988170080072 0.1251270831209844 0
4976 4.038636796298092 0.8580844745602184 0
4977 7.372960323720342 0.237976672050092 0
4978 6.960914083048886 0.7879042109579319 0
4979 0.2379002902470784 0.3148766921412798 0
4980 1.244714484949797 1.441616128158663 0
4981 0.09960980554839509 0.2911986569814581 0
4982 5.135499392213688 1.029606128446985 0
4983 3.123722883770407 0.02884820046891313 0
4984 3.424385189987346 1.110359072850345 0
4985 1.020859898270179 0.8423147937591596 0
4986 1.018587786904015 1.02501877299941 0
4987 3.008765193017786 0.9338454355367052 0
4988 3.034333127235239 1.304414449131161 0
4989 0.5247866584059578 1.844741531955216 0
4990 2.851260167207931 0.2605174860005045 0
4991 4.032514694839402 1.009044434091604 0
4992 1.628142929293139 0.9873710437658798 0
4993 7.799208640218893 0.09015827726793603 0
4994 1.585011491162284 1.578910754246961 0
4995 1.318230086983793 0.9898009642031766 0
4996 0.8115870529926106 1.848593278194369 0
4997 7.847030990813195 0.7335951691540902 0
4998 3.37543253682971 1.161155067910131 0
4999 2.310052460967641 0.9297452178544114 0
5000 2.204878774288012 0.4673171043714841 0
5001 2.04465260512197 0.7708928303287157 0
5002 1.679635398484104 0.2304308084979333 0
5003 4.126105181811411 0.1880751115436864 0
5004 0.4722875564305949 0.1465543550826824 0
5005 5.39455942329791 0.1836331877552171 0
5006 0.4403059710735363 1.57212208201619 0
5007 7.377855073779072 0.5303324191591232 0
5008 1.212260342442438 0.4403420635775449 0
5009 1.460573734975028 1.451876691216446 0
5010 1.498352298438129 1.25400782323107 0
5011 6.203872050398926 0.8282478242006888 0
5012 6.539129115804484 0.9913134469331889 0
5013 1.259668070991315 0.4840878632376214 0
5014 6.875162567181749 0.7062250654996717 0
5015 2.043777751511954 0.2043311473135622 0
5016 1.003414280282439 1.133990220694457 0
5017 0.08767902447524836 1.076837702502968 0
5018 1.105256689049831 0.6470014019149527 0
5019 2.770104029196138 0.9820220932732199 0
5020 6.480216101738145 0.180824669458952 0
5021 6.575435062555506 0.02858109455869819 0
5022 7.906798523855902 0.1442938170569823 0
5023 1.569423045982163 1.727378333707583 0
5024 0.7300711481753699 0.3369531758023687 0
5025 4.655204576105455 1.190731568160173 0
5026 0.07623560478100273 0.456067643477703 0
5027 0.0932273860316593 0.8690989976600196 0
5028 2.221449060587214 0.4028936848578947 0
5029 3.259993785793854 0.1526658338337022 0
5030 7.66883221641366 0.4983210033436032 0
5031 2.144064652814314 1.650554475491757 0
5032 4.055689788484903 0.9812566575496862 0
5033 0.4927906078796351 1.414633181847417 0
5034 2.822137766584477 1.162621748830765 0
5035 0.1587295981331299 0.5901017539609913 0
5036 7.378596103529159 0.8647414818691379 0
5037 3.07471577997603 0.2485205800804661 0
5038 4.268728363751685 1.141448405925152 0
5039 0.9029517211616755 0.4987575488215651 0
5040 6.107430428610059 0.2650185658263908 0
5041 5.139802110053606 1.100468214149628 0
5042 7.785629715219975 0.7965441201772956 0
5043 6.452478748145242 0.491548832865463 0
5044 4.212944249786573 0.8997646786691678 0
5045 7.834282847331065 0.4928645444827942 0
5046 7.503906904200274 0.1120782885847356 0
5047 2.622936105809887 0.02964960101940093 0
5048 7.859576241064298 0.5746884729525186 0
5049 2.984898222008082 0.03132185622267495 0
5050 1.821679117254898 0.08272347992321376 0
5051 0.2958305314715869 1.918465239336412 0
5052 5.502922434073342 0.1628180619957169 0
5053 5.627324328101152 0.8472333465603783 0
5054 5.391101324411307 0.9763755813834907 0
5055 1.614398471933945 0.3136849211551797 0
5056 5.160420569153629 0.2106073899805646 0
5057 3.891525526806125 1.096300710274669 0
5058 1.348446170886329 0.9616387075739842 0
5059 1.308186719901739 0.8982308037994905 0
5060 1.621113337120367 0.8083781337370339 0
5061 0.9341241821578297 0.570970161614146 0
5062 6.94597539559072 0.8697502245060236 0
5063 5.19319396484663 0.1896897158300499 0
5064 0.1983567369116158 0.7721354115734927 0
5065 0.4300093690021032 1.046520963060068 0
5066 7.49565868883877 0.181844347047049 0
5067 3.464503861229176 1.32774225806829 0
5068 4.12176790300163 0.8480894468936963 0
5069 2.138746374980662 1.344898641375664 0
5070 3.574821329585543 0.7282379249149975 0
5071 1.235814239660485 0.0980184031731417 0
5072 5.19766948956106 0.265958988218062 0
5073 2.146820207023389 0.1425340785891762 0
5074 7.80442844578384 0.6100703015651734 0
5075 4.627282246875215 0.8104338837337172 0
5076 3.858979550411353 0.1482036200333487 0
5077 6.440410971357212 1.006443512753622 0
5078 2.77831357189524 1.330232452770113 0
5079 7.064242168556856 0.2429007826560745 0
5080 1.37576907070569 0.362886417002432 0
5081 1.585199382553162 1.291529565832226 0
5082 0.3459092090131038 0.08516963988291254 0
5083 5.587926034762053 0.9061516176949229 0
5084 3.920009228318031 0.0780113785250946 0
5085 5.37499999999309 0.02727963867838799 0
5086 1.650306358407321 0.8395710951905768 0
5087 2.213006386731903 1.090198082415571 0
5088 0.8378106190600496 1.386581184626151 0
5089 5.790736967672583 0.9700269532289026 0
5090 1.962626159460638 1.322361713416537 0
5091 5.011322741994318 0.7355464385049434 0
5092 2.392271548155909 0.1381935139580145 0
5093 1.454527911444443 0.345114333855289 0
5094 1.679371082413766 1.020685510930538 0
5095 6.060887954341085 1.016643206039938 0
5096 1.205684403340964 0.3267587240961093 0
5097 3.625594321780442 1.42865350312541 0
5098 1.339030666634946 0.03563994279710964 0
5099 1.260063153794517 0.9377422550230592 0
5100 0.8201203846854173 0.1633541404275861 0
5101 5.06281955190974 0.9980335984686166 0
5102 1.945975992770463 0.2481585006963131 0
5103 6.00466335592259 0.8070676688279873 0
5104 4.484598172054936 1.049107664290394 0
5105 7.033388581420562 0.2738765222226461 0
5106 1.525905247315752 0.1621069084853189 0
5107 7.725643257439951 0.4662259077915937 0
5108 3.959029961417889 0.9987209937157305 0
5109 7.924065061277943 0.03161477821578085 0
5110 0.6204771821547578 0.0327039448376615 0
5111 3.186545570194528 0.1477208190101756 0
5112 0.2755879711639718 1.73616217159172 0
5113 0.2411745399402171 1.755469117830935 0
5114 1.823443334513028 0.747280908639502 0
5115 7.565538405889199 0.1699417659170806 0
5116 1.392965774004101 1.626858647677398 0
5117 7.96848107234647 0.0755140574839088 0
5118 2.190670472577451 1.055691345867242 0
5119 4.15395226501738 1.299545364190911 0
5120 0.0271125564553512 1.824999999999271 0
5121 5.185991445736421 0.09627435612053858 0
5122 1.120529254121298 0.5761258044009097 0
5123 1.374666033775394 0.9028520293661937 0
5124 2.201173476461058 1.023425898537694 0
5125 2.170757279323581 0.3926871701214329 0
5126 5.639757868074385 1.008114165205606 0
5127 2.229923856723576 1.527135473725999 0
5128 2.081809972182251 1.107727462093404 0
5129 4.952173118362799 1.092192021261693 0
5130 0.7828527938204296 0.1423972287709116 0
5131 3.266147932920324 1.416467699119853 0
5132 0.5900792851554071 1.51039628214397 0
5133 4.204835466243221 0.1494604782472116 0
5134 4.071807978107477 0.8010212134695364 0
5135 3.796127978072033 1.157945261204829 0
5136 0.1600921942269656 1.853415286544735 0
5137 0.9806487278926094 0.1544756944934201 0
5138 3.173557622344126 1.429675133738517 0
5139 3.400828474782282 0.9859659172693791 0
5140 3.665391398915474 0.9154030463109126 0
5141 2.101050674130543 0.4196713208976852 0
5142 5.55520562888971 0.2871673496801603 0
5143 4.800433279522327 0.9529007152477247 0
5144 0.5309705038731577 0.8427394372582655 0
5145 5.133583630205856 0.8262851579804176 0
5146 7.78242484896205 0.5800323149007967 0
5147 1.581210092335664 0.03194017867870261 0
5148 0.3006925612778558 0.8502355362262196 0
5149 0.3157589843410048 1.634913363360619 0
5150 6.942841434402627 0.6792303906768422 0
5151 6.361986694015138 0.1271599136133702 0
5152 0.6498098984745871 0.9199991873592734 0
5153 1.600671924383152 0.192850313369449 0
5154 7.308607379306024 0.3078495954814085 0
5155 3.743791160154536 1.401846430237189 0
5156 5.594480904378966 0.1850440556515476 0
5157 6.883525337839865 0.6376343307796408 0
5158 2.175600029837811 1.313583048426802 0
5159 6.978763097194151 0.6281071624180318 0
5160 1.474671868301837 0.2779570484800145 0
5161 0.4807148104433254 1.726956086183772 0
5162 1.316016435487619 0.357806087911745 0
5163 7.052899122524103 0.07935738118752896 0
5164 5.873007606432432 0.1453088050360037 0
5165 5.880676553849625 0.2018508336481527 0
5166 4.916254442402165 0.03297986689288949 0
5167 0.8509871045982971 0.2215556634937304 0
5168 3.189401933906894 1.287671978820557 0
5169 1.551560876356899 1.35487068600709 0
5170 0.5747623528966239 1.204977542359235 0
5171 0.6211339029536241 1.745659017540021 0
5172 2.107874923857675 1.649880988526357 0
5173 0.4603910722437452 1.840015037699955 0
5174 3.118862392417534 0.9889121693058176 0
5175 4.75183701482193 0.8509922547526576 0
5176 3.121986935393687 0.7953968869797264 0
5177 0.4801157230241132 1.896230611873759 0
5178 2.553696656188478 0.7887732162461032 0
5179 5.776266020116639 0.1581858827014122 0
5180 1.168935682488067 0.2448592308149139 0
5181 3.694588047198078 0.735931451893725 0
5182 0.2823116872157236 0.07632976728990851 0
5183 2.078137103372312 1.236290854968509 0
5184 0.8371140470414514 0.09119463510516503 0
5185 0.9249999999983239 0.02674402041573158 0
5186 1.874884452474892 0.9129629864861585 0
5187 0.7074552982185393 1.488413490700911 0
5188 5.860360998820045 0.3041792898938306 0
5189 0.03457673155373734 0.5870159341660702 0
5190 1.083251221421565 0.9057419244326477 0
5191 3.420488377877863 1.404128150092634 0
5192 4.107566427533346 0.07415704331362957 0
5193 6.242974349219194 1.03670142277081 0
5194 6.057309305450365 0.766375665834656 0
5195 2.51241242075861 1.523051920250465 0
5196 7.479581267916652 0.429230016229629 0
5197 0.3779501777315574 0.6478292838826271 0
5198 1.38011885158673 0.3202575007014281 0
5199 1.933532539596416 0.03566495501497943 0
5200 3.108317112236404 0.1849036172298907 0
5201 1.300696726207661 0.234091095602426 0
5202 4.904227275769006 0.7970182325737666 0
5203 0.2460227182569689 1.644123386539033 0
5204 3.731506239736687 0.2391616715477265 0
5205 2.31413570638664 0.4219300971426574 0
5206 4.167269216889441 0.07784438051565531 0
5207 2.382903795369007 0.4910996113625693 0
5208 2.095503858558827 0.09632049113552087 0
5209 1.642300560172003 1.541163616856535 0
5210 3.265894331294201 1.221174150569071 0
5211 2.543244960212937 0.1732627733014686 0
5212 6.661044186249342 0.3735573005081887 0
5213 1.807612591836427 1.55326300147796 0
5214 1.749070974728827 1.706933333695704 0
5215 4.092923221084201 0.9175184739894217 0
5216 1.976021402284186 1.275765593951016 0
5217 4.116033217647842 1.235641510065151 0
5218 1.537723817539265 1.393070646451407 0
5219 0.151435184514101 0.1956292416277131 0
5220 0.2329466859339063 1.30147814704543 0
5221 2.018032814655875 1.41679638152773 0
5222 0.03354983567869603 1.915735408897375 0
5223 5.500977800688951 0.242249857452567 0
5224 0.1866742782976354 1.431267453700036 0
5225 7.60800937005284 0.2061734560896465 0
5226 4.931976842125326 1.164414253669921 0
5227 3.53346076253552 1.049139864959789 0
5228 0.8214659775855151 1.777330620311243 0
5229 1.183113980698972 0.08563890268455383 0
5230 0.3388688965191144 0.5557998601960308 0
5231 1.731047840293127 1.173868545685657 0
5232 0.219385071385691 1.891408934575594 0
5233 7.17644941455985 0.3706086638697517 0
5234 2.04132979077314 0.808365539725717 0
5235 6.244132750426128 0.7445185907784309 0
5236 2.478984112821415 1.246204075444984 0
5237 1.259980091871208 1.681015254151102 0
5238 3.029463067492644 0.4102322452478981 0
5239 0.9243020442738487 1.304035955289865 0
5240 2.192374654801066 0.2935270031632899 0
5241 2.994356382900172 0.1045943055163564 0
5242 7.832723372947667 0.1547555008161695 0
5243 1.741836332947991 0.2582168673742553 0
5244 1.634290898197843 1.624138395104384 0
5245 1.95064737588387 0.176490788932299 0
5246 1.430182988734505 1.422240209254044 0
5247 3.366649094395503 0.9088644332194649 0
5248 0.8074700001444852 0.5588498578702678 0
5249 3.051609269665662 0.9413958170641412 0
5250 7.042842091831389 0.8534832320393688 0
5251 0.9661730225195556 0.9210693641189707 0
5252 6.822054477342851 0.8090185549347207 0
5253 0.4625280702248871 0.3534205526987589 0
5254 3.389553534486453 0.1731733666578131 0
5255 1.512051883830396 0.9440384806619999 0
5256 2.261885892358839 0.8770219085651311 0
5257 2.783273762062064 1.113713974828995 0
5258 0.3197751262657952 0.0303862914049016 0
5259 0.9283243256023154 1.350363756644604 0
5260 1.874872699432178 1.169071432089056 0
5261 2.936972005039484 1.527717129145937 0
5262 3.981173093077431 0.9623576701479121 0
5263 7.40811904327458 0.405090431911935 0
5264 1.474699568874924 1.605765991024272 0
5265 2.505916795577954 0.2490367502860616 0
5266 3.119468125178462 0.3468416892325323 0
5267 2.191486381829034 0.617472528348238 0
5268 0.2873328742557005 1.466362484805358 0
5269 3.599420965399081 1.260929602630995 0
5270 5.592537871336777 0.2257547002512749 0
5271 0.9799775179258893 0.3620024076344566 0
5272 0.2051466097825992 0.6422323506988098 0
5273 1.043917603281277 1.434297406615028 0
5274 1.382005156067704 1.694551738488818 0
5275 7.166068044971624 0.6371863320973968 0
5276 7.164999620137107 0.5289402173150202 0
5277 7.730637712854477 0.5304484820966298 0
5278 2.365163340161272 0.9722734295547206 0
5279 5.730258260052994 1.026813440287764 0
5280 1.477958060246749 1.645068101476835 0
5281 1.597575958427121 1.222787519957744 0
5282 2.1112805071473 1.584040150543286 0
5283 0.9995921767582616 1.324996292859448 0
5284 3.480317301153045 1.394806340661369 0
5285 2.408495798869865 1.331229892232628 0
5286 3.017956604459496 1.262945837290614 0
5287 5.913526602789312 0.2023846243480786 0
5288 7.026019859274761 0.4692514181199061 0
5289 4.307039214656182 1.192118875876763 0
5290 5.041068019785079 0.03597650157246654 0
5291 5.459528777871351 0.07042225275570939 0
5292 5.437921611608743 0.3216019346178114 0
5293 2.267730523498987 1.579384255821608 0
5294 0.8077146894232003 1.407947967028921 0
5295 0.5104523227183548 1.18796199466725 0
5296 2.267346680293375 0.4610629764800351 0
5297 4.424321185298815 0.227603724866044 0
5298 7.424620338165706 0.02778020417336255 0
5299 2.947408926647561 0.8199925528341153 0
5300 0.5157519370871002 1.139532257128728 0
5301 1.911438271748142 1.278370874018115 0
5302 1.516520046978157 0.5896824510521613 0
5303 1.40509063770252 1.011987757044638 0
5304 2.068003828585658 0.1597245927631211 0
5305 4.325451328768817 1.26438395409924 0
5306 6.736910036686007 0.9633508618725387 0
5307 1.416502226508725 0.3089389420358045 0
5308 1.207899441086664 1.15213097370774 0
5309 4.425772228371335 1.1967573143047 0
5310 3.422305147371459 0.7992768205649682 0
5311 4.388999172390154 1.1910661093536 0
5312 0.07396450740430238 1.018207361870314 0
5313 0.8334186321992596 0.2517892499485094 0
5314 0.6963455953832479 1.404031236875595 0
5315 2.934309246483361 1.153359241172334 0
5316 3.991464540041072 1.052894084167106 0
5317 3.366395358445029 0.8251829052805889 0
5318 2.268845703586512 0.130270203050928 0
5319 1.717443175457882 1.47151316588194 0
5320 1.927122430126129 0.08225593846030385 0
5321 2.87827841166389 0.7303743414456527 0
5322 1.183609724603073 0.8440259522587494 0
5323 0.7710988227444238 1.391840585588458 0
5324 1.560929876789245 1.685479843652829 0
5325 0.4110152405720592 1.561622083480961 0
5326 4.13714936051642 1.123141311385329 0
5327 4.164913010272849 0.1406403914862162 0
5328 4.647034913130561 0.1625163927836244 0
5329 0.8847026054049936 1.788805306553505 0
5330 2.021317714057472 0.6190076488414211 0
5331 1.708437957112291 1.580750898687849 0
5332 4.773932969134727 0.7291557040640679 0
5333 3.537590023690718 0.08229890174940467 0
5334 7.267564377018612 0.2879945692512244 0
5335 3.304399437870285 1.230759297039912 0
5336 4.139106653142317 0.7342624306134828 0
5337 5.096106974245683 0.923328473678755 0
5338 1.584961482506272 0.1596160889088225 0
5339 3.10228644346585 1.325933124723489 0
5340 2.536067396508833 1.200202058910897 0
5341 0.08733063904859292 0.7447991051698588 0
5342 7.706515805932388 0.4983166745912513 0
5343 3.225851623971991 0.7848332525023884 0
5344 6.20661204774702 0.4589872174353817 0
5345 0.07160089597861075 1.396886754483759 0
5346 0.3642516925798456 0.8152582654639406 0
5347 0.1314717481483813 1.188530175071823 0
5348 2.875962358221448 0.4502698111910738 0
5349 5.265589862642709 0.8701423087993458 0
5350 1.714448630607779 0.7238042397254767 0
5351 2.049641183268855 1.543986943615433 0
5352 5.175000000004559 0.7257755756767911 0
5353 1.680036880931672 1.481770318377105 0
5354 2.5028275235442 1.590002736532187 0
5355 1.559354608902454 1.234554492474805 0
5356 5.071444105204643 0.8267380704822591 0
5357 1.674490931616265 0.7696848818494462 0
5358 2.115311183945063 0.2813012500002003 0
5359 3.365460630085789 0.2851251458619641 0
5360 7.230767886664685 0.8894813843702182 0
5361 1.404447239773458 1.113577560371648 0
5362 1.457965683800409 1.136110044759708 0
5363 5.517770743702287 1.052574696063125 0
5364 0.0318895657226041 1.633621264501721 0
5365 6.100792521959095 0.757940447683072 0
5366 1.205978957649399 0.5297492522851864 0
5367 4.291034626184716 0.1553666654911673 0
5368 0.3116864479533806 0.2366662881305781 0
5369 0.02747724588669167 1.52301307492456 0
5370 1.226292021962308 1.215589404391002 0
5371 3.37555024002718 1.308330649280674 0
5372 1.521040127936227 0.1170641827954896 0
5373 5.726335101386596 0.855978611024341 0
5374 0.3486666494074533 1.342214594646264 0
5375 3.106546907115073 1.195397621621966 0
5376 0.5358716441874154 0.07249457263492175 0
5377 5.206077409122216 1.193190957877874 0
5378 7.571562880802706 0.5875018071242301 0
5379 2.016336909249251 1.523123242207508 0
5380 6.788745252117373 0.1258914145715433 0
5381 7.156038778475272 0.03495465927827261 0
5382 7.159538733431176 0.1718180343151687 0
5383 0.07691814311338543 0.09610820347994145 0
5384 7.248614319818427 0.7490647840509183 0
5385 3.056014631796402 1.085264792378418 0
5386 1.655465698906432 0.1713658513979794 0
5387 7.518795064795174 0.7316687342836022 0
5388 1.623945839602983 0.07750958198773687 0
5389 1.641489898936916 0.1378681404329082 0
5390 6.558882467653205 0.4442327331242902 0
5391 2.266161420698198 1.133685514961713 0
5392 1.325126180926982 1.662631790999609 0
5393 7.332853364385789 0.5256917193287469 0
5394 4.690898393735202 0.8831211453780965 0
5395 2.022515222499333 0.9605785116485737 0
5396 2.147830981926005 1.251169867364844 0
5397 2.461485974332748 0.1488572299037877 0
5398 2.788828078226569 0.8591926861011266 0
5399 2.277617499995045 0.7302826348939421 0
5400 5.378138237552246 0.2940608023334117 0
5401 2.753052651059902 1.217241130835093 0
5402 1.123966553685709 0.2293387270217641 0
5403 5.929206843677024 0.3387871348031896 0
5404 0.07318700604610273 0.2698266898729744 0
5405 1.787121242697189 1.079676465811349 0
5406 1.80636173895268 0.9194259776798887 0
5407 5.942856878700083 0.8039238537449999 0
5408 1.795451777281083 1.384336811695284 0
5409 3.016467937325578 0.2913102122747758 0
5410 0.775893983854228 1.465281023003252 0
5411 1.439742144140396 1.695834866680572 0
5412 1.741675563663579 1.13491686565441 0
5413 0.9946589764033391 0.1179513514466663 0
5414 0.5992079088454003 1.240111280267256 0
5415 2.619919002841185 1.386322811725906 0
5416 0.2141969677675631 0.5341731811687631 0
5417 0.9800035932910323 0.466674666837953 0
5418 0.0710592255842354 0.5246027809149215 0
5419 6.975710823336088 0.9231564945354993 0
5420 5.491155435379789 0.2880722582649551 0
5421 3.087921726843715 0.083237255314089 0
5422 1.840550127364198 0.2289756944288014 0
5423 1.824366176248665 1.488617052113239 0
5424 7.802244034031212 0.379192836429628 0
5425 6.290958992307703 0.7375981585737589 0
5426 2.587467581545875 0.9173349898171863 0
5427 2.552266730556186 0.3837321679312288 0
5428 0.02540583227383431 1.724999999999157 0
5429 3.542617614875537 0.9999533568132029 0
5430 3.989137838967507 0.0335942083007763 0
5431 2.153687148359403 1.584643426638049 0
5432 6.433552390070068 0.7247369778653762 0
5433 7.515113761491076 0.3646742153763468 0
5434 0.5381225694317573 1.217823743627155 0
5435 3.256707410589993 1.178951888906933 0
5436 6.086113498616481 0.3334517332674538 0
5437 6.290215356288144 0.4799422048880627 0
5438 0.6651969172601444 1.488708319761164 0
5439 0.4650772720009353 0.5713612335480228 0
5440 5.014708077080133 0.2476786911125149 0
5441 5.913286329739192 0.9915130888910523 0
5442 1.35949833997673 0.5435976013871264 0
5443 0.9585469787433405 0.2579816551116692 0
5444 0.8096660092391654 1.449383631890434 0
5445 0.5275731464535653 1.484262388544505 0
5446 4.011804015510022 1.366812915111212 0
5447 2.082875923561886 1.461180094819186 0
5448 0.2868307221588499 0.9879841202697268 0
5449 2.163764598359024 1.374991887042412 0
5450 3.523723599212823 1.262034205944579 0
5451 2.280564101607501 0.08808743741484906 0
5452 1.44334162369221 1.388003473389483 0
5453 2.434903101005326 1.450858551015354 0
5454 1.87942437535238 0.5791821214274894 0
5455 2.238864263862163 0.1884723523076766 0
5456 0.4992521253278721 0.4170629229977258 0
5457 0.9670479081747514 0.4012144629873645 0
5458 6.436566007501263 0.2906537104951065 0
5459 4.416516943739491 1.30828615288283 0
5460 6.723533133695682 0.02794725171989214 0
5461 4.264576905789623 0.7924526758550644 0
5462 4.434441888826897 0.8379779453790253 0
5463 1.985436609031152 1.542372053650731 0
5464 1.154701494702178 0.9968240211163246 0
5465 3.12199627253839 1.237306127216022 0
5466 5.620593079749039 0.9052224508646599 0
5467 7.194899135020707 0.5905807040672881 0
5468 0.4159309051779252 1.633298626946691 0
5469 0.2768461164877973 0.5522498944811828 0
5470 4.810145450844368 1.250178351205618 0
5471 5.985525038723966 0.3482123986825922 0
5472 4.659037763587059 0.9320174768501849 0
5473 2.472034237195137 0.7293033436905297 0
5474 0.9463306066333561 0.1523605298711014 0
5475 1.331332672534858 0.1553154745999969 0
5476 3.835739131736267 1.209077993891762 0
5477 4.956556480686718 0.7728454399734245 0
5478 7.142266253503204 0.7610710328728025 0
5479 2.57569379194972 0.1443426448509575 0
5480 0.7542321931735876 1.184604850192515 0
5481 0.5549969779025967 0.2165326124375101 0
5482 2.433012474666482 0.7824797009623772 0
5483 0.7996293951677023 0.8882692212753489 0
5484 0.8658657913751152 0.596342515006728 0
5485 3.519273746942241 0.1865968643557783 0
5486 2.451396700212724 1.136601063764977 0
5487 2.036270962687446 0.5442009214567839 0
5488 4.971426233978264 0.2606100848061428 0
5489 4.184328669719211 1.196487009199088 0
5490 6.712519814889134 0.204518334469828 0
5491 5.171148052527663 0.1404342883115178 0
5492 4.835624337230921 0.8915614029039876 0
5493 1.735332487765052 0.7019716536427174 0
5494 2.271681946041601 1.623948602331511 0
5495 0.1845035461565242 0.4828922072941081 0
5496 0.9602378442007118 1.133845661203577 0
5497 6.324999999995578 0.02499071021147061 0
5498 3.641018063876444 1.367149607038628 0
$EndNodes
$Elements
10996
1 1 2 1 1 1 9
2 1 2 1 1 9 10
3 1 2 1 1 10 11
4 1 2 1 1 11 12
5 1 2 1 1 12 13
6 1 2 1 1 13 14
7 1 2 1 1 14 15
8 1 2 1 1 15 16
9 1 2 1 1 16 17
10 1 2 1 1 17 18
11 1 2 1 1 18 19
12 1 2 1 1 19 20
13 1 2 1 1 20 21
14 1 2 1 1 21 22
15 1 2 1 1 22 23
16 1 2 1 1 23 24
17 1 2 1 1 24 25
18 1 2 1 1 25 26
19 1 2 1 1 26 27
20 1 2 1 1 27 28
21 1 2 1 1 28 29
22 1 2 1 1 29 30
23 1 2 1 1 30 31
24 1 2 1 1 31 32
25 1 2 1 1 32 33
26 1 2 1 1 33 34
27 1 2 1 1 34 35
28 1 2 1 1 35 36
29 1 2 1 1 36 37
30 1 2 1 1 37 38
31 1 2 1 1 38 39
32 1 2 1 1 39 40
33 1 2 1 1 40 41
34 1 2 1 1 41 42
35 1 2 1 1 42 43
36 1 2 1 1 43 44
37 1 2 1 1 44 45
38 1 2 1 1 45 46
39 1 2 1 1 46 47
40 1 2 1 1 47 48
41 1 2 1 1 48 49
42 1 2 1 1 49 50
43 1 2 1 1 50 51
44 1 2 1 1 51 52
45 1 2 1 1 52 53
46 1 2 1 1 53 54
47 1 2 1 1 54 55
48 1 2 1 1 55 56
49 1 2 1 1 56 57
50 1 2 1 1 57 58
51 1 2 1 1 58 59
52 1 2 1 1 59 60
53 1 2 1 1 60 61
54 1 2 1 1 61 62
55 1 2 1 1 62 63
56 1 2 1 1 63 64
57 1 2 1 1 64 65
58 1 2 1 1 65 66
59 1 2 1 1 66 67
60 1 2 1 1 67 68
61 1 2 1 1 68 69
62 1 2 1 1 69 70
63 1 2 1 1 70 71
64 1 2 1 1 71 72
65 1 2 1 1 72 73
66 1 2 1 1 73 74
67 1 2 1 1 74 75
68 1 2 1 1 75 76
69 1 2 1 1 76 77
70 1 2 1 1 77 78
71 1 2 1 1 78 79
72 1 2 1 1 79 80
73 1 2 1 1 80 81
74 1 2 1 1 81 82
75 1 2 1 1 82 83
76 1 2 1 1 83 84
77 1 2 1 1 84 85
78 1 2 1 1 85 86
79 1 2 1 1 86 87
80 1 2 1 1 87 88
81 1 2 1 1 88 89
82 1 2 1 1 89 90
83 1 2 1 1 90 91
84 1 2 1 1 91 92
85 1 2 1 1 92 93
86 1 2 1 1 93 94
87 1 2 1 1 94 95
88 1 2 1 1 95 96
89 1 2 1 1 96 97
90 1 2 1 1 97 98
91 1 2 1 1 98 99
92 1 2 1 1 99 100
93 1 2 1 1 100 101
94 1 2 1 1 101 102
95 1 2 1 1 102 103
96 1 2 1 1 103 104
97 1 2 1 1 104 105
98 1 2 1 1 105 106
99 1 2 1 1 106 107
100 1 2 1 1 107 108
101 1 2 1 1 108 109
102 1 2 1 1 109 110
103 1 2 1 1 110 111
104 1 2 1 1 111 112
105 1 2 1 1 112 113
106 1 2 1 1 113 114
107 1 2 1 1 114 115
108 1 2 1 1 115 116
109 1 2 1 1 116 117
110 1 2 1 1 117 118
111 1 2 1 1 118 119
112 1 2 1 1 119 120
113 1 2 1 1 120 121
114 1 2 1 1 121 122
115 1 2 1 1 122 123
116 1 2 1 1 123 124
117 1 2 1 1 124 125
118 1 2 1 1 125 126
119 1 2 1 1 126 127
120 1 2 1 1 127 128
121 1 2 1 1 128 129
122 1 2 1 1 129 130
123 1 2 1 1 130 131
124 1 2 1 1 131 132
125 1 2 1 1 132 133
126 1 2 1 1 133 134
127 1 2 1 1 134 135
128 1 2 1 1 135 136
129 1 2 1 1 136 137
130 1 2 1 1 137 138
131 1 2 1 1 138 139
132 1 2 1 1 139 140
133 1 2 1 1 140 141
134 1 2 1 1 141 142
135 1 2 1 1 142 143
136 1 2 1 1 143 144
137 1 2 1 1 144 145
138 1 2 1 1 145 146
139 1 2 1 1 146 147
140 1 2 1 1 147 148
141 1 2 1 1 148 149
142 1 2 1 1 149 150
143 1 2 1 1 150 151
144 1 2 1 1 151 152
145 1 2 1 1 152 153
146 1 2 1 1 153 154
147 1 2 1 1 154 155
148 1 2 1 1 155 156
149 1 2 1 1 156 157
150 1 2 1 1 157 158
151 1 2 1 1 158 159
152 1 2 1 1 159 160
153 1 2 1 1 160 161
154 1 2 1 1 161 162
155 1 2 1 1 162 163
156 1 2 1 1 163 164
157 1 2 1 1 164 165
158 1 2 1 1 165 166
159 1 2 1 1 166 167
160 1 2 1 1 167 2
161 1 2 4 2 2 168
162 1 2 4 2 168 169
163 1 2 4 2 169 170
164 1 2 4 2 170 171
165 1 2 4 2 171 172
166 1 2 4 2 172 173
167 1 2 4 2 173 174
168 1 2 4 2 174 175
169 1 2 4 2 175 176
170 1 2 4 2 176 177
171 1 2 4 2 177 178
172 1 2 4 2 178 179
173 1 2 4 2 179 180
174 1 2 4 2 180 181
175 1 2 4 2 181 182
176 1 2 4 2 182 3
177 1 2 1 3 3 183
178 1 2 1 3 183 184
179 1 2 1 3 184 185
180 1 2 1 3 185 186
181 1 2 1 3 186 187
182 1 2 1 3 187 188
183 1 2 1 3 188 189
184 1 2 1 3 189 190
185 1 2 1 3 190 191
186 1 2 1 3 191 192
187 1 2 1 3 192 193
188 1 2 1 3 193 194
189 1 2 1 3 194 195
190 1 2 1 3 195 196
191 1 2 1 3 196 197
192 1 2 1 3 197 198
193 1 2 1 3 198 199
194 1 2 1 3 199 200
195 1 2 1 3 200 201
196 1 2 1 3 201 202
197 1 2 1 3 202 203
198 1 2 1 3 203 204
199 1 2 1 3 204 205
200 1 2 1 3 205 206
201 1 2 1 3 206 207
202 1 2 1 3 207 208
203 1 2 1 3 208 209
204 1 2 1 3 209 210
205 1 2 1 3 210 211
206 1 2 1 3 211 212
207 1 2 1 3 212 213
208 1 2 1 3 213 214
209 1 2 1 3 214 215
210 1 2 1 3 215 216
211 1 2 1 3 216 217
212 1 2 1 3 217 218
213 1 2 1 3 218 219
214 1 2 1 3 219 220
215 1 2 1 3 220 221
216 1 2 1 3 221 222
217 1 2 1 3 222 223
218 1 2 1 3 223 224
219 1 2 1 3 224 225
220 1 2 1 3 225 226
221 1 2 1 3 226 227
222 1 2 1 3 227 228
223 1 2 1 3 228 229
224 1 2 1 3 229 230
225 1 2 1 3 230 231
226 1 2 1 3 231 232
227 1 2 1 3 232 233
228 1 2 1 3 233 234
229 1 2 1 3 234 235
230 1 2 1 3 235 236
231 1 2 1 3 236 237
232 1 2 1 3 237 238
233 1 2 1 3 238 239
234 1 2 1 3 239 240
235 1 2 1 3 240 241
236 1 2 1 3 241 242
237 1 2 1 3 242 243
238 1 2 1 3 243 244
239 1 2 1 3 244 245
240 1 2 1 3 245 246
241 1 2 1 3 246 247
242 1 2 1 3 247 248
243 1 2 1 3 248 249
244 1 2 1 3 249 250
245 1 2 1 3 250 251
246 1 2 1 3 251 252
247 1 2 1 3 252 253
248 1 2 1 3 253 254
249 1 2 1 3 254 255
250 1 2 1 3 255 256
251 1 2 1 3 256 257
252 1 2 1 3 257 258
253 1 2 1 3 258 259
254 1 2 1 3 259 260
255 1 2 1 3 260 261
256 1 2 1 3 261 262
257 1 2 1 3 262 263
258 1 2 1 3 263 264
259 1 2 1 3 264 265
260 1 2 1 3 265 266
261 1 2 1 3 266 267
262 1 2 1 3 267 268
263 1 2 1 3 268 269
264 1 2 1 3 269 270
265 1 2 1 3 270 271
266 1 2 1 3 271 272
267 1 2 1 3 272 273
268 1 2 1 3 273 274
269 1 2 1 3 274 275
270 1 2 1 3 275 276
271 1 2 1 3 276 277
272 1 2 1 3 277 278
273 1 2 1 3 278 279
274 1 2 1 3 279 280
275 1 2 1 3 280 281
276 1 2 1 3 281 282
277 1 2 1 3 282 283
278 1 2 1 3 283 284
279 1 2 1 3 284 285
280 1 2 1 3 285 286
281 1 2 1 3 286 287
282 1 2 1 3 287 288
283 1 2 1 3 288 289
284 1 2 1 3 289 290
285 1 2 1 3 290 291
286 1 2 1 3 291 292
287 1 2 1 3 292 293
288 1 2 1 3 293 294
289 1 2 1 3 294 295
290 1 2 1 3 295 296
291 1 2 1 3 296 297
292 1 2 1 3 297 298
293 1 2 1 3 298 299
294 1 2 1 3 299 300
295 1 2 1 3 300 301
296 1 2 1 3 301 302
297 1 2 1 3 302 303
298 1 2 1 3 303 304
299 1 2 1 3 304 305
300 1 2 1 3 305 306
301 1 2 1 3 306 307
302 1 2 1 3 307 308
303 1 2 1 3 308 309
304 1 2 1 3 309 310
305 1 2 1 3 310 311
306 1 2 1 3 311 312
307 1 2 1 3 312 313
308 1 2 1 3 313 314
309 1 2 1 3 314 315
310 1 2 1 3 315 316
311 1 2 1 3 316 317
312 1 2 1 3 317 318
313 1 2 1 3 318 319
314 1 2 1 3 319 320
315 1 2 1 3 320 321
316 1 2 1 3 321 322
317 1 2 1 3 322 323
318 1 2 1 3 323 324
319 1 2 1 3 324 325
320 1 2 1 3 325 326
321 1 2 1 3 326 327
322 1 2 1 3 327 328
323 1 2 1 3 328 329
324 1 2 1 3 329 330
325 1 2 1 3 330 331
326 1 2 1 3 331 332
327 1 2 1 3 332 333
328 1 2 1 3 333 334
329 1 2 1 3 334 335
330 1 2 1 3 335 336
331 1 2 1 3 336 337
332 1 2 1 3 337 338
333 1 2 1 3 338 339
334 1 2 1 3 339 340
335 1 2 1 3 340 341
336 1 2 1 3 341 342
337 1 2 1 3 342 343
338 1 2 1 3 343 4
339 1 2 3 4 4 344
340 1 2 3 4 344 345
341 1 2 3 4 345 346
342 1 2 3 4 346 347
343 1 2 3 4 347 348
344 1 2 3 4 348 349
345 1 2 3 4 349 350
346 1 2 3 4 350 351
347 1 2 3 4 351 352
348 1 2 3 4 352 353
349 1 2 3 4 353 354
350 1 2 3 4 354 355
351 1 2 3 4 355 356
352 1 2 3 4 356 357
353 1 2 3 4 357 358
354 1 2 3 4 358 359
355 1 2 3 4 359 360
356 1 2 3 4 360 361
357 1 2 3 4 361 362
358 1 2 3 4 362 363
359 1 2 3 4 363 364
360 1 2 3 4 364 365
361 1 2 3 4 365 366
362 1 2 3 4 366 367
363 1 2 3 4 367 368
364 1 2 3 4 368 369
365 1 2 3 4 369 370
366 1 2 3 4 370 371
367 1 2 3 4 371 372
368 1 2 3 4 372 373
369 1 2 3 4 373 374
370 1 2 3 4 374 375
371 1 2 3 4 375 376
372 1 2 3 4 376 377
373 1 2 3 4 377 378
374 1 2 3 4 378 379
375 1 2 3 4 379 380
376 1 2 3 4 380 381
377 1 2 3 4 381 382
378 1 2 3 4 382 1
379 1 2 2 5 5 383
380 1 2 2 5 383 384
381 1 2 2 5 384 385
382 1 2 2 5 385 386
383 1 2 2 5 386 387
384 1 2 2 5 387 388
385 1 2 2 5 388 389
386 1 2 2 5 389 390
387 1 2 2 5 390 391
388 1 2 2 5 391 392
389 1 2 2 5 392 393
390 1 2 2 5 393 394
391 1 2 2 5 394 395
392 1 2 2 5 395 396
393 1 2 2 5 396 397
394 1 2 2 5 397 398
395 1 2 2 5 398 399
396 1 2 2 5 399 400
397 1 2 2 5 400 401
398 1 2 2 5 401 402
399 1 2 2 5 402 403
400 1 2 2 5 403 404
401 1 2 2 5 404 405
402 1 2 2 5 405 406
403 1 2 2 5 406 407
404 1 2 2 5 407 408
405 1 2 2 5 408 409
406 1 2 2 5 409 410
407 1 2 2 5 410 411
408 1 2 2 5 411 412
409 1 2 2 5 412 413
410 1 2 2 5 413 414
411 1 2 2 5 414 415
412 1 2 2 5 415 416
413 1 2 2 5 416 417
414 1 2 2 5 417 418
415 1 2 2 5 418 419
416 1 2 2 5 419 420
417 1 2 2 5 420 421
418 1 2 2 5 421 422
419 1 2 2 5 422 423
420 1 2 2 5 423 6
421 1 2 2 6 6 424
422 1 2 2 6 424 425
423 1 2 2 6 425 426
424 1 2 2 6 426 427
425 1 2 2 6 427 428
426 1 2 2 6 428 429
427 1 2 2 6 429 430
428 1 2 2 6 430 431
429 1 2 2 6 431 432
430 1 2 2 6 432 433
431 1 2 2 6 433 434
432 1 2 2 6 434 435
433 1 2 2 6 435 436
434 1 2 2 6 436 437
435 1 2 2 6 437 438
436 1 2 2 6 438 439
437 1 2 2 6 439 440
438 1 2 2 6 440 441
439 1 2 2 6 441 442
440 1 2 2 6 442 443
441 1 2 2 6 443 444
442 1 2 2 6 444 445
443 1 2 2 6 445 446
444 1 2 2 6 446 447
445 1 2 2 6 447 448
446 1 2 2 6 448 449
447 1 2 2 6 449 450
448 1 2 2 6 450 451
449 1 2 2 6 451 452
450 1 2 2 6 452 453
451 1 2 2 6 453 454
452 1 2 2 6 454 455
453 1 2 2 6 455 456
454 1 2 2 6 456 457
455 1 2 2 6 457 458
456 1 2 2 6 458 459
457 1 2 2 6 459 460
458 1 2 2 6 460 461
459 1 2 2 6 461 462
460 1 2 2 6 462 463
461 1 2 2 6 463 464
462 1 2 2 6 464 465
463 1 2 2 6 465 466
464 1 2 2 6 466 467
465 1 2 2 6 467 468
466 1 2 2 6 468 469
467 1 2 2 6 469 470
468 1 2 2 6 470 471
469 1 2 2 6 471 472
470 1 2 2 6 472 473
471 1 2 2 6 473 474
472 1 2 2 6 474 475
473 1 2 2 6 475 476
474 1 2 2 6 476 477
475 1 2 2 6 477 478
476 1 2 2 6 478 479
477 1 2 2 6 479 480
478 1 2 2 6 480 481
479 1 2 2 6 481 482
480 1 2 2 6 482 483
481 1 2 2 6 483 7
482 1 2 2 7 7 484
483 1 2 2 7 484 485
484 1 2 2 7 485 486
485 1 2 2 7 486 487
486 1 2 2 7 487 488
487 1 2 2 7 488 489
488 1 2 2 7 489 490
489 1 2 2 7 490 491
490 1 2 2 7 491 492
491 1 2 2 7 492 493
492 1 2 2 7 493 494
493 1 2 2 7 494 495
494 1 2 2 7 495 496
495 1 2 2 7 496 497
496 1 2 2 7 497 498
497 1 2 2 7 498 499
498 1 2 2 7 499 500
499 1 2 2 7 500 501
500 1 2 2 7 501 502
501 1 2 2 7 502 503
502 1 2 2 7 503 8
503 1 2 2 8 8 504
504 1 2 2 8 504 505
505 1 2 2 8 505 506
506 1 2 2 8 506 507
507 1 2 2 8 507 508
508 1 2 2 8 508 509
509 1 2 2 8 509 510
510 1 2 2 8 510 511
511 1 2 2 8 511 512
512 1 2 2 8 512 513
513 1 2 2 8 513 514
514 1 2 2 8 514 515
515 1 2 2 8 515 516
516 1 2 2 8 516 517
517 1 2 2 8 517 518
518 1 2 2 8 518 519
519 1 2 2 8 519 520
520 1 2 2 8 520 521
521 1 2 2 8 521 522
522 1 2 2 8 522 523
523 1 2 2 8 523 524
524 1 2 2 8 524 525
525 1 2 2 8 525 526
526 1 2 2 8 526 527
527 1 2 2 8 527 528
528 1 2 2 8 528 529
529 1 2 2 8 529 530
530 1 2 2 8 530 531
531 1 2 2 8 531 532
532 1 2 2 8 532 533
533 1 2 2 8 533 534
534 1 2 2 8 534 535
535 1 2 2 8 535 536
536 1 2 2 8 536 537
537 1 2 2 8 537 538
538 1 2 2 8 538 539
539 1 2 2 8 539 540
540 1 2 2 8 540 541
541 1 2 2 8 541 542
542 1 2 2 8 542 543
543 1 2 2 8 543 544
544 1 2 2 8 544 545
545 1 2 2 8 545 546
546 1 2 2 8 546 547
547 1 2 2 8 547 548
548 1 2 2 8 548 549
549 1 2 2 8 549 550
550 1 2 2 8 550 551
551 1 2 2 8 551 552
552 1 2 2 8 552 553
553 1 2 2 8 553 554
554 1 2 2 8 554 555
555 1 2 2 8 555 556
556 1 2 2 8 556 557
557 1 2 2 8 557 558
558 1 2 2 8 558 559
559 1 2 2 8 559 560
560 1 2 2 8 560 561
561 1 2 2 8 561 562
562 1 2 2 8 562 563
563 1 2 2 8 563 564
564 1 2 2 8 564 565
565 1 2 2 8 565 566
566 1 2 2 8 566 567
567 1 2 2 8 567 568
568 1 2 2 8 568 569
569 1 2 2 8 569 570
570 1 2 2 8 570 571
571 1 2 2 8 571 572
572 1 2 2 8 572 573
573 1 2 2 8 573 574
574 1 2 2 8 574 575
575 1 2 2 8 575 576
576 1 2 2 8 576 577
577 1 2 2 8 577 578
578 1 2 2 8 578 579
579 1 2 2 8 579 580
580 1 2 2 8 580 581
581 1 2 2 8 581 582
582 1 2 2 8 582 5
583 2 2 16 11 2307 5335 679
584 2 2 16 11 5335 1942 679
585 2 2 16 11 5054 2327 2085
586 2 2 16 11 2286 1010 4648
587 2 2 16 11 5431 2796 1268
588 2 2 16 11 3305 915 4410
589 2 2 16 11 1010 2132 4648
590 2 2 16 11 1771 3402 2557
591 2 2 16 11 2557 3402 744
592 2 2 16 11 1615 1305 2919
593 2 2 16 11 5259 2159 2217
594 2 2 16 11 2404 607 4519
595 2 2 16 11 1462 5054 2085
596 2 2 16 11 2154 2404 4519
597 2 2 16 11 706 2159 5259
598 2 2 16 11 4581 1305 1615
599 2 2 16 11 2154 4680 2404
600 2 2 16 11 1911 4070 2624
601 2 2 16 11 4410 915 2083
602 2 2 16 11 3186 1359 5024
603 2 2 16 11 4680 1061 2404
604 2 2 16 11 3863 3125 858
605 2 2 16 11 2113 2400 4616
606 2 2 16 11 839 3621 3017
607 2 2 16 11 2720 3817 1107
608 2 2 16 11 3817 2495 1107
609 2 2 16 11 4070 1012 2624
610 2 2 16 11 2400 604 4616
611 2 2 16 11 5094 2699 2129
612 2 2 16 11 1792 3125 3863
613 2 2 16 11 2173 5252 3272
614 2 2 16 11 1666 3052 1244
615 2 2 16 11 2449 1148 5380
616 2 2 16 11 3017 3621 5062
617 2 2 16 11 4550 1666 1244
618 2 2 16 11 2511 1147 4936
619 2 2 16 11 4639 2921 1157
620 2 2 16 11 2711 1220 5239
621 2 2 16 11 2071 2511 4936
622 2 2 16 11 2209 2796 5431
623 2 2 16 11 2187 2449 5380
624 2 2 16 11 4067 1048 2551
625 2 2 16 11 1978 4067 2551
626 2 2 16 11 2191 943 5453
627 2 2 16 11 4315 2649 795
628 2 2 16 11 5453 943 2162
629 2 2 16 11 3187 3626 864
630 2 2 16 11 1885 2630 4108
631 2 2 16 11 1894 3698 2667
632 2 2 16 11 2667 3698 923
633 2 2 16 11 4482 2402 2215
634 2 2 16 11 1094 4482 2215
635 2 2 16 11 5188 2053 2752
636 2 2 16 11 4157 2710 893
637 2 2 16 11 4108 2630 1451
638 2 2 16 11 2133 3186 5024
639 2 2 16 11 1771 2710 4157
640 2 2 16 11 1953 4413 3743
641 2 2 16 11 1978 2551 4307
642 2 2 16 11 2047 2649 4315
643 2 2 16 11 687 5094 2129
644 2 2 16 11 4578 1156 2947
645 2 2 16 11 2018 2921 4639
646 2 2 16 11 1812 3626 3187
647 2 2 16 11 4307 2551 733
648 2 2 16 11 4727 2279 2772
649 2 2 16 11 5252 711 3272
650 2 2 16 11 3287 1301 3626
651 2 2 16 11 1009 3042 2119
652 2 2 16 11 1168 1877 2984
653 2 2 16 11 1475 3796 1976
654 2 2 16 11 1041 1767 2561
655 2 2 16 11 2803 4645 2146
656 2 2 16 11 2106 2494 5123
657 2 2 16 11 2310 5260 2691
658 2 2 16 11 453 1761 3005
659 2 2 16 11 1342 2846 2148
660 2 2 16 11 1365 2718 2486
661 2 2 16 11 1260 2190 2897
662 2 2 16 11 568 1947 569
663 2 2 16 11 5089 1355 1725
664 2 2 16 11 1128 2486 2718
665 2 2 16 11 790 1912 2317
666 2 2 16 11 717 2427 3013
667 2 2 16 11 859 1976 3796
668 2 2 16 11 1041 3699 1767
669 2 2 16 11 2513 4507 1036
670 2 2 16 11 1042 2033 5170
671 2 2 16 11 4638 2669 935
672 2 2 16 11 672 1860 3549
673 2 2 16 11 1725 1355 4941
674 2 2 16 11 680 2608 1780
675 2 2 16 11 1481 3186 2133
676 2 2 16 11 1198 1865 4562
677 2 2 16 11 2650 5168 3727
678 2 2 16 11 947 2148 4706
679 2 2 16 11 876 4134 1890
680 2 2 16 11 1157 1955 2277
681 2 2 16 11 1115 2277 1955
682 2 2 16 11 1112 1731 2809
683 2 2 16 11 1507 1890 4134
684 2 2 16 11 1198 3131 1865
685 2 2 16 11 903 1828 3215
686 2 2 16 11 187 2704 2005
687 2 2 16 11 1921 4434 2638
688 2 2 16 11 287 288 1936
689 2 2 16 11 712 2339 2506
690 2 2 16 11 625 3072 1764
691 2 2 16 11 118 3037 1774
692 2 2 16 11 987 3815 2423
693 2 2 16 11 1926 2254 4372
694 2 2 16 11 1747 2423 3815
695 2 2 16 11 1182 2357 2345
696 2 2 16 11 599 2345 2357
697 2 2 16 11 1261 2587 2425
698 2 2 16 11 414 2486 2773
699 2 2 16 11 1123 2221 2219
700 2 2 16 11 1238 2506 2339
701 2 2 16 11 4434 1011 2638
702 2 2 16 11 867 3650 1815
703 2 2 16 11 537 2138 538
704 2 2 16 11 1023 2219 2221
705 2 2 16 11 722 2817 2018
706 2 2 16 11 1146 2746 2479
707 2 2 16 11 1265 2018 2817
708 2 2 16 11 1343 1815 3650
709 2 2 16 11 4507 2211 1036
710 2 2 16 11 1156 2314 1982
711 2 2 16 11 604 2038 2266
712 2 2 16 11 1226 2298 2540
713 2 2 16 11 2535 3474 3742
714 2 2 16 11 1373 2479 2746
715 2 2 16 11 855 3386 1744
716 2 2 16 11 3249 3941 1058
717 2 2 16 11 2217 2711 5239
718 2 2 16 11 1876 4616 2415
719 2 2 16 11 1126 2540 2298
720 2 2 16 11 317 2097 2871
721 2 2 16 11 2317 4141 3689
722 2 2 16 11 1042 5170 2103
723 2 2 16 11 860 1827 3263
724 2 2 16 11 784 3479 1849
725 2 2 16 11 966 2388 3366
726 2 2 16 11 3941 2466 1058
727 2 2 16 11 2032 3743 4722
728 2 2 16 11 1112 3444 1731
729 2 2 16 11 1669 4487 3543
730 2 2 16 11 1438 3321 3960
731 2 2 16 11 175 2648 2302
732 2 2 16 11 680 1780 2797
733 2 2 16 11 3602 855 1744
734 2 2 16 11 874 2183 3310
735 2 2 16 11 850 2688 1752
736 2 2 16 11 1102 2797 1780
737 2 2 16 11 1425 3310 2183
738 2 2 16 11 758 2798 2981
739 2 2 16 11 601 4070 1911
740 2 2 16 11 1308 2766 2469
741 2 2 16 11 677 1979 2282
742 2 2 16 11 3656 5487 1565
743 2 2 16 11 737 2526 2483
744 2 2 16 11 704 1991 3160
745 2 2 16 11 1812 3287 3626
746 2 2 16 11 576 3806 2637
747 2 2 16 11 943 2191 2609
748 2 2 16 11 1064 2577 1788
749 2 2 16 11 1082 1998 2430
750 2 2 16 11 708 4372 2254
751 2 2 16 11 634 2650 3727
752 2 2 16 11 1588 2773 2935
753 2 2 16 11 745 3597 1851
754 2 2 16 11 1348 3545 4158
755 2 2 16 11 576 2637 577
756 2 2 16 11 2008 4578 2947
757 2 2 16 11 811 2895 3242
758 2 2 16 11 1128 2935 2773
759 2 2 16 11 625 1764 4600
760 2 2 16 11 1919 2669 4638
761 2 2 16 11 1520 3366 2388
762 2 2 16 11 5123 2494 997
763 2 2 16 11 365 1808 3201
764 2 2 16 11 5 2633 1772
765 2 2 16 11 1134 2565 2948
766 2 2 16 11 278 3930 2916
767 2 2 16 11 1074 4748 1893
768 2 2 16 11 535 2144 536
769 2 2 16 11 715 2177 2437
770 2 2 16 11 1579 2948 2565
771 2 2 16 11 1008 2366 3493
772 2 2 16 11 1233 2511 2071
773 2 2 16 11 1416 3138 2127
774 2 2 16 11 5126 2701 2169
775 2 2 16 11 688 2613 1775
776 2 2 16 11 927 2085 4488
777 2 2 16 11 393 2062 394
778 2 2 16 11 1558 4316 2811
779 2 2 16 11 2366 3481 3493
780 2 2 16 11 1663 4113 3308
781 2 2 16 11 3632 644 2691
782 2 2 16 11 3200 598 5357
783 2 2 16 11 1278 1985 2605
784 2 2 16 11 950 4465 2007
785 2 2 16 11 1837 3632 2691
786 2 2 16 11 293 5354 3530
787 2 2 16 11 1348 2444 2717
788 2 2 16 11 1111 2717 2444
789 2 2 16 11 1110 2744 2293
790 2 2 16 11 441 3820 2316
791 2 2 16 11 1985 4329 3516
792 2 2 16 11 633 3269 3353
793 2 2 16 11 547 2025 548
794 2 2 16 11 1417 1924 4187
795 2 2 16 11 1353 2541 1932
796 2 2 16 11 4413 1020 3743
797 2 2 16 11 260 261 2105
798 2 2 16 11 768 2450 2709
799 2 2 16 11 1548 2521 4294
800 2 2 16 11 1609 4114 2127
801 2 2 16 11 1346 2709 2450
802 2 2 16 11 361 2634 3962
803 2 2 16 11 1164 1868 3003
804 2 2 16 11 4169 94 95
805 2 2 16 11 988 2053 5188
806 2 2 16 11 1207 1919 3128
807 2 2 16 11 1113 2133 2407
808 2 2 16 11 617 2407 2133
809 2 2 16 11 1376 1964 2321
810 2 2 16 11 1882 2811 4316
811 2 2 16 11 2440 4237 4132
812 2 2 16 11 604 2415 4616
813 2 2 16 11 5020 2894 2199
814 2 2 16 11 453 4364 1761
815 2 2 16 11 587 2470 3259
816 2 2 16 11 995 4995 3245
817 2 2 16 11 2114 94 4169
818 2 2 16 11 1562 3744 2666
819 2 2 16 11 2860 3391 4523
820 2 2 16 11 2085 3665 4104
821 2 2 16 11 1185 3938 1806
822 2 2 16 11 1146 4177 1989
823 2 2 16 11 1582 3519 3268
824 2 2 16 11 595 3391 2860
825 2 2 16 11 1119 1982 2314
826 2 2 16 11 995 3245 3392
827 2 2 16 11 256 257 2158
828 2 2 16 11 544 1986 545
829 2 2 16 11 1603 2953 4438
830 2 2 16 11 1141 2815 3841
831 2 2 16 11 64 65 2143
832 2 2 16 11 611 1811 2852
833 2 2 16 11 1036 2330 1963
834 2 2 16 11 1348 4158 2444
835 2 2 16 11 927 3665 2085
836 2 2 16 11 1123 2852 1811
837 2 2 16 11 1177 2176 3564
838 2 2 16 11 938 3774 2236
839 2 2 16 11 1328 1946 5171
840 2 2 16 11 1668 2236 3774
841 2 2 16 11 1383 2199 2748
842 2 2 16 11 999 2155 2733
843 2 2 16 11 1046 2440 4132
844 2 2 16 11 36 37 2155
845 2 2 16 11 2146 4645 746
846 2 2 16 11 703 2306 3081
847 2 2 16 11 953 2397 4052
848 2 2 16 11 1798 4052 2397
849 2 2 16 11 1406 3140 3293
850 2 2 16 11 732 2449 2187
851 2 2 16 11 1277 2606 2228
852 2 2 16 11 1065 2217 2159
853 2 2 16 11 722 3145 1972
854 2 2 16 11 804 2228 2606
855 2 2 16 11 1314 2030 3135
856 2 2 16 11 955 4617 2163
857 2 2 16 11 1053 4616 1876
858 2 2 16 11 665 2524 3415
859 2 2 16 11 1818 2163 4617
860 2 2 16 11 630 1844 3029
861 2 2 16 11 1619 3415 2524
862 2 2 16 11 4266 110 111
863 2 2 16 11 691 1756 3014
864 2 2 16 11 1647 4392 2074
865 2 2 16 11 1164 3003 1927
866 2 2 16 11 645 4197 1964
867 2 2 16 11 1022 4266 5121
868 2 2 16 11 697 3532 1966
869 2 2 16 11 5429 1312 3083
870 2 2 16 11 2265 4607 4265
871 2 2 16 11 906 3904 2079
872 2 2 16 11 1370 1966 3532
873 2 2 16 11 3841 2815 4321
874 2 2 16 11 850 1752 2905
875 2 2 16 11 1192 2813 2021
876 2 2 16 11 1017 2029 4211
877 2 2 16 11 715 2493 3068
878 2 2 16 11 1141 2102 2607
879 2 2 16 11 368 2485 2010
880 2 2 16 11 1064 1788 2707
881 2 2 16 11 703 3081 2349
882 2 2 16 11 367 368 2010
883 2 2 16 11 1416 2127 3993
884 2 2 16 11 1494 2375 2288
885 2 2 16 11 688 1775 2707
886 2 2 16 11 2127 4114 5295
887 2 2 16 11 1537 2279 4727
888 2 2 16 11 266 267 2006
889 2 2 16 11 537 3881 2138
890 2 2 16 11 2085 2327 4488
891 2 2 16 11 943 5195 2662
892 2 2 16 11 1382 2535 3742
893 2 2 16 11 677 2282 4521
894 2 2 16 11 627 2611 2571
895 2 2 16 11 2064 5121 4266
896 2 2 16 11 717 3013 2482
897 2 2 16 11 1350 2571 2611
898 2 2 16 11 292 293 3530
899 2 2 16 11 869 3388 2122
900 2 2 16 11 615 3923 3950
901 2 2 16 11 1396 2122 3388
902 2 2 16 11 662 3447 2997
903 2 2 16 11 1138 3798 3162
904 2 2 16 11 1158 3503 1912
905 2 2 16 11 1160 1956 2368
906 2 2 16 11 1467 3068 2493
907 2 2 16 11 1009 2372 3042
908 2 2 16 11 5256 1260 2897
909 2 2 16 11 587 3259 3429
910 2 2 16 11 956 2386 3572
911 2 2 16 11 1603 3572 2386
912 2 2 16 11 441 2316 442
913 2 2 16 11 1105 3538 3925
914 2 2 16 11 1863 4404 2874
915 2 2 16 11 4068 675 2814
916 2 2 16 11 691 3453 1756
917 2 2 16 11 735 1902 2534
918 2 2 16 11 615 3950 2131
919 2 2 16 11 1437 3662 2421
920 2 2 16 11 1108 4618 1969
921 2 2 16 11 1483 3227 3045
922 2 2 16 11 1400 2268 2700
923 2 2 16 11 16 17 3980
924 2 2 16 11 1108 1970 4618
925 2 2 16 11 5277 2344 1039
926 2 2 16 11 276 277 2533
927 2 2 16 11 719 3617 2241
928 2 2 16 11 3980 17 2223
929 2 2 16 11 2490 3940 4723
930 2 2 16 11 4657 3379 699
931 2 2 16 11 1874 4521 2282
932 2 2 16 11 724 4805 1770
933 2 2 16 11 12 2398 3691
934 2 2 16 11 5260 1015 2691
935 2 2 16 11 1686 2573 3643
936 2 2 16 11 2140 2344 5277
937 2 2 16 11 672 4044 1860
938 2 2 16 11 701 3079 1778
939 2 2 16 11 900 2636 3827
940 2 2 16 11 1035 1913 2559
941 2 2 16 11 775 3734 4945
942 2 2 16 11 753 1873 3769
943 2 2 16 11 1399 2164 3315
944 2 2 16 11 1139 1853 2837
945 2 2 16 11 3875 3659 2492
946 2 2 16 11 1456 2813 3039
947 2 2 16 11 727 2996 1777
948 2 2 16 11 948 2700 2268
949 2 2 16 11 937 2153 4670
950 2 2 16 11 1067 3875 2492
951 2 2 16 11 118 1774 4272
952 2 2 16 11 4722 3743 1020
953 2 2 16 11 1202 2716 2125
954 2 2 16 11 759 2689 1954
955 2 2 16 11 865 2074 4392
956 2 2 16 11 1486 3337 2489
957 2 2 16 11 621 2125 2716
958 2 2 16 11 584 2862 2274
959 2 2 16 11 3787 659 4171
960 2 2 16 11 1743 4706 2148
961 2 2 16 11 1287 3334 1857
962 2 2 16 11 1466 2006 3827
963 2 2 16 11 1345 3073 2115
964 2 2 16 11 900 3827 2006
965 2 2 16 11 985 5126 2169
966 2 2 16 11 2275 4797 4412
967 2 2 16 11 609 2304 2271
968 2 2 16 11 3239 1335 5245
969 2 2 16 11 1120 2271 2304
970 2 2 16 11 1187 2062 2391
971 2 2 16 11 1125 2391 2062
972 2 2 16 11 610 4515 2910
973 2 2 16 11 2216 110 4266
974 2 2 16 11 968 2819 3443
975 2 2 16 11 3188 3836 4912
976 2 2 16 11 2755 5131 3935
977 2 2 16 11 311 5023 1937
978 2 2 16 11 925 2594 1831
979 2 2 16 11 536 2144 3881
980 2 2 16 11 1138 3800 2782
981 2 2 16 11 5 1772 3539
982 2 2 16 11 1597 2781 4077
983 2 2 16 11 1762 3358 1160
984 2 2 16 11 1313 2274 2862
985 2 2 16 11 1555 3940 2490
986 2 2 16 11 3772 1762 1160
987 2 2 16 11 1119 2068 3733
988 2 2 16 11 1894 3787 4171
989 2 2 16 11 1024 2480 2962
990 2 2 16 11 1030 2670 2023
991 2 2 16 11 754 2469 2766
992 2 2 16 11 662 2529 1869
993 2 2 16 11 1722 2997 3447
994 2 2 16 11 2556 5447 1133
995 2 2 16 11 1493 2079 3904
996 2 2 16 11 1198 4562 2045
997 2 2 16 11 1884 4068 2814
998 2 2 16 11 626 2578 1939
999 2 2 16 11 2259 4229 4500
1000 2 2 16 11 2782 3800 4053
1001 2 2 16 11 871 2265 4265
1002 2 2 16 11 2445 5447 2556
1003 2 2 16 11 1597 4092 2781
1004 2 2 16 11 1877 2696 4493
1005 2 2 16 11 983 2095 4194
1006 2 2 16 11 2091 3023 4301
1007 2 2 16 11 1143 1888 4317
1008 2 2 16 11 1355 3643 2573
1009 2 2 16 11 1084 1841 2702
1010 2 2 16 11 1022 2216 4266
1011 2 2 16 11 726 3170 2107
1012 2 2 16 11 1060 4219 1852
1013 2 2 16 11 787 3451 2288
1014 2 2 16 11 1170 2633 2284
1015 2 2 16 11 4493 2696 918
1016 2 2 16 11 322 323 2019
1017 2 2 16 11 192 2232 2596
1018 2 2 16 11 1423 3491 2151
1019 2 2 16 11 2711 1065 4586
1020 2 2 16 11 2239 2711 4586
1021 2 2 16 11 859 3796 2334
1022 2 2 16 11 1032 2400 5444
1023 2 2 16 11 674 3524 2693
1024 2 2 16 11 144 145 2252
1025 2 2 16 11 1494 2288 3451
1026 2 2 16 11 1523 2456 2804
1027 2 2 16 11 1102 1780 3121
1028 2 2 16 11 728 2796 2209
1029 2 2 16 11 1372 2654 2658
1030 2 2 16 11 1139 4041 1935
1031 2 2 16 11 765 2162 3053
1032 2 2 16 11 1670 3571 3896
1033 2 2 16 11 1243 2382 2383
1034 2 2 16 11 1024 2383 2382
1035 2 2 16 11 695 4247 1938
1036 2 2 16 11 1137 2092 2428
1037 2 2 16 11 1210 2428 2092
1038 2 2 16 11 1103 2804 2456
1039 2 2 16 11 1638 2334 3796
1040 2 2 16 11 1534 1938 4247
1041 2 2 16 11 1275 1899 3415
1042 2 2 16 11 145 4354 2252
1043 2 2 16 11 724 1770 3067
1044 2 2 16 11 2022 3458 5252
1045 2 2 16 11 4329 1044 3516
1046 2 2 16 11 2093 4060 3764
1047 2 2 16 11 727 1777 3320
1048 2 2 16 11 1577 2842 4382
1049 2 2 16 11 628 2658 2654
1050 2 2 16 11 604 2400 2038
1051 2 2 16 11 1772 3840 4647
1052 2 2 16 11 1548 3903 2521
1053 2 2 16 11 912 2084 2395
1054 2 2 16 11 1324 2360 2116
1055 2 2 16 11 1290 2341 2654
1056 2 2 16 11 717 2116 2360
1057 2 2 16 11 1069 4118 1834
1058 2 2 16 11 1473 2922 2461
1059 2 2 16 11 2007 4465 2679
1060 2 2 16 11 1164 4375 1868
1061 2 2 16 11 1209 2043 2449
1062 2 2 16 11 2153 2410 4670
1063 2 2 16 11 2572 3460 3570
1064 2 2 16 11 872 1959 3204
1065 2 2 16 11 1459 2093 5040
1066 2 2 16 11 1267 3204 1959
1067 2 2 16 11 1093 1829 4515
1068 2 2 16 11 464 2090 465
1069 2 2 16 11 628 2654 2341
1070 2 2 16 11 1026 3573 1975
1071 2 2 16 11 725 3023 2091
1072 2 2 16 11 775 4945 2460
1073 2 2 16 11 1313 2862 1797
1074 2 2 16 11 256 2158 3850
1075 2 2 16 11 1262 1944 3306
1076 2 2 16 11 1889 4963 2434
1077 2 2 16 11 588 2429 2502
1078 2 2 16 11 2113 5444 2400
1079 2 2 16 11 808 2151 3491
1080 2 2 16 11 1123 1811 3021
1081 2 2 16 11 701 1778 3129
1082 2 2 16 11 1004 2275 4412
1083 2 2 16 11 2423 3402 4554
1084 2 2 16 11 64 2143 3736
1085 2 2 16 11 306 2545 3223
1086 2 2 16 11 1639 2425 3663
1087 2 2 16 11 883 3663 2425
1088 2 2 16 11 2024 3379 4657
1089 2 2 16 11 1105 3494 3044
1090 2 2 16 11 901 2025 3819
1091 2 2 16 11 969 4186 1972
1092 2 2 16 11 1460 3819 2025
1093 2 2 16 11 627 2571 2510
1094 2 2 16 11 642 4384 3771
1095 2 2 16 11 1233 2502 2429
1096 2 2 16 11 1647 2074 4665
1097 2 2 16 11 1328 5171 2259
1098 2 2 16 11 5317 1785 1407
1099 2 2 16 11 1293 2510 2571
1100 2 2 16 11 1326 2572 3570
1101 2 2 16 11 1168 2696 1877
1102 2 2 16 11 2190 4092 2897
1103 2 2 16 11 477 2039 478
1104 2 2 16 11 676 3283 1855
1105 2 2 16 11 559 2920 3979
1106 2 2 16 11 2774 3200 5357
1107 2 2 16 11 101 2914 2713
1108 2 2 16 11 1017 4211 2246
1109 2 2 16 11 277 2916 2533
1110 2 2 16 11 903 4289 1828
1111 2 2 16 11 1177 3564 2981
1112 2 2 16 11 1074 2119 4748
1113 2 2 16 11 1675 2693 3524
1114 2 2 16 11 1152 2039 2406
1115 2 2 16 11 813 4912 3836
1116 2 2 16 11 1189 2406 2039
1117 2 2 16 11 744 3402 2423
1118 2 2 16 11 1142 2874 4404
1119 2 2 16 11 1146 2975 4177
1120 2 2 16 11 1954 2689 4625
1121 2 2 16 11 752 3393 2256
1122 2 2 16 11 4957 1670 3452
1123 2 2 16 11 514 2057 515
1124 2 2 16 11 2970 1174 5269
1125 2 2 16 11 700 2863 4126
1126 2 2 16 11 1785 3669 1407
1127 2 2 16 11 192 193 2232
1128 2 2 16 11 854 4229 2259
1129 2 2 16 11 1028 2824 1804
1130 2 2 16 11 2205 5429 3083
1131 2 2 16 11 2093 3764 5436
1132 2 2 16 11 153 154 2046
1133 2 2 16 11 2180 5256 2897
1134 2 2 16 11 1143 2786 1810
1135 2 2 16 11 1903 4382 2842
1136 2 2 16 11 1053 1876 3929
1137 2 2 16 11 2008 2947 4801
1138 2 2 16 11 1436 2981 2798
1139 2 2 16 11 719 2610 3617
1140 2 2 16 11 1689 3935 5131
1141 2 2 16 11 754 5020 2199
1142 2 2 16 11 1489 4477 3110
1143 2 2 16 11 740 2746 1989
1144 2 2 16 11 178 179 2110
1145 2 2 16 11 1134 2948 1962
1146 2 2 16 11 2014 2662 5195
1147 2 2 16 11 557 2531 558
1148 2 2 16 11 862 1834 2703
1149 2 2 16 11 2018 3779 2921
1150 2 2 16 11 1521 2257 3071
1151 2 2 16 11 1762 3772 2868
1152 2 2 16 11 649 3308 4113
1153 2 2 16 11 762 2489 3337
1154 2 2 16 11 963 2538 1922
1155 2 2 16 11 1657 2161 2876
1156 2 2 16 11 1146 1989 2746
1157 2 2 16 11 1313 1797 4687
1158 2 2 16 11 1166 3977 2304
1159 2 2 16 11 160 161 2233
1160 2 2 16 11 2536 3414 3557
1161 2 2 16 11 1109 3805 2220
1162 2 2 16 11 1183 1802 3289
1163 2 2 16 11 758 1963 2798
1164 2 2 16 11 4938 2332 2864
1165 2 2 16 11 1129 4625 2689
1166 2 2 16 11 931 4008 2542
1167 2 2 16 11 1200 1805 2884
1168 2 2 16 11 860 3683 1827
1169 2 2 16 11 784 1849 2686
1170 2 2 16 11 1016 2919 2235
1171 2 2 16 11 1305 2235 2919
1172 2 2 16 11 743 2559 1913
1173 2 2 16 11 736 3913 2352
1174 2 2 16 11 1224 2038 2400
1175 2 2 16 11 1105 2658 3494
1176 2 2 16 11 1084 3346 1841
1177 2 2 16 11 5242 2952 716
1178 2 2 16 11 1803 2186 4898
1179 2 2 16 11 974 2012 3050
1180 2 2 16 11 1191 4396 1929
1181 2 2 16 11 1054 2455 3205
1182 2 2 16 11 1477 3205 2455
1183 2 2 16 11 2093 2403 5040
1184 2 2 16 11 1036 1963 3178
1185 2 2 16 11 778 2694 3234
1186 2 2 16 11 1069 1834 3311
1187 2 2 16 11 1183 3423 1802
1188 2 2 16 11 1726 2804 4551
1189 2 2 16 11 299 2049 5494
1190 2 2 16 11 1196 3027 1878
1191 2 2 16 11 1235 4902 1816
1192 2 2 16 11 2480 3803 2962
1193 2 2 16 11 1207 2669 1919
1194 2 2 16 11 1105 3925 2646
1195 2 2 16 11 646 2205 3083
1196 2 2 16 11 1316 2536 3557
1197 2 2 16 11 193 3334 2232
1198 2 2 16 11 891 3652 1869
1199 2 2 16 11 1065 5088 2028
1200 2 2 16 11 790 2317 3689
1201 2 2 16 11 2186 5130 4898
1202 2 2 16 11 1772 2633 3840
1203 2 2 16 11 1227 3157 2295
1204 2 2 16 11 97 3445 1910
1205 2 2 16 11 1427 1966 3035
1206 2 2 16 11 439 2600 2632
1207 2 2 16 11 2011 2970 5269
1208 2 2 16 11 1034 2416 2144
1209 2 2 16 11 1405 2144 2416
1210 2 2 16 11 1262 2020 2618
1211 2 2 16 11 2167 2820 5187
1212 2 2 16 11 1668 3827 2636
1213 2 2 16 11 1065 2711 2217
1214 2 2 16 11 1109 2775 1825
1215 2 2 16 11 1792 3863 3194
1216 2 2 16 11 219 4110 3208
1217 2 2 16 11 1014 3637 3584
1218 2 2 16 11 2425 2587 3880
1219 2 2 16 11 602 2588 2195
1220 2 2 16 11 608 3728 2099
1221 2 2 16 11 934 3756 2678
1222 2 2 16 11 1960 3245 4995
1223 2 2 16 11 12 13 2398
1224 2 2 16 11 1087 1816 2976
1225 2 2 16 11 1847 2726 4287
1226 2 2 16 11 1061 4619 4423
1227 2 2 16 11 1527 2390 2702
1228 2 2 16 11 1084 2702 2390
1229 2 2 16 11 2369 4957 3452
1230 2 2 16 11 359 360 2296
1231 2 2 16 11 1343 3345 1815
1232 2 2 16 11 925 1831 3130
1233 2 2 16 11 1096 2812 1820
1234 2 2 16 11 895 3047 1965
1235 2 2 16 11 579 3553 2070
1236 2 2 16 11 1200 4631 1805
1237 2 2 16 11 1180 1848 5276
1238 2 2 16 11 3938 330 1806
1239 2 2 16 11 365 4024 1808
1240 2 2 16 11 648 2954 3773
1241 2 2 16 11 1211 1953 2527
1242 2 2 16 11 1426 2310 2691
1243 2 2 16 11 1138 2784 3798
1244 2 2 16 11 1587 4386 2830
1245 2 2 16 11 1032 2159 4525
1246 2 2 16 11 736 2496 3913
1247 2 2 16 11 1894 4596 3698
1248 2 2 16 11 1143 1810 3722
1249 2 2 16 11 837 1995 3596
1250 2 2 16 11 1067 2492 2457
1251 2 2 16 11 330 3600 1806
1252 2 2 16 11 1096 1820 2829
1253 2 2 16 11 1057 3872 3457
1254 2 2 16 11 829 2868 3772
1255 2 2 16 11 1226 2457 2492
1256 2 2 16 11 233 234 2067
1257 2 2 16 11 1028 1804 3837
1258 2 2 16 11 965 2178 2913
1259 2 2 16 11 1362 3596 1995
1260 2 2 16 11 286 3828 2589
1261 2 2 16 11 1347 2395 2084
1262 2 2 16 11 1027 2361 2362
1263 2 2 16 11 1246 2362 2361
1264 2 2 16 11 651 1934 3257
1265 2 2 16 11 1827 4268 3263
1266 2 2 16 11 2954 4071 3773
1267 2 2 16 11 1185 1806 3276
1268 2 2 16 11 1234 4673 2101
1269 2 2 16 11 1401 2379 2111
1270 2 2 16 11 1563 2754 4255
1271 2 2 16 11 1002 2158 2794
1272 2 2 16 11 1570 2889 2252
1273 2 2 16 11 959 2787 4541
1274 2 2 16 11 740 1989 2718
1275 2 2 16 11 2095 2412 4194
1276 2 2 16 11 1112 3989 1908
1277 2 2 16 11 1964 4197 2321
1278 2 2 16 11 602 2224 2588
1279 2 2 16 11 57 58 2092
1280 2 2 16 11 1483 2471 3227
1281 2 2 16 11 783 3227 2471
1282 2 2 16 11 37 2733 2155
1283 2 2 16 11 2304 3977 2656
1284 2 2 16 11 72 3212 1951
1285 2 2 16 11 1033 2111 2379
1286 2 2 16 11 911 2126 3433
1287 2 2 16 11 1689 2916 3930
1288 2 2 16 11 900 4400 1991
1289 2 2 16 11 4596 1075 3698
1290 2 2 16 11 1109 1825 3873
1291 2 2 16 11 4749 2869 1179
1292 2 2 16 11 1059 1887 2666
1293 2 2 16 11 771 2906 2454
1294 2 2 16 11 924 2005 4130
1295 2 2 16 11 542 3932 3209
1296 2 2 16 11 2198 3239 5245
1297 2 2 16 11 1051 2537 2077
1298 2 2 16 11 2483 2526 4358
1299 2 2 16 11 1503 2225 2547
1300 2 2 16 11 2149 2675 5009
1301 2 2 16 11 1198 2007 3131
1302 2 2 16 11 1846 3457 3872
1303 2 2 16 11 1173 2790 2208
1304 2 2 16 11 1678 2421 3662
1305 2 2 16 11 631 3250 2587
1306 2 2 16 11 1542 2587 3250
1307 2 2 16 11 299 3344 2049
1308 2 2 16 11 4214 2653 606
1309 2 2 16 11 1969 2653 4214
1310 2 2 16 11 1438 3960 2911
1311 2 2 16 11 1088 1913 2610
1312 2 2 16 11 1363 2454 2906
1313 2 2 16 11 876 3693 1892
1314 2 2 16 11 611 3279 1811
1315 2 2 16 11 905 4287 2726
1316 2 2 16 11 1801 3741 4290
1317 2 2 16 11 5187 2820 1053
1318 2 2 16 11 1148 2449 2043
1319 2 2 16 11 1952 5039 2256
1320 2 2 16 11 963 2256 5039
1321 2 2 16 11 1518 3585 2539
1322 2 2 16 11 1153 2343 2421
1323 2 2 16 11 1510 2202 3550
1324 2 2 16 11 2022 2669 3458
1325 2 2 16 11 1028 2675 2149
1326 2 2 16 11 611 2421 2343
1327 2 2 16 11 1114 2099 3282
1328 2 2 16 11 1321 3282 2099
1329 2 2 16 11 1087 3008 1816
1330 2 2 16 11 1047 4038 2175
1331 2 2 16 11 654 3409 2601
1332 2 2 16 11 3815 987 4644
1333 2 2 16 11 1163 2370 2993
1334 2 2 16 11 838 2755 3935
1335 2 2 16 11 698 2412 2095
1336 2 2 16 11 538 2138 2730
1337 2 2 16 11 129 130 2088
1338 2 2 16 11 728 2993 1856
1339 2 2 16 11 1048 2470 2551
1340 2 2 16 11 1250 2551 2470
1341 2 2 16 11 2688 4033 4919
1342 2 2 16 11 1419 3175 2087
1343 2 2 16 11 633 3353 2457
1344 2 2 16 11 1238 4138 2016
1345 2 2 16 11 973 2399 3544
1346 2 2 16 11 1753 3022 3400
1347 2 2 16 11 879 1932 4745
1348 2 2 16 11 2742 4613 4110
1349 2 2 16 11 686 2118 5169
1350 2 2 16 11 2655 5487 3656
1351 2 2 16 11 5158 1843 5069
1352 2 2 16 11 2164 4361 3315
1353 2 2 16 11 1549 3544 2399
1354 2 2 16 11 735 3738 1902
1355 2 2 16 11 2142 5158 5069
1356 2 2 16 11 1579 2332 4938
1357 2 2 16 11 558 2531 2920
1358 2 2 16 11 1872 5169 2118
1359 2 2 16 11 897 1872 3818
1360 2 2 16 11 1068 3013 2337
1361 2 2 16 11 924 3268 2116
1362 2 2 16 11 1065 2159 5088
1363 2 2 16 11 1324 2116 3268
1364 2 2 16 11 1351 2337 3013
1365 2 2 16 11 1063 1907 2997
1366 2 2 16 11 600 1908 2660
1367 2 2 16 11 780 2042 2621
1368 2 2 16 11 1192 3039 2813
1369 2 2 16 11 1968 2324 5383
1370 2 2 16 11 1903 2830 4386
1371 2 2 16 11 1059 2719 1887
1372 2 2 16 11 849 3400 3022
1373 2 2 16 11 1531 2740 3313
1374 2 2 16 11 1924 2821 4187
1375 2 2 16 11 5009 2675 605
1376 2 2 16 11 6 2434 4963
1377 2 2 16 11 1235 1816 4977
1378 2 2 16 11 161 4328 2233
1379 2 2 16 11 630 3788 1844
1380 2 2 16 11 601 4962 4070
1381 2 2 16 11 1292 4499 2419
1382 2 2 16 11 728 1856 2796
1383 2 2 16 11 2148 2846 3629
1384 2 2 16 11 583 1921 2638
1385 2 2 16 11 1553 1991 4400
1386 2 2 16 11 867 1815 3465
1387 2 2 16 11 1014 2528 3637
1388 2 2 16 11 5401 2134 3472
1389 2 2 16 11 1266 2580 2665
1390 2 2 16 11 1292 3347 4499
1391 2 2 16 11 336 4195 1984
1392 2 2 16 11 5 4303 2284
1393 2 2 16 11 2159 2767 4525
1394 2 2 16 11 751 2142 5069
1395 2 2 16 11 2439 5008 4549
1396 2 2 16 11 4644 987 2396
1397 2 2 16 11 1889 4294 2561
1398 2 2 16 11 891 3725 2061
1399 2 2 16 11 1063 3657 1907
1400 2 2 16 11 2461 2922 3538
1401 2 2 16 11 2389 4537 3878
1402 2 2 16 11 900 1991 4305
1403 2 2 16 11 2708 3482 3890
1404 2 2 16 11 1972 3145 3812
1405 2 2 16 11 711 2923 3272
1406 2 2 16 11 865 2180 2897
1407 2 2 16 11 730 2765 1864
1408 2 2 16 11 1381 2708 3890
1409 2 2 16 11 837 3590 3608
1410 2 2 16 11 1357 2120 3603
1411 2 2 16 11 1324 3268 3519
1412 2 2 16 11 823 4438 2953
1413 2 2 16 11 2109 2869 4749
1414 2 2 16 11 1655 3645 2547
1415 2 2 16 11 587 2547 3645
1416 2 2 16 11 5 2284 2633
1417 2 2 16 11 801 1967 2756
1418 2 2 16 11 1052 3670 3390
1419 2 2 16 11 1124 2756 1967
1420 2 2 16 11 1162 3038 2335
1421 2 2 16 11 1612 2335 3038
1422 2 2 16 11 1227 2760 3157
1423 2 2 16 11 1045 3422 2044
1424 2 2 16 11 1476 3242 2895
1425 2 2 16 11 1280 3194 3863
1426 2 2 16 11 1358 1974 3649
1427 2 2 16 11 1109 2653 3805
1428 2 2 16 11 1420 2061 3725
1429 2 2 16 11 1908 5322 4192
1430 2 2 16 11 2191 3773 2609
1431 2 2 16 11 3140 5283 3536
1432 2 2 16 11 1014 2109 2432
1433 2 2 16 11 901 1983 4424
1434 2 2 16 11 1056 2250 4174
1435 2 2 16 11 1559 4424 1983
1436 2 2 16 11 1908 4192 2660
1437 2 2 16 11 1222 1882 2754
1438 2 2 16 11 1167 3112 2108
1439 2 2 16 11 1053 5410 4616
1440 2 2 16 11 414 2773 415
1441 2 2 16 11 817 3140 3536
1442 2 2 16 11 657 3543 4487
1443 2 2 16 11 1318 3228 2141
1444 2 2 16 11 929 4533 2054
1445 2 2 16 11 1170 2284 4805
1446 2 2 16 11 1734 2284 4303
1447 2 2 16 11 2293 2744 3717
1448 2 2 16 11 2162 4091 3053
1449 2 2 16 11 1905 4750 2984
1450 2 2 16 11 1074 3254 1881
1451 2 2 16 11 637 2141 3228
1452 2 2 16 11 988 4235 2053
1453 2 2 16 11 1531 3313 4359
1454 2 2 16 11 4356 1478 3241
1455 2 2 16 11 1700 3836 3188
1456 2 2 16 11 1041 2561 4294
1457 2 2 16 11 1145 4112 1841
1458 2 2 16 11 1829 2910 4515
1459 2 2 16 11 1060 2001 4219
1460 2 2 16 11 947 4706 2422
1461 2 2 16 11 2717 3999 4244
1462 2 2 16 11 2528 5481 3637
1463 2 2 16 11 261 3718 2105
1464 2 2 16 11 1061 2095 4619
1465 2 2 16 11 1051 2077 2560
1466 2 2 16 11 974 4925 2225
1467 2 2 16 11 289 290 2657
1468 2 2 16 11 928 2590 3708
1469 2 2 16 11 1949 2422 4706
1470 2 2 16 11 622 2879 2320
1471 2 2 16 11 1088 2415 2266
1472 2 2 16 11 567 2591 3853
1473 2 2 16 11 2102 2956 4087
1474 2 2 16 11 934 2678 4442
1475 2 2 16 11 55 56 2279
1476 2 2 16 11 1897 2431 5004
1477 2 2 16 11 2308 4335 4059
1478 2 2 16 11 1243 2579 1978
1479 2 2 16 11 1926 4423 4619
1480 2 2 16 11 1715 3208 4110
1481 2 2 16 11 1430 3689 4141
1482 2 2 16 11 1427 2780 2037
1483 2 2 16 11 1093 3376 1829
1484 2 2 16 11 684 1935 4155
1485 2 2 16 11 82 3835 1917
1486 2 2 16 11 1345 2320 2879
1487 2 2 16 11 610 2711 2239
1488 2 2 16 11 1059 2666 3744
1489 2 2 16 11 1145 1841 3020
1490 2 2 16 11 4087 2956 1145
1491 2 2 16 11 1968 4839 2324
1492 2 2 16 11 1444 2410 2153
1493 2 2 16 11 184 185 2172
1494 2 2 16 11 746 2342 2620
1495 2 2 16 11 862 3311 1834
1496 2 2 16 11 1216 2620 2342
1497 2 2 16 11 1150 3337 2844
1498 2 2 16 11 703 2349 2563
1499 2 2 16 11 794 4537 2389
1500 2 2 16 11 1074 1893 3254
1501 2 2 16 11 1329 4243 3341
1502 2 2 16 11 2199 3537 2748
1503 2 2 16 11 1045 4176 3750
1504 2 2 16 11 1180 5467 1848
1505 2 2 16 11 2280 5396 3906
1506 2 2 16 11 782 2101 2466
1507 2 2 16 11 1111 3999 2717
1508 2 2 16 11 589 4849 3595
1509 2 2 16 11 2041 2857 4503
1510 2 2 16 11 3873 756 2949
1511 2 2 16 11 2000 3873 2949
1512 2 2 16 11 75 76 2286
1513 2 2 16 11 2256 3393 4831
1514 2 2 16 11 1307 2167 3226
1515 2 2 16 11 3001 4738 3507
1516 2 2 16 11 989 1915 2714
1517 2 2 16 11 316 317 2871
1518 2 2 16 11 1882 4255 2754
1519 2 2 16 11 638 2663 3912
1520 2 2 16 11 943 2662 4091
1521 2 2 16 11 1253 2081 4681
1522 2 2 16 11 891 1869 3725
1523 2 2 16 11 1222 2811 1882
1524 2 2 16 11 1697 4681 2081
1525 2 2 16 11 1143 4105 1888
1526 2 2 16 11 896 4191 3972
1527 2 2 16 11 1581 2759 3573
1528 2 2 16 11 1000 2871 2097
1529 2 2 16 11 174 175 2302
1530 2 2 16 11 1068 4370 2285
1531 2 2 16 11 1103 3682 4686
1532 2 2 16 11 1421 3064 3087
1533 2 2 16 11 676 1855 4045
1534 2 2 16 11 1119 3733 2692
1535 2 2 16 11 97 1910 3528
1536 2 2 16 11 982 5004 2431
1537 2 2 16 11 666 2439 4549
1538 2 2 16 11 555 1866 3360
1539 2 2 16 11 1464 1887 3821
1540 2 2 16 11 570 2659 571
1541 2 2 16 11 957 2058 4275
1542 2 2 16 11 1139 3952 1853
1543 2 2 16 11 274 3331 1862
1544 2 2 16 11 1564 4275 2058
1545 2 2 16 11 1410 2126 3615
1546 2 2 16 11 911 3615 2126
1547 2 2 16 11 1694 5062 3621
1548 2 2 16 11 1681 3856 2690
1549 2 2 16 11 1329 1866 4432
1550 2 2 16 11 684 4146 1935
1551 2 2 16 11 413 3475 2486
1552 2 2 16 11 311 312 5023
1553 2 2 16 11 1311 2515 2514
1554 2 2 16 11 1114 2563 2023
1555 2 2 16 11 2957 1208 4263
1556 2 2 16 11 1049 2514 2515
1557 2 2 16 11 1804 4889 2170
1558 2 2 16 11 1287 1857 4589
1559 2 2 16 11 2373 2952 5242
1560 2 2 16 11 2207 4356 3241
1561 2 2 16 11 1061 2715 2095
1562 2 2 16 11 958 2170 4889
1563 2 2 16 11 1329 2517 4243
1564 2 2 16 11 1115 2649 2047
1565 2 2 16 11 5027 1237 3182
1566 2 2 16 11 837 3608 1995
1567 2 2 16 11 2101 4673 2466
1568 2 2 16 11 1480 2995 2426
1569 2 2 16 11 155 3786 2942
1570 2 2 16 11 683 3050 2012
1571 2 2 16 11 1783 3912 2663
1572 2 2 16 11 1376 3810 1964
1573 2 2 16 11 894 1964 3810
1574 2 2 16 11 3956 1887 1464
1575 2 2 16 11 4503 2857 694
1576 2 2 16 11 4263 1208 2667
1577 2 2 16 11 972 5014 1973
1578 2 2 16 11 34 2189 2966
1579 2 2 16 11 1014 3584 2109
1580 2 2 16 11 720 1941 3106
1581 2 2 16 11 2225 4925 2547
1582 2 2 16 11 1083 3229 2447
1583 2 2 16 11 1582 3268 2151
1584 2 2 16 11 1447 3234 2694
1585 2 2 16 11 1229 4301 3023
1586 2 2 16 11 229 230 2283
1587 2 2 16 11 1068 2337 4370
1588 2 2 16 11 1188 3106 1941
1589 2 2 16 11 667 2001 3703
1590 2 2 16 11 1362 3703 2001
1591 2 2 16 11 1005 2491 3222
1592 2 2 16 11 1396 3388 2525
1593 2 2 16 11 1098 4521 4613
1594 2 2 16 11 2084 3633 3664
1595 2 2 16 11 1640 2976 3065
1596 2 2 16 11 1465 3222 2491
1597 2 2 16 11 833 3065 2976
1598 2 2 16 11 447 4211 2029
1599 2 2 16 11 1489 3110 4189
1600 2 2 16 11 1634 4604 2034
1601 2 2 16 11 913 2034 4604
1602 2 2 16 11 1610 2054 4533
1603 2 2 16 11 1019 2591 2234
1604 2 2 16 11 745 1851 3605
1605 2 2 16 11 361 362 2634
1606 2 2 16 11 1507 3786 1890
1607 2 2 16 11 1323 3332 4203
1608 2 2 16 11 766 2990 2501
1609 2 2 16 11 1009 4543 2052
1610 2 2 16 11 815 2850 1891
1611 2 2 16 11 1093 2215 2402
1612 2 2 16 11 1164 2060 4375
1613 2 2 16 11 1387 2501 2990
1614 2 2 16 11 596 4108 2117
1615 2 2 16 11 2015 5027 3182
1616 2 2 16 11 1016 2235 2589
1617 2 2 16 11 1841 4112 2702
1618 2 2 16 11 2571 3726 3521
1619 2 2 16 11 671 4313 3567
1620 2 2 16 11 396 2484 4906
1621 2 2 16 11 695 1938 2753
1622 2 2 16 11 2414 4080 3193
1623 2 2 16 11 1498 2414 3193
1624 2 2 16 11 612 4725 1945
1625 2 2 16 11 1545 3055 2600
1626 2 2 16 11 1086 4154 1950
1627 2 2 16 11 1436 2798 2316
1628 2 2 16 11 1177 2600 3055
1629 2 2 16 11 1658 3291 2701
1630 2 2 16 11 652 2701 3291
1631 2 2 16 11 1038 2316 2798
1632 2 2 16 11 1060 1852 4863
1633 2 2 16 11 1591 3962 2634
1634 2 2 16 11 1483 3045 2171
1635 2 2 16 11 1085 2358 2677
1636 2 2 16 11 1538 2677 2358
1637 2 2 16 11 1069 2002 4118
1638 2 2 16 11 1347 2084 3470
1639 2 2 16 11 743 3470 2084
1640 2 2 16 11 1323 4203 2512
1641 2 2 16 11 1449 3033 2609
1642 2 2 16 11 1026 3950 3573
1643 2 2 16 11 747 2030 3435
1644 2 2 16 11 1262 3306 2065
1645 2 2 16 11 2108 3112 3288
1646 2 2 16 11 1247 2830 1903
1647 2 2 16 11 1190 2609 3033
1648 2 2 16 11 1088 3271 1913
1649 2 2 16 11 1314 3435 2030
1650 2 2 16 11 1521 3071 4160
1651 2 2 16 11 82 1917 3354
1652 2 2 16 11 525 2381 526
1653 2 2 16 11 1007 1999 2622
1654 2 2 16 11 4990 641 4217
1655 2 2 16 11 1486 2489 3392
1656 2 2 16 11 1125 2682 2073
1657 2 2 16 11 1948 5005 3454
1658 2 2 16 11 962 4660 2075
1659 2 2 16 11 700 2104 4880
1660 2 2 16 11 1018 5383 2324
1661 2 2 16 11 765 3563 2162
1662 2 2 16 11 1098 4613 2742
1663 2 2 16 11 1275 3525 1899
1664 2 2 16 11 274 1862 4516
1665 2 2 16 11 798 2073 2682
1666 2 2 16 11 741 3239 2198
1667 2 2 16 11 1401 2111 3850
1668 2 2 16 11 980 2288 2375
1669 2 2 16 11 1247 1903 2842
1670 2 2 16 11 675 2020 4178
1671 2 2 16 11 311 1937 3059
1672 2 2 16 11 976 4290 3741
1673 2 2 16 11 5141 2599 1097
1674 2 2 16 11 1062 4096 2233
1675 2 2 16 11 1669 3203 4487
1676 2 2 16 11 1852 3523 3899
1677 2 2 16 11 1056 4174 2834
1678 2 2 16 11 2224 2599 5141
1679 2 2 16 11 795 2702 4112
1680 2 2 16 11 897 3009 1872
1681 2 2 16 11 175 176 2648
1682 2 2 16 11 1266 2179 2580
1683 2 2 16 11 3883 1854 1274
1684 2 2 16 11 955 2604 2020
1685 2 2 16 11 290 4405 2657
1686 2 2 16 11 547 3826 2025
1687 2 2 16 11 479 2332 480
1688 2 2 16 11 664 2690 3856
1689 2 2 16 11 1971 5431 3344
1690 2 2 16 11 1854 3318 1274
1691 2 2 16 11 1755 3496 5149
1692 2 2 16 11 626 1939 2747
1693 2 2 16 11 1070 2000 2949
1694 2 2 16 11 1069 2635 2002
1695 2 2 16 11 1046 2439 2440
1696 2 2 16 11 1070 2639 2000
1697 2 2 16 11 1272 2440 2439
1698 2 2 16 11 1638 3263 4268
1699 2 2 16 11 1047 5271 4038
1700 2 2 16 11 1755 4698 3496
1701 2 2 16 11 1130 3076 2881
1702 2 2 16 11 711 5252 3458
1703 2 2 16 11 615 2131 5124
1704 2 2 16 11 1044 5141 2056
1705 2 2 16 11 338 339 5051
1706 2 2 16 11 963 1922 4322
1707 2 2 16 11 257 2794 2158
1708 2 2 16 11 713 2015 3182
1709 2 2 16 11 4725 2789 1127
1710 2 2 16 11 1436 2632 2981
1711 2 2 16 11 1338 4368 1881
1712 2 2 16 11 704 4281 1991
1713 2 2 16 11 1505 1991 4281
1714 2 2 16 11 912 3633 2084
1715 2 2 16 11 1047 2175 2465
1716 2 2 16 11 5315 1338 1881
1717 2 2 16 11 2229 2789 4725
1718 2 2 16 11 1177 2981 2632
1719 2 2 16 11 876 1890 3693
1720 2 2 16 11 1154 3243 3219
1721 2 2 16 11 248 249 2318
1722 2 2 16 11 3887 1277 1861
1723 2 2 16 11 861 1862 5191
1724 2 2 16 11 1119 3225 1982
1725 2 2 16 11 307 3345 2545
1726 2 2 16 11 861 5284 1862
1727 2 2 16 11 2776 4458 757
1728 2 2 16 11 1575 2881 3076
1729 2 2 16 11 1083 4699 3229
1730 2 2 16 11 784 2630 3479
1731 2 2 16 11 1406 2676 3140
1732 2 2 16 11 1614 3479 2630
1733 2 2 16 11 1861 1277 3325
1734 2 2 16 11 391 2326 392
1735 2 2 16 11 925 3130 1931
1736 2 2 16 11 1196 1878 3303
1737 2 2 16 11 1057 3457 1995
1738 2 2 16 11 737 2472 2330
1739 2 2 16 11 2014 3530 5354
1740 2 2 16 11 697 1966 4246
1741 2 2 16 11 1912 3503 2317
1742 2 2 16 11 525 4671 2381
1743 2 2 16 11 1450 2686 1997
1744 2 2 16 11 555 4432 1866
1745 2 2 16 11 915 1998 4165
1746 2 2 16 11 4458 2635 757
1747 2 2 16 11 545 1986 2731
1748 2 2 16 11 953 4185 2350
1749 2 2 16 11 1188 3356 3223
1750 2 2 16 11 1350 3726 2571
1751 2 2 16 11 629 3417 3982
1752 2 2 16 11 1272 3045 3227
1753 2 2 16 11 1028 2351 2675
1754 2 2 16 11 800 2539 3585
1755 2 2 16 11 933 5436 3764
1756 2 2 16 11 1823 3223 3356
1757 2 2 16 11 753 3684 1873
1758 2 2 16 11 1009 2119 4543
1759 2 2 16 11 1074 1881 3602
1760 2 2 16 11 1481 2133 4326
1761 2 2 16 11 1037 2544 3462
1762 2 2 16 11 1374 2590 2940
1763 2 2 16 11 2121 2953 4683
1764 2 2 16 11 1012 2356 2624
1765 2 2 16 11 662 1869 5037
1766 2 2 16 11 2525 3388 4544
1767 2 2 16 11 1742 3771 4384
1768 2 2 16 11 394 2062 3231
1769 2 2 16 11 2202 4333 3550
1770 2 2 16 11 700 4880 2160
1771 2 2 16 11 604 2266 2415
1772 2 2 16 11 1086 1950 2753
1773 2 2 16 11 707 2215 2507
1774 2 2 16 11 1172 3564 2176
1775 2 2 16 11 1175 3794 1984
1776 2 2 16 11 1329 5310 1866
1777 2 2 16 11 1567 3197 2378
1778 2 2 16 11 1534 4065 1938
1779 2 2 16 11 571 2659 4399
1780 2 2 16 11 2021 2813 5482
1781 2 2 16 11 1463 3001 3507
1782 2 2 16 11 610 3896 3571
1783 2 2 16 11 1690 3979 2920
1784 2 2 16 11 1231 4658 4258
1785 2 2 16 11 2126 4732 3433
1786 2 2 16 11 1059 4686 1988
1787 2 2 16 11 1012 2763 2356
1788 2 2 16 11 730 1864 3436
1789 2 2 16 11 1871 3421 3824
1790 2 2 16 11 607 2722 2581
1791 2 2 16 11 1365 2467 2718
1792 2 2 16 11 1115 1955 3151
1793 2 2 16 11 2107 3170 3838
1794 2 2 16 11 199 2499 3421
1795 2 2 16 11 1548 3462 2544
1796 2 2 16 11 1991 3766 3160
1797 2 2 16 11 23 2212 4023
1798 2 2 16 11 1977 3065 4513
1799 2 2 16 11 1988 4686 3682
1800 2 2 16 11 1174 2665 2580
1801 2 2 16 11 4542 812 2864
1802 2 2 16 11 207 5306 2679
1803 2 2 16 11 1303 2078 2578
1804 2 2 16 11 676 3516 3283
1805 2 2 16 11 1112 1908 3444
1806 2 2 16 11 928 4292 2590
1807 2 2 16 11 1227 2012 3177
1808 2 2 16 11 974 3177 2012
1809 2 2 16 11 2353 2856 4937
1810 2 2 16 11 4937 2856 1100
1811 2 2 16 11 445 2246 4211
1812 2 2 16 11 592 1952 3695
1813 2 2 16 11 1101 5144 4811
1814 2 2 16 11 321 3240 3335
1815 2 2 16 11 1108 2776 3832
1816 2 2 16 11 1832 3832 2776
1817 2 2 16 11 1770 4805 2284
1818 2 2 16 11 1003 2730 5461
1819 2 2 16 11 1706 4575 2568
1820 2 2 16 11 2697 5400 4793
1821 2 2 16 11 1182 3056 3158
1822 2 2 16 11 1059 1988 2719
1823 2 2 16 11 1346 3419 2584
1824 2 2 16 11 631 2672 2026
1825 2 2 16 11 1095 2026 2672
1826 2 2 16 11 1222 3291 4302
1827 2 2 16 11 702 4042 2040
1828 2 2 16 11 413 2486 414
1829 2 2 16 11 740 2718 2467
1830 2 2 16 11 1518 2539 2443
1831 2 2 16 11 1771 4084 2710
1832 2 2 16 11 2410 4990 4217
1833 2 2 16 11 1411 3150 3101
1834 2 2 16 11 1258 2779 1980
1835 2 2 16 11 672 3549 5044
1836 2 2 16 11 594 2378 2647
1837 2 2 16 11 1437 2421 4773
1838 2 2 16 11 755 2023 2670
1839 2 2 16 11 2142 1106 5158
1840 2 2 16 11 1659 2350 4185
1841 2 2 16 11 55 2279 4306
1842 2 2 16 11 2030 4181 3135
1843 2 2 16 11 1470 2581 2722
1844 2 2 16 11 981 2308 4059
1845 2 2 16 11 1353 3824 3421
1846 2 2 16 11 1050 2982 3668
1847 2 2 16 11 1158 1912 2933
1848 2 2 16 11 76 3710 2286
1849 2 2 16 11 395 2484 396
1850 2 2 16 11 1419 2487 3175
1851 2 2 16 11 986 3175 2487
1852 2 2 16 11 2136 4542 2864
1853 2 2 16 11 4683 2953 1603
1854 2 2 16 11 1391 1943 2818
1855 2 2 16 11 617 2869 2109
1856 2 2 16 11 191 192 2596
1857 2 2 16 11 1405 2138 3881
1858 2 2 16 11 890 3899 3523
1859 2 2 16 11 917 2697 4793
1860 2 2 16 11 72 1951 3870
1861 2 2 16 11 925 1931 2865
1862 2 2 16 11 1437 5201 2242
1863 2 2 16 11 1736 3209 3932
1864 2 2 16 11 1874 3904 4312
1865 2 2 16 11 1218 4352 2132
1866 2 2 16 11 774 2940 2590
1867 2 2 16 11 1472 3641 2263
1868 2 2 16 11 2374 4320 4537
1869 2 2 16 11 674 2263 3641
1870 2 2 16 11 791 3061 1975
1871 2 2 16 11 850 4033 2688
1872 2 2 16 11 1505 4305 1991
1873 2 2 16 11 1369 2369 3452
1874 2 2 16 11 1613 2134 5401
1875 2 2 16 11 938 3302 2135
1876 2 2 16 11 1175 2493 2437
1877 2 2 16 11 1972 4186 2817
1878 2 2 16 11 2162 3563 5453
1879 2 2 16 11 1874 4613 4521
1880 2 2 16 11 715 2437 2493
1881 2 2 16 11 1725 3390 3670
1882 2 2 16 11 1998 5442 2430
1883 2 2 16 11 1062 2401 4096
1884 2 2 16 11 879 3824 1932
1885 2 2 16 11 1266 2665 2394
1886 2 2 16 11 910 2394 2665
1887 2 2 16 11 1485 3443 2819
1888 2 2 16 11 5396 1106 2142
1889 2 2 16 11 568 3853 1947
1890 2 2 16 11 1947 4663 3581
1891 2 2 16 11 285 286 2589
1892 2 2 16 11 900 2006 4400
1893 2 2 16 11 974 3050 2323
1894 2 2 16 11 876 1892 3168
1895 2 2 16 11 1042 4440 2033
1896 2 2 16 11 3034 4511 3994
1897 2 2 16 11 4663 1135 3581
1898 2 2 16 11 174 2302 4417
1899 2 2 16 11 1315 1996 4708
1900 2 2 16 11 1251 2417 4910
1901 2 2 16 11 1501 3272 2640
1902 2 2 16 11 1353 1932 3824
1903 2 2 16 11 588 3338 3535
1904 2 2 16 11 1210 3187 2063
1905 2 2 16 11 2319 2996 5080
1906 2 2 16 11 827 4066 5019
1907 2 2 16 11 1821 3430 3144
1908 2 2 16 11 721 2801 1957
1909 2 2 16 11 999 2733 4433
1910 2 2 16 11 1001 1987 4127
1911 2 2 16 11 1533 3086 2091
1912 2 2 16 11 1698 4867 2450
1913 2 2 16 11 1287 3144 3430
1914 2 2 16 11 990 2112 4714
1915 2 2 16 11 896 1979 3797
1916 2 2 16 11 1015 4534 2691
1917 2 2 16 11 841 3121 3477
1918 2 2 16 11 5051 339 2576
1919 2 2 16 11 3105 5498 4203
1920 2 2 16 11 670 2912 4121
1921 2 2 16 11 1077 4089 2814
1922 2 2 16 11 1790 3911 3466
1923 2 2 16 11 187 188 2704
1924 2 2 16 11 1248 2168 2557
1925 2 2 16 11 298 299 5494
1926 2 2 16 11 606 3974 2639
1927 2 2 16 11 1133 2346 2556
1928 2 2 16 11 426 2367 427
1929 2 2 16 11 1169 2821 4002
1930 2 2 16 11 1924 4002 2821
1931 2 2 16 11 815 1891 4505
1932 2 2 16 11 606 2653 3974
1933 2 2 16 11 1163 2556 2346
1934 2 2 16 11 747 2685 2030
1935 2 2 16 11 2008 3414 5492
1936 2 2 16 11 180 181 2337
1937 2 2 16 11 510 2248 511
1938 2 2 16 11 2100 3403 4988
1939 2 2 16 11 1132 4661 3579
1940 2 2 16 11 2115 3073 4029
1941 2 2 16 11 1060 3015 2001
1942 2 2 16 11 1044 2588 2224
1943 2 2 16 11 1936 3579 4661
1944 2 2 16 11 985 2169 4262
1945 2 2 16 11 1321 2435 2508
1946 2 2 16 11 645 4152 1997
1947 2 2 16 11 1248 2101 3119
1948 2 2 16 11 1087 2230 4597
1949 2 2 16 11 2242 5201 2825
1950 2 2 16 11 852 3295 3775
1951 2 2 16 11 782 3119 2101
1952 2 2 16 11 645 1964 4152
1953 2 2 16 11 1450 1997 4152
1954 2 2 16 11 805 2303 3274
1955 2 2 16 11 2008 4801 3414
1956 2 2 16 11 1726 4357 2804
1957 2 2 16 11 1578 2060 4504
1958 2 2 16 11 692 4504 2060
1959 2 2 16 11 5226 2385 2921
1960 2 2 16 11 1070 2251 2703
1961 2 2 16 11 1252 5042 2005
1962 2 2 16 11 2417 2597 4910
1963 2 2 16 11 1172 3080 2687
1964 2 2 16 11 1084 2390 3173
1965 2 2 16 11 609 1924 3351
1966 2 2 16 11 1851 3597 4982
1967 2 2 16 11 962 4975 4660
1968 2 2 16 11 1405 3881 2144
1969 2 2 16 11 842 3034 3994
1970 2 2 16 11 2240 5452 4714
1971 2 2 16 11 1899 4435 3415
1972 2 2 16 11 915 2827 2083
1973 2 2 16 11 1671 3486 2832
1974 2 2 16 11 2098 4987 3408
1975 2 2 16 11 1683 3570 2823
1976 2 2 16 11 244 245 2385
1977 2 2 16 11 1153 2083 2827
1978 2 2 16 11 1609 2127 3138
1979 2 2 16 11 1293 3521 2174
1980 2 2 16 11 1780 3477 3121
1981 2 2 16 11 1884 2814 4089
1982 2 2 16 11 1171 2640 3272
1983 2 2 16 11 1108 1969 4214
1984 2 2 16 11 1456 2196 2813
1985 2 2 16 11 3158 3926 4892
1986 2 2 16 11 1436 2316 3820
1987 2 2 16 11 1092 2149 5009
1988 2 2 16 11 1920 3635 3624
1989 2 2 16 11 1454 2601 3409
1990 2 2 16 11 1399 3200 2774
1991 2 2 16 11 1684 2752 3359
1992 2 2 16 11 1724 2980 3709
1993 2 2 16 11 1971 3344 5031
1994 2 2 16 11 671 3567 5489
1995 2 2 16 11 2017 3299 4779
1996 2 2 16 11 1570 2252 4354
1997 2 2 16 11 1062 4664 2478
1998 2 2 16 11 201 4652 2182
1999 2 2 16 11 905 2726 4402
2000 2 2 16 11 888 3991 1993
2001 2 2 16 11 2099 3728 4979
2002 2 2 16 11 1034 2144 2904
2003 2 2 16 11 655 3359 2752
2004 2 2 16 11 718 3132 2013
2005 2 2 16 11 828 3028 3507
2006 2 2 16 11 1194 1897 3655
2007 2 2 16 11 149 150 2197
2008 2 2 16 11 1267 1959 3474
2009 2 2 16 11 1194 4019 1897
2010 2 2 16 11 1235 3168 2593
2011 2 2 16 11 1404 1993 3991
2012 2 2 16 11 694 2815 1970
2013 2 2 16 11 1139 1935 4146
2014 2 2 16 11 718 2013 4955
2015 2 2 16 11 1093 2507 2215
2016 2 2 16 11 1091 1979 3606
2017 2 2 16 11 1569 2687 3080
2018 2 2 16 11 632 2641 2768
2019 2 2 16 11 602 2599 2224
2020 2 2 16 11 1354 2768 2641
2021 2 2 16 11 344 343 4
2022 2 2 16 11 1888 3622 215
2023 2 2 16 11 722 1972 2817
2024 2 2 16 11 5396 1066 3906
2025 2 2 16 11 1033 2826 2111
2026 2 2 16 11 2320 4885 3588
2027 2 2 16 11 4317 1888 215
2028 2 2 16 11 631 2026 3250
2029 2 2 16 11 410 2031 4837
2030 2 2 16 11 1241 3250 2026
2031 2 2 16 11 2156 5013 4165
2032 2 2 16 11 1291 3185 4490
2033 2 2 16 11 1466 3774 2194
2034 2 2 16 11 938 2194 3774
2035 2 2 16 11 995 3392 2489
2036 2 2 16 11 817 2369 3233
2037 2 2 16 11 1369 3233 2369
2038 2 2 16 11 1286 3624 3635
2039 2 2 16 11 1093 2239 4586
2040 2 2 16 11 1486 2844 3337
2041 2 2 16 11 1071 4931 2258
2042 2 2 16 11 531 2358 532
2043 2 2 16 11 833 4513 3065
2044 2 2 16 11 1610 4623 2054
2045 2 2 16 11 287 1936 3828
2046 2 2 16 11 1079 2710 4084
2047 2 2 16 11 374 375 2206
2048 2 2 16 11 1139 5291 4041
2049 2 2 16 11 2017 4402 2726
2050 2 2 16 11 1130 3095 1950
2051 2 2 16 11 2478 4664 5115
2052 2 2 16 11 2138 5461 2730
2053 2 2 16 11 359 2296 3630
2054 2 2 16 11 1515 1947 3853
2055 2 2 16 11 1017 5072 2029
2056 2 2 16 11 1273 4988 3403
2057 2 2 16 11 1657 2876 4538
2058 2 2 16 11 1202 2125 2865
2059 2 2 16 11 560 2214 4325
2060 2 2 16 11 925 2865 2125
2061 2 2 16 11 3792 1185 3276
2062 2 2 16 11 1363 3736 2143
2063 2 2 16 11 84 85 2247
2064 2 2 16 11 1168 2984 4750
2065 2 2 16 11 1583 3158 3056
2066 2 2 16 11 1514 3828 1936
2067 2 2 16 11 819 4532 3456
2068 2 2 16 11 2878 3905 4665
2069 2 2 16 11 989 3134 1915
2070 2 2 16 11 1321 2937 2435
2071 2 2 16 11 760 2435 2937
2072 2 2 16 11 566 2591 567
2073 2 2 16 11 1068 4013 2172
2074 2 2 16 11 1268 2049 3344
2075 2 2 16 11 1634 2034 4517
2076 2 2 16 11 1660 3614 2359
2077 2 2 16 11 1144 2973 1961
2078 2 2 16 11 901 4424 2025
2079 2 2 16 11 948 3601 2700
2080 2 2 16 11 936 2359 3614
2081 2 2 16 11 1682 2700 3601
2082 2 2 16 11 1044 2224 5141
2083 2 2 16 11 1119 5175 2068
2084 2 2 16 11 1314 3135 2271
2085 2 2 16 11 1794 4541 2787
2086 2 2 16 11 687 2129 4992
2087 2 2 16 11 886 2932 1945
2088 2 2 16 11 609 2271 3135
2089 2 2 16 11 1671 2385 5226
2090 2 2 16 11 1973 5014 3128
2091 2 2 16 11 1628 4919 4033
2092 2 2 16 11 464 3789 2090
2093 2 2 16 11 1800 3972 4191
2094 2 2 16 11 694 1970 3832
2095 2 2 16 11 378 379 2455
2096 2 2 16 11 1824 2877 3750
2097 2 2 16 11 2003 3792 3276
2098 2 2 16 11 945 3750 2877
2099 2 2 16 11 642 2281 4384
2100 2 2 16 11 529 2365 530
2101 2 2 16 11 2258 4931 3923
2102 2 2 16 11 1181 3059 1937
2103 2 2 16 11 1422 3691 2398
2104 2 2 16 11 179 3562 2110
2105 2 2 16 11 2053 4235 4841
2106 2 2 16 11 665 4435 2335
2107 2 2 16 11 1275 3408 4987
2108 2 2 16 11 947 3866 2148
2109 2 2 16 11 1985 3715 2605
2110 2 2 16 11 1421 2371 4286
2111 2 2 16 11 1089 3466 2380
2112 2 2 16 11 871 1941 3635
2113 2 2 16 11 1541 2549 2233
2114 2 2 16 11 199 200 2499
2115 2 2 16 11 4430 1469 2738
2116 2 2 16 11 2965 5415 3883
2117 2 2 16 11 601 1911 3216
2118 2 2 16 11 600 3444 1908
2119 2 2 16 11 2042 4811 5144
2120 2 2 16 11 3998 1469 4430
2121 2 2 16 11 827 2823 3570
2122 2 2 16 11 1108 4214 2002
2123 2 2 16 11 2370 4218 2993
2124 2 2 16 11 702 4905 4042
2125 2 2 16 11 1164 1927 3970
2126 2 2 16 11 1191 1929 3777
2127 2 2 16 11 460 2260 461
2128 2 2 16 11 2009 4258 4658
2129 2 2 16 11 947 3183 2245
2130 2 2 16 11 1106 5396 2280
2131 2 2 16 11 408 3599 1929
2132 2 2 16 11 1065 2028 4586
2133 2 2 16 11 693 2048 3370
2134 2 2 16 11 1008 4320 2374
2135 2 2 16 11 2178 5007 2913
2136 2 2 16 11 1205 3685 2229
2137 2 2 16 11 811 4302 2895
2138 2 2 16 11 609 4002 1924
2139 2 2 16 11 929 2054 4233
2140 2 2 16 11 4705 1910 1291
2141 2 2 16 11 743 1913 3271
2142 2 2 16 11 1044 2056 4893
2143 2 2 16 11 1137 5397 2089
2144 2 2 16 11 5080 2996 727
2145 2 2 16 11 1035 3617 1913
2146 2 2 16 11 535 2904 2144
2147 2 2 16 11 480 2332 4463
2148 2 2 16 11 2584 3419 4774
2149 2 2 16 11 894 4483 1964
2150 2 2 16 11 1114 2023 2792
2151 2 2 16 11 755 2792 2023
2152 2 2 16 11 1040 2596 2232
2153 2 2 16 11 1962 2948 3513
2154 2 2 16 11 869 2122 5435
2155 2 2 16 11 1434 2728 3614
2156 2 2 16 11 230 4078 2283
2157 2 2 16 11 572 2855 3542
2158 2 2 16 11 931 2542 3729
2159 2 2 16 11 306 307 2545
2160 2 2 16 11 1047 4076 2471
2161 2 2 16 11 1533 3206 3434
2162 2 2 16 11 680 4422 2608
2163 2 2 16 11 1910 3445 1291
2164 2 2 16 11 790 5272 1912
2165 2 2 16 11 342 343 3533
2166 2 2 16 11 1384 2810 4454
2167 2 2 16 11 2969 3887 5426
2168 2 2 16 11 705 2915 1992
2169 2 2 16 11 1101 2250 5144
2170 2 2 16 11 779 2965 3883
2171 2 2 16 11 1053 2820 5410
2172 2 2 16 11 918 2696 4518
2173 2 2 16 11 807 3138 3696
2174 2 2 16 11 1056 2295 3075
2175 2 2 16 11 125 126 2290
2176 2 2 16 11 1007 2622 2354
2177 2 2 16 11 1395 3024 2678
2178 2 2 16 11 342 3533 4560
2179 2 2 16 11 1156 1982 3084
2180 2 2 16 11 1873 4950 3769
2181 2 2 16 11 408 1929 4396
2182 2 2 16 11 1256 2354 2622
2183 2 2 16 11 5452 990 4714
2184 2 2 16 11 4165 5013 915
2185 2 2 16 11 619 3511 2354
2186 2 2 16 11 1384 4454 3674
2187 2 2 16 11 266 2006 3776
2188 2 2 16 11 921 4406 2624
2189 2 2 16 11 1092 5009 2240
2190 2 2 16 11 1712 3668 2982
2191 2 2 16 11 667 4219 2001
2192 2 2 16 11 277 278 2916
2193 2 2 16 11 679 1942 3809
2194 2 2 16 11 1023 2966 2189
2195 2 2 16 11 1325 2044 3552
2196 2 2 16 11 772 3552 2044
2197 2 2 16 11 1824 3750 4176
2198 2 2 16 11 681 4381 2050
2199 2 2 16 11 1911 2624 4406
2200 2 2 16 11 572 3542 573
2201 2 2 16 11 1821 4121 2912
2202 2 2 16 11 739 2396 3376
2203 2 2 16 11 1109 3873 2000
2204 2 2 16 11 966 3877 2388
2205 2 2 16 11 1878 4139 3303
2206 2 2 16 11 935 4750 4638
2207 2 2 16 11 781 3887 2969
2208 2 2 16 11 1718 4868 2135
2209 2 2 16 11 1113 2407 3565
2210 2 2 16 11 938 2135 4868
2211 2 2 16 11 704 2580 2179
2212 2 2 16 11 1839 3270 3531
2213 2 2 16 11 759 1954 4606
2214 2 2 16 11 2167 5438 3226
2215 2 2 16 11 1062 2233 2549
2216 2 2 16 11 5349 2426 3162
2217 2 2 16 11 1907 3657 3262
2218 2 2 16 11 1080 2302 2648
2219 2 2 16 11 1908 3989 5322
2220 2 2 16 11 1370 3518 4637
2221 2 2 16 11 1117 4061 1981
2222 2 2 16 11 1157 3018 1955
2223 2 2 16 11 739 3376 2402
2224 2 2 16 11 1089 2307 4318
2225 2 2 16 11 583 3763 1921
2226 2 2 16 11 622 2320 3588
2227 2 2 16 11 2024 4518 2696
2228 2 2 16 11 1417 4039 1924
2229 2 2 16 11 291 3530 2848
2230 2 2 16 11 938 2236 3302
2231 2 2 16 11 1704 3464 3505
2232 2 2 16 11 379 3931 2455
2233 2 2 16 11 4939 714 2872
2234 2 2 16 11 1094 2215 2847
2235 2 2 16 11 1091 3606 4188
2236 2 2 16 11 596 2117 3651
2237 2 2 16 11 892 2035 3975
2238 2 2 16 11 871 3356 1941
2239 2 2 16 11 112 3261 2064
2240 2 2 16 11 1217 2832 3486
2241 2 2 16 11 1178 2192 2805
2242 2 2 16 11 1370 4637 2627
2243 2 2 16 11 1427 2037 4016
2244 2 2 16 11 902 3262 3657
2245 2 2 16 11 791 3573 2759
2246 2 2 16 11 1578 4576 2060
2247 2 2 16 11 709 2805 2192
2248 2 2 16 11 970 3662 2242
2249 2 2 16 11 1822 4245 4143
2250 2 2 16 11 1227 2834 2012
2251 2 2 16 11 1657 4126 2863
2252 2 2 16 11 700 4953 2863
2253 2 2 16 11 1437 2242 3662
2254 2 2 16 11 1858 2608 4422
2255 2 2 16 11 1336 2886 2961
2256 2 2 16 11 708 3418 1962
2257 2 2 16 11 1948 3454 2697
2258 2 2 16 11 2276 4939 2872
2259 2 2 16 11 789 2655 3656
2260 2 2 16 11 1247 4339 3359
2261 2 2 16 11 924 3378 2005
2262 2 2 16 11 869 3466 3911
2263 2 2 16 11 2035 4377 3975
2264 2 2 16 11 1386 4003 1972
2265 2 2 16 11 969 1972 4003
2266 2 2 16 11 2728 5320 3614
2267 2 2 16 11 895 1965 3990
2268 2 2 16 11 1252 2005 3378
2269 2 2 16 11 1227 2295 2834
2270 2 2 16 11 1056 2834 2295
2271 2 2 16 11 585 2430 5442
2272 2 2 16 11 1143 4317 2786
2273 2 2 16 11 1460 2025 3826
2274 2 2 16 11 50 51 2446
2275 2 2 16 11 2007 2679 5306
2276 2 2 16 11 1124 1967 2952
2277 2 2 16 11 60 5047 2543
2278 2 2 16 11 1292 3531 3270
2279 2 2 16 11 678 5295 4114
2280 2 2 16 11 1562 2666 4421
2281 2 2 16 11 2378 3197 4000
2282 2 2 16 11 865 4611 2074
2283 2 2 16 11 773 4053 2085
2284 2 2 16 11 249 4264 2318
2285 2 2 16 11 2055 4286 3095
2286 2 2 16 11 1462 2085 4053
2287 2 2 16 11 1403 5453 3563
2288 2 2 16 11 291 292 3530
2289 2 2 16 11 1173 4007 4486
2290 2 2 16 11 728 2445 2556
2291 2 2 16 11 1226 2540 2457
2292 2 2 16 11 800 3585 2393
2293 2 2 16 11 1485 2393 3585
2294 2 2 16 11 1433 2474 3336
2295 2 2 16 11 760 3336 2474
2296 2 2 16 11 1117 1981 3972
2297 2 2 16 11 633 2457 2540
2298 2 2 16 11 1191 2061 4875
2299 2 2 16 11 1770 4062 3918
2300 2 2 16 11 687 4992 2148
2301 2 2 16 11 279 4298 2210
2302 2 2 16 11 1974 3694 3313
2303 2 2 16 11 1745 3775 3295
2304 2 2 16 11 1503 2547 3916
2305 2 2 16 11 1125 2062 3260
2306 2 2 16 11 1967 3977 1166
2307 2 2 16 11 1336 2255 2886
2308 2 2 16 11 1092 4767 2149
2309 2 2 16 11 1974 3313 5007
2310 2 2 16 11 1743 2148 4992
2311 2 2 16 11 2017 3455 4402
2312 2 2 16 11 4298 281 3031
2313 2 2 16 11 612 1945 3450
2314 2 2 16 11 1254 3709 2980
2315 2 2 16 11 1287 2232 3334
2316 2 2 16 11 1849 3479 5227
2317 2 2 16 11 705 1992 3156
2318 2 2 16 11 692 4779 3299
2319 2 2 16 11 391 4256 2326
2320 2 2 16 11 1183 3156 1992
2321 2 2 16 11 4923 649 4113
2322 2 2 16 11 28 4079 3191
2323 2 2 16 11 4937 2417 4114
2324 2 2 16 11 250 251 2390
2325 2 2 16 11 445 4211 446
2326 2 2 16 11 439 2632 440
2327 2 2 16 11 636 2808 2748
2328 2 2 16 11 280 281 4298
2329 2 2 16 11 1405 5461 2138
2330 2 2 16 11 1130 1950 3076
2331 2 2 16 11 4704 1967 1166
2332 2 2 16 11 343 344 3533
2333 2 2 16 11 2471 4076 4223
2334 2 2 16 11 447 2029 3164
2335 2 2 16 11 1098 2185 4521
2336 2 2 16 11 2113 4616 5410
2337 2 2 16 11 3095 4286 695
2338 2 2 16 11 1383 2748 2808
2339 2 2 16 11 1002 2794 4241
2340 2 2 16 11 1082 4165 1998
2341 2 2 16 11 1693 4412 4797
2342 2 2 16 11 1238 5121 2064
2343 2 2 16 11 698 2095 2715
2344 2 2 16 11 885 3105 4203
2345 2 2 16 11 2177 4072 2437
2346 2 2 16 11 1550 2388 3877
2347 2 2 16 11 578 3553 579
2348 2 2 16 11 1100 2417 4937
2349 2 2 16 11 1276 2620 2238
2350 2 2 16 11 1556 2516 2473
2351 2 2 16 11 2005 2704 4130
2352 2 2 16 11 823 3928 2087
2353 2 2 16 11 1278 2195 2588
2354 2 2 16 11 1130 2051 4527
2355 2 2 16 11 1419 2087 3928
2356 2 2 16 11 1085 3109 2358
2357 2 2 16 11 1130 4527 2055
2358 2 2 16 11 2312 5378 3529
2359 2 2 16 11 904 3303 4139
2360 2 2 16 11 905 2086 4140
2361 2 2 16 11 710 3051 1956
2362 2 2 16 11 1032 5088 2159
2363 2 2 16 11 1261 3509 1946
2364 2 2 16 11 1191 3030 4396
2365 2 2 16 11 1155 3995 3678
2366 2 2 16 11 2426 2995 3800
2367 2 2 16 11 1181 1937 3735
2368 2 2 16 11 1264 3400 2459
2369 2 2 16 11 1837 2691 4534
2370 2 2 16 11 1391 4299 1943
2371 2 2 16 11 1683 2335 4435
2372 2 2 16 11 688 4540 3745
2373 2 2 16 11 1427 3936 1966
2374 2 2 16 11 172 2418 2721
2375 2 2 16 11 1630 4265 4607
2376 2 2 16 11 680 2797 3808
2377 2 2 16 11 1093 4515 2239
2378 2 2 16 11 1785 3808 2797
2379 2 2 16 11 1068 2285 4013
2380 2 2 16 11 3349 4661 803
2381 2 2 16 11 935 2262 4750
2382 2 2 16 11 1358 2230 2628
2383 2 2 16 11 1300 2751 2272
2384 2 2 16 11 1370 3035 1966
2385 2 2 16 11 1279 2249 2625
2386 2 2 16 11 288 3579 1936
2387 2 2 16 11 2181 5322 3989
2388 2 2 16 11 2196 4113 4274
2389 2 2 16 11 1529 4402 3455
2390 2 2 16 11 1891 4450 4345
2391 2 2 16 11 651 3969 1934
2392 2 2 16 11 1087 4597 5154
2393 2 2 16 11 646 2509 3133
2394 2 2 16 11 1378 3133 2509
2395 2 2 16 11 1103 2456 3682
2396 2 2 16 11 1209 2174 4770
2397 2 2 16 11 1451 2117 4108
2398 2 2 16 11 1821 4350 4121
2399 2 2 16 11 1093 4586 2507
2400 2 2 16 11 972 2301 5014
2401 2 2 16 11 1730 4087 3020
2402 2 2 16 11 940 3847 2790
2403 2 2 16 11 778 2678 3024
2404 2 2 16 11 3202 3814 4536
2405 2 2 16 11 1479 3814 3202
2406 2 2 16 11 436 2705 2816
2407 2 2 16 11 323 3108 2019
2408 2 2 16 11 1514 1936 3349
2409 2 2 16 11 2027 4609 4595
2410 2 2 16 11 1109 2220 2775
2411 2 2 16 11 59 60 2543
2412 2 2 16 11 754 2766 2459
2413 2 2 16 11 1263 3210 2137
2414 2 2 16 11 723 2137 3210
2415 2 2 16 11 1328 4051 1946
2416 2 2 16 11 612 2278 2831
2417 2 2 16 11 1080 2598 2302
2418 2 2 16 11 2158 5305 3850
2419 2 2 16 11 4583 1215 3288
2420 2 2 16 11 1571 2302 2598
2421 2 2 16 11 1799 2790 3847
2422 2 2 16 11 781 3807 2661
2423 2 2 16 11 935 2669 4642
2424 2 2 16 11 1238 3261 4138
2425 2 2 16 11 1132 2651 2603
2426 2 2 16 11 1274 2603 2651
2427 2 2 16 11 763 1960 5303
2428 2 2 16 11 2120 5348 3603
2429 2 2 16 11 1793 3727 5168
2430 2 2 16 11 1264 2459 2766
2431 2 2 16 11 1188 1941 3356
2432 2 2 16 11 1016 2516 2919
2433 2 2 16 11 1466 3776 2006
2434 2 2 16 11 1059 2165 4686
2435 2 2 16 11 475 2452 476
2436 2 2 16 11 1941 3780 3635
2437 2 2 16 11 803 3720 2473
2438 2 2 16 11 1556 2473 3720
2439 2 2 16 11 1943 377 3849
2440 2 2 16 11 1214 2831 2278
2441 2 2 16 11 1468 2734 3058
2442 2 2 16 11 1203 3058 2734
2443 2 2 16 11 720 3780 1941
2444 2 2 16 11 3357 804 4663
2445 2 2 16 11 689 4077 2781
2446 2 2 16 11 309 310 2464
2447 2 2 16 11 1277 2661 2606
2448 2 2 16 11 686 5081 2118
2449 2 2 16 11 2075 4042 4905
2450 2 2 16 11 723 2181 3989
2451 2 2 16 11 1144 1961 3322
2452 2 2 16 11 1135 2606 2661
2453 2 2 16 11 1475 1976 3944
2454 2 2 16 11 1541 2233 4328
2455 2 2 16 11 1534 3219 3243
2456 2 2 16 11 1484 4156 2107
2457 2 2 16 11 410 3030 2031
2458 2 2 16 11 1872 2118 3818
2459 2 2 16 11 977 2107 4156
2460 2 2 16 11 859 5103 1976
2461 2 2 16 11 101 102 2914
2462 2 2 16 11 645 1997 2970
2463 2 2 16 11 721 2008 5492
2464 2 2 16 11 872 4766 1959
2465 2 2 16 11 1286 3635 3780
2466 2 2 16 11 1160 3358 1956
2467 2 2 16 11 1218 1951 3212
2468 2 2 16 11 1193 2097 4535
2469 2 2 16 11 2750 3936 4016
2470 2 2 16 11 1015 2807 2534
2471 2 2 16 11 1421 4286 3541
2472 2 2 16 11 1297 2534 2807
2473 2 2 16 11 1631 3507 3028
2474 2 2 16 11 995 2489 4206
2475 2 2 16 11 244 2385 4730
2476 2 2 16 11 569 1947 3581
2477 2 2 16 11 4724 2763 1012
2478 2 2 16 11 918 2166 4404
2479 2 2 16 11 1237 3114 2010
2480 2 2 16 11 1143 2050 4105
2481 2 2 16 11 886 1945 3551
2482 2 2 16 11 2593 3168 5066
2483 2 2 16 11 367 2010 3114
2484 2 2 16 11 1066 5396 3007
2485 2 2 16 11 383 2387 384
2486 2 2 16 11 1262 4620 1944
2487 2 2 16 11 610 2910 3896
2488 2 2 16 11 1731 4206 2489
2489 2 2 16 11 2118 2763 4724
2490 2 2 16 11 254 5459 2826
2491 2 2 16 11 1261 1946 4240
2492 2 2 16 11 1101 3012 2250
2493 2 2 16 11 2024 2696 3379
2494 2 2 16 11 515 2057 2849
2495 2 2 16 11 1515 3357 1947
2496 2 2 16 11 4299 377 1943
2497 2 2 16 11 2022 4642 2669
2498 2 2 16 11 29 30 2287
2499 2 2 16 11 1514 2589 3828
2500 2 2 16 11 426 5003 2367
2501 2 2 16 11 1409 3975 4377
2502 2 2 16 11 1443 2624 2356
2503 2 2 16 11 2315 4845 4797
2504 2 2 16 11 1134 3006 2565
2505 2 2 16 11 696 2315 4797
2506 2 2 16 11 514 3748 2057
2507 2 2 16 11 658 2126 3342
2508 2 2 16 11 1211 4413 1953
2509 2 2 16 11 1104 2781 4092
2510 2 2 16 11 681 2050 4473
2511 2 2 16 11 172 173 2418
2512 2 2 16 11 1118 2451 2950
2513 2 2 16 11 1625 3608 3590
2514 2 2 16 11 950 2007 4048
2515 2 2 16 11 1298 2924 2189
2516 2 2 16 11 1023 2189 2924
2517 2 2 16 11 636 2936 2808
2518 2 2 16 11 774 2426 5349
2519 2 2 16 11 1447 2808 2936
2520 2 2 16 11 1584 2336 4500
2521 2 2 16 11 721 4578 2008
2522 2 2 16 11 801 3977 1967
2523 2 2 16 11 1195 1962 3513
2524 2 2 16 11 858 2069 3467
2525 2 2 16 11 1356 2311 3048
2526 2 2 16 11 1106 3936 2750
2527 2 2 16 11 112 2064 4266
2528 2 2 16 11 1218 3737 1951
2529 2 2 16 11 1894 2667 3787
2530 2 2 16 11 758 3178 1963
2531 2 2 16 11 78 2643 2479
2532 2 2 16 11 713 2957 2015
2533 2 2 16 11 22 23 4023
2534 2 2 16 11 465 2090 2882
2535 2 2 16 11 763 3245 1960
2536 2 2 16 11 1505 2200 2636
2537 2 2 16 11 1921 3763 3119
2538 2 2 16 11 1248 3119 3763
2539 2 2 16 11 808 3491 2806
2540 2 2 16 11 1091 3797 1979
2541 2 2 16 11 44 3387 1993
2542 2 2 16 11 1290 3467 2069
2543 2 2 16 11 1177 2632 2600
2544 2 2 16 11 1524 2542 4008
2545 2 2 16 11 1218 5029 2072
2546 2 2 16 11 1089 4318 4539
2547 2 2 16 11 1108 3832 1970
2548 2 2 16 11 1036 3178 4649
2549 2 2 16 11 770 3925 2153
2550 2 2 16 11 1001 3078 1987
2551 2 2 16 11 1976 4188 3606
2552 2 2 16 11 892 1958 3267
2553 2 2 16 11 592 3512 1952
2554 2 2 16 11 1216 2342 3327
2555 2 2 16 11 429 2152 4100
2556 2 2 16 11 947 2422 3183
2557 2 2 16 11 625 4600 2444
2558 2 2 16 11 776 2093 4103
2559 2 2 16 11 586 3582 2193
2560 2 2 16 11 1382 2944 2535
2561 2 2 16 11 841 2535 2944
2562 2 2 16 11 827 5019 2823
2563 2 2 16 11 830 2921 3779
2564 2 2 16 11 983 4619 2095
2565 2 2 16 11 1570 4768 2889
2566 2 2 16 11 722 2018 4639
2567 2 2 16 11 2140 4836 2344
2568 2 2 16 11 1459 4103 2093
2569 2 2 16 11 1874 2282 3904
2570 2 2 16 11 1633 4189 4242
2571 2 2 16 11 1468 4058 4715
2572 2 2 16 11 777 2585 3237
2573 2 2 16 11 552 2517 553
2574 2 2 16 11 1140 2878 4665
2575 2 2 16 11 1444 2153 3925
2576 2 2 16 11 862 3926 3158
2577 2 2 16 11 721 1957 3298
2578 2 2 16 11 910 3802 2394
2579 2 2 16 11 1526 2394 3802
2580 2 2 16 11 1130 2881 2051
2581 2 2 16 11 4661 2603 803
2582 2 2 16 11 180 2337 3562
2583 2 2 16 11 977 4028 2107
2584 2 2 16 11 1089 2650 3466
2585 2 2 16 11 2459 3400 3726
2586 2 2 16 11 1611 3584 3637
2587 2 2 16 11 978 2213 3500
2588 2 2 16 11 558 2920 559
2589 2 2 16 11 879 4745 3113
2590 2 2 16 11 1792 4906 2484
2591 2 2 16 11 50 2446 4948
2592 2 2 16 11 1235 2888 3996
2593 2 2 16 11 1054 2508 2435
2594 2 2 16 11 163 2723 2424
2595 2 2 16 11 1084 3173 4917
2596 2 2 16 11 1190 2014 5195
2597 2 2 16 11 710 1956 3358
2598 2 2 16 11 412 4837 2243
2599 2 2 16 11 2203 4583 3288
2600 2 2 16 11 1216 2238 2620
2601 2 2 16 11 1600 2410 4217
2602 2 2 16 11 1803 5184 2186
2603 2 2 16 11 398 2463 399
2604 2 2 16 11 855 3602 4368
2605 2 2 16 11 677 2185 3944
2606 2 2 16 11 162 163 2424
2607 2 2 16 11 1828 5122 3215
2608 2 2 16 11 681 2079 4285
2609 2 2 16 11 1493 4285 2079
2610 2 2 16 11 627 3865 2611
2611 2 2 16 11 918 4404 4493
2612 2 2 16 11 612 2229 4725
2613 2 2 16 11 1607 2537 3822
2614 2 2 16 11 1051 3822 2537
2615 2 2 16 11 169 170 2560
2616 2 2 16 11 621 2051 2881
2617 2 2 16 11 2451 5242 2950
2618 2 2 16 11 2011 4896 1504
2619 2 2 16 11 1235 3996 3168
2620 2 2 16 11 708 1962 3340
2621 2 2 16 11 1406 3401 2676
2622 2 2 16 11 905 4402 2086
2623 2 2 16 11 5242 716 2950
2624 2 2 16 11 2833 4959 4427
2625 2 2 16 11 4663 804 2606
2626 2 2 16 11 697 2071 4936
2627 2 2 16 11 796 2225 3995
2628 2 2 16 11 1503 3995 2225
2629 2 2 16 11 781 4344 3807
2630 2 2 16 11 896 3501 1979
2631 2 2 16 11 702 2040 2891
2632 2 2 16 11 1521 2207 3241
2633 2 2 16 11 892 3712 1958
2634 2 2 16 11 201 202 4652
2635 2 2 16 11 1019 2234 3273
2636 2 2 16 11 1306 3273 2234
2637 2 2 16 11 1195 3340 1962
2638 2 2 16 11 1685 3982 3417
2639 2 2 16 11 1175 1984 3192
2640 2 2 16 11 2124 5410 2820
2641 2 2 16 11 2768 3767 4010
2642 2 2 16 11 1426 2691 4057
2643 2 2 16 11 1217 2625 2249
2644 2 2 16 11 1315 4708 2184
2645 2 2 16 11 1154 2999 2183
2646 2 2 16 11 1134 1962 3418
2647 2 2 16 11 1457 4274 4113
2648 2 2 16 11 1632 3872 2558
2649 2 2 16 11 817 3293 3140
2650 2 2 16 11 1240 2914 3448
2651 2 2 16 11 170 4436 2560
2652 2 2 16 11 1124 2418 2756
2653 2 2 16 11 797 3751 4201
2654 2 2 16 11 1571 2756 2418
2655 2 2 16 11 1057 2558 3872
2656 2 2 16 11 799 3241 2674
2657 2 2 16 11 1478 2674 3241
2658 2 2 16 11 1680 5202 2381
2659 2 2 16 11 1386 1972 3812
2660 2 2 16 11 4434 3219 1011
2661 2 2 16 11 2273 3219 4434
2662 2 2 16 11 10 11 2324
2663 2 2 16 11 380 381 2325
2664 2 2 16 11 2102 4087 2607
2665 2 2 16 11 1624 3596 2698
2666 2 2 16 11 869 5435 2380
2667 2 2 16 11 1187 2069 3125
2668 2 2 16 11 305 306 3223
2669 2 2 16 11 206 207 2679
2670 2 2 16 11 1362 2698 3596
2671 2 2 16 11 615 4363 2190
2672 2 2 16 11 1377 3053 2929
2673 2 2 16 11 336 1984 3794
2674 2 2 16 11 1143 4473 2050
2675 2 2 16 11 1522 2929 3053
2676 2 2 16 11 707 2507 5323
2677 2 2 16 11 1919 4914 3128
2678 2 2 16 11 1196 5184 4128
2679 2 2 16 11 1245 3087 3064
2680 2 2 16 11 751 2491 3007
2681 2 2 16 11 1698 2450 3700
2682 2 2 16 11 906 4312 3904
2683 2 2 16 11 771 2461 4913
2684 2 2 16 11 858 3125 2069
2685 2 2 16 11 1148 2043 3043
2686 2 2 16 11 1196 4128 3027
2687 2 2 16 11 1494 4420 2375
2688 2 2 16 11 4449 1195 3165
2689 2 2 16 11 1507 2942 3786
2690 2 2 16 11 1173 4486 2891
2691 2 2 16 11 1103 4551 2804
2692 2 2 16 11 1529 2086 4402
2693 2 2 16 11 1659 3069 2350
2694 2 2 16 11 2196 4923 4113
2695 2 2 16 11 1007 3166 1999
2696 2 2 16 11 727 4410 2083
2697 2 2 16 11 5378 1121 3529
2698 2 2 16 11 1484 4786 4156
2699 2 2 16 11 775 2350 3069
2700 2 2 16 11 1475 3944 2185
2701 2 2 16 11 725 4244 2134
2702 2 2 16 11 1032 4525 2400
2703 2 2 16 11 649 2967 2108
2704 2 2 16 11 1114 3653 2099
2705 2 2 16 11 1509 2134 4244
2706 2 2 16 11 1152 2136 2864
2707 2 2 16 11 1016 2473 2516
2708 2 2 16 11 1167 2108 2967
2709 2 2 16 11 1468 4715 2734
2710 2 2 16 11 1404 4900 1993
2711 2 2 16 11 2166 3299 4404
2712 2 2 16 11 4601 968 3071
2713 2 2 16 11 2257 4601 3071
2714 2 2 16 11 1308 2322 2766
2715 2 2 16 11 1358 3694 1974
2716 2 2 16 11 675 4068 2020
2717 2 2 16 11 1113 3565 2749
2718 2 2 16 11 1880 3309 3522
2719 2 2 16 11 165 166 2537
2720 2 2 16 11 873 3522 3309
2721 2 2 16 11 1889 2434 3462
2722 2 2 16 11 1026 1975 3518
2723 2 2 16 11 1351 2110 3562
2724 2 2 16 11 949 2128 4034
2725 2 2 16 11 972 1973 5150
2726 2 2 16 11 2208 4449 3165
2727 2 2 16 11 1258 1980 4764
2728 2 2 16 11 905 4140 4287
2729 2 2 16 11 719 2003 3489
2730 2 2 16 11 1261 3489 2003
2731 2 2 16 11 2186 5184 3051
2732 2 2 16 11 1079 2168 3253
2733 2 2 16 11 1209 3248 2043
2734 2 2 16 11 791 1975 3573
2735 2 2 16 11 681 4473 2079
2736 2 2 16 11 1027 2443 2539
2737 2 2 16 11 234 2907 2067
2738 2 2 16 11 896 3972 5011
2739 2 2 16 11 1877 4820 2984
2740 2 2 16 11 1325 2945 2044
2741 2 2 16 11 2004 3745 4540
2742 2 2 16 11 2100 4425 3403
2743 2 2 16 11 2139 3784 3738
2744 2 2 16 11 1243 1978 4307
2745 2 2 16 11 906 2079 3722
2746 2 2 16 11 1515 3853 2591
2747 2 2 16 11 1271 2510 3166
2748 2 2 16 11 1119 2314 5175
2749 2 2 16 11 1418 2768 4010
2750 2 2 16 11 1196 3051 5184
2751 2 2 16 11 332 333 2336
2752 2 2 16 11 77 78 2479
2753 2 2 16 11 917 4509 2697
2754 2 2 16 11 785 4166 2780
2755 2 2 16 11 1429 2057 3748
2756 2 2 16 11 4404 3299 1142
2757 2 2 16 11 2098 3408 4446
2758 2 2 16 11 1875 2780 4166
2759 2 2 16 11 1183 1992 3423
2760 2 2 16 11 1143 2079 4473
2761 2 2 16 11 2610 4564 4694
2762 2 2 16 11 1375 4104 3665
2763 2 2 16 11 531 4304 2358
2764 2 2 16 11 762 2311 3395
2765 2 2 16 11 1948 2697 4509
2766 2 2 16 11 1879 3855 3991
2767 2 2 16 11 1044 4893 3516
2768 2 2 16 11 2050 4381 4817
2769 2 2 16 11 154 2942 2046
2770 2 2 16 11 1356 3395 2311
2771 2 2 16 11 1553 3766 1991
2772 2 2 16 11 1030 5182 2670
2773 2 2 16 11 671 4341 2251
2774 2 2 16 11 2208 2790 4449
2775 2 2 16 11 967 2930 4323
2776 2 2 16 11 1599 2251 4341
2777 2 2 16 11 260 2105 3032
2778 2 2 16 11 336 337 4195
2779 2 2 16 11 478 2039 3092
2780 2 2 16 11 1288 1986 3672
2781 2 2 16 11 1846 3638 5270
2782 2 2 16 11 2884 5273 4743
2783 2 2 16 11 544 3672 1986
2784 2 2 16 11 1139 4146 2076
2785 2 2 16 11 856 3505 3464
2786 2 2 16 11 2461 3044 4913
2787 2 2 16 11 1152 3092 2039
2788 2 2 16 11 560 4325 561
2789 2 2 16 11 1792 2484 3125
2790 2 2 16 11 920 2205 3598
2791 2 2 16 11 1680 2381 4671
2792 2 2 16 11 1117 2086 4061
2793 2 2 16 11 1371 3598 2205
2794 2 2 16 11 2087 3175 4278
2795 2 2 16 11 1288 3811 1986
2796 2 2 16 11 1274 4190 3825
2797 2 2 16 11 1131 3454 4011
2798 2 2 16 11 5099 600 1990
2799 2 2 16 11 875 3218 3604
2800 2 2 16 11 5125 2599 3892
2801 2 2 16 11 552 5070 2517
2802 2 2 16 11 1870 3604 3218
2803 2 2 16 11 901 3550 1983
2804 2 2 16 11 2028 5323 2507
2805 2 2 16 11 1857 3301 3674
2806 2 2 16 11 600 5059 1990
2807 2 2 16 11 1559 1983 4161
2808 2 2 16 11 3052 562 4325
2809 2 2 16 11 309 2464 5214
2810 2 2 16 11 706 2767 2159
2811 2 2 16 11 1109 2000 3974
2812 2 2 16 11 562 561 4325
2813 2 2 16 11 700 3560 2104
2814 2 2 16 11 1119 2692 2365
2815 2 2 16 11 1538 2365 2692
2816 2 2 16 11 691 2344 4836
2817 2 2 16 11 130 2899 2088
2818 2 2 16 11 271 272 2512
2819 2 2 16 11 1108 2002 4458
2820 2 2 16 11 2169 5279 4262
2821 2 2 16 11 719 3792 2003
2822 2 2 16 11 700 2160 4953
2823 2 2 16 11 1731 2489 2809
2824 2 2 16 11 663 3384 4253
2825 2 2 16 11 729 2242 2825
2826 2 2 16 11 739 4482 4866
2827 2 2 16 11 1405 2392 5461
2828 2 2 16 11 1523 2682 2326
2829 2 2 16 11 959 4529 2787
2830 2 2 16 11 368 369 2485
2831 2 2 16 11 1058 2477 3348
2832 2 2 16 11 762 2809 2489
2833 2 2 16 11 1895 4828 4431
2834 2 2 16 11 719 4564 2610
2835 2 2 16 11 2381 5202 2947
2836 2 2 16 11 1139 2076 3952
2837 2 2 16 11 1527 2649 2318
2838 2 2 16 11 1118 2950 2602
2839 2 2 16 11 1026 5087 2131
2840 2 2 16 11 2142 3007 5396
2841 2 2 16 11 1116 5388 2448
2842 2 2 16 11 530 2365 4304
2843 2 2 16 11 1716 4490 3185
2844 2 2 16 11 1278 4329 1985
2845 2 2 16 11 1049 2803 2146
2846 2 2 16 11 915 3305 1998
2847 2 2 16 11 788 2310 3644
2848 2 2 16 11 871 5463 2265
2849 2 2 16 11 267 3869 2006
2850 2 2 16 11 1789 2884 4743
2851 2 2 16 11 697 4246 2280
2852 2 2 16 11 2885 3909 4054
2853 2 2 16 11 1426 3644 2310
2854 2 2 16 11 1198 4048 2007
2855 2 2 16 11 2448 5388 3026
2856 2 2 16 11 5390 3062 2452
2857 2 2 16 11 692 2060 4324
2858 2 2 16 11 1137 3169 2092
2859 2 2 16 11 684 3454 5005
2860 2 2 16 11 1003 4250 2730
2861 2 2 16 11 1058 3348 2497
2862 2 2 16 11 1384 3674 3301
2863 2 2 16 11 1759 3927 4967
2864 2 2 16 11 538 2730 539
2865 2 2 16 11 1225 2890 3244
2866 2 2 16 11 1137 2428 5397
2867 2 2 16 11 1218 3212 4352
2868 2 2 16 11 1561 3244 2890
2869 2 2 16 11 944 5482 2813
2870 2 2 16 11 888 1993 5050
2871 2 2 16 11 2201 5270 3638
2872 2 2 16 11 2973 4929 972
2873 2 2 16 11 1041 4294 2521
2874 2 2 16 11 1724 5390 2452
2875 2 2 16 11 1128 2773 2486
2876 2 2 16 11 4258 2009 449
2877 2 2 16 11 1057 1995 3608
2878 2 2 16 11 1315 3667 1996
2879 2 2 16 11 1633 3757 2645
2880 2 2 16 11 677 3606 1979
2881 2 2 16 11 1401 3850 5305
2882 2 2 16 11 1362 1995 3703
2883 2 2 16 11 868 2645 3757
2884 2 2 16 11 1126 5370 2540
2885 2 2 16 11 1309 2351 3161
2886 2 2 16 11 455 2558 456
2887 2 2 16 11 1246 3449 3019
2888 2 2 16 11 750 3161 2351
2889 2 2 16 11 1484 3097 2831
2890 2 2 16 11 1623 4595 4609
2891 2 2 16 11 962 2075 3406
2892 2 2 16 11 2013 3132 4599
2893 2 2 16 11 612 2831 3097
2894 2 2 16 11 5220 2623 3433
2895 2 2 16 11 1107 2724 2720
2896 2 2 16 11 2037 4777 4016
2897 2 2 16 11 1390 2720 2724
2898 2 2 16 11 1172 2841 3564
2899 2 2 16 11 1111 4066 2218
2900 2 2 16 11 1713 3595 4849
2901 2 2 16 11 2111 5459 3850
2902 2 2 16 11 4253 3384 4718
2903 2 2 16 11 2694 3594 4109
2904 2 2 16 11 3296 3868 4883
2905 2 2 16 11 1616 3070 3189
2906 2 2 16 11 768 2709 2492
2907 2 2 16 11 44 1993 4900
2908 2 2 16 11 1537 4306 2279
2909 2 2 16 11 2540 5370 4802
2910 2 2 16 11 712 5063 2339
2911 2 2 16 11 2009 3968 449
2912 2 2 16 11 2611 3865 3566
2913 2 2 16 11 809 3868 3296
2914 2 2 16 11 1658 4302 3291
2915 2 2 16 11 1226 2492 2709
2916 2 2 16 11 33 34 2966
2917 2 2 16 11 835 3189 3070
2918 2 2 16 11 891 4330 3652
2919 2 2 16 11 1439 2885 4054
2920 2 2 16 11 1362 2001 3714
2921 2 2 16 11 2111 2826 5459
2922 2 2 16 11 322 2019 3240
2923 2 2 16 11 53 54 2447
2924 2 2 16 11 1120 2304 2656
2925 2 2 16 11 1207 3128 5014
2926 2 2 16 11 144 2252 3043
2927 2 2 16 11 326 327 2566
2928 2 2 16 11 148 3959 2592
2929 2 2 16 11 843 2714 3753
2930 2 2 16 11 1056 3075 2621
2931 2 2 16 11 1190 3530 2014
2932 2 2 16 11 1364 2460 4954
2933 2 2 16 11 1634 4517 2527
2934 2 2 16 11 1095 4827 2026
2935 2 2 16 11 2198 3747 3716
2936 2 2 16 11 1798 5002 2294
2937 2 2 16 11 120 121 2569
2938 2 2 16 11 1865 3131 4935
2939 2 2 16 11 1411 3101 2453
2940 2 2 16 11 594 2647 3760
2941 2 2 16 11 2309 4929 2973
2942 2 2 16 11 1141 2607 3898
2943 2 2 16 11 233 2067 3639
2944 2 2 16 11 690 2294 5002
2945 2 2 16 11 1123 3021 2221
2946 2 2 16 11 147 148 2592
2947 2 2 16 11 1115 2318 2649
2948 2 2 16 11 475 4882 2452
2949 2 2 16 11 1786 4203 5498
2950 2 2 16 11 1017 2328 5072
2951 2 2 16 11 723 3989 2376
2952 2 2 16 11 1373 2286 3710
2953 2 2 16 11 586 2193 4335
2954 2 2 16 11 389 2456 390
2955 2 2 16 11 1010 4656 2132
2956 2 2 16 11 1349 3594 2694
2957 2 2 16 11 1069 3311 2226
2958 2 2 16 11 1240 2713 2914
2959 2 2 16 11 1365 2486 3475
2960 2 2 16 11 1551 2806 3491
2961 2 2 16 11 5069 2974 751
2962 2 2 16 11 1192 2021 3542
2963 2 2 16 11 1189 2039 3120
2964 2 2 16 11 398 3194 2463
2965 2 2 16 11 1370 2627 3035
2966 2 2 16 11 718 4955 2298
2967 2 2 16 11 739 2402 4482
2968 2 2 16 11 1187 3231 2062
2969 2 2 16 11 682 2165 5000
2970 2 2 16 11 785 3035 2627
2971 2 2 16 11 1571 4417 2302
2972 2 2 16 11 446 4211 447
2973 2 2 16 11 2346 2974 5069
2974 2 2 16 11 2088 4260 3783
2975 2 2 16 11 1709 4877 2644
2976 2 2 16 11 747 2264 2978
2977 2 2 16 11 1261 2003 3509
2978 2 2 16 11 1172 2552 2841
2979 2 2 16 11 959 3461 2202
2980 2 2 16 11 1589 4225 2323
2981 2 2 16 11 806 2323 4225
2982 2 2 16 11 477 3120 2039
2983 2 2 16 11 1569 3448 2914
2984 2 2 16 11 1928 4011 3454
2985 2 2 16 11 1440 2841 2552
2986 2 2 16 11 1613 4695 2134
2987 2 2 16 11 584 2274 3861
2988 2 2 16 11 613 2102 3416
2989 2 2 16 11 153 2046 3607
2990 2 2 16 11 769 3076 4154
2991 2 2 16 11 1391 2206 3640
2992 2 2 16 11 65 3077 2143
2993 2 2 16 11 892 3267 2035
2994 2 2 16 11 1194 2035 3267
2995 2 2 16 11 2127 5434 3993
2996 2 2 16 11 1662 3588 3558
2997 2 2 16 11 1591 4909 2296
2998 2 2 16 11 187 2005 5042
2999 2 2 16 11 1185 2909 3938
3000 2 2 16 11 1452 3783 4260
3001 2 2 16 11 1789 4633 3275
3002 2 2 16 11 613 2956 2102
3003 2 2 16 11 1155 2743 3995
3004 2 2 16 11 658 3342 2255
3005 2 2 16 11 1234 3616 3476
3006 2 2 16 11 918 4518 2166
3007 2 2 16 11 1202 2582 2716
3008 2 2 16 11 1237 2010 3500
3009 2 2 16 11 1136 4959 2833
3010 2 2 16 11 2955 4622 4337
3011 2 2 16 11 1100 2597 2417
3012 2 2 16 11 1263 2716 2582
3013 2 2 16 11 1392 3588 4885
3014 2 2 16 11 1241 2026 3274
3015 2 2 16 11 738 2988 2163
3016 2 2 16 11 702 3385 2377
3017 2 2 16 11 1191 4875 2275
3018 2 2 16 11 1461 3861 2274
3019 2 2 16 11 1876 2415 3663
3020 2 2 16 11 1643 3019 3449
3021 2 2 16 11 946 5030 2078
3022 2 2 16 11 1130 2055 3095
3023 2 2 16 11 386 3821 5267
3024 2 2 16 11 2020 2604 4178
3025 2 2 16 11 1657 4879 2161
3026 2 2 16 11 1408 2533 3343
3027 2 2 16 11 1143 3722 2079
3028 2 2 16 11 1099 3343 2533
3029 2 2 16 11 5450 2011 1504
3030 2 2 16 11 3056 5032 1031
3031 2 2 16 11 1045 2044 4176
3032 2 2 16 11 1265 3779 2018
3033 2 2 16 11 165 2537 4397
3034 2 2 16 11 1164 4324 2060
3035 2 2 16 11 1238 2016 3781
3036 2 2 16 11 683 2012 4174
3037 2 2 16 11 1180 5276 2836
3038 2 2 16 11 1002 5305 2158
3039 2 2 16 11 1950 4154 3076
3040 2 2 16 11 1321 2099 4979
3041 2 2 16 11 1565 3283 3516
3042 2 2 16 11 997 2494 3236
3043 2 2 16 11 2345 5032 3056
3044 2 2 16 11 1233 2071 3102
3045 2 2 16 11 1169 4233 2054
3046 2 2 16 11 1133 2974 2346
3047 2 2 16 11 1429 4199 2057
3048 2 2 16 11 1420 2072 4145
3049 2 2 16 11 1353 3421 2499
3050 2 2 16 11 1038 2798 4466
3051 2 2 16 11 1050 2568 4575
3052 2 2 16 11 2169 4781 4933
3053 2 2 16 11 1926 5288 2254
3054 2 2 16 11 1231 4258 3164
3055 2 2 16 11 1199 3145 2047
3056 2 2 16 11 882 3297 3711
3057 2 2 16 11 1448 3236 2494
3058 2 2 16 11 772 2963 2297
3059 2 2 16 11 58 3256 2092
3060 2 2 16 11 1228 2297 2963
3061 2 2 16 11 548 2025 3816
3062 2 2 16 11 1963 4466 2798
3063 2 2 16 11 41 42 2448
3064 2 2 16 11 1904 3711 3297
3065 2 2 16 11 129 2088 3783
3066 2 2 16 11 1125 2326 2682
3067 2 2 16 11 1343 2545 3345
3068 2 2 16 11 1578 2166 4518
3069 2 2 16 11 1262 3701 2020
3070 2 2 16 11 1271 3382 4495
3071 2 2 16 11 1500 4059 4335
3072 2 2 16 11 823 2087 3041
3073 2 2 16 11 1246 3019 2297
3074 2 2 16 11 772 2297 3019
3075 2 2 16 11 1706 2568 4451
3076 2 2 16 11 954 4898 5130
3077 2 2 16 11 1354 2331 3767
3078 2 2 16 11 1584 4500 4229
3079 2 2 16 11 1935 5052 4155
3080 2 2 16 11 4448 1477 3931
3081 2 2 16 11 1236 3069 3362
3082 2 2 16 11 1198 2045 4707
3083 2 2 16 11 1479 3335 3240
3084 2 2 16 11 1686 4933 4781
3085 2 2 16 11 1101 2647 2378
3086 2 2 16 11 1282 3101 3150
3087 2 2 16 11 1393 3353 3269
3088 2 2 16 11 1378 3139 3897
3089 2 2 16 11 1121 2292 3529
3090 2 2 16 11 955 2020 3701
3091 2 2 16 11 682 5296 2165
3092 2 2 16 11 3382 5212 4495
3093 2 2 16 11 968 4601 2819
3094 2 2 16 11 2844 4802 5308
3095 2 2 16 11 1588 3347 2918
3096 2 2 16 11 120 2569 4489
3097 2 2 16 11 5375 1337 3442
3098 2 2 16 11 1153 3432 2083
3099 2 2 16 11 1670 3896 3152
3100 2 2 16 11 960 4213 2934
3101 2 2 16 11 1659 3362 3069
3102 2 2 16 11 1533 3434 2203
3103 2 2 16 11 1850 4323 2930
3104 2 2 16 11 2460 2668 4954
3105 2 2 16 11 1292 2918 3347
3106 2 2 16 11 1030 2023 4351
3107 2 2 16 11 1954 2934 4213
3108 2 2 16 11 2090 3789 4729
3109 2 2 16 11 1134 4512 3006
3110 2 2 16 11 804 3357 2737
3111 2 2 16 11 1515 2737 3357
3112 2 2 16 11 1187 4170 2069
3113 2 2 16 11 1165 2955 4337
3114 2 2 16 11 327 4996 2566
3115 2 2 16 11 2229 3685 2789
3116 2 2 16 11 1309 2675 2351
3117 2 2 16 11 896 3797 4191
3118 2 2 16 11 1974 5393 3649
3119 2 2 16 11 672 2612 4044
3120 2 2 16 11 4729 933 3764
3121 2 2 16 11 926 2076 3413
3122 2 2 16 11 1717 3110 4477
3123 2 2 16 11 385 3821 386
3124 2 2 16 11 2354 3511 3198
3125 2 2 16 11 657 2487 3504
3126 2 2 16 11 944 2813 2196
3127 2 2 16 11 1587 2830 4973
3128 2 2 16 11 1084 4917 3346
3129 2 2 16 11 1186 2604 2988
3130 2 2 16 11 1357 3791 2120
3131 2 2 16 11 2090 4729 3764
3132 2 2 16 11 1097 2599 5125
3133 2 2 16 11 1164 2096 4324
3134 2 2 16 11 1427 3035 4696
3135 2 2 16 11 1141 3898 2815
3136 2 2 16 11 1928 5223 5420
3137 2 2 16 11 2056 3656 4893
3138 2 2 16 11 1281 2236 3394
3139 2 2 16 11 1119 2365 3225
3140 2 2 16 11 1050 2334 2982
3141 2 2 16 11 1812 2543 5047
3142 2 2 16 11 1253 5186 2081
3143 2 2 16 11 1074 4543 2119
3144 2 2 16 11 797 4201 2677
3145 2 2 16 11 8 3891 3199
3146 2 2 16 11 937 2120 3791
3147 2 2 16 11 1194 3655 2035
3148 2 2 16 11 771 2550 2906
3149 2 2 16 11 351 352 3667
3150 2 2 16 11 1520 3871 2430
3151 2 2 16 11 1230 2505 4208
3152 2 2 16 11 250 2390 4264
3153 2 2 16 11 1542 3250 2898
3154 2 2 16 11 1241 2898 3250
3155 2 2 16 11 1579 4463 2332
3156 2 2 16 11 424 2561 425
3157 2 2 16 11 1238 2339 5121
3158 2 2 16 11 1082 2430 3871
3159 2 2 16 11 1254 2272 2751
3160 2 2 16 11 1975 3061 4637
3161 2 2 16 11 1476 2283 4078
3162 2 2 16 11 1053 3929 5187
3163 2 2 16 11 590 3434 3206
3164 2 2 16 11 741 2198 3716
3165 2 2 16 11 1367 2900 2983
3166 2 2 16 11 589 2676 3401
3167 2 2 16 11 614 2890 2370
3168 2 2 16 11 1545 2816 3368
3169 2 2 16 11 1301 2906 2550
3170 2 2 16 11 1818 4822 2163
3171 2 2 16 11 1840 4184 3141
3172 2 2 16 11 1524 3717 2542
3173 2 2 16 11 618 2542 3717
3174 2 2 16 11 1201 4599 3132
3175 2 2 16 11 1249 3368 2816
3176 2 2 16 11 1812 3187 2543
3177 2 2 16 11 19 20 2729
3178 2 2 16 11 1225 2370 2890
3179 2 2 16 11 1145 3020 4087
3180 2 2 16 11 62 63 2520
3181 2 2 16 11 1643 2623 5220
3182 2 2 16 11 4874 1502 4050
3183 2 2 16 11 624 2372 4190
3184 2 2 16 11 1905 2984 4920
3185 2 2 16 11 2938 4103 4080
3186 2 2 16 11 1129 3609 2441
3187 2 2 16 11 1863 2874 4829
3188 2 2 16 11 1199 2047 4315
3189 2 2 16 11 1127 4297 2408
3190 2 2 16 11 279 280 4298
3191 2 2 16 11 2149 4767 3333
3192 2 2 16 11 1322 3738 3784
3193 2 2 16 11 1693 2481 5254
3194 2 2 16 11 1210 2063 4806
3195 2 2 16 11 1205 3170 2073
3196 2 2 16 11 1679 4044 2612
3197 2 2 16 11 21 22 3574
3198 2 2 16 11 729 2825 5475
3199 2 2 16 11 606 4526 4118
3200 2 2 16 11 1533 2091 4301
3201 2 2 16 11 793 4151 2549
3202 2 2 16 11 588 3535 2429
3203 2 2 16 11 1497 4220 2585
3204 2 2 16 11 393 3260 2062
3205 2 2 16 11 1161 2938 4080
3206 2 2 16 11 913 3758 2034
3207 2 2 16 11 780 3321 2042
3208 2 2 16 11 1206 3111 3317
3209 2 2 16 11 1529 4381 2086
3210 2 2 16 11 1234 2101 3089
3211 2 2 16 11 1940 4482 3582
3212 2 2 16 11 455 4476 2558
3213 2 2 16 11 669 2480 3350
3214 2 2 16 11 1420 4145 2061
3215 2 2 16 11 3058 4544 4897
3216 2 2 16 11 1663 3308 3149
3217 2 2 16 11 1215 3149 3308
3218 2 2 16 11 1209 4869 2174
3219 2 2 16 11 178 2110 3057
3220 2 2 16 11 1344 3607 2046
3221 2 2 16 11 1238 2064 3261
3222 2 2 16 11 941 2037 4835
3223 2 2 16 11 1584 4162 2336
3224 2 2 16 11 752 2256 2779
3225 2 2 16 11 1213 5007 3313
3226 2 2 16 11 4497 3642 1318
3227 2 2 16 11 1347 3471 2870
3228 2 2 16 11 1683 2823 2335
3229 2 2 16 11 1563 4850 2754
3230 2 2 16 11 735 2139 3738
3231 2 2 16 11 1944 5120 3306
3232 2 2 16 11 1123 2219 2825
3233 2 2 16 11 1090 2729 4200
3234 2 2 16 11 1809 4200 2729
3235 2 2 16 11 1164 3970 2096
3236 2 2 16 11 6 423 2434
3237 2 2 16 11 1642 3191 4079
3238 2 2 16 11 1359 4345 4450
3239 2 2 16 11 1041 5192 3699
3240 2 2 16 11 1310 3354 3706
3241 2 2 16 11 881 3594 3431
3242 2 2 16 11 1118 2424 2723
3243 2 2 16 11 1927 3003 5077
3244 2 2 16 11 1317 3664 3633
3245 2 2 16 11 1527 2318 4264
3246 2 2 16 11 913 2038 3758
3247 2 2 16 11 1404 3991 3855
3248 2 2 16 11 1922 5484 4322
3249 2 2 16 11 1314 2271 2777
3250 2 2 16 11 808 4676 2151
3251 2 2 16 11 2342 3557 3327
3252 2 2 16 11 1045 4232 3422
3253 2 2 16 11 941 3852 2037
3254 2 2 16 11 1232 2157 3264
3255 2 2 16 11 1925 3431 3594
3256 2 2 16 11 603 3264 2157
3257 2 2 16 11 1582 2151 4676
3258 2 2 16 11 2325 4448 3931
3259 2 2 16 11 1039 2747 5277
3260 2 2 16 11 891 2061 3777
3261 2 2 16 11 2219 5475 2825
3262 2 2 16 11 693 3346 2048
3263 2 2 16 11 2042 5144 2621
3264 2 2 16 11 1056 2621 5144
3265 2 2 16 11 884 3918 4062
3266 2 2 16 11 586 2468 3582
3267 2 2 16 11 1203 4544 3058
3268 2 2 16 11 815 2299 2850
3269 2 2 16 11 2339 5063 5491
3270 2 2 16 11 1917 3706 3354
3271 2 2 16 11 1179 2850 2299
3272 2 2 16 11 103 104 2687
3273 2 2 16 11 913 3508 2038
3274 2 2 16 11 1210 2092 3256
3275 2 2 16 11 1146 2479 2643
3276 2 2 16 11 1330 2629 3604
3277 2 2 16 11 2491 4803 3007
3278 2 2 16 11 2139 3642 4497
3279 2 2 16 11 633 4802 2844
3280 2 2 16 11 411 4837 412
3281 2 2 16 11 2276 4847 4939
3282 2 2 16 11 1289 2503 2961
3283 2 2 16 11 351 3667 3488
3284 2 2 16 11 738 2961 2503
3285 2 2 16 11 1115 2047 3702
3286 2 2 16 11 1098 3142 2185
3287 2 2 16 11 1136 2932 2613
3288 2 2 16 11 700 4126 3560
3289 2 2 16 11 1137 2772 2279
3290 2 2 16 11 2035 3655 661
3291 2 2 16 11 1115 3151 2318
3292 2 2 16 11 4377 2035 661
3293 2 2 16 11 707 2847 2215
3294 2 2 16 11 1736 2347 5134
3295 2 2 16 11 1125 3260 2326
3296 2 2 16 11 751 3007 2142
3297 2 2 16 11 1159 2117 4093
3298 2 2 16 11 2808 4109 3948
3299 2 2 16 11 57 2092 3169
3300 2 2 16 11 1117 4140 2086
3301 2 2 16 11 1188 3223 2545
3302 2 2 16 11 965 2913 2420
3303 2 2 16 11 1216 5091 2238
3304 2 2 16 11 1738 4549 5008
3305 2 2 16 11 1523 2326 4256
3306 2 2 16 11 935 4642 2262
3307 2 2 16 11 744 2423 3616
3308 2 2 16 11 1224 3758 2038
3309 2 2 16 11 734 4960 2523
3310 2 2 16 11 1149 3328 2541
3311 2 2 16 11 1421 3087 2638
3312 2 2 16 11 173 4417 2418
3313 2 2 16 11 1586 3704 3998
3314 2 2 16 11 919 2114 4390
3315 2 2 16 11 1209 4770 3022
3316 2 2 16 11 1419 3504 2487
3317 2 2 16 11 1307 5314 2167
3318 2 2 16 11 542 3209 543
3319 2 2 16 11 965 4859 2178
3320 2 2 16 11 1214 3217 2089
3321 2 2 16 11 1036 2211 2992
3322 2 2 16 11 2411 5375 3442
3323 2 2 16 11 1820 3689 3612
3324 2 2 16 11 511 2248 4031
3325 2 2 16 11 1848 3648 2412
3326 2 2 16 11 1331 2992 2211
3327 2 2 16 11 1491 4390 2114
3328 2 2 16 11 772 2044 3422
3329 2 2 16 11 114 4101 4138
3330 2 2 16 11 1322 4406 3046
3331 2 2 16 11 1709 2644 5060
3332 2 2 16 11 1047 2471 5271
3333 2 2 16 11 1767 2367 5003
3334 2 2 16 11 1169 2054 5225
3335 2 2 16 11 1391 4090 2206
3336 2 2 16 11 1574 2420 2913
3337 2 2 16 11 1218 2315 5029
3338 2 2 16 11 1443 2356 3753
3339 2 2 16 11 1693 5254 4412
3340 2 2 16 11 1684 3359 4339
3341 2 2 16 11 1344 2046 3900
3342 2 2 16 11 843 3753 2356
3343 2 2 16 11 953 2903 2397
3344 2 2 16 11 650 3008 2269
3345 2 2 16 11 2161 4915 4907
3346 2 2 16 11 948 3900 2046
3347 2 2 16 11 1129 3535 3609
3348 2 2 16 11 2349 4351 2563
3349 2 2 16 11 184 2172 4013
3350 2 2 16 11 1495 3122 2977
3351 2 2 16 11 140 141 2555
3352 2 2 16 11 889 5420 5223
3353 2 2 16 11 1516 3338 2807
3354 2 2 16 11 1423 2151 4130
3355 2 2 16 11 1611 3317 3111
3356 2 2 16 11 1267 3477 2608
3357 2 2 16 11 1824 2945 5224
3358 2 2 16 11 1780 2608 3477
3359 2 2 16 11 271 2512 5097
3360 2 2 16 11 1085 4928 3109
3361 2 2 16 11 1550 2805 2388
3362 2 2 16 11 922 3088 2137
3363 2 2 16 11 1296 5211 3482
3364 2 2 16 11 1322 3216 4406
3365 2 2 16 11 587 3916 2547
3366 2 2 16 11 798 3685 2073
3367 2 2 16 11 1297 2807 3338
3368 2 2 16 11 887 3423 3862
3369 2 2 16 11 1078 2199 2894
3370 2 2 16 11 1529 4817 4381
3371 2 2 16 11 709 2388 2805
3372 2 2 16 11 1671 4730 2385
3373 2 2 16 11 1361 3730 2244
3374 2 2 16 11 1255 3511 2338
3375 2 2 16 11 737 2330 4393
3376 2 2 16 11 3482 5211 5479
3377 2 2 16 11 2585 4200 3237
3378 2 2 16 11 1402 3237 3574
3379 2 2 16 11 1809 3574 3237
3380 2 2 16 11 1026 2291 5087
3381 2 2 16 11 1992 3862 3423
3382 2 2 16 11 1431 4729 3789
3383 2 2 16 11 2698 5179 3785
3384 2 2 16 11 1679 2496 4020
3385 2 2 16 11 2193 4567 4335
3386 2 2 16 11 1654 2262 4642
3387 2 2 16 11 2281 4322 5484
3388 2 2 16 11 1076 2668 2460
3389 2 2 16 11 2303 4445 3274
3390 2 2 16 11 728 2556 2993
3391 2 2 16 11 664 3141 4184
3392 2 2 16 11 223 4095 3290
3393 2 2 16 11 2629 4010 3604
3394 2 2 16 11 1159 3651 2117
3395 2 2 16 11 1994 4660 4975
3396 2 2 16 11 1073 2498 3775
3397 2 2 16 11 1477 2455 3931
3398 2 2 16 11 1129 2689 2429
3399 2 2 16 11 1258 2616 2617
3400 2 2 16 11 1155 2617 2616
3401 2 2 16 11 589 2960 4849
3402 2 2 16 11 2377 4584 3406
3403 2 2 16 11 1122 2893 2592
3404 2 2 16 11 1009 2052 3831
3405 2 2 16 11 1264 2766 2322
3406 2 2 16 11 774 2629 2940
3407 2 2 16 11 1045 3750 5345
3408 2 2 16 11 1145 2956 2188
3409 2 2 16 11 1330 2940 2629
3410 2 2 16 11 735 3642 2139
3411 2 2 16 11 1215 3308 2108
3412 2 2 16 11 253 254 2826
3413 2 2 16 11 649 2108 3308
3414 2 2 16 11 1372 2658 2646
3415 2 2 16 11 713 5064 2207
3416 2 2 16 11 780 3960 3321
3417 2 2 16 11 919 4355 2114
3418 2 2 16 11 1145 2188 4112
3419 2 2 16 11 1747 3476 3616
3420 2 2 16 11 1169 2130 4233
3421 2 2 16 11 257 258 2794
3422 2 2 16 11 829 3143 2868
3423 2 2 16 11 22 4023 3574
3424 2 2 16 11 1481 2868 3143
3425 2 2 16 11 1066 3102 3906
3426 2 2 16 11 991 4500 2336
3427 2 2 16 11 1328 2177 2959
3428 2 2 16 11 1881 4368 3602
3429 2 2 16 11 4584 1511 3406
3430 2 2 16 11 2017 2726 3299
3431 2 2 16 11 2870 3471 4604
3432 2 2 16 11 1125 2073 3884
3433 2 2 16 11 1268 3844 2049
3434 2 2 16 11 948 2046 4385
3435 2 2 16 11 726 2107 3207
3436 2 2 16 11 1042 2103 4222
3437 2 2 16 11 626 3221 2578
3438 2 2 16 11 364 365 3201
3439 2 2 16 11 1260 2892 2258
3440 2 2 16 11 713 2213 5064
3441 2 2 16 11 5213 720 3106
3442 2 2 16 11 2994 4339 5403
3443 2 2 16 11 147 2592 2893
3444 2 2 16 11 1013 3755 2905
3445 2 2 16 11 1105 2646 2658
3446 2 2 16 11 2438 5213 3106
3447 2 2 16 11 991 4072 2177
3448 2 2 16 11 697 4936 2291
3449 2 2 16 11 1263 2137 3088
3450 2 2 16 11 621 3790 2051
3451 2 2 16 11 1697 2081 4046
3452 2 2 16 11 1191 3777 2061
3453 2 2 16 11 685 5066 2478
3454 2 2 16 11 96 3528 4169
3455 2 2 16 11 1233 2429 5128
3456 2 2 16 11 1892 2478 5066
3457 2 2 16 11 1303 3983 2078
3458 2 2 16 11 1393 3392 3245
3459 2 2 16 11 20 5110 2729
3460 2 2 16 11 1558 2811 4563
3461 2 2 16 11 1433 3078 2474
3462 2 2 16 11 1001 2474 3078
3463 2 2 16 11 665 3415 4435
3464 2 2 16 11 1173 4371 2790
3465 2 2 16 11 1746 4948 2446
3466 2 2 16 11 1420 5111 2072
3467 2 2 16 11 1124 2721 2418
3468 2 2 16 11 1193 4159 2097
3469 2 2 16 11 609 2130 4002
3470 2 2 16 11 609 3135 2130
3471 2 2 16 11 990 2450 4867
3472 2 2 16 11 1531 2978 2264
3473 2 2 16 11 1154 2183 3243
3474 2 2 16 11 583 3253 2168
3475 2 2 16 11 944 4274 2501
3476 2 2 16 11 1445 2538 3512
3477 2 2 16 11 620 3075 2295
3478 2 2 16 11 1176 4637 3061
3479 2 2 16 11 171 172 2721
3480 2 2 16 11 957 3575 2058
3481 2 2 16 11 1289 2961 2886
3482 2 2 16 11 1564 2058 3987
3483 2 2 16 11 981 4847 2276
3484 2 2 16 11 1218 2072 3737
3485 2 2 16 11 926 3952 2076
3486 2 2 16 11 579 2070 3845
3487 2 2 16 11 1252 3220 5042
3488 2 2 16 11 1136 2833 2278
3489 2 2 16 11 971 2347 4360
3490 2 2 16 11 1604 4360 2347
3491 2 2 16 11 614 4016 4777
3492 2 2 16 11 586 2308 3011
3493 2 2 16 11 1221 3011 2308
3494 2 2 16 11 1351 3562 2337
3495 2 2 16 11 965 2420 3857
3496 2 2 16 11 72 73 3212
3497 2 2 16 11 1221 2276 2872
3498 2 2 16 11 1516 3535 3338
3499 2 2 16 11 1237 5027 4024
3500 2 2 16 11 1248 4173 2101
3501 2 2 16 11 809 3296 2889
3502 2 2 16 11 720 5423 2150
3503 2 2 16 11 2260 4874 4050
3504 2 2 16 11 807 2977 3122
3505 2 2 16 11 2028 2507 4586
3506 2 2 16 11 1622 3079 3328
3507 2 2 16 11 1000 2097 4159
3508 2 2 16 11 747 3435 2078
3509 2 2 16 11 1346 4930 2709
3510 2 2 16 11 1181 3465 2464
3511 2 2 16 11 1496 3857 2420
3512 2 2 16 11 97 98 3445
3513 2 2 16 11 1606 4471 2856
3514 2 2 16 11 760 2818 2435
3515 2 2 16 11 1346 3312 4930
3516 2 2 16 11 701 3328 3079
3517 2 2 16 11 1173 2891 4371
3518 2 2 16 11 936 2198 5245
3519 2 2 16 11 1447 4109 2808
3520 2 2 16 11 814 3112 3545
3521 2 2 16 11 1177 3055 2176
3522 2 2 16 11 1295 2070 3553
3523 2 2 16 11 2016 4138 4101
3524 2 2 16 11 1318 2141 4497
3525 2 2 16 11 914 2139 4497
3526 2 2 16 11 847 4284 3834
3527 2 2 16 11 1290 2069 5427
3528 2 2 16 11 1295 3628 2070
3529 2 2 16 11 1789 3275 2884
3530 2 2 16 11 1262 2065 3701
3531 2 2 16 11 1217 2249 4751
3532 2 2 16 11 944 2501 4122
3533 2 2 16 11 2033 4440 3093
3534 2 2 16 11 1739 4790 2446
3535 2 2 16 11 914 4497 2141
3536 2 2 16 11 1505 4282 2200
3537 2 2 16 11 1770 2284 4062
3538 2 2 16 11 956 2200 4282
3539 2 2 16 11 2003 3276 3509
3540 2 2 16 11 792 2176 3055
3541 2 2 16 11 1848 2412 5276
3542 2 2 16 11 1859 5400 2835
3543 2 2 16 11 1175 3192 2493
3544 2 2 16 11 2118 5081 2763
3545 2 2 16 11 126 4115 2290
3546 2 2 16 11 1298 2189 5098
3547 2 2 16 11 903 2171 3045
3548 2 2 16 11 2236 4825 3394
3549 2 2 16 11 727 2083 3432
3550 2 2 16 11 617 2109 3584
3551 2 2 16 11 162 2424 4328
3552 2 2 16 11 1215 2108 3288
3553 2 2 16 11 930 4903 3506
3554 2 2 16 11 1663 3010 4113
3555 2 2 16 11 1249 2816 2705
3556 2 2 16 11 2096 3970 3455
3557 2 2 16 11 1023 2924 2219
3558 2 2 16 11 1148 2252 2889
3559 2 2 16 11 697 3906 2071
3560 2 2 16 11 1522 4091 2662
3561 2 2 16 11 1214 2089 3436
3562 2 2 16 11 998 5282 2518
3563 2 2 16 11 764 3021 2570
3564 2 2 16 11 1478 2744 2674
3565 2 2 16 11 597 4683 2386
3566 2 2 16 11 1952 4831 3695
3567 2 2 16 11 674 2080 3524
3568 2 2 16 11 1815 5214 2464
3569 2 2 16 11 810 3213 2854
3570 2 2 16 11 410 4837 411
3571 2 2 16 11 341 4560 2490
3572 2 2 16 11 1487 2854 3213
3573 2 2 16 11 1892 3693 5046
3574 2 2 16 11 924 4130 2151
3575 2 2 16 11 937 4097 2120
3576 2 2 16 11 3970 916 3455
3577 2 2 16 11 1414 2784 2782
3578 2 2 16 11 990 4867 2112
3579 2 2 16 11 2471 2706 5271
3580 2 2 16 11 1971 2518 5282
3581 2 2 16 11 1138 2782 2784
3582 2 2 16 11 1357 2463 2861
3583 2 2 16 11 1280 2861 2463
3584 2 2 16 11 585 4907 4915
3585 2 2 16 11 1011 4271 2638
3586 2 2 16 11 1546 3646 2376
3587 2 2 16 11 747 2078 3983
3588 2 2 16 11 908 4647 3840
3589 2 2 16 11 1205 2073 3685
3590 2 2 16 11 1137 2089 5092
3591 2 2 16 11 1989 5485 2718
3592 2 2 16 11 1526 3802 2793
3593 2 2 16 11 767 3226 5438
3594 2 2 16 11 647 3048 4142
3595 2 2 16 11 2393 3446 5065
3596 2 2 16 11 674 3641 2080
3597 2 2 16 11 946 2078 4137
3598 2 2 16 11 1661 3456 4532
3599 2 2 16 11 1089 5210 2307
3600 2 2 16 11 886 5240 4230
3601 2 2 16 11 1673 3785 5179
3602 2 2 16 11 1497 3592 4220
3603 2 2 16 11 3266 4655 1838
3604 2 2 16 11 2549 4151 4664
3605 2 2 16 11 185 3220 2172
3606 2 2 16 11 2057 4199 3708
3607 2 2 16 11 1655 4925 2323
3608 2 2 16 11 1172 2176 3080
3609 2 2 16 11 638 3348 2477
3610 2 2 16 11 1920 3624 4148
3611 2 2 16 11 763 2619 3245
3612 2 2 16 11 1456 2969 2967
3613 2 2 16 11 619 3561 3517
3614 2 2 16 11 1167 2967 2969
3615 2 2 16 11 804 3038 2228
3616 2 2 16 11 401 5348 3060
3617 2 2 16 11 951 4212 2454
3618 2 2 16 11 1483 2706 2471
3619 2 2 16 11 646 3939 2205
3620 2 2 16 11 1018 3081 2306
3621 2 2 16 11 1162 2335 2823
3622 2 2 16 11 1730 3020 4501
3623 2 2 16 11 1393 3245 2619
3624 2 2 16 11 1804 2170 3837
3625 2 2 16 11 1606 2856 4462
3626 2 2 16 11 1538 2358 4304
3627 2 2 16 11 1150 2311 3337
3628 2 2 16 11 1802 2517 5070
3629 2 2 16 11 1141 3416 2102
3630 2 2 16 11 69 70 2595
3631 2 2 16 11 949 2274 3440
3632 2 2 16 11 317 4535 2097
3633 2 2 16 11 1095 2959 2548
3634 2 2 16 11 1263 2582 4314
3635 2 2 16 11 1027 3329 2443
3636 2 2 16 11 1313 3440 2274
3637 2 2 16 11 1367 2458 2900
3638 2 2 16 11 648 4143 4245
3639 2 2 16 11 1205 2229 3097
3640 2 2 16 11 1838 4655 5334
3641 2 2 16 11 526 2381 3084
3642 2 2 16 11 1154 3219 2273
3643 2 2 16 11 912 2395 4536
3644 2 2 16 11 1113 4326 2133
3645 2 2 16 11 1353 4791 2541
3646 2 2 16 11 1581 4931 2759
3647 2 2 16 11 1430 3612 3689
3648 2 2 16 11 245 3018 2385
3649 2 2 16 11 751 2974 2491
3650 2 2 16 11 1455 2412 3648
3651 2 2 16 11 163 164 2723
3652 2 2 16 11 938 4868 2194
3653 2 2 16 11 773 2085 4104
3654 2 2 16 11 792 3080 2176
3655 2 2 16 11 1081 2422 3163
3656 2 2 16 11 1465 2491 2974
3657 2 2 16 11 2174 3521 4770
3658 2 2 16 11 2369 3536 4957
3659 2 2 16 11 1218 2132 4656
3660 2 2 16 11 1496 4121 4350
3661 2 2 16 11 1934 4842 3257
3662 2 2 16 11 1061 4423 2404
3663 2 2 16 11 743 2084 3664
3664 2 2 16 11 930 3506 5076
3665 2 2 16 11 1237 4024 3114
3666 2 2 16 11 612 3097 2229
3667 2 2 16 11 1428 2605 3715
3668 2 2 16 11 689 3973 2115
3669 2 2 16 11 1574 4964 2292
3670 2 2 16 11 854 3509 3276
3671 2 2 16 11 1868 5012 3003
3672 2 2 16 11 2516 4253 2919
3673 2 2 16 11 814 3288 3112
3674 2 2 16 11 1235 3118 4902
3675 2 2 16 11 1155 4207 2617
3676 2 2 16 11 1199 3812 3145
3677 2 2 16 11 1056 5144 2250
3678 2 2 16 11 1310 3352 3025
3679 2 2 16 11 2027 2710 4609
3680 2 2 16 11 1538 4304 2365
3681 2 2 16 11 734 2523 3527
3682 2 2 16 11 1319 2147 4437
3683 2 2 16 11 1635 2560 4436
3684 2 2 16 11 2505 3023 4208
3685 2 2 16 11 1342 2148 3866
3686 2 2 16 11 716 2931 2950
3687 2 2 16 11 928 3708 4199
3688 2 2 16 11 1594 3025 3352
3689 2 2 16 11 1582 2845 3519
3690 2 2 16 11 725 2091 4692
3691 2 2 16 11 755 2431 4019
3692 2 2 16 11 358 3630 2631
3693 2 2 16 11 968 2261 3071
3694 2 2 16 11 1278 3441 2195
3695 2 2 16 11 1417 2950 2931
3696 2 2 16 11 924 2116 3378
3697 2 2 16 11 626 3519 2845
3698 2 2 16 11 1208 3071 2261
3699 2 2 16 11 978 3503 2213
3700 2 2 16 11 1491 2114 4169
3701 2 2 16 11 89 90 2521
3702 2 2 16 11 1102 2920 2531
3703 2 2 16 11 776 4060 2093
3704 2 2 16 11 1137 2279 3169
3705 2 2 16 11 1073 3775 2644
3706 2 2 16 11 2128 5255 4034
3707 2 2 16 11 461 2260 4050
3708 2 2 16 11 429 3675 2152
3709 2 2 16 11 1453 2553 4520
3710 2 2 16 11 957 4275 2110
3711 2 2 16 11 421 4040 2270
3712 2 2 16 11 1410 3342 2126
3713 2 2 16 11 103 2687 4279
3714 2 2 16 11 665 2335 4878
3715 2 2 16 11 1268 3344 5431
3716 2 2 16 11 980 2195 3441
3717 2 2 16 11 37 38 2733
3718 2 2 16 11 1152 2864 2332
3719 2 2 16 11 1287 3430 2232
3720 2 2 16 11 2296 4909 3147
3721 2 2 16 11 895 3910 3047
3722 2 2 16 11 764 3004 2221
3723 2 2 16 11 1508 3307 2901
3724 2 2 16 11 36 2155 3304
3725 2 2 16 11 1281 2983 2900
3726 2 2 16 11 676 3715 3516
3727 2 2 16 11 1451 4998 2117
3728 2 2 16 11 1376 2321 3833
3729 2 2 16 11 854 2259 5171
3730 2 2 16 11 1040 2232 3430
3731 2 2 16 11 1558 2327 4316
3732 2 2 16 11 640 4316 2327
3733 2 2 16 11 1360 4554 3402
3734 2 2 16 11 639 2870 3631
3735 2 2 16 11 1245 4528 5251
3736 2 2 16 11 1634 3631 2870
3737 2 2 16 11 1890 3146 3693
3738 2 2 16 11 1104 4363 2771
3739 2 2 16 11 1985 3516 3715
3740 2 2 16 11 1845 2771 4363
3741 2 2 16 11 975 2886 5268
3742 2 2 16 11 1622 2309 4796
3743 2 2 16 11 903 3215 4209
3744 2 2 16 11 2255 5268 2886
3745 2 2 16 11 2036 4209 3215
3746 2 2 16 11 1259 2519 4150
3747 2 2 16 11 994 2446 4790
3748 2 2 16 11 1383 3948 2469
3749 2 2 16 11 984 5053 2854
3750 2 2 16 11 2048 3346 4917
3751 2 2 16 11 1665 4939 4847
3752 2 2 16 11 4446 1382 2098
3753 2 2 16 11 823 2953 3928
3754 2 2 16 11 4320 1008 3493
3755 2 2 16 11 1977 5433 3065
3756 2 2 16 11 1794 3928 2953
3757 2 2 16 11 2263 4320 3493
3758 2 2 16 11 1487 4031 2248
3759 2 2 16 11 608 2099 3653
3760 2 2 16 11 722 4639 2277
3761 2 2 16 11 922 2137 4985
3762 2 2 16 11 2098 1382 3742
3763 2 2 16 11 1063 2997 2642
3764 2 2 16 11 764 2221 3021
3765 2 2 16 11 425 2561 5003
3766 2 2 16 11 1002 2409 5305
3767 2 2 16 11 1099 2533 2916
3768 2 2 16 11 1338 4353 2800
3769 2 2 16 11 1339 3257 2145
3770 2 2 16 11 610 3571 2711
3771 2 2 16 11 1852 5156 3523
3772 2 2 16 11 925 2125 3383
3773 2 2 16 11 1724 2452 4882
3774 2 2 16 11 1182 2345 3056
3775 2 2 16 11 1001 4127 5026
3776 2 2 16 11 62 2520 3287
3777 2 2 16 11 1577 4569 2842
3778 2 2 16 11 1089 2380 5210
3779 2 2 16 11 728 2209 4895
3780 2 2 16 11 1328 2959 2672
3781 2 2 16 11 984 2854 4494
3782 2 2 16 11 717 3851 2116
3783 2 2 16 11 1095 2672 2959
3784 2 2 16 11 204 205 2640
3785 2 2 16 11 708 2254 3418
3786 2 2 16 11 924 2151 3268
3787 2 2 16 11 792 3055 3368
3788 2 2 16 11 1301 2520 2906
3789 2 2 16 11 2031 3030 4469
3790 2 2 16 11 1363 2906 2520
3791 2 2 16 11 642 5248 2281
3792 2 2 16 11 1039 2344 5146
3793 2 2 16 11 1973 3128 5157
3794 2 2 16 11 1254 5043 2272
3795 2 2 16 11 1782 5146 2344
3796 2 2 16 11 743 3664 2559
3797 2 2 16 11 2793 3802 5227
3798 2 2 16 11 2429 2689 5128
3799 2 2 16 11 15 16 3980
3800 2 2 16 11 1149 3498 5250
3801 2 2 16 11 118 119 3037
3802 2 2 16 11 1602 3041 2231
3803 2 2 16 11 1257 4968 4461
3804 2 2 16 11 1191 4469 3030
3805 2 2 16 11 479 3092 2332
3806 2 2 16 11 1172 4794 2552
3807 2 2 16 11 957 2110 3937
3808 2 2 16 11 903 4209 2171
3809 2 2 16 11 1351 3937 2110
3810 2 2 16 11 1801 4290 3409
3811 2 2 16 11 1445 2171 4209
3812 2 2 16 11 1385 3764 4060
3813 2 2 16 11 820 2901 3307
3814 2 2 16 11 724 2727 4805
3815 2 2 16 11 843 4846 2714
3816 2 2 16 11 982 4904 3917
3817 2 2 16 11 1451 2630 4984
3818 2 2 16 11 1428 3934 3752
3819 2 2 16 11 1088 4694 2415
3820 2 2 16 11 375 3640 2206
3821 2 2 16 11 615 5124 4363
3822 2 2 16 11 1581 3950 3923
3823 2 2 16 11 98 99 3185
3824 2 2 16 11 1658 2895 4302
3825 2 2 16 11 1280 2463 3194
3826 2 2 16 11 1668 2636 4825
3827 2 2 16 11 1149 2770 3328
3828 2 2 16 11 1153 3424 2343
3829 2 2 16 11 698 5276 2412
3830 2 2 16 11 725 2134 4208
3831 2 2 16 11 1162 2228 3038
3832 2 2 16 11 1442 2294 3251
3833 2 2 16 11 1822 4143 3375
3834 2 2 16 11 1345 2115 3961
3835 2 2 16 11 621 5018 2125
3836 2 2 16 11 683 2250 3012
3837 2 2 16 11 1202 2865 3159
3838 2 2 16 11 826 3235 3627
3839 2 2 16 11 1255 2136 3373
3840 2 2 16 11 1484 2107 3838
3841 2 2 16 11 732 2174 4869
3842 2 2 16 11 1702 5065 3446
3843 2 2 16 11 4957 3536 1220
3844 2 2 16 11 826 4490 4018
3845 2 2 16 11 900 4305 2636
3846 2 2 16 11 949 3440 2128
3847 2 2 16 11 1449 2965 3033
3848 2 2 16 11 149 2197 3959
3849 2 2 16 11 1086 5484 4154
3850 2 2 16 11 779 3033 2965
3851 2 2 16 11 1276 5145 2331
3852 2 2 16 11 370 371 3612
3853 2 2 16 11 1425 2760 3438
3854 2 2 16 11 1152 3933 2136
3855 2 2 16 11 1481 3393 3186
3856 2 2 16 11 1501 2173 3272
3857 2 2 16 11 1111 4600 4066
3858 2 2 16 11 2356 2763 3920
3859 2 2 16 11 1178 4192 2192
3860 2 2 16 11 2243 4394 3475
3861 2 2 16 11 1251 3411 3036
3862 2 2 16 11 666 3096 2439
3863 2 2 16 11 951 2143 4149
3864 2 2 16 11 1298 3304 2155
3865 2 2 16 11 1272 2439 3096
3866 2 2 16 11 313 2244 5023
3867 2 2 16 11 4394 1365 3475
3868 2 2 16 11 1351 3013 2427
3869 2 2 16 11 1844 5467 3029
3870 2 2 16 11 1684 4339 2994
3871 2 2 16 11 1169 5225 2821
3872 2 2 16 11 1028 2149 3333
3873 2 2 16 11 827 3460 2218
3874 2 2 16 11 757 2416 4259
3875 2 2 16 11 689 2115 4029
3876 2 2 16 11 1456 3039 2969
3877 2 2 16 11 721 2314 4578
3878 2 2 16 11 4750 3379 1168
3879 2 2 16 11 641 3278 3184
3880 2 2 16 11 1813 4528 3412
3881 2 2 16 11 781 2969 3039
3882 2 2 16 11 1094 3582 4482
3883 2 2 16 11 893 3452 3152
3884 2 2 16 11 759 3497 2511
3885 2 2 16 11 1670 3152 3452
3886 2 2 16 11 812 3513 2948
3887 2 2 16 11 678 2417 3036
3888 2 2 16 11 1251 3036 2417
3889 2 2 16 11 723 3412 2137
3890 2 2 16 11 950 3555 2173
3891 2 2 16 11 709 2192 3159
3892 2 2 16 11 1392 2934 2441
3893 2 2 16 11 1857 3334 5036
3894 2 2 16 11 2821 5225 4151
3895 2 2 16 11 1997 4455 3894
3896 2 2 16 11 1687 3199 3891
3897 2 2 16 11 1485 3446 2393
3898 2 2 16 11 1696 3235 2705
3899 2 2 16 11 1392 2441 3558
3900 2 2 16 11 788 3558 2441
3901 2 2 16 11 2262 3379 4750
3902 2 2 16 11 1619 2524 3273
3903 2 2 16 11 1249 2705 3235
3904 2 2 16 11 1616 3184 3278
3905 2 2 16 11 1449 2609 3773
3906 2 2 16 11 100 101 2713
3907 2 2 16 11 1049 2146 3377
3908 2 2 16 11 742 2432 3171
3909 2 2 16 11 658 4732 2126
3910 2 2 16 11 1162 3072 2228
3911 2 2 16 11 1319 3747 2147
3912 2 2 16 11 94 2114 3591
3913 2 2 16 11 1509 3472 2134
3914 2 2 16 11 1654 2363 4640
3915 2 2 16 11 699 4640 2363
3916 2 2 16 11 1203 5174 4766
3917 2 2 16 11 481 2565 482
3918 2 2 16 11 2411 3911 5375
3919 2 2 16 11 1824 4176 2945
3920 2 2 16 11 56 3169 2279
3921 2 2 16 11 778 3234 2414
3922 2 2 16 11 599 2357 4049
3923 2 2 16 11 778 3024 2694
3924 2 2 16 11 1389 2530 3141
3925 2 2 16 11 723 3210 2181
3926 2 2 16 11 1255 4542 2136
3927 2 2 16 11 1211 2527 2791
3928 2 2 16 11 436 2816 437
3929 2 2 16 11 1527 4264 2390
3930 2 2 16 11 785 4342 4166
3931 2 2 16 11 1148 3043 2252
3932 2 2 16 11 922 4527 3088
3933 2 2 16 11 183 4013 2285
3934 2 2 16 11 853 2791 2527
3935 2 2 16 11 619 3517 2208
3936 2 2 16 11 1349 2694 3024
3937 2 2 16 11 1883 3104 4029
3938 2 2 16 11 853 2527 4517
3939 2 2 16 11 371 5189 3612
3940 2 2 16 11 2619 4687 5361
3941 2 2 16 11 971 5134 2347
3942 2 2 16 11 950 2173 4465
3943 2 2 16 11 1015 2534 4534
3944 2 2 16 11 1264 2880 3400
3945 2 2 16 11 689 4029 3104
3946 2 2 16 11 619 2208 3165
3947 2 2 16 11 1439 4054 3047
3948 2 2 16 11 1753 3400 2880
3949 2 2 16 11 1791 2566 4996
3950 2 2 16 11 1858 3047 4054
3951 2 2 16 11 1169 4002 2130
3952 2 2 16 11 2051 3088 4527
3953 2 2 16 11 1508 2290 4115
3954 2 2 16 11 1392 3558 3588
3955 2 2 16 11 874 3243 2183
3956 2 2 16 11 722 2277 3702
3957 2 2 16 11 1902 4534 2534
3958 2 2 16 11 1396 4117 2122
3959 2 2 16 11 691 3014 5045
3960 2 2 16 11 2007 5306 3131
3961 2 2 16 11 1858 4054 3204
3962 2 2 16 11 609 3351 2304
3963 2 2 16 11 1078 2894 2611
3964 2 2 16 11 355 356 2562
3965 2 2 16 11 782 3660 5483
3966 2 2 16 11 1269 5492 3414
3967 2 2 16 11 405 2564 406
3968 2 2 16 11 430 3864 431
3969 2 2 16 11 2800 4353 3442
3970 2 2 16 11 1350 2611 2894
3971 2 2 16 11 1704 3505 2355
3972 2 2 16 11 1595 3545 3112
3973 2 2 16 11 1236 3362 2741
3974 2 2 16 11 1511 2592 3959
3975 2 2 16 11 1610 3118 2593
3976 2 2 16 11 801 2598 4182
3977 2 2 16 11 1428 3107 3934
3978 2 2 16 11 453 3005 454
3979 2 2 16 11 656 4753 2231
3980 2 2 16 11 1127 5205 4297
3981 2 2 16 11 1602 2231 4753
3982 2 2 16 11 1940 2468 5414
3983 2 2 16 11 1025 5414 2468
3984 2 2 16 11 1718 2135 4548
3985 2 2 16 11 1387 2637 3806
3986 2 2 16 11 1607 4397 2537
3987 2 2 16 11 734 3527 2135
3988 2 2 16 11 1864 4156 4786
3989 2 2 16 11 231 232 2732
3990 2 2 16 11 673 4994 2824
3991 2 2 16 11 15 3980 3577
3992 2 2 16 11 1501 4465 2173
3993 2 2 16 11 54 4306 2447
3994 2 2 16 11 1545 3368 3055
3995 2 2 16 11 1578 4504 2166
3996 2 2 16 11 1940 3582 2468
3997 2 2 16 11 2164 724 4361
3998 2 2 16 11 1257 3686 4217
3999 2 2 16 11 1655 2323 4464
4000 2 2 16 11 603 2157 5149
4001 2 2 16 11 1026 2131 3950
4002 2 2 16 11 936 5245 2359
4003 2 2 16 11 1661 2873 3456
4004 2 2 16 11 1305 3456 2873
4005 2 2 16 11 982 3917 5004
4006 2 2 16 11 677 4521 2185
4007 2 2 16 11 1042 4334 2663
4008 2 2 16 11 1783 2663 4334
4009 2 2 16 11 1295 4761 2180
4010 2 2 16 11 1181 2684 3465
4011 2 2 16 11 992 2901 5164
4012 2 2 16 11 714 3316 2872
4013 2 2 16 11 1495 2872 3316
4014 2 2 16 11 575 2333 3806
4015 2 2 16 11 1199 4315 2188
4016 2 2 16 11 2067 3665 4311
4017 2 2 16 11 749 2411 3442
4018 2 2 16 11 2088 3756 4260
4019 2 2 16 11 1331 2211 5290
4020 2 2 16 11 1182 2986 2357
4021 2 2 16 11 438 2600 439
4022 2 2 16 11 1172 2687 4794
4023 2 2 16 11 1634 2527 3631
4024 2 2 16 11 1905 4638 4750
4025 2 2 16 11 1902 3738 3046
4026 2 2 16 11 758 2841 3178
4027 2 2 16 11 617 2133 5024
4028 2 2 16 11 82 83 3835
4029 2 2 16 11 505 2568 506
4030 2 2 16 11 703 2563 4833
4031 2 2 16 11 1402 2212 4001
4032 2 2 16 11 694 3832 4503
4033 2 2 16 11 992 4561 2901
4034 2 2 16 11 1367 2983 2680
4035 2 2 16 11 1645 4489 2569
4036 2 2 16 11 614 2370 3483
4037 2 2 16 11 979 2680 2983
4038 2 2 16 11 1752 2688 2814
4039 2 2 16 11 1859 2835 4969
4040 2 2 16 11 1193 4535 2853
4041 2 2 16 11 1712 2982 3654
4042 2 2 16 11 668 3654 2982
4043 2 2 16 11 1228 2963 2631
4044 2 2 16 11 1490 2631 2963
4045 2 2 16 11 637 4148 3624
4046 2 2 16 11 720 2150 3780
4047 2 2 16 11 1440 3178 2841
4048 2 2 16 11 914 3623 2150
4049 2 2 16 11 807 3696 2977
4050 2 2 16 11 713 3182 2213
4051 2 2 16 11 927 4311 3665
4052 2 2 16 11 2636 5476 4825
4053 2 2 16 11 5233 1282 2154
4054 2 2 16 11 2268 3858 3900
4055 2 2 16 11 229 2283 3172
4056 2 2 16 11 460 3094 2260
4057 2 2 16 11 1286 2150 3623
4058 2 2 16 11 1301 2550 3626
4059 2 2 16 11 1241 4445 5132
4060 2 2 16 11 1571 2418 4417
4061 2 2 16 11 1895 3134 4828
4062 2 2 16 11 1068 2172 4997
4063 2 2 16 11 1257 4217 3184
4064 2 2 16 11 648 2191 4143
4065 2 2 16 11 248 2318 3151
4066 2 2 16 11 1830 2670 5182
4067 2 2 16 11 734 2135 4924
4068 2 2 16 11 1140 4665 3104
4069 2 2 16 11 1696 3627 3235
4070 2 2 16 11 791 2759 3149
4071 2 2 16 11 1256 2187 3296
4072 2 2 16 11 955 2163 4559
4073 2 2 16 11 1374 3708 2590
4074 2 2 16 11 1175 2883 3794
4075 2 2 16 11 1155 3678 4207
4076 2 2 16 11 640 2995 3117
4077 2 2 16 11 824 2785 3115
4078 2 2 16 11 1480 3117 2995
4079 2 2 16 11 1663 3149 2759
4080 2 2 16 11 1398 3115 2785
4081 2 2 16 11 2119 3042 4748
4082 2 2 16 11 670 4121 2420
4083 2 2 16 11 825 4748 3042
4084 2 2 16 11 416 2918 417
4085 2 2 16 11 2065 3306 5428
4086 2 2 16 11 1714 4142 3048
4087 2 2 16 11 390 2456 4256
4088 2 2 16 11 1786 5097 2512
4089 2 2 16 11 1151 2397 2903
4090 2 2 16 11 1939 5277 2747
4091 2 2 16 11 951 4030 2143
4092 2 2 16 11 978 2317 3503
4093 2 2 16 11 974 2225 3177
4094 2 2 16 11 914 2150 3782
4095 2 2 16 11 914 2141 3623
4096 2 2 16 11 637 3624 2141
4097 2 2 16 11 2496 4976 4020
4098 2 2 16 11 1471 5454 2645
4099 2 2 16 11 990 3419 2450
4100 2 2 16 11 1371 2205 3939
4101 2 2 16 11 4542 3513 812
4102 2 2 16 11 1836 4287 4140
4103 2 2 16 11 232 3639 2732
4104 2 2 16 11 1306 2887 3459
4105 2 2 16 11 1666 3459 2887
4106 2 2 16 11 2067 4311 3639
4107 2 2 16 11 1036 2992 2330
4108 2 2 16 11 1363 2143 4030
4109 2 2 16 11 4942 1223 3238
4110 2 2 16 11 1346 2450 3419
4111 2 2 16 11 1585 2404 4423
4112 2 2 16 11 872 3204 4054
4113 2 2 16 11 146 147 2893
4114 2 2 16 11 2120 3060 5348
4115 2 2 16 11 2289 4942 3238
4116 2 2 16 11 951 2454 4030
4117 2 2 16 11 1276 2331 5356
4118 2 2 16 11 1814 3560 4126
4119 2 2 16 11 1152 2332 3092
4120 2 2 16 11 1157 2921 2385
4121 2 2 16 11 2338 3513 4542
4122 2 2 16 11 999 3676 2155
4123 2 2 16 11 534 2904 535
4124 2 2 16 11 269 2769 5155
4125 2 2 16 11 747 2978 2685
4126 2 2 16 11 1298 2155 3676
4127 2 2 16 11 1547 2623 4474
4128 2 2 16 11 1302 2795 3054
4129 2 2 16 11 1274 3318 4190
4130 2 2 16 11 714 3578 2267
4131 2 2 16 11 1522 3053 4091
4132 2 2 16 11 914 3784 2139
4133 2 2 16 11 1483 2171 4346
4134 2 2 16 11 934 4260 3756
4135 2 2 16 11 1599 4892 3926
4136 2 2 16 11 310 3059 2464
4137 2 2 16 11 341 342 4560
4138 2 2 16 11 1225 3244 2253
4139 2 2 16 11 1245 5251 3087
4140 2 2 16 11 80 81 3025
4141 2 2 16 11 224 225 2586
4142 2 2 16 11 2074 3104 4665
4143 2 2 16 11 1598 4536 2395
4144 2 2 16 11 1334 3693 3146
4145 2 2 16 11 430 4100 3864
4146 2 2 16 11 1174 3894 2665
4147 2 2 16 11 1723 3517 3561
4148 2 2 16 11 1149 2499 3498
4149 2 2 16 11 765 2253 3244
4150 2 2 16 11 1692 3559 3090
4151 2 2 16 11 1072 3520 2722
4152 2 2 16 11 1034 2904 4927
4153 2 2 16 11 1325 3433 4732
4154 2 2 16 11 612 3450 2278
4155 2 2 16 11 1295 2637 2990
4156 2 2 16 11 1395 2678 3756
4157 2 2 16 11 1387 2990 2637
4158 2 2 16 11 5220 3552 3019
4159 2 2 16 11 1121 2845 2843
4160 2 2 16 11 583 2168 3763
4161 2 2 16 11 1319 3716 3747
4162 2 2 16 11 1019 4612 2591
4163 2 2 16 11 1459 3193 4080
4164 2 2 16 11 1071 2258 4999
4165 2 2 16 11 1005 2462 4803
4166 2 2 16 11 2165 3744 5000
4167 2 2 16 11 2510 4943 3166
4168 2 2 16 11 1632 2558 4476
4169 2 2 16 11 1577 4382 2403
4170 2 2 16 11 2154 1282 4680
4171 2 2 16 11 1582 2843 2845
4172 2 2 16 11 777 2222 3317
4173 2 2 16 11 1572 4537 4320
4174 2 2 16 11 687 2148 3629
4175 2 2 16 11 1051 2373 3822
4176 2 2 16 11 1308 2469 5151
4177 2 2 16 11 2041 4928 2857
4178 2 2 16 11 1085 2857 4928
4179 2 2 16 11 607 4741 2722
4180 2 2 16 11 1023 2221 5071
4181 2 2 16 11 429 4100 430
4182 2 2 16 11 643 2403 4382
4183 2 2 16 11 1257 3189 4968
4184 2 2 16 11 1124 3943 2721
4185 2 2 16 11 1156 2381 2947
4186 2 2 16 11 1263 4314 3210
4187 2 2 16 11 956 5135 2200
4188 2 2 16 11 1635 2721 3943
4189 2 2 16 11 974 2323 4925
4190 2 2 16 11 1034 4259 2416
4191 2 2 16 11 1081 3183 2422
4192 2 2 16 11 5114 724 2164
4193 2 2 16 11 2038 3508 2266
4194 2 2 16 11 717 5074 2427
4195 2 2 16 11 1782 2427 5074
4196 2 2 16 11 2186 3051 5100
4197 2 2 16 11 532 2358 3109
4198 2 2 16 11 1585 3230 2404
4199 2 2 16 11 510 3176 2248
4200 2 2 16 11 746 4021 2146
4201 2 2 16 11 5375 3911 1790
4202 2 2 16 11 654 2601 4594
4203 2 2 16 11 738 2503 2988
4204 2 2 16 11 1707 4284 2853
4205 2 2 16 11 656 3394 4825
4206 2 2 16 11 937 3791 2153
4207 2 2 16 11 739 4644 2396
4208 2 2 16 11 1136 2278 3450
4209 2 2 16 11 899 4723 3940
4210 2 2 16 11 358 359 3630
4211 2 2 16 11 615 2190 4506
4212 2 2 16 11 770 2153 4075
4213 2 2 16 11 1386 2943 2925
4214 2 2 16 11 613 2925 2943
4215 2 2 16 11 1826 3429 3593
4216 2 2 16 11 1285 3593 3429
4217 2 2 16 11 1029 2357 2986
4218 2 2 16 11 1213 2913 5007
4219 2 2 16 11 1869 2529 3725
4220 2 2 16 11 673 2824 4175
4221 2 2 16 11 800 2597 4886
4222 2 2 16 11 268 269 5155
4223 2 2 16 11 2570 3021 5180
4224 2 2 16 11 910 3894 4455
4225 2 2 16 11 1339 2145 4947
4226 2 2 16 11 1896 2722 4741
4227 2 2 16 11 1541 4328 2424
4228 2 2 16 11 1589 2323 3050
4229 2 2 16 11 1637 3619 3015
4230 2 2 16 11 1915 3753 2714
4231 2 2 16 11 2376 3646 5190
4232 2 2 16 11 1795 3016 5308
4233 2 2 16 11 2058 5045 3014
4234 2 2 16 11 1286 3780 2150
4235 2 2 16 11 703 5219 2306
4236 2 2 16 11 866 2712 4582
4237 2 2 16 11 2182 5250 3498
4238 2 2 16 11 1904 3155 3711
4239 2 2 16 11 1460 2731 4598
4240 2 2 16 11 1821 3144 4350
4241 2 2 16 11 2036 4557 4556
4242 2 2 16 11 1232 4769 2157
4243 2 2 16 11 1835 4582 2712
4244 2 2 16 11 736 3330 2227
4245 2 2 16 11 1025 3993 5434
4246 2 2 16 11 1310 2419 4499
4247 2 2 16 11 1668 4825 2236
4248 2 2 16 11 729 3211 2242
4249 2 2 16 11 1547 4474 2353
4250 2 2 16 11 125 2290 3100
4251 2 2 16 11 865 3628 2180
4252 2 2 16 11 445 3469 2246
4253 2 2 16 11 693 3370 2775
4254 2 2 16 11 1613 3042 2372
4255 2 2 16 11 1592 4241 2794
4256 2 2 16 11 2889 3296 5380
4257 2 2 16 11 1155 2616 3179
4258 2 2 16 11 1077 2814 2688
4259 2 2 16 11 1022 4684 2216
4260 2 2 16 11 140 2555 5021
4261 2 2 16 11 1270 4691 2305
4262 2 2 16 11 1295 2180 3628
4263 2 2 16 11 597 2386 4135
4264 2 2 16 11 2273 5483 3660
4265 2 2 16 11 41 2448 3026
4266 2 2 16 11 1209 2449 4869
4267 2 2 16 11 954 3965 2222
4268 2 2 16 11 100 2713 4610
4269 2 2 16 11 2771 4606 4944
4270 2 2 16 11 1174 2580 4970
4271 2 2 16 11 1643 5220 3019
4272 2 2 16 11 1833 2668 5093
4273 2 2 16 11 395 3231 2484
4274 2 2 16 11 2372 5078 4190
4275 2 2 16 11 796 3438 2760
4276 2 2 16 11 2019 3108 3633
4277 2 2 16 11 1583 3056 2612
4278 2 2 16 11 1031 2612 3056
4279 2 2 16 11 943 4091 2162
4280 2 2 16 11 1494 3124 2405
4281 2 2 16 11 1171 2968 2640
4282 2 2 16 11 953 2350 5055
4283 2 2 16 11 763 4687 2619
4284 2 2 16 11 719 2241 3792
4285 2 2 16 11 1332 3692 2246
4286 2 2 16 11 826 4018 3137
4287 2 2 16 11 724 4681 4361
4288 2 2 16 11 1017 2246 3692
4289 2 2 16 11 1127 2408 3551
4290 2 2 16 11 840 3015 3619
4291 2 2 16 11 1721 4803 2462
4292 2 2 16 11 2164 4716 3174
4293 2 2 16 11 734 2900 2458
4294 2 2 16 11 1863 4493 4404
4295 2 2 16 11 78 79 2643
4296 2 2 16 11 1453 4520 3540
4297 2 2 16 11 738 2184 4037
4298 2 2 16 11 1266 4666 2179
4299 2 2 16 11 1399 4716 2164
4300 2 2 16 11 1460 4598 3770
4301 2 2 16 11 698 3150 2836
4302 2 2 16 11 1006 3174 4716
4303 2 2 16 11 2011 5450 2970
4304 2 2 16 11 704 2179 4281
4305 2 2 16 11 1715 4110 4613
4306 2 2 16 11 2311 4459 3048
4307 2 2 16 11 1885 3910 3958
4308 2 2 16 11 1295 5399 2637
4309 2 2 16 11 1306 2234 3739
4310 2 2 16 11 1604 2730 4250
4311 2 2 16 11 2213 3182 3500
4312 2 2 16 11 1013 2905 5112
4313 2 2 16 11 1846 5142 3638
4314 2 2 16 11 981 2276 5033
4315 2 2 16 11 2212 4898 4001
4316 2 2 16 11 1887 3956 2666
4317 2 2 16 11 1110 2674 2744
4318 2 2 16 11 1561 2890 4777
4319 2 2 16 11 2812 4288 5035
4320 2 2 16 11 1303 2578 3221
4321 2 2 16 11 732 2187 4389
4322 2 2 16 11 1560 5416 4834
4323 2 2 16 11 85 4580 2247
4324 2 2 16 11 205 3984 2640
4325 2 2 16 11 785 2627 4342
4326 2 2 16 11 1079 4084 2168
4327 2 2 16 11 1891 2850 4450
4328 2 2 16 11 1276 2238 3620
4329 2 2 16 11 84 2247 4261
4330 2 2 16 11 738 2163 3746
4331 2 2 16 11 1206 3317 2222
4332 2 2 16 11 1339 4479 3257
4333 2 2 16 11 1542 2898 4646
4334 2 2 16 11 1521 4571 2207
4335 2 2 16 11 713 2207 4571
4336 2 2 16 11 1059 3744 2165
4337 2 2 16 11 1720 2783 2755
4338 2 2 16 11 2169 2701 4781
4339 2 2 16 11 1228 2296 3147
4340 2 2 16 11 1063 5421 3657
4341 2 2 16 11 780 2621 3889
4342 2 2 16 11 1305 3754 2235
4343 2 2 16 11 828 3507 4738
4344 2 2 16 11 2623 4710 4474
4345 2 2 16 11 1331 3420 2216
4346 2 2 16 11 1079 3253 2712
4347 2 2 16 11 522 3620 2238
4348 2 2 16 11 1438 3760 2647
4349 2 2 16 11 1256 4389 2187
4350 2 2 16 11 1301 3287 2520
4351 2 2 16 11 1004 4469 2275
4352 2 2 16 11 1304 3399 3647
4353 2 2 16 11 3673 5373 845
4354 2 2 16 11 705 5140 2915
4355 2 2 16 11 884 4147 3073
4356 2 2 16 11 1039 4932 2747
4357 2 2 16 11 1979 3501 2282
4358 2 2 16 11 620 2295 3157
4359 2 2 16 11 1736 3932 2347
4360 2 2 16 11 1248 3763 2168
4361 2 2 16 11 1814 3647 3399
4362 2 2 16 11 959 2202 4529
4363 2 2 16 11 1510 4529 2202
4364 2 2 16 11 1484 2831 4786
4365 2 2 16 11 2053 4787 4553
4366 2 2 16 11 883 2425 3880
4367 2 2 16 11 1007 2354 3198
4368 2 2 16 11 110 2216 3420
4369 2 2 16 11 1981 5011 3972
4370 2 2 16 11 1156 4578 2314
4371 2 2 16 11 1279 3799 2249
4372 2 2 16 11 1639 2415 4694
4373 2 2 16 11 1281 3302 2236
4374 2 2 16 11 1157 2385 3018
4375 2 2 16 11 1128 2718 5485
4376 2 2 16 11 1411 2836 3150
4377 2 2 16 11 732 3723 2174
4378 2 2 16 11 1260 4506 2190
4379 2 2 16 11 1250 3292 3154
4380 2 2 16 11 1568 3154 3292
4381 2 2 16 11 1033 3370 4956
4382 2 2 16 11 11 3691 2324
4383 2 2 16 11 1010 2286 3854
4384 2 2 16 11 1496 2420 4121
4385 2 2 16 11 1621 4949 2374
4386 2 2 16 11 1883 3073 4147
4387 2 2 16 11 1651 3290 4095
4388 2 2 16 11 1293 2174 3723
4389 2 2 16 11 958 3730 2170
4390 2 2 16 11 1179 2299 3171
4391 2 2 16 11 1791 2909 4830
4392 2 2 16 11 201 2182 3498
4393 2 2 16 11 1512 3341 2822
4394 2 2 16 11 887 2822 3341
4395 2 2 16 11 2247 4580 4903
4396 2 2 16 11 1373 3854 2286
4397 2 2 16 11 1099 2783 3343
4398 2 2 16 11 1739 3229 4699
4399 2 2 16 11 3036 3411 4772
4400 2 2 16 11 1764 3072 5019
4401 2 2 16 11 669 3350 5416
4402 2 2 16 11 1259 3211 2384
4403 2 2 16 11 1340 3377 2641
4404 2 2 16 11 241 2249 3799
4405 2 2 16 11 1788 4540 2707
4406 2 2 16 11 1038 2472 5440
4407 2 2 16 11 1757 2483 4358
4408 2 2 16 11 1007 3198 2364
4409 2 2 16 11 736 2227 3556
4410 2 2 16 11 729 2384 3211
4411 2 2 16 11 1288 3556 2227
4412 2 2 16 11 1711 2927 3447
4413 2 2 16 11 1710 3063 2839
4414 2 2 16 11 476 2452 3120
4415 2 2 16 11 590 2839 3063
4416 2 2 16 11 1445 5417 2171
4417 2 2 16 11 942 4538 2876
4418 2 2 16 11 512 2683 513
4419 2 2 16 11 1720 4318 2783
4420 2 2 16 11 1422 2349 3081
4421 2 2 16 11 1312 3479 3083
4422 2 2 16 11 1614 3083 3479
4423 2 2 16 11 1295 3553 5399
4424 2 2 16 11 603 2289 3238
4425 2 2 16 11 738 3746 2184
4426 2 2 16 11 705 3156 4333
4427 2 2 16 11 1983 4333 3156
4428 2 2 16 11 1315 2184 3746
4429 2 2 16 11 1542 4646 4119
4430 2 2 16 11 1208 2261 3787
4431 2 2 16 11 733 2551 3154
4432 2 2 16 11 1221 5033 2276
4433 2 2 16 11 1343 2438 4239
4434 2 2 16 11 1016 2589 4428
4435 2 2 16 11 1470 2722 3520
4436 2 2 16 11 954 4001 4898
4437 2 2 16 11 975 2267 4942
4438 2 2 16 11 1603 2386 4683
4439 2 2 16 11 1092 2240 4714
4440 2 2 16 11 1561 4777 3852
4441 2 2 16 11 1581 3573 3950
4442 2 2 16 11 721 5175 2314
4443 2 2 16 11 991 2177 4094
4444 2 2 16 11 462 2664 463
4445 2 2 16 11 98 3185 3445
4446 2 2 16 11 2091 3086 4692
4447 2 2 16 11 1216 2896 5091
4448 2 2 16 11 1348 4692 3086
4449 2 2 16 11 380 2325 3931
4450 2 2 16 11 1471 2645 3934
4451 2 2 16 11 1952 2256 4831
4452 2 2 16 11 2094 2915 5140
4453 2 2 16 11 1344 3900 3858
4454 2 2 16 11 1899 3525 4788
4455 2 2 16 11 1833 5160 2668
4456 2 2 16 11 744 3616 3089
4457 2 2 16 11 472 3679 2272
4458 2 2 16 11 721 5492 2801
4459 2 2 16 11 2045 4562 3148
4460 2 2 16 11 852 3586 4477
4461 2 2 16 11 1795 4952 3016
4462 2 2 16 11 1374 2940 2546
4463 2 2 16 11 1038 5440 5488
4464 2 2 16 11 1741 4903 4580
4465 2 2 16 11 264 4858 2194
4466 2 2 16 11 688 2707 4540
4467 2 2 16 11 2340 3486 5129
4468 2 2 16 11 979 4278 2680
4469 2 2 16 11 1956 3051 3303
4470 2 2 16 11 1692 4907 3559
4471 2 2 16 11 1151 3510 2397
4472 2 2 16 11 1705 2680 4278
4473 2 2 16 11 1626 4431 4828
4474 2 2 16 11 1294 3559 3305
4475 2 2 16 11 392 2326 3260
4476 2 2 16 11 1206 2407 3111
4477 2 2 16 11 95 96 4169
4478 2 2 16 11 656 2231 3394
4479 2 2 16 11 972 4929 2301
4480 2 2 16 11 821 4446 3408
4481 2 2 16 11 384 2387 4415
4482 2 2 16 11 2244 3730 5324
4483 2 2 16 11 782 3941 3660
4484 2 2 16 11 591 3313 3694
4485 2 2 16 11 1328 4094 2177
4486 2 2 16 11 715 5161 2177
4487 2 2 16 11 127 128 2725
4488 2 2 16 11 1416 3696 3138
4489 2 2 16 11 1767 5003 2561
4490 2 2 16 11 819 3403 4425
4491 2 2 16 11 1361 2244 3688
4492 2 2 16 11 1272 3227 2440
4493 2 2 16 11 1088 2266 4848
4494 2 2 16 11 1305 4581 3456
4495 2 2 16 11 1488 4443 2270
4496 2 2 16 11 783 2440 3227
4497 2 2 16 11 96 97 3528
4498 2 2 16 11 2193 1307 4567
4499 2 2 16 11 834 3704 2846
4500 2 2 16 11 1368 3769 4950
4501 2 2 16 11 2211 4507 108
4502 2 2 16 11 1477 2306 3205
4503 2 2 16 11 886 3407 5240
4504 2 2 16 11 932 3148 4562
4505 2 2 16 11 912 3814 3633
4506 2 2 16 11 5129 3486 830
4507 2 2 16 11 1672 2488 2930
4508 2 2 16 11 2019 3633 3814
4509 2 2 16 11 1586 2846 3704
4510 2 2 16 11 1000 5274 2871
4511 2 2 16 11 264 2194 3885
4512 2 2 16 11 713 4571 2957
4513 2 2 16 11 1023 5071 2966
4514 2 2 16 11 1340 4982 3597
4515 2 2 16 11 1186 3919 2348
4516 2 2 16 11 3278 4212 4815
4517 2 2 16 11 1186 2348 4178
4518 2 2 16 11 2330 2992 4393
4519 2 2 16 11 2573 5373 3673
4520 2 2 16 11 1537 2447 4306
4521 2 2 16 11 137 4391 2322
4522 2 2 16 11 1533 2203 4444
4523 2 2 16 11 34 5098 2189
4524 2 2 16 11 1338 5315 3618
4525 2 2 16 11 520 2695 521
4526 2 2 16 11 2124 2820 5323
4527 2 2 16 11 2052 4894 4758
4528 2 2 16 11 1195 3513 2338
4529 2 2 16 11 980 3540 2195
4530 2 2 16 11 1753 2555 3022
4531 2 2 16 11 731 2406 3396
4532 2 2 16 11 1270 3214 2985
4533 2 2 16 11 502 2673 503
4534 2 2 16 11 1078 3537 2199
4535 2 2 16 11 1466 2194 4858
4536 2 2 16 11 2712 4986 4609
4537 2 2 16 11 1956 3303 5474
4538 2 2 16 11 707 5323 2820
4539 2 2 16 11 759 2771 3497
4540 2 2 16 11 975 4942 2289
4541 2 2 16 11 1458 3523 2201
4542 2 2 16 11 1156 3084 2381
4543 2 2 16 11 1425 2183 4383
4544 2 2 16 11 1879 3991 3251
4545 2 2 16 11 1199 2188 4491
4546 2 2 16 11 888 3251 3991
4547 2 2 16 11 1155 3179 2743
4548 2 2 16 11 401 3060 402
4549 2 2 16 11 748 3858 2268
4550 2 2 16 11 1759 4967 3478
4551 2 2 16 11 1616 3278 4815
4552 2 2 16 11 1624 2698 3785
4553 2 2 16 11 594 3446 2819
4554 2 2 16 11 1485 2819 3446
4555 2 2 16 11 1375 2554 2941
4556 2 2 16 11 606 2639 4526
4557 2 2 16 11 1195 2338 3165
4558 2 2 16 11 435 2705 436
4559 2 2 16 11 1221 2308 5033
4560 2 2 16 11 1173 2208 3517
4561 2 2 16 11 1323 4516 5284
4562 2 2 16 11 1779 4191 3797
4563 2 2 16 11 838 4215 2755
4564 2 2 16 11 2172 3220 4997
4565 2 2 16 11 1720 2755 4215
4566 2 2 16 11 944 2196 4274
4567 2 2 16 11 4816 1307 2193
4568 2 2 16 11 81 3354 3025
4569 2 2 16 11 1650 2301 4929
4570 2 2 16 11 1597 2897 4092
4571 2 2 16 11 1198 4707 2363
4572 2 2 16 11 961 3874 2253
4573 2 2 16 11 332 2336 4162
4574 2 2 16 11 1303 3221 2312
4575 2 2 16 11 1461 2274 4227
4576 2 2 16 11 949 4227 2274
4577 2 2 16 11 1265 2313 3397
4578 2 2 16 11 623 3397 2313
4579 2 2 16 11 204 2640 2968
4580 2 2 16 11 662 2997 5200
4581 2 2 16 11 1135 2659 3581
4582 2 2 16 11 657 2787 3543
4583 2 2 16 11 1510 3543 2787
4584 2 2 16 11 671 5489 2488
4585 2 2 16 11 374 2206 4374
4586 2 2 16 11 1456 4923 2196
4587 2 2 16 11 2598 4871 4182
4588 2 2 16 11 920 5429 2205
4589 2 2 16 11 2077 2537 5109
4590 2 2 16 11 261 262 3718
4591 2 2 16 11 2183 2999 4383
4592 2 2 16 11 613 2943 4491
4593 2 2 16 11 412 2243 3475
4594 2 2 16 11 726 2391 3884
4595 2 2 16 11 648 3773 2191
4596 2 2 16 11 1346 2584 3312
4597 2 2 16 11 416 4310 2918
4598 2 2 16 11 3279 4844 5180
4599 2 2 16 11 1727 2433 5411
4600 2 2 16 11 602 2195 4520
4601 2 2 16 11 1066 3007 5183
4602 2 2 16 11 1121 2843 3954
4603 2 2 16 11 613 4491 2956
4604 2 2 16 11 718 3312 2584
4605 2 2 16 11 143 144 3043
4606 2 2 16 11 2321 5067 3833
4607 2 2 16 11 1520 2388 4309
4608 2 2 16 11 1476 4901 2283
4609 2 2 16 11 1132 3579 2657
4610 2 2 16 11 2563 3282 4833
4611 2 2 16 11 1792 3194 4906
4612 2 2 16 11 1300 2272 3679
4613 2 2 16 11 709 4309 2388
4614 2 2 16 11 433 2979 2971
4615 2 2 16 11 30 3323 2287
4616 2 2 16 11 1174 2970 3894
4617 2 2 16 11 1203 2734 5174
4618 2 2 16 11 1378 3897 3133
4619 2 2 16 11 1242 2998 2939
4620 2 2 16 11 588 4872 2462
4621 2 2 16 11 1383 4238 2199
4622 2 2 16 11 1380 2939 2998
4623 2 2 16 11 251 3173 2390
4624 2 2 16 11 1187 2391 4170
4625 2 2 16 11 1523 4256 2456
4626 2 2 16 11 1458 2201 3638
4627 2 2 16 11 5290 2211 108
4628 2 2 16 11 1072 2722 5079
4629 2 2 16 11 1259 4150 3211
4630 2 2 16 11 1211 3286 2389
4631 2 2 16 11 627 3964 3865
4632 2 2 16 11 1252 4997 3220
4633 2 2 16 11 241 4751 2249
4634 2 2 16 11 2604 4559 2988
4635 2 2 16 11 1190 5195 2609
4636 2 2 16 11 137 2322 3951
4637 2 2 16 11 1174 4970 5269
4638 2 2 16 11 2024 3148 4518
4639 2 2 16 11 641 2922 3278
4640 2 2 16 11 2597 4471 4886
4641 2 2 16 11 1721 2462 4872
4642 2 2 16 11 2129 4524 4227
4643 2 2 16 11 522 2238 5091
4644 2 2 16 11 1264 2322 4391
4645 2 2 16 11 1029 2458 3610
4646 2 2 16 11 1218 4656 2315
4647 2 2 16 11 1367 3610 2458
4648 2 2 16 11 2957 4571 4160
4649 2 2 16 11 629 3982 2762
4650 2 2 16 11 793 4760 2602
4651 2 2 16 11 1382 3000 2944
4652 2 2 16 11 1115 3702 2277
4653 2 2 16 11 1244 2944 3000
4654 2 2 16 11 1332 4974 5440
4655 2 2 16 11 635 3742 3474
4656 2 2 16 11 1246 2297 3372
4657 2 2 16 11 988 2260 4235
4658 2 2 16 11 718 2298 3312
4659 2 2 16 11 150 3724 2197
4660 2 2 16 11 2175 4038 3772
4661 2 2 16 11 829 3772 4038
4662 2 2 16 11 1323 3526 4516
4663 2 2 16 11 1578 4518 3148
4664 2 2 16 11 1473 3278 2922
4665 2 2 16 11 71 72 3870
4666 2 2 16 11 1033 4956 2826
4667 2 2 16 11 1475 2185 3949
4668 2 2 16 11 2245 3183 5060
4669 2 2 16 11 987 5480 2396
4670 2 2 16 11 981 5033 2308
4671 2 2 16 11 1709 5060 3183
4672 2 2 16 11 702 4486 3385
4673 2 2 16 11 690 4972 2294
4674 2 2 16 11 1520 2430 3366
4675 2 2 16 11 802 3217 2833
4676 2 2 16 11 1953 3743 3631
4677 2 2 16 11 757 4259 2776
4678 2 2 16 11 639 3631 3743
4679 2 2 16 11 1330 2546 2940
4680 2 2 16 11 529 3225 2365
4681 2 2 16 11 1332 2246 3469
4682 2 2 16 11 335 2883 5177
4683 2 2 16 11 1102 2531 3669
4684 2 2 16 11 759 4606 2771
4685 2 2 16 11 1407 3669 2531
4686 2 2 16 11 1445 4210 2538
4687 2 2 16 11 1186 2988 2503
4688 2 2 16 11 936 3747 2198
4689 2 2 16 11 806 4464 2323
4690 2 2 16 11 550 2802 3289
4691 2 2 16 11 1048 3259 2470
4692 2 2 16 11 1253 2926 2879
4693 2 2 16 11 1105 3044 2461
4694 2 2 16 11 1639 3663 2415
4695 2 2 16 11 112 113 3261
4696 2 2 16 11 1712 3673 4293
4697 2 2 16 11 909 2405 3124
4698 2 2 16 11 1934 2645 5454
4699 2 2 16 11 696 5029 2315
4700 2 2 16 11 1444 3925 3538
4701 2 2 16 11 1834 4118 4526
4702 2 2 16 11 679 2783 4318
4703 2 2 16 11 111 112 4266
4704 2 2 16 11 1214 2278 4854
4705 2 2 16 11 653 2375 4420
4706 2 2 16 11 588 2462 3338
4707 2 2 16 11 1368 2748 3537
4708 2 2 16 11 1126 2298 4955
4709 2 2 16 11 295 296 2929
4710 2 2 16 11 1395 2574 3024
4711 2 2 16 11 1099 2755 2783
4712 2 2 16 11 1539 3882 2739
4713 2 2 16 11 754 2199 4238
4714 2 2 16 11 1345 2879 2926
4715 2 2 16 11 617 3111 2407
4716 2 2 16 11 610 2239 4515
4717 2 2 16 11 1068 2482 3013
4718 2 2 16 11 1691 3082 4131
4719 2 2 16 11 724 3067 4681
4720 2 2 16 11 1127 3551 4725
4721 2 2 16 11 1101 4000 3012
4722 2 2 16 11 4494 4257 984
4723 2 2 16 11 909 3986 2405
4724 2 2 16 11 1297 3338 2462
4725 2 2 16 11 630 2778 3788
4726 2 2 16 11 1073 2644 4877
4727 2 2 16 11 1859 4793 5400
4728 2 2 16 11 1048 2475 3259
4729 2 2 16 11 789 4421 2666
4730 2 2 16 11 1035 2559 5329
4731 2 2 16 11 1255 2364 3198
4732 2 2 16 11 1327 2941 2554
4733 2 2 16 11 2203 3288 4444
4734 2 2 16 11 1442 2405 3986
4735 2 2 16 11 334 335 5177
4736 2 2 16 11 443 4036 2204
4737 2 2 16 11 2248 4257 4494
4738 2 2 16 11 1260 2258 4506
4739 2 2 16 11 443 2204 4974
4740 2 2 16 11 1008 3363 2366
4741 2 2 16 11 1209 2555 3248
4742 2 2 16 11 999 2384 3676
4743 2 2 16 11 1096 4288 2812
4744 2 2 16 11 819 2998 4532
4745 2 2 16 11 1170 4947 3840
4746 2 2 16 11 1166 2304 3351
4747 2 2 16 11 1189 2452 3062
4748 2 2 16 11 23 3795 2212
4749 2 2 16 11 601 2985 4962
4750 2 2 16 11 762 3337 2311
4751 2 2 16 11 2107 4028 3207
4752 2 2 16 11 3368 1249 5328
4753 2 2 16 11 1244 3000 4550
4754 2 2 16 11 550 5181 2802
4755 2 2 16 11 2082 4962 2985
4756 2 2 16 11 1949 4034 5255
4757 2 2 16 11 1767 5327 2367
4758 2 2 16 11 1690 2214 3979
4759 2 2 16 11 1242 5138 4298
4760 2 2 16 11 1071 2615 3010
4761 2 2 16 11 560 3979 2214
4762 2 2 16 11 706 3275 4633
4763 2 2 16 11 1497 2585 3859
4764 2 2 16 11 777 3859 2585
4765 2 2 16 11 1038 5488 2316
4766 2 2 16 11 2538 5039 3512
4767 2 2 16 11 279 2210 3930
4768 2 2 16 11 1008 2374 3363
4769 2 2 16 11 1689 3930 2210
4770 2 2 16 11 2476 3368 5328
4771 2 2 16 11 986 2487 4073
4772 2 2 16 11 2550 3890 3626
4773 2 2 16 11 701 5478 2541
4774 2 2 16 11 1506 4073 2487
4775 2 2 16 11 748 2268 4085
4776 2 2 16 11 976 3893 2413
4777 2 2 16 11 1614 2509 3083
4778 2 2 16 11 1530 4583 3434
4779 2 2 16 11 646 3083 2509
4780 2 2 16 11 1285 3721 2299
4781 2 2 16 11 1782 2344 3575
4782 2 2 16 11 1884 5136 2618
4783 2 2 16 11 2203 3434 4583
4784 2 2 16 11 899 2618 5136
4785 2 2 16 11 151 152 5381
4786 2 2 16 11 70 4983 2595
4787 2 2 16 11 752 3186 3393
4788 2 2 16 11 2331 5145 3767
4789 2 2 16 11 1181 2464 3059
4790 2 2 16 11 847 2671 4284
4791 2 2 16 11 1385 2958 2567
4792 2 2 16 11 1087 4083 2230
4793 2 2 16 11 766 2615 2892
4794 2 2 16 11 2078 5030 2578
4795 2 2 16 11 1809 2729 5110
4796 2 2 16 11 810 2908 3213
4797 2 2 16 11 1429 3213 2908
4798 2 2 16 11 2209 5282 3116
4799 2 2 16 11 1400 4085 2268
4800 2 2 16 11 1193 2853 4284
4801 2 2 16 11 1052 3390 5441
4802 2 2 16 11 736 2352 3330
4803 2 2 16 11 1288 2227 3811
4804 2 2 16 11 1753 5021 2555
4805 2 2 16 11 1366 2223 4022
4806 2 2 16 11 152 3098 5381
4807 2 2 16 11 1333 3695 4831
4808 2 2 16 11 1229 3023 2505
4809 2 2 16 11 470 2735 471
4810 2 2 16 11 59 2543 3256
4811 2 2 16 11 1413 2413 3893
4812 2 2 16 11 1497 3637 5481
4813 2 2 16 11 1553 2769 3766
4814 2 2 16 11 1184 3766 2769
4815 2 2 16 11 1364 2762 2903
4816 2 2 16 11 1244 4325 5176
4817 2 2 16 11 1076 5093 2668
4818 2 2 16 11 2251 3926 2703
4819 2 2 16 11 1112 4484 2376
4820 2 2 16 11 1080 2648 3987
4821 2 2 16 11 1564 3987 2648
4822 2 2 16 11 24 4128 3795
4823 2 2 16 11 1546 2376 4484
4824 2 2 16 11 2161 4907 2876
4825 2 2 16 11 1689 2210 3935
4826 2 2 16 11 1151 2903 2762
4827 2 2 16 11 2201 3523 5156
4828 2 2 16 11 1932 2541 5478
4829 2 2 16 11 2642 5241 4736
4830 2 2 16 11 472 2272 5043
4831 2 2 16 11 1509 5257 2972
4832 2 2 16 11 1509 3999 5257
4833 2 2 16 11 755 4019 3082
4834 2 2 16 11 1317 3633 3108
4835 2 2 16 11 1377 2500 3942
4836 2 2 16 11 1438 2647 3321
4837 2 2 16 11 1487 2248 4494
4838 2 2 16 11 1532 4399 2659
4839 2 2 16 11 1200 2676 4631
4840 2 2 16 11 1912 3690 2933
4841 2 2 16 11 1331 2216 4684
4842 2 2 16 11 1528 2657 4405
4843 2 2 16 11 1402 4023 2212
4844 2 2 16 11 683 4603 3050
4845 2 2 16 11 1693 4797 4845
4846 2 2 16 11 1217 4751 2832
4847 2 2 16 11 1069 2226 4248
4848 2 2 16 11 1778 4502 2764
4849 2 2 16 11 2160 4615 3265
4850 2 2 16 11 1441 5384 2778
4851 2 2 16 11 1896 5079 2722
4852 2 2 16 11 1110 2293 4843
4853 2 2 16 11 1211 2389 4413
4854 2 2 16 11 980 3441 2288
4855 2 2 16 11 1690 3921 2214
4856 2 2 16 11 2093 5436 2403
4857 2 2 16 11 643 3126 3193
4858 2 2 16 11 1189 3120 2452
4859 2 2 16 11 2218 3460 5257
4860 2 2 16 11 1940 4866 4482
4861 2 2 16 11 3305 3559 5442
4862 2 2 16 11 1017 5056 2328
4863 2 2 16 11 992 4254 2290
4864 2 2 16 11 2220 4501 2775
4865 2 2 16 11 749 4897 2411
4866 2 2 16 11 1674 2411 4897
4867 2 2 16 11 2048 4956 3370
4868 2 2 16 11 857 2764 4502
4869 2 2 16 11 1498 3193 3126
4870 2 2 16 11 1017 2483 5056
4871 2 2 16 11 792 3448 3080
4872 2 2 16 11 1033 2379 5309
4873 2 2 16 11 761 2453 3101
4874 2 2 16 11 2469 3948 5151
4875 2 2 16 11 1228 3630 2296
4876 2 2 16 11 1831 2594 4579
4877 2 2 16 11 642 3179 2616
4878 2 2 16 11 545 2731 546
4879 2 2 16 11 1341 2567 2958
4880 2 2 16 11 688 3745 5455
4881 2 2 16 11 1812 5047 3287
4882 2 2 16 11 630 4967 3927
4883 2 2 16 11 1210 4806 2428
4884 2 2 16 11 1586 3998 3103
4885 2 2 16 11 1757 5056 2483
4886 2 2 16 11 2167 5314 2820
4887 2 2 16 11 998 3116 5282
4888 2 2 16 11 1412 2445 3116
4889 2 2 16 11 1435 3639 4311
4890 2 2 16 11 895 3958 3910
4891 2 2 16 11 827 2218 4066
4892 2 2 16 11 2330 2472 4466
4893 2 2 16 11 1569 3080 3448
4894 2 2 16 11 1154 3660 2999
4895 2 2 16 11 983 2575 4783
4896 2 2 16 11 1618 2999 3660
4897 2 2 16 11 1853 5085 2837
4898 2 2 16 11 1111 2218 3999
4899 2 2 16 11 2030 3978 4181
4900 2 2 16 11 1805 3595 2791
4901 2 2 16 11 373 4374 4362
4902 2 2 16 11 1646 3567 4313
4903 2 2 16 11 1138 3162 2426
4904 2 2 16 11 183 2285 4717
4905 2 2 16 11 1956 5474 2368
4906 2 2 16 11 421 2270 4234
4907 2 2 16 11 963 4514 2256
4908 2 2 16 11 1672 2523 4960
4909 2 2 16 11 1063 2642 4736
4910 2 2 16 11 2539 4886 4754
4911 2 2 16 11 1427 4696 2780
4912 2 2 16 11 262 3284 3718
4913 2 2 16 11 777 4624 2222
4914 2 2 16 11 1521 5148 2257
4915 2 2 16 11 1163 2993 2556
4916 2 2 16 11 2843 4719 3954
4917 2 2 16 11 1588 2935 3347
4918 2 2 16 11 1574 2292 4785
4919 2 2 16 11 1517 4254 3404
4920 2 2 16 11 549 5181 550
4921 2 2 16 11 239 240 2745
4922 2 2 16 11 1219 4269 2366
4923 2 2 16 11 1180 2836 2859
4924 2 2 16 11 1461 4227 4524
4925 2 2 16 11 803 3825 3720
4926 2 2 16 11 17 3895 2223
4927 2 2 16 11 1206 2222 3965
4928 2 2 16 11 654 2465 3830
4929 2 2 16 11 1493 2282 3501
4930 2 2 16 11 1622 4951 2309
4931 2 2 16 11 954 2222 4001
4932 2 2 16 11 1654 4640 2262
4933 2 2 16 11 81 82 3354
4934 2 2 16 11 917 2504 4509
4935 2 2 16 11 1366 3980 2223
4936 2 2 16 11 313 3688 2244
4937 2 2 16 11 796 4319 2225
4938 2 2 16 11 1580 3265 4615
4939 2 2 16 11 3117 4292 4574
4940 2 2 16 11 1411 2859 2836
4941 2 2 16 11 3921 841 5176
4942 2 2 16 11 679 3809 4870
4943 2 2 16 11 2210 4298 5138
4944 2 2 16 11 1424 3438 2743
4945 2 2 16 11 796 2743 3438
4946 2 2 16 11 715 3068 2548
4947 2 2 16 11 1664 3752 4009
4948 2 2 16 11 433 2971 434
4949 2 2 16 11 1277 2228 4899
4950 2 2 16 11 1620 4509 2504
4951 2 2 16 11 872 2525 4766
4952 2 2 16 11 1339 3534 4479
4953 2 2 16 11 269 3277 2769
4954 2 2 16 11 1157 2277 4639
4955 2 2 16 11 1075 5312 3698
4956 2 2 16 11 220 221 2742
4957 2 2 16 11 1198 2363 4048
4958 2 2 16 11 786 3347 2935
4959 2 2 16 11 983 4194 2575
4960 2 2 16 11 1764 5019 4066
4961 2 2 16 11 1430 4141 2485
4962 2 2 16 11 2839 5236 4851
4963 2 2 16 11 1417 2602 2950
4964 2 2 16 11 1246 3372 2362
4965 2 2 16 11 1501 2640 3984
4966 2 2 16 11 988 4874 2260
4967 2 2 16 11 2160 3265 4953
4968 2 2 16 11 1303 3611 2264
4969 2 2 16 11 1686 3687 2573
4970 2 2 16 11 3404 4254 4731
4971 2 2 16 11 603 3496 2289
4972 2 2 16 11 1202 3924 2582
4973 2 2 16 11 563 2887 564
4974 2 2 16 11 602 3405 2599
4975 2 2 16 11 1358 4419 2230
4976 2 2 16 11 1691 2792 3082
4977 2 2 16 11 1440 5166 2513
4978 2 2 16 11 2214 5176 4325
4979 2 2 16 11 1233 3102 2502
4980 2 2 16 11 999 2329 3495
4981 2 2 16 11 1209 3022 2555
4982 2 2 16 11 1737 3652 4330
4983 2 2 16 11 1746 4739 3224
4984 2 2 16 11 1116 2448 3855
4985 2 2 16 11 160 2233 4096
4986 2 2 16 11 1027 2362 3329
4987 2 2 16 11 1404 3855 2448
4988 2 2 16 11 1341 3711 3155
4989 2 2 16 11 182 4717 4370
4990 2 2 16 11 2309 2973 4796
4991 2 2 16 11 985 4262 2283
4992 2 2 16 11 482 2565 3006
4993 2 2 16 11 3281 4453 4587
4994 2 2 16 11 1418 3162 3798
4995 2 2 16 11 1308 3951 2322
4996 2 2 16 11 1435 2732 3639
4997 2 2 16 11 1778 3079 4688
4998 2 2 16 11 1236 2530 3069
4999 2 2 16 11 3809 5371 4870
5000 2 2 16 11 5176 841 2944
5001 2 2 16 11 3935 5138 838
5002 2 2 16 11 1912 5272 3690
5003 2 2 16 11 608 3367 2383
5004 2 2 16 11 1308 5151 3431
5005 2 2 16 11 2338 3511 3165
5006 2 2 16 11 138 139 2880
5007 2 2 16 11 693 4501 3020
5008 2 2 16 11 794 2389 3286
5009 2 2 16 11 1070 5038 2251
5010 2 2 16 11 1246 2361 3449
5011 2 2 16 11 1472 2263 4593
5012 2 2 16 11 624 4799 2372
5013 2 2 16 11 2285 4370 4717
5014 2 2 16 11 1693 4845 2481
5015 2 2 16 11 852 3775 2498
5016 2 2 16 11 1613 2372 4799
5017 2 2 16 11 732 4869 2449
5018 2 2 16 11 2072 5029 4145
5019 2 2 16 11 1258 4505 3907
5020 2 2 16 11 550 3289 551
5021 2 2 16 11 1161 2414 3234
5022 2 2 16 11 189 190 2902
5023 2 2 16 11 636 4277 2936
5024 2 2 16 11 848 3946 2740
5025 2 2 16 11 1231 5072 4340
5026 2 2 16 11 838 5138 2939
5027 2 2 16 11 1784 4917 3173
5028 2 2 16 11 1721 3007 4803
5029 2 2 16 11 1915 5412 5231
5030 2 2 16 11 1716 4610 2713
5031 2 2 16 11 2056 4421 3656
5032 2 2 16 11 1900 5107 2777
5033 2 2 16 11 1696 2971 3627
5034 2 2 16 11 1222 4302 2811
5035 2 2 16 11 1061 4680 2715
5036 2 2 16 11 2778 5384 3113
5037 2 2 16 11 1378 2509 3990
5038 2 2 16 11 970 2242 4150
5039 2 2 16 11 671 2251 4313
5040 2 2 16 11 1321 2508 4833
5041 2 2 16 11 1302 3627 2971
5042 2 2 16 11 1833 5307 2519
5043 2 2 16 11 1070 4526 2639
5044 2 2 16 11 775 3069 2530
5045 2 2 16 11 1473 2454 4212
5046 2 2 16 11 1010 2481 4845
5047 2 2 16 11 1576 3281 4587
5048 2 2 16 11 1708 4953 3265
5049 2 2 16 11 1697 3315 4361
5050 2 2 16 11 2865 4480 3159
5051 2 2 16 11 710 5100 3051
5052 2 2 16 11 1443 3753 5231
5053 2 2 16 11 970 2519 5307
5054 2 2 16 11 697 2291 3532
5055 2 2 16 11 605 2675 3481
5056 2 2 16 11 1918 3865 3964
5057 2 2 16 11 947 2245 3866
5058 2 2 16 11 848 3611 2312
5059 2 2 16 11 1066 2502 3102
5060 2 2 16 11 75 2286 4648
5061 2 2 16 11 788 3484 2310
5062 2 2 16 11 1569 4279 2687
5063 2 2 16 11 1829 3376 5480
5064 2 2 16 11 691 5045 2344
5065 2 2 16 11 1031 3913 2496
5066 2 2 16 11 282 283 2873
5067 2 2 16 11 92 4164 2399
5068 2 2 16 11 629 2668 5160
5069 2 2 16 11 1187 3125 2484
5070 2 2 16 11 747 3983 2264
5071 2 2 16 11 1329 4432 3515
5072 2 2 16 11 683 4174 2250
5073 2 2 16 11 1240 2476 3137
5074 2 2 16 11 1304 3586 2498
5075 2 2 16 11 735 2534 5301
5076 2 2 16 11 1303 2312 3611
5077 2 2 16 11 816 2362 3372
5078 2 2 16 11 765 4468 2253
5079 2 2 16 11 5197 3717 1524
5080 2 2 16 11 1554 2761 3843
5081 2 2 16 11 1154 2273 3660
5082 2 2 16 11 1662 2738 3588
5083 2 2 16 11 2396 5480 3376
5084 2 2 16 11 1433 3803 3078
5085 2 2 16 11 1219 2366 3363
5086 2 2 16 11 1255 3373 2364
5087 2 2 16 11 731 2364 3373
5088 2 2 16 11 969 3485 2313
5089 2 2 16 11 1219 3492 2584
5090 2 2 16 11 1847 5432 2726
5091 2 2 16 11 746 5356 2331
5092 2 2 16 11 2328 4340 5072
5093 2 2 16 11 1563 3117 4574
5094 2 2 16 11 2261 4295 3787
5095 2 2 16 11 4295 659 3787
5096 2 2 16 11 1349 3024 2574
5097 2 2 16 11 1079 2712 4609
5098 2 2 16 11 1037 3462 2434
5099 2 2 16 11 1276 3218 5145
5100 2 2 16 11 1235 4977 2888
5101 2 2 16 11 1026 5391 2291
5102 2 2 16 11 1232 2548 3068
5103 2 2 16 11 1046 2343 3424
5104 2 2 16 11 2292 4964 3529
5105 2 2 16 11 1191 2275 4469
5106 2 2 16 11 2293 3717 5197
5107 2 2 16 11 1774 4485 4041
5108 2 2 16 11 1518 2443 4295
5109 2 2 16 11 659 4295 2443
5110 2 2 16 11 1494 3451 3124
5111 2 2 16 11 105 4074 2552
5112 2 2 16 11 216 217 2786
5113 2 2 16 11 731 3382 2364
5114 2 2 16 11 1225 2253 3874
5115 2 2 16 11 727 3320 4410
5116 2 2 16 11 1239 3215 5122
5117 2 2 16 11 1336 3879 2255
5118 2 2 16 11 658 2255 3879
5119 2 2 16 11 74 4648 4352
5120 2 2 16 11 1283 5257 3460
5121 2 2 16 11 1608 2875 4975
5122 2 2 16 11 1599 3926 2251
5123 2 2 16 11 1575 4556 4557
5124 2 2 16 11 1255 2338 4542
5125 2 2 16 11 1250 3154 2551
5126 2 2 16 11 914 3782 2305
5127 2 2 16 11 1552 4132 4237
5128 2 2 16 11 526 3084 527
5129 2 2 16 11 1328 2259 4094
5130 2 2 16 11 1533 4444 3086
5131 2 2 16 11 297 5494 2500
5132 2 2 16 11 898 4242 4189
5133 2 2 16 11 1265 4186 2313
5134 2 2 16 11 245 246 3018
5135 2 2 16 11 3386 5286 4988
5136 2 2 16 11 828 3686 2927
5137 2 2 16 11 952 4192 5322
5138 2 2 16 11 961 2253 3942
5139 2 2 16 11 2065 4617 3701
5140 2 2 16 11 1256 3561 2354
5141 2 2 16 11 992 2290 4561
5142 2 2 16 11 1243 2383 3367
5143 2 2 16 11 848 2312 3529
5144 2 2 16 11 1158 2933 4356
5145 2 2 16 11 1950 3095 2753
5146 2 2 16 11 10 2324 4839
5147 2 2 16 11 381 4838 2325
5148 2 2 16 11 1508 4561 2290
5149 2 2 16 11 1224 2400 4525
5150 2 2 16 11 498 2788 499
5151 2 2 16 11 993 3214 3437
5152 2 2 16 11 1611 3859 3317
5153 2 2 16 11 815 3593 2299
5154 2 2 16 11 1241 5132 2898
5155 2 2 16 11 1285 2299 3593
5156 2 2 16 11 1590 3437 3214
5157 2 2 16 11 1591 2296 3962
5158 2 2 16 11 360 3962 2296
5159 2 2 16 11 1122 2377 3385
5160 2 2 16 11 53 2447 3229
5161 2 2 16 11 517 2546 4861
5162 2 2 16 11 1222 2754 4047
5163 2 2 16 11 465 2882 466
5164 2 2 16 11 1915 3134 5412
5165 2 2 16 11 2324 3691 4565
5166 2 2 16 11 789 3656 4421
5167 2 2 16 11 1243 4307 2382
5168 2 2 16 11 1245 3412 4528
5169 2 2 16 11 1531 2264 4236
5170 2 2 16 11 1778 2764 3129
5171 2 2 16 11 813 2505 3480
5172 2 2 16 11 723 2376 5190
5173 2 2 16 11 695 2753 3095
5174 2 2 16 11 750 2351 5264
5175 2 2 16 11 697 2280 3906
5176 2 2 16 11 1380 3727 4369
5177 2 2 16 11 968 5448 2261
5178 2 2 16 11 1070 2703 4526
5179 2 2 16 11 599 4991 2345
5180 2 2 16 11 1208 4160 3071
5181 2 2 16 11 1665 3258 3578
5182 2 2 16 11 1223 3578 3258
5183 2 2 16 11 674 4634 2263
5184 2 2 16 11 1457 3010 2615
5185 2 2 16 11 1073 3399 2498
5186 2 2 16 11 1204 3065 5433
5187 2 2 16 11 1303 2264 3983
5188 2 2 16 11 1804 2824 4994
5189 2 2 16 11 289 2657 3579
5190 2 2 16 11 1304 2498 3399
5191 2 2 16 11 614 3483 2750
5192 2 2 16 11 1573 2955 2954
5193 2 2 16 11 1817 3536 5283
5194 2 2 16 11 3126 4667 4442
5195 2 2 16 11 1165 2954 2955
5196 2 2 16 11 998 2518 4607
5197 2 2 16 11 714 2267 4703
5198 2 2 16 11 1878 3027 5185
5199 2 2 16 11 955 3701 4617
5200 2 2 16 11 800 2393 4910
5201 2 2 16 11 620 3502 3075
5202 2 2 16 11 1624 4553 4787
5203 2 2 16 11 1596 3868 2867
5204 2 2 16 11 1321 4979 2937
5205 2 2 16 11 975 3971 2267
5206 2 2 16 11 1722 2642 2997
5207 2 2 16 11 1153 2827 3424
5208 2 2 16 11 1087 2976 4083
5209 2 2 16 11 1161 3234 2936
5210 2 2 16 11 2020 4068 2618
5211 2 2 16 11 1217 3486 2340
5212 2 2 16 11 1234 3476 2477
5213 2 2 16 11 1585 3847 3230
5214 2 2 16 11 1120 4196 2271
5215 2 2 16 11 196 2987 3301
5216 2 2 16 11 135 136 2851
5217 2 2 16 11 1612 4878 2335
5218 2 2 16 11 1447 2936 3234
5219 2 2 16 11 1166 2931 4704
5220 2 2 16 11 929 4181 3978
5221 2 2 16 11 999 3495 2384
5222 2 2 16 11 616 3449 2361
5223 2 2 16 11 3971 5268 1410
5224 2 2 16 11 1094 2847 4816
5225 2 2 16 11 1093 2402 3376
5226 2 2 16 11 1540 4433 2733
5227 2 2 16 11 1240 3448 2476
5228 2 2 16 11 809 2867 3868
5229 2 2 16 11 787 2288 4015
5230 2 2 16 11 1630 4607 2518
5231 2 2 16 11 994 5208 2446
5232 2 2 16 11 3070 4815 4149
5233 2 2 16 11 1125 3884 2391
5234 2 2 16 11 1054 3205 2508
5235 2 2 16 11 717 2360 5074
5236 2 2 16 11 1608 4975 4327
5237 2 2 16 11 948 2268 3900
5238 2 2 16 11 731 3933 2406
5239 2 2 16 11 447 3164 448
5240 2 2 16 11 985 2283 4901
5241 2 2 16 11 779 2651 4747
5242 2 2 16 11 1467 2905 3755
5243 2 2 16 11 2145 3840 4947
5244 2 2 16 11 1273 3386 4988
5245 2 2 16 11 1746 2446 5208
5246 2 2 16 11 1488 2270 4040
5247 2 2 16 11 1404 2448 3848
5248 2 2 16 11 1879 2828 3855
5249 2 2 16 11 1254 2980 5043
5250 2 2 16 11 427 2367 3762
5251 2 2 16 11 314 315 3190
5252 2 2 16 11 1184 2769 3277
5253 2 2 16 11 320 321 3335
5254 2 2 16 11 31 3180 3323
5255 2 2 16 11 92 2399 4387
5256 2 2 16 11 1259 3417 2519
5257 2 2 16 11 42 3848 2448
5258 2 2 16 11 814 4444 3288
5259 2 2 16 11 1224 2767 4633
5260 2 2 16 11 1152 2406 3933
5261 2 2 16 11 218 219 3208
5262 2 2 16 11 515 2849 516
5263 2 2 16 11 1204 2685 2978
5264 2 2 16 11 13 3583 2398
5265 2 2 16 11 2027 5496 2710
5266 2 2 16 11 5253 3975 3365
5267 2 2 16 11 155 156 3786
5268 2 2 16 11 1677 5253 3365
5269 2 2 16 11 2359 5245 3793
5270 2 2 16 11 893 2710 5496
5271 2 2 16 11 1730 2607 4087
5272 2 2 16 11 2559 3664 4498
5273 2 2 16 11 638 3625 2663
5274 2 2 16 11 1425 3157 2760
5275 2 2 16 11 772 3422 2963
5276 2 2 16 11 1490 2963 3422
5277 2 2 16 11 792 3368 2476
5278 2 2 16 11 1433 2962 3803
5279 2 2 16 11 650 2269 3981
5280 2 2 16 11 1959 5174 3474
5281 2 2 16 11 1189 3396 2406
5282 2 2 16 11 825 3472 2972
5283 2 2 16 11 1509 2972 3472
5284 2 2 16 11 1650 4672 2301
5285 2 2 16 11 1131 2697 3454
5286 2 2 16 11 1253 3918 2926
5287 2 2 16 11 570 3581 2659
5288 2 2 16 11 1207 5014 3458
5289 2 2 16 11 946 2777 5107
5290 2 2 16 11 203 204 2968
5291 2 2 16 11 1067 2457 3353
5292 2 2 16 11 1018 2306 4448
5293 2 2 16 11 1477 4448 2306
5294 2 2 16 11 670 2420 4785
5295 2 2 16 11 2128 4643 4280
5296 2 2 16 11 939 3811 4388
5297 2 2 16 11 1334 4807 2401
5298 2 2 16 11 1535 3355 4257
5299 2 2 16 11 2488 5489 2930
5300 2 2 16 11 891 3777 4330
5301 2 2 16 11 623 2536 3410
5302 2 2 16 11 1229 2505 3836
5303 2 2 16 11 2227 4388 3811
5304 2 2 16 11 1316 3410 2536
5305 2 2 16 11 1106 2280 4246
5306 2 2 16 11 1027 2539 4754
5307 2 2 16 11 1058 2466 4673
5308 2 2 16 11 623 2313 3829
5309 2 2 16 11 1493 3904 2282
5310 2 2 16 11 1316 2803 4946
5311 2 2 16 11 1187 2484 3231
5312 2 2 16 11 269 270 3277
5313 2 2 16 11 1480 2590 4292
5314 2 2 16 11 1227 4319 2760
5315 2 2 16 11 1541 2424 3380
5316 2 2 16 11 1118 3380 2424
5317 2 2 16 11 1311 3548 2340
5318 2 2 16 11 1285 3259 2475
5319 2 2 16 11 3355 4966 4257
5320 2 2 16 11 605 3481 2366
5321 2 2 16 11 1095 2583 4827
5322 2 2 16 11 761 3732 3266
5323 2 2 16 11 1858 3204 2608
5324 2 2 16 11 2063 3187 5479
5325 2 2 16 11 1250 2470 3645
5326 2 2 16 11 403 5238 404
5327 2 2 16 11 1811 5180 3021
5328 2 2 16 11 973 5206 2399
5329 2 2 16 11 1316 3557 2342
5330 2 2 16 11 1468 2355 3505
5331 2 2 16 11 803 2603 3825
5332 2 2 16 11 237 238 2964
5333 2 2 16 11 1335 3793 5245
5334 2 2 16 11 1961 2973 5150
5335 2 2 16 11 1389 3734 2530
5336 2 2 16 11 775 2530 3734
5337 2 2 16 11 869 2380 3466
5338 2 2 16 11 914 2305 3784
5339 2 2 16 11 242 243 2832
5340 2 2 16 11 1163 3483 2370
5341 2 2 16 11 759 2511 5128
5342 2 2 16 11 89 2521 3903
5343 2 2 16 11 451 2835 452
5344 2 2 16 11 432 2979 433
5345 2 2 16 11 1618 3249 3502
5346 2 2 16 11 1432 3502 3249
5347 2 2 16 11 1212 2764 3788
5348 2 2 16 11 1355 3654 4941
5349 2 2 16 11 868 3934 2645
5350 2 2 16 11 757 2635 3677
5351 2 2 16 11 2301 3458 5014
5352 2 2 16 11 29 2287 4079
5353 2 2 16 11 128 3783 2725
5354 2 2 16 11 852 2498 3586
5355 2 2 16 11 1708 2863 4953
5356 2 2 16 11 1788 2577 4035
5357 2 2 16 11 2741 3362 4133
5358 2 2 16 11 190 3967 2902
5359 2 2 16 11 1058 4673 2477
5360 2 2 16 11 1095 2548 3666
5361 2 2 16 11 1734 4062 2284
5362 2 2 16 11 1650 3017 2923
5363 2 2 16 11 1210 2543 3187
5364 2 2 16 11 1938 4629 2753
5365 2 2 16 11 4846 3817 1701
5366 2 2 16 11 859 2334 5407
5367 2 2 16 11 1270 2305 3782
5368 2 2 16 11 691 4836 3453
5369 2 2 16 11 600 2660 3697
5370 2 2 16 11 541 5336 2347
5371 2 2 16 11 2495 3817 4846
5372 2 2 16 11 977 3576 2341
5373 2 2 16 11 975 2289 4349
5374 2 2 16 11 5268 3342 1410
5375 2 2 16 11 1236 4709 4621
5376 2 2 16 11 116 117 2837
5377 2 2 16 11 1815 2464 3465
5378 2 2 16 11 227 2761 4821
5379 2 2 16 11 1492 3070 4149
5380 2 2 16 11 1226 4930 2298
5381 2 2 16 11 1299 3405 5358
5382 2 2 16 11 403 3040 5238
5383 2 2 16 11 1739 2446 4457
5384 2 2 16 11 820 3307 3002
5385 2 2 16 11 1266 2386 4666
5386 2 2 16 11 1513 4841 4235
5387 2 2 16 11 1299 5358 3324
5388 2 2 16 11 2936 4277 4027
5389 2 2 16 11 917 4658 2504
5390 2 2 16 11 1452 3002 3307
5391 2 2 16 11 1797 5361 4687
5392 2 2 16 11 619 2354 3561
5393 2 2 16 11 1442 3986 2294
5394 2 2 16 11 712 2506 4636
5395 2 2 16 11 1620 4636 2506
5396 2 2 16 11 2192 4192 3924
5397 2 2 16 11 1798 2294 5243
5398 2 2 16 11 65 66 3077
5399 2 2 16 11 1432 2621 3075
5400 2 2 16 11 1930 4945 3734
5401 2 2 16 11 1813 3412 5190
5402 2 2 16 11 1729 2595 4983
5403 2 2 16 11 310 311 3059
5404 2 2 16 11 743 3271 3470
5405 2 2 16 11 1601 3470 3271
5406 2 2 16 11 683 3012 2736
5407 2 2 16 11 1704 2355 4918
5408 2 2 16 11 1474 2736 3012
5409 2 2 16 11 1121 3954 2292
5410 2 2 16 11 1259 2384 3495
5411 2 2 16 11 196 197 2987
5412 2 2 16 11 259 260 3032
5413 2 2 16 11 1290 4028 2341
5414 2 2 16 11 575 4678 2333
5415 2 2 16 11 318 319 2853
5416 2 2 16 11 1247 2842 4339
5417 2 2 16 11 2431 4014 4022
5418 2 2 16 11 805 4876 2303
5419 2 2 16 11 1428 3759 2605
5420 2 2 16 11 1186 4178 2604
5421 2 2 16 11 952 3924 4192
5422 2 2 16 11 1051 5022 2373
5423 2 2 16 11 555 3360 556
5424 2 2 16 11 1194 4131 3082
5425 2 2 16 11 846 2442 3713
5426 2 2 16 11 2581 4746 4655
5427 2 2 16 11 1131 2835 5400
5428 2 2 16 11 1568 2951 3154
5429 2 2 16 11 733 3154 2951
5430 2 2 16 11 1355 5089 3643
5431 2 2 16 11 1701 3861 3580
5432 2 2 16 11 1701 2714 4846
5433 2 2 16 11 1500 4335 4567
5434 2 2 16 11 2933 4179 4356
5435 2 2 16 11 817 3536 2369
5436 2 2 16 11 2613 2932 4230
5437 2 2 16 11 2197 5163 3959
5438 2 2 16 11 236 4572 2554
5439 2 2 16 11 1083 2447 5451
5440 2 2 16 11 1228 5347 2297
5441 2 2 16 11 132 4635 2574
5442 2 2 16 11 1235 2593 3118
5443 2 2 16 11 846 3709 2442
5444 2 2 16 11 337 338 5051
5445 2 2 16 11 1150 4459 2311
5446 2 2 16 11 1432 3889 2621
5447 2 2 16 11 1352 3713 2442
5448 2 2 16 11 159 2401 4807
5449 2 2 16 11 787 2605 3759
5450 2 2 16 11 518 3091 519
5451 2 2 16 11 658 5224 2945
5452 2 2 16 11 1311 2340 5129
5453 2 2 16 11 1821 2912 3430
5454 2 2 16 11 18 4270 3895
5455 2 2 16 11 739 4866 3093
5456 2 2 16 11 2033 3093 4866
5457 2 2 16 11 729 3514 2384
5458 2 2 16 11 1796 5329 2559
5459 2 2 16 11 438 4251 2600
5460 2 2 16 11 130 131 2899
5461 2 2 16 11 394 3231 395
5462 2 2 16 11 87 2544 3681
5463 2 2 16 11 234 235 2907
5464 2 2 16 11 1185 4830 2909
5465 2 2 16 11 1298 5098 3304
5466 2 2 16 11 1183 3289 2802
5467 2 2 16 11 2602 4760 3380
5468 2 2 16 11 1040 3430 2912
5469 2 2 16 11 1253 3067 3918
5470 2 2 16 11 1247 4163 2830
5471 2 2 16 11 586 4335 2308
5472 2 2 16 11 1653 2583 5468
5473 2 2 16 11 846 4300 4911
5474 2 2 16 11 2132 4352 4648
5475 2 2 16 11 836 4043 2859
5476 2 2 16 11 679 4318 2307
5477 2 2 16 11 879 3546 3824
5478 2 2 16 11 816 4711 2362
5479 2 2 16 11 1791 4996 2909
5480 2 2 16 11 1309 3493 3481
5481 2 2 16 11 494 2874 495
5482 2 2 16 11 1266 4135 2386
5483 2 2 16 11 133 134 3049
5484 2 2 16 11 1474 4000 3197
5485 2 2 16 11 1660 2359 4888
5486 2 2 16 11 730 4806 5211
5487 2 2 16 11 383 3539 2387
5488 2 2 16 11 583 2638 3087
5489 2 2 16 11 1029 3610 2357
5490 2 2 16 11 420 4040 421
5491 2 2 16 11 2927 4461 3447
5492 2 2 16 11 942 2876 4106
5493 2 2 16 11 1420 2529 3262
5494 2 2 16 11 1019 3273 2524
5495 2 2 16 11 1621 2374 4980
5496 2 2 16 11 1398 4545 4599
5497 2 2 16 11 755 4014 2431
5498 2 2 16 11 1160 5443 3772
5499 2 2 16 11 786 2975 3352
5500 2 2 16 11 1692 4106 2876
5501 2 2 16 11 409 3030 410
5502 2 2 16 11 1210 3256 2543
5503 2 2 16 11 1163 2346 5449
5504 2 2 16 11 739 3093 4644
5505 2 2 16 11 1495 2977 2872
5506 2 2 16 11 598 5060 2644
5507 2 2 16 11 1707 3834 4284
5508 2 2 16 11 2524 4878 4916
5509 2 2 16 11 1587 4667 3126
5510 2 2 16 11 1068 4997 2482
5511 2 2 16 11 1387 3806 2333
5512 2 2 16 11 777 3317 3859
5513 2 2 16 11 1266 2394 4135
5514 2 2 16 11 1762 2868 5313
5515 2 2 16 11 1871 3824 3546
5516 2 2 16 11 1316 2342 4645
5517 2 2 16 11 702 2377 4905
5518 2 2 16 11 710 2749 5100
5519 2 2 16 11 312 313 5023
5520 2 2 16 11 1886 5100 2749
5521 2 2 16 11 2353 4474 2856
5522 2 2 16 11 1566 3350 2480
5523 2 2 16 11 1775 3324 2707
5524 2 2 16 11 621 2881 3085
5525 2 2 16 11 746 4645 2342
5526 2 2 16 11 442 2316 4036
5527 2 2 16 11 1236 2741 4709
5528 2 2 16 11 1575 3085 2881
5529 2 2 16 11 1654 4856 2363
5530 2 2 16 11 513 2683 3748
5531 2 2 16 11 382 4697 4838
5532 2 2 16 11 9 4839 4697
5533 2 2 16 11 1397 3124 3451
5534 2 2 16 11 1317 3369 4498
5535 2 2 16 11 358 2631 4407
5536 2 2 16 11 1095 3666 2583
5537 2 2 16 11 481 4463 2565
5538 2 2 16 11 315 4558 3190
5539 2 2 16 11 1371 3862 2915
5540 2 2 16 11 1558 4488 2327
5541 2 2 16 11 1992 2915 3862
5542 2 2 16 11 1617 3825 4190
5543 2 2 16 11 1963 2330 4466
5544 2 2 16 11 1519 3841 4321
5545 2 2 16 11 960 2320 3961
5546 2 2 16 11 1594 3352 2975
5547 2 2 16 11 581 2878 582
5548 2 2 16 11 1086 2753 4629
5549 2 2 16 11 628 2341 4144
5550 2 2 16 11 40 41 3026
5551 2 2 16 11 1178 2660 4192
5552 2 2 16 11 870 3963 4224
5553 2 2 16 11 1799 4449 2790
5554 2 2 16 11 1073 4877 3560
5555 2 2 16 11 969 2313 4186
5556 2 2 16 11 337 5051 4195
5557 2 2 16 11 801 2656 3977
5558 2 2 16 11 1590 2438 4832
5559 2 2 16 11 856 3525 4058
5560 2 2 16 11 834 2846 3123
5561 2 2 16 11 1312 5227 3479
5562 2 2 16 11 478 3092 479
5563 2 2 16 11 1776 3109 4928
5564 2 2 16 11 1170 3840 2633
5565 2 2 16 11 960 4885 2320
5566 2 2 16 11 1510 3550 4378
5567 2 2 16 11 959 4441 3461
5568 2 2 16 11 1345 3961 2320
5569 2 2 16 11 399 2463 3603
5570 2 2 16 11 1342 3123 2846
5571 2 2 16 11 1253 2879 5186
5572 2 2 16 11 836 3649 5393
5573 2 2 16 11 1415 2497 3348
5574 2 2 16 11 1633 3428 4189
5575 2 2 16 11 1110 4843 2736
5576 2 2 16 11 1302 2971 2979
5577 2 2 16 11 141 3248 2555
5578 2 2 16 11 5067 2321 1504
5579 2 2 16 11 1050 4575 2334
5580 2 2 16 11 1005 5216 2462
5581 2 2 16 11 1408 3343 3901
5582 2 2 16 11 1787 3901 3343
5583 2 2 16 11 1629 3006 4512
5584 2 2 16 11 1339 2727 5114
5585 2 2 16 11 1776 4927 2904
5586 2 2 16 11 978 4141 2317
5587 2 2 16 11 1292 2419 3531
5588 2 2 16 11 826 3137 3235
5589 2 2 16 11 1224 4633 4857
5590 2 2 16 11 2321 4197 1504
5591 2 2 16 11 508 4547 2739
5592 2 2 16 11 1379 2962 3336
5593 2 2 16 11 1433 3336 2962
5594 2 2 16 11 638 3912 3348
5595 2 2 16 11 1595 4158 3545
5596 2 2 16 11 1357 3603 2463
5597 2 2 16 11 1843 2750 3483
5598 2 2 16 11 999 4433 2329
5599 2 2 16 11 236 2554 4012
5600 2 2 16 11 159 4096 2401
5601 2 2 16 11 2493 3192 3842
5602 2 2 16 11 1205 3838 3170
5603 2 2 16 11 3078 3803 5495
5604 2 2 16 11 768 3700 2450
5605 2 2 16 11 1458 4155 5052
5606 2 2 16 11 1261 2425 3489
5607 2 2 16 11 746 2331 4021
5608 2 2 16 11 1055 3028 4032
5609 2 2 16 11 720 3196 5423
5610 2 2 16 11 1275 3415 3408
5611 2 2 16 11 1018 2324 4565
5612 2 2 16 11 1619 3408 3415
5613 2 2 16 11 1142 3299 2726
5614 2 2 16 11 1601 4848 3508
5615 2 2 16 11 2266 3508 4848
5616 2 2 16 11 1677 4067 2579
5617 2 2 16 11 851 3531 2419
5618 2 2 16 11 1231 4340 2504
5619 2 2 16 11 1443 4107 2624
5620 2 2 16 11 523 2896 524
5621 2 2 16 11 1394 2663 3625
5622 2 2 16 11 1960 3236 5303
5623 2 2 16 11 991 2336 4989
5624 2 2 16 11 1711 4032 3028
5625 2 2 16 11 1579 2565 4463
5626 2 2 16 11 274 275 3331
5627 2 2 16 11 1672 4961 2488
5628 2 2 16 11 1354 4021 2331
5629 2 2 16 11 1029 2488 4961
5630 2 2 16 11 1746 3224 4948
5631 2 2 16 11 640 2327 5054
5632 2 2 16 11 1400 2700 3981
5633 2 2 16 11 611 2343 5096
5634 2 2 16 11 295 2929 4111
5635 2 2 16 11 1326 4788 3464
5636 2 2 16 11 1387 2333 4122
5637 2 2 16 11 1556 4758 2516
5638 2 2 16 11 701 2541 3328
5639 2 2 16 11 598 5086 5060
5640 2 2 16 11 79 4418 2643
5641 2 2 16 11 563 4460 2887
5642 2 2 16 11 917 4793 4658
5643 2 2 16 11 1727 5274 2433
5644 2 2 16 11 744 4173 2557
5645 2 2 16 11 1813 5190 3646
5646 2 2 16 11 1699 2573 3687
5647 2 2 16 11 417 2918 3270
5648 2 2 16 11 2783 4870 3343
5649 2 2 16 11 154 155 2942
5650 2 2 16 11 1674 4544 3388
5651 2 2 16 11 1217 2340 4308
5652 2 2 16 11 1324 4932 2360
5653 2 2 16 11 1363 2520 3736
5654 2 2 16 11 1784 2826 4956
5655 2 2 16 11 665 4878 2524
5656 2 2 16 11 1206 3565 2407
5657 2 2 16 11 1297 2436 5301
5658 2 2 16 11 775 4588 2350
5659 2 2 16 11 2206 4090 5026
5660 2 2 16 11 1798 2397 5002
5661 2 2 16 11 1545 2600 4251
5662 2 2 16 11 226 227 4821
5663 2 2 16 11 1907 5200 2997
5664 2 2 16 11 1028 3837 2351
5665 2 2 16 11 1100 2856 4471
5666 2 2 16 11 1372 4380 2654
5667 2 2 16 11 1638 4776 2334
5668 2 2 16 11 1539 4293 3882
5669 2 2 16 11 980 2375 5102
5670 2 2 16 11 699 2363 4707
5671 2 2 16 11 1320 3729 2542
5672 2 2 16 11 1738 3424 2827
5673 2 2 16 11 1945 4725 3551
5674 2 2 16 11 1880 2745 3309
5675 2 2 16 11 1279 3309 2745
5676 2 2 16 11 328 329 2909
5677 2 2 16 11 1678 5162 2421
5678 2 2 16 11 972 5150 2973
5679 2 2 16 11 1326 3888 4788
5680 2 2 16 11 1310 4499 3352
5681 2 2 16 11 593 2572 3463
5682 2 2 16 11 1153 2421 5162
5683 2 2 16 11 1326 3463 2572
5684 2 2 16 11 63 3736 2520
5685 2 2 16 11 2017 4779 3455
5686 2 2 16 11 456 2558 3371
5687 2 2 16 11 626 2845 3221
5688 2 2 16 11 594 4818 2378
5689 2 2 16 11 1791 5228 2566
5690 2 2 16 11 1035 2566 5228
5691 2 2 16 11 1567 2378 4818
5692 2 2 16 11 1330 3604 3091
5693 2 2 16 11 966 3366 4879
5694 2 2 16 11 1870 3091 3604
5695 2 2 16 11 1978 2579 4067
5696 2 2 16 11 333 4056 2336
5697 2 2 16 11 620 4383 2999
5698 2 2 16 11 575 3806 576
5699 2 2 16 11 2161 4879 3366
5700 2 2 16 11 1114 3282 2563
5701 2 2 16 11 1610 4513 3118
5702 2 2 16 11 181 4370 2337
5703 2 2 16 11 690 2828 4972
5704 2 2 16 11 1448 4280 4643
5705 2 2 16 11 1384 3301 2987
5706 2 2 16 11 2053 4553 2752
5707 2 2 16 11 1544 4175 2824
5708 2 2 16 11 1928 3454 4155
5709 2 2 16 11 1879 4972 2828
5710 2 2 16 11 132 2574 3966
5711 2 2 16 11 1640 4083 2976
5712 2 2 16 11 1267 2608 3204
5713 2 2 16 11 355 2562 4763
5714 2 2 16 11 757 3677 2392
5715 2 2 16 11 841 3477 2535
5716 2 2 16 11 1469 3998 3704
5717 2 2 16 11 1144 3322 4688
5718 2 2 16 11 1302 3054 3627
5719 2 2 16 11 925 3383 2594
5720 2 2 16 11 1452 2725 3783
5721 2 2 16 11 1129 2429 3535
5722 2 2 16 11 684 4155 3454
5723 2 2 16 11 1200 3140 2676
5724 2 2 16 11 3252 4695 4799
5725 2 2 16 11 541 2347 3932
5726 2 2 16 11 608 2383 3728
5727 2 2 16 11 766 2892 5256
5728 2 2 16 11 1300 3684 2751
5729 2 2 16 11 1221 2872 2977
5730 2 2 16 11 1373 3710 2479
5731 2 2 16 11 1551 3491 2902
5732 2 2 16 11 977 2341 4028
5733 2 2 16 11 406 2564 4632
5734 2 2 16 11 1457 2501 4274
5735 2 2 16 11 1423 2902 3491
5736 2 2 16 11 417 3270 418
5737 2 2 16 11 1415 3960 2497
5738 2 2 16 11 780 2497 3960
5739 2 2 16 11 1574 4785 2420
5740 2 2 16 11 1336 4808 2877
5741 2 2 16 11 1803 3795 4128
5742 2 2 16 11 1826 3678 3916
5743 2 2 16 11 505 4451 2568
5744 2 2 16 11 1258 3907 2779
5745 2 2 16 11 958 5324 3730
5746 2 2 16 11 1502 3280 2664
5747 2 2 16 11 1653 3264 3238
5748 2 2 16 11 717 2482 3851
5749 2 2 16 11 1429 3748 2683
5750 2 2 16 11 517 3846 2546
5751 2 2 16 11 1046 4132 2343
5752 2 2 16 11 603 3238 3264
5753 2 2 16 11 1832 4503 3832
5754 2 2 16 11 1252 3851 2482
5755 2 2 16 11 761 3101 3732
5756 2 2 16 11 2564 5266 4632
5757 2 2 16 11 792 2476 3448
5758 2 2 16 11 2063 5479 5211
5759 2 2 16 11 272 3526 2512
5760 2 2 16 11 183 184 4013
5761 2 2 16 11 1147 2511 3497
5762 2 2 16 11 1323 2512 3526
5763 2 2 16 11 1122 4679 2893
5764 2 2 16 11 632 4408 4373
5765 2 2 16 11 38 4792 2733
5766 2 2 16 11 670 4810 2912
5767 2 2 16 11 1160 2368 3830
5768 2 2 16 11 1364 5055 2350
5769 2 2 16 11 200 3498 2499
5770 2 2 16 11 77 2479 3710
5771 2 2 16 11 1215 4583 3149
5772 2 2 16 11 1299 2599 3405
5773 2 2 16 11 1114 5368 3653
5774 2 2 16 11 1604 2347 5336
5775 2 2 16 11 856 4788 3525
5776 2 2 16 11 1272 4289 3045
5777 2 2 16 11 1020 2389 3878
5778 2 2 16 11 623 3410 2515
5779 2 2 16 11 362 3680 2634
5780 2 2 16 11 1007 2364 4864
5781 2 2 16 11 1284 3527 2523
5782 2 2 16 11 1386 3867 4003
5783 2 2 16 11 843 2356 3920
5784 2 2 16 11 321 322 3240
5785 2 2 16 11 5129 830 3779
5786 2 2 16 11 2532 5129 3779
5787 2 2 16 11 884 3073 2926
5788 2 2 16 11 1345 2926 3073
5789 2 2 16 11 1498 4442 2678
5790 2 2 16 11 650 4977 3008
5791 2 2 16 11 657 4487 2487
5792 2 2 16 11 1332 3469 4974
5793 2 2 16 11 1351 2427 3937
5794 2 2 16 11 653 3793 2375
5795 2 2 16 11 628 2708 3494
5796 2 2 16 11 1364 2350 4588
5797 2 2 16 11 818 5403 4339
5798 2 2 16 11 1282 3150 2715
5799 2 2 16 11 1316 4946 3410
5800 2 2 16 11 2438 3106 4239
5801 2 2 16 11 2433 3589 5411
5802 2 2 16 11 476 3120 477
5803 2 2 16 11 282 2873 4416
5804 2 2 16 11 1710 2839 4851
5805 2 2 16 11 1747 3616 2423
5806 2 2 16 11 1594 2643 4418
5807 2 2 16 11 1547 2353 4403
5808 2 2 16 11 1297 5216 2436
5809 2 2 16 11 1422 4273 2349
5810 2 2 16 11 1038 4466 2472
5811 2 2 16 11 976 2413 4290
5812 2 2 16 11 1230 4695 3252
5813 2 2 16 11 520 5352 2695
5814 2 2 16 11 1381 3494 2708
5815 2 2 16 11 1265 2532 3779
5816 2 2 16 11 1265 3397 2532
5817 2 2 16 11 1291 3054 2795
5818 2 2 16 11 1311 2532 4216
5819 2 2 16 11 841 3921 3121
5820 2 2 16 11 1690 3121 3921
5821 2 2 16 11 1478 4179 2744
5822 2 2 16 11 1702 3446 3760
5823 2 2 16 11 638 2477 3476
5824 2 2 16 11 1892 5066 3168
5825 2 2 16 11 2077 5117 2560
5826 2 2 16 11 1505 2636 4305
5827 2 2 16 11 3439 4731 5164
5828 2 2 16 11 750 3589 2433
5829 2 2 16 11 1054 2435 4981
5830 2 2 16 11 1272 3096 4289
5831 2 2 16 11 384 4415 385
5832 2 2 16 11 849 3726 3400
5833 2 2 16 11 1411 2453 4662
5834 2 2 16 11 121 3398 2569
5835 2 2 16 11 419 3587 420
5836 2 2 16 11 616 2361 4462
5837 2 2 16 11 1105 2461 3538
5838 2 2 16 11 1953 3631 2527
5839 2 2 16 11 1454 4290 2413
5840 2 2 16 11 1238 3781 2506
5841 2 2 16 11 2985 3214 5319
5842 2 2 16 11 698 2715 3150
5843 2 2 16 11 1468 5385 2355
5844 2 2 16 11 2226 4775 5044
5845 2 2 16 11 1021 5180 4844
5846 2 2 16 11 644 4057 2691
5847 2 2 16 11 693 2775 4501
5848 2 2 16 11 1227 3177 4319
5849 2 2 16 11 825 5034 4748
5850 2 2 16 11 1269 3414 2536
5851 2 2 16 11 51 4457 2446
5852 2 2 16 11 956 4666 2386
5853 2 2 16 11 1358 2628 3694
5854 2 2 16 11 1334 5046 3693
5855 2 2 16 11 1310 3706 2419
5856 2 2 16 11 288 289 3579
5857 2 2 16 11 1929 4330 3777
5858 2 2 16 11 759 5128 2689
5859 2 2 16 11 1122 4584 2377
5860 2 2 16 11 1027 4754 2361
5861 2 2 16 11 2357 3610 4049
5862 2 2 16 11 7 2575 4004
5863 2 2 16 11 788 2441 3609
5864 2 2 16 11 1175 2437 5173
5865 2 2 16 11 1592 3032 5119
5866 2 2 16 11 1401 4376 2379
5867 2 2 16 11 1566 2480 4608
5868 2 2 16 11 755 3082 2792
5869 2 2 16 11 1024 4608 2480
5870 2 2 16 11 2104 3560 4877
5871 2 2 16 11 1707 2853 4809
5872 2 2 16 11 356 3374 2562
5873 2 2 16 11 1258 4764 2616
5874 2 2 16 11 851 2419 3706
5875 2 2 16 11 987 2423 4554
5876 2 2 16 11 742 3721 2475
5877 2 2 16 11 1333 4831 3393
5878 2 2 16 11 602 2553 3405
5879 2 2 16 11 2270 4443 5076
5880 2 2 16 11 1606 4754 4886
5881 2 2 16 11 1112 2376 3989
5882 2 2 16 11 1230 3480 2505
5883 2 2 16 11 532 3109 533
5884 2 2 16 11 1785 2797 3669
5885 2 2 16 11 605 2366 4269
5886 2 2 16 11 1263 3790 2716
5887 2 2 16 11 815 4505 2617
5888 2 2 16 11 490 2984 491
5889 2 2 16 11 627 2510 3964
5890 2 2 16 11 58 59 3256
5891 2 2 16 11 462 4050 2664
5892 2 2 16 11 1064 2553 4055
5893 2 2 16 11 616 4462 2856
5894 2 2 16 11 1101 2378 4000
5895 2 2 16 11 1453 4055 2553
5896 2 2 16 11 1297 2462 5216
5897 2 2 16 11 473 2980 474
5898 2 2 16 11 330 331 3600
5899 2 2 16 11 1062 4006 2401
5900 2 2 16 11 1352 3865 3713
5901 2 2 16 11 1271 3166 4864
5902 2 2 16 11 1918 3713 3865
5903 2 2 16 11 1024 4693 2383
5904 2 2 16 11 1085 2677 4201
5905 2 2 16 11 1782 5048 2427
5906 2 2 16 11 1329 3515 2517
5907 2 2 16 11 1067 3353 2619
5908 2 2 16 11 553 2517 3515
5909 2 2 16 11 2896 5477 4671
5910 2 2 16 11 1429 2683 3213
5911 2 2 16 11 1487 3213 2683
5912 2 2 16 11 482 3006 483
5913 2 2 16 11 674 2693 4634
5914 2 2 16 11 302 2518 5172
5915 2 2 16 11 1261 4240 2587
5916 2 2 16 11 745 3548 2514
5917 2 2 16 11 1311 2514 3548
5918 2 2 16 11 56 57 3169
5919 2 2 16 11 1343 3650 2438
5920 2 2 16 11 1212 2778 3113
5921 2 2 16 11 1503 3678 3995
5922 2 2 16 11 2204 5440 4974
5923 2 2 16 11 463 2664 3789
5924 2 2 16 11 1450 3886 2686
5925 2 2 16 11 1421 4271 2371
5926 2 2 16 11 1605 4242 2741
5927 2 2 16 11 694 2857 4321
5928 2 2 16 11 898 2741 4242
5929 2 2 16 11 1225 4218 2370
5930 2 2 16 11 1009 5078 2372
5931 2 2 16 11 3149 4583 4267
5932 2 2 16 11 618 3717 2744
5933 2 2 16 11 1551 2902 3967
5934 2 2 16 11 1705 4278 3175
5935 2 2 16 11 1270 2985 4691
5936 2 2 16 11 808 2806 4719
5937 2 2 16 11 1724 4882 2980
5938 2 2 16 11 1831 4579 5366
5939 2 2 16 11 1901 3917 4904
5940 2 2 16 11 1431 3789 2664
5941 2 2 16 11 1034 5462 4259
5942 2 2 16 11 1014 3957 2528
5943 2 2 16 11 1409 2528 3957
5944 2 2 16 11 2736 4843 4603
5945 2 2 16 11 663 4758 4894
5946 2 2 16 11 247 248 3151
5947 2 2 16 11 1451 4984 3167
5948 2 2 16 11 2269 5154 5334
5949 2 2 16 11 4723 1695 4086
5950 2 2 16 11 2374 4949 3363
5951 2 2 16 11 1701 3580 2714
5952 2 2 16 11 1442 5422 2405
5953 2 2 16 11 1957 4003 3867
5954 2 2 16 11 1671 2832 4730
5955 2 2 16 11 507 4547 508
5956 2 2 16 11 5345 4232 1045
5957 2 2 16 11 2490 4723 4086
5958 2 2 16 11 1381 3044 3494
5959 2 2 16 11 1422 4565 3691
5960 2 2 16 11 1502 2664 4050
5961 2 2 16 11 2562 5345 4763
5962 2 2 16 11 1212 3129 2764
5963 2 2 16 11 1168 3379 2696
5964 2 2 16 11 1144 4688 3079
5965 2 2 16 11 1413 3323 3180
5966 2 2 16 11 1576 4587 3461
5967 2 2 16 11 863 3897 3139
5968 2 2 16 11 1870 2695 5352
5969 2 2 16 11 2094 3461 4587
5970 2 2 16 11 1889 2561 4963
5971 2 2 16 11 1396 2525 3909
5972 2 2 16 11 860 3142 4063
5973 2 2 16 11 872 3909 2525
5974 2 2 16 11 1171 2923 3017
5975 2 2 16 11 800 4910 2597
5976 2 2 16 11 569 3581 570
5977 2 2 16 11 2838 4343 4443
5978 2 2 16 11 1854 4337 4365
5979 2 2 16 11 1717 4477 3586
5980 2 2 16 11 1133 4167 2974
5981 2 2 16 11 1024 2382 4608
5982 2 2 16 11 1817 3275 5259
5983 2 2 16 11 1262 2618 4620
5984 2 2 16 11 1276 2695 3218
5985 2 2 16 11 1870 3218 2695
5986 2 2 16 11 1577 2403 4654
5987 2 2 16 11 1732 4063 3142
5988 2 2 16 11 1557 2581 4655
5989 2 2 16 11 1208 3787 2667
5990 2 2 16 11 1267 3474 2535
5991 2 2 16 11 1044 4329 2588
5992 2 2 16 11 212 213 3003
5993 2 2 16 11 1842 5209 4175
5994 2 2 16 11 1243 3712 2579
5995 2 2 16 11 1267 2535 3477
5996 2 2 16 11 858 2522 3863
5997 2 2 16 11 1254 2442 3709
5998 2 2 16 11 2329 5106 4940
5999 2 2 16 11 1358 3649 2453
6000 2 2 16 11 1503 3916 3678
6001 2 2 16 11 1142 2726 5432
6002 2 2 16 11 877 3411 3671
6003 2 2 16 11 1702 3671 3411
6004 2 2 16 11 1020 4413 2389
6005 2 2 16 11 1297 5301 2534
6006 2 2 16 11 1431 2664 3280
6007 2 2 16 11 389 3682 2456
6008 2 2 16 11 1965 4422 3808
6009 2 2 16 11 593 3463 3618
6010 2 2 16 11 1704 3618 3463
6011 2 2 16 11 737 2483 3947
6012 2 2 16 11 459 3094 460
6013 2 2 16 11 1424 2743 3179
6014 2 2 16 11 2106 3740 2494
6015 2 2 16 11 1352 2442 3719
6016 2 2 16 11 1138 2426 3800
6017 2 2 16 11 1885 3958 2630
6018 2 2 16 11 1334 2401 4006
6019 2 2 16 11 1202 3159 3924
6020 2 2 16 11 297 298 5494
6021 2 2 16 11 297 2500 3658
6022 2 2 16 11 594 3760 3446
6023 2 2 16 11 1592 5119 4323
6024 2 2 16 11 2204 5488 5440
6025 2 2 16 11 1030 2398 5182
6026 2 2 16 11 832 3557 3414
6027 2 2 16 11 1206 3965 3565
6028 2 2 16 11 1765 4058 3525
6029 2 2 16 11 1915 5231 3753
6030 2 2 16 11 1758 4070 4962
6031 2 2 16 11 1455 4004 2575
6032 2 2 16 11 940 3230 3847
6033 2 2 16 11 1271 4864 3382
6034 2 2 16 11 839 2770 3621
6035 2 2 16 11 1886 3565 3965
6036 2 2 16 11 517 4861 518
6037 2 2 16 11 2319 5307 5093
6038 2 2 16 11 757 2392 4395
6039 2 2 16 11 467 3860 2567
6040 2 2 16 11 1317 3108 3369
6041 2 2 16 11 1647 4665 3905
6042 2 2 16 11 1817 5283 3275
6043 2 2 16 11 1526 4668 2394
6044 2 2 16 11 1598 2395 4456
6045 2 2 16 11 1405 4395 2392
6046 2 2 16 11 1902 3046 4752
6047 2 2 16 11 1674 3911 2411
6048 2 2 16 11 1708 3994 3877
6049 2 2 16 11 766 5256 4761
6050 2 2 16 11 921 4752 3046
6051 2 2 16 11 587 3645 2470
6052 2 2 16 11 83 84 4261
6053 2 2 16 11 25 26 3027
6054 2 2 16 11 726 4170 2391
6055 2 2 16 11 543 3672 544
6056 2 2 16 11 105 106 4074
6057 2 2 16 11 784 2686 3886
6058 2 2 16 11 1397 4523 3391
6059 2 2 16 11 1269 3485 2801
6060 2 2 16 11 967 4627 2523
6061 2 2 16 11 345 346 3181
6062 2 2 16 11 1118 2602 3380
6063 2 2 16 11 1393 2619 3353
6064 2 2 16 11 585 4915 2430
6065 2 2 16 11 1001 5026 4090
6066 2 2 16 11 1347 4677 2395
6067 2 2 16 11 848 4964 3946
6068 2 2 16 11 1901 3895 4270
6069 2 2 16 11 1304 2690 3294
6070 2 2 16 11 866 3646 3953
6071 2 2 16 11 664 3294 2690
6072 2 2 16 11 2562 4232 5345
6073 2 2 16 11 1481 3143 3393
6074 2 2 16 11 1761 4366 3005
6075 2 2 16 11 805 4827 2583
6076 2 2 16 11 832 3327 3557
6077 2 2 16 11 996 4851 5236
6078 2 2 16 11 1030 4273 2398
6079 2 2 16 11 1422 2398 4273
6080 2 2 16 11 1549 2399 4164
6081 2 2 16 11 339 3426 2576
6082 2 2 16 11 2764 5275 3788
6083 2 2 16 11 2451 4993 3822
6084 2 2 16 11 44 45 3387
6085 2 2 16 11 4993 1607 3822
6086 2 2 16 11 828 5409 3028
6087 2 2 16 11 1629 4783 2575
6088 2 2 16 11 1350 2459 3726
6089 2 2 16 11 1283 2572 3636
6090 2 2 16 11 822 3425 4350
6091 2 2 16 11 1046 5008 2439
6092 2 2 16 11 1815 3345 5214
6093 2 2 16 11 388 4641 3682
6094 2 2 16 11 30 31 3323
6095 2 2 16 11 1070 2949 5038
6096 2 2 16 11 1854 3883 5415
6097 2 2 16 11 1600 4670 2410
6098 2 2 16 11 1835 2712 3253
6099 2 2 16 11 783 4223 2652
6100 2 2 16 11 643 5040 2403
6101 2 2 16 11 1106 2750 5158
6102 2 2 16 11 1843 5158 2750
6103 2 2 16 11 1536 2652 4223
6104 2 2 16 11 1220 2711 3571
6105 2 2 16 11 1494 2405 4420
6106 2 2 16 11 1276 3620 2695
6107 2 2 16 11 1656 4047 2854
6108 2 2 16 11 810 2854 4047
6109 2 2 16 11 846 4911 3062
6110 2 2 16 11 177 178 3057
6111 2 2 16 11 1514 4428 2589
6112 2 2 16 11 1752 2814 5113
6113 2 2 16 11 1339 5114 3174
6114 2 2 16 11 1880 3522 2964
6115 2 2 16 11 1327 2964 3522
6116 2 2 16 11 2373 3943 2952
6117 2 2 16 11 1871 5360 3421
6118 2 2 16 11 1298 3514 2924
6119 2 2 16 11 1861 5426 3887
6120 2 2 16 11 1476 2732 3242
6121 2 2 16 11 1366 4022 4014
6122 2 2 16 11 1959 4766 5174
6123 2 2 16 11 228 229 3172
6124 2 2 16 11 2010 2485 5341
6125 2 2 16 11 1619 3273 5299
6126 2 2 16 11 827 3570 3460
6127 2 2 16 11 1682 4134 3996
6128 2 2 16 11 607 2404 4741
6129 2 2 16 11 385 4415 3821
6130 2 2 16 11 27 28 3191
6131 2 2 16 11 722 3702 3145
6132 2 2 16 11 740 2467 5254
6133 2 2 16 11 1660 4005 3778
6134 2 2 16 11 861 3833 5067
6135 2 2 16 11 1341 5344 2567
6136 2 2 16 11 2121 4441 4541
6137 2 2 16 11 1455 2575 4194
6138 2 2 16 11 1508 2725 3307
6139 2 2 16 11 1432 3075 3502
6140 2 2 16 11 1078 2611 3566
6141 2 2 16 11 745 2514 3597
6142 2 2 16 11 882 4800 4922
6143 2 2 16 11 1435 3242 2732
6144 2 2 16 11 1664 4009 2860
6145 2 2 16 11 1949 4701 2422
6146 2 2 16 11 1506 2487 4487
6147 2 2 16 11 1407 2531 4069
6148 2 2 16 11 695 4286 4247
6149 2 2 16 11 2371 4247 4286
6150 2 2 16 11 1675 2671 4713
6151 2 2 16 11 696 4145 5029
6152 2 2 16 11 1722 4968 2642
6153 2 2 16 11 847 4713 2671
6154 2 2 16 11 1283 3460 2572
6155 2 2 16 11 1092 5218 3009
6156 2 2 16 11 1482 4343 2838
6157 2 2 16 11 1161 4080 2414
6158 2 2 16 11 1078 3566 2614
6159 2 2 16 11 1269 2536 3829
6160 2 2 16 11 1107 2495 5355
6161 2 2 16 11 1900 4196 3453
6162 2 2 16 11 1178 3697 2660
6163 2 2 16 11 267 268 3869
6164 2 2 16 11 470 5437 2735
6165 2 2 16 11 1120 3453 4196
6166 2 2 16 11 849 3521 3726
6167 2 2 16 11 1455 4194 2412
6168 2 2 16 11 1355 2573 3673
6169 2 2 16 11 1498 4591 2414
6170 2 2 16 11 1274 2651 3883
6171 2 2 16 11 1454 2413 4570
6172 2 2 16 11 835 2642 4968
6173 2 2 16 11 2443 3329 4429
6174 2 2 16 11 1308 3431 2851
6175 2 2 16 11 502 4682 2673
6176 2 2 16 11 1673 4731 3439
6177 2 2 16 11 898 4189 3110
6178 2 2 16 11 1017 3692 2483
6179 2 2 16 11 1925 2851 3431
6180 2 2 16 11 1279 2625 3605
6181 2 2 16 11 845 4293 3673
6182 2 2 16 11 1605 4133 2860
6183 2 2 16 11 2094 4587 3598
6184 2 2 16 11 768 2492 3659
6185 2 2 16 11 1002 4510 2409
6186 2 2 16 11 1610 2593 4623
6187 2 2 16 11 2052 4758 3831
6188 2 2 16 11 1639 4564 2425
6189 2 2 16 11 685 4623 2593
6190 2 2 16 11 1811 3279 5180
6191 2 2 16 11 1377 3658 2500
6192 2 2 16 11 124 125 3100
6193 2 2 16 11 745 2625 4308
6194 2 2 16 11 1159 5435 3651
6195 2 2 16 11 1590 5213 2438
6196 2 2 16 11 1793 4369 3727
6197 2 2 16 11 2548 2959 5161
6198 2 2 16 11 1278 2605 4015
6199 2 2 16 11 1285 2475 3721
6200 2 2 16 11 595 2860 4133
6201 2 2 16 11 3167 4984 3886
6202 2 2 16 11 1219 4774 4269
6203 2 2 16 11 1588 2918 4310
6204 2 2 16 11 1464 2655 3956
6205 2 2 16 11 778 2414 4591
6206 2 2 16 11 1528 3801 2657
6207 2 2 16 11 1132 2657 3801
6208 2 2 16 11 1486 3392 3269
6209 2 2 16 11 467 2567 5344
6210 2 2 16 11 1304 3647 2690
6211 2 2 16 11 91 4387 4585
6212 2 2 16 11 654 4594 2465
6213 2 2 16 11 1923 4688 3322
6214 2 2 16 11 756 4376 2409
6215 2 2 16 11 1914 4362 4374
6216 2 2 16 11 1532 2659 3807
6217 2 2 16 11 1135 3807 2659
6218 2 2 16 11 87 5430 2544
6219 2 2 16 11 661 2528 4377
6220 2 2 16 11 1019 4916 2737
6221 2 2 16 11 678 4114 2417
6222 2 2 16 11 1666 2887 4460
6223 2 2 16 11 1661 4416 2873
6224 2 2 16 11 1572 3878 4537
6225 2 2 16 11 1118 4993 2451
6226 2 2 16 11 1277 3887 2661
6227 2 2 16 11 756 2409 5289
6228 2 2 16 11 1223 4942 3578
6229 2 2 16 11 2267 3578 4942
6230 2 2 16 11 2231 5057 4426
6231 2 2 16 11 1279 2745 3799
6232 2 2 16 11 750 2433 5116
6233 2 2 16 11 1460 3826 2731
6234 2 2 16 11 1440 4074 5166
6235 2 2 16 11 1281 4426 2983
6236 2 2 16 11 745 3605 2625
6237 2 2 16 11 546 2731 3826
6238 2 2 16 11 789 3956 2655
6239 2 2 16 11 1014 2432 3957
6240 2 2 16 11 764 2413 4231
6241 2 2 16 11 1906 4834 5416
6242 2 2 16 11 2145 3257 4842
6243 2 2 16 11 828 4738 3686
6244 2 2 16 11 1413 4231 2413
6245 2 2 16 11 746 2620 5356
6246 2 2 16 11 424 4963 2561
6247 2 2 16 11 1291 4490 3054
6248 2 2 16 11 580 3845 3905
6249 2 2 16 11 1694 3621 4652
6250 2 2 16 11 1640 3065 3066
6251 2 2 16 11 1754 4427 4959
6252 2 2 16 11 764 4570 2413
6253 2 2 16 11 1461 3580 3861
6254 2 2 16 11 1379 3336 2937
6255 2 2 16 11 1897 4019 2431
6256 2 2 16 11 760 2937 3336
6257 2 2 16 11 1574 2913 3946
6258 2 2 16 11 506 2568 3487
6259 2 2 16 11 378 2455 3849
6260 2 2 16 11 1213 3946 2913
6261 2 2 16 11 357 358 4407
6262 2 2 16 11 982 2431 4022
6263 2 2 16 11 1405 2416 4395
6264 2 2 16 11 509 3176 510
6265 2 2 16 11 1487 2683 4031
6266 2 2 16 11 1136 3450 2932
6267 2 2 16 11 1593 3480 3252
6268 2 2 16 11 512 4031 2683
6269 2 2 16 11 1516 3609 3535
6270 2 2 16 11 1230 3252 3480
6271 2 2 16 11 2538 4210 5061
6272 2 2 16 11 1204 3066 3065
6273 2 2 16 11 2182 4652 3621
6274 2 2 16 11 1444 4990 2410
6275 2 2 16 11 1499 4467 2928
6276 2 2 16 11 757 4395 2416
6277 2 2 16 11 1909 4224 3963
6278 2 2 16 11 2109 4749 2432
6279 2 2 16 11 407 3599 408
6280 2 2 16 11 730 5211 2765
6281 2 2 16 11 1891 3907 4505
6282 2 2 16 11 1790 3466 2650
6283 2 2 16 11 1408 4125 2533
6284 2 2 16 11 754 2459 5020
6285 2 2 16 11 2791 3595 4546
6286 2 2 16 11 964 4655 4746
6287 2 2 16 11 608 4628 3367
6288 2 2 16 11 748 5382 2875
6289 2 2 16 11 1363 4030 2454
6290 2 2 16 11 1994 2875 5382
6291 2 2 16 11 1554 3843 4411
6292 2 2 16 11 611 4773 2421
6293 2 2 16 11 2066 4373 4408
6294 2 2 16 11 1904 3297 2735
6295 2 2 16 11 1330 4861 2546
6296 2 2 16 11 1300 2735 3297
6297 2 2 16 11 1060 4863 2569
6298 2 2 16 11 1795 5308 4802
6299 2 2 16 11 1309 3481 2675
6300 2 2 16 11 432 5297 2979
6301 2 2 16 11 1904 2735 5437
6302 2 2 16 11 1331 5290 3420
6303 2 2 16 11 1480 2426 4552
6304 2 2 16 11 1645 2569 4863
6305 2 2 16 11 1336 4037 4808
6306 2 2 16 11 861 3364 5284
6307 2 2 16 11 623 2515 4216
6308 2 2 16 11 911 3433 2623
6309 2 2 16 11 132 133 4635
6310 2 2 16 11 1064 2707 3324
6311 2 2 16 11 783 2652 4237
6312 2 2 16 11 1552 4237 2652
6313 2 2 16 11 1276 5356 2620
6314 2 2 16 11 1350 5020 2459
6315 2 2 16 11 423 4064 2434
6316 2 2 16 11 1623 4609 4986
6317 2 2 16 11 2221 3004 5071
6318 2 2 16 11 1814 4538 3647
6319 2 2 16 11 591 3694 2628
6320 2 2 16 11 1462 3800 2995
6321 2 2 16 11 920 3598 4587
6322 2 2 16 11 774 4552 2426
6323 2 2 16 11 1680 4671 5477
6324 2 2 16 11 1452 3307 2725
6325 2 2 16 11 1228 2631 3630
6326 2 2 16 11 660 2494 3740
6327 2 2 16 11 1916 3160 3105
6328 2 2 16 11 892 2579 3712
6329 2 2 16 11 2651 3801 4747
6330 2 2 16 11 1247 5287 4163
6331 2 2 16 11 976 4804 3893
6332 2 2 16 11 1914 5026 4127
6333 2 2 16 11 1537 5451 2447
6334 2 2 16 11 1207 3458 2669
6335 2 2 16 11 422 4234 4064
6336 2 2 16 11 1730 5104 2607
6337 2 2 16 11 150 151 3724
6338 2 2 16 11 907 2607 5104
6339 2 2 16 11 734 2458 4960
6340 2 2 16 11 2928 4467 4390
6341 2 2 16 11 1029 4961 2458
6342 2 2 16 11 1311 5129 2532
6343 2 2 16 11 1916 4970 3160
6344 2 2 16 11 1327 2554 4572
6345 2 2 16 11 2226 4398 4775
6346 2 2 16 11 1934 3969 2645
6347 2 2 16 11 356 357 3374
6348 2 2 16 11 718 2584 3492
6349 2 2 16 11 1040 4908 2596
6350 2 2 16 11 2168 4084 2557
6351 2 2 16 11 603 5149 3496
6352 2 2 16 11 1293 2571 3521
6353 2 2 16 11 742 4873 2432
6354 2 2 16 11 834 5406 3704
6355 2 2 16 11 880 5405 4431
6356 2 2 16 11 2175 5443 2465
6357 2 2 16 11 2245 5060 5086
6358 2 2 16 11 1313 4687 3255
6359 2 2 16 11 1486 3269 2844
6360 2 2 16 11 1561 3563 3244
6361 2 2 16 11 1329 3381 5310
6362 2 2 16 11 825 2972 5034
6363 2 2 16 11 1004 5359 4469
6364 2 2 16 11 2036 3215 4557
6365 2 2 16 11 669 3803 2480
6366 2 2 16 11 1675 3524 2671
6367 2 2 16 11 765 3244 3563
6368 2 2 16 11 323 324 3108
6369 2 2 16 11 1193 5237 4159
6370 2 2 16 11 659 2443 4429
6371 2 2 16 11 83 4261 3835
6372 2 2 16 11 1060 4744 3015
6373 2 2 16 11 137 138 4391
6374 2 2 16 11 1076 2460 4945
6375 2 2 16 11 1213 3313 2740
6376 2 2 16 11 2287 3893 4804
6377 2 2 16 11 251 252 3173
6378 2 2 16 11 2641 3377 5337
6379 2 2 16 11 904 5474 3303
6380 2 2 16 11 1358 2453 4419
6381 2 2 16 11 1278 2588 4329
6382 2 2 16 11 1256 2622 4389
6383 2 2 16 11 3425 4819 4350
6384 2 2 16 11 2175 3772 5443
6385 2 2 16 11 2700 4921 3981
6386 2 2 16 11 1407 3902 5317
6387 2 2 16 11 623 3829 2536
6388 2 2 16 11 239 2745 5377
6389 2 2 16 11 1393 3269 3392
6390 2 2 16 11 1766 2966 5071
6391 2 2 16 11 1159 4093 5335
6392 2 2 16 11 366 367 3114
6393 2 2 16 11 831 3876 2946
6394 2 2 16 11 1085 4201 2857
6395 2 2 16 11 618 3690 2542
6396 2 2 16 11 1876 3663 3929
6397 2 2 16 11 3473 5053 4966
6398 2 2 16 11 883 3929 3663
6399 2 2 16 11 1254 4566 2442
6400 2 2 16 11 1820 2812 3689
6401 2 2 16 11 1728 2946 3876
6402 2 2 16 11 486 3128 487
6403 2 2 16 11 1441 3927 3425
6404 2 2 16 11 736 3556 4976
6405 2 2 16 11 1759 3425 3927
6406 2 2 16 11 1958 3367 4628
6407 2 2 16 11 2237 4976 3556
6408 2 2 16 11 861 5191 3901
6409 2 2 16 11 615 4506 3923
6410 2 2 16 11 1062 2478 4006
6411 2 2 16 11 1752 5112 2905
6412 2 2 16 11 1031 2496 5215
6413 2 2 16 11 1969 3805 2653
6414 2 2 16 11 325 4447 3369
6415 2 2 16 11 1679 5215 2496
6416 2 2 16 11 2106 4614 3740
6417 2 2 16 11 1327 3522 2626
6418 2 2 16 11 873 2626 3522
6419 2 2 16 11 2258 3923 4506
6420 2 2 16 11 1094 4816 3582
6421 2 2 16 11 2193 3582 4816
6422 2 2 16 11 1900 3453 4836
6423 2 2 16 11 1808 4659 4812
6424 2 2 16 11 1898 5004 3917
6425 2 2 16 11 782 2466 3941
6426 2 2 16 11 373 374 4374
6427 2 2 16 11 607 2581 4519
6428 2 2 16 11 2057 3708 2849
6429 2 2 16 11 1880 5377 2745
6430 2 2 16 11 1129 2441 4625
6431 2 2 16 11 353 354 3314
6432 2 2 16 11 672 5044 4775
6433 2 2 16 11 2013 4599 4545
6434 2 2 16 11 1509 4244 3999
6435 2 2 16 11 31 32 3180
6436 2 2 16 11 284 5261 3754
6437 2 2 16 11 1222 4047 5083
6438 2 2 16 11 1412 5447 2445
6439 2 2 16 11 1224 4525 2767
6440 2 2 16 11 1054 5404 2455
6441 2 2 16 11 680 3808 4422
6442 2 2 16 11 1020 2693 4722
6443 2 2 16 11 663 2516 4758
6444 2 2 16 11 1675 4722 2693
6445 2 2 16 11 625 2444 4158
6446 2 2 16 11 1048 5456 2475
6447 2 2 16 11 1320 2542 3690
6448 2 2 16 11 1364 4588 2460
6449 2 2 16 11 1685 4940 5106
6450 2 2 16 11 1111 2444 4600
6451 2 2 16 11 1264 4391 2880
6452 2 2 16 11 806 3547 3292
6453 2 2 16 11 1568 3292 3547
6454 2 2 16 11 1232 3666 2548
6455 2 2 16 11 2029 5072 3164
6456 2 2 16 11 236 237 4572
6457 2 2 16 11 660 4280 2494
6458 2 2 16 11 500 3285 501
6459 2 2 16 11 1536 4594 2601
6460 2 2 16 11 1420 3725 2529
6461 2 2 16 11 221 4475 2742
6462 2 2 16 11 783 4237 2440
6463 2 2 16 11 1231 3164 5072
6464 2 2 16 11 208 209 3131
6465 2 2 16 11 1448 2494 4280
6466 2 2 16 11 1281 2900 4924
6467 2 2 16 11 1596 4486 4007
6468 2 2 16 11 324 325 3369
6469 2 2 16 11 2436 3642 5301
6470 2 2 16 11 728 4895 2445
6471 2 2 16 11 652 3473 3687
6472 2 2 16 11 735 5301 3642
6473 2 2 16 11 1010 3854 2481
6474 2 2 16 11 1796 4498 3369
6475 2 2 16 11 1699 3687 3473
6476 2 2 16 11 7 4004 3322
6477 2 2 16 11 1557 4519 2581
6478 2 2 16 11 543 3209 3672
6479 2 2 16 11 2037 2780 4835
6480 2 2 16 11 1467 2493 3842
6481 2 2 16 11 1037 2434 4881
6482 2 2 16 11 1867 5132 4445
6483 2 2 16 11 1806 4229 3276
6484 2 2 16 11 854 3276 4229
6485 2 2 16 11 1617 3720 3825
6486 2 2 16 11 1462 4053 3800
6487 2 2 16 11 114 115 4101
6488 2 2 16 11 157 158 3146
6489 2 2 16 11 1887 5267 3821
6490 2 2 16 11 1323 3364 3332
6491 2 2 16 11 2359 3793 4888
6492 2 2 16 11 1928 5420 4011
6493 2 2 16 11 1504 3332 3364
6494 2 2 16 11 2023 2563 4351
6495 2 2 16 11 737 3947 2472
6496 2 2 16 11 1913 3617 2610
6497 2 2 16 11 660 3740 3163
6498 2 2 16 11 1162 5019 3072
6499 2 2 16 11 1519 4201 3751
6500 2 2 16 11 813 3836 2505
6501 2 2 16 11 1390 2724 3659
6502 2 2 16 11 2001 3015 3714
6503 2 2 16 11 468 3155 469
6504 2 2 16 11 878 4124 3090
6505 2 2 16 11 1290 2654 3467
6506 2 2 16 11 881 4109 3594
6507 2 2 16 11 1580 3163 3740
6508 2 2 16 11 921 2624 4107
6509 2 2 16 11 506 3487 507
6510 2 2 16 11 1406 3115 3401
6511 2 2 16 11 1692 3090 4124
6512 2 2 16 11 840 3714 3015
6513 2 2 16 11 689 2781 3973
6514 2 2 16 11 1892 5046 2478
6515 2 2 16 11 922 3541 4527
6516 2 2 16 11 885 4826 3105
6517 2 2 16 11 768 3659 2724
6518 2 2 16 11 1512 3381 3341
6519 2 2 16 11 1916 3105 4826
6520 2 2 16 11 1329 3341 3381
6521 2 2 16 11 2055 4527 3541
6522 2 2 16 11 1398 2960 3401
6523 2 2 16 11 1618 3660 3941
6524 2 2 16 11 1025 2468 3993
6525 2 2 16 11 1615 2919 4253
6526 2 2 16 11 1300 3679 2735
6527 2 2 16 11 868 4009 3752
6528 2 2 16 11 1612 4916 4878
6529 2 2 16 11 1149 4791 2499
6530 2 2 16 11 1475 3263 3796
6531 2 2 16 11 589 3401 2960
6532 2 2 16 11 1516 2807 3484
6533 2 2 16 11 1550 3994 4511
6534 2 2 16 11 435 4789 2705
6535 2 2 16 11 1387 4122 2501
6536 2 2 16 11 346 5120 3181
6537 2 2 16 11 381 382 4838
6538 2 2 16 11 9 10 4839
6539 2 2 16 11 1285 3429 3259
6540 2 2 16 11 1004 2467 4394
6541 2 2 16 11 726 3884 3170
6542 2 2 16 11 1019 2737 4612
6543 2 2 16 11 591 4359 3313
6544 2 2 16 11 326 2566 4447
6545 2 2 16 11 1047 2465 4076
6546 2 2 16 11 818 2842 4569
6547 2 2 16 11 802 2772 5092
6548 2 2 16 11 1622 3328 2770
6549 2 2 16 11 2090 3764 2882
6550 2 2 16 11 1626 4129 3103
6551 2 2 16 11 1816 3008 4977
6552 2 2 16 11 780 3889 2497
6553 2 2 16 11 1184 3160 3766
6554 2 2 16 11 1696 2705 4789
6555 2 2 16 11 1473 4478 2454
6556 2 2 16 11 1331 2526 4393
6557 2 2 16 11 760 2474 4522
6558 2 2 16 11 1331 4684 2526
6559 2 2 16 11 1399 3123 3200
6560 2 2 16 11 873 3915 2626
6561 2 2 16 11 1708 3877 2863
6562 2 2 16 11 1414 2626 3915
6563 2 2 16 11 2530 4621 3141
6564 2 2 16 11 798 2789 3685
6565 2 2 16 11 4198 634 5339
6566 2 2 16 11 107 4507 2513
6567 2 2 16 11 836 4855 4043
6568 2 2 16 11 8 3199 504
6569 2 2 16 11 1180 3029 5467
6570 2 2 16 11 771 2454 4478
6571 2 2 16 11 392 3260 393
6572 2 2 16 11 28 29 4079
6573 2 2 16 11 1567 2819 4601
6574 2 2 16 11 1921 3119 4434
6575 2 2 16 11 1839 3955 3587
6576 2 2 16 11 666 4579 3096
6577 2 2 16 11 1828 3096 4579
6578 2 2 16 11 5339 634 3727
6579 2 2 16 11 1190 2848 3530
6580 2 2 16 11 633 2844 3269
6581 2 2 16 11 761 4419 2453
6582 2 2 16 11 775 2460 4588
6583 2 2 16 11 548 3816 549
6584 2 2 16 11 1183 2802 4161
6585 2 2 16 11 1559 4161 2802
6586 2 2 16 11 1669 3770 3203
6587 2 2 16 11 939 3203 3770
6588 2 2 16 11 1488 3587 3955
6589 2 2 16 11 625 4899 3072
6590 2 2 16 11 1638 3796 3263
6591 2 2 16 11 1252 2482 4997
6592 2 2 16 11 1560 5035 4288
6593 2 2 16 11 1875 4851 3985
6594 2 2 16 11 302 4120 2518
6595 2 2 16 11 754 4238 2469
6596 2 2 16 11 528 3225 529
6597 2 2 16 11 387 5267 2719
6598 2 2 16 11 1407 3360 3902
6599 2 2 16 11 1866 3902 3360
6600 2 2 16 11 1688 2901 4163
6601 2 2 16 11 1158 5064 3503
6602 2 2 16 11 2213 3503 5064
6603 2 2 16 11 1544 2824 3333
6604 2 2 16 11 1192 3542 2855
6605 2 2 16 11 798 2804 4357
6606 2 2 16 11 1419 3928 3504
6607 2 2 16 11 1794 3504 3928
6608 2 2 16 11 1137 5092 2772
6609 2 2 16 11 2583 3666 5468
6610 2 2 16 11 820 4163 2901
6611 2 2 16 11 1295 2990 4761
6612 2 2 16 11 1028 3333 2824
6613 2 2 16 11 52 53 3229
6614 2 2 16 11 593 3636 2572
6615 2 2 16 11 636 4291 4277
6616 2 2 16 11 1904 5437 3155
6617 2 2 16 11 1280 3863 2522
6618 2 2 16 11 1081 3163 4615
6619 2 2 16 11 1374 2546 3846
6620 2 2 16 11 1041 2521 5192
6621 2 2 16 11 1511 3959 5163
6622 2 2 16 11 1429 2908 4199
6623 2 2 16 11 1372 3839 2522
6624 2 2 16 11 69 2595 3568
6625 2 2 16 11 2435 2818 4981
6626 2 2 16 11 811 4563 2811
6627 2 2 16 11 867 3465 2684
6628 2 2 16 11 835 3070 3569
6629 2 2 16 11 333 334 4056
6630 2 2 16 11 38 39 4792
6631 2 2 16 11 169 2560 5117
6632 2 2 16 11 1580 3740 4614
6633 2 2 16 11 1473 2461 4478
6634 2 2 16 11 2030 2685 3978
6635 2 2 16 11 1841 3346 3020
6636 2 2 16 11 1102 5343 2920
6637 2 2 16 11 693 3020 3346
6638 2 2 16 11 979 4426 5057
6639 2 2 16 11 1030 4351 4273
6640 2 2 16 11 2349 4273 4351
6641 2 2 16 11 1406 3293 3300
6642 2 2 16 11 67 68 5049
6643 2 2 16 11 628 3494 2658
6644 2 2 16 11 1774 3037 4485
6645 2 2 16 11 1233 5128 2511
6646 2 2 16 11 1508 4115 2725
6647 2 2 16 11 1001 4090 2474
6648 2 2 16 11 2673 4682 5365
6649 2 2 16 11 742 2475 4860
6650 2 2 16 11 771 4478 2461
6651 2 2 16 11 890 5052 4041
6652 2 2 16 11 967 2523 5217
6653 2 2 16 11 1672 5217 2523
6654 2 2 16 11 1492 3569 3070
6655 2 2 16 11 127 2725 4115
6656 2 2 16 11 1296 3576 2765
6657 2 2 16 11 1923 3322 4004
6658 2 2 16 11 2833 3217 4854
6659 2 2 16 11 1181 3735 5244
6660 2 2 16 11 225 226 3634
6661 2 2 16 11 397 3194 398
6662 2 2 16 11 1948 4509 3413
6663 2 2 16 11 1365 4394 2467
6664 2 2 16 11 1383 2469 4238
6665 2 2 16 11 1306 3739 2887
6666 2 2 16 11 1620 3413 4509
6667 2 2 16 11 362 363 3680
6668 2 2 16 11 1833 2519 5160
6669 2 2 16 11 1352 2614 3566
6670 2 2 16 11 225 3634 2586
6671 2 2 16 11 1305 2873 3754
6672 2 2 16 11 1648 2799 4596
6673 2 2 16 11 1349 3049 3594
6674 2 2 16 11 276 2533 4125
6675 2 2 16 11 1997 2686 4455
6676 2 2 16 11 1925 3594 3049
6677 2 2 16 11 1825 2775 3370
6678 2 2 16 11 783 2471 4223
6679 2 2 16 11 1596 2867 3385
6680 2 2 16 11 1271 3964 2510
6681 2 2 16 11 2141 3624 3623
6682 2 2 16 11 2230 4083 2628
6683 2 2 16 11 586 4470 2468
6684 2 2 16 11 86 87 3681
6685 2 2 16 11 428 3675 429
6686 2 2 16 11 1699 3473 4966
6687 2 2 16 11 444 3469 445
6688 2 2 16 11 862 2703 3926
6689 2 2 16 11 341 2490 4086
6690 2 2 16 11 704 3160 4970
6691 2 2 16 11 1708 3265 3994
6692 2 2 16 11 1286 3623 3624
6693 2 2 16 11 1547 4481 2623
6694 2 2 16 11 911 2623 4481
6695 2 2 16 11 35 36 3304
6696 2 2 16 11 1004 4412 2467
6697 2 2 16 11 294 2662 5354
6698 2 2 16 11 842 3994 3265
6699 2 2 16 11 1430 2485 4204
6700 2 2 16 11 1714 3048 4459
6701 2 2 16 11 1310 3025 3354
6702 2 2 16 11 736 4976 2496
6703 2 2 16 11 1122 3385 2867
6704 2 2 16 11 47 4437 5199
6705 2 2 16 11 1200 2884 3275
6706 2 2 16 11 1889 3462 4294
6707 2 2 16 11 2223 4904 4022
6708 2 2 16 11 499 2788 4530
6709 2 2 16 11 794 3286 3153
6710 2 2 16 11 1713 3153 3286
6711 2 2 16 11 1349 2574 4635
6712 2 2 16 11 1439 3047 3910
6713 2 2 16 11 1971 5172 2518
6714 2 2 16 11 1188 2545 4239
6715 2 2 16 11 871 4265 3356
6716 2 2 16 11 879 2810 3546
6717 2 2 16 11 1291 2795 4705
6718 2 2 16 11 1720 4539 4318
6719 2 2 16 11 136 137 3951
6720 2 2 16 11 922 4985 3064
6721 2 2 16 11 1006 3534 3174
6722 2 2 16 11 1823 3356 4265
6723 2 2 16 11 1603 4438 3572
6724 2 2 16 11 404 3768 405
6725 2 2 16 11 210 211 3246
6726 2 2 16 11 913 3471 3508
6727 2 2 16 11 1601 3508 3471
6728 2 2 16 11 1969 4618 3805
6729 2 2 16 11 1452 4260 3002
6730 2 2 16 11 498 4733 2788
6731 2 2 16 11 1737 4632 5266
6732 2 2 16 11 1628 2576 4919
6733 2 2 16 11 1491 4169 3528
6734 2 2 16 11 1077 4919 2576
6735 2 2 16 11 105 2552 4794
6736 2 2 16 11 185 186 3220
6737 2 2 16 11 1449 3773 4071
6738 2 2 16 11 805 2583 5006
6739 2 2 16 11 1541 4760 2549
6740 2 2 16 11 1653 5006 2583
6741 2 2 16 11 2120 4097 3060
6742 2 2 16 11 1988 3682 4641
6743 2 2 16 11 1319 3224 4739
6744 2 2 16 11 1375 4012 2554
6745 2 2 16 11 1775 4230 5240
6746 2 2 16 11 405 3768 2564
6747 2 2 16 11 803 2473 4795
6748 2 2 16 11 1768 2684 3554
6749 2 2 16 11 1319 4437 3224
6750 2 2 16 11 1049 5101 2514
6751 2 2 16 11 422 4064 423
6752 2 2 16 11 141 142 3248
6753 2 2 16 11 1263 3088 3790
6754 2 2 16 11 48 49 3224
6755 2 2 16 11 1234 2477 4673
6756 2 2 16 11 1583 4775 4398
6757 2 2 16 11 557 4069 2531
6758 2 2 16 11 1651 4712 3683
6759 2 2 16 11 1281 3394 4426
6760 2 2 16 11 1850 5489 3567
6761 2 2 16 11 1016 4428 2473
6762 2 2 16 11 1548 4294 3462
6763 2 2 16 11 1060 2569 4744
6764 2 2 16 11 959 4541 4441
6765 2 2 16 11 1384 3546 2810
6766 2 2 16 11 1884 2618 4068
6767 2 2 16 11 733 4414 4307
6768 2 2 16 11 2382 4307 4414
6769 2 2 16 11 870 2795 3963
6770 2 2 16 11 1051 2560 5022
6771 2 2 16 11 1635 5022 2560
6772 2 2 16 11 2628 4083 5263
6773 2 2 16 11 790 3247 5272
6774 2 2 16 11 369 4204 2485
6775 2 2 16 11 235 236 4012
6776 2 2 16 11 685 2478 5115
6777 2 2 16 11 1005 4803 2491
6778 2 2 16 11 588 2502 4872
6779 2 2 16 11 1794 2787 3504
6780 2 2 16 11 1727 3190 4558
6781 2 2 16 11 753 2614 3719
6782 2 2 16 11 657 3504 2787
6783 2 2 16 11 1404 3848 4900
6784 2 2 16 11 222 223 3290
6785 2 2 16 11 1352 3719 2614
6786 2 2 16 11 766 2501 4891
6787 2 2 16 11 875 3604 4010
6788 2 2 16 11 5263 4083 1640
6789 2 2 16 11 1151 2762 3982
6790 2 2 16 11 1495 3316 3615
6791 2 2 16 11 1353 2499 4791
6792 2 2 16 11 672 4775 2612
6793 2 2 16 11 1837 4752 4107
6794 2 2 16 11 131 132 3966
6795 2 2 16 11 2294 4972 3251
6796 2 2 16 11 1385 2567 3860
6797 2 2 16 11 1810 2786 5193
6798 2 2 16 11 1057 4782 2558
6799 2 2 16 11 662 5200 2529
6800 2 2 16 11 1636 4944 4606
6801 2 2 16 11 1292 3270 2918
6802 2 2 16 11 2235 3754 5261
6803 2 2 16 11 1088 4848 3271
6804 2 2 16 11 7 4183 2575
6805 2 2 16 11 1184 3105 3160
6806 2 2 16 11 834 4046 5406
6807 2 2 16 11 1043 4492 3283
6808 2 2 16 11 1381 3890 2550
6809 2 2 16 11 1149 2541 4791
6810 2 2 16 11 1296 3482 2708
6811 2 2 16 11 3683 4712 5441
6812 2 2 16 11 92 93 4164
6813 2 2 16 11 858 4380 2522
6814 2 2 16 11 1522 4111 2929
6815 2 2 16 11 1747 3815 3625
6816 2 2 16 11 1906 5416 3350
6817 2 2 16 11 2292 4810 4785
6818 2 2 16 11 2088 2899 3756
6819 2 2 16 11 2129 2699 4524
6820 2 2 16 11 1855 3283 4492
6821 2 2 16 11 1293 4943 2510
6822 2 2 16 11 1324 3519 2747
6823 2 2 16 11 1318 3222 3228
6824 2 2 16 11 919 4467 5367
6825 2 2 16 11 1037 5084 2544
6826 2 2 16 11 1465 3228 3222
6827 2 2 16 11 2485 4141 5341
6828 2 2 16 11 967 5217 2930
6829 2 2 16 11 1808 4812 3201
6830 2 2 16 11 671 2488 4341
6831 2 2 16 11 1058 2497 5152
6832 2 2 16 11 243 4730 2832
6833 2 2 16 11 625 3325 4899
6834 2 2 16 11 67 5049 3127
6835 2 2 16 11 1171 3272 2923
6836 2 2 16 11 1630 2518 4120
6837 2 2 16 11 1029 5326 2488
6838 2 2 16 11 471 3679 472
6839 2 2 16 11 998 4607 5351
6840 2 2 16 11 1406 3300 3115
6841 2 2 16 11 882 4922 3297
6842 2 2 16 11 217 5193 2786
6843 2 2 16 11 686 4508 2991
6844 2 2 16 11 90 91 4585
6845 2 2 16 11 152 153 3607
6846 2 2 16 11 451 4969 2835
6847 2 2 16 11 1833 5093 5307
6848 2 2 16 11 1555 2490 4560
6849 2 2 16 11 1786 2512 4203
6850 2 2 16 11 1586 3629 2846
6851 2 2 16 11 565 3739 5321
6852 2 2 16 11 1710 4166 4342
6853 2 2 16 11 1231 2504 4658
6854 2 2 16 11 582 2878 4303
6855 2 2 16 11 1289 4698 2503
6856 2 2 16 11 1055 4032 3652
6857 2 2 16 11 1186 2503 5203
6858 2 2 16 11 116 2837 5085
6859 2 2 16 11 1099 2916 5131
6860 2 2 16 11 240 241 3799
6861 2 2 16 11 2526 4684 4358
6862 2 2 16 11 1909 2979 5297
6863 2 2 16 11 970 4150 2519
6864 2 2 16 11 2123 4277 4291
6865 2 2 16 11 223 224 4095
6866 2 2 16 11 661 5481 2528
6867 2 2 16 11 4684 1022 4358
6868 2 2 16 11 1311 4216 2515
6869 2 2 16 11 601 3216 5408
6870 2 2 16 11 521 3620 522
6871 2 2 16 11 1289 3496 4698
6872 2 2 16 11 1457 4891 2501
6873 2 2 16 11 449 3968 450
6874 2 2 16 11 1869 3652 4032
6875 2 2 16 11 215 216 4317
6876 2 2 16 11 8 503 3891
6877 2 2 16 11 1620 2506 4650
6878 2 2 16 11 1872 3009 5218
6879 2 2 16 11 1304 3294 3586
6880 2 2 16 11 1257 3184 3189
6881 2 2 16 11 1909 3963 2979
6882 2 2 16 11 1620 2504 4636
6883 2 2 16 11 1302 2979 3963
6884 2 2 16 11 483 3006 4183
6885 2 2 16 11 1890 5298 3146
6886 2 2 16 11 1944 3181 5120
6887 2 2 16 11 319 4809 2853
6888 2 2 16 11 663 4253 2516
6889 2 2 16 11 1019 2524 4916
6890 2 2 16 11 1614 5139 2509
6891 2 2 16 11 2254 4783 4512
6892 2 2 16 11 1066 5183 2502
6893 2 2 16 11 883 4119 3929
6894 2 2 16 11 1280 2522 4780
6895 2 2 16 11 166 5109 2537
6896 2 2 16 11 1802 4243 2517
6897 2 2 16 11 1036 4649 2513
6898 2 2 16 11 1282 2715 4680
6899 2 2 16 11 1440 2513 4649
6900 2 2 16 11 1284 4627 3718
6901 2 2 16 11 1075 4596 2799
6902 2 2 16 11 1616 3189 3184
6903 2 2 16 11 853 4743 5273
6904 2 2 16 11 834 3123 3315
6905 2 2 16 11 1399 3315 3123
6906 2 2 16 11 1629 4183 3006
6907 2 2 16 11 647 5016 4595
6908 2 2 16 11 61 62 3287
6909 2 2 16 11 107 2513 5166
6910 2 2 16 11 1150 5308 3016
6911 2 2 16 11 2371 4271 4651
6912 2 2 16 11 848 2740 4236
6913 2 2 16 11 1474 4026 2736
6914 2 2 16 11 1110 2736 4026
6915 2 2 16 11 2387 5330 4630
6916 2 2 16 11 1049 2515 4946
6917 2 2 16 11 5 3539 383
6918 2 2 16 11 1531 4236 2740
6919 2 2 16 11 715 2548 5161
6920 2 2 16 11 707 2820 5314
6921 2 2 16 11 1394 3625 3815
6922 2 2 16 11 1337 2800 3442
6923 2 2 16 11 1379 4979 3728
6924 2 2 16 11 2101 4173 3089
6925 2 2 16 11 898 3110 4709
6926 2 2 16 11 580 3905 581
6927 2 2 16 11 1081 4735 3183
6928 2 2 16 11 1922 2538 5061
6929 2 2 16 11 456 3371 457
6930 2 2 16 11 982 4022 4904
6931 2 2 16 11 890 4041 4485
6932 2 2 16 11 1362 3714 2698
6933 2 2 16 11 1340 5101 3377
6934 2 2 16 11 753 4566 2751
6935 2 2 16 11 458 4700 459
6936 2 2 16 11 1342 3200 3123
6937 2 2 16 11 816 5347 3147
6938 2 2 16 11 500 4530 3285
6939 2 2 16 11 1840 4709 3110
6940 2 2 16 11 1796 3369 4447
6941 2 2 16 11 1641 4719 2806
6942 2 2 16 11 1757 5491 5063
6943 2 2 16 11 675 5113 2814
6944 2 2 16 11 195 196 3301
6945 2 2 16 11 2500 5293 3942
6946 2 2 16 11 840 2698 3714
6947 2 2 16 11 2166 4504 3299
6948 2 2 16 11 1764 4066 4600
6949 2 2 16 11 963 5039 2538
6950 2 2 16 11 1395 3966 2574
6951 2 2 16 11 219 220 4110
6952 2 2 16 11 1011 4651 4271
6953 2 2 16 11 347 348 3306
6954 2 2 16 11 1648 4711 2799
6955 2 2 16 11 655 3785 3439
6956 2 2 16 11 329 330 3938
6957 2 2 16 11 632 2768 3798
6958 2 2 16 11 1418 3798 2768
6959 2 2 16 11 495 2874 4726
6960 2 2 16 11 1510 4378 3543
6961 2 2 16 11 188 3914 2704
6962 2 2 16 11 1444 3538 2922
6963 2 2 16 11 2105 3718 4627
6964 2 2 16 11 1673 3439 3785
6965 2 2 16 11 492 3361 493
6966 2 2 16 11 1381 2550 4913
6967 2 2 16 11 1281 4924 3302
6968 2 2 16 11 494 4829 2874
6969 2 2 16 11 635 3474 5174
6970 2 2 16 11 877 3671 2911
6971 2 2 16 11 1548 2544 5430
6972 2 2 16 11 1438 2911 3671
6973 2 2 16 11 618 2744 4179
6974 2 2 16 11 508 2739 4283
6975 2 2 16 11 1314 2777 4137
6976 2 2 16 11 1618 3502 2999
6977 2 2 16 11 620 2999 3502
6978 2 2 16 11 1013 4626 3755
6979 2 2 16 11 2157 3755 4626
6980 2 2 16 11 613 3416 4605
6981 2 2 16 11 1284 2523 4627
6982 2 2 16 11 1328 2672 4051
6983 2 2 16 11 707 5314 2847
6984 2 2 16 11 1308 2851 3951
6985 2 2 16 11 388 3682 389
6986 2 2 16 11 737 4393 2526
6987 2 2 16 11 1474 3012 4000
6988 2 2 16 11 1488 3955 2838
6989 2 2 16 11 2147 3747 5320
6990 2 2 16 11 2076 5005 3413
6991 2 2 16 11 484 3319 485
6992 2 2 16 11 753 3769 2614
6993 2 2 16 11 753 2751 3684
6994 2 2 16 11 90 4585 2521
6995 2 2 16 11 1639 4694 4564
6996 2 2 16 11 121 122 3398
6997 2 2 16 11 1440 2552 4074
6998 2 2 16 11 626 2747 3519
6999 2 2 16 11 793 2549 4760
7000 2 2 16 11 1270 3196 3214
7001 2 2 16 11 770 3839 2646
7002 2 2 16 11 1388 3300 3293
7003 2 2 16 11 1372 2522 4380
7004 2 2 16 11 2269 3008 5154
7005 2 2 16 11 1388 3233 3195
7006 2 2 16 11 692 3299 4504
7007 2 2 16 11 795 4112 4315
7008 2 2 16 11 2188 4315 4112
7009 2 2 16 11 1583 2612 4775
7010 2 2 16 11 1590 3214 3196
7011 2 2 16 11 1372 2646 3839
7012 2 2 16 11 920 2793 5429
7013 2 2 16 11 2654 4380 3467
7014 2 2 16 11 1176 3063 4342
7015 2 2 16 11 1710 4342 3063
7016 2 2 16 11 744 3089 4173
7017 2 2 16 11 1294 4017 3090
7018 2 2 16 11 2373 5242 3822
7019 2 2 16 11 1035 5329 2566
7020 2 2 16 11 496 3339 497
7021 2 2 16 11 1572 4634 2693
7022 2 2 16 11 1151 3982 2866
7023 2 2 16 11 440 2632 3820
7024 2 2 16 11 193 194 3334
7025 2 2 16 11 851 2838 3955
7026 2 2 16 11 814 3545 3086
7027 2 2 16 11 991 4094 4500
7028 2 2 16 11 1409 4377 2528
7029 2 2 16 11 2259 4500 4094
7030 2 2 16 11 291 2848 4405
7031 2 2 16 11 524 2896 4671
7032 2 2 16 11 1771 2557 4084
7033 2 2 16 11 1236 4621 2530
7034 2 2 16 11 993 3437 4088
7035 2 2 16 11 1242 4298 3031
7036 2 2 16 11 1033 5309 3370
7037 2 2 16 11 1741 3506 4903
7038 2 2 16 11 516 3846 517
7039 2 2 16 11 1677 2579 5253
7040 2 2 16 11 634 5465 2650
7041 2 2 16 11 1946 3509 5171
7042 2 2 16 11 2012 2834 4174
7043 2 2 16 11 1768 4088 3437
7044 2 2 16 11 989 2714 3580
7045 2 2 16 11 1790 2650 5465
7046 2 2 16 11 1542 3880 2587
7047 2 2 16 11 1076 4720 2996
7048 2 2 16 11 1274 3825 2603
7049 2 2 16 11 1777 2996 4720
7050 2 2 16 11 294 4111 2662
7051 2 2 16 11 800 4886 2539
7052 2 2 16 11 882 3711 2681
7053 2 2 16 11 1845 3497 2771
7054 2 2 16 11 1150 3016 4459
7055 2 2 16 11 299 300 3344
7056 2 2 16 11 307 308 3345
7057 2 2 16 11 1768 5331 2684
7058 2 2 16 11 1714 4459 3016
7059 2 2 16 11 867 2684 5331
7060 2 2 16 11 1629 2575 4183
7061 2 2 16 11 1925 5497 2851
7062 2 2 16 11 1391 3640 4299
7063 2 2 16 11 953 5055 2903
7064 2 2 16 11 488 3389 489
7065 2 2 16 11 1838 5154 4597
7066 2 2 16 11 91 92 4387
7067 2 2 16 11 952 2582 3924
7068 2 2 16 11 365 366 4024
7069 2 2 16 11 135 2851 5497
7070 2 2 16 11 1453 3232 3239
7071 2 2 16 11 1171 5062 2968
7072 2 2 16 11 1043 4630 5330
7073 2 2 16 11 521 2695 3620
7074 2 2 16 11 1343 4239 2545
7075 2 2 16 11 1761 5420 4366
7076 2 2 16 11 642 3771 3179
7077 2 2 16 11 1838 5334 5154
7078 2 2 16 11 420 3587 4040
7079 2 2 16 11 117 118 4272
7080 2 2 16 11 1335 3239 3232
7081 2 2 16 11 633 2540 4802
7082 2 2 16 11 93 94 3591
7083 2 2 16 11 1655 2547 4925
7084 2 2 16 11 721 3298 5175
7085 2 2 16 11 152 3607 3098
7086 2 2 16 11 1942 4093 3810
7087 2 2 16 11 894 3810 4093
7088 2 2 16 11 1652 3841 3751
7089 2 2 16 11 2067 2907 3665
7090 2 2 16 11 1699 5373 2573
7091 2 2 16 11 584 3817 2720
7092 2 2 16 11 1454 2570 5402
7093 2 2 16 11 3707 5108 5262
7094 2 2 16 11 24 25 4128
7095 2 2 16 11 231 2732 4078
7096 2 2 16 11 1104 4092 4363
7097 2 2 16 11 328 2909 4996
7098 2 2 16 11 1476 4078 2732
7099 2 2 16 11 2068 5175 3298
7100 2 2 16 11 942 3647 4538
7101 2 2 16 11 1698 2991 4508
7102 2 2 16 11 452 4364 453
7103 2 2 16 11 1248 2557 4173
7104 2 2 16 11 123 124 4755
7105 2 2 16 11 2190 4363 4092
7106 2 2 16 11 1340 3597 5101
7107 2 2 16 11 913 4604 3471
7108 2 2 16 11 1196 3303 3051
7109 2 2 16 11 802 4427 2757
7110 2 2 16 11 1886 2749 3565
7111 2 2 16 11 1299 3892 2599
7112 2 2 16 11 1649 4736 5241
7113 2 2 16 11 632 4373 2641
7114 2 2 16 11 1745 2644 3775
7115 2 2 16 11 1656 2854 5053
7116 2 2 16 11 1064 5358 2553
7117 2 2 16 11 572 4399 2855
7118 2 2 16 11 386 5267 387
7119 2 2 16 11 617 3584 3111
7120 2 2 16 11 1388 3293 3233
7121 2 2 16 11 1750 3707 5262
7122 2 2 16 11 873 5041 4934
7123 2 2 16 11 1632 4366 5142
7124 2 2 16 11 1244 3052 4325
7125 2 2 16 11 989 4524 2699
7126 2 2 16 11 771 4913 2550
7127 2 2 16 11 1341 2681 3711
7128 2 2 16 11 889 3638 5142
7129 2 2 16 11 1525 4262 5279
7130 2 2 16 11 2063 5211 4806
7131 2 2 16 11 622 3588 2738
7132 2 2 16 11 68 69 3568
7133 2 2 16 11 1483 4346 2706
7134 2 2 16 11 317 318 4535
7135 2 2 16 11 1436 3820 2632
7136 2 2 16 11 816 3372 5347
7137 2 2 16 11 1369 3195 3233
7138 2 2 16 11 829 4276 3143
7139 2 2 16 11 2122 3651 5435
7140 2 2 16 11 241 242 4751
7141 2 2 16 11 1510 2787 4529
7142 2 2 16 11 303 304 3427
7143 2 2 16 11 2234 5321 3739
7144 2 2 16 11 458 3099 4700
7145 2 2 16 11 339 340 3426
7146 2 2 16 11 1712 3654 3673
7147 2 2 16 11 670 4785 4810
7148 2 2 16 11 1355 3673 3654
7149 2 2 16 11 907 3898 2607
7150 2 2 16 11 1075 2634 5312
7151 2 2 16 11 1562 4168 2858
7152 2 2 16 11 1523 5207 2682
7153 2 2 16 11 1064 4055 2577
7154 2 2 16 11 1707 3335 3834
7155 2 2 16 11 1180 2859 4043
7156 2 2 16 11 1479 3834 3335
7157 2 2 16 11 869 3911 3388
7158 2 2 16 11 1265 2817 4186
7159 2 2 16 11 1674 3388 3911
7160 2 2 16 11 1062 2549 4664
7161 2 2 16 11 2143 3077 4149
7162 2 2 16 11 1097 2858 4168
7163 2 2 16 11 1697 4046 3315
7164 2 2 16 11 1132 3801 2651
7165 2 2 16 11 349 350 3490
7166 2 2 16 11 834 3315 4046
7167 2 2 16 11 2103 5295 5300
7168 2 2 16 11 601 5408 4691
7169 2 2 16 11 1021 2652 4778
7170 2 2 16 11 1706 4451 3199
7171 2 2 16 11 725 4208 3023
7172 2 2 16 11 866 3953 3326
7173 2 2 16 11 1332 5440 3947
7174 2 2 16 11 598 2644 5357
7175 2 2 16 11 653 4888 3793
7176 2 2 16 11 1178 3034 3697
7177 2 2 16 11 4844 2652 1021
7178 2 2 16 11 1745 5357 2644
7179 2 2 16 11 621 3085 5018
7180 2 2 16 11 1551 3967 2596
7181 2 2 16 11 522 5091 523
7182 2 2 16 11 191 2596 3967
7183 2 2 16 11 372 2829 5189
7184 2 2 16 11 2234 2591 5321
7185 2 2 16 11 566 5321 2591
7186 2 2 16 11 882 2681 4116
7187 2 2 16 11 602 4520 2553
7188 2 2 16 11 13 14 3583
7189 2 2 16 11 1135 2661 3807
7190 2 2 16 11 2671 5237 4284
7191 2 2 16 11 5237 1193 4284
7192 2 2 16 11 824 3115 3300
7193 2 2 16 11 1446 4116 2681
7194 2 2 16 11 816 2799 4711
7195 2 2 16 11 952 4314 2582
7196 2 2 16 11 1289 2886 4349
7197 2 2 16 11 1109 3974 2653
7198 2 2 16 11 1785 3139 3808
7199 2 2 16 11 376 377 4299
7200 2 2 16 11 718 3492 3132
7201 2 2 16 11 794 3153 4980
7202 2 2 16 11 797 2692 3733
7203 2 2 16 11 1647 3845 4392
7204 2 2 16 11 214 215 3622
7205 2 2 16 11 1621 3132 3492
7206 2 2 16 11 47 48 4437
7207 2 2 16 11 802 5092 3217
7208 2 2 16 11 1217 4308 2625
7209 2 2 16 11 1725 3670 4411
7210 2 2 16 11 2070 4392 3845
7211 2 2 16 11 1819 5187 3929
7212 2 2 16 11 2191 5453 4143
7213 2 2 16 11 200 201 3498
7214 2 2 16 11 630 3927 2778
7215 2 2 16 11 967 5119 4627
7216 2 2 16 11 1820 3612 5189
7217 2 2 16 11 1796 2559 4498
7218 2 2 16 11 1454 5402 2601
7219 2 2 16 11 1629 4512 4783
7220 2 2 16 11 167 4862 5109
7221 2 2 16 11 2022 3555 4642
7222 2 2 16 11 1807 3699 5192
7223 2 2 16 11 472 5043 473
7224 2 2 16 11 1729 5421 2595
7225 2 2 16 11 283 284 3754
7226 2 2 16 11 2319 5093 2996
7227 2 2 16 11 285 2589 5261
7228 2 2 16 11 2235 5261 2589
7229 2 2 16 11 1536 4223 4076
7230 2 2 16 11 1893 3636 3254
7231 2 2 16 11 2472 3947 5440
7232 2 2 16 11 593 3254 3636
7233 2 2 16 11 2044 2945 4176
7234 2 2 16 11 1654 4642 3555
7235 2 2 16 11 224 2586 4095
7236 2 2 16 11 892 5253 2579
7237 2 2 16 11 817 3233 3293
7238 2 2 16 11 855 2800 3945
7239 2 2 16 11 2908 4574 4199
7240 2 2 16 11 809 2889 4768
7241 2 2 16 11 1441 2778 3927
7242 2 2 16 11 1268 2796 3844
7243 2 2 16 11 474 2980 4882
7244 2 2 16 11 1716 4018 4490
7245 2 2 16 11 1482 4261 4343
7246 2 2 16 11 1805 2791 5273
7247 2 2 16 11 853 5273 2791
7248 2 2 16 11 554 4432 555
7249 2 2 16 11 466 3860 467
7250 2 2 16 11 1945 2932 3450
7251 2 2 16 11 301 302 5172
7252 2 2 16 11 1626 4828 2699
7253 2 2 16 11 779 4747 3033
7254 2 2 16 11 1020 3878 2693
7255 2 2 16 11 335 3794 2883
7256 2 2 16 11 109 110 3420
7257 2 2 16 11 2373 5022 3943
7258 2 2 16 11 2247 4343 4261
7259 2 2 16 11 1635 3943 5022
7260 2 2 16 11 32 4577 3180
7261 2 2 16 11 779 3883 2651
7262 2 2 16 11 2009 4658 4793
7263 2 2 16 11 989 2699 4828
7264 2 2 16 11 290 291 4405
7265 2 2 16 11 471 2735 3679
7266 2 2 16 11 1775 2613 4230
7267 2 2 16 11 768 2724 3700
7268 2 2 16 11 1273 3384 3386
7269 2 2 16 11 1744 3386 3384
7270 2 2 16 11 198 199 3421
7271 2 2 16 11 628 4144 2708
7272 2 2 16 11 1607 2723 4397
7273 2 2 16 11 1781 4763 5345
7274 2 2 16 11 164 4397 2723
7275 2 2 16 11 491 2984 4820
7276 2 2 16 11 873 3309 5041
7277 2 2 16 11 158 159 4807
7278 2 2 16 11 1519 4321 2857
7279 2 2 16 11 2509 5139 3990
7280 2 2 16 11 850 2905 3842
7281 2 2 16 11 1339 4947 2727
7282 2 2 16 11 787 4015 2605
7283 2 2 16 11 1467 3842 2905
7284 2 2 16 11 887 4243 3423
7285 2 2 16 11 1802 3423 4243
7286 2 2 16 11 2742 4475 5095
7287 2 2 16 11 212 3003 5012
7288 2 2 16 11 1063 4736 5421
7289 2 2 16 11 490 4920 2984
7290 2 2 16 11 1425 3438 3310
7291 2 2 16 11 907 3805 4618
7292 2 2 16 11 213 5077 3003
7293 2 2 16 11 3002 4260 4667
7294 2 2 16 11 39 3613 4792
7295 2 2 16 11 1868 4375 4757
7296 2 2 16 11 273 274 4516
7297 2 2 16 11 1924 4039 3351
7298 2 2 16 11 1113 5313 2868
7299 2 2 16 11 3119 5483 4434
7300 2 2 16 11 2595 5421 4736
7301 2 2 16 11 781 2661 3887
7302 2 2 16 11 1808 4024 5027
7303 2 2 16 11 738 4037 2961
7304 2 2 16 11 1427 4016 3936
7305 2 2 16 11 658 2945 4732
7306 2 2 16 11 1334 3146 4807
7307 2 2 16 11 1031 5215 2612
7308 2 2 16 11 761 3266 4597
7309 2 2 16 11 1294 3320 4017
7310 2 2 16 11 1679 2612 5215
7311 2 2 16 11 467 5344 468
7312 2 2 16 11 1369 5496 5016
7313 2 2 16 11 1077 2576 5232
7314 2 2 16 11 770 2646 3925
7315 2 2 16 11 1614 2630 3958
7316 2 2 16 11 997 3236 5058
7317 2 2 16 11 2384 3514 3676
7318 2 2 16 11 1960 5058 3236
7319 2 2 16 11 353 3314 5369
7320 2 2 16 11 176 4081 2648
7321 2 2 16 11 1838 4597 3266
7322 2 2 16 11 1800 3285 4530
7323 2 2 16 11 1380 4369 2939
7324 2 2 16 11 930 5076 4443
7325 2 2 16 11 1501 3984 2679
7326 2 2 16 11 186 187 5042
7327 2 2 16 11 910 2665 3894
7328 2 2 16 11 52 3229 4457
7329 2 2 16 11 1871 3546 2987
7330 2 2 16 11 758 2981 3564
7331 2 2 16 11 1090 4200 2585
7332 2 2 16 11 1384 2987 3546
7333 2 2 16 11 1414 3988 2626
7334 2 2 16 11 123 4755 3136
7335 2 2 16 11 2110 4275 3057
7336 2 2 16 11 1194 3082 4019
7337 2 2 16 11 764 2570 4570
7338 2 2 16 11 1140 3104 5234
7339 2 2 16 11 503 2673 3891
7340 2 2 16 11 579 3845 580
7341 2 2 16 11 793 2602 4187
7342 2 2 16 11 1090 2585 4220
7343 2 2 16 11 1417 4187 2602
7344 2 2 16 11 1727 2871 5274
7345 2 2 16 11 1628 5051 2576
7346 2 2 16 11 2260 3094 4235
7347 2 2 16 11 1388 4142 3705
7348 2 2 16 11 962 5163 4327
7349 2 2 16 11 571 4399 572
7350 2 2 16 11 1082 3130 4813
7351 2 2 16 11 2265 5351 4607
7352 2 2 16 11 2432 4749 3171
7353 2 2 16 11 645 2970 5450
7354 2 2 16 11 1360 3896 2910
7355 2 2 16 11 1831 4813 3130
7356 2 2 16 11 564 3739 565
7357 2 2 16 11 1418 4010 2629
7358 2 2 16 11 725 4692 2717
7359 2 2 16 11 1050 4759 2568
7360 2 2 16 11 26 5185 3027
7361 2 2 16 11 324 3369 3108
7362 2 2 16 11 1717 3294 4184
7363 2 2 16 11 654 3830 4734
7364 2 2 16 11 758 3564 2841
7365 2 2 16 11 1195 4449 3340
7366 2 2 16 11 2000 2639 3974
7367 2 2 16 11 629 4954 2668
7368 2 2 16 11 1338 2800 4368
7369 2 2 16 11 887 3341 4243
7370 2 2 16 11 1566 4590 3350
7371 2 2 16 11 664 4184 3294
7372 2 2 16 11 915 5013 2827
7373 2 2 16 11 1939 2578 5030
7374 2 2 16 11 2408 5028 4555
7375 2 2 16 11 264 265 4858
7376 2 2 16 11 1738 2827 5013
7377 2 2 16 11 1635 4436 2721
7378 2 2 16 11 631 2587 4240
7379 2 2 16 11 171 2721 4436
7380 2 2 16 11 1799 3340 4449
7381 2 2 16 11 43 44 4900
7382 2 2 16 11 1550 3877 3994
7383 2 2 16 11 1296 2708 4144
7384 2 2 16 11 1324 2747 4932
7385 2 2 16 11 1633 2645 3969
7386 2 2 16 11 1454 4570 2570
7387 2 2 16 11 108 109 5290
7388 2 2 16 11 1688 5164 2901
7389 2 2 16 11 1968 4838 4697
7390 2 2 16 11 1968 4697 4839
7391 2 2 16 11 1320 3690 5272
7392 2 2 16 11 2173 3555 5252
7393 2 2 16 11 621 2716 3790
7394 2 2 16 11 206 2679 3984
7395 2 2 16 11 181 182 4370
7396 2 2 16 11 1118 2723 4993
7397 2 2 16 11 1370 5391 3518
7398 2 2 16 11 598 3200 5086
7399 2 2 16 11 1999 5490 2622
7400 2 2 16 11 1072 4660 3520
7401 2 2 16 11 1766 3180 4577
7402 2 2 16 11 1482 4098 3835
7403 2 2 16 11 412 3475 413
7404 2 2 16 11 1849 5227 3802
7405 2 2 16 11 2094 3598 2915
7406 2 2 16 11 1069 4742 2635
7407 2 2 16 11 1120 2656 5424
7408 2 2 16 11 1370 3532 5391
7409 2 2 16 11 1760 4347 3391
7410 2 2 16 11 1373 2746 4573
7411 2 2 16 11 922 3064 3541
7412 2 2 16 11 1632 5142 3872
7413 2 2 16 11 1917 3835 4098
7414 2 2 16 11 1421 3541 3064
7415 2 2 16 11 1098 5095 3142
7416 2 2 16 11 704 4970 2580
7417 2 2 16 11 885 4203 3332
7418 2 2 16 11 829 4038 4276
7419 2 2 16 11 227 4193 2761
7420 2 2 16 11 789 2666 3956
7421 2 2 16 11 1240 4018 2713
7422 2 2 16 11 1035 5228 3617
7423 2 2 16 11 2241 3617 5228
7424 2 2 16 11 1994 3520 4660
7425 2 2 16 11 293 294 5354
7426 2 2 16 11 1703 5115 4664
7427 2 2 16 11 888 3778 4005
7428 2 2 16 11 1749 5076 3506
7429 2 2 16 11 1819 3929 4119
7430 2 2 16 11 1073 3560 3399
7431 2 2 16 11 1122 2592 4584
7432 2 2 16 11 1511 4584 2592
7433 2 2 16 11 1572 2693 3878
7434 2 2 16 11 2299 3721 3171
7435 2 2 16 11 1102 3669 2797
7436 2 2 16 11 1857 5036 3301
7437 2 2 16 11 335 336 3794
7438 2 2 16 11 1739 4457 3229
7439 2 2 16 11 540 5336 541
7440 2 2 16 11 1996 4737 4708
7441 2 2 16 11 1356 3048 3761
7442 2 2 16 11 857 3648 4136
7443 2 2 16 11 1848 4136 3648
7444 2 2 16 11 87 88 5430
7445 2 2 16 11 1361 3688 3190
7446 2 2 16 11 595 4249 3391
7447 2 2 16 11 826 3627 3054
7448 2 2 16 11 2054 4099 5225
7449 2 2 16 11 369 370 4204
7450 2 2 16 11 954 5130 3965
7451 2 2 16 11 1290 5427 3207
7452 2 2 16 11 740 5254 4573
7453 2 2 16 11 1753 2880 5021
7454 2 2 16 11 1398 3401 3115
7455 2 2 16 11 1031 5032 3913
7456 2 2 16 11 1470 4746 2581
7457 2 2 16 11 1760 3391 4249
7458 2 2 16 11 371 372 5189
7459 2 2 16 11 1341 3155 5344
7460 2 2 16 11 139 5021 2880
7461 2 2 16 11 1980 2779 4514
7462 2 2 16 11 2290 4254 3100
7463 2 2 16 11 797 3733 3074
7464 2 2 16 11 1307 4816 2847
7465 2 2 16 11 3137 5328 3235
7466 2 2 16 11 1854 4365 3318
7467 2 2 16 11 1852 3899 4863
7468 2 2 16 11 1 4697 382
7469 2 2 16 11 1 9 4697
7470 2 2 16 11 177 3057 4081
7471 2 2 16 11 1434 4685 2728
7472 2 2 16 11 1333 3393 3143
7473 2 2 16 11 3153 4824 4980
7474 2 2 16 11 2858 5125 5028
7475 2 2 16 11 1219 2584 4774
7476 2 2 16 11 815 2617 4207
7477 2 2 16 11 1593 4365 4337
7478 2 2 16 11 1738 5008 3424
7479 2 2 16 11 1446 4277 4116
7480 2 2 16 11 2123 4116 4277
7481 2 2 16 11 1067 2619 5361
7482 2 2 16 11 1288 3672 3209
7483 2 2 16 11 1735 3920 2763
7484 2 2 16 11 1506 4388 3330
7485 2 2 16 11 2227 3330 4388
7486 2 2 16 11 1564 2648 4081
7487 2 2 16 11 685 2593 5066
7488 2 2 16 11 755 2670 4014
7489 2 2 16 11 1052 4712 2586
7490 2 2 16 11 240 3799 2745
7491 2 2 16 11 1180 4043 3029
7492 2 2 16 11 774 2590 4552
7493 2 2 16 11 1052 2586 4674
7494 2 2 16 11 1641 2912 4810
7495 2 2 16 11 74 75 4648
7496 2 2 16 11 790 3689 2812
7497 2 2 16 11 1721 5183 3007
7498 2 2 16 11 2059 5244 3735
7499 2 2 16 11 1725 4411 5089
7500 2 2 16 11 1618 3941 3249
7501 2 2 16 11 1480 4552 2590
7502 2 2 16 11 1234 3089 3616
7503 2 2 16 11 1316 4645 2803
7504 2 2 16 11 2200 5476 2636
7505 2 2 16 11 1783 3731 3912
7506 2 2 16 11 864 3626 3890
7507 2 2 16 11 1415 3912 3731
7508 2 2 16 11 1415 3731 2911
7509 2 2 16 11 1837 4107 3632
7510 2 2 16 11 877 2911 3731
7511 2 2 16 11 1100 4471 2597
7512 2 2 16 11 508 4283 509
7513 2 2 16 11 1527 5025 2649
7514 2 2 16 11 2706 4346 5457
7515 2 2 16 11 1647 3905 3845
7516 2 2 16 11 929 4233 4181
7517 2 2 16 11 1110 4026 2674
7518 2 2 16 11 1423 2704 3914
7519 2 2 16 11 1414 3915 4408
7520 2 2 16 11 210 3246 4935
7521 2 2 16 11 2066 4408 3915
7522 2 2 16 11 2130 4181 4233
7523 2 2 16 11 1418 2629 5349
7524 2 2 16 11 1652 3751 3074
7525 2 2 16 11 1078 2614 5458
7526 2 2 16 11 553 3515 554
7527 2 2 16 11 936 5320 3747
7528 2 2 16 11 1612 2737 4916
7529 2 2 16 11 1394 4440 2663
7530 2 2 16 11 46 2728 4685
7531 2 2 16 11 864 3890 3482
7532 2 2 16 11 1354 3767 2768
7533 2 2 16 11 1515 2591 4612
7534 2 2 16 11 2788 4733 5425
7535 2 2 16 11 1900 2777 4196
7536 2 2 16 11 805 3274 4827
7537 2 2 16 11 943 2609 5195
7538 2 2 16 11 1627 4555 5028
7539 2 2 16 11 340 4086 3426
7540 2 2 16 11 1728 3876 3613
7541 2 2 16 11 1540 3613 3876
7542 2 2 16 11 1564 4081 3057
7543 2 2 16 11 1715 4312 4531
7544 2 2 16 11 833 3118 4513
7545 2 2 16 11 421 4234 422
7546 2 2 16 11 631 4051 2672
7547 2 2 16 11 2519 3417 5160
7548 2 2 16 11 1865 4935 3246
7549 2 2 16 11 801 4926 2598
7550 2 2 16 11 1631 3040 3507
7551 2 2 16 11 1463 3507 3040
7552 2 2 16 11 1551 2596 4908
7553 2 2 16 11 1571 2598 4926
7554 2 2 16 11 208 3131 5306
7555 2 2 16 11 209 4935 3131
7556 2 2 16 11 1013 5112 3919
7557 2 2 16 11 1291 3445 3185
7558 2 2 16 11 1662 3644 3765
7559 2 2 16 11 2348 3919 5112
7560 2 2 16 11 1522 2662 4111
7561 2 2 16 11 625 4568 3325
7562 2 2 16 11 774 5349 2629
7563 2 2 16 11 881 3948 4109
7564 2 2 16 11 1712 4293 3668
7565 2 2 16 11 1080 4871 2598
7566 2 2 16 11 1682 3601 4134
7567 2 2 16 11 1982 5332 3084
7568 2 2 16 11 272 273 3526
7569 2 2 16 11 1490 4407 2631
7570 2 2 16 11 1931 3871 4309
7571 2 2 16 11 372 4362 2829
7572 2 2 16 11 1367 2680 4049
7573 2 2 16 11 1589 3050 4603
7574 2 2 16 11 1347 3470 3471
7575 2 2 16 11 1601 3471 3470
7576 2 2 16 11 577 2637 5399
7577 2 2 16 11 1803 4128 5184
7578 2 2 16 11 1715 4531 3208
7579 2 2 16 11 1536 2601 4778
7580 2 2 16 11 1390 3659 3875
7581 2 2 16 11 1212 3788 2778
7582 2 2 16 11 2164 3174 5114
7583 2 2 16 11 487 3128 4914
7584 2 2 16 11 159 160 4096
7585 2 2 16 11 2152 5367 4467
7586 2 2 16 11 1457 2615 4891
7587 2 2 16 11 157 3146 5298
7588 2 2 16 11 955 4559 2604
7589 2 2 16 11 486 5157 3128
7590 2 2 16 11 2075 4905 3406
7591 2 2 16 11 688 5455 2613
7592 2 2 16 11 1472 4226 3641
7593 2 2 16 11 1626 5094 4129
7594 2 2 16 11 770 2861 4780
7595 2 2 16 11 1535 2739 3882
7596 2 2 16 11 801 4182 2656
7597 2 2 16 11 469 3155 5437
7598 2 2 16 11 648 4245 2954
7599 2 2 16 11 1573 2954 4245
7600 2 2 16 11 600 3697 5059
7601 2 2 16 11 1211 4546 3286
7602 2 2 16 11 1760 4840 4347
7603 2 2 16 11 34 35 5098
7604 2 2 16 11 296 297 3658
7605 2 2 16 11 1132 2603 4661
7606 2 2 16 11 875 4010 3767
7607 2 2 16 11 1883 5234 3104
7608 2 2 16 11 815 4207 3593
7609 2 2 16 11 1826 3593 4207
7610 2 2 16 11 1421 2638 4271
7611 2 2 16 11 622 2738 4205
7612 2 2 16 11 263 264 3885
7613 2 2 16 11 1875 5285 4835
7614 2 2 16 11 2481 4573 5254
7615 2 2 16 11 1176 4342 2627
7616 2 2 16 11 1706 3199 3922
7617 2 2 16 11 1327 4572 2964
7618 2 2 16 11 583 5251 3253
7619 2 2 16 11 1740 4495 5212
7620 2 2 16 11 1469 4205 2738
7621 2 2 16 11 415 2773 4310
7622 2 2 16 11 1146 2643 5333
7623 2 2 16 11 1371 2915 3598
7624 2 2 16 11 1441 4454 2810
7625 2 2 16 11 632 3798 2784
7626 2 2 16 11 1593 4337 4622
7627 2 2 16 11 1560 4834 3247
7628 2 2 16 11 1856 2993 4218
7629 2 2 16 11 1525 3843 2761
7630 2 2 16 11 784 4984 2630
7631 2 2 16 11 851 4098 2838
7632 2 2 16 11 1135 4663 2606
7633 2 2 16 11 902 4379 3737
7634 2 2 16 11 1374 2849 3708
7635 2 2 16 11 2647 4811 3321
7636 2 2 16 11 1071 4999 2615
7637 2 2 16 11 1258 2617 4505
7638 2 2 16 11 1368 3537 5458
7639 2 2 16 11 142 5460 3248
7640 2 2 16 11 723 5190 3412
7641 2 2 16 11 1398 2785 4545
7642 2 2 16 11 1354 2641 5337
7643 2 2 16 11 1756 4871 3014
7644 2 2 16 11 2525 4544 4766
7645 2 2 16 11 1088 2610 4694
7646 2 2 16 11 1203 4766 4544
7647 2 2 16 11 731 3373 3933
7648 2 2 16 11 1080 3014 4871
7649 2 2 16 11 2046 2942 4385
7650 2 2 16 11 1446 2681 4123
7651 2 2 16 11 188 189 3914
7652 2 2 16 11 437 2816 4251
7653 2 2 16 11 179 180 3562
7654 2 2 16 11 636 2748 4291
7655 2 2 16 11 1136 2613 4959
7656 2 2 16 11 741 3716 5304
7657 2 2 16 11 1999 3166 4943
7658 2 2 16 11 1951 3737 4379
7659 2 2 16 11 2564 4669 5266
7660 2 2 16 11 870 2928 3992
7661 2 2 16 11 2300 5304 3716
7662 2 2 16 11 408 4396 409
7663 2 2 16 11 1482 2838 4098
7664 2 2 16 11 752 4345 3186
7665 2 2 16 11 1018 4565 3081
7666 2 2 16 11 625 4158 4568
7667 2 2 16 11 1695 3426 4086
7668 2 2 16 11 1568 3547 4008
7669 2 2 16 11 1843 3483 5449
7670 2 2 16 11 1545 4251 2816
7671 2 2 16 11 1549 4025 3544
7672 2 2 16 11 1491 3992 2928
7673 2 2 16 11 1108 4458 2776
7674 2 2 16 11 1186 5203 3919
7675 2 2 16 11 2043 3248 5460
7676 2 2 16 11 887 3862 2822
7677 2 2 16 11 1948 3413 5005
7678 2 2 16 11 1935 4041 5052
7679 2 2 16 11 1369 3452 5496
7680 2 2 16 11 596 2885 3908
7681 2 2 16 11 766 4891 2615
7682 2 2 16 11 1439 3908 2885
7683 2 2 16 11 1327 2626 4887
7684 2 2 16 11 642 2616 4764
7685 2 2 16 11 980 3232 3540
7686 2 2 16 11 1340 2641 4373
7687 2 2 16 11 1716 2713 4018
7688 2 2 16 11 899 4620 2618
7689 2 2 16 11 1213 2740 3946
7690 2 2 16 11 1453 3540 3232
7691 2 2 16 11 1623 3326 3761
7692 2 2 16 11 1212 4745 3129
7693 2 2 16 11 1426 3765 3644
7694 2 2 16 11 824 3016 4952
7695 2 2 16 11 591 2628 5263
7696 2 2 16 11 2002 2635 4458
7697 2 2 16 11 1179 4450 2850
7698 2 2 16 11 1388 3705 3300
7699 2 2 16 11 377 378 3849
7700 2 2 16 11 1984 4195 4033
7701 2 2 16 11 397 4906 3194
7702 2 2 16 11 996 3985 4851
7703 2 2 16 11 908 4842 5454
7704 2 2 16 11 238 5377 2964
7705 2 2 16 11 1880 2964 5377
7706 2 2 16 11 1604 4228 2730
7707 2 2 16 11 539 2730 4228
7708 2 2 16 11 1676 5173 4072
7709 2 2 16 11 2437 4072 5173
7710 2 2 16 11 1643 4710 2623
7711 2 2 16 11 2080 4159 5237
7712 2 2 16 11 1519 3751 3841
7713 2 2 16 11 923 4263 2667
7714 2 2 16 11 2202 5140 4333
7715 2 2 16 11 2152 4467 4100
7716 2 2 16 11 772 3019 3552
7717 2 2 16 11 1557 3266 3732
7718 2 2 16 11 1197 5394 3298
7719 2 2 16 11 1499 4100 4467
7720 2 2 16 11 2068 3298 5394
7721 2 2 16 11 1360 4157 3152
7722 2 2 16 11 799 2674 5346
7723 2 2 16 11 1447 2694 4109
7724 2 2 16 11 1996 5369 3314
7725 2 2 16 11 770 4075 2861
7726 2 2 16 11 629 2762 4954
7727 2 2 16 11 1879 3251 4972
7728 2 2 16 11 2147 5199 4437
7729 2 2 16 11 2532 3397 4216
7730 2 2 16 11 1520 4309 3871
7731 2 2 16 11 1871 2987 5360
7732 2 2 16 11 17 18 3895
7733 2 2 16 11 1835 5251 4528
7734 2 2 16 11 399 3603 400
7735 2 2 16 11 2441 2934 4625
7736 2 2 16 11 1630 3427 4265
7737 2 2 16 11 1823 4265 3427
7738 2 2 16 11 1375 3665 2907
7739 2 2 16 11 1176 2627 4637
7740 2 2 16 11 1970 2815 3898
7741 2 2 16 11 1489 4180 3749
7742 2 2 16 11 1179 2869 4450
7743 2 2 16 11 1386 2925 3867
7744 2 2 16 11 1055 5266 4669
7745 2 2 16 11 584 2720 4771
7746 2 2 16 11 2577 5304 4035
7747 2 2 16 11 1374 3846 2849
7748 2 2 16 11 1243 3367 3712
7749 2 2 16 11 1765 4715 4058
7750 2 2 16 11 138 2880 4391
7751 2 2 16 11 2387 4630 4415
7752 2 2 16 11 166 167 5109
7753 2 2 16 11 1377 2929 3658
7754 2 2 16 11 1845 4363 5124
7755 2 2 16 11 1107 5010 2724
7756 2 2 16 11 49 4948 3224
7757 2 2 16 11 1075 5017 2634
7758 2 2 16 11 1591 2634 5017
7759 2 2 16 11 1464 4415 4630
7760 2 2 16 11 1237 3500 3182
7761 2 2 16 11 1184 3277 5498
7762 2 2 16 11 2014 5354 2662
7763 2 2 16 11 1368 5458 3769
7764 2 2 16 11 1827 3390 4268
7765 2 2 16 11 40 3026 5147
7766 2 2 16 11 3661 5375 5465
7767 2 2 16 11 1628 4033 4195
7768 2 2 16 11 344 345 5222
7769 2 2 16 11 987 4554 2910
7770 2 2 16 11 504 3199 4451
7771 2 2 16 11 618 2933 3690
7772 2 2 16 11 1043 2655 4630
7773 2 2 16 11 1537 2757 5451
7774 2 2 16 11 136 3951 2851
7775 2 2 16 11 197 5360 2987
7776 2 2 16 11 824 3705 3016
7777 2 2 16 11 1714 3016 3705
7778 2 2 16 11 1552 2652 4844
7779 2 2 16 11 296 3658 2929
7780 2 2 16 11 749 4353 5385
7781 2 2 16 11 268 5155 3869
7782 2 2 16 11 1423 4130 2704
7783 2 2 16 11 668 4268 3390
7784 2 2 16 11 796 3995 2743
7785 2 2 16 11 1287 4589 3144
7786 2 2 16 11 283 3754 2873
7787 2 2 16 11 492 4820 3361
7788 2 2 16 11 740 4573 2746
7789 2 2 16 11 1596 3385 4486
7790 2 2 16 11 1190 4338 2848
7791 2 2 16 11 2074 4611 4077
7792 2 2 16 11 617 5024 2869
7793 2 2 16 11 1528 2848 4338
7794 2 2 16 11 1546 3953 3646
7795 2 2 16 11 1089 5168 2650
7796 2 2 16 11 1493 5011 4285
7797 2 2 16 11 752 2779 3907
7798 2 2 16 11 1650 4978 3017
7799 2 2 16 11 1594 5333 2643
7800 2 2 16 11 1042 2663 4440
7801 2 2 16 11 2788 5235 4530
7802 2 2 16 11 564 2887 3739
7803 2 2 16 11 232 233 3639
7804 2 2 16 11 2197 4327 5163
7805 2 2 16 11 1933 4269 4774
7806 2 2 16 11 375 376 3640
7807 2 2 16 11 252 4756 3173
7808 2 2 16 11 1784 3173 4756
7809 2 2 16 11 964 2758 3976
7810 2 2 16 11 773 3988 2782
7811 2 2 16 11 1414 2782 3988
7812 2 2 16 11 730 3436 5397
7813 2 2 16 11 1257 2927 3686
7814 2 2 16 11 1330 3091 4861
7815 2 2 16 11 1400 3976 2758
7816 2 2 16 11 706 5259 3275
7817 2 2 16 11 614 2750 4016
7818 2 2 16 11 1661 4532 3031
7819 2 2 16 11 1242 3031 4532
7820 2 2 16 11 258 4296 2794
7821 2 2 16 11 1592 2794 4296
7822 2 2 16 11 1337 5375 3661
7823 2 2 16 11 1141 3841 3416
7824 2 2 16 11 457 4728 458
7825 2 2 16 11 1652 3416 3841
7826 2 2 16 11 1868 3246 5012
7827 2 2 16 11 673 3554 4994
7828 2 2 16 11 1827 5441 3390
7829 2 2 16 11 835 5241 2642
7830 2 2 16 11 1526 2793 4453
7831 2 2 16 11 1385 2882 3764
7832 2 2 16 11 897 4172 3009
7833 2 2 16 11 920 4453 2793
7834 2 2 16 11 2059 4994 3554
7835 2 2 16 11 1464 4630 2655
7836 2 2 16 11 1922 4154 5484
7837 2 2 16 11 1371 2822 3862
7838 2 2 16 11 1501 2679 4465
7839 2 2 16 11 1550 4511 2805
7840 2 2 16 11 711 4672 2923
7841 2 2 16 11 1637 3015 4744
7842 2 2 16 11 1983 3156 4161
7843 2 2 16 11 488 4914 3389
7844 2 2 16 11 1178 2805 4511
7845 2 2 16 11 1544 3009 4172
7846 2 2 16 11 2874 5432 4726
7847 2 2 16 11 1660 3778 3614
7848 2 2 16 11 1221 2977 3696
7849 2 2 16 11 1348 3086 3545
7850 2 2 16 11 1650 2923 4672
7851 2 2 16 11 1205 3097 3838
7852 2 2 16 11 1116 3855 2828
7853 2 2 16 11 2734 4715 5174
7854 2 2 16 11 5174 4715 635
7855 2 2 16 11 1101 4811 2647
7856 2 2 16 11 574 4678 575
7857 2 2 16 11 2256 4514 2779
7858 2 2 16 11 259 3032 4296
7859 2 2 16 11 795 2649 5025
7860 2 2 16 11 1592 4296 3032
7861 2 2 16 11 2757 4427 5318
7862 2 2 16 11 1434 3614 3778
7863 2 2 16 11 1385 3860 2882
7864 2 2 16 11 880 3765 5405
7865 2 2 16 11 854 5171 3509
7866 2 2 16 11 1536 4778 2652
7867 2 2 16 11 1769 4038 5271
7868 2 2 16 11 61 3287 5047
7869 2 2 16 11 1424 3310 3438
7870 2 2 16 11 1484 3838 3097
7871 2 2 16 11 1356 3761 3326
7872 2 2 16 11 1395 3756 2899
7873 2 2 16 11 1660 3499 4005
7874 2 2 16 11 2283 4262 3172
7875 2 2 16 11 1255 3198 3511
7876 2 2 16 11 1625 3590 3099
7877 2 2 16 11 1043 5487 2655
7878 2 2 16 11 912 4536 3814
7879 2 2 16 11 2220 3805 5104
7880 2 2 16 11 810 4047 2754
7881 2 2 16 11 907 5104 3805
7882 2 2 16 11 313 314 3688
7883 2 2 16 11 840 3619 3404
7884 2 2 16 11 1294 3090 3559
7885 2 2 16 11 195 3301 5036
7886 2 2 16 11 1204 5433 2685
7887 2 2 16 11 2 4862 167
7888 2 2 16 11 2 168 4862
7889 2 2 16 11 1517 3404 3619
7890 2 2 16 11 619 3165 3511
7891 2 2 16 11 742 3171 3721
7892 2 2 16 11 516 2849 3846
7893 2 2 16 11 1732 3290 4063
7894 2 2 16 11 1326 3570 3888
7895 2 2 16 11 211 5012 3246
7896 2 2 16 11 1683 3888 3570
7897 2 2 16 11 842 4721 3034
7898 2 2 16 11 1933 4774 3419
7899 2 2 16 11 1337 3945 2800
7900 2 2 16 11 1987 4288 4127
7901 2 2 16 11 1719 3034 4721
7902 2 2 16 11 2121 4541 2953
7903 2 2 16 11 348 5428 3306
7904 2 2 16 11 1221 3696 3011
7905 2 2 16 11 11 12 3691
7906 2 2 16 11 122 123 4784
7907 2 2 16 11 1896 3230 5105
7908 2 2 16 11 686 2991 5081
7909 2 2 16 11 1883 4029 3073
7910 2 2 16 11 1487 4494 2854
7911 2 2 16 11 1386 3812 2943
7912 2 2 16 11 1636 3973 2781
7913 2 2 16 11 908 3840 4842
7914 2 2 16 11 66 67 4409
7915 2 2 16 11 716 4704 2931
7916 2 2 16 11 347 3306 5120
7917 2 2 16 11 1397 3451 4331
7918 2 2 16 11 1651 4063 3290
7919 2 2 16 11 2145 4842 3840
7920 2 2 16 11 1836 4733 3339
7921 2 2 16 11 814 3086 4444
7922 2 2 16 11 372 373 4362
7923 2 2 16 11 1570 2893 4679
7924 2 2 16 11 2248 3176 4257
7925 2 2 16 11 1252 3378 3851
7926 2 2 16 11 1709 3183 4735
7927 2 2 16 11 294 295 4111
7928 2 2 16 11 1877 3361 4820
7929 2 2 16 11 220 2742 4110
7930 2 2 16 11 1302 3963 2795
7931 2 2 16 11 745 4308 3548
7932 2 2 16 11 1982 3225 5332
7933 2 2 16 11 1704 3463 3464
7934 2 2 16 11 1326 3464 3463
7935 2 2 16 11 528 5332 3225
7936 2 2 16 11 876 3996 4134
7937 2 2 16 11 1485 3585 3443
7938 2 2 16 11 1518 3443 3585
7939 2 2 16 11 940 5105 3230
7940 2 2 16 11 1200 3275 5283
7941 2 2 16 11 1605 2741 4133
7942 2 2 16 11 2082 5319 5353
7943 2 2 16 11 1907 3262 5200
7944 2 2 16 11 1254 2751 4566
7945 2 2 16 11 1732 4475 3290
7946 2 2 16 11 2566 5329 4447
7947 2 2 16 11 1849 4455 2686
7948 2 2 16 11 194 5036 3334
7949 2 2 16 11 1383 2808 3948
7950 2 2 16 11 1278 4015 3441
7951 2 2 16 11 1657 2863 4879
7952 2 2 16 11 23 24 3795
7953 2 2 16 11 966 4879 2863
7954 2 2 16 11 76 77 3710
7955 2 2 16 11 778 4591 2678
7956 2 2 16 11 1848 5467 4136
7957 2 2 16 11 1649 3569 3127
7958 2 2 16 11 1830 5082 2670
7959 2 2 16 11 496 4726 3339
7960 2 2 16 11 1636 2781 4944
7961 2 2 16 11 497 3339 4733
7962 2 2 16 11 1599 5326 2986
7963 2 2 16 11 1498 2678 4591
7964 2 2 16 11 725 2717 4244
7965 2 2 16 11 227 228 4193
7966 2 2 16 11 1750 5262 3913
7967 2 2 16 11 786 2935 4177
7968 2 2 16 11 2352 3913 5262
7969 2 2 16 11 596 3908 4108
7970 2 2 16 11 1885 4108 3908
7971 2 2 16 11 1607 4993 2723
7972 2 2 16 11 1806 3600 4229
7973 2 2 16 11 1584 4229 3600
7974 2 2 16 11 300 5031 3344
7975 2 2 16 11 861 3901 3833
7976 2 2 16 11 1787 3833 3901
7977 2 2 16 11 716 2952 4704
7978 2 2 16 11 1371 3939 2822
7979 2 2 16 11 1006 2774 5350
7980 2 2 16 11 46 5199 2728
7981 2 2 16 11 1961 3319 5159
7982 2 2 16 11 1104 4944 2781
7983 2 2 16 11 1339 3174 3534
7984 2 2 16 11 308 5214 3345
7985 2 2 16 11 1465 2974 4167
7986 2 2 16 11 966 2863 3877
7987 2 2 16 11 1492 3127 3569
7988 2 2 16 11 1400 2758 4085
7989 2 2 16 11 589 4631 2676
7990 2 2 16 11 222 3290 4475
7991 2 2 16 11 1389 3141 3856
7992 2 2 16 11 1504 4197 5450
7993 2 2 16 11 1776 4890 3109
7994 2 2 16 11 1745 5350 2774
7995 2 2 16 11 1637 3136 3619
7996 2 2 16 11 533 3109 4890
7997 2 2 16 11 485 3319 5157
7998 2 2 16 11 773 2941 4887
7999 2 2 16 11 484 5159 3319
8000 2 2 16 11 1341 4958 2681
8001 2 2 16 11 2089 5397 3436
8002 2 2 16 11 1919 3389 4914
8003 2 2 16 11 878 4853 3468
8004 2 2 16 11 2635 4742 3677
8005 2 2 16 11 1399 2774 4716
8006 2 2 16 11 1955 3018 5470
8007 2 2 16 11 2438 3650 4832
8008 2 2 16 11 1470 4332 2758
8009 2 2 16 11 748 2875 3858
8010 2 2 16 11 1513 3099 3590
8011 2 2 16 11 1909 3864 4224
8012 2 2 16 11 3350 4590 5469
8013 2 2 16 11 941 3375 3823
8014 2 2 16 11 1499 4224 3864
8015 2 2 16 11 797 2677 5075
8016 2 2 16 11 1181 5244 2684
8017 2 2 16 11 1611 3111 3584
8018 2 2 16 11 63 64 3736
8019 2 2 16 11 1344 3098 3607
8020 2 2 16 11 1416 3011 3696
8021 2 2 16 11 888 5050 3778
8022 2 2 16 11 1749 4064 4234
8023 2 2 16 11 1375 2907 4012
8024 2 2 16 11 1538 5075 2677
8025 2 2 16 11 760 4522 2818
8026 2 2 16 11 1703 4664 4151
8027 2 2 16 11 466 2882 3860
8028 2 2 16 11 773 2782 4053
8029 2 2 16 11 1847 3339 4726
8030 2 2 16 11 1925 3049 5497
8031 2 2 16 11 131 3966 2899
8032 2 2 16 11 1092 3009 4767
8033 2 2 16 11 434 2971 4789
8034 2 2 16 11 1622 2770 4951
8035 2 2 16 11 134 5497 3049
8036 2 2 16 11 1705 5316 2680
8037 2 2 16 11 1467 4769 3068
8038 2 2 16 11 2305 5408 3784
8039 2 2 16 11 673 4175 5209
8040 2 2 16 11 1336 2877 3879
8041 2 2 16 11 786 4177 2975
8042 2 2 16 11 1627 5028 5125
8043 2 2 16 11 651 3428 3969
8044 2 2 16 11 2262 4640 3379
8045 2 2 16 11 513 3748 514
8046 2 2 16 11 202 203 5419
8047 2 2 16 11 1131 5400 2697
8048 2 2 16 11 1423 3914 2902
8049 2 2 16 11 189 2902 3914
8050 2 2 16 11 1696 4789 2971
8051 2 2 16 11 440 3820 441
8052 2 2 16 11 1570 4354 2893
8053 2 2 16 11 1294 3305 4410
8054 2 2 16 11 1973 5157 3319
8055 2 2 16 11 1633 3969 3428
8056 2 2 16 11 1349 4635 3049
8057 2 2 16 11 798 2682 5207
8058 2 2 16 11 1241 3274 4445
8059 2 2 16 11 427 3762 428
8060 2 2 16 11 235 4012 2907
8061 2 2 16 11 682 2858 5028
8062 2 2 16 11 1840 4621 4709
8063 2 2 16 11 146 2893 4354
8064 2 2 16 11 941 3823 3852
8065 2 2 16 11 936 3614 5320
8066 2 2 16 11 19 2729 4270
8067 2 2 16 11 1540 2733 4792
8068 2 2 16 11 1719 3697 3034
8069 2 2 16 11 1322 3784 5408
8070 2 2 16 11 1396 2885 4117
8071 2 2 16 11 650 4921 2888
8072 2 2 16 11 1681 2690 5302
8073 2 2 16 11 1350 2894 5020
8074 2 2 16 11 839 4951 2770
8075 2 2 16 11 1219 4949 3492
8076 2 2 16 11 1597 4077 4611
8077 2 2 16 11 1602 4438 3041
8078 2 2 16 11 1722 4461 4968
8079 2 2 16 11 1682 2888 4921
8080 2 2 16 11 844 5279 4933
8081 2 2 16 11 443 4974 444
8082 2 2 16 11 2022 5252 3555
8083 2 2 16 11 1189 3062 4911
8084 2 2 16 11 699 3379 4640
8085 2 2 16 11 773 4104 2941
8086 2 2 16 11 1197 2925 5472
8087 2 2 16 11 265 266 3776
8088 2 2 16 11 1714 3705 4142
8089 2 2 16 11 616 4474 4710
8090 2 2 16 11 253 2826 4756
8091 2 2 16 11 493 3361 4829
8092 2 2 16 11 1424 3179 3771
8093 2 2 16 11 1784 4756 2826
8094 2 2 16 11 1096 4127 4288
8095 2 2 16 11 1395 2899 3966
8096 2 2 16 11 2043 5460 3043
8097 2 2 16 11 2878 5001 4303
8098 2 2 16 11 1834 4526 2703
8099 2 2 16 11 632 2784 4408
8100 2 2 16 11 1360 3402 4157
8101 2 2 16 11 581 3905 2878
8102 2 2 16 11 996 3188 4102
8103 2 2 16 11 1077 2688 4919
8104 2 2 16 11 1573 4102 3188
8105 2 2 16 11 776 2958 4060
8106 2 2 16 11 128 129 3783
8107 2 2 16 11 1535 4283 2739
8108 2 2 16 11 1713 3286 4546
8109 2 2 16 11 458 4728 3099
8110 2 2 16 11 946 4137 2777
8111 2 2 16 11 104 4794 2687
8112 2 2 16 11 1525 2761 4193
8113 2 2 16 11 872 4054 3909
8114 2 2 16 11 647 3195 5016
8115 2 2 16 11 247 3151 5470
8116 2 2 16 11 1199 2943 3812
8117 2 2 16 11 1515 4612 2737
8118 2 2 16 11 1955 5470 3151
8119 2 2 16 11 1396 3909 2885
8120 2 2 16 11 518 4861 3091
8121 2 2 16 11 198 3421 5360
8122 2 2 16 11 2058 3014 3987
8123 2 2 16 11 104 105 4794
8124 2 2 16 11 2130 3135 4181
8125 2 2 16 11 1368 4291 2748
8126 2 2 16 11 1517 3619 3136
8127 2 2 16 11 463 3789 464
8128 2 2 16 11 1687 3922 3199
8129 2 2 16 11 1775 5240 3324
8130 2 2 16 11 1957 3867 3298
8131 2 2 16 11 1197 3298 3867
8132 2 2 16 11 1490 3422 4232
8133 2 2 16 11 246 5470 3018
8134 2 2 16 11 705 4333 5140
8135 2 2 16 11 878 4401 4853
8136 2 2 16 11 1314 4137 3435
8137 2 2 16 11 647 4142 3195
8138 2 2 16 11 1751 5338 2946
8139 2 2 16 11 1538 2692 5075
8140 2 2 16 11 1674 4897 4544
8141 2 2 16 11 592 5457 4346
8142 2 2 16 11 823 3041 4438
8143 2 2 16 11 1779 5365 4682
8144 2 2 16 11 1829 5480 2910
8145 2 2 16 11 987 2910 5480
8146 2 2 16 11 797 5075 2692
8147 2 2 16 11 216 2786 4317
8148 2 2 16 11 2352 5262 4073
8149 2 2 16 11 387 2719 4641
8150 2 2 16 11 1863 4829 3361
8151 2 2 16 11 1597 4611 2897
8152 2 2 16 11 1470 3520 4332
8153 2 2 16 11 1331 4393 2992
8154 2 2 16 11 442 4036 443
8155 2 2 16 11 1868 4757 3246
8156 2 2 16 11 1748 3749 4180
8157 2 2 16 11 676 3107 3715
8158 2 2 16 11 1380 2998 4425
8159 2 2 16 11 1197 3867 2925
8160 2 2 16 11 1412 4148 2840
8161 2 2 16 11 489 3389 4920
8162 2 2 16 11 2355 5385 4353
8163 2 2 16 11 769 4556 3076
8164 2 2 16 11 850 3842 3192
8165 2 2 16 11 865 2897 4611
8166 2 2 16 11 2271 4196 2777
8167 2 2 16 11 733 2951 4414
8168 2 2 16 11 1566 4414 2951
8169 2 2 16 11 1382 4446 3000
8170 2 2 16 11 1988 4641 2719
8171 2 2 16 11 1878 5185 3191
8172 2 2 16 11 1869 4032 5037
8173 2 2 16 11 27 3191 5185
8174 2 2 16 11 1289 4349 3496
8175 2 2 16 11 776 4958 2958
8176 2 2 16 11 795 5025 2702
8177 2 2 16 11 1428 3715 3107
8178 2 2 16 11 1626 2699 5094
8179 2 2 16 11 606 4118 4214
8180 2 2 16 11 916 4105 4817
8181 2 2 16 11 415 4310 416
8182 2 2 16 11 2002 4214 4118
8183 2 2 16 11 1685 2866 3982
8184 2 2 16 11 897 3804 4172
8185 2 2 16 11 1555 4560 3533
8186 2 2 16 11 652 4781 2701
8187 2 2 16 11 808 2843 4676
8188 2 2 16 11 107 108 4507
8189 2 2 16 11 1005 5090 5216
8190 2 2 16 11 1079 4609 2710
8191 2 2 16 11 1776 2904 4890
8192 2 2 16 11 448 4258 449
8193 2 2 16 11 1582 4676 2843
8194 2 2 16 11 534 4890 2904
8195 2 2 16 11 1842 4172 3804
8196 2 2 16 11 1322 3046 3738
8197 2 2 16 11 1658 2701 5126
8198 2 2 16 11 546 3826 547
8199 2 2 16 11 2594 5122 4579
8200 2 2 16 11 2362 4711 3329
8201 2 2 16 11 629 5160 3417
8202 2 2 16 11 1997 3894 2970
8203 2 2 16 11 286 287 3828
8204 2 2 16 11 1828 4579 5122
8205 2 2 16 11 840 5179 2698
8206 2 2 16 11 1379 4693 2962
8207 2 2 16 11 2051 3790 3088
8208 2 2 16 11 237 2964 4572
8209 2 2 16 11 901 4378 3550
8210 2 2 16 11 1605 2860 4009
8211 2 2 16 11 1508 2901 4561
8212 2 2 16 11 2185 3142 3949
8213 2 2 16 11 1774 4041 5291
8214 2 2 16 11 1364 2903 5055
8215 2 2 16 11 1357 2861 4075
8216 2 2 16 11 639 4677 2870
8217 2 2 16 11 1527 2702 5025
8218 2 2 16 11 1585 4765 3847
8219 2 2 16 11 1556 4082 3831
8220 2 2 16 11 1763 3945 3661
8221 2 2 16 11 1337 3661 3945
8222 2 2 16 11 1689 5131 2916
8223 2 2 16 11 1682 4921 2700
8224 2 2 16 11 1697 4361 4681
8225 2 2 16 11 714 4939 3578
8226 2 2 16 11 1507 4385 2942
8227 2 2 16 11 45 46 4685
8228 2 2 16 11 1842 4088 5209
8229 2 2 16 11 2040 4371 2891
8230 2 2 16 11 1770 3918 3067
8231 2 2 16 11 878 3090 4017
8232 2 2 16 11 930 4443 4343
8233 2 2 16 11 1662 4430 2738
8234 2 2 16 11 302 303 4120
8235 2 2 16 11 880 4431 3103
8236 2 2 16 11 1735 5081 2991
8237 2 2 16 11 275 276 4125
8238 2 2 16 11 1151 5153 3510
8239 2 2 16 11 796 2760 4319
8240 2 2 16 11 1905 4920 3389
8241 2 2 16 11 303 3427 4120
8242 2 2 16 11 2096 3455 4779
8243 2 2 16 11 655 2752 4553
8244 2 2 16 11 961 5127 3874
8245 2 2 16 11 584 4771 2862
8246 2 2 16 11 647 3761 3048
8247 2 2 16 11 1626 3103 4431
8248 2 2 16 11 42 43 3848
8249 2 2 16 11 986 4073 5262
8250 2 2 16 11 1102 3121 5343
8251 2 2 16 11 262 263 5446
8252 2 2 16 11 1348 2717 4692
8253 2 2 16 11 255 256 3850
8254 2 2 16 11 1748 3295 3749
8255 2 2 16 11 567 3853 568
8256 2 2 16 11 2027 4595 5016
8257 2 2 16 11 868 3752 3934
8258 2 2 16 11 67 3127 4409
8259 2 2 16 11 123 3136 4784
8260 2 2 16 11 860 3949 3142
8261 2 2 16 11 731 3396 5212
8262 2 2 16 11 1002 4241 3567
8263 2 2 16 11 1850 3567 4241
8264 2 2 16 11 852 3749 3295
8265 2 2 16 11 1694 2968 5062
8266 2 2 16 11 329 3938 2909
8267 2 2 16 11 1470 2758 4746
8268 2 2 16 11 851 3706 4098
8269 2 2 16 11 501 3285 4682
8270 2 2 16 11 1832 2776 4259
8271 2 2 16 11 2103 5300 4222
8272 2 2 16 11 866 4986 2712
8273 2 2 16 11 765 3053 4468
8274 2 2 16 11 1226 2709 4930
8275 2 2 16 11 1751 2946 5389
8276 2 2 16 11 1681 4124 3468
8277 2 2 16 11 793 2821 4151
8278 2 2 16 11 151 5381 3724
8279 2 2 16 11 1981 4061 4285
8280 2 2 16 11 884 2926 3918
8281 2 2 16 11 133 3049 4635
8282 2 2 16 11 1375 2941 4104
8283 2 2 16 11 878 3468 4124
8284 2 2 16 11 1290 3207 4028
8285 2 2 16 11 682 5028 4297
8286 2 2 16 11 1282 3732 3101
8287 2 2 16 11 1887 2719 5267
8288 2 2 16 11 18 19 4270
8289 2 2 16 11 1495 3615 5374
8290 2 2 16 11 1407 4069 3360
8291 2 2 16 11 1828 4289 3096
8292 2 2 16 11 1589 4843 4225
8293 2 2 16 11 2293 4225 4843
8294 2 2 16 11 1412 2840 5447
8295 2 2 16 11 1585 4372 4765
8296 2 2 16 11 2408 4297 5028
8297 2 2 16 11 797 3074 3751
8298 2 2 16 11 1539 2739 4547
8299 2 2 16 11 1682 3996 2888
8300 2 2 16 11 536 3881 537
8301 2 2 16 11 980 5102 3232
8302 2 2 16 11 1390 4771 2720
8303 2 2 16 11 1840 3110 4184
8304 2 2 16 11 1588 4310 2773
8305 2 2 16 11 1615 4253 4718
8306 2 2 16 11 334 5177 4056
8307 2 2 16 11 1917 4098 3706
8308 2 2 16 11 1532 3807 4344
8309 2 2 16 11 785 2780 4696
8310 2 2 16 11 951 4149 4815
8311 2 2 16 11 1499 2928 4224
8312 2 2 16 11 788 3609 3484
8313 2 2 16 11 1787 3343 4870
8314 2 2 16 11 1870 5352 3091
8315 2 2 16 11 1807 4585 4387
8316 2 2 16 11 519 3091 5352
8317 2 2 16 11 1636 4213 5395
8318 2 2 16 11 960 2934 4885
8319 2 2 16 11 1516 3484 3609
8320 2 2 16 11 2047 3145 3702
8321 2 2 16 11 2329 4940 3495
8322 2 2 16 11 1170 4805 2727
8323 2 2 16 11 2177 5161 2959
8324 2 2 16 11 1844 3788 5275
8325 2 2 16 11 1986 4598 2731
8326 2 2 16 11 1717 3586 3294
8327 2 2 16 11 1700 2839 4653
8328 2 2 16 11 870 4224 2928
8329 2 2 16 11 590 4653 2839
8330 2 2 16 11 1090 5376 2729
8331 2 2 16 11 681 4285 4061
8332 2 2 16 11 793 4187 2821
8333 2 2 16 11 927 4488 2917
8334 2 2 16 11 3641 4226 5392
8335 2 2 16 11 820 2830 4163
8336 2 2 16 11 1779 4682 3285
8337 2 2 16 11 1558 2917 4488
8338 2 2 16 11 1952 3512 5039
8339 2 2 16 11 1646 5038 2949
8340 2 2 16 11 1681 3468 3856
8341 2 2 16 11 683 2736 4603
8342 2 2 16 11 1415 2911 3960
8343 2 2 16 11 1590 4832 3437
8344 2 2 16 11 3033 4747 4338
8345 2 2 16 11 1170 2727 4947
8346 2 2 16 11 767 4336 3226
8347 2 2 16 11 1860 5068 4360
8348 2 2 16 11 1166 4039 2931
8349 2 2 16 11 88 89 3903
8350 2 2 16 11 2041 5462 4927
8351 2 2 16 11 637 2840 4148
8352 2 2 16 11 402 4153 403
8353 2 2 16 11 1898 3917 4220
8354 2 2 16 11 1090 4220 3917
8355 2 2 16 11 1397 4347 3124
8356 2 2 16 11 314 3190 3688
8357 2 2 16 11 804 2737 5398
8358 2 2 16 11 1839 5204 3270
8359 2 2 16 11 1124 2952 3943
8360 2 2 16 11 2529 5200 3262
8361 2 2 16 11 1398 4599 2960
8362 2 2 16 11 1512 2822 4884
8363 2 2 16 11 1408 3331 4125
8364 2 2 16 11 1641 3954 4719
8365 2 2 16 11 1685 5106 2866
8366 2 2 16 11 2594 3383 5122
8367 2 2 16 11 831 2866 5106
8368 2 2 16 11 1098 2742 5095
8369 2 2 16 11 2082 4965 4962
8370 2 2 16 11 724 5114 2727
8371 2 2 16 11 879 5384 2810
8372 2 2 16 11 176 177 4081
8373 2 2 16 11 1133 2840 4167
8374 2 2 16 11 798 4357 2789
8375 2 2 16 11 1973 3319 5150
8376 2 2 16 11 585 3559 4907
8377 2 2 16 11 1397 4331 4523
8378 2 2 16 11 2367 5133 3762
8379 2 2 16 11 1167 4348 3112
8380 2 2 16 11 2301 4672 3458
8381 2 2 16 11 1996 3314 4737
8382 2 2 16 11 1595 3112 4348
8383 2 2 16 11 975 4349 2886
8384 2 2 16 11 541 3932 542
8385 2 2 16 11 836 2859 4662
8386 2 2 16 11 898 4709 2741
8387 2 2 16 11 1161 2936 4027
8388 2 2 16 11 278 279 3930
8389 2 2 16 11 1531 5196 2978
8390 2 2 16 11 556 4069 557
8391 2 2 16 11 2508 5219 4833
8392 2 2 16 11 940 2790 4371
8393 2 2 16 11 1860 4250 3549
8394 2 2 16 11 1003 3549 4250
8395 2 2 16 11 379 380 3931
8396 2 2 16 11 650 3981 4921
8397 2 2 16 11 1630 4120 3427
8398 2 2 16 11 1723 4883 3868
8399 2 2 16 11 1931 3130 3871
8400 2 2 16 11 1161 4027 2938
8401 2 2 16 11 1123 2825 5201
8402 2 2 16 11 316 2871 4558
8403 2 2 16 11 2156 4813 5366
8404 2 2 16 11 102 4279 2914
8405 2 2 16 11 595 3362 4249
8406 2 2 16 11 1414 4408 2784
8407 2 2 16 11 708 3340 4765
8408 2 2 16 11 811 2811 4302
8409 2 2 16 11 1835 3253 5251
8410 2 2 16 11 1192 5178 3039
8411 2 2 16 11 1814 3399 3560
8412 2 2 16 11 847 3202 4252
8413 2 2 16 11 1598 4252 3202
8414 2 2 16 11 1659 4249 3362
8415 2 2 16 11 802 2757 4727
8416 2 2 16 11 855 4368 2800
8417 2 2 16 11 1799 4765 3340
8418 2 2 16 11 845 3355 3882
8419 2 2 16 11 1535 3882 3355
8420 2 2 16 11 711 3458 4672
8421 2 2 16 11 1410 3615 3316
8422 2 2 16 11 1771 4157 3402
8423 2 2 16 11 1612 5398 2737
8424 2 2 16 11 1284 3718 3284
8425 2 2 16 11 2237 4762 5134
8426 2 2 16 11 1459 4080 4103
8427 2 2 16 11 2353 4937 4675
8428 2 2 16 11 1576 3461 4441
8429 2 2 16 11 1283 3636 5034
8430 2 2 16 11 1537 4727 2757
8431 2 2 16 11 847 3834 3202
8432 2 2 16 11 1479 3202 3834
8433 2 2 16 11 694 4321 2815
8434 2 2 16 11 1549 3591 4355
8435 2 2 16 11 1559 3816 4424
8436 2 2 16 11 2025 4424 3816
8437 2 2 16 11 939 4598 3811
8438 2 2 16 11 1878 3191 4139
8439 2 2 16 11 1225 3874 4218
8440 2 2 16 11 2036 4210 4209
8441 2 2 16 11 596 4117 2885
8442 2 2 16 11 1986 3811 4598
8443 2 2 16 11 1856 4218 3874
8444 2 2 16 11 1445 4209 4210
8445 2 2 16 11 1519 2857 4201
8446 2 2 16 11 2114 4355 3591
8447 2 2 16 11 1385 4060 2958
8448 2 2 16 11 2577 5015 5304
8449 2 2 16 11 2924 3514 5475
8450 2 2 16 11 148 149 3959
8451 2 2 16 11 964 4746 2758
8452 2 2 16 11 1554 4821 2761
8453 2 2 16 11 816 4909 2799
8454 2 2 16 11 1591 2799 4909
8455 2 2 16 11 360 361 3962
8456 2 2 16 11 1549 4355 4025
8457 2 2 16 11 370 3612 4204
8458 2 2 16 11 710 5167 2749
8459 2 2 16 11 1113 2749 5313
8460 2 2 16 11 874 3310 3997
8461 2 2 16 11 190 191 3967
8462 2 2 16 11 611 2852 4773
8463 2 2 16 11 1280 4780 2861
8464 2 2 16 11 2348 5113 4178
8465 2 2 16 11 675 4178 5113
8466 2 2 16 11 1417 2931 4039
8467 2 2 16 11 1782 3575 5048
8468 2 2 16 11 1781 3314 4763
8469 2 2 16 11 753 3719 4566
8470 2 2 16 11 354 4763 3314
8471 2 2 16 11 1446 2938 4027
8472 2 2 16 11 1875 3985 5285
8473 2 2 16 11 810 2754 4850
8474 2 2 16 11 1763 3661 4198
8475 2 2 16 11 634 4198 3661
8476 2 2 16 11 1728 5147 3026
8477 2 2 16 11 1684 5188 2752
8478 2 2 16 11 1123 5201 2852
8479 2 2 16 11 2128 3440 4643
8480 2 2 16 11 559 3979 560
8481 2 2 16 11 7 483 4183
8482 2 2 16 11 1995 3457 3703
8483 2 2 16 11 117 4272 2837
8484 2 2 16 11 403 4153 3040
8485 2 2 16 11 1633 4242 3757
8486 2 2 16 11 667 3703 3457
8487 2 2 16 11 400 3603 5348
8488 2 2 16 11 205 206 3984
8489 2 2 16 11 1970 3898 4618
8490 2 2 16 11 1220 3536 5239
8491 2 2 16 11 706 4633 2767
8492 2 2 16 11 801 2756 4926
8493 2 2 16 11 640 3117 4255
8494 2 2 16 11 1563 4255 3117
8495 2 2 16 11 1571 4926 2756
8496 2 2 16 11 1126 4545 2785
8497 2 2 16 11 1269 3829 3485
8498 2 2 16 11 1718 4548 3284
8499 2 2 16 11 1284 3284 4548
8500 2 2 16 11 1288 3209 4762
8501 2 2 16 11 1736 4762 3209
8502 2 2 16 11 102 103 4279
8503 2 2 16 11 2105 4627 5119
8504 2 2 16 11 2135 3302 4924
8505 2 2 16 11 1747 3625 3476
8506 2 2 16 11 1389 3856 3468
8507 2 2 16 11 1669 3819 3770
8508 2 2 16 11 1257 4461 2927
8509 2 2 16 11 1460 3770 3819
8510 2 2 16 11 2226 3311 4398
8511 2 2 16 11 1188 4239 3106
8512 2 2 16 11 1099 5131 2755
8513 2 2 16 11 1481 4326 2868
8514 2 2 16 11 752 3907 4345
8515 2 2 16 11 1740 4911 4300
8516 2 2 16 11 1113 2868 4326
8517 2 2 16 11 1127 2789 5205
8518 2 2 16 11 527 3084 5332
8519 2 2 16 11 509 4283 3176
8520 2 2 16 11 1428 3752 3759
8521 2 2 16 11 1781 5345 3750
8522 2 2 16 11 1839 3531 3955
8523 2 2 16 11 1893 4748 5034
8524 2 2 16 11 703 4833 5219
8525 2 2 16 11 1211 2791 4546
8526 2 2 16 11 1663 2759 5278
8527 2 2 16 11 661 4690 3592
8528 2 2 16 11 1898 3592 4690
8529 2 2 16 11 2031 4469 5359
8530 2 2 16 11 452 2835 4364
8531 2 2 16 11 1664 3759 3752
8532 2 2 16 11 1415 3348 3912
8533 2 2 16 11 1204 5196 3066
8534 2 2 16 11 1318 5090 3222
8535 2 2 16 11 1840 3141 4621
8536 2 2 16 11 511 4031 512
8537 2 2 16 11 2074 4077 3104
8538 2 2 16 11 1336 2961 4037
8539 2 2 16 11 1416 4470 3011
8540 2 2 16 11 818 4339 2842
8541 2 2 16 11 1631 3028 4669
8542 2 2 16 11 1759 3478 3857
8543 2 2 16 11 1608 4798 2875
8544 2 2 16 11 927 2917 4311
8545 2 2 16 11 1553 5155 2769
8546 2 2 16 11 1646 2949 5289
8547 2 2 16 11 1347 2870 4677
8548 2 2 16 11 2300 5208 4035
8549 2 2 16 11 1491 3528 3992
8550 2 2 16 11 1240 3137 4018
8551 2 2 16 11 1112 2809 4484
8552 2 2 16 11 994 4035 5208
8553 2 2 16 11 921 4107 4752
8554 2 2 16 11 1910 3992 3528
8555 2 2 16 11 1364 4954 2762
8556 2 2 16 11 1466 3827 3774
8557 2 2 16 11 1321 4833 3282
8558 2 2 16 11 1668 3774 3827
8559 2 2 16 11 802 4727 2772
8560 2 2 16 11 1055 4669 3028
8561 2 2 16 11 965 3857 3478
8562 2 2 16 11 1965 3047 4422
8563 2 2 16 11 776 4103 2938
8564 2 2 16 11 1611 3637 3859
8565 2 2 16 11 857 5275 2764
8566 2 2 16 11 1006 4716 2774
8567 2 2 16 11 851 3955 3531
8568 2 2 16 11 786 4499 3347
8569 2 2 16 11 1735 2763 5081
8570 2 2 16 11 1315 3488 3667
8571 2 2 16 11 1864 2765 5265
8572 2 2 16 11 2015 2957 4263
8573 2 2 16 11 2436 5216 5090
8574 2 2 16 11 643 4386 3126
8575 2 2 16 11 824 3300 3705
8576 2 2 16 11 1466 4858 3776
8577 2 2 16 11 461 4050 462
8578 2 2 16 11 1446 4123 2938
8579 2 2 16 11 1153 5162 3432
8580 2 2 16 11 831 2946 5338
8581 2 2 16 11 1587 3126 4386
8582 2 2 16 11 1165 4071 2954
8583 2 2 16 11 2050 4817 4105
8584 2 2 16 11 741 5304 5015
8585 2 2 16 11 1413 3893 3323
8586 2 2 16 11 2287 3323 3893
8587 2 2 16 11 549 3816 5181
8588 2 2 16 11 2453 3649 4662
8589 2 2 16 11 2187 5380 3296
8590 2 2 16 11 1488 2838 4443
8591 2 2 16 11 1701 3817 3861
8592 2 2 16 11 584 3861 3817
8593 2 2 16 11 1825 3370 5309
8594 2 2 16 11 1080 3987 3014
8595 2 2 16 11 668 2982 4776
8596 2 2 16 11 1732 3142 5095
8597 2 2 16 11 776 2938 4123
8598 2 2 16 11 1189 4911 3396
8599 2 2 16 11 1165 2965 4071
8600 2 2 16 11 802 2833 4427
8601 2 2 16 11 1296 2765 5211
8602 2 2 16 11 2006 3869 4400
8603 2 2 16 11 1553 4400 3869
8604 2 2 16 11 2759 4931 5278
8605 2 2 16 11 1944 3940 3181
8606 2 2 16 11 350 351 5364
8607 2 2 16 11 1071 5278 4931
8608 2 2 16 11 664 3856 3141
8609 2 2 16 11 1855 4647 3813
8610 2 2 16 11 1449 4071 2965
8611 2 2 16 11 113 114 4138
8612 2 2 16 11 230 231 4078
8613 2 2 16 11 1931 4480 2865
8614 2 2 16 11 2192 3924 3159
8615 2 2 16 11 594 2819 4818
8616 2 2 16 11 1567 4818 2819
8617 2 2 16 11 1391 2818 4522
8618 2 2 16 11 1104 2771 4944
8619 2 2 16 11 1609 4675 4937
8620 2 2 16 11 1082 3871 3130
8621 2 2 16 11 1528 4405 2848
8622 2 2 16 11 926 3781 4814
8623 2 2 16 11 340 341 4086
8624 2 2 16 11 2433 5274 4226
8625 2 2 16 11 1000 4226 5274
8626 2 2 16 11 822 3144 4589
8627 2 2 16 11 907 4618 3898
8628 2 2 16 11 1652 4605 3416
8629 2 2 16 11 143 3043 5460
8630 2 2 16 11 73 74 4352
8631 2 2 16 11 344 5222 3533
8632 2 2 16 11 1816 4902 2976
8633 2 2 16 11 2845 5378 3221
8634 2 2 16 11 2016 4814 3781
8635 2 2 16 11 1532 2855 4399
8636 2 2 16 11 1875 4835 2780
8637 2 2 16 11 2263 3493 4593
8638 2 2 16 11 870 4705 2795
8639 2 2 16 11 1352 3566 3865
8640 2 2 16 11 623 4216 3397
8641 2 2 16 11 1580 4615 3163
8642 2 2 16 11 1534 3243 4065
8643 2 2 16 11 1745 2774 5357
8644 2 2 16 11 874 4065 3243
8645 2 2 16 11 1173 3517 4007
8646 2 2 16 11 1239 5018 3085
8647 2 2 16 11 1975 4637 3518
8648 2 2 16 11 833 2976 4902
8649 2 2 16 11 839 3017 4978
8650 2 2 16 11 1559 2802 5181
8651 2 2 16 11 679 4870 2783
8652 2 2 16 11 1723 4007 3517
8653 2 2 16 11 2071 3906 3102
8654 2 2 16 11 1199 4491 2943
8655 2 2 16 11 618 4179 2933
8656 2 2 16 11 1944 4620 3940
8657 2 2 16 11 1556 3720 4082
8658 2 2 16 11 1463 4097 3001
8659 2 2 16 11 2077 5109 4862
8660 2 2 16 11 39 40 5147
8661 2 2 16 11 1149 5250 2770
8662 2 2 16 11 1672 2930 5217
8663 2 2 16 11 651 3257 4479
8664 2 2 16 11 654 4734 3409
8665 2 2 16 11 126 127 4115
8666 2 2 16 11 1801 3409 4734
8667 2 2 16 11 761 4597 4419
8668 2 2 16 11 2237 5134 4020
8669 2 2 16 11 908 5454 3813
8670 2 2 16 11 971 4020 5134
8671 2 2 16 11 824 4952 2785
8672 2 2 16 11 937 3001 4097
8673 2 2 16 11 2231 3041 5057
8674 2 2 16 11 798 5207 2804
8675 2 2 16 11 790 2812 5035
8676 2 2 16 11 1644 5044 3549
8677 2 2 16 11 1512 3133 3897
8678 2 2 16 11 1425 4383 3157
8679 2 2 16 11 454 3005 4476
8680 2 2 16 11 1594 4418 3025
8681 2 2 16 11 1107 2991 5010
8682 2 2 16 11 1958 3712 3367
8683 2 2 16 11 315 316 4558
8684 2 2 16 11 1229 3836 5340
8685 2 2 16 11 1126 2785 5370
8686 2 2 16 11 1698 5010 2991
8687 2 2 16 11 2065 5428 3490
8688 2 2 16 11 2230 4419 4597
8689 2 2 16 11 1632 4476 3005
8690 2 2 16 11 349 3490 5428
8691 2 2 16 11 1269 2801 5492
8692 2 2 16 11 822 3674 4454
8693 2 2 16 11 1499 3864 4100
8694 2 2 16 11 1071 3010 5278
8695 2 2 16 11 2078 3435 4137
8696 2 2 16 11 2801 3485 5143
8697 2 2 16 11 1444 2922 4990
8698 2 2 16 11 616 2856 4474
8699 2 2 16 11 638 3476 3625
8700 2 2 16 11 813 3480 4622
8701 2 2 16 11 1691 5368 2792
8702 2 2 16 11 1114 2792 5368
8703 2 2 16 11 1471 3934 3107
8704 2 2 16 11 2073 3170 3884
8705 2 2 16 11 1662 3558 3644
8706 2 2 16 11 1479 3240 3814
8707 2 2 16 11 933 4729 2989
8708 2 2 16 11 2019 3814 3240
8709 2 2 16 11 1360 3152 3896
8710 2 2 16 11 1450 3167 3886
8711 2 2 16 11 1756 4182 4871
8712 2 2 16 11 1208 2957 4160
8713 2 2 16 11 1359 4450 2869
8714 2 2 16 11 876 3168 3996
8715 2 2 16 11 80 3025 4418
8716 2 2 16 11 1116 5389 2946
8717 2 2 16 11 2562 3374 4232
8718 2 2 16 11 1443 5231 3632
8719 2 2 16 11 1916 5269 4970
8720 2 2 16 11 1006 5493 3534
8721 2 2 16 11 777 3237 4624
8722 2 2 16 11 2258 2892 4999
8723 2 2 16 11 1998 3305 5442
8724 2 2 16 11 1823 3427 4852
8725 2 2 16 11 2082 5353 3804
8726 2 2 16 11 1075 2799 5017
8727 2 2 16 11 1591 5017 2799
8728 2 2 16 11 837 4787 4841
8729 2 2 16 11 1826 3916 3429
8730 2 2 16 11 1676 2883 5173
8731 2 2 16 11 1175 5173 2883
8732 2 2 16 11 1667 3029 4043
8733 2 2 16 11 1442 3251 4005
8734 2 2 16 11 1551 4908 2806
8735 2 2 16 11 331 332 4162
8736 2 2 16 11 2569 3398 4744
8737 2 2 16 11 1049 4946 2803
8738 2 2 16 11 304 4852 3427
8739 2 2 16 11 886 4230 2932
8740 2 2 16 11 1981 4285 5011
8741 2 2 16 11 1546 3395 3953
8742 2 2 16 11 1733 3036 4772
8743 2 2 16 11 1356 3953 3395
8744 2 2 16 11 862 3158 4398
8745 2 2 16 11 1583 4398 3158
8746 2 2 16 11 1182 4892 2986
8747 2 2 16 11 1856 5127 2796
8748 2 2 16 11 998 5351 3116
8749 2 2 16 11 1575 3076 4556
8750 2 2 16 11 1895 4431 5405
8751 2 2 16 11 1040 2806 4908
8752 2 2 16 11 661 3655 4690
8753 2 2 16 11 1897 4690 3655
8754 2 2 16 11 318 2853 4535
8755 2 2 16 11 1957 2801 5143
8756 2 2 16 11 1641 2806 5387
8757 2 2 16 11 756 5289 2949
8758 2 2 16 11 1569 2914 4279
8759 2 2 16 11 46 47 5199
8760 2 2 16 11 2430 4915 3366
8761 2 2 16 11 1664 2860 4523
8762 2 2 16 11 1523 2804 5207
8763 2 2 16 11 880 3998 4430
8764 2 2 16 11 1139 2837 5291
8765 2 2 16 11 937 4670 3001
8766 2 2 16 11 1457 4113 3010
8767 2 2 16 11 1463 3040 4153
8768 2 2 16 11 1381 4913 3044
8769 2 2 16 11 993 5319 3214
8770 2 2 16 11 1441 2810 5384
8771 2 2 16 11 750 5116 3161
8772 2 2 16 11 1072 4042 4660
8773 2 2 16 11 985 4901 2895
8774 2 2 16 11 1942 5335 4093
8775 2 2 16 11 1636 5395 3973
8776 2 2 16 11 1397 3391 4347
8777 2 2 16 11 1769 3695 4276
8778 2 2 16 11 1333 4276 3695
8779 2 2 16 11 2334 4776 2982
8780 2 2 16 11 945 4708 4737
8781 2 2 16 11 1938 4740 4629
8782 2 2 16 11 1600 3001 4670
8783 2 2 16 11 1201 3153 4849
8784 2 2 16 11 2179 4666 4282
8785 2 2 16 11 93 3591 4164
8786 2 2 16 11 956 4282 4666
8787 2 2 16 11 1040 5387 2806
8788 2 2 16 11 1713 4849 3153
8789 2 2 16 11 932 4757 4375
8790 2 2 16 11 255 3850 5459
8791 2 2 16 11 1015 5260 2807
8792 2 2 16 11 242 2832 4751
8793 2 2 16 11 5 582 4303
8794 2 2 16 11 2045 3148 4657
8795 2 2 16 11 1435 4311 2917
8796 2 2 16 11 856 4058 3505
8797 2 2 16 11 2075 4660 4042
8798 2 2 16 11 3129 4745 5478
8799 2 2 16 11 2483 3692 3947
8800 2 2 16 11 262 5446 3284
8801 2 2 16 11 1239 5122 3383
8802 2 2 16 11 1683 4435 3888
8803 2 2 16 11 1899 3888 4435
8804 2 2 16 11 357 4407 3374
8805 2 2 16 11 1999 4943 3723
8806 2 2 16 11 762 5464 2809
8807 2 2 16 11 1293 3723 4943
8808 2 2 16 11 985 2895 5126
8809 2 2 16 11 1727 4558 2871
8810 2 2 16 11 2770 5250 3621
8811 2 2 16 11 3437 4832 5331
8812 2 2 16 11 1658 5126 2895
8813 2 2 16 11 1306 3459 5299
8814 2 2 16 11 1214 4786 2831
8815 2 2 16 11 1463 4153 3060
8816 2 2 16 11 637 5221 2840
8817 2 2 16 11 809 4768 2867
8818 2 2 16 11 880 3103 3998
8819 2 2 16 11 1943 4981 2818
8820 2 2 16 11 539 4228 540
8821 2 2 16 11 989 3580 4524
8822 2 2 16 11 25 3027 4128
8823 2 2 16 11 808 4719 2843
8824 2 2 16 11 2278 2833 4854
8825 2 2 16 11 878 4017 4401
8826 2 2 16 11 1456 2967 4923
8827 2 2 16 11 1983 3550 4333
8828 2 2 16 11 2024 4657 3148
8829 2 2 16 11 1555 3181 3940
8830 2 2 16 11 1162 2823 5019
8831 2 2 16 11 1627 3892 3407
8832 2 2 16 11 702 2891 4486
8833 2 2 16 11 437 4251 438
8834 2 2 16 11 418 3270 5204
8835 2 2 16 11 1801 5413 3741
8836 2 2 16 11 1411 4662 2859
8837 2 2 16 11 1568 4008 5230
8838 2 2 16 11 1634 2870 4604
8839 2 2 16 11 228 3172 4193
8840 2 2 16 11 390 4256 391
8841 2 2 16 11 1525 4193 3172
8842 2 2 16 11 1420 3262 5111
8843 2 2 16 11 1977 4533 3978
8844 2 2 16 11 756 5311 4376
8845 2 2 16 11 1441 3425 4454
8846 2 2 16 11 929 3978 4533
8847 2 2 16 11 1532 5178 2855
8848 2 2 16 11 788 3644 3558
8849 2 2 16 11 1299 3407 3892
8850 2 2 16 11 249 250 4264
8851 2 2 16 11 2765 3576 5265
8852 2 2 16 11 1463 3060 4097
8853 2 2 16 11 820 4973 2830
8854 2 2 16 11 899 3940 4620
8855 2 2 16 11 366 3114 4024
8856 2 2 16 11 690 5386 2828
8857 2 2 16 11 1298 3676 3514
8858 2 2 16 11 1437 4773 2852
8859 2 2 16 11 507 3487 4547
8860 2 2 16 11 1096 2829 5418
8861 2 2 16 11 1471 3107 4045
8862 2 2 16 11 676 4045 3107
8863 2 2 16 11 2146 5337 3377
8864 2 2 16 11 2558 4782 3371
8865 2 2 16 11 2615 4999 2892
8866 2 2 16 11 1862 5284 4516
8867 2 2 16 11 1116 2828 5389
8868 2 2 16 11 1873 4922 4800
8869 2 2 16 11 838 2939 4369
8870 2 2 16 11 889 5223 3638
8871 2 2 16 11 933 2989 4654
8872 2 2 16 11 1491 2928 4390
8873 2 2 16 11 1820 5189 2829
8874 2 2 16 11 1394 3093 4440
8875 2 2 16 11 1122 2867 4679
8876 2 2 16 11 1434 3387 4685
8877 2 2 16 11 1577 4654 2989
8878 2 2 16 11 1535 3176 4283
8879 2 2 16 11 698 2836 5276
8880 2 2 16 11 258 259 4296
8881 2 2 16 11 1512 3897 3381
8882 2 2 16 11 863 3381 3897
8883 2 2 16 11 934 4442 4667
8884 2 2 16 11 2427 5048 3937
8885 2 2 16 11 54 55 4306
8886 2 2 16 11 530 4304 531
8887 2 2 16 11 908 3813 4647
8888 2 2 16 11 1702 3760 3671
8889 2 2 16 11 1645 3037 4489
8890 2 2 16 11 685 4099 4623
8891 2 2 16 11 764 4231 3004
8892 2 2 16 11 1131 5292 2835
8893 2 2 16 11 2054 4623 4099
8894 2 2 16 11 1695 5136 4089
8895 2 2 16 11 640 5054 2995
8896 2 2 16 11 161 162 4328
8897 2 2 16 11 119 4489 3037
8898 2 2 16 11 864 5479 3187
8899 2 2 16 11 2226 5044 4248
8900 2 2 16 11 689 3104 4077
8901 2 2 16 11 639 3743 4971
8902 2 2 16 11 402 3060 4153
8903 2 2 16 11 1534 4651 3219
8904 2 2 16 11 1562 2858 5000
8905 2 2 16 11 2288 3441 4015
8906 2 2 16 11 1984 4033 3192
8907 2 2 16 11 1380 4425 5339
8908 2 2 16 11 2163 2988 4559
8909 2 2 16 11 1403 3823 3375
8910 2 2 16 11 2122 4117 3651
8911 2 2 16 11 1593 3252 4365
8912 2 2 16 11 596 3651 4117
8913 2 2 16 11 630 3029 4967
8914 2 2 16 11 624 4365 3252
8915 2 2 16 11 2072 5111 3737
8916 2 2 16 11 2690 3647 5302
8917 2 2 16 11 1133 5447 2840
8918 2 2 16 11 145 146 4354
8919 2 2 16 11 2328 5063 4340
8920 2 2 16 11 1893 5034 3636
8921 2 2 16 11 964 3976 5334
8922 2 2 16 11 978 3500 5341
8923 2 2 16 11 2010 5341 3500
8924 2 2 16 11 1432 3249 5152
8925 2 2 16 11 902 3737 5111
8926 2 2 16 11 1810 5193 3208
8927 2 2 16 11 1121 5378 2845
8928 2 2 16 11 1245 3064 4985
8929 2 2 16 11 712 4340 5063
8930 2 2 16 11 1228 3147 5347
8931 2 2 16 11 1147 3497 5118
8932 2 2 16 11 1700 5236 2839
8933 2 2 16 11 1667 4967 3029
8934 2 2 16 11 910 4455 3802
8935 2 2 16 11 1849 3802 4455
8936 2 2 16 11 1492 4149 3077
8937 2 2 16 11 1695 4723 5136
8938 2 2 16 11 226 4821 3634
8939 2 2 16 11 562 4460 563
8940 2 2 16 11 812 4938 2864
8941 2 2 16 11 2004 4699 3745
8942 2 2 16 11 1467 3755 4769
8943 2 2 16 11 682 5000 2858
8944 2 2 16 11 2225 4319 3177
8945 2 2 16 11 852 4477 3749
8946 2 2 16 11 1809 3237 4200
8947 2 2 16 11 1083 3745 4699
8948 2 2 16 11 1561 3823 3563
8949 2 2 16 11 1360 2910 4554
8950 2 2 16 11 404 5238 3768
8951 2 2 16 11 1475 3949 3263
8952 2 2 16 11 1150 2844 5308
8953 2 2 16 11 1403 3563 3823
8954 2 2 16 11 2269 5334 3976
8955 2 2 16 11 894 3167 4483
8956 2 2 16 11 1818 3488 4822
8957 2 2 16 11 1315 4822 3488
8958 2 2 16 11 1796 4447 5329
8959 2 2 16 11 1307 2847 5314
8960 2 2 16 11 1437 2852 5201
8961 2 2 16 11 1824 5224 2877
8962 2 2 16 11 164 165 4397
8963 2 2 16 11 2379 4376 5311
8964 2 2 16 11 1561 3852 3823
8965 2 2 16 11 2116 3851 3378
8966 2 2 16 11 1192 2855 5178
8967 2 2 16 11 1563 4574 2908
8968 2 2 16 11 767 4646 2898
8969 2 2 16 11 2032 4722 4713
8970 2 2 16 11 945 2877 4808
8971 2 2 16 11 1442 3499 5422
8972 2 2 16 11 964 5334 4655
8973 2 2 16 11 1586 3103 4129
8974 2 2 16 11 2242 3211 4150
8975 2 2 16 11 1445 3512 5417
8976 2 2 16 11 1376 3809 3810
8977 2 2 16 11 1734 5234 4147
8978 2 2 16 11 1942 3810 3809
8979 2 2 16 11 1046 3424 5008
8980 2 2 16 11 218 3208 5193
8981 2 2 16 11 1403 4143 5453
8982 2 2 16 11 857 4865 3648
8983 2 2 16 11 79 80 4418
8984 2 2 16 11 281 282 4416
8985 2 2 16 11 173 174 4417
8986 2 2 16 11 860 3263 3949
8987 2 2 16 11 2270 5076 4234
8988 2 2 16 11 857 4502 4865
8989 2 2 16 11 850 3192 4033
8990 2 2 16 11 1239 3085 4557
8991 2 2 16 11 2034 3758 4857
8992 2 2 16 11 1224 4857 3758
8993 2 2 16 11 1797 2862 5362
8994 2 2 16 11 1575 4557 3085
8995 2 2 16 11 1327 4887 2941
8996 2 2 16 11 1097 5125 2858
8997 2 2 16 11 1749 4234 5076
8998 2 2 16 11 1359 2869 5024
8999 2 2 16 11 2254 4512 3418
9000 2 2 16 11 170 171 4436
9001 2 2 16 11 614 4777 2890
9002 2 2 16 11 1596 4007 3868
9003 2 2 16 11 1558 4563 2917
9004 2 2 16 11 1736 5134 4762
9005 2 2 16 11 14 15 5258
9006 2 2 16 11 325 326 4447
9007 2 2 16 11 1151 2866 5153
9008 2 2 16 11 1766 4577 2966
9009 2 2 16 11 1723 3868 4007
9010 2 2 16 11 504 4451 505
9011 2 2 16 11 33 2966 4577
9012 2 2 16 11 1409 4873 3365
9013 2 2 16 11 51 52 4457
9014 2 2 16 11 1826 4207 3678
9015 2 2 16 11 1140 5001 2878
9016 2 2 16 11 1800 4191 3285
9017 2 2 16 11 1813 3646 4582
9018 2 2 16 11 866 4582 3646
9019 2 2 16 11 807 3122 4403
9020 2 2 16 11 1547 4403 3122
9021 2 2 16 11 921 3046 4406
9022 2 2 16 11 1313 3255 4643
9023 2 2 16 11 480 4463 481
9024 2 2 16 11 1754 5318 4427
9025 2 2 16 11 992 5164 4731
9026 2 2 16 11 916 3970 4472
9027 2 2 16 11 1692 2876 4907
9028 2 2 16 11 749 3442 4353
9029 2 2 16 11 1632 3005 4366
9030 2 2 16 11 785 4696 3035
9031 2 2 16 11 2188 2956 4491
9032 2 2 16 11 221 222 4475
9033 2 2 16 11 831 5338 2866
9034 2 2 16 11 1994 4975 2875
9035 2 2 16 11 1855 3813 4045
9036 2 2 16 11 454 4476 455
9037 2 2 16 11 804 5398 3038
9038 2 2 16 11 2374 4537 4980
9039 2 2 16 11 979 2983 4426
9040 2 2 16 11 794 4980 4537
9041 2 2 16 11 1773 3698 5312
9042 2 2 16 11 119 120 4489
9043 2 2 16 11 1220 3571 4957
9044 2 2 16 11 919 4390 4467
9045 2 2 16 11 613 4605 2925
9046 2 2 16 11 888 4005 3251
9047 2 2 16 11 791 4267 3061
9048 2 2 16 11 903 3045 4289
9049 2 2 16 11 1543 3762 5133
9050 2 2 16 11 1468 3058 5385
9051 2 2 16 11 890 3523 5052
9052 2 2 16 11 1717 4184 3110
9053 2 2 16 11 1645 4485 3037
9054 2 2 16 11 770 4780 3839
9055 2 2 16 11 1451 3167 4998
9056 2 2 16 11 1502 2994 5403
9057 2 2 16 11 1004 4394 5359
9058 2 2 16 11 1927 4472 3970
9059 2 2 16 11 1190 3033 4338
9060 2 2 16 11 650 2888 4977
9061 2 2 16 11 1734 5001 5234
9062 2 2 16 11 819 4425 2998
9063 2 2 16 11 1599 2986 4892
9064 2 2 16 11 1530 3061 4267
9065 2 2 16 11 832 3414 4801
9066 2 2 16 11 1794 2953 4541
9067 2 2 16 11 1564 3057 4275
9068 2 2 16 11 669 5495 3803
9069 2 2 16 11 1954 4625 2934
9070 2 2 16 11 1356 3326 3953
9071 2 2 16 11 1116 2946 5388
9072 2 2 16 11 1801 5137 5413
9073 2 2 16 11 3139 5247 3808
9074 2 2 16 11 595 4133 3362
9075 2 2 16 11 1318 3642 5090
9076 2 2 16 11 821 3000 4446
9077 2 2 16 11 1728 5388 2946
9078 2 2 16 11 893 3152 4157
9079 2 2 16 11 1476 2895 4901
9080 2 2 16 11 781 3039 4344
9081 2 2 16 11 622 5186 2879
9082 2 2 16 11 281 4416 3031
9083 2 2 16 11 1661 3031 4416
9084 2 2 16 11 1239 3383 5018
9085 2 2 16 11 499 4530 500
9086 2 2 16 11 1309 3161 4593
9087 2 2 16 11 409 4396 3030
9088 2 2 16 11 1735 2991 5355
9089 2 2 16 11 1448 5303 3236
9090 2 2 16 11 1513 4235 3094
9091 2 2 16 11 1107 5355 2991
9092 2 2 16 11 2059 3735 4889
9093 2 2 16 11 1183 4161 3156
9094 2 2 16 11 958 4889 3735
9095 2 2 16 11 939 3770 4598
9096 2 2 16 11 1676 5177 2883
9097 2 2 16 11 1166 3351 4039
9098 2 2 16 11 1389 4853 3734
9099 2 2 16 11 734 4924 2900
9100 2 2 16 11 2136 3933 3373
9101 2 2 16 11 1936 4661 3349
9102 2 2 16 11 810 4850 2908
9103 2 2 16 11 1566 2951 4590
9104 2 2 16 11 1886 3965 5130
9105 2 2 16 11 2313 3485 3829
9106 2 2 16 11 1453 3239 5015
9107 2 2 16 11 1930 3734 4853
9108 2 2 16 11 2352 4073 3330
9109 2 2 16 11 1958 4131 3267
9110 2 2 16 11 988 2994 4874
9111 2 2 16 11 643 3193 5040
9112 2 2 16 11 1563 2908 4850
9113 2 2 16 11 2169 4933 5279
9114 2 2 16 11 1442 4005 3499
9115 2 2 16 11 1805 5273 2884
9116 2 2 16 11 1341 2958 4958
9117 2 2 16 11 1361 3589 5280
9118 2 2 16 11 677 3944 3606
9119 2 2 16 11 1299 3324 5240
9120 2 2 16 11 589 3595 4631
9121 2 2 16 11 586 3011 4470
9122 2 2 16 11 2036 4556 4210
9123 2 2 16 11 1805 4631 3595
9124 2 2 16 11 769 4210 4556
9125 2 2 16 11 73 4352 3212
9126 2 2 16 11 1600 4217 3686
9127 2 2 16 11 1448 3255 5303
9128 2 2 16 11 2601 5402 4778
9129 2 2 16 11 1394 3815 4644
9130 2 2 16 11 2209 3116 4895
9131 2 2 16 11 85 86 4580
9132 2 2 16 11 1976 3606 3944
9133 2 2 16 11 1492 3077 4409
9134 2 2 16 11 32 33 4577
9135 2 2 16 11 1418 5349 3162
9136 2 2 16 11 2055 3541 4286
9137 2 2 16 11 1785 5317 3139
9138 2 2 16 11 973 5133 5327
9139 2 2 16 11 863 3139 5317
9140 2 2 16 11 2397 3510 5002
9141 2 2 16 11 459 4700 3094
9142 2 2 16 11 831 5106 5372
9143 2 2 16 11 1517 3100 4254
9144 2 2 16 11 1424 3997 3310
9145 2 2 16 11 1201 2960 4599
9146 2 2 16 11 1642 4139 3191
9147 2 2 16 11 690 5002 3510
9148 2 2 16 11 562 3052 4460
9149 2 2 16 11 1402 3574 4023
9150 2 2 16 11 818 5471 3280
9151 2 2 16 11 523 5091 2896
9152 2 2 16 11 860 4063 3683
9153 2 2 16 11 1148 2889 5380
9154 2 2 16 11 20 21 5110
9155 2 2 16 11 270 5097 3277
9156 2 2 16 11 1786 3277 5097
9157 2 2 16 11 1927 5077 3622
9158 2 2 16 11 1142 5432 2874
9159 2 2 16 11 1260 5256 2892
9160 2 2 16 11 813 4622 2955
9161 2 2 16 11 304 305 4852
9162 2 2 16 11 3 4717 182
9163 2 2 16 11 1021 4778 5402
9164 2 2 16 11 99 100 4610
9165 2 2 16 11 1947 3357 4663
9166 2 2 16 11 1388 3195 4142
9167 2 2 16 11 767 2898 5132
9168 2 2 16 11 1029 2986 5326
9169 2 2 16 11 3 183 4717
9170 2 2 16 11 1489 3428 4180
9171 2 2 16 11 1242 4532 2998
9172 2 2 16 11 1325 4732 2945
9173 2 2 16 11 1578 3148 4576
9174 2 2 16 11 1144 3079 4796
9175 2 2 16 11 1617 4190 5078
9176 2 2 16 11 591 3066 4359
9177 2 2 16 11 1296 4144 3576
9178 2 2 16 11 2634 3680 5312
9179 2 2 16 11 406 4632 407
9180 2 2 16 11 1777 4017 3320
9181 2 2 16 11 1651 3683 4063
9182 2 2 16 11 879 3113 5384
9183 2 2 16 11 587 3429 3916
9184 2 2 16 11 988 5188 2994
9185 2 2 16 11 1216 5477 2896
9186 2 2 16 11 1967 4704 2952
9187 2 2 16 11 1858 4422 3047
9188 2 2 16 11 387 4641 388
9189 2 2 16 11 2300 4739 5208
9190 2 2 16 11 1766 5229 3180
9191 2 2 16 11 1413 3180 5229
9192 2 2 16 11 1789 4857 4633
9193 2 2 16 11 1684 2994 5188
9194 2 2 16 11 821 4550 3000
9195 2 2 16 11 1733 5300 3036
9196 2 2 16 11 678 3036 5300
9197 2 2 16 11 1623 3761 4595
9198 2 2 16 11 1377 4468 3053
9199 2 2 16 11 928 4574 4292
9200 2 2 16 11 807 4675 3138
9201 2 2 16 11 1609 3138 4675
9202 2 2 16 11 1465 5221 3228
9203 2 2 16 11 1409 3365 3975
9204 2 2 16 11 524 4671 525
9205 2 2 16 11 1392 4885 2934
9206 2 2 16 11 906 3722 4531
9207 2 2 16 11 1401 5305 4376
9208 2 2 16 11 2409 4376 5305
9209 2 2 16 11 1577 2989 4569
9210 2 2 16 11 214 3622 5077
9211 2 2 16 11 644 5231 5412
9212 2 2 16 11 1230 4208 4695
9213 2 2 16 11 428 3762 3675
9214 2 2 16 11 2134 4695 4208
9215 2 2 16 11 1648 4429 3329
9216 2 2 16 11 923 4812 4659
9217 2 2 16 11 1176 3061 4496
9218 2 2 16 11 1024 2962 4693
9219 2 2 16 11 1504 4896 3332
9220 2 2 16 11 1438 3671 3760
9221 2 2 16 11 832 4801 2947
9222 2 2 16 11 1530 4496 3061
9223 2 2 16 11 501 4682 502
9224 2 2 16 11 577 5399 578
9225 2 2 16 11 791 3149 4267
9226 2 2 16 11 363 364 4702
9227 2 2 16 11 1480 4292 3117
9228 2 2 16 11 1543 3675 3762
9229 2 2 16 11 968 3443 5448
9230 2 2 16 11 1435 2917 5363
9231 2 2 16 11 828 2927 5409
9232 2 2 16 11 1666 4460 3052
9233 2 2 16 11 641 4990 2922
9234 2 2 16 11 932 4576 3148
9235 2 2 16 11 1533 4301 3206
9236 2 2 16 11 1229 3206 4301
9237 2 2 16 11 1502 5403 3280
9238 2 2 16 11 2194 4868 3885
9239 2 2 16 11 1718 3885 4868
9240 2 2 16 11 1990 5059 4221
9241 2 2 16 11 1711 5409 2927
9242 2 2 16 11 1492 4409 3127
9243 2 2 16 11 1568 5230 2951
9244 2 2 16 11 243 244 4730
9245 2 2 16 11 2086 4381 4061
9246 2 2 16 11 1622 4796 3079
9247 2 2 16 11 1178 4511 3034
9248 2 2 16 11 495 4726 496
9249 2 2 16 11 1742 4629 4740
9250 2 2 16 11 252 253 4756
9251 2 2 16 11 497 4733 498
9252 2 2 16 11 1810 4531 3722
9253 2 2 16 11 106 107 5166
9254 2 2 16 11 1333 3143 4276
9255 2 2 16 11 1361 5280 3730
9256 2 2 16 11 354 355 4763
9257 2 2 16 11 641 3184 4217
9258 2 2 16 11 1845 5118 3497
9259 2 2 16 11 1990 4206 5099
9260 2 2 16 11 635 5249 3742
9261 2 2 16 11 70 71 4983
9262 2 2 16 11 601 4691 2985
9263 2 2 16 11 448 3164 4258
9264 2 2 16 11 1379 2937 4979
9265 2 2 16 11 767 5132 4336
9266 2 2 16 11 1179 3171 4749
9267 2 2 16 11 66 4409 3077
9268 2 2 16 11 826 3054 4490
9269 2 2 16 11 113 4138 3261
9270 2 2 16 11 573 5473 574
9271 2 2 16 11 1194 3267 4131
9272 2 2 16 11 1163 5449 3483
9273 2 2 16 11 2251 5038 4313
9274 2 2 16 11 1474 3197 5346
9275 2 2 16 11 434 4789 435
9276 2 2 16 11 1488 4040 3587
9277 2 2 16 11 6 4963 424
9278 2 2 16 11 1958 4628 4131
9279 2 2 16 11 1040 2912 5387
9280 2 2 16 11 319 320 4809
9281 2 2 16 11 1279 5041 3309
9282 2 2 16 11 1601 3271 4848
9283 2 2 16 11 1144 4796 2973
9284 2 2 16 11 1877 4493 3361
9285 2 2 16 11 681 4061 4381
9286 2 2 16 11 812 2948 4938
9287 2 2 16 11 909 3124 4347
9288 2 2 16 11 678 5300 5295
9289 2 2 16 11 1506 3330 4073
9290 2 2 16 11 1373 4573 3854
9291 2 2 16 11 1587 3002 4667
9292 2 2 16 11 1525 3172 4262
9293 2 2 16 11 1201 4849 2960
9294 2 2 16 11 1641 5387 2912
9295 2 2 16 11 1579 4938 2948
9296 2 2 16 11 1919 4638 3389
9297 2 2 16 11 1535 4257 3176
9298 2 2 16 11 1573 4912 2955
9299 2 2 16 11 491 4820 492
9300 2 2 16 11 1332 3947 3692
9301 2 2 16 11 493 4829 494
9302 2 2 16 11 1431 2989 4729
9303 2 2 16 11 830 5226 2921
9304 2 2 16 11 990 5452 3419
9305 2 2 16 11 1005 3222 5090
9306 2 2 16 11 1176 4496 3063
9307 2 2 16 11 1933 3419 5452
9308 2 2 16 11 635 4715 5249
9309 2 2 16 11 3520 5382 4332
9310 2 2 16 11 1544 4767 3009
9311 2 2 16 11 883 3880 4119
9312 2 2 16 11 1599 4341 5326
9313 2 2 16 11 822 4350 3144
9314 2 2 16 11 813 2955 4912
9315 2 2 16 11 474 4882 475
9316 2 2 16 11 1690 2920 5343
9317 2 2 16 11 1277 4899 3325
9318 2 2 16 11 533 4890 534
9319 2 2 16 11 1847 4287 3339
9320 2 2 16 11 766 4761 2990
9321 2 2 16 11 1242 2939 5138
9322 2 2 16 11 2219 2924 5475
9323 2 2 16 11 1732 5095 4475
9324 2 2 16 11 663 4894 3384
9325 2 2 16 11 1744 3384 4894
9326 2 2 16 11 556 3360 4069
9327 2 2 16 11 1344 4798 3098
9328 2 2 16 11 1608 3098 4798
9329 2 2 16 11 2040 5105 4371
9330 2 2 16 11 209 210 4935
9331 2 2 16 11 1313 4643 3440
9332 2 2 16 11 396 4906 397
9333 2 2 16 11 639 4971 4456
9334 2 2 16 11 1850 2930 5489
9335 2 2 16 11 2315 4656 4845
9336 2 2 16 11 894 4093 4998
9337 2 2 16 11 2117 4998 4093
9338 2 2 16 11 902 3657 4379
9339 2 2 16 11 597 3281 4439
9340 2 2 16 11 1831 5366 4813
9341 2 2 16 11 1576 4439 3281
9342 2 2 16 11 487 4914 488
9343 2 2 16 11 49 50 4948
9344 2 2 16 11 1010 4845 4656
9345 2 2 16 11 978 5341 4141
9346 2 2 16 11 845 3882 4293
9347 2 2 16 11 489 4920 490
9348 2 2 16 11 649 4923 2967
9349 2 2 16 11 1707 4809 3335
9350 2 2 16 11 320 3335 4809
9351 2 2 16 11 1613 5401 3042
9352 2 2 16 11 1600 4738 3001
9353 2 2 16 11 1507 3601 4385
9354 2 2 16 11 939 4388 3203
9355 2 2 16 11 450 4969 451
9356 2 2 16 11 1244 5176 2944
9357 2 2 16 11 1729 4379 3657
9358 2 2 16 11 1379 3728 4693
9359 2 2 16 11 1128 5485 2935
9360 2 2 16 11 1229 5340 3206
9361 2 2 16 11 211 212 5012
9362 2 2 16 11 1256 4883 3561
9363 2 2 16 11 275 4125 3331
9364 2 2 16 11 327 328 4996
9365 2 2 16 11 2788 5425 5235
9366 2 2 16 11 1513 3094 4700
9367 2 2 16 11 714 4703 3316
9368 2 2 16 11 1802 5070 3289
9369 2 2 16 11 551 3289 5070
9370 2 2 16 11 832 2947 5202
9371 2 2 16 11 425 5003 426
9372 2 2 16 11 139 140 5021
9373 2 2 16 11 1783 4334 4367
9374 2 2 16 11 849 4770 3521
9375 2 2 16 11 194 195 5036
9376 2 2 16 11 300 301 5031
9377 2 2 16 11 1498 3126 4442
9378 2 2 16 11 620 3157 4383
9379 2 2 16 11 1497 3859 3637
9380 2 2 16 11 352 353 5369
9381 2 2 16 11 1502 4874 2994
9382 2 2 16 11 213 214 5077
9383 2 2 16 11 60 61 5047
9384 2 2 16 11 773 4887 3988
9385 2 2 16 11 1763 4988 5286
9386 2 2 16 11 1307 3226 4567
9387 2 2 16 11 1777 4401 4017
9388 2 2 16 11 551 5070 552
9389 2 2 16 11 822 4589 3674
9390 2 2 16 11 1513 4700 3099
9391 2 2 16 11 849 3022 4770
9392 2 2 16 11 1250 3645 5439
9393 2 2 16 11 431 5297 432
9394 2 2 16 11 1779 3285 4191
9395 2 2 16 11 115 116 5085
9396 2 2 16 11 1009 3831 4082
9397 2 2 16 11 646 3133 4884
9398 2 2 16 11 2243 5359 4394
9399 2 2 16 11 124 3100 4755
9400 2 2 16 11 270 271 5097
9401 2 2 16 11 1594 2975 5333
9402 2 2 16 11 1359 3186 4345
9403 2 2 16 11 1440 4649 3178
9404 2 2 16 11 1691 4131 4628
9405 2 2 16 11 1117 5235 5425
9406 2 2 16 11 1621 4824 3132
9407 2 2 16 11 1283 5034 2972
9408 2 2 16 11 1201 3132 4824
9409 2 2 16 11 1547 3122 4481
9410 2 2 16 11 168 169 5117
9411 2 2 16 11 346 347 5120
9412 2 2 16 11 1786 5498 3277
9413 2 2 16 11 1482 3835 4261
9414 2 2 16 11 1473 4212 3278
9415 2 2 16 11 1517 4755 3100
9416 2 2 16 11 2181 3210 4314
9417 2 2 16 11 984 4257 4966
9418 2 2 16 11 217 218 5193
9419 2 2 16 11 1422 3081 4565
9420 2 2 16 11 473 5043 2980
9421 2 2 16 11 1875 4166 4851
9422 2 2 16 11 1898 4220 3592
9423 2 2 16 11 2425 4564 3489
9424 2 2 16 11 26 27 5185
9425 2 2 16 11 858 3467 4380
9426 2 2 16 11 1560 4202 5416
9427 2 2 16 11 308 309 5214
9428 2 2 16 11 485 5157 486
9429 2 2 16 11 957 5048 3575
9430 2 2 16 11 2793 5227 5429
9431 2 2 16 11 1312 5429 5227
9432 2 2 16 11 7 5159 484
9433 2 2 16 11 820 3002 4973
9434 2 2 16 11 624 4190 3318
9435 2 2 16 11 418 5204 419
9436 2 2 16 11 207 208 5306
9437 2 2 16 11 1587 4973 3002
9438 2 2 16 11 1694 5419 2968
9439 2 2 16 11 1758 4962 4965
9440 2 2 16 11 2147 5320 5199
9441 2 2 16 11 1493 3501 5011
9442 2 2 16 11 2728 5199 5320
9443 2 2 16 11 811 3242 5363
9444 2 2 16 11 928 4199 4574
9445 2 2 16 11 1817 5239 3536
9446 2 2 16 11 284 285 5261
9447 2 2 16 11 1410 3316 4703
9448 2 2 16 11 1403 3375 4143
9449 2 2 16 11 197 198 5360
9450 2 2 16 11 156 157 5298
9451 2 2 16 11 2377 3406 4905
9452 2 2 16 11 565 5321 566
9453 2 2 16 11 527 5332 528
9454 2 2 16 11 1798 4840 4052
9455 2 2 16 11 519 5352 520
9456 2 2 16 11 2422 4701 3163
9457 2 2 16 11 1500 3226 4336
9458 2 2 16 11 238 239 5377
9459 2 2 16 11 1462 2995 5054
9460 2 2 16 11 1856 3874 5127
9461 2 2 16 11 2404 3230 4741
9462 2 2 16 11 1165 5415 2965
9463 2 2 16 11 400 5348 401
9464 2 2 16 11 1204 2978 5196
9465 2 2 16 11 660 3163 4701
9466 2 2 16 11 142 143 5460
9467 2 2 16 11 348 349 5428
9468 2 2 16 11 134 135 5497
9469 2 2 16 11 1716 3185 4610
9470 2 2 16 11 709 3159 4480
9471 2 2 16 11 254 255 5459
9472 2 2 16 11 1705 3175 5108
9473 2 2 16 11 246 247 5470
9474 2 2 16 11 469 5437 470
9475 2 2 16 11 986 5108 3175
9476 2 2 16 11 1589 4603 4843
9477 2 2 16 11 1713 4546 3595
9478 2 2 16 11 1253 4681 3067
9479 2 2 16 11 1506 3203 4388
9480 2 2 16 11 1283 2972 5257
9481 2 2 16 11 1517 3136 4755
9482 2 2 16 11 1076 2996 5093
9483 2 2 16 11 1167 2969 5426
9484 2 2 16 11 99 4610 3185
9485 2 2 16 11 952 5322 4314
9486 2 2 16 11 1822 4102 4245
9487 2 2 16 11 977 5265 3576
9488 2 2 16 11 1573 4245 4102
9489 2 2 16 11 1450 4483 3167
9490 2 2 16 11 203 2968 5419
9491 2 2 16 11 1766 5071 3004
9492 2 2 16 11 2465 4594 4076
9493 2 2 16 11 1836 3339 4287
9494 2 2 16 11 2082 3804 4965
9495 2 2 16 11 1394 4644 3093
9496 2 2 16 11 1146 5333 2975
9497 2 2 16 11 1546 5464 3395
9498 2 2 16 11 351 3488 5364
9499 2 2 16 11 865 4392 3628
9500 2 2 16 11 2368 4734 3830
9501 2 2 16 11 821 3459 4550
9502 2 2 16 11 1666 4550 3459
9503 2 2 16 11 1911 4406 3216
9504 2 2 16 11 2070 3628 4392
9505 2 2 16 11 805 3258 4876
9506 2 2 16 11 1746 5208 4739
9507 2 2 16 11 2053 4841 4787
9508 2 2 16 11 2082 2985 5319
9509 2 2 16 11 961 3942 5293
9510 2 2 16 11 2398 3583 5182
9511 2 2 16 11 1885 3908 3910
9512 2 2 16 11 1439 3910 3908
9513 2 2 16 11 1087 5154 3008
9514 2 2 16 11 1232 3068 4769
9515 2 2 16 11 202 5419 4652
9516 2 2 16 11 941 5285 3375
9517 2 2 16 11 1431 5471 2989
9518 2 2 16 11 1549 4164 3591
9519 2 2 16 11 1250 5439 3292
9520 2 2 16 11 1822 3375 5285
9521 2 2 16 11 1495 5374 3122
9522 2 2 16 11 1245 4985 3412
9523 2 2 16 11 2004 5073 4790
9524 2 2 16 11 1663 5278 3010
9525 2 2 16 11 1740 5212 3396
9526 2 2 16 11 1616 4815 3070
9527 2 2 16 11 1524 4008 3547
9528 2 2 16 11 2445 4895 3116
9529 2 2 16 11 1366 3577 3980
9530 2 2 16 11 2237 3556 4762
9531 2 2 16 11 597 4439 4683
9532 2 2 16 11 1766 3004 5229
9533 2 2 16 11 2121 4683 4439
9534 2 2 16 11 3459 4592 5299
9535 2 2 16 11 1613 4799 4695
9536 2 2 16 11 2135 3527 4548
9537 2 2 16 11 1171 3017 5062
9538 2 2 16 11 1468 3505 4058
9539 2 2 16 11 661 3592 5481
9540 2 2 16 11 2544 5084 3681
9541 2 2 16 11 957 3937 5048
9542 2 2 16 11 1543 3544 4025
9543 2 2 16 11 48 3224 4437
9544 2 2 16 11 1743 4034 4706
9545 2 2 16 11 2298 4930 3312
9546 2 2 16 11 1795 4802 5370
9547 2 2 16 11 1864 4786 3436
9548 2 2 16 11 1949 4706 4034
9549 2 2 16 11 350 5364 3490
9550 2 2 16 11 1214 3436 4786
9551 2 2 16 11 1506 4487 3203
9552 2 2 16 11 1317 4498 3664
9553 2 2 16 11 830 3486 5226
9554 2 2 16 11 2264 3611 4236
9555 2 2 16 11 749 3058 4897
9556 2 2 16 11 2207 5064 4356
9557 2 2 16 11 1158 4356 5064
9558 2 2 16 11 1625 3099 4728
9559 2 2 16 11 1631 5238 3040
9560 2 2 16 11 1490 4232 3374
9561 2 2 16 11 1103 4686 4551
9562 2 2 16 11 2343 4132 5096
9563 2 2 16 11 874 3997 4740
9564 2 2 16 11 1490 3374 4407
9565 2 2 16 11 2087 5057 3041
9566 2 2 16 11 1504 3364 5067
9567 2 2 16 11 2105 5119 3032
9568 2 2 16 11 2165 4551 4686
9569 2 2 16 11 651 4180 3428
9570 2 2 16 11 1612 3038 5398
9571 2 2 16 11 750 5264 5280
9572 2 2 16 11 2595 4736 3568
9573 2 2 16 11 2383 4693 3728
9574 2 2 16 11 1212 3113 4745
9575 2 2 16 11 837 4841 3590
9576 2 2 16 11 2060 4576 4375
9577 2 2 16 11 2228 3072 4899
9578 2 2 16 11 1539 3487 4759
9579 2 2 16 11 1472 4593 3161
9580 2 2 16 11 1472 3161 5116
9581 2 2 16 11 1627 3407 4555
9582 2 2 16 11 825 3042 5401
9583 2 2 16 11 2408 4555 3551
9584 2 2 16 11 1489 4189 3428
9585 2 2 16 11 906 4531 4312
9586 2 2 16 11 886 4555 3407
9587 2 2 16 11 2367 5327 5133
9588 2 2 16 11 803 4795 3349
9589 2 2 16 11 932 4375 4576
9590 2 2 16 11 1675 4713 4722
9591 2 2 16 11 1478 4356 4179
9592 2 2 16 11 1810 3208 4531
9593 2 2 16 11 776 4123 4958
9594 2 2 16 11 1007 4864 3166
9595 2 2 16 11 1606 4886 4471
9596 2 2 16 11 1598 3202 4536
9597 2 2 16 11 1526 3281 4668
9598 2 2 16 11 1846 5270 3457
9599 2 2 16 11 916 4472 4105
9600 2 2 16 11 962 3406 5163
9601 2 2 16 11 919 5367 4025
9602 2 2 16 11 624 3318 4365
9603 2 2 16 11 667 3457 5270
9604 2 2 16 11 1521 3241 5148
9605 2 2 16 11 1728 3026 5388
9606 2 2 16 11 1567 4602 3197
9607 2 2 16 11 799 3197 4602
9608 2 2 16 11 1783 4367 3731
9609 2 2 16 11 844 4411 3843
9610 2 2 16 11 2576 3426 5232
9611 2 2 16 11 2292 3954 4810
9612 2 2 16 11 868 3757 4009
9613 2 2 16 11 1335 3232 5102
9614 2 2 16 11 961 5293 3844
9615 2 2 16 11 1197 3074 5394
9616 2 2 16 11 2049 3844 5293
9617 2 2 16 11 1605 4009 3757
9618 2 2 16 11 1402 4624 3237
9619 2 2 16 11 1309 4593 3493
9620 2 2 16 11 2508 3205 5219
9621 2 2 16 11 1526 4453 3281
9622 2 2 16 11 862 4398 3311
9623 2 2 16 11 1741 4580 3681
9624 2 2 16 11 1239 4557 3215
9625 2 2 16 11 2157 4769 3755
9626 2 2 16 11 971 4360 5068
9627 2 2 16 11 1773 4702 3201
9628 2 2 16 11 364 3201 4702
9629 2 2 16 11 960 3961 5395
9630 2 2 16 11 1637 4784 3136
9631 2 2 16 11 1888 4105 4472
9632 2 2 16 11 934 4667 4260
9633 2 2 16 11 844 3843 5279
9634 2 2 16 11 1742 3997 3771
9635 2 2 16 11 1882 4316 4255
9636 2 2 16 11 640 4255 4316
9637 2 2 16 11 1424 3771 3997
9638 2 2 16 11 692 4324 4779
9639 2 2 16 11 2724 5010 3700
9640 2 2 16 11 1367 4049 3610
9641 2 2 16 11 1749 3506 4881
9642 2 2 16 11 1586 4129 3629
9643 2 2 16 11 2329 5372 5106
9644 2 2 16 11 1711 3028 5409
9645 2 2 16 11 963 4322 4514
9646 2 2 16 11 1980 4514 4322
9647 2 2 16 11 1294 4410 3320
9648 2 2 16 11 1409 3957 4873
9649 2 2 16 11 687 3629 4129
9650 2 2 16 11 920 4587 4453
9651 2 2 16 11 1836 5425 4733
9652 2 2 16 11 806 3292 4464
9653 2 2 16 11 1860 4044 5068
9654 2 2 16 11 86 3681 4580
9655 2 2 16 11 1580 4614 3265
9656 2 2 16 11 989 4828 3134
9657 2 2 16 11 1769 4276 4038
9658 2 2 16 11 842 3265 4614
9659 2 2 16 11 1500 4567 3226
9660 2 2 16 11 2925 4605 5472
9661 2 2 16 11 2146 4021 5337
9662 2 2 16 11 1354 5337 4021
9663 2 2 16 11 158 4807 3146
9664 2 2 16 11 1037 4881 3506
9665 2 2 16 11 1300 3297 4922
9666 2 2 16 11 2065 3490 4617
9667 2 2 16 11 1432 5152 3889
9668 2 2 16 11 2100 4988 4198
9669 2 2 16 11 1763 4198 4988
9670 2 2 16 11 407 4632 3599
9671 2 2 16 11 2096 4779 4324
9672 2 2 16 11 833 4902 3118
9673 2 2 16 11 1964 4483 4152
9674 2 2 16 11 1279 3605 5041
9675 2 2 16 11 1450 4152 4483
9676 2 2 16 11 2231 4426 3394
9677 2 2 16 11 590 3063 5486
9678 2 2 16 11 1555 5222 3181
9679 2 2 16 11 591 5263 3066
9680 2 2 16 11 1454 3409 4290
9681 2 2 16 11 2312 3221 5378
9682 2 2 16 11 870 3992 4705
9683 2 2 16 11 1819 4119 4646
9684 2 2 16 11 2015 4263 4659
9685 2 2 16 11 923 4659 4263
9686 2 2 16 11 1201 4824 3153
9687 2 2 16 11 1744 4689 3602
9688 2 2 16 11 1430 4204 3612
9689 2 2 16 11 1074 3602 4689
9690 2 2 16 11 331 4162 3600
9691 2 2 16 11 1737 3599 4632
9692 2 2 16 11 1584 3600 4162
9693 2 2 16 11 2673 5365 5194
9694 2 2 16 11 1512 4884 3133
9695 2 2 16 11 1608 5381 3098
9696 2 2 16 11 1773 3680 4702
9697 2 2 16 11 363 4702 3680
9698 2 2 16 11 1910 4705 3992
9699 2 2 16 11 590 3206 4653
9700 2 2 16 11 305 3223 4852
9701 2 2 16 11 1464 3821 4415
9702 2 2 16 11 742 4860 3365
9703 2 2 16 11 1677 3365 4860
9704 2 2 16 11 1690 5343 3121
9705 2 2 16 11 39 5147 3613
9706 2 2 16 11 2181 4314 5322
9707 2 2 16 11 1640 3066 5263
9708 2 2 16 11 2392 4452 5461
9709 2 2 16 11 1003 5461 4452
9710 2 2 16 11 2506 3781 4650
9711 2 2 16 11 684 5005 4146
9712 2 2 16 11 926 4650 3781
9713 2 2 16 11 1011 3219 4651
9714 2 2 16 11 2076 4146 5005
9715 2 2 16 11 726 3207 5427
9716 2 2 16 11 2042 3321 4811
9717 2 2 16 11 749 5385 3058
9718 2 2 16 11 1091 5194 5365
9719 2 2 16 11 2115 5395 3961
9720 2 2 16 11 1366 5082 3577
9721 2 2 16 11 1830 3577 5082
9722 2 2 16 11 1400 3981 3976
9723 2 2 16 11 2100 5339 4425
9724 2 2 16 11 2066 4934 4982
9725 2 2 16 11 984 4966 5053
9726 2 2 16 11 816 3147 4909
9727 2 2 16 11 1814 4126 4538
9728 2 2 16 11 1652 3074 5472
9729 2 2 16 11 2341 3576 4144
9730 2 2 16 11 1182 3158 4892
9731 2 2 16 11 2363 4856 4048
9732 2 2 16 11 846 3062 5390
9733 2 2 16 11 1894 4171 4596
9734 2 2 16 11 1600 3686 4738
9735 2 2 16 11 3039 5178 4344
9736 2 2 16 11 2041 4503 5462
9737 2 2 16 11 2515 3410 4946
9738 2 2 16 11 1644 3549 4452
9739 2 2 16 11 1003 4452 3549
9740 2 2 16 11 1750 3913 5032
9741 2 2 16 11 1443 3632 4107
9742 2 2 16 11 2807 5260 3484
9743 2 2 16 11 950 4048 4856
9744 2 2 16 11 2269 3976 3981
9745 2 2 16 11 2195 3540 4520
9746 2 2 16 11 790 5035 3247
9747 2 2 16 11 2275 4875 4797
9748 2 2 16 11 1734 4147 4062
9749 2 2 16 11 1507 4134 3601
9750 2 2 16 11 1649 3127 5049
9751 2 2 16 11 1787 4870 5371
9752 2 2 16 11 1446 4027 4277
9753 2 2 16 11 1448 4643 3255
9754 2 2 16 11 732 5490 3723
9755 2 2 16 11 962 4327 4975
9756 2 2 16 11 583 3087 5251
9757 2 2 16 11 884 4062 4147
9758 2 2 16 11 846 5390 3709
9759 2 2 16 11 786 3352 4499
9760 2 2 16 11 875 3767 5145
9761 2 2 16 11 836 4662 3649
9762 2 2 16 11 787 4331 3451
9763 2 2 16 11 696 4797 4875
9764 2 2 16 11 1357 4075 3791
9765 2 2 16 11 1926 4372 4423
9766 2 2 16 11 1557 4655 3266
9767 2 2 16 11 769 5061 4210
9768 2 2 16 11 1754 5455 3745
9769 2 2 16 11 1552 3279 5096
9770 2 2 16 11 1976 5103 4188
9771 2 2 16 11 1197 5472 3074
9772 2 2 16 11 2368 5137 4734
9773 2 2 16 11 1801 4734 5137
9774 2 2 16 11 1539 4759 3668
9775 2 2 16 11 877 4772 3411
9776 2 2 16 11 1737 4330 3599
9777 2 2 16 11 1929 3599 4330
9778 2 2 16 11 1896 4741 3230
9779 2 2 16 11 1773 3201 4812
9780 2 2 16 11 2671 3524 5237
9781 2 2 16 11 940 4371 5105
9782 2 2 16 11 1617 4082 3720
9783 2 2 16 11 709 4480 4309
9784 2 2 16 11 2757 5318 5451
9785 2 2 16 11 1863 3361 4493
9786 2 2 16 11 1931 4309 4480
9787 2 2 16 11 1987 3078 5495
9788 2 2 16 11 763 3255 4687
9789 2 2 16 11 2294 3986 5243
9790 2 2 16 11 1083 5451 5318
9791 2 2 16 11 3074 3733 5394
9792 2 2 16 11 1585 4423 4372
9793 2 2 16 11 1723 3561 4883
9794 2 2 16 11 1573 3188 4912
9795 2 2 16 11 1034 4927 5462
9796 2 2 16 11 1865 3246 4757
9797 2 2 16 11 2118 4724 3818
9798 2 2 16 11 1758 3818 4724
9799 2 2 16 11 806 5197 3547
9800 2 2 16 11 996 5236 3188
9801 2 2 16 11 1881 3254 5315
9802 2 2 16 11 1223 3258 5325
9803 2 2 16 11 1946 4051 4240
9804 2 2 16 11 593 5315 3254
9805 2 2 16 11 631 4240 4051
9806 2 2 16 11 1700 3188 5236
9807 2 2 16 11 951 4815 4212
9808 2 2 16 11 1214 4854 3217
9809 2 2 16 11 916 4817 3455
9810 2 2 16 11 895 3990 5139
9811 2 2 16 11 894 4998 3167
9812 2 2 16 11 3066 5196 4359
9813 2 2 16 11 2656 4182 5424
9814 2 2 16 11 1434 5050 3387
9815 2 2 16 11 1861 3325 4568
9816 2 2 16 11 1593 4622 3480
9817 2 2 16 11 1993 3387 5050
9818 2 2 16 11 7 3322 5159
9819 2 2 16 11 1590 3196 5213
9820 2 2 16 11 1765 3525 4987
9821 2 2 16 11 597 4668 3281
9822 2 2 16 11 1275 4987 3525
9823 2 2 16 11 1719 5059 3697
9824 2 2 16 11 1592 4323 4241
9825 2 2 16 11 1850 4241 4323
9826 2 2 16 11 1530 3434 5486
9827 2 2 16 11 68 3568 5049
9828 2 2 16 11 1999 3723 5490
9829 2 2 16 11 1320 4834 3729
9830 2 2 16 11 1906 3729 4834
9831 2 2 16 11 1471 4045 3813
9832 2 2 16 11 1860 4360 4250
9833 2 2 16 11 457 3371 4728
9834 2 2 16 11 1604 4250 4360
9835 2 2 16 11 2220 5104 4501
9836 2 2 16 11 1730 4501 5104
9837 2 2 16 11 750 5280 3589
9838 2 2 16 11 1823 4852 3223
9839 2 2 16 11 1851 4934 5041
9840 2 2 16 11 1803 4898 3795
9841 2 2 16 11 2212 3795 4898
9842 2 2 16 11 2161 3366 4915
9843 2 2 16 11 1625 4728 3371
9844 2 2 16 11 1043 3283 5487
9845 2 2 16 11 1554 4674 3634
9846 2 2 16 11 624 3252 4799
9847 2 2 16 11 2202 3461 5140
9848 2 2 16 11 969 5143 3485
9849 2 2 16 11 1548 5430 3903
9850 2 2 16 11 1726 4297 5205
9851 2 2 16 11 835 4968 3189
9852 2 2 16 11 1918 4495 4300
9853 2 2 16 11 1412 3116 5351
9854 2 2 16 11 1416 3993 4470
9855 2 2 16 11 1018 4448 5383
9856 2 2 16 11 2325 5383 4448
9857 2 2 16 11 1184 5498 3105
9858 2 2 16 11 2153 3791 4075
9859 2 2 16 11 1798 5243 4840
9860 2 2 16 11 1320 3247 4834
9861 2 2 16 11 822 4454 3425
9862 2 2 16 11 1818 3490 5364
9863 2 2 16 11 993 5353 5319
9864 2 2 16 11 1934 5454 4842
9865 2 2 16 11 1378 5247 3139
9866 2 2 16 11 1961 5159 3322
9867 2 2 16 11 1762 5167 3358
9868 2 2 16 11 710 3358 5167
9869 2 2 16 11 1251 4910 5065
9870 2 2 16 11 1740 4300 4495
9871 2 2 16 11 2289 3496 4349
9872 2 2 16 11 2393 5065 4910
9873 2 2 16 11 1842 4175 4172
9874 2 2 16 11 1544 4172 4175
9875 2 2 16 11 1664 4331 3759
9876 2 2 16 11 909 4347 4840
9877 2 2 16 11 1565 3516 4893
9878 2 2 16 11 787 3759 4331
9879 2 2 16 11 2476 5328 3137
9880 2 2 16 11 1703 4151 5225
9881 2 2 16 11 1200 5283 3140
9882 2 2 16 11 1554 3670 4674
9883 2 2 16 11 1459 5040 3193
9884 2 2 16 11 2360 4932 5146
9885 2 2 16 11 782 5483 3119
9886 2 2 16 11 1620 4650 3413
9887 2 2 16 11 1729 3657 5421
9888 2 2 16 11 1369 5016 3195
9889 2 2 16 11 1733 4367 4334
9890 2 2 16 11 742 3365 4873
9891 2 2 16 11 1022 5121 5491
9892 2 2 16 11 945 4737 3750
9893 2 2 16 11 1781 3750 4737
9894 2 2 16 11 926 3413 4650
9895 2 2 16 11 1722 3447 4461
9896 2 2 16 11 942 5302 3647
9897 2 2 16 11 1954 4213 4606
9898 2 2 16 11 848 4236 3611
9899 2 2 16 11 1895 5412 3134
9900 2 2 16 11 1361 3190 5411
9901 2 2 16 11 2706 5457 5271
9902 2 2 16 11 1727 5411 3190
9903 2 2 16 11 1769 5271 5457
9904 2 2 16 11 1665 4876 3258
9905 2 2 16 11 2340 3548 4308
9906 2 2 16 11 1270 5423 3196
9907 2 2 16 11 701 3129 5478
9908 2 2 16 11 1665 3578 4939
9909 2 2 16 11 1134 3418 4512
9910 2 2 16 11 2026 4827 3274
9911 2 2 16 11 2387 3539 5330
9912 2 2 16 11 2495 5281 5355
9913 2 2 16 11 1637 3398 4784
9914 2 2 16 11 1615 3403 4581
9915 2 2 16 11 819 4581 3403
9916 2 2 16 11 1002 3567 4510
9917 2 2 16 11 923 3698 4812
9918 2 2 16 11 1773 4812 3698
9919 2 2 16 11 1646 4510 3567
9920 2 2 16 11 973 3544 5133
9921 2 2 16 11 468 5344 3155
9922 2 2 16 11 1781 4737 3314
9923 2 2 16 11 122 4784 3398
9924 2 2 16 11 1604 5336 4228
9925 2 2 16 11 1903 4386 4382
9926 2 2 16 11 643 4382 4386
9927 2 2 16 11 1648 3329 4711
9928 2 2 16 11 2163 4822 3746
9929 2 2 16 11 1625 3371 4782
9930 2 2 16 11 1315 3746 4822
9931 2 2 16 11 1832 4259 5462
9932 2 2 16 11 1552 4844 3279
9933 2 2 16 11 1342 5086 3200
9934 2 2 16 11 2184 4708 4808
9935 2 2 16 11 945 4808 4708
9936 2 2 16 11 1800 4530 5235
9937 2 2 16 11 1862 3331 5191
9938 2 2 16 11 1408 5191 3331
9939 2 2 16 11 1249 3235 5328
9940 2 2 16 11 616 4710 3449
9941 2 2 16 11 1643 3449 4710
9942 2 2 16 11 419 5204 3587
9943 2 2 16 11 1619 4592 3408
9944 2 2 16 11 821 3408 4592
9945 2 2 16 11 1667 4043 4855
9946 2 2 16 11 186 5042 3220
9947 2 2 16 11 1435 5363 3242
9948 2 2 16 11 345 3181 5222
9949 2 2 16 11 1039 5146 4932
9950 2 2 16 11 1544 3333 4767
9951 2 2 16 11 992 4731 4254
9952 2 2 16 11 741 5015 3239
9953 2 2 16 11 1685 3417 4940
9954 2 2 16 11 1923 4004 4865
9955 2 2 16 11 1259 4940 3417
9956 2 2 16 11 958 3735 5324
9957 2 2 16 11 2061 4145 4875
9958 2 2 16 11 1839 3587 5204
9959 2 2 16 11 1937 5324 3735
9960 2 2 16 11 2089 3217 5092
9961 2 2 16 11 1455 4865 4004
9962 2 2 16 11 1609 4937 4114
9963 2 2 16 11 1534 4247 4651
9964 2 2 16 11 1669 3543 4378
9965 2 2 16 11 696 4875 4145
9966 2 2 16 11 1282 5233 3732
9967 2 2 16 11 1560 3247 5035
9968 2 2 16 11 1725 4941 3390
9969 2 2 16 11 668 3390 4941
9970 2 2 16 11 1514 3349 4795
9971 2 2 16 11 1905 3389 4638
9972 2 2 16 11 805 5006 3258
9973 2 2 16 11 554 3515 4432
9974 2 2 16 11 1615 4718 3403
9975 2 2 16 11 1256 3296 4883
9976 2 2 16 11 1273 3403 4718
9977 2 2 16 11 875 5145 3218
9978 2 2 16 11 720 5213 3196
9979 2 2 16 11 1608 4327 3724
9980 2 2 16 11 941 4835 5285
9981 2 2 16 11 2197 3724 4327
9982 2 2 16 11 1542 4119 3880
9983 2 2 16 11 1598 4971 4252
9984 2 2 16 11 2306 5219 3205
9985 2 2 16 11 1695 5232 3426
9986 2 2 16 11 376 4299 3640
9987 2 2 16 11 45 4685 3387
9988 2 2 16 11 600 5099 3444
9989 2 2 16 11 1731 3444 5099
9990 2 2 16 11 1867 4445 5445
9991 2 2 16 11 2303 5445 4445
9992 2 2 16 11 1453 5015 4055
9993 2 2 16 11 2568 4759 3487
9994 2 2 16 11 2032 4252 4971
9995 2 2 16 11 2680 5316 4049
9996 2 2 16 11 2564 3768 4669
9997 2 2 16 11 1273 4718 3384
9998 2 2 16 11 2056 5141 4168
9999 2 2 16 11 799 5148 3241
10000 2 2 16 11 656 4825 5476
10001 2 2 16 11 1847 4726 5432
10002 2 2 16 11 599 4049 5316
10003 2 2 16 11 1678 3432 5162
10004 2 2 16 11 1185 3792 4830
10005 2 2 16 11 2241 4830 3792
10006 2 2 16 11 2027 5016 5496
10007 2 2 16 11 1097 4168 5141
10008 2 2 16 11 1718 3284 5446
10009 2 2 16 11 1539 3668 4293
10010 2 2 16 11 979 5057 4278
10011 2 2 16 11 1888 4472 3622
10012 2 2 16 11 2087 4278 5057
10013 2 2 16 11 2056 4168 4421
10014 2 2 16 11 1927 3622 4472
10015 2 2 16 11 2040 5079 5105
10016 2 2 16 11 855 3945 5286
10017 2 2 16 11 1938 4065 4740
10018 2 2 16 11 1822 3985 4102
10019 2 2 16 11 799 5346 3197
10020 2 2 16 11 996 4102 3985
10021 2 2 16 11 1058 5152 3249
10022 2 2 16 11 799 4602 5148
10023 2 2 16 11 2257 5148 4602
10024 2 2 16 11 1541 3380 4760
10025 2 2 16 11 1711 3447 5037
10026 2 2 16 11 819 3456 4581
10027 2 2 16 11 2263 4634 4320
10028 2 2 16 11 1595 4568 4158
10029 2 2 16 11 1653 3238 5325
10030 2 2 16 11 948 4385 3601
10031 2 2 16 11 885 3332 4896
10032 2 2 16 11 637 3228 5221
10033 2 2 16 11 1081 4615 4880
10034 2 2 16 11 1539 4547 3487
10035 2 2 16 11 662 5037 3447
10036 2 2 16 11 2875 4798 3858
10037 2 2 16 11 902 5111 3262
10038 2 2 16 11 2160 4880 4615
10039 2 2 16 11 2309 4951 4978
10040 2 2 16 11 926 4814 3952
10041 2 2 16 11 1918 4300 3713
10042 2 2 16 11 1247 3359 5287
10043 2 2 16 11 866 3326 4986
10044 2 2 16 11 1891 4345 3907
10045 2 2 16 11 1920 5463 3635
10046 2 2 16 11 15 3577 5258
10047 2 2 16 11 1605 3757 4242
10048 2 2 16 11 1637 4744 3398
10049 2 2 16 11 1853 3952 4814
10050 2 2 16 11 1673 3404 4731
10051 2 2 16 11 821 4592 3459
10052 2 2 16 11 2106 4721 4614
10053 2 2 16 11 871 3635 5463
10054 2 2 16 11 666 5366 4579
10055 2 2 16 11 1602 3572 4438
10056 2 2 16 11 842 4614 4721
10057 2 2 16 11 1748 4479 3534
10058 2 2 16 11 2300 3716 4739
10059 2 2 16 11 846 3713 4300
10060 2 2 16 11 611 5096 3279
10061 2 2 16 11 1628 4195 5051
10062 2 2 16 11 1530 4267 4583
10063 2 2 16 11 1086 4384 5484
10064 2 2 16 11 1251 5065 3411
10065 2 2 16 11 2281 5484 4384
10066 2 2 16 11 1702 3411 5065
10067 2 2 16 11 1518 5448 3443
10068 2 2 16 11 1830 3583 5258
10069 2 2 16 11 14 5258 3583
10070 2 2 16 11 1659 4185 4249
10071 2 2 16 11 1760 4249 4185
10072 2 2 16 11 1667 4859 3478
10073 2 2 16 11 1232 3264 5468
10074 2 2 16 11 1222 5083 3291
10075 2 2 16 11 2218 5257 3999
10076 2 2 16 11 1610 4533 4513
10077 2 2 16 11 1977 4513 4533
10078 2 2 16 11 1322 5408 3216
10079 2 2 16 11 273 4516 3526
10080 2 2 16 11 1581 3923 4931
10081 2 2 16 11 839 4978 4951
10082 2 2 16 11 719 3489 4564
10083 2 2 16 11 911 5374 3615
10084 2 2 16 11 1623 4986 3326
10085 2 2 16 11 1320 5272 3247
10086 2 2 16 11 1735 5355 5281
10087 2 2 16 11 1755 3919 5203
10088 2 2 16 11 965 3478 4859
10089 2 2 16 11 1961 5150 3319
10090 2 2 16 11 1223 5325 3238
10091 2 2 16 11 1069 4248 4742
10092 2 2 16 11 659 4429 4171
10093 2 2 16 11 2474 4090 4522
10094 2 2 16 11 1793 4539 4215
10095 2 2 16 11 608 3653 4628
10096 2 2 16 11 1691 4628 3653
10097 2 2 16 11 1391 4522 4090
10098 2 2 16 11 1037 3506 5084
10099 2 2 16 11 1670 4957 3571
10100 2 2 16 11 2364 3382 4864
10101 2 2 16 11 1642 3741 5413
10102 2 2 16 11 1662 3765 4430
10103 2 2 16 11 1748 5493 3295
10104 2 2 16 11 880 4430 3765
10105 2 2 16 11 1918 3964 4495
10106 2 2 16 11 1669 4378 3819
10107 2 2 16 11 901 3819 4378
10108 2 2 16 11 1271 4495 3964
10109 2 2 16 11 729 5475 3514
10110 2 2 16 11 35 3304 5098
10111 2 2 16 11 1699 4966 3355
10112 2 2 16 11 2467 4412 5254
10113 2 2 16 11 1741 5084 3506
10114 2 2 16 11 763 5303 3255
10115 2 2 16 11 1621 3492 4949
10116 2 2 16 11 1284 4548 3527
10117 2 2 16 11 668 4776 4268
10118 2 2 16 11 1219 3363 4949
10119 2 2 16 11 1681 4106 4124
10120 2 2 16 11 2822 3939 4884
10121 2 2 16 11 1818 4617 3490
10122 2 2 16 11 639 4456 4677
10123 2 2 16 11 1692 4124 4106
10124 2 2 16 11 730 5397 4806
10125 2 2 16 11 1554 4411 3670
10126 2 2 16 11 2428 4806 5397
10127 2 2 16 11 2156 4549 5013
10128 2 2 16 11 1738 5013 4549
10129 2 2 16 11 877 3731 4367
10130 2 2 16 11 1465 4167 5221
10131 2 2 16 11 1759 4819 3425
10132 2 2 16 11 969 4003 5143
10133 2 2 16 11 1957 5143 4003
10134 2 2 16 11 1306 5299 3273
10135 2 2 16 11 1644 4452 3677
10136 2 2 16 11 2392 3677 4452
10137 2 2 16 11 886 3551 4555
10138 2 2 16 11 2497 3889 5152
10139 2 2 16 11 1461 4524 3580
10140 2 2 16 11 2758 4332 4085
10141 2 2 16 11 2037 3852 4777
10142 2 2 16 11 1740 3396 4911
10143 2 2 16 11 832 5202 3327
10144 2 2 16 11 1680 3327 5202
10145 2 2 16 11 1678 5198 5080
10146 2 2 16 11 2674 4026 5346
10147 2 2 16 11 1431 3280 5471
10148 2 2 16 11 1021 5402 5180
10149 2 2 16 11 2570 5180 5402
10150 2 2 16 11 1474 5346 4026
10151 2 2 16 11 818 4569 5471
10152 2 2 16 11 1646 5289 4510
10153 2 2 16 11 1653 5468 3264
10154 2 2 16 11 1529 3455 4817
10155 2 2 16 11 1009 4082 5078
10156 2 2 16 11 1410 4703 3971
10157 2 2 16 11 2394 4668 4135
10158 2 2 16 11 597 4135 4668
10159 2 2 16 11 953 4052 4185
10160 2 2 16 11 652 3291 5466
10161 2 2 16 11 1734 4303 5001
10162 2 2 16 11 1106 4246 3936
10163 2 2 16 11 1751 3510 5153
10164 2 2 16 11 856 3464 4788
10165 2 2 16 11 1300 4922 3684
10166 2 2 16 11 861 5067 3364
10167 2 2 16 11 2291 5391 3532
10168 2 2 16 11 2125 5018 3383
10169 2 2 16 11 647 4595 3761
10170 2 2 16 11 2080 5237 3524
10171 2 2 16 11 2032 4713 4252
10172 2 2 16 11 838 4369 4215
10173 2 2 16 11 1793 4215 4369
10174 2 2 16 11 818 3280 5403
10175 2 2 16 11 2066 3915 4934
10176 2 2 16 11 1505 4281 4282
10177 2 2 16 11 2179 4282 4281
10178 2 2 16 11 2684 5244 3554
10179 2 2 16 11 1469 3704 5406
10180 2 2 16 11 1745 3295 5350
10181 2 2 16 11 2237 4020 4976
10182 2 2 16 11 1760 4185 4052
10183 2 2 16 11 1742 4740 3997
10184 2 2 16 11 1966 3936 4246
10185 2 2 16 11 1729 3870 4379
10186 2 2 16 11 1951 4379 3870
10187 2 2 16 11 1664 4523 4331
10188 2 2 16 11 1216 3327 5477
10189 2 2 16 11 655 4553 3785
10190 2 2 16 11 21 3574 5110
10191 2 2 16 11 1049 3377 5101
10192 2 2 16 11 1567 4601 4602
10193 2 2 16 11 2257 4602 4601
10194 2 2 16 11 1859 3968 4793
10195 2 2 16 11 2009 4793 3968
10196 2 2 16 11 956 3572 5135
10197 2 2 16 11 655 5165 3359
10198 2 2 16 11 1987 4202 4288
10199 2 2 16 11 2137 3412 4985
10200 2 2 16 11 2339 5491 5121
10201 2 2 16 11 994 4790 5073
10202 2 2 16 11 2451 3822 5242
10203 2 2 16 11 1565 5487 3283
10204 2 2 16 11 1389 3468 4853
10205 2 2 16 11 2553 5358 3405
10206 2 2 16 11 1768 3554 5209
10207 2 2 16 11 673 5209 3554
10208 2 2 16 11 1013 3919 4626
10209 2 2 16 11 1755 4626 3919
10210 2 2 16 11 2255 3342 5268
10211 2 2 16 11 1555 3533 5222
10212 2 2 16 11 727 3432 5080
10213 2 2 16 11 1678 5080 3432
10214 2 2 16 11 784 3886 4984
10215 2 2 16 11 1645 3899 4485
10216 2 2 16 11 1621 4980 4824
10217 2 2 16 11 1064 3324 5358
10218 2 2 16 11 1874 4312 4613
10219 2 2 16 11 653 3499 4888
10220 2 2 16 11 1624 4787 3596
10221 2 2 16 11 967 4323 5119
10222 2 2 16 11 762 3395 5464
10223 2 2 16 11 1614 3958 5139
10224 2 2 16 11 1851 4982 4934
10225 2 2 16 11 578 5399 3553
10226 2 2 16 11 1489 3749 4477
10227 2 2 16 11 1660 4888 3499
10228 2 2 16 11 1625 4782 3608
10229 2 2 16 11 1772 5330 3539
10230 2 2 16 11 1965 5247 3990
10231 2 2 16 11 1378 3990 5247
10232 2 2 16 11 845 5373 3355
10233 2 2 16 11 2344 5045 3575
10234 2 2 16 11 2058 3575 5045
10235 2 2 16 11 731 5212 3382
10236 2 2 16 11 1554 3634 4821
10237 2 2 16 11 450 3968 4969
10238 2 2 16 11 2128 4280 5255
10239 2 2 16 11 660 5255 4280
10240 2 2 16 11 2319 5080 5198
10241 2 2 16 11 1859 4969 3968
10242 2 2 16 11 1680 5477 3327
10243 2 2 16 11 840 3404 5179
10244 2 2 16 11 1323 5284 3364
10245 2 2 16 11 444 4974 3469
10246 2 2 16 11 1147 5087 4936
10247 2 2 16 11 2129 4227 4823
10248 2 2 16 11 573 3542 5473
10249 2 2 16 11 1673 5179 3404
10250 2 2 16 11 949 4823 4227
10251 2 2 16 11 2291 4936 5087
10252 2 2 16 11 1288 4762 3556
10253 2 2 16 11 1649 3568 4736
10254 2 2 16 11 1511 5163 3406
10255 2 2 16 11 1867 4336 5132
10256 2 2 16 11 944 4122 5482
10257 2 2 16 11 1654 3555 4856
10258 2 2 16 11 1699 3355 5373
10259 2 2 16 11 2333 5482 4122
10260 2 2 16 11 2468 4470 3993
10261 2 2 16 11 1667 3478 4967
10262 2 2 16 11 1546 4484 5464
10263 2 2 16 11 931 3729 5469
10264 2 2 16 11 1906 5469 3729
10265 2 2 16 11 1521 4160 4571
10266 2 2 16 11 1759 3857 4819
10267 2 2 16 11 2152 3675 5367
10268 2 2 16 11 1543 5367 3675
10269 2 2 16 11 1906 3350 5469
10270 2 2 16 11 1857 3674 4589
10271 2 2 16 11 2040 4042 5079
10272 2 2 16 11 1867 4059 4336
10273 2 2 16 11 1500 4336 4059
10274 2 2 16 11 2297 5347 3372
10275 2 2 16 11 855 5286 3386
10276 2 2 16 11 2442 4566 3719
10277 2 2 16 11 699 4707 4657
10278 2 2 16 11 806 4225 5197
10279 2 2 16 11 1496 4819 3857
10280 2 2 16 11 881 3431 5151
10281 2 2 16 11 863 5310 3381
10282 2 2 16 11 997 5058 4221
10283 2 2 16 11 2586 3634 4674
10284 2 2 16 11 2080 5392 4159
10285 2 2 16 11 1000 4159 5392
10286 2 2 16 11 1259 3495 4940
10287 2 2 16 11 1990 4221 5058
10288 2 2 16 11 950 4856 3555
10289 2 2 16 11 1120 5424 3453
10290 2 2 16 11 2059 3554 5244
10291 2 2 16 11 831 5372 3876
10292 2 2 16 11 1756 3453 5424
10293 2 2 16 11 1335 5102 3793
10294 2 2 16 11 599 3707 4991
10295 2 2 16 11 1750 4991 3707
10296 2 2 16 11 919 4025 4355
10297 2 2 16 11 1299 5240 3407
10298 2 2 16 11 2170 5280 5264
10299 2 2 16 11 655 3439 5165
10300 2 2 16 11 1642 4079 4804
10301 2 2 16 11 2287 4804 4079
10302 2 2 16 11 1687 3891 5194
10303 2 2 16 11 973 3699 5206
10304 2 2 16 11 1052 4674 3670
10305 2 2 16 11 1688 5165 3439
10306 2 2 16 11 2045 4657 4707
10307 2 2 16 11 2016 4101 4814
10308 2 2 16 11 1853 4814 4101
10309 2 2 16 11 848 3529 4964
10310 2 2 16 11 1807 5206 3699
10311 2 2 16 11 976 3741 4804
10312 2 2 16 11 1656 5053 3473
10313 2 2 16 11 2382 4414 4608
10314 2 2 16 11 1688 3439 5164
10315 2 2 16 11 896 5011 3501
10316 2 2 16 11 2184 4808 4037
10317 2 2 16 11 837 3596 4787
10318 2 2 16 11 1338 3618 4918
10319 2 2 16 11 1704 4918 3618
10320 2 2 16 11 1377 3942 4468
10321 2 2 16 11 2156 5366 4549
10322 2 2 16 11 825 5401 3472
10323 2 2 16 11 1686 4781 3687
10324 2 2 16 11 1624 3785 4553
10325 2 2 16 11 652 3687 4781
10326 2 2 16 11 1656 3473 5466
10327 2 2 16 11 1325 5220 3433
10328 2 2 16 11 1057 3608 4782
10329 2 2 16 11 2094 5140 3461
10330 2 2 16 11 1930 4401 4720
10331 2 2 16 11 889 5142 4366
10332 2 2 16 11 646 4884 3939
10333 2 2 16 11 1642 5413 4139
10334 2 2 16 11 748 4085 4332
10335 2 2 16 11 1777 4720 4401
10336 2 2 16 11 1595 4348 4568
10337 2 2 16 11 1861 4568 4348
10338 2 2 16 11 1540 4792 3613
10339 2 2 16 11 890 4485 3899
10340 2 2 16 11 1513 3590 4841
10341 2 2 16 11 109 3420 5290
10342 2 2 16 11 1748 3534 5493
10343 2 2 16 11 2333 4678 5482
10344 2 2 16 11 2021 5482 4678
10345 2 2 16 11 835 3569 5241
10346 2 2 16 11 1052 5441 4712
10347 2 2 16 11 2253 4468 3942
10348 2 2 16 11 1644 3677 4742
10349 2 2 16 11 1338 4918 4353
10350 2 2 16 11 2355 4353 4918
10351 2 2 16 11 1050 3668 4759
10352 2 2 16 11 2361 4754 4462
10353 2 2 16 11 1560 4288 4202
10354 2 2 16 11 1709 4735 4877
10355 2 2 16 11 2081 4205 5406
10356 2 2 16 11 1458 5052 3523
10357 2 2 16 11 2104 4877 4735
10358 2 2 16 11 2033 5414 5170
10359 2 2 16 11 1469 5406 4205
10360 2 2 16 11 1768 3437 5331
10361 2 2 16 11 2112 5169 5218
10362 2 2 16 11 867 4832 3650
10363 2 2 16 11 1319 4739 3716
10364 2 2 16 11 1671 5226 3486
10365 2 2 16 11 2481 3854 4573
10366 2 2 16 11 1631 4669 3768
10367 2 2 16 11 686 5169 4508
10368 2 2 16 11 1455 3648 4865
10369 2 2 16 11 2112 4508 5169
10370 2 2 16 11 1758 4965 3818
10371 2 2 16 11 2004 4540 5073
10372 2 2 16 11 897 3818 4965
10373 2 2 16 11 1930 4853 4401
10374 2 2 16 11 1990 4995 4206
10375 2 2 16 11 995 4206 4995
10376 2 2 16 11 769 4154 5061
10377 2 2 16 11 1922 5061 4154
10378 2 2 16 11 2310 3484 5260
10379 2 2 16 11 2052 4689 4894
10380 2 2 16 11 1042 4222 4334
10381 2 2 16 11 1733 4334 4222
10382 2 2 16 11 2112 4867 4508
10383 2 2 16 11 1649 5049 3568
10384 2 2 16 11 590 5486 3434
10385 2 2 16 11 2577 4055 5015
10386 2 2 16 11 1565 4893 3656
10387 2 2 16 11 2309 4978 4929
10388 2 2 16 11 651 4479 4180
10389 2 2 16 11 3292 5439 4464
10390 2 2 16 11 1923 4865 4502
10391 2 2 16 11 2180 4761 5256
10392 2 2 16 11 1650 4929 4978
10393 2 2 16 11 1748 4180 4479
10394 2 2 16 11 844 4933 3643
10395 2 2 16 11 1686 3643 4933
10396 2 2 16 11 1543 5133 3544
10397 2 2 16 11 690 3510 5386
10398 2 2 16 11 1325 3552 5220
10399 2 2 16 11 1751 5386 3510
10400 2 2 16 11 1744 4894 4689
10401 2 2 16 11 1791 4830 5228
10402 2 2 16 11 2241 5228 4830
10403 2 2 16 11 1642 4804 3741
10404 2 2 16 11 991 4989 4072
10405 2 2 16 11 1687 5194 4188
10406 2 2 16 11 1923 4502 4688
10407 2 2 16 11 1559 5181 3816
10408 2 2 16 11 1901 4904 3895
10409 2 2 16 11 2223 3895 4904
10410 2 2 16 11 1656 5083 4047
10411 2 2 16 11 1807 4387 5206
10412 2 2 16 11 1402 4001 4624
10413 2 2 16 11 930 4343 4903
10414 2 2 16 11 2399 5206 4387
10415 2 2 16 11 668 4941 3654
10416 2 2 16 11 893 5496 3452
10417 2 2 16 11 1562 4421 4168
10418 2 2 16 11 2514 5101 3597
10419 2 2 16 11 1648 4171 4429
10420 2 2 16 11 1851 5041 3605
10421 2 2 16 11 1899 4788 3888
10422 2 2 16 11 1809 5110 3574
10423 2 2 16 11 1778 4688 4502
10424 2 2 16 11 1528 4747 3801
10425 2 2 16 11 1873 3684 4922
10426 2 2 16 11 1873 4800 4950
10427 2 2 16 11 1965 3808 5247
10428 2 2 16 11 2157 4626 5149
10429 2 2 16 11 2066 4982 4373
10430 2 2 16 11 1340 4373 4982
10431 2 2 16 11 2247 4903 4343
10432 2 2 16 11 2123 4950 4800
10433 2 2 16 11 1678 3662 5198
10434 2 2 16 11 1602 5135 3572
10435 2 2 16 11 3206 5340 4653
10436 2 2 16 11 881 5151 3948
10437 2 2 16 11 652 5466 3473
10438 2 2 16 11 1818 5364 3488
10439 2 2 16 11 1524 3547 5197
10440 2 2 16 11 2121 4439 4441
10441 2 2 16 11 1576 4441 4439
10442 2 2 16 11 811 5363 4563
10443 2 2 16 11 1679 4020 5068
10444 2 2 16 11 1556 3831 4758
10445 2 2 16 11 2353 4675 4403
10446 2 2 16 11 2293 5197 4225
10447 2 2 16 11 1553 3869 5155
10448 2 2 16 11 1562 5000 3744
10449 2 2 16 11 1890 3786 5298
10450 2 2 16 11 156 5298 3786
10451 2 2 16 11 1679 5068 4044
10452 2 2 16 11 653 5422 3499
10453 2 2 16 11 1649 5241 3569
10454 2 2 16 11 844 5089 4411
10455 2 2 16 11 265 3776 4858
10456 2 2 16 11 864 3482 5479
10457 2 2 16 11 1078 5458 3537
10458 2 2 16 11 1830 5182 3583
10459 2 2 16 11 2522 3839 4780
10460 2 2 16 11 1799 3847 4765
10461 2 2 16 11 352 5369 3667
10462 2 2 16 11 2455 5404 3849
10463 2 2 16 11 2436 5090 3642
10464 2 2 16 11 844 3643 5089
10465 2 2 16 11 1681 5302 4106
10466 2 2 16 11 1090 3917 5376
10467 2 2 16 11 1901 5376 3917
10468 2 2 16 11 877 4367 4772
10469 2 2 16 11 1728 3613 5147
10470 2 2 16 11 1743 4992 4823
10471 2 2 16 11 1026 3518 5391
10472 2 2 16 11 2129 4823 4992
10473 2 2 16 11 1667 4855 4859
10474 2 2 16 11 592 5417 3512
10475 2 2 16 11 863 3902 5310
10476 2 2 16 11 1866 5310 3902
10477 2 2 16 11 1126 4955 4545
10478 2 2 16 11 2013 4545 4955
10479 2 2 16 11 1896 5105 5079
10480 2 2 16 11 2300 4035 5304
10481 2 2 16 11 1412 5379 4148
10482 2 2 16 11 2877 5224 3879
10483 2 2 16 11 1698 3700 5010
10484 2 2 16 11 1627 5125 3892
10485 2 2 16 11 71 3870 4983
10486 2 2 16 11 1742 4384 4629
10487 2 2 16 11 1994 5382 3520
10488 2 2 16 11 2178 4859 4855
10489 2 2 16 11 1691 3653 5368
10490 2 2 16 11 2222 4624 4001
10491 2 2 16 11 1790 5465 5375
10492 2 2 16 11 1657 4538 4126
10493 2 2 16 11 2032 4971 3743
10494 2 2 16 11 1344 3858 4798
10495 2 2 16 11 1741 3681 5084
10496 2 2 16 11 1819 5438 5187
10497 2 2 16 11 1012 4070 4724
10498 2 2 16 11 2303 4847 5445
10499 2 2 16 11 981 5445 4847
10500 2 2 16 11 1830 5258 3577
10501 2 2 16 11 1758 4724 4070
10502 2 2 16 11 2004 4790 4699
10503 2 2 16 11 1342 3866 5086
10504 2 2 16 11 2245 5086 3866
10505 2 2 16 11 892 3975 5253
10506 2 2 16 11 1695 4089 5232
10507 2 2 16 11 1608 3724 5381
10508 2 2 16 11 685 5115 4099
10509 2 2 16 11 1739 4699 4790
10510 2 2 16 11 1530 5486 4496
10511 2 2 16 11 2034 4857 4743
10512 2 2 16 11 1789 4743 4857
10513 2 2 16 11 1536 4076 4594
10514 2 2 16 11 2214 3921 5176
10515 2 2 16 11 867 5331 4832
10516 2 2 16 11 911 4481 5374
10517 2 2 16 11 1705 3707 5316
10518 2 2 16 11 931 5230 4008
10519 2 2 16 11 960 5395 4213
10520 2 2 16 11 1855 4492 4647
10521 2 2 16 11 1651 4095 4712
10522 2 2 16 11 2267 3971 4703
10523 2 2 16 11 1793 5168 4539
10524 2 2 16 11 1853 4101 5085
10525 2 2 16 11 1540 3876 5372
10526 2 2 16 11 1655 5439 3645
10527 2 2 16 11 2210 5138 3935
10528 2 2 16 11 2586 4712 4095
10529 2 2 16 11 115 5085 4101
10530 2 2 16 11 644 3632 5231
10531 2 2 16 11 931 5469 4590
10532 2 2 16 11 1458 3638 5223
10533 2 2 16 11 1705 5108 3707
10534 2 2 16 11 2021 5473 3542
10535 2 2 16 11 1552 5096 4132
10536 2 2 16 11 1720 4215 4539
10537 2 2 16 11 2434 4064 4881
10538 2 2 16 11 2200 5135 4753
10539 2 2 16 11 1928 4155 5223
10540 2 2 16 11 1602 4753 5135
10541 2 2 16 11 897 4965 3804
10542 2 2 16 11 43 4900 3848
10543 2 2 16 11 585 5442 3559
10544 2 2 16 11 2182 3621 5250
10545 2 2 16 11 1687 5103 3922
10546 2 2 16 11 970 5198 3662
10547 2 2 16 11 1458 5223 4155
10548 2 2 16 11 1767 3699 5327
10549 2 2 16 11 1232 5468 3666
10550 2 2 16 11 973 5327 3699
10551 2 2 16 11 1706 3922 5407
10552 2 2 16 11 1631 3768 5238
10553 2 2 16 11 1645 4863 3899
10554 2 2 16 11 1737 5266 3652
10555 2 2 16 11 986 5262 5108
10556 2 2 16 11 593 3618 5315
10557 2 2 16 11 1055 3652 5266
10558 2 2 16 11 997 4221 5123
10559 2 2 16 11 1641 4810 3954
10560 2 2 16 11 1648 4596 4171
10561 2 2 16 11 1434 3778 5050
10562 2 2 16 11 708 4765 4372
10563 2 2 16 11 1361 5411 3589
10564 2 2 16 11 2465 5443 3830
10565 2 2 16 11 1270 3782 5423
10566 2 2 16 11 2789 4357 5205
10567 2 2 16 11 2140 5107 4836
10568 2 2 16 11 1900 4836 5107
10569 2 2 16 11 756 3873 5311
10570 2 2 16 11 1825 5311 3873
10571 2 2 16 11 2049 5293 5494
10572 2 2 16 11 2500 5494 5293
10573 2 2 16 11 1977 3978 5433
10574 2 2 16 11 2685 5433 3978
10575 2 2 16 11 2796 5127 3844
10576 2 2 16 11 961 3844 5127
10577 2 2 16 11 1472 5116 4226
10578 2 2 16 11 874 4740 4065
10579 2 2 16 11 1729 4983 3870
10580 2 2 16 11 1497 5481 3592
10581 2 2 16 11 2371 4651 4247
10582 2 2 16 11 1636 4606 4213
10583 2 2 16 11 1496 4350 4819
10584 2 2 16 11 726 5427 4170
10585 2 2 16 11 1743 4823 4034
10586 2 2 16 11 2375 3793 5102
10587 2 2 16 11 949 4034 4823
10588 2 2 16 11 2432 4873 3957
10589 2 2 16 11 2613 5455 4959
10590 2 2 16 11 2351 3837 5264
10591 2 2 16 11 1837 4534 4752
10592 2 2 16 11 873 4934 3915
10593 2 2 16 11 1902 4752 4534
10594 2 2 16 11 1718 5446 3885
10595 2 2 16 11 1726 5296 4297
10596 2 2 16 11 2080 3641 5392
10597 2 2 16 11 1773 5312 3680
10598 2 2 16 11 1557 3732 5233
10599 2 2 16 11 2837 4272 5291
10600 2 2 16 11 2123 4291 4950
10601 2 2 16 11 1368 4950 4291
10602 2 2 16 11 2840 5221 4167
10603 2 2 16 11 882 4116 4800
10604 2 2 16 11 1996 3667 5369
10605 2 2 16 11 1920 4148 5379
10606 2 2 16 11 2123 4800 4116
10607 2 2 16 11 889 4366 5420
10608 2 2 16 11 2156 4165 4813
10609 2 2 16 11 2626 3988 4887
10610 2 2 16 11 2015 4659 5027
10611 2 2 16 11 431 3864 5297
10612 2 2 16 11 1763 5286 3945
10613 2 2 16 11 2098 3742 5249
10614 2 2 16 11 599 5316 3707
10615 2 2 16 11 1760 4052 4840
10616 2 2 16 11 1574 3946 4964
10617 2 2 16 11 2170 3730 5280
10618 2 2 16 11 2504 4340 4636
10619 2 2 16 11 1518 4295 5448
10620 2 2 16 11 1813 4582 4528
10621 2 2 16 11 712 4636 4340
10622 2 2 16 11 1724 3709 5390
10623 2 2 16 11 1835 4528 4582
10624 2 2 16 11 1715 4613 4312
10625 2 2 16 11 634 3661 5465
10626 2 2 16 11 1572 4320 4634
10627 2 2 16 11 1528 4338 4747
10628 2 2 16 11 1754 3745 5318
10629 2 2 16 11 1380 5339 3727
10630 2 2 16 11 592 3695 5457
10631 2 2 16 11 1769 5457 3695
10632 2 2 16 11 1827 3683 5441
10633 2 2 16 11 2336 4056 4989
10634 2 2 16 11 1676 4989 4056
10635 2 2 16 11 1083 5318 3745
10636 2 2 16 11 1749 4881 4064
10637 2 2 16 11 1943 3849 5404
10638 2 2 16 11 843 3920 5281
10639 2 2 16 11 1872 5218 5169
10640 2 2 16 11 2478 5046 4006
10641 2 2 16 11 656 5476 4753
10642 2 2 16 11 2200 4753 5476
10643 2 2 16 11 1334 4006 5046
10644 2 2 16 11 1846 3872 5142
10645 2 2 16 11 847 4252 4713
10646 2 2 16 11 1932 5478 4745
10647 2 2 16 11 3122 5374 4481
10648 2 2 16 11 1086 4629 4384
10649 2 2 16 11 1566 4608 4414
10650 2 2 16 11 1788 4035 5073
10651 2 2 16 11 1082 4813 4165
10652 2 2 16 11 2068 5394 3733
10653 2 2 16 11 994 5073 4035
10654 2 2 16 11 2380 5435 5210
10655 2 2 16 11 1159 5210 5435
10656 2 2 16 11 1779 3797 5365
10657 2 2 16 11 1644 4742 4248
10658 2 2 16 11 2670 5082 4014
10659 2 2 16 11 1091 5365 3797
10660 2 2 16 11 1933 5246 4269
10661 2 2 16 11 605 4269 5246
10662 2 2 16 11 669 4202 5495
10663 2 2 16 11 1987 5495 4202
10664 2 2 16 11 1726 4551 5296
10665 2 2 16 11 1710 4851 4166
10666 2 2 16 11 1937 5023 5324
10667 2 2 16 11 1426 4057 5405
10668 2 2 16 11 2244 5324 5023
10669 2 2 16 11 1532 4344 5178
10670 2 2 16 11 859 3922 5103
10671 2 2 16 11 1895 5405 4057
10672 2 2 16 11 2033 4866 5414
10673 2 2 16 11 1895 4057 5412
10674 2 2 16 11 1897 5004 4690
10675 2 2 16 11 1638 4268 4776
10676 2 2 16 11 644 5412 4057
10677 2 2 16 11 1886 5130 5100
10678 2 2 16 11 2186 5100 5130
10679 2 2 16 11 1531 4359 5196
10680 2 2 16 11 1687 4188 5103
10681 2 2 16 11 807 4403 4675
10682 2 2 16 11 1426 5405 3765
10683 2 2 16 11 658 3879 5224
10684 2 2 16 11 2170 5264 3837
10685 2 2 16 11 2673 5194 3891
10686 2 2 16 11 885 4896 4826
10687 2 2 16 11 2011 4826 4896
10688 2 2 16 11 1408 3901 5191
10689 2 2 16 11 1804 4994 4889
10690 2 2 16 11 2059 4889 4994
10691 2 2 16 11 2316 5488 4036
10692 2 2 16 11 2281 5248 4322
10693 2 2 16 11 1980 4322 5248
10694 2 2 16 11 1676 4056 5177
10695 2 2 16 11 1772 4647 4492
10696 2 2 16 11 1765 5249 4715
10697 2 2 16 11 1676 4072 4989
10698 2 2 16 11 1711 5037 4032
10699 2 2 16 11 1525 5279 3843
10700 2 2 16 11 2867 4768 4679
10701 2 2 16 11 1784 4956 4917
10702 2 2 16 11 2395 4677 4456
10703 2 2 16 11 2011 5269 4826
10704 2 2 16 11 1842 3804 5353
10705 2 2 16 11 2048 4917 4956
10706 2 2 16 11 1787 5371 3833
10707 2 2 16 11 1376 3833 5371
10708 2 2 16 11 2614 3769 5458
10709 2 2 16 11 853 4517 4743
10710 2 2 16 11 2150 5423 3782
10711 2 2 16 11 2034 4743 4517
10712 2 2 16 11 1677 5456 4067
10713 2 2 16 11 2681 4958 4123
10714 2 2 16 11 971 5068 4020
10715 2 2 16 11 895 5139 3958
10716 2 2 16 11 1700 5340 3836
10717 2 2 16 11 1376 5371 3809
10718 2 2 16 11 1366 4014 5082
10719 2 2 16 11 1096 5418 4127
10720 2 2 16 11 1914 4127 5418
10721 2 2 16 11 2334 4575 5407
10722 2 2 16 11 932 4562 4757
10723 2 2 16 11 2052 4543 4689
10724 2 2 16 11 1797 3875 5361
10725 2 2 16 11 1800 5235 3972
10726 2 2 16 11 1733 4772 4367
10727 2 2 16 11 1067 5361 3875
10728 2 2 16 11 2502 5183 4872
10729 2 2 16 11 2041 4927 4928
10730 2 2 16 11 1776 4928 4927
10731 2 2 16 11 1909 5297 3864
10732 2 2 16 11 1072 5079 4042
10733 2 2 16 11 622 4205 5186
10734 2 2 16 11 1390 3875 5362
10735 2 2 16 11 1797 5362 3875
10736 2 2 16 11 2081 5186 4205
10737 2 2 16 11 1117 3972 5235
10738 2 2 16 11 1048 4067 5456
10739 2 2 16 11 3004 4231 5229
10740 2 2 16 11 1772 4492 5330
10741 2 2 16 11 1413 5229 4231
10742 2 2 16 11 1865 4757 4562
10743 2 2 16 11 1514 4795 4428
10744 2 2 16 11 1761 5292 4011
10745 2 2 16 11 1606 4462 4754
10746 2 2 16 11 977 4156 5265
10747 2 2 16 11 2303 4876 4847
10748 2 2 16 11 1665 4847 4876
10749 2 2 16 11 2112 5218 4714
10750 2 2 16 11 2167 5187 5438
10751 2 2 16 11 1617 5078 4082
10752 2 2 16 11 1471 3813 5454
10753 2 2 16 11 1074 4689 4543
10754 2 2 16 11 1864 5265 4156
10755 2 2 16 11 1160 3830 5443
10756 2 2 16 11 836 5393 4855
10757 2 2 16 11 1022 5491 4358
10758 2 2 16 11 931 4590 5230
10759 2 2 16 11 2178 4855 5393
10760 2 2 16 11 863 5317 3902
10761 2 2 16 11 2077 4862 5117
10762 2 2 16 11 168 5117 4862
10763 2 2 16 11 2473 4428 4795
10764 2 2 16 11 1735 5281 3920
10765 2 2 16 11 975 5268 3971
10766 2 2 16 11 687 4129 5094
10767 2 2 16 11 667 5156 4219
10768 2 2 16 11 1688 4163 5287
10769 2 2 16 11 1852 4219 5156
10770 2 2 16 11 2171 5417 4346
10771 2 2 16 11 592 4346 5417
10772 2 2 16 11 2154 4519 5233
10773 2 2 16 11 1867 5445 4059
10774 2 2 16 11 981 4059 5445
10775 2 2 16 11 1703 4099 5115
10776 2 2 16 11 1884 4089 5136
10777 2 2 16 11 2503 4698 5203
10778 2 2 16 11 909 5243 3986
10779 2 2 16 11 1557 5233 4519
10780 2 2 16 11 1540 5372 4433
10781 2 2 16 11 263 3885 5446
10782 2 2 16 11 106 5166 4074
10783 2 2 16 11 2104 4735 4880
10784 2 2 16 11 1081 4880 4735
10785 2 2 16 11 88 3903 5430
10786 2 2 16 11 1901 4270 5376
10787 2 2 16 11 2729 5376 4270
10788 2 2 16 11 1822 5285 3985
10789 2 2 16 11 857 4136 5275
10790 2 2 16 11 1719 4221 5059
10791 2 2 16 11 1768 5209 4088
10792 2 2 16 11 859 5407 3922
10793 2 2 16 11 993 4088 5353
10794 2 2 16 11 1842 5353 4088
10795 2 2 16 11 1719 5123 4221
10796 2 2 16 11 1131 4011 5292
10797 2 2 16 11 1731 5099 4206
10798 2 2 16 11 1706 5407 4575
10799 2 2 16 11 1644 4248 5044
10800 2 2 16 11 1844 5275 4136
10801 2 2 16 11 1147 5118 5087
10802 2 2 16 11 1077 5232 4089
10803 2 2 16 11 2951 5230 4590
10804 2 2 16 11 1672 4960 4961
10805 2 2 16 11 2458 4961 4960
10806 2 2 16 11 1698 4508 4867
10807 2 2 16 11 2131 5087 5118
10808 2 2 16 11 1703 5225 4099
10809 2 2 16 11 1914 4374 5026
10810 2 2 16 11 2206 5026 4374
10811 2 2 16 11 983 4783 5288
10812 2 2 16 11 1025 5170 5414
10813 2 2 16 11 1570 4679 4768
10814 2 2 16 11 2201 5156 5270
10815 2 2 16 11 667 5270 5156
10816 2 2 16 11 2165 5296 4551
10817 2 2 16 11 2115 3973 5395
10818 2 2 16 11 1598 4456 4971
10819 2 2 16 11 1646 4313 5038
10820 2 2 16 11 2433 4226 5116
10821 2 2 16 11 899 5136 4723
10822 2 2 16 11 2100 4198 5339
10823 2 2 16 11 1930 4720 4945
10824 2 2 16 11 1091 4188 5194
10825 2 2 16 11 1076 4945 4720
10826 2 2 16 11 1807 5192 4585
10827 2 2 16 11 2521 4585 5192
10828 2 2 16 11 1543 4025 5367
10829 2 2 16 11 2254 5288 4783
10830 2 2 16 11 1883 4147 5234
10831 2 2 16 11 1761 4011 5420
10832 2 2 16 11 1817 5259 5239
10833 2 2 16 11 2217 5239 5259
10834 2 2 16 11 2835 5292 4364
10835 2 2 16 11 3258 5006 5325
10836 2 2 16 11 1819 4646 5438
10837 2 2 16 11 2178 5393 5007
10838 2 2 16 11 942 4106 5302
10839 2 2 16 11 1974 5007 5393
10840 2 2 16 11 2081 5406 4046
10841 2 2 16 11 2346 5069 5449
10842 2 2 16 11 2204 4036 5488
10843 2 2 16 11 2935 5485 4177
10844 2 2 16 11 1761 4364 5292
10845 2 2 16 11 2273 4434 5483
10846 2 2 16 11 2622 5490 4389
10847 2 2 16 11 1989 4177 5485
10848 2 2 16 11 732 4389 5490
10849 2 2 16 11 1000 5392 4226
10850 2 2 16 11 1836 4140 5425
10851 2 2 16 11 904 4139 5413
10852 2 2 16 11 1117 5425 4140
10853 2 2 16 11 2319 5198 5307
10854 2 2 16 11 1733 4222 5300
10855 2 2 16 11 1765 4987 5249
10856 2 2 16 11 2098 5249 4987
10857 2 2 16 11 970 5307 5198
10858 2 2 16 11 1726 5205 4357
10859 2 2 16 11 748 4332 5382
10860 2 2 16 11 1788 5073 4540
10861 2 2 16 11 1752 5113 5112
10862 2 2 16 11 2348 5112 5113
10863 2 2 16 11 2069 4170 5427
10864 2 2 16 11 540 4228 5336
10865 2 2 16 11 1844 4136 5467
10866 2 2 16 11 1774 5291 4272
10867 2 2 16 11 2495 4846 5281
10868 2 2 16 11 1914 5418 4362
10869 2 2 16 11 2829 4362 5418
10870 2 2 16 11 1756 5424 4182
10871 2 2 16 11 1140 5234 5001
10872 2 2 16 11 1898 4690 5004
10873 2 2 16 11 2305 4691 5408
10874 2 2 16 11 1808 5027 4659
10875 2 2 16 11 669 5416 4202
10876 2 2 16 11 3063 4496 5486
10877 2 2 16 11 1845 5124 5118
10878 2 2 16 11 682 4297 5296
10879 2 2 16 11 2131 5118 5124
10880 2 2 16 11 904 5413 5137
10881 2 2 16 11 1655 4464 5439
10882 2 2 16 11 645 5450 4197
10883 2 2 16 11 2240 5246 5452
10884 2 2 16 11 1933 5452 5246
10885 2 2 16 11 3359 5165 5287
10886 2 2 16 11 1089 4539 5168
10887 2 2 16 11 909 4840 5243
10888 2 2 16 11 2488 5326 4341
10889 2 2 16 11 1165 4337 5415
10890 2 2 16 11 1619 5299 4592
10891 2 2 16 11 1719 4721 5123
10892 2 2 16 11 1167 5426 4348
10893 2 2 16 11 1677 4860 5456
10894 2 2 16 11 2325 4838 5383
10895 2 2 16 11 1968 5383 4838
10896 2 2 16 11 2328 5056 5063
10897 2 2 16 11 1755 5149 4626
10898 2 2 16 11 2345 4991 5032
10899 2 2 16 11 1757 5063 5056
10900 2 2 16 11 2862 4771 5362
10901 2 2 16 11 1960 4995 5058
10902 2 2 16 11 1980 5248 4764
10903 2 2 16 11 642 4764 5248
10904 2 2 16 11 1990 5058 4995
10905 2 2 16 11 2261 5448 4295
10906 2 2 16 11 843 5281 4846
10907 2 2 16 11 2106 5123 4721
10908 2 2 16 11 1854 5415 4337
10909 2 2 16 11 2405 5422 4420
10910 2 2 16 11 1861 4348 5426
10911 2 2 16 11 653 4420 5422
10912 2 2 16 11 2021 4678 5473
10913 2 2 16 11 574 5473 4678
10914 2 2 16 11 1949 5255 4701
10915 2 2 16 11 660 4701 5255
10916 2 2 16 11 2409 4510 5289
10917 2 2 16 11 2329 4433 5372
10918 2 2 16 11 1043 5330 4492
10919 2 2 16 11 1750 5032 4991
10920 2 2 16 11 1920 5379 5463
10921 2 2 16 11 1652 5472 4605
10922 2 2 16 11 2265 5463 5379
10923 2 2 16 11 1755 5203 4698
10924 2 2 16 11 2360 5146 5074
10925 2 2 16 11 1757 4358 5491
10926 2 2 16 11 983 5288 4619
10927 2 2 16 11 1939 5342 5277
10928 2 2 16 11 1092 4714 5218
10929 2 2 16 11 1926 4619 5288
10930 2 2 16 11 2785 4952 5370
10931 2 2 16 11 2866 5338 5153
10932 2 2 16 11 1751 5153 5338
10933 2 2 16 11 2243 4837 5359
10934 2 2 16 11 2031 5359 4837
10935 2 2 16 11 666 4549 5366
10936 2 2 16 11 2379 5311 5309
10937 2 2 16 11 1825 5309 5311
10938 2 2 16 11 2809 5464 4484
10939 2 2 16 11 1721 4872 5183
10940 2 2 16 11 2917 4563 5363
10941 2 2 16 11 1656 5466 5083
10942 2 2 16 11 1832 5462 4503
10943 2 2 16 11 1943 5404 4981
10944 2 2 16 11 1971 5031 5172
10945 2 2 16 11 2140 5277 5342
10946 2 2 16 11 1700 4653 5340
10947 2 2 16 11 946 5342 5030
10948 2 2 16 11 1751 5389 5386
10949 2 2 16 11 2828 5386 5389
10950 2 2 16 11 1782 5074 5146
10951 2 2 16 11 1916 4826 5269
10952 2 2 16 11 2240 5009 5246
10953 2 2 16 11 605 5246 5009
10954 2 2 16 11 301 5172 5031
10955 2 2 16 11 946 5107 5342
10956 2 2 16 11 2989 5471 4569
10957 2 2 16 11 1653 5325 5006
10958 2 2 16 11 1694 4652 5419
10959 2 2 16 11 933 4654 5436
10960 2 2 16 11 2403 5436 4654
10961 2 2 16 11 767 5438 4646
10962 2 2 16 11 2749 5167 5313
10963 2 2 16 11 1390 5362 4771
10964 2 2 16 11 1412 5351 5379
10965 2 2 16 11 2265 5379 5351
10966 2 2 16 11 1939 5030 5342
10967 2 2 16 11 3295 5493 5350
10968 2 2 16 11 1032 5294 5088
10969 2 2 16 11 2028 5088 5294
10970 2 2 16 11 1025 5434 5170
10971 2 2 16 11 2103 5170 5434
10972 2 2 16 11 1940 5414 4866
10973 2 2 16 11 3291 5083 5466
10974 2 2 16 11 2368 5474 5137
10975 2 2 16 11 1795 5370 4952
10976 2 2 16 11 2475 5456 4860
10977 2 2 16 11 2209 5431 5282
10978 2 2 16 11 1688 5287 5165
10979 2 2 16 11 1054 4981 5404
10980 2 2 16 11 2140 5342 5107
10981 2 2 16 11 1762 5313 5167
10982 2 2 16 11 1754 4959 5455
10983 2 2 16 11 2307 5210 5335
10984 2 2 16 11 1159 5335 5210
10985 2 2 16 11 2103 5434 5295
10986 2 2 16 11 2127 5295 5434
10987 2 2 16 11 1032 5444 5294
10988 2 2 16 11 2124 5294 5444
10989 2 2 16 11 2124 5323 5294
10990 2 2 16 11 1843 5449 5069
10991 2 2 16 11 2028 5294 5323
10992 2 2 16 11 904 5137 5474
10993 2 2 16 11 1971 5282 5431
10994 2 2 16 11 2113 5410 5444
10995 2 2 16 11 2124 5444 5410
10996 2 2 16 11 1006 5350 5493
$EndElements
