$MeshFormat
2.2 0 8
$EndMeshFormat
$Nodes
5002
1 0 0 0
2 2 0.7 0
3 4 0.2 0
4 6 0.7 0
5 7 0.6 0
6 8 0 0
7 8 0.8 0
8 0 2 0
9 0.04999999999990499 0 0
10 0.09999999999981136 0 0
11 0.1499999999997171 0 0
12 0.1999999999996229 0 0
13 0.2499999999995293 0 0
14 0.2999999999994182 0 0
15 0.3499999999993077 0 0
16 0.3999999999991972 0 0
17 0.4499999999990916 0 0
18 0.499999999998986 0 0
19 0.5499999999989043 0 0
20 0.5999999999988226 0 0
21 0.6499999999987462 0 0
22 0.6999999999986699 0 0
23 0.7499999999985936 0 0
24 0.7999999999985173 0 0
25 0.8499999999984409 0 0
26 0.8999999999983646 0 0
27 0.9499999999982773 0 0
28 0.9999999999981901 0 0
29 1.049999999998055 0 0
30 1.09999999999792 0 0
31 1.149999999997774 0 0
32 1.199999999997629 0 0
33 1.249999999997483 0 0
34 1.299999999997337 0 0
35 1.349999999997191 0 0
36 1.399999999997046 0 0
37 1.4499999999969 0 0
38 1.499999999996754 0 0
39 1.549999999996609 0 0
40 1.599999999996463 0 0
41 1.649999999996317 0 0
42 1.699999999996171 0 0
43 1.749999999996026 0 0
44 1.79999999999588 0 0
45 1.849999999995734 0 0
46 1.899999999995589 0 0
47 1.949999999995443 0 0
48 1.999999999995297 0 0
49 2.049999999995151 0 0
50 2.099999999995005 0 0
51 2.14999999999486 0 0
52 2.199999999994714 0 0
53 2.249999999994568 0 0
54 2.299999999994423 0 0
55 2.349999999994277 0 0
56 2.399999999994131 0 0
57 2.449999999993985 0 0
58 2.49999999999384 0 0
59 2.549999999993694 0 0
60 2.599999999993548 0 0
61 2.649999999993402 0 0
62 2.699999999993257 0 0
63 2.749999999993111 0 0
64 2.799999999992965 0 0
65 2.84999999999282 0 0
66 2.899999999992674 0 0
67 2.949999999992528 0 0
68 2.999999999992382 0 0
69 3.049999999992236 0 0
70 3.099999999992091 0 0
71 3.149999999991945 0 0
72 3.199999999991799 0 0
73 3.249999999991654 0 0
74 3.299999999991508 0 0
75 3.349999999991362 0 0
76 3.399999999991217 0 0
77 3.449999999991071 0 0
78 3.499999999990925 0 0
79 3.54999999999078 0 0
80 3.599999999990634 0 0
81 3.649999999990488 0 0
82 3.699999999990342 0 0
83 3.749999999990196 0 0
84 3.799999999990051 0 0
85 3.849999999989905 0 0
86 3.89999999998976 0 0
87 3.949999999989657 0 0
88 3.999999999989554 0 0
89 4.049999999989643 0 0
90 4.099999999989731 0 0
91 4.149999999989863 0 0
92 4.199999999989994 0 0
93 4.249999999990126 0 0
94 4.299999999990257 0 0
95 4.34999999999039 0 0
96 4.399999999990521 0 0
97 4.449999999990653 0 0
98 4.499999999990784 0 0
99 4.549999999990916 0 0
100 4.599999999991048 0 0
101 4.64999999999118 0 0
102 4.699999999991311 0 0
103 4.749999999991443 0 0
104 4.799999999991575 0 0
105 4.849999999991706 0 0
106 4.899999999991837 0 0
107 4.949999999991969 0 0
108 4.999999999992101 0 0
109 5.049999999992233 0 0
110 5.099999999992364 0 0
111 5.149999999992496 0 0
112 5.199999999992627 0 0
113 5.24999999999276 0 0
114 5.299999999992891 0 0
115 5.349999999993023 0 0
116 5.399999999993154 0 0
117 5.449999999993286 0 0
118 5.499999999993418 0 0
119 5.549999999993549 0 0
120 5.59999999999368 0 0
121 5.649999999993812 0 0
122 5.699999999993944 0 0
123 5.749999999994076 0 0
124 5.799999999994208 0 0
125 5.849999999994339 0 0
126 5.899999999994471 0 0
127 5.949999999994603 0 0
128 5.999999999994734 0 0
129 6.049999999994866 0 0
130 6.099999999994997 0 0
131 6.14999999999513 0 0
132 6.199999999995261 0 0
133 6.249999999995392 0 0
134 6.299999999995523 0 0
135 6.349999999995656 0 0
136 6.399999999995787 0 0
137 6.449999999995919 0 0
138 6.499999999996051 0 0
139 6.549999999996182 0 0
140 6.599999999996314 0 0
141 6.649999999996445 0 0
142 6.699999999996576 0 0
143 6.749999999996708 0 0
144 6.799999999996841 0 0
145 6.849999999996973 0 0
146 6.899999999997104 0 0
147 6.949999999997235 0 0
148 6.999999999997367 0 0
149 7.049999999997499 0 0
150 7.099999999997631 0 0
151 7.149999999997763 0 0
152 7.199999999997894 0 0
153 7.249999999998026 0 0
154 7.299999999998157 0 0
155 7.349999999998288 0 0
156 7.399999999998419 0 0
157 7.449999999998552 0 0
158 7.499999999998684 0 0
159 7.549999999998816 0 0
160 7.599999999998947 0 0
161 7.649999999999078 0 0
162 7.69999999999921 0 0
163 7.749999999999342 0 0
164 7.799999999999474 0 0
165 7.849999999999606 0 0
166 7.899999999999737 0 0
167 7.949999999999869 0 0
168 8 0.04999999999990168 0
169 8 0.09999999999982838 0
170 8 0.1499999999996807 0
171 8 0.1999999999995331 0
172 8 0.249999999999384 0
173 8 0.2999999999992348 0
174 8 0.3499999999990911 0
175 8 0.3999999999989474 0
176 8 0.4499999999990819 0
177 8 0.4999999999992024 0
178 8 0.5499999999993163 0
179 8 0.5999999999994683 0
180 8 0.6499999999996198 0
181 8 0.6999999999997449 0
182 8 0.749999999999885 0
183 7.950617283950399 0.8074074074074403 0
184 7.901234567900836 0.8148148148148746 0
185 7.851851851851252 0.8222222222223122 0
186 7.802469135801666 0.8296296296297501 0
187 7.753086419752069 0.8370370370371896 0
188 7.703703703702502 0.8444444444446249 0
189 7.654320987652902 0.8518518518520647 0
190 7.604938271603339 0.8592592592594992 0
191 7.555555555553782 0.8666666666669327 0
192 7.506172839504169 0.8740740740743747 0
193 7.456790123454598 0.8814814814818103 0
194 7.407407407405003 0.8888888888892496 0
195 7.358024691355427 0.8962962962966861 0
196 7.308641975305841 0.9037037037041239 0
197 7.259259259256241 0.9111111111115638 0
198 7.209876543206672 0.9185185185189992 0
199 7.160493827157084 0.9259259259264375 0
200 7.111111111107505 0.9333333333338744 0
201 7.061728395057997 0.9407407407413004 0
202 7.012345679008479 0.9481481481487282 0
203 6.96296296295931 0.9555555555561036 0
204 6.91358024691012 0.9629629629634822 0
205 6.864197530861072 0.9703703703708393 0
206 6.81481481481203 0.9777777777781955 0
207 6.765432098762985 0.9851851851855523 0
208 6.71604938271394 0.992592592592909 0
209 6.666666666664904 1.000000000000264 0
210 6.617283950615851 1.007407407407622 0
211 6.567901234566806 1.014814814814979 0
212 6.518518518517761 1.022222222222336 0
213 6.469135802468703 1.029629629629695 0
214 6.41975308641968 1.037037037037048 0
215 6.370370370370638 1.044444444444404 0
216 6.320987654321595 1.051851851851761 0
217 6.271604938272549 1.059259259259118 0
218 6.222222222223506 1.066666666666474 0
219 6.172839506174455 1.074074074073832 0
220 6.123456790125423 1.081481481481187 0
221 6.074074074076431 1.088888888888536 0
222 6.02469135802734 1.096296296295899 0
223 5.975308641978354 1.103703703703247 0
224 5.925925925929251 1.111111111110612 0
225 5.876543209880165 1.118518518517975 0
226 5.827160493831166 1.125925925925325 0
227 5.777777777782116 1.133333333332683 0
228 5.728395061733085 1.140740740740037 0
229 5.679012345684079 1.148148148147388 0
230 5.629629629634996 1.155555555554751 0
231 5.58024691358596 1.162962962962106 0
232 5.53086419753691 1.170370370369464 0
233 5.481481481487874 1.177777777776819 0
234 5.43209876543883 1.185185185184175 0
235 5.382716049389767 1.192592592591535 0
236 5.33333333334074 1.199999999998889 0
237 5.283950617291707 1.207407407406244 0
238 5.234567901242652 1.214814814813602 0
239 5.185185185193589 1.222222222220962 0
240 5.135802469144574 1.229629629628314 0
241 5.086419753095513 1.237037037035673 0
242 5.037037037046483 1.244444444443028 0
243 4.987654320997387 1.251851851850392 0
244 4.938271604948383 1.259259259257743 0
245 4.888888888899363 1.266666666665096 0
246 4.839506172850303 1.274074074072455 0
247 4.790123456801246 1.281481481479813 0
248 4.740740740752216 1.288888888887167 0
249 4.691358024703197 1.29629629629452 0
250 4.641975308654116 1.303703703701883 0
251 4.592592592605069 1.31111111110924 0
252 4.543209876556034 1.318518518516595 0
253 4.493827160506935 1.32592592592396 0
254 4.444444444457949 1.333333333331308 0
255 4.395061728408962 1.340740740738656 0
256 4.345679012359851 1.348148148146022 0
257 4.296296296310837 1.355555555553374 0
258 4.246913580261765 1.362962962960735 0
259 4.197530864212742 1.370370370368089 0
260 4.148148148163681 1.377777777775448 0
261 4.098765432114579 1.385185185182813 0
262 4.049382716065548 1.392592592590168 0
263 4.000000000016339 1.399999999997549 0
264 3.950617283966906 1.407407407404964 0
265 3.901234567917339 1.414814814812399 0
266 3.851851851867776 1.422222222219834 0
267 3.802469135818187 1.429629629627272 0
268 3.753086419768598 1.43703703703471 0
269 3.703703703719008 1.444444444442149 0
270 3.654320987669419 1.451851851849587 0
271 3.604938271619838 1.459259259257024 0
272 3.555555555570255 1.466666666664462 0
273 3.506172839520668 1.4740740740719 0
274 3.456790123471078 1.481481481479338 0
275 3.407407407421488 1.488888888886777 0
276 3.358024691371897 1.496296296294215 0
277 3.308641975322313 1.503703703701653 0
278 3.259259259272731 1.51111111110909 0
279 3.209876543223143 1.518518518516529 0
280 3.160493827173558 1.525925925923966 0
281 3.111111111123965 1.533333333331405 0
282 3.061728395074375 1.540740740738844 0
283 3.012345679024791 1.548148148146281 0
284 2.962962962975207 1.555555555553719 0
285 2.913580246925622 1.562962962961157 0
286 2.864197530876037 1.570370370368595 0
287 2.814814814826446 1.577777777776033 0
288 2.765432098776856 1.585185185183472 0
289 2.716049382727269 1.592592592590909 0
290 2.666666666677684 1.599999999998347 0
291 2.617283950628101 1.607407407405785 0
292 2.567901234578516 1.614814814813223 0
293 2.518518518528925 1.622222222220661 0
294 2.469135802479335 1.6296296296281 0
295 2.419753086429748 1.637037037035538 0
296 2.370370370380161 1.644444444442976 0
297 2.320987654330576 1.651851851850413 0
298 2.271604938280994 1.659259259257851 0
299 2.222222222231403 1.666666666665289 0
300 2.172839506181814 1.674074074072728 0
301 2.123456790132227 1.681481481480166 0
302 2.074074074082637 1.688888888887604 0
303 2.024691358033055 1.696296296295042 0
304 1.975308641983473 1.703703703702479 0
305 1.925925925933883 1.711111111109918 0
306 1.876543209884294 1.718518518517356 0
307 1.827160493834705 1.725925925924794 0
308 1.777777777785115 1.733333333332233 0
309 1.728395061735533 1.74074074073967 0
310 1.67901234568595 1.748148148147108 0
311 1.629629629636361 1.755555555554546 0
312 1.580246913586773 1.762962962961984 0
313 1.530864197537182 1.770370370369423 0
314 1.481481481487593 1.777777777776861 0
315 1.432098765438009 1.785185185184299 0
316 1.382716049388426 1.792592592591736 0
317 1.333333333338845 1.799999999999173 0
318 1.283950617289262 1.807407407406611 0
319 1.234567901239678 1.814814814814048 0
320 1.185185185190091 1.822222222221486 0
321 1.1358024691405 1.829629629628925 0
322 1.086419753090913 1.837037037036363 0
323 1.037037037041327 1.844444444443801 0
324 0.987654320991739 1.851851851851239 0
325 0.9382716049421527 1.859259259258677 0
326 0.8888888888925681 1.866666666666115 0
327 0.83950617284298 1.874074074073553 0
328 0.7901234567933937 1.881481481480991 0
329 0.7407407407438082 1.888888888888429 0
330 0.6913580246942175 1.896296296295867 0
331 0.641975308644632 1.903703703703305 0
332 0.5925925925950448 1.911111111110743 0
333 0.5432098765454567 1.918518518518181 0
334 0.4938271604958722 1.925925925925619 0
335 0.4444444444462832 1.933333333333058 0
336 0.3950617283966942 1.940740740740496 0
337 0.3456790123471087 1.948148148147934 0
338 0.2962962962975215 1.955555555555372 0
339 0.2469135802479361 1.96296296296281 0
340 0.1975308641983498 1.970370370370248 0
341 0.1481481481487608 1.977777777777686 0
342 0.09876543209917177 1.985185185185124 0
343 0.04938271604958633 1.992592592592562 0
344 0 0.04999999999990632 0
345 0 0.0999999999997993 0
346 0 0.1499999999997056 0
347 0 0.1999999999996293 0
348 0 0.2499999999995529 0
349 0 0.2999999999994072 0
350 0 0.3499999999992615 0
351 0 0.3999999999991157 0
352 0 0.44999999999897 0
353 0 0.4999999999988242 0
354 0 0.5499999999986785 0
355 0 0.5999999999985328 0
356 0 0.649999999998387 0
357 0 0.6999999999982413 0
358 0 0.7499999999980955 0
359 0 0.7999999999979498 0
360 0 0.8499999999978042 0
361 0 0.8999999999976585 0
362 0 0.9499999999975235 0
363 0 0.9999999999973885 0
364 0 1.049999999997509 0
365 0 1.09999999999763 0
366 0 1.149999999997762 0
367 0 1.199999999997894 0
368 0 1.249999999998025 0
369 0 1.299999999998157 0
370 0 1.349999999998289 0
371 0 1.39999999999842 0
372 0 1.449999999998552 0
373 0 1.499999999998683 0
374 0 1.549999999998815 0
375 0 1.599999999998947 0
376 0 1.649999999999078 0
377 0 1.69999999999921 0
378 0 1.749999999999342 0
379 0 1.799999999999474 0
380 0 1.849999999999605 0
381 0 1.899999999999737 0
382 0 1.949999999999869 0
383 2.04761904761906 0.6880952380952349 0
384 2.095238095238061 0.6761904761904847 0
385 2.14285714285709 0.6642857142857276 0
386 2.190476190476122 0.6523809523809695 0
387 2.238095238095186 0.6404761904762034 0
388 2.285714285714183 0.6285714285714542 0
389 2.333333333333214 0.6166666666666966 0
390 2.380952380952244 0.6047619047619389 0
391 2.428571428571283 0.5928571428571792 0
392 2.476190476190305 0.5809523809524236 0
393 2.523809523809334 0.5690476190476665 0
394 2.571428571428367 0.5571428571429083 0
395 2.619047619047398 0.5452380952381506 0
396 2.666666666666428 0.5333333333333931 0
397 2.714285714285459 0.5214285714286352 0
398 2.761904761904489 0.5095238095238778 0
399 2.809523809523555 0.4976190476191112 0
400 2.857142857142567 0.4857142857143583 0
401 2.904761904761567 0.4738095238096083 0
402 2.952380952380659 0.4619047619048353 0
403 2.999999999999548 0.4500000000001129 0
404 3.047619047618769 0.4380952380953079 0
405 3.095238095237873 0.4261904761905317 0
406 3.142857142856892 0.4142857142857771 0
407 3.190476190476012 0.402380952380997 0
408 3.238095238095015 0.3904761904762463 0
409 3.285714285714205 0.3785714285714489 0
410 3.333333333333138 0.3666666666667155 0
411 3.380952380952205 0.3547619047619489 0
412 3.428571428571261 0.3428571428571848 0
413 3.476190476190396 0.330952380952401 0
414 3.523809523809384 0.319047619047654 0
415 3.571428571428322 0.3071428571429197 0
416 3.619047619047508 0.2952380952381231 0
417 3.666666666666701 0.2833333333333249 0
418 3.71428571428563 0.2714285714285924 0
419 3.761904761904512 0.259523809523872 0
420 3.809523809523754 0.2476190476190616 0
421 3.857142857142694 0.2357142857143266 0
422 3.904761904761877 0.2238095238095308 0
423 3.952380952380971 0.2119047619047573 0
424 4.048387096774181 0.2064516129032241 0
425 4.096774193548384 0.2129032258064512 0
426 4.145161290322596 0.2193548387096795 0
427 4.193548387096767 0.2258064516129023 0
428 4.241935483870959 0.2322580645161279 0
429 4.290322580645151 0.2387096774193535 0
430 4.338709677419349 0.2451612903225799 0
431 4.387096774193536 0.2516129032258047 0
432 4.435483870967721 0.2580645161290295 0
433 4.483870967741917 0.2645161290322556 0
434 4.532258064516123 0.270967741935483 0
435 4.580645161290299 0.2774193548387066 0
436 4.629032258064448 0.2838709677419263 0
437 4.677419354838682 0.2903225806451575 0
438 4.725806451612862 0.2967741935483816 0
439 4.774193548387063 0.3032258064516085 0
440 4.822580645161311 0.3096774193548415 0
441 4.870967741935445 0.3161290322580593 0
442 4.919354838709667 0.3225806451612889 0
443 4.967741935483827 0.3290322580645103 0
444 5.01612903225808 0.335483870967744 0
445 5.064516129032208 0.3419354838709611 0
446 5.112903225806356 0.3483870967741808 0
447 5.16129032258059 0.354838709677412 0
448 5.209677419354843 0.3612903225806458 0
449 5.258064516128972 0.3677419354838629 0
450 5.306451612903119 0.3741935483870826 0
451 5.354838709677353 0.3806451612903138 0
452 5.403225806451607 0.3870967741935475 0
453 5.451612903225735 0.3935483870967647 0
454 5.499999999999847 0.3999999999999797 0
455 5.548387096774123 0.4064516129032164 0
456 5.596774193548393 0.4129032258064524 0
457 5.645161290322516 0.4193548387096687 0
458 5.693548387096763 0.4258064516129018 0
459 5.741935483870908 0.4322580645161209 0
460 5.790322580645013 0.438709677419335 0
461 5.838709677419299 0.4451612903225732 0
462 5.887096774193489 0.4516129032257985 0
463 5.93548387096769 0.4580645161290253 0
464 5.983870967742048 0.4645161290322731 0
465 6.032258064516083 0.4709677419354777 0
466 6.080645161290258 0.4774193548387011 0
467 6.129032258064475 0.4838709677419299 0
468 6.177419354838737 0.4903225806451649 0
469 6.225806451612866 0.4967741935483821 0
470 6.274193548387011 0.5032258064516015 0
471 6.322580645161256 0.5096774193548341 0
472 6.370967741935617 0.5161290322580823 0
473 6.41935483870965 0.5225806451612865 0
474 6.467741935483856 0.529032258064514 0
475 6.516129032258043 0.535483870967739 0
476 6.564516129032315 0.5419354838709753 0
477 6.612903225806435 0.5483870967741913 0
478 6.661290322580742 0.5548387096774323 0
479 6.709677419354826 0.5612903225806434 0
480 6.75806451612902 0.5677419354838693 0
481 6.806451612903214 0.5741935483870952 0
482 6.854838709677395 0.5806451612903193 0
483 6.903225806451606 0.5870967741935474 0
484 6.951612903225865 0.5935483870967819 0
485 6.954545454545456 0.6045454545454544 0
486 6.909090909090914 0.6090909090909086 0
487 6.863636363636174 0.6136363636363825 0
488 6.818181818181825 0.6181818181818175 0
489 6.772727272727275 0.6227272727272725 0
490 6.72727272727273 0.627272727272727 0
491 6.681818181818254 0.6318181818181746 0
492 6.636363636363634 0.6363636363636366 0
493 6.590909090909237 0.6409090909090762 0
494 6.545454545454538 0.6454545454545462 0
495 6.500000000000433 0.6499999999999566 0
496 6.454545454545443 0.6545454545454557 0
497 6.40909090909081 0.6590909090909191 0
498 6.363636363636347 0.6636363636363652 0
499 6.318181818181929 0.668181818181807 0
500 6.272727272727256 0.6727272727272744 0
501 6.227272727272845 0.6772727272727155 0
502 6.181818181818169 0.6818181818181831 0
503 6.136363636363547 0.6863636363636453 0
504 6.090909090909085 0.6909090909090914 0
505 6.04545454545462 0.695454545454538 0
506 5.950000000000299 0.7 0
507 5.900000000000555 0.7 0
508 5.850000000000742 0.7 0
509 5.80000000000111 0.7 0
510 5.750000000001478 0.7 0
511 5.700000000001666 0.7 0
512 5.650000000001921 0.7 0
513 5.60000000000222 0.7 0
514 5.55000000000255 0.7 0
515 5.500000000002775 0.7 0
516 5.450000000002984 0.7 0
517 5.40000000000333 0.7 0
518 5.350000000003638 0.7 0
519 5.300000000003886 0.7 0
520 5.25000000000411 0.7 0
521 5.20000000000444 0.7 0
522 5.150000000004693 0.7 0
523 5.100000000004995 0.7 0
524 5.050000000005194 0.7 0
525 5.00000000000555 0.7 0
526 4.950000000005818 0.7 0
527 4.900000000006105 0.7 0
528 4.850000000006352 0.7 0
529 4.800000000006659 0.7 0
530 4.750000000006965 0.7 0
531 4.700000000007214 0.7 0
532 4.650000000007502 0.7 0
533 4.600000000007769 0.7 0
534 4.550000000008108 0.7 0
535 4.500000000008324 0.7 0
536 4.450000000008625 0.7 0
537 4.400000000008879 0.7 0
538 4.350000000009163 0.7 0
539 4.300000000009433 0.7 0
540 4.250000000009748 0.7 0
541 4.200000000009988 0.7 0
542 4.150000000010255 0.7 0
543 4.100000000010542 0.7 0
544 4.050000000010797 0.7 0
545 4.000000000011011 0.7 0
546 3.950000000010776 0.7 0
547 3.900000000010542 0.7 0
548 3.850000000010265 0.7 0
549 3.800000000009988 0.7 0
550 3.75000000000971 0.7 0
551 3.700000000009433 0.7 0
552 3.650000000009155 0.7 0
553 3.600000000008878 0.7 0
554 3.5500000000086 0.7 0
555 3.500000000008323 0.7 0
556 3.450000000008045 0.7 0
557 3.400000000007768 0.7 0
558 3.350000000007491 0.7 0
559 3.300000000007214 0.7 0
560 3.250000000006936 0.7 0
561 3.200000000006658 0.7 0
562 3.150000000006381 0.7 0
563 3.100000000006104 0.7 0
564 3.050000000005826 0.7 0
565 3.000000000005549 0.7 0
566 2.950000000005272 0.7 0
567 2.900000000004994 0.7 0
568 2.850000000004717 0.7 0
569 2.800000000004439 0.7 0
570 2.750000000004161 0.7 0
571 2.700000000003884 0.7 0
572 2.650000000003606 0.7 0
573 2.600000000003329 0.7 0
574 2.550000000003052 0.7 0
575 2.500000000002774 0.7 0
576 2.450000000002496 0.7 0
577 2.400000000002219 0.7 0
578 2.350000000001942 0.7 0
579 2.300000000001665 0.7 0
580 2.250000000001387 0.7 0
581 2.20000000000111 0.7 0
582 2.150000000000833 0.7 0
583 2.100000000000555 0.7 0
584 2.050000000000277 0.7 0
585 1.055749454280945 1.800883710774054 0
586 0.9256653539009463 0.04354243705388446 0
587 0.04116277591572357 0.9250005661728645 0
588 1.351643305764668 1.753527437230189 0
589 1.228841521742292 0.04861437330469468 0
590 0.04231082837384365 1.176717341042326 0
591 0.6739384498184602 0.04268837003149187 0
592 0.8083998118271647 1.835011091170457 0
593 1.601903862411392 1.714692155848423 0
594 0.04064645236057642 0.6751483758805372 0
595 1.474999999996827 0.04330127018909563 0
596 1.844068862996865 1.676248641411297 0
597 2.025051619029806 0.742888284170848 0
598 1.975638193879895 0.7439352490117377 0
599 0.04110762644495025 1.424999424638032 0
600 2.22553059478289 0.7424677010023381 0
601 2.000362072968372 0.7857782807286957 0
602 1.951114219187958 0.7858568836051673 0
603 1.926436364285496 0.7442552698345295 0
604 1.901911546345232 0.7859780540950345 0
605 1.877231837992225 0.7434026032464628 0
606 1.852691766610457 0.7858502172615122 0
607 1.827968589429726 0.7432645560216289 0
608 1.803380921524115 0.7858913523581674 0
609 1.778648118175826 0.7432791273487367 0
610 1.754021963077351 0.7859229436172284 0
611 1.729253441390493 0.7433113366625383 0
612 1.704616170971181 0.7860392266720793 0
613 1.679816963583636 0.7433681281081587 0
614 1.655150870502645 0.7860588735238079 0
615 1.63033441668121 0.7434152894436057 0
616 1.605646570773455 0.7863263383973443 0
617 1.580809263714096 0.7435024418656317 0
618 1.556100825529822 0.7864563299911486 0
619 1.531243503674272 0.7435756356246492 0
620 1.506521935798864 0.786561109459741 0
621 1.481645137000472 0.7436442621786203 0
622 1.456904967652842 0.7866661655067105 0
623 1.432006255694272 0.7437121316863171 0
624 1.407252866924465 0.7867665373321461 0
625 1.382339953935636 0.7437814352354075 0
626 1.357567619010686 0.786846712783739 0
627 1.382494596738519 0.8298426883697833 0
628 1.332790403303836 0.8299283355711276 0
629 1.307862014014683 0.7869224320347403 0
630 1.283072850958176 0.8300178307154722 0
631 1.258137760838888 0.786996107369699 0
632 1.233343089418124 0.830107789588132 0
633 1.208397444722291 0.7870855593234678 0
634 1.183595303906465 0.8301988675203382 0
635 1.158645896409287 0.787181223732467 0
636 1.133836984152362 0.8302911975447584 0
637 1.108880650502996 0.7872597661785379 0
638 1.08406604968227 0.8303810611956056 0
639 1.05910640822681 0.7873096884956345 0
640 1.034283777234602 0.8304653886267473 0
641 1.009316530255505 0.7873880033681242 0
642 0.9844872652999106 0.8305540267908789 0
643 0.9595131003498155 0.7874618054766145 0
644 0.9346800168499572 0.830641848879428 0
645 0.9096978058552169 0.7875446950792038 0
646 0.9596613176719249 0.8737350429321259 0
647 0.909845170087961 0.8738263535838526 0
648 0.6137312181981414 1.865999730175392 0
649 1.158795802662543 0.8733118586933029 0
650 0.4749999999990389 0.04330127018913048 0
651 0.9348334258561468 0.91692875466819 0
652 0.8850067763687567 0.9170191004699247 0
653 1.630404281448302 0.8285646618553205 0
654 2.487555985357245 1.588885384934129 0
655 1.357723972527929 0.8729239774303557 0
656 2.24092503697925 1.623036879927134 0
657 1.975740872285701 0.8283112708455306 0
658 0.9100017236733986 0.9601323104152681 0
659 0.8601634800502174 0.9602202828049624 0
660 2.684943021711454 1.553529609687815 0
661 2.424997470752623 0.7428861269328514 0
662 7.473203723037521 0.8361619755871974 0
663 0.8851633013780532 1.003341970168995 0
664 0.8353150744006617 1.003429564998393 0
665 2.043644792064804 1.65106311466851 0
666 0.810315766019515 0.960302735277252 0
667 2.883306522921754 1.520403933113929 0
668 0.04095727979976684 0.4750001011808188 0
669 7.37924070059928 0.04076747079605711 0
670 2.62500273372472 0.7433017628975946 0
671 7.574975714114496 0.04266659087537113 0
672 3.080169018582408 1.495365473590033 0
673 0.7854607960129769 1.00351895235642 0
674 0.8603257695175156 1.046550285451484 0
675 2.825002466777955 0.7433016471221334 0
676 0.7604571365994868 0.9603819766074346 0
677 3.283958098626878 1.46249701308965 0
678 3.025000000005686 0.7433012701894621 0
679 0.7355980530066768 1.003607935260353 0
680 3.478469677608932 1.433566053156374 0
681 0.7105891681955879 0.9604637740799414 0
682 1.083925590977302 0.7442223011503737 0
683 3.225000000006797 0.7433012701894621 0
684 7.956699932187502 0.425009590156778 0
685 3.672792456804292 1.406682222213052 0
686 1.803271434648219 0.7005105225101526 0
687 3.425000000007906 0.7433012701894621 0
688 0.6857251665475312 1.003697408159297 0
689 1.605529022360652 0.7005809690314253 0
690 0.660711637549472 0.9605450108836127 0
691 3.866767096373753 1.378347404326892 0
692 0.4139862929629873 1.89613035547807 0
693 2.021709172735496 0.6543696927860443 0
694 1.724999999996099 0.04330127018909563 0
695 1.40712515689965 0.7007204033139982 0
696 3.625000000009016 0.7433012701894621 0
697 4.067659071099112 1.346122202280156 0
698 3.825000000010128 0.7433012701894619 0
699 7.671120839639819 0.8025359520486677 0
700 0.6358447615112259 1.003786231233066 0
701 0.6608621875110968 1.04694286590947 0
702 7.175910373146838 0.04270249512630597 0
703 0.6108262017837269 0.9606265949935133 0
704 1.924999999995516 0.04330127018909563 0
705 2.204742038992532 0.6063361550376608 0
706 4.265189935295354 1.316492572650731 0
707 0.6109736918590877 1.047033741097102 0
708 0.6359969674891173 1.090198004196561 0
709 4.025000000010906 0.743301270189019 0
710 4.376220456616002 0.7414097018918892 0
711 0.5861005056114102 1.090287527490401 0
712 0.611126955969259 1.133458420088392 0
713 6.980603372787557 0.5561373495592443 0
714 7.027597938452871 0.561400787387007 0
715 2.124999999994932 0.04330127018909563 0
716 2.391850928389322 0.5596794846652881 0
717 4.553700675191299 1.26860675102511 0
718 0.5612241038984052 1.13354692456843 0
719 0.5862537061726274 1.176722546483198 0
720 0.9101692904615637 1.046464373983854 0
721 0.8853313025440563 1.089676304387313 0
722 0.9351759017995707 1.089588926875016 0
723 0.9103342486702527 1.132805026889957 0
724 0.9601832973322768 1.132716374578549 0
725 0.9353403738878336 1.175934874998822 0
726 0.9851842773176411 1.175832578545566 0
727 0.960342847320333 1.219067352859726 0
728 1.010202057129717 1.218976709740175 0
729 0.6356984785276687 0.9173816939816218 0
730 0.5858197624491102 0.9174688343055492 0
731 0.6106840428313504 0.8742105904255281 0
732 0.560794991152362 0.8743196850057723 0
733 0.5856669272784704 0.8310359361681985 0
734 0.5363458604116479 1.176810477787194 0
735 0.5613768731786792 1.219945774194912 0
736 4.676675164213692 0.7404226808535972 0
737 0.9853527283101799 1.262204423088154 0
738 1.035196895268829 1.261997950542891 0
739 0.04294579892085605 1.625618443980843 0
740 6.873453683455985 0.04529391046018147 0
741 7.00942072556003 0.5189838289536329 0
742 7.055714872701864 0.5249770926039428 0
743 2.473931866792872 0.04623971022545807 0
744 4.85126045604017 1.223236364409978 0
745 0.5357577404114496 0.8311509779088097 0
746 0.5606428670294807 0.7878536659953733 0
747 6.693226112336051 0.5106219042221625 0
748 0.5113282860230134 1.133637756291685 0
749 0.5114629372293322 1.220068616368385 0
750 0.5364720491549648 1.263196092866999 0
751 4.975006253645684 0.7433435357544378 0
752 0.03988961563621815 0.278912545630139 0
753 2.325552654782913 0.04340936334202904 0
754 1.074941991887206 0.04338528250755966 0
755 1.201335980859026 1.776270943864204 0
756 4.525839675138164 0.7418891085795547 0
757 4.225762216520454 0.740857460217816 0
758 7.724058354066917 0.04752612542965244 0
759 0.3264199987401943 0.03620526024809909 0
760 4.413338083442506 1.294270350428686 0
761 4.709792888729782 1.247386037109468 0
762 0.9345385723473326 0.7443561168338114 0
763 6.546458608428788 0.5042018894045024 0
764 1.778490255302774 0.8283129339612511 0
765 2.680281256983864 0.48354658161325 0
766 7.327110809605488 0.85835484614931 0
767 0.5107295029430603 0.7879374194402657 0
768 0.5356160957373565 0.7446585825214769 0
769 1.010361482406843 1.305326510523284 0
770 1.060225696218449 1.305206130590019 0
771 1.085018475943528 1.261817795436983 0
772 1.110083319372272 1.305119439752626 0
773 1.134934369608602 1.261927858975487 0
774 1.159937246840061 1.305032777602027 0
775 1.184776758735595 1.261645025822222 0
776 1.209777820783305 1.304893272688513 0
777 1.234612281017661 1.261516681763905 0
778 1.259608505778363 1.30479629142876 0
779 1.284437207875653 1.261612868289417 0
780 1.309430997165053 1.304754061017899 0
781 1.334248104509716 1.261561663728604 0
782 1.359235747521394 1.30465607521274 0
783 1.384049938205569 1.261483144329657 0
784 1.409029142080885 1.304557878754187 0
785 1.433839092714902 1.261296875074788 0
786 1.458808737973332 1.3043670243254 0
787 1.483612059489918 1.261178846267328 0
788 1.508548573155111 1.304290786421606 0
789 1.533366755497931 1.26090985556057 0
790 1.558329674466826 1.304266078101129 0
791 1.583116560626598 1.260805980051199 0
792 0.9604913383898231 1.305427060704732 0
793 1.608065406261146 1.304111523079808 0
794 1.632848336652645 1.260723359928951 0
795 2.545952664263627 0.5258160932412999 0
796 1.657789067205896 1.304004818073513 0
797 1.682564901414733 1.260638300066959 0
798 1.707497400787727 1.303905572332917 0
799 1.732256088355718 1.259800971291684 0
800 7.037814871146105 0.4820271646457266 0
801 7.084083774347196 0.4881407870182342 0
802 6.400921128518797 0.4839773958458639 0
803 5.155060061427045 1.185741405521003 0
804 4.825660873848701 0.7419958219503877 0
805 6.726485423177588 0.04331797436364748 0
806 0.486571591871592 1.263337322393649 0
807 0.5115852542257306 1.306516764215146 0
808 1.75718947157873 1.303684001423032 0
809 1.781882055336974 1.25770131539576 0
810 0.4856949184775426 0.7447477523532362 0
811 0.510587437055898 0.7014587756450885 0
812 0.485840980770412 0.8312925031133559 0
813 6.254547182907808 0.4630429898909761 0
814 5.006080491828123 1.205992881063221 0
815 5.302654176222879 1.160023533078263 0
816 2.82302350709754 0.4504273617246551 0
817 0.9855102111897718 1.348579805966709 0
818 0.935626983946614 1.348666807644958 0
819 6.574183853490593 0.04305277354204107 0
820 1.806839884333619 1.303222925140201 0
821 1.831554794291768 1.258240324941592 0
822 0.4606534738447279 0.701549260866184 0
823 0.4855508992873127 0.6582563350389933 0
824 0.5354845950422378 0.6581748116061809 0
825 0.5104517872221441 0.6149739953140174 0
826 0.5603827906164311 0.614893728532379 0
827 0.5353504762990648 0.5716915974549075 0
828 0.5852730622814334 0.5716154359711636 0
829 0.5602445385293182 0.5284074499387549 0
830 0.6101439448557709 0.5283569213484383 0
831 0.5103003961968922 0.5285019667443723 0
832 0.5851366995325177 0.4851254359775693 0
833 0.6350484843305939 0.4850714419282874 0
834 2.626010594356425 0.04721278039812226 0
835 1.856468487335661 1.303247212075122 0
836 1.881286541813461 1.26000603062257 0
837 1.906226900533301 1.303603429528076 0
838 1.931000916284988 1.260399738985592 0
839 7.023865287445854 0.03885469898036207 0
840 6.108865290040166 0.4429105651245253 0
841 0.4616834927983905 1.306627375285644 0
842 0.4867249827215031 1.349822735023039 0
843 0.5365997314501699 1.349672358382198 0
844 0.5117640601233933 1.393012139816402 0
845 0.4618401447884529 1.39311177203788 0
846 0.4868864629026866 1.436311598764047 0
847 0.5368199532575673 1.436218226682879 0
848 7.957720911493859 0.5746989572979058 0
849 1.955905231416385 1.303482201056141 0
850 1.980727755243419 1.260376958391258 0
851 5.448027129574413 1.136078490812393 0
852 5.125003649792327 0.7433184302370245 0
853 6.375054177276546 0.04329009206189072 0
854 1.13510017686774 1.348274637951769 0
855 0.4369510624816593 1.436403709390556 0
856 0.4356122801588549 0.6583372330143091 0
857 7.101836440775381 0.5311789710147226 0
858 7.130410254123404 0.4941017406026285 0
859 7.066240816221931 0.4449011335617579 0
860 7.019700286642923 0.4387915823644329 0
861 0.4107141640242894 0.7016392126255654 0
862 5.961139570819651 0.4254917003281968 0
863 0.9606530288806983 1.391828619501848 0
864 2.963687590543354 0.4165489021315857 0
865 7.95645852089691 0.2748151412043217 0
866 2.005556358292552 1.303463003825573 0
867 2.030469037409804 1.260299848211128 0
868 1.433966931411057 1.347265108716904 0
869 0.4620008364306855 1.479606461780798 0
870 6.225530895242157 0.04361235911749534 0
871 5.601781799832041 1.119136719288265 0
872 5.275010594536901 0.7433046575492922 0
873 0.4366471487406695 1.263433360156686 0
874 1.28434026648038 1.348058489855993 0
875 2.774344998970484 0.04720218362708328 0
876 2.055355330815792 1.303423551561569 0
877 2.080259847947362 1.260204774487721 0
878 2.105251089918409 1.303288931720612 0
879 2.130090946407443 1.260091220679158 0
880 2.104207188967936 1.216591187470255 0
881 2.154774144973675 1.216815117007793 0
882 2.17991317973682 1.259975755942382 0
883 2.204739191282718 1.216908566444078 0
884 2.229793196727262 1.259903938659519 0
885 2.254629855964753 1.21682336716342 0
886 2.179687389100342 1.174049381914744 0
887 2.279677366638959 1.259805454794503 0
888 2.304519099954847 1.216541514158716 0
889 2.329570406659361 1.259669026063375 0
890 2.354419980483794 1.216392480040251 0
891 2.329361366949805 1.173231576387066 0
892 2.379271725690617 1.173104941142978 0
893 2.404332233590575 1.216270279125479 0
894 2.429189600612379 1.172980461963778 0
895 2.454255339652834 1.216165961581881 0
896 2.479115390482198 1.172858520989334 0
897 2.504184701206968 1.21605169524053 0
898 2.529047925956568 1.172738016251797 0
899 2.554120079590233 1.215927859199783 0
900 2.578986140931488 1.17261572012575 0
901 2.604060861803987 1.215810253592254 0
902 2.628928853434567 1.172494319866638 0
903 2.654005055719262 1.21568953983286 0
904 2.678875115528542 1.172373097615437 0
905 7.148331463351427 0.5375738346227055 0
906 7.177125656356397 0.5001327186457368 0
907 0.610035579790464 0.4418354641503262 0
908 0.659979685446179 0.4417580515609782 0
909 5.815624423306767 0.4065153426746223 0
910 0.2661775494977544 1.913995080883674 0
911 1.855931391763497 1.216280937849384 0
912 1.508198368914865 1.217574531077564 0
913 1.70589319870676 1.215092441880392 0
914 0.9107664094346475 1.391920976289005 0
915 6.075324016985274 0.04355308005076861 0
916 2.50397456326611 1.129557506130042 0
917 0.4120607860062306 1.479698013566573 0
918 2.70395192066545 1.215569358782737 0
919 2.728824991678813 1.172252218254136 0
920 2.703745077047169 1.129052415157713 0
921 2.753699110643812 1.128931453717344 0
922 2.778779077441148 1.1721340710507 0
923 2.803655180016541 1.128812034548435 0
924 2.828736123187523 1.172017041828264 0
925 2.85361276851985 1.128693486502133 0
926 2.878694725889853 1.171899697619272 0
927 2.903571755149132 1.128574864301508 0
928 2.92865432678191 1.171782073135471 0
929 2.953531916787701 1.128478065230153 0
930 2.978615038734331 1.171667849957986 0
931 3.003492941889171 1.128363805370993 0
932 3.028576411319585 1.171551219616789 0
933 3.053454512470124 1.128224402238264 0
934 2.354205772261606 1.129941327984903 0
935 0.935792549493959 1.435083251094992 0
936 5.74667141676665 1.094270350430037 0
937 5.425004239156586 0.7433017470885824 0
938 7.195188563331461 0.5440471541778868 0
939 7.224257561029775 0.5064116467234374 0
940 7.205977668814626 0.4622779318445863 0
941 7.25344104160019 0.4685032439702661 0
942 7.271747188581962 0.5127677049832802 0
943 7.301169227152227 0.4747288994079513 0
944 7.235020603799779 0.4241891290435077 0
945 7.319608284699695 0.5193024096852891 0
946 7.349171741041953 0.4810113742168692 0
947 1.23318551411615 0.7440012643840721 0
948 0.8858960020152433 1.435172803211698 0
949 3.113796177738283 0.3811426255414648 0
950 0.3856683167981836 0.6584195855462552 0
951 1.682732278558057 1.347078362986874 0
952 5.67008066193244 0.3876075921414647 0
953 3.078532324190169 1.171426911290971 0
954 3.103415575979542 1.128101501525442 0
955 5.926171200961839 0.04260845605968105 0
956 7.367675554886103 0.5259572865097968 0
957 7.397433871151437 0.4873717386918176 0
958 7.378751664055168 0.442346677046378 0
959 7.427053258750965 0.4496623560388425 0
960 7.445890664471095 0.4938805749959805 0
961 7.47569342086294 0.4551390680219677 0
962 7.457275282828498 0.4118307932146089 0
963 7.505629235526467 0.4164505852512071 0
964 7.524397506650311 0.4613482601311958 0
965 7.554299875616508 0.4224383843646899 0
966 7.573186861865804 0.4677807036746535 0
967 7.048304264132878 0.4014085254363269 0
968 7.001436743380957 0.3952583548814704 0
969 0.3870113066361897 1.436492540098044 0
970 7.603179036901196 0.4288049352693959 0
971 2.924032160613295 0.04708842061759645 0
972 0.9109283164348043 1.47834532505869 0
973 0.9608273610494219 1.478247299372911 0
974 0.8610216033011353 1.478433173862465 0
975 3.128493405704543 1.171307043694823 0
976 3.153377610511811 1.127982533903832 0
977 3.178461701499787 1.171191472191058 0
978 3.203341435776598 1.127864666257292 0
979 6.026815359178311 0.7373514340441406 0
980 5.895614722340389 1.072279685925789 0
981 5.624889371744811 0.7433450272552502 0
982 3.228425540808686 1.171073773540954 0
983 3.253304206957135 1.127746067757792 0
984 0.4371099567566112 1.522903100633197 0
985 0.6849328811701958 0.4850238580022075 0
986 0.7099099714873125 0.4416895288828744 0
987 1.259267275545248 1.217985344273302 0
988 7.622048149288747 0.4743950107255733 0
989 0.3607677239269547 0.7017219438547073 0
990 6.171066810010259 0.7169664826815896 0
991 5.525840626329678 0.3666136615204343 0
992 0.3871668589311332 1.522993481149984 0
993 2.72861672914265 1.085731366440361 0
994 2.928488785194823 1.085315761058462 0
995 3.128291314130002 1.084773075340129 0
996 5.773498508642654 0.04245797972115671 0
997 6.293645894701971 0.7062255522263825 0
998 0.6349452461303768 0.3985369350191372 0
999 0.5849985843239478 0.398615724347378 0
1000 7.166138570057505 0.5815176878896052 0
1001 6.431385539645177 0.699905017964948 0
1002 5.77512441019454 0.7433470272875008 0
1003 3.251594935669096 0.3432845045818011 0
1004 3.278386714889638 1.170956008972117 0
1005 3.303266837148375 1.127628242961329 0
1006 3.278182982986376 1.084415975568584 0
1007 3.328148814910646 1.084298451724763 0
1008 3.353232685370934 1.127511343927678 0
1009 3.378114889693086 1.084181385362025 0
1010 3.403199506678575 1.127394502448598 0
1011 3.428081019699051 1.084066762456331 0
1012 3.453162374000332 1.127276877743218 0
1013 3.478046334667125 1.083950356417605 0
1014 3.503127480552444 1.127159986181011 0
1015 3.528011744819713 1.08383535071305 0
1016 3.553091994424856 1.127042971136379 0
1017 3.577976918528629 1.083718989037499 0
1018 3.603057046216009 1.126926149193604 0
1019 3.627941955759206 1.083604084674744 0
1020 5.379725980486867 0.3457600339544075 0
1021 0.7348858749250239 0.4849259729282333 0
1022 0.7598435093290746 0.4416147312532218 0
1023 6.575359723198854 0.6860845607159893 0
1024 0.6103128347414243 0.6148129166578188 0
1025 7.584241454216523 0.3832881199904166 0
1026 7.633210527815251 0.3896698446304207 0
1027 0.8857417518799285 1.348754461893088 0
1028 5.624910306676537 0.04329894203163515 0
1029 3.653021149584227 1.1268091343106 0
1030 3.677906602369887 1.083487754858257 0
1031 3.073006866338138 0.04800678103422677 0
1032 6.70156756407234 0.6645365587228317 0
1033 1.930926411547817 1.346921684662372 0
1034 0.7848699770372467 0.4848139754682586 0
1035 0.8097778688508313 0.4415353960330407 0
1036 0.7847551357400497 0.3983316864551786 0
1037 0.8346823801304826 0.3982604802496853 0
1038 0.8597045865899731 0.4414576667063637 0
1039 0.8846038659511769 0.3981905397454921 0
1040 0.9096233360372685 0.4414939654995657 0
1041 0.9345168345459594 0.3981408337515173 0
1042 0.9595317537785545 0.44143943233468 0
1043 0.9844202604329149 0.3980795018139834 0
1044 1.009348251060953 0.4415037058080986 0
1045 1.034299841281513 0.3980342664651995 0
1046 1.059060392889801 0.4416667454979198 0
1047 1.084198961068576 0.3979166765794002 0
1048 1.108994140616896 0.441370441597575 0
1049 1.134035645548326 0.3978990132788502 0
1050 1.15903632908773 0.4412357097619242 0
1051 1.183920997439349 0.3978293755782528 0
1052 0.8096583818641633 0.3550534624519338 0
1053 1.208930337167031 0.4411472641496793 0
1054 1.233783117299482 0.3977585647944733 0
1055 1.258774151591288 0.4408840037678814 0
1056 1.28362823286162 0.3976427338302608 0
1057 1.308604529126147 0.4407701426576127 0
1058 1.333457212126029 0.3975762277085285 0
1059 1.35830101408435 0.4411564973664758 0
1060 1.383260555921023 0.3977178251702612 0
1061 1.358303798232589 0.354422940486273 0
1062 1.408131319113495 0.3543671567927274 0
1063 1.43309859161509 0.397611918095657 0
1064 1.457953247889736 0.35430235986937 0
1065 1.482913405221954 0.397400369588807 0
1066 1.507762363950156 0.3542112173395989 0
1067 1.532707760290275 0.3973026556554116 0
1068 1.557548453988345 0.354154046643066 0
1069 1.582486773695745 0.3972250344363395 0
1070 1.607317626909713 0.3540975160774016 0
1071 1.63224577081534 0.3971501289767699 0
1072 1.657068328926025 0.3540408402974355 0
1073 1.681984508700361 0.3970737042208088 0
1074 1.706793130526458 0.3539877429139578 0
1075 1.731695882701376 0.3969970201256803 0
1076 1.756489929047437 0.3539401151913906 0
1077 1.781395224669862 0.3969257670799261 0
1078 1.806159265403925 0.35388275405384 0
1079 1.831025392463501 0.3968404815152883 0
1080 1.855787131136678 0.3538280225699111 0
1081 6.840466409531622 0.6557585126536891 0
1082 0.3357177305667269 0.6585004055914362 0
1083 1.010003278815434 1.132490158313115 0
1084 1.880643917660742 0.3967525718832595 0
1085 1.905389874318277 0.3537695365662172 0
1086 1.930234744389316 0.3966719937923361 0
1087 1.95496843094972 0.353709694043753 0
1088 0.8860584280633038 1.521612183855447 0
1089 0.8361490970872487 1.521703264602859 0
1090 2.304719868375452 1.3029259119019 0
1091 2.529252720011029 1.259237460947685 0
1092 5.243442925967122 0.3239142724033418 0
1093 0.4122177520919195 1.56620122080967 0
1094 0.4621479178276816 1.565993345016033 0
1095 0.3622710179555124 1.566291606517599 0
1096 7.030254974127738 0.3575559700401592 0
1097 6.983058383608424 0.351337913194308 0
1098 6.141446671851519 1.035089854278768 0
1099 6.980885453244395 0.6417479801285966 0
1100 3.702985631519193 1.126692305593009 0
1101 3.727871052484955 1.083373222171176 0
1102 5.475307913905114 0.04309239908219013 0
1103 7.592018804181079 0.5132073336991816 0
1104 7.640997311393868 0.5199805715800767 0
1105 1.158943704673647 0.3546291836859982 0
1106 1.009310850154875 0.354807950978713 0
1107 0.6099047794857217 0.3553158311607937 0
1108 0.5599480193856138 0.3553950990294151 0
1109 2.953732758302121 1.214987099137403 0
1110 3.752950972676396 1.126576397192185 0
1111 3.777836124915826 1.08325323311554 0
1112 3.802915357330839 1.12645913284067 0
1113 3.827799540787104 1.083140411201928 0
1114 3.323278308144913 0.04730830768571853 0
1115 3.852883247776478 1.126343993985128 0
1116 3.877764281236577 1.08301733917547 0
1117 6.29074512644978 1.017939395087127 0
1118 1.97980118292593 0.396592286862334 0
1119 2.004525778074317 0.3536488972151297 0
1120 3.303064717401326 1.041083286739102 0
1121 3.502947360194458 1.04062314473491 0
1122 3.702830249672023 1.040163369446835 0
1123 7.614204517744384 0.3440058081410954 0
1124 7.131320996828938 0.8934810358894084 0
1125 0.3108146153390737 0.701802905589029 0
1126 6.536149711612208 0.9763936158582572 0
1127 5.096561970325816 0.3043084682412659 0
1128 2.080332586202879 1.346529038934357 0
1129 7.66332756978471 0.3504377439185576 0
1130 1.582475120489681 0.310967431997315 0
1131 2.02504375255155 0.8283233827522646 0
1132 2.000380196550194 0.8710569131638108 0
1133 2.049770152510008 0.8710465862055772 0
1134 2.025069545322706 0.913855582744284 0
1135 2.074519466623663 0.9138585894033563 0
1136 0.8847119098248901 0.7444372039416407 0
1137 0.6112703893780198 1.219768245920794 0
1138 7.819653697708202 0.7859817187834418 0
1139 5.333464930733053 0.0457505988678351 0
1140 1.975639038189168 0.913824426957387 0
1141 6.685524514599707 0.9513421767637773 0
1142 7.337971343882144 0.5640262837680986 0
1143 2.000326286175539 0.9566755122660002 0
1144 1.950849817092963 0.9566267715276948 0
1145 3.852715681932942 1.039812998699895 0
1146 3.902660127855021 1.039691980250702 0
1147 3.927730141138684 1.082901639867252 0
1148 3.952616805116339 1.039581885979875 0
1149 3.977696422831717 1.082786953834706 0
1150 4.002581730905596 1.039467906323916 0
1151 4.027664555504375 1.082671076228294 0
1152 4.052548072193209 1.039354180766245 0
1153 4.077627978115527 1.082556167211778 0
1154 4.102513604676463 1.039239564437997 0
1155 4.127595959306323 1.082442263900518 0
1156 4.152479529677665 1.039126086554357 0
1157 4.177557389065679 1.082325353098079 0
1158 4.202444832439125 1.039003969904386 0
1159 1.830933198710827 0.3108562173912738 0
1160 0.04271659162106874 1.773989629581125 0
1161 3.153560791254203 1.214512085952743 0
1162 1.383163523955196 0.3112043162677269 0
1163 2.679081047121752 1.258885473590432 0
1164 0.5848587253797611 0.312088733341833 0
1165 0.535571480625727 0.312555450321626 0
1166 0.1798415502449362 0.0472686305565707 0
1167 4.227521840862098 1.082208667778247 0
1168 4.252409020538538 1.038895403637147 0
1169 1.706736714766609 0.4402561188006384 0
1170 1.507719688232375 0.4408222833449372 0
1171 0.8111113446915563 1.4785206946532 0
1172 0.7862358420654944 1.521794358946311 0
1173 3.487812129259373 0.2812258179634558 0
1174 4.950310445458044 0.2847348549484088 0
1175 6.83050399324148 0.925777253178626 0
1176 2.029061735476359 0.3971615206159433 0
1177 2.054045912996679 0.3536946123863046 0
1178 2.02923890045611 0.3107029255396982 0
1179 2.078817201443807 0.3106749144214351 0
1180 2.103652976401264 0.3535620035836441 0
1181 2.128399970229415 0.3106182275078777 0
1182 2.153206894845393 0.3535013513154162 0
1183 2.177957532027927 0.3105871979089305 0
1184 2.202757620191509 0.3530519030312121 0
1185 2.227503561554772 0.3104933498062954 0
1186 0.3873252944842045 1.609503430773259 0
1187 0.3373757222293568 1.609597240346227 0
1188 0.3123196959098901 1.566379866710566 0
1189 3.927587902595213 0.9963624280428134 0
1190 4.12748163789546 0.995911508623828 0
1191 5.176052900564851 0.04188237949427712 0
1192 0.8611841406044097 1.564882186244398 0
1193 7.012092554796273 0.3134154453864401 0
1194 6.964603473135234 0.3071556843810512 0
1195 6.935505081425685 0.3452887255725926 0
1196 6.916867206606661 0.3011006871421508 0
1197 7.059516847929844 0.3197317262878179 0
1198 6.887630961193546 0.3393166278260391 0
1199 6.868980750666892 0.2946756702457891 0
1200 6.985051330109963 0.9168214479108161 0
1201 7.644317522309946 0.3047045478961828 0
1202 7.595175634121182 0.2983139079910979 0
1203 0.2857602766273588 0.6585809653218422 0
1204 0.3106685147508262 0.6152735935668302 0
1205 3.528206547573643 1.170373080461153 0
1206 4.27749192062383 1.082095234035032 0
1207 4.302374308862164 1.038769778513692 0
1208 7.693468717725111 0.3110944025207348 0
1209 1.85566559531728 0.4403002255955151 0
1210 4.805560808931139 0.2665218313156523 0
1211 2.252306765466694 0.3529274026059111 0
1212 2.277039419718591 0.3104347073534801 0
1213 1.283639756047116 0.4842739364595883 0
1214 1.133745143412386 0.4850446515827838 0
1215 4.327455567623038 1.081979786383706 0
1216 4.352338487474148 1.038653422038785 0
1217 4.377419431712095 1.081864270906971 0
1218 4.402302234837266 1.038537263633102 0
1219 7.610849252491365 0.5588164921002559 0
1220 7.659911310350982 0.5656980782059978 0
1221 7.690093664290991 0.5264595841545169 0
1222 0.9843490953944676 0.48489961509749 0
1223 0.8604415552039929 1.132841490016792 0
1224 0.6356009571800925 0.8310461270097158 0
1225 5.925886893797102 0.7422330448156393 0
1226 0.2874218396525894 1.609687776621231 0
1227 0.3124796747350695 1.652905429634272 0
1228 6.839487143926009 0.3332543947665155 0
1229 6.820701179529477 0.2886366496066988 0
1230 1.975555375318009 0.9995161423217366 0
1231 1.926034668315544 0.9994686459723066 0
1232 5.023789016648094 0.0425627137719803 0
1233 4.277319995140338 0.9955964632597235 0
1234 0.2623629214602359 1.56646829303413 0
1235 2.301828439828895 0.3532674774464333 0
1236 2.32656176581856 0.3104310799123725 0
1237 3.574999999990708 0.04330127018909563 0
1238 6.791137603214628 0.3271759830075427 0
1239 6.772259824677009 0.2825224820858135 0
1240 6.742377075089772 0.323063535556488 0
1241 6.723731695297404 0.2761023367043994 0
1242 6.693703287084611 0.3171830265340353 0
1243 6.674964943577811 0.2703701223658589 0
1244 0.2607059516726258 0.6153540718438698 0
1245 0.2856172380240881 0.5720616622710053 0
1246 2.351344957113086 0.353291174952841 0
1247 2.376073340961694 0.3104119168199936 0
1248 0.7599223646019253 0.5281146859301425 0
1249 0.3358668593604596 0.7450261275815878 0
1250 0.2859107607236154 0.7451098164145491 0
1251 0.3109639703985674 0.7883333510276126 0
1252 0.2610037547352376 0.78841943728097 0
1253 0.2860603463136774 0.83164378688514 0
1254 0.5100993203130962 0.3555424630052031 0
1255 0.4857399853111377 0.3134694334405587 0
1256 0.4601758744785787 0.3557751742286057 0
1257 0.4351282212336892 0.3133259976362298 0
1258 0.4101062220728259 0.35584670239121 0
1259 0.3850316299726842 0.3126096250427764 0
1260 0.3600959805397742 0.3557978729481591 0
1261 0.3350296445709833 0.3125355823725702 0
1262 0.3101086465846716 0.355834125531896 0
1263 6.645209867250829 0.3090816188072459 0
1264 6.626216618018476 0.2639160978837942 0
1265 6.596280744736104 0.303752730340111 0
1266 6.577367327227297 0.2577426816618855 0
1267 6.547393787258381 0.2976661520503464 0
1268 6.528565988955258 0.2508434749311655 0
1269 0.2850447906523972 0.3125828683758159 0
1270 7.709050869798458 0.5722794140728162 0
1271 7.71248745918566 0.3569166739932151 0
1272 6.49836672249709 0.2909260541249851 0
1273 0.5605955954904935 0.269309114453019 0
1274 0.6099064980523867 0.2688543142698284 0
1275 4.654746242403363 0.243811486779183 0
1276 0.2625223772981409 1.652997474073725 0
1277 4.427383744800617 1.081749210768883 0
1278 4.452267866193701 1.038422596332079 0
1279 4.427184747727944 0.9952075713594881 0
1280 4.477151717619934 0.9950932310448313 0
1281 4.502234220284413 1.038309011384647 0
1282 4.527118899663299 0.9949804862501083 0
1283 4.55219798094116 1.038194846362857 0
1284 4.577085307674945 0.9948671166719848 0
1285 4.602164006177749 1.038081359769789 0
1286 4.62705156648512 0.9947560566585283 0
1287 4.652131831953641 1.037969359462125 0
1288 4.677018014254225 0.9946444113230528 0
1289 4.702098999389317 1.037857010507674 0
1290 4.726983682350946 0.9945319673095639 0
1291 2.203002797803329 0.2674951784483791 0
1292 0.2601252542762805 0.355902940913526 0
1293 3.728074376565647 1.169904687782462 0
1294 2.053982669283083 0.2677010527858049 0
1295 4.152670057092523 1.125653802124805 0
1296 6.479623464471985 0.2444822651113883 0
1297 6.449151331195108 0.2855642783026425 0
1298 7.739202421028403 0.5329770994485915 0
1299 6.945527126637106 0.2629560936263578 0
1300 4.868506268233793 0.0430308641065001 0
1301 0.4104097165205161 0.2712656370403284 0
1302 4.752065591307176 1.037742970933874 0
1303 4.776949023085135 0.9944169283708494 0
1304 4.802028696147874 1.03762966683939 0
1305 4.826913450727885 0.994304042362007 0
1306 0.9095596840225995 0.7012390303146263 0
1307 0.7611986474045069 1.478611607070998 0
1308 0.7363196474717244 1.521886671250524 0
1309 4.002763040371287 1.12599903622801 0
1310 4.85199282990046 1.037516361240564 0
1311 4.876877592147157 0.9941900112372735 0
1312 6.432604005843107 0.2398277608679403 0
1313 6.400761304740223 0.2788508750649571 0
1314 6.385626204262873 0.2253008656478551 0
1315 6.351831433887826 0.2709075217728786 0
1316 7.758248522280556 0.5788133185453612 0
1317 7.62529244511384 0.2589247307364501 0
1318 7.576063925679905 0.2525245683676318 0
1319 4.575209340842621 0.04296688493644302 0
1320 2.275679438761944 0.395868840780902 0
1321 2.400863337346139 0.3532650968004435 0
1322 2.425609172870969 0.3103853559115565 0
1323 2.400797396960281 0.2674935601271236 0
1324 2.450350951239443 0.2674655325221594 0
1325 2.475150770348935 0.3103678741566975 0
1326 2.499903304406089 0.2674654453850824 0
1327 2.524683797409176 0.3115389338274628 0
1328 2.549443335481488 0.2676535480701074 0
1329 4.452068857825837 0.9518746216685927 0
1330 3.729167263376953 0.2243597494495783 0
1331 4.601982926440372 0.9515379573125693 0
1332 4.751882113200148 0.9512085724682812 0
1333 2.574217374853896 0.3117540972147308 0
1334 2.598972994685093 0.2677190657248484 0
1335 2.623838829206592 0.3106227850305874 0
1336 2.648508163608561 0.2675397666168594 0
1337 6.332788624884798 0.2253339943443972 0
1338 6.302631883038019 0.2655808740916611 0
1339 4.466102162654599 0.2122453221729429 0
1340 0.2875823637684505 1.69621440554264 0
1341 7.742682126069313 0.3175193410533286 0
1342 4.735752743234872 0.03887012729001346 0
1343 6.437114836057663 0.9864986327915779 0
1344 6.043630989402546 1.0501921238642 0
1345 0.8597183774042565 0.7013191401025637 0
1346 7.231442437747071 0.8738683152511918 0
1347 7.271603856042781 0.04393142333532758 0
1348 7.476421719150733 0.04132175386143265 0
1349 6.800660957223941 0.2444936730657703 0
1350 1.607279982859447 0.4404339214917253 0
1351 1.954849819936557 0.4397795210984498 0
1352 1.607914257640992 1.218043340181534 0
1353 3.474079628714037 0.0452970553090413 0
1354 2.128168341517233 0.3966892395188454 0
1355 1.408793672467072 1.217986858459131 0
1356 3.22735382224179 0.04387599849486479 0
1357 1.159619391668239 1.218319123462039 0
1358 0.8845218889447053 0.4850132417672809 0
1359 2.224999999994642 0.04330127018909563 0
1360 2.024999999995225 0.04330127018909563 0
1361 2.324997643784817 0.7430639737211473 0
1362 1.824999999995807 0.04330127018909563 0
1363 1.375954389716924 0.04428339474363753 0
1364 1.577796042656614 0.0485982457640029 0
1365 1.741718988953616 1.690013235820338 0
1366 1.499768611648883 1.731319641698463 0
1367 2.142061816981238 1.637166318029533 0
1368 1.945700971093746 1.663997596272681 0
1369 2.20493970846973 1.303145234013738 0
1370 2.338401562254806 1.606361272199293 0
1371 0.959983447098556 1.046355676739756 0
1372 0.3375376064147673 1.696119428744915 0
1373 3.628134085393894 1.170139382314839 0
1374 3.428275723486097 1.17060732335408 0
1375 3.253507849676738 1.214281967804413 0
1376 3.053658899312562 1.214754694485589 0
1377 1.258287670699869 0.8730933772675495 0
1378 2.853814035061501 1.215219927134759 0
1379 5.525000000002663 0.7433012701889817 0
1380 0.9110971743368591 1.564789421747 0
1381 0.8862218616396788 1.60806262293911 0
1382 0.9361362863845919 1.607967163814253 0
1383 4.125000000010402 0.7433012701889733 0
1384 3.925000000010663 0.7433012701894248 0
1385 3.725000000009573 0.7433012701894621 0
1386 3.525000000008458 0.7433012701894621 0
1387 3.325000000007347 0.7433012701894617 0
1388 0.042386168811478 1.523416596279819 0
1389 0.04330070352521857 1.325001712338695 0
1390 3.12500000000624 0.7433012701894621 0
1391 2.92500144088871 0.7433006683866028 0
1392 2.72500254583264 0.7433016791274533 0
1393 2.525003096931543 0.7433019167231323 0
1394 0.04330127018932658 1.074999999997569 0
1395 0.8232790055006844 0.04443024164229468 0
1396 1.407425954514163 0.8728356564628177 0
1397 1.382665993148153 0.9159144318686387 0
1398 1.432353891996681 0.9158207319370562 0
1399 1.407599032908836 0.9589025270481529 0
1400 1.457283560749502 0.9588087148743054 0
1401 1.432523381168922 1.001895561126684 0
1402 1.482215369646832 1.001800139050911 0
1403 1.382811974834871 1.001959403567723 0
1404 7.826929133527718 0.0448058036591855 0
1405 0.04112228623449873 0.8250004058221584 0
1406 7.955592697012561 0.1715012131323278 0
1407 0.5750008391870047 0.04330131004439862 0
1408 0.04330128978943767 0.5750007976069578 0
1409 0.03976971377535659 0.1719236296449678 0
1410 2.775842393431188 1.543204439469478 0
1411 2.586416288576544 1.567713372383869 0
1412 7.570843125937203 0.8148162514071071 0
1413 2.981400816244939 1.509558548798305 0
1414 0.7079442709591643 1.851287496319175 0
1415 3.181255736250518 1.480433079958723 0
1416 3.371290047956821 1.456889751992249 0
1417 3.771362774802368 1.390566646724174 0
1418 3.574691428858324 1.421829428407845 0
1419 3.965820505541343 1.364131609273232 0
1420 0.5121035155296418 1.879455535615087 0
1421 0.8363057920151731 1.608156295482356 0
1422 2.429392399113918 1.259447339554501 0
1423 0.9095038381993139 0.3549274416259958 0
1424 1.059254745337127 0.8735354948320233 0
1425 3.028391614581198 1.085069366281783 0
1426 3.403005496915845 1.040853041854736 0
1427 3.602888508177112 1.040393077186391 0
1428 0.3099639174295583 0.269256315505985 0
1429 0.2599803352363265 0.2693278702048706 0
1430 4.027539847687418 0.9961402219509254 0
1431 2.828530744362472 1.085486957739466 0
1432 2.603851544848674 1.129308494617538 0
1433 2.005054109696339 1.216564398657853 0
1434 0.5609640188427467 0.9607651266996364 0
1435 1.482810497672504 0.3110955709599784 0
1436 1.583087251381627 1.347482309318545 0
1437 0.859877498928122 0.7876468446301157 0
1438 0.6610120988426594 1.133295908183996 0
1439 2.101641615334301 0.6362150260151014 0
1440 1.258739848917758 0.3545039048054364 0
1441 1.50639510291618 0.7006412109931985 0
1442 1.704493218396198 0.7005350665839835 0
1443 1.681996040541938 0.3108804929049674 0
1444 1.782038870464244 1.346923291904207 0
1445 3.346833030907153 0.3194749807722622 0
1446 3.589948112579354 0.2634359770041121 0
1447 7.386287788222458 0.5709786916057477 0
1448 7.356340660435807 0.609361171306583 0
1449 7.404818030725827 0.616339036973325 0
1450 2.025063192709603 0.9995475793056712 0
1451 0.3851406112490913 0.3989657979518527 0
1452 2.302081327532586 0.2677972789029749 0
1453 1.93026157231973 0.3107701882787515 0
1454 7.723618111453623 0.2716612405393989 0
1455 0.04018088389186197 0.374858984314024 0
1456 0.1664245031825329 1.93130738746715 0
1457 7.04128965169152 0.2753559519951357 0
1458 7.089081784611001 0.2816995202571661 0
1459 4.901955689647538 1.037403530766805 0
1460 4.926841628172511 0.9940773403021814 0
1461 4.901761640986675 0.9508606192554289 0
1462 4.951729520754512 0.9507485594776585 0
1463 4.976805527177397 0.9939661497053659 0
1464 5.001697156985859 0.950637417046063 0
1465 5.026773845772381 0.9938548987956555 0
1466 5.051666773293968 0.9513815789375972 0
1467 5.076748431721104 0.9938863227635744 0
1468 5.102206852861756 0.9517656988235138 0
1469 5.126813612308244 0.9938809582333168 0
1470 5.152283568787541 0.9508997886385291 0
1471 5.176811307395527 0.9936615462915448 0
1472 5.201703998667095 0.9511899109096211 0
1473 7.629652912626804 0.6045483142737593 0
1474 0.2360962593197298 0.8317313196717204 0
1475 0.261155032914876 0.8749568119547591 0
1476 0.3111148013658783 0.8748700193889178 0
1477 0.2862127045343695 0.9181796015856581 0
1478 0.3361692594240105 0.9180925779374999 0
1479 0.3112679511624169 0.9613971312718724 0
1480 0.2613108489667806 0.9614900942043845 0
1481 0.2863674488531469 1.004708133643367 0
1482 0.3612230573055893 0.9613106989736905 0
1483 0.9097616691034818 1.820238505988893 0
1484 6.963041518538109 0.5128832129425389 0
1485 7.761708127379739 0.3633979584341183 0
1486 3.827983196577294 1.16966963883812 0
1487 7.070612720838739 0.2369190017205234 0
1488 7.118723440473961 0.2433525855273505 0
1489 4.369011740792873 0.1997126824682501 0
1490 7.374889820696005 0.654641008848696 0
1491 7.326467706841308 0.6471600413669577 0
1492 0.2356481637615002 0.5721250083426225 0
1493 2.673306754542863 0.3103494816479193 0
1494 2.69804774147106 0.2674669204598589 0
1495 0.2376232305155042 1.696309590543938 0
1496 6.283701014759726 0.2195716121694513 0
1497 6.253688662719634 0.2589986683551334 0
1498 6.234557539225305 0.2142829118465004 0
1499 6.204756734165962 0.2523831970730734 0
1500 6.858341442512961 0.3779666663931529 0
1501 5.226689324465085 0.9935997135532758 0
1502 5.252154182686932 0.9514935094738637 0
1503 5.276721008380539 0.9935658619102592 0
1504 5.302209378794963 0.950591412341371 0
1505 0.2364093845206653 1.004803413878123 0
1506 0.2614673375222839 1.048024956196465 0
1507 0.3114272572046593 1.047920159907805 0
1508 0.2865279389317721 1.091245617791738 0
1509 0.2365652439097766 1.091339993354359 0
1510 0.2616287250359001 1.134564107628757 0
1511 0.2359500374497056 0.7451917769642276 0
1512 7.423504443554167 0.6616991853053111 0
1513 4.172504506311007 1.33193562631448 0
1514 6.18557611449868 0.207691334499997 0
1515 6.155746077762463 0.2459830538741186 0
1516 3.823063650712168 0.2041328683121372 0
1517 6.463092995596882 0.200726442775907 0
1518 7.95769074447905 0.6749981221063419 0
1519 4.627248133896811 1.081296670553081 0
1520 6.653914416763335 0.2255357965234772 0
1521 5.326712935229034 0.993335671373661 0
1522 5.351605713087091 0.9508860309624034 0
1523 4.271903014191406 0.1872247438900549 0
1524 7.727996248747425 0.6182037456312348 0
1525 4.302573853118777 1.125305982110527 0
1526 7.027140311105161 0.6379857356684381 0
1527 7.007743103993965 0.6796124541843992 0
1528 7.054464389905598 0.6750806806158881 0
1529 7.035138706154151 0.7178373183136408 0
1530 6.987966438201962 0.7222869898852845 0
1531 7.080505973360681 0.7120476083762429 0
1532 4.527304568560173 1.081522284445185 0
1533 3.673178328924197 0.04602543829086742 0
1534 2.574206534455238 0.2245362442412847 0
1535 2.425544736634607 0.2245209915440314 0
1536 7.788416059857717 0.5395290959894332 0
1537 7.772920421147043 0.278070276733243 0
1538 7.753854799730867 0.2321426728961581 0
1539 2.673249991921806 0.2245469672310537 0
1540 2.722813388619937 0.2245380642593351 0
1541 2.747591943330418 0.2674646564285411 0
1542 2.772375446393649 0.2245634841680166 0
1543 2.797122683916138 0.2674822983225307 0
1544 2.821925708506665 0.22458804109612 0
1545 2.846665207402632 0.2674992106352247 0
1546 2.871465506852811 0.2246288366133559 0
1547 4.569674491280212 0.2393536015215009 0
1548 2.299213983288178 0.5813797426769884 0
1549 1.950767587345724 1.042384014523509 0
1550 1.901237284331887 1.042340555427053 0
1551 1.876508719478009 0.999415643230488 0
1552 1.85170427074385 1.042286362124616 0
1553 1.826986001687127 0.9993606758721294 0
1554 1.802168612637452 1.042233155888641 0
1555 1.777441883002128 0.9992907564251408 0
1556 1.752618853779825 1.042179531931696 0
1557 1.727884260390873 0.999223776081419 0
1558 1.703052347120954 1.042129057337668 0
1559 1.678318662049523 0.9991657915259311 0
1560 1.653466549366051 1.042078031744888 0
1561 0.2849019378878037 0.2259993938734896 0
1562 0.2349143957814226 0.2260792771370921 0
1563 0.3126419520058165 1.739427296153654 0
1564 0.3625934780468318 1.73933153422024 0
1565 7.777274240271685 0.6247537521958848 0
1566 6.136368258214241 0.2027349175424129 0
1567 6.106663856920957 0.2398904111353716 0
1568 6.087660221482574 0.1937940535998124 0
1569 6.057554213792663 0.2332312222979463 0
1570 6.039229698785666 0.185291461841183 0
1571 6.008535699040975 0.2265436606148189 0
1572 1.457452247529554 1.044884996704712 0
1573 1.901798092243894 0.7005185168750288 0
1574 4.17200022610237 0.1794564969600888 0
1575 1.506880428062497 0.9587719123019309 0
1576 0.3355809685857877 0.5720063364387092 0
1577 0.3364971886368129 1.091076375679789 0
1578 2.099285932079279 0.8709742348479665 0
1579 2.124100122145292 0.9139075421452422 0
1580 0.7113126290260726 1.478720272502283 0
1581 0.7361676295651708 1.435430918428543 0
1582 0.6864424701258092 1.522003864934376 0
1583 0.7114452130726698 1.565168333213794 0
1584 0.6615708045189772 1.565290836478889 0
1585 0.6865643262296689 1.608453284020486 0
1586 0.636640954979046 1.608548872716527 0
1587 0.6616750775775767 1.651737776914536 0
1588 0.6117456009191008 1.651830867355669 0
1589 2.896199445399465 0.2675184113576684 0
1590 2.920994132372159 0.2246658903691948 0
1591 2.945722709851665 0.2675373593167065 0
1592 2.970511146557362 0.224675851662178 0
1593 0.5832663228368247 0.2241109614931844 0
1594 0.6344747355247745 0.2252396860113234 0
1595 7.100247683371769 0.1984006706400575 0
1596 7.148500330619877 0.2048810089390028 0
1597 7.166937685439169 0.24989943407981 0
1598 7.196783731315425 0.2113939349038254 0
1599 7.215384427228656 0.2558173324952006 0
1600 7.245192729387519 0.2177859583064154 0
1601 7.263682452251391 0.2631208716940274 0
1602 7.293660323652614 0.2244155119629052 0
1603 7.312331148919616 0.2689974003354806 0
1604 7.342282710742499 0.2308508243730706 0
1605 7.051917076067842 0.19197063741284 0
1606 5.376586494853225 0.9932722657154032 0
1607 5.402071774876624 0.9512025520242281 0
1608 5.426619086191875 0.9932402523299035 0
1609 5.45212870166525 0.950279839416839 0
1610 3.9207651689844 0.1775133928410094 0
1611 4.77714568682704 1.080954546687038 0
1612 4.427538200665249 0.04116619212910001 0
1613 0.2107389467567525 0.6154377897433423 0
1614 0.2099928246928711 0.2694111917596128 0
1615 0.8613455458105764 1.651340434295393 0
1616 7.606235248478968 0.2131213162754342 0
1617 7.557000287236704 0.2067197091240585 0
1618 7.526857795657325 0.2461320355499893 0
1619 7.508205095113277 0.20092231830183 0
1620 5.051859632046633 1.037093826985899 0
1621 0.2125608545813628 1.65308921577813 0
1622 0.2111883461490907 0.8750459593557078 0
1623 5.476608317003522 0.9930077274500843 0
1624 5.501500773114217 0.9496630047467092 0
1625 0.211662732677121 1.134658661730932 0
1626 0.2367287384280607 1.177882739661331 0
1627 2.499368529323945 0.354885196316465 0
1628 5.026833545049555 0.9088342334576931 0
1629 5.177481498171162 0.9103516083267729 0
1630 5.327436962475142 0.9101272768424975 0
1631 7.393406151539026 0.6994907523005268 0
1632 6.78785283107641 0.5290915058795367 0
1633 4.926648146976927 0.9075279124233978 0
1634 5.477465716061652 0.9079362253812286 0
1635 5.527095293575053 0.9068562797956803 0
1636 5.551487498970406 0.9495531182510528 0
1637 5.576067962258543 0.906979531092678 0
1638 5.601293311498602 0.9494828447428604 0
1639 5.626466223787277 0.907275049240323 0
1640 5.651305731899179 0.9494479350366871 0
1641 5.676827222262049 0.9064952541122895 0
1642 5.701342929757937 0.9492379288516949 0
1643 5.725481611993295 0.9063414588827621 0
1644 5.751070339524578 0.949111082230929 0
1645 5.775149581694409 0.9071559280134311 0
1646 0.8845714193907848 0.6581647199369787 0
1647 0.9343989908999795 0.6581908381980495 0
1648 0.6597486487887835 0.2687041921230963 0
1649 0.6846297290501466 0.2253527822365949 0
1650 0.2605646516284725 0.5288442120561871 0
1651 0.2097445412294905 0.5294357968353298 0
1652 0.636789667815941 1.695026978008373 0
1653 0.586855824137236 1.695118593591098 0
1654 0.6867196159765016 1.694932438736269 0
1655 6.761017814032141 0.3667412764478274 0
1656 0.2867253676486169 1.177711500169925 0
1657 0.2617965177154805 1.221091452131587 0
1658 0.2118298036253014 1.221201297388636 0
1659 0.236897615553247 1.264423994956595 0
1660 6.613914181457549 0.3525370673562761 0
1661 2.598994860533791 0.3532031572262602 0
1662 7.45358720317273 0.6228499006733659 0
1663 7.472299184839096 0.6684202498368635 0
1664 6.076461441726367 0.2788595424937412 0
1665 4.075794427711186 0.1684060333830699 0
1666 7.360853753186487 0.276254305275675 0
1667 6.22360309465854 0.2984202910717523 0
1668 6.516078252396139 0.3403660069998455 0
1669 6.370113901824015 0.3188402826915 0
1670 6.557673357785142 0.2132183710560781 0
1671 4.40250116379283 1.125073368062504 0
1672 3.773039938289104 0.04609223232274016 0
1673 2.698027745524937 0.1815595662615298 0
1674 2.846734280223107 0.1819783332272699 0
1675 7.106844735944717 0.3257130832457923 0
1676 7.803203650450836 0.2385620573633795 0
1677 4.324499595465923 0.05131552581196049 0
1678 2.376140382938683 0.3961151517036137 0
1679 0.1876582857615577 1.696404708119428 0
1680 0.2127244396201389 1.739629330603583 0
1681 2.995213673171599 0.2675640545064449 0
1682 3.020021482962819 0.2247075342816461 0
1683 2.995287726836017 0.1817666462222476 0
1684 3.045771526576838 0.1812764363672756 0
1685 3.069728702137637 0.2246719241198432 0
1686 3.09555452622181 0.180726669498297 0
1687 3.119373491933955 0.2246058971982656 0
1688 3.144697352890812 0.1807382112481078 0
1689 5.989630522089691 0.1807497488921684 0
1690 5.959490021877613 0.2204213994673215 0
1691 0.8347174704561074 0.6581983794213256 0
1692 0.8098629860647962 0.7014114456037845 0
1693 0.7848526652152648 0.658271024374662 0
1694 0.759989778536146 0.7015066803049487 0
1695 0.259838956384488 0.1827473163428658 0
1696 0.3088597953654212 0.1839523649753468 0
1697 0.2098483518269308 0.1828278590842912 0
1698 7.015577185861185 0.7609539678770425 0
1699 6.968244496002329 0.7653206648567051 0
1700 5.801062708584277 0.9488463644565783 0
1701 5.82573099031309 0.906819732131703 0
1702 0.2868527871883571 1.264326605514535 0
1703 0.2619666181505009 1.307648265751591 0
1704 0.2119987902143995 1.307748668928521 0
1705 0.2370705512516905 1.350974012654285 0
1706 0.5855420375456492 0.7446374408807298 0
1707 0.1871005472308482 1.351074572170608 0
1708 0.2121732239208333 1.394227344493177 0
1709 3.877958095576402 1.169553339045263 0
1710 3.853083992804846 1.212876434760643 0
1711 3.903037927060245 1.212759440948632 0
1712 3.303467372402247 1.214164161765301 0
1713 3.278589925993279 1.257487298364861 0
1714 3.328546295094899 1.257369488072918 0
1715 3.303672070875823 1.300689309001395 0
1716 3.253696495146619 1.300825889003204 0
1717 3.353623713843436 1.30057179419528 0
1718 2.729027887103554 1.258766571077391 0
1719 2.704156717101156 1.302081333732856 0
1720 2.754103216235407 1.301963478592224 0
1721 2.729231954617962 1.345276671762846 0
1722 2.679286620597575 1.345394573439568 0
1723 2.77917838056436 1.345159519430318 0
1724 2.704362306506992 1.388588779823159 0
1725 2.654417335048606 1.388705793909585 0
1726 0.7354538214264166 0.9172337576861775 0
1727 1.010537652843084 1.391732546409884 0
1728 2.304450241153513 1.129976088986206 0
1729 2.32916672582989 1.086766051890486 0
1730 2.279424213436645 1.086796872233154 0
1731 2.303761536531104 1.043398940784273 0
1732 2.35393911404568 1.043453909664001 0
1733 2.328502461973185 1.000083735927717 0
1734 2.378758809360066 1.000150406796679 0
1735 2.353647528398371 0.956928116704165 0
1736 2.403657945777748 0.9568686573875027 0
1737 2.302361979980292 0.9562541499073649 0
1738 2.252496937553432 1.043293567877123 0
1739 2.378575984083267 0.9135701225565225 0
1740 2.428546562428767 0.9135798081329483 0
1741 2.453629683982059 0.9567649430750498 0
1742 2.478497005829383 0.9134461321353564 0
1743 2.50358754170996 0.9566427435453546 0
1744 2.528456188947604 0.9133129621540741 0
1745 2.553550178352893 0.9565163029647029 0
1746 2.578420367291708 0.9131807952850838 0
1747 2.603515861540162 0.9563884576157374 0
1748 2.628388317497185 0.9130496578975638 0
1749 3.253094814149945 1.041201759553124 0
1750 3.277978226048611 0.9978653101350832 0
1751 3.228003180667281 0.9979843975449502 0
1752 3.252887627231091 0.9546450260992035 0
1753 3.202911175819602 0.9547867205948825 0
1754 3.302863728774042 0.9545276177058298 0
1755 3.277773026493978 0.9113031028197908 0
1756 3.327754478054566 0.9111854415046637 0
1757 4.402097657335284 0.9519900368497264 0
1758 4.426983276035357 0.9086535315682899 0
1759 4.377007329072081 0.9087694546013981 0
1760 4.476958669612633 0.9085384670716357 0
1761 4.876675518790982 0.9076411199406553 0
1762 0.532325809577691 0.2267276741951962 0
1763 0.9104689552151887 1.219128457425756 0
1764 0.7606085428634186 1.046733262454397 0
1765 1.357427485822423 0.700787766227345 0
1766 1.382235416072185 0.6576965279148876 0
1767 1.332505083711807 0.6577666489177568 0
1768 1.357305078943639 0.6146700850537334 0
1769 1.40704804880322 0.6145995928485526 0
1770 1.307563850084108 0.6147387630891193 0
1771 2.653467770207419 0.9562497196974717 0
1772 2.678356480176961 0.9129170570318338 0
1773 2.70341546963719 0.956112417215689 0
1774 2.728325377692998 0.9127849617944037 0
1775 2.753402925208763 0.9559922896078592 0
1776 2.778302031693172 0.9126559050708615 0
1777 2.803402915744473 0.955871836505152 0
1778 2.828284526610092 0.912528804711912 0
1779 2.853384979676044 0.9557447295588899 0
1780 2.878262193945522 0.9123985497179468 0
1781 2.903363810380029 0.9556158582160068 0
1782 2.928240544779125 0.9122691714194708 0
1783 2.953342589496997 0.9554868105686822 0
1784 2.978219619676573 0.9121392725631271 0
1785 3.00332079821488 0.9553574899461379 0
1786 3.028198844979356 0.9120097987912961 0
1787 0.6863386751523032 1.43557564251238 0
1788 0.7111722436589734 1.392240309994757 0
1789 3.053245061679775 0.9552299980846467 0
1790 1.776362424393511 1.08453581451751 0
1791 3.078116027966087 0.9118800923452792 0
1792 0.6116752774235359 1.56539057984103 0
1793 0.4117588872413855 1.306724856867701 0
1794 0.2872648150648794 1.523157487363269 0
1795 1.926216282582655 0.9137803684620259 0
1796 1.925965782866669 1.085282728379199 0
1797 1.975536244225394 1.085317703700056 0
1798 0.237367199801103 1.523281418665575 0
1799 2.149639898863838 0.8702829082065976 0
1800 7.746956584748292 0.6641915380114549 0
1801 1.50693184466465 1.044912892242924 0
1802 1.703153778636944 0.9562641512173295 0
1803 1.653589369594986 0.956202146235402 0
1804 5.94047020007357 0.1747706802674487 0
1805 5.910435850138397 0.214156852260831 0
1806 5.89137786716092 0.1685077012596209 0
1807 5.861349086472743 0.2078637447331302 0
1808 5.929419774587439 0.259805449399113 0
1809 5.201789344917593 1.036788918598814 0
1810 6.474999999995978 0.043301270189336 0
1811 2.772350820621068 0.3103395374701893 0
1812 7.784080659355944 0.1925610712033126 0
1813 7.734722991864004 0.1861477662090352 0
1814 7.827279881822922 0.2896571442818366 0
1815 7.323637364089518 0.1855288789782094 0
1816 2.871357290564546 0.3104171406848497 0
1817 6.308652983745066 0.1785037286807364 0
1818 4.451871396372072 0.8653129745383781 0
1819 3.168856735841078 0.224634643237929 0
1820 3.193682771998424 0.1817636663671364 0
1821 4.901565414906848 0.8651267574990646 0
1822 5.700730558887768 0.8653078470654606 0
1823 4.224999999990048 0.04330127018933561 0
1824 3.970888887350966 0.04202121561541187 0
1825 0.1861268667576212 0.8318151071520101 0
1826 0.1865966796775394 1.09143079310224 0
1827 4.501852143754374 0.8651986543876626 0
1828 5.850798890272834 0.9475489550580924 0
1829 5.875545268708388 0.9057822227291733 0
1830 5.90037009952825 0.9469870093199823 0
1831 5.925106756160241 0.9056418675774043 0
1832 5.850332512257742 0.8657714267461734 0
1833 4.877072776433398 1.08072660554465 0
1834 4.927031358798526 1.08061419301863 0
1835 4.851611230647155 0.8645690229984264 0
1836 7.33049823896296 0.3146665800456603 0
1837 0.3376995413226306 1.782636983246254 0
1838 0.6048749999842215 0.1779612591363986 0
1839 7.372395113588057 0.1920796598711328 0
1840 3.876701589371393 0.04532954981034347 0
1841 3.21827265381891 0.2249080642674773 0
1842 3.243100849085052 0.1820260254727765 0
1843 5.842288056577898 0.1622207414333351 0
1844 5.812298584276538 0.2015872821359311 0
1845 5.831386165330849 0.2471738860406407 0
1846 5.782379075709106 0.2408982786135389 0
1847 5.763265620040221 0.1953450711720978 0
1848 5.733370584314756 0.2346402399511947 0
1849 5.714258779813957 0.1890904553908256 0
1850 5.684359781455647 0.2283766841519363 0
1851 5.665247112194558 0.1828194001945859 0
1852 5.635323718896496 0.2221221816227093 0
1853 5.616165412775062 0.1769994413729263 0
1854 5.586274394498286 0.2159348971137296 0
1855 5.567121559087015 0.1708132341153163 0
1856 5.537191549176424 0.2097803656403825 0
1857 5.949265433861094 0.9478395474110737 0
1858 5.973505361806165 0.9055119716594181 0
1859 7.226488423832262 0.1732228582598682 0
1860 0.04330127018933581 1.87499999999967 0
1861 5.517925328551232 0.1657236417267731 0
1862 5.488157699855823 0.203683940962758 0
1863 5.468961444805631 0.1588515831919843 0
1864 5.439136810149976 0.1973532312012777 0
1865 5.419737395567858 0.1538914198320984 0
1866 5.39004945250767 0.1913009972685328 0
1867 2.174482993665012 0.9132956315438436 0
1868 2.149037298414347 0.9568260913604371 0
1869 2.200314848922088 0.8699110560255565 0
1870 5.351649359772063 1.036239485892441 0
1871 5.69502978716427 0.1458074115192893 0
1872 1.67821704662335 1.085060584797516 0
1873 1.628909605587453 1.085190857317266 0
1874 4.12499999998981 0.04330127018931716 0
1875 5.752465643159984 0.2801377217444947 0
1876 7.081698012360141 0.1532447359642633 0
1877 5.605381146027562 0.2614696469909044 0
1878 6.158897464358617 0.1674443868376053 0
1879 5.676363200443021 0.9924826781184917 0
1880 1.482350420035853 1.087899507345652 0
1881 1.432672662096372 1.087980479899757 0
1882 0.3876465575948199 1.782542690234229 0
1883 0.412510053257319 1.739258610921645 0
1884 1.382112759432887 0.5715730342120017 0
1885 1.431848372550037 0.5715047426002067 0
1886 0.8596314747073862 0.6149948249004371 0
1887 7.487860435671541 0.371417608128519 0
1888 5.458265917798463 0.2427051578868289 0
1889 1.531416087066656 0.8292145538135236 0
1890 7.213303724089908 0.5881463419176629 0
1891 7.18394329116724 0.6259033611090901 0
1892 0.3861185109674235 0.9180096279937781 0
1893 0.4111682218057647 0.9612161861333967 0
1894 2.629343336531935 1.345513178736739 0
1895 2.604475497242547 1.388823828044244 0
1896 2.629548070285852 1.432015008160223 0
1897 2.579607604471832 1.432133156656878 0
1898 2.554535558667386 1.38894423071414 0
1899 2.529669587897821 1.432250539129118 0
1900 2.504598416168126 1.389064529774296 0
1901 2.479734567738147 1.432366184387297 0
1902 2.454665409847598 1.389183920050933 0
1903 2.42980402473312 1.432482788501248 0
1904 2.404736924978777 1.389304718487631 0
1905 2.379880892787545 1.432573678902475 0
1906 2.404943276197394 1.475771753382912 0
1907 2.355023508732617 1.476270625432256 0
1908 2.329959647064135 1.432720018917292 0
1909 2.305109294366887 1.476452651932893 0
1910 2.280054262082974 1.432884668907879 0
1911 2.255203915389348 1.476198479526388 0
1912 2.230154551964825 1.432970362903039 0
1913 2.205309632381395 1.476244571770138 0
1914 2.180260968728922 1.433085488644133 0
1915 2.15542786200097 1.476264228186143 0
1916 0.7610494471621481 1.392156897640617 0
1917 0.7360082396103227 1.348976532334488 0
1918 0.6861318628137743 1.349048721513097 0
1919 0.7109822002116455 1.30579738563733 0
1920 0.7608859376789124 1.305714609125848 0
1921 0.7358557665520964 1.262540050129314 0
1922 0.7857554459174916 1.262454404020925 0
1923 0.760729693107647 1.219286140793137 0
1924 0.7597246290872759 0.3551256366994993 0
1925 0.7846348219609115 0.3118418729580386 0
1926 0.7349856011528484 0.6583566852077466 0
1927 0.8114279504506012 1.651432659726328 0
1928 0.8364705842832684 1.694620034734461 0
1929 0.8863905957304727 1.694526512832917 0
1930 0.3609192520601036 0.7882474529651452 0
1931 0.4851231854654162 0.3988342750414707 0
1932 2.403884159294553 1.04335881076939 0
1933 2.528680240674384 0.9998477452704233 0
1934 2.628601158269614 0.9995924363114161 0
1935 0.1638897697555589 1.308918181155042 0
1936 0.7101204182858784 0.7016004266862019 0
1937 0.7351287307888648 0.7447525727687587 0
1938 0.2851882809516438 0.3991456474917741 0
1939 0.235205252335872 0.3992272542921236 0
1940 0.2621441490380705 1.394156812602841 0
1941 0.5618096067376804 1.651919417716269 0
1942 0.5369750426055494 1.695242238807739 0
1943 0.5619762459663946 1.738416543982592 0
1944 7.720196345599176 0.4873256950502334 0
1945 1.80227094373764 0.9564246195591586 0
1946 2.124788312729411 0.8275532752616579 0
1947 7.502450543200028 0.6294162335833741 0
1948 7.521240988610522 0.6751007126842237 0
1949 2.453406003078245 0.8702492957981955 0
1950 2.553323117801515 0.8699734395892263 0
1951 2.653259947392826 0.8697055529143073 0
1952 2.753207524599064 0.8694416439580981 0
1953 2.85316089837901 0.8691800785978252 0
1954 2.953280259733284 0.8695063503423359 0
1955 3.053069012375294 0.8686593105798901 0
1956 3.103021465522885 0.8685298315641484 0
1957 7.796304046027814 0.6707500686902588 0
1958 7.826636736133571 0.6312600776303545 0
1959 6.940738528421996 0.7265913059850156 0
1960 6.92090647068412 0.7696374905733158 0
1961 0.1626279769575926 0.8750985457608536 0
1962 3.267789546990129 0.2249817853636133 0
1963 3.292596698314153 0.1821437430628568 0
1964 7.18767781757493 0.4182396385403414 0
1965 7.216939788687583 0.3801848937321697 0
1966 3.302660650950701 0.8679579276289424 0
1967 3.352644078506551 0.8678403376626069 0
1968 3.377737703239237 0.9110687770421723 0
1969 3.4026280996627 0.8677233561376539 0
1970 3.427720963172242 0.9109526629076758 0
1971 3.452611971550309 0.8676068146885025 0
1972 3.477704355041388 0.910835582305893 0
1973 3.502595762301594 0.8674902049499208 0
1974 3.527688099820911 0.9107188620206262 0
1975 3.552579523484703 0.8673736390217883 0
1976 3.577671812780278 0.9106022029106239 0
1977 3.602563194940933 0.8672570952794799 0
1978 3.627655432604478 0.910485550936183 0
1979 3.652546753388251 0.8671405501227492 0
1980 3.677638925653044 0.910368895319225 0
1981 3.252676845990658 0.8680772116050961 0
1982 3.702530185509954 0.8670240105912798 0
1983 3.727622295440802 0.9102522312551624 0
1984 3.752513483357198 0.8669074604683076 0
1985 3.777605528036575 0.9101355618537224 0
1986 3.80249664907622 0.8667909027223289 0
1987 3.827588635097872 0.9100188975160943 0
1988 3.852479696594923 0.8666743350306099 0
1989 5.94974187376121 0.8636204036762922 0
1990 5.998355637210868 0.8636677721118109 0
1991 6.021173581748533 0.9066615776633574 0
1992 6.046519303836507 0.8640823758832694 0
1993 6.0695173588985 0.907038715460998 0
1994 6.094511670173797 0.8639961603174909 0
1995 6.118274185454505 0.9056038307580137 0
1996 6.142384768479635 0.8641618793758012 0
1997 6.166347113690787 0.9054422018093684 0
1998 6.190427190028005 0.8641652246790922 0
1999 6.21318470160702 0.9050702084390236 0
2000 6.238332479449285 0.8642011971962879 0
2001 6.262202059016373 0.9055108285503906 0
2002 6.286339482955388 0.8642940035184964 0
2003 6.31115572079549 0.9054719632939421 0
2004 6.334562302447649 0.864329654713279 0
2005 6.262472411951042 0.8228517876618116 0
2006 0.4375111381466914 1.782391617219961 0
2007 7.833279519153661 0.2007359967803352 0
2008 5.576422824522563 0.9926879383880853 0
2009 7.587688434631954 0.167818728196712 0
2010 0.1644898979422847 1.738719672695098 0
2011 0.1881137276950135 1.782779949898213 0
2012 0.1616906911358497 1.134755050061118 0
2013 0.661834006622779 1.737087953648756 0
2014 0.7117654069891926 1.737939054806926 0
2015 2.180465945308947 1.519479991954657 0
2016 2.130577717006175 1.518094317885119 0
2017 2.105560707844074 1.476020921131453 0
2018 2.080703710060559 1.517892754047618 0
2019 2.055688501392834 1.47611329008616 0
2020 2.03084534612531 1.519433314177075 0
2021 2.005821311617145 1.476535286438545 0
2022 1.980997364810536 1.51983005247873 0
2023 1.955983394129649 1.476718748520635 0
2024 1.931160932481096 1.520030034585547 0
2025 1.906150499868604 1.476934609798911 0
2026 1.881339971198382 1.520139227632411 0
2027 1.856319731907941 1.477062766419463 0
2028 1.831523033797923 1.52025272914122 0
2029 1.806504797374299 1.477180507592833 0
2030 1.781711758612051 1.520365334016976 0
2031 1.756711112560579 1.47728497902305 0
2032 1.731906150122008 1.520476562349325 0
2033 1.70690774396448 1.477400313532055 0
2034 1.6820999402139 1.520589593244027 0
2035 1.65710444044471 1.477504295407678 0
2036 1.632291912454009 1.520700416350041 0
2037 1.657294590164167 1.563790587819888 0
2038 1.60747125881757 1.563902656549064 0
2039 1.582467464734491 1.520786653078931 0
2040 1.557641855796349 1.564008229369471 0
2041 1.532638101486989 1.520891337576814 0
2042 1.507805984040401 1.563110045875891 0
2043 1.482757023204091 1.520832448924797 0
2044 1.457958410482149 1.562676951035775 0
2045 1.432824196937641 1.520518321128256 0
2046 1.408099053437994 1.563630595232246 0
2047 1.383040239741443 1.520868285855832 0
2048 1.359571937652943 1.56350133904942 0
2049 1.333457409230922 1.521099106842696 0
2050 1.309004154960978 1.571839564360626 0
2051 1.283522843535625 1.522593693281641 0
2052 1.257869420221148 1.56480435259713 0
2053 1.23343195300372 1.521738392000278 0
2054 1.208547288240856 1.564342890603223 0
2055 1.183613503163617 1.521584867323146 0
2056 1.158770144929953 1.564312290353177 0
2057 1.133761783289402 1.521618266974254 0
2058 1.10890760520425 1.564861199207621 0
2059 1.133950211759868 1.608124551414814 0
2060 1.232959345854404 1.603572851933404 0
2061 1.507356307245376 1.477345328387542 0
2062 1.357994136509148 1.477820493267032 0
2063 1.208482191770832 1.478408309958261 0
2064 1.084203132583109 1.608299631861757 0
2065 1.10870280967922 1.651649722807456 0
2066 1.05926065667084 1.651558670382503 0
2067 1.385062555288753 1.600615244071333 0
2068 1.059342371506977 1.565062319933094 0
2069 1.755381223780623 1.562754121604102 0
2070 1.53528225377911 1.60461255953558 0
2071 0.1645290520504822 1.654296415903526 0
2072 0.1621996440857137 1.394390248950056 0
2073 7.480293904429633 0.2414986861395886 0
2074 5.551890342414098 0.8662805139059705 0
2075 5.547831721421875 0.1238592892105139 0
2076 7.843848251538759 0.6758777594736589 0
2077 7.033182641535484 0.1468199741084575 0
2078 7.490974398848161 0.7142056902975364 0
2079 6.358671828880542 0.9060060486393036 0
2080 6.382510126474849 0.8643915393374659 0
2081 6.358567583874703 0.8230115272448952 0
2082 6.406465172826183 0.82295712591776 0
2083 6.430354059855011 0.8643363688025021 0
2084 6.45427585763173 0.8227858609775135 0
2085 6.478200089518343 0.8627155654794955 0
2086 6.502038767586098 0.8223885318509968 0
2087 6.526037465891582 0.8629919656216889 0
2088 6.549823824895785 0.8223208280234497 0
2089 6.573954553743797 0.8616076722802191 0
2090 6.597761109649149 0.8219599690110236 0
2091 6.525256854264628 0.7789127575960229 0
2092 0.2347741670349469 0.1394927764533323 0
2093 3.328750199209054 1.343888629311362 0
2094 3.378699514248312 1.343770951521916 0
2095 3.403573344638426 1.300456138341803 0
2096 3.143955671220112 0.2676181467442563 0
2097 7.379330881067859 0.3217102667183345 0
2098 6.119201452613532 0.8207687746836316 0
2099 3.878138917941056 1.256096248570848 0
2100 3.82811131584898 1.256225323910507 0
2101 3.928111647482071 1.255964276722938 0
2102 5.370906183585829 0.1457107716255768 0
2103 5.341041007053569 0.1847798687751991 0
2104 5.360131435723676 0.2302072733571476 0
2105 5.311146118351655 0.2239702121716257 0
2106 5.292042287875922 0.1784582144552137 0
2107 5.262177880806697 0.2177488679982923 0
2108 5.243023087324072 0.1726226560354334 0
2109 5.213213000891988 0.2116175862852124 0
2110 5.194038891551683 0.1664952613699252 0
2111 5.164210347225036 0.2054468151764957 0
2112 5.145094633577036 0.1599393726187551 0
2113 5.115247067080407 0.199200907939137 0
2114 5.096112475003402 0.1536699086805212 0
2115 5.066243392916839 0.1930015060013286 0
2116 5.046804492679904 0.1498331881802427 0
2117 5.017160478589194 0.1871843309933316 0
2118 4.996692039070895 0.1379800989444228 0
2119 4.967943490501597 0.1801097609990526 0
2120 4.946549695215221 0.1353515491916064 0
2121 4.91917438030416 0.17442262217593 0
2122 3.172300586962813 0.1364239122544806 0
2123 5.823751650722422 0.9891953314126225 0
2124 6.622012383578864 0.8633766288841864 0
2125 6.645714368900798 0.8219920086689295 0
2126 6.621624382237805 0.780888172154435 0
2127 6.669403999839251 0.7806747897009076 0
2128 6.693473668506202 0.8214468788189638 0
2129 6.71707729112352 0.7803077330679058 0
2130 6.741170751017778 0.8210822719172765 0
2131 6.764732220938709 0.779923473229202 0
2132 6.79099721968206 0.822196131022892 0
2133 6.814999883410039 0.7789124114130592 0
2134 6.84669268207691 0.819177891916994 0
2135 6.020275576171632 0.1349314732992598 0
2136 3.021170248920633 0.1381799679181097 0
2137 1.632479967207106 1.607007255309856 0
2138 1.856799700414892 1.562219754127235 0
2139 4.902155450973071 1.126041897262095 0
2140 7.764938678345549 0.1465374723254037 0
2141 7.715512408145864 0.140093533044347 0
2142 0.1847794643474792 0.138716443630652 0
2143 0.1598542085022358 0.1827672256583735 0
2144 6.788721983730959 0.7385862162237982 0
2145 0.1347841255767885 0.1386307356976805 0
2146 6.382610036882939 0.7818940455658897 0
2147 2.9706293737576 0.1386736180667301 0
2148 7.540043452570883 0.7209097708154819 0
2149 1.951557566507151 1.128754275076551 0
2150 2.281294063058357 1.522266922609942 0
2151 7.07145416568865 0.6365848434618432 0
2152 3.317281019683959 0.2250311778737715 0
2153 3.342093744944098 0.182202389503053 0
2154 3.366651120941534 0.2244308256791666 0
2155 3.391585059214368 0.1822761169852204 0
2156 6.645420465015307 0.7398506057541721 0
2157 6.767324788183122 0.8616655061983436 0
2158 7.924835712056148 0.04109223112549391 0
2159 0.03755235494320202 0.07590839137538802 0
2160 6.995801032896681 0.8043894883791679 0
2161 7.043588231388503 0.7998593854526638 0
2162 2.504798160132938 1.473878498709174 0
2163 3.428648092183924 1.343654039434352 0
2164 3.453521997408805 1.300339900492936 0
2165 3.478595994937671 1.343537985665491 0
2166 3.503471421192118 1.300223598089068 0
2167 3.270951830420561 0.1373237925975511 0
2168 1.084881254667333 1.694317370075369 0
2169 1.032333806928811 1.702417519620118 0
2170 1.133770067727853 1.694789505380983 0
2171 3.366892003581901 0.1393177134901622 0
2172 3.417903112822819 0.13773216146949 0
2173 3.441405828142593 0.1822597261917237 0
2174 3.468342681534692 0.1378890451833277 0
2175 3.491146732504333 0.1821801667460606 0
2176 3.516629115201347 0.1396456604081803 0
2177 2.200019867656966 0.9560477797950911 0
2178 2.17458305268725 0.9998576583110288 0
2179 6.187970865296192 0.946354883716121 0
2180 5.271480024615452 0.1327016186467422 0
2181 1.90184551561482 1.127949647947928 0
2182 2.001721068551185 1.128645097069002 0
2183 6.091740256423275 0.9507783688989242 0
2184 5.405311869306775 0.1030086301603289 0
2185 7.353697440998674 0.1465122551443818 0
2186 7.402601419031731 0.1531031727509604 0
2187 6.884355178360449 0.5421074998796547 0
2188 1.881079645611465 1.433838665823217 0
2189 7.923457459256302 0.7708973712672731 0
2190 2.970460702070919 0.3103669193382211 0
2191 3.019871854856004 0.3103998719434112 0
2192 2.030666370629656 1.43322520711757 0
2193 1.653912737922825 1.129082000395653 0
2194 1.60525382413862 1.129809850684342 0
2195 1.407030270397636 0.5285272061478109 0
2196 1.456937785193985 0.5281297144190872 0
2197 1.481618689337711 0.5713908639052322 0
2198 1.506817425736507 0.5280890453467836 0
2199 1.531359977701063 0.5713145361169391 0
2200 1.556131557857927 0.5283160351311897 0
2201 1.580982458053344 0.5712827954863349 0
2202 1.605747506447759 0.5282655545308723 0
2203 1.630616342144007 0.5712255789681653 0
2204 1.655375992823465 0.528221391372993 0
2205 1.680231760757391 0.5711585127321477 0
2206 1.704975867430848 0.5281787827134701 0
2207 1.729811711491904 0.5710808670997847 0
2208 1.754545816506474 0.5281323144999243 0
2209 1.779365906932962 0.570989972726935 0
2210 1.804479246767827 0.5276754057727571 0
2211 1.828943972303187 0.5708379811820982 0
2212 1.85423500037101 0.5276678400426963 0
2213 1.878457061193695 0.5707636234314262 0
2214 1.903093085573895 0.5280122578416748 0
2215 1.927783156857024 0.570744045077915 0
2216 1.952408846713107 0.5279653910863663 0
2217 1.457678280245383 1.130945783223896 0
2218 1.408104707728155 1.13121505223072 0
2219 1.853709045638163 0.6136459693675188 0
2220 2.254994888731046 1.389694658839964 0
2221 2.425595208258603 0.3960815453636371 0
2222 2.400107156816432 0.4394211456079027 0
2223 2.450130407750447 0.4389284568823832 0
2224 2.348997508317906 0.4406662040159342 0
2225 1.731719683972893 1.434220865571169 0
2226 2.228466174665479 1.087318496765357 0
2227 0.4360597196939761 0.9179273928283995 0
2228 1.754665639284176 0.6139343255400089 0
2229 3.752714996743 0.9534783270685783 0
2230 0.3867141570451185 1.26352290120997 0
2231 0.4116091825046791 1.220231726778993 0
2232 1.655484892585867 0.6141327109411933 0
2233 0.8098275185433426 0.5280412245927131 0
2234 0.3119156634807698 1.307548369702872 0
2235 0.411013952456231 0.8747104349274429 0
2236 2.479528386443818 1.34588405568922 0
2237 0.4610998683000256 0.9611262264121541 0
2238 0.4362146838879817 1.004413876500579 0
2239 0.4861768417979054 1.004242971446155 0
2240 1.556187245238203 0.6143466567418924 0
2241 4.85219403152818 1.126507264307544 0
2242 3.952990128222572 1.21264492849054 0
2243 3.978066086099162 1.255846183306053 0
2244 0.9598093260456495 0.9600262386030405 0
2245 4.452461375534562 1.124959361844201 0
2246 4.427582186446205 1.168279042039052 0
2247 4.477535208163403 1.168164767663417 0
2248 4.377569659524202 1.168404150614716 0
2249 0.2378360446527306 1.782817543574418 0
2250 0.2129458838922979 1.82613370870234 0
2251 0.1629865398192388 1.826231172999278 0
2252 0.2628679978265561 1.826488685012972 0
2253 2.804052852698956 1.301848261911722 0
2254 2.82912484701037 1.345043982993424 0
2255 2.804252608050112 1.388355776230356 0
2256 2.85419859738046 1.388239254047255 0
2257 2.879070618368355 1.344927689104764 0
2258 2.904144572499336 1.388123111972535 0
2259 2.929016786335691 1.344813370077449 0
2260 2.954091140088501 1.388007337932634 0
2261 2.978963464070915 1.344697384451187 0
2262 3.004037989395165 1.387891293000058 0
2263 3.028910389425626 1.344582477077321 0
2264 3.053985044309103 1.387775280206447 0
2265 3.078857413602405 1.344466468884195 0
2266 3.103932078910017 1.387659047111071 0
2267 3.128834631564031 1.344368756289342 0
2268 2.829326702244723 1.431550228610643 0
2269 3.157769036982187 1.395983516332944 0
2270 2.779383066815024 1.431666794786762 0
2271 4.002941797693575 1.212530735365493 0
2272 4.028016523522211 1.255679593526035 0
2273 4.052892132867371 1.212407539600815 0
2274 4.077966467444868 1.25555444066328 0
2275 4.102841816375817 1.212291037495488 0
2276 0.4105710254065412 0.6151311929487215 0
2277 0.8345732182966052 0.3117665886617561 0
2278 0.8095394363533222 0.268549887683566 0
2279 0.8594891090845924 0.268477274680057 0
2280 0.8344579943490072 0.2252577091466977 0
2281 0.8844103930316548 0.2251836124161339 0
2282 0.8578148736929163 0.1804815680722641 0
2283 0.9090675486816659 0.1816404337548889 0
2284 0.9343233262967519 0.2250725056906857 0
2285 0.9592320949223173 0.1817721401955157 0
2286 0.9842995514993956 0.2250295732929535 0
2287 1.008503771972463 0.1821587086167791 0
2288 1.034136211206226 0.2250381639166835 0
2289 1.056667370963668 0.1807652893886597 0
2290 1.083760916446646 0.2247573740622939 0
2291 1.106968816119212 0.1800303636167592 0
2292 1.133697587479226 0.2245404619424369 0
2293 1.158310014406196 0.1806923956358165 0
2294 1.183855923931802 0.2245664771541901 0
2295 1.207934955367382 0.1804372991787239 0
2296 1.233761528972482 0.2244801122281329 0
2297 1.258090685997489 0.1808911570907525 0
2298 0.8061966287696467 0.1818651639984197 0
2299 1.283656248308826 0.2245700749337828 0
2300 1.308608171795116 0.1812628244151719 0
2301 0.9842025768351979 0.1385271414014405 0
2302 1.129831021598872 0.1353074716137536 0
2303 1.283033845552038 0.137730449221123 0
2304 1.333530031682324 0.1373105041453054 0
2305 1.358627180622313 0.1811470972872339 0
2306 1.383562104572062 0.1371806872009428 0
2307 1.408582735678297 0.181063337795704 0
2308 1.43349963121823 0.1371097890522725 0
2309 1.458511010850562 0.1809919054681184 0
2310 1.483411158892409 0.1370458698528162 0
2311 1.508416536657144 0.1809232797631468 0
2312 1.533312385725615 0.1376798614770696 0
2313 1.558317371110793 0.181018671788811 0
2314 1.583207643239843 0.1384093881345704 0
2315 1.608204882990353 0.1810624803731986 0
2316 1.633095613487761 0.1384949077725242 0
2317 1.658088904208799 0.1810372766746923 0
2318 1.682974032220187 0.1371277643172991 0
2319 1.707965415077463 0.1807558512936219 0
2320 1.732844910984422 0.136812641409597 0
2321 1.757836582267689 0.1806046835150095 0
2322 1.782706103042832 0.1366914522622642 0
2323 1.807686837991419 0.1805108454259062 0
2324 1.832554697420943 0.136614837605582 0
2325 1.857530045571289 0.1804321683728585 0
2326 1.882392916592848 0.136542539121575 0
2327 1.907362516641054 0.1803562665441957 0
2328 1.932221012153886 0.1364759977402354 0
2329 1.957147061284958 0.1802727792074986 0
2330 1.982033359869114 0.1364020178023957 0
2331 0.8796610378096661 0.1344954234802539 0
2332 1.732951643581311 0.2239182050354472 0
2333 2.006960912050262 0.1801596860341123 0
2334 2.031842528891226 0.1363277329372146 0
2335 2.056806405699317 0.1800879781844021 0
2336 2.081651348964769 0.1362522037616288 0
2337 2.106613081201074 0.1800489748536238 0
2338 2.13144864939007 0.1361891877861544 0
2339 2.15635844916171 0.1799595076555258 0
2340 2.181229378888157 0.1361100754952138 0
2341 2.206134463741884 0.1798815820385073 0
2342 2.231008481087208 0.136038940082211 0
2343 2.255607832058883 0.1802704697374628 0
2344 2.280734950845129 0.1367686663899675 0
2345 2.304241672528589 0.1812084929512982 0
2346 2.328955582427143 0.1361588656050095 0
2347 1.059268776046968 0.2681761679956201 0
2348 0.2101410869867626 0.3559820815863728 0
2349 0.1852201934852565 0.3993117094065932 0
2350 0.1601537947340362 0.3560641461388298 0
2351 0.1353430394533078 0.3994602296451173 0
2352 4.952018017156931 0.8671371441645049 0
2353 3.178026701437501 0.9981057108145525 0
2354 3.47839870040711 1.257025849194426 0
2355 3.528346562035889 1.256909776951553 0
2356 3.553421830898114 1.300108520825396 0
2357 3.578296986287721 1.256794621101742 0
2358 3.60337168297902 1.299993762441374 0
2359 0.2124097816495783 1.566564030328583 0
2360 0.1874281542190829 1.523442578309701 0
2361 2.354619944717981 1.302815444933673 0
2362 3.628247260315137 1.256680732700533 0
2363 3.653321332004355 1.299878475158793 0
2364 3.678197153718104 1.25656608288482 0
2365 3.703271010230134 1.299763292652684 0
2366 0.6598573487202228 0.3552388486267777 0
2367 0.1865158019468549 0.9183593768220476 0
2368 2.903951695476437 1.301620625727468 0
2369 3.728146675934967 1.256452229729577 0
2370 3.753220486335859 1.299493015802364 0
2371 1.332949025730322 0.9159784870132699 0
2372 2.130241751765908 1.34639502482037 0
2373 0.9594020795623511 0.2683363247259614 0
2374 0.1624442430907848 1.566667186916129 0
2375 3.003853129937835 1.301390860099547 0
2376 3.452808764665333 0.9541772969675739 0
2377 0.8600300299987416 0.8739154354092651 0
2378 3.103741918902839 1.301159064862987 0
2379 3.153737229147523 1.301074807432515 0
2380 1.702743861330253 1.128027530339478 0
2381 3.87756236421366 0.9098969131186424 0
2382 3.902461091881714 0.866556884395506 0
2383 3.927543447918201 0.9097792014846147 0
2384 3.952443351978133 0.8664399971716654 0
2385 3.552773834699445 0.9539430213230543 0
2386 3.977524817322307 0.9096617293009184 0
2387 4.002425699221601 0.8663232577698393 0
2388 4.027507128876105 0.9095448593113199 0
2389 4.052408102519862 0.8662066346081334 0
2390 4.077488486908599 0.9094275328108746 0
2391 4.102390235148964 0.8660899617715041 0
2392 4.12747051842388 0.9093106768267823 0
2393 4.152372306076627 0.865973354795485 0
2394 4.177464315230262 0.909200340842377 0
2395 4.202357215709914 0.8658588582335121 0
2396 1.382984643328321 1.088095019680796 0
2397 1.358333321336257 1.131387886764555 0
2398 1.333236239738473 1.088189444159424 0
2399 1.308438728498477 1.131324543474771 0
2400 1.283450476297673 1.088242886295911 0
2401 1.258681360457874 1.131366024925343 0
2402 1.233674754868887 1.088321095286727 0
2403 1.258478467906648 1.045168890820345 0
2404 1.208701032984128 1.04525605673636 0
2405 1.183882767102134 1.088412273992818 0
2406 1.158909772155433 1.045338545946563 0
2407 1.134116579926905 1.088487153722142 0
2408 1.109147687952091 1.045398443150626 0
2409 1.233515080943409 1.002107604336104 0
2410 1.133940467820463 1.002248348595569 0
2411 1.084187697184472 1.002352603695994 0
2412 0.1603016568308447 0.442645781635095 0
2413 1.333339609950243 0.3112762432660334 0
2414 4.227420129941061 0.9091038998615418 0
2415 4.252334052026319 0.865745003408299 0
2416 1.681977343864133 1.606694055677348 0
2417 3.652739599302803 0.9537086469878938 0
2418 1.209049698154267 0.2679283296789329 0
2419 0.8106212678029504 1.219210179259854 0
2420 0.7856000024167905 1.176050182295409 0
2421 0.8356638904422518 1.262378740414621 0
2422 7.697669677722189 0.6576320128649079 0
2423 7.716614687343418 0.7036365012405167 0
2424 7.667411543359181 0.6948027850651162 0
2425 1.282771398200792 0.6578375908651575 0
2426 1.257808565940429 0.6148077313986312 0
2427 2.02538905967381 1.085399599490954 0
2428 2.049976971006473 1.128316462503572 0
2429 2.07556278630964 1.08591087843706 0
2430 2.678668094162126 1.085885606629434 0
2431 1.232999601601001 0.6579213107946775 0
2432 1.208090331357743 0.6149037991442317 0
2433 1.183213131189242 0.6580245550405034 0
2434 1.158338670655959 0.6149317374085445 0
2435 1.232862421351748 0.571729802463232 0
2436 1.283283622338125 1.002042110159638 0
2437 1.4334874151919 0.2243993419493858 0
2438 2.778447507630029 0.9991809997226437 0
2439 5.036664766320749 0.22975806893753 0
2440 2.878416496747505 0.9989553901294794 0
2441 2.978420994430545 0.9986944884896479 0
2442 1.533429097733229 0.224265415746083 0
2443 6.595537723769186 0.9079965349496434 0
2444 0.4613062344797269 1.047509976082879 0
2445 2.004906269178865 0.2675807317077674 0
2446 1.133459806009712 0.6580890505059674 0
2447 1.108580354104 0.6149430451464696 0
2448 1.083698246579066 0.658139709534766 0
2449 1.058653739686469 0.6150785277887622 0
2450 1.08361538211457 0.571822890641128 0
2451 1.033675252551754 0.5719592699474245 0
2452 1.033839979592413 0.6582479692547439 0
2453 2.648456678437648 0.1816077424188228 0
2454 2.673898124665862 0.1389344893553653 0
2455 2.625927662889015 0.1382153639790701 0
2456 2.723019735533477 0.1385972556467891 0
2457 1.63321229731055 0.2241191230471316 0
2458 4.277307528079913 0.9090324029910732 0
2459 4.302235249595904 0.8656840599183664 0
2460 0.6852429397015821 0.7448397514659681 0
2461 0.710263924950043 0.7879983140982127 0
2462 0.7601426923815007 0.7879074484285045 0
2463 0.710835057998655 1.219369238172346 0
2464 0.6611118639853117 1.30590585653551 0
2465 0.6363053435552951 1.349229102873919 0
2466 1.059437312458749 1.045663616994176 0
2467 1.877189366070132 0.8283438502427868 0
2468 7.304852829309993 0.1399738809834272 0
2469 1.109048462140056 0.9592331175527448 0
2470 0.6602740068289572 0.7015624937041626 0
2471 0.5120222911390601 1.652185642731272 0
2472 7.483697693938423 0.5839167869682481 0
2473 1.059334940200015 0.9594384790873974 0
2474 1.882483020579877 0.2236547149075129 0
2475 0.5369550123860038 1.608831492166187 0
2476 1.158840897037796 0.9591765135385895 0
2477 2.124176778357321 0.9998267423767393 0
2478 2.148868042335005 1.043012647037858 0
2479 7.231461275306371 0.6325032822663333 0
2480 7.201873615752622 0.6705941615633948 0
2481 6.838102322587879 0.7372970021109884 0
2482 5.183651688719168 0.2484173776107225 0
2483 7.003599150865192 0.1855840184506026 0
2484 6.984585891590276 0.140489234073644 0
2485 6.954959661150461 0.1793318386403831 0
2486 6.93588188415701 0.1343330230686602 0
2487 6.906024485408827 0.1731316118757452 0
2488 0.9607090632309379 1.564616153817127 0
2489 7.264337414070452 0.3859251725230696 0
2490 1.604723315956026 1.042965558366623 0
2491 1.956170626968213 1.563137895926887 0
2492 5.451624587812817 1.036247683805303 0
2493 5.501569742766166 1.036103749819899 0
2494 7.57022486634985 0.6817200086758373 0
2495 1.678623753197665 0.9134249528837566 0
2496 1.72799094118996 0.9133753688923533 0
2497 1.629365431836244 0.913451410804887 0
2498 1.507094455648317 1.131013743869283 0
2499 5.330492923535962 0.2671229022854666 0
2500 1.604560975553518 0.9568600066383866 0
2501 1.580385553501935 0.9145532921659535 0
2502 6.973121439885114 0.4327856653971806 0
2503 7.094647491829884 0.4075867531565689 0
2504 4.951943216598867 1.124078139790437 0
2505 7.594321695592197 0.7324770784687041 0
2506 4.277620291611877 0.8226397535464558 0
2507 5.97666107931864 0.8219232785555184 0
2508 7.249448617219965 0.6772862674934298 0
2509 7.219919322275413 0.7154875505347973 0
2510 7.267838633510006 0.7221961204164695 0
2511 7.238579805795419 0.7580872588583132 0
2512 7.190055532666993 0.7534101021448989 0
2513 7.286666686267032 0.7671614216037399 0
2514 7.873784293546775 0.6372560255801736 0
2515 7.856608646949811 0.5916294099278085 0
2516 5.872254569525383 0.1231215985110699 0
2517 2.929217718702577 1.431319126345494 0
2518 3.077000113076308 0.825795974370562 0
2519 3.126833087708676 0.8257710161453501 0
2520 3.152744009622586 0.8685130079771884 0
2521 2.380163437737981 1.519125090180908 0
2522 3.276772331739796 0.8253644720210476 0
2523 0.1304656080960647 1.521995060152074 0
2524 3.176698112169666 0.8257086733681256 0
2525 4.876718266190017 0.823822146762015 0
2526 3.376723244055992 0.8251537856583108 0
2527 3.476702042488936 0.8249613198109562 0
2528 0.8615109086325912 1.737273906506903 0
2529 0.811599414578223 1.739173647863647 0
2530 0.9104431302046307 1.736493566265097 0
2531 0.9360853004951925 1.694286937096715 0
2532 0.9587646034399435 1.7361915813684 0
2533 3.576680399119207 0.824769456985559 0
2534 3.676658943106416 0.8245778142621468 0
2535 3.776636677166992 0.8243861004059042 0
2536 3.876613330196198 0.8241941328068938 0
2537 3.976589905548264 0.8240022375874242 0
2538 4.07656644712872 0.8238106727313006 0
2539 1.97712811045198 0.5699178229868096 0
2540 2.001736949290431 0.5277921714128668 0
2541 2.026464045631141 0.569696978556164 0
2542 2.051075771523867 0.5276901169220312 0
2543 4.176543582879191 0.8236197459468686 0
2544 3.394884250741677 0.09326574059965502 0
2545 1.658114605715071 1.649703245518613 0
2546 4.47676370048014 0.8227175537109926 0
2547 4.42726231089343 0.8224872580899556 0
2548 3.027021446350448 0.8260861366790505 0
2549 7.184944407837675 0.2931686164113764 0
2550 0.1368998883645952 1.091681307562479 0
2551 0.1615784977781033 1.048234098674838 0
2552 0.1380366097996779 0.9153244964549849 0
2553 0.1378712710728188 0.8348572877576359 0
2554 0.161351362028967 0.7890694240880898 0
2555 4.327203098254085 0.8231276127347806 0
2556 2.995771612758582 0.09576348676953592 0
2557 4.899503535813142 0.129710120915585 0
2558 4.870023220357051 0.1683418479278627 0
2559 4.850704063413502 0.1243323914935678 0
2560 4.82099207378094 0.162299363039037 0
2561 4.801685852864669 0.1181264593477648 0
2562 4.771957974903587 0.1561267676715921 0
2563 4.88958849340754 0.210997800159486 0
2564 2.699000816610827 0.09543944668269766 0
2565 2.604679950569168 1.475323435625916 0
2566 1.308661221368484 0.09489371042416911 0
2567 1.656148939124049 0.09400909700079851 0
2568 6.886932313026968 0.1288906195633882 0
2569 6.857511482616401 0.1668502487833033 0
2570 6.838091256141647 0.1223468603362455 0
2571 6.808594913784593 0.1605126511816029 0
2572 6.788937092112409 0.1171258789455043 0
2573 6.75910687991224 0.1545415648638962 0
2574 4.452657128469029 1.210747212092995 0
2575 5.92651953252134 0.8224222479165078 0
2576 3.539699560434067 0.1820648564647478 0
2577 3.565203089068995 0.1386487582635339 0
2578 3.589235514867978 0.1817580758317315 0
2579 3.614559714525589 0.1385111338202475 0
2580 3.639525889344562 0.1822021700970112 0
2581 3.664197885699596 0.1396487173381295 0
2582 4.527221064793874 0.8230002281270546 0
2583 4.551912091480926 0.8652754369776636 0
2584 4.577295806335467 0.8222358090505639 0
2585 4.601924824764958 0.8650860087447148 0
2586 4.626829224408864 0.8225053268045726 0
2587 4.651842239425115 0.8650252000350555 0
2588 4.929258674686295 1.169896287987197 0
2589 4.677223828079571 0.822750477283719 0
2590 4.701878777152043 0.8649780897082602 0
2591 4.727283517309608 0.8219329484609335 0
2592 4.751855918517447 0.8647760825133273 0
2593 4.776758449455408 0.8222225857060131 0
2594 2.102016138672508 1.129800014967692 0
2595 5.075488155939377 0.1067748499525189 0
2596 7.345445447729618 0.3577041881126989 0
2597 7.147176514356697 0.6623452763313522 0
2598 0.1192026693315378 1.568564530794902 0
2599 6.334557408020206 0.7833010786099442 0
2600 0.3620584539156091 1.824890117534885 0
2601 1.927812036039271 1.172308449587353 0
2602 2.654619372256974 1.473896947062151 0
2603 2.027091616890453 0.4847499893064496 0
2604 2.075693034308871 0.4851148089846489 0
2605 2.100403278258576 0.5277853082475349 0
2606 2.125026366515867 0.4850870486839784 0
2607 2.149416945871768 0.5276050105805921 0
2608 2.174289172371336 0.4850325201617056 0
2609 2.197930979421314 0.5266942677953167 0
2610 2.223444769859296 0.4838977548194822 0
2611 2.200200826212777 0.4396979827138336 0
2612 5.821615951361192 0.120131807359171 0
2613 4.127912818227024 1.254114910494671 0
2614 4.152790441611319 1.21195804712972 0
2615 4.177861860483619 1.254039757333766 0
2616 4.202738978329391 1.211811518402463 0
2617 1.780463291782353 0.4839500845856569 0
2618 6.460367324235372 0.908781262462416 0
2619 5.919092059312929 0.9950485613784827 0
2620 5.974533299647705 0.9907829865954181 0
2621 0.1135632204446737 0.7941112992878328 0
2622 0.1364629615509229 0.7463204343582063 0
2623 1.432663191888844 0.4846630472377803 0
2624 2.057863529956472 1.565847879789369 0
2625 2.131577124351831 0.2233043897551938 0
2626 1.058602257629395 0.528801823065946 0
2627 1.333771561292151 1.174876077754736 0
2628 2.430014788932122 1.517341076550276 0
2629 1.159067891588527 1.131587162443431 0
2630 1.109363906814184 1.131702727066008 0
2631 1.110963249669085 1.743904124503958 0
2632 0.7599427247558004 0.6149111479125899 0
2633 0.7100728575588318 0.6149516207432988 0
2634 2.10540240675275 1.389592642576147 0
2635 7.49735279159786 0.2853479667138953 0
2636 1.358353742433881 0.2679864968163894 0
2637 2.329768397913428 1.346089921653809 0
2638 0.4859993495125092 0.9178147471712774 0
2639 0.4113358698873466 1.047684471364566 0
2640 0.4364131230270663 1.090789457780651 0
2641 4.976959828782819 1.080545577713793 0
2642 5.001862813315741 1.123087925469185 0
2643 3.353430307113308 1.214047476178593 0
2644 4.202460215018878 0.9524646133034773 0
2645 4.077785609759354 1.169093135600269 0
2646 3.852649277343256 0.9532421103878311 0
2647 4.676896224906226 0.9080906799493673 0
2648 1.457098774097408 0.8727263047500338 0
2649 0.7366359968272295 1.694793281230219 0
2650 0.734709249215348 0.3118956745346756 0
2651 0.7863859798344437 1.608247252173717 0
2652 4.352163926156155 0.9521372496122652 0
2653 4.82672864478397 0.9077953310263991 0
2654 0.5121848539454943 1.738685346135757 0
2655 0.5370998234025334 1.781722069563659 0
2656 0.5908429831923458 1.786924384047146 0
2657 0.1617019731913126 0.9611577863616777 0
2658 0.1140332776099029 0.9559904729327535 0
2659 3.027887297194892 1.428897278343834 0
2660 2.70354230953543 1.042566102076459 0
2661 0.561091323127837 1.047125696873795 0
2662 0.260322830305774 0.4424469994706164 0
2663 0.3102946948939304 0.4423667629946365 0
2664 1.158439283987479 0.70113196396993 0
2665 7.655355381270827 0.2194482315672104 0
2666 0.7353083118028494 0.8311019454077756 0
2667 0.7851880939237411 0.83097395151287 0
2668 0.3617021345358335 1.220480238135875 0
2669 0.3866310861386098 1.177150621065722 0
2670 0.4365442003872862 1.177030515153652 0
2671 3.152934094441852 0.9548845792113461 0
2672 3.128066264264292 0.9982344625928065 0
2673 1.357628302704422 0.5283911827742989 0
2674 1.258367199831771 0.9590492065764251 0
2675 0.6113176806244929 1.306102084416101 0
2676 0.262316669950742 1.480098946780061 0
2677 0.312256239260983 1.479980486252198 0
2678 0.1872982276224672 1.437494312094593 0
2679 0.1372983658077158 1.437733156917131 0
2680 7.731465225856274 0.4027212511490314 0
2681 7.780743594961452 0.4092282120164393 0
2682 7.809088863438676 0.370655604127911 0
2683 7.828973489201815 0.4162722624397115 0
2684 7.862450939311188 0.3744168734439435 0
2685 4.502604095164449 1.209257395883645 0
2686 4.52748461278516 1.167700706574554 0
2687 3.90322762945386 1.297989628785463 0
2688 0.9855452059831715 1.608224217960582 0
2689 0.0849622367900577 0.7480159768848917 0
2690 0.1128323465550976 0.7009956355139073 0
2691 0.1613178621526015 0.7020050596898947 0
2692 0.1358629620541498 0.658749508153935 0
2693 7.799723931354964 0.455313119363445 0
2694 7.845442402014882 0.4629063961399806 0
2695 6.965167434167363 0.09187962585553619 0
2696 2.425643451739699 0.4815819727500406 0
2697 7.532569509484113 0.5903475420853473 0
2698 7.513703385529033 0.544832252615527 0
2699 1.703763065063321 0.8706744041086449 0
2700 7.260667847787424 0.594700817079544 0
2701 2.124490682500643 0.7430158177340808 0
2702 7.024986595248465 0.8428568365984189 0
2703 6.877266866468167 0.2121441195123123 0
2704 0.1138786449843779 1.397216195497011 0
2705 6.335617883403629 0.9471944422907321 0
2706 7.510269810488753 0.7583655138757179 0
2707 7.463600912319191 0.7528585058938386 0
2708 2.376342649898628 0.2248028518216953 0
2709 2.400904612818624 0.1816656938846107 0
2710 2.450410135849234 0.1815212855108695 0
2711 2.425182109655184 0.1374639962090418 0
2712 2.474917274320749 0.1370582836880908 0
2713 2.500131518387817 0.1815158020874176 0
2714 2.524843603569707 0.1382227942222951 0
2715 6.36138428438434 0.7426761760986491 0
2716 1.949758110069747 0.6135486335760026 0
2717 7.315615683645264 0.7291467185949347 0
2718 7.331511496757135 0.7735332862474936 0
2719 3.292148632204724 0.2644184431539869 0
2720 7.248748396451525 0.3421094221357791 0
2721 7.407601106693514 0.2800501292169692 0
2722 4.929929649196998 0.08941757994627234 0
2723 0.113957896494236 1.048658070253927 0
2724 7.170754257859381 0.3749930579498784 0
2725 7.063955915697179 0.1095374705959607 0
2726 7.113115733865887 0.1175763606374339 0
2727 3.625082087824334 1.341395701054683 0
2728 0.1079417124952046 1.13039939957044 0
2729 0.1293844625546368 1.178533957224656 0
2730 4.302544926049856 0.7816479141024377 0
2731 4.452300003220748 0.7814710971406775 0
2732 7.210495665661685 0.799258604406583 0
2733 7.159218154460856 0.8010953290571958 0
2734 4.602346651290718 0.7812816577127306 0
2735 4.752361665311976 0.7810738189337629 0
2736 5.174696511023635 0.1211869469571731 0
2737 5.848674807243572 0.08231291185206864 0
2738 7.071876493204057 0.8364100145640991 0
2739 2.4079417624169 1.557249145896205 0
2740 2.246609023289333 0.524695387266517 0
2741 2.272600789547241 0.4833601902618328 0
2742 0.07067572043813004 1.948823484611762 0
2743 2.472914048581322 0.482722523205252 0
2744 2.498015026539969 0.440636997527849 0
2745 4.752482669308604 0.1130602742747392 0
2746 4.722533968294244 0.1527106362641225 0
2747 4.742106231836448 0.19515218454065 0
2748 4.701710906621637 0.1063413947665108 0
2749 4.673313052920867 0.1458927241476821 0
2750 4.65129282717059 0.09585217219925768 0
2751 4.62417590391593 0.1369232415364246 0
2752 0.112678667523918 0.4463249096270132 0
2753 0.1362711317100788 0.4886154575846307 0
2754 5.950154367226702 1.033655090299065 0
2755 7.395612373866351 0.3661234182392066 0
2756 3.124142674637711 1.433820623775524 0
2757 2.149141756429953 1.558587612147127 0
2758 0.1122879552455004 0.3550637927839276 0
2759 0.1354411228919918 0.3126376994360965 0
2760 4.225576251195045 1.251566806067714 0
2761 4.252314712678563 1.211299863690667 0
2762 4.227584820375801 1.168601780020925 0
2763 4.480490867218359 1.247665900253861 0
2764 4.778925486089607 0.07283063426235127 0
2765 0.6906964704418385 1.777611721048913 0
2766 0.7376731577576274 1.781093067783482 0
2767 4.003141349028471 1.299045421099929 0
2768 7.08760995973269 0.7924233922992032 0
2769 5.379082730961025 0.2756500258201318 0
2770 1.605544546537663 1.658397757879476 0
2771 7.334935598326452 0.1008741087676445 0
2772 4.274224020052213 1.261791492423683 0
2773 4.302635288150221 1.211842243133975 0
2774 4.327725036163915 1.255308860471967 0
2775 7.145995498752473 0.7493901733317725 0
2776 6.3893101539875 0.9546903709349689 0
2777 7.42128528695444 0.1988381603105778 0
2778 7.451568905896374 0.1597619181970541 0
2779 7.432831228728729 0.1139402412214081 0
2780 7.476239600534152 0.1182776295224749 0
2781 2.995172897974053 0.3503439308851862 0
2782 2.945684346871703 0.348262671001522 0
2783 3.043833295501632 0.3503454247881788 0
2784 3.069353393682427 0.3080472352189726 0
2785 6.739884931852765 0.1098129330587593 0
2786 6.709975010891888 0.147538978184579 0
2787 6.690488858739798 0.1049167434930333 0
2788 6.660729199813732 0.1413119576093126 0
2789 6.642502361456652 0.09419377556455633 0
2790 6.613849825868869 0.1335019999436784 0
2791 6.730857121322001 0.1930840788038185 0
2792 6.598209958011561 0.7398709679798774 0
2793 3.403775690302345 1.386968062910051 0
2794 7.09481130764626 0.07492308156265026 0
2795 0.1123885041654849 0.1842536457003277 0
2796 0.1353553625806619 0.2264301735772368 0
2797 6.819502643061425 0.07587503363677096 0
2798 2.631064462595559 1.521047543857711 0
2799 2.203756307989629 1.562419360353672 0
2800 6.976358544117745 0.8459668611046511 0
2801 2.804449457339556 1.472175845720365 0
2802 2.754506708598845 1.471845563834331 0
2803 7.178304893236478 0.8374170209362425 0
2804 7.815406881224398 0.7148604125219346 0
2805 7.864750957192113 0.7233739639128544 0
2806 3.728563206493954 1.349812266732824 0
2807 0.5597108412359604 1.819886020575605 0
2808 3.640317477896488 0.09609682259221067 0
2809 0.1812810324040181 1.877503099424602 0
2810 0.1264091680878527 1.864565680405732 0
2811 0.1176031442594727 1.823555549701339 0
2812 4.642966673653192 0.1855774956189695 0
2813 4.595068124796173 0.1739862908443272 0
2814 4.574259289568924 0.1299515005673908 0
2815 4.54601962921256 0.1671416955895268 0
2816 4.526046987349101 0.1244416690811207 0
2817 4.496596568003296 0.1654353155903008 0
2818 4.477461343297701 0.120333596852434 0
2819 4.44778791050502 0.1603918447749295 0
2820 4.502332197872286 0.0823447095251158 0
2821 4.428711680000933 0.1137701345806476 0
2822 5.476046180824889 1.082196837335651 0
2823 5.525755204194799 1.080318651394535 0
2824 5.42536936934808 1.082659353790734 0
2825 5.392470728367646 1.124169541346037 0
2826 3.515412150174733 0.2253906747197723 0
2827 3.544383545391517 0.09240846124350971 0
2828 4.399013114606701 0.1543274330199951 0
2829 4.379698285142137 0.1079234212857128 0
2830 4.350224537689932 0.1483287821861403 0
2831 4.554516386022081 1.216347282034036 0
2832 4.577760344081712 1.16873033450305 0
2833 4.60250612789905 1.211140216968754 0
2834 4.627436364205967 1.167960277515023 0
2835 4.659453615845329 1.216355026587985 0
2836 4.677647556599725 1.167705128307129 0
2837 0.2097081260476513 0.09623656949437284 0
2838 0.2648282376515195 0.09462725060518687 0
2839 0.09121861534296719 0.2262746523319986 0
2840 2.450333737633874 0.5242067572656086 0
2841 7.684589851988152 0.7468152962492143 0
2842 7.741060088504828 0.749735756974625 0
2843 5.351751355361731 0.09955312280801777 0
2844 6.649487440687242 0.9149011970091745 0
2845 5.37845003737997 0.06316165825420235 0
2846 6.891839809801569 0.7319107975509072 0
2847 6.913133271516791 0.6894101040202161 0
2848 1.40583687746195 0.0905074533405741 0
2849 1.25670961953616 0.09366005496655996 0
2850 1.507308779736606 0.09335918576362931 0
2851 2.125848930588317 0.56793717486522 0
2852 1.755165138098224 0.09009939608014741 0
2853 0.835774164859508 1.783428522290506 0
2854 7.745182978650021 0.09876455645445106 0
2855 7.796856250206348 0.1072465248648972 0
2856 7.695429480791177 0.09183373045932555 0
2857 7.665994450217543 0.1333665662537116 0
2858 7.646344278632435 0.08698006491796335 0
2859 1.854964681536393 0.08999669642760873 0
2860 3.047139248846742 0.09354014875528954 0
2861 1.954727560270061 0.08990067167662726 0
2862 2.054474197675574 0.08979708549553284 0
2863 2.154209161624342 0.08969204977569858 0
2864 4.099543237412822 1.297950210544205 0
2865 6.61940910920726 0.9537843633535981 0
2866 6.699442941719548 0.9046497778026901 0
2867 3.690338284198816 0.0962309411371417 0
2868 3.713957594786611 0.1392730410744606 0
2869 3.739632020727952 0.09662087952775304 0
2870 3.763529272139119 0.1377172895132518 0
2871 3.789621135820873 0.09642138543344628 0
2872 3.812999477157302 0.1386539209382031 0
2873 3.837822162791166 0.09764760454613368 0
2874 3.860661578416011 0.1401424511410655 0
2875 3.88661286359079 0.09766652931558446 0
2876 2.253909556507053 0.09044702832225418 0
2877 6.625907898589635 0.698879025954146 0
2878 6.548086943127895 0.7340368404251946 0
2879 2.748298885589274 0.09412236736974924 0
2880 2.772697663349136 0.1385887690616424 0
2881 2.798523500633588 0.09480905054835771 0
2882 2.824424743202576 0.04925217362967408 0
2883 2.847924431009345 0.0963750651744157 0
2884 4.330844540183992 0.1004769840777561 0
2885 4.301423949352516 0.1419637856687318 0
2886 4.289356584983159 0.09090565983348527 0
2887 4.251134637348593 0.1283498520926629 0
2888 1.708965720765993 1.648115285600871 0
2889 5.979746364393987 0.7410526635299721 0
2890 6.868920925245025 0.7749658087150842 0
2891 6.898161602792316 0.8140809079164389 0
2892 6.873933945351847 0.8582043904518257 0
2893 6.82560156120984 0.8690369774772018 0
2894 6.811666490161856 0.6975693878459903 0
2895 6.768322333703139 0.6996637203617915 0
2896 6.408159476260437 0.7409315851834052 0
2897 7.053182926587843 0.88313386038285 0
2898 1.162306888999335 1.737584217302614 0
2899 1.185236548198138 1.692612730260945 0
2900 2.49983050713973 0.09405709058211624 0
2901 2.551046452835941 0.09426209524731388 0
2902 6.731801428532147 0.944951489592238 0
2903 6.002631223034147 0.7796449614292573 0
2904 6.049248903865466 0.7774192606415173 0
2905 6.678954224799118 0.05205071890675434 0
2906 2.946403123567766 0.09549414934445746 0
2907 2.920991874877247 0.1394568871670793 0
2908 2.855312311300905 1.475248089017046 0
2909 0.08371143130701098 0.1429828459791542 0
2910 0.1086537227337095 0.09332312603606618 0
2911 3.345844832986105 0.09458989902857352 0
2912 3.923417958497453 0.06249569279985218 0
2913 3.960799653955285 0.09034600698825457 0
2914 4.010111596381847 0.0785823307026844 0
2915 3.995295190097771 0.1247977184207171 0
2916 4.052943334933399 0.1190064041002344 0
2917 4.05557244457116 0.06264470569630617 0
2918 4.093930272169195 0.09321341280192307 0
2919 3.02299389439368 0.04848216508415255 0
2920 3.09837573749519 0.09210276346969135 0
2921 0.08360365623853472 0.3072949022128083 0
2922 5.502102742610298 1.128525676248885 0
2923 2.300530144118517 0.5335622996857556 0
2924 0.5140846194241651 1.829412990677283 0
2925 1.679904785743488 1.17279957374486 0
2926 6.92511358530021 0.8512314297407416 0
2927 6.901848292891172 0.8999243153207124 0
2928 6.35851162934155 0.9902276464773671 0
2929 3.123989865423931 0.04759758598961468 0
2930 7.115169240625788 0.8215807392842752 0
2931 2.322989881639788 0.48541466837912 0
2932 2.355860124381427 0.5254356287760479 0
2933 2.076509490887837 1.172006974886557 0
2934 2.724220956322672 0.04818594701249575 0
2935 7.911140312398879 0.5972400240027896 0
2936 7.885269739450317 0.548557178587403 0
2937 1.974508859202322 0.6560879794460659 0
2938 0.2335786408467601 0.05123633322373571 0
2939 1.686174367286395 1.698987078059285 0
2940 1.759327831562985 1.643445372501102 0
2941 2.101276737386809 0.4417391963942187 0
2942 5.300115099645357 0.09186036487660827 0
2943 1.279017320171351 0.04848568557922306 0
2944 1.205645774469789 0.09277403290864757 0
2945 1.17625000936244 0.046227133479507 0
2946 7.774999999999392 0.05748606922609529 0
2947 7.849353965315726 0.09342053587373404 0
2948 6.674109815082613 0.7021748815506306 0
2949 1.928413716276424 0.484646513549593 0
2950 2.200164143887746 1.0434926869587 0
2951 2.177613666870496 1.087424297581511 0
2952 4.523135316321045 0.2167926773287164 0
2953 2.225501453034954 0.9994908694772194 0
2954 2.251645842532293 0.9558199428931993 0
2955 2.229479905352223 0.2240411046638455 0
2956 4.417415928953408 0.2060591169651586 0
2957 5.275084290931328 0.04587372031140832 0
2958 1.68029977812769 0.4850602283993845 0
2959 7.285960376451236 0.09429860244821321 0
2960 1.728582138804316 1.170395053359405 0
2961 1.755377582490525 1.212637242822332 0
2962 1.77728815698599 1.166288982801266 0
2963 1.581351276265597 0.4848890376931687 0
2964 4.320265916681871 0.1935168269925184 0
2965 4.2210541988921 0.1815116137984887 0
2966 4.196793737514852 0.1364440041080707 0
2967 4.149748301391221 0.1350901694457169 0
2968 4.172754487618649 0.09738950668551333 0
2969 4.606330446149055 0.2161316149454764 0
2970 4.691050121450779 0.2045098366027311 0
2971 4.727867019613622 0.2407818343052314 0
2972 1.108646510760973 0.5284739930298485 0
2973 1.805952646876323 1.207982021281582 0
2974 1.827039460781614 1.163246184456961 0
2975 2.52494984652066 0.04778269055995064 0
2976 2.448160256425899 0.0931685274237187 0
2977 2.398044282430057 0.09401596300592084 0
2978 2.423476483418314 0.04570930868516145 0
2979 2.375692923415541 0.4813668289434072 0
2980 6.77933444086089 0.9379459394081564 0
2981 3.012213233958688 0.3968269751072815 0
2982 1.482775801027247 1.174101704998524 0
2983 4.625973053826844 1.258359211536765 0
2984 4.21504333635996 0.08880626474888116 0
2985 6.573307248228003 0.7811142238447673 0
2986 6.499521873183263 0.7388021941035585 0
2987 6.477417218152915 0.7807676565478492 0
2988 6.521627445349681 0.6935721331852694 0
2989 1.792973417534502 1.683316131904416 0
2990 1.810588484635834 1.638586089505086 0
2991 1.863986361719391 1.633015327907918 0
2992 6.310130845341646 0.822936529562082 0
2993 6.286642870385077 0.7835289332352799 0
2994 6.239282414838233 0.7821943633229529 0
2995 6.266560063072431 0.7445010369226579 0
2996 6.214953943929796 0.7416130701988474 0
2997 6.190874675311741 0.7848757441483452 0
2998 1.532716898289043 1.17414824332621 0
2999 3.821197471042082 0.04758179535211059 0
3000 3.722975218712971 0.04817311650155311 0
3001 2.87422377025268 0.05073312150936871 0
3002 3.622438940778321 0.04684569710889561 0
3003 1.134240376197972 1.174777555214015 0
3004 1.084484721165714 1.174929132464418 0
3005 1.879034828437796 1.170396228495902 0
3006 2.298711057634823 0.4404362369686095 0
3007 1.184190723611192 1.174677382998268 0
3008 2.57609475638789 0.0481763165428652 0
3009 2.600964521268646 0.09407737788787492 0
3010 6.741442316204147 0.7409089121125798 0
3011 6.070597163612101 0.8225688591328016 0
3012 6.694006874136646 0.7419139958493487 0
3013 1.124745809914511 0.04475722106492611 0
3014 1.099831196325044 0.08752657571591507 0
3015 1.050783106677402 0.08952917802441714 0
3016 1.07898845267136 0.1356859007045924 0
3017 6.430605783390498 0.7815689640909625 0
3018 6.166138280501328 0.8228370667292456 0
3019 6.142464047388639 0.7818396387566108 0
3020 6.632603017288683 0.1800342522908848 0
3021 1.895631313626588 1.67087214685015 0
3022 1.91501671621489 1.629194183750855 0
3023 1.966135842332072 1.611283733056432 0
3024 3.14988582511431 0.09190750917733626 0
3025 3.176441238831094 0.04559676067400218 0
3026 3.200163412136217 0.08981078866688637 0
3027 3.248241374575962 0.09146015331987396 0
3028 0.7849089057464109 0.5714394905084734 0
3029 4.27425430703815 0.04393335041745874 0
3030 6.489287290139178 0.9835362733501718 0
3031 6.503799929599575 0.93899723529552 0
3032 6.545058815666748 0.9306617369698317 0
3033 0.7349377714160017 0.5715877599813599 0
3034 0.6850197843462138 0.5716591675348466 0
3035 1.408378954813313 0.2677932730192388 0
3036 1.083832905830849 0.4852083666378671 0
3037 1.158784210235245 0.5283073980579114 0
3038 1.183951250349839 0.4846349415441532 0
3039 1.008863096475932 0.528756159354877 0
3040 0.9838894089725534 0.5720120467159242 0
3041 0.9589556348390148 0.5287968607761737 0
3042 0.9340867565473377 0.5720776546976492 0
3043 0.9093432661995331 0.5285713489585868 0
3044 6.092407082742455 1.042647976266213 0
3045 6.058668471930735 0.9976920956345294 0
3046 6.11246005487605 0.9949020696495225 0
3047 6.041988630068983 0.9476438972705777 0
3048 6.164064950081007 0.9893783749081685 0
3049 6.191696088861197 1.028728553906301 0
3050 6.240814777398882 1.022299837096974 0
3051 6.263730668905394 0.9834096996993329 0
3052 2.0554499767454 1.38986529993455 0
3053 3.072690128399506 0.1362725513164 0
3054 6.961028603728985 0.6842222446313128 0
3055 7.277951543510246 0.8649311406385674 0
3056 7.296390372163764 0.8153565598205474 0
3057 5.875318664130646 0.7424351130317792 0
3058 5.825422404687882 0.7433979271845849 0
3059 5.799613037288658 0.7861770755339865 0
3060 5.750178983273384 0.7857459644330185 0
3061 5.774039339032912 0.8262031212569859 0
3062 5.849953206142513 0.7842146579936028 0
3063 0.1578641035490218 0.09241659608889247 0
3064 1.109709531850042 1.218376254405921 0
3065 5.374396758099214 1.079800701662887 0
3066 5.345226944970927 1.120789642374155 0
3067 2.828440773747593 1.519349029245741 0
3068 2.905809554146609 1.477074101155161 0
3069 6.453071059866574 0.7404189518568808 0
3070 7.224531344313544 0.04307537628575231 0
3071 7.193608085372086 0.08563751105188352 0
3072 2.155263628713794 1.38953330754456 0
3073 7.326387253417525 0.05107544579285936 0
3074 0.8346564062669436 0.5716371238065157 0
3075 2.074689267064981 0.7428783811310611 0
3076 6.780339013170932 0.1995113023877578 0
3077 6.926140682611388 0.2182209841866588 0
3078 4.174045834190732 0.05072341593520407 0
3079 5.409215581306739 0.2365018425300095 0
3080 5.428552020450285 0.2795836831206518 0
3081 5.47690132856591 0.2874427787986519 0
3082 5.451726887462212 0.322490058475831 0
3083 7.546031639605506 0.2918144737238971 0
3084 4.791342035772326 0.1999820248617517 0
3085 4.840623174997006 0.2040769183764355 0
3086 4.858957405285633 0.2491871215253176 0
3087 4.378161666355563 0.04131383729485652 0
3088 7.429419200720109 0.04065044042863659 0
3089 1.231370889256419 0.136513638196527 0
3090 4.938503961064927 0.2183682802082139 0
3091 4.987703154863868 0.2226879921049019 0
3092 5.005300824148724 0.2665448530913531 0
3093 2.203903263473787 1.130642297253819 0
3094 6.836179576928261 0.5355984144874927 0
3095 6.81763292293957 0.4905095012556228 0
3096 6.770480072484219 0.4849123835972038 0
3097 6.799209616714049 0.4458628145691287 0
3098 6.847461041329492 0.4523336126462619 0
3099 6.749233380983579 0.4479212694089204 0
3100 6.865904237277538 0.4970709678862174 0
3101 6.896536050134249 0.461168012145776 0
3102 6.914373598196788 0.5044257119912969 0
3103 5.880421395067974 0.2534591286213408 0
3104 5.899478012830048 0.2989928302484526 0
3105 5.948348168209852 0.3053592628446903 0
3106 5.917856721102059 0.3439624152495565 0
3107 5.87095363045524 0.3371927660442147 0
3108 5.96725136815807 0.3507798864279176 0
3109 5.997145380120616 0.3117546719891779 0
3110 6.017250839067744 0.3562401158691306 0
3111 5.890895819831688 0.3789263923575757 0
3112 6.04640951489087 0.3178799365144485 0
3113 6.065457691805554 0.3616894577019379 0
3114 6.038566588340929 0.3954007485451869 0
3115 7.376481090811495 0.8511011938633128 0
3116 2.277239217205868 0.9995875241979872 0
3117 2.277714073833272 0.9126201633227862 0
3118 2.328252076414853 0.9132635684209087 0
3119 2.353687457121261 0.8702344436727021 0
3120 2.303437223944528 0.8699339130079511 0
3121 2.327486852571113 0.8268982968826231 0
3122 2.277247049064566 0.8265969007105096 0
3123 2.377179005436945 0.8275171123678328 0
3124 2.253541530798641 0.8694865710028923 0
3125 2.227075403912279 0.8263992746099134 0
3126 2.176285672666727 0.8265176735813994 0
3127 5.08556358332244 0.2370348274346247 0
3128 5.134764978813925 0.2414474805853766 0
3129 5.151263045419917 0.2837290415044744 0
3130 2.574474146179528 1.516203052870744 0
3131 2.544595803368078 1.546822340051845 0
3132 5.232522535501835 0.2556623056111821 0
3133 5.281664939783113 0.2601627565367816 0
3134 5.297683629298039 0.3028724427448246 0
3135 7.565141640010415 0.3375812720901638 0
3136 3.465057888379783 0.2279888159891066 0
3137 3.433266814330683 0.2690503611874036 0
3138 3.415221278109366 0.2252260236013385 0
3139 2.279862088984849 1.346215389421787 0
3140 5.507108426429639 0.2489392157182017 0
3141 5.52611516396135 0.2918759137088074 0
3142 5.556287804521132 0.2548044927009664 0
3143 5.575726000378992 0.2979721249239995 0
3144 5.624173014145478 0.3060084039179212 0
3145 5.598228048050126 0.3410679322578765 0
3146 3.346302642614224 0.2716228016254737 0
3147 7.296294146244167 0.3488286601338975 0
3148 2.080530607592607 1.432920100294645 0
3149 2.005574167758629 1.390025474318714 0
3150 2.82186523350644 0.3103501025880027 0
3151 2.797089139287517 0.3531488409448218 0
3152 2.747668591557594 0.3531477849054171 0
3153 2.7716233288215 0.3941046538131033 0
3154 2.722912458376956 0.3955991092166595 0
3155 2.748717816898937 0.4329793523078035 0
3156 2.824790919844933 0.4024101938783582 0
3157 2.699158088676884 0.4379551773588837 0
3158 2.673853903676637 0.3957699649274597 0
3159 2.650537916522584 0.4401123991043359 0
3160 2.626439272997568 0.4947900577284519 0
3161 2.599873072641273 0.4453644117143714 0
3162 2.571606540567657 0.4866335674982579 0
3163 2.54782204284056 0.44466164348394 0
3164 2.571874318168692 0.4033772875765167 0
3165 2.624037912096576 0.3985178902649431 0
3166 2.549092359819379 0.3585363568377702 0
3167 2.847011115722086 0.3543211266671303 0
3168 2.87977663580281 0.3941172872664945 0
3169 2.897643052258231 0.3505496532838964 0
3170 3.242769608074711 0.26512365312318 0
3171 3.193431267951392 0.2663602031832155 0
3172 3.166079803656064 0.315505397730971 0
3173 3.116229607298308 0.3074728194754772 0
3174 5.70350286680204 0.2738685988152175 0
3175 5.724321809910364 0.3184594798887583 0
3176 5.77132019989303 0.3250365371445044 0
3177 5.744833974631662 0.3602099814911399 0
3178 5.675064130583444 0.3115377354263866 0
3179 5.850775438756113 0.292559289863465 0
3180 5.820883965235055 0.3320820539123309 0
3181 5.801535081347355 0.2863146278864958 0
3182 1.980804403154116 1.433398577860304 0
3183 1.955783964758819 1.390144321619298 0
3184 7.13609758677043 0.6134130463721963 0
3185 7.073776164188793 0.5660300226491853 0
3186 6.97510096337759 0.04324297895458729 0
3187 6.925193153384594 0.04330604850598938 0
3188 6.125720561489306 0.285121108829458 0
3189 6.095612822861554 0.3241255878222334 0
3190 6.14432724055072 0.3309011398141348 0
3191 6.115673002441413 0.367307635388722 0
3192 6.164441297164062 0.375621551258206 0
3193 6.193427034962402 0.3375521634396297 0
3194 6.21190124357641 0.3818333274287214 0
3195 6.185248176334968 0.4155816827212279 0
3196 6.241955775495031 0.3446517671193544 0
3197 6.261865216913252 0.3882634332196429 0
3198 6.290828577485614 0.3518208131163524 0
3199 6.310468149241225 0.3970568156250829 0
3200 6.339555325873133 0.3589563920489941 0
3201 6.357759445478632 0.403321379965883 0
3202 6.33123919581217 0.4365837632735561 0
3203 6.387931645317782 0.366167443609884 0
3204 6.407743532848274 0.4097486943750799 0
3205 6.436660580258859 0.3734034956050294 0
3206 6.45628302735063 0.4187057612308678 0
3207 6.48534305618393 0.3804602497902533 0
3208 6.503472976724201 0.4248569145041277 0
3209 6.477796247823574 0.4582553167408147 0
3210 6.53393016659887 0.3875600334186101 0
3211 6.553523676949851 0.4312086125380323 0
3212 6.582840041900592 0.3942475065037688 0
3213 6.602045381145608 0.4402128799833074 0
3214 6.631673793630334 0.4000897124073074 0
3215 6.649159804034309 0.4460333045026356 0
3216 6.678736050881761 0.4106789992393891 0
3217 6.623482072043967 0.479121363218599 0
3218 6.69702283019307 0.4561943493070258 0
3219 6.467320463541317 0.3332422127223704 0
3220 6.56507286239127 0.3460215827781596 0
3221 6.321220951816955 0.3121024680434666 0
3222 6.174689247464753 0.2916032432599283 0
3223 3.525050347129163 0.04327220225524527 0
3224 3.593650461275269 0.09263535720291549 0
3225 3.778117563710615 1.256310962989276 0
3226 3.803177835736532 1.299370737856232 0
3227 3.853197655848034 1.297727045653845 0
3228 3.833543431624053 1.339881393237276 0
3229 6.272321490868965 0.30526248029962 0
3230 2.920891808916072 0.3103968006643367 0
3231 7.425601883434715 0.8424836998938888 0
3232 7.395895558679246 0.8044394241603154 0
3233 1.657011762585257 1.217106970480844 0
3234 7.172134599612672 0.7093969722547061 0
3235 5.725087880841057 0.743263653397515 0
3236 5.700171091636701 0.7860824253867928 0
3237 1.902632517706517 0.6134240454155306 0
3238 1.877107729497042 0.6563539725137217 0
3239 1.828390936435381 0.656938274578503 0
3240 4.052509543465204 0.9527791773866734 0
3241 2.379674543791703 1.345990841211648 0
3242 3.093879439338827 0.2666794695756136 0
3243 6.424991466367359 0.04326803985922069 0
3244 6.400012035570717 0.08647025298155971 0
3245 6.350181865584945 0.08651633693918498 0
3246 6.376363930272055 0.1321694685286104 0
3247 6.4251019891677 0.1280103248714918 0
3248 6.399980962879359 0.172658263946143 0
3249 6.325324999672295 0.1296570053021708 0
3250 6.300402675520012 0.0865910550022112 0
3251 6.277437130664133 0.1304630900434796 0
3252 6.25093694249046 0.08679709611063503 0
3253 6.230958471866388 0.1288910803117415 0
3254 6.449925726090941 0.08622009483698478 0
3255 6.499761282112591 0.0866033966848323 0
3256 6.474496980998057 0.1278410959325699 0
3257 6.521368076555049 0.1274570517397951 0
3258 6.547470888383722 0.08538644008023882 0
3259 6.52440267066252 0.0430573134160747 0
3260 1.558296436713535 1.217613198452297 0
3261 1.581874211806467 1.174734809545156 0
3262 2.326169985754577 0.3963515755862328 0
3263 2.249287143273783 0.4386911922349021 0
3264 1.756582247180325 0.4399952021108626 0
3265 1.806058970524934 0.4401262044312636 0
3266 1.830049947242589 0.4842688318305458 0
3267 6.662443435261261 0.3602800061786762 0
3268 6.710161628606478 0.3670522719765298 0
3269 1.905169077866572 0.4401767472291493 0
3270 2.177229715773116 0.3964908382312197 0
3271 4.624933215862724 0.0432627123548395 0
3272 4.600402838712697 0.0884906049061534 0
3273 4.685066496358707 0.05200892399962961 0
3274 3.952554452272044 0.9530104105478459 0
3275 2.004158208667766 0.4400636724536323 0
3276 2.075910149948512 0.5669143308706481 0
3277 2.055969438872471 0.6117914707352556 0
3278 4.81943013212803 0.04006009454417582 0
3279 2.078522688786693 0.3970856878785035 0
3280 4.970607275010511 0.05158635044365815 0
3281 5.003030854473874 0.08803319196605017 0
3282 5.074642655727062 0.05058015871507442 0
3283 5.126870893211363 0.04224055163565175 0
3284 2.450435580711824 0.3532662445729193 0
3285 2.722887661990335 0.3103310325217419 0
3286 3.803034861242158 1.213006541919332 0
3287 1.656990626873748 0.4403681588409945 0
3288 2.081781289434157 0.223384997163407 0
3289 0.8605274566084247 1.219136536907126 0
3290 4.352633843646498 1.211772449176235 0
3291 4.379493462826833 1.25359665701398 0
3292 4.35888324800926 1.298091773104854 0
3293 7.525223554529604 0.04175899130345926 0
3294 7.548878642466715 0.08109018948682367 0
3295 2.174969882268399 0.7432838817084566 0
3296 1.932005821008248 0.2238342988438528 0
3297 6.027402691747253 0.2724388473183011 0
3298 5.525018794089997 0.04217131090041681 0
3299 5.507679583400673 0.08394613838449394 0
3300 5.460199646079026 0.08756574384352041 0
3301 5.574963995636981 0.04202033166483122 0
3302 5.599951129331992 0.08649211703425166 0
3303 5.649790487362594 0.08653777594146866 0
3304 5.674856069246734 0.04332019696296917 0
3305 5.699664434237373 0.08533678543077305 0
3306 5.724829971915982 0.0434115742935373 0
3307 5.748605858599445 0.08163945330514516 0
3308 1.705087262467504 0.6140341954020033 0
3309 1.729756338117053 0.6570671084314651 0
3310 1.680281628118752 0.6570774378650036 0
3311 1.630541083359964 0.6573192102344092 0
3312 1.779032430181489 0.6571321504162314 0
3313 1.557440491376905 0.4407294909678758 0
3314 2.27502475208882 0.04328697956077483 0
3315 2.204158902222947 0.08973536083116615 0
3316 1.68306681333454 0.2240504140147057 0
3317 1.708099266909194 0.267148243840354 0
3318 1.757910705880596 0.267075539178326 0
3319 1.78280560848286 0.2237947325311891 0
3320 1.832661752400229 0.2236843152364332 0
3321 1.857663664903934 0.2668564020738268 0
3322 2.175023844590054 0.04328750350560219 0
3323 2.104444557240162 0.08974456444783079 0
3324 3.424999999991137 0.04330127018909563 0
3325 3.445772849832537 0.09269924220386973 0
3326 3.3736913561697 0.0471321059161337 0
3327 2.07497784663015 0.04328847993788736 0
3328 2.004711846225998 0.08985171772191995 0
3329 3.703097845421434 1.213245051083741 0
3330 1.974978630361715 0.04328893242535321 0
3331 1.904966901323676 0.08995420688202703 0
3332 5.975143971499309 0.04317116592395033 0
3333 5.949195015285217 0.08706222370652142 0
3334 5.999294901330368 0.08721792729143496 0
3335 6.024870575807621 0.04339989478453515 0
3336 6.049328219884698 0.08751235941549579 0
3337 6.099653609609679 0.08867763673032045 0
3338 6.076514949182534 0.1415611480208875 0
3339 6.129632445564384 0.12938744181768 0
3340 6.151238744799501 0.08680859257178122 0
3341 6.125390834313248 0.04395176841789464 0
3342 1.583298701134829 0.2241978267572742 0
3343 1.608323559281373 0.2673219074606757 0
3344 1.458648461317814 1.217631339369914 0
3345 1.930986292447324 1.43353242756287 0
3346 1.905936064547097 1.39045622303062 0
3347 1.856233939883179 1.390508531651829 0
3348 1.881225310821418 1.347050672828054 0
3349 1.875021369629316 0.04328893242535273 0
3350 1.805188065206193 0.09005282244828144 0
3351 1.209422647204242 1.218090751614319 0
3352 5.991862070508708 1.054445327549211 0
3353 5.224986254148931 0.04308172461083497 0
3354 5.248392594180074 0.08770699039414866 0
3355 3.965908930144254 0.1648261967674321 0
3356 6.781585384218856 0.03913420776213575 0
3357 0.9345128046884607 0.4851387905087372 0
3358 1.527183517748316 0.04568810373363053 0
3359 1.455012937969379 0.09076876830207362 0
3360 3.603185094217104 1.213474517187443 0
3361 2.275017007990649 0.7428676985021299 0
3362 1.458070809388998 0.4405303229538829 0
3363 1.482357587996385 0.4846628768723191 0
3364 1.408253751646348 0.441416353024209 0
3365 1.481849873308267 0.9158346456160503 0
3366 1.506689093633403 0.8725581821212658 0
3367 1.483502357488956 0.2242640812607328 0
3368 1.508539501845542 0.2674836107674047 0
3369 1.752721817952429 0.9563437790335925 0
3370 1.777678386024834 0.913599826706149 0
3371 1.82722449331705 0.9136867025586884 0
3372 1.775017705188026 0.04329104809168566 0
3373 1.706638521126071 0.09048088478464883 0
3374 1.425527788958012 0.04368499802505717 0
3375 1.356239363864682 0.09298695410575725 0
3376 6.215126178768182 0.8230024310679827 0
3377 1.506500972315754 0.614428403023573 0
3378 1.531305768011858 0.6574797980363594 0
3379 1.580899886265787 0.657432156247969 0
3380 1.456791245439736 0.614508308684415 0
3381 1.481653076159478 0.6575486831303193 0
3382 1.431937655647994 0.6576304858604344 0
3383 5.654430810546038 0.2676086404628484 0
3384 1.549992762654202 1.725528524855769 0
3385 1.52098950371646 1.683029794156153 0
3386 1.469188293000138 1.691964693302145 0
3387 1.482283631871712 1.645986060495385 0
3388 1.436582027489677 1.65392620999766 0
3389 1.419258750291172 1.699727635614708 0
3390 1.388444795787496 1.662045327399663 0
3391 1.369978527300667 1.707316751275403 0
3392 1.339245679931035 1.670714519548693 0
3393 1.333140817370562 0.4848877456161286 0
3394 2.092643082278392 1.643805168059777 0
3395 2.110631291511979 1.595978142001949 0
3396 5.674977748325579 0.743243210609948 0
3397 5.649849416875654 0.785551589017359 0
3398 5.600489195108282 0.7859134209718557 0
3399 5.626384456356103 0.8258047703937013 0
3400 3.503284526725358 1.213704795907023 0
3401 3.128635070318238 1.257836310220628 0
3402 2.304910370717818 1.389443928833626 0
3403 2.229920408255171 1.346501129500401 0
3404 2.19174444317216 1.631759140451134 0
3405 1.851807329631126 0.9565159082666629 0
3406 1.87672398611857 0.9137279956361453 0
3407 1.901356800536477 0.9565892221825539 0
3408 1.852149172536318 0.8709117561250881 0
3409 1.531327893822467 1.001695082078478 0
3410 1.309065814336585 1.21814132227175 0
3411 1.35906108141469 1.218387080382274 0
3412 1.383550444267812 1.174619388561512 0
3413 4.602388755051756 1.124775930938354 0
3414 0.8346879589667818 0.4848349827711598 0
3415 1.432162974026862 0.8297331736004248 0
3416 1.781491741005767 1.434117504448702 0
3417 1.756650615278859 1.390881501664797 0
3418 1.706912832568063 1.390969681492848 0
3419 1.681957420617757 1.434297309469857 0
3420 1.632141967208086 1.434409841457449 0
3421 1.657224494673915 1.390987107372992 0
3422 1.607280543430417 1.391250845978562 0
3423 1.58219002302136 1.434367392935948 0
3424 1.557485598071682 1.390992632244674 0
3425 1.533140386964817 1.34739381682944 0
3426 1.507679750789004 1.390305593766437 0
3427 1.532326071438251 1.433913524494097 0
3428 1.482540969937491 1.433670106384846 0
3429 1.45740178064863 1.477044714252342 0
3430 1.431822420315863 1.433874893495224 0
3431 1.951077967119228 0.8710458504225824 0
3432 1.009342490773741 0.2682654905130372 0
3433 1.034392776708333 0.3114566298823065 0
3434 1.084311618369984 0.3113775015438512 0
3435 1.109170976928298 0.268073491260767 0
3436 1.159033288187501 0.2679300487012651 0
3437 1.184178068553688 0.3111993043120039 0
3438 5.726289297130432 0.992370517666944 0
3439 5.700032467727427 1.034086252908605 0
3440 5.651457559352561 1.035739841811611 0
3441 5.6757079256458 1.073265057617782 0
3442 5.752208582978708 1.043690348141844 0
3443 6.739458228411529 0.5226116740105159 0
3444 1.607280189400996 1.477575131052504 0
3445 1.557376359554577 1.477479894587639 0
3446 1.308248075980695 1.04509726566353 0
3447 1.333058224818491 1.001998812772682 0
3448 1.2587976434927 0.2679713185443582 0
3449 6.275425960995557 0.0434954686632338 0
3450 0.9094418971756399 0.2683951184876806 0
3451 0.9344926655928701 0.3116201297063034 0
3452 2.289807882902219 1.613433022881656 0
3453 2.252318652271354 1.572144688172468 0
3454 1.675813230038923 0.04470641768095844 0
3455 1.627256171155504 0.04980038567893121 0
3456 2.099335292373385 0.9567724253454487 0
3457 1.302243750818734 1.760939792333186 0
3458 1.32064106762228 1.714947742630042 0
3459 1.271214571723122 1.721883667972616 0
3460 1.29071665565139 1.676319338659454 0
3461 1.308970973572659 1.628713206390557 0
3462 1.239775049647499 1.683968565488928 0
3463 1.221765611084528 1.72909074981685 0
3464 1.208589171680098 1.646717909060445 0
3465 1.252513072169058 1.768401229367919 0
3466 1.208620207697618 0.9591210396351624 0
3467 3.977867492414637 1.169327752498722 0
3468 2.374990866603675 0.7430477553008764 0
3469 5.026923913584728 1.080298952884092 0
3470 5.052011856680211 1.122901191132016 0
3471 7.137056643293897 0.2872806111925786 0
3472 0.9849800050942067 1.089453752370607 0
3473 1.034737038167557 1.08904430167175 0
3474 0.7850030101201956 0.7446544717200583 0
3475 2.030483817566525 1.346618836435619 0
3476 0.7099419298685806 0.5282844629725982 0
3477 7.539920823696582 0.1625481871182126 0
3478 0.5854014852692365 0.6581033288683362 0
3479 0.6352981665994446 0.65814350678603 0
3480 0.0411296499606586 1.823821295225132 0
3481 7.957646390335483 0.6244890918377102 0
3482 2.308166071050746 1.566225332105601 0
3483 2.330864862108712 1.520584511038875 0
3484 5.550815006012268 1.035828058362355 0
3485 1.955199468843885 1.21677918010864 0
3486 1.978152105765346 1.172160127267976 0
3487 1.905550687857418 1.216390306790863 0
3488 0.7096833935035036 0.2686426780440533 0
3489 0.7346147027770803 0.2261212674445718 0
3490 0.7095860416116804 0.1820777671977614 0
3491 5.62638649719425 0.9926153579985426 0
3492 5.601073440679124 1.035382369713275 0
3493 0.3126925975450813 1.826303477970812 0
3494 0.3382666426694146 1.866884751085514 0
3495 0.3360167687925071 0.8315571689206298 0
3496 0.3859734510405369 0.8314602422162171 0
3497 0.4108675836688501 0.7881623859880521 0
3498 0.3858156546566778 0.7449441452273372 0
3499 5.401040942679545 1.036909957199445 0
3500 0.7860771417822564 1.435338231261463 0
3501 0.8109557888158616 1.392073987139859 0
3502 0.7859201772205929 1.34889175673312 0
3503 0.8358258945652475 1.348806323939295 0
3504 0.810794755587239 1.305633607164947 0
3505 0.8607057348299942 1.305568441207256 0
3506 0.9106131346276416 1.305510726101192 0
3507 0.8359904471683368 1.435258414898956 0
3508 0.5605003942792084 0.7013983822332716 0
3509 7.95094679629131 0.7283300921189029 0
3510 7.913415602463518 0.6999999992238969 0
3511 0.4609488382064785 0.8746240912090066 0
3512 4.827109571197338 1.081249566567651 0
3513 4.802228480554628 1.124638850197127 0
3514 4.752269361367248 1.124354411770485 0
3515 4.777346777937272 1.167570728460462 0
3516 4.727416654471005 1.166676232530319 0
3517 4.746643985445723 1.208245372959099 0
3518 4.795571993067733 1.211145811322865 0
3519 4.702331603370778 1.124251518112719 0
3520 4.826632916475939 1.169815265562436 0
3521 4.878570753067885 1.174130315454897 0
3522 4.909196702033405 1.217178609876131 0
3523 5.301728185821691 1.036273402555532 0
3524 5.251760746613375 1.03666772593346 0
3525 5.226848200377906 1.079959472155157 0
3526 5.17687960165297 1.080056658506904 0
3527 5.203803157989507 1.126383891359096 0
3528 5.151706170972667 1.120784175252416 0
3529 5.126877448014596 1.079736248151111 0
3530 5.261074498522858 1.122198622053903 0
3531 5.101638908536957 1.121064739507829 0
3532 5.076859698374463 1.079675817902701 0
3533 5.077965359515403 1.159779923113913 0
3534 5.278548927323618 1.078210152669575 0
3535 3.378314515811657 1.170722292394494 0
3536 3.403383798969565 1.213935054586809 0
3537 0.3864510624401352 1.090918538475537 0
3538 0.3613867781728682 1.04778419436945 0
3539 3.802686572781673 0.9533578618664663 0
3540 3.777782194808617 0.996705634035302 0
3541 3.727830660638918 0.9968198387215385 0
3542 3.674516602993634 1.341010216449139 0
3543 4.352504858056182 1.125197331644122 0
3544 3.602755720862865 0.9538248636106307 0
3545 3.627806781803922 0.9970502029683983 0
3546 0.237374750145309 1.871456211424262 0
3547 0.215125100892143 1.918816266456321 0
3548 0.2887178820962438 1.869430121450407 0
3549 3.502790672709973 0.9540593495049559 0
3550 3.527853814157949 0.997283258928743 0
3551 4.677209424338592 1.081160781656159 0
3552 3.95319000398672 1.29783252488011 0
3553 4.402951662985886 1.210532377781126 0
3554 2.928412348962136 0.9988271970947015 0
3555 3.702723646506936 0.953590859031981 0
3556 2.828418021248782 0.9990728254068011 0
3557 4.626914100388922 0.908235427573671 0
3558 3.20354170179545 1.214398758464929 0
3559 3.178624087144852 1.257738271059405 0
3560 3.203714901150371 1.300973361296545 0
3561 5.475001410460896 0.743299441606798 0
3562 5.4500030903059 0.7865954070206811 0
3563 5.400012044387645 0.7865998132109292 0
3564 5.42500876996024 0.8289900212821265 0
3565 5.375756309239496 0.8293179726228398 0
3566 5.350146484021893 0.7865097933371705 0
3567 5.325912965322992 0.8284874675359346 0
3568 5.475822665316803 0.8265957042017171 0
3569 5.401925291821737 0.8695303033471414 0
3570 5.300115935241643 0.786479914943077 0
3571 5.275199956084568 0.8287729382221518 0
3572 2.729437010986205 1.431260885887209 0
3573 2.704562034219351 1.472953941092064 0
3574 2.730737724412508 1.515999641684604 0
3575 1.258371980219783 1.478517666046376 0
3576 1.233348915029898 1.435189495641147 0
3577 1.18349974894343 1.435259285457986 0
3578 1.283472837076207 1.434966102261597 0
3579 1.208339732200643 1.392009278376515 0
3580 1.308317788047156 1.478326342085014 0
3581 1.333087521711251 1.434960990810743 0
3582 1.258756838624059 1.391649448584029 0
3583 1.158621510515039 1.478460016852452 0
3584 1.108750824403058 1.478544517459329 0
3585 1.133632718844749 1.435334162917331 0
3586 1.084025968254196 1.435040555710528 0
3587 1.059203692443105 1.478223869756998 0
3588 1.108881499788335 1.392001911633192 0
3589 5.500029335501803 0.7862136959930921 0
3590 4.252558711653375 1.125400377994498 0
3591 0.3624329177210144 1.65280946123177 0
3592 0.4123499563362771 1.652739890588562 0
3593 0.3874780383642999 1.696034158112472 0
3594 0.4373734655455195 1.695930234229323 0
3595 3.22861249348455 1.257617590998892 0
3596 3.228856474020099 1.342819164042937 0
3597 3.278798820312931 1.342795965512899 0
3598 3.305288286375772 1.385055995515815 0
3599 0.04181963789864984 1.573872094377335 0
3600 3.077459581667325 1.428658484207652 0
3601 4.102713389280444 1.125768004058848 0
3602 3.354055189428655 1.383932359344292 0
3603 3.328954442798441 1.430398191949926 0
3604 4.152494034213625 0.9525565318637044 0
3605 0.3116430071361573 1.134315209709926 0
3606 2.578641949013868 0.9997213524117599 0
3607 2.553745817477031 1.043031561246739 0
3608 2.503790874507196 1.043150129641619 0
3609 2.60369591381432 1.042905669884296 0
3610 2.478717519785729 0.999961768949198 0
3611 2.453832034938737 1.043250676437301 0
3612 3.003692628007632 1.21487000178074 0
3613 3.0287555972507 1.258076608869679 0
3614 2.978052616858641 1.429622166853454 0
3615 3.575357192180436 1.341877919686353 0
3616 0.04320260957362032 1.724835109959449 0
3617 0.08611039113412414 1.751601930678556 0
3618 0.09204865396175783 1.698812956296805 0
3619 0.04413282552485244 1.674877752074922 0
3620 0.08755989061101385 1.645487004386482 0
3621 3.402826611339738 0.9542944250459948 0
3622 3.4279006731987 0.9975165548857997 0
3623 3.352843028043885 0.9544096029295062 0
3624 0.3610677906744312 0.8747833452307475 0
3625 3.453139935158351 1.389480120705681 0
3626 3.50245079930176 1.387089679282984 0
3627 3.526924437583618 1.342730339116937 0
3628 0.8100251783001147 0.7877751470403078 0
3629 4.477347928994156 1.081636038557984 0
3630 3.028343894755359 0.9985710523507751 0
3631 0.2870340365084937 1.350864189715877 0
3632 0.3370552218926815 1.350592390451938 0
3633 0.3121657784302403 1.39388860137878 0
3634 2.279553003625986 1.173402390544852 0
3635 1.60582918082296 0.6142453384738256 0
3636 4.175091386125218 0.7419883940613281 0
3637 2.903772055269649 1.215103223024479 0
3638 2.928842320388332 1.258306519831823 0
3639 0.04293002024929541 1.474810904309354 0
3640 0.08405786603668791 1.497805858458348 0
3641 0.08765236256707824 1.444096756216035 0
3642 0.735708474149 1.176118918914939 0
3643 0.7606479977963201 1.132910815586031 0
3644 0.8105545148346699 1.132880499832952 0
3645 4.074998472785956 0.7433003884454178 0
3646 3.974998504268825 0.7433004066223172 0
3647 0.6858746218174134 1.090023774506185 0
3648 0.2626932278219952 1.739521877848763 0
3649 0.4870472029304703 1.522731113150889 0
3650 1.183754576439808 1.002208018131391 0
3651 3.874998535751121 0.7433004247989626 0
3652 0.8749976556454687 0.04329991667635848 0
3653 0.8499999999346541 0.08659747712743485 0
3654 0.8000088377718517 0.08659743751319932 0
3655 0.8258459213423986 0.1313737386648986 0
3656 0.7771343816528804 0.1370116197858764 0
3657 0.7474824719021017 0.09200541297843054 0
3658 0.901831549683311 0.08977524884884058 0
3659 0.9532154484409407 0.0894188790620994 0
3660 0.7735110551296065 0.04393641927794459 0
3661 3.775001464269139 0.7433004247989723 0
3662 3.675001435279532 0.7433004415358144 0
3663 2.429599287070609 1.345993386383035 0
3664 2.454457711969229 1.302668808659375 0
3665 2.504388962120812 1.302574589515047 0
3666 3.574998620507994 0.7433004737343363 0
3667 7.959056151672979 0.5249496519653589 0
3668 7.957097167176663 0.4749931198983575 0
3669 7.916676778646949 0.4497400188837806 0
3670 7.913456753488814 0.3997532409278057 0
3671 7.913601517002911 0.5041754662954376 0
3672 7.956707688695911 0.3749778729044194 0
3673 7.91144710437996 0.3497043458409261 0
3674 7.868805002964363 0.3225699725401848 0
3675 7.913287059911042 0.3006250028319522 0
3676 7.956316728980636 0.3250203937966575 0
3677 7.909719867911524 0.248673235767091 0
3678 3.474998647287875 0.7433004891960302 0
3679 3.374998672102309 0.7433005035229925 0
3680 3.274998696916763 0.7433005178499303 0
3681 3.902842602769796 1.126229298554216 0
3682 3.175001303096831 0.7433005178499313 0
3683 3.044678091024885 0.2670116816076552 0
3684 3.074998743032267 0.7433005444753688 0
3685 2.975000041335594 0.7428028849845523 0
3686 2.951165070157941 0.7851842519498033 0
3687 2.901206618773352 0.7859602570601041 0
3688 2.875201754504499 0.7431939673432094 0
3689 2.851254330062312 0.7860944823627555 0
3690 2.801236345509317 0.7861587646837218 0
3691 2.775206893018259 0.7432272306023507 0
3692 2.751275383268102 0.7861798058451503 0
3693 2.701255924276402 0.7862200365398483 0
3694 2.675210200744909 0.7432374841506832 0
3695 2.651296246957251 0.7862391484058948 0
3696 2.601278031454542 0.7862780808563929 0
3697 2.575213977034032 0.7432472330239485 0
3698 2.551320775099374 0.7862992667229541 0
3699 2.50130520618212 0.7863383080641199 0
3700 2.475217629122219 0.7431880596548592 0
3701 2.451350962947457 0.7858673815575548 0
3702 2.80385722024327 1.215334866110741 0
3703 1.450474001348315 1.738681921247638 0
3704 0.0407422578084242 1.375000024997257 0
3705 0.08723085428224096 1.350664616294108 0
3706 0.08676983086171774 1.296611757008065 0
3707 0.0433294403411107 1.274438727470051 0
3708 0.08639073465175853 1.248788374180969 0
3709 0.04330438420751222 1.225006693072029 0
3710 0.08370336213795615 1.202391361141955 0
3711 0.5119356109247573 1.479499646606803 0
3712 0.5618700132283988 1.479357186275546 0
3713 0.5867216240292721 1.436096835472367 0
3714 0.6117598742925483 1.479220309008245 0
3715 0.5369718292887486 1.522520122568874 0
3716 1.083992736585172 1.521703036625467 0
3717 1.034565352688996 1.521363916174082 0
3718 5.325041195287579 0.7432821404283678 0
3719 0.4372185607000335 1.609363487142118 0
3720 0.6605966772663696 0.8742237178525381 0
3721 0.9349964211139539 1.003246898968073 0
3722 0.9847848744895717 1.003069548549566 0
3723 0.4111184407708624 1.82308481271906 0
3724 2.953490583221849 1.042033641391662 0
3725 2.05481065527251 1.216709313423138 0
3726 0.7615095768827965 1.651526569405751 0
3727 5.225000000004298 0.7433012701889363 0
3728 5.250064441194164 0.7863971840147702 0
3729 5.200032363406482 0.7865856249294685 0
3730 5.22580259113308 0.8292701766120616 0
3731 5.175900746016854 0.8285566163073248 0
3732 5.251978284389727 0.8696036148422454 0
3733 5.15017322134884 0.7864069425725242 0
3734 5.125230839772752 0.8288478117745798 0
3735 5.100088907383237 0.7864608686980158 0
3736 5.075821496835525 0.8293807599414003 0
3737 5.05017859544627 0.7866016696381448 0
3738 5.026871852473102 0.8284170039743027 0
3739 5.102003523114281 0.8697687991147217 0
3740 5.001062326926754 0.7860319421205367 0
3741 5.025208650102418 0.7432333803850589 0
3742 4.951819726075826 0.7851079923376939 0
3743 4.925986300147082 0.7426780475077354 0
3744 5.175034872426846 0.7432687113213255 0
3745 5.075032145334821 0.7433669844191271 0
3746 0.5616600460618608 1.392868356895163 0
3747 0.6114982137123661 1.392621573895745 0
3748 0.04258092078109639 0.8750002016146046 0
3749 0.08798671332608157 0.906616632365821 0
3750 0.08805388385857728 0.8443692974500723 0
3751 2.879273384367143 1.431434899727611 0
3752 2.654211707561084 1.30220040004145 0
3753 2.604268105217645 1.302321835051391 0
3754 2.629136594242478 1.259006411314736 0
3755 2.579402116042992 1.345634675031991 0
3756 2.554327905327022 1.302442854524689 0
3757 2.579193367356063 1.259128589683721 0
3758 0.04023604135876627 0.7746694399366933 0
3759 0.05178941509265789 1.126426628575009 0
3760 2.354822281905188 1.38932838294854 0
3761 0.6105929651540459 0.7878957068135692 0
3762 1.134247474077727 0.3112722278592599 0
3763 2.474182417386111 0.3969170996858183 0
3764 7.770684115166078 0.7915974938495709 0
3765 7.720707503125575 0.7953609967673154 0
3766 7.636353210682524 0.7655194556420394 0
3767 0.535066275902067 0.3987184146142601 0
3768 0.5101382806528262 0.4420118195114695 0
3769 0.4601812338540996 0.442104217570052 0
3770 0.4351355575470509 0.3989141639397898 0
3771 0.4102074680067307 0.4421929497295375 0
3772 0.4352736479066693 0.4854110503681677 0
3773 0.3853252661500487 0.4855004208003814 0
3774 0.4104081410573653 0.5286978724268353 0
3775 0.4603442913521878 0.5286137372153864 0
3776 0.3602472664504622 0.4422829844580523 0
3777 0.3354018244281955 0.48557083096446 0
3778 0.3351705220971213 0.3990602687056684 0
3779 0.6361386288272107 1.176522274645578 0
3780 2.553845890727451 1.473083407653283 0
3781 0.9580780016261006 1.815063792884227 0
3782 4.526945330605384 0.9084561501931983 0
3783 0.03993024180753324 0.4249534943307556 0
3784 4.875956903552159 0.7417950595236461 0
3785 3.203122612229865 1.041322524623951 0
3786 0.04118208855922201 1.025744398112992 0
3787 0.04062337510060129 0.9758685167074087 0
3788 2.679491021550663 1.431236892655732 0
3789 2.754307554590109 1.388384737986775 0
3790 7.673472018914634 0.044884160224653 0
3791 1.006508077702227 1.807911781098179 0
3792 1.029944013572726 1.760308177758796 0
3793 0.984618054698618 0.9167542110647148 0
3794 7.875186468483095 0.04432017244254062 0
3795 7.903314848374352 0.08555395308943693 0
3796 7.88314666355619 0.128937822575594 0
3797 7.930281372824522 0.125697868505939 0
3798 0.6859691973530393 1.262636533528442 0
3799 0.6248232187589063 0.04319911064416605 0
3800 0.6502018918763377 0.08674011191210876 0
3801 0.6003195847141471 0.08715269494357564 0
3802 0.5482803434395545 0.0878666582341974 0
3803 0.5750000718883862 0.1298980999421834 0
3804 0.5244186953526893 0.1313865898204732 0
3805 0.5517616982097567 0.1764431682473639 0
3806 0.5013357353730419 0.1862226149155617 0
3807 0.4730180894069365 0.141800028252924 0
3808 0.4499715301007971 0.187121256789901 0
3809 0.4230206581840034 0.1474737262352332 0
3810 0.4043078429689353 0.1889453737109069 0
3811 0.3744731911134968 0.1467042001579415 0
3812 0.398458810182637 0.1021542424272092 0
3813 0.4827012605713952 0.2295555154631138 0
3814 0.3458378072345367 0.1061574054001515 0
3815 0.6268892008315872 0.1331762892210771 0
3816 0.6775964272355264 0.1318930570603073 0
3817 0.4893510487842467 0.09364821683646438 0
3818 0.5229387052346224 0.04468624255069847 0
3819 0.44062006254541 0.07427614568153243 0
3820 0.3995800285554627 0.05242982979360197 0
3821 0.04285879232828051 0.6250248650227204 0
3822 0.08502315008486319 0.5993860732549561 0
3823 0.08418362171298824 0.5498986223476094 0
3824 0.1298914259300327 0.5735984735713819 0
3825 0.08718236483353703 0.6544975927168671 0
3826 0.04250757486582341 0.5249832507579254 0
3827 0.08658689176468347 0.4942605493468491 0
3828 0.1289685469684801 0.0458156691158375 0
3829 1.133561972903163 0.5717450767775805 0
3830 0.6848874139617021 0.3984699225458962 0
3831 0.8591308704348189 1.827092211525505 0
3832 0.7864471009883647 1.788085982749214 0
3833 0.7584929890763774 1.830690406347308 0
3834 0.8845338094856194 0.3116808637069429 0
3835 3.378498953925904 1.257254444636866 0
3836 4.502416002099778 1.124787249446263 0
3837 4.951910863949958 1.037298234803902 0
3838 5.526423908775893 0.9927496376944575 0
3839 0.2877385601958016 1.782865977301145 0
3840 3.32834973878936 1.170838254366585 0
3841 3.327951603866979 0.9977479393221627 0
3842 0.4359115099372249 0.8313783803578707 0
3843 4.727186777766692 1.081053539944658 0
3844 2.753902674547922 1.215451061039745 0
3845 1.80413378789689 0.6138248457379982 0
3846 1.104322480923948 1.79154101575807 0
3847 5.151836290945431 1.036847379756158 0
3848 0.6119024097659124 1.738316961942623 0
3849 0.9357673507671147 1.521418124372176 0
3850 2.778974950155296 1.258649280962765 0
3851 7.520074088407091 0.8294003149612716 0
3852 3.030977263649866 1.503974137093074 0
3853 3.130866513682104 1.483740938008775 0
3854 0.3341266168248467 0.2279637179473634 0
3855 3.22815289825692 1.472048128205991 0
3856 3.24642881118558 1.425574790527991 0
3857 3.421390840793859 1.435826669141022 0
3858 0.2103212206342462 0.4425269030754322 0
3859 3.623734324372246 1.415765785922978 0
3860 3.721980058752784 1.397974054131611 0
3861 0.6607189576149444 1.859516304253999 0
3862 0.6291447574300922 1.818166695606382 0
3863 3.915179783946434 1.371405647097516 0
3864 4.016760508882997 1.346599492118421 0
3865 4.220757770351072 1.326366422626801 0
3866 2.828933739586444 1.258536146881944 0
3867 1.233926975915906 0.3112290134364706 0
3868 0.4629294286403546 1.888147017342797 0
3869 2.479321947921557 1.259369974617583 0
3870 7.648435075611105 0.6505683706420194 0
3871 5.203461540227149 1.175751831910986 0
3872 0.1849964817277001 0.2261677159846673 0
3873 0.2848723712197631 0.1433152810849735 0
3874 0.9593766162031785 0.7012733137794267 0
3875 0.9844335968402729 0.3115276196381573 0
3876 5.796054132815705 1.086862943022682 0
3877 5.802033996770921 1.036533225469762 0
3878 5.841976303427618 1.06679902577361 0
3879 5.875340331638728 1.02771699166177 0
3880 4.502041344780048 0.9517658339648098 0
3881 0.7853301477584134 0.9172015270930667 0
3882 2.529462622350519 1.345760916875295 0
3883 0.5108888995690887 0.8744651729359207 0
3884 0.9607553883099424 1.651364932942079 0
3885 1.334377675843845 1.347859509622412 0
3886 3.353034321835584 1.040966213231474 0
3887 3.228218819137676 1.084535641557817 0
3888 3.078334594328299 1.084923446227507 0
3889 0.4605162087847622 0.6150616318911338 0
3890 0.5867971607434231 1.60868857052787 0
3891 3.952801960106253 1.126114111246517 0
3892 3.426444004680061 0.8252837914722108 0
3893 0.9856822039009761 1.434989748765383 0
3894 3.526426062129724 0.8251054493732835 0
3895 3.626408223850041 0.8249273305344431 0
3896 3.72639012520128 0.8247494522866421 0
3897 0.5110529157324163 0.9609541027054889 0
3898 3.826371058691209 0.8245714465252048 0
3899 3.926351035507399 0.8243929590137632 0
3900 3.927916367691651 1.169438145130648 0
3901 2.778573500181268 1.085631354077074 0
3902 4.026331442720426 0.8242149857109108 0
3903 0.2350628829582692 0.3126544072624338 0
3904 3.003104371062382 0.8688691577567379 0
3905 0.4357616746921549 0.7448438969589208 0
3906 4.126312105929394 0.8240373262463511 0
3907 4.227237807576751 0.8234522611340569 0
3908 3.326466500071058 0.825466078530147 0
3909 3.227821591105144 0.9114644903771589 0
3910 0.8112698867633172 1.564974498113569 0
3911 4.377224031060938 0.9953281812172818 0
3912 2.903146708327272 0.8693301845272206 0
3913 2.878495993622979 1.085419825125438 0
3914 4.552436920056408 1.124820168106012 0
3915 0.911155829728409 1.651258100653411 0
3916 1.233920862431349 0.4842617922363616 0
3917 1.258780351159659 0.5274010792358375 0
3918 1.059199023588578 0.3547444980285754 0
3919 5.001872268552319 1.037176273481451 0
3920 0.6348376155261292 0.3120247282671634 0
3921 0.3599044346783378 0.2708893915075208 0
3922 0.5600977121095564 0.4419183541379363 0
3923 4.976740396913617 0.9090070005282176 0
3924 5.101846431383658 1.036959948755261 0
3925 0.4119319126770711 1.393216565581282 0
3926 2.803183689201992 0.8693132812647445 0
3927 7.871110945609945 0.7716248650299851 0
3928 4.851798383800734 0.9509807796400858 0
3929 0.4615460253301374 1.220165998595068 0
3930 2.454870567449025 1.475113407995534 0
3931 4.4020380625711 0.8655336750552963 0
3932 0.2358058419688185 0.6586621853723881 0
3933 1.035242628403441 1.34837444386808 0
3934 3.197046537225853 1.432985145201309 0
3935 2.653798230005893 1.129199411836674 0
3936 0.2362894190866611 0.9182688012561419 0
3937 0.1872392455206257 1.264701927440489 0
3938 0.1327935207594655 1.268528208984519 0
3939 0.1426925721889024 1.696996413550068 0
3940 0.6572775762406814 0.1801034821475952 0
3941 2.703232755253415 0.8695766191787661 0
3942 2.454040670192452 1.129696214383003 0
3943 0.3372332854733119 1.523098563359808 0
3944 5.375033993810111 0.7432822490108416 0
3945 0.2115119016896664 1.04812184196418 0
3946 1.531392420476041 1.087814702717461 0
3947 0.1855271170884196 1.178055669550796 0
3948 0.3606221744111477 0.6152187970590967 0
3949 0.8595925823212267 0.3549798960736342 0
3950 0.6855828067784794 0.9173478590077538 0
3951 4.552013485983015 0.9516529423193748 0
3952 1.208927825046022 1.131460815168794 0
3953 0.132227188814884 1.7786602844328 0
3954 1.208547315055612 0.8731991595662322 0
3955 0.3862808141479769 1.00450409909227 0
3956 0.2374629528144461 1.609779649184576 0
3957 2.553910613432198 1.129439434736758 0
3958 0.1179296406201322 1.941732199227718 0
3959 0.185177388656329 0.5724121315901292 0
3960 0.9312017093955164 0.1359382111238398 0
3961 3.178254813712441 1.084655128650916 0
3962 2.60328988230399 0.8698436344925636 0
3963 0.1395878641571781 1.35277211170129 0
3964 0.2110429845405826 0.7885053773273389 0
3965 1.282934736379176 0.7439246511394544 0
3966 0.4368474317074363 1.349943313704895 0
3967 1.009457205067754 0.873568071001151 0
3968 2.130412772113643 1.432775959753694 0
3969 0.9843501924341609 0.7443453976492945 0
3970 0.2608585605830788 0.7018870341808887 0
3971 0.9594121246410957 0.3548741117155421 0
3972 0.7107366373385231 1.046801773793782 0
3973 3.428452168942327 1.25714085525513 0
3974 1.333631483125794 0.224598279927552 0
3975 0.1861725065187801 0.7455111046418423 0
3976 1.401028233255209 1.746171920523995 0
3977 4.577290060780676 1.081448543362546 0
3978 1.109031852024043 0.8734257643847005 0
3979 4.027830209110034 1.169205775088952 0
3980 2.479520763925393 1.512708085340007 0
3981 2.25481877290857 1.303082843048641 0
3982 2.404116337212975 1.129817740244597 0
3983 0.5352009016643278 0.4852070497512133 0
3984 0.1851342432076682 0.3127066824791238 0
3985 0.5859780838129072 1.003890094646555 0
3986 0.7348235358026611 0.3984040208611695 0
3987 2.854001942958514 1.301732580988699 0
3988 2.229724752733171 1.521459002397878 0
3989 3.69220507213823 0.1901561110818727 0
3990 3.657738475064008 0.2300131849967332 0
3991 0.8104763491944031 1.046616057157097 0
3992 4.327266961697775 0.9954642322263655 0
3993 2.379473501910257 1.259547349631487 0
3994 0.5362195344718459 1.090383929115527 0
3995 1.109076245688853 0.3546975968127312 0
3996 0.3621880627074648 1.479839531830892 0
3997 0.8848704752761656 0.8307329104967169 0
3998 0.8608627156465443 1.391997827895317 0
3999 1.384207068080238 1.347569127697686 0
4000 1.359432715278982 1.390927316294219 0
4001 4.801840818599316 0.9511035487293175 0
4002 0.7613551363320041 1.565069449012407 0
4003 1.87719140534532 1.084805548813133 0
4004 4.052731181553989 1.125876451240403 0
4005 3.377926955866788 0.9976312962116121 0
4006 2.503361099479034 0.8701182464573852 0
4007 2.428746692189815 1.000059210569187 0
4008 2.205130130077039 1.389767068837035 0
4009 3.478232857547143 1.170485312738592 0
4010 4.576948793277261 0.9083739871868652 0
4011 1.582708999211736 1.608037264228259 0
4012 0.3363226369917005 1.004598654991858 0
4013 1.308012761932039 0.8729958599834604 0
4014 1.208915452133305 0.3545248911021058 0
4015 0.8351832309694198 0.917115173899954 0
4016 3.153160663446477 1.041440109512438 0
4017 0.2114469490736507 0.961496211516905 0
4018 4.652343018308993 1.124524597339743 0
4019 0.1600137469820783 0.2694905686913975 0
4020 0.4852397919378338 0.4853083068601101 0
4021 2.379042562837893 1.086644770573517 0
4022 2.878885964790146 1.258419837264862 0
4023 0.8097849411913188 0.6149086651540006 0
4024 1.008887534588452 0.615123586707391 0
4025 1.282904817284577 0.5715424359340382 0
4026 7.83705591257186 0.5454128769166507 0
4027 1.308525924305211 0.3544816997354366 0
4028 0.161607987587675 1.221801172322199 0
4029 3.777996810409757 1.169795336179418 0
4030 3.553239437955458 1.213589106932792 0
4031 0.8348664934403958 0.744540708839745 0
4032 4.127744566105539 1.168941868468671 0
4033 0.1878207533329881 1.610059896501943 0
4034 1.034146046943209 0.7443142721787768 0
4035 3.103223117107128 1.041606210428434 0
4036 0.7364742487843763 1.608345580376528 0
4037 3.452976780885184 1.040733942342234 0
4038 1.4331780210166 0.3110472684632166 0
4039 1.706645916850216 1.563413977731637 0
4040 3.578159036297598 1.170245920626747 0
4041 2.006008537667215 1.563027544750696 0
4042 0.7115887452706259 1.651634938247473 0
4043 1.806554454484238 1.390523169233516 0
4044 1.632932491987398 1.347255042777137 0
4045 0.9354808946055269 1.262282131639496 0
4046 1.407741418412935 1.044980241371059 0
4047 1.283804448296998 1.174608812160866 0
4048 4.65196101969595 0.951432606590816 0
4049 1.730351560641933 0.4845418816938915 0
4050 1.630759694376714 0.4850064420548558 0
4051 0.4864643885599778 1.176920180730439 0
4052 0.1328958625520213 1.615532146795513 0
4053 1.53268848856696 0.3110217732416753 0
4054 2.404518324364741 1.302703747387748 0
4055 0.3117630898422792 1.220922358977786 0
4056 4.177683936717868 1.168788120503836 0
4057 3.477879677635266 0.9973989245607024 0
4058 1.80530510069381 1.560898306745389 0
4059 1.383510251977583 0.224497971132584 0
4060 1.906909224869942 1.560009874677105 0
4061 3.65314769786585 1.213360021034537 0
4062 0.1135568902015954 0.2671183615910274 0
4063 1.558206546355959 0.09461574582770249 0
4064 2.953903121606505 1.301501673199223 0
4065 2.155087686635506 1.303198450945978 0
4066 0.6847727468673015 0.3119496561526646 0
4067 2.148380272835917 0.6131083682531457 0
4068 0.1865188876263294 1.004801295201829 0
4069 3.678084126838912 1.170008967853043 0
4070 4.202596125961223 1.125496350253398 0
4071 1.629249572490282 0.9995407510472498 0
4072 4.701923675808059 0.9513172778169179 0
4073 1.45854872666205 0.2675624765954425 0
4074 2.978795089967226 1.258186646730631 0
4075 1.33259117949479 0.5716429176596804 0
4076 2.252102453701304 0.5951515056883454 0
4077 1.558347342871852 0.2673920949835628 0
4078 0.7865535621803983 1.694927974264853 0
4079 3.4533379626796 1.213816531839343 0
4080 0.7097958206090851 0.3551806265701137 0
4081 1.456793730719674 0.700649529527148 0
4082 1.309351496853945 1.391170468288133 0
4083 3.552919236724723 1.040501639232718 0
4084 3.753050630794725 1.213137004444333 0
4085 4.726868334263658 0.9080477234940726 0
4086 1.732363967728166 1.347026140065246 0
4087 0.4608010284148741 0.7880603897019501 0
4088 1.332657536183107 0.7438549336345108 0
4089 1.632252969380258 0.3109331367161147 0
4090 4.277529476423815 1.168501113122816 0
4091 0.2109946533974069 0.7019990667459394 0
4092 0.7617791065535059 1.739335501449723 0
4093 1.727265653150823 1.084799075936856 0
4094 0.3367954433008707 1.26414229602225 0
4095 0.4854070950698294 0.5717891482146996 0
4096 2.753509435055129 1.042469314226858 0
4097 3.053796506302548 1.301278826420813 0
4098 3.577832982737669 0.9971660105416558 0
4099 7.623224443158109 0.8128543124222294 0
4100 1.580959941835723 0.8289828432944871 0
4101 2.698333519876419 0.3531674381828575 0
4102 7.434961245325486 0.577383490515509 0
4103 1.826864904792532 1.084682761569717 0
4104 4.327574496486616 1.168503878300398 0
4105 3.103590647502874 1.214624678953943 0
4106 2.915544665150952 0.4290351527443186 0
4107 2.475154947592755 0.2245128451913957 0
4108 1.481800684233775 0.8295616891810574 0
4109 5.793056243683237 0.1580697068551944 0
4110 1.556030424490474 0.7005353686332056 0
4111 2.128325679763706 1.173361859097339 0
4112 7.854885590555337 0.2442359795261842 0
4113 7.882161568532649 0.2062356340035367 0
4114 5.776069429285222 0.9932911448964467 0
4115 3.157442986194088 0.367491729828795 0
4116 3.20284582998892 0.3507905082836665 0
4117 1.358013429518964 1.045053364535869 0
4118 3.652861583174199 1.040269283995685 0
4119 2.428969081761681 1.086533758533272 0
4120 3.179494870133508 1.345101859208707 0
4121 0.3618725830674132 1.307266604999433 0
4122 2.180091467533748 1.346328074208012 0
4123 7.682285004355937 0.3961209029782989 0
4124 0.6351473164335503 0.5716191580862409 0
4125 6.90689746893214 0.3826083524784108 0
4126 1.655033184223646 0.7005994199795581 0
4127 3.677795401263046 0.9969172148394884 0
4128 2.747685247376086 0.1815863777737826 0
4129 3.299649968832368 0.3331236848538802 0
4130 3.395010025228113 0.3063242770359155 0
4131 0.1375686264214773 1.003884401013823 0
4132 1.781286935402117 0.3109152282052305 0
4133 1.731604207853868 0.3109360340269047 0
4134 1.65809330321124 0.2672233301932083 0
4135 7.814184276972662 0.1578256011333317 0
4136 3.541416203503149 0.2698279076902186 0
4137 0.8854554002041584 1.175986841192774 0
4138 2.04978268816478 0.9566903908960317 0
4139 3.078695378703083 1.257959071951293 0
4140 3.75278293362047 1.040063615776065 0
4141 0.8855766777215046 1.262334172282574 0
4142 0.7596207793230303 0.2687339123759166 0
4143 1.753994629725809 0.700434482191936 0
4144 0.1859211282329037 0.6587252566574266 0
4145 3.802746739427447 1.039944381854378 0
4146 1.979951867910389 0.3108215420837332 0
4147 0.8355333661784977 1.176017621584151 0
4148 1.880548212462436 0.3108574141459235 0
4149 1.807801336871997 0.2668570281073054 0
4150 3.827702133315475 0.996595414992493 0
4151 2.302686889727293 0.08877731223038399 0
4152 2.150640622498599 0.4412436714169298 0
4153 3.77501332158023 0.2146817595229121 0
4154 1.831364051711148 1.43387185752826 0
4155 1.978109859629123 0.484166209817893 0
4156 0.7840078289483735 0.2261980626100139 0
4157 2.000384842807837 1.042427828442842 0
4158 7.671092452344419 0.4808567942814949 0
4159 4.776809375797898 0.9079178706553501 0
4160 3.902588296323548 0.9531334277821388 0
4161 1.307717968879896 0.7008493437560751 0
4162 7.685406828308762 0.1797793813859342 0
4163 0.1608065030676932 0.6154979302390612 0
4164 0.1605714474560205 0.5291454907777327 0
4165 1.557834113132621 1.650295126726106 0
4166 2.351399078254891 0.2676292362738216 0
4167 7.807373353010864 0.5852330885342487 0
4168 0.4354671234979675 0.5718828519718473 0
4169 3.977574382686702 0.9962372186029747 0
4170 0.8354599749671723 1.089713729756447 0
4171 1.852628103374415 0.700164740957583 0
4172 4.002535028718296 0.9528956028501094 0
4173 2.524670959634925 0.2245662923615818 0
4174 7.767031388831289 0.7087331491073693 0
4175 2.62374090365354 0.22463465465835 0
4176 7.791918969169546 0.323971033777634 0
4177 2.049997597574482 1.042401931315129 0
4178 2.478898726093483 1.086434338791827 0
4179 1.926491275329515 0.8284274966147921 0
4180 4.077519520429095 0.9960079887684692 0
4181 0.6104274994695493 0.7014436999240156 0
4182 1.234433461562063 1.348175823522551 0
4183 1.208217529051068 0.7010183400106118 0
4184 4.102502659680026 0.9526534865415099 0
4185 7.424821757691146 0.3228038122992636 0
4186 2.797228448957597 0.1817553818191259 0
4187 7.674450853397683 0.2652825620309468 0
4188 7.551265186264026 0.6360433066394041 0
4189 7.678786015809494 0.6114883226151225 0
4190 1.357862904425513 0.9589597610950437 0
4191 0.835055482606732 0.8308392543322354 0
4192 7.330485221979352 0.4372739555936582 0
4193 4.177423792247135 0.9958170537170765 0
4194 0.1854526908801606 0.486348394684846 0
4195 2.945779017889735 0.181844522396341 0
4196 4.227382840679375 0.995713163727072 0
4197 2.528845139448083 1.086305812188048 0
4198 0.385526529495793 0.5719599811847927 0
4199 3.877645359524149 0.9964834723360094 0
4200 4.302274659112292 0.9522749766346996 0
4201 4.801722790658479 0.8647526942277224 0
4202 0.685155403341716 0.6582483177789695 0
4203 2.649093401036478 0.353280121040715 0
4204 6.809972227409511 0.3720795713385436 0
4205 7.517312399885324 0.3309669010290076 0
4206 1.184793069259352 1.348171561381596 0
4207 1.183430651494319 0.7441107809903983 0
4208 1.906701107319799 0.2672154914052098 0
4209 1.25797112470468 0.7009254168250081 0
4210 4.826398077055847 0.8233171499141082 0
4211 2.578794954005765 1.086178918301111 0
4212 3.221406804196505 0.1364680564464508 0
4213 0.8101848382380528 0.8740330980247917 0
4214 1.059934718249628 1.2183999394988 0
4215 1.308128937586055 0.9590102549200077 0
4216 3.319331394573529 0.1391624001413468 0
4217 2.074580241788143 0.8282106106581506 0
4218 0.5359199895430387 0.917631278137274 0
4219 6.325177446561373 0.04331549211108678 0
4220 2.628727638810894 1.086059455787879 0
4221 2.728465435126272 0.9992885980651276 0
4222 1.158695390045034 1.392075040545769 0
4223 0.3604856404605878 0.5287679002256347 0
4224 5.978390289263957 0.2660538819389037 0
4225 7.558846062113025 0.7668107394553438 0
4226 5.970164896763874 0.1332343607655378 0
4227 6.201967174666947 0.08523127428677026 0
4228 6.510841328693624 0.2076575951393027 0
4229 5.920933710726311 0.1286766855093404 0
4230 2.653597092297072 1.042745684908674 0
4231 5.321222659689643 0.1388439935312263 0
4232 1.283206983987125 0.9160313194895791 0
4233 2.678489507722096 0.9994160635142466 0
4234 7.535747506821129 0.3770238118090006 0
4235 7.652160483446295 0.4352622642207591 0
4236 7.022447731012369 0.2305630719212924 0
4237 5.64429553322152 0.1346846894082202 0
4238 2.803456394349989 1.0423887603831 0
4239 0.3105272183345625 0.5288276707603445 0
4240 2.853435904358475 1.042258081480866 0
4241 7.618052098376976 0.1283974146932395 0
4242 7.390244668369109 0.2369122452440502 0
4243 2.903456685351294 1.042134982713435 0
4244 1.085142149064902 1.348278930019132 0
4245 3.0533228247511 1.041749718048256 0
4246 1.981600965999819 0.2238080605000323 0
4247 0.5360939881065155 1.004042332875884 0
4248 5.744196655362054 0.1539627429903854 0
4249 2.978439187112303 1.085224002745025 0
4250 3.17787859284684 0.9116168556931632 0
4251 2.549668251790012 0.1814566085712615 0
4252 0.7603187118091391 0.8741305798812189 0
4253 3.003405061287862 1.041879539513272 0
4254 5.550734094612261 0.7850090881047223 0
4255 7.383673104882817 0.1086842625099619 0
4256 0.6601677271701968 0.614905781264534 0
4257 5.1258082521509 0.1150599386812799 0
4258 0.2854550614800284 0.4856350350911397 0
4259 1.753407143350604 0.8708578538460383 0
4260 5.575185443578797 0.7429281344201348 0
4261 0.235310166026362 0.4858728902022585 0
4262 2.049782503715829 0.7856417044983234 0
4263 0.7104470577053621 0.8742391995626326 0
4264 0.5112214492095096 1.047305657574887 0
4265 2.403285875039423 0.8707547579023038 0
4266 2.031724776929011 0.2233906732683125 0
4267 1.133684955635207 0.7441995274994992 0
4268 7.416071659835591 0.5324233422334164 0
4269 1.009501269457307 0.9598444226065588 0
4270 0.785606249740591 1.089747785154069 0
4271 7.159036792187763 0.4564314579968508 0
4272 0.5614681533125621 1.306293058350343 0
4273 7.442637660293031 0.7071084104056713 0
4274 0.6600144413821429 0.5283528345444927 0
4275 6.671285386627237 0.8645451271906013 0
4276 6.071518921279599 0.73305742159276 0
4277 0.586474861452791 1.349464422468911 0
4278 0.4863412748649352 1.090572416172046 0
4279 1.831613300810871 1.346801246524278 0
4280 3.078234973933761 0.9984599838050409 0
4281 7.178076986502575 0.1675983841030225 0
4282 3.103117528334761 0.9550969043011485 0
4283 3.127968619789168 0.9117535451820455 0
4284 1.208617634179345 0.5280544016531794 0
4285 0.73574220663653 1.089832587172666 0
4286 1.108712693895596 0.7011756635122881 0
4287 4.252360894661976 0.9523642532962644 0
4288 2.103853197869936 0.2676544968627293 0
4289 0.6854923474516935 0.8311132004161199 0
4290 0.6613245583271035 1.392439608990905 0
4291 2.896264928753978 0.1820834896172435 0
4292 1.025266085222079 0.04459104110296259 0
4293 3.202594560231458 0.8683874638280011 0
4294 3.226456975014588 0.8256994862269886 0
4295 0.4614667813312943 1.133815044696372 0
4296 7.256927629486309 0.1334372561387695 0
4297 7.282734472579003 0.4304279034318866 0
4298 0.6365311769179123 1.435808518208813 0
4299 1.058922539236425 0.7012427063815837 0
4300 1.233480736192745 0.9160837291430567 0
4301 2.153453826149968 0.2676204300644551 0
4302 1.009753197235638 1.046024726308049 0
4303 6.125531211131585 0.7337304584154239 0
4304 0.6615237805662919 1.478926544207864 0
4305 0.6604853178764447 0.7879609290344229 0
4306 7.275126549959703 0.1790607241049325 0
4307 6.418656537812884 0.3260114313327305 0
4308 0.7108845365972964 1.133062635022946 0
4309 7.957371402445618 0.2251196961943624 0
4310 4.327219284492539 0.9089949829843698 0
4311 7.704609686641094 0.2258017207177498 0
4312 5.90090829192515 0.8644000345417475 0
4313 4.352116472183381 0.8657389534969617 0
4314 0.4623423927957752 1.739107718602708 0
4315 0.4622365911886946 1.652449861436665 0
4316 0.4611606217610544 1.822135268136959 0
4317 2.180797013036343 0.2232539969041064 0
4318 2.126891800574439 1.087130800474127 0
4319 0.6860155080472337 1.176317868841352 0
4320 0.4115184388902761 1.133957827320758 0
4321 1.08444441449681 1.088718066381885 0
4322 4.377522700937512 0.8234505208967559 0
4323 0.635462159724256 0.7447501112850736 0
4324 1.183712881100108 0.916181832648868 0
4325 7.016073622918443 0.1049899902516432 0
4326 1.009185671285079 0.7013262379434093 0
4327 0.6611348299822799 1.219571991729592 0
4328 1.407656366199278 1.477304938492824 0
4329 2.252986455983717 0.2676628196814155 0
4330 0.6362348268368232 1.26282677592252 0
4331 1.28365092293703 0.3112881942326101 0
4332 0.5863566620809235 1.263022005278611 0
4333 0.9841960609905414 0.6582189619573465 0
4334 7.130061516291382 0.1616334582785625 0
4335 0.3616034400244911 1.134077882158462 0
4336 2.327677238176696 0.2249991717208878 0
4337 1.90164134162607 0.8710395529172368 0
4338 1.133979900987586 0.9162165664427522 0
4339 0.3366780208876646 1.177442968369616 0
4340 1.234049046693596 1.174698188523482 0
4341 4.051544546628787 1.299182671989646 0
4342 7.62455362849187 0.04296067909442164 0
4343 1.308571608374745 0.267948434620121 0
4344 1.034499881837625 1.002732232873623 0
4345 0.9591942078124607 0.6151335021674698 0
4346 1.980684847231202 1.346670414525142 0
4347 2.074544032819785 0.9995994975665705 0
4348 0.6366801850569174 1.522197173197321 0
4349 1.084208907744035 0.9163229359357756 0
4350 0.3870495969894281 1.350179713171705 0
4351 0.5868696620597531 1.522327710916599 0
4352 0.9093848196128687 0.6151178923008338 0
4353 7.636455406880838 0.1736552730620403 0
4354 0.5619404170639641 1.565599319898997 0
4355 1.034427080885517 0.9164197093154763 0
4356 1.034945502389918 1.17544011237478 0
4357 0.5120337303699252 1.565777179614553 0
4358 7.060705261802802 0.7551742081589103 0
4359 0.4871023506018997 1.609100168017805 0
4360 7.27866824228676 0.6395422973798272 0
4361 6.993464706812709 0.2689427964648661 0
4362 0.3621898413329314 1.393496470974966 0
4363 6.954608779162194 0.3888938882184262 0
4364 7.077039068367608 0.36379441629304 0
4365 7.464783211584075 0.5387427515153704 0
4366 0.4871891062033488 1.695600173657244 0
4367 0.4874773300858719 1.781992280969598 0
4368 0.3373166342051721 1.436776544219821 0
4369 2.599373740527904 0.1815278415102755 0
4370 1.1833758734472 0.5716120359174465 0
4371 3.871823223145517 0.1848599556906368 0
4372 6.408634723172982 0.9072278875195963 0
4373 7.701218392520017 0.4417400903435699 0
4374 0.8844214395281103 0.5717578727872208 0
4375 7.242538281843729 0.5504828308465203 0
4376 0.2872259928176892 1.436990899684762 0
4377 7.098101275234182 0.6712906925165045 0
4378 0.8595764130749028 0.5283092991139129 0
4379 2.674264819322981 0.05080949195664838 0
4380 0.2372836002011959 1.437167659003313 0
4381 0.2124260396048478 1.480304841262615 0
4382 0.1623735809566031 1.480499640698711 0
4383 6.947430955298899 0.80843780709517 0
4384 7.119789580260239 0.5716142171518633 0
4385 2.100006839661778 1.042980416201247 0
4386 1.43325856117558 1.174416687807283 0
4387 1.483484229329601 1.347227642005126 0
4388 7.49454853618467 0.5000150119822383 0
4389 0.08741198906568182 1.900533904836241 0
4390 7.75043618331445 0.4483213907209884 0
4391 1.05972052021868 1.132042103799977 0
4392 4.47707839381769 0.04048849431126636 0
4393 1.03399209220273 0.4853545861416321 0
4394 7.112554003203597 0.4508673418997889 0
4395 7.410491920117688 0.7528541565183975 0
4396 1.382727356599204 1.434444745376271 0
4397 4.893384469530186 0.2837960190629322 0
4398 1.827920445545091 0.8283184482026874 0
4399 2.575304038813538 0.1379603469030151 0
4400 7.769247914842386 0.4939132079260726 0
4401 2.822455514080264 0.1389055112935054 0
4402 1.409200196345264 1.390148877585653 0
4403 7.313087284093826 0.3938927441685731 0
4404 6.62364079904853 0.04569711746719907 0
4405 1.802895844347424 0.8709901779631656 0
4406 1.308090793869879 0.5282857273127751 0
4407 2.226286526234712 0.912863524097228 0
4408 6.863039343274429 0.6951225206209257 0
4409 2.099433885259063 0.7855319187321261 0
4410 0.08590627419610714 0.3998627261992733 0
4411 1.382836224682027 0.4848403386944505 0
4412 7.817649512594716 0.5006508438090662 0
4413 1.729045642120562 0.8282881418733841 0
4414 7.543263483337842 0.5063050904763501 0
4415 6.932563500118567 0.549237610288077 0
4416 1.531969671244283 0.4845847948927123 0
4417 7.29007070569289 0.5570173170716549 0
4418 7.146256364688485 0.08283529029108921 0
4419 3.780818871165306 1.342865706334949 0
4420 6.974356509848204 0.2242664672150268 0
4421 7.562081218215644 0.5517465133063602 0
4422 1.05962352830102 1.391276279595248 0
4423 1.000871412773384 0.09230701681483737 0
4424 0.9758363833889696 0.04497656233896397 0
4425 6.935067744370153 0.6462291480594597 0
4426 1.03471592448211 1.434394834875397 0
4427 2.229603024939087 1.174260495082381 0
4428 1.00985305393405 1.477647090711799 0
4429 6.991663571800737 0.4760986079169013 0
4430 0.9851398935386935 1.521115303520663 0
4431 2.254233320215749 1.130399440144295 0
4432 7.248168375785454 0.8285188410708348 0
4433 1.010058749073459 1.564871660419091 0
4434 1.034905095580229 1.608596946050248 0
4435 1.009687032632844 1.65275205840937 0
4436 3.940597999881234 0.1323527883725821 0
4437 0.9846546107529968 1.694396115983589 0
4438 7.580864024383766 0.5973526859765627 0
4439 1.458115749688047 1.390415370325698 0
4440 4.979353650096599 1.166765525193469 0
4441 6.175903791131202 0.043954990564953 0
4442 1.530703611911522 0.916222842767499 0
4443 2.97709859499547 0.8269854783821621 0
4444 1.679805029710752 0.8281866906861497 0
4445 5.039241170607337 0.3027445523807265 0
4446 6.02400221847962 0.8215510846256957 0
4447 1.555714597527408 0.9583733680721001 0
4448 2.871624760308813 0.1399264679302206 0
4449 7.599763653153095 0.6431798764364332 0
4450 7.308364417821055 0.6019679879954442 0
4451 1.654747025557314 0.8709311531650528 0
4452 1.955904600622808 0.2673383854698911 0
4453 0.08485845351590239 1.001449616046302 0
4454 2.153072989742546 1.130401441881539 0
4455 1.879437737107962 0.4841787360148624 0
4456 5.552332143020768 1.123095307207815 0
4457 1.605364544555905 0.8712057577714841 0
4458 1.556005585205002 1.04389636936642 0
4459 0.03967014487308225 0.7247873385558405 0
4460 0.5617350885009644 1.865232477211871 0
4461 2.14942627574795 0.7854886863526188 0
4462 7.618139853683027 0.6888465724110168 0
4463 6.887405673570013 0.6515412596802636 0
4464 7.141222743149357 0.4131481148558339 0
4465 1.55603558477135 0.8717309900902267 0
4466 6.897481573031699 0.2567707955618561 0
4467 1.555841704737353 1.131342612128332 0
4468 5.326765005582507 1.078040999035368 0
4469 2.052634003586158 0.440985812605566 0
4470 6.097742461268613 0.7738119477425358 0
4471 5.626161449823549 1.076767337865335 0
4472 2.019649430544633 1.610094027133163 0
4473 5.185125669133478 0.3216599862434867 0
4474 4.918964219790951 0.04422319970309814 0
4475 6.388776386162434 0.7000762210416955 0
4476 4.031001865255794 0.162261509446124 0
4477 5.420609923807201 0.04600247370610661 0
4478 0.6987666615804061 0.08856298512666519 0
4479 1.18012304799169 0.1362936798645259 0
4480 0.08779332212703574 1.087027567659478 0
4481 1.152737809943724 0.09048101910787922 0
4482 2.932943879352026 1.516879226895922 0
4483 2.172620398169022 0.5694514918417539 0
4484 2.973200131886372 0.04780470363595705 0
4485 1.580263656759117 1.000555189261543 0
4486 6.909023449805756 0.08852471740124995 0
4487 6.849400319134041 0.2506430919518957 0
4488 5.95327781299409 0.7804331167867129 0
4489 1.434709438897585 1.606540497207687 0
4490 3.614839161605595 0.2240021014494978 0
4491 3.208722781271275 1.386756222174447 0
4492 7.44215478722963 0.7970935477237426 0
4493 1.580354409350082 1.086836658430074 0
4494 7.124386017101301 0.3691809755225151 0
4495 5.900802853362904 0.08469008432321047 0
4496 7.296866441126832 0.6844029153037963 0
4497 2.278679071938782 0.2243298896096474 0
4498 3.526794170486832 1.428377887596541 0
4499 7.865471049238606 0.5066081713766272 0
4500 6.140142904303636 0.9487432882900195 0
4501 5.329282674099947 0.3412720973926754 0
4502 1.149986042463664 1.783525358879876 0
4503 2.427247846673632 0.8279670962389603 0
4504 1.751172755400934 1.126742843049765 0
4505 2.226243584946637 0.3961213599329967 0
4506 1.730658444930347 1.605063731421911 0
4507 0.3172521480689162 1.909571635421969 0
4508 2.477871290771903 0.8287862967994228 0
4509 2.357917371445238 1.561629859542581 0
4510 6.829148762330959 0.2054991502359187 0
4511 2.4006832451604 0.784901445393646 0
4512 2.527983224043044 0.8289382261798932 0
4513 5.222612858722773 0.1277586821058875 0
4514 6.945315063094872 0.4695936765216908 0
4515 2.578033743604601 0.8289528831674128 0
4516 6.261347057791024 0.1749241600225649 0
4517 2.349999660835014 0.7840116545151973 0
4518 2.352687161397854 0.1814386149624576 0
4519 5.248251981916125 1.167763350103682 0
4520 2.62800299429569 0.8288821515027274 0
4521 7.345006134139205 0.6918158703167059 0
4522 2.351289085462836 0.08662629911268092 0
4523 5.995851916938214 0.9458949503482545 0
4524 2.377526391237595 0.1388677365019313 0
4525 2.678141498567621 0.8290017096861243 0
4526 2.728110544075719 0.8289311104759223 0
4527 1.995855172675297 1.656073078521384 0
4528 6.717581516370774 0.8609042719596633 0
4529 2.778091538854725 0.8288600688827048 0
4530 2.300190484675439 0.7839384281461952 0
4531 5.595073071167493 0.1385697542282457 0
4532 4.251360886887629 0.7816459356094816 0
4533 0.07614960793803052 0.05051598182380944 0
4534 2.828064467977204 0.8287907840340044 0
4535 6.752063964711696 0.2381605448000427 0
4536 5.50123987200457 0.3271100992762351 0
4537 2.027704066863282 1.172400395634683 0
4538 7.362791000986806 0.7360537854853232 0
4539 1.183825320178144 1.605128921038103 0
4540 2.878046363569177 0.8287201853004161 0
4541 1.159012354870553 1.649837223327124 0
4542 2.927840003812148 0.8283811189252548 0
4543 6.926268989554987 0.4256501466873155 0
4544 3.000228410477066 0.7838842737584417 0
4545 2.897533353438191 0.09484568529052302 0
4546 2.25098747694811 0.7842189578760013 0
4547 1.630978596639608 1.173596090838731 0
4548 6.702629148268311 0.2311945774666181 0
4549 3.05018424349925 0.783723078549035 0
4550 4.401740740103536 0.7818653419734529 0
4551 3.099998788721664 0.7834553053443103 0
4552 3.122250692847406 0.1363619361607188 0
4553 5.901526652954612 0.7824833698581959 0
4554 3.150001254797826 0.7833932983203526 0
4555 2.523392449013109 0.3998357635713932 0
4556 0.8845246146225565 1.780310237104473 0
4557 5.824355590241415 0.04140282255532306 0
4558 7.15404521970282 0.3313351246029608 0
4559 6.681784652391324 0.1864499401464484 0
4560 3.200000049204517 0.783331463529919 0
4561 3.250139957323809 0.7835141164044563 0
4562 7.955940435749397 0.08052743084971925 0
4563 4.551561342524238 0.7817201930575797 0
4564 0.03908078748320436 0.124140120578503 0
4565 3.299998747116769 0.7832669558959132 0
4566 7.597488055601696 0.08455799315448111 0
4567 6.431432864858747 0.943755104811191 0
4568 3.350138180389545 0.7834024125583859 0
4569 6.016668005197301 1.014008451026608 0
4570 6.605867361986566 0.2194839550624664 0
4571 3.399998724968638 0.7831554209511351 0
4572 4.701694271191564 0.7812928660143819 0
4573 5.02712379080946 1.163449241713395 0
4574 3.450136279614159 0.7832944893950178 0
4575 3.49999870285713 0.7830456324069097 0
4576 4.958745528167722 1.212471099471173 0
4577 2.953613142031587 1.472182401262522 0
4578 0.03957833963210479 0.3256291679748001 0
4579 5.646858865945131 0.3482171400624559 0
4580 3.550134556940233 0.7831878351689598 0
4581 2.438419054120333 1.593746638327671 0
4582 4.550541775722746 0.08431187210176522 0
4583 2.200712551054392 0.7847293625217878 0
4584 3.599998678922546 0.7829360855472606 0
4585 6.595336430003702 0.08717428570624103 0
4586 6.586168978128203 0.174111488436915 0
4587 3.65013409184694 0.783081362728737 0
4588 2.867506748300061 0.4392523008562987 0
4589 3.700000062546748 0.7828275632642075 0
4590 3.742150671276793 0.17971381755583 0
4591 3.750132421218215 0.7829750982950696 0
4592 5.575440457671144 1.078088851784798 0
4593 2.637274878037868 1.569939586666706 0
4594 0.435341618798282 0.231375543356338 0
4595 3.800000065655034 0.7827184356102277 0
4596 7.201626678645231 0.3365557526784188 0
4597 3.849999933457892 0.7826647725752648 0
4598 1.605951826003288 0.09398796169642161 0
4599 6.796543987651059 0.6576927534113306 0
4600 0.7268555627865044 0.1366819716363495 0
4601 5.126772017726903 0.9105390115984668 0
4602 5.791255570697793 0.3675520875909123 0
4603 3.899998603292385 0.782608598416439 0
4604 7.181988721654724 0.8777916820245334 0
4605 5.875064842701741 0.8244620536857343 0
4606 3.274413793690031 0.04700688711105694 0
4607 3.949999930147706 0.7825559037046507 0
4608 2.343623482410483 0.5702476212054525 0
4609 5.276715140208114 0.9103110431871455 0
4610 3.999998575141591 0.7824998099429212 0
4611 6.580223424239676 0.9651764122256552 0
4612 4.049999926762523 0.7824473016258466 0
4613 4.512508689867503 1.281780492792257 0
4614 4.121663472491858 1.339549813097414 0
4615 4.099998547063878 0.7823912975464119 0
4616 7.233947997715255 0.2979492542616747 0
4617 5.426659270634748 0.909775125956966 0
4618 4.150251227984039 0.7826440695601484 0
4619 0.08439083357803842 1.600502098995856 0
4620 3.495709694633882 0.09186861110052898 0
4621 1.328763337528954 0.04876667670530739 0
4622 7.207515547744638 0.1312765613569808 0
4623 4.276400600546667 0.7408826409305669 0
4624 4.475800755993983 0.7409058095978752 0
4625 4.326936943964619 0.741202658396906 0
4626 4.201041184662213 0.7823679777549498 0
4627 5.650754169168795 0.8660813387005628 0
4628 4.426010325991962 0.7409419917673157 0
4629 5.201192929273771 0.08314920730132713 0
4630 5.501210645343054 0.8666523980048777 0
4631 4.428902583037581 1.250784836869857 0
4632 4.30903747082021 1.301118904917098 0
4633 4.625940544625839 0.7405730538493247 0
4634 5.82498890912616 0.8257923386330429 0
4635 2.001613679672999 0.6098170429412173 0
4636 4.352028144320935 0.7821172916660371 0
4637 7.910167010929654 0.1681942222386558 0
4638 4.501622119201342 0.7825216206520844 0
4639 4.575948035599138 0.7409106688665316 0
4640 0.04594694459982719 0.2256427153380035 0
4641 5.938956808141695 0.3859264986702871 0
4642 0.4602186675307617 0.2726178093588906 0
4643 4.775766734593077 0.7407446413121251 0
4644 0.7563991910910275 0.1816593087788321 0
4645 1.855502284132376 1.125824886861028 0
4646 4.72608297255408 0.7405890011856445 0
4647 4.651784947301707 0.7814710104197209 0
4648 7.281850443399005 0.3049157143648121 0
4649 0.5095254665178677 0.2707058328720673 0
4650 0.2791597103952401 0.04356807848867959 0
4651 7.124178965478769 0.04005149854191965 0
4652 6.339387859052758 0.7049764331608401 0
4653 1.63804964042519 1.690426925954143 0
4654 4.901157772084074 0.7835146839452204 0
4655 2.731098624651244 0.4749536954021186 0
4656 1.802371664414493 1.125220245542708 0
4657 0.3656462057680717 1.904132912000067 0
4658 2.497810671992494 0.5267467601856806 0
4659 4.801363450605768 0.7822970633296242 0
4660 4.851209223889428 0.7827903209041669 0
4661 6.063759981358952 0.4353047626925767 0
4662 4.976625582787154 0.8269593598535089 0
4663 7.125287434396277 0.7077101507783451 0
4664 1.064766431510756 1.734958196742502 0
4665 2.373582915925903 0.04378058305236702 0
4666 5.052390953372264 0.8699992581844783 0
4667 6.877695205358691 0.4181817710762514 0
4668 2.650011089852292 0.09411482504329641 0
4669 2.064886425271256 1.613357666330553 0
4670 3.820518937916335 1.386954377887742 0
4671 4.926650796533474 0.825278014093668 0
4672 5.20128660427074 0.8696678781097492 0
4673 1.030002781982246 0.1364955391584544 0
4674 7.875267350567412 0.4295411200083664 0
4675 5.001913391292103 0.8683923333604509 0
4676 5.351239886143344 0.8695534874215964 0
4677 3.066920918566878 0.390264913758531 0
4678 5.151445871512115 0.8696219542052691 0
4679 3.22060332751562 0.3073954386053319 0
4680 5.076978944236455 0.9103814300194117 0
4681 5.750373211222183 0.8662898225337102 0
4682 4.881689210387305 0.08708184249125719 0
4683 5.301413865770647 0.8694759713419284 0
4684 5.226886618065628 0.9104362608082328 0
4685 6.206272661976611 0.4555785592464549 0
4686 5.575616992550305 0.8257930434593478 0
4687 5.800102423941081 0.8663387282191746 0
4688 5.451348726523038 0.8682466296956761 0
4689 5.37682314983978 0.9101791294258055 0
4690 0.7229058423669018 0.04340454808279945 0
4691 5.525884012623053 0.8260907406116212 0
4692 3.391290376244784 0.2593308578258596 0
4693 3.563661769548503 0.2239307611657423 0
4694 4.525614489073224 0.04053976589298484 0
4695 6.829348233092825 0.4117356390494986 0
4696 6.356283860465708 0.1825732970356373 0
4697 5.875000741966423 0.0418357124650472 0
4698 4.124681977493663 0.1765622772380364 0
4699 5.725065358301903 0.8256568071615538 0
4700 7.048754305975561 0.6003288549215398 0
4701 5.67549250853782 0.8257474629542384 0
4702 4.704190940218313 1.2012735594988 0
4703 6.865400669098356 0.09218622827956721 0
4704 7.47141773851027 0.3238469062157997 0
4705 5.601196691089187 0.8663690411320972 0
4706 1.923687574984332 0.654566030642054 0
4707 6.211559867212946 0.9864071794623095 0
4708 0.3843263032950469 0.230970706150032 0
4709 7.917152861569955 0.6511056214530877 0
4710 7.348947327846837 0.8138287844828074 0
4711 1.950344847432656 0.6998938409682359 0
4712 6.778074175857833 0.4094282901522709 0
4713 3.256653562518748 1.383026010472905 0
4714 7.452452939802869 0.2821719317657353 0
4715 2.388800534507864 1.600078066240711 0
4716 5.302853910524558 1.111852589842253 0
4717 6.208057667808046 0.16897351499548 0
4718 1.485581735327878 1.602332182518363 0
4719 7.36108959720705 0.4017515529222389 0
4720 3.29701025573185 0.09280857331402012 0
4721 3.54869153736098 1.383693629488014 0
4722 7.568836992006084 0.1230094249311866 0
4723 5.551089044776304 0.07569783743890152 0
4724 6.54028321106502 0.1690171435238605 0
4725 6.291035895712402 0.944800693134096 0
4726 7.501048611816413 0.07957841837860209 0
4727 6.350034023760554 0.4762926030642934 0
4728 7.408537925183884 0.4086768760900291 0
4729 5.057721754382885 1.20067105785925 0
4730 6.747170207163597 0.6632433475676416 0
4731 5.798573923429011 0.08121377894077064 0
4732 6.476691895431761 0.6962072919426781 0
4733 6.567841439393319 0.1281020269435272 0
4734 0.6440967988693979 1.779958603286282 0
4735 7.242725785733167 0.08432295462536088 0
4736 1.261422762129125 1.639587844289623 0
4737 0.08300355462344569 1.797170700230093 0
4738 6.942177833493639 0.9220937902067046 0
4739 0.9322810137153658 1.777406801427277 0
4740 3.003739922871593 1.468362552376407 0
4741 4.017314585656634 0.03664965040288049 0
4742 7.440940554081333 0.3680750167247133 0
4743 6.792337306133078 0.8961745442666802 0
4744 7.790015549346434 0.7497073091947956 0
4745 2.779983957509359 0.4649399948142057 0
4746 0.3562298017476801 0.187695992523507 0
4747 0.303855560453194 0.07867329992975355 0
4748 5.152624856043848 0.08084976317224454 0
4749 6.313696396602797 0.7442015350422924 0
4750 5.65328822440544 1.113090247997009 0
4751 5.107879695840818 1.194370969314913 0
4752 6.496364632274879 0.4972723955573535 0
4753 7.158730351028038 0.1280995893875948 0
4754 2.522353499130938 0.4845362641903799 0
4755 4.759324080356655 0.2665794828735352 0
4756 6.746012289361934 0.900123101988348 0
4757 3.270467242774705 0.3018044991764952 0
4758 2.223744790406966 0.5636497481362346 0
4759 1.782158048746046 1.601257627262088 0
4760 2.681185323039169 1.507485536676869 0
4761 5.869988500247301 0.98732760125539 0
4762 5.040622811959447 0.08082777284115635 0
4763 4.460550538659414 1.289822480663522 0
4764 4.152034030286827 1.29174052984389 0
4765 6.861602612797146 0.897014642440622 0
4766 2.40513074357722 0.5213751637293802 0
4767 0.3863344020443258 1.86272810902799 0
4768 7.435876488850003 0.2399433607856568 0
4769 0.3301785641778826 0.1464197027212666 0
4770 6.641935049431506 0.5151079730567828 0
4771 4.831486481913306 0.08418220413951166 0
4772 3.880909890200966 1.334904428898047 0
4773 4.454707386116193 0.0801603868887671 0
4774 7.465123822941835 0.2003159590041106 0
4775 7.874795480633037 0.2811522669894498 0
4776 0.08157540344942206 1.848171374157863 0
4777 2.105783600993028 1.551280141174236 0
4778 7.488304907618721 0.7940275850093015 0
4779 6.238280676291721 0.9452589155002122 0
4780 1.344325074688796 1.600178746269762 0
4781 3.598499493951691 1.380646169895372 0
4782 6.721103185060413 0.7020735693608039 0
4783 7.493675357574132 0.1592450081802222 0
4784 6.494453845099336 0.1653732955621059 0
4785 6.72988412488169 0.4844523161091657 0
4786 6.824908342146016 0.03206063037181763 0
4787 7.962411916960387 0.7679968806421722 0
4788 4.667361073546468 1.262600703748002 0
4789 4.763048358783255 1.249722639537052 0
4790 5.354838422373946 1.162224915684002 0
4791 6.135148354075932 0.4084967988248154 0
4792 6.506469053116937 0.8981480032178908 0
4793 0.1187760135382984 1.22400861477086 0
4794 6.724448067189175 0.4109231697539349 0
4795 2.457667542274769 1.55312217150094 0
4796 5.494769692183954 0.1259998437402949 0
4797 1.834145683573498 1.598946513776402 0
4798 0.1206737895168141 1.476226936659665 0
4799 0.03904072246821362 1.920678140185169 0
4800 6.398222178611464 1.001739987264238 0
4801 7.454713148094851 0.0790339986945188 0
4802 6.180125328177313 0.1277893818035097 0
4803 7.102700564940093 0.7484715713769778 0
4804 7.596717707496612 0.778495567479085 0
4805 3.792391161369487 0.1736734792948924 0
4806 2.528205783935654 1.510346754850929 0
4807 6.085907055018428 0.4000704338070851 0
4808 2.92880742962119 0.3862791707242074 0
4809 0.979485118100151 1.772641633765932 0
4810 5.944227982799305 1.072511941883359 0
4811 6.012210493439312 0.430404718550012 0
4812 0.1229152910029496 0.8752532519578735 0
4813 0.3596601670023558 0.06606941957452406 0
4814 6.28112582227047 0.4292531057172518 0
4815 7.090869500520435 0.9014714148579563 0
4816 7.073730799947247 0.03770072673120779 0
4817 6.233493383996586 0.4222588497040457 0
4818 6.155542579973909 0.4497602147698141 0
4819 5.772641439069725 0.1187564381961947 0
4820 5.912076689936976 0.4184106420770529 0
4821 5.989229277994568 0.3907072780651218 0
4822 7.861468300622557 0.1666173707215604 0
4823 7.004067676341812 0.8807703470668391 0
4824 3.285826770845685 1.420988010645296 0
4825 5.865473739373495 0.41209076229465 0
4826 6.247069998892106 0.7081719141535668 0
4827 1.275397820294259 1.601278329360904 0
4828 5.108400948028597 0.07909874054910353 0
4829 6.427838510426747 0.4510944950231134 0
4830 3.052608412211204 1.464979106994358 0
4831 5.702275378786087 1.10625982485786 0
4832 0.08179566615800361 1.542372209112135 0
4833 2.064435473959878 0.6533323807644241 0
4834 0.6748772161856993 1.816585498346925 0
4835 6.315474120702336 0.9841949171263087 0
4836 5.844207246741268 0.3722574538498775 0
4837 7.637422285523469 0.7244720705102653 0
4838 5.766128253408599 0.3994524943024403 0
4839 3.089927106891285 0.346924263003563 0
4840 6.379255972807528 0.4435030552579649 0
4841 6.302286736383211 0.4696792812920855 0
4842 6.874346535340198 0.9312099088548564 0
4843 6.573434399747601 0.4719516870787426 0
4844 1.5684481647782 1.688018862476126 0
4845 0.1205842735384411 0.6210431024491753 0
4846 5.719950529511935 0.3931279000685032 0
4847 3.629648006992634 0.2592045384043582 0
4848 4.776821672287105 0.03035217121930811 0
4849 0.08127491414302787 1.160972024213441 0
4850 2.734600924211855 1.558102293723255 0
4851 1.885686836063654 1.597106984186064 0
4852 4.522732857066687 1.244135680184738 0
4853 5.622273281225912 0.3815263800609532 0
4854 6.656003383066725 0.6664295060700103 0
4855 5.698658734670232 0.353261736703737 0
4856 0.1235137408083906 1.732958251530666 0
4857 6.446783917985922 0.1660066798924099 0
4858 0.4356054723439461 1.858560061616724 0
4859 0.4330400182196401 0.03400144913285297 0
4860 4.405619268897709 0.07743053992633153 0
4861 6.954793617228207 0.8828446516277875 0
4862 5.128163163491561 1.155709016336161 0
4863 4.198038600661461 1.290967853773515 0
4864 7.521433338015679 0.1206248096029203 0
4865 6.448336215539582 0.4903687510654909 0
4866 6.525175090324815 0.4646244693039288 0
4867 7.092705875346293 0.6020696756579792 0
4868 4.135061386282636 0.08981589193101552 0
4869 4.105627881826158 0.1347657536338604 0
4870 7.830304855990777 0.3354453041853754 0
4871 5.913927581829537 1.038200676593677 0
4872 7.408620487121169 0.0778307321267019 0
4873 3.931482308638786 1.331372551147743 0
4874 7.923002509366402 0.2039448002671947 0
4875 5.576536627556863 0.3800075513878007 0
4876 3.32880698005585 1.469824311389649 0
4877 2.537620390615245 1.586588990634377 0
4878 7.969499080218492 0.1249999999997546 0
4879 0.07375311886802954 0.9515237530706977 0
4880 6.465727410623271 0.9514559457061685 0
4881 0.1232277246043291 1.314368856140916 0
4882 0.1187786323056135 0.5265033275576332 0
4883 5.548038683587746 0.3287303202363502 0
4884 4.086413265679963 0.03671181817074167 0
4885 2.168213517532507 1.597341818079232 0
4886 5.476946121517327 0.3618844412816767 0
4887 7.926496186406154 0.549999999999372 0
4888 6.762548294499073 0.07738174245621549 0
4889 0.07356078012339112 0.7985885359788114 0
4890 0.07344577950311001 1.399999013035456 0
4891 3.645770681851789 1.37808239281785 0
4892 6.593788247415103 0.5101175822339655 0
4893 5.72315093947136 0.1163684824759955 0
4894 5.448336693173935 0.1251470629911123 0
4895 6.66300994144496 0.4814670318610962 0
4896 3.445239660873862 0.3083395958769687 0
4897 0.03384386337683973 0.03566135056512072 0
4898 0.1239452062728355 1.662224987386479 0
4899 0.06902958088103148 0.09737409315858417 0
4900 7.963652036772269 0.03634796322768039 0
4901 5.430207365681472 0.3593229721805176 0
4902 0.07217613872909315 0.7008902386365844 0
4903 6.208436332384634 0.7051684752249804 0
4904 4.810428903688199 1.248538370192207 0
4905 0.0728697501261943 1.049999999997445 0
4906 5.400969653616322 0.3090311234482377 0
4907 5.351958442086357 0.3041271338313659 0
4908 0.07218605921136712 0.350138119549964 0
4909 6.549411522437651 0.8922811826078547 0
4910 0.07253701295746351 0.4499991542923322 0
4911 2.792616751485193 0.4278882745991858 0
4912 7.882590393262224 0.6775226739287344 0
4913 3.314746719648185 0.2976394369152052 0
4914 7.025365896909648 0.9141977690575568 0
4915 0.9989220913970207 1.730148842877264 0
4916 7.04658663368331 0.07244579985968161 0
4917 2.268463848868295 0.5595696811878141 0
4918 7.37303858550225 0.7724628273626855 0
4919 5.285990263807677 0.3429762472483269 0
4920 4.587107073244424 1.251406271726826 0
4921 5.208214247678466 0.286887175836291 0
4922 7.836263934741678 0.7484937847063181 0
4923 5.252705655645715 0.2858997906264842 0
4924 3.098529006755102 1.46204948913789 0
4925 6.117241349823667 0.1674965680850115 0
4926 5.028482726067089 0.1149131212931318 0
4927 6.616253202473882 0.6648047520106427 0
4928 7.90269282487607 0.737250933996577 0
4929 7.122138683702381 0.7825922410698849 0
4930 4.96826770215532 0.100717041956957 0
4931 5.717166489500077 1.0697733773951 0
4932 4.770272693337372 0.2309979883008127 0
4933 7.884603740740826 0.4741579282149766 0
4934 1.359934564558138 1.635217562119434 0
4935 0.136368124838848 1.904289445954011 0
4936 2.430415462872401 0.5558141858939759 0
4937 2.504915860336699 1.549476214572604 0
4938 6.425617617313629 0.2009040026260511 0
4939 0.7166620417987599 1.812972169566802 0
4940 5.140722364080058 0.3244209790766066 0
4941 7.258004340964072 0.7917818573331209 0
4942 5.105127445890517 0.2657711769291634 0
4943 5.059486870209319 0.2650695316533926 0
4944 4.73106998069867 0.07751192533811657 0
4945 7.530308883374642 0.7913787592588573 0
4946 4.358751888850313 0.07634326484663417 0
4947 3.900501607613539 0.1381336895009049 0
4948 6.168147957418828 0.7547256417663355 0
4949 7.841001891334696 0.1308095710338235 0
4950 0.4817464837664419 1.855961568270982 0
4951 5.403351481293127 1.161849381413362 0
4952 5.174728784656484 1.152512885306895 0
4953 3.160352122144356 1.445816411624373 0
4954 6.33121778023718 1.017731650997393 0
4955 4.995455416308706 0.3058585712329597 0
4956 2.779548252536301 1.502065333975123 0
4957 4.236757315511028 1.289437029508489 0
4958 1.649442517434313 1.724228648806829 0
4959 4.958468350479458 0.2470436810795195 0
4960 3.83618419332528 0.1674409167065828 0
4961 2.587831841064172 0.5236605127033878 0
4962 7.100898316621922 0.8647973057537244 0
4963 0.4456023371945302 0.1141696164989318 0
4964 5.676645825622102 0.1134087815326422 0
4965 4.913627286392133 0.2472673306060959 0
4966 7.363907660864187 0.07718532840453071 0
4967 0.3687442853656848 0.03089273396396397 0
4968 4.252374470405654 0.07315105116134231 0
4969 7.214301056329847 0.8387953100712601 0
4970 4.692292505643225 0.2577900559744528 0
4971 3.977148784181904 1.32623201707672 0
4972 3.376741745508018 1.417291383578702 0
4973 6.719096826422462 0.07862657073484602 0
4974 2.970508287100095 0.3791613579174273 0
4975 4.850193018930608 0.2872620354397983 0
4976 0.3107231412171224 0.1140517777162455 0
4977 7.144483387238118 0.8493605188242299 0
4978 4.813351223664696 0.230153176875994 0
4979 3.69468460270638 0.2404142039412141 0
4980 2.211945489110084 1.598140335491978 0
4981 1.520460818910351 1.640173430135567 0
4982 3.693421588295206 1.375897008283491 0
4983 5.838184609979814 1.025117116917876 0
4984 6.015399273594005 0.9775218587984591 0
4985 1.929364734273888 1.590217790562408 0
4986 6.652108795653469 0.9674453781543011 0
4987 7.001410185612079 0.06921445707499141 0
4988 0.03450885254423415 1.959913693954816 0
4989 0.07460704183812937 0.1902154977988904 0
4990 7.109107083479251 0.6371407068679751 0
4991 7.813410811951631 0.07645347569214278 0
4992 3.128695136355606 0.3437073671160542 0
4993 1.076208363759816 1.768961108162365 0
4994 3.924792192578777 0.02661294929427757 0
4995 1.407069119299583 1.631819541122248 0
4996 5.375767846109508 0.02814503846124143 0
4997 3.922432529552124 0.10193267803804 0
4998 4.608097624500325 0.2551164665269983 0
4999 0.07548349024249967 0.2607035972148298 0
5000 4.5677417954882 0.2003339561666095 0
5001 2.101023801639072 0.5972139055916521 0
5002 0.5938150078830147 1.831732427541661 0
$EndNodes
$Elements
10004
1 1 2 1 1 1 9
2 1 2 1 1 9 10
3 1 2 1 1 10 11
4 1 2 1 1 11 12
5 1 2 1 1 12 13
6 1 2 1 1 13 14
7 1 2 1 1 14 15
8 1 2 1 1 15 16
9 1 2 1 1 16 17
10 1 2 1 1 17 18
11 1 2 1 1 18 19
12 1 2 1 1 19 20
13 1 2 1 1 20 21
14 1 2 1 1 21 22
15 1 2 1 1 22 23
16 1 2 1 1 23 24
17 1 2 1 1 24 25
18 1 2 1 1 25 26
19 1 2 1 1 26 27
20 1 2 1 1 27 28
21 1 2 1 1 28 29
22 1 2 1 1 29 30
23 1 2 1 1 30 31
24 1 2 1 1 31 32
25 1 2 1 1 32 33
26 1 2 1 1 33 34
27 1 2 1 1 34 35
28 1 2 1 1 35 36
29 1 2 1 1 36 37
30 1 2 1 1 37 38
31 1 2 1 1 38 39
32 1 2 1 1 39 40
33 1 2 1 1 40 41
34 1 2 1 1 41 42
35 1 2 1 1 42 43
36 1 2 1 1 43 44
37 1 2 1 1 44 45
38 1 2 1 1 45 46
39 1 2 1 1 46 47
40 1 2 1 1 47 48
41 1 2 1 1 48 49
42 1 2 1 1 49 50
43 1 2 1 1 50 51
44 1 2 1 1 51 52
45 1 2 1 1 52 53
46 1 2 1 1 53 54
47 1 2 1 1 54 55
48 1 2 1 1 55 56
49 1 2 1 1 56 57
50 1 2 1 1 57 58
51 1 2 1 1 58 59
52 1 2 1 1 59 60
53 1 2 1 1 60 61
54 1 2 1 1 61 62
55 1 2 1 1 62 63
56 1 2 1 1 63 64
57 1 2 1 1 64 65
58 1 2 1 1 65 66
59 1 2 1 1 66 67
60 1 2 1 1 67 68
61 1 2 1 1 68 69
62 1 2 1 1 69 70
63 1 2 1 1 70 71
64 1 2 1 1 71 72
65 1 2 1 1 72 73
66 1 2 1 1 73 74
67 1 2 1 1 74 75
68 1 2 1 1 75 76
69 1 2 1 1 76 77
70 1 2 1 1 77 78
71 1 2 1 1 78 79
72 1 2 1 1 79 80
73 1 2 1 1 80 81
74 1 2 1 1 81 82
75 1 2 1 1 82 83
76 1 2 1 1 83 84
77 1 2 1 1 84 85
78 1 2 1 1 85 86
79 1 2 1 1 86 87
80 1 2 1 1 87 88
81 1 2 1 1 88 89
82 1 2 1 1 89 90
83 1 2 1 1 90 91
84 1 2 1 1 91 92
85 1 2 1 1 92 93
86 1 2 1 1 93 94
87 1 2 1 1 94 95
88 1 2 1 1 95 96
89 1 2 1 1 96 97
90 1 2 1 1 97 98
91 1 2 1 1 98 99
92 1 2 1 1 99 100
93 1 2 1 1 100 101
94 1 2 1 1 101 102
95 1 2 1 1 102 103
96 1 2 1 1 103 104
97 1 2 1 1 104 105
98 1 2 1 1 105 106
99 1 2 1 1 106 107
100 1 2 1 1 107 108
101 1 2 1 1 108 109
102 1 2 1 1 109 110
103 1 2 1 1 110 111
104 1 2 1 1 111 112
105 1 2 1 1 112 113
106 1 2 1 1 113 114
107 1 2 1 1 114 115
108 1 2 1 1 115 116
109 1 2 1 1 116 117
110 1 2 1 1 117 118
111 1 2 1 1 118 119
112 1 2 1 1 119 120
113 1 2 1 1 120 121
114 1 2 1 1 121 122
115 1 2 1 1 122 123
116 1 2 1 1 123 124
117 1 2 1 1 124 125
118 1 2 1 1 125 126
119 1 2 1 1 126 127
120 1 2 1 1 127 128
121 1 2 1 1 128 129
122 1 2 1 1 129 130
123 1 2 1 1 130 131
124 1 2 1 1 131 132
125 1 2 1 1 132 133
126 1 2 1 1 133 134
127 1 2 1 1 134 135
128 1 2 1 1 135 136
129 1 2 1 1 136 137
130 1 2 1 1 137 138
131 1 2 1 1 138 139
132 1 2 1 1 139 140
133 1 2 1 1 140 141
134 1 2 1 1 141 142
135 1 2 1 1 142 143
136 1 2 1 1 143 144
137 1 2 1 1 144 145
138 1 2 1 1 145 146
139 1 2 1 1 146 147
140 1 2 1 1 147 148
141 1 2 1 1 148 149
142 1 2 1 1 149 150
143 1 2 1 1 150 151
144 1 2 1 1 151 152
145 1 2 1 1 152 153
146 1 2 1 1 153 154
147 1 2 1 1 154 155
148 1 2 1 1 155 156
149 1 2 1 1 156 157
150 1 2 1 1 157 158
151 1 2 1 1 158 159
152 1 2 1 1 159 160
153 1 2 1 1 160 161
154 1 2 1 1 161 162
155 1 2 1 1 162 163
156 1 2 1 1 163 164
157 1 2 1 1 164 165
158 1 2 1 1 165 166
159 1 2 1 1 166 167
160 1 2 1 1 167 6
161 1 2 3 2 6 168
162 1 2 3 2 168 169
163 1 2 3 2 169 170
164 1 2 3 2 170 171
165 1 2 3 2 171 172
166 1 2 3 2 172 173
167 1 2 3 2 173 174
168 1 2 3 2 174 175
169 1 2 3 2 175 176
170 1 2 3 2 176 177
171 1 2 3 2 177 178
172 1 2 3 2 178 179
173 1 2 3 2 179 180
174 1 2 3 2 180 181
175 1 2 3 2 181 182
176 1 2 3 2 182 7
177 1 2 1 3 7 183
178 1 2 1 3 183 184
179 1 2 1 3 184 185
180 1 2 1 3 185 186
181 1 2 1 3 186 187
182 1 2 1 3 187 188
183 1 2 1 3 188 189
184 1 2 1 3 189 190
185 1 2 1 3 190 191
186 1 2 1 3 191 192
187 1 2 1 3 192 193
188 1 2 1 3 193 194
189 1 2 1 3 194 195
190 1 2 1 3 195 196
191 1 2 1 3 196 197
192 1 2 1 3 197 198
193 1 2 1 3 198 199
194 1 2 1 3 199 200
195 1 2 1 3 200 201
196 1 2 1 3 201 202
197 1 2 1 3 202 203
198 1 2 1 3 203 204
199 1 2 1 3 204 205
200 1 2 1 3 205 206
201 1 2 1 3 206 207
202 1 2 1 3 207 208
203 1 2 1 3 208 209
204 1 2 1 3 209 210
205 1 2 1 3 210 211
206 1 2 1 3 211 212
207 1 2 1 3 212 213
208 1 2 1 3 213 214
209 1 2 1 3 214 215
210 1 2 1 3 215 216
211 1 2 1 3 216 217
212 1 2 1 3 217 218
213 1 2 1 3 218 219
214 1 2 1 3 219 220
215 1 2 1 3 220 221
216 1 2 1 3 221 222
217 1 2 1 3 222 223
218 1 2 1 3 223 224
219 1 2 1 3 224 225
220 1 2 1 3 225 226
221 1 2 1 3 226 227
222 1 2 1 3 227 228
223 1 2 1 3 228 229
224 1 2 1 3 229 230
225 1 2 1 3 230 231
226 1 2 1 3 231 232
227 1 2 1 3 232 233
228 1 2 1 3 233 234
229 1 2 1 3 234 235
230 1 2 1 3 235 236
231 1 2 1 3 236 237
232 1 2 1 3 237 238
233 1 2 1 3 238 239
234 1 2 1 3 239 240
235 1 2 1 3 240 241
236 1 2 1 3 241 242
237 1 2 1 3 242 243
238 1 2 1 3 243 244
239 1 2 1 3 244 245
240 1 2 1 3 245 246
241 1 2 1 3 246 247
242 1 2 1 3 247 248
243 1 2 1 3 248 249
244 1 2 1 3 249 250
245 1 2 1 3 250 251
246 1 2 1 3 251 252
247 1 2 1 3 252 253
248 1 2 1 3 253 254
249 1 2 1 3 254 255
250 1 2 1 3 255 256
251 1 2 1 3 256 257
252 1 2 1 3 257 258
253 1 2 1 3 258 259
254 1 2 1 3 259 260
255 1 2 1 3 260 261
256 1 2 1 3 261 262
257 1 2 1 3 262 263
258 1 2 1 3 263 264
259 1 2 1 3 264 265
260 1 2 1 3 265 266
261 1 2 1 3 266 267
262 1 2 1 3 267 268
263 1 2 1 3 268 269
264 1 2 1 3 269 270
265 1 2 1 3 270 271
266 1 2 1 3 271 272
267 1 2 1 3 272 273
268 1 2 1 3 273 274
269 1 2 1 3 274 275
270 1 2 1 3 275 276
271 1 2 1 3 276 277
272 1 2 1 3 277 278
273 1 2 1 3 278 279
274 1 2 1 3 279 280
275 1 2 1 3 280 281
276 1 2 1 3 281 282
277 1 2 1 3 282 283
278 1 2 1 3 283 284
279 1 2 1 3 284 285
280 1 2 1 3 285 286
281 1 2 1 3 286 287
282 1 2 1 3 287 288
283 1 2 1 3 288 289
284 1 2 1 3 289 290
285 1 2 1 3 290 291
286 1 2 1 3 291 292
287 1 2 1 3 292 293
288 1 2 1 3 293 294
289 1 2 1 3 294 295
290 1 2 1 3 295 296
291 1 2 1 3 296 297
292 1 2 1 3 297 298
293 1 2 1 3 298 299
294 1 2 1 3 299 300
295 1 2 1 3 300 301
296 1 2 1 3 301 302
297 1 2 1 3 302 303
298 1 2 1 3 303 304
299 1 2 1 3 304 305
300 1 2 1 3 305 306
301 1 2 1 3 306 307
302 1 2 1 3 307 308
303 1 2 1 3 308 309
304 1 2 1 3 309 310
305 1 2 1 3 310 311
306 1 2 1 3 311 312
307 1 2 1 3 312 313
308 1 2 1 3 313 314
309 1 2 1 3 314 315
310 1 2 1 3 315 316
311 1 2 1 3 316 317
312 1 2 1 3 317 318
313 1 2 1 3 318 319
314 1 2 1 3 319 320
315 1 2 1 3 320 321
316 1 2 1 3 321 322
317 1 2 1 3 322 323
318 1 2 1 3 323 324
319 1 2 1 3 324 325
320 1 2 1 3 325 326
321 1 2 1 3 326 327
322 1 2 1 3 327 328
323 1 2 1 3 328 329
324 1 2 1 3 329 330
325 1 2 1 3 330 331
326 1 2 1 3 331 332
327 1 2 1 3 332 333
328 1 2 1 3 333 334
329 1 2 1 3 334 335
330 1 2 1 3 335 336
331 1 2 1 3 336 337
332 1 2 1 3 337 338
333 1 2 1 3 338 339
334 1 2 1 3 339 340
335 1 2 1 3 340 341
336 1 2 1 3 341 342
337 1 2 1 3 342 343
338 1 2 1 3 343 8
339 1 2 2 4 1 344
340 1 2 2 4 344 345
341 1 2 2 4 345 346
342 1 2 2 4 346 347
343 1 2 2 4 347 348
344 1 2 2 4 348 349
345 1 2 2 4 349 350
346 1 2 2 4 350 351
347 1 2 2 4 351 352
348 1 2 2 4 352 353
349 1 2 2 4 353 354
350 1 2 2 4 354 355
351 1 2 2 4 355 356
352 1 2 2 4 356 357
353 1 2 2 4 357 358
354 1 2 2 4 358 359
355 1 2 2 4 359 360
356 1 2 2 4 360 361
357 1 2 2 4 361 362
358 1 2 2 4 362 363
359 1 2 2 4 363 364
360 1 2 2 4 364 365
361 1 2 2 4 365 366
362 1 2 2 4 366 367
363 1 2 2 4 367 368
364 1 2 2 4 368 369
365 1 2 2 4 369 370
366 1 2 2 4 370 371
367 1 2 2 4 371 372
368 1 2 2 4 372 373
369 1 2 2 4 373 374
370 1 2 2 4 374 375
371 1 2 2 4 375 376
372 1 2 2 4 376 377
373 1 2 2 4 377 378
374 1 2 2 4 378 379
375 1 2 2 4 379 380
376 1 2 2 4 380 381
377 1 2 2 4 381 382
378 1 2 2 4 382 8
379 1 2 1 5 2 383
380 1 2 1 5 383 384
381 1 2 1 5 384 385
382 1 2 1 5 385 386
383 1 2 1 5 386 387
384 1 2 1 5 387 388
385 1 2 1 5 388 389
386 1 2 1 5 389 390
387 1 2 1 5 390 391
388 1 2 1 5 391 392
389 1 2 1 5 392 393
390 1 2 1 5 393 394
391 1 2 1 5 394 395
392 1 2 1 5 395 396
393 1 2 1 5 396 397
394 1 2 1 5 397 398
395 1 2 1 5 398 399
396 1 2 1 5 399 400
397 1 2 1 5 400 401
398 1 2 1 5 401 402
399 1 2 1 5 402 403
400 1 2 1 5 403 404
401 1 2 1 5 404 405
402 1 2 1 5 405 406
403 1 2 1 5 406 407
404 1 2 1 5 407 408
405 1 2 1 5 408 409
406 1 2 1 5 409 410
407 1 2 1 5 410 411
408 1 2 1 5 411 412
409 1 2 1 5 412 413
410 1 2 1 5 413 414
411 1 2 1 5 414 415
412 1 2 1 5 415 416
413 1 2 1 5 416 417
414 1 2 1 5 417 418
415 1 2 1 5 418 419
416 1 2 1 5 419 420
417 1 2 1 5 420 421
418 1 2 1 5 421 422
419 1 2 1 5 422 423
420 1 2 1 5 423 3
421 1 2 1 6 3 424
422 1 2 1 6 424 425
423 1 2 1 6 425 426
424 1 2 1 6 426 427
425 1 2 1 6 427 428
426 1 2 1 6 428 429
427 1 2 1 6 429 430
428 1 2 1 6 430 431
429 1 2 1 6 431 432
430 1 2 1 6 432 433
431 1 2 1 6 433 434
432 1 2 1 6 434 435
433 1 2 1 6 435 436
434 1 2 1 6 436 437
435 1 2 1 6 437 438
436 1 2 1 6 438 439
437 1 2 1 6 439 440
438 1 2 1 6 440 441
439 1 2 1 6 441 442
440 1 2 1 6 442 443
441 1 2 1 6 443 444
442 1 2 1 6 444 445
443 1 2 1 6 445 446
444 1 2 1 6 446 447
445 1 2 1 6 447 448
446 1 2 1 6 448 449
447 1 2 1 6 449 450
448 1 2 1 6 450 451
449 1 2 1 6 451 452
450 1 2 1 6 452 453
451 1 2 1 6 453 454
452 1 2 1 6 454 455
453 1 2 1 6 455 456
454 1 2 1 6 456 457
455 1 2 1 6 457 458
456 1 2 1 6 458 459
457 1 2 1 6 459 460
458 1 2 1 6 460 461
459 1 2 1 6 461 462
460 1 2 1 6 462 463
461 1 2 1 6 463 464
462 1 2 1 6 464 465
463 1 2 1 6 465 466
464 1 2 1 6 466 467
465 1 2 1 6 467 468
466 1 2 1 6 468 469
467 1 2 1 6 469 470
468 1 2 1 6 470 471
469 1 2 1 6 471 472
470 1 2 1 6 472 473
471 1 2 1 6 473 474
472 1 2 1 6 474 475
473 1 2 1 6 475 476
474 1 2 1 6 476 477
475 1 2 1 6 477 478
476 1 2 1 6 478 479
477 1 2 1 6 479 480
478 1 2 1 6 480 481
479 1 2 1 6 481 482
480 1 2 1 6 482 483
481 1 2 1 6 483 484
482 1 2 1 6 484 5
483 1 2 1 7 5 485
484 1 2 1 7 485 486
485 1 2 1 7 486 487
486 1 2 1 7 487 488
487 1 2 1 7 488 489
488 1 2 1 7 489 490
489 1 2 1 7 490 491
490 1 2 1 7 491 492
491 1 2 1 7 492 493
492 1 2 1 7 493 494
493 1 2 1 7 494 495
494 1 2 1 7 495 496
495 1 2 1 7 496 497
496 1 2 1 7 497 498
497 1 2 1 7 498 499
498 1 2 1 7 499 500
499 1 2 1 7 500 501
500 1 2 1 7 501 502
501 1 2 1 7 502 503
502 1 2 1 7 503 504
503 1 2 1 7 504 505
504 1 2 1 7 505 4
505 1 2 1 8 4 506
506 1 2 1 8 506 507
507 1 2 1 8 507 508
508 1 2 1 8 508 509
509 1 2 1 8 509 510
510 1 2 1 8 510 511
511 1 2 1 8 511 512
512 1 2 1 8 512 513
513 1 2 1 8 513 514
514 1 2 1 8 514 515
515 1 2 1 8 515 516
516 1 2 1 8 516 517
517 1 2 1 8 517 518
518 1 2 1 8 518 519
519 1 2 1 8 519 520
520 1 2 1 8 520 521
521 1 2 1 8 521 522
522 1 2 1 8 522 523
523 1 2 1 8 523 524
524 1 2 1 8 524 525
525 1 2 1 8 525 526
526 1 2 1 8 526 527
527 1 2 1 8 527 528
528 1 2 1 8 528 529
529 1 2 1 8 529 530
530 1 2 1 8 530 531
531 1 2 1 8 531 532
532 1 2 1 8 532 533
533 1 2 1 8 533 534
534 1 2 1 8 534 535
535 1 2 1 8 535 536
536 1 2 1 8 536 537
537 1 2 1 8 537 538
538 1 2 1 8 538 539
539 1 2 1 8 539 540
540 1 2 1 8 540 541
541 1 2 1 8 541 542
542 1 2 1 8 542 543
543 1 2 1 8 543 544
544 1 2 1 8 544 545
545 1 2 1 8 545 546
546 1 2 1 8 546 547
547 1 2 1 8 547 548
548 1 2 1 8 548 549
549 1 2 1 8 549 550
550 1 2 1 8 550 551
551 1 2 1 8 551 552
552 1 2 1 8 552 553
553 1 2 1 8 553 554
554 1 2 1 8 554 555
555 1 2 1 8 555 556
556 1 2 1 8 556 557
557 1 2 1 8 557 558
558 1 2 1 8 558 559
559 1 2 1 8 559 560
560 1 2 1 8 560 561
561 1 2 1 8 561 562
562 1 2 1 8 562 563
563 1 2 1 8 563 564
564 1 2 1 8 564 565
565 1 2 1 8 565 566
566 1 2 1 8 566 567
567 1 2 1 8 567 568
568 1 2 1 8 568 569
569 1 2 1 8 569 570
570 1 2 1 8 570 571
571 1 2 1 8 571 572
572 1 2 1 8 572 573
573 1 2 1 8 573 574
574 1 2 1 8 574 575
575 1 2 1 8 575 576
576 1 2 1 8 576 577
577 1 2 1 8 577 578
578 1 2 1 8 578 579
579 1 2 1 8 579 580
580 1 2 1 8 580 581
581 1 2 1 8 581 582
582 1 2 1 8 582 583
583 1 2 1 8 583 584
584 1 2 1 8 584 2
585 2 2 15 14 1343 4567 2776
586 2 2 15 14 4800 1343 2776
587 2 2 15 14 2968 2984 3078
588 2 2 15 14 2491 3023 4041
589 2 2 15 14 309 1365 2939
590 2 2 15 14 2167 3027 4212
591 2 2 15 14 2134 2891 2890
592 2 2 15 14 3246 3249 4696
593 2 2 15 14 699 3765 2841
594 2 2 15 14 3527 3871 4519
595 2 2 15 14 4569 2620 3352
596 2 2 15 14 1339 2817 2819
597 2 2 15 14 3527 4519 3530
598 2 2 15 14 3352 2620 2754
599 2 2 15 14 936 3876 3442
600 2 2 15 14 1420 4460 2924
601 2 2 15 14 851 2822 2824
602 2 2 15 14 1173 2826 3136
603 2 2 15 14 2746 2749 2970
604 2 2 15 14 816 4588 3156
605 2 2 15 14 1023 2878 2792
606 2 2 15 14 4849 2728 3759
607 2 2 15 14 1548 4608 2923
608 2 2 15 14 2728 4480 3759
609 2 2 15 14 1823 3078 2984
610 2 2 15 14 1489 2828 2830
611 2 2 15 14 2807 2924 4460
612 2 2 15 14 3023 4472 4041
613 2 2 15 14 2184 3300 4477
614 2 2 15 14 744 3520 3518
615 2 2 15 14 4788 761 2835
616 2 2 15 14 3026 4212 3027
617 2 2 15 14 761 4702 2835
618 2 2 15 14 1114 4606 4720
619 2 2 15 14 3302 4237 3303
620 2 2 15 14 2134 2892 2891
621 2 2 15 14 1023 2792 2877
622 2 2 15 14 1677 2886 2884
623 2 2 15 14 3302 4531 4237
624 2 2 15 14 3156 4588 3168
625 2 2 15 14 2923 4608 2932
626 2 2 15 14 2133 2134 2890
627 2 2 15 14 2183 3047 3045
628 2 2 15 14 2443 3032 4611
629 2 2 15 14 2184 4477 2845
630 2 2 15 14 2915 4436 3355
631 2 2 15 14 1523 2885 2887
632 2 2 15 14 496 4732 495
633 2 2 15 14 256 4632 257
634 2 2 15 14 433 434 2952
635 2 2 15 14 1665 4869 2916
636 2 2 15 14 251 2983 4920
637 2 2 15 14 2913 4436 2915
638 2 2 15 14 3442 3876 3877
639 2 2 15 14 2443 4611 2865
640 2 2 15 14 2098 4470 3011
641 2 2 15 14 2716 2937 4635
642 2 2 15 14 164 163 2946
643 2 2 15 14 744 3521 3520
644 2 2 15 14 494 2988 1023
645 2 2 15 14 2132 2157 2893
646 2 2 15 14 2810 4776 4389
647 2 2 15 14 1840 2873 2875
648 2 2 15 14 431 432 2956
649 2 2 15 14 1655 4794 4712
650 2 2 15 14 2771 3073 2959
651 2 2 15 14 286 3067 287
652 2 2 15 14 2091 2985 2878
653 2 2 15 14 1568 3338 1570
654 2 2 15 14 4977 2803 2733
655 2 2 15 14 2183 3045 3046
656 2 2 15 14 1365 2888 2939
657 2 2 15 14 1166 2837 2938
658 2 2 15 14 12 1166 2938
659 2 2 15 14 1677 3029 2886
660 2 2 15 14 310 309 2939
661 2 2 15 14 3387 4489 3388
662 2 2 15 14 1445 4130 3146
663 2 2 15 14 693 4635 2937
664 2 2 15 14 3387 4718 4489
665 2 2 15 14 2552 3749 2658
666 2 2 15 14 226 225 3878
667 2 2 15 14 1817 4696 3249
668 2 2 15 14 1593 1838 3805
669 2 2 15 14 396 3160 395
670 2 2 15 14 1672 2869 2871
671 2 2 15 14 2122 3026 3024
672 2 2 15 14 142 141 2905
673 2 2 15 14 1838 3803 3805
674 2 2 15 14 2767 3864 4341
675 2 2 15 14 250 2983 251
676 2 2 15 14 1456 2809 4935
677 2 2 15 14 1353 4620 3223
678 2 2 15 14 2135 3336 3334
679 2 2 15 14 2291 2302 3016
680 2 2 15 14 2695 3186 3187
681 2 2 15 14 66 65 3001
682 2 2 15 14 3802 3818 3817
683 2 2 15 14 1275 2970 2812
684 2 2 15 14 2172 3325 2544
685 2 2 15 14 2139 2241 3521
686 2 2 15 14 2544 3325 3324
687 2 2 15 14 429 430 2964
688 2 2 15 14 2930 4977 2733
689 2 2 15 14 2553 2621 3750
690 2 2 15 14 2282 2331 3655
691 2 2 15 14 2302 3014 3016
692 2 2 15 14 593 2770 4844
693 2 2 15 14 593 4653 2770
694 2 2 15 14 851 2922 2822
695 2 2 15 14 2331 3653 3655
696 2 2 15 14 1240 1242 3268
697 2 2 15 14 755 3463 2898
698 2 2 15 14 1173 3136 3137
699 2 2 15 14 1533 2808 2867
700 2 2 15 14 2793 3857 3625
701 2 2 15 14 1139 2843 2845
702 2 2 15 14 2631 3846 4502
703 2 2 15 14 699 2841 3766
704 2 2 15 14 24 3660 1395
705 2 2 15 14 1840 2999 2873
706 2 2 15 14 3 4476 3355
707 2 2 15 14 851 2824 2825
708 2 2 15 14 3146 4130 4692
709 2 2 15 14 1411 2798 3130
710 2 2 15 14 2915 3355 4476
711 2 2 15 14 2658 3749 4879
712 2 2 15 14 2133 2890 2481
713 2 2 15 14 40 3455 41
714 2 2 15 14 2135 3338 3336
715 2 2 15 14 1417 2806 3860
716 2 2 15 14 3214 3216 3267
717 2 2 15 14 589 2849 2943
718 2 2 15 14 971 4545 2906
719 2 2 15 14 2695 3187 4486
720 2 2 15 14 33 589 2943
721 2 2 15 14 1237 3223 2827
722 2 2 15 14 1411 4593 2798
723 2 2 15 14 328 3833 329
724 2 2 15 14 255 760 3292
725 2 2 15 14 3795 3797 4562
726 2 2 15 14 1275 2812 2969
727 2 2 15 14 1339 2952 2817
728 2 2 15 14 2841 3765 2842
729 2 2 15 14 2346 4524 4522
730 2 2 15 14 1364 4063 4598
731 2 2 15 14 1347 2959 3073
732 2 2 15 14 1672 3000 2869
733 2 2 15 14 1456 3547 2809
734 2 2 15 14 340 339 3547
735 2 2 15 14 1339 2819 2956
736 2 2 15 14 427 428 2965
737 2 2 15 14 2150 3988 3453
738 2 2 15 14 2895 4730 4782
739 2 2 15 14 2621 4889 3750
740 2 2 15 14 1660 3214 3267
741 2 2 15 14 1665 2916 4476
742 2 2 15 14 1032 4782 4730
743 2 2 15 14 795 3162 4754
744 2 2 15 14 809 821 2973
745 2 2 15 14 1141 2866 2844
746 2 2 15 14 2631 4502 2898
747 2 2 15 14 3019 4948 4303
748 2 2 15 14 1173 4136 2826
749 2 2 15 14 2746 2970 2747
750 2 2 15 14 2749 2812 2970
751 2 2 15 14 2904 3011 4470
752 2 2 15 14 2172 2174 3325
753 2 2 15 14 2847 4463 4408
754 2 2 15 14 3232 4492 4395
755 2 2 15 14 1489 2830 2964
756 2 2 15 14 65 2882 3001
757 2 2 15 14 1874 4884 2918
758 2 2 15 14 12 2938 13
759 2 2 15 14 2750 3271 3272
760 2 2 15 14 697 4341 3864
761 2 2 15 14 2722 4930 3280
762 2 2 15 14 1533 3002 2808
763 2 2 15 14 3804 3807 3806
764 2 2 15 14 758 2856 2854
765 2 2 15 14 660 2798 4593
766 2 2 15 14 34 4621 35
767 2 2 15 14 3620 4052 4619
768 2 2 15 14 2722 4474 4682
769 2 2 15 14 2792 2878 2985
770 2 2 15 14 1489 2956 2828
771 2 2 15 14 911 2974 2973
772 2 2 15 14 142 2905 805
773 2 2 15 14 1523 2887 2965
774 2 2 15 14 1023 2988 2878
775 2 2 15 14 1141 2844 4986
776 2 2 15 14 1660 3212 3214
777 2 2 15 14 495 4732 2988
778 2 2 15 14 660 4760 2798
779 2 2 15 14 1593 3805 1762
780 2 2 15 14 2091 2878 2986
781 2 2 15 14 2827 3223 4620
782 2 2 15 14 2722 3280 4474
783 2 2 15 14 204 4738 2927
784 2 2 15 14 3654 3657 3656
785 2 2 15 14 3490 3816 3940
786 2 2 15 14 911 3005 2974
787 2 2 15 14 204 2927 4842
788 2 2 15 14 256 3292 4632
789 2 2 15 14 2748 4944 3273
790 2 2 15 14 68 67 4484
791 2 2 15 14 2910 3828 4533
792 2 2 15 14 4828 3282 2595
793 2 2 15 14 589 2944 2849
794 2 2 15 14 2910 4533 4899
795 2 2 15 14 1874 2918 4868
796 2 2 15 14 1570 3338 2135
797 2 2 15 14 3657 4690 4478
798 2 2 15 14 2169 3792 4664
799 2 2 15 14 1300 4682 4474
800 2 2 15 14 150 4816 4651
801 2 2 15 14 2075 4531 3302
802 2 2 15 14 1838 3815 3803
803 2 2 15 14 2595 3282 4762
804 2 2 15 14 3253 4802 4717
805 2 2 15 14 596 2991 2990
806 2 2 15 14 2282 3655 2298
807 2 2 15 14 1139 2942 2843
808 2 2 15 14 2301 3659 3960
809 2 2 15 14 2169 4915 3792
810 2 2 15 14 1672 2871 2999
811 2 2 15 14 3178 4579 4855
812 2 2 15 14 1878 4717 4802
813 2 2 15 14 286 667 3067
814 2 2 15 14 1364 4598 3455
815 2 2 15 14 1417 4419 2806
816 2 2 15 14 2289 2291 3016
817 2 2 15 14 1237 2827 3224
818 2 2 15 14 2743 4658 4754
819 2 2 15 14 1817 3249 3251
820 2 2 15 14 2967 4868 4869
821 2 2 15 14 1523 2964 2885
822 2 2 15 14 2075 3302 4723
823 2 2 15 14 1175 2893 4743
824 2 2 15 14 2481 2890 2846
825 2 2 15 14 740 2797 4703
826 2 2 15 14 2331 3658 3653
827 2 2 15 14 2684 3670 3673
828 2 2 15 14 3599 4619 4832
829 2 2 15 14 2898 3463 2899
830 2 2 15 14 68 2919 69
831 2 2 15 14 2916 4869 2918
832 2 2 15 14 3620 4898 4052
833 2 2 15 14 2917 89 4741
834 2 2 15 14 740 4786 2797
835 2 2 15 14 4827 3461 2050
836 2 2 15 14 57 2978 743
837 2 2 15 14 434 1547 2952
838 2 2 15 14 433 2952 1339
839 2 2 15 14 225 980 3878
840 2 2 15 14 1533 2867 3000
841 2 2 15 14 1166 3063 2837
842 2 2 15 14 34 33 2943
843 2 2 15 14 4884 89 2917
844 2 2 15 14 2799 3453 3988
845 2 2 15 14 163 758 2946
846 2 2 15 14 164 2946 1404
847 2 2 15 14 2901 4399 3009
848 2 2 15 14 403 2981 864
849 2 2 15 14 680 3625 3857
850 2 2 15 14 3461 4780 2050
851 2 2 15 14 69 2919 1031
852 2 2 15 14 1031 2919 2860
853 2 2 15 14 3162 3163 4754
854 2 2 15 14 1363 2848 3374
855 2 2 15 14 1114 4720 2911
856 2 2 15 14 3027 4720 4606
857 2 2 15 14 1031 2860 2920
858 2 2 15 14 2624 4669 3395
859 2 2 15 14 2544 3324 3326
860 2 2 15 14 465 4661 4811
861 2 2 15 14 2750 3273 3271
862 2 2 15 14 2135 3334 4226
863 2 2 15 14 595 2850 3358
864 2 2 15 14 1417 4670 4419
865 2 2 15 14 2850 4063 3358
866 2 2 15 14 1364 3358 4063
867 2 2 15 14 1661 3164 3165
868 2 2 15 14 3657 3660 4690
869 2 2 15 14 68 4484 2919
870 2 2 15 14 3019 4303 4470
871 2 2 15 14 62 61 4379
872 2 2 15 14 1175 4765 2893
873 2 2 15 14 740 4486 3187
874 2 2 15 14 2269 4953 3934
875 2 2 15 14 494 495 2988
876 2 2 15 14 1342 4944 2764
877 2 2 15 14 875 2879 2881
878 2 2 15 14 971 3001 4545
879 2 2 15 14 3862 4834 4734
880 2 2 15 14 432 1339 2956
881 2 2 15 14 1342 2764 4848
882 2 2 15 14 2132 2893 2134
883 2 2 15 14 431 2956 1489
884 2 2 15 14 32 31 2945
885 2 2 15 14 64 2882 65
886 2 2 15 14 2624 3395 4777
887 2 2 15 14 3804 3806 3805
888 2 2 15 14 809 2973 2961
889 2 2 15 14 1817 3251 4516
890 2 2 15 14 2122 4212 3026
891 2 2 15 14 58 2975 59
892 2 2 15 14 60 59 3008
893 2 2 15 14 650 3817 3818
894 2 2 15 14 251 4920 717
895 2 2 15 14 396 765 3160
896 2 2 15 14 59 2975 3008
897 2 2 15 14 3180 4602 4836
898 2 2 15 14 758 2854 2946
899 2 2 15 14 3677 4113 4112
900 2 2 15 14 694 2852 3372
901 2 2 15 14 3462 4736 3464
902 2 2 15 14 241 4751 4729
903 2 2 15 14 2715 4652 4749
904 2 2 15 14 2624 4041 4472
905 2 2 15 14 3706 3938 3708
906 2 2 15 14 2794 4651 4816
907 2 2 15 14 2183 3046 4500
908 2 2 15 14 72 71 3025
909 2 2 15 14 2619 4761 3879
910 2 2 15 14 2864 4614 4764
911 2 2 15 14 1362 2859 3349
912 2 2 15 14 392 4658 2840
913 2 2 15 14 3815 3940 3816
914 2 2 15 14 3654 3656 3655
915 2 2 15 14 815 3530 4519
916 2 2 15 14 1655 3268 4794
917 2 2 15 14 952 4855 4579
918 2 2 15 14 2619 3879 4871
919 2 2 15 14 2765 4734 4834
920 2 2 15 14 2752 3827 2753
921 2 2 15 14 3082 4906 4901
922 2 2 15 14 1020 4901 4906
923 2 2 15 14 2269 3934 4491
924 2 2 15 14 24 23 3660
925 2 2 15 14 760 3291 3292
926 2 2 15 14 1092 4919 3134
927 2 2 15 14 704 2861 3330
928 2 2 15 14 1342 3273 4944
929 2 2 15 14 1092 3134 4923
930 2 2 15 14 3658 3960 3659
931 2 2 15 14 4296 4735 4622
932 2 2 15 14 2910 3063 3828
933 2 2 15 14 3228 4419 4670
934 2 2 15 14 2977 4522 4524
935 2 2 15 14 815 4716 3530
936 2 2 15 14 2679 2704 3641
937 2 2 15 14 740 4703 4486
938 2 2 15 14 1668 3207 3210
939 2 2 15 14 329 3833 1414
940 2 2 15 14 1081 4408 4463
941 2 2 15 14 2904 4446 3011
942 2 2 15 14 2139 3521 2588
943 2 2 15 14 2241 3520 3521
944 2 2 15 14 34 2943 4621
945 2 2 15 14 1360 2862 3327
946 2 2 15 14 1573 4711 4706
947 2 2 15 14 1240 3268 1655
948 2 2 15 14 2810 2811 4776
949 2 2 15 14 596 2990 2989
950 2 2 15 14 1365 2940 2888
951 2 2 15 14 2513 3056 2718
952 2 2 15 14 2684 3673 3674
953 2 2 15 14 102 101 3273
954 2 2 15 14 1242 3267 3268
955 2 2 15 14 3299 3300 4796
956 2 2 15 14 408 4116 407
957 2 2 15 14 2744 3163 4555
958 2 2 15 14 3032 4909 4792
959 2 2 15 14 2529 4092 3832
960 2 2 15 14 3300 4894 4796
961 2 2 15 14 430 1489 2964
962 2 2 15 14 715 2863 3322
963 2 2 15 14 429 2964 1523
964 2 2 15 14 339 910 3547
965 2 2 15 14 287 3067 1410
966 2 2 15 14 40 1364 3455
967 2 2 15 14 3015 4423 4673
968 2 2 15 14 1114 2911 3326
969 2 2 15 14 392 2840 4936
970 2 2 15 14 3031 3032 4792
971 2 2 15 14 997 4749 4652
972 2 2 15 14 1513 4764 4614
973 2 2 15 14 706 4632 2772
974 2 2 15 14 1363 3375 2848
975 2 2 15 14 3099 4712 4794
976 2 2 15 14 3163 3164 4555
977 2 2 15 14 795 4754 4658
978 2 2 15 14 2001 4779 4725
979 2 2 15 14 66 3001 971
980 2 2 15 14 3617 4737 3953
981 2 2 15 14 1359 2876 3314
982 2 2 15 14 592 2853 3832
983 2 2 15 14 2598 4832 4619
984 2 2 15 14 2481 2846 4408
985 2 2 15 14 592 3831 2853
986 2 2 15 14 3802 3817 3804
987 2 2 15 14 595 3359 2850
988 2 2 15 14 2871 2873 2999
989 2 2 15 14 875 2934 2879
990 2 2 15 14 3216 3268 3267
991 2 2 15 14 753 3314 4151
992 2 2 15 14 1265 1267 3220
993 2 2 15 14 2150 3453 3482
994 2 2 15 14 2844 2865 4986
995 2 2 15 14 2876 4151 3314
996 2 2 15 14 2624 4472 4669
997 2 2 15 14 758 3790 2856
998 2 2 15 14 308 307 2989
999 2 2 15 14 834 4668 4379
1000 2 2 15 14 226 3878 3876
1001 2 2 15 14 253 4613 4763
1002 2 2 15 14 3656 4600 4644
1003 2 2 15 14 1395 3660 3654
1004 2 2 15 14 2301 4423 3659
1005 2 2 15 14 2750 3272 2751
1006 2 2 15 14 62 4379 2934
1007 2 2 15 14 245 3522 744
1008 2 2 15 14 821 911 2973
1009 2 2 15 14 1991 3047 1993
1010 2 2 15 14 3108 4641 4821
1011 2 2 15 14 2726 4418 2794
1012 2 2 15 14 41 3455 3454
1013 2 2 15 14 1314 3248 4696
1014 2 2 15 14 2809 2810 4935
1015 2 2 15 14 1660 3220 3212
1016 2 2 15 14 694 3373 2852
1017 2 2 15 14 2748 3273 2750
1018 2 2 15 14 1661 3166 3164
1019 2 2 15 14 2302 4481 3014
1020 2 2 15 14 1993 3047 2183
1021 2 2 15 14 1327 3166 1333
1022 2 2 15 14 2867 2869 3000
1023 2 2 15 14 2711 2712 2976
1024 2 2 15 14 3046 3048 4500
1025 2 2 15 14 428 1523 2965
1026 2 2 15 14 427 2965 1574
1027 2 2 15 14 1362 3350 2859
1028 2 2 15 14 395 3160 4961
1029 2 2 15 14 2060 3464 4736
1030 2 2 15 14 71 2929 3025
1031 2 2 15 14 398 4745 4655
1032 2 2 15 14 848 2935 3481
1033 2 2 15 14 208 207 2902
1034 2 2 15 14 2848 3359 3374
1035 2 2 15 14 3024 3026 3025
1036 2 2 15 14 909 4836 4602
1037 2 2 15 14 3114 4811 4661
1038 2 2 15 14 706 2772 4957
1039 2 2 15 14 704 3331 2861
1040 2 2 15 14 3051 4835 4725
1041 2 2 15 14 2944 4481 4479
1042 2 2 15 14 3806 3808 3813
1043 2 2 15 14 743 2976 2900
1044 2 2 15 14 256 255 3292
1045 2 2 15 14 990 4303 4948
1046 2 2 15 14 2075 4723 3299
1047 2 2 15 14 468 4685 4818
1048 2 2 15 14 1404 2947 3794
1049 2 2 15 14 3490 4644 4600
1050 2 2 15 14 2098 3019 4470
1051 2 2 15 14 2903 4446 2904
1052 2 2 15 14 141 4404 2905
1053 2 2 15 14 765 3159 3160
1054 2 2 15 14 1360 3328 2862
1055 2 2 15 14 2158 3795 4562
1056 2 2 15 14 2977 2978 4665
1057 2 2 15 14 1838 3940 3815
1058 2 2 15 14 328 592 3833
1059 2 2 15 14 3490 4600 3816
1060 2 2 15 14 2567 3373 3454
1061 2 2 15 14 56 2978 57
1062 2 2 15 14 340 3547 1456
1063 2 2 15 14 1314 4938 3248
1064 2 2 15 14 506 1225 2889
1065 2 2 15 14 3145 4883 4875
1066 2 2 15 14 2794 4418 4651
1067 2 2 15 14 471 4727 4841
1068 2 2 15 14 834 3009 4668
1069 2 2 15 14 3246 4696 3248
1070 2 2 15 14 2852 3350 3372
1071 2 2 15 14 2507 2903 4488
1072 2 2 15 14 715 3323 2863
1073 2 2 15 14 1668 3219 3207
1074 2 2 15 14 2331 3960 3658
1075 2 2 15 14 1568 4925 3338
1076 2 2 15 14 1300 4771 4682
1077 2 2 15 14 991 4875 4883
1078 2 2 15 14 3333 4226 3334
1079 2 2 15 14 3161 3165 3164
1080 2 2 15 14 2075 3299 4796
1081 2 2 15 14 1297 1313 4307
1082 2 2 15 14 2193 2194 4547
1083 2 2 15 14 4292 4424 4423
1084 2 2 15 14 3603 4824 677
1085 2 2 15 14 2157 4743 2893
1086 2 2 15 14 3251 3253 4516
1087 2 2 15 14 404 2981 403
1088 2 2 15 14 2859 3331 3349
1089 2 2 15 14 3533 4729 4751
1090 2 2 15 14 2851 5001 4067
1091 2 2 15 14 2752 4910 3827
1092 2 2 15 14 743 2978 2976
1093 2 2 15 14 3677 4112 4775
1094 2 2 15 14 2505 4804 3766
1095 2 2 15 14 2618 3031 4792
1096 2 2 15 14 1684 3053 2136
1097 2 2 15 14 64 875 2882
1098 2 2 15 14 62 2934 63
1099 2 2 15 14 4876 3603 677
1100 2 2 15 14 2783 4677 4839
1101 2 2 15 14 799 809 2961
1102 2 2 15 14 1359 3315 2876
1103 2 2 15 14 1117 4835 3051
1104 2 2 15 14 1127 3129 4942
1105 2 2 15 14 2917 2918 4884
1106 2 2 15 14 3172 4115 4116
1107 2 2 15 14 1127 4940 3129
1108 2 2 15 14 4895 747 3218
1109 2 2 15 14 3218 747 4785
1110 2 2 15 14 2861 3328 3330
1111 2 2 15 14 1166 3828 3063
1112 2 2 15 14 875 2881 2882
1113 2 2 15 14 2455 3009 4399
1114 2 2 15 14 2222 2979 2696
1115 2 2 15 14 210 2865 4611
1116 2 2 15 14 2707 4395 4492
1117 2 2 15 14 3814 4813 4747
1118 2 2 15 14 2601 3485 3486
1119 2 2 15 14 880 4111 2933
1120 2 2 15 14 697 2864 4341
1121 2 2 15 14 2577 2579 3224
1122 2 2 15 14 2862 3323 3327
1123 2 2 15 14 3706 4881 3938
1124 2 2 15 14 1686 1688 4552
1125 2 2 15 14 2594 2933 4111
1126 2 2 15 14 2149 2601 3486
1127 2 2 15 14 1300 3278 4771
1128 2 2 15 14 2800 4383 2926
1129 2 2 15 14 667 3068 2908
1130 2 2 15 14 1081 2894 4408
1131 2 2 15 14 667 2908 3067
1132 2 2 15 14 1001 2896 3069
1133 2 2 15 14 84 2999 85
1134 2 2 15 14 257 4632 706
1135 2 2 15 14 2224 3006 2931
1136 2 2 15 14 1297 4307 3219
1137 2 2 15 14 717 4920 2831
1138 2 2 15 14 2610 2741 3263
1139 2 2 15 14 2224 3262 3006
1140 2 2 15 14 2718 3056 4710
1141 2 2 15 14 765 3157 3159
1142 2 2 15 14 306 305 3021
1143 2 2 15 14 1668 3210 3220
1144 2 2 15 14 2863 3315 3322
1145 2 2 15 14 76 75 3326
1146 2 2 15 14 82 3000 83
1147 2 2 15 14 295 4581 4715
1148 2 2 15 14 80 3002 81
1149 2 2 15 14 1836 3147 2596
1150 2 2 15 14 2977 4665 4522
1151 2 2 15 14 2737 4557 4731
1152 2 2 15 14 1799 3126 1946
1153 2 2 15 14 1651 4194 4164
1154 2 2 15 14 990 4948 2996
1155 2 2 15 14 60 3008 834
1156 2 2 15 14 3336 3338 3337
1157 2 2 15 14 2618 4880 3031
1158 2 2 15 14 1738 2950 2226
1159 2 2 15 14 815 4790 3066
1160 2 2 15 14 31 3013 2945
1161 2 2 15 14 32 2945 589
1162 2 2 15 14 1272 1297 3219
1163 2 2 15 14 2712 2900 2976
1164 2 2 15 14 58 743 2975
1165 2 2 15 14 3253 4717 4516
1166 2 2 15 14 1869 3124 3125
1167 2 2 15 14 717 2831 4852
1168 2 2 15 14 743 2900 2975
1169 2 2 15 14 2853 3831 4556
1170 2 2 15 14 70 2929 71
1171 2 2 15 14 2704 4890 3641
1172 2 2 15 14 1840 2875 2912
1173 2 2 15 14 2918 4869 4868
1174 2 2 15 14 3617 3953 4856
1175 2 2 15 14 125 4557 4697
1176 2 2 15 14 2899 3463 3462
1177 2 2 15 14 2523 3640 4832
1178 2 2 15 14 2429 4318 4385
1179 2 2 15 14 1330 3989 4979
1180 2 2 15 14 72 3025 1356
1181 2 2 15 14 2544 3326 2911
1182 2 2 15 14 1814 3674 4775
1183 2 2 15 14 2596 3147 4403
1184 2 2 15 14 2846 2847 4408
1185 2 2 15 14 2901 3009 3008
1186 2 2 15 14 4103 4656 4645
1187 2 2 15 14 3337 3338 3339
1188 2 2 15 14 595 3374 3359
1189 2 2 15 14 3071 4622 4735
1190 2 2 15 14 680 3626 3625
1191 2 2 15 14 862 4821 4641
1192 2 2 15 14 2142 3063 2145
1193 2 2 15 14 2887 2984 2966
1194 2 2 15 14 3810 4708 4594
1195 2 2 15 14 1439 3277 4833
1196 2 2 15 14 63 2934 875
1197 2 2 15 14 232 2922 233
1198 2 2 15 14 2899 3462 3464
1199 2 2 15 14 744 3522 3521
1200 2 2 15 14 2733 4929 2930
1201 2 2 15 14 1669 3200 3203
1202 2 2 15 14 102 3273 1342
1203 2 2 15 14 2887 4968 2984
1204 2 2 15 14 1738 2953 2950
1205 2 2 15 14 101 3271 3273
1206 2 2 15 14 2505 3766 4837
1207 2 2 15 14 2751 3272 2814
1208 2 2 15 14 3051 4725 4779
1209 2 2 15 14 233 2922 851
1210 2 2 15 14 2980 4743 4756
1211 2 2 15 14 2611 4505 3270
1212 2 2 15 14 2887 2966 2965
1213 2 2 15 14 2886 4968 2887
1214 2 2 15 14 2967 2968 4868
1215 2 2 15 14 815 3066 4716
1216 2 2 15 14 2507 4446 2903
1217 2 2 15 14 2944 2945 4481
1218 2 2 15 14 716 4766 2932
1219 2 2 15 14 2991 3021 3022
1220 2 2 15 14 2711 2976 2977
1221 2 2 15 14 2578 4693 4490
1222 2 2 15 14 1814 4870 3674
1223 2 2 15 14 2529 3832 2853
1224 2 2 15 14 3071 4753 4622
1225 2 2 15 14 2766 3832 4092
1226 2 2 15 14 2690 2692 3825
1227 2 2 15 14 697 4614 2864
1228 2 2 15 14 407 4116 4115
1229 2 2 15 14 408 1003 4116
1230 2 2 15 14 3856 4491 3934
1231 2 2 15 14 694 3454 3373
1232 2 2 15 14 207 2980 2902
1233 2 2 15 14 755 2898 4502
1234 2 2 15 14 2936 3671 4499
1235 2 2 15 14 1439 4067 5001
1236 2 2 15 14 1439 5001 3277
1237 2 2 15 14 1265 3220 1660
1238 2 2 15 14 2937 4706 4711
1239 2 2 15 14 1267 1668 3220
1240 2 2 15 14 459 4838 4846
1241 2 2 15 14 61 834 4379
1242 2 2 15 14 2180 2942 3354
1243 2 2 15 14 759 4747 4813
1244 2 2 15 14 3211 4866 4843
1245 2 2 15 14 2612 2737 4731
1246 2 2 15 14 229 4831 4750
1247 2 2 15 14 2729 4849 3710
1248 2 2 15 14 2346 4522 4151
1249 2 2 15 14 990 2996 4903
1250 2 2 15 14 1362 3372 3350
1251 2 2 15 14 1353 3325 4620
1252 2 2 15 14 307 596 2989
1253 2 2 15 14 308 2989 1365
1254 2 2 15 14 3202 4841 4727
1255 2 2 15 14 2763 4763 4613
1256 2 2 15 14 496 1001 4732
1257 2 2 15 14 244 3522 245
1258 2 2 15 14 2793 4972 3857
1259 2 2 15 14 1867 2177 4407
1260 2 2 15 14 1737 2954 3116
1261 2 2 15 14 67 971 4484
1262 2 2 15 14 2947 3795 3794
1263 2 2 15 14 1737 3117 2954
1264 2 2 15 14 2968 3078 4868
1265 2 2 15 14 1824 2912 2913
1266 2 2 15 14 210 4986 2865
1267 2 2 15 14 2810 4389 4935
1268 2 2 15 14 704 3349 3331
1269 2 2 15 14 1001 4475 2896
1270 2 2 15 14 2856 3790 2858
1271 2 2 15 14 2588 4576 4440
1272 2 2 15 14 1433 3725 4537
1273 2 2 15 14 1319 4694 4582
1274 2 2 15 14 1333 3166 1661
1275 2 2 15 14 3195 4818 4685
1276 2 2 15 14 1327 1627 3166
1277 2 2 15 14 3232 4395 4918
1278 2 2 15 14 2851 4067 4483
1279 2 2 15 14 3204 4840 4829
1280 2 2 15 14 3808 4594 3813
1281 2 2 15 14 2902 2980 4756
1282 2 2 15 14 2340 2342 3315
1283 2 2 15 14 208 2902 1141
1284 2 2 15 14 1360 3330 3328
1285 2 2 15 14 2336 2338 3323
1286 2 2 15 14 3177 4846 4838
1287 2 2 15 14 913 2960 2925
1288 2 2 15 14 2891 2926 4383
1289 2 2 15 14 2594 4111 4454
1290 2 2 15 14 2304 2306 3375
1291 2 2 15 14 2330 2334 3328
1292 2 2 15 14 2308 2310 3359
1293 2 2 15 14 2326 2328 3331
1294 2 2 15 14 2935 4709 3481
1295 2 2 15 14 2322 2324 3350
1296 2 2 15 14 2189 3509 4928
1297 2 2 15 14 3824 4163 3959
1298 2 2 15 14 2318 2320 3373
1299 2 2 15 14 2838 4650 2938
1300 2 2 15 14 1272 3219 1668
1301 2 2 15 14 1176 4469 3279
1302 2 2 15 14 1762 3805 3806
1303 2 2 15 14 2478 2951 2950
1304 2 2 15 14 1174 3092 4959
1305 2 2 15 14 3657 4478 4600
1306 2 2 15 14 3155 4655 4745
1307 2 2 15 14 949 4839 4677
1308 2 2 15 14 715 3327 3323
1309 2 2 15 14 3159 3165 3161
1310 2 2 15 14 3808 3810 4594
1311 2 2 15 14 3062 4634 4605
1312 2 2 15 14 3197 4817 4814
1313 2 2 15 14 910 3546 3547
1314 2 2 15 14 763 4843 4866
1315 2 2 15 14 3071 4418 4753
1316 2 2 15 14 2297 2303 3089
1317 2 2 15 14 3824 3959 4164
1318 2 2 15 14 1174 4955 3092
1319 2 2 15 14 1799 1869 3126
1320 2 2 15 14 1887 4704 4742
1321 2 2 15 14 2159 4899 4533
1322 2 2 15 14 462 4820 4825
1323 2 2 15 14 2298 3655 3656
1324 2 2 15 14 4185 4704 4714
1325 2 2 15 14 2894 4599 2895
1326 2 2 15 14 1330 4590 3989
1327 2 2 15 14 2222 2224 2979
1328 2 2 15 14 1869 3125 3126
1329 2 2 15 14 2167 4720 3027
1330 2 2 15 14 2180 4231 2942
1331 2 2 15 14 1483 4556 3831
1332 2 2 15 14 2134 2893 2892
1333 2 2 15 14 2684 4674 3670
1334 2 2 15 14 2843 2942 4231
1335 2 2 15 14 2891 2892 2926
1336 2 2 15 14 3856 4713 4491
1337 2 2 15 14 2224 2931 2979
1338 2 2 15 14 1320 3006 3262
1339 2 2 15 14 1359 3322 3315
1340 2 2 15 14 2611 3263 4505
1341 2 2 15 14 2721 4185 4714
1342 2 2 15 14 3797 4878 4562
1343 2 2 15 14 3015 4673 3016
1344 2 2 15 14 2966 2984 2968
1345 2 2 15 14 1684 1686 3053
1346 2 2 15 14 1081 4599 2894
1347 2 2 15 14 1225 4488 2889
1348 2 2 15 14 913 2925 3233
1349 2 2 15 14 2588 3522 4576
1350 2 2 15 14 799 2961 913
1351 2 2 15 14 761 3517 4702
1352 2 2 15 14 2136 3053 2860
1353 2 2 15 14 2825 3066 4790
1354 2 2 15 14 2567 3454 3455
1355 2 2 15 14 2743 2840 4658
1356 2 2 15 14 3295 4461 4583
1357 2 2 15 14 2194 3261 4547
1358 2 2 15 14 1354 4152 3270
1359 2 2 15 14 85 2999 1840
1360 2 2 15 14 84 1672 2999
1361 2 2 15 14 201 4815 2897
1362 2 2 15 14 1315 1338 3221
1363 2 2 15 14 1669 3221 3200
1364 2 2 15 14 1209 4455 3269
1365 2 2 15 14 2808 3002 3224
1366 2 2 15 14 2822 2922 2823
1367 2 2 15 14 1139 2845 4996
1368 2 2 15 14 2149 3486 2182
1369 2 2 15 14 2997 3019 3018
1370 2 2 15 14 70 1031 2929
1371 2 2 15 14 2293 2295 4479
1372 2 2 15 14 2611 3270 4152
1373 2 2 15 14 2478 4318 2951
1374 2 2 15 14 83 3000 1672
1375 2 2 15 14 82 1533 3000
1376 2 2 15 14 2601 3487 3485
1377 2 2 15 14 1874 4868 3078
1378 2 2 15 14 3191 4807 4791
1379 2 2 15 14 1354 3279 2941
1380 2 2 15 14 76 3326 3324
1381 2 2 15 14 2226 2950 2951
1382 2 2 15 14 3801 3803 3815
1383 2 2 15 14 3800 3801 3815
1384 2 2 15 14 75 1114 3326
1385 2 2 15 14 2210 3266 2617
1386 2 2 15 14 81 3002 1533
1387 2 2 15 14 80 1237 3002
1388 2 2 15 14 1237 3224 3002
1389 2 2 15 14 35 4621 1363
1390 2 2 15 14 306 3021 596
1391 2 2 15 14 971 2906 4484
1392 2 2 15 14 305 1368 3021
1393 2 2 15 14 2601 3005 3487
1394 2 2 15 14 1354 2941 4152
1395 2 2 15 14 911 3487 3005
1396 2 2 15 14 2517 3751 3068
1397 2 2 15 14 802 4829 4840
1398 2 2 15 14 2579 2808 3224
1399 2 2 15 14 2577 3224 2827
1400 2 2 15 14 3168 4588 4106
1401 2 2 15 14 3517 4789 3518
1402 2 2 15 14 2617 3266 3265
1403 2 2 15 14 3652 3653 3658
1404 2 2 15 14 586 3652 3658
1405 2 2 15 14 2741 3006 3263
1406 2 2 15 14 2789 2905 4404
1407 2 2 15 14 3659 4423 4424
1408 2 2 15 14 2610 3263 2611
1409 2 2 15 14 716 2932 4608
1410 2 2 15 14 1651 4164 3959
1411 2 2 15 14 2059 4541 4539
1412 2 2 15 14 1313 1669 4307
1413 2 2 15 14 3137 4692 4130
1414 2 2 15 14 3492 4592 4471
1415 2 2 15 14 2854 2855 2946
1416 2 2 15 14 880 2933 3725
1417 2 2 15 14 2715 2896 4475
1418 2 2 15 14 1351 4155 3275
1419 2 2 15 14 2177 2178 2953
1420 2 2 15 14 2908 3068 3751
1421 2 2 15 14 1338 3229 3221
1422 2 2 15 14 2753 4164 4194
1423 2 2 15 14 3111 4825 4820
1424 2 2 15 14 1686 4552 3053
1425 2 2 15 14 4 506 2889
1426 2 2 15 14 680 4498 3626
1427 2 2 15 14 2603 3275 4155
1428 2 2 15 14 2889 4488 2903
1429 2 2 15 14 114 113 2957
1430 2 2 15 14 2150 3482 3483
1431 2 2 15 14 1351 3269 2949
1432 2 2 15 14 2478 4385 4318
1433 2 2 15 14 1832 4605 4634
1434 2 2 15 14 2575 4488 4553
1435 2 2 15 14 1351 2949 4155
1436 2 2 15 14 2895 4599 4730
1437 2 2 15 14 813 4814 4817
1438 2 2 15 14 3806 3807 3808
1439 2 2 15 14 2142 2837 3063
1440 2 2 15 14 3804 3817 3807
1441 2 2 15 14 2145 3063 2910
1442 2 2 15 14 2523 4832 2598
1443 2 2 15 14 2597 4990 4377
1444 2 2 15 14 3333 4229 4226
1445 2 2 15 14 2178 2950 2953
1446 2 2 15 14 2842 3765 3764
1447 2 2 15 14 1141 2902 2866
1448 2 2 15 14 130 915 3341
1449 2 2 15 14 910 3548 3546
1450 2 2 15 14 752 4578 2921
1451 2 2 15 14 3441 4750 4831
1452 2 2 15 14 2269 2756 4953
1453 2 2 15 14 2766 3833 3832
1454 2 2 15 14 3099 3218 4785
1455 2 2 15 14 2728 4849 2729
1456 2 2 15 14 980 3879 3878
1457 2 2 15 14 1338 1497 3229
1458 2 2 15 14 2564 2879 2934
1459 2 2 15 14 1513 4863 4764
1460 2 2 15 14 3654 3660 3657
1461 2 2 15 14 840 4791 4807
1462 2 2 15 14 2343 4497 2345
1463 2 2 15 14 2878 2988 2986
1464 2 2 15 14 3816 4600 4478
1465 2 2 15 14 2429 2594 4318
1466 2 2 15 14 761 4789 3517
1467 2 2 15 14 589 2945 2944
1468 2 2 15 14 2942 2957 3354
1469 2 2 15 14 3099 4794 3218
1470 2 2 15 14 2597 4377 4663
1471 2 2 15 14 886 3093 4454
1472 2 2 15 14 2926 2927 4861
1473 2 2 15 14 417 4979 3990
1474 2 2 15 14 2252 3548 3493
1475 2 2 15 14 3280 4930 3281
1476 2 2 15 14 2936 4887 3671
1477 2 2 15 14 1394 3759 4480
1478 2 2 15 14 2091 2986 2987
1479 2 2 15 14 2877 2948 4854
1480 2 2 15 14 1869 4407 3124
1481 2 2 15 14 2825 4790 4951
1482 2 2 15 14 2771 4966 3073
1483 2 2 15 14 2177 2954 4407
1484 2 2 15 14 3518 4789 4904
1485 2 2 15 14 3172 4992 4115
1486 2 2 15 14 2210 2212 3266
1487 2 2 15 14 2941 3279 4469
1488 2 2 15 14 2739 4715 4581
1489 2 2 15 14 2824 3065 2825
1490 2 2 15 14 2789 4404 4585
1491 2 2 15 14 3015 4292 4423
1492 2 2 15 14 3136 3138 3137
1493 2 2 15 14 2747 2970 2971
1494 2 2 15 14 1731 1733 3116
1495 2 2 15 14 2791 4559 4548
1496 2 2 15 14 2830 2885 2964
1497 2 2 15 14 1675 4494 4558
1498 2 2 15 14 1669 3203 4307
1499 2 2 15 14 2617 3265 3264
1500 2 2 15 14 1031 2920 2929
1501 2 2 15 14 2997 3018 3376
1502 2 2 15 14 3989 3990 4979
1503 2 2 15 14 2737 4697 4557
1504 2 2 15 14 1639 4627 4705
1505 2 2 15 14 3137 4130 4896
1506 2 2 15 14 1169 4049 3264
1507 2 2 15 14 2617 3264 4049
1508 2 2 15 14 2800 4861 4823
1509 2 2 15 14 3168 4106 4808
1510 2 2 15 14 699 3766 4099
1511 2 2 15 14 2844 2866 4275
1512 2 2 15 14 1170 4416 3313
1513 2 2 15 14 1907 1909 3483
1514 2 2 15 14 2342 2876 3315
1515 2 2 15 14 2340 3315 2863
1516 2 2 15 14 2306 2848 3375
1517 2 2 15 14 1410 3574 4850
1518 2 2 15 14 2304 3375 2566
1519 2 2 15 14 2310 2850 3359
1520 2 2 15 14 1520 4548 4559
1521 2 2 15 14 2338 2863 3323
1522 2 2 15 14 2336 3323 2862
1523 2 2 15 14 2308 3359 2848
1524 2 2 15 14 1169 3287 2958
1525 2 2 15 14 2815 2817 2952
1526 2 2 15 14 596 3021 2991
1527 2 2 15 14 2334 2862 3328
1528 2 2 15 14 4058 4759 4797
1529 2 2 15 14 2330 3328 2861
1530 2 2 15 14 2690 3825 4902
1531 2 2 15 14 2328 2861 3331
1532 2 2 15 14 1169 2958 4049
1533 2 2 15 14 2326 3331 2859
1534 2 2 15 14 2324 2859 3350
1535 2 2 15 14 2949 3269 4455
1536 2 2 15 14 2320 2852 3373
1537 2 2 15 14 2322 3350 2852
1538 2 2 15 14 2196 3363 2623
1539 2 2 15 14 2318 3373 2567
1540 2 2 15 14 2623 3363 3362
1541 2 2 15 14 3907 4532 4626
1542 2 2 15 14 744 3518 4904
1543 2 2 15 14 864 2981 4974
1544 2 2 15 14 660 3574 4760
1545 2 2 15 14 1315 3221 1669
1546 2 2 15 14 2877 4854 4927
1547 2 2 15 14 2819 2828 2956
1548 2 2 15 14 2757 4885 2799
1549 2 2 15 14 2295 2297 3089
1550 2 2 15 14 2303 2849 3089
1551 2 2 15 14 1365 2989 2940
1552 2 2 15 14 2301 4673 4423
1553 2 2 15 14 1350 4050 3287
1554 2 2 15 14 3673 3675 3674
1555 2 2 15 14 2958 3287 4050
1556 2 2 15 14 1446 4490 4693
1557 2 2 15 14 2974 4645 4656
1558 2 2 15 14 2826 4136 4693
1559 2 2 15 14 2849 2944 3089
1560 2 2 15 14 1350 3313 2963
1561 2 2 15 14 3656 3657 4600
1562 2 2 15 14 2860 3053 2920
1563 2 2 15 14 1350 2963 4050
1564 2 2 15 14 1291 2955 4317
1565 2 2 15 14 936 3442 4931
1566 2 2 15 14 2174 4620 3325
1567 2 2 15 14 805 4888 3356
1568 2 2 15 14 693 3277 4635
1569 2 2 15 14 2933 4537 3725
1570 2 2 15 14 2599 2993 2992
1571 2 2 15 14 1210 3086 4978
1572 2 2 15 14 1410 4956 3574
1573 2 2 15 14 114 2957 1139
1574 2 2 15 14 1213 4406 3393
1575 2 2 15 14 2715 4475 4652
1576 2 2 15 14 477 4770 4892
1577 2 2 15 14 1667 3193 3196
1578 2 2 15 14 1867 4407 1869
1579 2 2 15 14 2953 3116 2954
1580 2 2 15 14 3296 4452 4246
1581 2 2 15 14 1513 3865 4863
1582 2 2 15 14 3205 3207 3219
1583 2 2 15 14 865 3675 3676
1584 2 2 15 14 1991 4523 3047
1585 2 2 15 14 201 2897 4914
1586 2 2 15 14 3210 3212 3220
1587 2 2 15 14 2196 2198 3363
1588 2 2 15 14 2061 3428 3429
1589 2 2 15 14 1990 4446 2507
1590 2 2 15 14 1139 2957 2942
1591 2 2 15 14 2951 4454 3093
1592 2 2 15 14 2823 2922 4456
1593 2 2 15 14 3578 4082 3582
1594 2 2 15 14 789 791 3260
1595 2 2 15 14 650 3819 3817
1596 2 2 15 14 2445 4266 4246
1597 2 2 15 14 2998 3261 4467
1598 2 2 15 14 3800 3815 3816
1599 2 2 15 14 1210 4975 3086
1600 2 2 15 14 874 3582 4082
1601 2 2 15 14 2177 2953 2954
1602 2 2 15 14 3159 3161 3160
1603 2 2 15 14 1291 4317 4301
1604 2 2 15 14 1291 4329 2955
1605 2 2 15 14 130 3341 131
1606 2 2 15 14 1634 4630 4688
1607 2 2 15 14 586 3658 3659
1608 2 2 15 14 2625 3288 4288
1609 2 2 15 14 2571 3076 4510
1610 2 2 15 14 794 797 3233
1611 2 2 15 14 1059 4411 3364
1612 2 2 15 14 2302 4479 4481
1613 2 2 15 14 337 4657 4507
1614 2 2 15 14 2881 2883 2882
1615 2 2 15 14 3101 3102 4514
1616 2 2 15 14 2838 4747 4650
1617 2 2 15 14 2625 4301 4317
1618 2 2 15 14 94 93 3029
1619 2 2 15 14 2820 4582 4694
1620 2 2 15 14 113 3353 2957
1621 2 2 15 14 2799 4885 4980
1622 2 2 15 14 3477 4722 4864
1623 2 2 15 14 2625 4288 4301
1624 2 2 15 14 417 3990 4847
1625 2 2 15 14 1294 3288 4266
1626 2 2 15 14 3366 4442 4465
1627 2 2 15 14 1998 3376 3018
1628 2 2 15 14 2295 3089 4479
1629 2 2 15 14 438 4755 2971
1630 2 2 15 14 1294 4266 2445
1631 2 2 15 14 3787 4453 4879
1632 2 2 15 14 2998 3260 3261
1633 2 2 15 14 1044 4393 1046
1634 2 2 15 14 665 4472 4527
1635 2 2 15 14 2963 3313 4416
1636 2 2 15 14 660 4850 3574
1637 2 2 15 14 1214 3036 2972
1638 2 2 15 14 1048 3036 1214
1639 2 2 15 14 2927 4738 4861
1640 2 2 15 14 3037 4370 4284
1641 2 2 15 14 1946 3126 4461
1642 2 2 15 14 13 2938 4650
1643 2 2 15 14 2656 3862 4734
1644 2 2 15 14 5 713 484
1645 2 2 15 14 1409 2909 4564
1646 2 2 15 14 1667 3222 3193
1647 2 2 15 14 3238 3239 4171
1648 2 2 15 14 2123 4983 4761
1649 2 2 15 14 1497 1667 3229
1650 2 2 15 14 132 131 4441
1651 2 2 15 14 915 3337 3341
1652 2 2 15 14 2986 3069 2987
1653 2 2 15 14 2435 4025 3917
1654 2 2 15 14 1573 3238 4171
1655 2 2 15 14 3493 3548 3494
1656 2 2 15 14 1294 4288 3288
1657 2 2 15 14 2858 3790 4342
1658 2 2 15 14 2252 3546 3548
1659 2 2 15 14 1214 2972 3037
1660 2 2 15 14 2126 2792 2985
1661 2 2 15 14 805 4973 4888
1662 2 2 15 14 5 714 713
1663 2 2 15 14 3673 3676 3675
1664 2 2 15 14 2588 3521 3522
1665 2 2 15 14 2623 3362 3364
1666 2 2 15 14 2594 4454 4318
1667 2 2 15 14 3786 4453 3787
1668 2 2 15 14 1731 3116 1738
1669 2 2 15 14 2081 2599 2992
1670 2 2 15 14 3340 4227 4441
1671 2 2 15 14 2491 4985 3023
1672 2 2 15 14 1733 1737 3116
1673 2 2 15 14 1448 4450 1491
1674 2 2 15 14 2193 4547 2925
1675 2 2 15 14 2915 4476 2916
1676 2 2 15 14 3337 3339 3340
1677 2 2 15 14 1046 3036 1048
1678 2 2 15 14 686 3239 3312
1679 2 2 15 14 217 1117 3050
1680 2 2 15 14 232 4456 2922
1681 2 2 15 14 2061 3427 3428
1682 2 2 15 14 3480 4776 4737
1683 2 2 15 14 686 4171 3239
1684 2 2 15 14 913 2961 2960
1685 2 2 15 14 2673 3393 4406
1686 2 2 15 14 1824 2913 2914
1687 2 2 15 14 206 1175 2980
1688 2 2 15 14 3112 3113 3189
1689 2 2 15 14 1117 3051 3050
1690 2 2 15 14 2123 4114 3877
1691 2 2 15 14 484 713 4415
1692 2 2 15 14 1909 2150 3483
1693 2 2 15 14 1222 3041 3039
1694 2 2 15 14 1907 3483 2521
1695 2 2 15 14 2811 3953 4737
1696 2 2 15 14 912 2998 2982
1697 2 2 15 14 3442 3877 4114
1698 2 2 15 14 2397 2627 3412
1699 2 2 15 14 2945 3013 4481
1700 2 2 15 14 2976 2978 2977
1701 2 2 15 14 3190 3191 3192
1702 2 2 15 14 1664 3112 3189
1703 2 2 15 14 775 777 3351
1704 2 2 15 14 2627 3411 3412
1705 2 2 15 14 3347 4279 4043
1706 2 2 15 14 2757 4777 3395
1707 2 2 15 14 3126 4583 4461
1708 2 2 15 14 1667 3196 3229
1709 2 2 15 14 2485 3077 4420
1710 2 2 15 14 3423 3427 3445
1711 2 2 15 14 2082 3017 2146
1712 2 2 15 14 865 3677 3675
1713 2 2 15 14 2549 4596 4616
1714 2 2 15 14 2155 3138 2173
1715 2 2 15 14 215 4800 2928
1716 2 2 15 14 2954 3117 4407
1717 2 2 15 14 1737 3118 3117
1718 2 2 15 14 2564 2934 4379
1719 2 2 15 14 3701 4511 4503
1720 2 2 15 14 1050 3038 1053
1721 2 2 15 14 3101 4514 4543
1722 2 2 15 14 1159 3321 4149
1723 2 2 15 14 3417 4086 3418
1724 2 2 15 14 2704 3963 3705
1725 2 2 15 14 474 4752 4865
1726 2 2 15 14 3634 4431 4427
1727 2 2 15 14 3409 4458 4485
1728 2 2 15 14 951 3421 3418
1729 2 2 15 14 2090 2126 2985
1730 2 2 15 14 1453 4208 4148
1731 2 2 15 14 1444 3417 4043
1732 2 2 15 14 2043 3429 2045
1733 2 2 15 14 218 3050 3049
1734 2 2 15 14 3421 4044 3422
1735 2 2 15 14 2776 2928 4800
1736 2 2 15 14 2987 3069 3017
1737 2 2 15 14 1355 3344 4386
1738 2 2 15 14 951 3418 4086
1739 2 2 15 14 1444 4086 3417
1740 2 2 15 14 1484 3102 4415
1741 2 2 15 14 1645 4687 4681
1742 2 2 15 14 2004 2081 2992
1743 2 2 15 14 2218 2397 3412
1744 2 2 15 14 1046 4393 3036
1745 2 2 15 14 3013 3014 4481
1746 2 2 15 14 951 4044 3421
1747 2 2 15 14 2144 2895 3010
1748 2 2 15 14 3321 4148 4208
1749 2 2 15 14 3318 4132 4149
1750 2 2 15 14 1762 3806 3813
1751 2 2 15 14 93 1823 3029
1752 2 2 15 14 94 3029 1677
1753 2 2 15 14 1738 3116 2953
1754 2 2 15 14 2127 3012 2156
1755 2 2 15 14 2146 3017 2896
1756 2 2 15 14 2627 3410 3411
1757 2 2 15 14 3946 4467 4493
1758 2 2 15 14 1436 3422 4044
1759 2 2 15 14 2720 4648 4616
1760 2 2 15 14 1436 3424 3422
1761 2 2 15 14 1688 2122 4552
1762 2 2 15 14 2156 3012 2948
1763 2 2 15 14 987 3410 4047
1764 2 2 15 14 2947 3796 3795
1765 2 2 15 14 1527 3054 1530
1766 2 2 15 14 3309 4143 3312
1767 2 2 15 14 2043 2061 3429
1768 2 2 15 14 3879 4761 4983
1769 2 2 15 14 2627 4047 3410
1770 2 2 15 14 3189 3191 3190
1771 2 2 15 14 1444 4043 4279
1772 2 2 15 14 2345 4497 4336
1773 2 2 15 14 3477 4864 4783
1774 2 2 15 14 1033 3346 3183
1775 2 2 15 14 1446 4693 4136
1776 2 2 15 14 1159 4149 4132
1777 2 2 15 14 1159 4148 3321
1778 2 2 15 14 4000 4396 4402
1779 2 2 15 14 686 3312 4143
1780 2 2 15 14 206 2980 207
1781 2 2 15 14 791 1352 3260
1782 2 2 15 14 1436 3425 3424
1783 2 2 15 14 2435 3917 4284
1784 2 2 15 14 789 3260 912
1785 2 2 15 14 912 2982 3344
1786 2 2 15 14 3113 3191 3189
1787 2 2 15 14 1222 3357 3041
1788 2 2 15 14 1225 4553 4488
1789 2 2 15 14 797 913 3233
1790 2 2 15 14 794 3233 1352
1791 2 2 15 14 1664 3297 3112
1792 2 2 15 14 2501 4442 4447
1793 2 2 15 14 1569 3297 1664
1794 2 2 15 14 1358 3043 3357
1795 2 2 15 14 834 3008 3009
1796 2 2 15 14 3578 3581 4082
1797 2 2 15 14 3035 4038 4073
1798 2 2 15 14 1442 3309 3310
1799 2 2 15 14 218 3049 219
1800 2 2 15 14 3581 4000 4082
1801 2 2 15 14 2932 4766 2979
1802 2 2 15 14 3567 4683 4676
1803 2 2 15 14 2481 4408 2894
1804 2 2 15 14 1357 3003 3064
1805 2 2 15 14 1357 3007 3003
1806 2 2 15 14 3579 3582 4182
1807 2 2 15 14 1320 3263 3006
1808 2 2 15 14 1443 3317 4134
1809 2 2 15 14 3731 4678 4672
1810 2 2 15 14 1060 3364 1063
1811 2 2 15 14 854 3588 4222
1812 2 2 15 14 871 4471 4592
1813 2 2 15 14 3176 3180 3181
1814 2 2 15 14 854 4222 4206
1815 2 2 15 14 3579 4182 4206
1816 2 2 15 14 2084 2086 2987
1817 2 2 15 14 1176 3275 4469
1818 2 2 15 14 1099 3054 1527
1819 2 2 15 14 987 4047 4340
1820 2 2 15 14 1033 3348 3346
1821 2 2 15 14 1442 4143 3309
1822 2 2 15 14 874 4182 3582
1823 2 2 15 14 1574 2965 2966
1824 2 2 15 14 2086 2091 2987
1825 2 2 15 14 1994 2098 3011
1826 2 2 15 14 3149 4346 3183
1827 2 2 15 14 3317 4133 3318
1828 2 2 15 14 3464 4539 4541
1829 2 2 15 14 2131 2144 3010
1830 2 2 15 14 3123 4503 4511
1831 2 2 15 14 3347 3348 4279
1832 2 2 15 14 3784 4660 4654
1833 2 2 15 14 3579 4206 4222
1834 2 2 15 14 1098 3046 3044
1835 2 2 15 14 1346 4969 4604
1836 2 2 15 14 2045 4328 2047
1837 2 2 15 14 2437 3035 4073
1838 2 2 15 14 2500 2501 4447
1839 2 2 15 14 1255 4649 4642
1840 2 2 15 14 4586 4733 4724
1841 2 2 15 14 836 838 3487
1842 2 2 15 14 3190 3193 3222
1843 2 2 15 14 854 4244 3588
1844 2 2 15 14 4185 4742 4704
1845 2 2 15 14 3318 4133 4132
1846 2 2 15 14 2445 4246 4452
1847 2 2 15 14 1299 4420 3077
1848 2 2 15 14 2447 3829 2450
1849 2 2 15 14 1209 3266 4455
1850 2 2 15 14 3044 3046 3045
1851 2 2 15 14 3807 3809 3808
1852 2 2 15 14 2045 3429 4328
1853 2 2 15 14 1032 2948 4782
1854 2 2 15 14 1356 3025 3026
1855 2 2 15 14 131 3341 4441
1856 2 2 15 14 3205 3219 4307
1857 2 2 15 14 1878 4802 3339
1858 2 2 15 14 2226 2951 3093
1859 2 2 15 14 2782 3230 3169
1860 2 2 15 14 530 4646 4643
1861 2 2 15 14 2084 2987 3017
1862 2 2 15 14 738 771 4214
1863 2 2 15 14 1040 3357 1042
1864 2 2 15 14 713 1484 4415
1865 2 2 15 14 2896 3017 3069
1866 2 2 15 14 3428 4439 3430
1867 2 2 15 14 2061 3445 3427
1868 2 2 15 14 218 217 3050
1869 2 2 15 14 1335 1661 4203
1870 2 2 15 14 2173 3138 3136
1871 2 2 15 14 1443 4133 3317
1872 2 2 15 14 3430 4439 4402
1873 2 2 15 14 213 3030 1343
1874 2 2 15 14 533 4639 4633
1875 2 2 15 14 1130 3343 4077
1876 2 2 15 14 30 754 3013
1877 2 2 15 14 2920 3024 2929
1878 2 2 15 14 3430 4402 4396
1879 2 2 15 14 1735 1739 3118
1880 2 2 15 14 2855 4949 2947
1881 2 2 15 14 3310 3311 4126
1882 2 2 15 14 2689 3758 4889
1883 2 2 15 14 2154 3138 2155
1884 2 2 15 14 3160 3162 4961
1885 2 2 15 14 3876 3878 3877
1886 2 2 15 14 785 787 3344
1887 2 2 15 14 30 3013 31
1888 2 2 15 14 539 4623 4625
1889 2 2 15 14 1349 4510 3076
1890 2 2 15 14 1442 3310 4126
1891 2 2 15 14 3198 3200 3221
1892 2 2 15 14 220 1098 3044
1893 2 2 15 14 1050 1214 3038
1894 2 2 15 14 3028 4023 3074
1895 2 2 15 14 2720 3147 4648
1896 2 2 15 14 1174 4959 4965
1897 2 2 15 14 536 4628 4624
1898 2 2 15 14 3141 3143 3142
1899 2 2 15 14 2784 3173 3242
1900 2 2 15 14 133 870 3449
1901 2 2 15 14 1886 3074 4023
1902 2 2 15 14 777 987 3351
1903 2 2 15 14 3135 4205 4234
1904 2 2 15 14 775 3351 1357
1905 2 2 15 14 1443 4134 4089
1906 2 2 15 14 870 3252 3449
1907 2 2 15 14 876 3475 1128
1908 2 2 15 14 2632 3028 3033
1909 2 2 15 14 1735 3118 1737
1910 2 2 15 14 2632 4023 3028
1911 2 2 15 14 3340 4441 3341
1912 2 2 15 14 3305 3307 3306
1913 2 2 15 14 2156 2877 2792
1914 2 2 15 14 2724 4558 4494
1915 2 2 15 14 2082 2084 3017
1916 2 2 15 14 1210 4978 4932
1917 2 2 15 14 1175 4743 2980
1918 2 2 15 14 3346 3348 3347
1919 2 2 15 14 3343 4089 4134
1920 2 2 15 14 197 3055 1346
1921 2 2 15 14 689 3311 3379
1922 2 2 15 14 2632 3033 2633
1923 2 2 15 14 3423 3424 3427
1924 2 2 15 14 1200 4823 4861
1925 2 2 15 14 2017 3148 2019
1926 2 2 15 14 1661 3165 4203
1927 2 2 15 14 1854 3142 1877
1928 2 2 15 14 2480 3234 2509
1929 2 2 15 14 2144 2481 2894
1930 2 2 15 14 2146 2715 2599
1931 2 2 15 14 2993 2995 2994
1932 2 2 15 14 2757 3395 4885
1933 2 2 15 14 2289 3016 4673
1934 2 2 15 14 2913 2915 2914
1935 2 2 15 14 1959 2847 2846
1936 2 2 15 14 2181 3005 2601
1937 2 2 15 14 3144 3178 3383
1938 2 2 15 14 2480 2597 3234
1939 2 2 15 14 2098 3018 3019
1940 2 2 15 14 2633 3033 3034
1941 2 2 15 14 2126 2127 2156
1942 2 2 15 14 1126 3031 3030
1943 2 2 15 14 2940 2989 2990
1944 2 2 15 14 689 4126 3311
1945 2 2 15 14 1053 3038 3916
1946 2 2 15 14 2769 3080 3079
1947 2 2 15 14 3198 3221 3229
1948 2 2 15 14 1130 4089 3343
1949 2 2 15 14 2081 2082 2146
1950 2 2 15 14 592 3832 3833
1951 2 2 15 14 987 4340 3351
1952 2 2 15 14 752 2921 4999
1953 2 2 15 14 2005 2992 2993
1954 2 2 15 14 1023 2877 4927
1955 2 2 15 14 1829 1830 1831
1956 2 2 15 14 2192 3052 3149
1957 2 2 15 14 1858 1990 1989
1958 2 2 15 14 1831 1857 1858
1959 2 2 15 14 2017 3968 3148
1960 2 2 15 14 3509 3510 4928
1961 2 2 15 14 1677 2884 4946
1962 2 2 15 14 2194 4467 3261
1963 2 2 15 14 1915 3968 2017
1964 2 2 15 14 1992 1994 3011
1965 2 2 15 14 2623 3364 4411
1966 2 2 15 14 3058 3059 3062
1967 2 2 15 14 3041 3357 3043
1968 2 2 15 14 509 1002 3058
1969 2 2 15 14 1033 3183 4346
1970 2 2 15 14 1170 3363 4416
1971 2 2 15 14 2523 4798 3640
1972 2 2 15 14 1435 3368 4073
1973 2 2 15 14 2689 4459 3758
1974 2 2 15 14 2127 2129 3012
1975 2 2 15 14 1130 4077 4053
1976 2 2 15 14 1530 3054 1959
1977 2 2 15 14 1994 1996 2098
1978 2 2 15 14 2129 2131 3010
1979 2 2 15 14 2131 2133 2144
1980 2 2 15 14 2144 2894 2895
1981 2 2 15 14 1854 1856 3142
1982 2 2 15 14 3406 4337 3408
1983 2 2 15 14 1569 1571 3297
1984 2 2 15 14 3368 4053 4077
1985 2 2 15 14 2090 2125 2126
1986 2 2 15 14 2086 2088 2091
1987 2 2 15 14 2299 4343 3974
1988 2 2 15 14 2892 2927 2926
1989 2 2 15 14 1002 3059 3058
1990 2 2 15 14 1059 3393 4411
1991 2 2 15 14 1344 3044 3045
1992 2 2 15 14 2126 2156 2792
1993 2 2 15 14 2000 2002 2005
1994 2 2 15 14 771 3064 4214
1995 2 2 15 14 3037 4284 3038
1996 2 2 15 14 2004 2080 2081
1997 2 2 15 14 2888 2940 4506
1998 2 2 15 14 2994 2995 2996
1999 2 2 15 14 1098 3048 3046
2000 2 2 15 14 1816 3169 3230
2001 2 2 15 14 2129 3010 3012
2002 2 2 15 14 2081 2146 2599
2003 2 2 15 14 3160 3161 3162
2004 2 2 15 14 2005 2994 3376
2005 2 2 15 14 507 1225 506
2006 2 2 15 14 2005 2993 2994
2007 2 2 15 14 1063 3364 3362
2008 2 2 15 14 3428 3430 3429
2009 2 2 15 14 2437 4059 3035
2010 2 2 15 14 1877 3142 3143
2011 2 2 15 14 3003 3004 3064
2012 2 2 15 14 1059 3364 1060
2013 2 2 15 14 2994 2997 3376
2014 2 2 15 14 1435 4053 3368
2015 2 2 15 14 2823 4456 4592
2016 2 2 15 14 1435 4073 4038
2017 2 2 15 14 1126 3032 3031
2018 2 2 15 14 1213 3917 4406
2019 2 2 15 14 146 740 3187
2020 2 2 15 14 2179 3048 4707
2021 2 2 15 14 1887 4234 4205
2022 2 2 15 14 1996 1998 3018
2023 2 2 15 14 912 3260 2998
2024 2 2 15 14 836 3487 911
2025 2 2 15 14 2435 4284 4370
2026 2 2 15 14 2 598 597
2027 2 2 15 14 1670 4570 4586
2028 2 2 15 14 2563 3085 3086
2029 2 2 15 14 1358 4378 3043
2030 2 2 15 14 1174 4965 4397
2031 2 2 15 14 2 597 584
2032 2 2 15 14 1597 3471 2549
2033 2 2 15 14 153 3070 1347
2034 2 2 15 14 1656 4055 4339
2035 2 2 15 14 2192 3148 3052
2036 2 2 15 14 1021 3476 1248
2037 2 2 15 14 2156 2948 2877
2038 2 2 15 14 1571 1690 4224
2039 2 2 15 14 1996 3018 2098
2040 2 2 15 14 773 1357 3064
2041 2 2 15 14 2088 2090 2985
2042 2 2 15 14 693 4833 3277
2043 2 2 15 14 835 3348 837
2044 2 2 15 14 154 1347 3073
2045 2 2 15 14 771 773 3064
2046 2 2 15 14 2439 3091 3092
2047 2 2 15 14 838 3485 3487
2048 2 2 15 14 2002 2004 2992
2049 2 2 15 14 3098 3100 3101
2050 2 2 15 14 3217 4892 4770
2051 2 2 15 14 2882 2883 3001
2052 2 2 15 14 2146 2896 2715
2053 2 2 15 14 2824 3499 3065
2054 2 2 15 14 2434 3829 2447
2055 2 2 15 14 2716 4706 2937
2056 2 2 15 14 1044 1222 4393
2057 2 2 15 14 837 3348 1033
2058 2 2 15 14 1870 3065 3499
2059 2 2 15 14 3370 4405 4259
2060 2 2 15 14 819 3259 3258
2061 2 2 15 14 2857 4241 4353
2062 2 2 15 14 438 2971 4970
2063 2 2 15 14 2293 4479 2302
2064 2 2 15 14 1042 3357 1222
2065 2 2 15 14 2450 3829 2972
2066 2 2 15 14 3100 3102 3101
2067 2 2 15 14 1739 3119 3118
2068 2 2 15 14 2019 3148 2192
2069 2 2 15 14 3581 4396 4000
2070 2 2 15 14 138 3259 139
2071 2 2 15 14 2482 3128 3129
2072 2 2 15 14 2558 3085 2563
2073 2 2 15 14 2133 2481 2144
2074 2 2 15 14 1040 1358 3357
2075 2 2 15 14 3378 4110 3379
2076 2 2 15 14 2125 2127 2126
2077 2 2 15 14 583 3075 2701
2078 2 2 15 14 2088 2985 2091
2079 2 2 15 14 1214 3037 3038
2080 2 2 15 14 2002 2992 2005
2081 2 2 15 14 2104 2769 3079
2082 2 2 15 14 3117 3124 4407
2083 2 2 15 14 195 3115 766
2084 2 2 15 14 1959 3054 2847
2085 2 2 15 14 2080 2082 2081
2086 2 2 15 14 212 1126 3030
2087 2 2 15 14 754 3014 3013
2088 2 2 15 14 787 912 3344
2089 2 2 15 14 3119 3121 3120
2090 2 2 15 14 753 4151 4522
2091 2 2 15 14 511 512 3396
2092 2 2 15 14 766 3056 3055
2093 2 2 15 14 2117 3091 2439
2094 2 2 15 14 2791 4535 3076
2095 2 2 15 14 3118 3119 3120
2096 2 2 15 14 221 3044 1344
2097 2 2 15 14 2797 4786 3356
2098 2 2 15 14 785 3344 1355
2099 2 2 15 14 123 3306 996
2100 2 2 15 14 1355 4386 3412
2101 2 2 15 14 2995 4826 2996
2102 2 2 15 14 689 3379 4110
2103 2 2 15 14 3095 3100 3098
2104 2 2 15 14 2960 2961 2962
2105 2 2 15 14 1990 1991 1992
2106 2 2 15 14 1000 4384 3184
2107 2 2 15 14 3174 3383 3178
2108 2 2 15 14 1858 1991 1990
2109 2 2 15 14 2668 4055 4094
2110 2 2 15 14 2636 3035 4059
2111 2 2 15 14 2111 3128 2482
2112 2 2 15 14 1830 1857 1831
2113 2 2 15 14 2636 4059 3974
2114 2 2 15 14 1368 3022 3021
2115 2 2 15 14 2756 3853 4953
2116 2 2 15 14 92 3078 1823
2117 2 2 15 14 2501 4465 4442
2118 2 2 15 14 4254 4691 4686
2119 2 2 15 14 866 3475 876
2120 2 2 15 14 482 2187 3094
2121 2 2 15 14 996 3306 3307
2122 2 2 15 14 848 4887 2935
2123 2 2 15 14 2598 4619 4052
2124 2 2 15 14 3188 3190 3222
2125 2 2 15 14 507 3057 1225
2126 2 2 15 14 2499 3133 3134
2127 2 2 15 14 129 3335 915
2128 2 2 15 14 2179 4500 3048
2129 2 2 15 14 1357 3351 3007
2130 2 2 15 14 156 669 3088
2131 2 2 15 14 2512 2775 2733
2132 2 2 15 14 3023 4527 4472
2133 2 2 15 14 200 199 1124
2134 2 2 15 14 202 1200 203
2135 2 2 15 14 2784 3242 3683
2136 2 2 15 14 3179 3181 3180
2137 2 2 15 14 2982 4386 3344
2138 2 2 15 14 2230 2668 4094
2139 2 2 15 14 206 205 1175
2140 2 2 15 14 1128 3475 3052
2141 2 2 15 14 1998 2000 3376
2142 2 2 15 14 196 766 3055
2143 2 2 15 14 915 3335 3336
2144 2 2 15 14 1866 2104 3079
2145 2 2 15 14 760 4631 3291
2146 2 2 15 14 208 1141 209
2147 2 2 15 14 138 1810 3259
2148 2 2 15 14 95 1677 3087
2149 2 2 15 14 1202 3083 3135
2150 2 2 15 14 1875 3176 3181
2151 2 2 15 14 1808 3103 3104
2152 2 2 15 14 134 133 3449
2153 2 2 15 14 3236 3396 3397
2154 2 2 15 14 122 3304 3306
2155 2 2 15 14 3334 3336 3335
2156 2 2 15 14 2105 3133 2499
2157 2 2 15 14 3104 3179 3107
2158 2 2 15 14 212 211 1126
2159 2 2 15 14 214 213 1343
2160 2 2 15 14 702 3071 3070
2161 2 2 15 14 3812 3819 3820
2162 2 2 15 14 2341 4317 2955
2163 2 2 15 14 1989 1990 2507
2164 2 2 15 14 3746 3747 4277
2165 2 2 15 14 216 1117 217
2166 2 2 15 14 1358 3414 4378
2167 2 2 15 14 3916 4284 3917
2168 2 2 15 14 1846 1875 3181
2169 2 2 15 14 1793 2230 4121
2170 2 2 15 14 1831 1858 1989
2171 2 2 15 14 1701 1828 1829
2172 2 2 15 14 3103 3179 3104
2173 2 2 15 14 2466 4302 3473
2174 2 2 15 14 2467 3408 4337
2175 2 2 15 14 220 219 1098
2176 2 2 15 14 222 221 1344
2177 2 2 15 14 1028 3301 3302
2178 2 2 15 14 219 3049 1098
2179 2 2 15 14 3190 3192 3193
2180 2 2 15 14 728 738 4214
2181 2 2 15 14 3117 3118 3120
2182 2 2 15 14 2230 4094 4121
2183 2 2 15 14 2847 3054 4425
2184 2 2 15 14 2562 2747 3084
2185 2 2 15 14 1685 3683 3242
2186 2 2 15 14 1441 3378 3381
2187 2 2 15 14 3255 3256 3257
2188 2 2 15 14 2187 3100 3094
2189 2 2 15 14 1914 4008 3072
2190 2 2 15 14 3038 4284 3916
2191 2 2 15 14 198 197 1346
2192 2 2 15 14 3151 3156 3167
2193 2 2 15 14 1433 4537 3486
2194 2 2 15 14 2914 2915 2916
2195 2 2 15 14 1805 3103 1808
2196 2 2 15 14 714 742 741
2197 2 2 15 14 139 3259 819
2198 2 2 15 14 1441 4110 3378
2199 2 2 15 14 511 3396 3235
2200 2 2 15 14 2509 3234 2512
2201 2 2 15 14 2121 2563 3090
2202 2 2 15 14 1888 3081 3140
2203 2 2 15 14 3719 4315 4359
2204 2 2 15 14 2187 3102 3100
2205 2 2 15 14 1841 3171 3170
2206 2 2 15 14 1914 3968 1915
2207 2 2 15 14 755 3465 3463
2208 2 2 15 14 2972 3829 3037
2209 2 2 15 14 2470 3479 4181
2210 2 2 15 14 790 3425 1436
2211 2 2 15 14 788 3425 790
2212 2 2 15 14 3795 3796 3797
2213 2 2 15 14 3594 4314 4366
2214 2 2 15 14 2115 2439 3127
2215 2 2 15 14 1369 3403 3981
2216 2 2 15 14 120 3301 1028
2217 2 2 15 14 1515 3188 3222
2218 2 2 15 14 1356 3026 3027
2219 2 2 15 14 122 121 3304
2220 2 2 15 14 1105 3437 3762
2221 2 2 15 14 1891 3184 2597
2222 2 2 15 14 1828 1830 1829
2223 2 2 15 14 1850 3383 3174
2224 2 2 15 14 3337 3340 3341
2225 2 2 15 14 3437 4014 3867
2226 2 2 15 14 2023 3345 2025
2227 2 2 15 14 3304 3305 3306
2228 2 2 15 14 3081 3141 3140
2229 2 2 15 14 1607 4617 4689
2230 2 2 15 14 1440 3867 4014
2231 2 2 15 14 1202 1318 3083
2232 2 2 15 14 2267 4120 2379
2233 2 2 15 14 1992 1993 1994
2234 2 2 15 14 1571 4224 3297
2235 2 2 15 14 196 195 766
2236 2 2 15 14 3254 3256 3255
2237 2 2 15 14 2109 2482 3132
2238 2 2 15 14 1025 1123 3135
2239 2 2 15 14 152 702 3070
2240 2 2 15 14 1816 3150 3167
2241 2 2 15 14 3239 3845 3312
2242 2 2 15 14 3150 3151 3167
2243 2 2 15 14 3244 3247 3254
2244 2 2 15 14 3004 4214 3064
2245 2 2 15 14 1959 2846 1960
2246 2 2 15 14 1908 3402 1910
2247 2 2 15 14 2190 3230 2782
2248 2 2 15 14 1248 3476 3033
2249 2 2 15 14 512 981 3396
2250 2 2 15 14 3156 3168 3167
2251 2 2 15 14 3149 3475 4346
2252 2 2 15 14 1706 4323 4181
2253 2 2 15 14 2465 4277 3747
2254 2 2 15 14 1591 3230 2190
2255 2 2 15 14 3196 3198 3229
2256 2 2 15 14 1493 4101 3285
2257 2 2 15 14 1319 3272 3271
2258 2 2 15 14 111 3283 1191
2259 2 2 15 14 2812 2813 2969
2260 2 2 15 14 155 3073 669
2261 2 2 15 14 2825 3065 3066
2262 2 2 15 14 858 906 4271
2263 2 2 15 14 1877 3144 3383
2264 2 2 15 14 1862 1888 3140
2265 2 2 15 14 985 3476 1021
2266 2 2 15 14 1545 3150 1816
2267 2 2 15 14 2175 3136 2826
2268 2 2 15 14 1914 3072 3968
2269 2 2 15 14 3434 3995 3762
2270 2 2 15 14 1123 1202 3135
2271 2 2 15 14 509 3058 508
2272 2 2 15 14 483 2187 482
2273 2 2 15 14 3554 4243 3724
2274 2 2 15 14 2487 2703 3077
2275 2 2 15 14 2485 2487 3077
2276 2 2 15 14 3107 3179 3180
2277 2 2 15 14 1664 3189 3188
2278 2 2 15 14 1406 3797 4637
2279 2 2 15 14 105 3278 1300
2280 2 2 15 14 1908 3760 3402
2281 2 2 15 14 2047 4328 2062
2282 2 2 15 14 1105 4014 3437
2283 2 2 15 14 2220 3139 3403
2284 2 2 15 14 1335 4203 1493
2285 2 2 15 14 3391 3392 3458
2286 2 2 15 14 1816 3167 3169
2287 2 2 15 14 134 4219 135
2288 2 2 15 14 588 3391 3458
2289 2 2 15 14 2099 3227 2687
2290 2 2 15 14 3808 3809 3810
2291 2 2 15 14 3247 3256 3254
2292 2 2 15 14 3139 3981 3403
2293 2 2 15 14 691 3228 4670
2294 2 2 15 14 2023 3182 3345
2295 2 2 15 14 525 3741 524
2296 2 2 15 14 2636 3974 4343
2297 2 2 15 14 1877 3143 3144
2298 2 2 15 14 870 4227 3252
2299 2 2 15 14 2021 3182 2023
2300 2 2 15 14 2422 4189 3870
2301 2 2 15 14 148 3186 839
2302 2 2 15 14 3243 3244 3254
2303 2 2 15 14 122 3306 123
2304 2 2 15 14 152 151 702
2305 2 2 15 14 745 812 3883
2306 2 2 15 14 751 3742 3740
2307 2 2 15 14 1856 3140 3142
2308 2 2 15 14 109 1232 3282
2309 2 2 15 14 212 3030 213
2310 2 2 15 14 3115 3231 3232
2311 2 2 15 14 2096 3242 3173
2312 2 2 15 14 3094 3100 3095
2313 2 2 15 14 1962 3170 2719
2314 2 2 15 14 3316 4134 3317
2315 2 2 15 14 1905 3760 1908
2316 2 2 15 14 2749 2751 2812
2317 2 2 15 14 78 1353 3223
2318 2 2 15 14 1232 3280 3281
2319 2 2 15 14 1105 3762 3995
2320 2 2 15 14 3459 3460 3462
2321 2 2 15 14 1502 4609 4684
2322 2 2 15 14 91 1874 3078
2323 2 2 15 14 1353 3324 3325
2324 2 2 15 14 220 3044 221
2325 2 2 15 14 1994 1995 1996
2326 2 2 15 14 147 3187 3186
2327 2 2 15 14 2562 2746 2747
2328 2 2 15 14 154 153 1347
2329 2 2 15 14 2573 2791 3076
2330 2 2 15 14 2468 4296 4306
2331 2 2 15 14 3183 3346 3345
2332 2 2 15 14 2560 2562 3084
2333 2 2 15 14 1810 3243 3254
2334 2 2 15 14 812 3511 3883
2335 2 2 15 14 3311 3635 3379
2336 2 2 15 14 511 3235 510
2337 2 2 15 14 2248 3543 4104
2338 2 2 15 14 1246 3262 1678
2339 2 2 15 14 1678 3262 2224
2340 2 2 15 14 2009 4353 4241
2341 2 2 15 14 1567 1664 3188
2342 2 2 15 14 2648 3366 4108
2343 2 2 15 14 1079 3265 1209
2344 2 2 15 14 3290 3291 3553
2345 2 2 15 14 2215 3237 2716
2346 2 2 15 14 2248 3290 3553
2347 2 2 15 14 955 3333 3332
2348 2 2 15 14 2025 3345 2188
2349 2 2 15 14 2558 2560 3085
2350 2 2 15 14 3143 3145 3144
2351 2 2 15 14 196 3055 197
2352 2 2 15 14 667 4482 3068
2353 2 2 15 14 2121 2558 2563
2354 2 2 15 14 2571 2573 3076
2355 2 2 15 14 156 155 669
2356 2 2 15 14 2638 3897 4218
2357 2 2 15 14 1701 1829 1832
2358 2 2 15 14 1411 3130 3131
2359 2 2 15 14 2119 2121 3090
2360 2 2 15 14 833 4274 985
2361 2 2 15 14 128 3335 129
2362 2 2 15 14 148 839 149
2363 2 2 15 14 2100 3225 3226
2364 2 2 15 14 1852 1877 3383
2365 2 2 15 14 524 3741 3745
2366 2 2 15 14 2333 4246 4266
2367 2 2 15 14 1530 1959 1699
2368 2 2 15 14 2470 4202 3479
2369 2 2 15 14 1687 3242 2096
2370 2 2 15 14 96 3087 1612
2371 2 2 15 14 3072 4008 4122
2372 2 2 15 14 2104 2105 2499
2373 2 2 15 14 2117 2119 3091
2374 2 2 15 14 2512 3234 2775
2375 2 2 15 14 2957 3353 3354
2376 2 2 15 14 508 3058 3057
2377 2 2 15 14 3080 3082 3081
2378 2 2 15 14 2115 2117 2439
2379 2 2 15 14 2580 3990 3989
2380 2 2 15 14 2113 2115 3127
2381 2 2 15 14 1888 3079 3080
2382 2 2 15 14 2703 4466 3077
2383 2 2 15 14 3083 4205 3135
2384 2 2 15 14 2192 3149 3182
2385 2 2 15 14 2487 2569 2703
2386 2 2 15 14 1889 4108 3366
2387 2 2 15 14 1102 3299 3298
2388 2 2 15 14 3403 4122 4008
2389 2 2 15 14 222 1344 3352
2390 2 2 15 14 3472 3473 4302
2391 2 2 15 14 2228 3312 3845
2392 2 2 15 14 3057 3058 3062
2393 2 2 15 14 598 602 601
2394 2 2 15 14 2111 2113 3128
2395 2 2 15 14 1209 3265 3266
2396 2 2 15 14 2560 3084 3085
2397 2 2 15 14 1716 3595 3560
2398 2 2 15 14 3093 4427 4431
2399 2 2 15 14 137 3243 1810
2400 2 2 15 14 2751 2813 2812
2401 2 2 15 14 2929 3024 3025
2402 2 2 15 14 90 1874 91
2403 2 2 15 14 1808 3104 3105
2404 2 2 15 14 2100 3286 3225
2405 2 2 15 14 2109 2111 2482
2406 2 2 15 14 3104 3106 3105
2407 2 2 15 14 157 3088 1348
2408 2 2 15 14 194 3115 195
2409 2 2 15 14 1441 3381 4081
2410 2 2 15 14 146 3187 147
2411 2 2 15 14 2668 4339 4055
2412 2 2 15 14 2107 2109 3132
2413 2 2 15 14 3458 3460 3459
2414 2 2 15 14 77 3324 1353
2415 2 2 15 14 2220 3402 3139
2416 2 2 15 14 1028 3302 3303
2417 2 2 15 14 2541 3277 3276
2418 2 2 15 14 915 3336 3337
2419 2 2 15 14 2248 4104 3290
2420 2 2 15 14 3175 3177 3176
2421 2 2 15 14 1875 3174 3175
2422 2 2 15 14 2842 3764 4744
2423 2 2 15 14 3381 3382 4081
2424 2 2 15 14 3342 4077 3343
2425 2 2 15 14 2105 2107 3133
2426 2 2 15 14 1845 1846 3181
2427 2 2 15 14 1086 3269 1351
2428 2 2 15 14 2152 3146 2154
2429 2 2 15 14 92 1823 93
2430 2 2 15 14 2119 3090 3091
2431 2 2 15 14 3122 3125 3124
2432 2 2 15 14 2175 2826 2576
2433 2 2 15 14 1866 2103 2104
2434 2 2 15 14 143 805 3356
2435 2 2 15 14 1618 2073 2635
2436 2 2 15 14 2173 3136 2175
2437 2 2 15 14 1106 3433 3875
2438 2 2 15 14 1597 2549 1599
2439 2 2 15 14 1862 1864 1888
2440 2 2 15 14 3106 3107 3111
2441 2 2 15 14 1493 3285 1494
2442 2 2 15 14 1321 2221 3284
2443 2 2 15 14 1473 3870 4189
2444 2 2 15 14 100 1319 3271
2445 2 2 15 14 1845 3179 3103
2446 2 2 15 14 127 955 3332
2447 2 2 15 14 671 3293 3294
2448 2 2 15 14 2421 4141 3289
2449 2 2 15 14 1856 1862 3140
2450 2 2 15 14 146 145 740
2451 2 2 15 14 94 1677 95
2452 2 2 15 14 751 3740 3741
2453 2 2 15 14 3392 3460 3458
2454 2 2 15 14 2113 3127 3128
2455 2 2 15 14 1468 4601 4680
2456 2 2 15 14 2515 4026 4167
2457 2 2 15 14 523 524 3745
2458 2 2 15 14 588 3976 3391
2459 2 2 15 14 1852 1854 1877
2460 2 2 15 14 3192 3195 3194
2461 2 2 15 14 3433 3918 3434
2462 2 2 15 14 1910 3402 2220
2463 2 2 15 14 3246 3248 3247
2464 2 2 15 14 3037 3829 4370
2465 2 2 15 14 3244 3245 3246
2466 2 2 15 14 1491 4450 4360
2467 2 2 15 14 1795 3406 3407
2468 2 2 15 14 1682 3683 1685
2469 2 2 15 14 193 662 3231
2470 2 2 15 14 1846 1848 1875
2471 2 2 15 14 96 1612 97
2472 2 2 15 14 2213 3237 2215
2473 2 2 15 14 1077 3265 1079
2474 2 2 15 14 2107 3132 3133
2475 2 2 15 14 3434 3918 3995
2476 2 2 15 14 481 3094 1632
2477 2 2 15 14 2414 4287 2458
2478 2 2 15 14 2466 3473 4321
2479 2 2 15 14 2104 2499 2769
2480 2 2 15 14 1819 3171 1841
2481 2 2 15 14 1813 4162 4311
2482 2 2 15 14 1864 1866 3079
2483 2 2 15 14 1618 1619 2073
2484 2 2 15 14 853 3244 3243
2485 2 2 15 14 1962 2719 2152
2486 2 2 15 14 2096 3172 3171
2487 2 2 15 14 2021 2192 3182
2488 2 2 15 14 1996 1997 1998
2489 2 2 15 14 2099 2100 3227
2490 2 2 15 14 3120 3122 3124
2491 2 2 15 14 2474 3320 3321
2492 2 2 15 14 3188 3189 3190
2493 2 2 15 14 1807 1844 1845
2494 2 2 15 14 3308 3310 3309
2495 2 2 15 14 1888 3080 3081
2496 2 2 15 14 108 3280 1232
2497 2 2 15 14 1102 3300 3299
2498 2 2 15 14 2633 4256 4202
2499 2 2 15 14 1321 3284 1322
2500 2 2 15 14 1645 1700 1701
2501 2 2 15 14 1805 1807 3103
2502 2 2 15 14 3497 3842 4087
2503 2 2 15 14 1841 3170 1962
2504 2 2 15 14 3110 3114 3113
2505 2 2 15 14 1690 1805 1808
2506 2 2 15 14 3007 4340 3952
2507 2 2 15 14 1831 1989 4312
2508 2 2 15 14 1763 3289 4141
2509 2 2 15 14 2573 2786 2791
2510 2 2 15 14 1716 3560 3596
2511 2 2 15 14 2541 3276 2542
2512 2 2 15 14 2325 3320 2474
2513 2 2 15 14 1000 3184 1891
2514 2 2 15 14 3192 3194 3193
2515 2 2 15 14 110 3282 3283
2516 2 2 15 14 2379 4120 3560
2517 2 2 15 14 152 3070 153
2518 2 2 15 14 2781 2981 2783
2519 2 2 15 14 1644 4114 1700
2520 2 2 15 14 695 3382 1766
2521 2 2 15 14 2103 2105 2104
2522 2 2 15 14 1848 1850 3174
2523 2 2 15 14 2190 2781 2191
2524 2 2 15 14 1567 1569 1664
2525 2 2 15 14 525 751 3741
2526 2 2 15 14 2240 3379 3635
2527 2 2 15 14 154 3073 155
2528 2 2 15 14 1787 4290 4298
2529 2 2 15 14 134 3449 4219
2530 2 2 15 14 1222 3039 4393
2531 2 2 15 14 88 87 1824
2532 2 2 15 14 86 85 1840
2533 2 2 15 14 2152 2719 3146
2534 2 2 15 14 194 3231 3115
2535 2 2 15 14 1627 3284 3763
2536 2 2 15 14 1073 3287 1169
2537 2 2 15 14 3033 3476 3034
2538 2 2 15 14 3332 3333 3334
2539 2 2 15 14 1176 3279 1177
2540 2 2 15 14 1998 1999 2000
2541 2 2 15 14 1687 2096 1819
2542 2 2 15 14 1515 1567 3188
2543 2 2 15 14 1875 3175 3176
2544 2 2 15 14 102 1342 103
2545 2 2 15 14 100 99 1319
2546 2 2 15 14 481 482 3094
2547 2 2 15 14 1864 3079 1888
2548 2 2 15 14 3095 3098 3097
2549 2 2 15 14 3519 3551 4018
2550 2 2 15 14 1574 2966 2967
2551 2 2 15 14 2788 2790 3020
2552 2 2 15 14 3105 3106 3108
2553 2 2 15 14 2836 3516 3519
2554 2 2 15 14 1589 3230 1591
2555 2 2 15 14 1190 3604 4184
2556 2 2 15 14 2881 4401 2883
2557 2 2 15 14 1077 3264 3265
2558 2 2 15 14 1144 3407 1231
2559 2 2 15 14 2207 3308 2228
2560 2 2 15 14 3199 3202 3201
2561 2 2 15 14 2332 3318 3319
2562 2 2 15 14 1497 1499 1667
2563 2 2 15 14 1807 1845 3103
2564 2 2 15 14 3104 3107 3106
2565 2 2 15 14 2644 3604 4193
2566 2 2 15 14 3174 3178 3175
2567 2 2 15 14 1543 3150 1545
2568 2 2 15 14 2307 4059 2437
2569 2 2 15 14 3045 3047 4984
2570 2 2 15 14 3052 3475 3149
2571 2 2 15 14 104 3278 105
2572 2 2 15 14 3318 4149 3319
2573 2 2 15 14 3424 3425 3426
2574 2 2 15 14 106 105 1300
2575 2 2 15 14 812 3842 3511
2576 2 2 15 14 1775 4221 2438
2577 2 2 15 14 1810 3254 3255
2578 2 2 15 14 1811 3151 3150
2579 2 2 15 14 3120 3121 3122
2580 2 2 15 14 1263 1660 3267
2581 2 2 15 14 1591 2190 1681
2582 2 2 15 14 2127 2128 2129
2583 2 2 15 14 1223 3644 4147
2584 2 2 15 14 118 1102 3298
2585 2 2 15 14 1069 3313 1350
2586 2 2 15 14 1848 3174 1875
2587 2 2 15 14 84 83 1672
2588 2 2 15 14 865 4309 3677
2589 2 2 15 14 79 3223 1237
2590 2 2 15 14 3244 3246 3247
2591 2 2 15 14 2000 2001 2002
2592 2 2 15 14 1845 3181 3179
2593 2 2 15 14 119 3298 3301
2594 2 2 15 14 3459 3463 3465
2595 2 2 15 14 732 745 3883
2596 2 2 15 14 2082 2083 2084
2597 2 2 15 14 1819 2096 3171
2598 2 2 15 14 754 3015 3014
2599 2 2 15 14 2228 3308 3309
2600 2 2 15 14 1844 1846 1845
2601 2 2 15 14 1027 3505 3503
2602 2 2 15 14 2027 2188 4154
2603 2 2 15 14 1499 1515 3222
2604 2 2 15 14 3245 3249 3246
2605 2 2 15 14 1075 3264 1077
2606 2 2 15 14 112 1191 3353
2607 2 2 15 14 2100 3226 3227
2608 2 2 15 14 2191 2781 2783
2609 2 2 15 14 2337 3288 2625
2610 2 2 15 14 108 1232 109
2611 2 2 15 14 581 3295 600
2612 2 2 15 14 1685 3242 1687
2613 2 2 15 14 1632 3094 3095
2614 2 2 15 14 2332 3316 3317
2615 2 2 15 14 3722 4302 4344
2616 2 2 15 14 1486 3286 1710
2617 2 2 15 14 1313 1315 1669
2618 2 2 15 14 2644 4193 4196
2619 2 2 15 14 1904 3663 3241
2620 2 2 15 14 1368 3023 3022
2621 2 2 15 14 156 3088 157
2622 2 2 15 14 3286 4029 4084
2623 2 2 15 14 2836 3519 4018
2624 2 2 15 14 3206 3209 3208
2625 2 2 15 14 853 3245 3244
2626 2 2 15 14 1161 3401 3559
2627 2 2 15 14 513 4260 981
2628 2 2 15 14 1447 1449 4102
2629 2 2 15 14 2039 3445 2041
2630 2 2 15 14 53 1359 3314
2631 2 2 15 14 1430 3240 4172
2632 2 2 15 14 2379 3559 3401
2633 2 2 15 14 1545 1816 1589
2634 2 2 15 14 110 109 3282
2635 2 2 15 14 1541 1811 1543
2636 2 2 15 14 2319 3316 2332
2637 2 2 15 14 3151 3152 3153
2638 2 2 15 14 1681 2190 2191
2639 2 2 15 14 1106 3918 3433
2640 2 2 15 14 3478 4181 3479
2641 2 2 15 14 1144 1795 3407
2642 2 2 15 14 1643 1644 1645
2643 2 2 15 14 82 81 1533
2644 2 2 15 14 112 111 1191
2645 2 2 15 14 2267 2269 4120
2646 2 2 15 14 51 715 3322
2647 2 2 15 14 1904 3760 1905
2648 2 2 15 14 3451 3971 3875
2649 2 2 15 14 92 91 3078
2650 2 2 15 14 1766 3382 1769
2651 2 2 15 14 148 147 3186
2652 2 2 15 14 3117 3120 3124
2653 2 2 15 14 3470 3533 3531
2654 2 2 15 14 3793 4269 4355
2655 2 2 15 14 3153 3154 3155
2656 2 2 15 14 50 3327 715
2657 2 2 15 14 1536 4167 4026
2658 2 2 15 14 1318 1618 3083
2659 2 2 15 14 852 3735 3733
2660 2 2 15 14 2696 2840 2743
2661 2 2 15 14 1084 3269 1086
2662 2 2 15 14 3161 3163 3162
2663 2 2 15 14 2222 2696 2223
2664 2 2 15 14 3121 4517 4530
2665 2 2 15 14 316 3976 588
2666 2 2 15 14 114 1139 115
2667 2 2 15 14 2129 2130 2131
2668 2 2 15 14 3663 3664 4054
2669 2 2 15 14 1690 1808 4224
2670 2 2 15 14 1333 1661 1335
2671 2 2 15 14 158 157 1348
2672 2 2 15 14 48 3330 1360
2673 2 2 15 14 1589 1816 3230
2674 2 2 15 14 1190 4184 4180
2675 2 2 15 14 1678 2222 2221
2676 2 2 15 14 1235 3262 1246
2677 2 2 15 14 1118 3275 1176
2678 2 2 15 14 2961 2973 2962
2679 2 2 15 14 1811 3285 3152
2680 2 2 15 14 1182 3270 1184
2681 2 2 15 14 1904 3241 3760
2682 2 2 15 14 144 143 3356
2683 2 2 15 14 1318 1617 1618
2684 2 2 15 14 2002 2003 2004
2685 2 2 15 14 1499 3222 1667
2686 2 2 15 14 2496 3369 3370
2687 2 2 15 14 1448 1491 1490
2688 2 2 15 14 1710 3286 2100
2689 2 2 15 14 3470 3531 3532
2690 2 2 15 14 96 95 3087
2691 2 2 15 14 3151 3153 3156
2692 2 2 15 14 80 79 1237
2693 2 2 15 14 1620 3469 3532
2694 2 2 15 14 2457 3342 3343
2695 2 2 15 14 1859 4306 4296
2696 2 2 15 14 118 117 1102
2697 2 2 15 14 1543 1811 3150
2698 2 2 15 14 1027 3506 3505
2699 2 2 15 14 1325 1627 1327
2700 2 2 15 14 2084 2085 2086
2701 2 2 15 14 1189 3274 4160
2702 2 2 15 14 2041 3445 2061
2703 2 2 15 14 1494 3285 1541
2704 2 2 15 14 2213 2219 3237
2705 2 2 15 14 120 119 3301
2706 2 2 15 14 2086 2087 2088
2707 2 2 15 14 2004 2079 2080
2708 2 2 15 14 3559 3560 3595
2709 2 2 15 14 2088 2089 2090
2710 2 2 15 14 2090 2124 2125
2711 2 2 15 14 3668 3669 3671
2712 2 2 15 14 3469 3470 3532
2713 2 2 15 14 1106 3875 3971
2714 2 2 15 14 2205 3308 2207
2715 2 2 15 14 136 853 3243
2716 2 2 15 14 120 1028 121
2717 2 2 15 14 2872 2874 2873
2718 2 2 15 14 994 3724 4243
2719 2 2 15 14 1836 2596 2097
2720 2 2 15 14 159 3293 671
2721 2 2 15 14 2315 3342 2457
2722 2 2 15 14 3479 4202 4256
2723 2 2 15 14 1246 1678 1321
2724 2 2 15 14 2215 2716 2539
2725 2 2 15 14 1267 1272 1668
2726 2 2 15 14 2581 3989 2868
2727 2 2 15 14 1912 4008 1914
2728 2 2 15 14 2096 3173 3172
2729 2 2 15 14 1211 1320 1235
2730 2 2 15 14 78 77 1353
2731 2 2 15 14 852 3733 3744
2732 2 2 15 14 2000 2005 3376
2733 2 2 15 14 2791 4548 4535
2734 2 2 15 14 510 3235 1002
2735 2 2 15 14 2180 3354 4513
2736 2 2 15 14 1352 3261 3260
2737 2 2 15 14 2605 2851 2607
2738 2 2 15 14 2223 2696 2743
2739 2 2 15 14 1346 3055 4432
2740 2 2 15 14 121 1028 3304
2741 2 2 15 14 45 1362 3349
2742 2 2 15 14 2213 2215 2214
2743 2 2 15 14 2221 2222 2223
2744 2 2 15 14 2870 2872 2871
2745 2 2 15 14 1555 1945 3369
2746 2 2 15 14 1403 3447 4117
2747 2 2 15 14 1180 1354 1182
2748 2 2 15 14 1700 1828 1701
2749 2 2 15 14 1430 4172 4169
2750 2 2 15 14 3474 3628 4031
2751 2 2 15 14 2228 3309 3312
2752 2 2 15 14 2188 3345 3346
2753 2 2 15 14 3320 4149 3321
2754 2 2 15 14 2580 3989 2581
2755 2 2 15 14 76 3324 77
2756 2 2 15 14 124 123 996
2757 2 2 15 14 3446 4117 3447
2758 2 2 15 14 1945 3405 3371
2759 2 2 15 14 1322 3284 1325
2760 2 2 15 14 598 603 602
2761 2 2 15 14 1071 3287 1073
2762 2 2 15 14 3043 4378 4374
2763 2 2 15 14 38 595 3358
2764 2 2 15 14 1002 3060 3059
2765 2 2 15 14 3213 3217 3215
2766 2 2 15 14 2215 2539 2216
2767 2 2 15 14 1891 2597 2480
2768 2 2 15 14 2789 4585 2790
2769 2 2 15 14 527 3743 526
2770 2 2 15 14 2868 2870 2869
2771 2 2 15 14 1321 1678 2221
2772 2 2 15 14 2211 2213 2212
2773 2 2 15 14 1263 1265 1660
2774 2 2 15 14 100 3271 101
2775 2 2 15 14 126 955 127
2776 2 2 15 14 128 127 3332
2777 2 2 15 14 2131 2132 2133
2778 2 2 15 14 1644 1700 1645
2779 2 2 15 14 2190 2782 2781
2780 2 2 15 14 1086 1351 1118
2781 2 2 15 14 3241 3663 4054
2782 2 2 15 14 1235 1320 3262
2783 2 2 15 14 3377 3381 3378
2784 2 2 15 14 523 3745 852
2785 2 2 15 14 2578 2580 2579
2786 2 2 15 14 2341 2955 2343
2787 2 2 15 14 1423 3451 3834
2788 2 2 15 14 597 598 601
2789 2 2 15 14 895 3869 897
2790 2 2 15 14 1434 4218 3897
2791 2 2 15 14 1182 1354 3270
2792 2 2 15 14 130 129 915
2793 2 2 15 14 3149 3183 3182
2794 2 2 15 14 3119 3123 3121
2795 2 2 15 14 158 1348 3293
2796 2 2 15 14 138 137 1810
2797 2 2 15 14 2211 2219 2213
2798 2 2 15 14 1118 1351 3275
2799 2 2 15 14 2442 3367 3368
2800 2 2 15 14 1231 3407 1551
2801 2 2 15 14 1122 3541 4127
2802 2 2 15 14 2337 2625 2339
2803 2 2 15 14 1811 3152 3151
2804 2 2 15 14 2311 3367 2442
2805 2 2 15 14 1945 3370 3369
2806 2 2 15 14 2327 3296 2329
2807 2 2 15 14 319 3465 755
2808 2 2 15 14 74 1114 75
2809 2 2 15 14 72 1356 73
2810 2 2 15 14 812 4087 3842
2811 2 2 15 14 132 870 133
2812 2 2 15 14 1067 3313 1069
2813 2 2 15 14 3371 3405 3406
2814 2 2 15 14 1541 3285 1811
2815 2 2 15 14 3215 3218 3216
2816 2 2 15 14 2321 2332 3319
2817 2 2 15 14 1400 1575 3365
2818 2 2 15 14 2335 3288 2337
2819 2 2 15 14 2219 3238 3237
2820 2 2 15 14 3585 4222 3588
2821 2 2 15 14 2576 2578 2577
2822 2 2 15 14 1603 1836 1666
2823 2 2 15 14 108 107 3280
2824 2 2 15 14 2323 3320 2325
2825 2 2 15 14 136 135 853
2826 2 2 15 14 2175 2576 2176
2827 2 2 15 14 1945 3371 3370
2828 2 2 15 14 1177 3279 1180
2829 2 2 15 14 43 694 3372
2830 2 2 15 14 2209 2211 2210
2831 2 2 15 14 2173 2175 2174
2832 2 2 15 14 3858 4194 4261
2833 2 2 15 14 579 3361 1361
2834 2 2 15 14 2542 3276 2605
2835 2 2 15 14 140 139 819
2836 2 2 15 14 1223 4147 4137
2837 2 2 15 14 70 69 1031
2838 2 2 15 14 1457 1487 4236
2839 2 2 15 14 2188 3347 4154
2840 2 2 15 14 3152 3154 3153
2841 2 2 15 14 1075 1169 3264
2842 2 2 15 14 1135 3456 1579
2843 2 2 15 14 1369 4122 3403
2844 2 2 15 14 2332 3317 3318
2845 2 2 15 14 110 3283 111
2846 2 2 15 14 1293 4069 3329
2847 2 2 15 14 783 1355 3411
2848 2 2 15 14 142 805 143
2849 2 2 15 14 1079 1209 1084
2850 2 2 15 14 1084 1209 3269
2851 2 2 15 14 3570 3728 3571
2852 2 2 15 14 3729 3731 3730
2853 2 2 15 14 1170 3362 3363
2854 2 2 15 14 3059 3060 3061
2855 2 2 15 14 2211 3845 2219
2856 2 2 15 14 750 4272 4332
2857 2 2 15 14 2597 3184 4990
2858 2 2 15 14 2152 2154 2153
2859 2 2 15 14 3377 3380 3381
2860 2 2 15 14 2218 3412 4386
2861 2 2 15 14 3154 3157 3155
2862 2 2 15 14 2665 4311 4162
2863 2 2 15 14 582 2701 3295
2864 2 2 15 14 1075 1077 1076
2865 2 2 15 14 36 1363 3374
2866 2 2 15 14 1325 3284 1627
2867 2 2 15 14 1073 1169 1075
2868 2 2 15 14 872 3728 3570
2869 2 2 15 14 173 865 3676
2870 2 2 15 14 312 593 3384
2871 2 2 15 14 2813 2814 2815
2872 2 2 15 14 2325 2474 2327
2873 2 2 15 14 2235 3496 3624
2874 2 2 15 14 66 971 67
2875 2 2 15 14 2539 2541 2540
2876 2 2 15 14 1555 3369 1557
2877 2 2 15 14 1617 1619 1618
2878 2 2 15 14 2762 3590 4070
2879 2 2 15 14 2205 2232 3308
2880 2 2 15 14 2240 3377 3378
2881 2 2 15 14 2207 2209 2208
2882 2 2 15 14 1077 1079 1078
2883 2 2 15 14 1678 2224 2222
2884 2 2 15 14 3667 3668 3671
2885 2 2 15 14 852 3745 3735
2886 2 2 15 14 2420 4147 3644
2887 2 2 15 14 2885 2886 2887
2888 2 2 15 14 1525 4104 3543
2889 2 2 15 14 2830 2884 2885
2890 2 2 15 14 2392 4184 3604
2891 2 2 15 14 2317 3316 2319
2892 2 2 15 14 1962 2152 1963
2893 2 2 15 14 3371 3406 3408
2894 2 2 15 14 1422 3664 3869
2895 2 2 15 14 3501 3998 3503
2896 2 2 15 14 1190 4193 3604
2897 2 2 15 14 624 627 3415
2898 2 2 15 14 1242 1263 3267
2899 2 2 15 14 2819 2821 2828
2900 2 2 15 14 2817 2818 2819
2901 2 2 15 14 54 3314 753
2902 2 2 15 14 2828 2829 2830
2903 2 2 15 14 2327 2474 3296
2904 2 2 15 14 2039 3444 3445
2905 2 2 15 14 1071 1350 3287
2906 2 2 15 14 1065 3362 1170
2907 2 2 15 14 1079 1084 1080
2908 2 2 15 14 64 63 875
2909 2 2 15 14 1810 3255 3259
2910 2 2 15 14 583 2701 582
2911 2 2 15 14 118 3298 119
2912 2 2 15 14 1525 3590 4090
2913 2 2 15 14 1145 4150 4145
2914 2 2 15 14 1841 1962 1842
2915 2 2 15 14 2207 2228 2209
2916 2 2 15 14 1091 3665 3756
2917 2 2 15 14 78 3223 79
2918 2 2 15 14 3540 3541 4140
2919 2 2 15 14 1687 1819 1688
2920 2 2 15 14 2815 2816 2817
2921 2 2 15 14 52 3322 1359
2922 2 2 15 14 1355 3412 3411
2923 2 2 15 14 2197 3380 3377
2924 2 2 15 14 2277 3949 3834
2925 2 2 15 14 1507 1577 3538
2926 2 2 15 14 2240 3378 3379
2927 2 2 15 14 2388 4172 3240
2928 2 2 15 14 1437 4031 3628
2929 2 2 15 14 714 3185 742
2930 2 2 15 14 1449 1662 4102
2931 2 2 15 14 3809 3811 3810
2932 2 2 15 14 3541 3555 4127
2933 2 2 15 14 1819 1841 1820
2934 2 2 15 14 112 3353 113
2935 2 2 15 14 3240 4180 4184
2936 2 2 15 14 1433 3486 3485
2937 2 2 15 14 2199 3377 2240
2938 2 2 15 14 174 3676 3672
2939 2 2 15 14 695 4081 3382
2940 2 2 15 14 2209 2228 3845
2941 2 2 15 14 1073 1075 1074
2942 2 2 15 14 3208 3211 3210
2943 2 2 15 14 2205 2207 2206
2944 2 2 15 14 1026 4123 1129
2945 2 2 15 14 2581 2868 2867
2946 2 2 15 14 2225 3416 3417
2947 2 2 15 14 302 3394 665
2948 2 2 15 14 3225 3286 4084
2949 2 2 15 14 622 624 3415
2950 2 2 15 14 2219 3845 3239
2951 2 2 15 14 49 1360 3327
2952 2 2 15 14 60 834 61
2953 2 2 15 14 2036 3444 2039
2954 2 2 15 14 1069 1350 1071
2955 2 2 15 14 751 3743 3742
2956 2 2 15 14 2321 3319 2323
2957 2 2 15 14 1685 1687 1686
2958 2 2 15 14 3728 3729 3730
2959 2 2 15 14 1180 3279 1354
2960 2 2 15 14 1027 3503 3998
2961 2 2 15 14 3672 3676 3673
2962 2 2 15 14 1373 4040 3360
2963 2 2 15 14 3194 3197 3196
2964 2 2 15 14 1850 1852 3383
2965 2 2 15 14 2070 4718 4981
2966 2 2 15 14 1427 3545 4098
2967 2 2 15 14 47 704 3330
2968 2 2 15 14 1486 4029 3286
2969 2 2 15 14 3610 4007 3611
2970 2 2 15 14 300 3404 1367
2971 2 2 15 14 526 3743 751
2972 2 2 15 14 781 783 3411
2973 2 2 15 14 2323 3319 3320
2974 2 2 15 14 2232 3310 3308
2975 2 2 15 14 1084 1086 1085
2976 2 2 15 14 2383 4160 3274
2977 2 2 15 14 684 3669 3668
2978 2 2 15 14 877 880 3725
2979 2 2 15 14 2203 2205 2204
2980 2 2 15 14 1591 1681 1592
2981 2 2 15 14 985 4274 3476
2982 2 2 15 14 2203 2232 2205
2983 2 2 15 14 2605 3276 2851
2984 2 2 15 14 1402 3409 1575
2985 2 2 15 14 3108 3110 3109
2986 2 2 15 14 2379 3560 3559
2987 2 2 15 14 1553 3405 1945
2988 2 2 15 14 1067 1170 3313
2989 2 2 15 14 981 3397 3396
2990 2 2 15 14 1293 4084 4029
2991 2 2 15 14 1422 4054 3664
2992 2 2 15 14 2201 2203 2202
2993 2 2 15 14 3540 4140 4145
2994 2 2 15 14 2803 4604 4969
2995 2 2 15 14 684 3670 3669
2996 2 2 15 14 2203 3635 2232
2997 2 2 15 14 1086 1118 1087
2998 2 2 15 14 1543 1545 1544
2999 2 2 15 14 1430 4180 3240
3000 2 2 15 14 1579 3456 1868
3001 2 2 15 14 3571 3728 3730
3002 2 2 15 14 1700 4114 2123
3003 2 2 15 14 1730 1731 1738
3004 2 2 15 14 3303 3305 3304
3005 2 2 15 14 46 3349 704
3006 2 2 15 14 2319 2332 2321
3007 2 2 15 14 58 57 743
3008 2 2 15 14 54 753 55
3009 2 2 15 14 3201 3204 3203
3010 2 2 15 14 2562 2745 2746
3011 2 2 15 14 1545 1589 1546
3012 2 2 15 14 3167 3168 3169
3013 2 2 15 14 2212 2213 2214
3014 2 2 15 14 2188 3346 3347
3015 2 2 15 14 136 3243 137
3016 2 2 15 14 317 588 3457
3017 2 2 15 14 3392 3461 3460
3018 2 2 15 14 1589 1591 1590
3019 2 2 15 14 3434 3762 3435
3020 2 2 15 14 1140 3431 1795
3021 2 2 15 14 2495 2496 2699
3022 2 2 15 14 1730 1738 2226
3023 2 2 15 14 2605 2607 2606
3024 2 2 15 14 2746 2748 2749
3025 2 2 15 14 2560 2561 2562
3026 2 2 15 14 2121 2557 2558
3027 2 2 15 14 1525 4090 4104
3028 2 2 15 14 3211 3213 3212
3029 2 2 15 14 519 872 3718
3030 2 2 15 14 52 1359 53
3031 2 2 15 14 792 3506 818
3032 2 2 15 14 2199 2201 2200
3033 2 2 15 14 1577 3537 3538
3034 2 2 15 14 872 3570 3718
3035 2 2 15 14 1541 1543 1542
3036 2 2 15 14 3459 3462 3463
3037 2 2 15 14 2558 2559 2560
3038 2 2 15 14 2313 3342 2315
3039 2 2 15 14 1038 3414 1358
3040 2 2 15 14 1802 2496 2495
3041 2 2 15 14 1057 3393 1059
3042 2 2 15 14 1118 1176 1119
3043 2 2 15 14 3197 3199 3198
3044 2 2 15 14 3249 3250 3251
3045 2 2 15 14 3367 4073 3368
3046 2 2 15 14 2119 2120 2121
3047 2 2 15 14 2476 3650 3466
3048 2 2 15 14 3274 4169 4172
3049 2 2 15 14 3204 3206 3205
3050 2 2 15 14 2607 2609 2608
3051 2 2 15 14 175 174 3672
3052 2 2 15 14 1335 1493 1336
3053 2 2 15 14 2749 2750 2751
3054 2 2 15 14 764 4259 4405
3055 2 2 15 14 2115 2116 2117
3056 2 2 15 14 50 715 51
3057 2 2 15 14 3110 3113 3112
3058 2 2 15 14 2609 2740 2610
3059 2 2 15 14 895 1422 3869
3060 2 2 15 14 2923 2932 2931
3061 2 2 15 14 2117 2118 2119
3062 2 2 15 14 1423 3971 3451
3063 2 2 15 14 818 3506 1027
3064 2 2 15 14 1065 1170 1067
3065 2 2 15 14 2214 2215 2216
3066 2 2 15 14 2113 2114 2115
3067 2 2 15 14 1795 4337 3406
3068 2 2 15 14 2155 2173 2172
3069 2 2 15 14 2315 2457 2317
3070 2 2 15 14 2740 2923 2741
3071 2 2 15 14 3329 4069 4061
3072 2 2 15 14 3213 3215 3214
3073 2 2 15 14 128 3332 3335
3074 2 2 15 14 2470 4181 4323
3075 2 2 15 14 2105 2106 2107
3076 2 2 15 14 850 1433 3485
3077 2 2 15 14 1071 1073 1072
3078 2 2 15 14 2232 3635 3311
3079 2 2 15 14 3420 3421 3422
3080 2 2 15 14 48 1360 49
3081 2 2 15 14 2347 3434 3435
3082 2 2 15 14 2201 2240 3635
3083 2 2 15 14 527 3784 3743
3084 2 2 15 14 781 3411 3410
3085 2 2 15 14 3199 3201 3200
3086 2 2 15 14 2294 3436 2418
3087 2 2 15 14 3496 3842 3497
3088 2 2 15 14 580 600 3361
3089 2 2 15 14 1327 1333 1328
3090 2 2 15 14 2031 3416 2225
3091 2 2 15 14 2199 2240 2201
3092 2 2 15 14 3251 3252 3253
3093 2 2 15 14 2197 2199 2198
3094 2 2 15 14 1223 4170 3644
3095 2 2 15 14 1228 4204 1500
3096 2 2 15 14 581 600 580
3097 2 2 15 14 1325 1327 1326
3098 2 2 15 14 2317 2457 3316
3099 2 2 15 14 2210 2211 2212
3100 2 2 15 14 2109 2110 2111
3101 2 2 15 14 3544 4098 3545
3102 2 2 15 14 1182 1184 1183
3103 2 2 15 14 46 704 47
3104 2 2 15 14 1333 1335 1334
3105 2 2 15 14 3014 3015 3016
3106 2 2 15 14 2418 3436 3437
3107 2 2 15 14 38 37 595
3108 2 2 15 14 2645 3601 4004
3109 2 2 15 14 1246 1321 1247
3110 2 2 15 14 822 861 3905
3111 2 2 15 14 3418 3421 3419
3112 2 2 15 14 588 3458 3457
3113 2 2 15 14 2107 2108 2109
3114 2 2 15 14 3206 3208 3207
3115 2 2 15 14 2288 3432 2347
3116 2 2 15 14 3289 4137 4147
3117 2 2 15 14 1180 1182 1181
3118 2 2 15 14 2035 3444 2036
3119 2 2 15 14 1620 3532 3924
3120 2 2 15 14 1069 1071 1070
3121 2 2 15 14 37 3374 595
3122 2 2 15 14 797 799 913
3123 2 2 15 14 3419 3421 3420
3124 2 2 15 14 3214 3215 3216
3125 2 2 15 14 2309 3367 2311
3126 2 2 15 14 2111 2112 2113
3127 2 2 15 14 1235 1246 1236
3128 2 2 15 14 1184 1211 1185
3129 2 2 15 14 1618 2635 3083
3130 2 2 15 14 2347 3432 3433
3131 2 2 15 14 318 3465 319
3132 2 2 15 14 3389 3976 3703
3133 2 2 15 14 44 3372 1362
3134 2 2 15 14 177 3668 3667
3135 2 2 15 14 1205 4009 3400
3136 2 2 15 14 1518 3510 3509
3137 2 2 15 14 2208 2209 2210
3138 2 2 15 14 2197 3377 2199
3139 2 2 15 14 1519 3977 3413
3140 2 2 15 14 39 3358 1364
3141 2 2 15 14 1063 3362 1065
3142 2 2 15 14 779 781 3410
3143 2 2 15 14 2410 3650 2476
3144 2 2 15 14 3436 3762 3437
3145 2 2 15 14 1488 3471 1597
3146 2 2 15 14 1067 1069 1068
3147 2 2 15 14 32 589 33
3148 2 2 15 14 1189 4169 3274
3149 2 2 15 14 1211 1235 1212
3150 2 2 15 14 1866 2102 2103
3151 2 2 15 14 1161 4105 3401
3152 2 2 15 14 2648 4108 3415
3153 2 2 15 14 3389 3391 3976
3154 2 2 15 14 1846 1847 1848
3155 2 2 15 14 1121 3550 4057
3156 2 2 15 14 1295 3601 4032
3157 2 2 15 14 2542 2605 2604
3158 2 2 15 14 2962 2973 2974
3159 2 2 15 14 2311 2442 2313
3160 2 2 15 14 1864 1865 1866
3161 2 2 15 14 2648 3365 3366
3162 2 2 15 14 3432 3875 3433
3163 2 2 15 14 1366 3384 3385
3164 2 2 15 14 1856 1861 1862
3165 2 2 15 14 1423 3834 3949
3166 2 2 15 14 1932 3611 4007
3167 2 2 15 14 1885 3380 2197
3168 2 2 15 14 1862 1863 1864
3169 2 2 15 14 3495 3624 3496
3170 2 2 15 14 2008 3484 3492
3171 2 2 15 14 173 3676 174
3172 2 2 15 14 2421 3505 4141
3173 2 2 15 14 2762 4070 4056
3174 2 2 15 14 1854 1855 1856
3175 2 2 15 14 835 4279 3348
3176 2 2 15 14 2068 4433 4434
3177 2 2 15 14 1850 1851 1852
3178 2 2 15 14 2141 2856 2857
3179 2 2 15 14 2225 3418 3419
3180 2 2 15 14 897 3869 1091
3181 2 2 15 14 1396 1398 2648
3182 2 2 15 14 1733 1735 1737
3183 2 2 15 14 1852 1853 1854
3184 2 2 15 14 3255 3257 3258
3185 2 2 15 14 3729 3744 3733
3186 2 2 15 14 2313 2442 3342
3187 2 2 15 14 1293 3329 4084
3188 2 2 15 14 791 794 1352
3189 2 2 15 14 44 1362 45
3190 2 2 15 14 1848 1849 1850
3191 2 2 15 14 1769 3382 3380
3192 2 2 15 14 1620 3919 3469
3193 2 2 15 14 1467 1620 3924
3194 2 2 15 14 1122 4127 4118
3195 2 2 15 14 1641 1642 1643
3196 2 2 15 14 313 3384 1366
3197 2 2 15 14 2206 2207 2208
3198 2 2 15 14 831 4020 3775
3199 2 2 15 14 3226 3228 3227
3200 2 2 15 14 3670 3672 3673
3201 2 2 15 14 2025 2188 2027
3202 2 2 15 14 3440 3491 3492
3203 2 2 15 14 1769 3380 1885
3204 2 2 15 14 1065 1067 1066
3205 2 2 15 14 2249 2252 3839
3206 2 2 15 14 3549 4057 3550
3207 2 2 15 14 1682 1685 1684
3208 2 2 15 14 1716 3596 3597
3209 2 2 15 14 1400 1402 1575
3210 2 2 15 14 2244 3721 3722
3211 2 2 15 14 507 508 3057
3212 2 2 15 14 42 3454 694
3213 2 2 15 14 1920 3504 1922
3214 2 2 15 14 481 1632 480
3215 2 2 15 14 1402 1801 3409
3216 2 2 15 14 1807 1843 1844
3217 2 2 15 14 3034 3476 4274
3218 2 2 15 14 2204 2205 2206
3219 2 2 15 14 797 798 799
3220 2 2 15 14 1035 3414 1038
3221 2 2 15 14 1465 3919 1620
3222 2 2 15 14 794 796 797
3223 2 2 15 14 1642 1644 1643
3224 2 2 15 14 3612 4074 3613
3225 2 2 15 14 1829 4312 1832
3226 2 2 15 14 975 4105 1161
3227 2 2 15 14 2335 2337 2336
3228 2 2 15 14 178 3667 848
3229 2 2 15 14 3578 3580 3581
3230 2 2 15 14 1398 1400 3365
3231 2 2 15 14 1885 2197 2196
3232 2 2 15 14 2252 3493 3839
3233 2 2 15 14 2235 3842 3496
3234 2 2 15 14 1805 1806 1807
3235 2 2 15 14 2398 3446 2400
3236 2 2 15 14 2337 2339 2338
3237 2 2 15 14 2323 2325 2324
3238 2 2 15 14 2673 4411 3393
3239 2 2 15 14 2006 4316 4367
3240 2 2 15 14 1571 1689 1690
3241 2 2 15 14 1690 1804 1805
3242 2 2 15 14 2325 2327 2326
3243 2 2 15 14 2309 2437 3367
3244 2 2 15 14 1373 4061 4069
3245 2 2 15 14 2327 2329 2328
3246 2 2 15 14 2329 2333 2330
3247 2 2 15 14 1309 3891 3467
3248 2 2 15 14 2339 2341 2340
3249 2 2 15 14 2307 2437 2309
3250 2 2 15 14 2319 2321 2320
3251 2 2 15 14 2321 2323 2322
3252 2 2 15 14 1331 3557 4010
3253 2 2 15 14 1519 4018 3551
3254 2 2 15 14 1177 1180 1179
3255 2 2 15 14 1167 4070 3590
3256 2 2 15 14 2216 2539 2540
3257 2 2 15 14 1366 3386 3703
3258 2 2 15 14 2202 2203 2204
3259 2 2 15 14 3360 4040 4030
3260 2 2 15 14 1569 1570 1571
3261 2 2 15 14 2333 2335 2334
3262 2 2 15 14 54 53 3314
3263 2 2 15 14 2225 3417 3418
3264 2 2 15 14 2341 2343 2342
3265 2 2 15 14 2305 4059 2307
3266 2 2 15 14 3503 3505 3504
3267 2 2 15 14 2200 2201 2202
3268 2 2 15 14 627 1396 3415
3269 2 2 15 14 2343 2345 2344
3270 2 2 15 14 791 793 794
3271 2 2 15 14 297 1370 3452
3272 2 2 15 14 1763 4137 3289
3273 2 2 15 14 1063 1065 1064
3274 2 2 15 14 1057 1213 3393
3275 2 2 15 14 3519 3843 3551
3276 2 2 15 14 301 1367 3394
3277 2 2 15 14 1398 3365 2648
3278 2 2 15 14 3386 3389 3703
3279 2 2 15 14 1644 3438 4114
3280 2 2 15 14 3621 4005 3622
3281 2 2 15 14 581 582 3295
3282 2 2 15 14 1567 1568 1569
3283 2 2 15 14 1091 3869 3665
3284 2 2 15 14 1494 1541 1540
3285 2 2 15 14 2029 3416 2031
3286 2 2 15 14 1515 1566 1567
3287 2 2 15 14 52 51 3322
3288 2 2 15 14 2279 3450 2281
3289 2 2 15 14 2019 2021 2020
3290 2 2 15 14 2241 3513 3520
3291 2 2 15 14 1100 4069 1293
3292 2 2 15 14 50 49 3327
3293 2 2 15 14 1551 3405 1553
3294 2 2 15 14 1922 3504 2421
3295 2 2 15 14 2317 2319 2318
3296 2 2 15 14 1367 3395 3394
3297 2 2 15 14 2049 2062 3580
3298 2 2 15 14 299 656 3404
3299 2 2 15 14 2442 4077 3342
3300 2 2 15 14 42 694 43
3301 2 2 15 14 785 786 787
3302 2 2 15 14 306 596 307
3303 2 2 15 14 312 311 593
3304 2 2 15 14 2198 2199 2200
3305 2 2 15 14 314 313 1366
3306 2 2 15 14 48 47 3330
3307 2 2 15 14 2292 3436 2294
3308 2 2 15 14 1557 3369 1802
3309 2 2 15 14 1370 3482 3452
3310 2 2 15 14 1662 1947 2472
3311 2 2 15 14 2286 3432 2288
3312 2 2 15 14 2916 2918 2917
3313 2 2 15 14 1499 1514 1515
3314 2 2 15 14 2585 4010 3557
3315 2 2 15 14 2762 4090 3590
3316 2 2 15 14 2017 2019 2018
3317 2 2 15 14 1802 3369 2496
3318 2 2 15 14 799 808 809
3319 2 2 15 14 789 790 791
3320 2 2 15 14 1322 1325 1324
3321 2 2 15 14 316 588 317
3322 2 2 15 14 2457 4134 3316
3323 2 2 15 14 2062 3581 3580
3324 2 2 15 14 2375 3613 4074
3325 2 2 15 14 742 801 800
3326 2 2 15 14 2650 3488 4066
3327 2 2 15 14 2031 2225 2033
3328 2 2 15 14 3540 4145 4150
3329 2 2 15 14 177 3667 178
3330 2 2 15 14 3182 3183 3345
3331 2 2 15 14 2241 3512 3513
3332 2 2 15 14 861 3498 3905
3333 2 2 15 14 2290 2347 3435
3334 2 2 15 14 2427 4177 4157
3335 2 2 15 14 2472 2697 2698
3336 2 2 15 14 2643 3835 3536
3337 2 2 15 14 304 1368 305
3338 2 2 15 14 1295 4032 4056
3339 2 2 15 14 2220 3403 4008
3340 2 2 15 14 1648 4066 3488
3341 2 2 15 14 2347 3433 3434
3342 2 2 15 14 376 3619 739
3343 2 2 15 14 1074 1075 1076
3344 2 2 15 14 3637 4022 3638
3345 2 2 15 14 2296 3448 2299
3346 2 2 15 14 787 788 789
3347 2 2 15 14 1140 1795 1144
3348 2 2 15 14 1534 4251 4173
3349 2 2 15 14 783 784 785
3350 2 2 15 14 2021 2023 2022
3351 2 2 15 14 1055 1213 1057
3352 2 2 15 14 2710 4107 2713
3353 2 2 15 14 1728 1729 1730
3354 2 2 15 14 2019 2192 2021
3355 2 2 15 14 3515 3518 3520
3356 2 2 15 14 781 782 783
3357 2 2 15 14 3708 3710 3709
3358 2 2 15 14 809 820 821
3359 2 2 15 14 40 39 1364
3360 2 2 15 14 519 3718 518
3361 2 2 15 14 787 789 912
3362 2 2 15 14 1426 3622 4005
3363 2 2 15 14 1057 1059 1058
3364 2 2 15 14 1091 3756 3757
3365 2 2 15 14 1018 4040 1373
3366 2 2 15 14 1553 1945 1555
3367 2 2 15 14 722 3472 1371
3368 2 2 15 14 1642 3438 1644
3369 2 2 15 14 1497 1498 1499
3370 2 2 15 14 1076 1077 1078
3371 2 2 15 14 2643 3536 3535
3372 2 2 15 14 38 3358 39
3373 2 2 15 14 302 665 303
3374 2 2 15 14 1373 3360 4061
3375 2 2 15 14 1112 4029 1486
3376 2 2 15 14 739 3619 3620
3377 2 2 15 14 2196 2197 2198
3378 2 2 15 14 3772 3775 4020
3379 2 2 15 14 2647 3557 4048
3380 2 2 15 14 1295 4056 4070
3381 2 2 15 14 3592 3593 3594
3382 2 2 15 14 2436 3446 3447
3383 2 2 15 14 877 879 880
3384 2 2 15 14 783 785 1355
3385 2 2 15 14 577 3468 661
3386 2 2 15 14 1338 1496 1497
3387 2 2 15 14 2008 3838 3484
3388 2 2 15 14 779 3410 987
3389 2 2 15 14 3618 3620 3619
3390 2 2 15 14 779 780 781
3391 2 2 15 14 1149 3891 1309
3392 2 2 15 14 1024 3478 3479
3393 2 2 15 14 300 1367 301
3394 2 2 15 14 861 989 3498
3395 2 2 15 14 46 45 3349
3396 2 2 15 14 899 3757 901
3397 2 2 15 14 3699 3700 3701
3398 2 2 15 14 579 1361 578
3399 2 2 15 14 1920 3502 3504
3400 2 2 15 14 180 3481 1518
3401 2 2 15 14 2456 2880 2879
3402 2 2 15 14 1636 3838 2008
3403 2 2 15 14 1285 3977 1519
3404 2 2 15 14 1912 2220 4008
3405 2 2 15 14 1372 1564 3593
3406 2 2 15 14 1153 4004 3601
3407 2 2 15 14 3450 3834 3451
3408 2 2 15 14 1055 1057 1056
3409 2 2 15 14 1289 3551 3843
3410 2 2 15 14 3140 3141 3142
3411 2 2 15 14 661 3701 3700
3412 2 2 15 14 318 317 3457
3413 2 2 15 14 298 656 299
3414 2 2 15 14 3513 3515 3520
3415 2 2 15 14 2023 2025 2024
3416 2 2 15 14 1060 1063 1062
3417 2 2 15 14 380 1860 3480
3418 2 2 15 14 194 193 3231
3419 2 2 15 14 1332 4085 4072
3420 2 2 15 14 974 3507 1171
3421 2 2 15 14 2710 2713 2712
3422 2 2 15 14 948 3507 974
3423 2 2 15 14 810 822 3905
3424 2 2 15 14 2315 2317 2316
3425 2 2 15 14 1048 1214 1050
3426 2 2 15 14 2307 2309 2308
3427 2 2 15 14 3525 3530 3534
3428 2 2 15 14 2456 4128 2880
3429 2 2 15 14 768 1706 3508
3430 2 2 15 14 2033 2225 3419
3431 2 2 15 14 517 518 3944
3432 2 2 15 14 1692 1694 3474
3433 2 2 15 14 1396 2648 3415
3434 2 2 15 14 3576 3578 3582
3435 2 2 15 14 826 3478 1024
3436 2 2 15 14 1868 3456 2477
3437 2 2 15 14 2663 3777 3776
3438 2 2 15 14 1014 4009 1205
3439 2 2 15 14 658 663 3721
3440 2 2 15 14 1427 4098 4083
3441 2 2 15 14 1315 1337 1338
3442 2 2 15 14 30 29 754
3443 2 2 15 14 658 3721 2244
3444 2 2 15 14 2035 3419 3420
3445 2 2 15 14 1481 1507 4012
3446 2 2 15 14 2294 2418 2296
3447 2 2 15 14 522 852 3744
3448 2 2 15 14 777 779 987
3449 2 2 15 14 3385 3387 3386
3450 2 2 15 14 298 3452 656
3451 2 2 15 14 1507 3538 4012
3452 2 2 15 14 1090 3981 3139
3453 2 2 15 14 1205 4030 4040
3454 2 2 15 14 768 3508 811
3455 2 2 15 14 2292 3435 3436
3456 2 2 15 14 1879 3491 3440
3457 2 2 15 14 36 35 1363
3458 2 2 15 14 1048 1050 1049
3459 2 2 15 14 1930 3495 3496
3460 2 2 15 14 777 778 779
3461 2 2 15 14 2403 2436 2409
3462 2 2 15 14 1078 1079 1080
3463 2 2 15 14 1374 4079 4009
3464 2 2 15 14 1640 3491 1879
3465 2 2 15 14 1680 2249 3648
3466 2 2 15 14 181 1518 3509
3467 2 2 15 14 2233 3028 3074
3468 2 2 15 14 1053 1055 1054
3469 2 2 15 14 2296 2418 3448
3470 2 2 15 14 1050 1053 1051
3471 2 2 15 14 1042 1222 1044
3472 2 2 15 14 2305 2307 2306
3473 2 2 15 14 1868 2477 2178
3474 2 2 15 14 2286 2373 3432
3475 2 2 15 14 2602 3573 3788
3476 2 2 15 14 2492 3499 2824
3477 2 2 15 14 3523 3524 3534
3478 2 2 15 14 3571 3730 3732
3479 2 2 15 14 1564 1883 3593
3480 2 2 15 14 1034 1248 2233
3481 2 2 15 14 2033 3419 2035
3482 2 2 15 14 2462 3628 3474
3483 2 2 15 14 1024 4256 4124
3484 2 2 15 14 2049 3580 2051
3485 2 2 15 14 1917 3502 1920
3486 2 2 15 14 1044 1046 1045
3487 2 2 15 14 2400 3446 2403
3488 2 2 15 14 308 1365 309
3489 2 2 15 14 2418 3867 3448
3490 2 2 15 14 1025 3135 4234
3491 2 2 15 14 2025 2027 2026
3492 2 2 15 14 3123 4511 4517
3493 2 2 15 14 44 43 3372
3494 2 2 15 14 1912 1914 1913
3495 2 2 15 14 1122 4140 3541
3496 2 2 15 14 2290 3435 2292
3497 2 2 15 14 1038 1358 1040
3498 2 2 15 14 1046 1048 1047
3499 2 2 15 14 578 1361 3468
3500 2 2 15 14 1802 2495 1803
3501 2 2 15 14 3524 3525 3534
3502 2 2 15 14 1251 3495 1930
3503 2 2 15 14 2288 2347 2290
3504 2 2 15 14 2313 2315 2314
3505 2 2 15 14 1608 3499 2492
3506 2 2 15 14 1042 1044 1043
3507 2 2 15 14 989 1249 3498
3508 2 2 15 14 2249 3839 3648
3509 2 2 15 14 656 3452 3453
3510 2 2 15 14 3438 3439 3442
3511 2 2 15 14 2309 2311 2310
3512 2 2 15 14 773 775 1357
3513 2 2 15 14 2284 2373 2286
3514 2 2 15 14 312 3384 313
3515 2 2 15 14 775 776 777
3516 2 2 15 14 3452 3482 3453
3517 2 2 15 14 773 774 775
3518 2 2 15 14 162 3790 758
3519 2 2 15 14 222 3352 223
3520 2 2 15 14 1248 3028 2233
3521 2 2 15 14 1366 3385 3386
3522 2 2 15 14 1503 3524 3523
3523 2 2 15 14 1915 2017 2016
3524 2 2 15 14 806 3929 873
3525 2 2 15 14 3572 3788 3573
3526 2 2 15 14 1642 1879 3438
3527 2 2 15 14 1021 1248 1034
3528 2 2 15 14 1741 4007 3610
3529 2 2 15 14 162 161 3790
3530 2 2 15 14 579 580 3361
3531 2 2 15 14 2474 4208 3296
3532 2 2 15 14 1396 1397 1398
3533 2 2 15 14 2646 4199 4160
3534 2 2 15 14 981 3398 3397
3535 2 2 15 14 726 728 4356
3536 2 2 15 14 1833 3512 2241
3537 2 2 15 14 2410 2476 2469
3538 2 2 15 14 1040 1042 1041
3539 2 2 15 14 1654 2649 4042
3540 2 2 15 14 2643 3535 3840
3541 2 2 15 14 1551 3407 3405
3542 2 2 15 14 1083 3473 3472
3543 2 2 15 14 1008 3840 3535
3544 2 2 15 14 3606 3607 3609
3545 2 2 15 14 3575 3578 3576
3546 2 2 15 14 771 772 773
3547 2 2 15 14 850 867 1433
3548 2 2 15 14 2279 3834 3450
3549 2 2 15 14 2311 2313 2312
3550 2 2 15 14 2409 2436 2674
3551 2 2 15 14 2421 3504 3505
3552 2 2 15 14 590 3709 3710
3553 2 2 15 14 2368 3638 4022
3554 2 2 15 14 3696 3697 3698
3555 2 2 15 14 318 3457 3465
3556 2 2 15 14 2403 3446 2436
3557 2 2 15 14 1393 3698 3697
3558 2 2 15 14 186 1138 3764
3559 2 2 15 14 2235 3511 3842
3560 2 2 15 14 1908 1910 1909
3561 2 2 15 14 1038 1040 1039
3562 2 2 15 14 576 661 3700
3563 2 2 15 14 1310 3512 1833
3564 2 2 15 14 2288 2290 2289
3565 2 2 15 14 2645 4004 3979
3566 2 2 15 14 2290 2292 2291
3567 2 2 15 14 901 3757 3754
3568 2 2 15 14 2292 2294 2293
3569 2 2 15 14 1910 1912 1911
3570 2 2 15 14 36 3374 37
3571 2 2 15 14 1205 3400 4030
3572 2 2 15 14 1375 3595 1713
3573 2 2 15 14 42 41 3454
3574 2 2 15 14 302 301 3394
3575 2 2 15 14 2286 2288 2287
3576 2 2 15 14 1160 3617 3616
3577 2 2 15 14 3576 3582 3579
3578 2 2 15 14 1171 3507 3500
3579 2 2 15 14 1021 1034 1022
3580 2 2 15 14 367 3709 590
3581 2 2 15 14 1671 3543 2248
3582 2 2 15 14 2063 3575 3576
3583 2 2 15 14 1937 2462 3474
3584 2 2 15 14 2462 2666 2667
3585 2 2 15 14 3729 3733 3731
3586 2 2 15 14 981 4260 3398
3587 2 2 15 14 1892 2235 3624
3588 2 2 15 14 3562 3568 3589
3589 2 2 15 14 2277 3834 2279
3590 2 2 15 14 1213 3916 3917
3591 2 2 15 14 3631 3633 3632
3592 2 2 15 14 300 299 3404
3593 2 2 15 14 158 3293 159
3594 2 2 15 14 1053 3916 1055
3595 2 2 15 14 1724 3788 3572
3596 2 2 15 14 985 1021 986
3597 2 2 15 14 1068 1069 1070
3598 2 2 15 14 1476 3624 3495
3599 2 2 15 14 2027 2029 2028
3600 2 2 15 14 2663 3776 3778
3601 2 2 15 14 1694 1937 3474
3602 2 2 15 14 885 888 3634
3603 2 2 15 14 733 1224 3761
3604 2 2 15 14 480 1632 3443
3605 2 2 15 14 1508 3605 1577
3606 2 2 15 14 176 684 3668
3607 2 2 15 14 670 3695 3694
3608 2 2 15 14 2097 2596 2755
3609 2 2 15 14 899 1091 3757
3610 2 2 15 14 574 1393 3697
3611 2 2 15 14 186 3764 187
3612 2 2 15 14 3693 3694 3695
3613 2 2 15 14 2018 2019 2020
3614 2 2 15 14 316 315 3976
3615 2 2 15 14 1072 1073 1074
3616 2 2 15 14 1478 1892 3624
3617 2 2 15 14 1217 3543 1671
3618 2 2 15 14 583 584 3075
3619 2 2 15 14 2284 2286 2285
3620 2 2 15 14 1713 3595 1716
3621 2 2 15 14 1937 2461 2462
3622 2 2 15 14 826 1024 828
3623 2 2 15 14 937 3562 3561
3624 2 2 15 14 627 655 1396
3625 2 2 15 14 891 1728 3634
3626 2 2 15 14 177 176 3668
3627 2 2 15 14 1313 1314 1315
3628 2 2 15 14 1893 2237 2227
3629 2 2 15 14 2645 4032 3601
3630 2 2 15 14 377 3619 376
3631 2 2 15 14 2227 2237 2638
3632 2 2 15 14 2465 3747 4290
3633 2 2 15 14 1557 1802 1559
3634 2 2 15 14 3424 3426 3427
3635 2 2 15 14 572 670 3694
3636 2 2 15 14 1392 3692 3691
3637 2 2 15 14 1692 3474 4031
3638 2 2 15 14 3561 3562 3589
3639 2 2 15 14 378 1160 3616
3640 2 2 15 14 2229 3555 3541
3641 2 2 15 14 3639 3640 3641
3642 2 2 15 14 2373 3450 3451
3643 2 2 15 14 1070 1071 1072
3644 2 2 15 14 2417 3544 3545
3645 2 2 15 14 3690 3691 3692
3646 2 2 15 14 824 3478 826
3647 2 2 15 14 838 850 3485
3648 2 2 15 14 675 3689 3688
3649 2 2 15 14 568 675 3688
3650 2 2 15 14 3448 3867 4331
3651 2 2 15 14 570 1392 3691
3652 2 2 15 14 3748 3749 3750
3653 2 2 15 14 729 3950 3720
3654 2 2 15 14 2373 3451 3875
3655 2 2 15 14 320 319 755
3656 2 2 15 14 2385 3549 3550
3657 2 2 15 14 2041 2061 2043
3658 2 2 15 14 1482 1893 1892
3659 2 2 15 14 2420 3644 3643
3660 2 2 15 14 1080 1084 1085
3661 2 2 15 14 3687 3688 3689
3662 2 2 15 14 3501 3507 3998
3663 2 2 15 14 1930 3496 3497
3664 2 2 15 14 1892 1893 2227
3665 2 2 15 14 2637 3402 3760
3666 2 2 15 14 1703 3631 2234
3667 2 2 15 14 1741 3610 1743
3668 2 2 15 14 722 724 3472
3669 2 2 15 14 3587 3717 3716
3670 2 2 15 14 724 1083 3472
3671 2 2 15 14 780 782 781
3672 2 2 15 14 3769 3771 3772
3673 2 2 15 14 2234 3631 3632
3674 2 2 15 14 1879 3439 3438
3675 2 2 15 14 3755 3756 3882
3676 2 2 15 14 3769 3770 3771
3677 2 2 15 14 1171 3500 1307
3678 2 2 15 14 2281 3450 2284
3679 2 2 15 14 181 3509 182
3680 2 2 15 14 1231 1551 1550
3681 2 2 15 14 181 180 1518
3682 2 2 15 14 1521 3523 1870
3683 2 2 15 14 1922 2419 1923
3684 2 2 15 14 1910 2220 1912
3685 2 2 15 14 2250 3546 2252
3686 2 2 15 14 2365 3542 2806
3687 2 2 15 14 738 770 771
3688 2 2 15 14 3210 3211 3212
3689 2 2 15 14 1987 3539 2646
3690 2 2 15 14 3665 3882 3756
3691 2 2 15 14 3397 3398 3399
3692 2 2 15 14 3545 4118 4127
3693 2 2 15 14 3157 3158 3159
3694 2 2 15 14 1983 3555 2229
3695 2 2 15 14 782 784 783
3696 2 2 15 14 2057 3583 3584
3697 2 2 15 14 1902 3663 1904
3698 2 2 15 14 1478 1482 1892
3699 2 2 15 14 724 726 1083
3700 2 2 15 14 811 3508 824
3701 2 2 15 14 1262 1938 3778
3702 2 2 15 14 1933 3607 3606
3703 2 2 15 14 1978 3544 2417
3704 2 2 15 14 2420 3643 3642
3705 2 2 15 14 720 722 1371
3706 2 2 15 14 2101 2687 3552
3707 2 2 15 14 891 934 1728
3708 2 2 15 14 1393 3699 3698
3709 2 2 15 14 1617 3477 1619
3710 2 2 15 14 1161 3559 3558
3711 2 2 15 14 972 1088 3849
3712 2 2 15 14 2020 2021 2022
3713 2 2 15 14 1035 1038 1037
3714 2 2 15 14 1974 3549 2385
3715 2 2 15 14 3653 3654 3655
3716 2 2 15 14 2294 2296 2295
3717 2 2 15 14 784 786 785
3718 2 2 15 14 2509 2512 2511
3719 2 2 15 14 1907 1908 1909
3720 2 2 15 14 1388 3640 3639
3721 2 2 15 14 3212 3213 3214
3722 2 2 15 14 1034 3414 1035
3723 2 2 15 14 1777 2438 3556
3724 2 2 15 14 1909 1910 1911
3725 2 2 15 14 1905 1908 1907
3726 2 2 15 14 2029 2031 2030
3727 2 2 15 14 2540 2541 2542
3728 2 2 15 14 518 3718 3944
3729 2 2 15 14 1913 1914 1915
3730 2 2 15 14 1398 1399 1400
3731 2 2 15 14 2250 2809 3546
3732 2 2 15 14 1372 3593 3591
3733 2 2 15 14 1066 1067 1068
3734 2 2 15 14 1781 2440 3554
3735 2 2 15 14 2016 2017 2018
3736 2 2 15 14 2053 3575 2063
3737 2 2 15 14 1724 3572 3789
3738 2 2 15 14 1745 1933 3606
3739 2 2 15 14 2165 3626 3627
3740 2 2 15 14 3608 3610 3611
3741 2 2 15 14 1920 1922 1921
3742 2 2 15 14 2201 3635 2203
3743 2 2 15 14 749 3929 806
3744 2 2 15 14 1916 3502 1917
3745 2 2 15 14 379 3480 1160
3746 2 2 15 14 1911 1912 1913
3747 2 2 15 14 381 1860 380
3748 2 2 15 14 2055 3583 2057
3749 2 2 15 14 821 836 911
3750 2 2 15 14 516 937 3561
3751 2 2 15 14 1253 1476 3495
3752 2 2 15 14 2419 2421 3289
3753 2 2 15 14 3809 3812 3811
3754 2 2 15 14 3413 3977 3914
3755 2 2 15 14 3386 3387 3388
3756 2 2 15 14 1933 3608 3607
3757 2 2 15 14 2158 3794 3795
3758 2 2 15 14 872 3727 3728
3759 2 2 15 14 3457 3458 3459
3760 2 2 15 14 796 798 797
3761 2 2 15 14 1186 3591 3592
3762 2 2 15 14 368 3707 3709
3763 2 2 15 14 1519 3413 4018
3764 2 2 15 14 3711 3715 3712
3765 2 2 15 14 2647 4048 4072
3766 2 2 15 14 2094 3602 2793
3767 2 2 15 14 179 848 3481
3768 2 2 15 14 1395 3653 3652
3769 2 2 15 14 712 3779 1438
3770 2 2 15 14 521 522 3744
3771 2 2 15 14 1883 3594 3593
3772 2 2 15 14 1923 2419 2420
3773 2 2 15 14 1277 2245 3629
3774 2 2 15 14 1309 3979 4004
3775 2 2 15 14 977 1161 3558
3776 2 2 15 14 1680 2011 2249
3777 2 2 15 14 1251 1253 3495
3778 2 2 15 14 901 3754 903
3779 2 2 15 14 2587 3557 2647
3780 2 2 15 14 3747 4298 4290
3781 2 2 15 14 2296 2299 2297
3782 2 2 15 14 1186 1187 3591
3783 2 2 15 14 786 788 787
3784 2 2 15 14 2809 3547 3546
3785 2 2 15 14 1260 1262 3778
3786 2 2 15 14 972 3849 973
3787 2 2 15 14 831 3983 4020
3788 2 2 15 14 374 3599 1388
3789 2 2 15 14 1043 1044 1045
3790 2 2 15 14 793 796 794
3791 2 2 15 14 3735 3745 3737
3792 2 2 15 14 2249 2250 2252
3793 2 2 15 14 2008 3492 3491
3794 2 2 15 14 1624 3838 1636
3795 2 2 15 14 1297 1312 1313
3796 2 2 15 14 1371 3722 3721
3797 2 2 15 14 1277 3629 1278
3798 2 2 15 14 1921 1922 1923
3799 2 2 15 14 3501 3503 3502
3800 2 2 15 14 3768 4020 3983
3801 2 2 15 14 3772 3774 3775
3802 2 2 15 14 1938 2663 3778
3803 2 2 15 14 2264 2659 3600
3804 2 2 15 14 988 1104 4158
3805 2 2 15 14 663 720 3721
3806 2 2 15 14 778 780 779
3807 2 2 15 14 731 3720 1224
3808 2 2 15 14 3405 3407 3406
3809 2 2 15 14 1034 2233 3414
3810 2 2 15 14 3821 3825 3822
3811 2 2 15 14 1405 3748 3750
3812 2 2 15 14 2058 3716 2068
3813 2 2 15 14 1923 2420 3642
3814 2 2 15 14 1402 1572 1801
3815 2 2 15 14 1206 3590 1525
3816 2 2 15 14 2237 2238 2239
3817 2 2 15 14 1902 1904 1903
3818 2 2 15 14 3502 3503 3504
3819 2 2 15 14 1476 1477 1478
3820 2 2 15 14 2376 3621 3622
3821 2 2 15 14 3799 3801 3800
3822 2 2 15 14 2492 2822 2493
3823 2 2 15 14 1638 3491 1640
3824 2 2 15 14 1155 3601 1295
3825 2 2 15 14 824 3508 3478
3826 2 2 15 14 1478 1479 1482
3827 2 2 15 14 2461 2666 2462
3828 2 2 15 14 3562 3563 3564
3829 2 2 15 14 1702 4094 4055
3830 2 2 15 14 1058 1059 1060
3831 2 2 15 14 772 774 773
3832 2 2 15 14 670 3696 3695
3833 2 2 15 14 1451 3771 3770
3834 2 2 15 14 1640 1879 1642
3835 2 2 15 14 2394 3604 2644
3836 2 2 15 14 2209 3845 2211
3837 2 2 15 14 1917 1920 1919
3838 2 2 15 14 1045 1046 1047
3839 2 2 15 14 1187 1227 3591
3840 2 2 15 14 1274 3920 1648
3841 2 2 15 14 770 772 771
3842 2 2 15 14 930 1109 3612
3843 2 2 15 14 187 3764 3765
3844 2 2 15 14 2147 2906 2907
3845 2 2 15 14 1427 4118 3545
3846 2 2 15 14 790 793 791
3847 2 2 15 14 2237 2239 3897
3848 2 2 15 14 3564 3565 3569
3849 2 2 15 14 1903 1904 1905
3850 2 2 15 14 3576 3579 3577
3851 2 2 15 14 3801 3802 3803
3852 2 2 15 14 1636 2008 1638
3853 2 2 15 14 2253 3866 3850
3854 2 2 15 14 1056 1057 1058
3855 2 2 15 14 2260 2517 3614
3856 2 2 15 14 1809 3525 3524
3857 2 2 15 14 520 3727 872
3858 2 2 15 14 1395 3654 3653
3859 2 2 15 14 888 891 3634
3860 2 2 15 14 1041 1042 1043
3861 2 2 15 14 1508 1510 3605
3862 2 2 15 14 2051 3580 3575
3863 2 2 15 14 1606 3499 1608
3864 2 2 15 14 833 985 908
3865 2 2 15 14 1507 1508 1577
3866 2 2 15 14 2438 4221 4096
3867 2 2 15 14 2371 4215 4190
3868 2 2 15 14 3707 3708 3709
3869 2 2 15 14 2011 2250 2249
3870 2 2 15 14 1064 1065 1066
3871 2 2 15 14 369 3707 368
3872 2 2 15 14 1608 2492 1623
3873 2 2 15 14 1510 1656 3605
3874 2 2 15 14 3822 3824 3823
3875 2 2 15 14 3488 4142 3489
3876 2 2 15 14 2170 2898 2899
3877 2 2 15 14 1919 1920 1921
3878 2 2 15 14 3585 3588 3586
3879 2 2 15 14 2031 2033 2032
3880 2 2 15 14 3525 3526 3527
3881 2 2 15 14 1249 1251 1930
3882 2 2 15 14 1532 3914 3977
3883 2 2 15 14 774 776 775
3884 2 2 15 14 1916 3501 3502
3885 2 2 15 14 2358 3615 2727
3886 2 2 15 14 1047 1048 1049
3887 2 2 15 14 2281 2284 2283
3888 2 2 15 14 1467 3924 1469
3889 2 2 15 14 1460 3837 1463
3890 2 2 15 14 3823 3827 3826
3891 2 2 15 14 575 576 3700
3892 2 2 15 14 1501 3524 1503
3893 2 2 15 14 373 1388 3639
3894 2 2 15 14 3803 3804 3805
3895 2 2 15 14 2139 2588 2504
3896 2 2 15 14 3439 3440 3441
3897 2 2 15 14 1503 3523 1521
3898 2 2 15 14 926 1378 3637
3899 2 2 15 14 1521 1870 1606
3900 2 2 15 14 1940 3633 3631
3901 2 2 15 14 1833 2139 1834
3902 2 2 15 14 3575 3580 3578
3903 2 2 15 14 1970 3621 2376
3904 2 2 15 14 1039 1040 1041
3905 2 2 15 14 1049 1050 1051
3906 2 2 15 14 1581 1916 1788
3907 2 2 15 14 776 778 777
3908 2 2 15 14 937 3563 3562
3909 2 2 15 14 1090 3139 2637
3910 2 2 15 14 542 1383 3636
3911 2 2 15 14 1611 3513 3512
3912 2 2 15 14 599 3639 3641
3913 2 2 15 14 1085 1086 1087
3914 2 2 15 14 1916 3500 3501
3915 2 2 15 14 1532 3629 3836
3916 2 2 15 14 846 3711 847
3917 2 2 15 14 1392 3693 3692
3918 2 2 15 14 3616 3617 3618
3919 2 2 15 14 1754 3623 1756
3920 2 2 15 14 1934 3606 3609
3921 2 2 15 14 1471 1809 1501
3922 2 2 15 14 646 3793 3967
3923 2 2 15 14 1648 3488 1649
3924 2 2 15 14 2165 3627 2166
3925 2 2 15 14 543 3645 1383
3926 2 2 15 14 1375 3558 3595
3927 2 2 15 14 2493 2822 2823
3928 2 2 15 14 188 3765 699
3929 2 2 15 14 1638 2008 3491
3930 2 2 15 14 1703 1705 3631
3931 2 2 15 14 1253 1475 1476
3932 2 2 15 14 1121 4057 4037
3933 2 2 15 14 2231 2670 2669
3934 2 2 15 14 367 368 3709
3935 2 2 15 14 1666 1836 2097
3936 2 2 15 14 545 3646 709
3937 2 2 15 14 1788 1916 1917
3938 2 2 15 14 2649 3726 4042
3939 2 2 15 14 1465 1620 1467
3940 2 2 15 14 3713 3747 3746
3941 2 2 15 14 2022 2023 2024
3942 2 2 15 14 379 1160 378
3943 2 2 15 14 547 3651 1384
3944 2 2 15 14 847 3711 3712
3945 2 2 15 14 1745 3606 1747
3946 2 2 15 14 1463 3919 1465
3947 2 2 15 14 1227 1340 1372
3948 2 2 15 14 1900 1902 1901
3949 2 2 15 14 1304 3512 1310
3950 2 2 15 14 2647 4072 4085
3951 2 2 15 14 1400 1401 1402
3952 2 2 15 14 1389 3704 3705
3953 2 2 15 14 3737 3745 3741
3954 2 2 15 14 1623 2492 2493
3955 2 2 15 14 2289 2290 2291
3956 2 2 15 14 2047 2062 2049
3957 2 2 15 14 3513 3514 3515
3958 2 2 15 14 1379 3561 3589
3959 2 2 15 14 1022 1034 1035
3960 2 2 15 14 573 574 3697
3961 2 2 15 14 1493 4203 4101
3962 2 2 15 14 1747 3606 1934
3963 2 2 15 14 788 790 789
3964 2 2 15 14 3515 3516 3517
3965 2 2 15 14 2246 2574 2247
3966 2 2 15 14 2574 2763 2685
3967 2 2 15 14 1702 1703 2234
3968 2 2 15 14 1922 2421 2419
3969 2 2 15 14 2287 2288 2289
3970 2 2 15 14 550 1385 3661
3971 2 2 15 14 1919 1921 3798
3972 2 2 15 14 1054 1055 1056
3973 2 2 15 14 3702 3850 3866
3974 2 2 15 14 2291 2292 2293
3975 2 2 15 14 296 1370 297
3976 2 2 15 14 1310 1833 1459
3977 2 2 15 14 986 1021 1022
3978 2 2 15 14 3562 3564 3568
3979 2 2 15 14 1287 3551 1289
3980 2 2 15 14 3734 3736 3739
3981 2 2 15 14 1671 2246 2245
3982 2 2 15 14 1481 1506 1507
3983 2 2 15 14 1302 1611 1304
3984 2 2 15 14 552 696 3662
3985 2 2 15 14 1606 1870 3499
3986 2 2 15 14 587 3749 3748
3987 2 2 15 14 1062 1063 1064
3988 2 2 15 14 675 3690 3689
3989 2 2 15 14 1037 1038 1039
3990 2 2 15 14 3525 3527 3530
3991 2 2 15 14 179 3481 180
3992 2 2 15 14 553 3666 696
3993 2 2 15 14 1933 3610 3608
3994 2 2 15 14 314 1366 3703
3995 2 2 15 14 3727 3729 3728
3996 2 2 15 14 1051 1053 1054
3997 2 2 15 14 847 3712 3713
3998 2 2 15 14 571 572 3694
3999 2 2 15 14 2068 3716 3717
4000 2 2 15 14 555 3678 1386
4001 2 2 15 14 1921 2463 3798
4002 2 2 15 14 1285 1519 1287
4003 2 2 15 14 1705 1940 3631
4004 2 2 15 14 668 3826 3827
4005 2 2 15 14 2637 3760 3241
4006 2 2 15 14 1389 3705 3706
4007 2 2 15 14 557 3679 687
4008 2 2 15 14 567 568 3688
4009 2 2 15 14 569 570 3691
4010 2 2 15 14 1501 1809 3524
4011 2 2 15 14 2833 2983 2835
4012 2 2 15 14 999 1108 3767
4013 2 2 15 14 1227 1372 3591
4014 2 2 15 14 1215 3543 1217
4015 2 2 15 14 1281 1532 1283
4016 2 2 15 14 2587 2647 2590
4017 2 2 15 14 559 3680 1387
4018 2 2 15 14 2284 3450 2373
4019 2 2 15 14 3563 3565 3564
4020 2 2 15 14 1834 2139 2504
4021 2 2 15 14 2256 2268 3751
4022 2 2 15 14 2585 3557 2587
4023 2 2 15 14 298 297 3452
4024 2 2 15 14 1743 3610 1933
4025 2 2 15 14 1929 2531 3915
4026 2 2 15 14 379 380 3480
4027 2 2 15 14 2403 2409 2404
4028 2 2 15 14 562 1390 3682
4029 2 2 15 14 2285 2286 2287
4030 2 2 15 14 1217 1671 1277
4031 2 2 15 14 708 1438 3647
4032 2 2 15 14 2462 2667 3628
4033 2 2 15 14 2099 2687 2101
4034 2 2 15 14 563 3684 1390
4035 2 2 15 14 1710 2099 1711
4036 2 2 15 14 1476 1478 3624
4037 2 2 15 14 1186 3592 3719
4038 2 2 15 14 2492 2824 2822
4039 2 2 15 14 2300 2305 2304
4040 2 2 15 14 1901 1902 1903
4041 2 2 15 14 1657 1659 1702
4042 2 2 15 14 2165 3625 3626
4043 2 2 15 14 2051 3575 2053
4044 2 2 15 14 2774 3292 3291
4045 2 2 15 14 2554 3964 3975
4046 2 2 15 14 371 599 3704
4047 2 2 15 14 1486 1710 1709
4048 2 2 15 14 565 3685 678
4049 2 2 15 14 3515 3517 3518
4050 2 2 15 14 1459 1833 1834
4051 2 2 15 14 1729 1731 1730
4052 2 2 15 14 2246 2248 3553
4053 2 2 15 14 1206 1525 1215
4054 2 2 15 14 3731 3733 3734
4055 2 2 15 14 377 378 3616
4056 2 2 15 14 1167 3590 1206
4057 2 2 15 14 1938 2662 2663
4058 2 2 15 14 1304 1611 3512
4059 2 2 15 14 26 3652 586
4060 2 2 15 14 1155 1295 1157
4061 2 2 15 14 1307 3500 1581
4062 2 2 15 14 1278 3629 1281
4063 2 2 15 14 2191 2783 2784
4064 2 2 15 14 2433 2446 2664
4065 2 2 15 14 2268 2908 3751
4066 2 2 15 14 1510 1626 1656
4067 2 2 15 14 1898 1900 1899
4068 2 2 15 14 3802 3804 3803
4069 2 2 15 14 2229 3540 3539
4070 2 2 15 14 2306 2307 2308
4071 2 2 15 14 1153 3601 1155
4072 2 2 15 14 846 869 3711
4073 2 2 15 14 2247 2574 2685
4074 2 2 15 14 2223 2743 2744
4075 2 2 15 14 2410 2469 2411
4076 2 2 15 14 2394 2644 2414
4077 2 2 15 14 1149 1309 1151
4078 2 2 15 14 2274 2864 2613
4079 2 2 15 14 1287 1519 3551
4080 2 2 15 14 1809 3526 3525
4081 2 2 15 14 2392 3604 2394
4082 2 2 15 14 2245 2246 2247
4083 2 2 15 14 2093 3602 2094
4084 2 2 15 14 515 3561 1379
4085 2 2 15 14 360 3748 1405
4086 2 2 15 14 179 178 848
4087 2 2 15 14 1931 3768 3767
4088 2 2 15 14 2363 3542 2365
4089 2 2 15 14 903 3754 1163
4090 2 2 15 14 2243 2767 2272
4091 2 2 15 14 585 3792 3791
4092 2 2 15 14 798 808 799
4093 2 2 15 14 908 985 986
4094 2 2 15 14 3526 3528 3527
4095 2 2 15 14 3558 3559 3595
4096 2 2 15 14 2388 3240 2390
4097 2 2 15 14 1112 1486 1115
4098 2 2 15 14 1407 3802 3801
4099 2 2 15 14 1340 1563 1372
4100 2 2 15 14 375 739 3599
4101 2 2 15 14 1391 3686 3685
4102 2 2 15 14 1372 1563 1564
4103 2 2 15 14 1277 1671 2245
4104 2 2 15 14 1249 1930 3498
4105 2 2 15 14 2383 3274 2386
4106 2 2 15 14 1705 1708 1940
4107 2 2 15 14 1777 3556 1779
4108 2 2 15 14 1715 2093 1717
4109 2 2 15 14 1801 1880 3946
4110 2 2 15 14 2365 2806 2370
4111 2 2 15 14 1374 3535 3536
4112 2 2 15 14 1116 3681 1147
4113 2 2 15 14 2053 2063 2055
4114 2 2 15 14 922 3844 3702
4115 2 2 15 14 1833 2241 2139
4116 2 2 15 14 847 3713 3746
4117 2 2 15 14 1987 2646 2381
4118 2 2 15 14 1721 1724 3789
4119 2 2 15 14 3598 3603 3602
4120 2 2 15 14 1899 1900 1901
4121 2 2 15 14 1100 1293 1110
4122 2 2 15 14 701 3647 3972
4123 2 2 15 14 1215 1525 3543
4124 2 2 15 14 1905 1907 1906
4125 2 2 15 14 2358 2727 2363
4126 2 2 15 14 1983 2229 1985
4127 2 2 15 14 1713 1715 1714
4128 2 2 15 14 1018 1373 1029
4129 2 2 15 14 1978 2417 1980
4130 2 2 15 14 1204 3948 1576
4131 2 2 15 14 1985 3539 1987
4132 2 2 15 14 1895 3755 1898
4133 2 2 15 14 2356 3615 2358
4134 2 2 15 14 1980 3555 1983
4135 2 2 15 14 1375 1713 1712
4136 2 2 15 14 1611 3514 3513
4137 2 2 15 14 2163 3625 2165
4138 2 2 15 14 3752 3754 3753
4139 2 2 15 14 1974 2385 1976
4140 2 2 15 14 924 3702 1378
4141 2 2 15 14 1408 3822 3823
4142 2 2 15 14 1976 3544 1978
4143 2 2 15 14 1711 2099 2101
4144 2 2 15 14 1781 3554 1783
4145 2 2 15 14 1014 1205 1016
4146 2 2 15 14 2093 3597 3598
4147 2 2 15 14 1970 2376 1972
4148 2 2 15 14 3767 3768 3922
4149 2 2 15 14 843 844 3746
4150 2 2 15 14 1010 1374 1012
4151 2 2 15 14 1779 3556 2440
4152 2 2 15 14 1968 3621 1970
4153 2 2 15 14 509 510 1002
4154 2 2 15 14 1972 3549 1974
4155 2 2 15 14 1709 1710 1711
4156 2 2 15 14 3514 3516 3515
4157 2 2 15 14 1794 2677 2676
4158 2 2 15 14 364 1394 3786
4159 2 2 15 14 1005 3840 1008
4160 2 2 15 14 2101 3552 2243
4161 2 2 15 14 1380 1382 2488
4162 2 2 15 14 2035 3420 3444
4163 2 2 15 14 1775 2438 1777
4164 2 2 15 14 24 1395 25
4165 2 2 15 14 1495 1680 3648
4166 2 2 15 14 2094 2793 2163
4167 2 2 15 14 375 376 739
4168 2 2 15 14 1783 2441 1785
4169 2 2 15 14 1893 2238 2237
4170 2 2 15 14 594 3825 3821
4171 2 2 15 14 1779 2440 1781
4172 2 2 15 14 1756 3623 1968
4173 2 2 15 14 3584 3585 3586
4174 2 2 15 14 1115 1486 1709
4175 2 2 15 14 1281 3629 1532
4176 2 2 15 14 2418 3437 3867
4177 2 2 15 14 513 981 512
4178 2 2 15 14 1715 1716 3597
4179 2 2 15 14 712 719 3779
4180 2 2 15 14 2250 2251 2809
4181 2 2 15 14 325 3781 1483
4182 2 2 15 14 3712 3714 3713
4183 2 2 15 14 1671 2248 2246
4184 2 2 15 14 1407 3801 3799
4185 2 2 15 14 2246 3553 2574
4186 2 2 15 14 1408 3821 3822
4187 2 2 15 14 591 3799 3800
4188 2 2 15 14 982 1375 1004
4189 2 2 15 14 3435 3762 3436
4190 2 2 15 14 1391 3687 3686
4191 2 2 15 14 2363 2727 3542
4192 2 2 15 14 515 1379 514
4193 2 2 15 14 1008 3535 1010
4194 2 2 15 14 729 3720 731
4195 2 2 15 14 2166 3627 2356
4196 2 2 15 14 863 3893 1727
4197 2 2 15 14 984 1094 3649
4198 2 2 15 14 517 3944 937
4199 2 2 15 14 1147 3891 1149
4200 2 2 15 14 651 2244 3793
4201 2 2 15 14 1783 3554 2441
4202 2 2 15 14 1809 3847 3526
4203 2 2 15 14 1376 3612 3613
4204 2 2 15 14 517 937 516
4205 2 2 15 14 1482 4012 3955
4206 2 2 15 14 1274 1648 1594
4207 2 2 15 14 2400 2403 2402
4208 2 2 15 14 1109 3637 3638
4209 2 2 15 14 1882 3723 2006
4210 2 2 15 14 844 847 3746
4211 2 2 15 14 824 826 825
4212 2 2 15 14 1897 1899 3780
4213 2 2 15 14 733 3761 746
4214 2 2 15 14 977 3558 982
4215 2 2 15 14 1747 1934 1771
4216 2 2 15 14 1985 2229 3539
4217 2 2 15 14 1717 2093 2094
4218 2 2 15 14 1055 3916 1213
4219 2 2 15 14 1980 2417 3555
4220 2 2 15 14 926 3637 928
4221 2 2 15 14 519 520 872
4222 2 2 15 14 1581 3500 1916
4223 2 2 15 14 1976 2385 3544
4224 2 2 15 14 2266 2756 2269
4225 2 2 15 14 930 3612 932
4226 2 2 15 14 3753 3757 3756
4227 2 2 15 14 359 1405 3758
4228 2 2 15 14 3583 3585 3584
4229 2 2 15 14 1714 1715 1717
4230 2 2 15 14 521 3727 520
4231 2 2 15 14 2229 3541 3540
4232 2 2 15 14 975 1161 977
4233 2 2 15 14 1309 3467 3979
4234 2 2 15 14 684 3672 3670
4235 2 2 15 14 18 650 3818
4236 2 2 15 14 1894 3752 3753
4237 2 2 15 14 1972 2376 3549
4238 2 2 15 14 25 1395 3652
4239 2 2 15 14 3500 3507 3501
4240 2 2 15 14 1785 3630 1789
4241 2 2 15 14 2163 2793 3625
4242 2 2 15 14 2093 3598 3602
4243 2 2 15 14 1258 1451 3770
4244 2 2 15 14 2496 4259 2699
4245 2 2 15 14 1611 3843 3514
4246 2 2 15 14 2033 2035 2034
4247 2 2 15 14 2406 2410 2408
4248 2 2 15 14 523 852 522
4249 2 2 15 14 2283 2284 2285
4250 2 2 15 14 577 578 3468
4251 2 2 15 14 932 1376 953
4252 2 2 15 14 541 3636 757
4253 2 2 15 14 1712 1713 1714
4254 2 2 15 14 1710 2100 2099
4255 2 2 15 14 869 3649 3711
4256 2 2 15 14 1917 1919 1918
4257 2 2 15 14 525 526 751
4258 2 2 15 14 1968 3623 3621
4259 2 2 15 14 544 709 3645
4260 2 2 15 14 2243 3552 2767
4261 2 2 15 14 2622 2691 2690
4262 2 2 15 14 1254 1931 3767
4263 2 2 15 14 2262 2659 2264
4264 2 2 15 14 2264 3600 2266
4265 2 2 15 14 3753 3754 3757
4266 2 2 15 14 1939 3858 2662
4267 2 2 15 14 843 3746 4277
4268 2 2 15 14 546 1384 3646
4269 2 2 15 14 372 3639 599
4270 2 2 15 14 2441 3554 3724
4271 2 2 15 14 353 3826 668
4272 2 2 15 14 1108 1254 3767
4273 2 2 15 14 1581 1788 1787
4274 2 2 15 14 720 1371 3721
4275 2 2 15 14 1004 1375 1712
4276 2 2 15 14 3529 3847 3924
4277 2 2 15 14 362 3787 587
4278 2 2 15 14 529 804 528
4279 2 2 15 14 1894 3753 3755
4280 2 2 15 14 3526 3847 3529
4281 2 2 15 14 548 698 3651
4282 2 2 15 14 365 3759 1394
4283 2 2 15 14 2227 2638 3511
4284 2 2 15 14 1897 1898 1899
4285 2 2 15 14 1010 3535 1374
4286 2 2 15 14 1785 2441 3630
4287 2 2 15 14 373 374 1388
4288 2 2 15 14 549 3661 698
4289 2 2 15 14 2260 3614 2262
4290 2 2 15 14 731 1224 733
4291 2 2 15 14 1163 3754 3752
4292 2 2 15 14 1880 2498 3946
4293 2 2 15 14 528 804 3784
4294 2 2 15 14 928 3637 1109
4295 2 2 15 14 1882 2600 3723
4296 2 2 15 14 1563 1837 1564
4297 2 2 15 14 551 3662 1385
4298 2 2 15 14 1469 3847 1471
4299 2 2 15 14 2356 3627 3615
4300 2 2 15 14 1722 3752 1894
4301 2 2 15 14 3753 3756 3755
4302 2 2 15 14 1713 1716 1715
4303 2 2 15 14 1715 3597 2093
4304 2 2 15 14 1880 2217 2498
4305 2 2 15 14 554 1386 3666
4306 2 2 15 14 746 3761 1706
4307 2 2 15 14 1719 1722 1721
4308 2 2 15 14 982 3558 1375
4309 2 2 15 14 1892 2227 2235
4310 2 2 15 14 1475 1477 1476
4311 2 2 15 14 3772 3773 3774
4312 2 2 15 14 2498 2982 2998
4313 2 2 15 14 1564 1837 1882
4314 2 2 15 14 1248 3033 3028
4315 2 2 15 14 531 532 736
4316 2 2 15 14 932 3612 1376
4317 2 2 15 14 363 364 3786
4318 2 2 15 14 556 687 3678
4319 2 2 15 14 359 360 1405
4320 2 2 15 14 3706 3708 3707
4321 2 2 15 14 1766 1769 1768
4322 2 2 15 14 1680 2010 2011
4323 2 2 15 14 558 1387 3679
4324 2 2 15 14 1754 3841 3623
4325 2 2 15 14 1894 3755 1895
4326 2 2 15 14 928 1109 930
4327 2 2 15 14 2258 2517 2260
4328 2 2 15 14 1254 1256 1931
4329 2 2 15 14 535 756 534
4330 2 2 15 14 3514 3843 3519
4331 2 2 15 14 2299 3448 4343
4332 2 2 15 14 560 683 3680
4333 2 2 15 14 811 824 823
4334 2 2 15 14 1899 2162 3780
4335 2 2 15 14 561 3682 683
4336 2 2 15 14 1477 1479 1478
4337 2 2 15 14 826 828 827
4338 2 2 15 14 1882 2006 1883
4339 2 2 15 14 541 757 540
4340 2 2 15 14 537 538 710
4341 2 2 15 14 3649 3715 3711
4342 2 2 15 14 564 678 3684
4343 2 2 15 14 1743 1933 1745
4344 2 2 15 14 1640 1642 1641
4345 2 2 15 14 2266 3600 2756
4346 2 2 15 14 1289 3843 1302
4347 2 2 15 14 3550 4083 4098
4348 2 2 15 14 1837 2600 1882
4349 2 2 15 14 924 1378 926
4350 2 2 15 14 543 1383 542
4351 2 2 15 14 566 1391 3685
4352 2 2 15 14 377 3616 3619
4353 2 2 15 14 3591 3593 3592
4354 2 2 15 14 1638 1640 1639
4355 2 2 15 14 1636 1638 1637
4356 2 2 15 14 2262 3614 2659
4357 2 2 15 14 2256 3751 2258
4358 2 2 15 14 1506 1508 1507
4359 2 2 15 14 545 709 544
4360 2 2 15 14 370 3704 1389
4361 2 2 15 14 922 3702 924
4362 2 2 15 14 984 1093 1094
4363 2 2 15 14 2637 3139 3402
4364 2 2 15 14 1608 1623 1609
4365 2 2 15 14 547 1384 546
4366 2 2 15 14 1087 1118 1119
4367 2 2 15 14 1721 1722 1724
4368 2 2 15 14 1827 3782 2583
4369 2 2 15 14 1900 2236 1902
4370 2 2 15 14 2270 3789 3572
4371 2 2 15 14 1120 3841 1750
4372 2 2 15 14 549 698 548
4373 2 2 15 14 1128 3052 2634
4374 2 2 15 14 2255 2268 2256
4375 2 2 15 14 869 984 3649
4376 2 2 15 14 1606 1608 1607
4377 2 2 15 14 708 712 1438
4378 2 2 15 14 2268 2270 2801
4379 2 2 15 14 769 3933 770
4380 2 2 15 14 1521 1606 1522
4381 2 2 15 14 2293 2294 2295
4382 2 2 15 14 551 1385 550
4383 2 2 15 14 322 321 3846
4384 2 2 15 14 2504 2642 2641
4385 2 2 15 14 1503 1521 1504
4386 2 2 15 14 2642 3470 3469
4387 2 2 15 14 553 696 552
4388 2 2 15 14 363 3786 3787
4389 2 2 15 14 186 185 1138
4390 2 2 15 14 1382 2688 2488
4391 2 2 15 14 555 1386 554
4392 2 2 15 14 515 516 3561
4393 2 2 15 14 1469 1471 1470
4394 2 2 15 14 2227 3511 2235
4395 2 2 15 14 2801 3067 2908
4396 2 2 15 14 2258 3751 2517
4397 2 2 15 14 746 1706 768
4398 2 2 15 14 1471 1501 1472
4399 2 2 15 14 2238 2444 2239
4400 2 2 15 14 557 687 556
4401 2 2 15 14 3388 3390 3389
4402 2 2 15 14 2255 3789 2270
4403 2 2 15 14 1501 1503 1502
4404 2 2 15 14 1923 3642 2463
4405 2 2 15 14 1467 1469 1468
4406 2 2 15 14 1465 1467 1466
4407 2 2 15 14 2685 2831 2686
4408 2 2 15 14 1769 1885 1884
4409 2 2 15 14 2600 3493 3494
4410 2 2 15 14 559 1387 558
4411 2 2 15 14 1463 1465 1464
4412 2 2 15 14 1307 1581 1580
4413 2 2 15 14 2833 2835 2834
4414 2 2 15 14 1902 2236 3663
4415 2 2 15 14 1564 1882 1883
4416 2 2 15 14 561 683 560
4417 2 2 15 14 371 372 599
4418 2 2 15 14 1722 1725 1724
4419 2 2 15 14 1929 2530 2531
4420 2 2 15 14 563 1390 562
4421 2 2 15 14 2063 3576 3577
4422 2 2 15 14 2255 2270 2268
4423 2 2 15 14 1310 1459 1311
4424 2 2 15 14 1511 3975 3964
4425 2 2 15 14 2831 2833 2832
4426 2 2 15 14 565 678 564
4427 2 2 15 14 1304 1310 1305
4428 2 2 15 14 2774 3291 3290
4429 2 2 15 14 567 1391 566
4430 2 2 15 14 1895 1898 1897
4431 2 2 15 14 1289 1302 1290
4432 2 2 15 14 2772 2774 2773
4433 2 2 15 14 1287 1289 1288
4434 2 2 15 14 701 708 3647
4435 2 2 15 14 569 675 568
4436 2 2 15 14 1272 1296 1297
4437 2 2 15 14 1302 1304 1303
4438 2 2 15 14 2024 2025 2026
4439 2 2 15 14 375 3599 374
4440 2 2 15 14 160 159 671
4441 2 2 15 14 1654 2014 2649
4442 2 2 15 14 571 1392 570
4443 2 2 15 14 1163 3752 1719
4444 2 2 15 14 1283 1285 1284
4445 2 2 15 14 573 670 572
4446 2 2 15 14 1285 1287 1286
4447 2 2 15 14 2760 2772 2761
4448 2 2 15 14 1281 1283 1282
4449 2 2 15 14 369 370 1389
4450 2 2 15 14 2101 2243 2242
4451 2 2 15 14 575 1393 574
4452 2 2 15 14 1217 1277 1218
4453 2 2 15 14 720 721 722
4454 2 2 15 14 324 3781 325
4455 2 2 15 14 3380 3382 3381
4456 2 2 15 14 2615 2760 2616
4457 2 2 15 14 577 661 576
4458 2 2 15 14 326 325 1483
4459 2 2 15 14 2613 2615 2614
4460 2 2 15 14 2274 2613 2275
4461 2 2 15 14 1215 1217 1216
4462 2 2 15 14 1956 4283 2520
4463 2 2 15 14 2270 2802 2801
4464 2 2 15 14 1723 2255 2254
4465 2 2 15 14 521 3744 3727
4466 2 2 15 14 2272 2274 2273
4467 2 2 15 14 3565 3566 3567
4468 2 2 15 14 1659 1703 1702
4469 2 2 15 14 2375 4074 4064
4470 2 2 15 14 2243 2272 2271
4471 2 2 15 14 1167 1206 1168
4472 2 2 15 14 3664 3665 3869
4473 2 2 15 14 1931 3770 3769
4474 2 2 15 14 1206 1215 1207
4475 2 2 15 14 1157 1167 1158
4476 2 2 15 14 373 3639 372
4477 2 2 15 14 1722 1894 1725
4478 2 2 15 14 1151 1153 1152
4479 2 2 15 14 1719 3752 1722
4480 2 2 15 14 366 590 3759
4481 2 2 15 14 1751 2353 3785
4482 2 2 15 14 1725 1894 1895
4483 2 2 15 14 1153 1155 1154
4484 2 2 15 14 18 3818 19
4485 2 2 15 14 2370 3226 3225
4486 2 2 15 14 2587 2590 2589
4487 2 2 15 14 361 587 3748
4488 2 2 15 14 2590 2592 2591
4489 2 2 15 14 1149 1151 1150
4490 2 2 15 14 2365 2370 2369
4491 2 2 15 14 1155 1157 1156
4492 2 2 15 14 2585 2587 2586
4493 2 2 15 14 2363 2365 2364
4494 2 2 15 14 3529 3924 3532
4495 2 2 15 14 351 1455 350
4496 2 2 15 14 359 3758 358
4497 2 2 15 14 2358 2363 2362
4498 2 2 15 14 3681 3900 3891
4499 2 2 15 14 2268 2801 2908
4500 2 2 15 14 1147 1149 1148
4501 2 2 15 14 1112 1115 1113
4502 2 2 15 14 541 542 3636
4503 2 2 15 14 1719 1721 1720
4504 2 2 15 14 543 544 3645
4505 2 2 15 14 2356 2358 2357
4506 2 2 15 14 1649 3488 3489
4507 2 2 15 14 3734 3735 3736
4508 2 2 15 14 367 590 366
4509 2 2 15 14 545 546 3646
4510 2 2 15 14 2583 2585 2584
4511 2 2 15 14 2394 2414 2395
4512 2 2 15 14 934 1729 1728
4513 2 2 15 14 353 354 3826
4514 2 2 15 14 2094 2163 2095
4515 2 2 15 14 1018 1029 1019
4516 2 2 15 14 1624 1636 1635
4517 2 2 15 14 547 548 3651
4518 2 2 15 14 1029 1100 1030
4519 2 2 15 14 1110 1112 1111
4520 2 2 15 14 2392 2394 2393
4521 2 2 15 14 1100 1110 1101
4522 2 2 15 14 2414 2458 2415
4523 2 2 15 14 3567 3570 3571
4524 2 2 15 14 2802 3573 3574
4525 2 2 15 14 1794 3943 2677
4526 2 2 15 14 2163 2165 2164
4527 2 2 15 14 527 528 3784
4528 2 2 15 14 1260 3778 1451
4529 2 2 15 14 2390 2392 2391
4530 2 2 15 14 549 550 3661
4531 2 2 15 14 1016 1018 1017
4532 2 2 15 14 663 674 720
4533 2 2 15 14 352 668 3783
4534 2 2 15 14 2388 2390 2389
4535 2 2 15 14 551 552 3662
4536 2 2 15 14 361 3748 360
4537 2 2 15 14 553 554 3666
4538 2 2 15 14 2386 2388 2387
4539 2 2 15 14 641 3969 643
4540 2 2 15 14 555 556 3678
4541 2 2 15 14 1014 1016 1015
4542 2 2 15 14 2383 2386 2384
4543 2 2 15 14 1010 1012 1011
4544 2 2 15 14 1012 1014 1013
4545 2 2 15 14 1626 1657 1656
4546 2 2 15 14 557 558 3679
4547 2 2 15 14 2254 2255 2256
4548 2 2 15 14 3736 3737 3738
4549 2 2 15 14 873 3929 2231
4550 2 2 15 14 1930 3497 3498
4551 2 2 15 14 559 560 3680
4552 2 2 15 14 1721 3789 1723
4553 2 2 15 14 1088 1380 3849
4554 2 2 15 14 1750 3841 1754
4555 2 2 15 14 2381 2383 2382
4556 2 2 15 14 1938 1939 2662
4557 2 2 15 14 1983 1985 1984
4558 2 2 15 14 1980 1983 1982
4559 2 2 15 14 1985 1987 1986
4560 2 2 15 14 561 562 3682
4561 2 2 15 14 1987 2381 1988
4562 2 2 15 14 1978 1980 1979
4563 2 2 15 14 1460 1463 1462
4564 2 2 15 14 563 564 3684
4565 2 2 15 14 371 3704 370
4566 2 2 15 14 1976 1978 1977
4567 2 2 15 14 1008 1010 1009
4568 2 2 15 14 2667 4191 3628
4569 2 2 15 14 565 566 3685
4570 2 2 15 14 1941 3890 2475
4571 2 2 15 14 1974 1976 1975
4572 2 2 15 14 2353 2671 2672
4573 2 2 15 14 1972 1974 1973
4574 2 2 15 14 1204 1576 1245
4575 2 2 15 14 351 3783 1455
4576 2 2 15 14 1725 1895 1896
4577 2 2 15 14 1970 1972 1971
4578 2 2 15 14 1163 1719 1718
4579 2 2 15 14 719 1137 3779
4580 2 2 15 14 2308 2309 2310
4581 2 2 15 14 1968 1970 1969
4582 2 2 15 14 982 1004 983
4583 2 2 15 14 2266 2269 2267
4584 2 2 15 14 3528 3529 3531
4585 2 2 15 14 1895 1897 1896
4586 2 2 15 14 1278 1281 1280
4587 2 2 15 14 807 842 843
4588 2 2 15 14 808 820 809
4589 2 2 15 14 719 735 1137
4590 2 2 15 14 365 1394 364
4591 2 2 15 14 369 1389 3707
4592 2 2 15 14 175 3672 684
4593 2 2 15 14 1227 1276 1340
4594 2 2 15 14 1450 4157 4177
4595 2 2 15 14 1897 3780 2565
4596 2 2 15 14 844 846 847
4597 2 2 15 14 977 982 978
4598 2 2 15 14 1903 1905 1906
4599 2 2 15 14 903 1163 918
4600 2 2 15 14 1720 1721 1723
4601 2 2 15 14 2264 2266 2265
4602 2 2 15 14 2565 3780 3130
4603 2 2 15 14 2166 2356 2355
4604 2 2 15 14 2802 3572 3573
4605 2 2 15 14 226 3876 227
4606 2 2 15 14 1116 1147 1146
4607 2 2 15 14 26 25 3652
4608 2 2 15 14 1760 3782 1827
4609 2 2 15 14 2565 3130 2798
4610 2 2 15 14 1162 4038 3035
4611 2 2 15 14 26 586 27
4612 2 2 15 14 322 3846 585
4613 2 2 15 14 1879 3440 3439
4614 2 2 15 14 646 651 3793
4615 2 2 15 14 3400 4009 4079
4616 2 2 15 14 1827 2583 2582
4617 2 2 15 14 1594 1648 1649
4618 2 2 15 14 1760 3880 3782
4619 2 2 15 14 175 684 176
4620 2 2 15 14 2262 2264 2263
4621 2 2 15 14 1258 1260 1451
4622 2 2 15 14 975 977 976
4623 2 2 15 14 1896 1897 2565
4624 2 2 15 14 3467 3891 3900
4625 2 2 15 14 2141 2857 4162
4626 2 2 15 14 567 3688 1391
4627 2 2 15 14 908 986 3830
4628 2 2 15 14 3034 4274 4124
4629 2 2 15 14 1785 1789 1786
4630 2 2 15 14 1931 3769 3768
4631 2 2 15 14 3702 3844 3850
4632 2 2 15 14 1937 2460 2461
4633 2 2 15 14 365 366 3759
4634 2 2 15 14 1641 1643 1822
4635 2 2 15 14 569 3691 675
4636 2 2 15 14 2690 2691 2692
4637 2 2 15 14 953 975 954
4638 2 2 15 14 324 3791 3781
4639 2 2 15 14 2380 2925 2960
4640 2 2 15 14 2565 2798 2602
4641 2 2 15 14 2318 2319 2320
4642 2 2 15 14 1005 1008 1007
4643 2 2 15 14 1723 3789 2255
4644 2 2 15 14 1749 3785 3887
4645 2 2 15 14 2304 2305 2306
4646 2 2 15 14 2260 2262 2261
4647 2 2 15 14 1783 1785 1784
4648 2 2 15 14 932 953 933
4649 2 2 15 14 1756 1968 1967
4650 2 2 15 14 1749 1751 3785
4651 2 2 15 14 1093 1186 3719
4652 2 2 15 14 1751 1753 2353
4653 2 2 15 14 3771 3773 3772
4654 2 2 15 14 2143 2795 2796
4655 2 2 15 14 1781 1783 1782
4656 2 2 15 14 363 3787 362
4657 2 2 15 14 162 758 163
4658 2 2 15 14 1761 1835 2653
4659 2 2 15 14 2406 3650 2410
4660 2 2 15 14 2604 2605 2606
4661 2 2 15 14 1896 2565 2602
4662 2 2 15 14 1896 2602 3788
4663 2 2 15 14 1956 2520 2519
4664 2 2 15 14 571 3694 1392
4665 2 2 15 14 1898 3755 3882
4666 2 2 15 14 1757 1759 2652
4667 2 2 15 14 651 658 2244
4668 2 2 15 14 722 723 724
4669 2 2 15 14 930 932 931
4670 2 2 15 14 361 362 587
4671 2 2 15 14 326 1483 3831
4672 2 2 15 14 2258 2260 2259
4673 2 2 15 14 1779 1781 1780
4674 2 2 15 14 3074 4374 4378
4675 2 2 15 14 1580 1581 1787
4676 2 2 15 14 1256 3770 1931
4677 2 2 15 14 2236 3664 3663
4678 2 2 15 14 1724 1725 3788
4679 2 2 15 14 165 1404 3794
4680 2 2 15 14 1943 2655 2656
4681 2 2 15 14 188 187 3765
4682 2 2 15 14 1121 4083 3550
4683 2 2 15 14 11 3828 1166
4684 2 2 15 14 10 3828 11
4685 2 2 15 14 2270 3572 2802
4686 2 2 15 14 351 352 3783
4687 2 2 15 14 820 835 821
4688 2 2 15 14 164 1404 165
4689 2 2 15 14 1718 1719 1720
4690 2 2 15 14 173 172 865
4691 2 2 15 14 345 2159 344
4692 2 2 15 14 1777 1779 1778
4693 2 2 15 14 1921 1923 2463
4694 2 2 15 14 2256 2258 2257
4695 2 2 15 14 1262 1292 1938
4696 2 2 15 14 166 3794 2158
4697 2 2 15 14 928 930 929
4698 2 2 15 14 1761 2653 3928
4699 2 2 15 14 1093 3719 1094
4700 2 2 15 14 166 165 3794
4701 2 2 15 14 171 170 1406
4702 2 2 15 14 1788 1917 1918
4703 2 2 15 14 20 1407 3799
4704 2 2 15 14 573 3697 670
4705 2 2 15 14 355 3821 1408
4706 2 2 15 14 1757 2652 3911
4707 2 2 15 14 21 3799 591
4708 2 2 15 14 22 21 591
4709 2 2 15 14 3773 3776 3777
4710 2 2 15 14 356 594 3821
4711 2 2 15 14 357 594 356
4712 2 2 15 14 3771 3776 3773
4713 2 2 15 14 20 19 1407
4714 2 2 15 14 20 3799 21
4715 2 2 15 14 355 1408 354
4716 2 2 15 14 166 2158 167
4717 2 2 15 14 355 356 3821
4718 2 2 15 14 1495 1679 1680
4719 2 2 15 14 18 17 650
4720 2 2 15 14 353 668 352
4721 2 2 15 14 14 759 15
4722 2 2 15 14 349 752 348
4723 2 2 15 14 347 1409 346
4724 2 2 15 14 12 11 1166
4725 2 2 15 14 1899 1901 2162
4726 2 2 15 14 2349 2351 2412
4727 2 2 15 14 1725 1896 3788
4728 2 2 15 14 2398 4117 3446
4729 2 2 15 14 1451 3776 3771
4730 2 2 15 14 2606 2607 2608
4731 2 2 15 14 2247 2685 2686
4732 2 2 15 14 1775 1777 1776
4733 2 2 15 14 1711 2101 2242
4734 2 2 15 14 1119 1176 1177
4735 2 2 15 14 1389 3706 3707
4736 2 2 15 14 2493 2823 3484
4737 2 2 15 14 1717 2094 2095
4738 2 2 15 14 1834 2504 2641
4739 2 2 15 14 2300 3974 2305
4740 2 2 15 14 1941 2475 2471
4741 2 2 15 14 2531 3884 3915
4742 2 2 15 14 1723 2254 2253
4743 2 2 15 14 926 928 927
4744 2 2 15 14 675 3691 3690
4745 2 2 15 14 1115 1709 3681
4746 2 2 15 14 1837 3493 2600
4747 2 2 15 14 1378 3702 3866
4748 2 2 15 14 918 1163 1718
4749 2 2 15 14 1712 1714 2643
4750 2 2 15 14 1392 3694 3693
4751 2 2 15 14 2373 3875 3432
4752 2 2 15 14 2412 2752 2753
4753 2 2 15 14 655 1397 1396
4754 2 2 15 14 1380 2488 3849
4755 2 2 15 14 1900 3882 2236
4756 2 2 15 14 670 3697 3696
4757 2 2 15 14 1694 1936 1937
4758 2 2 15 14 893 1422 895
4759 2 2 15 14 2655 2807 2656
4760 2 2 15 14 1393 3700 3699
4761 2 2 15 14 2641 3469 3919
4762 2 2 15 14 2629 3003 3007
4763 2 2 15 14 1302 3843 1611
4764 2 2 15 14 3811 3812 3814
4765 2 2 15 14 1939 2349 3858
4766 2 2 15 14 924 926 925
4767 2 2 15 14 324 323 3791
4768 2 2 15 14 1187 1226 1227
4769 2 2 15 14 323 585 3791
4770 2 2 15 14 1551 1553 1552
4771 2 2 15 14 2530 2532 2531
4772 2 2 15 14 3536 3835 3973
4773 2 2 15 14 1773 1775 1774
4774 2 2 15 14 1471 3847 1809
4775 2 2 15 14 724 725 726
4776 2 2 15 14 922 924 923
4777 2 2 15 14 1562 3872 1614
4778 2 2 15 14 1622 2367 3936
4779 2 2 15 14 2143 2796 3872
4780 2 2 15 14 1115 3681 1116
4781 2 2 15 14 1391 3688 3687
4782 2 2 15 14 2026 2027 2028
4783 2 2 15 14 2364 2365 2369
4784 2 2 15 14 2773 2774 3290
4785 2 2 15 14 1918 1919 2464
4786 2 2 15 14 2357 2358 2362
4787 2 2 15 14 2369 2370 3225
4788 2 2 15 14 2362 2363 2364
4789 2 2 15 14 2242 2243 2271
4790 2 2 15 14 3621 3623 4005
4791 2 2 15 14 2273 2274 2275
4792 2 2 15 14 2761 2772 2773
4793 2 2 15 14 2164 2165 2166
4794 2 2 15 14 575 3700 1393
4795 2 2 15 14 1909 1911 2150
4796 2 2 15 14 2271 2272 2273
4797 2 2 15 14 2275 2613 2614
4798 2 2 15 14 2095 2163 2164
4799 2 2 15 14 2507 4488 2575
4800 2 2 15 14 1587 1652 1654
4801 2 2 15 14 989 1125 1249
4802 2 2 15 14 2616 2760 2761
4803 2 2 15 14 2614 2615 2616
4804 2 2 15 14 2832 2833 2834
4805 2 2 15 14 2834 2835 2836
4806 2 2 15 14 2686 2831 2832
4807 2 2 15 14 326 3831 327
4808 2 2 15 14 1052 3949 2277
4809 2 2 15 14 2355 2356 2357
4810 2 2 15 14 3727 3744 3729
4811 2 2 15 14 1943 2656 3848
4812 2 2 15 14 2265 2266 2267
4813 2 2 15 14 919 922 921
4814 2 2 15 14 1113 1115 1116
4815 2 2 15 14 1017 1018 1019
4816 2 2 15 14 1885 2196 2195
4817 2 2 15 14 1019 1029 1030
4818 2 2 15 14 1150 1151 1152
4819 2 2 15 14 2655 2924 2807
4820 2 2 15 14 1152 1153 1154
4821 2 2 15 14 1030 1100 1101
4822 2 2 15 14 1011 1012 1013
4823 2 2 15 14 1111 1112 1113
4824 2 2 15 14 1009 1010 1011
4825 2 2 15 14 1148 1149 1150
4826 2 2 15 14 1158 1167 1168
4827 2 2 15 14 2055 2063 3583
4828 2 2 15 14 1101 1110 1111
4829 2 2 15 14 2622 3975 2691
4830 2 2 15 14 1216 1217 1218
4831 2 2 15 14 1013 1014 1015
4832 2 2 15 14 1015 1016 1017
4833 2 2 15 14 2320 2321 2322
4834 2 2 15 14 2641 2642 3469
4835 2 2 15 14 1154 1155 1156
4836 2 2 15 14 1156 1157 1158
4837 2 2 15 14 1168 1206 1207
4838 2 2 15 14 1282 1283 1284
4839 2 2 15 14 1283 3977 1285
4840 2 2 15 14 1218 1277 1278
4841 2 2 15 14 1562 1697 3872
4842 2 2 15 14 1207 1215 1216
4843 2 2 15 14 2263 2264 2265
4844 2 2 15 14 3733 3735 3734
4845 2 2 15 14 726 727 728
4846 2 2 15 14 1288 1289 1290
4847 2 2 15 14 2440 4243 3554
4848 2 2 15 14 1973 1974 1975
4849 2 2 15 14 1975 1976 1977
4850 2 2 15 14 1971 1972 1973
4851 2 2 15 14 1977 1978 1979
4852 2 2 15 14 1982 1983 1984
4853 2 2 15 14 1284 1285 1286
4854 2 2 15 14 3563 3566 3565
4855 2 2 15 14 1979 1980 1982
4856 2 2 15 14 2393 2394 2395
4857 2 2 15 14 1286 1287 1288
4858 2 2 15 14 1146 1147 1148
4859 2 2 15 14 1969 1970 1971
4860 2 2 15 14 2261 2262 2263
4861 2 2 15 14 983 1004 1005
4862 2 2 15 14 1305 1310 1311
4863 2 2 15 14 1984 1985 1986
4864 2 2 15 14 2384 2386 2387
4865 2 2 15 14 2387 2388 2389
4866 2 2 15 14 828 830 829
4867 2 2 15 14 2389 2390 2391
4868 2 2 15 14 2391 2392 2393
4869 2 2 15 14 2382 2383 2384
4870 2 2 15 14 1290 1302 1303
4871 2 2 15 14 1986 1987 1988
4872 2 2 15 14 978 982 983
4873 2 2 15 14 2395 2414 2415
4874 2 2 15 14 1303 1304 1305
4875 2 2 15 14 1988 2381 2382
4876 2 2 15 14 1464 1465 1466
4877 2 2 15 14 1906 1907 2521
4878 2 2 15 14 2254 2256 2257
4879 2 2 15 14 1943 2654 2655
4880 2 2 15 14 1753 2671 2353
4881 2 2 15 14 2415 2458 2459
4882 2 2 15 14 1280 1281 1282
4883 2 2 15 14 1238 1240 1655
4884 2 2 15 14 1311 1459 1460
4885 2 2 15 14 1007 1008 1009
4886 2 2 15 14 1468 1469 1470
4887 2 2 15 14 1967 1968 1969
4888 2 2 15 14 1466 1467 1468
4889 2 2 15 14 1654 2013 2014
4890 2 2 15 14 1407 3818 3802
4891 2 2 15 14 1470 1471 1472
4892 2 2 15 14 1872 2193 2380
4893 2 2 15 14 2586 2587 2589
4894 2 2 15 14 2608 2609 2610
4895 2 2 15 14 832 907 3922
4896 2 2 15 14 1504 1521 1522
4897 2 2 15 14 1771 1773 1772
4898 2 2 15 14 1462 1463 1464
4899 2 2 15 14 2584 2585 2586
4900 2 2 15 14 2589 2590 2591
4901 2 2 15 14 976 977 978
4902 2 2 15 14 2259 2260 2261
4903 2 2 15 14 2591 2592 2593
4904 2 2 15 14 1532 3836 3914
4905 2 2 15 14 2014 2765 2766
4906 2 2 15 14 1609 1623 1624
4907 2 2 15 14 897 1091 899
4908 2 2 15 14 728 737 738
4909 2 2 15 14 1472 1501 1502
4910 2 2 15 14 1502 1503 1504
4911 2 2 15 14 1522 1606 1607
4912 2 2 15 14 1559 1802 1803
4913 2 2 15 14 1249 1250 1251
4914 2 2 15 14 1408 3823 3826
4915 2 2 15 14 817 863 1727
4916 2 2 15 14 2795 2839 2796
4917 2 2 15 14 1607 1608 1609
4918 2 2 15 14 1929 2528 2530
4919 2 2 15 14 2239 4247 3897
4920 2 2 15 14 1697 2142 2143
4921 2 2 15 14 2349 2412 3858
4922 2 2 15 14 1915 2016 2015
4923 2 2 15 14 2641 3919 3837
4924 2 2 15 14 3390 3392 3391
4925 2 2 15 14 2519 2520 2524
4926 2 2 15 14 3514 3519 3516
4927 2 2 15 14 314 3703 315
4928 2 2 15 14 954 975 976
4929 2 2 15 14 1637 1638 1639
4930 2 2 15 14 1306 3874 1647
4931 2 2 15 14 327 3831 592
4932 2 2 15 14 842 844 843
4933 2 2 15 14 2582 2583 2584
4934 2 2 15 14 322 585 323
4935 2 2 15 14 1639 1640 1641
4936 2 2 15 14 1786 1789 1791
4937 2 2 15 14 1720 1723 2253
4938 2 2 15 14 1919 3798 2464
4939 2 2 15 14 738 769 770
4940 2 2 15 14 933 953 954
4941 2 2 15 14 1093 1095 1186
4942 2 2 15 14 998 3830 2366
4943 2 2 15 14 3526 3529 3528
4944 2 2 15 14 354 1408 3826
4945 2 2 15 14 1292 1939 1938
4946 2 2 15 14 1253 1474 1475
4947 2 2 15 14 2257 2258 2259
4948 2 2 15 14 984 992 1093
4949 2 2 15 14 2145 2910 2909
4950 2 2 15 14 1635 1636 1637
4951 2 2 15 14 1784 1785 1786
4952 2 2 15 14 931 932 933
4953 2 2 15 14 1714 1717 3835
4954 2 2 15 14 823 824 825
4955 2 2 15 14 1251 1252 1253
4956 2 2 15 14 1004 3840 1005
4957 2 2 15 14 1088 1192 1380
4958 2 2 15 14 19 3818 1407
4959 2 2 15 14 1615 1928 1929
4960 2 2 15 14 2409 2674 3466
4961 2 2 15 14 1782 1783 1784
4962 2 2 15 14 1561 1696 1695
4963 2 2 15 14 869 917 984
4964 2 2 15 14 780 3885 782
4965 2 2 15 14 3735 3737 3736
4966 2 2 15 14 1108 1165 1254
4967 2 2 15 14 2322 2323 2324
4968 2 2 15 14 3737 3740 3738
4969 2 2 15 14 2143 2145 2795
4970 2 2 15 14 3566 3570 3567
4971 2 2 15 14 1717 2095 3835
4972 2 2 15 14 1428 3854 1561
4973 2 2 15 14 1035 1037 1036
4974 2 2 15 14 3416 4043 3417
4975 2 2 15 14 2092 2838 2837
4976 2 2 15 14 2251 2810 2809
4977 2 2 15 14 2013 2765 2014
4978 2 2 15 14 1652 2013 1654
4979 2 2 15 14 1561 3854 1696
4980 2 2 15 14 1004 1712 3840
4981 2 2 15 14 1780 1781 1782
4982 2 2 15 14 294 293 654
4983 2 2 15 14 929 930 931
4984 2 2 15 14 1459 3837 1460
4985 2 2 15 14 1653 1942 1943
4986 2 2 15 14 1340 3648 1563
4987 2 2 15 14 292 291 1411
4988 2 2 15 14 1714 3835 2643
4989 2 2 15 14 1958 2515 4167
4990 2 2 15 14 992 3943 1095
4991 2 2 15 14 1463 3837 3919
4992 2 2 15 14 919 3844 922
4993 2 2 15 14 290 289 660
4994 2 2 15 14 1508 1509 1510
4995 2 2 15 14 998 2366 1107
4996 2 2 15 14 288 287 1410
4997 2 2 15 14 1747 1771 1748
4998 2 2 15 14 3616 3618 3619
4999 2 2 15 14 192 662 193
5000 2 2 15 14 2245 2247 3836
5001 2 2 15 14 935 972 973
5002 2 2 15 14 286 285 667
5003 2 2 15 14 893 3993 1422
5004 2 2 15 14 2036 2039 2038
5005 2 2 15 14 1708 2072 2678
5006 2 2 15 14 284 283 1413
5007 2 2 15 14 328 327 592
5008 2 2 15 14 1479 1480 1481
5009 2 2 15 14 282 3852 283
5010 2 2 15 14 1712 2643 3840
5011 2 2 15 14 2057 3716 2058
5012 2 2 15 14 1588 1941 1653
5013 2 2 15 14 282 281 672
5014 2 2 15 14 2350 2759 2758
5015 2 2 15 14 280 3853 281
5016 2 2 15 14 1623 3838 1624
5017 2 2 15 14 2583 4010 2585
5018 2 2 15 14 1705 1707 1708
5019 2 2 15 14 280 279 1415
5020 2 2 15 14 863 935 3893
5021 2 2 15 14 278 3855 279
5022 2 2 15 14 1778 1779 1780
5023 2 2 15 14 927 928 929
5024 2 2 15 14 2011 2251 2250
5025 2 2 15 14 278 277 677
5026 2 2 15 14 1703 1704 1705
5027 2 2 15 14 2039 2041 2040
5028 2 2 15 14 2247 2686 3836
5029 2 2 15 14 276 275 1416
5030 2 2 15 14 2041 2043 2042
5031 2 2 15 14 1481 1505 1506
5032 2 2 15 14 2237 3897 2638
5033 2 2 15 14 2245 3836 3629
5034 2 2 15 14 274 3857 275
5035 2 2 15 14 2837 2838 2938
5036 2 2 15 14 274 273 680
5037 2 2 15 14 1147 3681 3891
5038 2 2 15 14 2231 2669 2668
5039 2 2 15 14 1429 1562 1614
5040 2 2 15 14 2145 2909 2795
5041 2 2 15 14 272 271 1418
5042 2 2 15 14 2610 2740 2741
5043 2 2 15 14 270 3859 271
5044 2 2 15 14 3529 3532 3531
5045 2 2 15 14 1421 2651 1927
5046 2 2 15 14 1459 1834 3837
5047 2 2 15 14 270 269 685
5048 2 2 15 14 2367 2552 2657
5049 2 2 15 14 268 3860 269
5050 2 2 15 14 268 267 1417
5051 2 2 15 14 873 2231 2230
5052 2 2 15 14 2351 2752 2412
5053 2 2 15 14 330 329 1414
5054 2 2 15 14 2316 2317 2318
5055 2 2 15 14 1776 1777 1778
5056 2 2 15 14 266 265 691
5057 2 2 15 14 903 918 904
5058 2 2 15 14 264 3863 265
5059 2 2 15 14 1794 2676 1798
5060 2 2 15 14 2931 2932 2979
5061 2 2 15 14 1588 1653 1652
5062 2 2 15 14 925 926 927
5063 2 2 15 14 1378 4022 3637
5064 2 2 15 14 264 263 1419
5065 2 2 15 14 2409 3466 3650
5066 2 2 15 14 262 3864 263
5067 2 2 15 14 1941 2471 1942
5068 2 2 15 14 1657 1658 1659
5069 2 2 15 14 1834 2641 3837
5070 2 2 15 14 2408 2410 2411
5071 2 2 15 14 262 261 697
5072 2 2 15 14 1563 3839 1837
5073 2 2 15 14 2232 3311 3310
5074 2 2 15 14 330 3861 331
5075 2 2 15 14 1942 2654 1943
5076 2 2 15 14 1331 4010 3951
5077 2 2 15 14 192 191 3851
5078 2 2 15 14 825 826 827
5079 2 2 15 14 3538 3955 4012
5080 2 2 15 14 260 259 1513
5081 2 2 15 14 258 3865 259
5082 2 2 15 14 2295 2296 2297
5083 2 2 15 14 1653 1941 1942
5084 2 2 15 14 923 924 925
5085 2 2 15 14 918 1718 3844
5086 2 2 15 14 258 257 706
5087 2 2 15 14 2267 2379 2378
5088 2 2 15 14 907 999 3922
5089 2 2 15 14 1898 3882 1900
5090 2 2 15 14 846 855 869
5091 2 2 15 14 769 817 3933
5092 2 2 15 14 1587 1588 1652
5093 2 2 15 14 762 3874 1306
5094 2 2 15 14 2297 2299 2300
5095 2 2 15 14 254 760 255
5096 2 2 15 14 920 993 2430
5097 2 2 15 14 2411 2469 2473
5098 2 2 15 14 901 903 902
5099 2 2 15 14 1524 2422 1800
5100 2 2 15 14 2324 2325 2326
5101 2 2 15 14 1718 1720 3850
5102 2 2 15 14 1510 1625 1626
5103 2 2 15 14 2142 2145 2143
5104 2 2 15 14 332 331 648
5105 2 2 15 14 1652 3848 2013
5106 2 2 15 14 252 251 717
5107 2 2 15 14 1623 2493 3838
5108 2 2 15 14 1652 1653 3848
5109 2 2 15 14 2741 2923 2931
5110 2 2 15 14 1331 4048 3557
5111 2 2 15 14 1774 1775 1776
5112 2 2 15 14 666 4015 3881
5113 2 2 15 14 921 922 923
5114 2 2 15 14 1697 2092 2142
5115 2 2 15 14 827 828 829
5116 2 2 15 14 334 333 1420
5117 2 2 15 14 2529 4078 4092
5118 2 2 15 14 1256 1258 3770
5119 2 2 15 14 248 761 249
5120 2 2 15 14 1825 2554 2553
5121 2 2 15 14 334 3868 335
5122 2 2 15 14 1745 1747 1746
5123 2 2 15 14 2166 2355 2354
5124 2 2 15 14 2092 2837 2142
5125 2 2 15 14 2170 2631 2898
5126 2 2 15 14 336 335 692
5127 2 2 15 14 1380 1381 1382
5128 2 2 15 14 246 245 744
5129 2 2 15 14 2236 3882 3665
5130 2 2 15 14 2493 3484 3838
5131 2 2 15 14 1151 4004 1153
5132 2 2 15 14 227 3876 936
5133 2 2 15 14 1653 1943 3848
5134 2 2 15 14 2277 2279 2278
5135 2 2 15 14 2444 2639 2640
5136 2 2 15 14 2257 2259 2368
5137 2 2 15 14 3622 4037 4057
5138 2 2 15 14 1188 1794 1234
5139 2 2 15 14 1258 1259 1260
5140 2 2 15 14 2012 2728 2729
5141 2 2 15 14 1584 1792 1586
5142 2 2 15 14 1903 1906 3930
5143 2 2 15 14 1622 1961 2367
5144 2 2 15 14 1711 2242 3900
5145 2 2 15 14 1697 2143 3872
5146 2 2 15 14 3422 3424 3423
5147 2 2 15 14 1803 2495 2497
5148 2 2 15 14 190 1412 191
5149 2 2 15 14 1171 1307 1172
5150 2 2 15 14 1005 1007 1006
5151 2 2 15 14 242 814 243
5152 2 2 15 14 240 239 803
5153 2 2 15 14 2261 2263 2375
5154 2 2 15 14 1709 3900 3681
5155 2 2 15 14 2265 2267 2378
5156 2 2 15 14 1382 3884 2688
5157 2 2 15 14 666 3881 676
5158 2 2 15 14 2147 2907 4195
5159 2 2 15 14 1307 1580 1308
5160 2 2 15 14 2450 2972 2626
5161 2 2 15 14 2028 2029 2030
5162 2 2 15 14 1695 2092 1697
5163 2 2 15 14 3193 3194 3196
5164 2 2 15 14 185 3927 1138
5165 2 2 15 14 1306 1647 1646
5166 2 2 15 14 238 3871 239
5167 2 2 15 14 1006 1120 1749
5168 2 2 15 14 1837 3839 3493
5169 2 2 15 14 2367 2657 4017
5170 2 2 15 14 1749 1750 1751
5171 2 2 15 14 1116 1146 1145
5172 2 2 15 14 1928 2528 1929
5173 2 2 15 14 1750 1754 1752
5174 2 2 15 14 2329 4246 2333
5175 2 2 15 14 1754 1756 1755
5176 2 2 15 14 1756 1967 1966
5177 2 2 15 14 1826 2551 2550
5178 2 2 15 14 1751 1752 1753
5179 2 2 15 14 1755 1966 1981
5180 2 2 15 14 2366 4080 4066
5181 2 2 15 14 974 1171 1089
5182 2 2 15 14 1428 3921 3854
5183 2 2 15 14 1772 1773 1774
5184 2 2 15 14 1955 2518 2548
5185 2 2 15 14 1340 1495 3648
5186 2 2 15 14 2554 2622 2621
5187 2 2 15 14 2353 2672 4016
5188 2 2 15 14 1469 3924 3847
5189 2 2 15 14 236 815 237
5190 2 2 15 14 1720 2253 3850
5191 2 2 15 14 1695 1696 3873
5192 2 2 15 14 1397 1399 1398
5193 2 2 15 14 1254 1255 1256
5194 2 2 15 14 2404 2409 3650
5195 2 2 15 14 1562 1695 1697
5196 2 2 15 14 1791 1956 1955
5197 2 2 15 14 1956 2519 2518
5198 2 2 15 14 648 3861 3862
5199 2 2 15 14 2629 3007 3952
5200 2 2 15 14 2758 2759 2921
5201 2 2 15 14 1276 1495 1340
5202 2 2 15 14 234 233 851
5203 2 2 15 14 1585 1586 1587
5204 2 2 15 14 2092 3873 2838
5205 2 2 15 14 2310 2311 2312
5206 2 2 15 14 2065 2168 2170
5207 2 2 15 14 1901 3930 2162
5208 2 2 15 14 2350 2758 2351
5209 2 2 15 14 2164 2166 2354
5210 2 2 15 14 2402 2403 2404
5211 2 2 15 14 999 3767 3922
5212 2 2 15 14 2459 2555 2506
5213 2 2 15 14 1192 1381 1380
5214 2 2 15 14 1939 2348 2349
5215 2 2 15 14 1260 1261 1262
5216 2 2 15 14 2349 2350 2351
5217 2 2 15 14 1226 1276 1227
5218 2 2 15 14 230 871 231
5219 2 2 15 14 2043 2045 2044
5220 2 2 15 14 1278 1280 1279
5221 2 2 15 14 1308 1582 1583
5222 2 2 15 14 1927 2651 3726
5223 2 2 15 14 931 933 1425
5224 2 2 15 14 1292 2348 1939
5225 2 2 15 14 899 901 900
5226 2 2 15 14 1012 4009 1014
5227 2 2 15 14 1052 2277 1925
5228 2 2 15 14 2357 2362 3360
5229 2 2 15 14 1009 1011 1426
5230 2 2 15 14 2378 2379 3401
5231 2 2 15 14 1679 2010 1680
5232 2 2 15 14 983 1005 1006
5233 2 2 15 14 2622 2690 2689
5234 2 2 15 14 1329 1760 1758
5235 2 2 15 14 954 976 995
5236 2 2 15 14 2364 2369 3329
5237 2 2 15 14 1013 1015 1121
5238 2 2 15 14 1583 1584 1585
5239 2 2 15 14 1017 1019 1427
5240 2 2 15 14 1256 1257 1258
5241 2 2 15 14 676 1726 681
5242 2 2 15 14 228 227 936
5243 2 2 15 14 1967 1969 2526
5244 2 2 15 14 1971 1973 2527
5245 2 2 15 14 904 918 919
5246 2 2 15 14 2464 2675 2465
5247 2 2 15 14 1760 1827 1818
5248 2 2 15 14 2030 2031 2032
5249 2 2 15 14 1586 1588 1587
5250 2 2 15 14 1262 1269 1292
5251 2 2 15 14 1975 1977 2533
5252 2 2 15 14 1030 1101 1122
5253 2 2 15 14 1718 3850 3844
5254 2 2 15 14 674 721 720
5255 2 2 15 14 1709 1711 3900
5256 2 2 15 14 1827 2582 2546
5257 2 2 15 14 1261 1428 1269
5258 2 2 15 14 3389 3390 3391
5259 2 2 15 14 690 729 703
5260 2 2 15 14 1979 1982 2534
5261 2 2 15 14 283 3852 1413
5262 2 2 15 14 918 3844 919
5263 2 2 15 14 282 672 3852
5264 2 2 15 14 1113 1116 1145
5265 2 2 15 14 2348 2350 2349
5266 2 2 15 14 1984 1986 2535
5267 2 2 15 14 281 3853 672
5268 2 2 15 14 224 980 225
5269 2 2 15 14 927 929 994
5270 2 2 15 14 2242 2271 3467
5271 2 2 15 14 1259 1261 1260
5272 2 2 15 14 2788 2789 2790
5273 2 2 15 14 830 833 832
5274 2 2 15 14 280 1415 3853
5275 2 2 15 14 1786 1791 1955
5276 2 2 15 14 1988 2382 2536
5277 2 2 15 14 1757 1758 1759
5278 2 2 15 14 1818 2546 2547
5279 2 2 15 14 2273 2275 2645
5280 2 2 15 14 1429 1561 1562
5281 2 2 15 14 279 3855 1415
5282 2 2 15 14 1928 2529 2528
5283 2 2 15 14 995 3961 4016
5284 2 2 15 14 993 2660 2430
5285 2 2 15 14 278 677 3855
5286 2 2 15 14 3769 3772 4020
5287 2 2 15 14 2638 3883 3511
5288 2 2 15 14 2384 2387 2537
5289 2 2 15 14 1460 1462 1461
5290 2 2 15 14 1279 1329 1757
5291 2 2 15 14 2354 2355 3400
5292 2 2 15 14 3207 3208 3210
5293 2 2 15 14 920 2430 3935
5294 2 2 15 14 1146 1148 1189
5295 2 2 15 14 1045 1047 3918
5296 2 2 15 14 338 910 339
5297 2 2 15 14 1748 1771 1772
5298 2 2 15 14 188 699 189
5299 2 2 15 14 1150 1152 1430
5300 2 2 15 14 676 3881 1726
5301 2 2 15 14 1308 1580 1582
5302 2 2 15 14 1872 2380 4093
5303 2 2 15 14 1906 2628 3930
5304 2 2 15 14 3386 3388 3389
5305 2 2 15 14 2389 2391 2538
5306 2 2 15 14 1561 1695 1562
5307 2 2 15 14 2616 2761 2762
5308 2 2 15 14 1095 3943 1188
5309 2 2 15 14 275 3857 1416
5310 2 2 15 14 1428 1561 1429
5311 2 2 15 14 1633 2352 1821
5312 2 2 15 14 643 3969 762
5313 2 2 15 14 1006 1007 1120
5314 2 2 15 14 1782 1784 1954
5315 2 2 15 14 1120 1750 1749
5316 2 2 15 14 274 680 3857
5317 2 2 15 14 1172 1307 1308
5318 2 2 15 14 1615 1929 3915
5319 2 2 15 14 1584 1586 1585
5320 2 2 15 14 1752 1754 1755
5321 2 2 15 14 1750 1752 1751
5322 2 2 15 14 1563 3648 3839
5323 2 2 15 14 1261 1269 1262
5324 2 2 15 14 1966 2522 1981
5325 2 2 15 14 1154 1156 1190
5326 2 2 15 14 1755 1756 1966
5327 2 2 15 14 902 903 904
5328 2 2 15 14 2393 2395 2543
5329 2 2 15 14 1421 3910 2651
5330 2 2 15 14 2231 3929 2670
5331 2 2 15 14 2314 2315 2316
5332 2 2 15 14 923 925 1431
5333 2 2 15 14 2415 2459 2506
5334 2 2 15 14 192 3851 662
5335 2 2 15 14 1168 1207 1233
5336 2 2 15 14 2422 3870 2424
5337 2 2 15 14 1743 1745 1744
5338 2 2 15 14 935 973 3893
5339 2 2 15 14 271 3859 1418
5340 2 2 15 14 908 3830 998
5341 2 2 15 14 2528 2529 2853
5342 2 2 15 14 867 3725 1433
5343 2 2 15 14 270 685 3859
5344 2 2 15 14 2312 2313 2314
5345 2 2 15 14 3577 3585 3583
5346 2 2 15 14 1089 1171 1172
5347 2 2 15 14 269 3860 685
5348 2 2 15 14 1955 1956 2518
5349 2 2 15 14 818 1027 914
5350 2 2 15 14 844 845 846
5351 2 2 15 14 1269 1428 1429
5352 2 2 15 14 1274 1594 1593
5353 2 2 15 14 1082 1204 1203
5354 2 2 15 14 833 908 907
5355 2 2 15 14 1125 1250 1249
5356 2 2 15 14 268 1417 3860
5357 2 2 15 14 1181 1182 1183
5358 2 2 15 14 2521 2739 2628
5359 2 2 15 14 184 3927 185
5360 2 2 15 14 1218 1278 1279
5361 2 2 15 14 1615 1927 1928
5362 2 2 15 14 1257 1259 1258
5363 2 2 15 14 2055 2057 2056
5364 2 2 15 14 2242 3467 3900
5365 2 2 15 14 1761 1821 1835
5366 2 2 15 14 2832 2834 3413
5367 2 2 15 14 2053 2055 2054
5368 2 2 15 14 1695 3873 2092
5369 2 2 15 14 1164 1274 1273
5370 2 2 15 14 1120 3886 3841
5371 2 2 15 14 1461 1633 1761
5372 2 2 15 14 719 734 735
5373 2 2 15 14 1778 1780 1953
5374 2 2 15 14 1095 1187 1186
5375 2 2 15 14 735 749 750
5376 2 2 15 14 1280 1282 3880
5377 2 2 15 14 992 1095 1093
5378 2 2 15 14 1582 1584 1583
5379 2 2 15 14 750 806 807
5380 2 2 15 14 807 841 842
5381 2 2 15 14 265 3863 691
5382 2 2 15 14 917 992 984
5383 2 2 15 14 1165 1255 1254
5384 2 2 15 14 264 1419 3863
5385 2 2 15 14 2584 2586 2734
5386 2 2 15 14 1252 1474 1253
5387 2 2 15 14 1090 2637 2361
5388 2 2 15 14 330 1414 3861
5389 2 2 15 14 263 3864 1419
5390 2 2 15 14 1088 1089 1192
5391 2 2 15 14 2326 2327 2328
5392 2 2 15 14 855 917 869
5393 2 2 15 14 1482 3955 1893
5394 2 2 15 14 882 4065 1369
5395 2 2 15 14 1204 1245 1244
5396 2 2 15 14 1284 1286 1331
5397 2 2 15 14 1588 3890 1941
5398 2 2 15 14 2045 2047 2046
5399 2 2 15 14 262 697 3864
5400 2 2 15 14 1624 1635 1634
5401 2 2 15 14 919 921 920
5402 2 2 15 14 2422 2424 2423
5403 2 2 15 14 900 901 902
5404 2 2 15 14 1506 1509 1508
5405 2 2 15 14 2057 3584 3716
5406 2 2 15 14 721 723 722
5407 2 2 15 14 2279 2281 2280
5408 2 2 15 14 1421 1927 1615
5409 2 2 15 14 1192 1421 1381
5410 2 2 15 14 2047 2049 2048
5411 2 2 15 14 2591 2593 2735
5412 2 2 15 14 2058 2068 2064
5413 2 2 15 14 1746 1747 1748
5414 2 2 15 14 2236 3665 3664
5415 2 2 15 14 1381 1421 1615
5416 2 2 15 14 1936 2460 1937
5417 2 2 15 14 1290 1303 1332
5418 2 2 15 14 259 3865 1513
5419 2 2 15 14 1659 1704 1703
5420 2 2 15 14 1228 1238 4204
5421 2 2 15 14 3420 3422 3423
5422 2 2 15 14 856 2276 950
5423 2 2 15 14 258 706 3865
5424 2 2 15 14 677 3856 3855
5425 2 2 15 14 2506 2555 2730
5426 2 2 15 14 1257 1301 1259
5427 2 2 15 14 897 899 898
5428 2 2 15 14 331 3861 648
5429 2 2 15 14 2198 4416 3363
5430 2 2 15 14 1245 1650 1492
5431 2 2 15 14 712 718 719
5432 2 2 15 14 1429 1614 3903
5433 2 2 15 14 1108 1164 1165
5434 2 2 15 14 1311 1460 1461
5435 2 2 15 14 1626 1658 1657
5436 2 2 15 14 729 731 730
5437 2 2 15 14 1022 1035 1036
5438 2 2 15 14 1451 3778 3776
5439 2 2 15 14 708 711 712
5440 2 2 15 14 772 854 774
5441 2 2 15 14 1107 2366 3920
5442 2 2 15 14 1464 1466 1628
5443 2 2 15 14 1381 3915 1382
5444 2 2 15 14 2072 2679 2678
5445 2 2 15 14 1477 1480 1479
5446 2 2 15 14 1279 1280 1329
5447 2 2 15 14 904 919 920
5448 2 2 15 14 1758 1760 1818
5449 2 2 15 14 2552 2658 2657
5450 2 2 15 14 999 1107 1108
5451 2 2 15 14 2049 2051 2050
5452 2 2 15 14 900 902 1432
5453 2 2 15 14 1774 1776 1952
5454 2 2 15 14 1586 1792 3890
5455 2 2 15 14 2546 2731 2547
5456 2 2 15 14 1007 1009 3886
5457 2 2 15 14 1707 2072 1708
5458 2 2 15 14 1913 1915 2015
5459 2 2 15 14 920 921 993
5460 2 2 15 14 1704 1707 1705
5461 2 2 15 14 1818 1827 2546
5462 2 2 15 14 1901 1903 3930
5463 2 2 15 14 978 983 3887
5464 2 2 15 14 1329 1758 1757
5465 2 2 15 14 2011 3953 2251
5466 2 2 15 14 1376 4139 4105
5467 2 2 15 14 1255 1257 1256
5468 2 2 15 14 817 1727 3933
5469 2 2 15 14 2051 2053 2052
5470 2 2 15 14 1918 2464 2465
5471 2 2 15 14 3737 3741 3740
5472 2 2 15 14 1969 1971 3892
5473 2 2 15 14 1470 1472 1629
5474 2 2 15 14 907 998 999
5475 2 2 15 14 1110 4029 1112
5476 2 2 15 14 3497 3905 3498
5477 2 2 15 14 1234 1794 1798
5478 2 2 15 14 334 1420 3868
5479 2 2 15 14 1825 3964 2554
5480 2 2 15 14 191 1412 3851
5481 2 2 15 14 2032 2033 2034
5482 2 2 15 14 1474 1622 1475
5483 2 2 15 14 3782 3951 4010
5484 2 2 15 14 1973 1975 3894
5485 2 2 15 14 3457 3459 3465
5486 2 2 15 14 933 954 3888
5487 2 2 15 14 2328 2329 2330
5488 2 2 15 14 1250 1252 1251
5489 2 2 15 14 335 3868 692
5490 2 2 15 14 1183 1184 1185
5491 2 2 15 14 1509 1625 1510
5492 2 2 15 14 2553 2554 2621
5493 2 2 15 14 1977 1979 3895
5494 2 2 15 14 1906 2521 2628
5495 2 2 15 14 1504 1522 1630
5496 2 2 15 14 3235 3396 3236
5497 2 2 15 14 2281 2283 2282
5498 2 2 15 14 1480 1505 1481
5499 2 2 15 14 1982 1984 3896
5500 2 2 15 14 974 1089 1088
5501 2 2 15 14 882 1369 884
5502 2 2 15 14 1426 4037 3622
5503 2 2 15 14 921 923 3901
5504 2 2 15 14 1986 1988 3898
5505 2 2 15 14 906 940 4271
5506 2 2 15 14 1382 3915 3884
5507 2 2 15 14 737 769 738
5508 2 2 15 14 727 737 728
5509 2 2 15 14 1461 1462 1633
5510 2 2 15 14 701 707 708
5511 2 2 15 14 2253 2254 3987
5512 2 2 15 14 1821 2525 1835
5513 2 2 15 14 842 845 844
5514 2 2 15 14 2382 2384 3899
5515 2 2 15 14 725 727 726
5516 2 2 15 14 723 725 724
5517 2 2 15 14 3566 3718 3570
5518 2 2 15 14 1633 3923 2352
5519 2 2 15 14 688 700 701
5520 2 2 15 14 887 1090 889
5521 2 2 15 14 1961 2552 2367
5522 2 2 15 14 1586 3890 1588
5523 2 2 15 14 1649 3489 3490
5524 2 2 15 14 2230 2231 2668
5525 2 2 15 14 792 4045 3506
5526 2 2 15 14 1179 1180 1181
5527 2 2 15 14 630 632 1377
5528 2 2 15 14 2387 2389 3902
5529 2 2 15 14 1633 1821 1761
5530 2 2 15 14 1381 1615 3915
5531 2 2 15 14 1007 3886 1120
5532 2 2 15 14 1399 1401 1400
5533 2 2 15 14 2634 3052 3148
5534 2 2 15 14 2238 2639 2444
5535 2 2 15 14 1609 1624 1634
5536 2 2 15 14 1784 1786 3904
5537 2 2 15 14 1635 1637 2074
5538 2 2 15 14 822 856 861
5539 2 2 15 14 2391 2393 3906
5540 2 2 15 14 937 3944 3563
5541 2 2 15 14 1006 1749 3887
5542 2 2 15 14 1492 1650 1651
5543 2 2 15 14 2621 2622 2689
5544 2 2 15 14 2550 2551 2723
5545 2 2 15 14 239 3871 803
5546 2 2 15 14 3347 4043 4154
5547 2 2 15 14 898 899 900
5548 2 2 15 14 638 640 1424
5549 2 2 15 14 829 830 832
5550 2 2 15 14 1955 2548 3904
5551 2 2 15 14 3060 3235 3236
5552 2 2 15 14 1234 1798 2359
5553 2 2 15 14 3584 3587 3716
5554 2 2 15 14 2395 2415 3907
5555 2 2 15 14 845 855 846
5556 2 2 15 14 3584 3586 3587
5557 2 2 15 14 1967 2526 3908
5558 2 2 15 14 1329 3880 1760
5559 2 2 15 14 1292 3903 2348
5560 2 2 15 14 1244 1492 1613
5561 2 2 15 14 1269 3903 1292
5562 2 2 15 14 1744 1745 1746
5563 2 2 15 14 3785 3961 3887
5564 2 2 15 14 894 896 3942
5565 2 2 15 14 1524 4189 2422
5566 2 2 15 14 1966 1967 3908
5567 2 2 15 14 1748 1772 1951
5568 2 2 15 14 845 3925 855
5569 2 2 15 14 1752 3909 1753
5570 2 2 15 14 1273 1593 1762
5571 2 2 15 14 1755 1981 3909
5572 2 2 15 14 1016 4040 1018
5573 2 2 15 14 1273 1274 1593
5574 2 2 15 14 1572 1880 1801
5575 2 2 15 14 1269 1429 3903
5576 2 2 15 14 1741 1743 1742
5577 2 2 15 14 1203 1204 1244
5578 2 2 15 14 895 897 896
5579 2 2 15 14 972 974 1088
5580 2 2 15 14 1009 1426 3886
5581 2 2 15 14 1280 3880 1329
5582 2 2 15 14 933 3888 1425
5583 2 2 15 14 1039 1041 1423
5584 2 2 15 14 855 969 917
5585 2 2 15 14 1109 4074 3612
5586 2 2 15 14 642 644 646
5587 2 2 15 14 340 1456 341
5588 2 2 15 14 1780 1782 3912
5589 2 2 15 14 1593 1594 1838
5590 2 2 15 14 1203 1244 3932
5591 2 2 15 14 2253 3987 3866
5592 2 2 15 14 983 1006 3887
5593 2 2 15 14 2376 4057 3549
5594 2 2 15 14 1216 1218 3911
5595 2 2 15 14 1658 3937 1659
5596 2 2 15 14 954 995 3888
5597 2 2 15 14 3768 3983 3922
5598 2 2 15 14 1969 3892 2526
5599 2 2 15 14 1095 1188 1187
5600 2 2 15 14 1401 1572 1402
5601 2 2 15 14 2686 2832 3914
5602 2 2 15 14 1736 1741 1740
5603 2 2 15 14 861 950 989
5604 2 2 15 14 673 679 1764
5605 2 2 15 14 1971 2527 3892
5606 2 2 15 14 1164 1273 1165
5607 2 2 15 14 921 3901 993
5608 2 2 15 14 832 833 907
5609 2 2 15 14 907 908 998
5610 2 2 15 14 925 927 3913
5611 2 2 15 14 1107 1164 1108
5612 2 2 15 14 2350 3984 2759
5613 2 2 15 14 1925 2277 2278
5614 2 2 15 14 1187 1188 1226
5615 2 2 15 14 986 3986 3830
5616 2 2 15 14 1973 3894 2527
5617 2 2 15 14 998 1107 999
5618 2 2 15 14 1474 1825 1622
5619 2 2 15 14 1975 2533 3894
5620 2 2 15 14 2359 2360 2374
5621 2 2 15 14 634 636 649
5622 2 2 15 14 1129 4123 1271
5623 2 2 15 14 2015 2016 2757
5624 2 2 15 14 1977 3895 2533
5625 2 2 15 14 1657 1702 4055
5626 2 2 15 14 1704 1935 1707
5627 2 2 15 14 2639 3537 2640
5628 2 2 15 14 1979 2534 3895
5629 2 2 15 14 1495 1621 1679
5630 2 2 15 14 3782 3880 3951
5631 2 2 15 14 2072 2704 2679
5632 2 2 15 14 1798 2360 2359
5633 2 2 15 14 1982 3896 2534
5634 2 2 15 14 2374 2523 2598
5635 2 2 15 14 2034 2035 2036
5636 2 2 15 14 811 823 822
5637 2 2 15 14 806 841 807
5638 2 2 15 14 768 811 810
5639 2 2 15 14 1625 3947 1626
5640 2 2 15 14 749 806 750
5641 2 2 15 14 1984 2535 3896
5642 2 2 15 14 734 749 735
5643 2 2 15 14 1267 1268 1272
5644 2 2 15 14 1282 1284 3951
5645 2 2 15 14 989 1082 1125
5646 2 2 15 14 893 895 894
5647 2 2 15 14 1825 2553 1961
5648 2 2 15 14 1986 3898 2535
5649 2 2 15 14 746 768 767
5650 2 2 15 14 806 873 841
5651 2 2 15 14 1988 2536 3898
5652 2 2 15 14 1659 3937 1704
5653 2 2 15 14 827 829 831
5654 2 2 15 14 1188 3943 1794
5655 2 2 15 14 1244 1245 1492
5656 2 2 15 14 2382 3899 2536
5657 2 2 15 14 1188 1234 1226
5658 2 2 15 14 823 825 3889
5659 2 2 15 14 1786 1955 3904
5660 2 2 15 14 2384 2537 3899
5661 2 2 15 14 1505 3945 1506
5662 2 2 15 14 896 897 898
5663 2 2 15 14 831 3775 4095
5664 2 2 15 14 1426 4005 3886
5665 2 2 15 14 856 950 861
5666 2 2 15 14 2387 3902 2537
5667 2 2 15 14 2686 3914 3836
5668 2 2 15 14 2095 3973 3835
5669 2 2 15 14 1506 3945 1509
5670 2 2 15 14 923 1431 3901
5671 2 2 15 14 745 767 812
5672 2 2 15 14 703 729 730
5673 2 2 15 14 2168 2631 2170
5674 2 2 15 14 1305 1311 3928
5675 2 2 15 14 948 3998 3507
5676 2 2 15 14 2360 2523 2374
5677 2 2 15 14 1784 3904 1954
5678 2 2 15 14 718 734 719
5679 2 2 15 14 1462 1464 3923
5680 2 2 15 14 896 898 916
5681 2 2 15 14 1966 3908 2522
5682 2 2 15 14 2389 2538 3902
5683 2 2 15 14 1752 1755 3909
5684 2 2 15 14 1776 1778 3926
5685 2 2 15 14 731 733 732
5686 2 2 15 14 2063 3577 3583
5687 2 2 15 14 927 994 3913
5688 2 2 15 14 3785 4016 3961
5689 2 2 15 14 2391 3906 2538
5690 2 2 15 14 1250 1511 1252
5691 2 2 15 14 1276 1621 1495
5692 2 2 15 14 1509 1826 1625
5693 2 2 15 14 2015 2757 2799
5694 2 2 15 14 2010 3953 2011
5695 2 2 15 14 733 746 745
5696 2 2 15 14 2393 2543 3906
5697 2 2 15 14 2056 2057 2058
5698 2 2 15 14 2368 4022 3987
5699 2 2 15 14 3489 4142 4156
5700 2 2 15 14 950 1082 989
5701 2 2 15 14 2348 3903 3984
5702 2 2 15 14 2012 2729 3947
5703 2 2 15 14 2395 3907 2543
5704 2 2 15 14 1614 3984 3903
5705 2 2 15 14 1089 3910 1192
5706 2 2 15 14 1622 1825 1961
5707 2 2 15 14 925 3913 1431
5708 2 2 15 14 1082 1203 1125
5709 2 2 15 14 2361 2637 3241
5710 2 2 15 14 1782 1954 3912
5711 2 2 15 14 778 874 780
5712 2 2 15 14 1758 3931 1759
5713 2 2 15 14 2415 2506 3907
5714 2 2 15 14 2054 2055 2056
5715 2 2 15 14 1164 3920 1274
5716 2 2 15 14 1279 1757 3911
5717 2 2 15 14 3040 3041 3042
5718 2 2 15 14 2330 2333 2334
5719 2 2 15 14 890 893 892
5720 2 2 15 14 718 748 734
5721 2 2 15 14 822 823 856
5722 2 2 15 14 2677 3943 3996
5723 2 2 15 14 2375 4097 3613
5724 2 2 15 14 1818 2547 3931
5725 2 2 15 14 976 3961 995
5726 2 2 15 14 1415 3855 3934
5727 2 2 15 14 1625 1826 2012
5728 2 2 15 14 1089 1172 3910
5729 2 2 15 14 1259 3921 1261
5730 2 2 15 14 1236 1246 1247
5731 2 2 15 14 2278 2279 2280
5732 2 2 15 14 976 978 3961
5733 2 2 15 14 1192 3910 1421
5734 2 2 15 14 1621 2071 1679
5735 2 2 15 14 1185 1211 1212
5736 2 2 15 14 2042 2043 2044
5737 2 2 15 14 1043 1045 1106
5738 2 2 15 14 711 718 712
5739 2 2 15 14 1283 1532 3977
5740 2 2 15 14 1780 3912 1953
5741 2 2 15 14 2164 2354 3973
5742 2 2 15 14 2012 2550 2728
5743 2 2 15 14 821 835 836
5744 2 2 15 14 1218 1279 3911
5745 2 2 15 14 873 2230 1793
5746 2 2 15 14 856 3889 2276
5747 2 2 15 14 707 711 708
5748 2 2 15 14 1826 2550 2012
5749 2 2 15 14 948 974 972
5750 2 2 15 14 1731 1732 1733
5751 2 2 15 14 2040 2041 2042
5752 2 2 15 14 2257 2368 3987
5753 2 2 15 14 1826 3945 2551
5754 2 2 15 14 663 664 674
5755 2 2 15 14 315 3703 3976
5756 2 2 15 14 1742 1743 1744
5757 2 2 15 14 863 914 935
5758 2 2 15 14 1261 3921 1428
5759 2 2 15 14 3855 3856 3934
5760 2 2 15 14 935 948 972
5761 2 2 15 14 2832 3413 3914
5762 2 2 15 14 1462 3923 1633
5763 2 2 15 14 1744 1746 1950
5764 2 2 15 14 1911 3988 2150
5765 2 2 15 14 1162 3035 2636
5766 2 2 15 14 1282 3951 3880
5767 2 2 15 14 659 666 664
5768 2 2 15 14 914 948 935
5769 2 2 15 14 2052 2053 2054
5770 2 2 15 14 2095 2164 3973
5771 2 2 15 14 1626 3947 1658
5772 2 2 15 14 2652 3992 3911
5773 2 2 15 14 2291 2293 2302
5774 2 2 15 14 730 731 732
5775 2 2 15 14 894 895 896
5776 2 2 15 14 1036 1037 1052
5777 2 2 15 14 1778 1953 3926
5778 2 2 15 14 1284 1331 3951
5779 2 2 15 14 3563 3944 3566
5780 2 2 15 14 2639 3538 3537
5781 2 2 15 14 978 3887 3961
5782 2 2 15 14 2334 2335 2336
5783 2 2 15 14 1479 1481 4012
5784 2 2 15 14 631 947 633
5785 2 2 15 14 2285 2287 2301
5786 2 2 15 14 769 792 817
5787 2 2 15 14 818 914 863
5788 2 2 15 14 1553 1555 1554
5789 2 2 15 14 707 2661 711
5790 2 2 15 14 841 873 1793
5791 2 2 15 14 1259 1301 3921
5792 2 2 15 14 817 818 863
5793 2 2 15 14 342 341 3958
5794 2 2 15 14 2303 2566 2849
5795 2 2 15 14 690 3950 729
5796 2 2 15 14 3497 4087 3905
5797 2 2 15 14 2271 3979 3467
5798 2 2 15 14 880 881 4111
5799 2 2 15 14 1461 1761 3928
5800 2 2 15 14 2217 2982 2498
5801 2 2 15 14 737 792 769
5802 2 2 15 14 2273 2645 3979
5803 2 2 15 14 1157 4070 1167
5804 2 2 15 14 1244 1613 3932
5805 2 2 15 14 2271 2273 3979
5806 2 2 15 14 762 3969 3874
5807 2 2 15 14 681 1726 3950
5808 2 2 15 14 810 811 822
5809 2 2 15 14 784 868 786
5810 2 2 15 14 767 768 810
5811 2 2 15 14 3841 3886 4005
5812 2 2 15 14 2280 2281 2282
5813 2 2 15 14 2056 2058 2059
5814 2 2 15 14 888 890 891
5815 2 2 15 14 1212 1235 1236
5816 2 2 15 14 823 3889 856
5817 2 2 15 14 745 746 767
5818 2 2 15 14 1758 1818 3931
5819 2 2 15 14 1060 1062 1061
5820 2 2 15 14 1776 3926 1952
5821 2 2 15 14 1772 1774 3941
5822 2 2 15 14 1768 1769 1884
5823 2 2 15 14 1464 1628 3923
5824 2 2 15 14 2336 2337 2338
5825 2 2 15 14 3638 4064 4074
5826 2 2 15 14 1029 4069 1100
5827 2 2 15 14 1326 1327 1328
5828 2 2 15 14 855 3925 969
5829 2 2 15 14 2431 4183 4209
5830 2 2 15 14 666 676 673
5831 2 2 15 14 2796 4019 3872
5832 2 2 15 14 1475 1622 3936
5833 2 2 15 14 646 647 651
5834 2 2 15 14 1311 1461 3928
5835 2 2 15 14 1594 1649 3940
5836 2 2 15 14 700 707 701
5837 2 2 15 14 2048 2049 2050
5838 2 2 15 14 1475 3936 1477
5839 2 2 15 14 2448 2449 2452
5840 2 2 15 14 2046 2047 2048
5841 2 2 15 14 2044 2045 2046
5842 2 2 15 14 2066 2169 2168
5843 2 2 15 14 2406 2408 2407
5844 2 2 15 14 902 904 3935
5845 2 2 15 14 792 818 817
5846 2 2 15 14 892 893 894
5847 2 2 15 14 891 892 934
5848 2 2 15 14 676 681 679
5849 2 2 15 14 681 690 688
5850 2 2 15 14 2050 2051 2052
5851 2 2 15 14 1247 1321 1322
5852 2 2 15 14 2451 3039 3040
5853 2 2 15 14 725 1763 727
5854 2 2 15 14 690 703 700
5855 2 2 15 14 2251 3953 2811
5856 2 2 15 14 889 1090 2361
5857 2 2 15 14 688 690 700
5858 2 2 15 14 2052 2054 2060
5859 2 2 15 14 1189 4160 4199
5860 2 2 15 14 184 183 2189
5861 2 2 15 14 651 652 658
5862 2 2 15 14 2280 2282 2298
5863 2 2 15 14 658 659 663
5864 2 2 15 14 2653 4001 3928
5865 2 2 15 14 902 3935 1432
5866 2 2 15 14 1924 1925 2650
5867 2 2 15 14 2038 2039 2040
5868 2 2 15 14 2251 2811 2810
5869 2 2 15 14 1082 3948 1204
5870 2 2 15 14 679 681 688
5871 2 2 15 14 1594 3940 1838
5872 2 2 15 14 1704 3937 1935
5873 2 2 15 14 1036 1052 1924
5874 2 2 15 14 2626 2972 3036
5875 2 2 15 14 1694 1926 1936
5876 2 2 15 14 732 733 745
5877 2 2 15 14 845 3966 3925
5878 2 2 15 14 2638 4218 3883
5879 2 2 15 14 1732 1932 1734
5880 2 2 15 14 1308 1583 4002
5881 2 2 15 14 950 2276 3948
5882 2 2 15 14 1207 3992 1233
5883 2 2 15 14 780 874 3885
5884 2 2 15 14 1336 1493 1494
5885 2 2 15 14 904 920 3935
5886 2 2 15 14 1226 3956 1276
5887 2 2 15 14 721 1223 723
5888 2 2 15 14 3 3355 423
5889 2 2 15 14 1107 3920 1164
5890 2 2 15 14 673 676 679
5891 2 2 15 14 1774 1952 3941
5892 2 2 15 14 703 730 1434
5893 2 2 15 14 2554 3975 2622
5894 2 2 15 14 2254 2257 3987
5895 2 2 15 14 2219 3239 3238
5896 2 2 15 14 896 916 3942
5897 2 2 15 14 2059 2064 2065
5898 2 2 15 14 1509 3945 1826
5899 2 2 15 14 2065 2066 2168
5900 2 2 15 14 2058 2064 2059
5901 2 2 15 14 642 643 644
5902 2 2 15 14 1234 2359 3956
5903 2 2 15 14 2404 2406 2405
5904 2 2 15 14 1550 1551 1552
5905 2 2 15 14 1587 1654 4042
5906 2 2 15 14 1911 1913 3988
5907 2 2 15 14 2064 2066 2065
5908 2 2 15 14 1049 1051 1105
5909 2 2 15 14 1625 2012 3947
5910 2 2 15 14 1345 1691 1692
5911 2 2 15 14 1936 2470 2460
5912 2 2 15 14 1207 1216 3992
5913 2 2 15 14 2348 3984 2350
5914 2 2 15 14 3105 3108 3109
5915 2 2 15 14 1374 3536 4079
5916 2 2 15 14 1679 3939 2010
5917 2 2 15 14 1958 2514 2515
5918 2 2 15 14 190 4099 1412
5919 2 2 15 14 1740 1741 1742
5920 2 2 15 14 2385 4098 3544
5921 2 2 15 14 664 666 673
5922 2 2 15 14 1477 3936 1480
5923 2 2 15 14 1052 1925 1924
5924 2 2 15 14 2590 4085 2592
5925 2 2 15 14 643 762 645
5926 2 2 15 14 1226 1234 3956
5927 2 2 15 14 2338 2339 2340
5928 2 2 15 14 842 3966 845
5929 2 2 15 14 1583 4036 4002
5930 2 2 15 14 2446 2447 2448
5931 2 2 15 14 2282 2283 2331
5932 2 2 15 14 3566 3944 3718
5933 2 2 15 14 1913 2015 3988
5934 2 2 15 14 632 633 634
5935 2 2 15 14 2046 2048 2067
5936 2 2 15 14 841 3966 842
5937 2 2 15 14 1125 3970 1250
5938 2 2 15 14 1772 3941 1951
5939 2 2 15 14 1693 2632 1926
5940 2 2 15 14 1649 3490 3940
5941 2 2 15 14 659 664 663
5942 2 2 15 14 652 659 658
5943 2 2 15 14 647 652 651
5944 2 2 15 14 1935 3937 3938
5945 2 2 15 14 342 2742 343
5946 2 2 15 14 1216 3911 3992
5947 2 2 15 14 1542 1543 1544
5948 2 2 15 14 1151 1309 4004
5949 2 2 15 14 644 647 646
5950 2 2 15 14 1328 1333 1334
5951 2 2 15 14 3203 3204 3205
5952 2 2 15 14 900 1432 3957
5953 2 2 15 14 1303 4001 1332
5954 2 2 15 14 2651 3910 4002
5955 2 2 15 14 2015 2799 3988
5956 2 2 15 14 1893 3955 2238
5957 2 2 15 14 640 641 642
5958 2 2 15 14 914 1027 3998
5959 2 2 15 14 3866 3987 4022
5960 2 2 15 14 2018 2020 2624
5961 2 2 15 14 634 635 636
5962 2 2 15 14 638 639 640
5963 2 2 15 14 2162 3930 3980
5964 2 2 15 14 2786 2787 2788
5965 2 2 15 14 2408 2411 2466
5966 2 2 15 14 1488 1597 1596
5967 2 2 15 14 636 637 638
5968 2 2 15 14 1334 1335 1336
5969 2 2 15 14 890 892 891
5970 2 2 15 14 1125 1203 3970
5971 2 2 15 14 2355 4030 3400
5972 2 2 15 14 2239 2444 4264
5973 2 2 15 14 3426 3428 3427
5974 2 2 15 14 1203 3932 3970
5975 2 2 15 14 189 699 4099
5976 2 2 15 14 630 631 632
5977 2 2 15 14 1679 2071 3939
5978 2 2 15 14 898 900 3957
5979 2 2 15 14 2300 2304 2303
5980 2 2 15 14 643 645 644
5981 2 2 15 14 1303 1305 4001
5982 2 2 15 14 950 3948 1082
5983 2 2 15 14 2405 2407 2629
5984 2 2 15 14 2404 3650 2406
5985 2 2 15 14 2368 4064 3638
5986 2 2 15 14 1692 1693 1694
5987 2 2 15 14 1012 1374 4009
5988 2 2 15 14 647 2377 652
5989 2 2 15 14 1733 1734 1735
5990 2 2 15 14 1746 1748 3962
5991 2 2 15 14 917 3996 992
5992 2 2 15 14 1425 4253 4249
5993 2 2 15 14 1544 1545 1546
5994 2 2 15 14 2681 2693 2683
5995 2 2 15 14 2444 2640 4278
5996 2 2 15 14 1492 3959 1613
5997 2 2 15 14 631 3965 947
5998 2 2 15 14 2628 3980 3930
5999 2 2 15 14 1324 1325 1326
6000 2 2 15 14 2357 3360 4030
6001 2 2 15 14 2691 3975 4091
6002 2 2 15 14 1492 1651 3959
6003 2 2 15 14 2400 2402 2401
6004 2 2 15 14 1740 1742 1949
6005 2 2 15 14 629 3965 631
6006 2 2 15 14 2297 2300 2303
6007 2 2 15 14 2834 4018 3413
6008 2 2 15 14 1474 3964 1825
6009 2 2 15 14 2650 4066 4080
6010 2 2 15 14 1172 4002 3910
6011 2 2 15 14 879 881 880
6012 2 2 15 14 2433 2434 2446
6013 2 2 15 14 2340 2341 2342
6014 2 2 15 14 1276 3956 1621
6015 2 2 15 14 1252 3964 1474
6016 2 2 15 14 184 2189 3927
6017 2 2 15 14 2629 2630 3003
6018 2 2 15 14 986 1022 3986
6019 2 2 15 14 881 883 886
6020 2 2 15 14 1045 3918 1106
6021 2 2 15 14 1037 1039 3949
6022 2 2 15 14 1305 3928 4001
6023 2 2 15 14 1054 1056 1440
6024 2 2 15 14 657 3431 1132
6025 2 2 15 14 2583 3782 4010
6026 2 2 15 14 790 1436 793
6027 2 2 15 14 1592 1681 1682
6028 2 2 15 14 914 3998 948
6029 2 2 15 14 1748 1951 3962
6030 2 2 15 14 917 969 3996
6031 2 2 15 14 681 3950 690
6032 2 2 15 14 1707 3963 2072
6033 2 2 15 14 1479 4012 1482
6034 2 2 15 14 627 628 655
6035 2 2 15 14 1736 1740 1739
6036 2 2 15 14 884 1369 3981
6037 2 2 15 14 898 3957 916
6038 2 2 15 14 2431 2432 2433
6039 2 2 15 14 688 701 3972
6040 2 2 15 14 2759 3984 4019
6041 2 2 15 14 2374 4052 4033
6042 2 2 15 14 2275 4032 2645
6043 2 2 15 14 2299 3974 2300
6044 2 2 15 14 1172 1308 4002
6045 2 2 15 14 2425 2426 2431
6046 2 2 15 14 1011 4037 1426
6047 2 2 15 14 1884 1885 2195
6048 2 2 15 14 992 3996 3943
6049 2 2 15 14 1013 1121 4037
6050 2 2 15 14 641 643 642
6051 2 2 15 14 1707 1935 3963
6052 2 2 15 14 1585 4042 4036
6053 2 2 15 14 2193 2925 2380
6054 2 2 15 14 1250 3970 1511
6055 2 2 15 14 2072 3963 2704
6056 2 2 15 14 1735 1736 1739
6057 2 2 15 14 887 3981 1090
6058 2 2 15 14 1734 1736 1735
6059 2 2 15 14 1083 4356 4391
6060 2 2 15 14 887 889 888
6061 2 2 15 14 1926 2632 2633
6062 2 2 15 14 2342 2343 2344
6063 2 2 15 14 3041 3043 3042
6064 2 2 15 14 2796 4062 4019
6065 2 2 15 14 3623 3841 4005
6066 2 2 15 14 679 3972 1764
6067 2 2 15 14 2856 2858 2857
6068 2 2 15 14 1693 1926 1694
6069 2 2 15 14 2353 4016 3785
6070 2 2 15 14 2344 2345 2346
6071 2 2 15 14 1252 1511 3964
6072 2 2 15 14 2283 2285 3960
6073 2 2 15 14 2238 3955 2639
6074 2 2 15 14 894 3942 3982
6075 2 2 15 14 2796 2839 4062
6076 2 2 15 14 1028 3303 3304
6077 2 2 15 14 645 1136 1437
6078 2 2 15 14 2221 3763 3284
6079 2 2 15 14 888 889 890
6080 2 2 15 14 624 626 627
6081 2 2 15 14 1648 3920 4066
6082 2 2 15 14 1022 1036 3986
6083 2 2 15 14 2402 2404 2405
6084 2 2 15 14 1732 1734 1733
6085 2 2 15 14 1555 1557 1556
6086 2 2 15 14 1729 1732 1731
6087 2 2 15 14 2398 2400 2399
6088 2 2 15 14 2405 2406 2407
6089 2 2 15 14 2670 3929 4051
6090 2 2 15 14 1686 1687 1688
6091 2 2 15 14 2396 2398 2397
6092 2 2 15 14 841 1793 3966
6093 2 2 15 14 2596 4719 2755
6094 2 2 15 14 1039 1423 3949
6095 2 2 15 14 762 1306 1136
6096 2 2 15 14 2234 3632 4121
6097 2 2 15 14 3205 3206 3207
6098 2 2 15 14 1857 2619 2620
6099 2 2 15 14 832 3922 3983
6100 2 2 15 14 1041 1043 3971
6101 2 2 15 14 1746 3962 1950
6102 2 2 15 14 1037 3949 1052
6103 2 2 15 14 829 3983 831
6104 2 2 15 14 829 832 3983
6105 2 2 15 14 995 4035 3888
6106 2 2 15 14 1271 2680 1485
6107 2 2 15 14 637 682 639
6108 2 2 15 14 1064 1066 1435
6109 2 2 15 14 2153 2154 2155
6110 2 2 15 14 2649 4092 4078
6111 2 2 15 14 1306 1646 1345
6112 2 2 15 14 673 1764 3991
6113 2 2 15 14 1646 1886 1691
6114 2 2 15 14 1590 1591 1592
6115 2 2 15 14 2651 4002 4036
6116 2 2 15 14 1546 1589 1590
6117 2 2 15 14 135 4219 853
6118 2 2 15 14 479 480 3443
6119 2 2 15 14 630 1377 4013
6120 2 2 15 14 1881 2396 2218
6121 2 2 15 14 2200 2202 2963
6122 2 2 15 14 2834 2836 4018
6123 2 2 15 14 2259 4064 2368
6124 2 2 15 14 2407 2630 2629
6125 2 2 15 14 3039 3041 3040
6126 2 2 15 14 2367 4017 3936
6127 2 2 15 14 2630 3004 3003
6128 2 2 15 14 1656 4339 3605
6129 2 2 15 14 645 762 1136
6130 2 2 15 14 642 646 3967
6131 2 2 15 14 2261 2375 4064
6132 2 2 15 14 1286 4048 1331
6133 2 2 15 14 2672 4035 4016
6134 2 2 15 14 3007 3351 4340
6135 2 2 15 14 1767 1770 2425
6136 2 2 15 14 679 688 3972
6137 2 2 15 14 1796 2181 2149
6138 2 2 15 14 640 3967 1424
6139 2 2 15 14 1614 3872 4019
6140 2 2 15 14 639 641 640
6141 2 2 15 14 2040 2042 2070
6142 2 2 15 14 2362 4061 3360
6143 2 2 15 14 632 3954 1377
6144 2 2 15 14 664 3991 674
6145 2 2 15 14 633 635 634
6146 2 2 15 14 2616 2762 4056
6147 2 2 15 14 637 639 638
6148 2 2 15 14 2657 4068 4017
6149 2 2 15 14 2364 3329 4061
6150 2 2 15 14 2447 2450 2449
6151 2 2 15 14 953 4105 975
6152 2 2 15 14 635 637 636
6153 2 2 15 14 1557 1559 1558
6154 2 2 15 14 2036 2038 2037
6155 2 2 15 14 632 634 3954
6156 2 2 15 14 892 3982 934
6157 2 2 15 14 631 633 632
6158 2 2 15 14 2397 2399 2627
6159 2 2 15 14 2649 4078 3726
6160 2 2 15 14 3245 3250 3249
6161 2 2 15 14 2579 2580 2581
6162 2 2 15 14 892 894 3982
6163 2 2 15 14 3726 4036 4042
6164 2 2 15 14 1614 4019 3984
6165 2 2 15 14 341 1456 3958
6166 2 2 15 14 2137 2770 2545
6167 2 2 15 14 2447 2449 2448
6168 2 2 15 14 1136 1306 1345
6169 2 2 15 14 1403 4117 4046
6170 2 2 15 14 1540 1541 1542
6171 2 2 15 14 2027 4154 2029
6172 2 2 15 14 640 642 3967
6173 2 2 15 14 2639 3955 3538
6174 2 2 15 14 885 887 888
6175 2 2 15 14 1345 1646 1691
6176 2 2 15 14 638 1424 3978
6177 2 2 15 14 1691 1693 1692
6178 2 2 15 14 1041 3971 1423
6179 2 2 15 14 1552 1553 1554
6180 2 2 15 14 2195 2196 2623
6181 2 2 15 14 884 887 885
6182 2 2 15 14 2440 3556 4240
6183 2 2 15 14 2417 4127 3555
6184 2 2 15 14 1688 1819 1820
6185 2 2 15 14 782 3885 3999
6186 2 2 15 14 2401 2402 3952
6187 2 2 15 14 2378 4139 4097
6188 2 2 15 14 890 3993 893
6189 2 2 15 14 2396 4046 4117
6190 2 2 15 14 1110 1293 4029
6191 2 2 15 14 3768 3769 4020
6192 2 2 15 14 1036 1924 3986
6193 2 2 15 14 2359 4033 3956
6194 2 2 15 14 2014 2766 4092
6195 2 2 15 14 2450 2626 2451
6196 2 2 15 14 1058 1060 1061
6197 2 2 15 14 2071 4033 4052
6198 2 2 15 14 2713 4173 4251
6199 2 2 15 14 634 649 3954
6200 2 2 15 14 2634 3148 3968
6201 2 2 15 14 636 638 3978
6202 2 2 15 14 3885 4000 3999
6203 2 2 15 14 1422 3993 4054
6204 2 2 15 14 718 3994 748
6205 2 2 15 14 1583 1585 4036
6206 2 2 15 14 1480 4017 1505
6207 2 2 15 14 636 3978 649
6208 2 2 15 14 2359 2374 4033
6209 2 2 15 14 3332 3334 3335
6210 2 2 15 14 889 2361 3993
6211 2 2 15 14 2283 3960 2331
6212 2 2 15 14 700 703 3985
6213 2 2 15 14 2712 2713 2714
6214 2 2 15 14 2355 2357 4030
6215 2 2 15 14 2178 2477 2478
6216 2 2 15 14 3917 4025 4406
6217 2 2 15 14 1736 4007 1741
6218 2 2 15 14 711 3994 718
6219 2 2 15 14 2078 4273 2707
6220 2 2 15 14 711 2661 3994
6221 2 2 15 14 700 3985 707
6222 2 2 15 14 1842 1962 1963
6223 2 2 15 14 2354 4079 3973
6224 2 2 15 14 2285 2301 3960
6225 2 2 15 14 2275 2614 4032
6226 2 2 15 14 1128 2634 2372
6227 2 2 15 14 1658 3947 4028
6228 2 2 15 14 1927 3726 4078
6229 2 2 15 14 2022 2024 2491
6230 2 2 15 14 3200 3201 3203
6231 2 2 15 14 796 951 798
6232 2 2 15 14 1621 3956 4033
6233 2 2 15 14 2879 2880 2881
6234 2 2 15 14 1928 4078 2529
6235 2 2 15 14 876 1128 878
6236 2 2 15 14 2442 3368 4077
6237 2 2 15 14 707 3985 2661
6238 2 2 15 14 664 673 3991
6239 2 2 15 14 2471 4359 4315
6240 2 2 15 14 655 2371 1397
6241 2 2 15 14 1480 3936 4017
6242 2 2 15 14 1043 1106 3971
6243 2 2 15 14 1880 1881 2217
6244 2 2 15 14 628 629 630
6245 2 2 15 14 2434 2447 2446
6246 2 2 15 14 2174 2175 2176
6247 2 2 15 14 1290 1332 4072
6248 2 2 15 14 618 620 1889
6249 2 2 15 14 1378 3866 4022
6250 2 2 15 14 2667 4213 4191
6251 2 2 15 14 2691 4144 2692
6252 2 2 15 14 703 1434 3985
6253 2 2 15 14 882 884 883
6254 2 2 15 14 2451 2626 3039
6255 2 2 15 14 1016 1205 4040
6256 2 2 15 14 2449 2450 2451
6257 2 2 15 14 629 631 630
6258 2 2 15 14 3196 3197 3198
6259 2 2 15 14 1744 1950 4006
6260 2 2 15 14 995 4016 4035
6261 2 2 15 14 2399 2400 2401
6262 2 2 15 14 1820 1841 1842
6263 2 2 15 14 883 884 885
6264 2 2 15 14 2306 2308 2848
6265 2 2 15 14 1015 4083 1121
6266 2 2 15 14 1017 1427 4083
6267 2 2 15 14 1047 1049 3995
6268 2 2 15 14 2369 4084 3329
6269 2 2 15 14 1047 3995 3918
6270 2 2 15 14 1742 1744 4006
6271 2 2 15 14 3420 3423 3444
6272 2 2 15 14 1963 2152 2153
6273 2 2 15 14 1011 1013 4037
6274 2 2 15 14 1538 1812 1813
6275 2 2 15 14 2034 2036 2037
6276 2 2 15 14 1068 1070 1130
6277 2 2 15 14 1732 4021 1932
6278 2 2 15 14 2402 2405 3952
6279 2 2 15 14 3937 4028 3938
6280 2 2 15 14 3885 4082 4000
6281 2 2 15 14 2037 2137 2416
6282 2 2 15 14 734 4051 749
6283 2 2 15 14 889 3993 890
6284 2 2 15 14 737 4045 792
6285 2 2 15 14 2432 2434 2433
6286 2 2 15 14 1734 1932 4007
6287 2 2 15 14 1132 1140 1134
6288 2 2 15 14 1605 2077 2483
6289 2 2 15 14 2759 4019 4062
6290 2 2 15 14 2204 2206 2958
6291 2 2 15 14 1061 1062 1162
6292 2 2 15 14 1658 4028 3937
6293 2 2 15 14 2372 2634 3072
6294 2 2 15 14 1265 1266 1267
6295 2 2 15 14 884 3981 887
6296 2 2 15 14 1684 1685 1686
6297 2 2 15 14 3423 3445 3444
6298 2 2 15 14 727 1763 4045
6299 2 2 15 14 2651 4036 3726
6300 2 2 15 14 2263 4097 2375
6301 2 2 15 14 2426 2435 2432
6302 2 2 15 14 2265 2378 4097
6303 2 2 15 14 2208 2210 2617
6304 2 2 15 14 3478 3508 4181
6305 2 2 15 14 2426 2432 2431
6306 2 2 15 14 659 4015 666
6307 2 2 15 14 2397 2398 2399
6308 2 2 15 14 749 4051 3929
6309 2 2 15 14 2646 3539 4150
6310 2 2 15 14 2761 4090 2762
6311 2 2 15 14 1286 1288 4048
6312 2 2 15 14 2218 2396 2397
6313 2 2 15 14 2729 4028 3947
6314 2 2 15 14 828 4124 830
6315 2 2 15 14 626 628 627
6316 2 2 15 14 3830 3986 4080
6317 2 2 15 14 1579 1868 1867
6318 2 2 15 14 1560 2490 1873
6319 2 2 15 14 1231 1550 1549
6320 2 2 15 14 837 1033 849
6321 2 2 15 14 1399 1403 1401
6322 2 2 15 14 3416 4154 4043
6323 2 2 15 14 3560 4120 3596
6324 2 2 15 14 727 4045 737
6325 2 2 15 14 1585 1587 4042
6326 2 2 15 14 1770 4025 2426
6327 2 2 15 14 2483 2484 2485
6328 2 2 15 14 782 3999 784
6329 2 2 15 14 2335 4266 3288
6330 2 2 15 14 342 3958 2742
6331 2 2 15 14 2405 2629 3952
6332 2 2 15 14 2419 4147 2420
6333 2 2 15 14 2310 2312 2850
6334 2 2 15 14 1061 1162 2413
6335 2 2 15 14 784 3999 868
6336 2 2 15 14 2176 2576 2577
6337 2 2 15 14 628 630 4013
6338 2 2 15 14 2366 3830 4080
6339 2 2 15 14 601 602 657
6340 2 2 15 14 1681 3683 1682
6341 2 2 15 14 1621 4033 2071
6342 2 2 15 14 2376 3622 4057
6343 2 2 15 14 1770 2426 2425
6344 2 2 15 14 993 4096 2660
6345 2 2 15 14 2438 4238 3556
6346 2 2 15 14 2515 2935 2936
6347 2 2 15 14 2634 3968 3072
6348 2 2 15 14 2037 2038 2137
6349 2 2 15 14 3198 3199 3200
6350 2 2 15 14 2451 3040 4024
6351 2 2 15 14 619 1441 621
6352 2 2 15 14 2566 2943 2849
6353 2 2 15 14 2026 2028 2138
6354 2 2 15 14 2577 2578 2579
6355 2 2 15 14 652 4015 659
6356 2 2 15 14 1734 4007 1736
6357 2 2 15 14 1049 1105 3995
6358 2 2 15 14 3536 3973 4079
6359 2 2 15 14 628 4013 655
6360 2 2 15 14 1144 1231 1230
6361 2 2 15 14 1742 4006 1949
6362 2 2 15 14 644 3997 647
6363 2 2 15 14 2614 2616 4056
6364 2 2 15 14 644 645 3997
6365 2 2 15 14 2449 4024 2452
6366 2 2 15 14 2437 4073 3367
6367 2 2 15 14 1766 1768 1767
6368 2 2 15 14 1051 1054 4014
6369 2 2 15 14 2172 2173 2174
6370 2 2 15 14 2038 2040 4011
6371 2 2 15 14 2614 4056 4032
6372 2 2 15 14 1572 1881 1880
6373 2 2 15 14 2221 2223 3763
6374 2 2 15 14 1881 2218 2217
6375 2 2 15 14 3401 4105 4139
6376 2 2 15 14 2303 2304 2566
6377 2 2 15 14 1656 1657 4055
6378 2 2 15 14 2030 2032 2069
6379 2 2 15 14 2654 4366 4314
6380 2 2 15 14 626 629 628
6381 2 2 15 14 934 3982 4021
6382 2 2 15 14 2362 2364 4061
6383 2 2 15 14 1162 2636 2413
6384 2 2 15 14 2466 4344 4302
6385 2 2 15 14 2223 2744 3763
6386 2 2 15 14 734 748 4051
6387 2 2 15 14 652 2377 4015
6388 2 2 15 14 695 1766 1765
6389 2 2 15 14 629 4088 3965
6390 2 2 15 14 1554 1555 1556
6391 2 2 15 14 3152 3285 4101
6392 2 2 15 14 655 4013 2371
6393 2 2 15 14 623 695 625
6394 2 2 15 14 2416 2545 2888
6395 2 2 15 14 1019 4118 1427
6396 2 2 15 14 1550 1552 4003
6397 2 2 15 14 827 831 4095
6398 2 2 15 14 2640 4295 4278
6399 2 2 15 14 1030 1122 4118
6400 2 2 15 14 2497 2501 2500
6401 2 2 15 14 2374 2598 4052
6402 2 2 15 14 2361 3241 4054
6403 2 2 15 14 1029 1373 4069
6404 2 2 15 14 825 4095 3889
6405 2 2 15 14 2259 2261 4064
6406 2 2 15 14 2361 4054 3993
6407 2 2 15 14 1157 1295 4070
6408 2 2 15 14 2759 4062 2921
6409 2 2 15 14 881 882 883
6410 2 2 15 14 647 3997 2377
6411 2 2 15 14 1051 4014 1105
6412 2 2 15 14 1554 1556 1790
6413 2 2 15 14 2512 2733 2732
6414 2 2 15 14 614 616 653
6415 2 2 15 14 2305 3974 4059
6416 2 2 15 14 767 810 4087
6417 2 2 15 14 1729 4021 1732
6418 2 2 15 14 1345 1692 4031
6419 2 2 15 14 2239 4264 4247
6420 2 2 15 14 1556 1557 1558
6421 2 2 15 14 934 4021 1729
6422 2 2 15 14 645 1437 3997
6423 2 2 15 14 1884 2195 2673
6424 2 2 15 14 1288 1290 4072
6425 2 2 15 14 1924 4080 3986
6426 2 2 15 14 1991 1993 1992
6427 2 2 15 14 1767 1768 1770
6428 2 2 15 14 1872 1873 2193
6429 2 2 15 14 878 1128 2372
6430 2 2 15 14 1693 4023 2632
6431 2 2 15 14 1288 4072 4048
6432 2 2 15 14 1505 4017 4068
6433 2 2 15 14 808 1444 820
6434 2 2 15 14 2137 2545 2416
6435 2 2 15 14 1691 1886 4023
6436 2 2 15 14 1632 3096 3443
6437 2 2 15 14 1109 3638 4074
6438 2 2 15 14 810 3905 4087
6439 2 2 15 14 641 4034 3969
6440 2 2 15 14 1054 1440 4014
6441 2 2 15 14 2869 2870 2871
6442 2 2 15 14 1765 1766 1767
6443 2 2 15 14 1487 1605 4236
6444 2 2 15 14 1558 1560 1872
6445 2 2 15 14 3109 3110 3112
6446 2 2 15 14 3121 3123 4517
6447 2 2 15 14 1056 1058 4027
6448 2 2 15 14 877 878 879
6449 2 2 15 14 1560 4071 2490
6450 2 2 15 14 2366 4066 3920
6451 2 2 15 14 2137 4011 2770
6452 2 2 15 14 1691 4023 1693
6453 2 2 15 14 1803 2497 2500
6454 2 2 15 14 1739 4265 3119
6455 2 2 15 14 1505 4068 3945
6456 2 2 15 14 2440 4240 4243
6457 2 2 15 14 876 878 877
6458 2 2 15 14 2038 4011 2137
6459 2 2 15 14 3154 3158 3157
6460 2 2 15 14 2040 2070 4011
6461 2 2 15 14 2650 4142 3488
6462 2 2 15 14 1136 1345 4031
6463 2 2 15 14 2426 4025 2435
6464 2 2 15 14 2590 2647 4085
6465 2 2 15 14 639 682 4034
6466 2 2 15 14 1136 4031 1437
6467 2 2 15 14 1927 4078 1928
6468 2 2 15 14 2449 2451 4024
6469 2 2 15 14 1844 1847 1846
6470 2 2 15 14 867 877 3725
6471 2 2 15 14 624 625 626
6472 2 2 15 14 3095 3097 3096
6473 2 2 15 14 2369 3225 4084
6474 2 2 15 14 1763 4141 4045
6475 2 2 15 14 1015 1017 4083
6476 2 2 15 14 615 689 617
6477 2 2 15 14 2692 4144 4163
6478 2 2 15 14 1558 1559 1560
6479 2 2 15 14 2871 2872 2873
6480 2 2 15 14 2354 3400 4079
6481 2 2 15 14 1813 2140 2141
6482 2 2 15 14 639 4034 641
6483 2 2 15 14 2592 4085 4159
6484 2 2 15 14 1062 4038 1162
6485 2 2 15 14 1072 1074 1443
6486 2 2 15 14 1797 2182 2427
6487 2 2 15 14 793 1436 4044
6488 2 2 15 14 1056 4027 1440
6489 2 2 15 14 2994 2996 2997
6490 2 2 15 14 2551 3945 4068
6491 2 2 15 14 3250 3252 3251
6492 2 2 15 14 2551 4068 4131
6493 2 2 15 14 1369 4065 4122
6494 2 2 15 14 2032 2034 4039
6495 2 2 15 14 2873 2874 2875
6496 2 2 15 14 2381 4160 2383
6497 2 2 15 14 1873 2194 2193
6498 2 2 15 14 1401 4046 1572
6499 2 2 15 14 1681 2191 3683
6500 2 2 15 14 2020 2022 4041
6501 2 2 15 14 3447 4190 4215
6502 2 2 15 14 867 876 877
6503 2 2 15 14 1104 1221 4158
6504 2 2 15 14 622 623 624
6505 2 2 15 14 2515 2936 4026
6506 2 2 15 14 1101 4140 1122
6507 2 2 15 14 1662 2472 4102
6508 2 2 15 14 2761 2773 4090
6509 2 2 15 14 2867 2868 2869
6510 2 2 15 14 1195 4125 4363
6511 2 2 15 14 2545 2939 2888
6512 2 2 15 14 2399 4047 2627
6513 2 2 15 14 2141 2854 2856
6514 2 2 15 14 1770 4075 4025
6515 2 2 15 14 1702 2234 4094
6516 2 2 15 14 2020 4041 2624
6517 2 2 15 14 625 695 1765
6518 2 2 15 14 1881 4046 2396
6519 2 2 15 14 757 4626 4532
6520 2 2 15 14 2014 4092 2649
6521 2 2 15 14 1064 1435 4038
6522 2 2 15 14 1924 2650 4080
6523 2 2 15 14 2385 3550 4098
6524 2 2 15 14 623 625 624
6525 2 2 15 14 1197 1675 1458
6526 2 2 15 14 866 876 867
6527 2 2 15 14 2657 4131 4068
6528 2 2 15 14 1098 3049 3048
6529 2 2 15 14 793 4044 796
6530 2 2 15 14 3556 4238 4240
6531 2 2 15 14 2191 2784 3683
6532 2 2 15 14 767 4087 812
6533 2 2 15 14 2458 4287 4200
6534 2 2 15 14 1113 1145 4145
6535 2 2 15 14 850 866 867
6536 2 2 15 14 611 1442 613
6537 2 2 15 14 1062 1064 4038
6538 2 2 15 14 3613 4097 4139
6539 2 2 15 14 1651 4261 4194
6540 2 2 15 14 1560 1873 1872
6541 2 2 15 14 849 866 850
6542 2 2 15 14 2103 2106 2105
6543 2 2 15 14 1058 1061 4027
6544 2 2 15 14 2263 2265 4097
6545 2 2 15 14 1796 4003 2181
6546 2 2 15 14 1224 3720 4289
6547 2 2 15 14 2316 2318 2567
6548 2 2 15 14 825 827 4095
6549 2 2 15 14 2691 4091 4144
6550 2 2 15 14 2386 4172 2388
6551 2 2 15 14 835 837 836
6552 2 2 15 14 2028 2030 4058
6553 2 2 15 14 796 4044 951
6554 2 2 15 14 1002 3235 3060
6555 2 2 15 14 2399 2401 4047
6556 2 2 15 14 2433 2664 4183
6557 2 2 15 14 1066 4053 1435
6558 2 2 15 14 1376 3613 4139
6559 2 2 15 14 993 3901 4096
6560 2 2 15 14 621 623 622
6561 2 2 15 14 2024 2026 4060
6562 2 2 15 14 2773 3290 4104
6563 2 2 15 14 838 849 850
6564 2 2 15 14 3448 4331 4343
6565 2 2 15 14 953 1376 4105
6566 2 2 15 14 2427 2428 2429
6567 2 2 15 14 874 4082 3885
6568 2 2 15 14 881 886 4111
6569 2 2 15 14 620 621 622
6570 2 2 15 14 2773 4104 4090
6571 2 2 15 14 2 383 693
6572 2 2 15 14 1511 4091 3975
6573 2 2 15 14 725 4137 1763
6574 2 2 15 14 2457 3343 4134
6575 2 2 15 14 1868 2178 2177
6576 2 2 15 14 2022 2491 4041
6577 2 2 15 14 2542 2604 2603
6578 2 2 15 14 3932 4091 3970
6579 2 2 15 14 1401 1403 4046
6580 2 2 15 14 3942 4178 4119
6581 2 2 15 14 723 1223 4137
6582 2 2 15 14 1132 3431 1140
6583 2 2 15 14 2034 2037 4039
6584 2 2 15 14 1932 4119 3611
6585 2 2 15 14 1925 4142 2650
6586 2 2 15 14 384 385 1439
6587 2 2 15 14 2078 2707 2706
6588 2 2 15 14 1550 4003 1796
6589 2 2 15 14 1549 1550 1796
6590 2 2 15 14 947 4209 4183
6591 2 2 15 14 1140 1144 1143
6592 2 2 15 14 3296 4208 4452
6593 2 2 15 14 2390 4184 2392
6594 2 2 15 14 2149 2181 2601
6595 2 2 15 14 1572 4046 1881
6596 2 2 15 14 2037 2416 4039
6597 2 2 15 14 3942 4119 3982
6598 2 2 15 14 1221 1298 1944
6599 2 2 15 14 1768 1884 4075
6600 2 2 15 14 1066 1068 4053
6601 2 2 15 14 3889 4095 4168
6602 2 2 15 14 386 4067 385
6603 2 2 15 14 622 3415 4108
6604 2 2 15 14 879 882 881
6605 2 2 15 14 1061 2413 4027
6606 2 2 15 14 3158 3165 3159
6607 2 2 15 14 1511 3970 4091
6608 2 2 15 14 2320 2322 2852
6609 2 2 15 14 1068 1130 4053
6610 2 2 15 14 836 837 838
6611 2 2 15 14 3034 4124 4256
6612 2 2 15 14 386 387 705
6613 2 2 15 14 1768 4075 1770
6614 2 2 15 14 2202 2204 4050
6615 2 2 15 14 837 849 838
6616 2 2 15 14 3506 4045 4141
6617 2 2 15 14 2312 2314 4063
6618 2 2 15 14 1263 1264 1265
6619 2 2 15 14 2024 4060 2491
6620 2 2 15 14 1559 1803 4071
6621 2 2 15 14 388 4076 387
6622 2 2 15 14 1403 4190 3447
6623 2 2 15 14 3438 3442 4114
6624 2 2 15 14 618 619 620
6625 2 2 15 14 619 621 620
6626 2 2 15 14 1019 1030 4118
6627 2 2 15 14 879 4065 882
6628 2 2 15 14 1148 4169 1189
6629 2 2 15 14 1773 4221 1775
6630 2 2 15 14 1150 1430 4169
6631 2 2 15 14 2032 4039 2069
6632 2 2 15 14 602 603 604
6633 2 2 15 14 2214 2216 2949
6634 2 2 15 14 388 389 1548
6635 2 2 15 14 620 4108 1889
6636 2 2 15 14 878 2372 4065
6637 2 2 15 14 828 1024 4124
6638 2 2 15 14 2412 2753 4194
6639 2 2 15 14 2436 4215 2674
6640 2 2 15 14 1537 1814 1676
6641 2 2 15 14 1177 1179 1178
6642 2 2 15 14 878 4065 879
6643 2 2 15 14 2428 2933 2594
6644 2 2 15 14 1230 1231 1549
6645 2 2 15 14 390 391 716
6646 2 2 15 14 2206 2208 4049
6647 2 2 15 14 1957 2804 2076
6648 2 2 15 14 2028 4058 2138
6649 2 2 15 14 2026 2138 4060
6650 2 2 15 14 2751 2814 2813
6651 2 2 15 14 2592 4159 4201
6652 2 2 15 14 798 951 4086
6653 2 2 15 14 2417 3545 4127
6654 2 2 15 14 2202 4050 2963
6655 2 2 15 14 2657 2658 4131
6656 2 2 15 14 1800 2422 2423
6657 2 2 15 14 3909 4293 4250
6658 2 2 15 14 2030 2069 4058
6659 2 2 15 14 742 857 801
6660 2 2 15 14 2324 2326 2859
6661 2 2 15 14 2592 4201 2593
6662 2 2 15 14 2514 2935 2515
6663 2 2 15 14 2312 4063 2850
6664 2 2 15 14 2280 2298 4156
6665 2 2 15 14 1152 4180 1430
6666 2 2 15 14 616 617 618
6667 2 2 15 14 190 189 4099
6668 2 2 15 14 1154 1190 4180
6669 2 2 15 14 394 795 393
6670 2 2 15 14 3607 4211 3609
6671 2 2 15 14 798 4086 808
6672 2 2 15 14 1224 4305 3761
6673 2 2 15 14 617 619 618
6674 2 2 15 14 1514 1566 1515
6675 2 2 15 14 1947 2697 2472
6676 2 2 15 14 3505 3506 4141
6677 2 2 15 14 1318 1616 1617
6678 2 2 15 14 1123 1201 1202
6679 2 2 15 14 1559 4071 1560
6680 2 2 15 14 1884 2673 4075
6681 2 2 15 14 621 1441 4081
6682 2 2 15 14 1566 1568 1567
6683 2 2 15 14 1143 1144 1230
6684 2 2 15 14 2187 4415 3102
6685 2 2 15 14 1570 1689 1571
6686 2 2 15 14 1078 1080 1159
6687 2 2 15 14 2444 4278 4264
6688 2 2 15 14 2589 4572 4647
6689 2 2 15 14 618 1889 4100
6690 2 2 15 14 2396 4117 2398
6691 2 2 15 14 1568 1570 1569
6692 2 2 15 14 1689 1804 1690
6693 2 2 15 14 1498 1514 1499
6694 2 2 15 14 674 3991 4170
6695 2 2 15 14 1485 2680 2681
6696 2 2 15 14 1632 3095 3096
6697 2 2 15 14 614 615 616
6698 2 2 15 14 1496 1498 1497
6699 2 2 15 14 2683 2693 2694
6700 2 2 15 14 721 4170 1223
6701 2 2 15 14 3774 4168 3775
6702 2 2 15 14 1337 1496 1338
6703 2 2 15 14 2182 2428 2427
6704 2 2 15 14 626 4088 629
6705 2 2 15 14 1070 4089 1130
6706 2 2 15 14 2204 2958 4050
6707 2 2 15 14 396 397 765
6708 2 2 15 14 1806 1843 1807
6709 2 2 15 14 1849 1851 1850
6710 2 2 15 14 623 4081 695
6711 2 2 15 14 1156 4193 1190
6712 2 2 15 14 620 622 4108
6713 2 2 15 14 2372 3072 4122
6714 2 2 15 14 1804 1806 1805
6715 2 2 15 14 615 617 616
6716 2 2 15 14 1145 1146 4199
6717 2 2 15 14 1847 1849 1848
6718 2 2 15 14 1202 1317 1318
6719 2 2 15 14 2076 2804 2805
6720 2 2 15 14 2328 2330 2861
6721 2 2 15 14 612 613 614
6722 2 2 15 14 2206 4049 2958
6723 2 2 15 14 603 1573 605
6724 2 2 15 14 3121 4530 3122
6725 2 2 15 14 1549 1796 1797
6726 2 2 15 14 1070 1072 4089
6727 2 2 15 14 3982 4119 4021
6728 2 2 15 14 2140 2855 2854
6729 2 2 15 14 2573 2785 2786
6730 2 2 15 14 3932 4144 4091
6731 2 2 15 14 1851 1853 1852
6732 2 2 15 14 1224 4289 4305
6733 2 2 15 14 3632 4350 4121
6734 2 2 15 14 2208 2617 4049
6735 2 2 15 14 2551 4131 2723
6736 2 2 15 14 625 4088 626
6737 2 2 15 14 607 686 609
6738 2 2 15 14 1168 1233 4196
6739 2 2 15 14 1812 2140 1813
6740 2 2 15 14 2593 4201 4210
6741 2 2 15 14 400 816 399
6742 2 2 15 14 1803 2500 4071
6743 2 2 15 14 613 615 614
6744 2 2 15 14 2441 4253 3630
6745 2 2 15 14 1412 4225 4945
6746 2 2 15 14 778 4182 874
6747 2 2 15 14 1855 1861 1856
6748 2 2 15 14 2571 2572 2573
6749 2 2 15 14 619 4110 1441
6750 2 2 15 14 1853 1855 1854
6751 2 2 15 14 808 4086 1444
6752 2 2 15 14 1552 1554 4103
6753 2 2 15 14 2161 2738 2768
6754 2 2 15 14 608 610 764
6755 2 2 15 14 625 1765 4088
6756 2 2 15 14 1556 4093 1790
6757 2 2 15 14 1558 1872 4093
6758 2 2 15 14 1576 3948 4198
6759 2 2 15 14 1314 1337 1315
6760 2 2 15 14 1554 1790 4103
6761 2 2 15 14 616 4100 653
6762 2 2 15 14 1796 2149 1797
6763 2 2 15 14 1932 4021 4119
6764 2 2 15 14 1861 1863 1862
6765 2 2 15 14 3611 4119 4178
6766 2 2 15 14 2372 4122 4065
6767 2 2 15 14 3161 3164 3163
6768 2 2 15 14 1767 2425 4161
6769 2 2 15 14 3775 4168 4095
6770 2 2 15 14 3319 4149 3320
6771 2 2 15 14 611 613 612
6772 2 2 15 14 610 611 612
6773 2 2 15 14 1700 2123 1828
6774 2 2 15 14 402 4106 401
6775 2 2 15 14 723 4137 725
6776 2 2 15 14 1565 1957 1958
6777 2 2 15 14 1797 2427 4157
6778 2 2 15 14 3608 3611 4178
6779 2 2 15 14 1101 1111 4140
6780 2 2 15 14 2662 4261 4258
6781 2 2 15 14 1865 2102 1866
6782 2 2 15 14 402 403 864
6783 2 2 15 14 1863 1865 1864
6784 2 2 15 14 621 4081 623
6785 2 2 15 14 1797 2149 2182
6786 2 2 15 14 1556 1558 4093
6787 2 2 15 14 2378 3401 4139
6788 2 2 15 14 2423 2424 2841
6789 2 2 15 14 2334 2336 2862
6790 2 2 15 14 1322 1324 1323
6791 2 2 15 14 2540 2542 2603
6792 2 2 15 14 1312 1314 1313
6793 2 2 15 14 2108 2110 2109
6794 2 2 15 14 2106 2108 2107
6795 2 2 15 14 3607 3608 4197
6796 2 2 15 14 3632 3633 4362
6797 2 2 15 14 1535 2710 2709
6798 2 2 15 14 2178 2478 2950
6799 2 2 15 14 1085 1087 1453
6800 2 2 15 14 1072 1443 4089
6801 2 2 15 14 1111 1113 4145
6802 2 2 15 14 1552 4103 4003
6803 2 2 15 14 617 689 4110
6804 2 2 15 14 2419 3289 4147
6805 2 2 15 14 1271 4123 2680
6806 2 2 15 14 1936 4202 2470
6807 2 2 15 14 1597 1599 1598
6808 2 2 15 14 774 854 4206
6809 2 2 15 14 3965 4088 4161
6810 2 2 15 14 1111 4145 4140
6811 2 2 15 14 3881 4213 4252
6812 2 2 15 14 1296 1312 1297
6813 2 2 15 14 1925 2278 4142
6814 2 2 15 14 2114 2116 2115
6815 2 2 15 14 479 747 478
6816 2 2 15 14 1119 1177 1178
6817 2 2 15 14 2710 2712 2711
6818 2 2 15 14 1958 2076 2514
6819 2 2 15 14 2714 2901 2900
6820 2 2 15 14 406 949 405
6821 2 2 15 14 2110 2112 2111
6822 2 2 15 14 1676 2007 1812
6823 2 2 15 14 2662 4258 2663
6824 2 2 15 14 1867 1868 2177
6825 2 2 15 14 475 476 763
6826 2 2 15 14 1926 2633 4202
6827 2 2 15 14 3539 3540 4150
6828 2 2 15 14 2112 2114 2113
6829 2 2 15 14 609 611 610
6830 2 2 15 14 2604 2606 2941
6831 2 2 15 14 2234 4121 4094
6832 2 2 15 14 633 947 4207
6833 2 2 15 14 2140 2854 2141
6834 2 2 15 14 1332 4001 4159
6835 2 2 15 14 2116 2118 2117
6836 2 2 15 14 3774 4198 4168
6837 2 2 15 14 1524 1800 1565
6838 2 2 15 14 2338 2340 2863
6839 2 2 15 14 406 407 4115
6840 2 2 15 14 3609 4211 4220
6841 2 2 15 14 1494 1540 1539
6842 2 2 15 14 2029 4154 3416
6843 2 2 15 14 1183 1185 1291
6844 2 2 15 14 616 618 4100
6845 2 2 15 14 1565 1800 1957
6846 2 2 15 14 2428 2594 2429
6847 2 2 15 14 1613 4144 3932
6848 2 2 15 14 1178 1294 2445
6849 2 2 15 14 473 802 472
6850 2 2 15 14 2608 2610 2611
6851 2 2 15 14 2646 4150 4199
6852 2 2 15 14 1538 1676 1812
6853 2 2 15 14 2120 2557 2121
6854 2 2 15 14 1132 1134 1133
6855 2 2 15 14 2901 3008 2975
6856 2 2 15 14 2118 2120 2119
6857 2 2 15 14 608 609 610
6858 2 2 15 14 2741 2931 3006
6859 2 2 15 14 1706 3761 4323
6860 2 2 15 14 2633 3034 4256
6861 2 2 15 14 1771 4233 1773
6862 2 2 15 14 469 470 813
6863 2 2 15 14 408 409 1003
6864 2 2 15 14 1397 2371 4190
6865 2 2 15 14 3773 3777 4223
6866 2 2 15 14 2342 2344 2876
6867 2 2 15 14 1233 4287 4196
6868 2 2 15 14 3577 4222 3585
6869 2 2 15 14 2557 2559 2558
6870 2 2 15 14 615 4126 689
6871 2 2 15 14 1074 1076 4133
6872 2 2 15 14 2244 3722 4269
6873 2 2 15 14 1323 1535 2708
6874 2 2 15 14 2569 2570 2571
6875 2 2 15 14 1268 1296 1272
6876 2 2 15 14 1324 1326 4107
6877 2 2 15 14 617 4110 619
6878 2 2 15 14 1399 4190 1403
6879 2 2 15 14 2381 2646 4160
6880 2 2 15 14 1143 1230 1450
6881 2 2 15 14 1613 4163 4144
6882 2 2 15 14 1212 1236 1452
6883 2 2 15 14 1673 2456 2454
6884 2 2 15 14 410 4129 409
6885 2 2 15 14 2485 2486 2487
6886 2 2 15 14 467 840 466
6887 2 2 15 14 1195 1198 4125
6888 2 2 15 14 1270 1524 1316
6889 2 2 15 14 3608 4178 4197
6890 2 2 15 14 1617 2009 3477
6891 2 2 15 14 2278 4156 4142
6892 2 2 15 14 1178 1179 1294
6893 2 2 15 14 1957 2076 1958
6894 2 2 15 14 3777 4239 4223
6895 2 2 15 14 732 3883 4218
6896 2 2 15 14 2561 2745 2562
6897 2 2 15 14 730 732 4218
6898 2 2 15 14 613 1442 4126
6899 2 2 15 14 2559 2561 2560
6900 2 2 15 14 2278 2280 4156
6901 2 2 15 14 1773 4233 4221
6902 2 2 15 14 2456 2879 2564
6903 2 2 15 14 410 411 1445
6904 2 2 15 14 754 4292 3015
6905 2 2 15 14 1074 4133 1443
6906 2 2 15 14 606 607 608
6907 2 2 15 14 830 4274 833
6908 2 2 15 14 1839 2777 2186
6909 2 2 15 14 607 609 608
6910 2 2 15 14 1134 1140 1143
6911 2 2 15 14 1242 1243 1263
6912 2 2 15 14 463 464 862
6913 2 2 15 14 2430 4230 4220
6914 2 2 15 14 2423 2841 2842
6915 2 2 15 14 1332 4159 4085
6916 2 2 15 14 2670 4295 4320
6917 2 2 15 14 2430 4220 3935
6918 2 2 15 14 1676 1814 4112
6919 2 2 15 14 584 597 3075
6920 2 2 15 14 2745 2748 2746
6921 2 2 15 14 1148 1150 4169
6922 2 2 15 14 412 4130 411
6923 2 2 15 14 3761 4305 4323
6924 2 2 15 14 1247 1322 1323
6925 2 2 15 14 1613 3959 4163
6926 2 2 15 14 1765 4161 4088
6927 2 2 15 14 1682 1684 1683
6928 2 2 15 14 603 605 604
6929 2 2 15 14 2814 2816 2815
6930 2 2 15 14 2425 2431 4209
6931 2 2 15 14 3152 4101 3154
6932 2 2 15 14 461 909 460
6933 2 2 15 14 674 4170 721
6934 2 2 15 14 2 693 2937
6935 2 2 15 14 4035 4280 4245
6936 2 2 15 14 2386 3274 4172
6937 2 2 15 14 604 605 606
6938 2 2 15 14 479 3443 747
6939 2 2 15 14 657 1132 1131
6940 2 2 15 14 2681 2683 2682
6941 2 2 15 14 2712 2714 2900
6942 2 2 15 14 1245 4239 1650
6943 2 2 15 14 1076 1078 4132
6944 2 2 15 14 2653 4159 4001
6945 2 2 15 14 2652 4200 3992
6946 2 2 15 14 1104 1220 1221
6947 2 2 15 14 2453 2454 2455
6948 2 2 15 14 1539 1673 2453
6949 2 2 15 14 2816 2818 2817
6950 2 2 15 14 2425 4209 4161
6951 2 2 15 14 2276 3889 4168
6952 2 2 15 14 611 4143 1442
6953 2 2 15 14 2653 4201 4159
6954 2 2 15 14 1266 1268 1267
6955 2 2 15 14 2465 2675 4277
6956 2 2 15 14 3881 4015 4213
6957 2 2 15 14 385 4067 1439
6958 2 2 15 14 1706 4181 3508
6959 2 2 15 14 2818 2821 2819
6960 2 2 15 14 1437 3628 4191
6961 2 2 15 14 2360 4381 4382
6962 2 2 15 14 605 607 606
6963 2 2 15 14 414 1173 413
6964 2 2 15 14 2748 2750 2749
6965 2 2 15 14 994 4249 3724
6966 2 2 15 14 457 458 952
6967 2 2 15 14 604 606 2467
6968 2 2 15 14 1603 1666 1604
6969 2 2 15 14 3643 3644 4270
6970 2 2 15 14 1145 4199 4150
6971 2 2 15 14 1271 1485 1341
6972 2 2 15 14 1328 1334 1534
6973 2 2 15 14 386 705 4067
6974 2 2 15 14 1765 1767 4161
6975 2 2 15 14 2339 4317 2341
6976 2 2 15 14 2787 2789 2788
6977 2 2 15 14 770 3933 4244
6978 2 2 15 14 1537 1676 1538
6979 2 2 15 14 1336 1494 1539
6980 2 2 15 14 613 4126 615
6981 2 2 15 14 1993 1995 1994
6982 2 2 15 14 1316 1524 1565
6983 2 2 15 14 931 1425 4249
6984 2 2 15 14 387 4076 705
6985 2 2 15 14 929 4249 994
6986 2 2 15 14 1152 1154 4180
6987 2 2 15 14 772 4244 854
6988 2 2 15 14 414 415 4136
6989 2 2 15 14 1129 1271 1208
6990 2 2 15 14 2660 4233 4230
6991 2 2 15 14 2662 3858 4261
6992 2 2 15 14 3633 4368 4362
6993 2 2 15 14 1485 2681 2682
6994 2 2 15 14 2990 4797 4759
6995 2 2 15 14 1753 3909 4250
6996 2 2 15 14 3607 4197 4211
6997 2 2 15 14 1208 1341 1454
6998 2 2 15 14 2821 2829 2828
6999 2 2 15 14 455 991 454
7000 2 2 15 14 1298 1316 1536
7001 2 2 15 14 966 1103 988
7002 2 2 15 14 388 1548 4076
7003 2 2 15 14 965 970 1025
7004 2 2 15 14 2829 2884 2830
7005 2 2 15 14 2390 3240 4184
7006 2 2 15 14 2473 4355 4269
7007 2 2 15 14 2709 2710 2711
7008 2 2 15 14 2914 2916 2917
7009 2 2 15 14 2276 4168 4198
7010 2 2 15 14 2682 2683 2684
7011 2 2 15 14 2136 2860 2556
7012 2 2 15 14 416 1446 415
7013 2 2 15 14 1540 1542 4128
7014 2 2 15 14 2430 2660 4230
7015 2 2 15 14 1323 1324 1535
7016 2 2 15 14 1815 2185 2468
7017 2 2 15 14 776 4182 778
7018 2 2 15 14 3632 4362 4350
7019 2 2 15 14 1240 1241 1242
7020 2 2 15 14 1219 1473 1220
7021 2 2 15 14 1676 4112 2007
7022 2 2 15 14 3154 4101 3158
7023 2 2 15 14 1813 2141 4162
7024 2 2 15 14 2474 3321 4208
7025 2 2 15 14 1535 2709 2708
7026 2 2 15 14 3119 4265 3123
7027 2 2 15 14 1579 1867 1799
7028 2 2 15 14 451 452 1020
7029 2 2 15 14 916 4178 3942
7030 2 2 15 14 513 514 4260
7031 2 2 15 14 1544 1546 1674
7032 2 2 15 14 1812 2007 4135
7033 2 2 15 14 2884 2886 2885
7034 2 2 15 14 1683 2136 2147
7035 2 2 15 14 2900 2901 2975
7036 2 2 15 14 29 4292 754
7037 2 2 15 14 2070 4165 4011
7038 2 2 15 14 1957 4174 2804
7039 2 2 15 14 2147 2556 2906
7040 2 2 15 14 3991 4270 4170
7041 2 2 15 14 1599 1601 1600
7042 2 2 15 14 1964 1965 2724
7043 2 2 15 14 1201 1317 1202
7044 2 2 15 14 1156 1158 4193
7045 2 2 15 14 3724 4249 4253
7046 2 2 15 14 1103 1219 1104
7047 2 2 15 14 2431 2433 4183
7048 2 2 15 14 1080 1085 4148
7049 2 2 15 14 3643 4270 4285
7050 2 2 15 14 3720 3950 4263
7051 2 2 15 14 1264 1266 1265
7052 2 2 15 14 1437 4191 3997
7053 2 2 15 14 1454 1537 1538
7054 2 2 15 14 449 1092 448
7055 2 2 15 14 1078 1159 4132
7056 2 2 15 14 2412 4194 3858
7057 2 2 15 14 1317 2665 1616
7058 2 2 15 14 1829 1831 4312
7059 2 2 15 14 1270 1316 1298
7060 2 2 15 14 916 4197 4178
7061 2 2 15 14 1221 1270 1298
7062 2 2 15 14 1843 4109 1844
7063 2 2 15 14 3252 4227 3253
7064 2 2 15 14 2155 2172 2171
7065 2 2 15 14 1397 4190 1399
7066 2 2 15 14 2770 4011 4165
7067 2 2 15 14 1317 1616 1318
7068 2 2 15 14 1158 1168 4196
7069 2 2 15 14 1812 4135 2140
7070 2 2 15 14 1948 2148 2494
7071 2 2 15 14 2675 4332 4272
7072 2 2 15 14 3888 4035 4245
7073 2 2 15 14 1158 4196 4193
7074 2 2 15 14 1539 1540 1673
7075 2 2 15 14 979 2903 2904
7076 2 2 15 14 1592 1682 1683
7077 2 2 15 14 2344 2346 4151
7078 2 2 15 14 1616 2009 1617
7079 2 2 15 14 2140 4135 2855
7080 2 2 15 14 1576 4198 4223
7081 2 2 15 14 1104 1219 1220
7082 2 2 15 14 1221 1944 4158
7083 2 2 15 14 609 686 4143
7084 2 2 15 14 2487 2568 2569
7085 2 2 15 14 2414 2644 4287
7086 2 2 15 14 3901 4238 4096
7087 2 2 15 14 2667 4252 4213
7088 2 2 15 14 1087 1119 4146
7089 2 2 15 14 1076 4132 4133
7090 2 2 15 14 1146 1189 4199
7091 2 2 15 14 807 843 4272
7092 2 2 15 14 609 4143 611
7093 2 2 15 14 959 961 962
7094 2 2 15 14 2454 2456 2564
7095 2 2 15 14 1135 4138 3456
7096 2 2 15 14 2007 4112 4113
7097 2 2 15 14 418 419 1330
7098 2 2 15 14 1739 1740 4265
7099 2 2 15 14 445 446 1127
7100 2 2 15 14 2371 4013 4232
7101 2 2 15 14 1233 3992 4200
7102 2 2 15 14 1134 1143 4138
7103 2 2 15 14 1673 2454 2453
7104 2 2 15 14 1800 4174 1957
7105 2 2 15 14 1835 4201 2653
7106 2 2 15 14 2664 4207 4183
7107 2 2 15 14 3965 4161 4209
7108 2 2 15 14 1535 4107 2710
7109 2 2 15 14 1220 1270 1221
7110 2 2 15 14 947 4183 4207
7111 2 2 15 14 2276 4198 3948
7112 2 2 15 14 3096 3097 3099
7113 2 2 15 14 1601 1603 1602
7114 2 2 15 14 2713 4107 4173
7115 2 2 15 14 916 3957 4197
7116 2 2 15 14 2377 3997 4191
7117 2 2 15 14 2582 4563 4638
7118 2 2 15 14 2427 2429 4177
7119 2 2 15 14 2606 2608 4152
7120 2 2 15 14 1926 4202 1936
7121 2 2 15 14 2438 4096 4238
7122 2 2 15 14 1371 3472 4302
7123 2 2 15 14 3245 4219 3250
7124 2 2 15 14 776 4206 4182
7125 2 2 15 14 1208 1271 1341
7126 2 2 15 14 1197 4364 1675
7127 2 2 15 14 1843 2612 4109
7128 2 2 15 14 1799 1867 1869
7129 2 2 15 14 420 4153 419
7130 2 2 15 14 1434 3897 4247
7131 2 2 15 14 1324 4107 1535
7132 2 2 15 14 1800 2423 4174
7133 2 2 15 14 1960 2846 2890
7134 2 2 15 14 1080 4148 1159
7135 2 2 15 14 2216 2540 4155
7136 2 2 15 14 1341 1537 1454
7137 2 2 15 14 1699 1959 1960
7138 2 2 15 14 1129 1208 1201
7139 2 2 15 14 443 1174 442
7140 2 2 15 14 1230 1549 4157
7141 2 2 15 14 1835 4210 4201
7142 2 2 15 14 1198 1228 1500
7143 2 2 15 14 774 4206 776
7144 2 2 15 14 2103 4231 2106
7145 2 2 15 14 3592 4315 3719
7146 2 2 15 14 1133 1134 1135
7147 2 2 15 14 2458 4310 2459
7148 2 2 15 14 420 421 1516
7149 2 2 15 14 1123 1129 1201
7150 2 2 15 14 946 957 958
7151 2 2 15 14 1549 1797 4157
7152 2 2 15 14 2377 4191 4213
7153 2 2 15 14 1434 4247 3985
7154 2 2 15 14 2857 4353 4162
7155 2 2 15 14 1787 1788 4290
7156 2 2 15 14 2216 4155 2949
7157 2 2 15 14 1835 2525 4210
7158 2 2 15 14 988 1103 1104
7159 2 2 15 14 1236 1247 4166
7160 2 2 15 14 3713 3714 4298
7161 2 2 15 14 1688 1820 2122
7162 2 2 15 14 439 440 1210
7163 2 2 15 14 2785 2787 2786
7164 2 2 15 14 1135 1579 1578
7165 2 2 15 14 2436 3447 4215
7166 2 2 15 14 1024 3479 4256
7167 2 2 15 14 633 4207 635
7168 2 2 15 14 402 864 4106
7169 2 2 15 14 2459 4313 2555
7170 2 2 15 14 3255 3258 3259
7171 2 2 15 14 1577 3605 4335
7172 2 2 15 14 637 4267 682
7173 2 2 15 14 2459 4310 4313
7174 2 2 15 14 2097 2755 4185
7175 2 2 15 14 940 944 1964
7176 2 2 15 14 1683 1684 2136
7177 2 2 15 14 1842 1963 2167
7178 2 2 15 14 1406 4878 3797
7179 2 2 15 14 965 966 970
7180 2 2 15 14 1085 1453 4148
7181 2 2 15 14 1432 4211 3957
7182 2 2 15 14 1565 1958 4167
7183 2 2 15 14 947 3965 4209
7184 2 2 15 14 2644 4196 4287
7185 2 2 15 14 607 4171 686
7186 2 2 15 14 2635 4205 3083
7187 2 2 15 14 2446 2448 4286
7188 2 2 15 14 3957 4211 4197
7189 2 2 15 14 3647 4285 3972
7190 2 2 15 14 2171 2544 2911
7191 2 2 15 14 1650 4239 4258
7192 2 2 15 14 1578 1799 1946
7193 2 2 15 14 1918 2465 4290
7194 2 2 15 14 2556 2860 2919
7195 2 2 15 14 966 988 970
7196 2 2 15 14 2423 2842 4174
7197 2 2 15 14 1198 1500 4125
7198 2 2 15 14 1666 2097 2721
7199 2 2 15 14 2581 2867 2808
7200 2 2 15 14 2652 4310 4200
7201 2 2 15 14 1432 4220 4211
7202 2 2 15 14 1087 4146 1453
7203 2 2 15 14 1238 1655 4204
7204 2 2 15 14 2136 2556 2147
7205 2 2 15 14 1326 1328 4173
7206 2 2 15 14 2677 4368 4376
7207 2 2 15 14 1578 1579 1799
7208 2 2 15 14 1119 1178 4146
7209 2 2 15 14 605 1573 4171
7210 2 2 15 14 1026 1129 1123
7211 2 2 15 14 437 1275 436
7212 2 2 15 14 1673 4128 2456
7213 2 2 15 14 3250 3449 3252
7214 2 2 15 14 172 4309 865
7215 2 2 15 14 171 1406 4309
7216 2 2 15 14 422 423 1610
7217 2 2 15 14 1843 2516 2612
7218 2 2 15 14 960 4268 4365
7219 2 2 15 14 1540 4128 1673
7220 2 2 15 14 1025 1026 1123
7221 2 2 15 14 853 4219 3245
7222 2 2 15 14 2606 4152 2941
7223 2 2 15 14 1334 1336 4175
7224 2 2 15 14 2153 2155 2171
7225 2 2 15 14 2468 2771 2959
7226 2 2 15 14 1580 1787 4304
7227 2 2 15 14 1537 4176 1814
7228 2 2 15 14 2344 4151 2876
7229 2 2 15 14 2212 4455 3266
7230 2 2 15 14 1230 4157 1450
7231 2 2 15 14 1134 4138 1135
7232 2 2 15 14 3109 3112 3297
7233 2 2 15 14 3742 4671 4662
7234 2 2 15 14 1178 2445 4146
7235 2 2 15 14 2496 3370 4259
7236 2 2 15 14 3609 4220 4230
7237 2 2 15 14 2540 2603 4155
7238 2 2 15 14 2377 4213 4015
7239 2 2 15 14 970 1026 1025
7240 2 2 15 14 730 4218 1434
7241 2 2 15 14 2448 2452 4299
7242 2 2 15 14 820 4279 835
7243 2 2 15 14 1243 1264 1263
7244 2 2 15 14 3577 3579 4222
7245 2 2 15 14 1662 1663 1947
7246 2 2 15 14 2520 4250 4293
7247 2 2 15 14 435 1547 434
7248 2 2 15 14 433 1339 432
7249 2 2 15 14 2608 2611 4152
7250 2 2 15 14 406 4115 949
7251 2 2 15 14 1316 1565 4167
7252 2 2 15 14 3773 4223 3774
7253 2 2 15 14 1337 1817 1496
7254 2 2 15 14 2660 4096 4221
7255 2 2 15 14 1432 3935 4220
7256 2 2 15 14 1131 1132 1133
7257 2 2 15 14 1133 1135 1578
7258 2 2 15 14 2674 4215 4232
7259 2 2 15 14 1514 1878 1566
7260 2 2 15 14 2880 4128 4186
7261 2 2 15 14 1576 4223 4239
7262 2 2 15 14 2329 3296 4246
7263 2 2 15 14 1296 1517 1312
7264 2 2 15 14 3644 4170 4270
7265 2 2 15 14 2555 4313 4322
7266 2 2 15 14 2148 2505 2494
7267 2 2 15 14 1815 2468 4306
7268 2 2 15 14 602 4179 657
7269 2 2 15 14 1316 4167 1536
7270 2 2 15 14 1143 1450 4138
7271 2 2 15 14 3774 4223 4198
7272 2 2 15 14 1236 4166 1452
7273 2 2 15 14 1883 4314 3594
7274 2 2 15 14 1570 2135 1689
7275 2 2 15 14 2880 4401 2881
7276 2 2 15 14 1323 2708 4166
7277 2 2 15 14 1542 1544 4186
7278 2 2 15 14 602 604 4179
7279 2 2 15 14 2520 4283 4250
7280 2 2 15 14 1341 1485 4176
7281 2 2 15 14 3647 4308 4285
7282 2 2 15 14 1808 3105 4224
7283 2 2 15 14 1934 4230 4233
7284 2 2 15 14 1934 3609 4230
7285 2 2 15 14 132 4441 870
7286 2 2 15 14 605 4171 607
7287 2 2 15 14 962 963 1887
7288 2 2 15 14 961 963 962
7289 2 2 15 14 431 1489 430
7290 2 2 15 14 1771 1934 4233
7291 2 2 15 14 1326 4173 4107
7292 2 2 15 14 1247 1323 4166
7293 2 2 15 14 682 4267 4286
7294 2 2 15 14 2448 4299 4286
7295 2 2 15 14 2186 2777 2778
7296 2 2 15 14 409 4129 1003
7297 2 2 15 14 1266 1670 1268
7298 2 2 15 14 1806 2516 1843
7299 2 2 15 14 1844 4109 1847
7300 2 2 15 14 2660 4221 4233
7301 2 2 15 14 2102 2184 2843
7302 2 2 15 14 3874 4326 4333
7303 2 2 15 14 3715 4354 4351
7304 2 2 15 14 1377 4232 4013
7305 2 2 15 14 1789 4280 4282
7306 2 2 15 14 2603 4469 3275
7307 2 2 15 14 1485 2682 4176
7308 2 2 15 14 713 714 741
7309 2 2 15 14 410 1445 4129
7310 2 2 15 14 2176 2577 2827
7311 2 2 15 14 429 1523 428
7312 2 2 15 14 1590 1592 4195
7313 2 2 15 14 1241 1243 1242
7314 2 2 15 14 601 657 1131
7315 2 2 15 14 1438 4308 3647
7316 2 2 15 14 1849 1871 1851
7317 2 2 15 14 2171 2172 2544
7318 2 2 15 14 3630 4245 4280
7319 2 2 15 14 2572 2785 2573
7320 2 2 15 14 56 4665 2978
7321 2 2 15 14 2670 4051 4295
7322 2 2 15 14 3630 4253 4245
7323 2 2 15 14 2408 2466 4321
7324 2 2 15 14 1328 1534 4173
7325 2 2 15 14 2458 4200 4310
7326 2 2 15 14 2371 4232 4215
7327 2 2 15 14 957 960 959
7328 2 2 15 14 1539 2453 4175
7329 2 2 15 14 961 964 963
7330 2 2 15 14 3250 4219 3449
7331 2 2 15 14 1449 1512 1662
7332 2 2 15 14 1245 1576 4239
7333 2 2 15 14 1238 1239 1240
7334 2 2 15 14 1341 4176 1537
7335 2 2 15 14 411 4130 1445
7336 2 2 15 14 1142 1448 1447
7337 2 2 15 14 1596 1597 1598
7338 2 2 15 14 1605 2483 4236
7339 2 2 15 14 1336 1539 4175
7340 2 2 15 14 1334 4175 1534
7341 2 2 15 14 1789 3630 4280
7342 2 2 15 14 1431 4238 3901
7343 2 2 15 14 2666 4252 2667
7344 2 2 15 14 1855 2075 1861
7345 2 2 15 14 3158 4203 3165
7346 2 2 15 14 2407 4321 2630
7347 2 2 15 14 427 1574 426
7348 2 2 15 14 2102 4231 2103
7349 2 2 15 14 1431 4240 4238
7350 2 2 15 14 2472 2698 4365
7351 2 2 15 14 1431 3913 4240
7352 2 2 15 14 959 960 961
7353 2 2 15 14 1947 4188 2697
7354 2 2 15 14 2570 2572 2571
7355 2 2 15 14 770 4244 772
7356 2 2 15 14 2579 2581 2808
7357 2 2 15 14 161 4342 3790
7358 2 2 15 14 2077 2484 2483
7359 2 2 15 14 1220 1473 4189
7360 2 2 15 14 964 966 965
7361 2 2 15 14 957 959 958
7362 2 2 15 14 1438 4319 4308
7363 2 2 15 14 1026 4235 4123
7364 2 2 15 14 3122 4530 4546
7365 2 2 15 14 994 4243 3913
7366 2 2 15 14 1425 3888 4245
7367 2 2 15 14 1602 1603 1604
7368 2 2 15 14 1538 1813 4311
7369 2 2 15 14 1598 1599 1600
7370 2 2 15 14 1270 4189 1524
7371 2 2 15 14 2516 2737 2612
7372 2 2 15 14 728 4214 4356
7373 2 2 15 14 963 964 965
7374 2 2 15 14 2441 3724 4253
7375 2 2 15 14 2640 4320 4295
7376 2 2 15 14 2464 4330 2675
7377 2 2 15 14 2185 2771 2468
7378 2 2 15 14 2524 4293 4294
7379 2 2 15 14 1438 3779 4319
7380 2 2 15 14 1995 1997 1996
7381 2 2 15 14 2520 4293 2524
7382 2 2 15 14 929 931 4249
7383 2 2 15 14 3874 3969 4326
7384 2 2 15 14 2924 4367 4316
7385 2 2 15 14 1201 1208 4187
7386 2 2 15 14 2080 2083 2082
7387 2 2 15 14 1753 4250 2671
7388 2 2 15 14 2186 2778 2779
7389 2 2 15 14 1542 4186 4128
7390 2 2 15 14 1830 2619 1857
7391 2 2 15 14 3913 4243 4240
7392 2 2 15 14 1220 4189 1270
7393 2 2 15 14 2787 2905 2789
7394 2 2 15 14 735 750 4332
7395 2 2 15 14 635 4207 4267
7396 2 2 15 14 1094 4359 4357
7397 2 2 15 14 425 1665 424
7398 2 2 15 14 1201 4187 1317
7399 2 2 15 14 1865 2184 2102
7400 2 2 15 14 2664 4267 4207
7401 2 2 15 14 1544 1674 4186
7402 2 2 15 14 1791 4283 1956
7403 2 2 15 14 2511 2512 2732
7404 2 2 15 14 2701 3075 4409
7405 2 2 15 14 1789 4282 1791
7406 2 2 15 14 1208 1454 4187
7407 2 2 15 14 414 4136 1173
7408 2 2 15 14 2666 4263 4252
7409 2 2 15 14 2661 3985 4247
7410 2 2 15 14 657 4179 3431
7411 2 2 15 14 2778 2780 2779
7412 2 2 15 14 3586 3588 4422
7413 2 2 15 14 1604 1666 4242
7414 2 2 15 14 3398 4260 4254
7415 2 2 15 14 1179 4288 1294
7416 2 2 15 14 2663 4258 3777
7417 2 2 15 14 2125 2128 2127
7418 2 2 15 14 1791 4282 4283
7419 2 2 15 14 2106 2180 2108
7420 2 2 15 14 2490 4485 4458
7421 2 2 15 14 1379 3589 4254
7422 2 2 15 14 1650 4258 4261
7423 2 2 15 14 160 671 4342
7424 2 2 15 14 2274 4341 2864
7425 2 2 15 14 2272 2767 4341
7426 2 2 15 14 1239 1241 1240
7427 2 2 15 14 1683 2147 4195
7428 2 2 15 14 2674 4300 3466
7429 2 2 15 14 1243 1520 1264
7430 2 2 15 14 1726 3881 4252
7431 2 2 15 14 1379 4254 4260
7432 2 2 15 14 1317 4187 2665
7433 2 2 15 14 2106 4231 2180
7434 2 2 15 14 1458 1675 3471
7435 2 2 15 14 415 1446 4136
7436 2 2 15 14 1663 2078 1948
7437 2 2 15 14 1820 1842 4212
7438 2 2 15 14 2484 2486 2485
7439 2 2 15 14 3203 3205 4307
7440 2 2 15 14 1137 4327 3779
7441 2 2 15 14 2661 4247 4264
7442 2 2 15 14 2110 2736 2112
7443 2 2 15 14 3586 4422 4426
7444 2 2 15 14 3399 4705 4627
7445 2 2 15 14 3158 4101 4203
7446 2 2 15 14 1137 4330 4327
7447 2 2 15 14 1663 1948 1947
7448 2 2 15 14 1458 3471 1488
7449 2 2 15 14 1602 1604 1815
7450 2 2 15 14 1726 4252 4263
7451 2 2 15 14 1592 1683 4195
7452 2 2 15 14 3040 3042 4345
7453 2 2 15 14 2857 2858 4241
7454 2 2 15 14 2078 2706 2148
7455 2 2 15 14 2675 4272 4277
7456 2 2 15 14 970 4235 1026
7457 2 2 15 14 2630 4321 4391
7458 2 2 15 14 514 1379 4260
7459 2 2 15 14 1600 1601 1602
7460 2 2 15 14 1963 2153 4216
7461 2 2 15 14 1448 1490 1449
7462 2 2 15 14 3779 4327 4319
7463 2 2 15 14 2114 2595 2116
7464 2 2 15 14 2184 2845 2843
7465 2 2 15 14 970 988 4235
7466 2 2 15 14 1490 1631 1512
7467 2 2 15 14 2333 4266 2335
7468 2 2 15 14 3712 3715 4351
7469 2 2 15 14 1948 2078 2148
7470 2 2 15 14 2713 4251 2714
7471 2 2 15 14 1377 4300 4232
7472 2 2 15 14 1839 4242 2777
7473 2 2 15 14 2476 3466 4324
7474 2 2 15 14 2568 2570 2569
7475 2 2 15 14 1512 1663 1662
7476 2 2 15 14 1650 4261 1651
7477 2 2 15 14 3777 4258 4239
7478 2 2 15 14 988 4158 4235
7479 2 2 15 14 2097 4185 2721
7480 2 2 15 14 2907 4291 4195
7481 2 2 15 14 2674 4232 4300
7482 2 2 15 14 2411 2473 4344
7483 2 2 15 14 1131 1133 4217
7484 2 2 15 14 1726 4263 3950
7485 2 2 15 14 3105 3109 4224
7486 2 2 15 14 1604 1839 1815
7487 2 2 15 14 2401 3952 4340
7488 2 2 15 14 1584 4348 1792
7489 2 2 15 14 1839 2186 2185
7490 2 2 15 14 1183 1291 4301
7491 2 2 15 14 1815 1839 2185
7492 2 2 15 14 945 1142 956
7493 2 2 15 14 2452 4326 4299
7494 2 2 15 14 1989 2575 4312
7495 2 2 15 14 2120 2722 2557
7496 2 2 15 14 943 946 4192
7497 2 2 15 14 2661 4264 3994
7498 2 2 15 14 3586 4426 3587
7499 2 2 15 14 1740 1949 4265
7500 2 2 15 14 1997 1999 1998
7501 2 2 15 14 604 2467 4179
7502 2 2 15 14 1948 2494 4188
7503 2 2 15 14 586 3659 4424
7504 2 2 15 14 2244 4269 3793
7505 2 2 15 14 3587 4428 3717
7506 2 2 15 14 635 4267 637
7507 2 2 15 14 2675 4330 4332
7508 2 2 15 14 2672 4282 4280
7509 2 2 15 14 3587 4426 4428
7510 2 2 15 14 750 807 4272
7511 2 2 15 14 830 4124 4274
7512 2 2 15 14 2475 3890 4354
7513 2 2 15 14 1440 4331 3867
7514 2 2 15 14 1666 2721 4242
7515 2 2 15 14 1094 4357 3649
7516 2 2 15 14 419 4153 1330
7517 2 2 15 14 1764 4270 3991
7518 2 2 15 14 1689 4226 1804
7519 2 2 15 14 2561 2764 2745
7520 2 2 15 14 1999 2001 2000
7521 2 2 15 14 2486 2568 2487
7522 2 2 15 14 1764 4285 4270
7523 2 2 15 14 1454 4311 4187
7524 2 2 15 14 1647 3874 4333
7525 2 2 15 14 1876 2726 2725
7526 2 2 15 14 3720 4263 4289
7527 2 2 15 14 1646 4352 1886
7528 2 2 15 14 1804 4229 1806
7529 2 2 15 14 2477 3456 4347
7530 2 2 15 14 2665 4187 4311
7531 2 2 15 14 1488 1596 1595
7532 2 2 15 14 1820 4212 2122
7533 2 2 15 14 843 4277 4272
7534 2 2 15 14 3466 4300 4324
7535 2 2 15 14 1842 2167 4212
7536 2 2 15 14 1268 4228 1296
7537 2 2 15 14 2510 2513 2717
7538 2 2 15 14 1793 4350 3966
7539 2 2 15 14 965 1025 4234
7540 2 2 15 14 3793 4355 3967
7541 2 2 15 14 866 4346 3475
7542 2 2 15 14 2966 2968 2967
7543 2 2 15 14 420 1516 4153
7544 2 2 15 14 3429 3430 4328
7545 2 2 15 14 1458 1488 1487
7546 2 2 15 14 1947 1948 4188
7547 2 2 15 14 2469 2476 4338
7548 2 2 15 14 1546 4291 1674
7549 2 2 15 14 1440 4027 4331
7550 2 2 15 14 2671 4282 2672
7551 2 2 15 14 1963 4216 2167
7552 2 2 15 14 2171 2911 4216
7553 2 2 15 14 2102 2843 4231
7554 2 2 15 14 2570 2797 2572
7555 2 2 15 14 849 4346 866
7556 2 2 15 14 2671 4283 4282
7557 2 2 15 14 748 3994 4278
7558 2 2 15 14 1447 1448 1449
7559 2 2 15 14 3042 4352 4345
7560 2 2 15 14 3994 4264 4278
7561 2 2 15 14 2446 4286 2664
7562 2 2 15 14 1097 1194 1195
7563 2 2 15 14 1851 4237 1853
7564 2 2 15 14 944 1965 1964
7565 2 2 15 14 1179 1181 4288
7566 2 2 15 14 3722 4344 4269
7567 2 2 15 14 820 1444 4279
7568 2 2 15 14 2461 4289 2666
7569 2 2 15 14 748 4278 4295
7570 2 2 15 14 1788 1918 4290
7571 2 2 15 14 2153 2171 4216
7572 2 2 15 14 1185 4329 1291
7573 2 2 15 14 2672 4280 4035
7574 2 2 15 14 2664 4286 4267
7575 2 2 15 14 1764 3972 4285
7576 2 2 15 14 2699 4259 4413
7577 2 2 15 14 1942 2471 4366
7578 2 2 15 14 2001 2003 2002
7579 2 2 15 14 2148 4225 2505
7580 2 2 15 14 1578 1946 4217
7581 2 2 15 14 2654 4367 2655
7582 2 2 15 14 1793 4121 4350
7583 2 2 15 14 3717 4428 4430
7584 2 2 15 14 1598 1600 1859
7585 2 2 15 14 1449 1490 1512
7586 2 2 15 14 1981 4294 4293
7587 2 2 15 14 957 4268 960
7588 2 2 15 14 3643 4285 4308
7589 2 2 15 14 2469 4349 2473
7590 2 2 15 14 1212 1452 4329
7591 2 2 15 14 1981 2522 4294
7592 2 2 15 14 28 4292 29
7593 2 2 15 14 1981 4293 3909
7594 2 2 15 14 963 965 4234
7595 2 2 15 14 1886 4374 3074
7596 2 2 15 14 1228 1229 1238
7597 2 2 15 14 1847 4248 1849
7598 2 2 15 14 2755 4719 4728
7599 2 2 15 14 2488 4433 4430
7600 2 2 15 14 3713 4298 3747
7601 2 2 15 14 1546 1590 4291
7602 2 2 15 14 956 1142 1447
7603 2 2 15 14 2816 2820 2818
7604 2 2 15 14 2476 4324 4338
7605 2 2 15 14 2461 4305 4289
7606 2 2 15 14 3431 4179 4337
7607 2 2 15 14 1229 1349 1239
7608 2 2 15 14 2003 2079 2004
7609 2 2 15 14 3109 3297 4224
7610 2 2 15 14 1133 1578 4217
7611 2 2 15 14 946 956 957
7612 2 2 15 14 2083 2085 2084
7613 2 2 15 14 1787 4298 4304
7614 2 2 15 14 1604 4242 1839
7615 2 2 15 14 748 4295 4051
7616 2 2 15 14 3605 4339 4335
7617 2 2 15 14 2473 4349 4355
7618 2 2 15 14 682 4286 4299
7619 2 2 15 14 1296 4228 1517
7620 2 2 15 14 3714 4304 4298
7621 2 2 15 14 764 4405 4398
7622 2 2 15 14 2233 4378 3414
7623 2 2 15 14 963 4234 1887
7624 2 2 15 14 1689 2135 4226
7625 2 2 15 14 3592 3594 4315
7626 2 2 15 14 1371 4302 3722
7627 2 2 15 14 946 958 4192
7628 2 2 15 14 1268 1670 4228
7629 2 2 15 14 1590 4195 4291
7630 2 2 15 14 1181 1183 4301
7631 2 2 15 14 2085 2087 2086
7632 2 2 15 14 2128 2130 2129
7633 2 2 15 14 2460 4305 2461
7634 2 2 15 14 1580 4304 1582
7635 2 2 15 14 423 3355 1610
7636 2 2 15 14 1425 4245 4253
7637 2 2 15 14 2087 2089 2088
7638 2 2 15 14 3642 3643 4308
7639 2 2 15 14 2089 2124 2090
7640 2 2 15 14 1806 4229 2516
7641 2 2 15 14 1377 3954 4300
7642 2 2 15 14 1349 4487 4510
7643 2 2 15 14 1708 2678 4380
7644 2 2 15 14 4102 4365 4268
7645 2 2 15 14 2434 4370 3829
7646 2 2 15 14 2343 2955 4497
7647 2 2 15 14 2130 2132 2131
7648 2 2 15 14 1447 4102 4268
7649 2 2 15 14 2148 2706 4225
7650 2 2 15 14 1759 4310 2652
7651 2 2 15 14 2467 4337 4179
7652 2 2 15 14 2432 4370 2434
7653 2 2 15 14 682 4299 4034
7654 2 2 15 14 2161 2768 4358
7655 2 2 15 14 2669 2670 4320
7656 2 2 15 14 171 4309 172
7657 2 2 15 14 1094 3719 4359
7658 2 2 15 14 2688 3884 4435
7659 2 2 15 14 1229 1239 1238
7660 2 2 15 14 2339 2625 4317
7661 2 2 15 14 3642 4308 4319
7662 2 2 15 14 2688 4435 4434
7663 2 2 15 14 1759 4313 4310
7664 2 2 15 14 3122 4546 3125
7665 2 2 15 14 1792 4348 4351
7666 2 2 15 14 1883 2006 4314
7667 2 2 15 14 2677 3996 4368
7668 2 2 15 14 2006 3723 4316
7669 2 2 15 14 1198 1199 1228
7670 2 2 15 14 1647 4333 4345
7671 2 2 15 14 2469 4338 4349
7672 2 2 15 14 2453 2455 4369
7673 2 2 15 14 1851 1871 4237
7674 2 2 15 14 1759 3931 4313
7675 2 2 15 14 2475 4354 4357
7676 2 2 15 14 1798 4381 2360
7677 2 2 15 14 2619 2754 2620
7678 2 2 15 14 1233 4200 4287
7679 2 2 15 14 2112 4257 2114
7680 2 2 15 14 2460 4323 4305
7681 2 2 15 14 1849 4248 1871
7682 2 2 15 14 1181 4301 4288
7683 2 2 15 14 2463 3642 4319
7684 2 2 15 14 2640 3537 4320
7685 2 2 15 14 1847 4109 4248
7686 2 2 15 14 2407 2408 4321
7687 2 2 15 14 1487 1595 1605
7688 2 2 15 14 2132 2134 2133
7689 2 2 15 14 2547 4322 3931
7690 2 2 15 14 3931 4322 4313
7691 2 2 15 14 705 4483 4067
7692 2 2 15 14 2477 4347 4385
7693 2 2 15 14 2732 2733 2803
7694 2 2 15 14 2460 2470 4323
7695 2 2 15 14 3738 4675 4666
7696 2 2 15 14 1804 4226 4229
7697 2 2 15 14 2186 2779 4255
7698 2 2 15 14 2452 4333 4326
7699 2 2 15 14 98 97 4392
7700 2 2 15 14 3954 4324 4300
7701 2 2 15 14 1891 2480 2479
7702 2 2 15 14 2473 4269 4344
7703 2 2 15 14 1605 1876 2077
7704 2 2 15 14 2666 4289 4263
7705 2 2 15 14 786 868 4387
7706 2 2 15 14 944 2489 1965
7707 2 2 15 14 1965 2489 2720
7708 2 2 15 14 649 4324 3954
7709 2 2 15 14 1886 4352 4374
7710 2 2 15 14 2463 4319 4327
7711 2 2 15 14 1083 4391 3473
7712 2 2 15 14 2217 2218 4386
7713 2 2 15 14 1000 1891 1890
7714 2 2 15 14 2463 4327 3798
7715 2 2 15 14 1195 1196 1198
7716 2 2 15 14 2841 4837 3766
7717 2 2 15 14 1454 1538 4311
7718 2 2 15 14 2062 4396 3581
7719 2 2 15 14 2671 4250 4283
7720 2 2 15 14 2688 4434 4433
7721 2 2 15 14 3798 4327 4330
7722 2 2 15 14 1527 1530 1529
7723 2 2 15 14 2185 4255 2771
7724 2 2 15 14 2665 4162 4353
7725 2 2 15 14 2484 2695 2486
7726 2 2 15 14 788 4387 3425
7727 2 2 15 14 940 941 944
7728 2 2 15 14 2185 2186 4255
7729 2 2 15 14 1616 2665 4353
7730 2 2 15 14 3004 4391 4356
7731 2 2 15 14 2513 2718 2717
7732 2 2 15 14 1185 1212 4329
7733 2 2 15 14 726 4356 1083
7734 2 2 15 14 3969 4034 4326
7735 2 2 15 14 800 801 859
7736 2 2 15 14 940 1964 4271
7737 2 2 15 14 601 1131 4262
7738 2 2 15 14 2468 2959 4296
7739 2 2 15 14 2738 2930 2768
7740 2 2 15 14 2681 4390 2693
7741 2 2 15 14 1199 1229 1228
7742 2 2 15 14 4034 4299 4326
7743 2 2 15 14 1487 1488 1595
7744 2 2 15 14 2464 3798 4330
7745 2 2 15 14 2626 4393 3039
7746 2 2 15 14 2489 3147 2720
7747 2 2 15 14 956 4268 957
7748 2 2 15 14 4 979 505
7749 2 2 15 14 3473 4391 4321
7750 2 2 15 14 649 4338 4324
7751 2 2 15 14 3714 4348 4304
7752 2 2 15 14 1582 4304 4348
7753 2 2 15 14 939 942 941
7754 2 2 15 14 597 4262 3075
7755 2 2 15 14 1795 3431 4337
7756 2 2 15 14 502 503 990
7757 2 2 15 14 2345 4518 2346
7758 2 2 15 14 2112 2736 4257
7759 2 2 15 14 735 4332 1137
7760 2 2 15 14 1197 1458 1457
7761 2 2 15 14 2725 2726 2794
7762 2 2 15 14 1577 4335 3537
7763 2 2 15 14 2194 4493 4467
7764 2 2 15 14 886 4454 4111
7765 2 2 15 14 2621 2689 4889
7766 2 2 15 14 3633 4376 4368
7767 2 2 15 14 500 997 499
7768 2 2 15 14 2114 4257 2595
7769 2 2 15 14 2669 4320 4335
7770 2 2 15 14 2514 4709 2935
7771 2 2 15 14 1663 4273 2078
7772 2 2 15 14 441 442 4397
7773 2 2 15 14 2480 2509 2508
7774 2 2 15 14 496 497 1001
7775 2 2 15 14 2452 4024 4333
7776 2 2 15 14 2413 4331 4027
7777 2 2 15 14 1596 1598 4281
7778 2 2 15 14 494 1023 493
7779 2 2 15 14 2730 4625 4623
7780 2 2 15 14 1512 1631 4273
7781 2 2 15 14 1096 1197 1193
7782 2 2 15 14 1196 1199 1198
7783 2 2 15 14 2678 4382 4381
7784 2 2 15 14 3537 4335 4320
7785 2 2 15 14 1595 1876 1605
7786 2 2 15 14 1792 4351 4354
7787 2 2 15 14 3339 4802 3340
7788 2 2 15 14 1457 1458 1487
7789 2 2 15 14 1876 2725 2077
7790 2 2 15 14 2509 2511 2510
7791 2 2 15 14 490 491 1032
7792 2 2 15 14 504 4303 503
7793 2 2 15 14 597 601 4262
7794 2 2 15 14 2455 4399 4369
7795 2 2 15 14 2668 2669 4339
7796 2 2 15 14 906 939 940
7797 2 2 15 14 2467 4398 3408
7798 2 2 15 14 488 1081 487
7799 2 2 15 14 2413 4343 4331
7800 2 2 15 14 2510 2511 2513
7801 2 2 15 14 649 3978 4338
7802 2 2 15 14 956 1447 4268
7803 2 2 15 14 2272 4341 2274
7804 2 2 15 14 1890 2479 2700
7805 2 2 15 14 1137 4332 4330
7806 2 2 15 14 1512 4273 1663
7807 2 2 15 14 3494 4507 4657
7808 2 2 15 14 1097 1193 1194
7809 2 2 15 14 2062 4328 4396
7810 2 2 15 14 5 485 1099
7811 2 2 15 14 2471 4315 4366
7812 2 2 15 14 2654 4314 4367
7813 2 2 15 14 2477 4385 2478
7814 2 2 15 14 2401 4340 4047
7815 2 2 15 14 1131 4217 4262
7816 2 2 15 14 1194 1299 1196
7817 2 2 15 14 1194 1196 1195
7818 2 2 15 14 905 1000 938
7819 2 2 15 14 160 4342 161
7820 2 2 15 14 504 505 4276
7821 2 2 15 14 945 956 946
7822 2 2 15 14 1210 4932 4755
7823 2 2 15 14 2413 2636 4343
7824 2 2 15 14 2411 4344 2466
7825 2 2 15 14 2475 4357 4359
7826 2 2 15 14 943 945 946
7827 2 2 15 14 859 967 860
7828 2 2 15 14 941 942 943
7829 2 2 15 14 1890 1891 2479
7830 2 2 15 14 2703 4487 4466
7831 2 2 15 14 1602 1815 4306
7832 2 2 15 14 1450 4347 4138
7833 2 2 15 14 4024 4345 4333
7834 2 2 15 14 3040 4345 4024
7835 2 2 15 14 1096 1193 1097
7836 2 2 15 14 1582 4348 1584
7837 2 2 15 14 849 1033 4346
7838 2 2 15 14 741 742 800
7839 2 2 15 14 4123 4235 4373
7840 2 2 15 14 3425 4387 3426
7841 2 2 15 14 421 4371 1516
7842 2 2 15 14 1990 1992 4446
7843 2 2 15 14 608 764 4398
7844 2 2 15 14 140 4404 141
7845 2 2 15 14 967 1096 968
7846 2 2 15 14 3978 4349 4338
7847 2 2 15 14 968 1096 1097
7848 2 2 15 14 3925 3966 4350
7849 2 2 15 14 1600 1602 4306
7850 2 2 15 14 997 2995 4749
7851 2 2 15 14 3712 4351 3714
7852 2 2 15 14 4158 4373 4235
7853 2 2 15 14 1424 4349 3978
7854 2 2 15 14 942 945 943
7855 2 2 15 14 939 941 940
7856 2 2 15 14 1646 1647 4352
7857 2 2 15 14 2479 2480 2508
7858 2 2 15 14 859 2503 967
7859 2 2 15 14 422 1610 4371
7860 2 2 15 14 1424 4355 4349
7861 2 2 15 14 2006 4367 4314
7862 2 2 15 14 3370 3371 4405
7863 2 2 15 14 2508 2509 2510
7864 2 2 15 14 2680 4373 4390
7865 2 2 15 14 2714 4399 2901
7866 2 2 15 14 3594 4366 4315
7867 2 2 15 14 1450 4177 4347
7868 2 2 15 14 1792 4354 3890
7869 2 2 15 14 2080 4372 2083
7870 2 2 15 14 3456 4138 4347
7871 2 2 15 14 2077 4325 2484
7872 2 2 15 14 1452 4166 4336
7873 2 2 15 14 1647 4345 4352
7874 2 2 15 14 606 4398 2467
7875 2 2 15 14 3925 4350 4362
7876 2 2 15 14 1424 3967 4355
7877 2 2 15 14 1600 4306 1859
7878 2 2 15 14 3649 4357 3715
7879 2 2 15 14 2346 4518 4524
7880 2 2 15 14 2124 4275 2125
7881 2 2 15 14 3999 4000 4402
7882 2 2 15 14 3042 3043 4374
7883 2 2 15 14 1598 1859 4281
7884 2 2 15 14 2471 2475 4359
7885 2 2 15 14 1530 1699 1698
7886 2 2 15 14 2676 2677 4376
7887 2 2 15 14 2708 4336 4166
7888 2 2 15 14 860 967 968
7889 2 2 15 14 2676 4376 4380
7890 2 2 15 14 742 3185 857
7891 2 2 15 14 960 4388 961
7892 2 2 15 14 422 4371 421
7893 2 2 15 14 3701 4503 4508
7894 2 2 15 14 941 4297 944
7895 2 2 15 14 943 4192 4297
7896 2 2 15 14 969 3925 4362
7897 2 2 15 14 2351 2758 4410
7898 2 2 15 14 3699 3701 4508
7899 2 2 15 14 2669 4335 4339
7900 2 2 15 14 1616 4353 2009
7901 2 2 15 14 3714 4351 4348
7902 2 2 15 14 2160 2800 2702
7903 2 2 15 14 1942 4366 2654
7904 2 2 15 14 1944 4390 4373
7905 2 2 15 14 969 4362 4368
7906 2 2 15 14 4177 4385 4347
7907 2 2 15 14 2678 4381 4380
7908 2 2 15 14 2483 2485 4420
7909 2 2 15 14 2655 4367 2924
7910 2 2 15 14 1526 1528 2151
7911 2 2 15 14 1876 4334 2726
7912 2 2 15 14 3715 4357 4354
7913 2 2 15 14 969 4368 3996
7914 2 2 15 14 860 968 2502
7915 2 2 15 14 2118 3281 4930
7916 2 2 15 14 2226 3093 4431
7917 2 2 15 14 483 484 4415
7918 2 2 15 14 800 859 860
7919 2 2 15 14 941 943 4297
7920 2 2 15 14 1298 1536 4400
7921 2 2 15 14 3004 4356 4214
7922 2 2 15 14 2195 4411 2673
7923 2 2 15 14 2432 2435 4370
7924 2 2 15 14 3933 4422 4244
7925 2 2 15 14 801 857 858
7926 2 2 15 14 2360 4382 2523
7927 2 2 15 14 1595 1596 4334
7928 2 2 15 14 4025 4075 4406
7929 2 2 15 14 3042 4374 4352
7930 2 2 15 14 2077 2725 4325
7931 2 2 15 14 938 1000 1890
7932 2 2 15 14 1534 4175 4369
7933 2 2 15 14 1193 1197 1457
7934 2 2 15 14 886 4427 3093
7935 2 2 15 14 2124 2844 4275
7936 2 2 15 14 1940 4376 3633
7937 2 2 15 14 1989 2507 2575
7938 2 2 15 14 1534 4369 4251
7939 2 2 15 14 1940 4380 4376
7940 2 2 15 14 2680 4123 4373
7941 2 2 15 14 2233 3074 4378
7942 2 2 15 14 1596 4281 4334
7943 2 2 15 14 2161 2702 2738
7944 2 2 15 14 1536 4412 4400
7945 2 2 15 14 961 4388 964
7946 2 2 15 14 2699 4413 4444
7947 2 2 15 14 944 4297 2489
7948 2 2 15 14 1993 2183 1995
7949 2 2 15 14 1708 4380 1940
7950 2 2 15 14 1698 2160 2161
7951 2 2 15 14 2079 2705 2776
7952 2 2 15 14 2484 4325 2695
7953 2 2 15 14 653 4451 4444
7954 2 2 15 14 2370 2806 4419
7955 2 2 15 14 1798 2676 4381
7956 2 2 15 14 2497 4457 2501
7957 2 2 15 14 2198 2200 4416
7958 2 2 15 14 3598 4713 4824
7959 2 2 15 14 2698 4388 4365
7960 2 2 15 14 3408 4398 4405
7961 2 2 15 14 906 938 939
7962 2 2 15 14 3338 4925 3339
7963 2 2 15 14 1103 4421 1219
7964 2 2 15 14 2453 4369 4175
7965 2 2 15 14 2472 4365 4102
7966 2 2 15 14 1997 2179 1999
7967 2 2 15 14 2124 2443 2844
7968 2 2 15 14 2678 2679 4382
7969 2 2 15 14 27 586 4424
7970 2 2 15 14 3699 4508 4512
7971 2 2 15 14 1730 2226 4431
7972 2 2 15 14 3588 4244 4422
7973 2 2 15 14 2079 4372 2080
7974 2 2 15 14 2217 4386 2982
7975 2 2 15 14 610 4413 764
7976 2 2 15 14 3698 3699 4512
7977 2 2 15 14 2847 4425 4463
7978 2 2 15 14 858 905 906
7979 2 2 15 14 1728 4431 3634
7980 2 2 15 14 3226 4419 3228
7981 2 2 15 14 786 4387 788
7982 2 2 15 14 857 905 858
7983 2 2 15 14 4251 4369 4399
7984 2 2 15 14 4322 4550 4636
7985 2 2 15 14 885 3634 4427
7986 2 2 15 14 1219 4438 1473
7987 2 2 15 14 905 938 906
7988 2 2 15 14 2768 2930 4929
7989 2 2 15 14 1824 4994 2912
7990 2 2 15 14 1944 4373 4158
7991 2 2 15 14 883 4427 886
7992 2 2 15 14 97 1612 4392
7993 2 2 15 14 2488 4430 3849
7994 2 2 15 14 1960 2890 2891
7995 2 2 15 14 2742 3958 4389
7996 2 2 15 14 1097 1195 4363
7997 2 2 15 14 2003 2705 2079
7998 2 2 15 14 1595 4334 1876
7999 2 2 15 14 2658 4879 4453
8000 2 2 15 14 2160 4383 2800
8001 2 2 15 14 3365 4442 3366
8002 2 2 15 14 2701 4461 3295
8003 2 2 15 14 2064 2068 4434
8004 2 2 15 14 2630 4391 3004
8005 2 2 15 14 2707 4273 4395
8006 2 2 15 14 1529 1530 1698
8007 2 2 15 14 2083 2618 2085
8008 2 2 15 14 2125 4275 2128
8009 2 2 15 14 2626 3036 4393
8010 2 2 15 14 966 4414 1103
8011 2 2 15 14 2680 4390 2681
8012 2 2 15 14 960 4365 4388
8013 2 2 15 14 801 4394 859
8014 2 2 15 14 2429 4385 4177
8015 2 2 15 14 2089 2443 2124
8016 2 2 15 14 2731 4624 4628
8017 2 2 15 14 1299 4361 4420
8018 2 2 15 14 764 4413 4259
8019 2 2 15 14 3698 4512 4515
8020 2 2 15 14 2797 3356 4888
8021 2 2 15 14 1528 1529 1531
8022 2 2 15 14 1298 4400 1944
8023 2 2 15 14 1142 4450 1448
8024 2 2 15 14 2996 4826 4903
8025 2 2 15 14 2130 2157 2132
8026 2 2 15 14 2504 4440 2642
8027 2 2 15 14 2083 4372 2618
8028 2 2 15 14 1698 1699 2160
8029 2 2 15 14 3696 3698 4515
8030 2 2 15 14 1127 4942 4943
8031 2 2 15 14 1954 3904 4443
8032 2 2 15 14 2160 2702 2161
8033 2 2 15 14 606 608 4398
8034 2 2 15 14 2705 2928 2776
8035 2 2 15 14 2720 4616 4596
8036 2 2 15 14 442 1174 4397
8037 2 2 15 14 3430 4396 4328
8038 2 2 15 14 2734 4633 4639
8039 2 2 15 14 28 4424 4292
8040 2 2 15 14 503 4303 990
8041 2 2 15 14 2702 2897 2738
8042 2 2 15 14 2479 4360 2700
8043 2 2 15 14 968 1097 4363
8044 2 2 15 14 1457 4236 4361
8045 2 2 15 14 1219 4421 4438
8046 2 2 15 14 505 979 4276
8047 2 2 15 14 2501 4457 4465
8048 2 2 15 14 2443 2865 2844
8049 2 2 15 14 1194 4361 1299
8050 2 2 15 14 1473 4449 3870
8051 2 2 15 14 1193 4361 1194
8052 2 2 15 14 614 653 4444
8053 2 2 15 14 1890 2700 4375
8054 2 2 15 14 801 858 4394
8055 2 2 15 14 445 4445 444
8056 2 2 15 14 2729 3710 4793
8057 2 2 15 14 2735 4643 4646
8058 2 2 15 14 1631 4395 4273
8059 2 2 15 14 4236 4420 4361
8060 2 2 15 14 2189 4787 3509
8061 2 2 15 14 2676 4380 4381
8062 2 2 15 14 2991 3022 4851
8063 2 2 15 14 504 4276 4303
8064 2 2 15 14 2479 2508 4360
8065 2 2 15 14 939 4375 942
8066 2 2 15 14 2525 4654 4660
8067 2 2 15 14 964 4388 4414
8068 2 2 15 14 2693 4390 4400
8069 2 2 15 14 1527 1529 1528
8070 2 2 15 14 3696 4515 4520
8071 2 2 15 14 979 2904 4276
8072 2 2 15 14 945 4417 1142
8073 2 2 15 14 858 4271 4394
8074 2 2 15 14 967 4364 1096
8075 2 2 15 14 3695 3696 4520
8076 2 2 15 14 2495 4451 2497
8077 2 2 15 14 3568 4688 4630
8078 2 2 15 14 1096 4364 1197
8079 2 2 15 14 1528 4377 2151
8080 2 2 15 14 2489 4297 4403
8081 2 2 15 14 2693 4400 4412
8082 2 2 15 14 4192 4403 4297
8083 2 2 15 14 5 1099 1526
8084 2 2 15 14 1801 4458 3409
8085 2 2 15 14 868 3999 4402
8086 2 2 15 14 1573 4706 3238
8087 2 2 15 14 2079 2776 4372
8088 2 2 15 14 3618 3939 4898
8089 2 2 15 14 232 231 4456
8090 2 2 15 14 1193 1457 4361
8091 2 2 15 14 1103 4414 4421
8092 2 2 15 14 140 819 4404
8093 2 2 15 14 905 4384 1000
8094 2 2 15 14 1099 4425 3054
8095 2 2 15 14 942 4375 4417
8096 2 2 15 14 968 4363 2502
8097 2 2 15 14 2700 4417 4375
8098 2 2 15 14 3695 4520 4525
8099 2 2 15 14 1529 4358 1531
8100 2 2 15 14 938 1890 4375
8101 2 2 15 14 1455 3783 4410
8102 2 2 15 14 2714 4251 4399
8103 2 2 15 14 691 4772 3228
8104 2 2 15 14 4217 4409 4262
8105 2 2 15 14 2880 4186 4401
8106 2 2 15 14 2693 4412 2694
8107 2 2 15 14 2212 2214 4455
8108 2 2 15 14 3693 3695 4525
8109 2 2 15 14 938 4375 939
8110 2 2 15 14 2723 4131 4453
8111 2 2 15 14 107 4474 3280
8112 2 2 15 14 857 3185 4384
8113 2 2 15 14 358 3758 4459
8114 2 2 15 14 1674 4401 4186
8115 2 2 15 14 1629 4672 4678
8116 2 2 15 14 3717 4430 4433
8117 2 2 15 14 357 4459 594
8118 2 2 15 14 1699 1960 4383
8119 2 2 15 14 3371 3408 4405
8120 2 2 15 14 332 648 4460
8121 2 2 15 14 333 4460 1420
8122 2 2 15 14 967 2503 4364
8123 2 2 15 14 868 4439 4387
8124 2 2 15 14 3870 4449 4462
8125 2 2 15 14 1473 4438 4449
8126 2 2 15 14 2698 4414 4388
8127 2 2 15 14 106 1300 4474
8128 2 2 15 14 2424 3870 4462
8129 2 2 15 14 859 4394 2503
8130 2 2 15 14 1102 4477 3300
8131 2 2 15 14 2673 4406 4075
8132 2 2 15 14 1630 4676 4683
8133 2 2 15 14 1889 3366 4465
8134 2 2 15 14 1529 1698 4358
8135 2 2 15 14 3164 3166 4555
8136 2 2 15 14 1347 4735 2959
8137 2 2 15 14 1528 1531 4377
8138 2 2 15 14 1944 4400 4390
8139 2 2 15 14 2656 5002 3862
8140 2 2 15 14 1870 4468 3065
8141 2 2 15 14 2351 4410 2752
8142 2 2 15 14 3693 4525 4526
8143 2 2 15 14 1954 4443 4542
8144 2 2 15 14 2498 4467 3946
8145 2 2 15 14 2531 4437 3884
8146 2 2 15 14 3075 4262 4409
8147 2 2 15 14 2195 2623 4411
8148 2 2 15 14 3523 3534 4468
8149 2 2 15 14 3692 3693 4526
8150 2 2 15 14 1964 2724 4464
8151 2 2 15 14 2790 4585 4733
8152 2 2 15 14 1698 2161 4358
8153 2 2 15 14 1699 4383 2160
8154 2 2 15 14 962 4742 4728
8155 2 2 15 14 2489 4403 3147
8156 2 2 15 14 2767 4971 3864
8157 2 2 15 14 2531 2532 4437
8158 2 2 15 14 2488 2688 4433
8159 2 2 15 14 1526 1527 1528
8160 2 2 15 14 3440 3492 4471
8161 2 2 15 14 1453 4146 4452
8162 2 2 15 14 1453 4452 4208
8163 2 2 15 14 1099 1527 1526
8164 2 2 15 14 23 4690 3660
8165 2 2 15 14 857 4384 905
8166 2 2 15 14 3692 4526 4529
8167 2 2 15 14 702 4418 3071
8168 2 2 15 14 1536 4026 4412
8169 2 2 15 14 3690 3692 4529
8170 2 2 15 14 1946 4409 4217
8171 2 2 15 14 116 4477 117
8172 2 2 15 14 2603 2604 4469
8173 2 2 15 14 486 4425 485
8174 2 2 15 14 3065 4468 3066
8175 2 2 15 14 2607 4483 2609
8176 2 2 15 14 1520 4559 3020
8177 2 2 15 14 447 448 4473
8178 2 2 15 14 610 612 4413
8179 2 2 15 14 871 4592 4456
8180 2 2 15 14 805 2905 4973
8181 2 2 15 14 2269 4491 4120
8182 2 2 15 14 1299 3077 4466
8183 2 2 15 14 483 4415 2187
8184 2 2 15 14 1320 4505 3263
8185 2 2 15 14 1960 2891 4383
8186 2 2 15 14 485 4425 1099
8187 2 2 15 14 2578 4490 2580
8188 2 2 15 14 3209 4865 4752
8189 2 2 15 14 2200 2963 4416
8190 2 2 15 14 3061 4681 4687
8191 2 2 15 14 3 424 4476
8192 2 2 15 14 3690 4529 4534
8193 2 2 15 14 2550 2723 4480
8194 2 2 15 14 2370 4419 3226
8195 2 2 15 14 285 4482 667
8196 2 2 15 14 284 1413 4482
8197 2 2 15 14 3689 3690 4534
8198 2 2 15 14 964 4414 966
8199 2 2 15 14 662 4492 3231
8200 2 2 15 14 1412 4804 4225
8201 2 2 15 14 2642 4440 4573
8202 2 2 15 14 2711 2977 4524
8203 2 2 15 14 2814 3272 4582
8204 2 2 15 14 28 27 4424
8205 2 2 15 14 1727 4422 3933
8206 2 2 15 14 1727 4426 4422
8207 2 2 15 14 1184 3270 4505
8208 2 2 15 14 3426 4387 4439
8209 2 2 15 14 2697 4421 2698
8210 2 2 15 14 1727 3893 4426
8211 2 2 15 14 3689 4534 4540
8212 2 2 15 14 3055 3056 4432
8213 2 2 15 14 2799 4980 3453
8214 2 2 15 14 1674 4448 4401
8215 2 2 15 14 3893 4428 4426
8216 2 2 15 14 2960 2962 4504
8217 2 2 15 14 3176 4602 3180
8218 2 2 15 14 2497 4451 4457
8219 2 2 15 14 3687 3689 4540
8220 2 2 15 14 2046 2067 4489
8221 2 2 15 14 713 741 1484
8222 2 2 15 14 883 885 4427
8223 2 2 15 14 860 2502 4429
8224 2 2 15 14 973 4428 3893
8225 2 2 15 14 2500 4485 4071
8226 2 2 15 14 1275 4970 2970
8227 2 2 15 14 973 4430 4428
8228 2 2 15 14 2936 4499 4026
8229 2 2 15 14 1728 1730 4431
8230 2 2 15 14 2699 4444 4451
8231 2 2 15 14 973 3849 4430
8232 2 2 15 14 868 4402 4439
8233 2 2 15 14 1211 4505 1320
8234 2 2 15 14 691 3863 4772
8235 2 2 15 14 2556 4484 2906
8236 2 2 15 14 2068 3717 4433
8237 2 2 15 14 942 4417 945
8238 2 2 15 14 2064 4434 2066
8239 2 2 15 14 2906 4545 2907
8240 2 2 15 14 2066 4434 4435
8241 2 2 15 14 2066 4435 2169
8242 2 2 15 14 1873 2490 4493
8243 2 2 15 14 612 4444 4413
8244 2 2 15 14 2698 4421 4414
8245 2 2 15 14 2380 2960 4504
8246 2 2 15 14 1127 4943 4445
8247 2 2 15 14 3333 4495 4229
8248 2 2 15 14 3687 4540 4542
8249 2 2 15 14 273 4498 680
8250 2 2 15 14 272 1418 4498
8251 2 2 15 14 2717 4521 4496
8252 2 2 15 14 1452 4497 4329
8253 2 2 15 14 979 2889 2903
8254 2 2 15 14 1409 4989 2909
8255 2 2 15 14 320 755 4502
8256 2 2 15 14 741 800 4429
8257 2 2 15 14 321 4502 3846
8258 2 2 15 14 3686 3687 4542
8259 2 2 15 14 910 4507 3548
8260 2 2 15 14 2811 4737 4776
8261 2 2 15 14 2883 4401 4448
8262 2 2 15 14 2701 4409 4461
8263 2 2 15 14 3059 4634 3062
8264 2 2 15 14 1003 4679 4116
8265 2 2 15 14 2770 4165 4844
8266 2 2 15 14 2182 3486 4537
8267 2 2 15 14 1575 4442 3365
8268 2 2 15 14 2503 4394 4464
8269 2 2 15 14 451 4501 450
8270 2 2 15 14 800 860 4429
8271 2 2 15 14 1858 4523 1991
8272 2 2 15 14 3426 4439 3428
8273 2 2 15 14 1631 4538 4395
8274 2 2 15 14 2697 4438 4421
8275 2 2 15 14 2736 4513 4629
8276 2 2 15 14 2703 4510 4487
8277 2 2 15 14 2899 3464 4541
8278 2 2 15 14 3387 4981 4718
8279 2 2 15 14 1627 4555 3166
8280 2 2 15 14 2483 4420 4236
8281 2 2 15 14 2504 2588 4440
8282 2 2 15 14 2416 2888 4506
8283 2 2 15 14 2060 4539 3464
8284 2 2 15 14 3020 4586 4570
8285 2 2 15 14 2855 2947 4991
8286 2 2 15 14 661 4511 3701
8287 2 2 15 14 338 4507 910
8288 2 2 15 14 2567 3455 4598
8289 2 2 15 14 1610 3355 4436
8290 2 2 15 14 2548 4443 3904
8291 2 2 15 14 3144 4579 3178
8292 2 2 15 14 1575 4447 4442
8293 2 2 15 14 2907 4448 4291
8294 2 2 15 14 1196 1299 4466
8295 2 2 15 14 2569 2571 4510
8296 2 2 15 14 2697 4188 4438
8297 2 2 15 14 1547 2969 5000
8298 2 2 15 14 1404 4991 2947
8299 2 2 15 14 1790 4093 4504
8300 2 2 15 14 3050 3051 4707
8301 2 2 15 14 1992 3011 4446
8302 2 2 15 14 864 4808 4106
8303 2 2 15 14 2069 4039 4506
8304 2 2 15 14 2516 4495 2737
8305 2 2 15 14 487 1081 4463
8306 2 2 15 14 612 614 4444
8307 2 2 15 14 244 4576 3522
8308 2 2 15 14 1413 4577 4482
8309 2 2 15 14 238 4519 3871
8310 2 2 15 14 237 815 4519
8311 2 2 15 14 1344 4569 3352
8312 2 2 15 14 2955 4329 4497
8313 2 2 15 14 1368 4527 3023
8314 2 2 15 14 4 2889 979
8315 2 2 15 14 1575 3409 4447
8316 2 2 15 14 870 4441 4227
8317 2 2 15 14 4271 4464 4394
8318 2 2 15 14 3081 4536 3141
8319 2 2 15 14 1229 4487 1349
8320 2 2 15 14 304 4527 1368
8321 2 2 15 14 445 1127 4445
8322 2 2 15 14 303 665 4527
8323 2 2 15 14 1032 4854 2948
8324 2 2 15 14 2805 3510 4912
8325 2 2 15 14 2486 2695 4486
8326 2 2 15 14 1520 3020 4570
8327 2 2 15 14 1142 4417 4450
8328 2 2 15 14 2548 4549 4544
8329 2 2 15 14 497 4475 1001
8330 2 2 15 14 2510 2717 4496
8331 2 2 15 14 3813 4642 4649
8332 2 2 15 14 2074 4686 4691
8333 2 2 15 14 1126 4611 3032
8334 2 2 15 14 4125 4667 4543
8335 2 2 15 14 2518 4549 2548
8336 2 2 15 14 3618 4898 3620
8337 2 2 15 14 3854 4708 4746
8338 2 2 15 14 10 9 4533
8339 2 2 15 14 2506 4532 3907
8340 2 2 15 14 3884 4437 4435
8341 2 2 15 14 1857 2620 4523
8342 2 2 15 14 1349 3076 4535
8343 2 2 15 14 2495 2699 4451
8344 2 2 15 14 2518 4551 4549
8345 2 2 15 14 1496 1817 4516
8346 2 2 15 14 1484 4514 3102
8347 2 2 15 14 2108 2180 4513
8348 2 2 15 14 2110 4513 2736
8349 2 2 15 14 2597 4663 3234
8350 2 2 15 14 2170 2899 4541
8351 2 2 15 14 1674 4291 4448
8352 2 2 15 14 1490 4521 1631
8353 2 2 15 14 2658 4453 4131
8354 2 2 15 14 1173 3137 4896
8355 2 2 15 14 2059 2065 4541
8356 2 2 15 14 2056 2059 4539
8357 2 2 15 14 2054 4539 2060
8358 2 2 15 14 2788 3020 4559
8359 2 2 15 14 2786 4559 2791
8360 2 2 15 14 3686 4542 4443
8361 2 2 15 14 2182 4537 2428
8362 2 2 15 14 2518 2519 4551
8363 2 2 15 14 199 4604 1124
8364 2 2 15 14 3685 3686 4544
8365 2 2 15 14 2345 4336 4518
8366 2 2 15 14 2445 4452 4146
8367 2 2 15 14 2708 4518 4336
8368 2 2 15 14 1627 3763 4555
8369 2 2 15 14 2519 4554 4551
8370 2 2 15 14 2959 4735 4296
8371 2 2 15 14 2599 2715 4749
8372 2 2 15 14 1675 4558 3471
8373 2 2 15 14 2298 3656 4644
8374 2 2 15 14 4188 4449 4438
8375 2 2 15 14 2494 4449 4188
8376 2 2 15 14 231 871 4456
8377 2 2 15 14 198 1346 4604
8378 2 2 15 14 2214 2949 4455
8379 2 2 15 14 3123 4265 4503
8380 2 2 15 14 2519 2524 4554
8381 2 2 15 14 2494 4462 4449
8382 2 2 15 14 1418 4721 4498
8383 2 2 15 14 671 3294 4566
8384 2 2 15 14 2524 4560 4554
8385 2 2 15 14 1855 4531 2075
8386 2 2 15 14 653 4100 4457
8387 2 2 15 14 1801 3946 4458
8388 2 2 15 14 741 4429 1484
8389 2 2 15 14 1946 4461 4409
8390 2 2 15 14 124 4557 125
8391 2 2 15 14 1547 4998 2969
8392 2 2 15 14 2528 2853 4556
8393 2 2 15 14 486 487 4463
8394 2 2 15 14 1853 4237 4531
8395 2 2 15 14 2996 4948 2997
8396 2 2 15 14 3141 4536 4883
8397 2 2 15 14 486 4463 4425
8398 2 2 15 14 2700 4450 4417
8399 2 2 15 14 357 358 4459
8400 2 2 15 14 2582 2584 4563
8401 2 2 15 14 345 4564 2159
8402 2 2 15 14 346 1409 4564
8403 2 2 15 14 332 4460 333
8404 2 2 15 14 2951 4318 4454
8405 2 2 15 14 2895 4782 3010
8406 2 2 15 14 2455 4668 3009
8407 2 2 15 14 3470 4573 3533
8408 2 2 15 14 600 3295 4583
8409 2 2 15 14 1092 4923 4921
8410 2 2 15 14 3057 3062 4553
8411 2 2 15 14 814 4573 4440
8412 2 2 15 14 4294 4561 4560
8413 2 2 15 14 2868 3989 4590
8414 2 2 15 14 851 2825 4951
8415 2 2 15 14 1239 1349 4535
8416 2 2 15 14 1301 4594 4708
8417 2 2 15 14 3530 4716 3534
8418 2 2 15 14 2508 4496 4360
8419 2 2 15 14 2700 4360 4450
8420 2 2 15 14 3482 4509 3483
8421 2 2 15 14 2547 4550 4322
8422 2 2 15 14 2589 2591 4572
8423 2 2 15 14 3800 3816 4478
8424 2 2 15 14 2815 2952 5000
8425 2 2 15 14 1243 4548 1520
8426 2 2 15 14 4100 4465 4457
8427 2 2 15 14 1370 4509 3482
8428 2 2 15 14 1995 2183 4500
8429 2 2 15 14 2169 4435 4437
8430 2 2 15 14 350 1455 4578
8431 2 2 15 14 349 4578 752
8432 2 2 15 14 244 243 4576
8433 2 2 15 14 1330 4153 4590
8434 2 2 15 14 1889 4465 4100
8435 2 2 15 14 1997 4500 2179
8436 2 2 15 14 2494 2505 4462
8437 2 2 15 14 2500 4447 4485
8438 2 2 15 14 294 4581 295
8439 2 2 15 14 795 4961 3162
8440 2 2 15 14 2524 4294 4560
8441 2 2 15 14 1675 4364 4494
8442 2 2 15 14 4276 4470 4303
8443 2 2 15 14 1356 3027 4606
8444 2 2 15 14 756 4638 4563
8445 2 2 15 14 2181 4645 3005
8446 2 2 15 14 2498 2998 4467
8447 2 2 15 14 3172 4116 4679
8448 2 2 15 14 2974 3005 4645
8449 2 2 15 14 1870 3523 4468
8450 2 2 15 14 2993 4749 2995
8451 2 2 15 14 736 4647 4572
8452 2 2 15 14 1547 5000 2952
8453 2 2 15 14 819 4585 4404
8454 2 2 15 14 3484 4592 3492
8455 2 2 15 14 653 4457 4451
8456 2 2 15 14 3125 4583 3126
8457 2 2 15 14 3048 3049 4707
8458 2 2 15 14 1266 4570 1670
8459 2 2 15 14 3569 4689 4617
8460 2 2 15 14 3732 4684 4609
8461 2 2 15 14 3739 4680 4601
8462 2 2 15 14 1599 2549 4616
8463 2 2 15 14 74 4606 1114
8464 2 2 15 14 73 1356 4606
8465 2 2 15 14 210 4611 211
8466 2 2 15 14 1196 4466 1199
8467 2 2 15 14 1836 4648 3147
8468 2 2 15 14 291 4593 1411
8469 2 2 15 14 290 660 4593
8470 2 2 15 14 1264 1520 4570
8471 2 2 15 14 1491 4360 4496
8472 2 2 15 14 2948 3012 4782
8473 2 2 15 14 2522 4565 4561
8474 2 2 15 14 498 4475 497
8475 2 2 15 14 2866 4528 4275
8476 2 2 15 14 2604 2941 4469
8477 2 2 15 14 3291 4631 3553
8478 2 2 15 14 400 4588 816
8479 2 2 15 14 401 4106 4588
8480 2 2 15 14 3440 4471 3441
8481 2 2 15 14 98 4392 4694
8482 2 2 15 14 1468 1470 4601
8483 2 2 15 14 2522 3908 4565
8484 2 2 15 14 2490 4458 4493
8485 2 2 15 14 2314 4598 4063
8486 2 2 15 14 3908 4568 4565
8487 2 2 15 14 2316 2567 4598
8488 2 2 15 14 3385 4844 4165
8489 2 2 15 14 2814 4582 2816
8490 2 2 15 14 2548 4544 4443
8491 2 2 15 14 1887 4205 4704
8492 2 2 15 14 2522 4561 4294
8493 2 2 15 14 1502 1504 4609
8494 2 2 15 14 117 4477 1102
8495 2 2 15 14 448 1092 4473
8496 2 2 15 14 2944 4479 3089
8497 2 2 15 14 5 4700 714
8498 2 2 15 14 2526 4568 3908
8499 2 2 15 14 252 4613 253
8500 2 2 15 14 4125 4543 4363
8501 2 2 15 14 2541 4635 3277
8502 2 2 15 14 2727 3615 4781
8503 2 2 15 14 1762 3813 4649
8504 2 2 15 14 261 4614 697
8505 2 2 15 14 260 1513 4614
8506 2 2 15 14 106 4474 107
8507 2 2 15 14 2920 3053 4552
8508 2 2 15 14 2526 4571 4568
8509 2 2 15 14 389 4608 1548
8510 2 2 15 14 2539 2716 4635
8511 2 2 15 14 3106 4641 3108
8512 2 2 15 14 390 716 4608
8513 2 2 15 14 739 4619 3599
8514 2 2 15 14 424 1665 4476
8515 2 2 15 14 1964 4464 4271
8516 2 2 15 14 1607 1609 4617
8517 2 2 15 14 540 757 4623
8518 2 2 15 14 535 536 4624
8519 2 2 15 14 2920 4552 3024
8520 2 2 15 14 539 4625 538
8521 2 2 15 14 2526 3892 4571
8522 2 2 15 14 2130 4528 2157
8523 2 2 15 14 591 3800 4478
8524 2 2 15 14 537 710 4628
8525 2 2 15 14 1603 4648 1836
8526 2 2 15 14 3675 3677 4775
8527 2 2 15 14 1639 1641 4627
8528 2 2 15 14 3892 4574 4571
8529 2 2 15 14 1634 1635 4630
8530 2 2 15 14 2574 4631 2763
8531 2 2 15 14 2128 4275 4528
8532 2 2 15 14 2772 4632 2774
8533 2 2 15 14 2550 4480 2728
8534 2 2 15 14 662 3851 4778
8535 2 2 15 14 3740 3742 4662
8536 2 2 15 14 2184 4894 3300
8537 2 2 15 14 284 4482 285
8538 2 2 15 14 2607 2851 4483
8539 2 2 15 14 16 3820 4859
8540 2 2 15 14 533 4633 532
8541 2 2 15 14 2555 4636 2730
8542 2 2 15 14 2820 4694 4392
8543 2 2 15 14 3686 4443 4544
8544 2 2 15 14 2527 4574 3892
8545 2 2 15 14 534 756 4639
8546 2 2 15 14 348 752 4640
8547 2 2 15 14 347 4640 1409
8548 2 2 15 14 1416 3857 4972
8549 2 2 15 14 2546 4638 2731
8550 2 2 15 14 2904 4470 4276
8551 2 2 15 14 3171 3172 4679
8552 2 2 15 14 2527 4575 4574
8553 2 2 15 14 3489 4644 3490
8554 2 2 15 14 150 4651 151
8555 2 2 15 14 2174 2176 4620
8556 2 2 15 14 3743 3784 4654
8557 2 2 15 14 1257 4642 1301
8558 2 2 15 14 529 530 4643
8559 2 2 15 14 2517 3068 4577
8560 2 2 15 14 2490 4071 4485
8561 2 2 15 14 766 4710 3056
8562 2 2 15 14 710 4636 4550
8563 2 2 15 14 814 4440 4576
8564 2 2 15 14 531 736 4646
8565 2 2 15 14 2527 3894 4575
8566 2 2 15 14 2556 2919 4484
8567 2 2 15 14 2586 4647 2734
8568 2 2 15 14 1491 4496 4521
8569 2 2 15 14 654 4877 4937
8570 2 2 15 14 14 13 4650
8571 2 2 15 14 1165 4649 1255
8572 2 2 15 14 3894 4580 4575
8573 2 2 15 14 1273 1762 4649
8574 2 2 15 14 1199 4466 4487
8575 2 2 15 14 3409 4485 4447
8576 2 2 15 14 3397 3399 4701
8577 2 2 15 14 2545 2770 4653
8578 2 2 15 14 2486 4486 2568
8579 2 2 15 14 336 4657 337
8580 2 2 15 14 398 4655 397
8581 2 2 15 14 2505 4225 4804
8582 2 2 15 14 2580 4490 3990
8583 2 2 15 14 2044 2046 4489
8584 2 2 15 14 2533 4580 3894
8585 2 2 15 14 1020 4906 4907
8586 2 2 15 14 2593 4659 2735
8587 2 2 15 14 392 393 4658
8588 2 2 15 14 4003 4103 4645
8589 2 2 15 14 3394 3395 4669
8590 2 2 15 14 56 55 4665
8591 2 2 15 14 2724 4494 4464
8592 2 2 15 14 404 4677 2981
8593 2 2 15 14 2533 4584 4580
8594 2 2 15 14 3730 3731 4672
8595 2 2 15 14 3736 3738 4666
8596 2 2 15 14 3115 3232 4710
8597 2 2 15 14 465 466 4661
8598 2 2 15 14 2168 2169 4664
8599 2 2 15 14 1790 4656 4103
8600 2 2 15 14 1643 1645 4681
8601 2 2 15 14 3231 4492 3232
8602 2 2 15 14 1631 4521 4538
8603 2 2 15 14 267 4670 1417
8604 2 2 15 14 266 691 4670
8605 2 2 15 14 3863 4873 4772
8606 2 2 15 14 2298 4644 4156
8607 2 2 15 14 1821 4671 2525
8608 2 2 15 14 1965 4596 2724
8609 2 2 15 14 2533 3895 4584
8610 2 2 15 14 2287 2289 4673
8611 2 2 15 14 3596 4120 4491
8612 2 2 15 14 2716 3237 4706
8613 2 2 15 14 1199 4487 1229
8614 2 2 15 14 3895 4587 4584
8615 2 2 15 14 99 4694 1319
8616 2 2 15 14 1873 4493 2194
8617 2 2 15 14 2576 4693 2578
8618 2 2 15 14 3565 3567 4676
8619 2 2 15 14 955 4495 3333
8620 2 2 15 14 3734 3739 4678
8621 2 2 15 14 488 4599 1081
8622 2 2 15 14 3494 3548 4507
8623 2 2 15 14 2352 3923 4675
8624 2 2 15 14 2454 4668 2455
8625 2 2 15 14 1466 4680 1628
8626 2 2 15 14 2534 4587 3895
8627 2 2 15 14 3068 4482 4577
8628 2 2 15 14 2534 4589 4587
8629 2 2 15 14 3571 3732 4683
8630 2 2 15 14 272 4498 273
8631 2 2 15 14 1472 4684 1629
8632 2 2 15 14 2683 4674 2684
8633 2 2 15 14 1701 1832 4687
8634 2 2 15 14 2875 4947 4997
8635 2 2 15 14 2970 4970 2971
8636 2 2 15 14 2 4711 598
8637 2 2 15 14 2516 4229 4495
8638 2 2 15 14 2564 4379 4668
8639 2 2 15 14 469 4685 468
8640 2 2 15 14 2534 3896 4589
8641 2 2 15 14 3101 4543 4667
8642 2 2 15 14 1347 3070 4735
8643 2 2 15 14 3564 3569 4688
8644 2 2 15 14 3896 4591 4589
8645 2 2 15 14 320 4502 321
8646 2 2 15 14 3568 4691 3589
8647 2 2 15 14 2521 4509 2739
8648 2 2 15 14 1522 4689 1630
8649 2 2 15 14 3301 4723 3302
8650 2 2 15 14 2835 2983 4788
8651 2 2 15 14 22 4690 23
8652 2 2 15 14 2684 3674 4870
8653 2 2 15 14 3294 4722 4566
8654 2 2 15 14 451 1020 4501
8655 2 2 15 14 126 125 4697
8656 2 2 15 14 2380 4504 4093
8657 2 2 15 14 2835 4702 2836
8658 2 2 15 14 3516 4702 3517
8659 2 2 15 14 1092 4921 4473
8660 2 2 15 14 1319 4582 3272
8661 2 2 15 14 3354 4629 4513
8662 2 2 15 14 2535 4591 3896
8663 2 2 15 14 2508 2510 4496
8664 2 2 15 14 1184 4505 1211
8665 2 2 15 14 1995 4500 1997
8666 2 2 15 14 2535 4595 4591
8667 2 2 15 14 1949 4508 4503
8668 2 2 15 14 2416 4506 4039
8669 2 2 15 14 702 4651 4418
8670 2 2 15 14 3946 4493 4458
8671 2 2 15 14 338 337 4507
8672 2 2 15 14 1949 4006 4508
8673 2 2 15 14 2521 3483 4509
8674 2 2 15 14 2535 3898 4595
8675 2 2 15 14 1518 4709 3510
8676 2 2 15 14 1452 4336 4497
8677 2 2 15 14 3898 4597 4595
8678 2 2 15 14 3298 3299 4723
8679 2 2 15 14 1949 4503 4265
8680 2 2 15 14 2517 4577 3614
8681 2 2 15 14 2569 4510 2703
8682 2 2 15 14 765 4655 3157
8683 2 2 15 14 661 3468 4511
8684 2 2 15 14 1314 4696 1337
8685 2 2 15 14 4006 4512 4508
8686 2 2 15 14 2737 4495 4697
8687 2 2 15 14 1859 4296 4622
8688 2 2 15 14 250 4788 2983
8689 2 2 15 14 2557 2722 4682
8690 2 2 15 14 2694 4412 4499
8691 2 2 15 14 499 997 4652
8692 2 2 15 14 1950 4512 4006
8693 2 2 15 14 2536 4597 3898
8694 2 2 15 14 3854 3921 4708
8695 2 2 15 14 2806 4982 3860
8696 2 2 15 14 1832 4312 4605
8697 2 2 15 14 2536 4603 4597
8698 2 2 15 14 3468 4517 4511
8699 2 2 15 14 1950 4515 4512
8700 2 2 15 14 2108 4513 2110
8701 2 2 15 14 2 2937 4711
8702 2 2 15 14 2503 4494 4364
8703 2 2 15 14 2756 4924 3853
8704 2 2 15 14 1857 4523 1858
8705 2 2 15 14 2352 4662 4671
8706 2 2 15 14 296 295 4715
8707 2 2 15 14 3597 4713 3598
8708 2 2 15 14 3293 4726 3294
8709 2 2 15 14 215 2928 4954
8710 2 2 15 14 1950 3962 4515
8711 2 2 15 14 3257 4724 4733
8712 2 2 15 14 2536 3899 4603
8713 2 2 15 14 1361 4517 3468
8714 2 2 15 14 3899 4607 4603
8715 2 2 15 14 2042 4718 2070
8716 2 2 15 14 1574 2967 4698
8717 2 2 15 14 426 1574 4698
8718 2 2 15 14 238 237 4519
8719 2 2 15 14 1496 4516 1498
8720 2 2 15 14 425 4698 1665
8721 2 2 15 14 3615 3627 4721
8722 2 2 15 14 3962 4520 4515
8723 2 2 15 14 1628 4666 4675
8724 2 2 15 14 2708 2709 4518
8725 2 2 15 14 603 4711 1573
8726 2 2 15 14 1951 4520 3962
8727 2 2 15 14 1490 1491 4521
8728 2 2 15 14 2776 4567 4372
8729 2 2 15 14 2537 4607 3899
8730 2 2 15 14 864 4974 4808
8731 2 2 15 14 2154 3146 4692
8732 2 2 15 14 3626 4498 4721
8733 2 2 15 14 3398 4254 4686
8734 2 2 15 14 2537 4610 4607
8735 2 2 15 14 1951 4525 4520
8736 2 2 15 14 1361 4530 4517
8737 2 2 15 14 2570 4703 2797
8738 2 2 15 14 3051 4779 4707
8739 2 2 15 14 2709 4524 4518
8740 2 2 15 14 2696 2979 4766
8741 2 2 15 14 991 4883 4536
8742 2 2 15 14 1951 3941 4525
8743 2 2 15 14 4436 4997 4947
8744 2 2 15 14 2709 2711 4524
8745 2 2 15 14 2537 3902 4610
8746 2 2 15 14 1514 4717 1878
8747 2 2 15 14 3902 4612 4610
8748 2 2 15 14 471 472 4727
8749 2 2 15 14 204 203 4738
8750 2 2 15 14 3941 4526 4525
8751 2 2 15 14 980 4810 4871
8752 2 2 15 14 242 241 4729
8753 2 2 15 14 3460 4736 3462
8754 2 2 15 14 997 4826 2995
8755 2 2 15 14 1952 4526 3941
8756 2 2 15 14 116 4996 4477
8757 2 2 15 14 2696 4766 2840
8758 2 2 15 14 2538 4612 3902
8759 2 2 15 14 304 303 4527
8760 2 2 15 14 1952 4529 4526
8761 2 2 15 14 2538 4615 4612
8762 2 2 15 14 1361 3361 4530
8763 2 2 15 14 669 4872 3088
8764 2 2 15 14 2122 3024 4552
8765 2 2 15 14 959 962 4728
8766 2 2 15 14 4026 4499 4412
8767 2 2 15 14 1952 3926 4529
8768 2 2 15 14 2656 4734 3848
8769 2 2 15 14 2013 4734 2765
8770 2 2 15 14 2538 3906 4615
8771 2 2 15 14 2069 4759 4058
8772 2 2 15 14 3856 4824 4713
8773 2 2 15 14 3906 4618 4615
8774 2 2 15 14 1003 4757 4679
8775 2 2 15 14 1160 3480 4737
8776 2 2 15 14 3926 4534 4529
8777 2 2 15 14 2506 2730 4532
8778 2 2 15 14 2502 4543 4514
8779 2 2 15 14 3081 3082 4536
8780 2 2 15 14 10 4533 3828
8781 2 2 15 14 1853 4531 1855
8782 2 2 15 14 3060 4699 3061
8783 2 2 15 14 1953 4534 3926
8784 2 2 15 14 2128 4528 2130
8785 2 2 15 14 1878 3339 4925
8786 2 2 15 14 3361 4546 4530
8787 2 2 15 14 2543 4618 3906
8788 2 2 15 14 2424 4837 2841
8789 2 2 15 14 2138 4797 4851
8790 2 2 15 14 1953 4540 4534
8791 2 2 15 14 2883 4545 3001
8792 2 2 15 14 2543 4626 4618
8793 2 2 15 14 2428 4537 2933
8794 2 2 15 14 5 1526 4700
8795 2 2 15 14 2503 4464 4494
8796 2 2 15 14 1239 4535 1241
8797 2 2 15 14 1232 4762 3282
8798 2 2 15 14 2054 2056 4539
8799 2 2 15 14 1953 3912 4540
8800 2 2 15 14 2065 2170 4541
8801 2 2 15 14 3168 4808 3169
8802 2 2 15 14 2543 3907 4626
8803 2 2 15 14 2549 3471 4558
8804 2 2 15 14 3912 4542 4540
8805 2 2 15 14 2730 4636 4625
8806 2 2 15 14 2167 4216 4720
8807 2 2 15 14 2530 4739 2532
8808 2 2 15 14 398 399 4745
8809 2 2 15 14 1352 3233 4547
8810 2 2 15 14 1954 4542 3912
8811 2 2 15 14 2925 4547 3233
8812 2 2 15 14 678 3685 4544
8813 2 2 15 14 600 4546 3361
8814 2 2 15 14 1352 4547 3261
8815 2 2 15 14 450 4501 4919
8816 2 2 15 14 230 4750 871
8817 2 2 15 14 240 4751 241
8818 2 2 15 14 1840 2912 4994
8819 2 2 15 14 2727 4781 4891
8820 2 2 15 14 2717 2718 4538
8821 2 2 15 14 1343 3030 4880
8822 2 2 15 14 2596 4403 4719
8823 2 2 15 14 678 4544 4549
8824 2 2 15 14 475 4752 474
8825 2 2 15 14 2838 3873 4976
8826 2 2 15 14 2502 4514 4429
8827 2 2 15 14 1241 4535 4548
8828 2 2 15 14 678 4549 3684
8829 2 2 15 14 3573 4760 3574
8830 2 2 15 14 2602 2798 4760
8831 2 2 15 14 439 4755 438
8832 2 2 15 14 1824 2914 4741
8833 2 2 15 14 2842 4744 4174
8834 2 2 15 14 1225 3057 4553
8835 2 2 15 14 3684 4549 4551
8836 2 2 15 14 1241 4548 1243
8837 2 2 15 14 2001 4725 2003
8838 2 2 15 14 2547 2731 4550
8839 2 2 15 14 3227 3228 4772
8840 2 2 15 14 2764 4771 3278
8841 2 2 15 14 2009 4722 3477
8842 2 2 15 14 3137 3138 4692
8843 2 2 15 14 404 405 4677
8844 2 2 15 14 1390 3684 4551
8845 2 2 15 14 2704 3705 4890
8846 2 2 15 14 671 4566 4342
8847 2 2 15 14 490 1032 4730
8848 2 2 15 14 1390 4551 4554
8849 2 2 15 14 648 5002 4460
8850 2 2 15 14 2575 4605 4312
8851 2 2 15 14 2763 4631 4763
8852 2 2 15 14 3232 4918 4710
8853 2 2 15 14 2613 2864 4764
8854 2 2 15 14 254 253 4763
8855 2 2 15 14 1828 2123 4761
8856 2 2 15 14 3812 3820 4813
8857 2 2 15 14 2744 4555 3763
8858 2 2 15 14 819 3258 4585
8859 2 2 15 14 1390 4554 3682
8860 2 2 15 14 2754 4810 3352
8861 2 2 15 14 1416 3603 4876
8862 2 2 15 14 1344 3045 4569
8863 2 2 15 14 3682 4554 4560
8864 2 2 15 14 2528 4556 2530
8865 2 2 15 14 124 996 4557
8866 2 2 15 14 816 3156 4911
8867 2 2 15 14 594 4902 3825
8868 2 2 15 14 3812 4813 3814
8869 2 2 15 14 2786 2788 4559
8870 2 2 15 14 223 3352 4810
8871 2 2 15 14 2731 4638 4624
8872 2 2 15 14 683 4560 4561
8873 2 2 15 14 683 3682 4560
8874 2 2 15 14 683 4561 3680
8875 2 2 15 14 169 168 4562
8876 2 2 15 14 145 4786 740
8877 2 2 15 14 2584 2734 4563
8878 2 2 15 14 3680 4561 4565
8879 2 2 15 14 2502 4363 4543
8880 2 2 15 14 477 478 4770
8881 2 2 15 14 345 346 4564
8882 2 2 15 14 3143 4883 3145
8883 2 2 15 14 2855 4135 4949
8884 2 2 15 14 2858 4342 4566
8885 2 2 15 14 1387 3680 4565
8886 2 2 15 14 144 3356 4786
8887 2 2 15 14 447 4473 4940
8888 2 2 15 14 498 4652 4475
8889 2 2 15 14 1387 4565 4568
8890 2 2 15 14 4192 4719 4403
8891 2 2 15 14 2764 3278 4848
8892 2 2 15 14 1830 4761 2619
8893 2 2 15 14 88 1824 4741
8894 2 2 15 14 1387 4568 3679
8895 2 2 15 14 1191 4629 3353
8896 2 2 15 14 2016 4777 2757
8897 2 2 15 14 1020 4907 4501
8898 2 2 15 14 2018 2624 4777
8899 2 2 15 14 1814 4775 4112
8900 2 2 15 14 3679 4568 4571
8901 2 2 15 14 757 4532 4623
8902 2 2 15 14 214 4800 215
8903 2 2 15 14 2734 4647 4633
8904 2 2 15 14 1416 4972 3603
8905 2 2 15 14 2845 4477 4996
8906 2 2 15 14 2907 4545 4448
8907 2 2 15 14 2858 4566 4241
8908 2 2 15 14 2805 3927 4928
8909 2 2 15 14 687 3679 4571
8910 2 2 15 14 2048 2050 4780
8911 2 2 15 14 2591 2735 4572
8912 2 2 15 14 2642 4573 3470
8913 2 2 15 14 1275 2969 4998
8914 2 2 15 14 687 4571 4574
8915 2 2 15 14 1264 4570 1266
8916 2 2 15 14 2783 4839 2784
8917 2 2 15 14 200 4815 201
8918 2 2 15 14 747 3443 4785
8919 2 2 15 14 2717 4538 4521
8920 2 2 15 14 687 4574 3678
8921 2 2 15 14 591 4478 4690
8922 2 2 15 14 1484 4429 4514
8923 2 2 15 14 250 249 4788
8924 2 2 15 14 7 182 4787
8925 2 2 15 14 7 4787 183
8926 2 2 15 14 3678 4574 4575
8927 2 2 15 14 3144 3145 4579
8928 2 2 15 14 3082 4901 4886
8929 2 2 15 14 2561 4771 2764
8930 2 2 15 14 248 4789 761
8931 2 2 15 14 236 4790 815
8932 2 2 15 14 1386 3678 4575
8933 2 2 15 14 1348 3088 4801
8934 2 2 15 14 3113 3114 4807
8935 2 2 15 14 3191 4791 3192
8936 2 2 15 14 3194 3195 4817
8937 2 2 15 14 3197 4814 3199
8938 2 2 15 14 243 814 4576
8939 2 2 15 14 349 350 4578
8940 2 2 15 14 3045 4984 4569
8941 2 2 15 14 2628 2739 4795
8942 2 2 15 14 1386 4575 4580
8943 2 2 15 14 2735 4659 4643
8944 2 2 15 14 1790 4504 4656
8945 2 2 15 14 710 4550 4628
8946 2 2 15 14 2721 4768 4242
8947 2 2 15 14 224 4810 980
8948 2 2 15 14 381 382 4799
8949 2 2 15 14 310 2939 4958
8950 2 2 15 14 3096 3099 4785
8951 2 2 15 14 3130 4806 3131
8952 2 2 15 14 150 149 4816
8953 2 2 15 14 1531 4663 4377
8954 2 2 15 14 1386 4580 3666
8955 2 2 15 14 2935 4887 2936
8956 2 2 15 14 2818 2820 4773
8957 2 2 15 14 3130 3780 4806
8958 2 2 15 14 294 654 4581
8959 2 2 15 14 3666 4580 4584
8960 2 2 15 14 2162 3980 4806
8961 2 2 15 14 3791 3792 4809
8962 2 2 15 14 4153 4805 4590
8963 2 2 15 14 1860 4389 4776
8964 2 2 15 14 2618 4372 4567
8965 2 2 15 14 955 4697 4495
8966 2 2 15 14 696 3666 4584
8967 2 2 15 14 2790 4586 3020
8968 2 2 15 14 3216 3218 4794
8969 2 2 15 14 1531 4803 4663
8970 2 2 15 14 696 4584 4587
8971 2 2 15 14 3204 4829 3206
8972 2 2 15 14 465 4811 464
8973 2 2 15 14 696 4587 3662
8974 2 2 15 14 2883 4448 4545
8975 2 2 15 14 2758 4908 4410
8976 2 2 15 14 3201 3202 4840
8977 2 2 15 14 1612 4773 4392
8978 2 2 15 14 756 4563 4639
8979 2 2 15 14 3080 4906 3082
8980 2 2 15 14 2868 4590 2870
8981 2 2 15 14 2563 3086 4965
8982 2 2 15 14 3662 4587 4589
8983 2 2 15 14 2816 4582 2820
8984 2 2 15 14 444 4445 4955
8985 2 2 15 14 400 401 4588
8986 2 2 15 14 3155 3157 4655
8987 2 2 15 14 1861 2075 4796
8988 2 2 15 14 1637 4705 2074
8989 2 2 15 14 1385 3662 4589
8990 2 2 15 14 103 1342 4848
8991 2 2 15 14 2439 3092 4943
8992 2 2 15 14 2525 4671 4654
8993 2 2 15 14 104 4848 3278
8994 2 2 15 14 2482 3129 4921
8995 2 2 15 14 1965 2720 4596
8996 2 2 15 14 2755 4728 4742
8997 2 2 15 14 3085 4978 3086
8998 2 2 15 14 1388 3599 4832
8999 2 2 15 14 2724 4596 4558
9000 2 2 15 14 1385 4589 4591
9001 2 2 15 14 228 4831 229
9002 2 2 15 14 461 462 4825
9003 2 2 15 14 3211 4843 3213
9004 2 2 15 14 3861 4834 3862
9005 2 2 15 14 1385 4591 3661
9006 2 2 15 14 463 862 4820
9007 2 2 15 14 2807 4460 5002
9008 2 2 15 14 2007 4822 4135
9009 2 2 15 14 2780 4783 4864
9010 2 2 15 14 2823 4592 3484
9011 2 2 15 14 2118 4926 3281
9012 2 2 15 14 1191 3283 4748
9013 2 2 15 14 3091 4959 3092
9014 2 2 15 14 290 4593 291
9015 2 2 15 14 3661 4591 4595
9016 2 2 15 14 2840 4766 4936
9017 2 2 15 14 2568 4486 4703
9018 2 2 15 14 2499 3134 4907
9019 2 2 15 14 488 489 4599
9020 2 2 15 14 2726 4334 4753
9021 2 2 15 14 3128 4942 3129
9022 2 2 15 14 383 4833 693
9023 2 2 15 14 384 1439 4833
9024 2 2 15 14 2820 4392 4773
9025 2 2 15 14 3384 4844 3385
9026 2 2 15 14 2044 4489 4718
9027 2 2 15 14 3247 3248 4857
9028 2 2 15 14 736 4572 4646
9029 2 2 15 14 698 3661 4595
9030 2 2 15 14 3208 3209 4866
9031 2 2 15 14 2813 5000 2969
9032 2 2 15 14 3596 4491 4713
9033 2 2 15 14 3792 4915 4809
9034 2 2 15 14 698 4595 4597
9035 2 2 15 14 3133 4923 3134
9036 2 2 15 14 3824 4164 4882
9037 2 2 15 14 2566 3375 4621
9038 2 2 15 14 698 4597 3651
9039 2 2 15 14 1363 4621 3375
9040 2 2 15 14 210 209 4986
9041 2 2 15 14 2352 4675 4662
9042 2 2 15 14 2314 2316 4598
9043 2 2 15 14 3176 3177 4602
9044 2 2 15 14 211 4611 1126
9045 2 2 15 14 590 4849 3759
9046 2 2 15 14 3098 3101 4667
9047 2 2 15 14 1483 3781 4739
9048 2 2 15 14 2685 2763 4852
9049 2 2 15 14 1999 4779 2001
9050 2 2 15 14 3651 4597 4603
9051 2 2 15 14 289 4850 660
9052 2 2 15 14 288 1410 4850
9053 2 2 15 14 1628 4680 4666
9054 2 2 15 14 1517 4228 4784
9055 2 2 15 14 2525 4660 4210
9056 2 2 15 14 1470 1629 4601
9057 2 2 15 14 460 909 4838
9058 2 2 15 14 2552 4812 3749
9059 2 2 15 14 1301 4642 4594
9060 2 2 15 14 1384 3651 4603
9061 2 2 15 14 459 4846 458
9062 2 2 15 14 2010 4856 3953
9063 2 2 15 14 90 89 4884
9064 2 2 15 14 3276 3277 5001
9065 2 2 15 14 871 4750 4471
9066 2 2 15 14 86 1840 4994
9067 2 2 15 14 87 4994 1824
9068 2 2 15 14 16 4859 17
9069 2 2 15 14 1384 4603 4607
9070 2 2 15 14 115 1139 4996
9071 2 2 15 14 3667 3671 4887
9072 2 2 15 14 3215 3217 4895
9073 2 2 15 14 1384 4607 3646
9074 2 2 15 14 3062 4605 4553
9075 2 2 15 14 1411 3131 4877
9076 2 2 15 14 1410 3067 4956
9077 2 2 15 14 74 73 4606
9078 2 2 15 14 1367 4885 3395
9079 2 2 15 14 198 4604 199
9080 2 2 15 14 3646 4607 4610
9081 2 2 15 14 3184 4384 4867
9082 2 2 15 14 587 4879 3749
9083 2 2 15 14 416 4847 1446
9084 2 2 15 14 390 4608 389
9085 2 2 15 14 277 4876 677
9086 2 2 15 14 276 1416 4876
9087 2 2 15 14 170 4878 1406
9088 2 2 15 14 293 4877 654
9089 2 2 15 14 292 1411 4877
9090 2 2 15 14 1629 4684 4672
9091 2 2 15 14 3086 4397 4965
9092 2 2 15 14 3823 3824 4882
9093 2 2 15 14 1822 4699 4701
9094 2 2 15 14 457 952 4853
9095 2 2 15 14 2744 4754 3163
9096 2 2 15 14 709 3646 4610
9097 2 2 15 14 669 4966 4872
9098 2 2 15 14 1405 3750 4889
9099 2 2 15 14 2781 4974 2981
9100 2 2 15 14 1504 1630 4609
9101 2 2 15 14 1935 3938 4881
9102 2 2 15 14 1138 4744 3764
9103 2 2 15 14 599 3641 4890
9104 2 2 15 14 3704 4890 3705
9105 2 2 15 14 473 4865 802
9106 2 2 15 14 3705 3963 4881
9107 2 2 15 14 709 4610 4612
9108 2 2 15 14 3125 4546 4583
9109 2 2 15 14 1 344 4897
9110 2 2 15 14 1 4897 9
9111 2 2 15 14 2682 2684 4870
9112 2 2 15 14 1455 4410 4908
9113 2 2 15 14 709 4612 3645
9114 2 2 15 14 252 717 4613
9115 2 2 15 14 3134 4919 4501
9116 2 2 15 14 441 4397 4975
9117 2 2 15 14 260 4614 261
9118 2 2 15 14 246 744 4904
9119 2 2 15 14 2991 4851 4797
9120 2 2 15 14 3645 4612 4615
9121 2 2 15 14 2071 4052 4898
9122 2 2 15 14 585 4993 3792
9123 2 2 15 14 668 3827 4910
9124 2 2 15 14 455 4875 991
9125 2 2 15 14 656 3453 4980
9126 2 2 15 14 1383 3645 4615
9127 2 2 15 14 2921 4062 4999
9128 2 2 15 14 2443 4909 3032
9129 2 2 15 14 1630 4689 4676
9130 2 2 15 14 2795 2909 4989
9131 2 2 15 14 1498 4516 4717
9132 2 2 15 14 476 4892 763
9133 2 2 15 14 2831 4920 2833
9134 2 2 15 14 1599 4616 1601
9135 2 2 15 14 311 4958 593
9136 2 2 15 14 1383 4615 4618
9137 2 2 15 14 405 949 4677
9138 2 2 15 14 454 991 4886
9139 2 2 15 14 8 343 4988
9140 2 2 15 14 8 4988 382
9141 2 2 15 14 3810 4746 4708
9142 2 2 15 14 3602 3603 4972
9143 2 2 15 14 500 4826 997
9144 2 2 15 14 1609 1634 4617
9145 2 2 15 14 412 4896 4130
9146 2 2 15 14 1383 4618 3636
9147 2 2 15 14 739 3620 4619
9148 2 2 15 14 2801 4956 3067
9149 2 2 15 14 413 1173 4896
9150 2 2 15 14 2802 3574 4956
9151 2 2 15 14 3618 4856 3939
9152 2 2 15 14 2076 2805 4912
9153 2 2 15 14 4241 4566 4722
9154 2 2 15 14 234 851 4951
9155 2 2 15 14 1415 4953 3853
9156 2 2 15 14 2726 4753 4418
9157 2 2 15 14 1412 4945 3851
9158 2 2 15 14 3636 4618 4626
9159 2 2 15 14 392 4936 391
9160 2 2 15 14 1548 2923 4917
9161 2 2 15 14 452 4901 1020
9162 2 2 15 14 3812 4963 3819
9163 2 2 15 14 2085 2618 4792
9164 2 2 15 14 1814 4176 4870
9165 2 2 15 14 3129 4940 4473
9166 2 2 15 14 2566 4621 2943
9167 2 2 15 14 535 4624 756
9168 2 2 15 14 418 4979 417
9169 2 2 15 14 539 540 4623
9170 2 2 15 14 538 4625 710
9171 2 2 15 14 757 3636 4626
9172 2 2 15 14 2742 4389 4799
9173 2 2 15 14 3399 4627 4701
9174 2 2 15 14 3353 4629 3354
9175 2 2 15 14 3739 4601 4678
9176 2 2 15 14 2176 2827 4620
9177 2 2 15 14 394 4961 795
9178 2 2 15 14 1860 4799 4389
9179 2 2 15 14 437 438 4970
9180 2 2 15 14 537 4628 536
9181 2 2 15 14 1865 4894 2184
9182 2 2 15 14 1641 1822 4627
9183 2 2 15 14 436 1275 4998
9184 2 2 15 14 435 4998 1547
9185 2 2 15 14 1419 4873 3863
9186 2 2 15 14 449 4919 1092
9187 2 2 15 14 1635 2074 4630
9188 2 2 15 14 1601 4616 4648
9189 2 2 15 14 3236 4701 4699
9190 2 2 15 14 3098 4667 4695
9191 2 2 15 14 2702 2800 4823
9192 2 2 15 14 3253 4227 4802
9193 2 2 15 14 2572 2797 4888
9194 2 2 15 14 2574 3553 4631
9195 2 2 15 14 446 4940 1127
9196 2 2 15 14 3175 3178 4855
9197 2 2 15 14 2774 4632 3292
9198 2 2 15 14 1566 1878 4925
9199 2 2 15 14 440 4975 1210
9200 2 2 15 14 1312 4938 1314
9201 2 2 15 14 2729 4793 4028
9202 2 2 15 14 443 4955 1174
9203 2 2 15 14 3059 3061 4634
9204 2 2 15 14 2523 4382 4798
9205 2 2 15 14 3092 4955 4445
9206 2 2 15 14 2553 3750 4812
9207 2 2 15 14 3732 4609 4683
9208 2 2 15 14 3796 4637 3797
9209 2 2 15 14 532 4633 736
9210 2 2 15 14 2787 4973 2905
9211 2 2 15 14 2539 4635 2541
9212 2 2 15 14 2118 4930 2120
9213 2 2 15 14 1637 1639 4705
9214 2 2 15 14 491 4854 1032
9215 2 2 15 14 3092 4445 4943
9216 2 2 15 14 2768 4803 4358
9217 2 2 15 14 3097 3098 4695
9218 2 2 15 14 2116 2595 4926
9219 2 2 15 14 6 167 4900
9220 2 2 15 14 6 4900 168
9221 2 2 15 14 3106 3111 4641
9222 2 2 15 14 533 534 4639
9223 2 2 15 14 2546 2582 4638
9224 2 2 15 14 347 348 4640
9225 2 2 15 14 3809 4963 3812
9226 2 2 15 14 3086 4975 4397
9227 2 2 15 14 3705 4881 3706
9228 2 2 15 14 1859 4622 4281
9229 2 2 15 14 1832 4634 4687
9230 2 2 15 14 2745 2764 4944
9231 2 2 15 14 1610 4947 4371
9232 2 2 15 14 2659 3614 4740
9233 2 2 15 14 1255 4642 1257
9234 2 2 15 14 3569 4617 4688
9235 2 2 15 14 3669 3670 4674
9236 2 2 15 14 529 4643 804
9237 2 2 15 14 3783 4910 4410
9238 2 2 15 14 151 4651 702
9239 2 2 15 14 498 499 4652
9240 2 2 15 14 2555 4322 4636
9241 2 2 15 14 3568 4630 4691
9242 2 2 15 14 2511 2732 4941
9243 2 2 15 14 502 990 4903
9244 2 2 15 14 2181 4003 4645
9245 2 2 15 14 531 4646 530
9246 2 2 15 14 2586 2589 4647
9247 2 2 15 14 1601 4648 1603
9248 2 2 15 14 996 4731 4557
9249 2 2 15 14 3489 4156 4644
9250 2 2 15 14 3958 4935 4389
9251 2 2 15 14 1165 1273 4649
9252 2 2 15 14 2752 4410 4910
9253 2 2 15 14 14 4650 759
9254 2 2 15 14 2609 4758 2740
9255 2 2 15 14 3742 3743 4654
9256 2 2 15 14 3172 3173 4992
9257 2 2 15 14 3392 4934 3461
9258 2 2 15 14 2730 4623 4532
9259 2 2 15 14 3097 4695 4712
9260 2 2 15 14 2545 4653 2939
9261 2 2 15 14 3258 4733 4585
9262 2 2 15 14 3145 4875 4853
9263 2 2 15 14 2962 2974 4656
9264 2 2 15 14 397 4655 765
9265 2 2 15 14 493 1023 4927
9266 2 2 15 14 3082 4886 4536
9267 2 2 15 14 336 692 4657
9268 2 2 15 14 1612 4860 4773
9269 2 2 15 14 2157 4756 4743
9270 2 2 15 14 3129 4473 4921
9271 2 2 15 14 2766 4939 3833
9272 2 2 15 14 393 795 4658
9273 2 2 15 14 804 4660 3784
9274 2 2 15 14 2575 4553 4605
9275 2 2 15 14 2874 4371 4947
9276 2 2 15 14 3738 3740 4662
9277 2 2 15 14 2775 3234 4663
9278 2 2 15 14 2760 4957 2772
9279 2 2 15 14 466 840 4661
9280 2 2 15 14 55 753 4665
9281 2 2 15 14 2739 4509 4715
9282 2 2 15 14 2168 4664 2631
9283 2 2 15 14 665 3394 4669
9284 2 2 15 14 2593 4210 4659
9285 2 2 15 14 3736 4666 3739
9286 2 2 15 14 266 4670 267
9287 2 2 15 14 3170 3171 4679
9288 2 2 15 14 2454 2564 4668
9289 2 2 15 14 1821 2352 4671
9290 2 2 15 14 2089 4909 2443
9291 2 2 15 14 1420 2924 4950
9292 2 2 15 14 3730 4672 3732
9293 2 2 15 14 2738 2897 4962
9294 2 2 15 14 2287 4673 2301
9295 2 2 15 14 2962 4656 4504
9296 2 2 15 14 1370 4715 4509
9297 2 2 15 14 1500 4667 4125
9298 2 2 15 14 2609 4483 4758
9299 2 2 15 14 2783 2981 4677
9300 2 2 15 14 3097 4712 3099
9301 2 2 15 14 3565 4676 3569
9302 2 2 15 14 1628 4675 3923
9303 2 2 15 14 2732 4432 4941
9304 2 2 15 14 2683 2694 4674
9305 2 2 15 14 665 4669 4472
9306 2 2 15 14 3731 3734 4678
9307 2 2 15 14 1466 1468 4680
9308 2 2 15 14 669 3073 4966
9309 2 2 15 14 3134 4501 4907
9310 2 2 15 14 2727 4891 3542
9311 2 2 15 14 3107 3180 4836
9312 2 2 15 14 3236 3397 4701
9313 2 2 15 14 3677 4874 4113
9314 2 2 15 14 1643 4681 1822
9315 2 2 15 14 3060 3236 4699
9316 2 2 15 14 2513 4941 3056
9317 2 2 15 14 1343 4880 4567
9318 2 2 15 14 2731 4628 4550
9319 2 2 15 14 3617 4856 3618
9320 2 2 15 14 3567 3571 4683
9321 2 2 15 14 1472 1502 4684
9322 2 2 15 14 2990 2991 4797
9323 2 2 15 14 1500 4695 4667
9324 2 2 15 14 3398 4686 3399
9325 2 2 15 14 2557 4682 2559
9326 2 2 15 14 1446 4847 4490
9327 2 2 15 14 1645 1701 4687
9328 2 2 15 14 469 813 4685
9329 2 2 15 14 2599 4749 2993
9330 2 2 15 14 2154 4692 3138
9331 2 2 15 14 1001 3069 4732
9332 2 2 15 14 3614 4577 4740
9333 2 2 15 14 489 4730 4599
9334 2 2 15 14 3564 4688 3568
9335 2 2 15 14 2775 4663 4803
9336 2 2 15 14 1522 1607 4689
9337 2 2 15 14 3049 3050 4707
9338 2 2 15 14 3108 4821 3110
9339 2 2 15 14 2612 4819 4109
9340 2 2 15 14 2855 4991 2946
9341 2 2 15 14 2576 2826 4693
9342 2 2 15 14 2600 4767 3723
9343 2 2 15 14 22 591 4690
9344 2 2 15 14 1419 4971 4873
9345 2 2 15 14 600 4583 4546
9346 2 2 15 14 1500 4204 4695
9347 2 2 15 14 126 4697 955
9348 2 2 15 14 425 426 4698
9349 2 2 15 14 2838 4976 4747
9350 2 2 15 14 98 4694 99
9351 2 2 15 14 2836 4702 3516
9352 2 2 15 14 2734 4639 4563
9353 2 2 15 14 3589 4691 4254
9354 2 2 15 14 1696 3854 4746
9355 2 2 15 14 2790 4733 4586
9356 2 2 15 14 962 1887 4742
9357 2 2 15 14 1337 4696 1817
9358 2 2 15 14 2739 4581 4795
9359 2 2 15 14 3248 4938 4857
9360 2 2 15 14 202 4914 1200
9361 2 2 15 14 3283 4828 4748
9362 2 2 15 14 766 3115 4710
9363 2 2 15 14 467 468 4818
9364 2 2 15 14 2656 2807 5002
9365 2 2 15 14 3061 4699 4681
9366 2 2 15 14 710 4625 4636
9367 2 2 15 14 2189 4928 3927
9368 2 2 15 14 4204 4712 4695
9369 2 2 15 14 3237 3238 4706
9370 2 2 15 14 3531 3533 4862
9371 2 2 15 14 714 4700 3185
9372 2 2 15 14 2635 4714 4704
9373 2 2 15 14 2568 4703 2570
9374 2 2 15 14 2800 2926 4861
9375 2 2 15 14 760 4763 4631
9376 2 2 15 14 2635 4704 4205
9377 2 2 15 14 752 4999 4640
9378 2 2 15 14 1526 2151 4700
9379 2 2 15 14 3851 4945 4778
9380 2 2 15 14 1612 3087 4860
9381 2 2 15 14 991 4536 4886
9382 2 2 15 14 2735 4646 4572
9383 2 2 15 14 204 4842 205
9384 2 2 15 14 1301 4708 3921
9385 2 2 15 14 1518 3481 4709
9386 2 2 15 14 2986 4732 3069
9387 2 2 15 14 598 4711 603
9388 2 2 15 14 2073 4714 2635
9389 2 2 15 14 1483 4739 4556
9390 2 2 15 14 2805 4928 3510
9391 2 2 15 14 3596 4713 3597
9392 2 2 15 14 3294 4864 4722
9393 2 2 15 14 3534 4716 4468
9394 2 2 15 14 1665 4698 4869
9395 2 2 15 14 296 4715 1370
9396 2 2 15 14 2659 4740 4830
9397 2 2 15 14 2549 4558 4596
9398 2 2 15 14 4210 4660 4659
9399 2 2 15 14 804 4659 4660
9400 2 2 15 14 756 4624 4638
9401 2 2 15 14 3533 4573 4729
9402 2 2 15 14 2042 2044 4718
9403 2 2 15 14 2986 2988 4732
9404 2 2 15 14 1696 4746 4769
9405 2 2 15 14 1655 4712 4204
9406 2 2 15 14 1498 4717 1514
9407 2 2 15 14 1412 4099 4804
9408 2 2 15 14 952 4579 4853
9409 2 2 15 14 2706 2707 4778
9410 2 2 15 14 3824 4845 4163
9411 2 2 15 14 3708 3938 4793
9412 2 2 15 14 4281 4622 4753
9413 2 2 15 14 2870 4590 4805
9414 2 2 15 14 3298 4723 3301
9415 2 2 15 14 1517 4784 4857
9416 2 2 15 14 3626 4721 3627
9417 2 2 15 14 909 4602 4838
9418 2 2 15 14 3114 4661 4807
9419 2 2 15 14 2009 4241 4722
9420 2 2 15 14 2763 4613 4852
9421 2 2 15 14 2911 4720 4216
9422 2 2 15 14 958 4719 4192
9423 2 2 15 14 2718 4710 4918
9424 2 2 15 14 3542 4891 4982
9425 2 2 15 14 2600 3494 4767
9426 2 2 15 14 3792 4993 4664
9427 2 2 15 14 736 4633 4647
9428 2 2 15 14 862 4641 4820
9429 2 2 15 14 1348 4726 3293
9430 2 2 15 14 958 4728 4719
9431 2 2 15 14 3980 4937 4806
9432 2 2 15 14 1670 4724 4228
9433 2 2 15 14 3195 4685 4817
9434 2 2 15 14 705 4758 4483
9435 2 2 15 14 2679 3641 4798
9436 2 2 15 14 472 802 4727
9437 2 2 15 14 2169 4437 4915
9438 2 2 15 14 593 4958 4653
9439 2 2 15 14 1138 4922 4744
9440 2 2 15 14 3145 4853 4579
9441 2 2 15 14 996 3307 4731
9442 2 2 15 14 490 4730 489
9443 2 2 15 14 958 959 4728
9444 2 2 15 14 2631 4993 3846
9445 2 2 15 14 242 4729 814
9446 2 2 15 14 1414 3833 4939
9447 2 2 15 14 3282 4828 3283
9448 2 2 15 14 2003 4725 2705
9449 2 2 15 14 169 4562 4878
9450 2 2 15 14 753 4522 4665
9451 2 2 15 14 88 4741 89
9452 2 2 15 14 1696 4769 3873
9453 2 2 15 14 804 4643 4659
9454 2 2 15 14 2874 4947 2875
9455 2 2 15 14 3070 3071 4735
9456 2 2 15 14 3131 4937 4877
9457 2 2 15 14 3066 4468 4716
9458 2 2 15 14 1413 4740 4577
9459 2 2 15 14 203 1200 4738
9460 2 2 15 14 2997 4948 3019
9461 2 2 15 14 3807 3817 4963
9462 2 2 15 14 3257 4733 3258
9463 2 2 15 14 2721 4714 4768
9464 2 2 15 14 2866 2902 4756
9465 2 2 15 14 4395 4538 4918
9466 2 2 15 14 1629 4678 4601
9467 2 2 15 14 2013 3848 4734
9468 2 2 15 14 1961 4812 2552
9469 2 2 15 14 3170 4679 4757
9470 2 2 15 14 3615 4721 4781
9471 2 2 15 14 2559 4682 4771
9472 2 2 15 14 2074 4705 4686
9473 2 2 15 14 3441 4471 4750
9474 2 2 15 14 3088 4872 4801
9475 2 2 15 14 2532 4739 4809
9476 2 2 15 14 3460 3461 4736
9477 2 2 15 14 1160 4737 3617
9478 2 2 15 14 2740 4758 4917
9479 2 2 15 14 2069 4506 4759
9480 2 2 15 14 802 4865 4829
9481 2 2 15 14 3813 4594 4642
9482 2 2 15 14 3742 4654 4671
9483 2 2 15 14 2805 4922 3927
9484 2 2 15 14 3723 4767 4858
9485 2 2 15 14 2505 4837 4462
9486 2 2 15 14 3822 4845 3824
9487 2 2 15 14 2179 4707 4779
9488 2 2 15 14 2719 3170 4757
9489 2 2 15 14 1413 3852 4740
9490 2 2 15 14 1630 4683 4609
9491 2 2 15 14 3202 4727 4840
9492 2 2 15 14 1961 2553 4812
9493 2 2 15 14 2050 2052 4827
9494 2 2 15 14 471 4841 470
9495 2 2 15 14 2073 4774 4768
9496 2 2 15 14 2755 4742 4185
9497 2 2 15 14 1404 2946 4991
9498 2 2 15 14 2914 2917 4741
9499 2 2 15 14 2695 4987 3186
9500 2 2 15 14 2619 4871 2754
9501 2 2 15 14 3177 4838 4602
9502 2 2 15 14 2779 2780 4801
9503 2 2 15 14 2804 4174 4744
9504 2 2 15 14 1191 4748 4629
9505 2 2 15 14 3817 3819 4963
9506 2 2 15 14 3738 4662 4675
9507 2 2 15 14 3087 4946 4860
9508 2 2 15 14 3810 3811 4746
9509 2 2 15 14 399 816 4745
9510 2 2 15 14 2892 2893 4765
9511 2 2 15 14 1619 4774 2073
9512 2 2 15 14 3739 4666 4680
9513 2 2 15 14 2157 4528 4756
9514 2 2 15 14 2723 4453 4905
9515 2 2 15 14 16 4967 3820
9516 2 2 15 14 1634 4688 4617
9517 2 2 15 14 1409 4640 4989
9518 2 2 15 14 3385 4165 4981
9519 2 2 15 14 230 229 4750
9520 2 2 15 14 240 803 4751
9521 2 2 15 14 3256 4784 3257
9522 2 2 15 14 2736 4748 4257
9523 2 2 15 14 3732 4672 4684
9524 2 2 15 14 475 763 4752
9525 2 2 15 14 1419 3864 4971
9526 2 2 15 14 2743 4754 2744
9527 2 2 15 14 2052 2060 4827
9528 2 2 15 14 1619 3477 4783
9529 2 2 15 14 2074 4691 4630
9530 2 2 15 14 2940 2990 4759
9531 2 2 15 14 1670 4586 4724
9532 2 2 15 14 2754 4871 4810
9533 2 2 15 14 2707 4492 4778
9534 2 2 15 14 1619 4783 4774
9535 2 2 15 14 3216 4794 3268
9536 2 2 15 14 763 4892 4843
9537 2 2 15 14 3209 4752 4866
9538 2 2 15 14 439 1210 4755
9539 2 2 15 14 3669 4674 4933
9540 2 2 15 14 1822 4701 4627
9541 2 2 15 14 2602 4760 3573
9542 2 2 15 14 1003 4129 4757
9543 2 2 15 14 705 4076 4758
9544 2 2 15 14 3569 4676 4689
9545 2 2 15 14 4281 4753 4334
9546 2 2 15 14 3811 4769 4746
9547 2 2 15 14 3061 4687 4634
9548 2 2 15 14 1516 4805 4153
9549 2 2 15 14 3439 4931 3442
9550 2 2 15 14 1677 4946 3087
9551 2 2 15 14 1232 3281 4762
9552 2 2 15 14 2892 4765 2927
9553 2 2 15 14 2659 4830 3600
9554 2 2 15 14 1828 4761 1830
9555 2 2 15 14 3153 3155 4911
9556 2 2 15 14 3674 3675 4775
9557 2 2 15 14 3217 4770 4895
9558 2 2 15 14 254 4763 760
9559 2 2 15 14 3340 4802 4227
9560 2 2 15 14 2689 2690 4902
9561 2 2 15 14 2613 4764 2615
9562 2 2 15 14 1406 4874 4309
9563 2 2 15 14 2694 4933 4674
9564 2 2 15 14 1445 3146 4913
9565 2 2 15 14 470 4841 813
9566 2 2 15 14 2806 3542 4982
9567 2 2 15 14 2138 4851 4060
9568 2 2 15 14 2736 4629 4748
9569 2 2 15 14 3786 4905 4453
9570 2 2 15 14 2595 4762 4926
9571 2 2 15 14 3111 4820 4641
9572 2 2 15 14 3022 3023 4985
9573 2 2 15 14 2687 3227 4772
9574 2 2 15 14 2777 4768 4774
9575 2 2 15 14 2777 4242 4768
9576 2 2 15 14 3811 3814 4769
9577 2 2 15 14 2839 4640 4999
9578 2 2 15 14 3527 4952 3871
9579 2 2 15 14 478 747 4770
9580 2 2 15 14 467 4818 840
9581 2 2 15 14 2692 4845 3825
9582 2 2 15 14 3814 4747 4976
9583 2 2 15 14 3852 4830 4740
9584 2 2 15 14 2559 4771 2561
9585 2 2 15 14 3822 3825 4845
9586 2 2 15 14 3010 4782 3012
9587 2 2 15 14 2705 4725 4835
9588 2 2 15 14 814 4729 4573
9589 2 2 15 14 2818 4773 2821
9590 2 2 15 14 1860 4776 3480
9591 2 2 15 14 3110 4821 3114
9592 2 2 15 14 2777 4774 2778
9593 2 2 15 14 2940 4759 4506
9594 2 2 15 14 840 4807 4661
9595 2 2 15 14 662 4778 4492
9596 2 2 15 14 716 4936 4766
9597 2 2 15 14 2016 2018 4777
9598 2 2 15 14 3938 4028 4793
9599 2 2 15 14 3640 4798 3641
9600 2 2 15 14 3723 4858 4316
9601 2 2 15 14 3461 4934 4780
9602 2 2 15 14 2778 4774 4783
9603 2 2 15 14 2048 4780 2067
9604 2 2 15 14 2725 4916 4325
9605 2 2 15 14 1418 3859 4781
9606 2 2 15 14 2723 4905 4480
9607 2 2 15 14 205 4842 1175
9608 2 2 15 14 2782 3169 4808
9609 2 2 15 14 4109 4819 4248
9610 2 2 15 14 3096 4785 3443
9611 2 2 15 14 2778 4783 2780
9612 2 2 15 14 1822 4681 4699
9613 2 2 15 14 2753 3827 4882
9614 2 2 15 14 144 4786 145
9615 2 2 15 14 2866 4756 4528
9616 2 2 15 14 4257 4748 4828
9617 2 2 15 14 1999 2179 4779
9618 2 2 15 14 3185 4700 4867
9619 2 2 15 14 4135 4822 4949
9620 2 2 15 14 182 3509 4787
9621 2 2 15 14 650 4859 3819
9622 2 2 15 14 183 4787 2189
9623 2 2 15 14 249 761 4788
9624 2 2 15 14 4113 4637 4822
9625 2 2 15 14 3600 4830 4924
9626 2 2 15 14 3796 4822 4637
9627 2 2 15 14 15 759 4967
9628 2 2 15 14 214 1343 4800
9629 2 2 15 14 3677 4309 4874
9630 2 2 15 14 3399 4686 4705
9631 2 2 15 14 2532 4809 4915
9632 2 2 15 14 3192 4791 3195
9633 2 2 15 14 2897 4815 4962
9634 2 2 15 14 1516 4960 4805
9635 2 2 15 14 248 247 4789
9636 2 2 15 14 2689 4902 4459
9637 2 2 15 14 236 235 4790
9638 2 2 15 14 3056 4941 4432
9639 2 2 15 14 3113 4807 3191
9640 2 2 15 14 2151 4867 4700
9641 2 2 15 14 3708 4793 3710
9642 2 2 15 14 2530 4556 4739
9643 2 2 15 14 2628 4795 3980
9644 2 2 15 14 2612 4731 4819
9645 2 2 15 14 3107 4836 3111
9646 2 2 15 14 3819 4859 3820
9647 2 2 15 14 2719 4757 4913
9648 2 2 15 14 2804 4744 4922
9649 2 2 15 14 2138 4058 4797
9650 2 2 15 14 381 4799 1860
9651 2 2 15 14 1861 4796 1863
9652 2 2 15 14 4325 4916 4987
9653 2 2 15 14 216 4954 1117
9654 2 2 15 14 2870 4805 2872
9655 2 2 15 14 2615 4764 4863
9656 2 2 15 14 200 1124 4815
9657 2 2 15 14 3766 4804 4099
9658 2 2 15 14 4248 4819 4893
9659 2 2 15 14 3494 4657 4767
9660 2 2 15 14 2162 4806 3780
9661 2 2 15 14 2085 4792 2087
9662 2 2 15 14 2753 4882 4164
9663 2 2 15 14 3510 4709 4912
9664 2 2 15 14 3781 3791 4809
9665 2 2 15 14 224 223 4810
9666 2 2 15 14 3749 4812 3750
9667 2 2 15 14 3598 4824 3603
9668 2 2 15 14 4316 4858 4950
9669 2 2 15 14 149 839 4816
9670 2 2 15 14 3199 4814 3202
9671 2 2 15 14 464 4811 862
9672 2 2 15 14 692 4858 4767
9673 2 2 15 14 2784 4839 3173
9674 2 2 15 14 2747 2971 4932
9675 2 2 15 14 3194 4817 3197
9676 2 2 15 14 382 4988 4799
9677 2 2 15 14 4076 4917 4758
9678 2 2 15 14 2967 4869 4698
9679 2 2 15 14 3153 4911 3156
9680 2 2 15 14 4129 4913 4757
9681 2 2 15 14 2687 4772 4873
9682 2 2 15 14 2679 4798 4382
9683 2 2 15 14 2740 4917 2923
9684 2 2 15 14 2618 4567 4880
9685 2 2 15 14 463 4820 462
9686 2 2 15 14 216 215 4954
9687 2 2 15 14 2725 2794 4916
9688 2 2 15 14 2821 4773 4860
9689 2 2 15 14 2875 4997 2912
9690 2 2 15 14 2007 4113 4822
9691 2 2 15 14 677 4824 3856
9692 2 2 15 14 1531 4358 4803
9693 2 2 15 14 3528 3531 4862
9694 2 2 15 14 3533 4751 4862
9695 2 2 15 14 3206 4829 3209
9696 2 2 15 14 500 501 4826
9697 2 2 15 14 813 4817 4685
9698 2 2 15 14 461 4825 909
9699 2 2 15 14 3859 4891 4781
9700 2 2 15 14 2912 4997 2913
9701 2 2 15 14 1138 3927 4922
9702 2 2 15 14 672 4830 3852
9703 2 2 15 14 228 936 4831
9704 2 2 15 14 3990 4490 4847
9705 2 2 15 14 1388 4832 3640
9706 2 2 15 14 980 4871 3879
9707 2 2 15 14 384 4833 383
9708 2 2 15 14 1414 4834 3861
9709 2 2 15 14 2424 4462 4837
9710 2 2 15 14 2702 4823 2897
9711 2 2 15 14 3141 4883 3143
9712 2 2 15 14 2839 4989 4640
9713 2 2 15 14 2595 4257 4828
9714 2 2 15 14 2765 4939 2766
9715 2 2 15 14 3201 4840 3204
9716 2 2 15 14 459 460 4838
9717 2 2 15 14 247 4904 4789
9718 2 2 15 14 654 4795 4581
9719 2 2 15 14 3294 4726 4864
9720 2 2 15 14 1394 4480 4905
9721 2 2 15 14 3213 4843 3217
9722 2 2 15 14 3175 4855 3177
9723 2 2 15 14 3307 4893 4819
9724 2 2 15 14 2705 4835 2928
9725 2 2 15 14 759 4650 4747
9726 2 2 15 14 1863 4796 4894
9727 2 2 15 14 593 4844 3384
9728 2 2 15 14 3439 3441 4931
9729 2 2 15 14 2756 3600 4924
9730 2 2 15 14 1406 4637 4874
9731 2 2 15 14 1124 4604 4977
9732 2 2 15 14 2692 4163 4845
9733 2 2 15 14 9 4897 4533
9734 2 2 15 14 104 103 4848
9735 2 2 15 14 416 417 4847
9736 2 2 15 14 235 4951 4790
9737 2 2 15 14 2872 4805 4960
9738 2 2 15 14 3878 3879 4983
9739 2 2 15 14 590 3710 4849
9740 2 2 15 14 458 4846 952
9741 2 2 15 14 16 15 4967
9742 2 2 15 14 1200 4914 4823
9743 2 2 15 14 288 4850 289
9744 2 2 15 14 3305 4893 3307
9745 2 2 15 14 2685 4852 2831
9746 2 2 15 14 3247 4857 3256
9747 2 2 15 14 3184 4867 4990
9748 2 2 15 14 457 4853 456
9749 2 2 15 14 3385 4981 3387
9750 2 2 15 14 2010 3939 4856
9751 2 2 15 14 2782 4808 4974
9752 2 2 15 14 492 4854 491
9753 2 2 15 14 3303 4237 4964
9754 2 2 15 14 1871 4893 4964
9755 2 2 15 14 2620 4984 4523
9756 2 2 15 14 3030 3031 4880
9757 2 2 15 14 692 3868 4858
9758 2 2 15 14 3208 4866 3211
9759 2 2 15 14 17 4859 650
9760 2 2 15 14 2087 4792 4909
9761 2 2 15 14 2073 4768 4714
9762 2 2 15 14 2615 4863 2760
9763 2 2 15 14 473 474 4865
9764 2 2 15 14 1455 4908 4578
9765 2 2 15 14 2769 4906 3080
9766 2 2 15 14 672 4924 4830
9767 2 2 15 14 501 4903 4826
9768 2 2 15 14 456 4853 4875
9769 2 2 15 14 1823 2984 4968
9770 2 2 15 14 2821 4860 2829
9771 2 2 15 14 2924 4316 4950
9772 2 2 15 14 1871 4248 4893
9773 2 2 15 14 202 201 4914
9774 2 2 15 14 2687 4873 3552
9775 2 2 15 14 90 4884 1874
9776 2 2 15 14 2909 2910 4899
9777 2 2 15 14 455 456 4875
9778 2 2 15 14 276 4876 277
9779 2 2 15 14 2780 4726 4801
9780 2 2 15 14 292 4877 293
9781 2 2 15 14 2695 4325 4987
9782 2 2 15 14 2769 4907 4906
9783 2 2 15 14 169 4878 170
9784 2 2 15 14 1418 4781 4721
9785 2 2 15 14 587 3787 4879
9786 2 2 15 14 2682 4870 4176
9787 2 2 15 14 3528 4862 4952
9788 2 2 15 14 3823 4882 3827
9789 2 2 15 14 1367 3404 4885
9790 2 2 15 14 1935 4881 3963
9791 2 2 15 14 2719 4913 3146
9792 2 2 15 14 848 3667 4887
9793 2 2 15 14 3305 4964 4893
9794 2 2 15 14 1124 4977 4962
9795 2 2 15 14 1823 4968 3029
9796 2 2 15 14 2779 4872 4255
9797 2 2 15 14 453 454 4886
9798 2 2 15 14 1405 4889 3758
9799 2 2 15 14 599 4890 3704
9800 2 2 15 14 685 4891 3859
9801 2 2 15 14 706 4957 3865
9802 2 2 15 14 717 4852 4613
9803 2 2 15 14 2930 4962 4977
9804 2 2 15 14 3215 4895 3218
9805 2 2 15 14 2159 4564 4899
9806 2 2 15 14 167 2158 4900
9807 2 2 15 14 477 4892 476
9808 2 2 15 14 692 4767 4657
9809 2 2 15 14 2572 4888 2785
9810 2 2 15 14 3877 3878 4983
9811 2 2 15 14 344 2159 4897
9812 2 2 15 14 412 413 4896
9813 2 2 15 14 2123 3877 4983
9814 2 2 15 14 3185 4867 4384
9815 2 2 15 14 453 4886 4901
9816 2 2 15 14 2071 4898 3939
9817 2 2 15 14 3256 4857 4784
9818 2 2 15 14 2499 4907 2769
9819 2 2 15 14 1863 4894 1865
9820 2 2 15 14 594 4459 4902
9821 2 2 15 14 2768 4929 4803
9822 2 2 15 14 3868 4950 4858
9823 2 2 15 14 453 4901 452
9824 2 2 15 14 492 4927 4854
9825 2 2 15 14 3781 4809 4739
9826 2 2 15 14 246 4904 247
9827 2 2 15 14 1394 4905 3786
9828 2 2 15 14 654 4937 4795
9829 2 2 15 14 502 4903 501
9830 2 2 15 14 3257 4784 4724
9831 2 2 15 14 2758 2921 4908
9832 2 2 15 14 2482 4921 3132
9833 2 2 15 14 3527 3528 4952
9834 2 2 15 14 3132 4921 4923
9835 2 2 15 14 3390 4995 4934
9836 2 2 15 14 668 4910 3783
9837 2 2 15 14 2732 2803 4969
9838 2 2 15 14 3552 4873 4971
9839 2 2 15 14 2067 4934 4995
9840 2 2 15 14 3669 4933 3671
9841 2 2 15 14 2829 4860 4946
9842 2 2 15 14 2747 4932 3084
9843 2 2 15 14 2076 4912 2514
9844 2 2 15 14 949 4115 4992
9845 2 2 15 14 1346 4432 4969
9846 2 2 15 14 2733 2775 4929
9847 2 2 15 14 2060 4736 4827
9848 2 2 15 14 3132 4923 3133
9849 2 2 15 14 3404 4980 4885
9850 2 2 15 14 1548 4917 4076
9851 2 2 15 14 1445 4913 4129
9852 2 2 15 14 449 450 4919
9853 2 2 15 14 1516 4371 4960
9854 2 2 15 14 685 4982 4891
9855 2 2 15 14 2833 4920 2983
9856 2 2 15 14 2439 4943 3127
9857 2 2 15 14 2947 4949 3796
9858 2 2 15 14 3127 4943 4942
9859 2 2 15 14 2804 4922 2805
9860 2 2 15 14 672 3853 4924
9861 2 2 15 14 2886 3029 4968
9862 2 2 15 14 3390 4934 3392
9863 2 2 15 14 803 4952 4862
9864 2 2 15 14 3084 4932 4978
9865 2 2 15 14 2087 4909 2089
9866 2 2 15 14 2785 4888 4973
9867 2 2 15 14 1566 4925 1568
9868 2 2 15 14 802 4840 4727
9869 2 2 15 14 492 493 4927
9870 2 2 15 14 3127 4942 3128
9871 2 2 15 14 2116 4926 2118
9872 2 2 15 14 4255 4872 4966
9873 2 2 15 14 2563 4965 3090
9874 2 2 15 14 3090 4965 4959
9875 2 2 15 14 1456 4935 3958
9876 2 2 15 14 2120 4930 2722
9877 2 2 15 14 3807 4963 3809
9878 2 2 15 14 391 4936 716
9879 2 2 15 14 209 1141 4986
9880 2 2 15 14 447 4940 446
9881 2 2 15 14 1312 1517 4938
9882 2 2 15 14 2732 4969 4432
9883 2 2 15 14 3090 4959 3091
9884 2 2 15 14 2874 4960 4371
9885 2 2 15 14 2872 4960 2874
9886 2 2 15 14 839 4987 4916
9887 2 2 15 14 2532 4915 4437
9888 2 2 15 14 839 3186 4987
9889 2 2 15 14 3303 4964 3305
9890 2 2 15 14 234 4951 235
9891 2 2 15 14 3155 4745 4911
9892 2 2 15 14 1420 4950 3868
9893 2 2 15 14 3084 4978 3085
9894 2 2 15 14 803 3871 4952
9895 2 2 15 14 1415 3934 4953
9896 2 2 15 14 2801 2802 4956
9897 2 2 15 14 3131 4806 4937
9898 2 2 15 14 2745 4944 2748
9899 2 2 15 14 2511 4941 2513
9900 2 2 15 14 443 444 4955
9901 2 2 15 14 310 4958 311
9902 2 2 15 14 2781 2782 4974
9903 2 2 15 14 394 395 4961
9904 2 2 15 14 2813 2815 5000
9905 2 2 15 14 2706 4945 4225
9906 2 2 15 14 2829 4946 2884
9907 2 2 15 14 2767 3552 4971
9908 2 2 15 14 2793 3602 4972
9909 2 2 15 14 656 4980 3404
9910 2 2 15 14 441 4975 440
9911 2 2 15 14 2851 3276 5001
9912 2 2 15 14 1871 4964 4237
9913 2 2 15 14 685 3860 4982
9914 2 2 15 14 86 4994 87
9915 2 2 15 14 2067 4995 4489
9916 2 2 15 14 116 115 4996
9917 2 2 15 14 2795 4989 2839
9918 2 2 15 14 585 3846 4993
9919 2 2 15 14 3388 4995 3390
9920 2 2 15 14 437 4970 1275
9921 2 2 15 14 343 2742 4988
9922 2 2 15 14 2491 4060 4985
9923 2 2 15 14 1517 4857 4938
9924 2 2 15 14 648 3862 5002
9925 2 2 15 14 2839 4999 4062
9926 2 2 15 14 2070 4981 4165
9927 2 2 15 14 2785 4973 2787
9928 2 2 15 14 418 1330 4979
9929 2 2 15 14 435 436 4998
9930 2 2 15 14 2939 4653 4958
9931 2 2 15 14 2771 4255 4966
9932 2 2 15 14 2738 4962 2930
9933 2 2 15 14 2159 4533 4897
9934 2 2 15 14 4228 4724 4784
9935 2 2 15 14 2913 4997 4436
9936 2 2 15 14 3980 4795 4937
9937 2 2 15 14 2151 4377 4990
9938 2 2 15 14 2631 4664 4993
9939 2 2 15 14 2779 4801 4872
9940 2 2 15 14 1610 4436 4947
9941 2 2 15 14 2620 4569 4984
9942 2 2 15 14 1348 4801 4726
9943 2 2 15 14 2706 4778 4945
9944 2 2 15 14 2909 4899 4564
9945 2 2 15 14 2514 4912 4709
9946 2 2 15 14 2921 4578 4908
9947 2 2 15 14 813 4841 4814
9948 2 2 15 14 3671 4933 4499
9949 2 2 15 14 763 4866 4752
9950 2 2 15 14 840 4818 4791
9951 2 2 15 14 2694 4499 4933
9952 2 2 15 14 2158 4562 4900
9953 2 2 15 14 2803 4977 4604
9954 2 2 15 14 3307 4819 4731
9955 2 2 15 14 1175 4842 4765
9956 2 2 15 14 168 4900 4562
9957 2 2 15 14 2718 4918 4538
9958 2 2 15 14 3114 4821 4811
9959 2 2 15 14 4113 4874 4637
9960 2 2 15 14 3461 4827 4736
9961 2 2 15 14 759 4813 4967
9962 2 2 15 14 1200 4861 4738
9963 2 2 15 14 3209 4829 4865
9964 2 2 15 14 3388 4489 4995
9965 2 2 15 14 2780 4864 4726
9966 2 2 15 14 3047 4523 4984
9967 2 2 15 14 2971 4755 4932
9968 2 2 15 14 2927 4765 4842
9969 2 2 15 14 4060 4851 4985
9970 2 2 15 14 3022 4985 4851
9971 2 2 15 14 3195 4791 4818
9972 2 2 15 14 1117 4954 4835
9973 2 2 15 14 3111 4836 4825
9974 2 2 15 14 747 4895 4770
9975 2 2 15 14 2794 4816 4916
9976 2 2 15 14 862 4811 4821
9977 2 2 15 14 803 4862 4751
9978 2 2 15 14 3796 4949 4822
9979 2 2 15 14 3217 4843 4892
9980 2 2 15 14 3202 4814 4841
9981 2 2 15 14 909 4825 4836
9982 2 2 15 14 2765 4834 4939
9983 2 2 15 14 2742 4799 4988
9984 2 2 15 14 3441 4831 4931
9985 2 2 15 14 3873 4769 4976
9986 2 2 15 14 816 4911 4745
9987 2 2 15 14 3281 4926 4762
9988 2 2 15 14 3177 4855 4846
9989 2 2 15 14 2775 4803 4929
9990 2 2 15 14 952 4846 4855
9991 2 2 15 14 3865 4957 4863
9992 2 2 15 14 2067 4780 4934
9993 2 2 15 14 839 4916 4816
9994 2 2 15 14 949 4992 4839
9995 2 2 15 14 2897 4823 4914
9996 2 2 15 14 2151 4990 4867
9997 2 2 15 14 1124 4962 4815
9998 2 2 15 14 3814 4976 4769
9999 2 2 15 14 936 4931 4831
10000 2 2 15 14 1414 4939 4834
10001 2 2 15 14 3820 4967 4813
10002 2 2 15 14 2928 4835 4954
10003 2 2 15 14 2760 4863 4957
10004 2 2 15 14 3173 4839 4992
$EndElements
