0	1	1	1	1.4668e+01	1.4814e+01	6.8150e-18	1.8641e+01	1.6134e-16	2.3456e+01	2.3305e-16	2.9514e+01	2.5447e-16	3.7138e+01	2.5078e-16	4.6730e+01	2.3445e-16	5.8801e+01	2.1241e-16	7.3989e+01	1.8855e-16	9.3100e+01	1.6498e-16	1.1715e+02	1.4284e-16	1.4741e+02	1.2266e-16	1.8548e+02	1.0465e-16	2.3339e+02	8.8804e-17	2.9368e+02	7.5024e-17	3.6953e+02	6.3137e-17	4.6499e+02	5.2957e-17	5.8509e+02	4.4290e-17	7.3622e+02	3.6944e-17	9.2638e+02	3.0746e-17	1.1657e+03	2.5534e-17	1.4668e+03	2.1208e-17	
0	1	1	2	2.9550e+01	2.9846e+01	8.4124e-19	3.7555e+01	1.4293e-17	4.7255e+01	2.0482e-17	5.9461e+01	2.2699e-17	7.4820e+01	2.2736e-17	9.4146e+01	2.1602e-17	1.1846e+02	1.9877e-17	1.4906e+02	1.7903e-17	1.8757e+02	1.5879e-17	2.3601e+02	1.3921e-17	2.9698e+02	1.2093e-17	3.7368e+02	1.0426e-17	4.7021e+02	8.9335e-18	5.9166e+02	7.6140e-18	7.4449e+02	6.4595e-18	9.3679e+02	5.4582e-18	1.1788e+03	4.5959e-18	1.4832e+03	3.8575e-18	1.8663e+03	3.2287e-18	2.3484e+03	2.6954e-18	2.9550e+03	2.2485e-18	
0	1	1	3	3.3478e+01	3.3813e+01	1.0000e-26	4.2547e+01	5.5882e-19	5.3537e+01	3.0566e-18	6.7365e+01	3.8945e-18	8.4766e+01	4.1213e-18	1.0666e+02	4.0296e-18	1.3421e+02	3.7730e-18	1.6888e+02	3.4380e-18	2.1250e+02	3.0750e-18	2.6739e+02	2.7130e-18	3.3645e+02	2.3685e-18	4.2336e+02	2.0504e-18	5.3271e+02	1.7629e-18	6.7031e+02	1.5068e-18	8.4345e+02	1.2816e-18	1.0613e+03	1.0853e-18	1.3355e+03	9.1557e-19	1.6804e+03	7.6981e-19	2.1144e+03	6.4531e-19	2.6606e+03	5.3949e-19	3.3478e+03	4.4992e-19	
0	1	1	7	3.9863e+01	4.0261e+01	1.0000e-26	5.0661e+01	4.3220e-19	6.3746e+01	9.2794e-19	8.0212e+01	1.0731e-18	1.0093e+02	1.0930e-18	1.2700e+02	1.0477e-18	1.5981e+02	9.6923e-19	2.0108e+02	8.7610e-19	2.5302e+02	7.7908e-19	3.1838e+02	6.8434e-19	4.0061e+02	5.9539e-19	5.0409e+02	5.1399e-19	6.3430e+02	4.4086e-19	7.9814e+02	3.7608e-19	1.0043e+03	3.1931e-19	1.2637e+03	2.7000e-19	1.5901e+03	2.2747e-19	2.0008e+03	1.9103e-19	2.5177e+03	1.5996e-19	3.1680e+03	1.3361e-19	3.9863e+03	1.1133e-19	
0	1	1	10	4.1684e+01	4.2101e+01	1.0000e-26	5.2976e+01	5.1089e-19	6.6660e+01	1.0065e-18	8.3878e+01	1.1535e-18	1.0554e+02	1.1709e-18	1.3281e+02	1.1202e-18	1.6711e+02	1.0352e-18	2.1027e+02	9.3505e-19	2.6459e+02	8.3105e-19	3.3293e+02	7.2970e-19	4.1892e+02	6.3465e-19	5.2713e+02	5.4775e-19	6.6329e+02	4.6971e-19	8.3462e+02	4.0062e-19	1.0502e+03	3.4009e-19	1.3215e+03	2.8753e-19	1.6628e+03	2.4221e-19	2.0923e+03	2.0338e-19	2.6327e+03	1.7030e-19	3.3128e+03	1.4222e-19	4.1684e+03	1.1850e-19	
0	1	1	14	5.1883e+01	5.2402e+01	1.0000e-26	6.5937e+01	1.0000e-26	8.2968e+01	1.3936e-19	1.0440e+02	2.1969e-19	1.3137e+02	2.4227e-19	1.6530e+02	2.3971e-19	2.0799e+02	2.2457e-19	2.6172e+02	2.0372e-19	3.2932e+02	1.8099e-19	4.1438e+02	1.5846e-19	5.2142e+02	1.3725e-19	6.5610e+02	1.1790e-19	8.2557e+02	1.0062e-19	1.0388e+03	8.5402e-20	1.3071e+03	7.2162e-20	1.6448e+03	6.0740e-20	2.0696e+03	5.0955e-20	2.6042e+03	4.2620e-20	3.2768e+03	3.5556e-20	4.1233e+03	2.9593e-20	5.1883e+03	2.4579e-20	
0	1	1	24	6.6977e+01	6.7646e+01	1.0000e-26	8.5119e+01	1.0000e-26	1.0711e+02	3.8047e-20	1.3477e+02	7.5951e-20	1.6958e+02	8.7170e-20	2.1338e+02	8.8531e-20	2.6850e+02	8.4726e-20	3.3786e+02	7.8307e-20	4.2512e+02	7.0740e-20	5.3493e+02	6.2876e-20	6.7311e+02	5.5212e-20	8.4697e+02	4.8023e-20	1.0657e+03	4.1449e-20	1.3410e+03	3.5546e-20	1.6874e+03	3.0316e-20	2.1233e+03	2.5737e-20	2.6717e+03	2.1760e-20	3.3618e+03	1.8331e-20	4.2301e+03	1.5393e-20	5.3228e+03	1.2888e-20	6.6977e+03	1.0764e-20	
0	2	1	1	2.8367e+00	2.8651e+00	2.9797e-17	3.6051e+00	7.6043e-16	4.5364e+00	1.1570e-15	5.7081e+00	1.2788e-15	7.1825e+00	1.2743e-15	9.0377e+00	1.2048e-15	1.1372e+01	1.1039e-15	1.4310e+01	9.9064e-16	1.8006e+01	8.7600e-16	2.2657e+01	7.6607e-16	2.8509e+01	6.6407e-16	3.5873e+01	5.7156e-16	4.5138e+01	4.8899e-16	5.6798e+01	4.1623e-16	7.1468e+01	3.5274e-16	8.9929e+01	2.9778e-16	1.1316e+02	2.5052e-16	1.4239e+02	2.1012e-16	1.7916e+02	1.7576e-16	2.2544e+02	1.4665e-16	2.8367e+02	1.2296e-16	
0	2	1	3	2.1647e+01	2.1864e+01	1.8356e-20	2.7511e+01	1.0938e-18	3.4618e+01	1.7390e-18	4.3559e+01	1.9228e-18	5.4811e+01	1.9046e-18	6.8968e+01	1.7854e-18	8.6782e+01	1.6203e-18	1.0920e+02	1.4398e-18	1.3740e+02	1.2608e-18	1.7290e+02	1.0922e-18	2.1755e+02	9.3829e-19	2.7375e+02	8.0080e-19	3.4446e+02	6.7975e-19	4.3343e+02	5.7440e-19	5.4539e+02	4.8350e-19	6.8626e+02	4.0562e-19	8.6352e+02	3.3929e-19	1.0866e+03	2.8305e-19	1.3672e+03	2.3559e-19	1.7204e+03	1.9568e-19	2.1647e+03	1.6244e-19	
0	2	1	4	2.2475e+01	2.2700e+01	1.6339e-18	2.8563e+01	1.5591e-17	3.5941e+01	2.1477e-17	4.5224e+01	2.2995e-17	5.6906e+01	2.2431e-17	7.1604e+01	2.0843e-17	9.0099e+01	1.8808e-17	1.1337e+02	1.6648e-17	1.4266e+02	1.4537e-17	1.7950e+02	1.2566e-17	2.2587e+02	1.0777e-17	2.8421e+02	9.1847e-18	3.5762e+02	7.7873e-18	4.5000e+02	6.5738e-18	5.6623e+02	5.5287e-18	7.1249e+02	4.6346e-18	8.9652e+02	3.8741e-18	1.1281e+03	3.2301e-18	1.4195e+03	2.6870e-18	1.7861e+03	2.2307e-18	2.2475e+03	1.9287e-18	
0	2	1	14	4.0052e+01	4.0452e+01	2.4176e-21	5.0901e+01	2.6877e-20	6.4049e+01	4.5861e-20	8.0593e+01	6.7849e-20	1.0141e+02	7.2849e-20	1.2760e+02	7.1529e-20	1.6056e+02	6.7047e-20	2.0204e+02	6.1093e-20	2.5422e+02	5.4616e-20	3.1989e+02	4.8158e-20	4.0252e+02	4.2019e-20	5.0649e+02	3.6357e-20	6.3731e+02	3.1244e-20	8.0193e+02	2.6695e-20	1.0091e+03	2.2696e-20	1.2697e+03	1.9215e-20	1.5977e+03	1.6206e-20	2.0104e+03	1.3623e-20	2.5296e+03	1.1418e-20	3.1830e+03	9.5439e-21	4.0052e+03	8.0868e-21	
0	2	1	15	4.2659e+01	4.3085e+01	4.1899e-19	5.4214e+01	2.6160e-18	6.8218e+01	3.6331e-18	8.5838e+01	3.9175e-18	1.0801e+02	3.8654e-18	1.3591e+02	3.6385e-18	1.7101e+02	3.3271e-18	2.1519e+02	2.9830e-18	2.7077e+02	2.6366e-18	3.4071e+02	2.3052e-18	4.2872e+02	1.9980e-18	5.3945e+02	1.7194e-18	6.7879e+02	1.4709e-18	8.5412e+02	1.2519e-18	1.0747e+03	1.0608e-18	1.3523e+03	8.9539e-19	1.7017e+03	7.5320e-19	2.1412e+03	6.3166e-19	2.6943e+03	5.2828e-19	3.3902e+03	4.4073e-19	4.2659e+03	3.9207e-19	
0	2	1	17	4.5751e+01	4.6208e+01	4.1244e-21	5.8144e+01	5.0280e-20	7.3162e+01	6.9614e-20	9.2060e+01	7.6116e-20	1.1584e+02	7.5704e-20	1.4576e+02	7.1619e-20	1.8341e+02	6.5714e-20	2.3078e+02	5.9065e-20	2.9040e+02	5.2307e-20	3.6541e+02	4.5801e-20	4.5979e+02	3.9747e-20	5.7855e+02	3.4241e-20	7.2799e+02	2.9318e-20	9.1603e+02	2.4972e-20	1.1526e+03	2.1174e-20	1.4504e+03	1.7884e-20	1.8250e+03	1.5052e-20	2.2964e+03	1.2629e-20	2.8896e+03	1.0567e-20	3.6359e+03	8.8190e-21	4.5751e+03	7.5377e-21	
0	2	1	26	6.2630e+01	6.3256e+01	7.3703e-22	7.9595e+01	2.0990e-20	1.0015e+02	2.9677e-20	1.2602e+02	3.2345e-20	1.5858e+02	3.1855e-20	1.9954e+02	2.9771e-20	2.5108e+02	2.6968e-20	3.1593e+02	2.3935e-20	3.9753e+02	2.0942e-20	5.0022e+02	1.8130e-20	6.2942e+02	1.5569e-20	7.9200e+02	1.3282e-20	9.9657e+02	1.1271e-20	1.2540e+03	9.5214e-21	1.5779e+03	8.0129e-21	1.9855e+03	6.7209e-21	2.4983e+03	5.6207e-21	3.1436e+03	4.6886e-21	3.9556e+03	3.9018e-21	4.9773e+03	3.2404e-21	6.2630e+03	2.6884e-21	
0	3	1	1	1.3402e+00	1.3536e+00	2.5166e-16	1.7033e+00	3.2375e-15	2.1432e+00	4.9358e-15	2.6968e+00	5.3954e-15	3.3934e+00	5.3110e-15	4.2699e+00	4.9597e-15	5.3729e+00	4.4905e-15	6.7607e+00	3.9848e-15	8.5070e+00	3.4868e-15	1.0704e+01	3.0196e-15	1.3469e+01	2.5941e-15	1.6948e+01	2.2144e-15	2.1326e+01	1.8803e-15	2.6835e+01	1.5895e-15	3.3766e+01	1.3386e-15	4.2488e+01	1.1235e-15	5.3462e+01	9.4019e-16	6.7271e+01	7.8474e-16	8.4647e+01	6.5345e-16	1.0651e+02	5.4328e-16	1.3402e+02	4.5853e-16	
0	3	1	5	2.2872e+01	2.3101e+01	3.6948e-19	2.9068e+01	5.4678e-18	3.6576e+01	8.5458e-18	4.6024e+01	9.3809e-18	5.7912e+01	9.2562e-18	7.2871e+01	8.6564e-18	9.1693e+01	7.8434e-18	1.1538e+02	6.9619e-18	1.4518e+02	6.0913e-18	1.8268e+02	5.2734e-18	2.2986e+02	4.5281e-18	2.8924e+02	3.8629e-18	3.6395e+02	3.2779e-18	4.5796e+02	2.7690e-18	5.7625e+02	2.3302e-18	7.2509e+02	1.9544e-18	9.1238e+02	1.6344e-18	1.1480e+03	1.3633e-18	1.4446e+03	1.1345e-18	1.8177e+03	9.4215e-19	2.2872e+03	7.9624e-19	
0	3	1	8	2.6879e+01	2.7148e+01	4.8801e-21	3.4160e+01	7.6508e-20	4.2984e+01	1.0962e-19	5.4087e+01	1.1918e-19	6.8057e+01	1.1717e-19	8.5637e+01	1.0939e-19	1.0776e+02	9.9009e-20	1.3559e+02	8.7826e-20	1.7061e+02	7.6808e-20	2.1468e+02	6.6473e-20	2.7013e+02	5.7065e-20	3.3991e+02	4.8673e-20	4.2771e+02	4.1295e-20	5.3818e+02	3.4880e-20	6.7720e+02	2.9349e-20	8.5212e+02	2.4614e-20	1.0722e+03	2.0582e-20	1.3492e+03	1.7167e-20	1.6977e+03	1.4285e-20	2.1362e+03	1.1863e-20	2.6879e+03	9.9577e-21	
0	3	1	11	2.8758e+01	2.9046e+01	1.0000e-26	3.6548e+01	8.6261e-22	4.5988e+01	1.4626e-21	5.7867e+01	1.6251e-21	7.2814e+01	1.6126e-21	9.1622e+01	1.5131e-21	1.1529e+02	1.3739e-21	1.4507e+02	1.2212e-21	1.8254e+02	1.0697e-21	2.2969e+02	9.2681e-22	2.8902e+02	7.9635e-22	3.6367e+02	6.7972e-22	4.5760e+02	5.7703e-22	5.7580e+02	4.8764e-22	7.2453e+02	4.1050e-22	9.1168e+02	3.4440e-22	1.1472e+03	2.8810e-22	1.4435e+03	2.4035e-22	1.8163e+03	2.0006e-22	2.2855e+03	1.6617e-22	2.8758e+03	1.3776e-22	
0	3	1	14	3.8555e+01	3.8941e+01	1.0000e-26	4.8999e+01	1.0000e-26	6.1656e+01	1.6238e-20	7.7582e+01	5.5104e-20	9.7621e+01	6.5583e-20	1.2284e+02	6.6779e-20	1.5456e+02	6.3472e-20	1.9449e+02	5.8079e-20	2.4473e+02	5.1898e-20	3.0794e+02	4.5636e-20	3.8748e+02	3.9666e-20	4.8756e+02	3.4175e-20	6.1350e+02	2.9239e-20	7.7197e+02	2.4875e-20	9.7136e+02	2.1062e-20	1.2223e+03	1.7761e-20	1.5380e+03	1.4925e-20	1.9352e+03	1.2504e-20	2.4351e+03	1.0446e-20	3.0641e+03	8.7062e-21	3.8555e+03	7.2400e-21	
0	3	1	16	4.2507e+01	4.2932e+01	1.3287e-19	5.4021e+01	1.1423e-18	6.7974e+01	1.6859e-18	8.5532e+01	1.8500e-18	1.0762e+02	1.8410e-18	1.3542e+02	1.7416e-18	1.7040e+02	1.5977e-18	2.1442e+02	1.4358e-18	2.6980e+02	1.2712e-18	3.3949e+02	1.1129e-18	4.2719e+02	9.6562e-19	5.3753e+02	8.3174e-19	6.7637e+02	7.1206e-19	8.5108e+02	6.0643e-19	1.0709e+03	5.1416e-19	1.3475e+03	4.3422e-19	1.6956e+03	3.6542e-19	2.1336e+03	3.0658e-19	2.6847e+03	2.5650e-19	3.3781e+03	2.1406e-19	4.2507e+03	1.8659e-19	
0	3	1	19	4.5161e+01	4.5613e+01	5.3173e-21	5.7395e+01	6.5446e-20	7.2220e+01	9.3315e-20	9.0874e+01	1.0259e-19	1.1435e+02	1.0228e-19	1.4388e+02	9.6888e-20	1.8105e+02	8.8973e-20	2.2781e+02	8.0018e-20	2.8665e+02	7.0891e-20	3.6070e+02	6.2094e-20	4.5387e+02	5.3899e-20	5.7110e+02	4.6443e-20	7.1861e+02	3.9772e-20	9.0423e+02	3.3882e-20	1.1378e+03	2.8733e-20	1.4317e+03	2.4270e-20	1.8015e+03	2.0429e-20	2.2668e+03	1.7142e-20	2.8523e+03	1.4344e-20	3.5891e+03	1.1973e-20	4.5161e+03	1.0222e-20	
0	3	1	27	6.3583e+01	6.4219e+01	3.9490e-22	8.0807e+01	1.1217e-20	1.0168e+02	1.5873e-20	1.2794e+02	1.7302e-20	1.6099e+02	1.7040e-20	2.0257e+02	1.5925e-20	2.5490e+02	1.4426e-20	3.2074e+02	1.2804e-20	4.0358e+02	1.1202e-20	5.0783e+02	9.6983e-21	6.3900e+02	8.3281e-21	8.0406e+02	7.1048e-21	1.0117e+03	6.0291e-21	1.2731e+03	5.0934e-21	1.6019e+03	4.2863e-21	2.0157e+03	3.5952e-21	2.5363e+03	3.0067e-21	3.1915e+03	2.5081e-21	4.0158e+03	2.0872e-21	5.0531e+03	1.7334e-21	6.3583e+03	1.4382e-21	
0	3	1	30	6.7574e+01	6.8250e+01	1.1884e-23	8.5879e+01	1.9127e-22	1.0806e+02	2.6844e-22	1.3597e+02	2.9195e-22	1.7110e+02	2.8721e-22	2.1529e+02	2.6824e-22	2.7090e+02	2.4289e-22	3.4087e+02	2.1551e-22	4.2892e+02	1.8852e-22	5.3971e+02	1.6318e-22	6.7911e+02	1.4011e-22	8.5453e+02	1.1951e-22	1.0752e+03	1.0141e-22	1.3530e+03	8.5665e-23	1.7025e+03	7.2086e-23	2.1422e+03	6.0459e-23	2.6955e+03	5.0561e-23	3.3918e+03	4.2173e-23	4.2679e+03	3.5095e-23	5.3703e+03	2.9144e-23	6.7574e+03	2.4264e-23	
0	4	1	1	5.1354e-01	5.1868e-01	4.2934e-15	6.5265e-01	2.6757e-14	8.2123e-01	4.0458e-14	1.0334e+00	4.3817e-14	1.3003e+00	4.2649e-14	1.6361e+00	3.9364e-14	2.0587e+00	3.5220e-14	2.5905e+00	3.0888e-14	3.2596e+00	2.6720e-14	4.1016e+00	2.2887e-14	5.1611e+00	1.9457e-14	6.4942e+00	1.6445e-14	8.1716e+00	1.3835e-14	1.0282e+01	1.1593e-14	1.2938e+01	9.6835e-15	1.6280e+01	8.0658e-15	2.0485e+01	6.7020e-15	2.5777e+01	5.5570e-15	3.2435e+01	4.6036e-15	4.0813e+01	3.8261e-15	5.1354e+01	3.2675e-15	
0	4	1	2	1.5396e+01	1.5550e+01	6.0505e-20	1.9567e+01	2.5133e-18	2.4621e+01	3.6391e-18	3.0980e+01	3.9731e-18	3.8983e+01	3.9150e-18	4.9052e+01	3.6598e-18	6.1722e+01	3.3156e-18	7.7664e+01	2.9429e-18	9.7725e+01	2.5750e-18	1.2297e+02	2.2293e-18	1.5473e+02	1.9144e-18	1.9470e+02	1.6332e-18	2.4499e+02	1.3859e-18	3.0827e+02	1.1708e-18	3.8789e+02	9.8535e-19	4.8808e+02	8.2647e-19	6.1415e+02	6.9120e-19	7.7279e+02	5.7655e-19	9.7240e+02	4.7982e-19	1.2236e+03	3.9847e-19	1.5396e+03	3.3127e-19	
0	4	1	3	1.9324e+01	1.9518e+01	3.0062e-19	2.4559e+01	4.9631e-18	3.0902e+01	8.6459e-18	3.8885e+01	9.7208e-18	4.8928e+01	9.6944e-18	6.1567e+01	9.1193e-18	7.7469e+01	8.2927e-18	9.7479e+01	7.3786e-18	1.2266e+02	6.4670e-18	1.5434e+02	5.6058e-18	1.9421e+02	4.8184e-18	2.4437e+02	4.1139e-18	3.0749e+02	3.4932e-18	3.8692e+02	2.9526e-18	4.8686e+02	2.4859e-18	6.1261e+02	2.0859e-18	7.7085e+02	1.7450e-18	9.6996e+02	1.4560e-18	1.2205e+03	1.2121e-18	1.5357e+03	1.0068e-18	1.9324e+03	8.4686e-19	
0	4	1	4	2.0152e+01	2.0353e+01	3.3606e-20	2.5610e+01	4.4366e-19	3.2226e+01	6.2587e-19	4.0549e+01	6.7531e-19	5.1023e+01	6.6139e-19	6.4203e+01	6.1602e-19	8.0786e+01	5.5677e-19	1.0165e+02	4.9337e-19	1.2791e+02	4.3116e-19	1.6095e+02	3.7292e-19	2.0252e+02	3.1999e-19	2.5483e+02	2.7283e-19	3.2066e+02	2.3140e-19	4.0348e+02	1.9540e-19	5.0770e+02	1.6438e-19	6.3884e+02	1.3783e-19	8.0385e+02	1.1523e-19	1.0115e+03	9.6096e-20	1.2728e+03	7.9953e-20	1.6015e+03	6.6384e-20	2.0152e+03	5.6520e-20	
0	4	1	6	2.5116e+01	2.5367e+01	4.1965e-20	3.1919e+01	6.3155e-19	4.0164e+01	9.6587e-19	5.0539e+01	1.0563e-18	6.3593e+01	1.0406e-18	8.0019e+01	9.7229e-19	1.0069e+02	8.8050e-19	1.2669e+02	7.8127e-19	1.5942e+02	6.8340e-19	2.0060e+02	5.9152e-19	2.5241e+02	5.0785e-19	3.1761e+02	4.3319e-19	3.9965e+02	3.6755e-19	5.0288e+02	3.1046e-19	6.3277e+02	2.6124e-19	7.9621e+02	2.1910e-19	1.0019e+03	1.8322e-19	1.2607e+03	1.5282e-19	1.5863e+03	1.2717e-19	1.9960e+03	1.0560e-19	2.5116e+03	8.9315e-20	
0	4	1	7	2.5709e+01	2.5966e+01	7.9245e-21	3.2673e+01	1.3586e-19	4.1112e+01	2.1132e-19	5.1731e+01	2.3297e-19	6.5093e+01	2.3043e-19	8.1906e+01	2.1581e-19	1.0306e+02	1.9574e-19	1.2968e+02	1.7386e-19	1.6318e+02	1.5220e-19	2.0533e+02	1.3181e-19	2.5837e+02	1.1322e-19	3.2510e+02	9.6614e-20	4.0908e+02	8.2001e-20	5.1474e+02	6.9284e-20	6.4770e+02	5.8314e-20	8.1500e+02	4.8917e-20	1.0255e+03	4.0914e-20	1.2904e+03	3.4131e-20	1.6237e+03	2.8406e-20	2.0431e+03	2.3592e-20	2.5709e+03	1.9710e-20	
0	4	1	10	2.7530e+01	2.7806e+01	1.8526e-21	3.4988e+01	1.2340e-19	4.4025e+01	2.2418e-19	5.5397e+01	2.5145e-19	6.9706e+01	2.5047e-19	8.7711e+01	2.3548e-19	1.1037e+02	2.1406e-19	1.3887e+02	1.9043e-19	1.7475e+02	1.6689e-19	2.1988e+02	1.4466e-19	2.7668e+02	1.2433e-19	3.4814e+02	1.0615e-19	4.3807e+02	9.0132e-20	5.5122e+02	7.6182e-20	6.9360e+02	6.4139e-20	8.7276e+02	5.3818e-20	1.0982e+03	4.5024e-20	1.3818e+03	3.7568e-20	1.7388e+03	3.1273e-20	2.1879e+03	2.5977e-20	2.7530e+03	2.1551e-20	
0	4	1	12	2.7966e+01	2.8246e+01	1.0000e-26	3.5542e+01	4.0635e-20	4.4722e+01	7.7437e-20	5.6274e+01	8.7097e-20	7.0810e+01	8.6846e-20	8.9100e+01	8.1688e-20	1.1211e+02	7.4282e-20	1.4107e+02	6.6094e-20	1.7751e+02	5.7930e-20	2.2336e+02	5.0218e-20	2.8106e+02	4.3165e-20	3.5365e+02	3.6855e-20	4.4500e+02	3.1296e-20	5.5995e+02	2.6453e-20	7.0458e+02	2.2272e-20	8.8657e+02	1.8689e-20	1.1156e+03	1.5636e-20	1.4037e+03	1.3046e-20	1.7663e+03	1.0860e-20	2.2225e+03	9.0215e-21	2.7966e+03	7.4796e-21	
0	4	1	13	3.6467e+01	3.6832e+01	1.1898e-19	4.6346e+01	1.0208e-18	5.8317e+01	1.4334e-18	7.3380e+01	1.5730e-18	9.2334e+01	1.5642e-18	1.1618e+02	1.4792e-18	1.4619e+02	1.3567e-18	1.8396e+02	1.2191e-18	2.3147e+02	1.0793e-18	2.9126e+02	9.4479e-19	3.6649e+02	8.1972e-19	4.6116e+02	7.0604e-19	5.8027e+02	6.0443e-19	7.3016e+02	5.1476e-19	9.1876e+02	4.3642e-19	1.1561e+03	3.6856e-19	1.4547e+03	3.1016e-19	1.8304e+03	2.6022e-19	2.3032e+03	2.1770e-19	2.8982e+03	1.8168e-19	3.6467e+03	1.5836e-19	
0	4	1	14	3.7729e+01	3.8106e+01	9.6625e-22	4.7949e+01	3.3561e-20	6.0334e+01	1.1435e-19	7.5918e+01	1.4896e-19	9.5528e+01	1.5820e-19	1.2020e+02	1.5491e-19	1.5125e+02	1.4512e-19	1.9032e+02	1.3226e-19	2.3948e+02	1.1829e-19	3.0133e+02	1.0434e-19	3.7917e+02	9.1071e-20	4.7711e+02	7.8822e-20	6.0035e+02	6.7750e-20	7.5541e+02	5.7896e-20	9.5054e+02	4.9229e-20	1.1961e+03	4.1680e-20	1.5050e+03	3.5155e-20	1.8937e+03	2.9553e-20	2.3829e+03	2.4769e-20	2.9984e+03	2.0704e-20	3.7729e+03	1.7313e-20	
0	4	1	15	4.0336e+01	4.0739e+01	1.4434e-21	5.1262e+01	9.0257e-21	6.4503e+01	1.2085e-20	8.1164e+01	1.2945e-20	1.0213e+02	1.2733e-20	1.2851e+02	1.1964e-20	1.6170e+02	1.0927e-20	2.0347e+02	9.7895e-21	2.5602e+02	8.6476e-21	3.2216e+02	7.5570e-21	4.0537e+02	6.5473e-21	5.1007e+02	5.6327e-21	6.4183e+02	4.8173e-21	8.0761e+02	4.0991e-21	1.0162e+03	3.4728e-21	1.2787e+03	2.9308e-21	1.6090e+03	2.4650e-21	2.0246e+03	2.0669e-21	2.5475e+03	1.7284e-21	3.2056e+03	1.4418e-21	4.0336e+03	1.2885e-21	
0	4	1	17	4.3428e+01	4.3862e+01	1.0351e-20	5.5191e+01	1.2181e-19	6.9447e+01	1.8947e-19	8.7385e+01	2.1137e-19	1.0996e+02	2.1203e-19	1.3836e+02	2.0152e-19	1.7410e+02	1.8544e-19	2.1907e+02	1.6700e-19	2.7565e+02	1.4810e-19	3.4685e+02	1.2982e-19	4.3644e+02	1.1276e-19	5.4917e+02	9.7205e-20	6.9103e+02	8.3278e-20	8.6952e+02	7.0969e-20	1.0941e+03	6.0203e-20	1.3767e+03	5.0866e-20	1.7323e+03	4.2825e-20	2.1798e+03	3.5943e-20	2.7428e+03	3.0081e-20	3.4513e+03	2.5112e-20	4.3428e+03	2.1473e-20	
0	4	1	18	4.3848e+01	4.4286e+01	3.3733e-22	5.5725e+01	1.0793e-20	7.0119e+01	3.2199e-20	8.8230e+01	3.8942e-20	1.1102e+02	4.0386e-20	1.3970e+02	3.9077e-20	1.7578e+02	3.6357e-20	2.2118e+02	3.2990e-20	2.7832e+02	2.9417e-20	3.5020e+02	2.5893e-20	4.4066e+02	2.2565e-20	5.5449e+02	1.9506e-20	6.9771e+02	1.6749e-20	8.7793e+02	1.4301e-20	1.1047e+03	1.2152e-20	1.3900e+03	1.0283e-20	1.7491e+03	8.6689e-21	2.2009e+03	7.2842e-21	2.7693e+03	6.1027e-21	3.4847e+03	5.0994e-21	4.3848e+03	4.2642e-21	
0	4	1	21	4.5717e+01	4.6174e+01	3.5050e-21	5.8101e+01	4.3267e-20	7.3108e+01	5.9996e-20	9.1992e+01	6.5640e-20	1.1575e+02	6.5305e-20	1.4565e+02	6.1793e-20	1.8327e+02	5.6705e-20	2.3061e+02	5.0974e-20	2.9018e+02	4.5145e-20	3.6514e+02	3.9532e-20	4.5945e+02	3.4308e-20	5.7812e+02	2.9556e-20	7.2745e+02	2.5308e-20	9.1535e+02	2.1557e-20	1.1518e+03	1.8279e-20	1.4493e+03	1.5439e-20	1.8236e+03	1.2994e-20	2.2947e+03	1.0903e-20	2.8874e+03	9.1226e-21	3.6332e+03	7.6138e-21	4.5717e+03	6.5003e-21	
0	4	1	24	5.2822e+01	5.3351e+01	1.0000e-26	6.7131e+01	1.0000e-26	8.4471e+01	3.5110e-21	1.0629e+02	8.5847e-21	1.3374e+02	9.9276e-21	1.6829e+02	1.0008e-20	2.1176e+02	9.4678e-21	2.6646e+02	8.6388e-21	3.3528e+02	7.7038e-21	4.2189e+02	6.7628e-21	5.3086e+02	5.8693e-21	6.6798e+02	5.0495e-21	8.4052e+02	4.3144e-21	1.0576e+03	3.6658e-21	1.3308e+03	3.1000e-21	1.6746e+03	2.6112e-21	2.1071e+03	2.1919e-21	2.6513e+03	1.8344e-21	3.3362e+03	1.5310e-21	4.1979e+03	1.2748e-21	5.2822e+03	1.0592e-21	
0	4	1	25	5.8356e+01	5.8940e+01	1.9079e-21	7.4164e+01	1.0928e-20	9.3320e+01	1.3777e-20	1.1742e+02	1.4367e-20	1.4776e+02	1.3830e-20	1.8592e+02	1.2750e-20	2.3394e+02	1.1448e-20	2.9437e+02	1.0098e-20	3.7041e+02	8.7941e-21	4.6608e+02	7.5864e-21	5.8647e+02	6.4961e-21	7.3796e+02	5.5292e-21	9.2857e+02	4.6828e-21	1.1684e+03	3.9494e-21	1.4702e+03	3.3189e-21	1.8500e+03	2.7802e-21	2.3278e+03	2.3225e-21	2.9291e+03	1.9353e-21	3.6857e+03	1.6092e-21	4.6377e+03	1.3352e-21	5.8356e+03	1.2016e-21	
0	4	1	28	6.5871e+01	6.6530e+01	6.5661e-23	8.3714e+01	1.0922e-21	1.0534e+02	1.5381e-21	1.3255e+02	1.6750e-21	1.6678e+02	1.6489e-21	2.0986e+02	1.5407e-21	2.6407e+02	1.3955e-21	3.3228e+02	1.2384e-21	4.1811e+02	1.0834e-21	5.2610e+02	9.3795e-22	6.6200e+02	8.0539e-22	8.3299e+02	6.8707e-22	1.0481e+03	5.8303e-22	1.3189e+03	4.9251e-22	1.6596e+03	4.1447e-22	2.0882e+03	3.4763e-22	2.6276e+03	2.9073e-22	3.3063e+03	2.4250e-22	4.1603e+03	2.0181e-22	5.2349e+03	1.6760e-22	6.5871e+03	1.3919e-22	
0	4	1	29	6.6199e+01	6.6861e+01	9.6620e-24	8.4132e+01	1.5905e-22	1.0586e+02	2.2374e-22	1.3321e+02	2.4356e-22	1.6761e+02	2.3972e-22	2.1091e+02	2.2396e-22	2.6539e+02	2.0282e-22	3.3394e+02	1.7998e-22	4.2019e+02	1.5746e-22	5.2873e+02	1.3630e-22	6.6530e+02	1.1704e-22	8.3714e+02	9.9841e-23	1.0534e+03	8.4722e-23	1.3255e+03	7.1569e-23	1.6678e+03	6.0226e-23	2.0986e+03	5.0514e-23	2.6407e+03	4.2244e-23	3.3228e+03	3.5237e-23	4.1811e+03	2.9324e-23	5.2610e+03	2.4352e-23	6.6199e+03	2.0240e-23	
0	4	1	35	7.8844e+01	7.9632e+01	1.0000e-26	1.0020e+02	1.4584e-21	1.2608e+02	4.6442e-21	1.5865e+02	5.6038e-21	1.9963e+02	5.8049e-21	2.5119e+02	5.6131e-21	3.1608e+02	5.2204e-21	3.9772e+02	4.7357e-21	5.0045e+02	4.2220e-21	6.2972e+02	3.7159e-21	7.9237e+02	3.2378e-21	9.9704e+02	2.7986e-21	1.2546e+03	2.4030e-21	1.5786e+03	2.0517e-21	1.9864e+03	1.7433e-21	2.4995e+03	1.4750e-21	3.1451e+03	1.2435e-21	3.9575e+03	1.0448e-21	4.9797e+03	8.7532e-22	6.2659e+03	7.3139e-22	7.8844e+03	6.0967e-22	
0	5	1	1	3.3068e-01	3.3399e-01	2.5611e-15	4.2026e-01	4.1566e-14	5.2881e-01	6.3414e-14	6.6540e-01	7.1528e-14	8.3727e-01	7.1623e-14	1.0535e+00	6.7753e-14	1.3257e+00	6.2018e-14	1.6681e+00	5.5570e-14	2.0990e+00	4.9054e-14	2.6411e+00	4.2823e-14	3.3233e+00	3.7060e-14	4.1817e+00	3.1848e-14	5.2618e+00	2.7210e-14	6.6210e+00	2.3132e-14	8.3312e+00	1.9581e-14	1.0483e+01	1.6512e-14	1.3191e+01	1.3879e-14	1.6598e+01	1.1632e-14	2.0885e+01	9.7340e-15	2.6280e+01	8.1279e-15	3.3068e+01	6.8254e-15	
0	5	1	2	1.5213e+01	1.5365e+01	4.4676e-21	1.9334e+01	2.8090e-19	2.4328e+01	3.9781e-19	3.0612e+01	4.3380e-19	3.8520e+01	4.2733e-19	4.8469e+01	3.9943e-19	6.0989e+01	3.6186e-19	7.6742e+01	3.2118e-19	9.6564e+01	2.8103e-19	1.2151e+02	2.4331e-19	1.5289e+02	2.0893e-19	1.9238e+02	1.7825e-19	2.4208e+02	1.5127e-19	3.0460e+02	1.2779e-19	3.8328e+02	1.0754e-19	4.8229e+02	9.0206e-20	6.0686e+02	7.5441e-20	7.6361e+02	6.2928e-20	9.6085e+02	5.2371e-20	1.2090e+03	4.3492e-20	1.5213e+03	3.6054e-20	
0	5	1	3	1.9141e+01	1.9333e+01	2.8688e-20	2.4326e+01	4.4788e-19	3.0610e+01	7.7162e-19	3.8517e+01	8.6942e-19	4.8465e+01	8.6800e-19	6.0984e+01	8.1702e-19	7.6736e+01	7.4325e-19	9.6557e+01	6.6148e-19	1.2150e+02	5.7986e-19	1.5288e+02	5.0271e-19	1.9237e+02	4.3215e-19	2.4206e+02	3.6899e-19	3.0458e+02	3.1333e-19	3.8325e+02	2.6486e-19	4.8225e+02	2.2300e-19	6.0681e+02	1.8713e-19	7.6355e+02	1.5655e-19	9.6078e+02	1.3063e-19	1.2089e+03	1.0875e-19	1.5212e+03	9.0334e-20	1.9141e+03	7.6184e-20	
0	5	1	4	1.9969e+01	2.0169e+01	2.7125e-21	2.5378e+01	4.2810e-20	3.1933e+01	6.1489e-20	4.0181e+01	6.6539e-20	5.0560e+01	6.5252e-20	6.3620e+01	6.0819e-20	8.0053e+01	5.4994e-20	1.0073e+02	4.8747e-20	1.2675e+02	4.2609e-20	1.5949e+02	3.6860e-20	2.0068e+02	3.1633e-20	2.5252e+02	2.6973e-20	3.1775e+02	2.2880e-20	3.9982e+02	1.9321e-20	5.0309e+02	1.6255e-20	6.3304e+02	1.3630e-20	7.9656e+02	1.1396e-20	1.0023e+03	9.5039e-21	1.2612e+03	7.9080e-21	1.5870e+03	6.5659e-21	1.9969e+03	5.5803e-21	
0	5	1	6	2.4933e+01	2.5182e+01	6.4845e-19	3.1687e+01	1.0241e-17	3.9872e+01	1.5914e-17	5.0171e+01	1.7460e-17	6.3130e+01	1.7226e-17	7.9436e+01	1.6109e-17	9.9954e+01	1.4596e-17	1.2577e+02	1.2956e-17	1.5826e+02	1.1336e-17	1.9914e+02	9.8134e-18	2.5057e+02	8.4266e-18	3.1530e+02	7.1887e-18	3.9674e+02	6.1000e-18	4.9922e+02	5.1530e-18	6.2816e+02	4.3364e-18	7.9042e+02	3.6371e-18	9.9458e+02	3.0417e-18	1.2515e+03	2.5371e-18	1.5747e+03	2.1114e-18	1.9815e+03	1.7534e-18	2.4933e+03	1.4789e-18	
0	5	1	7	2.5526e+01	2.5781e+01	9.7836e-22	3.2440e+01	3.7432e-20	4.0819e+01	7.8223e-20	5.1363e+01	8.9226e-20	6.4630e+01	8.9474e-20	8.1324e+01	8.4406e-20	1.0233e+02	7.6888e-20	1.2876e+02	6.8492e-20	1.6202e+02	6.0080e-20	2.0387e+02	5.2112e-20	2.5653e+02	4.4815e-20	3.2279e+02	3.8277e-20	4.0617e+02	3.2512e-20	5.1108e+02	2.7488e-20	6.4309e+02	2.3149e-20	8.0920e+02	1.9428e-20	1.0182e+03	1.6256e-20	1.2812e+03	1.3567e-20	1.6122e+03	1.1295e-20	2.0286e+03	9.3837e-21	2.5526e+03	7.7961e-21	
0	5	1	10	2.7348e+01	2.7621e+01	1.0000e-26	3.4755e+01	1.7402e-20	4.3733e+01	3.2819e-20	5.5029e+01	3.6962e-20	6.9243e+01	3.6879e-20	8.7128e+01	3.4701e-20	1.0963e+02	3.1562e-20	1.3795e+02	2.8087e-20	1.7358e+02	2.4621e-20	2.1842e+02	2.1345e-20	2.7484e+02	1.8348e-20	3.4583e+02	1.5667e-20	4.3516e+02	1.3304e-20	5.4756e+02	1.1246e-20	6.8899e+02	9.4687e-21	8.6696e+02	7.9455e-21	1.0909e+03	6.6476e-21	1.3727e+03	5.5469e-21	1.7272e+03	4.6176e-21	2.1734e+03	3.8358e-21	2.7348e+03	3.1802e-21	
0	5	1	12	2.7783e+01	2.8061e+01	1.0000e-26	3.5309e+01	3.6472e-21	4.4430e+01	7.1482e-21	5.5906e+01	8.0626e-21	7.0347e+01	8.0482e-21	8.8517e+01	7.5745e-21	1.1138e+02	6.8901e-21	1.4015e+02	6.1319e-21	1.7635e+02	5.3755e-21	2.2190e+02	4.6602e-21	2.7922e+02	4.0062e-21	3.5134e+02	3.4208e-21	4.4209e+02	2.9050e-21	5.5629e+02	2.4556e-21	6.9997e+02	2.0676e-21	8.8078e+02	1.7350e-21	1.1083e+03	1.4515e-21	1.3946e+03	1.2113e-21	1.7548e+03	1.0083e-21	2.2080e+03	8.3760e-22	2.7783e+03	6.9445e-22	
0	5	1	13	3.6285e+01	3.6647e+01	1.1052e-20	4.6113e+01	8.1635e-20	5.8024e+01	1.1729e-19	7.3012e+01	1.2957e-19	9.1871e+01	1.2917e-19	1.1560e+02	1.2232e-19	1.4546e+02	1.1228e-19	1.8303e+02	1.0095e-19	2.3031e+02	8.9408e-20	2.8980e+02	7.8291e-20	3.6466e+02	6.7944e-20	4.5885e+02	5.8532e-20	5.7737e+02	5.0116e-20	7.2650e+02	4.2687e-20	9.1415e+02	3.6196e-20	1.1503e+03	3.0570e-20	1.4474e+03	2.5729e-20	1.8213e+03	2.1587e-20	2.2917e+03	1.8062e-20	2.8836e+03	1.5074e-20	3.6285e+03	1.3197e-20	
0	5	1	14	3.7546e+01	3.7921e+01	1.9736e-22	4.7716e+01	5.5100e-21	6.0042e+01	1.8376e-20	7.5550e+01	2.6243e-20	9.5065e+01	2.8320e-20	1.1962e+02	2.7910e-20	1.5052e+02	2.6231e-20	1.8940e+02	2.3950e-20	2.3832e+02	2.1443e-20	2.9987e+02	1.8930e-20	3.7733e+02	1.6533e-20	4.7480e+02	1.4316e-20	5.9744e+02	1.2311e-20	7.5175e+02	1.0524e-20	9.4593e+02	8.9514e-21	1.1903e+03	7.5810e-21	1.4977e+03	6.3960e-21	1.8846e+03	5.3780e-21	2.3713e+03	4.5085e-21	2.9839e+03	3.7694e-21	3.7546e+03	3.1539e-21	
0	5	1	15	4.0153e+01	4.0554e+01	1.0734e-22	5.1029e+01	2.2156e-20	6.4210e+01	5.2448e-20	8.0796e+01	6.1267e-20	1.0167e+02	6.2654e-20	1.2793e+02	6.0176e-20	1.6097e+02	5.5737e-20	2.0255e+02	5.0424e-20	2.5486e+02	4.4865e-20	3.2069e+02	3.9427e-20	4.0353e+02	3.4314e-20	5.0776e+02	2.9631e-20	6.3892e+02	2.5421e-20	8.0395e+02	2.1690e-20	1.0116e+03	1.8419e-20	1.2729e+03	1.5576e-20	1.6017e+03	1.3125e-20	2.0154e+03	1.1024e-20	2.5360e+03	9.2320e-21	3.1910e+03	7.7115e-21	4.0153e+03	6.4328e-21	
0	5	1	17	4.3245e+01	4.3677e+01	1.3657e-19	5.4959e+01	1.6793e-18	6.9155e+01	2.6438e-18	8.7017e+01	2.9583e-18	1.0949e+02	2.9717e-18	1.3778e+02	2.8268e-18	1.7336e+02	2.6025e-18	2.1814e+02	2.3446e-18	2.7449e+02	2.0799e-18	3.4539e+02	1.8235e-18	4.3460e+02	1.5841e-18	5.4686e+02	1.3658e-18	6.8812e+02	1.1703e-18	8.6586e+02	9.9738e-19	1.0895e+03	8.4615e-19	1.3709e+03	7.1497e-19	1.7250e+03	6.0200e-19	2.1706e+03	5.0528e-19	2.7313e+03	4.2291e-19	3.4368e+03	3.5306e-19	4.3245e+03	3.0110e-19	
0	5	1	18	4.3665e+01	4.4101e+01	1.0028e-20	5.5493e+01	1.0354e-19	6.9826e+01	1.4176e-19	8.7863e+01	1.5414e-19	1.1056e+02	1.5285e-19	1.3911e+02	1.4434e-19	1.7505e+02	1.3227e-19	2.2026e+02	1.1879e-19	2.7716e+02	1.0512e-19	3.4874e+02	9.1999e-20	4.3882e+02	7.9803e-20	5.5217e+02	6.8722e-20	6.9480e+02	5.8824e-20	8.7426e+02	5.0090e-20	1.1001e+03	4.2462e-20	1.3842e+03	3.5856e-20	1.7418e+03	3.0173e-20	2.1917e+03	2.5311e-20	2.7578e+03	2.1175e-20	3.4701e+03	1.7670e-20	4.3665e+03	1.5284e-20	
0	5	1	21	4.5534e+01	4.5989e+01	4.9285e-22	5.7868e+01	6.1929e-21	7.2816e+01	8.6026e-21	9.1624e+01	9.4183e-21	1.1529e+02	9.3738e-21	1.4507e+02	8.8719e-21	1.8254e+02	8.1425e-21	2.2969e+02	7.3204e-21	2.8902e+02	6.4838e-21	3.6367e+02	5.6779e-21	4.5761e+02	4.9278e-21	5.7581e+02	4.2456e-21	7.2454e+02	3.6354e-21	9.1169e+02	3.0967e-21	1.1472e+03	2.6259e-21	1.4435e+03	2.2179e-21	1.8164e+03	1.8668e-21	2.2855e+03	1.5664e-21	2.8759e+03	1.3106e-21	3.6187e+03	1.0939e-21	4.5534e+03	9.3273e-22	
0	5	1	24	5.2640e+01	5.3166e+01	1.0000e-26	6.6899e+01	1.0000e-26	8.4179e+01	3.7117e-22	1.0592e+02	9.9471e-22	1.3328e+02	1.1615e-21	1.6771e+02	1.1755e-21	2.1103e+02	1.1142e-21	2.6553e+02	1.0178e-21	3.3412e+02	9.0836e-22	4.2043e+02	7.9785e-22	5.2902e+02	6.9270e-22	6.6567e+02	5.9614e-22	8.3761e+02	5.0949e-22	1.0540e+03	4.3298e-22	1.3262e+03	3.6622e-22	1.6688e+03	3.0851e-22	2.0998e+03	2.5900e-22	2.6422e+03	2.1678e-22	3.3246e+03	1.8095e-22	4.1834e+03	1.5069e-22	5.2640e+03	1.2521e-22	
0	5	1	25	5.8173e+01	5.8755e+01	1.7859e-22	7.3931e+01	1.0324e-21	9.3028e+01	1.3028e-21	1.1706e+02	1.3590e-21	1.4729e+02	1.3085e-21	1.8534e+02	1.2065e-21	2.3321e+02	1.0833e-21	2.9345e+02	9.5559e-22	3.6925e+02	8.3227e-22	4.6462e+02	7.1800e-22	5.8463e+02	6.1482e-22	7.3564e+02	5.2331e-22	9.2566e+02	4.4322e-22	1.1648e+03	3.7381e-22	1.4656e+03	3.1413e-22	1.8442e+03	2.6315e-22	2.3205e+03	2.1983e-22	2.9199e+03	1.8319e-22	3.6741e+03	1.5231e-22	4.6232e+03	1.2639e-22	5.8173e+03	1.1366e-22	
0	5	1	28	6.5688e+01	6.6345e+01	6.4381e-22	8.3482e+01	1.7570e-20	1.0505e+02	2.4793e-20	1.3218e+02	2.7019e-20	1.6632e+02	2.6608e-20	2.0928e+02	2.4867e-20	2.6334e+02	2.2526e-20	3.3136e+02	1.9992e-20	4.1695e+02	1.7491e-20	5.2464e+02	1.5143e-20	6.6016e+02	1.3003e-20	8.3068e+02	1.1094e-20	1.0452e+03	9.4137e-21	1.3152e+03	7.9527e-21	1.6549e+03	6.6926e-21	2.0824e+03	5.6135e-21	2.6203e+03	4.6947e-21	3.2971e+03	3.9160e-21	4.1488e+03	3.2590e-21	5.2204e+03	2.7065e-21	6.5688e+03	2.2451e-21	
0	5	1	35	7.8661e+01	7.9448e+01	1.0000e-26	9.9969e+01	1.1413e-22	1.2579e+02	4.0201e-22	1.5828e+02	4.8973e-22	1.9917e+02	5.0919e-22	2.5061e+02	4.9332e-22	3.1534e+02	4.5935e-22	3.9680e+02	4.1702e-22	4.9929e+02	3.7199e-22	6.2826e+02	3.2753e-22	7.9053e+02	2.8549e-22	9.9473e+02	2.4683e-22	1.2517e+03	2.1198e-22	1.5750e+03	1.8103e-22	1.9818e+03	1.5384e-22	2.4937e+03	1.3019e-22	3.1378e+03	1.0976e-22	3.9483e+03	9.2238e-23	4.9681e+03	7.7282e-23	6.2514e+03	6.4581e-23	7.8661e+03	5.3838e-23	
0	6	1	1	7.9611e-02	8.0407e-02	2.7372e-15	1.0118e-01	6.1929e-15	1.2731e-01	8.5775e-15	1.6019e-01	1.3062e-14	2.0157e-01	1.3974e-14	2.5364e-01	1.3580e-14	3.1915e-01	1.2578e-14	4.0159e-01	1.1324e-14	5.0532e-01	1.0009e-14	6.3584e-01	8.7328e-15	8.0008e-01	7.5462e-15	1.0067e+00	6.4723e-15	1.2668e+00	5.5178e-15	1.5940e+00	4.6805e-15	2.0057e+00	3.9535e-15	2.5238e+00	3.3271e-15	3.1757e+00	2.7910e-15	3.9959e+00	2.3347e-15	5.0281e+00	1.9479e-15	6.3269e+00	1.6215e-15	7.9611e+00	1.4255e-15	
0	6	1	5	2.1444e+01	2.1659e+01	3.3986e-22	2.7253e+01	3.8344e-20	3.4293e+01	9.5387e-20	4.3150e+01	1.1096e-19	5.4296e+01	1.1214e-19	6.8321e+01	1.0622e-19	8.5968e+01	9.6999e-20	1.0817e+02	8.6545e-20	1.3611e+02	7.6002e-20	1.7127e+02	6.5977e-20	2.1551e+02	5.6775e-20	2.7118e+02	4.8518e-20	3.4122e+02	4.1229e-20	4.2936e+02	3.4870e-20	5.4027e+02	2.9374e-20	6.7982e+02	2.4659e-20	8.5541e+02	2.0639e-20	1.0764e+03	1.7227e-20	1.3544e+03	1.4345e-20	1.7042e+03	1.1920e-20	2.1444e+03	9.8989e-21	
0	6	1	8	2.5451e+01	2.5706e+01	2.7730e-19	3.2346e+01	4.4296e-18	4.0700e+01	6.8894e-18	5.1213e+01	7.5604e-18	6.4442e+01	7.4597e-18	8.1087e+01	6.9765e-18	1.0203e+02	6.3215e-18	1.2839e+02	5.6112e-18	1.6155e+02	4.9096e-18	2.0328e+02	4.2504e-18	2.5578e+02	3.6498e-18	3.2185e+02	3.1137e-18	4.0498e+02	2.6422e-18	5.0959e+02	2.2320e-18	6.4122e+02	1.8783e-18	8.0684e+02	1.5754e-18	1.0153e+03	1.3175e-18	1.2775e+03	1.0990e-18	1.6075e+03	9.1455e-19	2.0227e+03	7.5949e-19	2.5451e+03	6.4029e-19	
0	6	1	11	2.7330e+01	2.7603e+01	1.0000e-26	3.4733e+01	4.2281e-20	4.3705e+01	8.1547e-20	5.4994e+01	9.1831e-20	6.9199e+01	9.1609e-20	8.7073e+01	8.6189e-20	1.0956e+02	7.8386e-20	1.3786e+02	6.9753e-20	1.7347e+02	6.1141e-20	2.1828e+02	5.3004e-20	2.7466e+02	4.5562e-20	3.4561e+02	3.8903e-20	4.3488e+02	3.3035e-20	5.4721e+02	2.7924e-20	6.8855e+02	2.3511e-20	8.6640e+02	1.9729e-20	1.0902e+03	1.6506e-20	1.3718e+03	1.3773e-20	1.7261e+03	1.1465e-20	2.1720e+03	9.5241e-21	2.7330e+03	7.8963e-21	
0	6	1	14	3.7127e+01	3.7499e+01	1.0000e-26	4.7185e+01	1.0000e-26	5.9372e+01	1.5098e-20	7.4708e+01	5.7029e-20	9.4005e+01	6.8484e-20	1.1829e+02	6.9922e-20	1.4884e+02	6.6534e-20	1.8729e+02	6.0919e-20	2.3566e+02	5.4467e-20	2.9653e+02	4.7921e-20	3.7313e+02	4.1677e-20	4.6950e+02	3.5929e-20	5.9078e+02	3.0760e-20	7.4337e+02	2.6185e-20	9.3539e+02	2.2185e-20	1.1770e+03	1.8719e-20	1.4810e+03	1.5740e-20	1.8636e+03	1.3193e-20	2.3449e+03	1.1029e-20	2.9506e+03	9.1960e-21	3.7127e+03	7.6509e-21	
0	6	1	16	4.1078e+01	4.1489e+01	7.9184e-22	5.2206e+01	2.2699e-20	6.5691e+01	5.7748e-20	8.2659e+01	6.8226e-20	1.0401e+02	7.0080e-20	1.3087e+02	6.7461e-20	1.6468e+02	6.2570e-20	2.0722e+02	5.6654e-20	2.6074e+02	5.0440e-20	3.2809e+02	4.4347e-20	4.1283e+02	3.8610e-20	5.1947e+02	3.3350e-20	6.5365e+02	2.8619e-20	8.2248e+02	2.4423e-20	1.0349e+03	2.0744e-20	1.3023e+03	1.7545e-20	1.6386e+03	1.4786e-20	2.0619e+03	1.2420e-20	2.5945e+03	1.0402e-20	3.2646e+03	8.6900e-21	4.1078e+03	7.2901e-21	
0	6	1	19	4.3733e+01	4.4171e+01	7.5983e-20	5.5580e+01	9.3472e-19	6.9936e+01	1.4600e-18	8.8000e+01	1.6314e-18	1.1073e+02	1.6378e-18	1.3933e+02	1.5574e-18	1.7532e+02	1.4335e-18	2.2061e+02	1.2913e-18	2.7759e+02	1.1454e-18	3.4929e+02	1.0041e-18	4.3951e+02	8.7223e-19	5.5304e+02	7.5201e-19	6.9589e+02	6.4431e-19	8.7564e+02	5.4911e-19	1.1018e+03	4.6584e-19	1.3864e+03	3.9361e-19	1.7445e+03	3.3141e-19	2.1951e+03	2.7816e-19	2.7621e+03	2.3281e-19	3.4756e+03	1.9435e-19	4.3733e+03	1.6577e-19	
0	6	1	27	6.2155e+01	6.2777e+01	9.6090e-24	7.8992e+01	1.5721e-22	9.9395e+01	2.2101e-22	1.2507e+02	2.4053e-22	1.5737e+02	2.3671e-22	1.9802e+02	2.2112e-22	2.4917e+02	2.0025e-22	3.1353e+02	1.7769e-22	3.9452e+02	1.5545e-22	4.9643e+02	1.3456e-22	6.2465e+02	1.1554e-22	7.8600e+02	9.8563e-23	9.8902e+02	8.3634e-23	1.2445e+03	7.0649e-23	1.5659e+03	5.9454e-23	1.9704e+03	4.9865e-23	2.4794e+03	4.1701e-23	3.1198e+03	3.4784e-23	3.9256e+03	2.8947e-23	4.9396e+03	2.4039e-23	6.2155e+03	1.9990e-23	
0	6	1	30	6.6146e+01	6.6808e+01	3.5949e-22	8.4064e+01	1.0304e-20	1.0578e+02	1.4549e-20	1.3310e+02	1.5856e-20	1.6748e+02	1.5615e-20	2.1074e+02	1.4593e-20	2.6517e+02	1.3219e-20	3.3367e+02	1.1733e-20	4.1985e+02	1.0266e-20	5.2830e+02	8.8872e-21	6.6476e+02	7.6315e-21	8.3647e+02	6.5106e-21	1.0525e+03	5.5249e-21	1.3244e+03	4.6674e-21	1.6665e+03	3.9278e-21	2.0969e+03	3.2945e-21	2.6386e+03	2.7552e-21	3.3201e+03	2.2983e-21	4.1777e+03	1.9127e-21	5.2568e+03	1.5884e-21	6.6146e+03	1.3176e-21	
0	7	1	2	1.4494e+01	1.4638e+01	5.5636e-21	1.8420e+01	2.0925e-19	2.3177e+01	2.9724e-19	2.9164e+01	3.2380e-19	3.6697e+01	3.1878e-19	4.6176e+01	2.9785e-19	5.8103e+01	2.6976e-19	7.3111e+01	2.3940e-19	9.1996e+01	2.0944e-19	1.1576e+02	1.8130e-19	1.4566e+02	1.5567e-19	1.8328e+02	1.3281e-19	2.3062e+02	1.1269e-19	2.9019e+02	9.5197e-20	3.6515e+02	8.0112e-20	4.5947e+02	6.7193e-20	5.7815e+02	5.6193e-20	7.2748e+02	4.6872e-20	9.1539e+02	3.9006e-20	1.1518e+03	3.2393e-20	1.4494e+03	2.6943e-20	
0	7	1	3	1.8422e+01	1.8606e+01	5.4555e-21	2.3412e+01	8.1379e-20	2.9459e+01	4.8275e-19	3.7068e+01	6.3206e-19	4.6643e+01	6.6962e-19	5.8691e+01	6.5000e-19	7.3851e+01	6.0231e-19	9.2926e+01	5.4257e-19	1.1693e+02	4.7968e-19	1.4713e+02	4.1848e-19	1.8514e+02	3.6149e-19	2.3296e+02	3.0986e-19	2.9313e+02	2.6397e-19	3.6884e+02	2.2373e-19	4.6411e+02	1.8881e-19	5.8400e+02	1.5875e-19	7.3484e+02	1.3305e-19	9.2465e+02	1.1119e-19	1.1635e+03	9.2691e-20	1.4640e+03	7.7095e-20	1.8422e+03	6.4273e-20	
0	7	1	6	2.4213e+01	2.4455e+01	1.0000e-26	3.0772e+01	3.4783e-20	3.8721e+01	1.4283e-19	4.8722e+01	1.7397e-19	6.1307e+01	1.7898e-19	7.7143e+01	1.7109e-19	9.7069e+01	1.5708e-19	1.2214e+02	1.4065e-19	1.5369e+02	1.2382e-19	1.9339e+02	1.0769e-19	2.4334e+02	9.2797e-20	3.0620e+02	7.9391e-20	3.8529e+02	6.7526e-20	4.8481e+02	5.7156e-20	6.1003e+02	4.8180e-20	7.6760e+02	4.0470e-20	9.6587e+02	3.3888e-20	1.2154e+03	2.8300e-20	1.5293e+03	2.3575e-20	1.9243e+03	1.9596e-20	2.4213e+03	1.6256e-20	
0	7	1	7	2.4806e+01	2.5054e+01	2.4627e-19	3.1525e+01	3.6625e-18	3.9668e+01	5.5375e-18	4.9915e+01	6.0498e-18	6.2808e+01	5.9575e-18	7.9031e+01	5.5655e-18	9.9444e+01	5.0396e-18	1.2513e+02	4.4713e-18	1.5745e+02	3.9110e-18	1.9812e+02	3.3850e-18	2.4930e+02	2.9061e-18	3.1369e+02	2.4788e-18	3.9472e+02	2.1032e-18	4.9667e+02	1.7765e-18	6.2496e+02	1.4948e-18	7.8639e+02	1.2537e-18	9.8951e+02	1.0484e-18	1.2451e+03	8.7441e-19	1.5667e+03	7.2764e-19	1.9714e+03	6.0423e-19	2.4806e+03	5.1098e-19	
0	7	1	10	2.6628e+01	2.6894e+01	3.2089e-20	3.3841e+01	5.3754e-19	4.2582e+01	7.9227e-19	5.3581e+01	8.6325e-19	6.7421e+01	8.4929e-19	8.4835e+01	7.9306e-19	1.0675e+02	7.1794e-19	1.3432e+02	6.3689e-19	1.6902e+02	5.5702e-19	2.1267e+02	4.8208e-19	2.6761e+02	4.1386e-19	3.3673e+02	3.5300e-19	4.2370e+02	2.9950e-19	5.3315e+02	2.5297e-19	6.7086e+02	2.1286e-19	8.4414e+02	1.7852e-19	1.0622e+03	1.4928e-19	1.3365e+03	1.2451e-19	1.6818e+03	1.0361e-19	2.1162e+03	8.6035e-20	2.6628e+03	7.2512e-20	
0	7	1	12	2.7064e+01	2.7334e+01	1.0000e-26	3.4395e+01	1.0850e-19	4.3279e+01	2.0614e-19	5.4458e+01	2.3177e-19	6.8524e+01	2.3107e-19	8.6224e+01	2.1733e-19	1.0850e+02	1.9762e-19	1.3652e+02	1.7583e-19	1.7178e+02	1.5411e-19	2.1615e+02	1.3359e-19	2.7199e+02	1.1483e-19	3.4224e+02	9.8042e-20	4.3064e+02	8.3251e-20	5.4188e+02	7.0369e-20	6.8184e+02	5.9246e-20	8.5796e+02	4.9714e-20	1.0796e+03	4.1592e-20	1.3584e+03	3.4704e-20	1.7093e+03	2.8890e-20	2.1508e+03	2.3998e-20	2.7064e+03	1.9897e-20	
0	7	1	13	3.5565e+01	3.5920e+01	1.0000e-26	4.5199e+01	1.1774e-20	5.6873e+01	3.7368e-20	7.1564e+01	4.7733e-20	9.0049e+01	5.0166e-20	1.1331e+02	4.8868e-20	1.4258e+02	4.5653e-20	1.7940e+02	4.1538e-20	2.2574e+02	3.7111e-20	2.8405e+02	3.2715e-20	3.5742e+02	2.8542e-20	4.4974e+02	2.4697e-20	5.6591e+02	2.1224e-20	7.1209e+02	1.8134e-20	8.9602e+02	1.5418e-20	1.1275e+03	1.3053e-20	1.4187e+03	1.1009e-20	1.7851e+03	9.2543e-21	2.2462e+03	7.7561e-21	2.8264e+03	6.4831e-21	3.5565e+03	5.4059e-21	
0	7	1	14	3.6826e+01	3.7194e+01	1.0000e-26	4.6802e+01	3.1370e-20	5.8891e+01	1.6782e-19	7.4102e+01	2.3209e-19	9.3242e+01	2.4932e-19	1.1733e+02	2.4525e-19	1.4763e+02	2.3025e-19	1.8577e+02	2.1005e-19	2.3375e+02	1.8795e-19	2.9413e+02	1.6582e-19	3.7010e+02	1.4474e-19	4.6569e+02	1.2527e-19	5.8598e+02	1.0766e-19	7.3734e+02	9.1992e-20	9.2780e+02	7.8213e-20	1.1674e+03	6.6211e-20	1.4690e+03	5.5839e-20	1.8484e+03	4.6936e-20	2.3259e+03	3.9334e-20	2.9267e+03	3.2875e-20	3.6826e+03	2.7410e-20	
0	7	1	17	4.2525e+01	4.2950e+01	9.8941e-21	5.4044e+01	1.1638e-19	6.8004e+01	1.6054e-19	8.5569e+01	1.7528e-19	1.0767e+02	1.7419e-19	1.3548e+02	1.6472e-19	1.7048e+02	1.5109e-19	2.1451e+02	1.3577e-19	2.6992e+02	1.2022e-19	3.3964e+02	1.0525e-19	4.2737e+02	9.1329e-20	5.3776e+02	7.8670e-20	6.7666e+02	6.7353e-20	8.5144e+02	5.7366e-20	1.0714e+03	4.8639e-20	1.3481e+03	4.1078e-20	1.6963e+03	3.4572e-20	2.1345e+03	2.9005e-20	2.6858e+03	2.4268e-20	3.3796e+03	2.0254e-20	4.2525e+03	1.7357e-20	
0	7	1	18	4.2945e+01	4.3374e+01	6.2252e-20	5.4578e+01	7.6706e-19	6.8675e+01	1.2062e-18	8.6414e+01	1.3495e-18	1.0873e+02	1.3556e-18	1.3682e+02	1.2895e-18	1.7216e+02	1.1872e-18	2.1663e+02	1.0695e-18	2.7259e+02	9.4875e-19	3.4300e+02	8.3181e-19	4.3159e+02	7.2260e-19	5.4307e+02	6.2302e-19	6.8335e+02	5.3382e-19	8.5985e+02	4.5496e-19	1.0820e+03	3.8598e-19	1.3614e+03	3.2614e-19	1.7131e+03	2.7461e-19	2.1556e+03	2.3049e-19	2.7123e+03	1.9292e-19	3.4129e+03	1.6105e-19	4.2945e+03	1.3732e-19	
0	7	1	21	4.4814e+01	4.5262e+01	2.8440e-21	5.6954e+01	4.0181e-20	7.1665e+01	6.4955e-20	9.0176e+01	7.3095e-20	1.1347e+02	7.3628e-20	1.4278e+02	7.0146e-20	1.7966e+02	6.4647e-20	2.2606e+02	5.8284e-20	2.8445e+02	5.1730e-20	3.5793e+02	4.5374e-20	4.5038e+02	3.9429e-20	5.6671e+02	3.4006e-20	7.1309e+02	2.9144e-20	8.9728e+02	2.4844e-20	1.1290e+03	2.1081e-20	1.4207e+03	1.7816e-20	1.7876e+03	1.5003e-20	2.2494e+03	1.2594e-20	2.8304e+03	1.0542e-20	3.5615e+03	8.8020e-21	4.4814e+03	7.4501e-21	
0	7	1	29	6.5297e+01	6.5950e+01	3.6059e-22	8.2985e+01	1.0369e-20	1.0442e+02	1.4644e-20	1.3139e+02	1.5960e-20	1.6533e+02	1.5718e-20	2.0803e+02	1.4690e-20	2.6177e+02	1.3307e-20	3.2938e+02	1.1810e-20	4.1446e+02	1.0333e-20	5.2152e+02	8.9458e-21	6.5622e+02	7.6818e-21	8.2573e+02	6.5535e-21	1.0390e+03	5.5613e-21	1.3074e+03	4.6981e-21	1.6451e+03	3.9537e-21	2.0700e+03	3.3162e-21	2.6047e+03	2.7734e-21	3.2775e+03	2.3134e-21	4.1241e+03	1.9253e-21	5.1893e+03	1.5989e-21	6.5297e+03	1.3263e-21	
0	7	1	32	6.7190e+01	6.7862e+01	3.3254e-23	8.5390e+01	5.5117e-22	1.0745e+02	7.7588e-22	1.3520e+02	8.4484e-22	1.7012e+02	8.3165e-22	2.1406e+02	7.7702e-22	2.6936e+02	7.0376e-22	3.3893e+02	6.2454e-22	4.2648e+02	5.4639e-22	5.3664e+02	4.7299e-22	6.7525e+02	4.0612e-22	8.4967e+02	3.4647e-22	1.0691e+03	2.9400e-22	1.3453e+03	2.4836e-22	1.6928e+03	2.0900e-22	2.1300e+03	1.7530e-22	2.6802e+03	1.4660e-22	3.3725e+03	1.2229e-22	4.2436e+03	1.0177e-22	5.3397e+03	8.4513e-23	6.7190e+03	7.0206e-23	
0	8	1	9	2.5683e+01	2.5940e+01	2.2642e-19	3.2640e+01	3.6348e-18	4.1071e+01	5.6542e-18	5.1680e+01	6.2054e-18	6.5029e+01	6.1230e-18	8.1826e+01	5.7265e-18	1.0296e+02	5.1889e-18	1.2956e+02	4.6059e-18	1.6302e+02	4.0301e-18	2.0513e+02	3.4890e-18	2.5811e+02	2.9960e-18	3.2478e+02	2.5559e-18	4.0867e+02	2.1689e-18	5.1424e+02	1.8322e-18	6.4706e+02	1.5419e-18	8.1420e+02	1.2932e-18	1.0245e+03	1.0815e-18	1.2891e+03	9.0212e-19	1.6221e+03	7.5074e-19	2.0411e+03	6.2345e-19	2.5683e+03	5.2552e-19	
0	8	1	14	3.6731e+01	3.7098e+01	1.0000e-26	4.6681e+01	1.0000e-26	5.8738e+01	1.9015e-20	7.3910e+01	7.3332e-20	9.3001e+01	8.7118e-20	1.1702e+02	8.7658e-20	1.4725e+02	8.2062e-20	1.8528e+02	7.3869e-20	2.3314e+02	6.4919e-20	2.9336e+02	5.6159e-20	3.6914e+02	4.8048e-20	4.6449e+02	4.0778e-20	5.8447e+02	3.4396e-20	7.3543e+02	2.8874e-20	9.2539e+02	2.4143e-20	1.1644e+03	2.0123e-20	1.4652e+03	1.6727e-20	1.8437e+03	1.3871e-20	2.3199e+03	1.1479e-20	2.9191e+03	9.4825e-21	3.6731e+03	7.8206e-21	
0	8	1	20	4.3979e+01	4.4419e+01	6.9625e-20	5.5893e+01	8.5873e-19	7.0330e+01	1.3412e-18	8.8496e+01	1.4985e-18	1.1135e+02	1.5045e-18	1.4012e+02	1.4306e-18	1.7631e+02	1.3168e-18	2.2185e+02	1.1862e-18	2.7915e+02	1.0521e-18	3.5126e+02	9.2237e-19	4.4199e+02	8.0121e-19	5.5615e+02	6.9077e-19	6.9981e+02	5.9184e-19	8.8057e+02	5.0440e-19	1.1080e+03	4.2790e-19	1.3942e+03	3.6156e-19	1.7543e+03	3.0442e-19	2.2075e+03	2.5551e-19	2.7777e+03	2.1385e-19	3.4951e+03	1.7853e-19	4.3979e+03	1.5225e-19	
0	8	1	31	6.6402e+01	6.7066e+01	3.1579e-22	8.4389e+01	1.0081e-20	1.0619e+02	1.4224e-20	1.3361e+02	1.5501e-20	1.6813e+02	1.5265e-20	2.1155e+02	1.4266e-20	2.6620e+02	1.2923e-20	3.3496e+02	1.1470e-20	4.2148e+02	1.0035e-20	5.3034e+02	8.6879e-21	6.6733e+02	7.4602e-21	8.3970e+02	6.3645e-21	1.0566e+03	5.4009e-21	1.3295e+03	4.5626e-21	1.6729e+03	3.8397e-21	2.1050e+03	3.2206e-21	2.6488e+03	2.6934e-21	3.3329e+03	2.2467e-21	4.1938e+03	1.8697e-21	5.2771e+03	1.5528e-21	6.6402e+03	1.2880e-21	
0	9	1	2	1.4140e+01	1.4282e+01	1.2674e-21	1.7971e+01	1.9669e-20	2.2612e+01	2.7506e-20	2.8453e+01	2.9873e-20	3.5802e+01	2.9368e-20	4.5050e+01	2.7417e-20	5.6687e+01	2.4818e-20	7.1329e+01	2.2017e-20	8.9753e+01	1.9257e-20	1.1294e+02	1.6666e-20	1.4211e+02	1.4308e-20	1.7881e+02	1.2205e-20	2.2500e+02	1.0355e-20	2.8312e+02	8.7467e-21	3.5625e+02	7.3601e-21	4.4827e+02	6.1729e-21	5.6405e+02	5.1619e-21	7.0975e+02	4.3056e-21	8.9308e+02	3.5828e-21	1.1238e+03	2.9753e-21	1.4140e+03	2.4834e-21	
0	9	1	3	1.8068e+01	1.8249e+01	1.0000e-26	2.2963e+01	1.4732e-20	2.8894e+01	1.4484e-19	3.6357e+01	1.9371e-19	4.5748e+01	2.0676e-19	5.7565e+01	2.0145e-19	7.2434e+01	1.8707e-19	9.1144e+01	1.6875e-19	1.1469e+02	1.4934e-19	1.4431e+02	1.3038e-19	1.8158e+02	1.1269e-19	2.2849e+02	9.6638e-20	2.8751e+02	8.2356e-20	3.6177e+02	6.9822e-20	4.5521e+02	5.8939e-20	5.7279e+02	4.9567e-20	7.2075e+02	4.1550e-20	9.0691e+02	3.4731e-20	1.1412e+03	2.8957e-20	1.4359e+03	2.4088e-20	1.8068e+03	1.9997e-20	
0	9	1	6	2.3860e+01	2.4099e+01	1.0000e-26	3.0323e+01	2.2555e-20	3.8156e+01	9.4499e-20	4.8011e+01	1.1534e-19	6.0413e+01	1.1876e-19	7.6017e+01	1.1357e-19	9.5652e+01	1.0430e-19	1.2036e+02	9.3404e-20	1.5145e+02	8.2238e-20	1.9057e+02	7.1528e-20	2.3979e+02	6.1642e-20	3.0173e+02	5.2739e-20	3.7966e+02	4.4860e-20	4.7773e+02	3.7972e-20	6.0113e+02	3.2009e-20	7.5640e+02	2.6888e-20	9.5178e+02	2.2516e-20	1.1976e+03	1.8803e-20	1.5070e+03	1.5664e-20	1.8962e+03	1.3020e-20	2.3860e+03	1.0801e-20	
0	9	1	7	2.4453e+01	2.4697e+01	4.3610e-21	3.1076e+01	5.0574e-19	3.9103e+01	1.1189e-18	4.9204e+01	1.2859e-18	6.1913e+01	1.2934e-18	7.7905e+01	1.2222e-18	9.8028e+01	1.1145e-18	1.2335e+02	9.9342e-19	1.5521e+02	8.7182e-19	1.9530e+02	7.5646e-19	2.4575e+02	6.5070e-19	3.0922e+02	5.5591e-19	3.8909e+02	4.7227e-19	4.8960e+02	3.9935e-19	6.1606e+02	3.3635e-19	7.7518e+02	2.8232e-19	9.7541e+02	2.3625e-19	1.2274e+03	1.9718e-19	1.5444e+03	1.6418e-19	1.9433e+03	1.3640e-19	2.4453e+03	1.1317e-19	
0	9	1	10	2.6274e+01	2.6537e+01	1.9375e-19	3.3392e+01	3.1206e-18	4.2017e+01	4.8619e-18	5.2870e+01	5.3354e-18	6.6526e+01	5.2642e-18	8.3709e+01	4.9230e-18	1.0533e+02	4.4607e-18	1.3254e+02	3.9594e-18	1.6677e+02	3.4643e-18	2.0985e+02	2.9991e-18	2.6405e+02	2.5753e-18	3.3226e+02	2.1970e-18	4.1808e+02	1.8643e-18	5.2607e+02	1.5749e-18	6.6196e+02	1.3253e-18	8.3294e+02	1.1116e-18	1.0481e+03	9.2960e-19	1.3188e+03	7.7540e-19	1.6595e+03	6.4528e-19	2.0881e+03	5.3587e-19	2.6274e+03	4.5207e-19	
0	9	1	12	2.6710e+01	2.6977e+01	1.0000e-26	3.3946e+01	4.2416e-19	4.2714e+01	8.0920e-19	5.3747e+01	9.1022e-19	6.7630e+01	9.0763e-19	8.5098e+01	8.5373e-19	1.0708e+02	7.7634e-19	1.3474e+02	6.9077e-19	1.6954e+02	6.0545e-19	2.1333e+02	5.2485e-19	2.6844e+02	4.5114e-19	3.3777e+02	3.8520e-19	4.2502e+02	3.2709e-19	5.3480e+02	2.7647e-19	6.7294e+02	2.3278e-19	8.4676e+02	1.9533e-19	1.0655e+03	1.6342e-19	1.3407e+03	1.3635e-19	1.6870e+03	1.1351e-19	2.1227e+03	9.4291e-20	2.6710e+03	7.8175e-20	
0	9	1	13	3.5211e+01	3.5564e+01	1.0000e-26	4.4750e+01	1.8662e-20	5.6308e+01	1.0222e-19	7.0853e+01	1.3524e-19	8.9154e+01	1.4553e-19	1.1218e+02	1.4359e-19	1.4116e+02	1.3521e-19	1.7762e+02	1.2368e-19	2.2350e+02	1.1092e-19	2.8123e+02	9.8072e-20	3.5387e+02	8.5764e-20	4.4528e+02	7.4350e-20	5.6029e+02	6.3995e-20	7.0501e+02	5.4754e-20	8.8712e+02	4.6608e-20	1.1163e+03	3.9499e-20	1.4046e+03	3.3344e-20	1.7674e+03	2.8052e-20	2.2239e+03	2.3527e-20	2.7983e+03	1.9679e-20	3.5211e+03	1.6419e-20	
0	9	1	14	3.6473e+01	3.6838e+01	1.0000e-26	4.6353e+01	8.9905e-21	5.8326e+01	8.0939e-20	7.3391e+01	1.2365e-19	9.2348e+01	1.3632e-19	1.1620e+02	1.3565e-19	1.4622e+02	1.2813e-19	1.8398e+02	1.1731e-19	2.3151e+02	1.0519e-19	2.9130e+02	9.2944e-20	3.6655e+02	8.1208e-20	4.6123e+02	7.0334e-20	5.8036e+02	6.0482e-20	7.3027e+02	5.1700e-20	9.1889e+02	4.3971e-20	1.1562e+03	3.7234e-20	1.4549e+03	3.1408e-20	1.8307e+03	2.6405e-20	2.3036e+03	2.2132e-20	2.8986e+03	1.8501e-20	3.6473e+03	1.5428e-20	
0	9	1	18	4.2592e+01	4.3018e+01	2.4774e-21	5.4129e+01	3.8071e-20	6.8110e+01	6.4288e-20	8.5703e+01	7.2958e-20	1.0784e+02	7.3765e-20	1.3570e+02	7.0424e-20	1.7075e+02	6.4989e-20	2.1485e+02	5.8645e-20	2.7034e+02	5.2086e-20	3.4017e+02	4.5709e-20	4.2804e+02	3.9738e-20	5.3860e+02	3.4283e-20	6.7772e+02	2.9390e-20	8.5278e+02	2.5060e-20	1.0731e+03	2.1269e-20	1.3502e+03	1.7978e-20	1.6990e+03	1.5142e-20	2.1378e+03	1.2713e-20	2.6900e+03	1.0643e-20	3.3849e+03	8.8870e-21	4.2592e+03	7.4909e-21	
0	9	1	21	4.4461e+01	4.4906e+01	6.2829e-20	5.6505e+01	7.8040e-19	7.1100e+01	1.2250e-18	8.9465e+01	1.3698e-18	1.1257e+02	1.3756e-18	1.4165e+02	1.3083e-18	1.7824e+02	1.2044e-18	2.2428e+02	1.0850e-18	2.8221e+02	9.6245e-19	3.5510e+02	8.4380e-19	4.4683e+02	7.3299e-19	5.6224e+02	6.3197e-19	7.0747e+02	5.4148e-19	8.9021e+02	4.6149e-19	1.1201e+03	3.9151e-19	1.4095e+03	3.3081e-19	1.7735e+03	2.7854e-19	2.2317e+03	2.3379e-19	2.8081e+03	1.9567e-19	3.5334e+03	1.6335e-19	4.4461e+03	1.3925e-19	
0	9	1	29	6.4943e+01	6.5593e+01	2.9265e-23	8.2536e+01	4.8952e-22	1.0385e+02	6.8977e-22	1.3068e+02	7.5137e-22	1.6443e+02	7.3976e-22	2.0691e+02	6.9126e-22	2.6035e+02	6.2612e-22	3.2760e+02	5.5567e-22	4.1222e+02	4.8615e-22	5.1870e+02	4.2086e-22	6.5267e+02	3.6139e-22	8.2126e+02	3.0830e-22	1.0334e+03	2.6162e-22	1.3003e+03	2.2101e-22	1.6362e+03	1.8599e-22	2.0588e+03	1.5600e-22	2.5906e+03	1.3046e-22	3.2597e+03	1.0882e-22	4.1017e+03	9.0562e-23	5.1612e+03	7.5209e-23	6.4943e+03	6.2434e-23	
0	9	1	32	6.6836e+01	6.7505e+01	3.4363e-22	8.4941e+01	9.8899e-21	1.0688e+02	1.3962e-20	1.3449e+02	1.5216e-20	1.6923e+02	1.4985e-20	2.1294e+02	1.4005e-20	2.6794e+02	1.2686e-20	3.3715e+02	1.1260e-20	4.2423e+02	9.8514e-21	5.3381e+02	8.5288e-21	6.7170e+02	7.3236e-21	8.4520e+02	6.2481e-21	1.0635e+03	5.3020e-21	1.3382e+03	4.4791e-21	1.6839e+03	3.7694e-21	2.1188e+03	3.1616e-21	2.6661e+03	2.6441e-21	3.3548e+03	2.2056e-21	4.2213e+03	1.8355e-21	5.3116e+03	1.5243e-21	6.6836e+03	1.2644e-21	
0	10	1	8	2.4748e+01	2.4995e+01	1.0000e-26	3.1451e+01	2.2848e-20	3.9575e+01	9.1123e-20	4.9797e+01	1.1065e-19	6.2660e+01	1.1370e-19	7.8845e+01	1.0862e-19	9.9210e+01	9.9691e-20	1.2484e+02	8.9241e-20	1.5708e+02	7.8551e-20	1.9766e+02	6.8306e-20	2.4871e+02	5.8856e-20	3.1295e+02	5.0350e-20	3.9379e+02	4.2822e-20	4.9550e+02	3.6244e-20	6.2349e+02	3.0551e-20	7.8453e+02	2.5661e-20	9.8718e+02	2.1487e-20	1.2422e+03	1.7943e-20	1.5630e+03	1.4947e-20	1.9667e+03	1.2424e-20	2.4748e+03	1.0306e-20	
0	10	1	11	2.6626e+01	2.6893e+01	2.0707e-19	3.3839e+01	3.3854e-18	4.2579e+01	5.2570e-18	5.3578e+01	5.7687e-18	6.7417e+01	5.6920e-18	8.4830e+01	5.3234e-18	1.0674e+02	4.8236e-18	1.3431e+02	4.2817e-18	1.6901e+02	3.7464e-18	2.1266e+02	3.2434e-18	2.6759e+02	2.7851e-18	3.3671e+02	2.3760e-18	4.2368e+02	2.0162e-18	5.3312e+02	1.7033e-18	6.7082e+02	1.4334e-18	8.4409e+02	1.2022e-18	1.0621e+03	1.0054e-18	1.3365e+03	8.3864e-19	1.6817e+03	6.9791e-19	2.1161e+03	5.7958e-19	2.6626e+03	4.8824e-19	
0	10	1	14	3.6424e+01	3.6788e+01	1.0000e-26	4.6290e+01	1.0000e-26	5.8247e+01	1.7632e-20	7.3292e+01	6.9719e-20	9.2223e+01	8.3083e-20	1.1604e+02	8.3786e-20	1.4602e+02	7.8618e-20	1.8374e+02	7.0947e-20	2.3119e+02	6.2519e-20	2.9091e+02	5.4235e-20	3.6605e+02	4.6534e-20	4.6061e+02	3.9606e-20	5.7958e+02	3.3501e-20	7.2928e+02	2.8198e-20	9.1766e+02	2.3640e-20	1.1547e+03	1.9753e-20	1.4529e+03	1.6458e-20	1.8282e+03	1.3679e-20	2.3005e+03	1.1345e-20	2.8947e+03	9.3908e-21	3.6424e+03	7.7598e-21	
0	10	1	22	4.4922e+01	4.5371e+01	6.5974e-20	5.7091e+01	8.2243e-19	7.1837e+01	1.2850e-18	9.0392e+01	1.4358e-18	1.1374e+02	1.4415e-18	1.4312e+02	1.3708e-18	1.8009e+02	1.2618e-18	2.2660e+02	1.1366e-18	2.8514e+02	1.0082e-18	3.5879e+02	8.8384e-19	4.5146e+02	7.6775e-19	5.6807e+02	6.6193e-19	7.1481e+02	5.6713e-19	8.9944e+02	4.8334e-19	1.1318e+03	4.1004e-19	1.4241e+03	3.4647e-19	1.7919e+03	2.9172e-19	2.2548e+03	2.4484e-19	2.8372e+03	2.0492e-19	3.5701e+03	1.7108e-19	4.4922e+03	1.4582e-19	
0	10	1	33	6.7343e+01	6.8016e+01	3.0661e-22	8.5584e+01	9.7922e-21	1.0769e+02	1.3816e-20	1.3551e+02	1.5056e-20	1.7051e+02	1.4827e-20	2.1455e+02	1.3857e-20	2.6997e+02	1.2552e-20	3.3970e+02	1.1141e-20	4.2745e+02	9.7473e-21	5.3786e+02	8.4386e-21	6.7678e+02	7.2463e-21	8.5160e+02	6.1820e-21	1.0716e+03	5.2460e-21	1.3483e+03	4.4317e-21	1.6966e+03	3.7296e-21	2.1349e+03	3.1282e-21	2.6863e+03	2.6162e-21	3.3802e+03	2.1823e-21	4.2533e+03	1.8161e-21	5.3519e+03	1.5082e-21	6.7343e+03	1.2510e-21	
0	11	1	10	2.6223e+01	2.6485e+01	1.0000e-26	3.3326e+01	9.6156e-19	4.1935e+01	2.2507e-18	5.2766e+01	2.5859e-18	6.6396e+01	2.6001e-18	8.3546e+01	2.4563e-18	1.0513e+02	2.2393e-18	1.3228e+02	1.9959e-18	1.6645e+02	1.7514e-18	2.0944e+02	1.5196e-18	2.6354e+02	1.3071e-18	3.3161e+02	1.1166e-18	4.1726e+02	9.4856e-19	5.2504e+02	8.0207e-19	6.6066e+02	6.7552e-19	8.3131e+02	5.6699e-19	1.0460e+03	4.7447e-19	1.3162e+03	3.9598e-19	1.6562e+03	3.2970e-19	2.0840e+03	2.7393e-19	2.6223e+03	2.2714e-19	
0	11	1	12	2.6659e+01	2.6926e+01	2.0798e-19	3.3880e+01	3.3922e-18	4.2632e+01	5.2630e-18	5.3643e+01	5.7747e-18	6.7499e+01	5.6976e-18	8.4934e+01	5.3285e-18	1.0687e+02	4.8282e-18	1.3448e+02	4.2857e-18	1.6921e+02	3.7499e-18	2.1292e+02	3.2464e-18	2.6792e+02	2.7877e-18	3.3712e+02	2.3782e-18	4.2420e+02	2.0181e-18	5.3377e+02	1.7048e-18	6.7164e+02	1.4347e-18	8.4513e+02	1.2033e-18	1.0634e+03	1.0063e-18	1.3381e+03	8.3941e-19	1.6837e+03	6.9854e-19	2.1186e+03	5.8011e-19	2.6659e+03	4.8870e-19	
0	11	1	14	3.6421e+01	3.6786e+01	1.0000e-26	4.6287e+01	1.1049e-21	5.8243e+01	2.5358e-20	7.3287e+01	7.3032e-20	9.2218e+01	8.5138e-20	1.1604e+02	8.5167e-20	1.4601e+02	7.9589e-20	1.8372e+02	7.1646e-20	2.3118e+02	6.3026e-20	2.9089e+02	5.4602e-20	3.6603e+02	4.6798e-20	4.6058e+02	3.9791e-20	5.7954e+02	3.3628e-20	7.2924e+02	2.8283e-20	9.1760e+02	2.3693e-20	1.1546e+03	1.9783e-20	1.4529e+03	1.6473e-20	1.8281e+03	1.3683e-20	2.3003e+03	1.1341e-20	2.8945e+03	9.3825e-21	3.6421e+03	7.7489e-21	
0	11	1	23	4.4957e+01	4.5406e+01	6.6760e-20	5.7135e+01	8.3251e-19	7.1893e+01	1.3011e-18	9.0463e+01	1.4539e-18	1.1383e+02	1.4596e-18	1.4323e+02	1.3880e-18	1.8023e+02	1.2776e-18	2.2678e+02	1.1509e-18	2.8536e+02	1.0209e-18	3.5906e+02	8.9497e-19	4.5181e+02	7.7742e-19	5.6851e+02	6.7027e-19	7.1536e+02	5.7428e-19	9.0014e+02	4.8943e-19	1.1326e+03	4.1521e-19	1.4252e+03	3.5083e-19	1.7933e+03	2.9539e-19	2.2565e+03	2.4793e-19	2.8394e+03	2.0751e-19	3.5728e+03	1.7323e-19	4.4957e+03	1.4766e-19	
0	11	1	34	6.7380e+01	6.8053e+01	1.9728e-22	8.5632e+01	9.7774e-21	1.0775e+02	1.3795e-20	1.3558e+02	1.5033e-20	1.7060e+02	1.4805e-20	2.1467e+02	1.3836e-20	2.7012e+02	1.2533e-20	3.3989e+02	1.1124e-20	4.2768e+02	9.7326e-21	5.3815e+02	8.4259e-21	6.7716e+02	7.2353e-21	8.5207e+02	6.1726e-21	1.0722e+03	5.2381e-21	1.3491e+03	4.4251e-21	1.6976e+03	3.7240e-21	2.1360e+03	3.1235e-21	2.6878e+03	2.6122e-21	3.3820e+03	2.1790e-21	4.2556e+03	1.8134e-21	5.3548e+03	1.5060e-21	6.7380e+03	1.2491e-21	
0	12	1	3	3.4193e+00	3.4535e+00	1.4123e-18	4.3455e+00	5.5153e-18	5.4679e+00	1.2950e-17	6.8803e+00	1.9462e-17	8.6575e+00	2.1532e-17	1.0894e+01	2.1406e-17	1.3708e+01	1.9937e-17	1.7248e+01	1.7931e-17	2.1703e+01	1.5776e-17	2.7309e+01	1.3677e-17	3.4363e+01	1.1732e-17	4.3239e+01	9.9843e-18	5.4408e+01	8.4454e-18	6.8462e+01	7.1090e-18	8.6145e+01	5.9602e-18	1.0840e+02	4.9803e-18	1.3640e+02	4.1496e-18	1.7163e+02	3.4490e-18	2.1596e+02	2.8712e-18	2.7174e+02	2.3905e-18	3.4193e+02	2.0019e-18	
0	12	1	4	4.2467e+00	4.2892e+00	1.6352e-18	5.3970e+00	2.9153e-18	6.7911e+00	3.5930e-18	8.5452e+00	4.0193e-18	1.0752e+01	3.9194e-18	1.3530e+01	3.6174e-18	1.7025e+01	3.2349e-18	2.1422e+01	2.8352e-18	2.6955e+01	2.4509e-18	3.3918e+01	2.0979e-18	4.2679e+01	1.7824e-18	5.3703e+01	1.5055e-18	6.7574e+01	1.2658e-18	8.5028e+01	1.0602e-18	1.0699e+02	8.8514e-19	1.3463e+02	7.3695e-19	1.6940e+02	6.1210e-19	2.1316e+02	5.0734e-19	2.6822e+02	4.2078e-19	3.3749e+02	3.6661e-19	4.2467e+02	3.2530e-19	
0	12	1	7	9.8035e+00	9.9016e+00	3.5367e-21	1.2459e+01	5.4328e-20	1.5677e+01	1.1331e-19	1.9727e+01	1.3061e-19	2.4822e+01	1.3064e-19	3.1234e+01	1.2236e-19	3.9301e+01	1.1045e-19	4.9453e+01	9.7423e-20	6.2226e+01	8.4612e-20	7.8300e+01	7.2680e-20	9.8524e+01	6.1920e-20	1.2397e+02	5.2421e-20	1.5600e+02	4.4156e-20	1.9629e+02	3.7042e-20	2.4699e+02	3.0968e-20	3.1079e+02	2.5813e-20	3.9106e+02	2.1463e-20	4.9207e+02	1.7806e-20	6.1918e+02	1.4743e-20	7.7911e+02	1.2185e-20	9.8035e+02	1.0176e-20	
0	12	1	10	1.1625e+01	1.1742e+01	3.6311e-22	1.4775e+01	3.3339e-20	1.8591e+01	1.1161e-19	2.3393e+01	1.3268e-19	2.9435e+01	1.3419e-19	3.7038e+01	1.2638e-19	4.6605e+01	1.1445e-19	5.8643e+01	1.0116e-19	7.3790e+01	8.7982e-20	9.2851e+01	7.5653e-20	1.1683e+02	6.4504e-20	1.4701e+02	5.4643e-20	1.8498e+02	4.6051e-20	2.3277e+02	3.8647e-20	2.9289e+02	3.2320e-20	3.6854e+02	2.6949e-20	4.6374e+02	2.2413e-20	5.8352e+02	1.8598e-20	7.3424e+02	1.5402e-20	9.2390e+02	1.2733e-20	1.1625e+03	1.0510e-20	
0	12	1	12	1.2061e+01	1.2182e+01	1.0000e-26	1.5328e+01	6.2408e-21	1.9288e+01	1.6099e-20	2.4270e+01	1.8479e-20	3.0539e+01	1.8428e-20	3.8427e+01	1.7228e-20	4.8353e+01	1.5534e-20	6.0842e+01	1.3692e-20	7.6557e+01	1.1885e-20	9.6332e+01	1.0205e-20	1.2121e+02	8.6920e-21	1.5252e+02	7.3570e-21	1.9192e+02	6.1960e-21	2.4149e+02	5.1971e-21	3.0387e+02	4.3443e-21	3.8236e+02	3.6209e-21	4.8113e+02	3.0104e-21	6.0540e+02	2.4973e-21	7.6177e+02	2.0675e-21	9.5854e+02	1.7087e-21	1.2061e+03	1.4100e-21	
0	12	1	13	2.0562e+01	2.0768e+01	3.6225e-19	2.6132e+01	1.3507e-18	3.2882e+01	1.7269e-18	4.1376e+01	2.0668e-18	5.2063e+01	2.0988e-18	6.5511e+01	1.9916e-18	8.2433e+01	1.8198e-18	1.0372e+02	1.6240e-18	1.3052e+02	1.4260e-18	1.6423e+02	1.2377e-18	2.0665e+02	1.0648e-18	2.6003e+02	9.0971e-19	3.2719e+02	7.7285e-19	4.1171e+02	6.5350e-19	5.1805e+02	5.5039e-19	6.5186e+02	4.6195e-19	8.2024e+02	3.8656e-19	1.0321e+03	3.2261e-19	1.2987e+03	2.6860e-19	1.6341e+03	2.2315e-19	2.0562e+03	1.9864e-19	
0	12	1	14	2.1824e+01	2.2042e+01	1.4096e-21	2.7735e+01	5.2352e-20	3.4899e+01	5.1032e-19	4.3914e+01	9.5772e-19	5.5257e+01	1.0924e-18	6.9530e+01	1.0940e-18	8.7489e+01	1.0312e-18	1.1009e+02	9.3880e-19	1.3852e+02	8.3595e-19	1.7430e+02	7.3304e-19	2.1933e+02	6.3567e-19	2.7598e+02	5.4653e-19	3.4726e+02	4.6673e-19	4.3696e+02	3.9638e-19	5.4983e+02	3.3508e-19	6.9185e+02	2.8215e-19	8.7055e+02	2.3677e-19	1.0954e+03	1.9810e-19	1.3784e+03	1.6531e-19	1.7344e+03	1.3762e-19	2.1824e+03	1.1439e-19	
0	12	1	15	2.4431e+01	2.4675e+01	1.6182e-20	3.1048e+01	4.3010e-20	3.9068e+01	5.0096e-20	4.9159e+01	5.0643e-20	6.1857e+01	4.7975e-20	7.7835e+01	4.3810e-20	9.7940e+01	3.9090e-20	1.2324e+02	3.4328e-20	1.5507e+02	2.9800e-20	1.9512e+02	2.5644e-20	2.4552e+02	2.1914e-20	3.0894e+02	1.8622e-20	3.8874e+02	1.5750e-20	4.8915e+02	1.3268e-20	6.1550e+02	1.1138e-20	7.7449e+02	9.3220e-21	9.7454e+02	7.7813e-21	1.2263e+03	6.4796e-21	1.5430e+03	5.3839e-21	1.9416e+03	4.4649e-21	2.4431e+03	4.2553e-21	
0	12	1	17	2.7523e+01	2.7798e+01	9.7500e-22	3.4978e+01	8.5282e-21	4.4013e+01	1.1235e-20	5.5381e+01	1.1919e-20	6.9686e+01	1.1576e-20	8.7686e+01	1.0730e-20	1.1034e+02	9.6669e-21	1.3883e+02	8.5473e-21	1.7470e+02	7.4575e-21	2.1982e+02	6.4422e-21	2.7660e+02	5.5225e-21	3.4804e+02	4.7048e-21	4.3794e+02	3.9877e-21	5.5106e+02	3.3653e-21	6.9340e+02	2.8296e-21	8.7251e+02	2.3715e-21	1.0979e+03	1.9820e-21	1.3815e+03	1.6523e-21	1.7383e+03	1.3743e-21	2.1873e+03	1.1407e-21	2.7523e+03	9.9432e-22	
0	12	1	18	2.7943e+01	2.8222e+01	2.5131e-21	3.5512e+01	3.4635e-20	4.4684e+01	1.0657e-19	5.6226e+01	1.3015e-19	7.0749e+01	1.3420e-19	8.9024e+01	1.2847e-19	1.1202e+02	1.1806e-19	1.4095e+02	1.0577e-19	1.7736e+02	9.3156e-20	2.2317e+02	8.1042e-20	2.8082e+02	6.9852e-20	3.5335e+02	5.9772e-20	4.4463e+02	5.0847e-20	5.5947e+02	4.3044e-20	7.0398e+02	3.6288e-20	8.8582e+02	3.0484e-20	1.1146e+03	2.5528e-20	1.4025e+03	2.1320e-20	1.7648e+03	1.7761e-20	2.2207e+03	1.4765e-20	2.7943e+03	1.2363e-20	
0	12	1	21	2.9812e+01	3.0110e+01	3.8344e-20	3.7887e+01	3.6813e-19	4.7674e+01	4.9427e-19	5.9988e+01	5.2766e-19	7.5483e+01	5.1408e-19	9.4980e+01	4.7736e-19	1.1951e+02	4.3059e-19	1.5038e+02	3.8103e-19	1.8923e+02	3.3264e-19	2.3810e+02	2.8749e-19	2.9961e+02	2.4653e-19	3.7699e+02	2.1009e-19	4.7437e+02	1.7811e-19	5.9690e+02	1.5035e-19	7.5108e+02	1.2644e-19	9.4508e+02	1.0599e-19	1.1892e+03	8.8589e-20	1.4964e+03	7.3860e-20	1.8829e+03	6.1441e-20	2.3692e+03	5.1004e-20	2.9812e+03	4.4096e-20	
0	12	1	23	3.0359e+01	3.0663e+01	4.9507e-21	3.8583e+01	4.3739e-20	4.8549e+01	5.7681e-20	6.1089e+01	6.1219e-20	7.6868e+01	5.9470e-20	9.6723e+01	5.5128e-20	1.2171e+02	4.9672e-20	1.5314e+02	4.3922e-20	1.9270e+02	3.8323e-20	2.4248e+02	3.3107e-20	3.0511e+02	2.8381e-20	3.8392e+02	2.4179e-20	4.8308e+02	2.0494e-20	6.0786e+02	1.7296e-20	7.6487e+02	1.4543e-20	9.6243e+02	1.2189e-20	1.2110e+03	1.0187e-20	1.5238e+03	8.4921e-21	1.9174e+03	7.0632e-21	2.4127e+03	5.8630e-21	3.0359e+03	5.1067e-21	
0	12	1	24	3.6917e+01	3.7287e+01	1.0000e-26	4.6918e+01	2.1015e-20	5.9037e+01	1.3881e-19	7.4286e+01	2.4094e-19	9.3474e+01	2.7379e-19	1.1762e+02	2.7674e-19	1.4800e+02	2.6407e-19	1.8623e+02	2.4357e-19	2.3433e+02	2.1970e-19	2.9486e+02	1.9505e-19	3.7102e+02	1.7111e-19	4.6685e+02	1.4872e-19	5.8744e+02	1.2827e-19	7.3917e+02	1.0994e-19	9.3010e+02	9.3723e-20	1.1703e+03	7.9530e-20	1.4726e+03	6.7213e-20	1.8530e+03	5.6602e-20	2.3317e+03	4.7516e-20	2.9339e+03	3.9775e-20	3.6917e+03	3.3210e-20	
0	12	1	25	4.2451e+01	4.2876e+01	4.7220e-20	5.3950e+01	1.7419e-19	6.7886e+01	2.1308e-19	8.5420e+01	2.2190e-19	1.0748e+02	2.1515e-19	1.3525e+02	2.0044e-19	1.7018e+02	1.8203e-19	2.1414e+02	1.6241e-19	2.6945e+02	1.4303e-19	3.3905e+02	1.2469e-19	4.2663e+02	1.0781e-19	5.3683e+02	9.2600e-20	6.7549e+02	7.9084e-20	8.4997e+02	6.7214e-20	1.0695e+03	5.6883e-20	1.3458e+03	4.7961e-20	1.6934e+03	4.0305e-20	2.1308e+03	3.3771e-20	2.6811e+03	2.8222e-20	3.3737e+03	2.3528e-20	4.2451e+03	2.1953e-20	
0	12	1	35	6.2939e+01	6.3568e+01	5.0549e-23	7.9988e+01	1.3345e-21	1.0065e+02	3.6637e-21	1.2665e+02	4.3332e-21	1.5936e+02	4.4086e-21	2.0052e+02	4.1904e-21	2.5232e+02	3.8343e-21	3.1749e+02	3.4257e-21	3.9950e+02	3.0111e-21	5.0268e+02	2.6157e-21	6.3253e+02	2.2521e-21	7.9591e+02	1.9253e-21	1.0015e+03	1.6366e-21	1.2602e+03	1.3846e-21	1.5857e+03	1.1667e-21	1.9953e+03	9.7961e-22	2.5106e+03	8.2003e-22	3.1591e+03	6.8460e-22	3.9751e+03	5.7016e-22	5.0019e+03	4.7382e-22	6.2939e+03	3.9496e-22	
0	13	1	3	2.9202e+00	2.9495e+00	1.0000e-26	3.7113e+00	1.0000e-26	4.6699e+00	1.0000e-26	5.8762e+00	1.0000e-26	7.3940e+00	7.7449e-19	9.3038e+00	3.3302e-17	1.1707e+01	5.0124e-17	1.4731e+01	5.5335e-17	1.8536e+01	5.5121e-17	2.3324e+01	5.2104e-17	2.9348e+01	4.7734e-17	3.6929e+01	4.2836e-17	4.6467e+01	3.7877e-17	5.8470e+01	3.3123e-17	7.3573e+01	2.8712e-17	9.2576e+01	2.4711e-17	1.1649e+02	2.1142e-17	1.4658e+02	1.7995e-17	1.8444e+02	1.5250e-17	2.3208e+02	1.2874e-17	2.9202e+02	1.0831e-17	
0	13	1	4	3.7477e+00	3.7851e+00	1.0000e-26	4.7628e+00	1.0000e-26	5.9931e+00	1.4693e-18	7.5411e+00	7.7402e-18	9.4889e+00	9.8599e-18	1.1940e+01	1.0435e-17	1.5024e+01	1.0204e-17	1.8905e+01	9.5547e-18	2.3788e+01	8.7070e-18	2.9932e+01	7.7878e-18	3.7664e+01	6.8711e-18	4.7392e+01	5.9988e-18	5.9633e+01	5.1934e-18	7.5037e+01	4.4651e-18	9.4418e+01	3.8166e-18	1.1881e+02	3.2461e-18	1.4949e+02	2.7489e-18	1.8811e+02	2.3191e-18	2.3670e+02	1.9499e-18	2.9784e+02	1.6346e-18	3.7477e+02	1.3665e-18	
0	13	1	7	9.3045e+00	9.3975e+00	1.0000e-26	1.1825e+01	8.1269e-19	1.4879e+01	5.8046e-18	1.8723e+01	7.5474e-18	2.3559e+01	8.0175e-18	2.9644e+01	7.8357e-18	3.7301e+01	7.3242e-18	4.6936e+01	6.6609e-18	5.9059e+01	5.9464e-18	7.4314e+01	5.2376e-18	9.3509e+01	4.5661e-18	1.1766e+02	3.9482e-18	1.4805e+02	3.3910e-18	1.8630e+02	2.8960e-18	2.3442e+02	2.4613e-18	2.9497e+02	2.0830e-18	3.7116e+02	1.7564e-18	4.6703e+02	1.4761e-18	5.8766e+02	1.2368e-18	7.3945e+02	1.0337e-18	9.3045e+02	8.6178e-19	
0	13	1	10	1.1126e+01	1.1238e+01	1.0000e-26	1.4140e+01	1.2455e-18	1.7793e+01	5.4833e-18	2.2389e+01	6.7814e-18	2.8172e+01	7.0641e-18	3.5448e+01	6.8345e-18	4.4604e+01	6.3498e-18	5.6126e+01	5.7515e-18	7.0623e+01	5.1198e-18	8.8865e+01	4.4998e-18	1.1182e+02	3.9162e-18	1.4070e+02	3.3815e-18	1.7704e+02	2.9009e-18	2.2277e+02	2.4750e-18	2.8032e+02	2.1017e-18	3.5272e+02	1.7773e-18	4.4383e+02	1.4976e-18	5.5847e+02	1.2578e-18	7.0272e+02	1.0534e-18	8.8424e+02	8.7995e-19	1.1126e+03	7.3332e-19	
0	13	1	14	2.1325e+01	2.1538e+01	8.6600e-20	2.7101e+01	6.0350e-19	3.4101e+01	7.7667e-19	4.2910e+01	8.1647e-19	5.3993e+01	7.8924e-19	6.7940e+01	7.2947e-19	8.5489e+01	6.5602e-19	1.0757e+02	5.7929e-19	1.3536e+02	5.0494e-19	1.7032e+02	4.3588e-19	2.1431e+02	3.7342e-19	2.6967e+02	3.1797e-19	3.3932e+02	2.6940e-19	4.2697e+02	2.2728e-19	5.3725e+02	1.9104e-19	6.7603e+02	1.6007e-19	8.5064e+02	1.3375e-19	1.0704e+03	1.1147e-19	1.3468e+03	9.2700e-20	1.6947e+03	7.6933e-20	2.1325e+03	6.8205e-20	
0	13	1	15	2.3932e+01	2.4171e+01	1.4181e-17	3.0414e+01	3.0872e-17	3.8270e+01	3.8440e-17	4.8155e+01	3.9455e-17	6.0594e+01	3.7659e-17	7.6245e+01	3.4542e-17	9.5939e+01	3.0909e-17	1.2072e+02	2.7197e-17	1.5190e+02	2.3644e-17	1.9114e+02	2.0369e-17	2.4051e+02	1.7422e-17	3.0263e+02	1.4815e-17	3.8080e+02	1.2538e-17	4.7916e+02	1.0567e-17	6.0293e+02	8.8751e-18	7.5867e+02	7.4308e-18	9.5463e+02	6.2047e-18	1.2012e+03	5.1684e-18	1.5115e+03	4.2957e-18	1.9019e+03	3.5633e-18	2.3932e+03	3.3644e-18	
0	13	1	17	2.7024e+01	2.7294e+01	4.6192e-20	3.4344e+01	4.3071e-19	4.3215e+01	5.7127e-19	5.4377e+01	6.0769e-19	6.8423e+01	5.9102e-19	8.6096e+01	5.4825e-19	1.0833e+02	4.9421e-19	1.3632e+02	4.3714e-19	1.7153e+02	3.8151e-19	2.1583e+02	3.2965e-19	2.7158e+02	2.8263e-19	3.4173e+02	2.4081e-19	4.3000e+02	2.0413e-19	5.4107e+02	1.7229e-19	6.8083e+02	1.4488e-19	8.5669e+02	1.2143e-19	1.0780e+03	1.0149e-19	1.3564e+03	8.4614e-20	1.7068e+03	7.0381e-20	2.1476e+03	5.8423e-20	2.7024e+03	5.0674e-20	
0	13	1	24	3.6418e+01	3.6783e+01	1.0000e-26	4.6284e+01	1.0000e-26	5.8239e+01	5.2743e-21	7.3282e+01	7.0036e-20	9.2210e+01	9.7004e-20	1.1603e+02	1.0562e-19	1.4600e+02	1.0454e-19	1.8371e+02	9.8466e-20	2.3116e+02	9.0003e-20	2.9087e+02	8.0639e-20	3.6600e+02	7.1220e-20	4.6054e+02	6.2222e-20	5.7950e+02	5.3896e-20	7.2918e+02	4.6358e-20	9.1752e+02	3.9640e-20	1.1545e+03	3.3726e-20	1.4527e+03	2.8571e-20	1.8280e+03	2.4110e-20	2.3001e+03	2.0277e-20	2.8943e+03	1.7002e-20	3.6418e+03	1.4218e-20	
0	13	1	26	4.3903e+01	4.4342e+01	7.6981e-20	5.5795e+01	4.9215e-18	7.0207e+01	7.0706e-18	8.8341e+01	7.8393e-18	1.1116e+02	7.8535e-18	1.3987e+02	7.4622e-18	1.7600e+02	6.8669e-18	2.2146e+02	6.1852e-18	2.7867e+02	5.4862e-18	3.5064e+02	4.8098e-18	4.4122e+02	4.1782e-18	5.5518e+02	3.6025e-18	6.9858e+02	3.0868e-18	8.7903e+02	2.6309e-18	1.1061e+03	2.2321e-18	1.3918e+03	1.8861e-18	1.7513e+03	1.5881e-18	2.2036e+03	1.3329e-18	2.7728e+03	1.1157e-18	3.4890e+03	9.3143e-19	4.3903e+03	7.7673e-19	
0	14	1	3	1.4669e+00	1.4816e+00	4.9296e-15	1.8643e+00	4.5994e-15	2.3458e+00	4.2432e-15	2.9518e+00	3.8642e-15	3.7142e+00	3.4609e-15	4.6736e+00	3.0740e-15	5.8808e+00	2.7259e-15	7.3997e+00	2.4316e-15	9.3111e+00	2.1914e-15	1.1716e+01	1.9903e-15	1.4742e+01	1.8228e-15	1.8550e+01	1.6840e-15	2.3342e+01	1.5747e-15	2.9371e+01	1.4887e-15	3.6958e+01	1.4174e-15	4.6504e+01	1.3586e-15	5.8516e+01	1.3174e-15	7.3630e+01	1.2876e-15	9.2649e+01	1.2656e-15	1.1658e+02	1.2499e-15	1.4669e+02	1.2405e-15	
0	14	1	4	2.2943e+00	2.3173e+00	8.0222e-16	2.9158e+00	7.7213e-16	3.6690e+00	7.3736e-16	4.6167e+00	7.0314e-16	5.8092e+00	6.7348e-16	7.3097e+00	6.4905e-16	9.1978e+00	6.3093e-16	1.1574e+01	6.1495e-16	1.4563e+01	6.0189e-16	1.8325e+01	5.9121e-16	2.3058e+01	5.8230e-16	2.9014e+01	5.7474e-16	3.6508e+01	5.6855e-16	4.5938e+01	5.6355e-16	5.7803e+01	5.5963e-16	7.2734e+01	5.5703e-16	9.1521e+01	5.5543e-16	1.1516e+02	5.5432e-16	1.4491e+02	5.5359e-16	1.8234e+02	5.5312e-16	2.2943e+02	5.5297e-16	
0	14	1	7	7.8512e+00	7.9297e+00	3.8156e-18	9.9779e+00	4.3325e-18	1.2555e+01	4.3093e-18	1.5798e+01	4.0160e-18	1.9879e+01	3.6122e-18	2.5014e+01	3.1778e-18	3.1475e+01	2.7544e-18	3.9604e+01	2.3622e-18	4.9834e+01	2.0098e-18	6.2706e+01	1.6997e-18	7.8903e+01	1.4304e-18	9.9284e+01	1.1989e-18	1.2493e+02	1.0016e-18	1.5720e+02	8.3439e-19	1.9780e+02	6.9355e-19	2.4889e+02	5.7887e-19	3.1318e+02	4.8496e-19	3.9408e+02	4.0991e-19	4.9587e+02	3.6191e-19	6.2395e+02	3.4481e-19	7.8512e+02	3.3868e-19	
0	14	1	10	9.6730e+00	9.7698e+00	1.8180e-18	1.2293e+01	2.7272e-18	1.5469e+01	2.9829e-18	1.9464e+01	2.9057e-18	2.4492e+01	2.6818e-18	3.0818e+01	2.3986e-18	3.8778e+01	2.1028e-18	4.8795e+01	1.8183e-18	6.1398e+01	1.5568e-18	7.7257e+01	1.3229e-18	9.7213e+01	1.1177e-18	1.2232e+02	9.3994e-19	1.5392e+02	7.8740e-19	1.9368e+02	6.5749e-19	2.4370e+02	5.4750e-19	3.0665e+02	4.5481e-19	3.8586e+02	3.7701e-19	4.8552e+02	3.1276e-19	6.1093e+02	2.6233e-19	7.6874e+02	2.3216e-19	9.6730e+02	2.2260e-19	
0	14	1	12	1.0109e+01	1.0210e+01	1.8651e-19	1.2847e+01	4.5717e-19	1.6166e+01	6.0959e-19	2.0341e+01	6.3273e-19	2.5595e+01	6.0354e-19	3.2207e+01	5.5059e-19	4.0526e+01	4.8895e-19	5.0993e+01	4.2660e-19	6.4165e+01	3.6765e-19	8.0739e+01	3.1400e-19	1.0159e+02	2.6633e-19	1.2784e+02	2.2469e-19	1.6085e+02	1.8872e-19	2.0240e+02	1.5793e-19	2.5468e+02	1.3177e-19	3.2047e+02	1.0964e-19	4.0325e+02	9.1021e-20	5.0740e+02	7.5409e-20	6.3847e+02	6.2632e-20	8.0338e+02	5.2709e-20	1.0109e+03	4.7145e-20	
0	14	1	13	1.8610e+01	1.8796e+01	1.3851e-18	2.3651e+01	1.8481e-18	2.9760e+01	2.0150e-18	3.7447e+01	2.0159e-18	4.7120e+01	1.8936e-18	5.9291e+01	1.7191e-18	7.4606e+01	1.5274e-18	9.3877e+01	1.3370e-18	1.1812e+02	1.1576e-18	1.4864e+02	9.9404e-19	1.8703e+02	8.4797e-19	2.3534e+02	7.1948e-19	2.9613e+02	6.0772e-19	3.7262e+02	5.1135e-19	4.6886e+02	4.2884e-19	5.8997e+02	3.5859e-19	7.4236e+02	2.9908e-19	9.3411e+02	2.4886e-19	1.1754e+03	2.1023e-19	1.4790e+03	1.9134e-19	1.8610e+03	1.8293e-19	
0	14	1	14	1.9871e+01	2.0070e+01	4.2627e-20	2.5254e+01	6.1541e-19	3.1777e+01	1.6058e-18	3.9985e+01	2.0239e-18	5.0314e+01	2.0980e-18	6.3310e+01	2.0133e-18	7.9662e+01	1.8527e-18	1.0024e+02	1.6614e-18	1.2613e+02	1.4641e-18	1.5871e+02	1.2743e-18	1.9971e+02	1.0987e-18	2.5129e+02	9.4039e-19	3.1620e+02	8.0013e-19	3.9787e+02	6.7746e-19	5.0064e+02	5.7121e-19	6.2995e+02	4.7990e-19	7.9267e+02	4.0193e-19	9.9742e+02	3.3571e-19	1.2550e+03	2.7970e-19	1.5792e+03	2.3266e-19	1.9871e+03	1.9447e-19	
0	14	1	15	2.2478e+01	2.2703e+01	2.6569e-20	2.8567e+01	2.8998e-20	3.5946e+01	2.8559e-20	4.5231e+01	2.6685e-20	5.6914e+01	2.4168e-20	7.1615e+01	2.1446e-20	9.0113e+01	1.8761e-20	1.1339e+02	1.6239e-20	1.4268e+02	1.3943e-20	1.7953e+02	1.1894e-20	2.2590e+02	1.0092e-20	2.8425e+02	8.5246e-21	3.5768e+02	7.1735e-21	4.5006e+02	6.0163e-21	5.6632e+02	5.0313e-21	7.1259e+02	4.1966e-21	8.9666e+02	3.4922e-21	1.1283e+03	2.9000e-21	1.4197e+03	2.4473e-21	1.7864e+03	2.4231e-21	2.2478e+03	2.4230e-21	
0	14	1	17	2.5570e+01	2.5826e+01	8.8798e-21	3.2497e+01	2.4356e-20	4.0891e+01	2.9659e-20	5.1453e+01	3.0585e-20	6.4743e+01	2.9289e-20	8.1466e+01	2.6924e-20	1.0251e+02	2.4129e-20	1.2899e+02	2.1255e-20	1.6230e+02	1.8495e-20	2.0423e+02	1.5944e-20	2.5698e+02	1.3645e-20	3.2335e+02	1.1608e-20	4.0688e+02	9.8280e-21	5.1197e+02	8.2861e-21	6.4421e+02	6.9612e-21	8.1061e+02	5.8300e-21	1.0200e+03	4.8692e-21	1.2835e+03	4.0567e-21	1.6150e+03	3.3725e-21	2.0321e+03	2.8008e-21	2.5570e+03	2.5630e-21	
0	14	1	18	2.5990e+01	2.6250e+01	8.9044e-20	3.3030e+01	2.9739e-19	4.1562e+01	3.8263e-19	5.2298e+01	3.9975e-19	6.5806e+01	3.8513e-19	8.2804e+01	3.5525e-19	1.0419e+02	3.1905e-19	1.3110e+02	2.8147e-19	1.6497e+02	2.4517e-19	2.0758e+02	2.1153e-19	2.6120e+02	1.8114e-19	3.2867e+02	1.5419e-19	4.1356e+02	1.3059e-19	5.2038e+02	1.1014e-19	6.5480e+02	9.2562e-20	8.2393e+02	7.7541e-20	1.0367e+03	6.4778e-20	1.3045e+03	5.3981e-20	1.6415e+03	4.4884e-20	2.0655e+03	3.7263e-20	2.5990e+03	3.3812e-20	
0	14	1	21	2.7860e+01	2.8138e+01	2.7997e-20	3.5406e+01	1.1301e-19	4.4552e+01	1.4684e-19	5.6059e+01	1.5413e-19	7.0539e+01	1.4886e-19	8.8760e+01	1.3751e-19	1.1169e+02	1.2363e-19	1.4053e+02	1.0914e-19	1.7683e+02	9.5117e-20	2.2251e+02	8.2096e-20	2.7998e+02	7.0326e-20	3.5230e+02	5.9878e-20	4.4330e+02	5.0727e-20	5.5781e+02	4.2792e-20	7.0189e+02	3.5968e-20	8.8319e+02	3.0135e-20	1.1113e+03	2.5178e-20	1.3984e+03	2.0984e-20	1.7596e+03	1.7450e-20	2.2141e+03	1.4485e-20	2.7860e+03	1.2979e-20	
0	14	1	23	2.8407e+01	2.8691e+01	1.5481e-20	3.6102e+01	4.7154e-20	4.5427e+01	5.7667e-20	5.7161e+01	5.9542e-20	7.1925e+01	5.7049e-20	9.0503e+01	5.2459e-20	1.1388e+02	4.7021e-20	1.4330e+02	4.1427e-20	1.8031e+02	3.6050e-20	2.2688e+02	3.1079e-20	2.8549e+02	2.6599e-20	3.5923e+02	2.2631e-20	4.5201e+02	1.9160e-20	5.6877e+02	1.6155e-20	7.1568e+02	1.3572e-20	9.0054e+02	1.1367e-20	1.1331e+03	9.4935e-21	1.4258e+03	7.9097e-21	1.7941e+03	6.5755e-21	2.2576e+03	5.4642e-21	2.8407e+03	4.9896e-21	
0	14	1	24	3.4965e+01	3.5315e+01	5.3029e-21	4.4437e+01	1.6174e-19	5.5914e+01	4.3469e-19	7.0357e+01	5.5139e-19	8.8530e+01	5.7925e-19	1.1140e+02	5.6420e-19	1.4017e+02	5.2704e-19	1.7638e+02	4.7949e-19	2.2194e+02	4.2837e-19	2.7926e+02	3.7760e-19	3.5140e+02	3.2942e-19	4.4216e+02	2.8502e-19	5.5637e+02	2.4492e-19	7.0008e+02	2.0926e-19	8.8091e+02	1.7791e-19	1.1084e+03	1.5062e-19	1.3948e+03	1.2703e-19	1.7550e+03	1.0678e-19	2.2083e+03	8.9488e-20	2.7788e+03	7.4799e-20	3.4965e+03	6.2581e-20	
0	14	1	25	4.0499e+01	4.0904e+01	3.2220e-19	5.1469e+01	4.4017e-19	6.4764e+01	4.7641e-19	8.1492e+01	4.7106e-19	1.0254e+02	4.4393e-19	1.2903e+02	4.0619e-19	1.6236e+02	3.6432e-19	2.0429e+02	3.2208e-19	2.5706e+02	2.8162e-19	3.2346e+02	2.4410e-19	4.0701e+02	2.1006e-19	5.1214e+02	1.7970e-19	6.4442e+02	1.5294e-19	8.1087e+02	1.2959e-19	1.0203e+03	1.0938e-19	1.2839e+03	9.2007e-20	1.6155e+03	7.7158e-20	2.0328e+03	6.4527e-20	2.5578e+03	5.3832e-20	3.2185e+03	4.7029e-20	4.0499e+03	4.6928e-20	
0	14	1	35	6.0986e+01	6.1596e+01	2.1528e-22	7.7507e+01	2.7730e-21	9.7527e+01	3.9474e-21	1.2272e+02	4.2743e-21	1.5442e+02	4.1932e-21	1.9430e+02	3.9093e-21	2.4449e+02	3.5354e-21	3.0764e+02	3.1341e-21	3.8710e+02	2.7397e-21	4.8709e+02	2.3702e-21	6.1291e+02	2.0342e-21	7.7122e+02	1.7346e-21	9.7043e+02	1.4714e-21	1.2211e+03	1.2426e-21	1.5365e+03	1.0454e-21	1.9334e+03	8.7663e-22	2.4328e+03	7.3297e-22	3.0611e+03	6.1127e-22	3.8518e+03	5.0861e-22	4.8467e+03	4.2232e-22	6.0986e+03	3.5828e-22	
0	15	1	3	5.7166e-01	5.7737e-01	1.0000e-26	7.2651e-01	1.0000e-26	9.1417e-01	1.0000e-26	1.1503e+00	1.0000e-26	1.4474e+00	1.0000e-26	1.8213e+00	1.0000e-26	2.2917e+00	1.0000e-26	2.8837e+00	1.0000e-26	3.6285e+00	1.0000e-26	4.5658e+00	1.0000e-26	5.7451e+00	1.0000e-26	7.2290e+00	4.4482e-17	9.0963e+00	8.6585e-17	1.1446e+01	9.7310e-17	1.4402e+01	9.6896e-17	1.8122e+01	9.1047e-17	2.2803e+01	8.2745e-17	2.8694e+01	7.3613e-17	3.6105e+01	6.4530e-17	4.5431e+01	5.5960e-17	5.7166e+01	4.8127e-17	
0	15	1	5	3.2930e+00	3.3260e+00	1.0000e-26	4.1851e+00	1.0000e-26	5.2661e+00	1.0000e-26	6.6263e+00	1.0000e-26	8.3378e+00	2.2139e-18	1.0491e+01	3.9776e-18	1.3201e+01	4.5161e-18	1.6611e+01	4.5671e-18	2.0902e+01	4.3612e-18	2.6301e+01	4.0254e-18	3.3095e+01	3.6331e-18	4.1643e+01	3.2272e-18	5.2399e+01	2.8324e-18	6.5934e+01	2.4627e-18	8.2965e+01	2.1249e-18	1.0439e+02	1.8218e-18	1.3136e+02	1.5534e-18	1.6529e+02	1.3185e-18	2.0798e+02	1.1146e-18	2.6171e+02	9.3878e-19	3.2930e+02	7.8822e-19	
0	15	1	7	6.9559e+00	7.0255e+00	1.0000e-26	8.8401e+00	1.0000e-26	1.1124e+01	3.5104e-18	1.3997e+01	1.0178e-17	1.7612e+01	1.1918e-17	2.2161e+01	1.2059e-17	2.7885e+01	1.1425e-17	3.5088e+01	1.0434e-17	4.4152e+01	9.3117e-18	5.5556e+01	8.1809e-18	6.9906e+01	7.1061e-18	8.7963e+01	6.1193e-18	1.1068e+02	5.2334e-18	1.3927e+02	4.4508e-18	1.7525e+02	3.7675e-18	2.2051e+02	3.1763e-18	2.7747e+02	2.6686e-18	3.4914e+02	2.2352e-18	4.3932e+02	1.8671e-18	5.5280e+02	1.5559e-18	6.9559e+02	1.2937e-18	
0	15	1	10	8.7778e+00	8.8655e+00	1.0000e-26	1.1156e+01	4.6728e-19	1.4037e+01	6.9131e-18	1.7663e+01	9.5801e-18	2.2225e+01	1.0351e-17	2.7966e+01	1.0143e-17	3.5189e+01	9.4509e-18	4.4278e+01	8.5454e-18	5.5716e+01	7.5765e-18	7.0107e+01	6.6257e-18	8.8215e+01	5.7354e-18	1.1100e+02	4.9257e-18	1.3967e+02	4.2036e-18	1.7575e+02	3.5687e-18	2.2115e+02	3.0163e-18	2.7827e+02	2.5396e-18	3.5015e+02	2.1313e-18	4.4059e+02	1.7833e-18	5.5439e+02	1.4884e-18	6.9759e+02	1.2393e-18	8.7778e+02	1.0297e-18	
0	15	1	16	2.2927e+01	2.3156e+01	1.4112e-18	2.9138e+01	8.7139e-18	3.6664e+01	1.2421e-17	4.6134e+01	1.3418e-17	5.8051e+01	1.3137e-17	7.3045e+01	1.2230e-17	9.1913e+01	1.1048e-17	1.1565e+02	9.7855e-18	1.4553e+02	8.5483e-18	1.8312e+02	7.3912e-18	2.3042e+02	6.3404e-18	2.8993e+02	5.4045e-18	3.6482e+02	4.5829e-18	4.5905e+02	3.8691e-18	5.7763e+02	3.2543e-18	7.2683e+02	2.7282e-18	9.1457e+02	2.2806e-18	1.1508e+03	1.9016e-18	1.4481e+03	1.5820e-18	1.8221e+03	1.3134e-18	2.2927e+03	1.1594e-18	
0	15	1	19	2.5582e+01	2.5838e+01	8.5456e-21	3.2512e+01	1.2035e-19	4.0909e+01	1.6658e-19	5.1476e+01	1.8019e-19	6.4772e+01	1.7677e-19	8.1503e+01	1.6482e-19	1.0256e+02	1.4908e-19	1.2905e+02	1.3217e-19	1.6238e+02	1.1555e-19	2.0432e+02	9.9983e-20	2.5710e+02	8.5813e-20	3.2350e+02	7.3180e-20	4.0706e+02	6.2080e-20	5.1221e+02	5.2429e-20	6.4451e+02	4.4111e-20	8.1099e+02	3.6991e-20	1.0205e+03	3.0931e-20	1.2840e+03	2.5796e-20	1.6157e+03	2.1465e-20	2.0331e+03	1.7823e-20	2.5582e+03	1.4988e-20	
0	15	1	24	3.4070e+01	3.4411e+01	1.0000e-26	4.3299e+01	1.0000e-26	5.4483e+01	1.0000e-26	6.8556e+01	6.7363e-20	8.6264e+01	1.1385e-19	1.0855e+02	1.2608e-19	1.3658e+02	1.2482e-19	1.7186e+02	1.1694e-19	2.1625e+02	1.0609e-19	2.7211e+02	9.4271e-20	3.4240e+02	8.2572e-20	4.3084e+02	7.1563e-20	5.4212e+02	6.1518e-20	6.8215e+02	5.2540e-20	8.5835e+02	4.4632e-20	1.0801e+03	3.7743e-20	1.3590e+03	3.1794e-20	1.7101e+03	2.6693e-20	2.1518e+03	2.2344e-20	2.7076e+03	1.8654e-20	3.4070e+03	1.5536e-20	
0	15	1	27	4.4004e+01	4.4444e+01	1.0000e-26	5.5924e+01	2.4806e-18	7.0369e+01	4.3730e-18	8.8545e+01	4.9547e-18	1.1142e+02	5.0066e-18	1.4019e+02	4.7788e-18	1.7641e+02	4.4097e-18	2.2197e+02	3.9793e-18	2.7931e+02	3.5342e-18	3.5145e+02	3.1016e-18	4.4223e+02	2.6965e-18	5.5646e+02	2.3265e-18	7.0020e+02	1.9945e-18	8.8106e+02	1.7007e-18	1.1086e+03	1.4434e-18	1.3950e+03	1.2201e-18	1.7553e+03	1.0276e-18	2.2087e+03	8.6280e-19	2.7792e+03	7.2235e-19	3.4971e+03	6.0319e-19	4.4004e+03	5.0252e-19	
0	16	1	3	4.4036e-01	4.4476e-01	1.0000e-26	5.5964e-01	1.0000e-26	7.0420e-01	1.0000e-26	8.8609e-01	1.0000e-26	1.1150e+00	1.0000e-26	1.4030e+00	1.0000e-26	1.7654e+00	1.0000e-26	2.2213e+00	1.0000e-26	2.7951e+00	1.0000e-26	3.5171e+00	1.0000e-26	4.4256e+00	1.0000e-26	5.5687e+00	2.4449e-17	7.0071e+00	1.0022e-16	8.8170e+00	1.2243e-16	1.1094e+01	1.2662e-16	1.3960e+01	1.2187e-16	1.7566e+01	1.1277e-16	2.2103e+01	1.0183e-16	2.7812e+01	9.0409e-17	3.4996e+01	7.9294e-17	4.4036e+01	6.8891e-17	
0	16	1	6	6.2320e+00	6.2944e+00	1.0000e-26	7.9202e+00	1.0000e-26	9.9660e+00	6.2895e-19	1.2540e+01	2.9453e-18	1.5779e+01	3.6932e-18	1.9855e+01	3.8837e-18	2.4984e+01	3.7849e-18	3.1437e+01	3.5368e-18	3.9557e+01	3.2186e-18	4.9775e+01	2.8760e-18	6.2631e+01	2.5355e-18	7.8809e+01	2.2123e-18	9.9165e+01	1.9144e-18	1.2478e+02	1.6452e-18	1.5701e+02	1.4058e-18	1.9757e+02	1.1953e-18	2.4860e+02	1.0120e-18	3.1281e+02	8.5355e-19	3.9361e+02	7.1751e-19	4.9528e+02	6.0137e-19	6.2320e+02	5.0267e-19	
0	16	1	7	6.8246e+00	6.8929e+00	1.0000e-26	8.6733e+00	7.4855e-19	1.0914e+01	9.1712e-18	1.3733e+01	1.2537e-17	1.7280e+01	1.3544e-17	2.1743e+01	1.3331e-17	2.7359e+01	1.2502e-17	3.4426e+01	1.1389e-17	4.3318e+01	1.0176e-17	5.4507e+01	8.9668e-18	6.8586e+01	7.8194e-18	8.6302e+01	6.7626e-18	1.0859e+02	5.8092e-18	1.3664e+02	4.9621e-18	1.7194e+02	4.2177e-18	2.1635e+02	3.5700e-18	2.7223e+02	3.0105e-18	3.4255e+02	2.5304e-18	4.3103e+02	2.1206e-18	5.4237e+02	1.7724e-18	6.8246e+02	1.4779e-18	
0	16	1	10	8.6465e+00	8.7329e+00	1.0000e-26	1.0989e+01	1.3865e-18	1.3827e+01	8.3053e-18	1.7398e+01	1.0547e-17	2.1893e+01	1.1073e-17	2.7547e+01	1.0740e-17	3.4663e+01	9.9845e-18	4.3616e+01	9.0426e-18	5.4882e+01	8.0462e-18	6.9058e+01	7.0685e-18	8.6896e+01	6.1490e-18	1.0934e+02	5.3075e-18	1.3758e+02	4.5516e-18	1.7312e+02	3.8822e-18	2.1784e+02	3.2959e-18	2.7411e+02	2.7867e-18	3.4491e+02	2.3477e-18	4.3400e+02	1.9716e-18	5.4610e+02	1.6510e-18	6.8715e+02	1.3790e-18	8.6465e+02	1.1491e-18	
0	16	1	14	1.8845e+01	1.9033e+01	1.0000e-26	2.3950e+01	2.2809e-19	3.0136e+01	2.7492e-18	3.7920e+01	3.7443e-18	4.7714e+01	4.0245e-18	6.0039e+01	3.9352e-18	7.5547e+01	3.6621e-18	9.5061e+01	3.3081e-18	1.1961e+02	2.9304e-18	1.5051e+02	2.5602e-18	1.8939e+02	2.2139e-18	2.3831e+02	1.8994e-18	2.9986e+02	1.6193e-18	3.7732e+02	1.3733e-18	4.7478e+02	1.1595e-18	5.9741e+02	9.7537e-19	7.5172e+02	8.1778e-19	9.4589e+02	6.8368e-19	1.1902e+03	5.7012e-19	1.4976e+03	4.7432e-19	1.8845e+03	3.9380e-19	
0	16	1	15	2.1452e+01	2.1666e+01	1.0000e-26	2.7263e+01	1.7662e-19	3.4304e+01	6.4000e-19	4.3165e+01	7.6943e-19	5.4315e+01	7.8752e-19	6.8344e+01	7.5080e-19	8.5997e+01	6.8825e-19	1.0821e+02	6.1563e-19	1.3616e+02	5.4158e-19	1.7133e+02	4.7076e-19	2.1559e+02	4.0550e-19	2.7127e+02	3.4680e-19	3.4134e+02	2.9489e-19	4.2951e+02	2.4955e-19	5.4045e+02	2.1032e-19	6.8005e+02	1.7663e-19	8.5571e+02	1.4788e-19	1.0767e+03	1.2348e-19	1.3549e+03	1.0285e-19	1.7048e+03	8.5482e-20	2.1452e+03	7.0907e-20	
0	16	1	17	2.4544e+01	2.4789e+01	1.9160e-18	3.1192e+01	1.5932e-17	3.9249e+01	2.3726e-17	4.9387e+01	2.5996e-17	6.2144e+01	2.5627e-17	7.8195e+01	2.3951e-17	9.8393e+01	2.1691e-17	1.2381e+02	1.9246e-17	1.5579e+02	1.6834e-17	1.9603e+02	1.4569e-17	2.4666e+02	1.2508e-17	3.1037e+02	1.0668e-17	3.9054e+02	9.0510e-18	4.9142e+02	7.6448e-18	6.1835e+02	6.4324e-18	7.7807e+02	5.3945e-18	9.7905e+02	4.5109e-18	1.2319e+03	3.7622e-18	1.5501e+03	3.1306e-18	1.9505e+03	2.5996e-18	2.4544e+03	2.2529e-18	
0	16	1	18	2.4964e+01	2.5213e+01	3.6853e-19	3.1726e+01	2.5366e-18	3.9921e+01	3.2595e-18	5.0232e+01	3.4245e-18	6.3207e+01	3.3093e-18	7.9533e+01	3.0580e-18	1.0008e+02	2.7498e-18	1.2593e+02	2.4280e-18	1.5845e+02	2.1162e-18	1.9938e+02	1.8267e-18	2.5088e+02	1.5649e-18	3.1568e+02	1.3325e-18	3.9722e+02	1.1289e-18	4.9983e+02	9.5237e-19	6.2893e+02	8.0053e-19	7.9139e+02	6.7073e-19	9.9580e+02	5.6041e-19	1.2530e+03	4.6708e-19	1.5767e+03	3.8842e-19	1.9839e+03	3.2235e-19	2.4964e+03	2.8609e-19	
0	16	1	24	3.3939e+01	3.4278e+01	1.0000e-26	4.3132e+01	1.0000e-26	5.4273e+01	1.0000e-26	6.8291e+01	7.3119e-20	8.5931e+01	1.0563e-19	1.0813e+02	1.1588e-19	1.3606e+02	1.1493e-19	1.7120e+02	1.0826e-19	2.1542e+02	9.8908e-20	2.7106e+02	8.8556e-20	3.4108e+02	7.8157e-20	4.2918e+02	6.8238e-20	5.4004e+02	5.9074e-20	6.7953e+02	5.0788e-20	8.5505e+02	4.3411e-20	1.0759e+03	3.6921e-20	1.3538e+03	3.1269e-20	1.7035e+03	2.6381e-20	2.1435e+03	2.2183e-20	2.6972e+03	1.8598e-20	3.3939e+03	1.5549e-20	
0	16	1	28	4.6987e+01	4.7457e+01	2.5156e-19	5.9715e+01	4.3058e-18	7.5139e+01	6.1747e-18	9.4548e+01	6.8454e-18	1.1897e+02	6.8576e-18	1.4970e+02	6.5159e-18	1.8837e+02	5.9962e-18	2.3702e+02	5.4008e-18	2.9824e+02	4.7904e-18	3.7528e+02	4.1999e-18	4.7221e+02	3.6484e-18	5.9419e+02	3.1457e-18	7.4766e+02	2.6954e-18	9.4079e+02	2.2973e-18	1.1838e+03	1.9489e-18	1.4896e+03	1.6469e-18	1.8743e+03	1.3867e-18	2.3585e+03	1.1639e-18	2.9676e+03	9.7419e-19	3.7342e+03	8.1332e-19	4.6987e+03	6.7808e-19	
0	17	1	3	2.9921e-02	3.0220e-02	1.0000e-26	3.8026e-02	1.0000e-26	4.7847e-02	1.0000e-26	6.0206e-02	1.0000e-26	7.5758e-02	1.0000e-26	9.5326e-02	1.0000e-26	1.1995e-01	1.0000e-26	1.5093e-01	1.0000e-26	1.8992e-01	1.0000e-26	2.3897e-01	1.0000e-26	3.0070e-01	1.0000e-26	3.7837e-01	1.0000e-26	4.7610e-01	1.0000e-26	5.9908e-01	1.0000e-26	7.5382e-01	1.0000e-26	9.4853e-01	1.0000e-26	1.1935e+00	1.0000e-26	1.5018e+00	1.0000e-26	1.8897e+00	1.0000e-26	2.3779e+00	1.0000e-26	2.9921e+00	1.0000e-26	
0	17	1	7	6.4142e+00	6.4783e+00	1.0000e-26	8.1516e+00	8.1762e-19	1.0257e+01	1.1277e-17	1.2907e+01	1.5476e-17	1.6240e+01	1.6643e-17	2.0435e+01	1.6262e-17	2.5714e+01	1.5126e-17	3.2356e+01	1.3662e-17	4.0713e+01	1.2106e-17	5.1229e+01	1.0584e-17	6.4462e+01	9.1623e-18	8.1112e+01	7.8698e-18	1.0206e+02	6.7176e-18	1.2843e+02	5.7046e-18	1.6160e+02	4.8232e-18	2.0334e+02	4.0625e-18	2.5586e+02	3.4105e-18	3.2195e+02	2.8548e-18	4.0511e+02	2.3834e-18	5.0975e+02	1.9851e-18	6.4142e+02	1.6499e-18	
0	17	1	8	6.7582e+00	6.8258e+00	1.0000e-26	8.5889e+00	1.0000e-26	1.0807e+01	5.3558e-19	1.3599e+01	1.9023e-18	1.7112e+01	2.3177e-18	2.1532e+01	2.4098e-18	2.7093e+01	2.3347e-18	3.4091e+01	2.1739e-18	4.2897e+01	1.9735e-18	5.3977e+01	1.7604e-18	6.7919e+01	1.5500e-18	8.5463e+01	1.3511e-18	1.0754e+02	1.1681e-18	1.3532e+02	1.0032e-18	1.7027e+02	8.5670e-19	2.1425e+02	7.2804e-19	2.6959e+02	6.1610e-19	3.3922e+02	5.1944e-19	4.2684e+02	4.3651e-19	5.3709e+02	3.6573e-19	6.7582e+02	3.0562e-19	
0	17	1	10	8.2360e+00	8.3184e+00	1.0000e-26	1.0467e+01	1.5876e-18	1.3171e+01	1.0101e-17	1.6573e+01	1.2800e-17	2.0853e+01	1.3344e-17	2.6240e+01	1.2834e-17	3.3017e+01	1.1826e-17	4.1546e+01	1.0616e-17	5.2277e+01	9.3676e-18	6.5780e+01	8.1643e-18	8.2771e+01	7.0499e-18	1.0415e+02	6.0436e-18	1.3105e+02	5.1504e-18	1.6490e+02	4.3677e-18	2.0750e+02	3.6884e-18	2.6109e+02	3.1035e-18	3.2854e+02	2.6030e-18	4.1340e+02	2.1771e-18	5.2018e+02	1.8163e-18	6.5454e+02	1.5118e-18	8.2360e+02	1.2557e-18	
0	17	1	16	2.2385e+01	2.2609e+01	9.9758e-21	2.8449e+01	6.4695e-20	3.5798e+01	1.3516e-19	4.5044e+01	1.5604e-19	5.6679e+01	1.5721e-19	7.1319e+01	1.4864e-19	8.9741e+01	1.3557e-19	1.1292e+02	1.2085e-19	1.4209e+02	1.0606e-19	1.7879e+02	9.2021e-20	2.2497e+02	7.9151e-20	2.8308e+02	6.7616e-20	3.5620e+02	5.7440e-20	4.4821e+02	4.8568e-20	5.6398e+02	4.0903e-20	7.0965e+02	3.4331e-20	8.9296e+02	2.8728e-20	1.1236e+03	2.3975e-20	1.4138e+03	1.9962e-20	1.7790e+03	1.6584e-20	2.2385e+03	1.4241e-20	
0	17	1	19	2.5040e+01	2.5291e+01	7.7353e-19	3.1823e+01	6.5324e-18	4.0043e+01	9.6759e-18	5.0386e+01	1.0585e-17	6.3401e+01	1.0427e-17	7.9777e+01	9.7413e-18	1.0038e+02	8.8200e-18	1.2631e+02	7.8245e-18	1.5894e+02	6.8430e-18	1.9999e+02	5.9221e-18	2.5165e+02	5.0837e-18	3.1665e+02	4.3358e-18	3.9844e+02	3.6784e-18	5.0136e+02	3.1068e-18	6.3086e+02	2.6140e-18	7.9381e+02	2.1921e-18	9.9885e+02	1.8330e-18	1.2569e+03	1.5288e-18	1.5815e+03	1.2721e-18	1.9900e+03	1.0563e-18	2.5040e+03	9.1504e-19	
0	17	1	24	3.3528e+01	3.3863e+01	1.0000e-26	4.2610e+01	1.0000e-26	5.3617e+01	1.0000e-26	6.7466e+01	7.9500e-20	8.4892e+01	1.1954e-19	1.0682e+02	1.3055e-19	1.3441e+02	1.2846e-19	1.6913e+02	1.1995e-19	2.1281e+02	1.0861e-19	2.6778e+02	9.6402e-20	3.3695e+02	8.4386e-20	4.2399e+02	7.3115e-20	5.3350e+02	6.2848e-20	6.7131e+02	5.3680e-20	8.4471e+02	4.5608e-20	1.0629e+03	3.8577e-20	1.3374e+03	3.2505e-20	1.6829e+03	2.7298e-20	2.1176e+03	2.2857e-20	2.6646e+03	1.9088e-20	3.3528e+03	1.5902e-20	
0	17	1	30	4.7453e+01	4.7928e+01	1.6439e-19	6.0307e+01	2.8142e-18	7.5885e+01	4.0357e-18	9.5485e+01	4.4741e-18	1.2015e+02	4.4820e-18	1.5118e+02	4.2588e-18	1.9023e+02	3.9190e-18	2.3937e+02	3.5299e-18	3.0120e+02	3.1310e-18	3.7900e+02	2.7450e-18	4.7690e+02	2.3846e-18	6.0008e+02	2.0560e-18	7.5508e+02	1.7617e-18	9.5012e+02	1.5015e-18	1.1955e+03	1.2738e-18	1.5043e+03	1.0764e-18	1.8929e+03	9.0633e-19	2.3818e+03	7.6075e-19	2.9971e+03	6.3673e-19	3.7712e+03	5.3158e-19	4.7453e+03	4.4318e-19	
0	18	1	3	4.1395e+00	4.1809e+00	2.4015e-18	5.2608e+00	1.4524e-16	6.6197e+00	2.0545e-16	8.3296e+00	2.2133e-16	1.0481e+01	2.1542e-16	1.3188e+01	1.9907e-16	1.6595e+01	1.7845e-16	2.0881e+01	1.5685e-16	2.6275e+01	1.3602e-16	3.3062e+01	1.1680e-16	4.1602e+01	9.9548e-17	5.2347e+01	8.4350e-17	6.5869e+01	7.1134e-17	8.2882e+01	5.9751e-17	1.0429e+02	5.0021e-17	1.3123e+02	4.1755e-17	1.6513e+02	3.4765e-17	2.0778e+02	2.8882e-17	2.6145e+02	2.3945e-17	3.2898e+02	1.9816e-17	4.1395e+02	1.6394e-17	
0	18	1	7	6.1277e+00	6.1889e+00	1.0000e-26	7.7875e+00	3.6856e-19	9.7991e+00	5.7573e-18	1.2330e+01	8.5883e-18	1.5515e+01	9.3742e-18	1.9523e+01	9.1957e-18	2.4565e+01	8.5494e-18	3.0910e+01	7.7034e-18	3.8894e+01	6.8021e-18	4.8941e+01	5.9230e-18	6.1582e+01	5.1055e-18	7.7489e+01	4.3666e-18	9.7504e+01	3.7119e-18	1.2269e+02	3.1395e-18	1.5438e+02	2.6443e-18	1.9426e+02	2.2192e-18	2.4443e+02	1.8568e-18	3.0757e+02	1.5493e-18	3.8701e+02	1.2896e-18	4.8698e+02	1.0712e-18	6.1277e+02	8.8799e-19	
0	18	1	10	7.9495e+00	8.0290e+00	1.0000e-26	1.0103e+01	1.8582e-18	1.2712e+01	1.2377e-17	1.5996e+01	1.5664e-17	2.0128e+01	1.6237e-17	2.5327e+01	1.5497e-17	3.1869e+01	1.4159e-17	4.0101e+01	1.2599e-17	5.0458e+01	1.1018e-17	6.3492e+01	9.5192e-18	7.9892e+01	8.1514e-18	1.0053e+02	6.9323e-18	1.2649e+02	5.8635e-18	1.5917e+02	4.9375e-18	2.0028e+02	4.1422e-18	2.5201e+02	3.4639e-18	3.1711e+02	2.8887e-18	3.9902e+02	2.4032e-18	5.0208e+02	1.9950e-18	6.3177e+02	1.6529e-18	7.9495e+02	1.3670e-18	
0	18	1	13	1.6887e+01	1.7055e+01	1.0000e-26	2.1461e+01	4.0945e-20	2.7004e+01	2.2996e-19	3.3979e+01	3.2561e-19	4.2756e+01	3.6081e-19	5.3800e+01	3.5559e-19	6.7697e+01	3.3217e-19	8.5182e+01	3.0069e-19	1.0719e+02	2.6670e-19	1.3487e+02	2.3320e-19	1.6971e+02	2.0178e-19	2.1354e+02	1.7319e-19	2.6870e+02	1.4769e-19	3.3811e+02	1.2528e-19	4.2544e+02	1.0580e-19	5.3533e+02	8.9010e-20	6.7361e+02	7.4639e-20	8.4760e+02	6.2406e-20	1.0665e+03	5.2044e-20	1.3420e+03	4.3303e-20	1.6887e+03	3.5956e-20	
0	18	1	14	1.8148e+01	1.8329e+01	1.0000e-26	2.3064e+01	6.2424e-20	2.9021e+01	8.8264e-19	3.6517e+01	1.3292e-18	4.5950e+01	1.5140e-18	5.7819e+01	1.5118e-18	7.2753e+01	1.4230e-18	9.1545e+01	1.2946e-18	1.1519e+02	1.1522e-18	1.4495e+02	1.0100e-18	1.8238e+02	8.7567e-19	2.2949e+02	7.5276e-19	2.8877e+02	6.4275e-19	3.6336e+02	5.4582e-19	4.5722e+02	4.6137e-19	5.7532e+02	3.8846e-19	7.2392e+02	3.2597e-19	9.1091e+02	2.7271e-19	1.1462e+03	2.2756e-19	1.4423e+03	1.8943e-19	1.8148e+03	1.5736e-19	
0	18	1	17	2.3847e+01	2.4085e+01	7.8385e-20	3.0306e+01	6.4069e-19	3.8134e+01	8.3812e-19	4.7985e+01	8.8672e-19	6.0379e+01	8.5998e-19	7.5975e+01	7.9642e-19	9.5599e+01	7.1714e-19	1.2029e+02	6.3384e-19	1.5136e+02	5.5285e-19	1.9046e+02	4.7748e-19	2.3966e+02	4.0924e-19	3.0156e+02	3.4859e-19	3.7945e+02	2.9542e-19	4.7746e+02	2.4929e-19	6.0079e+02	2.0959e-19	7.5598e+02	1.7565e-19	9.5125e+02	1.4678e-19	1.1970e+03	1.2236e-19	1.5061e+03	1.0176e-19	1.8952e+03	8.4466e-20	2.3847e+03	7.4003e-20	
0	18	1	18	2.4267e+01	2.4509e+01	6.3736e-19	3.0840e+01	5.3155e-18	3.8806e+01	7.9244e-18	4.8830e+01	8.6866e-18	6.1442e+01	8.5652e-18	7.7313e+01	8.0060e-18	9.7283e+01	7.2512e-18	1.2241e+02	6.4342e-18	1.5403e+02	5.6281e-18	1.9382e+02	4.8712e-18	2.4388e+02	4.1820e-18	3.0687e+02	3.5670e-18	3.8614e+02	3.0264e-18	4.8587e+02	2.5562e-18	6.1137e+02	2.1508e-18	7.6929e+02	1.8038e-18	9.6800e+02	1.5083e-18	1.2180e+03	1.2580e-18	1.5326e+03	1.0468e-18	1.9285e+03	8.6928e-19	2.4267e+03	7.5292e-19	
0	18	1	21	2.6136e+01	2.6397e+01	2.8671e-20	3.3216e+01	3.0647e-19	4.1795e+01	4.1222e-19	5.2591e+01	4.4092e-19	6.6175e+01	4.3004e-19	8.3268e+01	3.9960e-19	1.0478e+02	3.6061e-19	1.3184e+02	3.1921e-19	1.6589e+02	2.7875e-19	2.0875e+02	2.4095e-19	2.6266e+02	2.0666e-19	3.3051e+02	1.7614e-19	4.1588e+02	1.4935e-19	5.2330e+02	1.2608e-19	6.5847e+02	1.0604e-19	8.2855e+02	8.8892e-20	1.0426e+03	7.4306e-20	1.3119e+03	6.1954e-20	1.6507e+03	5.1539e-20	2.0771e+03	4.2787e-20	2.6136e+03	3.6738e-20	
0	18	1	24	3.3242e+01	3.3574e+01	1.0000e-26	4.2246e+01	1.0000e-26	5.3158e+01	1.0000e-26	6.6889e+01	8.9831e-20	8.4166e+01	1.3905e-19	1.0591e+02	1.5129e-19	1.3326e+02	1.4783e-19	1.6768e+02	1.3689e-19	2.1100e+02	1.2286e-19	2.6550e+02	1.0807e-19	3.3407e+02	9.3767e-20	4.2037e+02	8.0549e-20	5.2895e+02	6.8674e-20	6.6557e+02	5.8204e-20	8.3749e+02	4.9093e-20	1.0538e+03	4.1245e-20	1.3260e+03	3.4533e-20	1.6685e+03	2.8830e-20	2.0995e+03	2.4007e-20	2.6418e+03	1.9945e-20	3.3242e+03	1.6538e-20	
0	18	1	29	4.6619e+01	4.7085e+01	1.7039e-19	5.9247e+01	2.9160e-18	7.4550e+01	4.1815e-18	9.3806e+01	4.6357e-18	1.1804e+02	4.6440e-18	1.4853e+02	4.4126e-18	1.8689e+02	4.0606e-18	2.3516e+02	3.6575e-18	2.9590e+02	3.2441e-18	3.7234e+02	2.8442e-18	4.6851e+02	2.4707e-18	5.8953e+02	2.1303e-18	7.4180e+02	1.8253e-18	9.3341e+02	1.5557e-18	1.1745e+03	1.3199e-18	1.4779e+03	1.1153e-18	1.8596e+03	9.3906e-19	2.3400e+03	7.8820e-19	2.9444e+03	6.5972e-19	3.7049e+03	5.5078e-19	4.6619e+03	4.5919e-19	
0	19	1	3	4.0227e+00	4.0629e+00	1.0517e-17	5.1124e+00	1.7600e-16	6.4329e+00	2.4353e-16	8.0945e+00	2.6009e-16	1.0185e+01	2.5103e-16	1.2816e+01	2.3004e-16	1.6127e+01	2.0450e-16	2.0292e+01	1.7829e-16	2.5534e+01	1.5340e-16	3.2129e+01	1.3073e-16	4.0428e+01	1.1063e-16	5.0870e+01	9.3104e-17	6.4010e+01	7.8015e-17	8.0543e+01	6.5138e-17	1.0135e+02	5.4226e-17	1.2753e+02	4.5026e-17	1.6047e+02	3.7305e-17	2.0191e+02	3.0847e-17	2.5407e+02	2.5464e-17	3.1969e+02	2.0988e-17	4.0227e+02	1.7275e-17	
0	19	1	7	6.0108e+00	6.0709e+00	1.0000e-26	7.6391e+00	1.0255e-18	9.6122e+00	1.6071e-17	1.2095e+01	2.2085e-17	1.5219e+01	2.3524e-17	1.9150e+01	2.2674e-17	2.4097e+01	2.0762e-17	3.0321e+01	1.8447e-17	3.8153e+01	1.6077e-17	4.8008e+01	1.3829e-17	6.0408e+01	1.1783e-17	7.6011e+01	9.9698e-18	9.5645e+01	8.3898e-18	1.2035e+02	7.0293e-18	1.5144e+02	5.8686e-18	1.9055e+02	4.8851e-18	2.3977e+02	4.0560e-18	3.0170e+02	3.3603e-18	3.7964e+02	2.7786e-18	4.7769e+02	2.2936e-18	6.0108e+02	1.8904e-18	
0	19	1	9	6.9835e+00	7.0533e+00	1.0000e-26	8.8751e+00	1.0000e-26	1.1168e+01	5.6958e-19	1.4052e+01	1.8704e-18	1.7682e+01	2.2604e-18	2.2249e+01	2.3427e-18	2.7996e+01	2.2659e-18	3.5227e+01	2.1078e-18	4.4326e+01	1.9122e-18	5.5776e+01	1.7049e-18	7.0183e+01	1.5006e-18	8.8311e+01	1.3076e-18	1.1112e+02	1.1303e-18	1.3982e+02	9.7050e-19	1.7594e+02	8.2865e-19	2.2139e+02	7.0410e-19	2.7857e+02	5.9576e-19	3.5052e+02	5.0224e-19	4.4106e+02	4.2200e-19	5.5499e+02	3.5355e-19	6.9835e+02	2.9542e-19	
0	19	1	10	7.8327e+00	7.9110e+00	1.0000e-26	9.9544e+00	2.0996e-18	1.2526e+01	1.4210e-17	1.5761e+01	1.7897e-17	1.9832e+01	1.8423e-17	2.4955e+01	1.7450e-17	3.1400e+01	1.5816e-17	3.9511e+01	1.3961e-17	4.9717e+01	1.2113e-17	6.2559e+01	1.0386e-17	7.8718e+01	8.8286e-18	9.9050e+01	7.4562e-18	1.2463e+02	6.2652e-18	1.5683e+02	5.2429e-18	1.9734e+02	4.3729e-18	2.4831e+02	3.6369e-18	3.1245e+02	3.0174e-18	3.9315e+02	2.4982e-18	4.9470e+02	2.0645e-18	6.2248e+02	1.7033e-18	7.8327e+02	1.4031e-18	
0	19	1	20	2.5280e+01	2.5532e+01	6.1801e-19	3.2127e+01	5.2610e-18	4.0426e+01	7.7998e-18	5.0868e+01	8.5337e-18	6.4007e+01	8.4068e-18	8.0540e+01	7.8541e-18	1.0134e+02	7.1114e-18	1.2752e+02	6.3088e-18	1.6046e+02	5.5176e-18	2.0191e+02	4.7750e-18	2.5406e+02	4.0990e-18	3.1968e+02	3.4960e-18	4.0225e+02	2.9660e-18	5.0615e+02	2.5051e-18	6.3689e+02	2.1077e-18	8.0140e+02	1.7676e-18	1.0084e+03	1.4780e-18	1.2689e+03	1.2327e-18	1.5966e+03	1.0257e-18	2.0090e+03	8.5173e-19	2.5280e+03	7.3752e-19	
0	19	1	24	3.3125e+01	3.3456e+01	1.0000e-26	4.2098e+01	1.0000e-26	5.2971e+01	1.0000e-26	6.6654e+01	9.9923e-20	8.3871e+01	1.5582e-19	1.0553e+02	1.6851e-19	1.3279e+02	1.6343e-19	1.6709e+02	1.5014e-19	2.1025e+02	1.3366e-19	2.6456e+02	1.1665e-19	3.3290e+02	1.0042e-19	4.1889e+02	8.5620e-20	5.2709e+02	7.2478e-20	6.6323e+02	6.1014e-20	8.3454e+02	5.1136e-20	1.0501e+03	4.2702e-20	1.3213e+03	3.5554e-20	1.6627e+03	2.9525e-20	2.0921e+03	2.4465e-20	2.6325e+03	2.0232e-20	3.3125e+03	1.6703e-20	
0	19	1	31	4.7702e+01	4.8179e+01	1.6268e-19	6.0624e+01	2.7848e-18	7.6283e+01	3.9936e-18	9.5987e+01	4.4274e-18	1.2078e+02	4.4353e-18	1.5198e+02	4.2144e-18	1.9123e+02	3.8782e-18	2.4063e+02	3.4932e-18	3.0278e+02	3.0984e-18	3.8099e+02	2.7164e-18	4.7940e+02	2.3597e-18	6.0323e+02	2.0346e-18	7.5904e+02	1.7433e-18	9.5510e+02	1.4858e-18	1.2018e+03	1.2605e-18	1.5122e+03	1.0652e-18	1.9028e+03	8.9690e-19	2.3943e+03	7.5280e-19	3.0128e+03	6.3010e-19	3.7910e+03	5.2605e-19	4.7702e+03	4.3856e-19	
0	20	1	3	3.7798e+00	3.8176e+00	2.6991e-18	4.8037e+00	1.6809e-16	6.0445e+00	2.3645e-16	7.6058e+00	2.5456e-16	9.5703e+00	2.4781e-16	1.2042e+01	2.2917e-16	1.5153e+01	2.0566e-16	1.9067e+01	1.8102e-16	2.3992e+01	1.5722e-16	3.0189e+01	1.3522e-16	3.7987e+01	1.1544e-16	4.7799e+01	9.7980e-17	6.0145e+01	8.2760e-17	7.5680e+01	6.9625e-17	9.5229e+01	5.8374e-17	1.1983e+02	4.8795e-17	1.5078e+02	4.0682e-17	1.8972e+02	3.3839e-17	2.3873e+02	2.8089e-17	3.0039e+02	2.3272e-17	3.7798e+02	1.9265e-17	
0	20	1	7	5.7680e+00	5.8256e+00	1.0000e-26	7.3304e+00	1.0000e-26	9.2238e+00	1.4111e-17	1.1606e+01	2.0138e-17	1.4604e+01	2.1722e-17	1.8376e+01	2.1163e-17	2.3123e+01	1.9580e-17	2.9096e+01	1.7576e-17	3.6611e+01	1.5472e-17	4.6068e+01	1.3439e-17	5.7967e+01	1.1560e-17	7.2940e+01	9.8700e-18	9.1780e+01	8.3774e-18	1.1549e+02	7.0764e-18	1.4532e+02	5.9534e-18	1.8285e+02	4.9915e-18	2.3008e+02	4.1726e-18	2.8951e+02	3.4789e-18	3.6430e+02	2.8938e-18	4.5839e+02	2.4021e-18	5.7680e+02	1.9902e-18	
0	20	1	10	7.5898e+00	7.6657e+00	1.0000e-26	9.6458e+00	7.1579e-19	1.2137e+01	5.5364e-18	1.5272e+01	7.5493e-18	1.9217e+01	7.9847e-18	2.4181e+01	7.7185e-18	3.0427e+01	7.1216e-18	3.8286e+01	6.3909e-18	4.8175e+01	5.6315e-18	6.0619e+01	4.8994e-18	7.6277e+01	4.2221e-18	9.5979e+01	3.6118e-18	1.2077e+02	3.0717e-18	1.5196e+02	2.5996e-18	1.9122e+02	2.1911e-18	2.4061e+02	1.8402e-18	3.0276e+02	1.5408e-18	3.8096e+02	1.2866e-18	4.7936e+02	1.0717e-18	6.0318e+02	8.9082e-19	7.5898e+02	7.3898e-19	
0	20	1	13	1.6527e+01	1.6692e+01	1.0000e-26	2.1004e+01	1.0849e-20	2.6429e+01	8.0156e-20	3.3255e+01	2.6349e-19	4.1845e+01	3.2964e-19	5.2654e+01	3.4339e-19	6.6254e+01	3.3049e-19	8.3368e+01	3.0469e-19	1.0490e+02	2.7356e-19	1.3200e+02	2.4129e-19	1.6609e+02	2.1015e-19	2.0899e+02	1.8128e-19	2.6298e+02	1.5523e-19	3.3090e+02	1.3212e-19	4.1638e+02	1.1190e-19	5.2393e+02	9.4371e-20	6.5926e+02	7.9303e-20	8.2954e+02	6.6432e-20	1.0438e+03	5.5495e-20	1.3134e+03	4.6244e-20	1.6527e+03	3.8449e-20	
0	20	1	14	1.7788e+01	1.7966e+01	1.0000e-26	2.2607e+01	1.0000e-26	2.8446e+01	1.3915e-19	3.5794e+01	4.6754e-19	4.5039e+01	5.8379e-19	5.6673e+01	6.0304e-19	7.1311e+01	5.7753e-19	8.9731e+01	5.3080e-19	1.1291e+02	4.7559e-19	1.4207e+02	4.1887e-19	1.7877e+02	3.6440e-19	2.2495e+02	3.1408e-19	2.8305e+02	2.6876e-19	3.5616e+02	2.2863e-19	4.4816e+02	1.9354e-19	5.6391e+02	1.6316e-19	7.0957e+02	1.3706e-19	8.9285e+02	1.1478e-19	1.1235e+03	9.5855e-20	1.4137e+03	7.9857e-20	1.7788e+03	6.6383e-20	
0	20	1	18	2.3907e+01	2.4146e+01	4.8906e-20	3.0383e+01	5.5508e-19	3.8231e+01	7.5129e-19	4.8106e+01	8.0556e-19	6.0532e+01	7.8668e-19	7.6167e+01	7.3153e-19	9.5841e+01	6.6048e-19	1.2060e+02	5.8486e-19	1.5175e+02	5.1085e-19	1.9094e+02	4.4168e-19	2.4026e+02	3.7888e-19	3.0232e+02	3.2296e-19	3.8041e+02	2.7386e-19	4.7867e+02	2.3121e-19	6.0231e+02	1.9448e-19	7.5789e+02	1.6304e-19	9.5365e+02	1.3630e-19	1.2000e+03	1.1365e-19	1.5099e+03	9.4550e-20	1.8999e+03	7.8496e-20	2.3907e+03	6.7093e-20	
0	20	1	21	2.5776e+01	2.6034e+01	5.8220e-19	3.2759e+01	5.0066e-18	4.1220e+01	7.4800e-18	5.1867e+01	8.1961e-18	6.5265e+01	8.0796e-18	8.2122e+01	7.5511e-18	1.0333e+02	6.8386e-18	1.3003e+02	6.0678e-18	1.6361e+02	5.3073e-18	2.0587e+02	4.5934e-18	2.5905e+02	3.9434e-18	3.2596e+02	3.3635e-18	4.1016e+02	2.8536e-18	5.1610e+02	2.4103e-18	6.4941e+02	2.0281e-18	8.1715e+02	1.7008e-18	1.0282e+03	1.4222e-18	1.2938e+03	1.1862e-18	1.6280e+03	9.8704e-19	2.0485e+03	8.1962e-19	2.5776e+03	7.0897e-19	
0	20	1	24	3.2882e+01	3.3211e+01	1.0000e-26	4.1789e+01	1.0000e-26	5.2583e+01	1.0000e-26	6.6165e+01	8.3167e-20	8.3256e+01	1.3440e-19	1.0476e+02	1.4684e-19	1.3182e+02	1.4377e-19	1.6587e+02	1.3336e-19	2.0871e+02	1.1988e-19	2.6262e+02	1.0564e-19	3.3046e+02	9.1823e-20	4.1582e+02	7.9023e-20	5.2322e+02	6.7493e-20	6.5837e+02	5.7303e-20	8.2843e+02	4.8415e-20	1.0424e+03	4.0741e-20	1.3117e+03	3.4164e-20	1.6505e+03	2.8564e-20	2.0768e+03	2.3818e-20	2.6132e+03	1.9814e-20	3.2882e+03	1.6449e-20	
0	20	1	32	4.8152e+01	4.8633e+01	1.5963e-19	6.1195e+01	2.7330e-18	7.7002e+01	3.9193e-18	9.6892e+01	4.3450e-18	1.2192e+02	4.3528e-18	1.5341e+02	4.1360e-18	1.9304e+02	3.8060e-18	2.4290e+02	3.4282e-18	3.0564e+02	3.0408e-18	3.8458e+02	2.6659e-18	4.8392e+02	2.3158e-18	6.0892e+02	1.9968e-18	7.6620e+02	1.7109e-18	9.6411e+02	1.4582e-18	1.2131e+03	1.2371e-18	1.5265e+03	1.0454e-18	1.9208e+03	8.8018e-19	2.4169e+03	7.3881e-19	3.0412e+03	6.1838e-19	3.8267e+03	5.1627e-19	4.8152e+03	4.3040e-19	
0	21	1	3	3.7157e+00	3.7529e+00	2.9070e-18	4.7222e+00	1.9440e-16	5.9420e+00	2.6898e-16	7.4768e+00	2.8750e-16	9.4080e+00	2.7790e-16	1.1838e+01	2.5518e-16	1.4896e+01	2.2738e-16	1.8743e+01	1.9876e-16	2.3585e+01	1.7147e-16	2.9677e+01	1.4654e-16	3.7342e+01	1.2435e-16	4.6988e+01	1.0494e-16	5.9125e+01	8.8164e-17	7.4397e+01	7.3799e-17	9.3613e+01	6.1584e-17	1.1779e+02	5.1253e-17	1.4822e+02	4.2558e-17	1.8650e+02	3.5264e-17	2.3468e+02	2.9168e-17	2.9530e+02	2.4085e-17	3.7157e+02	1.9858e-17	
0	21	1	7	5.7038e+00	5.7609e+00	1.0000e-26	7.2489e+00	1.0000e-26	9.1213e+00	1.5413e-17	1.1477e+01	2.2435e-17	1.4442e+01	2.4106e-17	1.8172e+01	2.3348e-17	2.2866e+01	2.1462e-17	2.8772e+01	1.9136e-17	3.6204e+01	1.6733e-17	4.5556e+01	1.4440e-17	5.7323e+01	1.2342e-17	7.2129e+01	1.0475e-17	9.0760e+01	8.8409e-18	1.1420e+02	7.4284e-18	1.4370e+02	6.2184e-18	1.8082e+02	5.1896e-18	2.2753e+02	4.3193e-18	2.8630e+02	3.5867e-18	3.6025e+02	2.9721e-18	4.5330e+02	2.4584e-18	5.7038e+02	2.0301e-18	
0	21	1	10	7.5257e+00	7.6010e+00	1.0000e-26	9.5643e+00	1.9817e-18	1.2035e+01	1.4234e-17	1.5143e+01	1.8044e-17	1.9055e+01	1.8641e-17	2.3977e+01	1.7707e-17	3.0170e+01	1.6095e-17	3.7963e+01	1.4248e-17	4.7768e+01	1.2399e-17	6.0107e+01	1.0663e-17	7.5632e+01	9.0906e-18	9.5168e+01	7.6995e-18	1.1975e+02	6.4878e-18	1.5068e+02	5.4440e-18	1.8960e+02	4.5521e-18	2.3858e+02	3.7953e-18	3.0020e+02	3.1562e-18	3.7774e+02	2.6188e-18	4.7531e+02	2.1687e-18	5.9809e+02	1.7927e-18	7.5257e+02	1.4796e-18	
0	21	1	11	7.9267e+00	8.0060e+00	1.0000e-26	1.0074e+01	1.0000e-26	1.2676e+01	7.0382e-19	1.5950e+01	1.6295e-18	2.0070e+01	1.8992e-18	2.5254e+01	1.9406e-18	3.1777e+01	1.8631e-18	3.9985e+01	1.7252e-18	5.0313e+01	1.5605e-18	6.3309e+01	1.3883e-18	7.9662e+01	1.2199e-18	1.0024e+02	1.0616e-18	1.2613e+02	9.1672e-19	1.5871e+02	7.8645e-19	1.9970e+02	6.7098e-19	2.5129e+02	5.6977e-19	3.1620e+02	4.8183e-19	3.9787e+02	4.0599e-19	5.0064e+02	3.4098e-19	6.2995e+02	2.8555e-19	7.9267e+02	2.3852e-19	
0	21	1	22	2.6222e+01	2.6485e+01	5.5448e-19	3.3326e+01	4.8581e-18	4.1934e+01	7.2321e-18	5.2765e+01	7.9171e-18	6.6394e+01	7.8014e-18	8.3544e+01	7.2895e-18	1.0512e+02	6.6008e-18	1.3228e+02	5.8562e-18	1.6644e+02	5.1220e-18	2.0943e+02	4.4328e-18	2.6353e+02	3.8054e-18	3.3160e+02	3.2457e-18	4.1725e+02	2.7536e-18	5.2503e+02	2.3258e-18	6.6065e+02	1.9569e-18	8.3129e+02	1.6411e-18	1.0460e+03	1.3723e-18	1.3162e+03	1.1445e-18	1.6562e+03	9.5237e-19	2.0840e+03	7.9082e-19	2.6222e+03	6.8362e-19	
0	21	1	24	3.2818e+01	3.3146e+01	1.0000e-26	4.1708e+01	1.0000e-26	5.2481e+01	1.0000e-26	6.6036e+01	9.1262e-20	8.3093e+01	1.4782e-19	1.0456e+02	1.6061e-19	1.3156e+02	1.5624e-19	1.6555e+02	1.4393e-19	2.0831e+02	1.2850e-19	2.6211e+02	1.1245e-19	3.2981e+02	9.7096e-20	4.1501e+02	8.3029e-20	5.2220e+02	7.0487e-20	6.5709e+02	5.9504e-20	8.2681e+02	5.0007e-20	1.0404e+03	4.1868e-20	1.3091e+03	3.4946e-20	1.6472e+03	2.9089e-20	2.0727e+03	2.4157e-20	2.6081e+03	2.0020e-20	3.2818e+03	1.6561e-20	
0	21	1	33	4.8643e+01	4.9129e+01	1.5637e-19	6.1819e+01	2.6779e-18	7.7787e+01	3.8405e-18	9.7880e+01	4.2577e-18	1.2316e+02	4.2653e-18	1.5497e+02	4.0528e-18	1.9500e+02	3.7296e-18	2.4537e+02	3.3593e-18	3.0875e+02	2.9796e-18	3.8851e+02	2.6123e-18	4.8886e+02	2.2693e-18	6.1513e+02	1.9566e-18	7.7401e+02	1.6765e-18	9.7394e+02	1.4289e-18	1.2255e+03	1.2122e-18	1.5421e+03	1.0243e-18	1.9404e+03	8.6252e-19	2.4416e+03	7.2396e-19	3.0722e+03	6.0595e-19	3.8658e+03	5.0589e-19	4.8643e+03	4.2175e-19	
0	22	1	3	3.7133e+00	3.7504e+00	1.2793e-17	4.7192e+00	2.1304e-16	5.9381e+00	2.9336e-16	7.4719e+00	3.1188e-16	9.4019e+00	2.9971e-16	1.1830e+01	2.7353e-16	1.4886e+01	2.4225e-16	1.8731e+01	2.1046e-16	2.3570e+01	1.8048e-16	2.9658e+01	1.5335e-16	3.7318e+01	1.2941e-16	4.6957e+01	1.0863e-16	5.9087e+01	9.0802e-17	7.4349e+01	7.5648e-17	9.3553e+01	6.2844e-17	1.1772e+02	5.2083e-17	1.4812e+02	4.3072e-17	1.8638e+02	3.5557e-17	2.3453e+02	2.9307e-17	2.9510e+02	2.4120e-17	3.7133e+02	1.9826e-17	
0	22	1	7	5.7014e+00	5.7584e+00	1.0000e-26	7.2458e+00	1.0000e-26	9.1174e+00	1.6864e-17	1.1472e+01	2.4453e-17	1.4436e+01	2.6135e-17	1.8165e+01	2.5168e-17	2.2856e+01	2.2995e-17	2.8760e+01	2.0377e-17	3.6189e+01	1.7711e-17	4.5536e+01	1.5191e-17	5.7299e+01	1.2910e-17	7.2099e+01	1.0896e-17	9.0722e+01	9.1474e-18	1.1416e+02	7.6473e-18	1.4364e+02	6.3715e-18	1.8074e+02	5.2933e-18	2.2743e+02	4.3869e-18	2.8617e+02	3.6283e-18	3.6009e+02	2.9954e-18	4.5310e+02	2.4690e-18	5.7014e+02	2.0320e-18	
0	22	1	10	7.5233e+00	7.5985e+00	1.0000e-26	9.5612e+00	2.1753e-18	1.2031e+01	1.5562e-17	1.5138e+01	1.9629e-17	1.9049e+01	2.0166e-17	2.3969e+01	1.9043e-17	3.0160e+01	1.7204e-17	3.7950e+01	1.5137e-17	4.7753e+01	1.3093e-17	6.0087e+01	1.1193e-17	7.5608e+01	9.4880e-18	9.5137e+01	7.9924e-18	1.1971e+02	6.6995e-18	1.5063e+02	5.5940e-18	1.8954e+02	4.6558e-18	2.3850e+02	3.8646e-18	3.0010e+02	3.2005e-18	3.7762e+02	2.6453e-18	4.7516e+02	2.1826e-18	5.9789e+02	1.7980e-18	7.5233e+02	1.4791e-18	
0	22	1	12	7.9592e+00	8.0388e+00	1.0000e-26	1.0115e+01	1.0000e-26	1.2728e+01	7.0857e-19	1.6016e+01	1.6226e-18	2.0152e+01	1.8890e-18	2.5358e+01	1.9293e-18	3.1908e+01	1.8517e-18	4.0149e+01	1.7145e-18	5.0520e+01	1.5506e-18	6.3569e+01	1.3794e-18	7.9989e+01	1.2121e-18	1.0065e+02	1.0548e-18	1.2665e+02	9.1074e-19	1.5936e+02	7.8130e-19	2.0052e+02	6.6659e-19	2.5232e+02	5.6603e-19	3.1749e+02	4.7866e-19	3.9950e+02	4.0331e-19	5.0269e+02	3.3873e-19	6.3254e+02	2.8367e-19	7.9592e+02	2.3694e-19	
0	22	1	14	1.7722e+01	1.7899e+01	1.0000e-26	2.2522e+01	1.0000e-26	2.8340e+01	7.7649e-20	3.5660e+01	3.1212e-19	4.4871e+01	3.7929e-19	5.6461e+01	3.8986e-19	7.1044e+01	3.7250e-19	8.9395e+01	3.4190e-19	1.1249e+02	3.0609e-19	1.4154e+02	2.6943e-19	1.7810e+02	2.3430e-19	2.2410e+02	2.0189e-19	2.8199e+02	1.7271e-19	3.5483e+02	1.4689e-19	4.4648e+02	1.2433e-19	5.6180e+02	1.0480e-19	7.0692e+02	8.8026e-20	8.8951e+02	7.3709e-20	1.1193e+03	6.1551e-20	1.4084e+03	5.1274e-20	1.7722e+03	4.2619e-20	
0	22	1	23	2.6257e+01	2.6520e+01	5.5135e-19	3.3370e+01	4.8349e-18	4.1989e+01	7.2000e-18	5.2835e+01	7.8825e-18	6.6482e+01	7.7675e-18	8.3654e+01	7.2580e-18	1.0526e+02	6.5723e-18	1.3245e+02	5.8310e-18	1.6666e+02	5.1000e-18	2.0971e+02	4.4138e-18	2.6388e+02	3.7891e-18	3.3204e+02	3.2318e-18	4.1781e+02	2.7418e-18	5.2573e+02	2.3158e-18	6.6152e+02	1.9485e-18	8.3239e+02	1.6341e-18	1.0474e+03	1.3664e-18	1.3179e+03	1.1396e-18	1.6584e+03	9.4830e-19	2.0867e+03	7.8744e-19	2.6257e+03	6.8065e-19	
0	22	1	24	3.2815e+01	3.3144e+01	1.0000e-26	4.1704e+01	1.0000e-26	5.2477e+01	1.0000e-26	6.6031e+01	9.9879e-20	8.3087e+01	1.6107e-19	1.0455e+02	1.7407e-19	1.3155e+02	1.6835e-19	1.6553e+02	1.5416e-19	2.0829e+02	1.3678e-19	2.6209e+02	1.1898e-19	3.2979e+02	1.0212e-19	4.1497e+02	8.6815e-20	5.2216e+02	7.3291e-20	6.5704e+02	6.1543e-20	8.2675e+02	5.1459e-20	1.0403e+03	4.2881e-20	1.3090e+03	3.5628e-20	1.6471e+03	2.9532e-20	2.0726e+03	2.4427e-20	2.6079e+03	2.0168e-20	3.2815e+03	1.6624e-20	
0	22	1	34	4.8680e+01	4.9167e+01	1.5615e-19	6.1866e+01	2.6740e-18	7.7846e+01	3.8347e-18	9.7954e+01	4.2513e-18	1.2326e+02	4.2589e-18	1.5509e+02	4.0468e-18	1.9515e+02	3.7240e-18	2.4556e+02	3.3543e-18	3.0899e+02	2.9752e-18	3.8880e+02	2.6084e-18	4.8923e+02	2.2659e-18	6.1559e+02	1.9537e-18	7.7460e+02	1.6740e-18	9.7468e+02	1.4267e-18	1.2264e+03	1.2104e-18	1.5432e+03	1.0228e-18	1.9418e+03	8.6122e-19	2.4434e+03	7.2286e-19	3.0745e+03	6.0503e-19	3.8687e+03	5.0513e-19	4.8680e+03	4.2111e-19	
0	23	1	13	6.8665e-05	6.9351e-05	1.0000e-26	8.7265e-05	1.0000e-26	1.0980e-04	1.0000e-26	1.3817e-04	1.0000e-26	1.7386e-04	1.0000e-26	2.1876e-04	1.0000e-26	2.7527e-04	1.0000e-26	3.4637e-04	1.0000e-26	4.3584e-04	1.0000e-26	5.4842e-04	1.0000e-26	6.9007e-04	1.0000e-26	8.6831e-04	1.0000e-26	1.0926e-03	1.0000e-26	1.3748e-03	1.0000e-26	1.7299e-03	1.0000e-26	2.1768e-03	1.0000e-26	2.7390e-03	1.0000e-26	3.4465e-03	1.0000e-26	4.3368e-03	1.0000e-26	5.4569e-03	1.0000e-26	6.8665e-03	1.0000e-26	
0	23	1	14	1.2614e+00	1.2740e+00	3.3051e-16	1.6031e+00	2.7661e-16	2.0172e+00	2.4673e-16	2.5382e+00	2.2998e-16	3.1938e+00	2.1662e-16	4.0188e+00	2.1287e-16	5.0568e+00	2.1174e-16	6.3630e+00	2.1122e-16	8.0066e+00	2.1073e-16	1.0075e+01	2.0997e-16	1.2677e+01	2.0923e-16	1.5951e+01	2.0821e-16	2.0072e+01	2.0695e-16	2.5256e+01	2.0565e-16	3.1780e+01	2.0442e-16	3.9989e+01	2.0337e-16	5.0318e+01	2.0253e-16	6.3314e+01	2.0189e-16	7.9669e+01	2.0135e-16	1.0025e+02	2.0089e-16	1.2614e+02	2.0050e-16	
0	23	1	15	3.8682e+00	3.9069e+00	8.0630e-17	4.9160e+00	7.8511e-17	6.1858e+00	7.6684e-17	7.7836e+00	7.5122e-17	9.7942e+00	7.3795e-17	1.2324e+01	7.2674e-17	1.5507e+01	7.1732e-17	1.9513e+01	7.0941e-17	2.4553e+01	7.0281e-17	3.0895e+01	6.9731e-17	3.8875e+01	6.9514e-17	4.8916e+01	6.9514e-17	6.1551e+01	6.9514e-17	7.7450e+01	6.9514e-17	9.7456e+01	6.9514e-17	1.2263e+02	6.9514e-17	1.5430e+02	6.9514e-17	1.9416e+02	6.9514e-17	2.4431e+02	6.9514e-17	3.0742e+02	6.9514e-17	3.8682e+02	6.9514e-17	
0	23	1	18	7.3802e+00	7.4540e+00	9.3073e-19	9.3794e+00	1.9796e-18	1.1802e+01	2.2675e-18	1.4850e+01	2.2735e-18	1.8686e+01	2.1342e-18	2.3513e+01	1.9270e-18	2.9586e+01	1.6993e-18	3.7229e+01	1.4752e-18	4.6845e+01	1.2664e-18	5.8945e+01	1.0784e-18	7.4170e+01	9.1244e-19	9.3328e+01	7.6827e-19	1.1743e+02	6.4525e-19	1.4777e+02	5.4264e-19	1.8594e+02	4.6214e-19	2.3396e+02	3.9471e-19	2.9440e+02	3.3806e-19	3.7044e+02	2.9056e-19	4.6612e+02	2.5085e-19	5.8652e+02	2.1819e-19	7.3802e+02	2.0209e-19	
0	23	1	21	9.2495e+00	9.3420e+00	1.3050e-18	1.1755e+01	1.9117e-18	1.4791e+01	2.1692e-18	1.8612e+01	2.1281e-18	2.3419e+01	1.9695e-18	2.9469e+01	1.7635e-18	3.7080e+01	1.5466e-18	4.6658e+01	1.3373e-18	5.8710e+01	1.1448e-18	7.3875e+01	9.7255e-19	9.2957e+01	8.2143e-19	1.1697e+02	6.9055e-19	1.4718e+02	5.7829e-19	1.8520e+02	4.8273e-19	2.3303e+02	4.0185e-19	2.9322e+02	3.3614e-19	3.6896e+02	2.8953e-19	4.6427e+02	2.5425e-19	5.8419e+02	2.2479e-19	7.3508e+02	2.0037e-19	9.2495e+02	1.8715e-19	
0	23	1	24	1.6355e+01	1.6519e+01	1.5705e-20	2.0785e+01	3.7503e-19	2.6154e+01	1.3257e-18	3.2910e+01	2.1067e-18	4.1411e+01	2.4039e-18	5.2107e+01	2.4005e-18	6.5566e+01	2.2584e-18	8.2502e+01	2.0534e-18	1.0381e+02	1.8266e-18	1.3063e+02	1.6006e-18	1.6437e+02	1.3871e-18	2.0682e+02	1.1920e-18	2.6024e+02	1.0175e-18	3.2747e+02	8.6383e-19	4.1205e+02	7.3002e-19	5.1848e+02	6.1453e-19	6.5241e+02	5.1558e-19	8.2092e+02	4.3128e-19	1.0330e+03	3.5981e-19	1.2998e+03	2.9951e-19	1.6355e+03	2.4928e-19	
0	23	1	25	2.1889e+01	2.2108e+01	1.2721e-18	2.7818e+01	1.6011e-18	3.5003e+01	1.6664e-18	4.4045e+01	1.6026e-18	5.5421e+01	1.4767e-18	6.9737e+01	1.3253e-18	8.7750e+01	1.1686e-18	1.1042e+02	1.0176e-18	1.3894e+02	8.7765e-19	1.7482e+02	7.5140e-19	2.1998e+02	6.3947e-19	2.7680e+02	5.4153e-19	3.4830e+02	4.5667e-19	4.3826e+02	3.8373e-19	5.5146e+02	3.2142e-19	6.9391e+02	2.6849e-19	8.7314e+02	2.2372e-19	1.0987e+03	1.8610e-19	1.3825e+03	1.5750e-19	1.7395e+03	1.4076e-19	2.1889e+03	1.4059e-19	
0	23	1	35	4.2376e+01	4.2800e+01	6.3050e-20	5.3856e+01	6.0683e-19	6.7766e+01	9.9379e-19	8.5270e+01	1.1093e-18	1.0730e+02	1.1126e-18	1.3501e+02	1.0572e-18	1.6988e+02	9.7258e-19	2.1376e+02	8.7569e-19	2.6898e+02	7.7642e-19	3.3846e+02	6.8045e-19	4.2588e+02	5.9089e-19	5.3588e+02	5.0931e-19	6.7430e+02	4.3628e-19	8.4847e+02	3.7174e-19	1.0676e+03	3.1531e-19	1.3434e+03	2.6638e-19	1.6904e+03	2.2425e-19	2.1270e+03	1.8819e-19	2.6764e+03	1.5749e-19	3.3678e+03	1.3146e-19	4.2376e+03	1.1259e-19	
0	24	1	24	5.4915e+00	5.5464e+00	3.4267e-18	6.9790e+00	5.8052e-18	8.7817e+00	6.3995e-18	1.1050e+01	6.9748e-18	1.3904e+01	1.1339e-17	1.7496e+01	1.2554e-17	2.2015e+01	1.2342e-17	2.7701e+01	1.1455e-17	3.4856e+01	1.0284e-17	4.3860e+01	9.0405e-18	5.5189e+01	7.8339e-18	6.9444e+01	6.7187e-18	8.7381e+01	5.7221e-18	1.0995e+02	4.8547e-18	1.3835e+02	4.1026e-18	1.7409e+02	3.4558e-18	2.1906e+02	2.9066e-18	2.7564e+02	2.4476e-18	3.4683e+02	2.0726e-18	4.3642e+02	1.7692e-18	5.4915e+02	1.5431e-18	
0	24	1	35	2.0685e+01	2.0892e+01	9.0092e-19	2.6288e+01	7.7796e-18	3.3078e+01	1.1162e-17	4.1622e+01	1.2242e-17	5.2373e+01	1.2048e-17	6.5901e+01	1.1249e-17	8.2923e+01	1.0182e-17	1.0434e+02	9.0306e-18	1.3129e+02	7.8966e-18	1.6521e+02	6.8331e-18	2.0788e+02	5.8652e-18	2.6157e+02	5.0020e-18	3.2914e+02	4.2434e-18	4.1415e+02	3.5838e-18	5.2113e+02	3.0152e-18	6.5574e+02	2.5285e-18	8.2511e+02	2.1142e-18	1.0382e+03	1.7633e-18	1.3064e+03	1.4672e-18	1.6439e+03	1.2183e-18	2.0685e+03	1.0498e-18	
