0	1	1	1	1.4668e+01	1.4814e+01	2.5310e-17	1.8641e+01	2.9816e-17	2.3456e+01	1.2147e-17	2.9514e+01	3.6762e-18	3.7138e+01	9.1079e-19	4.6730e+01	3.0437e-19	5.8801e+01	3.2775e-19	7.3989e+01	4.3310e-19	9.3100e+01	4.6672e-19	1.1715e+02	4.2191e-19	1.4741e+02	3.3492e-19	1.8548e+02	2.4077e-19	2.3339e+02	1.6028e-19	2.9368e+02	1.0051e-19	3.6953e+02	6.0236e-20	4.6499e+02	3.4907e-20	5.8509e+02	1.9719e-20	7.3622e+02	1.0881e-20	9.2638e+02	5.8764e-21	1.1657e+03	3.0974e-21	1.4668e+03	1.6003e-21	
0	1	1	2	2.9550e+01	2.9846e+01	1.8239e-20	3.7555e+01	8.7485e-20	4.7255e+01	1.4735e-19	5.9461e+01	1.7856e-19	7.4820e+01	1.8355e-19	9.4146e+01	1.6734e-19	1.1846e+02	1.3857e-19	1.4906e+02	1.0786e-19	1.8757e+02	8.0269e-20	2.3601e+02	5.7002e-20	2.9698e+02	3.9362e-20	3.7368e+02	2.6547e-20	4.7021e+02	1.7602e-20	5.9166e+02	1.1532e-20	7.4449e+02	7.4903e-21	9.3679e+02	4.8023e-21	1.1788e+03	3.0428e-21	1.4832e+03	1.8988e-21	1.8663e+03	1.1633e-21	2.3484e+03	6.9870e-22	2.9550e+03	4.1136e-22	
0	1	1	3	3.3478e+01	3.3813e+01	1.0000e-26	4.2547e+01	1.5494e-20	5.3537e+01	4.5861e-20	6.7365e+01	5.9299e-20	8.4766e+01	5.9698e-20	1.0666e+02	5.2141e-20	1.3421e+02	4.1325e-20	1.6888e+02	3.0856e-20	2.1250e+02	2.2030e-20	2.6739e+02	1.5157e-20	3.3645e+02	1.0181e-20	4.2336e+02	6.7178e-21	5.3271e+02	4.3780e-21	6.7031e+02	2.8286e-21	8.4345e+02	1.8119e-21	1.0613e+03	1.1482e-21	1.3355e+03	7.1827e-22	1.6804e+03	4.4220e-22	2.1144e+03	2.6724e-22	2.6606e+03	1.5802e-22	3.3478e+03	9.1156e-23	
0	1	1	7	3.9863e+01	4.0261e+01	1.0000e-26	5.0661e+01	1.0367e-20	6.3746e+01	1.8448e-20	8.0212e+01	2.0223e-20	1.0093e+02	1.8365e-20	1.2700e+02	1.4781e-20	1.5981e+02	1.1089e-20	2.0108e+02	7.9450e-21	2.5302e+02	5.4580e-21	3.1838e+02	3.6646e-21	4.0061e+02	2.4093e-21	5.0409e+02	1.5685e-21	6.3430e+02	1.0109e-21	7.9814e+02	6.4649e-22	1.0043e+03	4.1021e-22	1.2637e+03	2.5714e-22	1.5901e+03	1.5871e-22	2.0008e+03	9.6209e-23	2.5177e+03	5.7180e-23	3.1680e+03	3.3147e-23	3.9863e+03	1.8752e-23	
0	1	1	10	4.1684e+01	4.2101e+01	1.0000e-26	5.2976e+01	1.3327e-20	6.6660e+01	2.2280e-20	8.3878e+01	2.3716e-20	1.0554e+02	2.1038e-20	1.3281e+02	1.6613e-20	1.6711e+02	1.2301e-20	2.1027e+02	8.7091e-21	2.6459e+02	5.9262e-21	3.3293e+02	3.9527e-21	4.1892e+02	2.5837e-21	5.2713e+02	1.6758e-21	6.6329e+02	1.0769e-21	8.3462e+02	6.8634e-22	1.0502e+03	4.3411e-22	1.3215e+03	2.7122e-22	1.6628e+03	1.6675e-22	2.0923e+03	1.0063e-22	2.6327e+03	5.9565e-23	3.3128e+03	3.4346e-23	4.1684e+03	1.9331e-23	
0	1	1	14	5.1883e+01	5.2402e+01	1.0000e-26	6.5937e+01	1.0000e-26	8.2968e+01	1.2012e-19	1.0440e+02	1.2141e-20	1.3137e+02	1.4279e-20	1.6530e+02	1.1979e-20	2.0799e+02	7.9059e-21	2.6172e+02	4.6536e-21	3.2932e+02	2.5774e-21	4.1438e+02	1.3809e-21	5.2142e+02	7.2721e-22	6.5610e+02	3.7938e-22	8.2557e+02	1.9596e-22	1.0388e+03	1.0007e-22	1.3071e+03	5.0242e-23	1.6448e+03	2.4687e-23	2.0696e+03	1.1846e-23	2.6042e+03	5.5505e-24	3.2768e+03	2.5256e-24	4.1233e+03	1.1271e-24	5.1883e+03	4.9655e-25	
0	1	1	24	6.6977e+01	6.7646e+01	1.0000e-26	8.5119e+01	1.0000e-26	1.0711e+02	9.4044e-21	1.3477e+02	1.0513e-20	1.6958e+02	7.3969e-21	2.1338e+02	4.7123e-21	2.6850e+02	2.9017e-21	3.3786e+02	1.7602e-21	4.2512e+02	1.0660e-21	5.3493e+02	6.4810e-22	6.7311e+02	3.9548e-22	8.4697e+02	2.4220e-22	1.0657e+03	1.4837e-22	1.3410e+03	9.0350e-23	1.6874e+03	5.4413e-23	2.1233e+03	3.2293e-23	2.6717e+03	1.8849e-23	3.3618e+03	1.0744e-23	4.2301e+03	5.9879e-24	5.3228e+03	3.2785e-24	6.6977e+03	1.7848e-24	
0	2	1	1	2.8367e+00	2.8651e+00	7.6507e-20	3.6051e+00	5.8610e-20	4.5364e+00	1.1443e-20	5.7081e+00	4.2356e-22	7.1825e+00	1.3698e-21	9.0377e+00	4.7481e-21	1.1372e+01	7.3960e-21	1.4310e+01	8.6299e-21	1.8006e+01	8.8561e-21	2.2657e+01	8.5339e-21	2.8509e+01	7.9718e-21	3.5873e+01	7.3294e-21	4.5138e+01	6.6448e-21	5.6798e+01	5.8941e-21	7.1468e+01	5.1149e-21	8.9929e+01	4.3031e-21	1.1316e+02	3.4905e-21	1.4239e+02	2.7248e-21	1.7916e+02	2.0518e-21	2.2544e+02	1.4813e-21	2.8367e+02	1.0500e-21	
0	2	1	3	2.1647e+01	2.1864e+01	1.0948e-19	2.7511e+01	1.4890e-19	3.4618e+01	3.4380e-20	4.3559e+01	8.8318e-21	5.4811e+01	6.5967e-21	6.8968e+01	8.4755e-21	8.6782e+01	9.3922e-21	1.0920e+02	8.7267e-21	1.3740e+02	7.0965e-21	1.7290e+02	5.1996e-21	2.1755e+02	3.5300e-21	2.7375e+02	2.2463e-21	3.4446e+02	1.3629e-21	4.3343e+02	7.9540e-22	5.4539e+02	4.5192e-22	6.8626e+02	2.5075e-22	8.6352e+02	1.3604e-22	1.0866e+03	7.2159e-23	1.3672e+03	3.7303e-23	1.7204e+03	1.8748e-23	2.1647e+03	9.2049e-24	
0	2	1	4	2.2475e+01	2.2700e+01	2.9568e-18	2.8563e+01	1.2381e-18	3.5941e+01	2.9223e-19	4.5224e+01	9.2093e-20	5.6906e+01	7.8353e-20	7.1604e+01	9.9026e-20	9.0099e+01	1.0630e-19	1.1337e+02	9.6471e-20	1.4266e+02	7.7074e-20	1.7950e+02	5.5783e-20	2.2587e+02	3.7484e-20	2.8421e+02	2.3683e-20	3.5762e+02	1.4283e-20	4.5000e+02	8.3053e-21	5.6623e+02	4.7026e-21	7.1249e+02	2.6004e-21	8.9652e+02	1.4062e-21	1.1281e+03	7.4304e-22	1.4195e+03	3.8244e-22	1.7861e+03	1.9136e-22	2.2475e+03	1.0970e-22	
0	2	1	14	4.0052e+01	4.0452e+01	2.4482e-22	5.0901e+01	5.0784e-22	6.4049e+01	1.6730e-21	8.0593e+01	8.2750e-22	1.0141e+02	6.6119e-22	1.2760e+02	5.1024e-22	1.6056e+02	3.7702e-22	2.0204e+02	2.6955e-22	2.5422e+02	1.8679e-22	3.1989e+02	1.2606e-22	4.0252e+02	8.3676e-23	5.0649e+02	5.4647e-23	6.3731e+02	3.5386e-23	8.0193e+02	2.2683e-23	1.0091e+03	1.4435e-23	1.2697e+03	9.0719e-24	1.5977e+03	5.6018e-24	2.0104e+03	3.4021e-24	2.5296e+03	2.0238e-24	3.1830e+03	1.1733e-24	4.0052e+03	7.3320e-25	
0	2	1	15	4.2659e+01	4.3085e+01	2.4314e-20	5.4214e+01	5.5350e-20	6.8218e+01	6.6169e-20	8.5838e+01	6.3742e-20	1.0801e+02	5.4513e-20	1.3591e+02	4.2902e-20	1.7101e+02	3.1939e-20	2.1519e+02	2.2893e-20	2.7077e+02	1.5867e-20	3.4071e+02	1.0732e-20	4.2872e+02	7.1299e-21	5.3945e+02	4.6728e-21	6.7879e+02	3.0309e-21	8.5412e+02	1.9451e-21	1.0747e+03	1.2354e-21	1.3523e+03	7.7393e-22	1.7017e+03	4.7669e-22	2.1412e+03	2.8805e-22	2.6943e+03	1.7032e-22	3.3902e+03	9.8171e-23	4.2659e+03	6.7941e-23	
0	2	1	17	4.5751e+01	4.6208e+01	6.9515e-22	5.8144e+01	1.4808e-21	7.3162e+01	1.7157e-21	9.2060e+01	1.6009e-21	1.1584e+02	1.3284e-21	1.4576e+02	1.0164e-21	1.8341e+02	7.3928e-22	2.3078e+02	5.1986e-22	2.9040e+02	3.5402e-22	3.6541e+02	2.3632e-22	4.5979e+02	1.5528e-22	5.7855e+02	1.0091e-22	7.2799e+02	6.4963e-23	9.1603e+02	4.1448e-23	1.1526e+03	2.6150e-23	1.4504e+03	1.6266e-23	1.8250e+03	9.9461e-24	2.2964e+03	5.9667e-24	2.8896e+03	3.5030e-24	3.6359e+03	1.9992e-24	4.5751e+03	1.2152e-24	
0	2	1	26	6.2630e+01	6.3256e+01	1.0324e-19	7.9595e+01	4.4071e-21	1.0015e+02	1.6400e-21	1.2602e+02	1.8942e-21	1.5858e+02	1.5190e-21	1.9954e+02	1.0100e-21	2.5108e+02	6.1060e-22	3.1593e+02	3.4768e-22	3.9753e+02	1.9102e-22	5.0022e+02	1.0248e-22	6.2942e+02	5.4255e-23	7.9200e+02	2.8380e-23	9.9657e+02	1.4653e-23	1.2540e+03	7.4345e-24	1.5779e+03	3.6890e-24	1.9855e+03	1.7868e-24	2.4983e+03	8.4479e-25	3.1436e+03	3.8761e-25	3.9556e+03	1.7411e-25	4.9773e+03	7.6931e-26	6.2630e+03	3.4002e-26	
0	3	1	1	1.3402e+00	1.3536e+00	6.0978e-19	1.7033e+00	1.5395e-18	2.1432e+00	1.7366e-18	2.6968e+00	1.7934e-18	3.3934e+00	1.6762e-18	4.2699e+00	1.4117e-18	5.3729e+00	1.0657e-18	6.7607e+00	7.1975e-19	8.5070e+00	4.3541e-19	1.0704e+01	2.3690e-19	1.3469e+01	1.1642e-19	1.6948e+01	5.1655e-20	2.1326e+01	2.0692e-20	2.6835e+01	7.7643e-21	3.3766e+01	3.3209e-21	4.2488e+01	2.2243e-21	5.3462e+01	1.5863e-21	6.7271e+01	1.1470e-21	8.4647e+01	8.4222e-22	1.0651e+02	6.2912e-22	1.3402e+02	4.8868e-22	
0	3	1	5	2.2872e+01	2.3101e+01	9.7396e-19	2.9068e+01	5.3706e-19	3.6576e+01	1.2436e-19	4.6024e+01	4.0345e-20	5.7912e+01	3.7171e-20	7.2871e+01	4.6362e-20	9.1693e+01	4.9100e-20	1.1538e+02	4.4026e-20	1.4518e+02	3.4861e-20	1.8268e+02	2.5085e-20	2.2986e+02	1.6746e-20	2.8924e+02	1.0533e-20	3.6395e+02	6.3266e-21	4.5796e+02	3.6700e-21	5.7625e+02	2.0734e-21	7.2509e+02	1.1446e-21	9.1238e+02	6.1808e-22	1.1480e+03	3.2598e-22	1.4446e+03	1.6741e-22	1.8177e+03	8.3568e-23	2.2872e+03	4.3710e-23	
0	3	1	8	2.6879e+01	2.7148e+01	3.0518e-20	3.4160e+01	6.9696e-21	4.2984e+01	1.4067e-21	5.4087e+01	6.1759e-22	6.8057e+01	7.6143e-22	8.5637e+01	8.8489e-22	1.0776e+02	8.4057e-22	1.3559e+02	6.8913e-22	1.7061e+02	5.0707e-22	2.1468e+02	3.4349e-22	2.7013e+02	2.1819e-22	3.3991e+02	1.3186e-22	4.2771e+02	7.6769e-23	5.3818e+02	4.3473e-23	6.7720e+02	2.4067e-23	8.5212e+02	1.3037e-23	1.0722e+03	6.9095e-24	1.3492e+03	3.5704e-24	1.6977e+03	1.7943e-24	2.1362e+03	8.7669e-25	2.6879e+03	4.3865e-25	
0	3	1	11	2.8758e+01	2.9046e+01	1.0000e-26	3.6548e+01	7.4173e-23	4.5988e+01	1.5871e-23	5.7867e+01	1.0879e-23	7.2814e+01	1.3657e-23	9.1622e+01	1.4857e-23	1.1529e+02	1.3432e-23	1.4507e+02	1.0618e-23	1.8254e+02	7.5977e-24	2.2969e+02	5.0362e-24	2.8902e+02	3.1455e-24	3.6367e+02	1.8769e-24	4.5760e+02	1.0824e-24	5.7580e+02	6.0866e-25	7.2453e+02	3.3465e-25	9.1168e+02	1.8014e-25	1.1472e+03	9.4782e-26	1.4435e+03	4.8571e-26	1.8163e+03	2.4201e-26	2.2855e+03	1.1727e-26	2.8758e+03	5.5232e-27	
0	3	1	14	3.8555e+01	3.8941e+01	1.0000e-26	4.8999e+01	1.0000e-26	6.1656e+01	3.4805e-20	7.7582e+01	5.9832e-22	9.7621e+01	1.1194e-22	1.2284e+02	8.3215e-23	1.5456e+02	6.5278e-23	1.9449e+02	4.3388e-23	2.4473e+02	2.6010e-23	3.0794e+02	1.4526e-23	3.8748e+02	7.7339e-24	4.8756e+02	4.0444e-24	6.1350e+02	2.1352e-24	7.7197e+02	1.1201e-24	9.7136e+02	5.6281e-25	1.2223e+03	2.8325e-25	1.5380e+03	1.4302e-25	1.9352e+03	6.7336e-26	2.4351e+03	3.2704e-26	3.0641e+03	1.4637e-26	3.8555e+03	6.6196e-27	
0	3	1	16	4.2507e+01	4.2932e+01	1.3502e-20	5.4021e+01	2.9053e-20	6.7974e+01	3.3951e-20	8.5532e+01	3.2324e-20	1.0762e+02	2.7508e-20	1.3542e+02	2.1620e-20	1.7040e+02	1.6084e-20	2.1442e+02	1.1524e-20	2.6980e+02	7.9863e-21	3.3949e+02	5.3983e-21	4.2719e+02	3.5867e-21	5.3753e+02	2.3500e-21	6.7637e+02	1.5250e-21	8.5108e+02	9.7893e-22	1.0709e+03	6.2184e-22	1.3475e+03	3.8969e-22	1.6956e+03	2.4011e-22	2.1336e+03	1.4515e-22	2.6847e+03	8.5874e-23	3.3781e+03	4.9518e-23	4.2507e+03	3.2138e-23	
0	3	1	19	4.5161e+01	4.5613e+01	1.1681e-21	5.7395e+01	2.0705e-21	7.2220e+01	2.2692e-21	9.0874e+01	2.0852e-21	1.1435e+02	1.7289e-21	1.4388e+02	1.3298e-21	1.8105e+02	9.7336e-22	2.2781e+02	6.8837e-22	2.8665e+02	4.7133e-22	3.6070e+02	3.1599e-22	4.5387e+02	2.0847e-22	5.7110e+02	1.3592e-22	7.1861e+02	8.7793e-23	9.0423e+02	5.6148e-23	1.1378e+03	3.5507e-23	1.4317e+03	2.2136e-23	1.8015e+03	1.3565e-23	2.2668e+03	8.1520e-24	2.8523e+03	4.7930e-24	3.5891e+03	2.7430e-24	4.5161e+03	1.6623e-24	
0	3	1	27	6.3583e+01	6.4219e+01	4.1139e-20	8.0807e+01	1.9463e-21	1.0168e+02	9.3513e-22	1.2794e+02	1.0442e-21	1.6099e+02	8.1980e-22	2.0257e+02	5.4198e-22	2.5490e+02	3.2598e-22	3.2074e+02	1.8512e-22	4.0358e+02	1.0144e-22	5.0783e+02	5.4400e-23	6.3900e+02	2.8796e-23	8.0406e+02	1.5052e-23	1.0117e+03	7.7662e-24	1.2731e+03	3.9357e-24	1.6019e+03	1.9503e-24	2.0157e+03	9.4312e-25	2.5363e+03	4.4508e-25	3.1915e+03	2.0389e-25	4.0158e+03	9.1486e-26	5.0531e+03	4.0394e-26	6.3583e+03	1.7858e-26	
0	3	1	30	6.7574e+01	6.8250e+01	6.1782e-22	8.5879e+01	2.2320e-23	1.0806e+02	1.9166e-23	1.3597e+02	1.9261e-23	1.7110e+02	1.4275e-23	2.1529e+02	9.1351e-24	2.7090e+02	5.3839e-24	3.4087e+02	3.0173e-24	4.2892e+02	1.6395e-24	5.3971e+02	8.7472e-25	6.7911e+02	4.6110e-25	8.5453e+02	2.4001e-25	1.0752e+03	1.2322e-25	1.3530e+03	6.2053e-26	1.7025e+03	3.0542e-26	2.1422e+03	1.4668e-26	2.6955e+03	6.8737e-27	3.3918e+03	3.1267e-27	4.2679e+03	1.3955e-27	5.3703e+03	6.1475e-28	6.7574e+03	2.7624e-28	
0	4	1	1	5.1354e-01	5.1868e-01	2.6718e-18	6.5265e-01	3.9740e-18	8.2123e-01	3.5405e-18	1.0334e+00	2.9302e-18	1.3003e+00	2.3036e-18	1.6361e+00	1.7248e-18	2.0587e+00	1.2346e-18	2.5905e+00	8.4985e-19	3.2596e+00	5.6731e-19	4.1016e+00	3.7074e-19	5.1611e+00	2.3995e-19	6.4942e+00	1.5556e-19	8.1716e+00	1.0206e-19	1.0282e+01	6.8295e-20	1.2938e+01	4.6803e-20	1.6280e+01	3.2717e-20	2.0485e+01	2.3132e-20	2.5777e+01	1.6307e-20	3.2435e+01	1.1271e-20	4.0813e+01	7.5294e-21	5.1354e+01	5.1108e-21	
0	4	1	2	1.5396e+01	1.5550e+01	2.2423e-19	1.9567e+01	3.1351e-19	2.4621e+01	1.1709e-19	3.0980e+01	3.6195e-20	3.8983e+01	9.9074e-21	4.9052e+01	5.4876e-21	6.1722e+01	7.1403e-21	7.7664e+01	8.8646e-21	9.7725e+01	8.9921e-21	1.2297e+02	7.7916e-21	1.5473e+02	5.9982e-21	1.9470e+02	4.2200e-21	2.4499e+02	2.7703e-21	3.0827e+02	1.7212e-21	3.8789e+02	1.0265e-21	4.8808e+02	5.9290e-22	6.1415e+02	3.3400e-22	7.7279e+02	1.8380e-22	9.7240e+02	9.8898e-23	1.2236e+03	5.1878e-23	1.5396e+03	2.6763e-23	
0	4	1	3	1.9324e+01	1.9518e+01	1.1047e-18	2.4559e+01	1.5555e-18	3.0902e+01	4.3702e-19	3.8885e+01	1.0082e-19	4.8928e+01	3.0850e-20	6.1567e+01	2.8876e-20	7.7469e+01	3.6784e-20	9.7479e+01	3.8908e-20	1.2266e+02	3.4260e-20	1.5434e+02	2.6436e-20	1.9421e+02	1.8531e-20	2.4437e+02	1.2084e-20	3.0749e+02	7.4565e-21	3.8692e+02	4.4143e-21	4.8686e+02	2.5345e-21	6.1261e+02	1.4197e-21	7.7085e+02	7.7766e-22	9.6996e+02	4.1678e-22	1.2205e+03	2.1798e-22	1.5357e+03	1.1095e-22	1.9324e+03	5.7861e-23	
0	4	1	4	2.0152e+01	2.0353e+01	9.9029e-20	2.5610e+01	7.4164e-20	3.2226e+01	2.0245e-20	4.0549e+01	4.7016e-21	5.1023e+01	1.7577e-21	6.4203e+01	2.0411e-21	8.0786e+01	2.5507e-21	1.0165e+02	2.5845e-21	1.2791e+02	2.2100e-21	1.6095e+02	1.6708e-21	2.0252e+02	1.1542e-21	2.5483e+02	7.4448e-22	3.2066e+02	4.5566e-22	4.0348e+02	2.6816e-22	5.0770e+02	1.5329e-22	6.3884e+02	8.5541e-23	8.0385e+02	4.6685e-23	1.0115e+03	2.4924e-23	1.2728e+03	1.2977e-23	1.6015e+03	6.5726e-24	2.0152e+03	3.5871e-24	
0	4	1	6	2.5116e+01	2.5367e+01	7.3190e-20	3.1919e+01	3.7363e-20	4.0164e+01	9.3088e-21	5.0539e+01	4.7173e-21	6.3593e+01	5.5240e-21	8.0019e+01	6.4976e-21	1.0069e+02	6.3757e-21	1.2669e+02	5.4018e-21	1.5942e+02	4.1003e-21	2.0060e+02	2.8564e-21	2.5241e+02	1.8599e-21	3.1761e+02	1.1478e-21	3.9965e+02	6.7972e-22	5.0288e+02	3.9007e-22	6.3277e+02	2.1837e-22	7.9621e+02	1.1947e-22	1.0019e+03	6.3930e-23	1.2607e+03	3.3367e-23	1.5863e+03	1.6944e-23	1.9960e+03	8.3626e-24	2.5116e+03	4.3480e-24	
0	4	1	7	2.5709e+01	2.5966e+01	1.2475e-19	3.2673e+01	4.8444e-20	4.1112e+01	9.0848e-21	5.1731e+01	1.7415e-21	6.5093e+01	1.2190e-21	8.1906e+01	1.5786e-21	1.0306e+02	1.6797e-21	1.2968e+02	1.4486e-21	1.6318e+02	1.0867e-21	2.0533e+02	7.4026e-22	2.5837e+02	4.7016e-22	3.2510e+02	2.8364e-22	4.0908e+02	1.6475e-22	5.1474e+02	9.3128e-23	6.4770e+02	5.1481e-23	8.1500e+02	2.7878e-23	1.0255e+03	1.4777e-23	1.2904e+03	7.6487e-24	1.6237e+03	3.8549e-24	2.0431e+03	1.8902e-24	2.5709e+03	9.2965e-25	
0	4	1	10	2.7530e+01	2.7806e+01	4.4838e-20	3.4988e+01	6.7057e-20	4.4025e+01	1.1129e-20	5.5397e+01	2.0742e-21	6.9706e+01	1.7215e-21	8.7711e+01	2.1640e-21	1.1037e+02	2.1806e-21	1.3887e+02	1.8038e-21	1.7475e+02	1.3087e-21	2.1988e+02	8.6809e-22	2.7668e+02	5.3967e-22	3.4814e+02	3.2010e-22	4.3807e+02	1.8349e-22	5.5122e+02	1.0264e-22	6.9360e+02	5.6227e-23	8.7276e+02	3.0184e-23	1.0982e+03	1.5863e-23	1.3818e+03	8.1344e-24	1.7388e+03	4.0603e-24	2.1879e+03	1.9723e-24	2.7530e+03	9.3412e-25	
0	4	1	12	2.7966e+01	2.8246e+01	1.0000e-26	3.5542e+01	2.3857e-20	4.4722e+01	3.8597e-21	5.6274e+01	7.2718e-22	7.0810e+01	6.3079e-22	8.9100e+01	7.8626e-22	1.1211e+02	7.8194e-22	1.4107e+02	6.4069e-22	1.7751e+02	4.6139e-22	2.2336e+02	3.0431e-22	2.8106e+02	1.8833e-22	3.5365e+02	1.1131e-22	4.4500e+02	6.3631e-23	5.5995e+02	3.5518e-23	7.0458e+02	1.9418e-23	8.8657e+02	1.0404e-23	1.1156e+03	5.4577e-24	1.4037e+03	2.7927e-24	1.7663e+03	1.3909e-24	2.2225e+03	6.7417e-25	2.7966e+03	3.1785e-25	
0	4	1	13	3.6467e+01	3.6832e+01	8.5749e-22	4.6346e+01	7.9035e-21	5.8317e+01	1.5073e-20	7.3380e+01	1.8517e-20	9.2334e+01	1.8201e-20	1.1618e+02	1.5607e-20	1.4619e+02	1.2217e-20	1.8396e+02	9.0203e-21	2.3147e+02	6.3881e-21	2.9126e+02	4.3789e-21	3.6649e+02	2.9392e-21	4.6116e+02	1.9426e-21	5.8027e+02	1.2689e-21	7.3016e+02	8.2139e-22	9.1876e+02	5.2587e-22	1.1561e+03	3.3265e-22	1.4547e+03	2.0736e-22	1.8304e+03	1.2705e-22	2.3032e+03	7.6317e-23	2.8982e+03	4.4779e-23	3.6467e+03	2.9392e-23	
0	4	1	14	3.7729e+01	3.8106e+01	8.9457e-24	4.7949e+01	4.1141e-22	6.0334e+01	4.3944e-21	7.5918e+01	2.9741e-21	9.5528e+01	2.9785e-21	1.2020e+02	2.5333e-21	1.5125e+02	1.9433e-21	1.9032e+02	1.4006e-21	2.3948e+02	9.7087e-22	3.0133e+02	6.5290e-22	3.7917e+02	4.3110e-22	4.7711e+02	2.8117e-22	6.0035e+02	1.8164e-22	7.5541e+02	1.1654e-22	9.5054e+02	7.4032e-23	1.1961e+03	4.6503e-23	1.5050e+03	2.8803e-23	1.8937e+03	1.7540e-23	2.3829e+03	1.0472e-23	2.9984e+03	6.1129e-24	3.7729e+03	3.5026e-24	
0	4	1	15	4.0336e+01	4.0739e+01	1.3383e-23	5.1262e+01	1.0794e-22	6.4503e+01	1.6249e-22	8.1164e+01	1.7635e-22	1.0213e+02	1.6135e-22	1.2851e+02	1.3189e-22	1.6170e+02	1.0013e-22	2.0347e+02	7.2392e-23	2.5602e+02	5.0405e-23	3.2216e+02	3.4164e-23	4.0537e+02	2.2743e-23	5.1007e+02	1.4932e-23	6.4183e+02	9.7068e-24	8.0761e+02	6.2485e-24	1.0162e+03	3.9782e-24	1.2787e+03	2.4998e-24	1.6090e+03	1.5461e-24	2.0246e+03	9.3922e-25	2.5475e+03	5.5865e-25	3.2056e+03	3.2388e-25	4.0336e+03	2.2861e-25	
0	4	1	17	4.3428e+01	4.3862e+01	2.0404e-21	5.5191e+01	3.9148e-21	6.9447e+01	4.3587e-21	8.7385e+01	4.0757e-21	1.0996e+02	3.4352e-21	1.3836e+02	2.6808e-21	1.7410e+02	1.9840e-21	2.1907e+02	1.4163e-21	2.7565e+02	9.7828e-22	3.4685e+02	6.6003e-22	4.3644e+02	4.3801e-22	5.4917e+02	2.8672e-22	6.9103e+02	1.8596e-22	8.6952e+02	1.1930e-22	1.0941e+03	7.5688e-23	1.3767e+03	4.7365e-23	1.7323e+03	2.9140e-23	2.1798e+03	1.7583e-23	2.7428e+03	1.0383e-23	3.4513e+03	5.9734e-24	4.3428e+03	3.6416e-24	
0	4	1	18	4.3848e+01	4.4286e+01	4.6017e-23	5.5725e+01	3.3150e-22	7.0119e+01	8.5959e-22	8.8230e+01	1.0017e-21	1.1102e+02	9.0487e-22	1.3970e+02	7.1529e-22	1.7578e+02	5.2230e-22	2.2118e+02	3.6434e-22	2.7832e+02	2.4606e-22	3.5020e+02	1.6255e-22	4.4066e+02	1.0598e-22	5.5449e+02	6.8408e-23	6.9771e+02	4.3864e-23	8.7793e+02	2.7900e-23	1.1047e+03	1.7562e-23	1.3900e+03	1.0916e-23	1.7491e+03	6.6806e-24	2.2009e+03	4.0112e-24	2.7693e+03	2.3582e-24	3.4847e+03	1.3524e-24	4.3848e+03	7.6517e-25	
0	4	1	21	4.5717e+01	4.6174e+01	6.3962e-23	5.8101e+01	8.1420e-22	7.3108e+01	1.3111e-21	9.1992e+01	1.3839e-21	1.1575e+02	1.2061e-21	1.4565e+02	9.3693e-22	1.8327e+02	6.7903e-22	2.3061e+02	4.7290e-22	2.9018e+02	3.1872e-22	3.6514e+02	2.1057e-22	4.5945e+02	1.3746e-22	5.7812e+02	8.8776e-23	7.2745e+02	5.7002e-23	9.1535e+02	3.6244e-23	1.1518e+03	2.2799e-23	1.4493e+03	1.4153e-23	1.8236e+03	8.6417e-24	2.2947e+03	5.1737e-24	2.8874e+03	3.0335e-24	3.6332e+03	1.7317e-24	4.5717e+03	1.0486e-24	
0	4	1	24	5.2822e+01	5.3351e+01	1.0000e-26	6.7131e+01	1.0000e-26	8.4471e+01	7.1801e-21	1.0629e+02	9.0854e-22	1.3374e+02	7.6000e-22	1.6829e+02	6.3939e-22	2.1176e+02	4.1514e-22	2.6646e+02	2.4126e-22	3.3528e+02	1.3252e-22	4.2189e+02	7.0647e-23	5.3086e+02	3.7077e-23	6.6798e+02	1.9277e-23	8.4052e+02	9.9271e-24	1.0576e+03	5.0523e-24	1.3308e+03	2.5284e-24	1.6746e+03	1.2389e-24	2.1071e+03	5.9319e-25	2.6513e+03	2.7727e-25	3.3362e+03	1.2611e-25	4.1979e+03	5.6227e-26	5.2822e+03	2.4759e-26	
0	4	1	25	5.8356e+01	5.8940e+01	2.4009e-20	7.4164e+01	1.6552e-21	9.3320e+01	4.8752e-22	1.1742e+02	5.1555e-22	1.4776e+02	4.7079e-22	1.8592e+02	3.3537e-22	2.3394e+02	2.1000e-22	2.9437e+02	1.2291e-22	3.7041e+02	6.8944e-23	4.6608e+02	3.7679e-23	5.8647e+02	2.0236e-23	7.3796e+02	1.0710e-23	9.2857e+02	5.5857e-24	1.1684e+03	2.8611e-24	1.4702e+03	1.4337e-24	1.8500e+03	7.0197e-25	2.3278e+03	3.3486e-25	2.9291e+03	1.5537e-25	3.6857e+03	7.0421e-26	4.6377e+03	3.1345e-26	5.8356e+03	1.9811e-26	
0	4	1	28	6.5871e+01	6.6530e+01	3.9435e-21	8.3714e+01	1.3259e-22	1.0534e+02	1.0231e-22	1.3255e+02	1.0635e-22	1.6678e+02	8.0347e-23	2.0986e+02	5.2068e-23	2.6407e+02	3.0965e-23	3.3228e+02	1.7470e-23	4.1811e+02	9.5377e-24	5.2610e+02	5.1051e-24	6.6200e+02	2.6984e-24	8.3299e+02	1.4080e-24	1.0481e+03	7.2490e-25	1.3189e+03	3.6614e-25	1.6596e+03	1.8080e-25	2.0882e+03	8.7107e-26	2.6276e+03	4.0950e-26	3.3063e+03	1.8686e-26	4.1603e+03	8.3587e-27	5.2349e+03	3.6858e-27	6.5871e+03	1.6377e-27	
0	4	1	29	6.6199e+01	6.6861e+01	6.7768e-22	8.4132e+01	2.1347e-23	1.0586e+02	1.4706e-23	1.3321e+02	1.5639e-23	1.6761e+02	1.1886e-23	2.1091e+02	7.6866e-24	2.6539e+02	4.5536e-24	3.3394e+02	2.5589e-24	4.2019e+02	1.3929e-24	5.2873e+02	7.4391e-25	6.6530e+02	3.9251e-25	8.3714e+02	2.0454e-25	1.0534e+03	1.0516e-25	1.3255e+03	5.3061e-26	1.6678e+03	2.6167e-26	2.0986e+03	1.2593e-26	2.6407e+03	5.9157e-27	3.3228e+03	2.6967e-27	4.1811e+03	1.2056e-27	5.2610e+03	5.3144e-28	6.6199e+03	2.3692e-28	
0	4	1	35	7.8844e+01	7.9632e+01	1.0000e-26	1.0020e+02	2.5258e-22	1.2608e+02	6.3934e-22	1.5865e+02	5.1201e-22	1.9963e+02	3.3964e-22	2.5119e+02	2.1276e-22	3.1608e+02	1.3040e-22	3.9772e+02	7.9567e-23	5.0045e+02	4.8584e-23	6.2972e+02	2.9808e-23	7.9237e+02	1.8325e-23	9.9704e+02	1.1252e-23	1.2546e+03	6.8775e-24	1.5786e+03	4.1632e-24	1.9864e+03	2.4852e-24	2.4995e+03	1.4597e-24	3.1451e+03	8.3864e-25	3.9575e+03	4.7072e-25	4.9797e+03	2.5915e-25	6.2659e+03	1.4131e-25	7.8844e+03	7.7196e-26	
0	5	1	1	3.3068e-01	3.3399e-01	6.6473e-20	4.2026e-01	1.1504e-19	5.2881e-01	3.6517e-19	6.6540e-01	3.2407e-19	8.3727e-01	2.7196e-19	1.0535e+00	2.1547e-19	1.3257e+00	1.6136e-19	1.6681e+00	1.1497e-19	2.0990e+00	7.8890e-20	2.6411e+00	5.3122e-20	3.3233e+00	3.5881e-20	4.1817e+00	2.4869e-20	5.2618e+00	1.7958e-20	6.6210e+00	1.3423e-20	8.3312e+00	1.0306e-20	1.0483e+01	8.0511e-21	1.3191e+01	6.3181e-21	1.6598e+01	4.9900e-21	2.0885e+01	3.9593e-21	2.6280e+01	3.1525e-21	3.3068e+01	2.5273e-21	
0	5	1	2	1.5213e+01	1.5365e+01	1.8794e-20	1.9334e+01	3.3442e-20	2.4328e+01	1.2608e-20	3.0612e+01	3.9636e-21	3.8520e+01	1.0903e-21	4.8469e+01	5.7315e-22	6.0989e+01	7.5030e-22	7.6742e+01	9.4123e-22	9.6564e+01	9.6190e-22	1.2151e+02	8.3869e-22	1.5289e+02	6.4888e-22	1.9238e+02	4.5842e-22	2.4208e+02	3.0198e-22	3.0460e+02	1.8814e-22	3.8328e+02	1.1244e-22	4.8229e+02	6.5049e-23	6.0686e+02	3.6701e-23	7.6361e+02	2.0222e-23	9.6085e+02	1.0897e-23	1.2090e+03	5.7254e-24	1.5213e+03	2.9274e-24	
0	5	1	3	1.9141e+01	1.9333e+01	8.2541e-20	2.4326e+01	1.4651e-19	3.0610e+01	4.1469e-20	3.8517e+01	9.5790e-21	4.8465e+01	2.8189e-21	6.0984e+01	2.5205e-21	7.6736e+01	3.2278e-21	9.6557e+01	3.4456e-21	1.2150e+02	3.0531e-21	1.5288e+02	2.3667e-21	1.9237e+02	1.6647e-21	2.4206e+02	1.0884e-21	3.0458e+02	6.7297e-22	3.8325e+02	3.9901e-22	4.8225e+02	2.2936e-22	6.0681e+02	1.2861e-22	7.6355e+02	7.0517e-23	9.6078e+02	3.7829e-23	1.2089e+03	1.9807e-23	1.5212e+03	1.0094e-23	1.9141e+03	5.3167e-24	
0	5	1	4	1.9969e+01	2.0169e+01	4.9260e-21	2.5378e+01	7.4353e-21	3.1933e+01	2.0510e-21	4.0181e+01	4.7687e-22	5.0560e+01	1.7320e-22	6.3620e+01	1.9734e-22	8.0053e+01	2.4768e-22	1.0073e+02	2.5275e-22	1.2675e+02	2.1733e-22	1.5949e+02	1.6500e-22	2.0068e+02	1.1435e-22	2.5252e+02	7.3947e-23	3.1775e+02	4.5349e-23	3.9982e+02	2.6729e-23	5.0309e+02	1.5296e-23	6.3304e+02	8.5446e-24	7.9656e+02	4.6679e-24	1.0023e+03	2.4945e-24	1.2612e+03	1.3004e-24	1.5870e+03	6.5934e-25	1.9969e+03	3.5762e-25	
0	5	1	6	2.4933e+01	2.5182e+01	1.2395e-18	3.1687e+01	6.3600e-19	3.9872e+01	1.5695e-19	5.0171e+01	7.7720e-20	6.3130e+01	9.0374e-20	7.9436e+01	1.0681e-19	9.9954e+01	1.0532e-19	1.2577e+02	8.9570e-20	1.5826e+02	6.8188e-20	1.9914e+02	4.7613e-20	2.5057e+02	3.1062e-20	3.1530e+02	1.9197e-20	3.9674e+02	1.1382e-20	4.9922e+02	6.5375e-21	6.2816e+02	3.6628e-21	7.9042e+02	2.0054e-21	9.9458e+02	1.0740e-21	1.2515e+03	5.6108e-22	1.5747e+03	2.8517e-22	1.9815e+03	1.4088e-22	2.4933e+03	7.2488e-23	
0	5	1	7	2.5526e+01	2.5781e+01	1.5340e-20	3.2440e+01	9.8659e-21	4.0819e+01	2.0224e-21	5.1363e+01	5.8722e-22	6.4630e+01	5.1980e-22	8.1324e+01	6.2459e-22	1.0233e+02	6.3271e-22	1.2876e+02	5.4010e-22	1.6202e+02	4.0807e-22	2.0387e+02	2.8178e-22	2.5653e+02	1.8171e-22	3.2279e+02	1.1115e-22	4.0617e+02	6.5300e-23	5.1108e+02	3.7216e-23	6.4309e+02	2.0700e-23	8.0920e+02	1.1260e-23	1.0182e+03	5.9916e-24	1.2812e+03	3.1121e-24	1.6122e+03	1.5737e-24	2.0286e+03	7.7423e-25	2.5526e+03	3.7366e-25	
0	5	1	10	2.7348e+01	2.7621e+01	1.0000e-26	3.4755e+01	9.5876e-21	4.3733e+01	1.6122e-21	5.5029e+01	3.0847e-22	6.9243e+01	2.5203e-22	8.7128e+01	3.1483e-22	1.0963e+02	3.1839e-22	1.3795e+02	2.6441e-22	1.7358e+02	1.9250e-22	2.1842e+02	1.2807e-22	2.7484e+02	7.9812e-23	3.4583e+02	4.7430e-23	4.3516e+02	2.7229e-23	5.4756e+02	1.5250e-23	6.8899e+02	8.3625e-24	8.6696e+02	4.4935e-24	1.0909e+03	2.3639e-24	1.3727e+03	1.2134e-24	1.7272e+03	6.0625e-25	2.1734e+03	2.9476e-25	2.7348e+03	1.3939e-25	
0	5	1	12	2.7783e+01	2.8061e+01	1.0000e-26	3.5309e+01	2.1265e-21	4.4430e+01	3.4910e-22	5.5906e+01	6.7712e-23	7.0347e+01	5.7910e-23	8.8517e+01	7.1795e-23	1.1138e+02	7.1650e-23	1.4015e+02	5.8931e-23	1.7635e+02	4.2585e-23	2.2190e+02	2.8170e-23	2.7922e+02	1.7476e-23	3.5134e+02	1.0349e-23	4.4209e+02	5.9252e-24	5.5629e+02	3.3114e-24	6.9997e+02	1.8123e-24	8.8078e+02	9.7194e-25	1.1083e+03	5.1032e-25	1.3946e+03	2.6141e-25	1.7548e+03	1.3032e-25	2.2080e+03	6.3225e-26	2.7783e+03	2.9838e-26	
0	5	1	13	3.6285e+01	3.6647e+01	7.3775e-23	4.6113e+01	6.1013e-22	5.8024e+01	1.2199e-21	7.3012e+01	1.5323e-21	9.1871e+01	1.5185e-21	1.1560e+02	1.3070e-21	1.4546e+02	1.0247e-21	1.8303e+02	7.5677e-22	2.3031e+02	5.3602e-22	2.8980e+02	3.6740e-22	3.6466e+02	2.4655e-22	4.5885e+02	1.6292e-22	5.7737e+02	1.0640e-22	7.2650e+02	6.8870e-23	9.1415e+02	4.4091e-23	1.1503e+03	2.7893e-23	1.4474e+03	1.7390e-23	1.8213e+03	1.0657e-23	2.2917e+03	6.4032e-24	2.8836e+03	3.7592e-24	3.6285e+03	2.4932e-24	
0	5	1	14	3.7546e+01	3.7921e+01	1.7981e-24	4.7716e+01	1.6771e-22	6.0042e+01	8.2537e-22	7.5550e+01	4.4731e-22	9.5065e+01	4.2195e-22	1.1962e+02	3.5234e-22	1.5052e+02	2.6971e-22	1.8940e+02	1.9536e-22	2.3832e+02	1.3626e-22	2.9987e+02	9.2148e-23	3.7733e+02	6.1404e-23	4.7480e+02	4.0230e-23	5.9744e+02	2.6057e-23	7.5175e+02	1.6767e-23	9.4593e+02	1.0680e-23	1.1903e+03	6.7245e-24	1.4977e+03	4.1728e-24	1.8846e+03	2.5450e-24	2.3713e+03	1.5222e-24	2.9839e+03	8.8940e-25	3.7546e+03	5.1203e-25	
0	5	1	15	4.0153e+01	4.0554e+01	9.8629e-25	5.1029e+01	1.0075e-21	6.4210e+01	1.1929e-21	8.0796e+01	1.1603e-21	1.0167e+02	1.0087e-21	1.2793e+02	8.0696e-22	1.6097e+02	6.0821e-22	2.0255e+02	4.4066e-22	2.5486e+02	3.0822e-22	3.2069e+02	2.0988e-22	4.0353e+02	1.4031e-22	5.0776e+02	9.2350e-23	6.3892e+02	6.0169e-23	8.0395e+02	3.8791e-23	1.0116e+03	2.4729e-23	1.2729e+03	1.5561e-23	1.6017e+03	9.6372e-24	2.0154e+03	5.8572e-24	2.5360e+03	3.4892e-24	3.1910e+03	2.0253e-24	4.0153e+03	1.1499e-24	
0	5	1	17	4.3245e+01	4.3677e+01	2.8002e-20	5.4959e+01	5.4695e-20	6.9155e+01	6.1181e-20	8.7017e+01	5.7339e-20	1.0949e+02	4.8404e-20	1.3778e+02	3.7814e-20	1.7336e+02	2.8003e-20	2.1814e+02	2.0002e-20	2.7449e+02	1.3823e-20	3.4539e+02	9.3279e-21	4.3460e+02	6.1917e-21	5.4686e+02	4.0535e-21	6.8812e+02	2.6294e-21	8.6586e+02	1.6872e-21	1.0895e+03	1.0707e-21	1.3709e+03	6.7019e-22	1.7250e+03	4.1246e-22	2.1706e+03	2.4899e-22	2.7313e+03	1.4708e-22	3.4368e+03	8.4654e-23	4.3245e+03	5.1187e-23	
0	5	1	18	4.3665e+01	4.4101e+01	1.8399e-21	5.5493e+01	2.6708e-21	6.9826e+01	2.8913e-21	8.7863e+01	2.6886e-21	1.1056e+02	2.2654e-21	1.3911e+02	1.7703e-21	1.7505e+02	1.3131e-21	2.2026e+02	9.3951e-22	2.7716e+02	6.5029e-22	3.4874e+02	4.3953e-22	4.3882e+02	2.9222e-22	5.5217e+02	1.9152e-22	6.9480e+02	1.2437e-22	8.7426e+02	7.9860e-23	1.1001e+03	5.0689e-23	1.3842e+03	3.1731e-23	1.7418e+03	1.9525e-23	2.1917e+03	1.1782e-23	2.7578e+03	6.9572e-24	3.4701e+03	4.0010e-24	4.3665e+03	2.5388e-24	
0	5	1	21	4.5534e+01	4.5989e+01	8.9153e-24	5.7868e+01	1.1561e-22	7.2816e+01	1.8676e-22	9.1624e+01	1.9757e-22	1.1529e+02	1.7251e-22	1.4507e+02	1.3420e-22	1.8254e+02	9.7372e-23	2.2969e+02	6.7873e-23	2.8902e+02	4.5777e-23	3.6367e+02	3.0257e-23	4.5761e+02	1.9760e-23	5.7581e+02	1.2766e-23	7.2454e+02	8.1989e-24	9.1169e+02	5.2147e-24	1.1472e+03	3.2813e-24	1.4435e+03	2.0377e-24	1.8164e+03	1.2446e-24	2.2855e+03	7.4545e-25	2.8759e+03	4.3728e-25	3.6187e+03	2.4973e-25	4.5534e+03	1.5065e-25	
0	5	1	24	5.2640e+01	5.3166e+01	1.0000e-26	6.6899e+01	1.0000e-26	8.4179e+01	9.8281e-22	1.0592e+02	1.1408e-22	1.3328e+02	8.9740e-23	1.6771e+02	7.6470e-23	2.1103e+02	4.9849e-23	2.6553e+02	2.8997e-23	3.3412e+02	1.5928e-23	4.2043e+02	8.4884e-24	5.2902e+02	4.4531e-24	6.6567e+02	2.3143e-24	8.3761e+02	1.1914e-24	1.0540e+03	6.0626e-25	1.3262e+03	3.0340e-25	1.6688e+03	1.4868e-25	2.0998e+03	7.1200e-26	2.6422e+03	3.3286e-26	3.3246e+03	1.5145e-26	4.1834e+03	6.7536e-27	5.2640e+03	2.9745e-27	
0	5	1	25	5.8173e+01	5.8755e+01	2.2866e-21	7.3931e+01	1.5763e-22	9.3028e+01	4.5879e-23	1.1706e+02	4.8443e-23	1.4729e+02	4.4403e-23	1.8534e+02	3.1701e-23	2.3321e+02	1.9876e-23	2.9345e+02	1.1645e-23	3.6925e+02	6.5364e-24	4.6462e+02	3.5741e-24	5.8463e+02	1.9203e-24	7.3564e+02	1.0166e-24	9.2566e+02	5.3039e-25	1.1648e+03	2.7177e-25	1.4656e+03	1.3624e-25	1.8442e+03	6.6734e-26	2.3205e+03	3.1847e-26	2.9199e+03	1.4783e-26	3.6741e+03	6.7026e-27	4.6232e+03	2.9840e-27	5.8173e+03	1.8805e-27	
0	5	1	28	6.5688e+01	6.6345e+01	3.9351e-20	8.3482e+01	2.1411e-21	1.0505e+02	1.6454e-21	1.3218e+02	1.7121e-21	1.6632e+02	1.2957e-21	2.0928e+02	8.4086e-22	2.6334e+02	5.0053e-22	3.3136e+02	2.8261e-22	4.1695e+02	1.5438e-22	5.2464e+02	8.2669e-23	6.6016e+02	4.3712e-23	8.3068e+02	2.2816e-23	1.0452e+03	1.1748e-23	1.3152e+03	5.9370e-24	1.6549e+03	2.9323e-24	2.0824e+03	1.4133e-24	2.6203e+03	6.6464e-25	3.2971e+03	3.0337e-25	4.1488e+03	1.3575e-25	5.2204e+03	5.9868e-26	6.5688e+03	2.6467e-26	
0	5	1	35	7.8661e+01	7.9448e+01	1.0000e-26	9.9969e+01	2.0260e-23	1.2579e+02	5.6902e-23	1.5828e+02	4.5926e-23	1.9917e+02	3.0499e-23	2.5061e+02	1.9089e-23	3.1534e+02	1.1690e-23	3.9680e+02	7.1256e-24	4.9929e+02	4.3479e-24	6.2826e+02	2.6654e-24	7.9053e+02	1.6379e-24	9.9473e+02	1.0053e-24	1.2517e+03	6.1430e-25	1.5750e+03	3.7180e-25	1.9818e+03	2.2194e-25	2.4937e+03	1.3036e-25	3.1378e+03	7.4903e-26	3.9483e+03	4.2048e-26	4.9681e+03	2.3152e-26	6.2514e+03	1.2625e-26	7.8661e+03	6.8954e-27	
0	6	1	1	7.9611e-02	8.0407e-02	5.0035e-22	1.0118e-01	8.0797e-22	1.2731e-01	3.6164e-21	1.6019e-01	4.5646e-21	2.0157e-01	5.8468e-21	2.5364e-01	7.1353e-21	3.1915e-01	8.2015e-21	4.0159e-01	9.3230e-21	5.0532e-01	1.0454e-20	6.3584e-01	1.1504e-20	8.0008e-01	1.2381e-20	1.0067e+00	1.2981e-20	1.2668e+00	1.3159e-20	1.5940e+00	1.2729e-20	2.0057e+00	1.1658e-20	2.5238e+00	9.9254e-21	3.1757e+00	7.8401e-21	3.9959e+00	5.9270e-21	5.0281e+00	4.4259e-21	6.3269e+00	3.1513e-21	7.9611e+00	2.3445e-21	
0	6	1	5	2.1444e+01	2.1659e+01	7.7899e-22	2.7253e+01	4.7085e-21	3.4293e+01	1.2352e-21	4.3150e+01	4.6858e-22	5.4296e+01	4.2765e-22	6.8321e+01	5.2915e-22	8.5968e+01	5.7486e-22	1.0817e+02	5.3116e-22	1.3611e+02	4.3279e-22	1.7127e+02	3.1972e-22	2.1551e+02	2.1844e-22	2.7118e+02	1.4019e-22	3.4122e+02	8.5625e-23	4.2936e+02	5.0351e-23	5.4027e+02	2.8764e-23	6.7982e+02	1.6034e-23	8.5541e+02	8.7371e-24	1.0764e+03	4.6503e-24	1.3544e+03	2.4109e-24	1.7042e+03	1.2148e-24	2.1444e+03	5.9804e-25	
0	6	1	8	2.5451e+01	2.5706e+01	5.0297e-19	3.2346e+01	2.5715e-19	4.0700e+01	6.3256e-20	5.1213e+01	3.4863e-20	6.4442e+01	4.2111e-20	8.1087e+01	4.9055e-20	1.0203e+02	4.7611e-20	1.2839e+02	4.0010e-20	1.6155e+02	3.0170e-20	2.0328e+02	2.0905e-20	2.5578e+02	1.3547e-20	3.2185e+02	8.3289e-21	4.0498e+02	4.9182e-21	5.0959e+02	2.8173e-21	6.4122e+02	1.5750e-21	8.0684e+02	8.6076e-22	1.0153e+03	4.6008e-22	1.2775e+03	2.3979e-22	1.6075e+03	1.2156e-22	2.0227e+03	5.9891e-23	2.5451e+03	3.0677e-23	
0	6	1	11	2.7330e+01	2.7603e+01	1.0000e-26	3.4733e+01	4.3436e-21	4.3705e+01	9.3924e-22	5.4994e+01	5.6402e-22	6.9199e+01	6.8270e-22	8.7073e+01	7.6727e-22	1.0956e+02	7.1654e-22	1.3786e+02	5.8141e-22	1.7347e+02	4.2501e-22	2.1828e+02	2.8669e-22	2.7466e+02	1.8161e-22	3.4561e+02	1.0959e-22	4.3488e+02	6.3760e-23	5.4721e+02	3.6099e-23	6.8855e+02	1.9972e-23	8.6640e+02	1.0814e-23	1.0902e+03	5.7246e-24	1.3718e+03	2.9536e-24	1.7261e+03	1.4819e-24	2.1720e+03	7.2299e-25	2.7330e+03	3.4283e-25	
0	6	1	14	3.7127e+01	3.7499e+01	1.0000e-26	4.7185e+01	1.0000e-26	5.9372e+01	3.4035e-20	7.4708e+01	3.2006e-22	9.4005e+01	4.5819e-23	1.1829e+02	3.0980e-23	1.4884e+02	2.4559e-23	1.8729e+02	1.6586e-23	2.3566e+02	1.0092e-23	2.9653e+02	5.6986e-24	3.7313e+02	3.0464e-24	4.6950e+02	1.5893e-24	5.9078e+02	8.3877e-25	7.4337e+02	4.4452e-25	9.3539e+02	2.2469e-25	1.1770e+03	1.1190e-25	1.4810e+03	5.7301e-26	1.8636e+03	2.7051e-26	2.3449e+03	1.3152e-26	2.9506e+03	5.8939e-27	3.7127e+03	2.7369e-27	
0	6	1	16	4.1078e+01	4.1489e+01	1.1103e-22	5.2206e+01	1.2056e-21	6.5691e+01	1.4534e-21	8.2659e+01	1.4059e-21	1.0401e+02	1.2104e-21	1.3087e+02	9.5956e-22	1.6468e+02	7.1790e-22	2.0722e+02	5.1657e-22	2.6074e+02	3.5921e-22	3.2809e+02	2.4348e-22	4.1283e+02	1.6206e-22	5.1947e+02	1.0638e-22	6.5365e+02	6.9099e-23	8.2248e+02	4.4443e-23	1.0349e+03	2.8278e-23	1.3023e+03	1.7756e-23	1.6386e+03	1.0969e-23	2.0619e+03	6.6496e-24	2.5945e+03	3.9483e-24	3.2646e+03	2.2856e-24	4.1078e+03	1.3155e-24	
0	6	1	19	4.3733e+01	4.4171e+01	1.6726e-20	5.5580e+01	3.1435e-20	6.9936e+01	3.4531e-20	8.8000e+01	3.2047e-20	1.1073e+02	2.6890e-20	1.3933e+02	2.0928e-20	1.7532e+02	1.5467e-20	2.2061e+02	1.1031e-20	2.7759e+02	7.6116e-21	3.4929e+02	5.1322e-21	4.3951e+02	3.4039e-21	5.5304e+02	2.2276e-21	6.9589e+02	1.4442e-21	8.7564e+02	9.2640e-22	1.1018e+03	5.8758e-22	1.3864e+03	3.6754e-22	1.7445e+03	2.2600e-22	2.1951e+03	1.3630e-22	2.7621e+03	8.0446e-23	3.4756e+03	4.6237e-23	4.3733e+03	2.7944e-23	
0	6	1	27	6.2155e+01	6.2777e+01	8.8754e-22	7.8992e+01	2.6616e-23	9.9395e+01	1.1998e-23	1.2507e+02	1.3645e-23	1.5737e+02	1.0909e-23	1.9802e+02	7.3091e-24	2.4917e+02	4.4422e-24	3.1353e+02	2.5429e-24	3.9452e+02	1.4018e-24	4.9643e+02	7.5522e-25	6.2465e+02	4.0116e-25	7.8600e+02	2.1034e-25	9.8902e+02	1.0886e-25	1.2445e+03	5.5336e-26	1.5659e+03	2.7515e-26	1.9704e+03	1.3348e-26	2.4794e+03	6.3180e-27	3.1198e+03	2.9039e-27	3.9256e+03	1.3063e-27	4.9396e+03	5.7763e-28	6.2155e+03	2.5784e-28	
0	6	1	30	6.6146e+01	6.6808e+01	1.9744e-20	8.4064e+01	1.1980e-21	1.0578e+02	9.8869e-22	1.3310e+02	1.0153e-21	1.6748e+02	7.6391e-22	2.1074e+02	4.9414e-22	2.6517e+02	2.9356e-22	3.3367e+02	1.6549e-22	4.1985e+02	9.0313e-23	5.2830e+02	4.8336e-23	6.6476e+02	2.5548e-23	8.3647e+02	1.3330e-23	1.0525e+03	6.8611e-24	1.3244e+03	3.4652e-24	1.6665e+03	1.7103e-24	2.0969e+03	8.2368e-25	2.6386e+03	3.8711e-25	3.3201e+03	1.7654e-25	4.1777e+03	7.8949e-26	5.2568e+03	3.4806e-26	6.6146e+03	1.5387e-26	
0	7	1	2	1.4494e+01	1.4638e+01	4.2804e-21	1.8420e+01	5.3210e-21	2.3177e+01	2.2001e-21	2.9164e+01	7.7288e-22	3.6697e+01	3.8708e-22	4.6176e+01	3.9785e-22	5.8103e+01	5.1984e-22	7.3111e+01	6.0249e-22	9.1996e+01	5.9985e-22	1.1576e+02	5.2606e-22	1.4566e+02	4.1601e-22	1.8328e+02	3.0192e-22	2.3062e+02	2.0427e-22	2.9019e+02	1.3041e-22	3.6515e+02	7.9566e-23	4.5947e+02	4.6834e-23	5.7815e+02	2.6806e-23	7.2748e+02	1.4963e-23	9.1539e+02	8.1522e-24	1.1518e+03	4.3296e-24	1.4494e+03	2.2643e-24	
0	7	1	3	1.8422e+01	1.8606e+01	2.0706e-21	2.3412e+01	6.2208e-20	2.9459e+01	1.7551e-20	3.7068e+01	4.7987e-21	4.6643e+01	2.1592e-21	5.8691e+01	2.4072e-21	7.3851e+01	2.9892e-21	9.2926e+01	3.0976e-21	1.1693e+02	2.7459e-21	1.4713e+02	2.1614e-21	1.8514e+02	1.5506e-21	2.3296e+02	1.0342e-21	2.9313e+02	6.5082e-22	3.6884e+02	3.9154e-22	4.6411e+02	2.2759e-22	5.8400e+02	1.2884e-22	7.3484e+02	7.1232e-23	9.2465e+02	3.8501e-23	1.1635e+03	2.0311e-23	1.4640e+03	1.0428e-23	1.8422e+03	5.2724e-24	
0	7	1	6	2.4213e+01	2.4455e+01	1.0000e-26	3.0772e+01	1.5897e-20	3.8721e+01	3.3966e-21	4.8722e+01	1.1806e-21	6.1307e+01	1.0278e-21	7.7143e+01	1.2562e-21	9.7069e+01	1.3035e-21	1.2214e+02	1.1409e-21	1.5369e+02	8.8111e-22	1.9339e+02	6.1955e-22	2.4334e+02	4.0532e-22	3.0620e+02	2.5075e-22	3.8529e+02	1.4866e-22	4.8481e+02	8.5380e-23	6.1003e+02	4.7827e-23	7.6760e+02	2.6198e-23	9.6587e+02	1.4039e-23	1.2154e+03	7.3445e-24	1.5293e+03	3.7401e-24	1.9243e+03	1.8519e-24	2.4213e+03	8.9176e-25	
0	7	1	7	2.4806e+01	2.5054e+01	5.0832e-19	3.1525e+01	2.4887e-19	3.9668e+01	5.8635e-20	4.9915e+01	2.6150e-20	6.2808e+01	2.9870e-20	7.9031e+01	3.6153e-20	9.9444e+01	3.6181e-20	1.2513e+02	3.0995e-20	1.5745e+02	2.3651e-20	1.9812e+02	1.6512e-20	2.4930e+02	1.0759e-20	3.1369e+02	6.6406e-21	3.9472e+02	3.9330e-21	4.9667e+02	2.2580e-21	6.2496e+02	1.2649e-21	7.8639e+02	6.9270e-22	9.8951e+02	3.7100e-22	1.2451e+03	1.9386e-22	1.5667e+03	9.8556e-23	1.9714e+03	4.8702e-23	2.4806e+03	2.5323e-23	
0	7	1	10	2.6628e+01	2.6894e+01	8.8281e-20	3.3841e+01	3.8253e-20	4.2582e+01	8.4754e-21	5.3581e+01	4.2837e-21	6.7421e+01	5.2947e-21	8.4835e+01	6.1639e-21	1.0675e+02	5.8944e-21	1.3432e+02	4.8618e-21	1.6902e+02	3.5944e-21	2.1267e+02	2.4451e-21	2.6761e+02	1.5593e-21	3.3673e+02	9.4587e-22	4.2370e+02	5.5264e-22	5.3315e+02	3.1393e-22	6.7086e+02	1.7425e-22	8.4414e+02	9.4604e-23	1.0622e+03	5.0237e-23	1.3365e+03	2.6007e-23	1.6818e+03	1.3094e-23	2.1162e+03	6.4089e-24	2.6628e+03	3.2624e-24	
0	7	1	12	2.7064e+01	2.7334e+01	1.0000e-26	3.4395e+01	1.4816e-20	4.3279e+01	2.9595e-21	5.4458e+01	1.3657e-21	6.8524e+01	1.6275e-21	8.6224e+01	1.8918e-21	1.0850e+02	1.8037e-21	1.3652e+02	1.4783e-21	1.7178e+02	1.0844e-21	2.1615e+02	7.3206e-22	2.7199e+02	4.6364e-22	3.4224e+02	2.7956e-22	4.3064e+02	1.6250e-22	5.4188e+02	9.1934e-23	6.8184e+02	5.0844e-23	8.5796e+02	2.7511e-23	1.0796e+03	1.4566e-23	1.3584e+03	7.5173e-24	1.7093e+03	3.7732e-24	2.1508e+03	1.8414e-24	2.7064e+03	8.7441e-25	
0	7	1	13	3.5565e+01	3.5920e+01	1.0000e-26	4.5199e+01	4.5658e-22	5.6873e+01	7.6426e-22	7.1564e+01	8.2118e-22	9.0049e+01	7.6166e-22	1.1331e+02	6.4004e-22	1.4258e+02	4.9905e-22	1.7940e+02	3.7002e-22	2.2574e+02	2.6419e-22	2.8405e+02	1.8237e-22	3.5742e+02	1.2324e-22	4.4974e+02	8.1767e-23	5.6591e+02	5.3641e-23	7.1209e+02	3.4796e-23	8.9602e+02	2.2332e-23	1.1275e+03	1.4170e-23	1.4187e+03	8.8593e-24	1.7851e+03	5.4412e-24	2.2462e+03	3.2774e-24	2.8264e+03	1.9284e-24	3.5565e+03	1.1067e-24	
0	7	1	14	3.6826e+01	3.7194e+01	1.0000e-26	4.6802e+01	2.4768e-21	5.8891e+01	1.7111e-20	7.4102e+01	4.6893e-21	9.3242e+01	4.1599e-21	1.1733e+02	3.4251e-21	1.4763e+02	2.6321e-21	1.8577e+02	1.9288e-21	2.3375e+02	1.3631e-21	2.9413e+02	9.3375e-22	3.7010e+02	6.2665e-22	4.6569e+02	4.1379e-22	5.8598e+02	2.7017e-22	7.3734e+02	1.7467e-22	9.2780e+02	1.1171e-22	1.1674e+03	7.0613e-23	1.4690e+03	4.3983e-23	1.8484e+03	2.6913e-23	2.3259e+03	1.6148e-23	2.9267e+03	9.4637e-24	3.6826e+03	5.4068e-24	
0	7	1	17	4.2525e+01	4.2950e+01	1.7995e-21	5.4044e+01	2.8110e-21	6.8004e+01	3.1283e-21	8.5569e+01	2.9669e-21	1.0767e+02	2.5388e-21	1.3548e+02	2.0055e-21	1.7048e+02	1.4975e-21	2.1451e+02	1.0767e-21	2.6992e+02	7.4757e-22	3.3964e+02	5.0615e-22	4.2737e+02	3.3710e-22	5.3776e+02	2.2115e-22	6.7666e+02	1.4382e-22	8.5144e+02	9.2471e-23	1.0714e+03	5.8780e-23	1.3481e+03	3.6867e-23	1.6963e+03	2.2734e-23	2.1345e+03	1.3750e-23	2.6858e+03	8.1437e-24	3.3796e+03	4.6968e-24	4.2525e+03	2.8994e-24	
0	7	1	18	4.2945e+01	4.3374e+01	1.1365e-20	5.4578e+01	2.3314e-20	6.8675e+01	2.6929e-20	8.6414e+01	2.5703e-20	1.0873e+02	2.1940e-20	1.3682e+02	1.7243e-20	1.7216e+02	1.2803e-20	2.1663e+02	9.1509e-21	2.7259e+02	6.3214e-21	3.4300e+02	4.2627e-21	4.3159e+02	2.8279e-21	5.4307e+02	1.8505e-21	6.8335e+02	1.2002e-21	8.5985e+02	7.7008e-22	1.0820e+03	4.8869e-22	1.3614e+03	3.0597e-22	1.7131e+03	1.8836e-22	2.1556e+03	1.1375e-22	2.7123e+03	6.7238e-23	3.4129e+03	3.8726e-23	4.2945e+03	2.3413e-23	
0	7	1	21	4.4814e+01	4.5262e+01	7.1796e-22	5.6954e+01	1.5168e-21	7.1665e+01	1.6790e-21	9.0176e+01	1.5594e-21	1.1347e+02	1.3035e-21	1.4278e+02	1.0078e-21	1.7966e+02	7.3957e-22	2.2606e+02	5.2365e-22	2.8445e+02	3.5878e-22	3.5793e+02	2.4066e-22	4.5038e+02	1.5885e-22	5.6671e+02	1.0364e-22	7.1309e+02	6.6980e-23	8.9728e+02	4.2856e-23	1.1290e+03	2.7119e-23	1.4207e+03	1.6920e-23	1.7876e+03	1.0375e-23	2.2494e+03	6.2393e-24	2.8304e+03	3.6697e-24	3.5615e+03	2.1034e-24	4.4814e+03	1.2375e-24	
0	7	1	29	6.5297e+01	6.5950e+01	2.5641e-20	8.2985e+01	1.3990e-21	1.0442e+02	9.2969e-22	1.3139e+02	1.0027e-21	1.6533e+02	7.6997e-22	2.0803e+02	5.0160e-22	2.6177e+02	2.9873e-22	3.2938e+02	1.6853e-22	4.1446e+02	9.2006e-23	5.2152e+02	4.9239e-23	6.5622e+02	2.6027e-23	8.2573e+02	1.3584e-23	1.0390e+03	6.9949e-24	1.3074e+03	3.5356e-24	1.6451e+03	1.7470e-24	2.0700e+03	8.4226e-25	2.6047e+03	3.9639e-25	3.2775e+03	1.8101e-25	4.1241e+03	8.1028e-26	5.1893e+03	3.5739e-26	6.5297e+03	1.5795e-26	
0	7	1	32	6.7190e+01	6.7862e+01	1.5180e-21	8.5390e+01	5.9648e-23	1.0745e+02	5.4577e-23	1.3520e+02	5.4989e-23	1.7012e+02	4.0932e-23	2.1406e+02	2.6282e-23	2.6936e+02	1.5532e-23	3.3893e+02	8.7244e-24	4.2648e+02	4.7511e-24	5.3664e+02	2.5391e-24	6.7525e+02	1.3405e-24	8.4967e+02	6.9871e-25	1.0691e+03	3.5914e-25	1.3453e+03	1.8108e-25	1.6928e+03	8.9213e-26	2.1300e+03	4.2892e-26	2.6802e+03	2.0119e-26	3.3725e+03	9.1596e-27	4.2436e+03	4.0907e-27	5.3397e+03	1.8027e-27	6.7190e+03	8.0219e-28	
0	8	1	9	2.5683e+01	2.5940e+01	4.2272e-19	3.2640e+01	2.1048e-19	4.1071e+01	5.3060e-20	5.1680e+01	2.9687e-20	6.5029e+01	3.5439e-20	8.1826e+01	4.0847e-20	1.0296e+02	3.9401e-20	1.2956e+02	3.2966e-20	1.6302e+02	2.4776e-20	2.0513e+02	1.7126e-20	2.5811e+02	1.1080e-20	3.2478e+02	6.8044e-21	4.0867e+02	4.0145e-21	5.1424e+02	2.2976e-21	6.4706e+02	1.2833e-21	8.1420e+02	7.0048e-22	1.0245e+03	3.7396e-22	1.2891e+03	1.9466e-22	1.6221e+03	9.8567e-23	2.0411e+03	4.8514e-23	2.5683e+03	2.4830e-23	
0	8	1	14	3.6731e+01	3.7098e+01	1.0000e-26	4.6681e+01	1.0000e-26	5.8738e+01	7.6563e-22	7.3910e+01	4.6950e-25	9.3001e+01	3.1771e-26	1.1702e+02	6.1093e-27	1.4725e+02	1.4674e-27	1.8528e+02	3.3965e-28	2.3314e+02	6.8771e-29	2.9336e+02	1.2700e-29	3.6914e+02	2.2669e-30	4.6449e+02	4.4414e-31	5.8447e+02	8.5911e-32	7.3543e+02	2.2501e-32	9.2539e+02	9.1980e-33	1.1644e+03	3.6046e-33	1.4652e+03	1.1615e-33	1.8437e+03	4.8474e-34	2.3199e+03	3.0956e-34	2.9191e+03	1.7187e-34	3.6731e+03	1.2262e-34	
0	8	1	20	4.3979e+01	4.4419e+01	1.6262e-20	5.5893e+01	2.9943e-20	7.0330e+01	3.2464e-20	8.8496e+01	2.9918e-20	1.1135e+02	2.5004e-20	1.4012e+02	1.9409e-20	1.7631e+02	1.4314e-20	2.2185e+02	1.0189e-20	2.7915e+02	7.0204e-21	3.5126e+02	4.7288e-21	4.4199e+02	3.1340e-21	5.5615e+02	2.0500e-21	6.9981e+02	1.3285e-21	8.8057e+02	8.5190e-22	1.1080e+03	5.4012e-22	1.3942e+03	3.3769e-22	1.7543e+03	2.0754e-22	2.2075e+03	1.2510e-22	2.7777e+03	7.3787e-23	3.4951e+03	4.2381e-23	4.3979e+03	2.5591e-23	
0	8	1	31	6.6402e+01	6.7066e+01	1.7482e-20	8.4389e+01	1.1697e-21	1.0619e+02	9.8538e-22	1.3361e+02	1.0031e-21	1.6813e+02	7.5132e-22	2.1155e+02	4.8453e-22	2.6620e+02	2.8726e-22	3.3496e+02	1.6172e-22	4.2148e+02	8.8188e-23	5.3034e+02	4.7178e-23	6.6733e+02	2.4927e-23	8.3970e+02	1.3002e-23	1.0566e+03	6.6894e-24	1.3295e+03	3.3767e-24	1.6729e+03	1.6658e-24	2.1050e+03	8.0186e-25	2.6488e+03	3.7667e-25	3.3329e+03	1.7170e-25	4.1938e+03	7.6754e-26	5.2771e+03	3.3837e-26	6.6402e+03	1.4956e-26	
0	9	1	2	1.4140e+01	1.4282e+01	9.4274e-22	1.7971e+01	4.5259e-22	2.2612e+01	1.9057e-22	2.8453e+01	7.1131e-23	3.5802e+01	3.3788e-23	4.5050e+01	3.3365e-23	5.6687e+01	4.3931e-23	7.1329e+01	5.1655e-23	8.9753e+01	5.2117e-23	1.1294e+02	4.6256e-23	1.4211e+02	3.6962e-23	1.7881e+02	2.7071e-23	2.2500e+02	1.8460e-23	2.8312e+02	1.1865e-23	3.5625e+02	7.2758e-24	4.4827e+02	4.2997e-24	5.6405e+02	2.4692e-24	7.0975e+02	1.3822e-24	8.9308e+02	7.5518e-25	1.1238e+03	4.0239e-25	1.4140e+03	2.1387e-25	
0	9	1	3	1.8068e+01	1.8249e+01	1.0000e-26	2.2963e+01	1.4129e-20	2.8894e+01	4.2167e-21	3.6357e+01	1.2494e-21	4.5748e+01	6.3429e-22	5.7565e+01	7.3224e-22	7.2434e+01	9.0227e-22	9.1144e+01	9.3481e-22	1.1469e+02	8.3315e-22	1.4431e+02	6.6100e-22	1.8158e+02	4.7828e-22	2.2849e+02	3.2160e-22	2.8751e+02	2.0385e-22	3.6177e+02	1.2339e-22	4.5521e+02	7.2083e-23	5.7279e+02	4.0975e-23	7.2075e+02	2.2737e-23	9.0691e+02	1.2330e-23	1.1412e+03	6.5268e-24	1.4359e+03	3.3621e-24	1.8068e+03	1.6828e-24	
0	9	1	6	2.3860e+01	2.4099e+01	1.0000e-26	3.0323e+01	6.5501e-21	3.8156e+01	1.5722e-21	4.8011e+01	6.7688e-22	6.0413e+01	6.6406e-22	7.6017e+01	8.0509e-22	9.5652e+01	8.2599e-22	1.2036e+02	7.2286e-22	1.5145e+02	5.6141e-22	1.9057e+02	3.9782e-22	2.3979e+02	2.6235e-22	3.0173e+02	1.6351e-22	3.7966e+02	9.7562e-23	4.7773e+02	5.6333e-23	6.0113e+02	3.1698e-23	7.5640e+02	1.7431e-23	9.5178e+02	9.3740e-24	1.1976e+03	4.9203e-24	1.5070e+03	2.5137e-24	1.8962e+03	1.2483e-24	2.3860e+03	6.0269e-25	
0	9	1	7	2.4453e+01	2.4697e+01	9.1470e-21	3.1076e+01	5.1930e-20	3.9103e+01	1.2652e-20	4.9204e+01	6.3491e-21	6.1913e+01	7.0969e-21	7.7905e+01	8.4625e-21	9.8028e+01	8.4690e-21	1.2335e+02	7.2870e-21	1.5521e+02	5.5936e-21	1.9530e+02	3.9299e-21	2.4575e+02	2.5754e-21	3.0922e+02	1.5974e-21	3.8909e+02	9.4993e-22	4.8960e+02	5.4715e-22	6.1606e+02	3.0732e-22	7.7518e+02	1.6869e-22	9.7541e+02	9.0558e-23	1.2274e+03	4.7426e-23	1.5444e+03	2.4166e-23	1.9433e+03	1.1967e-23	2.4453e+03	5.7733e-24	
0	9	1	10	2.6274e+01	2.6537e+01	2.9513e-19	3.3392e+01	1.6185e-19	4.2017e+01	4.1424e-20	5.2870e+01	2.6196e-20	6.6526e+01	3.2425e-20	8.3709e+01	3.7021e-20	1.0533e+02	3.5246e-20	1.3254e+02	2.9167e-20	1.6677e+02	2.1709e-20	2.0985e+02	1.4881e-20	2.6405e+02	9.5607e-21	3.3226e+02	5.8382e-21	4.1808e+02	3.4302e-21	5.2607e+02	1.9575e-21	6.6196e+02	1.0907e-21	8.3294e+02	5.9420e-22	1.0481e+03	3.1651e-22	1.3188e+03	1.6433e-22	1.6595e+03	8.2969e-23	2.0881e+03	4.0715e-23	2.6274e+03	2.0832e-23	
0	9	1	12	2.6710e+01	2.6977e+01	1.0000e-26	3.3946e+01	3.6232e-20	4.2714e+01	8.3797e-21	5.3747e+01	5.1259e-21	6.7630e+01	6.2534e-21	8.5098e+01	7.1174e-21	1.0708e+02	6.7393e-21	1.3474e+02	5.5360e-21	1.6954e+02	4.0880e-21	2.1333e+02	2.7816e-21	2.6844e+02	1.7751e-21	3.3777e+02	1.0778e-21	4.2502e+02	6.3024e-22	5.3480e+02	3.5831e-22	6.7294e+02	1.9898e-22	8.4676e+02	1.0809e-22	1.0655e+03	5.7414e-23	1.3407e+03	2.9724e-23	1.6870e+03	1.4964e-23	2.1227e+03	7.3243e-24	2.6710e+03	3.4856e-24	
0	9	1	13	3.5211e+01	3.5564e+01	1.0000e-26	4.4750e+01	1.8609e-21	5.6308e+01	2.5579e-21	7.0853e+01	2.6932e-21	8.9154e+01	2.4773e-21	1.1218e+02	2.0769e-21	1.4116e+02	1.6181e-21	1.7762e+02	1.1994e-21	2.2350e+02	8.5761e-22	2.8123e+02	5.9261e-22	3.5387e+02	4.0058e-22	4.4528e+02	2.6608e-22	5.6029e+02	1.7453e-22	7.0501e+02	1.1328e-22	8.8712e+02	7.2765e-23	1.1163e+03	4.6192e-23	1.4046e+03	2.8898e-23	1.7674e+03	1.7765e-23	2.2239e+03	1.0709e-23	2.7983e+03	6.3155e-24	3.5211e+03	3.6263e-24	
0	9	1	14	3.6473e+01	3.6838e+01	1.0000e-26	4.6353e+01	1.5222e-21	5.8326e+01	1.8071e-20	7.3391e+01	2.6477e-21	9.2348e+01	2.3031e-21	1.1620e+02	1.8890e-21	1.4622e+02	1.4515e-21	1.8398e+02	1.0646e-21	2.3151e+02	7.5412e-22	2.9130e+02	5.1765e-22	3.6655e+02	3.4791e-22	4.6123e+02	2.3012e-22	5.8036e+02	1.5037e-22	7.3027e+02	9.7307e-23	9.1889e+02	6.2305e-23	1.1562e+03	3.9417e-23	1.4549e+03	2.4573e-23	1.8307e+03	1.5052e-23	2.3036e+03	9.0409e-24	2.8986e+03	5.3082e-24	3.6473e+03	3.0350e-24	
0	9	1	18	4.2592e+01	4.3018e+01	6.8475e-22	5.4129e+01	1.3295e-21	6.8110e+01	1.5040e-21	8.5703e+01	1.4251e-21	1.0784e+02	1.2144e-21	1.3570e+02	9.5547e-22	1.7075e+02	7.1116e-22	2.1485e+02	5.0983e-22	2.7034e+02	3.5317e-22	3.4017e+02	2.3879e-22	4.2804e+02	1.5875e-22	5.3860e+02	1.0407e-22	6.7772e+02	6.7597e-23	8.5278e+02	4.3434e-23	1.0731e+03	2.7596e-23	1.3502e+03	1.7296e-23	1.6990e+03	1.0660e-23	2.1378e+03	6.4456e-24	2.6900e+03	3.8169e-24	3.3849e+03	2.1995e-24	4.2592e+03	1.2833e-24	
0	9	1	21	4.4461e+01	4.4906e+01	1.4969e-20	5.6505e+01	2.7517e-20	7.1100e+01	2.9790e-20	8.9465e+01	2.7512e-20	1.1257e+02	2.3014e-20	1.4165e+02	1.7859e-20	1.7824e+02	1.3168e-20	2.2428e+02	9.3669e-21	2.8221e+02	6.4471e-21	3.5510e+02	4.3402e-21	4.4683e+02	2.8744e-21	5.6224e+02	1.8797e-21	7.0747e+02	1.2175e-21	8.9021e+02	7.8044e-22	1.1201e+03	4.9454e-22	1.4095e+03	3.0896e-22	1.7735e+03	1.8971e-22	2.2317e+03	1.1425e-22	2.8081e+03	6.7313e-23	3.5334e+03	3.8615e-23	4.4461e+03	2.3263e-23	
0	9	1	29	6.4943e+01	6.5593e+01	2.0354e-21	8.2536e+01	6.5436e-23	1.0385e+02	4.2900e-23	1.3068e+02	4.6488e-23	1.6443e+02	3.5850e-23	2.0691e+02	2.3427e-23	2.6035e+02	1.3987e-23	3.2760e+02	7.9064e-24	4.1222e+02	4.3224e-24	5.1870e+02	2.3157e-24	6.5267e+02	1.2251e-24	8.2126e+02	6.3989e-25	1.0334e+03	3.2977e-25	1.3003e+03	1.6681e-25	1.6362e+03	8.2483e-26	2.0588e+03	3.9800e-26	2.5906e+03	1.8745e-26	3.2597e+03	8.5658e-27	4.1017e+03	3.8369e-27	5.1612e+03	1.6929e-27	6.4943e+03	7.5053e-28	
0	9	1	32	6.6836e+01	6.7505e+01	1.5994e-20	8.4941e+01	1.0719e-21	1.0688e+02	9.7282e-22	1.3449e+02	9.8552e-22	1.6923e+02	7.3633e-22	2.1294e+02	4.7397e-22	2.6794e+02	2.8063e-22	3.3715e+02	1.5784e-22	4.2423e+02	8.6033e-23	5.3381e+02	4.6012e-23	6.7170e+02	2.4306e-23	8.4520e+02	1.2676e-23	1.0635e+03	6.5189e-24	1.3382e+03	3.2892e-24	1.6839e+03	1.6217e-24	2.1188e+03	7.8013e-25	2.6661e+03	3.6622e-25	3.3548e+03	1.6682e-25	4.2213e+03	7.4537e-26	5.3116e+03	3.2852e-26	6.6836e+03	1.4525e-26	
0	10	1	8	2.4748e+01	2.4995e+01	1.0000e-26	3.1451e+01	5.8549e-21	3.9575e+01	1.4307e-21	4.9797e+01	6.8652e-22	6.2660e+01	7.0540e-22	7.8845e+01	8.3238e-22	9.9210e+01	8.2941e-22	1.2484e+02	7.1035e-22	1.5708e+02	5.4305e-22	1.9766e+02	3.8031e-22	2.4871e+02	2.4857e-22	3.1295e+02	1.5386e-22	3.9379e+02	9.1310e-23	4.9550e+02	5.2488e-23	6.2349e+02	2.9414e-23	7.8453e+02	1.6110e-23	9.8718e+02	8.6276e-24	1.2422e+03	4.5082e-24	1.5630e+03	2.2925e-24	1.9667e+03	1.1334e-24	2.4748e+03	5.4510e-25	
0	10	1	11	2.6626e+01	2.6893e+01	3.1654e-19	3.3839e+01	1.5650e-19	4.2579e+01	4.2872e-20	5.3578e+01	2.9714e-20	6.7417e+01	3.6662e-20	8.4830e+01	4.0986e-20	1.0674e+02	3.8493e-20	1.3431e+02	3.1592e-20	1.6901e+02	2.3403e-20	2.1266e+02	1.5997e-20	2.6759e+02	1.0261e-20	3.3671e+02	6.2597e-21	4.2368e+02	3.6750e-21	5.3312e+02	2.0955e-21	6.7082e+02	1.1665e-21	8.4409e+02	6.3477e-22	1.0621e+03	3.3768e-22	1.3365e+03	1.7507e-22	1.6817e+03	8.8266e-23	2.1161e+03	4.3259e-23	2.6626e+03	2.1998e-23	
0	10	1	14	3.6424e+01	3.6788e+01	1.0000e-26	4.6290e+01	1.0000e-26	5.8247e+01	1.1125e-21	7.3292e+01	4.4990e-25	9.2223e+01	2.8838e-26	1.1604e+02	5.4357e-27	1.4602e+02	1.3035e-27	1.8374e+02	3.1436e-28	2.3119e+02	6.2450e-29	2.9091e+02	1.1403e-29	3.6605e+02	2.0775e-30	4.6061e+02	3.8337e-31	5.7958e+02	8.0862e-32	7.2928e+02	1.0230e-31	9.1766e+02	2.0441e-32	1.1547e+03	2.4242e-33	1.4529e+03	9.3126e-34	1.8282e+03	4.2605e-34	2.3005e+03	2.8564e-34	2.8947e+03	1.6814e-34	3.6424e+03	1.2216e-34	
0	10	1	22	4.4922e+01	4.5371e+01	1.7276e-20	5.7091e+01	3.0465e-20	7.1837e+01	3.2243e-20	9.0392e+01	2.9382e-20	1.1374e+02	2.4373e-20	1.4312e+02	1.8820e-20	1.8009e+02	1.3838e-20	2.2660e+02	9.8256e-21	2.8514e+02	6.7558e-21	3.5879e+02	4.5458e-21	4.5146e+02	3.0094e-21	5.6807e+02	1.9677e-21	7.1481e+02	1.2742e-21	8.9944e+02	8.1653e-22	1.1318e+03	5.1720e-22	1.4241e+03	3.2291e-22	1.7919e+03	1.9813e-22	2.2548e+03	1.1922e-22	2.8372e+03	7.0181e-23	3.5701e+03	4.0208e-23	4.4922e+03	2.4198e-23	
0	10	1	33	6.7343e+01	6.8016e+01	1.2774e-20	8.5584e+01	1.0216e-21	1.0769e+02	9.9846e-22	1.3551e+02	9.8722e-22	1.7051e+02	7.2990e-22	2.1455e+02	4.6782e-22	2.6997e+02	2.7641e-22	3.3970e+02	1.5533e-22	4.2745e+02	8.4623e-23	5.3786e+02	4.5253e-23	6.7678e+02	2.3902e-23	8.5160e+02	1.2461e-23	1.0716e+03	6.4061e-24	1.3483e+03	3.2300e-24	1.6966e+03	1.5914e-24	2.1349e+03	7.6498e-25	2.6863e+03	3.5882e-25	3.3802e+03	1.6332e-25	4.2533e+03	7.2931e-26	5.3519e+03	3.2139e-26	6.7343e+03	1.4211e-26	
0	11	1	10	2.6223e+01	2.6485e+01	1.0000e-26	3.3326e+01	9.8285e-20	4.1935e+01	2.4962e-20	5.2766e+01	1.5131e-20	6.6396e+01	1.7444e-20	8.3546e+01	1.9803e-20	1.0513e+02	1.8909e-20	1.3228e+02	1.5684e-20	1.6645e+02	1.1700e-20	2.0944e+02	8.0381e-21	2.6354e+02	5.1743e-21	3.3161e+02	3.1645e-21	4.1726e+02	1.8608e-21	5.2504e+02	1.0619e-21	6.6066e+02	5.9148e-22	8.3131e+02	3.2202e-22	1.0460e+03	1.7142e-22	1.3162e+03	8.8968e-23	1.6562e+03	4.4920e-23	2.0840e+03	2.2053e-23	2.6223e+03	1.0536e-23	
0	11	1	12	2.6659e+01	2.6926e+01	3.1745e-19	3.3880e+01	1.5589e-19	4.2632e+01	4.2819e-20	5.3643e+01	2.9813e-20	6.7499e+01	3.6803e-20	8.4934e+01	4.1114e-20	1.0687e+02	3.8588e-20	1.3448e+02	3.1652e-20	1.6921e+02	2.3437e-20	2.1292e+02	1.6015e-20	2.6792e+02	1.0269e-20	3.3712e+02	6.2630e-21	4.2420e+02	3.6762e-21	5.3377e+02	2.0959e-21	6.7164e+02	1.1666e-21	8.4513e+02	6.3471e-22	1.0634e+03	3.3761e-22	1.3381e+03	1.7501e-22	1.6837e+03	8.8218e-23	2.1186e+03	4.3228e-23	2.6659e+03	2.1984e-23	
0	11	1	14	3.6421e+01	3.6786e+01	1.0000e-26	4.6287e+01	2.3289e-22	5.8243e+01	3.2791e-22	7.3287e+01	3.0642e-22	9.2218e+01	2.7550e-22	1.1604e+02	2.2720e-22	1.4601e+02	1.7511e-22	1.8372e+02	1.2881e-22	2.3118e+02	9.1528e-23	2.9089e+02	6.2996e-23	3.6603e+02	4.2441e-23	4.6058e+02	2.8130e-23	5.7954e+02	1.8411e-23	7.2924e+02	1.1931e-23	9.1760e+02	7.6488e-24	1.1546e+03	4.8433e-24	1.4529e+03	3.0217e-24	1.8281e+03	1.8521e-24	2.3003e+03	1.1131e-24	2.8945e+03	6.5419e-25	3.6421e+03	3.7405e-25	
0	11	1	23	4.4957e+01	4.5406e+01	1.7589e-20	5.7135e+01	3.0932e-20	7.1893e+01	3.2699e-20	9.0463e+01	2.9789e-20	1.1383e+02	2.4706e-20	1.4323e+02	1.9074e-20	1.8023e+02	1.4022e-20	2.2678e+02	9.9555e-21	2.8536e+02	6.8443e-21	3.5906e+02	4.6050e-21	4.5181e+02	3.0483e-21	5.6851e+02	1.9930e-21	7.1536e+02	1.2905e-21	9.0014e+02	8.2696e-22	1.1326e+03	5.2377e-22	1.4252e+03	3.2700e-22	1.7933e+03	2.0063e-22	2.2565e+03	1.2071e-22	2.8394e+03	7.1053e-23	3.5728e+03	4.0704e-23	4.4957e+03	2.4493e-23	
0	11	1	34	6.7380e+01	6.8053e+01	7.9737e-21	8.5632e+01	1.0186e-21	1.0775e+02	9.9821e-22	1.3558e+02	9.8649e-22	1.7060e+02	7.2913e-22	2.1467e+02	4.6720e-22	2.7012e+02	2.7601e-22	3.3989e+02	1.5508e-22	4.2768e+02	8.4480e-23	5.3815e+02	4.5173e-23	6.7716e+02	2.3858e-23	8.5207e+02	1.2438e-23	1.0722e+03	6.3938e-24	1.3491e+03	3.2236e-24	1.6976e+03	1.5881e-24	2.1360e+03	7.6337e-25	2.6878e+03	3.5801e-25	3.3820e+03	1.6294e-25	4.2556e+03	7.2762e-26	5.3548e+03	3.2064e-26	6.7380e+03	1.4177e-26	
0	12	1	3	3.4193e+00	3.4535e+00	8.9004e-20	4.3455e+00	1.4936e-19	5.4679e+00	5.7698e-19	6.8803e+00	3.6872e-19	8.6575e+00	2.9464e-19	1.0894e+01	2.2350e-19	1.3708e+01	1.3271e-19	1.7248e+01	8.0584e-20	2.1703e+01	4.9560e-20	2.7309e+01	3.0132e-20	3.4363e+01	1.7737e-20	4.3239e+01	9.9696e-21	5.4408e+01	5.3184e-21	6.8462e+01	2.6958e-21	8.6145e+01	1.3102e-21	1.0840e+02	6.2061e-22	1.3640e+02	2.9265e-22	1.7163e+02	1.4081e-22	2.1596e+02	7.0805e-23	2.7174e+02	3.7411e-23	3.4193e+02	2.0876e-23	
0	12	1	4	4.2467e+00	4.2892e+00	8.3476e-20	5.3970e+00	5.3900e-20	6.7911e+00	7.8962e-20	8.5452e+00	4.0359e-20	1.0752e+01	2.3242e-20	1.3530e+01	1.4475e-20	1.7025e+01	9.3108e-21	2.1422e+01	5.9767e-21	2.6955e+01	3.7324e-21	3.3918e+01	2.2262e-21	4.2679e+01	1.2540e-21	5.3703e+01	6.6515e-22	6.7574e+01	3.3340e-22	8.5028e+01	1.5950e-22	1.0699e+02	7.4107e-23	1.3463e+02	3.4123e-23	1.6940e+02	1.5859e-23	2.1316e+02	7.5473e-24	2.6822e+02	3.6972e-24	3.3749e+02	2.1477e-24	4.2467e+02	1.4444e-24	
0	12	1	7	9.8035e+00	9.9016e+00	2.0076e-20	1.2459e+01	4.4401e-20	1.5677e+01	1.3375e-20	1.9727e+01	7.0464e-21	2.4822e+01	3.5025e-21	3.1234e+01	1.7676e-21	3.9301e+01	9.0584e-22	4.9453e+01	4.6727e-22	6.2226e+01	2.3995e-22	7.8300e+01	1.2081e-22	9.8524e+01	5.8839e-23	1.2397e+02	2.7454e-23	1.5600e+02	1.2237e-23	1.9629e+02	5.2338e-24	2.4699e+02	2.1661e-24	3.1079e+02	8.8395e-25	3.9106e+02	3.6173e-25	4.9207e+02	1.5036e-25	6.1918e+02	6.4110e-26	7.7911e+02	2.7914e-26	9.8035e+02	1.2526e-26	
0	12	1	10	1.1625e+01	1.1742e+01	7.2559e-21	1.4775e+01	4.1950e-20	1.8591e+01	1.0424e-20	2.3393e+01	5.2666e-21	2.9435e+01	2.4837e-21	3.7038e+01	1.1869e-21	4.6605e+01	5.7746e-22	5.8643e+01	2.8528e-22	7.3790e+01	1.4174e-22	9.2851e+01	6.9632e-23	1.1683e+02	3.3292e-23	1.4701e+02	1.5252e-23	1.8498e+02	6.6912e-24	2.3277e+02	2.8102e-24	2.9289e+02	1.1400e-24	3.6854e+02	4.5540e-25	4.6374e+02	1.8205e-25	5.8352e+02	7.3399e-26	7.3424e+02	3.0597e-26	9.2390e+02	1.2984e-26	1.1625e+03	5.5106e-27	
0	12	1	12	1.2061e+01	1.2182e+01	1.0000e-26	1.5328e+01	5.8386e-21	1.9288e+01	1.7211e-21	2.4270e+01	6.8531e-22	3.0539e+01	3.0982e-22	3.8427e+01	1.4944e-22	4.8353e+01	7.4373e-23	6.0842e+01	3.7358e-23	7.6557e+01	1.8605e-23	9.6332e+01	9.0531e-24	1.2121e+02	4.2559e-24	1.5252e+02	1.9185e-24	1.9192e+02	8.2846e-25	2.4149e+02	3.4373e-25	3.0387e+02	1.3896e-25	3.8236e+02	5.5573e-26	4.8113e+02	2.2388e-26	6.0540e+02	9.1879e-27	7.6177e+02	3.8732e-27	9.5854e+02	1.6505e-27	1.2061e+03	7.0536e-28	
0	12	1	13	2.0562e+01	2.0768e+01	3.5969e-19	2.6132e+01	1.4018e-19	3.2882e+01	3.9826e-19	4.1376e+01	6.1710e-20	5.2063e+01	1.3153e-20	6.5511e+01	9.0037e-21	8.2433e+01	1.0402e-20	1.0372e+02	1.0469e-20	1.3052e+02	8.8613e-21	1.6423e+02	6.6010e-21	2.0665e+02	4.4889e-21	2.6003e+02	2.8606e-21	3.2719e+02	1.7357e-21	4.1171e+02	1.0163e-21	5.1805e+02	5.7884e-22	6.5186e+02	3.2207e-22	8.2024e+02	1.7520e-22	1.0321e+03	9.3095e-23	1.2987e+03	4.8205e-23	1.6341e+03	2.4305e-23	2.0562e+03	1.4887e-23	
0	12	1	14	2.1824e+01	2.2042e+01	7.4893e-21	2.7735e+01	1.7475e-19	3.4899e+01	2.8271e-19	4.3914e+01	5.2488e-20	5.5257e+01	1.0952e-20	6.9530e+01	7.9441e-21	8.7489e+01	9.7004e-21	1.1009e+02	9.8582e-21	1.3852e+02	8.2005e-21	1.7430e+02	5.9641e-21	2.1933e+02	3.9626e-21	2.7598e+02	2.4696e-21	3.4726e+02	1.4699e-21	4.3696e+02	8.4576e-22	5.4983e+02	4.7433e-22	6.9185e+02	2.6043e-22	8.7055e+02	1.4002e-22	1.0954e+03	7.3605e-23	1.3784e+03	3.7750e-23	1.7344e+03	1.8851e-23	2.1824e+03	9.1752e-24	
0	12	1	15	2.4431e+01	2.4675e+01	8.6921e-21	3.1048e+01	2.3452e-21	3.9068e+01	4.9529e-22	4.9159e+01	1.7513e-22	6.1857e+01	1.7700e-22	7.7835e+01	2.1711e-22	9.7940e+01	2.2147e-22	1.2324e+02	1.9160e-22	1.5507e+02	1.4642e-22	1.9512e+02	1.0219e-22	2.4552e+02	6.6551e-23	3.0894e+02	4.1122e-23	3.8874e+02	2.4411e-23	4.8915e+02	1.4065e-23	6.1550e+02	7.9007e-24	7.7449e+02	4.3358e-24	9.7454e+02	2.3250e-24	1.2263e+03	1.2152e-24	1.5430e+03	6.1779e-25	1.9416e+03	3.0576e-25	2.4431e+03	2.5486e-25	
0	12	1	17	2.7523e+01	2.7798e+01	4.7456e-21	3.4978e+01	9.6211e-22	4.4013e+01	2.0142e-22	5.5381e+01	6.9660e-23	6.9686e+01	6.7791e-23	8.7686e+01	8.5378e-23	1.1034e+02	8.5970e-23	1.3883e+02	7.1525e-23	1.7470e+02	5.2337e-23	2.1982e+02	3.4981e-23	2.7660e+02	2.1925e-23	3.4804e+02	1.3114e-23	4.3794e+02	7.5694e-24	5.5106e+02	4.2577e-24	6.9340e+02	2.3438e-24	8.7251e+02	1.2622e-24	1.0979e+03	6.6469e-25	1.3815e+03	3.4151e-25	1.7383e+03	1.7083e-25	2.1873e+03	8.3102e-26	2.7523e+03	4.8268e-26	
0	12	1	18	2.7943e+01	2.8222e+01	1.6475e-20	3.5512e+01	6.9084e-20	4.4684e+01	9.7348e-21	5.6226e+01	1.9048e-21	7.0749e+01	1.1463e-21	8.9024e+01	1.4477e-21	1.1202e+02	1.4784e-21	1.4095e+02	1.2258e-21	1.7736e+02	8.8581e-22	2.2317e+02	5.8355e-22	2.8082e+02	3.6090e-22	3.5335e+02	2.1307e-22	4.4463e+02	1.2180e-22	5.5947e+02	6.7905e-23	7.0398e+02	3.7100e-23	8.8582e+02	1.9862e-23	1.1146e+03	1.0405e-23	1.4025e+03	5.3173e-24	1.7648e+03	2.6462e-24	2.2207e+03	1.2820e-24	2.7943e+03	6.2436e-25	
0	12	1	21	2.9812e+01	3.0110e+01	3.2024e-19	3.7887e+01	6.0651e-20	4.7674e+01	1.0568e-20	5.9988e+01	3.7325e-21	7.5483e+01	4.0180e-21	9.4980e+01	4.7354e-21	1.1951e+02	4.4548e-21	1.5038e+02	3.5126e-21	1.8923e+02	2.4658e-21	2.3810e+02	1.5993e-21	2.9961e+02	9.7929e-22	3.7699e+02	5.7575e-22	4.7437e+02	3.2814e-22	5.9690e+02	1.8266e-22	7.5108e+02	9.9586e-23	9.4508e+02	5.3142e-23	1.1892e+03	2.7701e-23	1.4964e+03	1.4078e-23	1.8829e+03	6.9649e-24	2.3692e+03	3.3512e-24	2.9812e+03	1.8638e-24	
0	12	1	23	3.0359e+01	3.0663e+01	3.1372e-20	3.8583e+01	5.4359e-21	4.8549e+01	1.0487e-21	6.1089e+01	4.1910e-22	7.6868e+01	4.7908e-22	9.6723e+01	5.6304e-22	1.2171e+02	5.2650e-22	1.5314e+02	4.1364e-22	1.9270e+02	2.8925e-22	2.4248e+02	1.8687e-22	3.0511e+02	1.1394e-22	3.8392e+02	6.6753e-23	4.8308e+02	3.7904e-23	6.0786e+02	2.1041e-23	7.6487e+02	1.1445e-23	9.6243e+02	6.0937e-24	1.2110e+03	3.1700e-24	1.5238e+03	1.6077e-24	1.9174e+03	7.9370e-25	2.4127e+03	3.8115e-25	3.0359e+03	2.1841e-25	
0	12	1	24	3.6917e+01	3.7287e+01	1.0000e-26	4.6918e+01	3.0997e-22	5.9037e+01	9.4612e-21	7.4286e+01	6.1104e-21	9.3474e+01	6.5339e-21	1.1762e+02	5.8805e-21	1.4800e+02	4.6298e-21	1.8623e+02	3.3641e-21	2.3433e+02	2.3334e-21	2.9486e+02	1.5642e-21	3.7102e+02	1.0273e-21	4.6685e+02	6.6664e-22	5.8744e+02	4.2874e-22	7.3917e+02	2.7409e-22	9.3010e+02	1.7361e-22	1.1703e+03	1.0892e-22	1.4726e+03	6.7453e-23	1.8530e+03	4.1080e-23	2.3317e+03	2.4551e-23	2.9339e+03	1.4346e-23	3.6917e+03	8.1764e-24	
0	12	1	25	4.2451e+01	4.2876e+01	1.6649e-22	5.3950e+01	1.6534e-21	6.7886e+01	2.7680e-21	8.5420e+01	3.0629e-21	1.0748e+02	2.8018e-21	1.3525e+02	2.2666e-21	1.7018e+02	1.7003e-21	2.1414e+02	1.2079e-21	2.6945e+02	8.2182e-22	3.3905e+02	5.4588e-22	4.2663e+02	3.5585e-22	5.3683e+02	2.2978e-22	6.7549e+02	1.4789e-22	8.4997e+02	9.4379e-23	1.0695e+03	5.9650e-23	1.3458e+03	3.7258e-23	1.6934e+03	2.2892e-23	2.1308e+03	1.3852e-23	2.6811e+03	8.1780e-24	3.3737e+03	4.6885e-24	4.2451e+03	3.7816e-24	
0	12	1	35	6.2939e+01	6.3568e+01	3.7391e-21	7.9988e+01	4.9389e-21	1.0065e+02	4.4310e-22	1.2665e+02	3.1135e-22	1.5936e+02	2.7740e-22	2.0052e+02	1.8673e-22	2.5232e+02	1.1098e-22	3.1749e+02	6.2035e-23	3.9950e+02	3.3528e-23	5.0268e+02	1.7793e-23	6.3253e+02	9.3332e-24	7.9591e+02	4.8420e-24	1.0015e+03	2.4800e-24	1.2602e+03	1.2492e-24	1.5857e+03	6.1610e-25	1.9953e+03	2.9695e-25	2.5106e+03	1.3976e-25	3.1591e+03	6.4047e-26	3.9751e+03	2.8714e-26	5.0019e+03	1.2690e-26	6.2939e+03	5.7007e-27	
0	13	1	3	2.9202e+00	2.9495e+00	1.0000e-26	3.7113e+00	1.0000e-26	4.6699e+00	1.0000e-26	5.8762e+00	1.0000e-26	7.3940e+00	1.0655e-20	9.3038e+00	4.1691e-22	1.1707e+01	2.8518e-21	1.4731e+01	5.0668e-21	1.8536e+01	5.1210e-21	2.3324e+01	4.4810e-21	2.9348e+01	3.7816e-21	3.6929e+01	3.1830e-21	4.6467e+01	2.6886e-21	5.8470e+01	2.2522e-21	7.3573e+01	1.8635e-21	9.2576e+01	1.5050e-21	1.1649e+02	1.1778e-21	1.4658e+02	8.9058e-22	1.8444e+02	6.5217e-22	2.3208e+02	4.5957e-22	2.9202e+02	3.1485e-22	
0	13	1	4	3.7477e+00	3.7851e+00	1.0000e-26	4.7628e+00	1.0000e-26	5.9931e+00	1.3000e-22	7.5411e+00	2.0294e-22	9.4889e+00	3.1013e-22	1.1940e+01	4.5998e-22	1.5024e+01	6.5647e-22	1.8905e+01	8.9471e-22	2.3788e+01	1.1574e-21	2.9932e+01	1.4156e-21	3.7664e+01	1.6348e-21	4.7392e+01	1.7830e-21	5.9633e+01	1.8366e-21	7.5037e+01	1.7845e-21	9.4418e+01	1.6322e-21	1.1881e+02	1.4082e-21	1.4949e+02	1.1548e-21	1.8811e+02	9.0587e-22	2.3670e+02	6.8100e-22	2.9784e+02	4.9360e-22	3.7477e+02	3.4796e-22	
0	13	1	7	9.3045e+00	9.3975e+00	1.0000e-26	1.1825e+01	5.8832e-21	1.4879e+01	4.1040e-22	1.8723e+01	1.9360e-21	2.3559e+01	1.8216e-21	2.9644e+01	1.4812e-21	3.7301e+01	1.1893e-21	4.6936e+01	9.6538e-22	5.9059e+01	7.8740e-22	7.4314e+01	6.3795e-22	9.3509e+01	5.0667e-22	1.1766e+02	3.9137e-22	1.4805e+02	2.9281e-22	1.8630e+02	2.1192e-22	2.3442e+02	1.4834e-22	2.9497e+02	1.0092e-22	3.7116e+02	6.6851e-23	4.6703e+02	4.3388e-23	5.8766e+02	2.7777e-23	7.3945e+02	1.7719e-23	9.3045e+02	1.1302e-23	
0	13	1	10	1.1126e+01	1.1238e+01	1.0000e-26	1.4140e+01	6.8033e-21	1.7793e+01	1.8759e-21	2.2389e+01	2.3675e-21	2.8172e+01	1.9914e-21	3.5448e+01	1.5650e-21	4.4604e+01	1.2440e-21	5.6126e+01	1.0010e-21	7.0623e+01	8.0475e-22	8.8865e+01	6.3876e-22	1.1182e+02	4.9432e-22	1.4070e+02	3.7049e-22	1.7704e+02	2.6922e-22	2.2277e+02	1.8918e-22	2.8032e+02	1.2877e-22	3.5272e+02	8.5598e-23	4.4383e+02	5.5682e-23	5.5847e+02	3.5584e-23	7.0272e+02	2.2614e-23	8.8424e+02	1.4446e-23	1.1126e+03	9.1945e-24	
0	13	1	14	2.1325e+01	2.1538e+01	8.9328e-20	2.7101e+01	2.4203e-20	3.4101e+01	6.5102e-21	4.2910e+01	2.6109e-21	5.3993e+01	2.3769e-21	6.7940e+01	2.9417e-21	8.5489e+01	3.1360e-21	1.0757e+02	2.8639e-21	1.3536e+02	2.3208e-21	1.7032e+02	1.7100e-21	2.1431e+02	1.1706e-21	2.6967e+02	7.5431e-22	3.3932e+02	4.6295e-22	4.2697e+02	2.7366e-22	5.3725e+02	1.5701e-22	6.7603e+02	8.7781e-23	8.5064e+02	4.7920e-23	1.0704e+03	2.5536e-23	1.3468e+03	1.3246e-23	1.6947e+03	6.6789e-24	2.1325e+03	4.2531e-24	
0	13	1	15	2.3932e+01	2.4171e+01	1.9880e-18	3.0414e+01	1.3255e-18	3.8270e+01	2.9378e-19	4.8155e+01	1.3851e-19	6.0594e+01	1.4897e-19	7.6245e+01	1.7332e-19	9.5939e+01	1.7163e-19	1.2072e+02	1.4752e-19	1.5190e+02	1.1343e-19	1.9114e+02	8.0179e-20	2.4051e+02	5.2988e-20	3.0263e+02	3.3155e-20	3.8080e+02	1.9881e-20	4.7916e+02	1.1539e-20	6.0293e+02	6.5190e-21	7.5867e+02	3.5942e-21	9.5463e+02	1.9366e-21	1.2012e+03	1.0173e-21	1.5115e+03	5.1980e-22	1.9019e+03	2.5813e-22	2.3932e+03	2.0481e-22	
0	13	1	17	2.7024e+01	2.7294e+01	1.5140e-19	3.4344e+01	2.8238e-20	4.3215e+01	6.2817e-21	5.4377e+01	3.1479e-21	6.8423e+01	3.7929e-21	8.6096e+01	4.2475e-21	1.0833e+02	3.9397e-21	1.3632e+02	3.1896e-21	1.7153e+02	2.3283e-21	2.1583e+02	1.5745e-21	2.7158e+02	1.0018e-21	3.4173e+02	6.0751e-22	4.3000e+02	3.5519e-22	5.4107e+02	2.0194e-22	6.8083e+02	1.1203e-22	8.5669e+02	6.0754e-23	1.0780e+03	3.2199e-23	1.3564e+03	1.6628e-23	1.7068e+03	8.3510e-24	2.1476e+03	4.0779e-24	2.7024e+03	2.3304e-24	
0	13	1	24	3.6418e+01	3.6783e+01	1.0000e-26	4.6284e+01	1.0000e-26	5.8239e+01	1.8785e-20	7.3282e+01	1.5974e-21	9.2210e+01	6.8762e-22	1.1603e+02	3.9516e-22	1.4600e+02	2.4421e-22	1.8371e+02	1.5269e-22	2.3116e+02	9.5130e-23	2.9087e+02	5.8470e-23	3.6600e+02	3.5652e-23	4.6054e+02	2.1571e-23	5.7950e+02	1.2987e-23	7.2918e+02	7.8580e-24	9.1752e+02	4.8251e-24	1.1545e+03	2.9727e-24	1.4527e+03	1.7867e-24	1.8280e+03	1.0612e-24	2.3001e+03	6.3666e-25	2.8943e+03	3.6351e-25	3.6418e+03	2.0817e-25	
0	13	1	26	4.3903e+01	4.4342e+01	1.2028e-20	5.5795e+01	1.3115e-19	7.0207e+01	1.6675e-19	8.8341e+01	1.6317e-19	1.1116e+02	1.4051e-19	1.3987e+02	1.1052e-19	1.7600e+02	8.1433e-20	2.2146e+02	5.7693e-20	2.7867e+02	3.9476e-20	3.5064e+02	2.6314e-20	4.4122e+02	1.7293e-20	5.5518e+02	1.1214e-20	6.9858e+02	7.2301e-21	8.7903e+02	4.6195e-21	1.1061e+03	2.9232e-21	1.3918e+03	1.8265e-21	1.7513e+03	1.1224e-21	2.2036e+03	6.7640e-22	2.7728e+03	3.9942e-22	3.4890e+03	2.2921e-22	4.3903e+03	1.2896e-22	
0	14	1	3	1.4669e+00	1.4816e+00	8.5522e-19	1.8643e+00	1.1935e-18	2.3458e+00	1.7141e-18	2.9518e+00	1.7407e-18	3.7142e+00	1.3865e-18	4.6736e+00	1.1339e-18	5.8808e+00	9.1295e-19	7.3997e+00	7.1298e-19	9.3111e+00	5.4595e-19	1.1716e+01	4.0308e-19	1.4742e+01	2.8395e-19	1.8550e+01	1.9042e-19	2.3342e+01	1.2258e-19	2.9371e+01	7.7114e-20	3.6958e+01	4.8596e-20	4.6504e+01	3.1778e-20	5.8516e+01	2.2678e-20	7.3630e+01	1.7907e-20	9.2649e+01	1.5439e-20	1.1658e+02	1.4204e-20	1.4669e+02	1.3662e-20	
0	14	1	4	2.2943e+00	2.3173e+00	1.5898e-19	2.9158e+00	1.4442e-19	3.6690e+00	1.1399e-19	4.6167e+00	8.9462e-20	5.8092e+00	7.1586e-20	7.3097e+00	5.6947e-20	9.1978e+00	4.4183e-20	1.1574e+01	3.2955e-20	1.4563e+01	2.3458e-20	1.8325e+01	1.5925e-20	2.3058e+01	1.0400e-20	2.9014e+01	6.6539e-21	3.6508e+01	4.3029e-21	4.5938e+01	2.9180e-21	5.7803e+01	2.1439e-21	7.2734e+01	1.7490e-21	9.1521e+01	1.5612e-21	1.1516e+02	1.4687e-21	1.4491e+02	1.4250e-21	1.8234e+02	1.4051e-21	2.2943e+02	1.4006e-21	
0	14	1	7	7.8512e+00	7.9297e+00	1.2720e-19	9.9779e+00	7.2800e-20	1.2555e+01	3.7276e-20	1.5798e+01	2.1082e-20	1.9879e+01	1.2650e-20	2.5014e+01	7.6975e-21	3.1475e+01	4.6079e-21	3.9604e+01	2.6561e-21	4.9834e+01	1.4549e-21	6.2706e+01	7.5322e-22	7.8903e+01	3.6908e-22	9.9284e+01	1.7261e-22	1.2493e+02	7.8154e-23	1.5720e+02	3.4882e-23	1.9780e+02	1.5669e-23	2.4889e+02	7.2739e-24	3.1318e+02	3.5508e-24	3.9408e+02	1.8774e-24	4.9587e+02	1.2161e-24	6.2395e+02	1.0498e-24	7.8512e+02	1.0116e-24	
0	14	1	10	9.6730e+00	9.7698e+00	2.7733e-19	1.2293e+01	1.3745e-19	1.5469e+01	5.8328e-20	1.9464e+01	2.9348e-20	2.4492e+01	1.5952e-20	3.0818e+01	8.9564e-21	3.8778e+01	5.0382e-21	4.8795e+01	2.7743e-21	6.1398e+01	1.4697e-21	7.7257e+01	7.4111e-22	9.7213e+01	3.5439e-22	1.2232e+02	1.6114e-22	1.5392e+02	7.0317e-23	1.9368e+02	2.9920e-23	2.4370e+02	1.2654e-23	3.0665e+02	5.4200e-24	3.8586e+02	2.3810e-24	4.8552e+02	1.0805e-24	6.1093e+02	5.1988e-25	7.6874e+02	3.1241e-25	9.6730e+02	2.6985e-25	
0	14	1	12	1.0109e+01	1.0210e+01	8.3619e-20	1.2847e+01	7.0350e-20	1.6166e+01	2.5953e-20	2.0341e+01	1.1864e-20	2.5595e+01	5.9958e-21	3.2207e+01	3.1840e-21	4.0526e+01	1.7208e-21	5.0993e+01	9.2409e-22	6.4165e+01	4.8377e-22	8.0739e+01	2.4344e-22	1.0159e+02	1.1681e-22	1.2784e+02	5.3322e-23	1.6085e+02	2.3260e-23	2.0240e+02	9.7965e-24	2.5468e+02	4.0568e-24	3.2047e+02	1.6816e-24	4.0325e+02	7.1007e-25	5.0740e+02	3.0777e-25	6.3847e+02	1.3823e-25	8.0338e+02	6.6967e-26	1.0109e+03	4.3801e-26	
0	14	1	13	1.8610e+01	1.8796e+01	8.0824e-20	2.3651e+01	5.0303e-20	2.9760e+01	4.8596e-20	3.7447e+01	1.0836e-20	4.7120e+01	4.0103e-21	5.9291e+01	3.7019e-21	7.4606e+01	4.3434e-21	9.3877e+01	4.5609e-21	1.1812e+02	4.0951e-21	1.4864e+02	3.2272e-21	1.8703e+02	2.3067e-21	2.3534e+02	1.5300e-21	2.9613e+02	9.5936e-22	3.7262e+02	5.7652e-22	4.6886e+02	3.3537e-22	5.8997e+02	1.8999e-22	7.4236e+02	1.0515e-22	9.3411e+02	5.6820e-23	1.1754e+03	3.1223e-23	1.4790e+03	2.1301e-23	1.8610e+03	1.7947e-23	
0	14	1	14	1.9871e+01	2.0070e+01	7.4303e-20	2.5254e+01	3.3510e-19	3.1777e+01	1.5031e-19	3.9985e+01	3.1640e-20	5.0314e+01	9.5157e-21	6.3310e+01	8.4564e-21	7.9662e+01	1.0682e-20	1.0024e+02	1.1295e-20	1.2613e+02	9.9346e-21	1.5871e+02	7.6056e-21	1.9971e+02	5.2776e-21	2.5129e+02	3.4078e-21	3.1620e+02	2.0854e-21	3.9787e+02	1.2260e-21	5.0064e+02	7.0020e-22	6.2995e+02	3.9031e-22	7.9267e+02	2.1283e-22	9.9742e+02	1.1354e-22	1.2550e+03	5.9108e-23	1.5792e+03	2.9992e-23	1.9871e+03	1.5168e-23	
0	14	1	15	2.2478e+01	2.2703e+01	8.4520e-22	2.8567e+01	2.0389e-22	3.5946e+01	5.3537e-23	4.5231e+01	4.4856e-23	5.6914e+01	4.7070e-23	7.1615e+01	5.3785e-23	9.0113e+01	5.5697e-23	1.1339e+02	4.9780e-23	1.4268e+02	3.9531e-23	1.7953e+02	2.8569e-23	2.2590e+02	1.9192e-23	2.8425e+02	1.2188e-23	3.5768e+02	7.4239e-24	4.5006e+02	4.3695e-24	5.6632e+02	2.5023e-24	7.1259e+02	1.3980e-24	8.9666e+02	7.6118e-25	1.1283e+03	4.0355e-25	1.4197e+03	2.2265e-25	1.7864e+03	2.1470e-25	2.2478e+03	2.1469e-25	
0	14	1	17	2.5570e+01	2.5826e+01	7.8086e-21	3.2497e+01	1.8133e-21	4.0891e+01	3.9551e-22	5.1453e+01	1.2952e-22	6.4743e+01	1.2803e-22	8.1466e+01	1.6413e-22	1.0251e+02	1.7068e-22	1.2899e+02	1.4769e-22	1.6230e+02	1.1170e-22	2.0423e+02	7.6824e-23	2.5698e+02	4.9275e-23	3.2335e+02	3.0006e-23	4.0688e+02	1.7570e-23	5.1197e+02	1.0006e-23	6.4421e+02	5.5634e-24	8.1061e+02	3.0261e-24	1.0200e+03	1.6103e-24	1.2835e+03	8.3611e-25	1.6150e+03	4.2251e-25	2.0321e+03	2.0859e-25	2.5570e+03	1.4756e-25	
0	14	1	18	2.5990e+01	2.6250e+01	8.2955e-20	3.3030e+01	3.0978e-20	4.1562e+01	6.3036e-21	5.2298e+01	2.0015e-21	6.5806e+01	1.8423e-21	8.2804e+01	2.3223e-21	1.0419e+02	2.4055e-21	1.3110e+02	2.0689e-21	1.6497e+02	1.5548e-21	2.0758e+02	1.0627e-21	2.6120e+02	6.7800e-22	3.2867e+02	4.1103e-22	4.1356e+02	2.3985e-22	5.2038e+02	1.3616e-22	6.5480e+02	7.5508e-23	8.2393e+02	4.0968e-23	1.0367e+03	2.1745e-23	1.3045e+03	1.1261e-23	1.6415e+03	5.6764e-24	2.0655e+03	2.7898e-24	2.5990e+03	1.8994e-24	
0	14	1	21	2.7860e+01	2.8138e+01	4.6488e-20	3.5406e+01	1.2949e-20	4.4552e+01	2.4975e-21	5.6059e+01	8.6828e-22	7.0539e+01	8.8957e-22	8.8760e+01	1.0958e-21	1.1169e+02	1.0862e-21	1.4053e+02	8.9652e-22	1.7683e+02	6.5175e-22	2.2251e+02	4.3398e-22	2.7998e+02	2.7113e-22	3.5230e+02	1.6178e-22	4.4330e+02	9.3220e-23	5.5781e+02	5.2380e-23	7.0189e+02	2.8795e-23	8.8319e+02	1.5492e-23	1.1113e+03	8.1503e-24	1.3984e+03	4.1819e-24	1.7596e+03	2.0886e-24	2.2141e+03	1.0157e-24	2.7860e+03	6.5564e-25	
0	14	1	23	2.8407e+01	2.8691e+01	1.9445e-20	3.6102e+01	3.8225e-21	4.5427e+01	7.7211e-22	5.7161e+01	3.0596e-22	7.1925e+01	3.4416e-22	9.0503e+01	4.1743e-22	1.1388e+02	4.0504e-22	1.4330e+02	3.2973e-22	1.8031e+02	2.3749e-22	2.2688e+02	1.5721e-22	2.8549e+02	9.7811e-23	3.5923e+02	5.8192e-23	4.5201e+02	3.3463e-23	5.6877e+02	1.8776e-23	7.1568e+02	1.0306e-23	9.0054e+02	5.5365e-24	1.1331e+03	2.9077e-24	1.4258e+03	1.4889e-24	1.7941e+03	7.4200e-25	2.2576e+03	3.6174e-25	2.8407e+03	2.5225e-25	
0	14	1	24	3.4965e+01	3.5315e+01	4.5271e-23	4.4437e+01	1.7412e-21	5.5914e+01	1.4135e-20	7.0357e+01	8.1138e-21	8.8530e+01	8.4988e-21	1.1140e+02	7.6877e-21	1.4017e+02	6.1838e-21	1.7638e+02	4.6300e-21	2.2194e+02	3.3048e-21	2.7926e+02	2.2705e-21	3.5140e+02	1.5265e-21	4.4216e+02	1.0087e-21	5.5637e+02	6.5973e-22	7.0008e+02	4.2714e-22	8.8091e+02	2.7353e-22	1.1084e+03	1.7327e-22	1.3948e+03	1.0819e-22	1.7550e+03	6.6373e-23	2.2083e+03	3.9968e-23	2.7788e+03	2.3502e-23	3.4965e+03	1.3596e-23	
0	14	1	25	4.0499e+01	4.0904e+01	1.0924e-20	5.1469e+01	4.3372e-21	6.4764e+01	3.9956e-21	8.1492e+01	3.9008e-21	1.0254e+02	3.4863e-21	1.2903e+02	2.8549e-21	1.6236e+02	2.2120e-21	2.0429e+02	1.6274e-21	2.5706e+02	1.1500e-21	3.2346e+02	7.9524e-22	4.0701e+02	5.3666e-22	5.1214e+02	3.5857e-22	6.4442e+02	2.3584e-22	8.1087e+02	1.5322e-22	1.0203e+03	9.8236e-23	1.2839e+03	6.1906e-23	1.6155e+03	3.8311e-23	2.0328e+03	2.3275e-23	2.5578e+03	1.3746e-23	3.2185e+03	9.1844e-24	4.0499e+03	9.1317e-24	
0	14	1	35	6.0986e+01	6.1596e+01	1.3837e-20	7.7507e+01	8.9866e-22	9.7527e+01	1.9052e-22	1.2272e+02	2.3173e-22	1.5442e+02	1.9960e-22	1.9430e+02	1.3698e-22	2.4449e+02	8.3390e-23	3.0764e+02	4.7797e-23	3.8710e+02	2.6328e-23	4.8709e+02	1.4206e-23	6.1291e+02	7.5559e-24	7.7122e+02	3.9633e-24	9.7043e+02	2.0501e-24	1.2211e+03	1.0423e-24	1.5365e+03	5.1852e-25	1.9334e+03	2.5189e-25	2.4328e+03	1.1939e-25	3.0611e+03	5.5032e-26	3.8518e+03	2.4814e-26	4.8467e+03	1.1004e-26	6.0986e+03	5.3606e-27	
0	15	1	3	5.7166e-01	5.7737e-01	1.0000e-26	7.2651e-01	1.0000e-26	9.1417e-01	1.0000e-26	1.1503e+00	1.0000e-26	1.4474e+00	1.0000e-26	1.8213e+00	1.0000e-26	2.2917e+00	1.0000e-26	2.8837e+00	1.0000e-26	3.6285e+00	1.0000e-26	4.5658e+00	1.0000e-26	5.7451e+00	1.0000e-26	7.2290e+00	1.8025e-18	9.0963e+00	9.3393e-19	1.1446e+01	3.8529e-19	1.4402e+01	1.4160e-19	1.8122e+01	4.8365e-20	2.2803e+01	1.5435e-20	2.8694e+01	4.6558e-21	3.6105e+01	1.5792e-21	4.5431e+01	9.4676e-22	5.7166e+01	9.3155e-22	
0	15	1	5	3.2930e+00	3.3260e+00	1.0000e-26	4.1851e+00	1.0000e-26	5.2661e+00	1.0000e-26	6.6263e+00	1.0000e-26	8.3378e+00	1.9213e-22	1.0491e+01	2.8293e-22	1.3201e+01	4.0365e-22	1.6611e+01	5.5385e-22	2.0902e+01	7.2604e-22	2.6301e+01	9.0527e-22	3.3095e+01	1.0708e-21	4.1643e+01	1.2004e-21	5.2399e+01	1.2742e-21	6.5934e+01	1.2775e-21	8.2965e+01	1.2052e-21	1.0439e+02	1.0694e-21	1.3136e+02	8.9894e-22	1.6529e+02	7.2260e-22	2.0798e+02	5.5570e-22	2.6171e+02	4.0929e-22	3.2930e+02	2.9280e-22	
0	15	1	7	6.9559e+00	7.0255e+00	1.0000e-26	8.8401e+00	1.0000e-26	1.1124e+01	6.8571e-19	1.3997e+01	2.2816e-19	1.7612e+01	6.0960e-20	2.2161e+01	1.5594e-20	2.7885e+01	3.8957e-21	3.5088e+01	1.0388e-21	4.4152e+01	4.2934e-22	5.5556e+01	3.1069e-22	6.9906e+01	3.1104e-22	8.7963e+01	3.1290e-22	1.1068e+02	2.7750e-22	1.3927e+02	2.1914e-22	1.7525e+02	1.5791e-22	2.2051e+02	1.0522e-22	2.7747e+02	6.5078e-23	3.4914e+02	3.8505e-23	4.3932e+02	2.2080e-23	5.5280e+02	1.2530e-23	6.9559e+02	6.9746e-24	
0	15	1	10	8.7778e+00	8.8655e+00	1.0000e-26	1.1156e+01	1.4673e-18	1.4037e+01	5.5913e-19	1.7663e+01	1.3095e-19	2.2225e+01	2.9844e-20	2.7966e+01	6.8473e-21	3.5189e+01	1.5692e-21	4.4278e+01	4.5665e-22	5.5716e+01	3.2841e-22	7.0107e+01	4.0475e-22	8.8215e+01	3.9471e-22	1.1100e+02	3.3354e-22	1.3967e+02	2.5997e-22	1.7575e+02	1.8663e-22	2.2115e+02	1.2409e-22	2.7827e+02	7.6947e-23	3.5015e+02	4.5354e-23	4.4059e+02	2.5308e-23	5.5439e+02	1.4264e-23	6.9759e+02	8.1324e-24	8.7778e+02	4.4058e-24	
0	15	1	16	2.2927e+01	2.3156e+01	9.8319e-19	2.9138e+01	7.0840e-19	3.6664e+01	1.5670e-19	4.6134e+01	5.7889e-20	5.8051e+01	5.3869e-20	7.3045e+01	6.4803e-20	9.1913e+01	6.6402e-20	1.1565e+02	5.8414e-20	1.4553e+02	4.5810e-20	1.8312e+02	3.2855e-20	2.3042e+02	2.1955e-20	2.8993e+02	1.3863e-20	3.6482e+02	8.3716e-21	4.5905e+02	4.8844e-21	5.7763e+02	2.7728e-21	7.2683e+02	1.5362e-21	9.1457e+02	8.3114e-22	1.1508e+03	4.3873e-22	1.4481e+03	2.2534e-22	1.8221e+03	1.1248e-22	2.2927e+03	6.9121e-23	
0	15	1	19	2.5582e+01	2.5838e+01	4.0212e-20	3.2512e+01	8.4649e-21	4.0909e+01	1.8169e-21	5.1476e+01	8.5515e-22	6.4772e+01	1.0464e-21	8.1503e+01	1.2083e-21	1.0256e+02	1.1535e-21	1.2905e+02	9.5645e-22	1.6238e+02	7.1409e-22	2.0432e+02	4.9152e-22	2.5710e+02	3.1741e-22	3.2350e+02	1.9481e-22	4.0706e+02	1.1501e-22	5.1221e+02	6.5905e-23	6.4451e+02	3.6854e-23	8.1099e+02	2.0130e-23	1.0205e+03	1.0747e-23	1.2840e+03	5.5915e-24	1.6157e+03	2.8291e-24	2.0331e+03	1.3914e-24	2.5582e+03	7.0605e-25	
0	15	1	24	3.4070e+01	3.4411e+01	1.0000e-26	4.3299e+01	1.0000e-26	5.4483e+01	1.0000e-26	6.8556e+01	1.4287e-20	8.6264e+01	3.9752e-22	1.0855e+02	2.0046e-22	1.3658e+02	1.6865e-22	1.7186e+02	1.1956e-22	2.1625e+02	7.4758e-23	2.7211e+02	4.3058e-23	3.4240e+02	2.3349e-23	4.3084e+02	1.2150e-23	5.4212e+02	6.3293e-24	6.8215e+02	3.3769e-24	8.5835e+02	1.7512e-24	1.0801e+03	8.5431e-25	1.3590e+03	4.3849e-25	1.7101e+03	2.1725e-25	2.1518e+03	9.9044e-26	2.7076e+03	4.9342e-26	3.4070e+03	2.1096e-26	
0	15	1	27	4.4004e+01	4.4444e+01	1.0000e-26	5.5924e+01	9.0475e-20	7.0369e+01	1.1205e-19	8.8545e+01	1.0897e-19	1.1142e+02	9.3496e-20	1.4019e+02	7.3170e-20	1.7641e+02	5.3864e-20	2.2197e+02	3.8183e-20	2.7931e+02	2.6073e-20	3.5145e+02	1.7391e-20	4.4223e+02	1.1419e-20	5.5646e+02	7.4116e-21	7.0020e+02	4.7751e-21	8.8106e+02	3.0537e-21	1.1086e+03	1.9325e-21	1.3950e+03	1.2070e-21	1.7553e+03	7.4143e-22	2.2087e+03	4.4682e-22	2.7792e+03	2.6383e-22	3.4971e+03	1.5133e-22	4.4004e+03	8.4820e-23	
0	16	1	3	4.4036e-01	4.4476e-01	1.0000e-26	5.5964e-01	1.0000e-26	7.0420e-01	1.0000e-26	8.8609e-01	1.0000e-26	1.1150e+00	1.0000e-26	1.4030e+00	1.0000e-26	1.7654e+00	1.0000e-26	2.2213e+00	1.0000e-26	2.7951e+00	1.0000e-26	3.5171e+00	1.0000e-26	4.4256e+00	1.0000e-26	5.5687e+00	2.5964e-20	7.0071e+00	2.6950e-21	8.8170e+00	3.3286e-21	1.1094e+01	4.0842e-21	1.3960e+01	3.3647e-21	1.7566e+01	2.5192e-21	2.2103e+01	1.8574e-21	2.7812e+01	1.3955e-21	3.4996e+01	1.0736e-21	4.4036e+01	8.4522e-22	
0	16	1	6	6.2320e+00	6.2944e+00	1.0000e-26	7.9202e+00	1.0000e-26	9.9660e+00	4.0370e-22	1.2540e+01	5.6717e-22	1.5779e+01	7.7268e-22	1.9855e+01	1.0117e-21	2.4984e+01	1.2653e-21	3.1437e+01	1.5059e-21	3.9557e+01	1.7021e-21	4.9775e+01	1.8244e-21	6.2631e+01	1.8501e-21	7.8809e+01	1.7688e-21	9.9165e+01	1.5918e-21	1.2478e+02	1.3543e-21	1.5701e+02	1.0988e-21	1.9757e+02	8.5326e-22	2.4860e+02	6.3507e-22	3.1281e+02	4.5720e-22	3.9361e+02	3.2045e-22	4.9528e+02	2.1973e-22	6.2320e+02	1.4811e-22	
0	16	1	7	6.8246e+00	6.8929e+00	1.0000e-26	8.6733e+00	8.7128e-20	1.0914e+01	5.8713e-22	1.3733e+01	1.8490e-21	1.7280e+01	1.3661e-21	2.1743e+01	9.0497e-22	2.7359e+01	6.1434e-22	3.4426e+01	4.3457e-22	4.3318e+01	3.2234e-22	5.4507e+01	2.4768e-22	6.8586e+01	1.9303e-22	8.6302e+01	1.5065e-22	1.0859e+02	1.1551e-22	1.3664e+02	8.6548e-23	1.7194e+02	6.3077e-23	2.1635e+02	4.4497e-23	2.7223e+02	3.0586e-23	3.4255e+02	2.0448e-23	4.3103e+02	1.3388e-23	5.4237e+02	8.6108e-24	6.8246e+02	5.4960e-24	
0	16	1	10	8.6465e+00	8.7329e+00	1.0000e-26	1.0989e+01	2.3934e-20	1.3827e+01	1.3559e-21	1.7398e+01	1.8938e-21	2.1893e+01	1.2582e-21	2.7547e+01	8.0927e-22	3.4663e+01	5.5123e-22	4.3616e+01	3.9838e-22	5.4882e+01	3.0003e-22	6.9058e+01	2.3182e-22	8.6896e+01	1.7930e-22	1.0934e+02	1.3669e-22	1.3758e+02	1.0171e-22	1.7312e+02	7.3626e-23	2.1784e+02	5.1822e-23	2.7411e+02	3.5375e-23	3.4491e+02	2.3566e-23	4.3400e+02	1.5374e-23	5.4610e+02	9.8474e-24	6.8715e+02	6.2439e-24	8.6465e+02	3.9750e-24	
0	16	1	14	1.8845e+01	1.9033e+01	1.0000e-26	2.3950e+01	3.2685e-19	3.0136e+01	8.6749e-20	3.7920e+01	2.4727e-20	4.7714e+01	1.4788e-20	6.0039e+01	1.8189e-20	7.5547e+01	2.1267e-20	9.5061e+01	2.0902e-20	1.1961e+02	1.7904e-20	1.5051e+02	1.3810e-20	1.8939e+02	9.7980e-21	2.3831e+02	6.5019e-21	2.9986e+02	4.0867e-21	3.7732e+02	2.4610e-21	4.7478e+02	1.4332e-21	5.9741e+02	8.1267e-22	7.5172e+02	4.4951e-22	9.4589e+02	2.4284e-22	1.1902e+03	1.2788e-22	1.4976e+03	6.5484e-23	1.8845e+03	3.2576e-23	
0	16	1	15	2.1452e+01	2.1666e+01	1.0000e-26	2.7263e+01	3.5394e-20	3.4304e+01	9.0575e-21	4.3165e+01	3.7181e-21	5.4315e+01	3.4053e-21	6.8344e+01	4.1207e-21	8.5997e+01	4.3745e-21	1.0821e+02	3.9750e-21	1.3616e+02	3.2049e-21	1.7133e+02	2.3545e-21	2.1559e+02	1.6061e-21	2.7127e+02	1.0321e-21	3.4134e+02	6.3235e-22	4.2951e+02	3.7325e-22	5.4045e+02	2.1396e-22	6.8005e+02	1.1955e-22	8.5571e+02	6.5233e-23	1.0767e+03	3.4733e-23	1.3549e+03	1.8001e-23	1.7048e+03	9.0657e-24	2.1452e+03	4.4381e-24	
0	16	1	17	2.4544e+01	2.4789e+01	1.4171e-18	3.1192e+01	9.8937e-19	3.9249e+01	2.3845e-19	4.9387e+01	1.1923e-19	6.2144e+01	1.3536e-19	7.8195e+01	1.5653e-19	9.8393e+01	1.5208e-19	1.2381e+02	1.2849e-19	1.5579e+02	9.7729e-20	1.9603e+02	6.8453e-20	2.4666e+02	4.4905e-20	3.1037e+02	2.7952e-20	3.9054e+02	1.6698e-20	4.9142e+02	9.6609e-21	6.1835e+02	5.4459e-21	7.7807e+02	2.9965e-21	9.7905e+02	1.6104e-21	1.2319e+03	8.4354e-22	1.5501e+03	4.2969e-22	1.9505e+03	2.1271e-22	2.4544e+03	1.2115e-22	
0	16	1	18	2.4964e+01	2.5213e+01	2.0724e-19	3.1726e+01	5.4592e-20	3.9921e+01	1.8313e-20	5.0232e+01	1.3232e-20	6.3207e+01	1.6165e-20	7.9533e+01	1.8159e-20	1.0008e+02	1.7288e-20	1.2593e+02	1.4455e-20	1.5845e+02	1.0938e-20	1.9938e+02	7.6420e-21	2.5088e+02	5.0078e-21	3.1568e+02	3.1167e-21	3.9722e+02	1.8625e-21	4.9983e+02	1.0782e-21	6.2893e+02	6.0790e-22	7.9139e+02	3.3450e-22	9.9580e+02	1.7968e-22	1.2530e+03	9.4034e-23	1.5767e+03	4.7844e-23	1.9839e+03	2.3653e-23	2.4964e+03	1.4942e-23	
0	16	1	24	3.3939e+01	3.4278e+01	1.0000e-26	4.3132e+01	1.0000e-26	5.4273e+01	1.0000e-26	6.8291e+01	9.1301e-22	8.5931e+01	2.6610e-22	1.0813e+02	1.3144e-22	1.3606e+02	7.6832e-23	1.7120e+02	4.7043e-23	2.1542e+02	2.9135e-23	2.7106e+02	1.7929e-23	3.4108e+02	1.0967e-23	4.2918e+02	6.6517e-24	5.4004e+02	4.0158e-24	6.7953e+02	2.4246e-24	8.5505e+02	1.4797e-24	1.0759e+03	9.1513e-25	1.3538e+03	5.5702e-25	1.7035e+03	3.2913e-25	2.1435e+03	1.9782e-25	2.6972e+03	1.1527e-25	3.3939e+03	6.5164e-26	
0	16	1	28	4.6987e+01	4.7457e+01	9.3883e-20	5.9715e+01	1.5591e-19	7.5139e+01	1.7153e-19	9.4548e+01	1.5884e-19	1.1897e+02	1.3219e-19	1.4970e+02	1.0123e-19	1.8837e+02	7.3512e-20	2.3702e+02	5.1553e-20	2.9824e+02	3.4885e-20	3.7528e+02	2.3172e-20	4.7221e+02	1.5149e-20	5.9419e+02	9.8225e-21	7.4766e+02	6.3117e-21	9.4079e+02	4.0279e-21	1.1838e+03	2.5425e-21	1.4896e+03	1.5814e-21	1.8743e+03	9.6643e-22	2.3585e+03	5.7916e-22	2.9676e+03	3.3883e-22	3.7342e+03	1.9320e-22	4.6987e+03	1.0804e-22	
0	17	1	3	2.9921e-02	3.0220e-02	1.0000e-26	3.8026e-02	1.0000e-26	4.7847e-02	1.0000e-26	6.0206e-02	1.0000e-26	7.5758e-02	1.0000e-26	9.5326e-02	1.0000e-26	1.1995e-01	1.0000e-26	1.5093e-01	1.0000e-26	1.8992e-01	1.0000e-26	2.3897e-01	1.0000e-26	3.0070e-01	1.0000e-26	3.7837e-01	1.0000e-26	4.7610e-01	1.0000e-26	5.9908e-01	1.0000e-26	7.5382e-01	1.0000e-26	9.4853e-01	1.0000e-26	1.1935e+00	1.0000e-26	1.5018e+00	1.0000e-26	1.8897e+00	1.0000e-26	2.3779e+00	1.0000e-26	2.9921e+00	1.0000e-26	
0	17	1	7	6.4142e+00	6.4783e+00	1.0000e-26	8.1516e+00	1.8746e-18	1.0257e+01	4.6848e-19	1.2907e+01	1.1347e-19	1.6240e+01	2.8293e-20	2.0435e+01	7.2350e-21	2.5714e+01	1.8527e-21	3.2356e+01	4.8180e-22	4.0713e+01	1.6350e-22	5.1229e+01	1.1232e-22	6.4462e+01	1.1558e-22	8.1112e+01	1.1603e-22	1.0206e+02	1.0415e-22	1.2843e+02	8.4141e-23	1.6160e+02	6.2192e-23	2.0334e+02	4.2524e-23	2.5586e+02	2.7108e-23	3.2195e+02	1.6260e-23	4.0511e+02	9.3279e-24	5.0975e+02	5.2692e-24	6.4142e+02	2.9866e-24	
0	17	1	8	6.7582e+00	6.8258e+00	1.0000e-26	8.5889e+00	1.0000e-26	1.0807e+01	3.2304e-22	1.3599e+01	4.4851e-22	1.7112e+01	6.0058e-22	2.1532e+01	7.7105e-22	2.7093e+01	9.4463e-22	3.4091e+01	1.1012e-21	4.2897e+01	1.2195e-21	5.3977e+01	1.2809e-21	6.7919e+01	1.2718e-21	8.5463e+01	1.1893e-21	1.0754e+02	1.0477e-21	1.3532e+02	8.7553e-22	1.7027e+02	6.9961e-22	2.1425e+02	5.3489e-22	2.6959e+02	3.9280e-22	3.3922e+02	2.8011e-22	4.2684e+02	1.9455e-22	5.3709e+02	1.3261e-22	6.7582e+02	8.8834e-23	
0	17	1	10	8.2360e+00	8.3184e+00	1.0000e-26	1.0467e+01	1.4848e-18	1.3171e+01	2.8515e-19	1.6573e+01	5.7911e-20	2.0853e+01	1.2688e-20	2.6240e+01	2.8928e-21	3.3017e+01	6.9391e-22	4.1546e+01	2.2487e-22	5.2277e+01	1.3874e-22	6.5780e+01	1.3570e-22	8.2771e+01	1.3492e-22	1.0415e+02	1.2036e-22	1.3105e+02	9.6528e-23	1.6490e+02	7.0759e-23	2.0750e+02	4.7984e-23	2.6109e+02	3.0351e-23	3.2854e+02	1.8093e-23	4.1340e+02	1.0352e-23	5.2018e+02	5.8429e-24	6.5454e+02	3.2929e-24	8.2360e+02	1.7949e-24	
0	17	1	16	2.2385e+01	2.2609e+01	2.3920e-21	2.8449e+01	6.5143e-21	3.5798e+01	1.6605e-21	4.5044e+01	7.3296e-22	5.6679e+01	7.1081e-22	7.1319e+01	8.4534e-22	8.9741e+01	8.6989e-22	1.1292e+02	7.7201e-22	1.4209e+02	6.1136e-22	1.7879e+02	4.4283e-22	2.2497e+02	2.9865e-22	2.8308e+02	1.9017e-22	3.5620e+02	1.1570e-22	4.4821e+02	6.7924e-23	5.6398e+02	3.8754e-23	7.0965e+02	2.1564e-23	8.9296e+02	1.1713e-23	1.1236e+03	6.2060e-24	1.4138e+03	3.1996e-24	1.7790e+03	1.6031e-24	2.2385e+03	8.8220e-25	
0	17	1	19	2.5040e+01	2.5291e+01	5.4972e-19	3.1823e+01	3.6049e-19	4.0043e+01	9.0503e-20	5.0386e+01	5.0088e-20	6.3401e+01	5.8336e-20	7.9777e+01	6.6265e-20	1.0038e+02	6.3451e-20	1.2631e+02	5.3069e-20	1.5894e+02	4.0056e-20	1.9999e+02	2.7888e-20	2.5165e+02	1.8204e-20	3.1665e+02	1.1287e-20	3.9844e+02	6.7226e-21	5.0136e+02	3.8806e-21	6.3086e+02	2.1831e-21	7.9381e+02	1.1988e-21	9.9885e+02	6.4303e-22	1.2569e+03	3.3605e-22	1.5815e+03	1.7075e-22	1.9900e+03	8.4319e-23	2.5040e+03	4.7891e-23	
0	17	1	24	3.3528e+01	3.3863e+01	1.0000e-26	4.2610e+01	1.0000e-26	5.3617e+01	1.0000e-26	6.7466e+01	5.5031e-21	8.4892e+01	1.4325e-22	1.0682e+02	7.2378e-23	1.3441e+02	6.0893e-23	1.6913e+02	4.2916e-23	2.1281e+02	2.6844e-23	2.6778e+02	1.5516e-23	3.3695e+02	8.4513e-24	4.2399e+02	4.4164e-24	5.3350e+02	2.2928e-24	6.7131e+02	1.2187e-24	8.4471e+02	6.3931e-25	1.0629e+03	3.1375e-25	1.3374e+03	1.5770e-25	1.6829e+03	8.0538e-26	2.1176e+03	3.5920e-26	2.6646e+03	1.8310e-26	3.3528e+03	7.5145e-27	
0	17	1	30	4.7453e+01	4.7928e+01	6.6490e-20	6.0307e+01	1.0605e-19	7.5885e+01	1.1473e-19	9.5485e+01	1.0544e-19	1.2015e+02	8.7301e-20	1.5118e+02	6.6592e-20	1.9023e+02	4.8279e-20	2.3937e+02	3.3807e-20	3.0120e+02	2.2839e-20	3.7900e+02	1.5163e-20	4.7690e+02	9.9035e-21	6.0008e+02	6.4214e-21	7.5508e+02	4.1236e-21	9.5012e+02	2.6308e-21	1.1955e+03	1.6600e-21	1.5043e+03	1.0318e-21	1.8929e+03	6.3008e-22	2.3818e+03	3.7729e-22	2.9971e+03	2.2045e-22	3.7712e+03	1.2556e-22	4.7453e+03	7.0154e-23	
0	18	1	3	4.1395e+00	4.1809e+00	8.2704e-18	5.2608e+00	3.4500e-18	6.6197e+00	7.2882e-19	8.3296e+00	2.2882e-19	1.0481e+01	9.2572e-20	1.3188e+01	4.4941e-20	1.6595e+01	2.4766e-20	2.0881e+01	1.4888e-20	2.6275e+01	9.3773e-21	3.3062e+01	5.9732e-21	4.1602e+01	3.7272e-21	5.2347e+01	2.2233e-21	6.5869e+01	1.2441e-21	8.2882e+01	6.4664e-22	1.0429e+02	3.1217e-22	1.3123e+02	1.4111e-22	1.6513e+02	6.0512e-23	2.0778e+02	2.5326e-23	2.6145e+02	1.0552e-23	3.2898e+02	4.4791e-24	4.1395e+02	1.9745e-24	
0	18	1	7	6.1277e+00	6.1889e+00	1.0000e-26	7.7875e+00	6.3157e-18	9.7991e+00	1.9521e-19	1.2330e+01	3.1801e-20	1.5515e+01	9.9070e-21	1.9523e+01	4.4483e-21	2.4565e+01	2.5244e-21	3.0910e+01	1.6731e-21	3.8894e+01	1.2294e-21	4.8941e+01	9.6655e-22	6.1582e+01	7.9256e-22	7.7489e+01	6.6101e-22	9.7504e+01	5.4822e-22	1.2269e+02	4.4551e-22	1.5438e+02	3.5275e-22	1.9426e+02	2.7070e-22	2.4443e+02	2.0031e-22	3.0757e+02	1.4377e-22	3.8701e+02	1.0064e-22	4.8698e+02	6.8962e-23	6.1277e+02	4.6471e-23	
0	18	1	10	7.9495e+00	8.0290e+00	1.0000e-26	1.0103e+01	5.5635e-18	1.2712e+01	2.2898e-19	1.5996e+01	4.4866e-20	2.0128e+01	1.5687e-20	2.5327e+01	7.3044e-21	3.1869e+01	3.9178e-21	4.0101e+01	2.2120e-21	5.0458e+01	1.2410e-21	6.3492e+01	6.6731e-22	7.9892e+01	3.3687e-22	1.0053e+02	1.5866e-22	1.2649e+02	7.0076e-23	1.5917e+02	2.9400e-23	2.0028e+02	1.1988e-23	2.5201e+02	4.8832e-24	3.1711e+02	2.0229e-24	3.9902e+02	8.6685e-25	5.0208e+02	3.8480e-25	6.3177e+02	1.7447e-25	7.9495e+02	7.9135e-26	
0	18	1	13	1.6887e+01	1.7055e+01	1.0000e-26	2.1461e+01	1.2535e-20	2.7004e+01	8.4439e-21	3.3979e+01	3.9376e-21	4.2756e+01	1.3714e-21	5.3800e+01	1.2000e-21	6.7697e+01	1.4589e-21	8.5182e+01	1.5635e-21	1.0719e+02	1.4341e-21	1.3487e+02	1.1647e-21	1.6971e+02	8.6012e-22	2.1354e+02	5.8910e-22	2.6870e+02	3.7984e-22	3.3811e+02	2.3342e-22	4.2544e+02	1.3816e-22	5.3533e+02	7.9394e-23	6.7361e+02	4.4473e-23	8.4760e+02	2.4315e-23	1.0665e+03	1.2971e-23	1.3420e+03	6.7349e-24	1.6887e+03	3.3981e-24	
0	18	1	14	1.8148e+01	1.8329e+01	1.0000e-26	2.3064e+01	1.2410e-19	2.9021e+01	3.6011e-20	3.6517e+01	2.1312e-20	4.5950e+01	6.9377e-21	5.7819e+01	6.9092e-21	7.2753e+01	8.3991e-21	9.1545e+01	8.6592e-21	1.1519e+02	7.6421e-21	1.4495e+02	5.9976e-21	1.8238e+02	4.2981e-21	2.2949e+02	2.8700e-21	2.8877e+02	1.8107e-21	3.6336e+02	1.0932e-21	4.5722e+02	6.3773e-22	5.7532e+02	3.6224e-22	7.2392e+02	2.0077e-22	9.1091e+02	1.0871e-22	1.1462e+03	5.7416e-23	1.4423e+03	2.9506e-23	1.8148e+03	1.4734e-23	
0	18	1	17	2.3847e+01	2.4085e+01	6.5156e-20	3.0306e+01	1.7546e-20	3.8134e+01	5.2712e-21	4.7985e+01	3.1019e-21	6.0379e+01	3.6959e-21	7.5975e+01	4.3418e-21	9.5599e+01	4.2933e-21	1.2029e+02	3.6898e-21	1.5136e+02	2.8468e-21	1.9046e+02	2.0176e-21	2.3966e+02	1.3368e-21	3.0156e+02	8.3905e-22	3.7945e+02	5.0479e-22	4.7746e+02	2.9378e-22	6.0079e+02	1.6647e-22	7.5598e+02	9.2035e-23	9.5125e+02	4.9678e-23	1.1970e+03	2.6138e-23	1.5061e+03	1.3372e-23	1.8952e+03	6.6474e-24	2.3847e+03	4.0050e-24	
0	18	1	18	2.4267e+01	2.4509e+01	5.5643e-19	3.0840e+01	3.8685e-19	3.8806e+01	8.9235e-20	4.8830e+01	3.9348e-20	6.1442e+01	4.2824e-20	7.7313e+01	5.0642e-20	9.7283e+01	5.0133e-20	1.2241e+02	4.2844e-20	1.5403e+02	3.2786e-20	1.9382e+02	2.3032e-20	2.4388e+02	1.5133e-20	3.0687e+02	9.4271e-21	3.8614e+02	5.6350e-21	4.8587e+02	3.2618e-21	6.1137e+02	1.8398e-21	7.6929e+02	1.0131e-21	9.6800e+02	5.4483e-22	1.2180e+03	2.8565e-22	1.5326e+03	1.4566e-22	1.9285e+03	7.2179e-23	2.4267e+03	4.1056e-23	
0	18	1	21	2.6136e+01	2.6397e+01	5.0631e-20	3.3216e+01	1.1711e-20	4.1795e+01	3.1595e-21	5.2591e+01	2.0305e-21	6.6175e+01	2.5421e-21	8.3268e+01	2.8604e-21	1.0478e+02	2.6889e-21	1.3184e+02	2.2086e-21	1.6589e+02	1.6383e-21	2.0875e+02	1.1228e-21	2.6266e+02	7.2312e-22	3.3051e+02	4.4336e-22	4.1588e+02	2.6173e-22	5.2330e+02	1.5001e-22	6.5847e+02	8.3885e-23	8.2855e+02	4.5810e-23	1.0426e+03	2.4430e-23	1.3119e+03	1.2691e-23	1.6507e+03	6.4095e-24	2.0771e+03	3.1465e-24	2.6136e+03	1.7336e-24	
0	18	1	24	3.3242e+01	3.3574e+01	1.0000e-26	4.2246e+01	1.0000e-26	5.3158e+01	1.0000e-26	6.6889e+01	1.0811e-20	8.4166e+01	1.4492e-21	1.0591e+02	3.8270e-22	1.3326e+02	1.0998e-22	1.6768e+02	3.2135e-23	2.1100e+02	9.5772e-24	2.6550e+02	3.0027e-24	3.3407e+02	1.0098e-24	4.2037e+02	3.6967e-25	5.2895e+02	1.4654e-25	6.6557e+02	6.1137e-26	8.3749e+02	2.6064e-26	1.0538e+03	1.1035e-26	1.3260e+03	4.5166e-27	1.6685e+03	1.7696e-27	2.0995e+03	6.6279e-28	2.6418e+03	2.3422e-28	3.3242e+03	8.0775e-29	
0	18	1	29	4.6619e+01	4.7085e+01	5.6934e-20	5.9247e+01	9.9626e-20	7.4550e+01	1.1229e-19	9.3806e+01	1.0573e-19	1.1804e+02	8.8918e-20	1.4853e+02	6.8435e-20	1.8689e+02	4.9817e-20	2.3516e+02	3.4974e-20	2.9590e+02	2.3657e-20	3.7234e+02	1.5707e-20	4.6851e+02	1.0264e-20	5.8953e+02	6.6530e-21	7.4180e+02	4.2743e-21	9.3341e+02	2.7281e-21	1.1745e+03	1.7223e-21	1.4779e+03	1.0715e-21	1.8596e+03	6.5508e-22	2.3400e+03	3.9281e-22	2.9444e+03	2.3002e-22	3.7049e+03	1.3124e-22	4.6619e+03	7.3443e-23	
0	19	1	3	4.0227e+00	4.0629e+00	1.4549e-17	5.1124e+00	3.8309e-19	6.4329e+00	3.1398e-20	8.0945e+00	4.2426e-21	1.0185e+01	7.5690e-22	1.2816e+01	1.6335e-22	1.6127e+01	3.8753e-23	2.0292e+01	1.0445e-23	2.5534e+01	3.1571e-24	3.2129e+01	1.1141e-24	4.0428e+01	4.8551e-25	5.0870e+01	2.1237e-25	6.4010e+01	1.0200e-25	8.0543e+01	4.7317e-26	1.0135e+02	1.9881e-26	1.2753e+02	7.4957e-27	1.6047e+02	2.5138e-27	2.0191e+02	7.0249e-28	2.5407e+02	1.7327e-28	3.1969e+02	4.0254e-29	4.0227e+02	1.0219e-29	
0	19	1	7	6.0108e+00	6.0709e+00	1.0000e-26	7.6391e+00	6.1817e-18	9.6122e+00	2.6022e-20	1.2095e+01	1.1806e-21	1.5219e+01	1.1983e-22	1.9150e+01	1.7956e-23	2.4097e+01	3.5667e-24	3.0321e+01	8.9188e-25	3.8153e+01	2.8799e-25	4.8008e+01	1.1860e-25	6.0408e+01	4.9886e-26	7.6011e+01	2.2347e-26	9.5645e+01	9.4650e-27	1.2035e+02	3.5823e-27	1.5144e+02	1.2165e-27	1.9055e+02	3.4009e-28	2.3977e+02	8.7353e-29	3.0170e+02	2.0092e-29	3.7964e+02	4.8361e-30	4.7769e+02	1.0391e-30	6.0108e+02	2.4725e-31	
0	19	1	9	6.9835e+00	7.0533e+00	1.0000e-26	8.8751e+00	1.0000e-26	1.1168e+01	3.5681e-22	1.4052e+01	4.9114e-22	1.7682e+01	6.5207e-22	2.2249e+01	8.2943e-22	2.7996e+01	1.0063e-21	3.5227e+01	1.1615e-21	4.4326e+01	1.2740e-21	5.5776e+01	1.3255e-21	7.0183e+01	1.3037e-21	8.8311e+01	1.2076e-21	1.1112e+02	1.0543e-21	1.3982e+02	8.7429e-22	1.7594e+02	6.9363e-22	2.2139e+02	5.2656e-22	2.7857e+02	3.8457e-22	3.5052e+02	2.7305e-22	4.4106e+02	1.8896e-22	5.5499e+02	1.2848e-22	6.9835e+02	8.5871e-23	
0	19	1	10	7.8327e+00	7.9110e+00	1.0000e-26	9.9544e+00	9.7349e-19	1.2526e+01	5.7981e-21	1.5761e+01	3.0629e-22	1.9832e+01	3.3705e-23	2.4955e+01	5.4709e-24	3.1400e+01	1.2170e-24	3.9511e+01	3.6640e-25	4.9717e+01	1.3865e-25	6.2559e+01	5.6907e-26	7.8718e+01	2.4777e-26	9.9050e+01	1.0074e-26	1.2463e+02	3.7020e-27	1.5683e+02	1.2102e-27	1.9734e+02	3.4057e-28	2.4831e+02	8.4841e-29	3.1245e+02	2.0038e-29	3.9315e+02	4.4709e-30	4.9470e+02	1.0359e-30	6.2248e+02	1.3062e-31	7.8327e+02	5.3378e-33	
0	19	1	20	2.5280e+01	2.5532e+01	4.5309e-19	3.2127e+01	2.9225e-19	4.0426e+01	7.3145e-20	5.0868e+01	4.1559e-20	6.4007e+01	4.8733e-20	8.0540e+01	5.4940e-20	1.0134e+02	5.2243e-20	1.2752e+02	4.3447e-20	1.6046e+02	3.2638e-20	2.0191e+02	2.2635e-20	2.5406e+02	1.4729e-20	3.1968e+02	9.1098e-21	4.0225e+02	5.4157e-21	5.0615e+02	3.1219e-21	6.3689e+02	1.7542e-21	8.0140e+02	9.6220e-22	1.0084e+03	5.1552e-22	1.2689e+03	2.6908e-22	1.5966e+03	1.3655e-22	2.0090e+03	6.7344e-23	2.5280e+03	3.8157e-23	
0	19	1	24	3.3125e+01	3.3456e+01	1.0000e-26	4.2098e+01	1.0000e-26	5.2971e+01	1.0000e-26	6.6654e+01	1.3804e-23	8.3871e+01	2.3311e-25	1.0553e+02	3.2561e-26	1.3279e+02	7.3075e-27	1.6709e+02	1.6871e-27	2.1025e+02	3.5922e-28	2.6456e+02	6.6742e-29	3.3290e+02	1.1429e-29	4.1889e+02	2.1737e-30	5.2709e+02	4.6385e-31	6.6323e+02	9.7084e-32	8.3454e+02	2.1538e-32	1.0501e+03	1.1535e-32	1.3213e+03	3.7161e-33	1.6627e+03	1.3648e-33	2.0921e+03	2.7078e-34	2.6325e+03	1.2189e-34	3.3125e+03	1.1755e-34	
0	19	1	31	4.7702e+01	4.8179e+01	6.9792e-20	6.0624e+01	1.0838e-19	7.6283e+01	1.1589e-19	9.5987e+01	1.0586e-19	1.2078e+02	8.7339e-20	1.5198e+02	6.6461e-20	1.9123e+02	4.8088e-20	2.4063e+02	3.3613e-20	3.0278e+02	2.2679e-20	3.8099e+02	1.5043e-20	4.7940e+02	9.8193e-21	6.0323e+02	6.3644e-21	7.5904e+02	4.0859e-21	9.5510e+02	2.6057e-21	1.2018e+03	1.6435e-21	1.5122e+03	1.0212e-21	1.9028e+03	6.2332e-22	2.3943e+03	3.7301e-22	3.0128e+03	2.1781e-22	3.7910e+03	1.2399e-22	4.7702e+03	6.9234e-23	
0	20	1	3	3.7798e+00	3.8176e+00	1.4804e-17	4.8037e+00	3.7650e-18	6.0445e+00	6.8323e-19	7.6058e+00	1.9728e-19	9.5703e+00	7.5223e-20	1.2042e+01	3.4806e-20	1.5153e+01	1.8499e-20	1.9067e+01	1.0837e-20	2.3992e+01	6.7316e-21	3.0189e+01	4.2819e-21	3.7987e+01	2.7008e-21	4.7799e+01	1.6432e-21	6.0145e+01	9.4566e-22	7.5680e+01	5.0713e-22	9.5229e+01	2.5251e-22	1.1983e+02	1.1729e-22	1.5078e+02	5.1386e-23	1.8972e+02	2.1736e-23	2.3873e+02	9.0490e-24	3.0039e+02	3.8095e-24	3.7798e+02	1.6559e-24	
0	20	1	7	5.7680e+00	5.8256e+00	1.0000e-26	7.3304e+00	1.0000e-26	9.2238e+00	4.9791e-19	1.1606e+01	6.6805e-20	1.4604e+01	1.8643e-20	1.8376e+01	7.5748e-21	2.3123e+01	3.7932e-21	2.9096e+01	2.1273e-21	3.6611e+01	1.2467e-21	4.6068e+01	7.2669e-22	5.7967e+01	4.0711e-22	7.2940e+01	2.1451e-22	9.1780e+01	1.0528e-22	1.1549e+02	4.8247e-23	1.4532e+02	2.0846e-23	1.8285e+02	8.6472e-24	2.3008e+02	3.5443e-24	2.8951e+02	1.4635e-24	3.6430e+02	6.2193e-25	4.5839e+02	2.7436e-25	5.7680e+02	1.2444e-25	
0	20	1	10	7.5898e+00	7.6657e+00	1.0000e-26	9.6458e+00	3.3843e-18	1.2137e+01	7.9529e-20	1.5272e+01	1.3988e-20	1.9217e+01	4.9007e-21	2.4181e+01	2.5374e-21	3.0427e+01	1.6870e-21	3.8286e+01	1.3091e-21	4.8175e+01	1.1072e-21	6.0619e+01	9.7245e-22	7.6277e+01	8.5633e-22	9.5979e+01	7.3739e-22	1.2077e+02	6.1372e-22	1.5196e+02	4.9338e-22	1.9122e+02	3.8254e-22	2.4061e+02	2.8482e-22	3.0276e+02	2.0533e-22	3.8096e+02	1.4428e-22	4.7936e+02	9.9022e-23	6.0318e+02	6.6919e-23	7.5898e+02	4.4477e-23	
0	20	1	13	1.6527e+01	1.6692e+01	1.0000e-26	2.1004e+01	2.0350e-21	2.6429e+01	1.8514e-20	3.3255e+01	4.7851e-21	4.1845e+01	1.6825e-21	5.2654e+01	1.4407e-21	6.6254e+01	1.7982e-21	8.3368e+01	1.9536e-21	1.0490e+02	1.8081e-21	1.3200e+02	1.4791e-21	1.6609e+02	1.0991e-21	2.0899e+02	7.5657e-22	2.6298e+02	4.8977e-22	3.3090e+02	3.0185e-22	4.1638e+02	1.7904e-22	5.2393e+02	1.0305e-22	6.5926e+02	5.7816e-23	8.2954e+02	3.1661e-23	1.0438e+03	1.6924e-23	1.3134e+03	8.8079e-24	1.6527e+03	4.4547e-24	
0	20	1	14	1.7788e+01	1.7966e+01	1.0000e-26	2.2607e+01	1.0000e-26	2.8446e+01	1.8818e-20	3.5794e+01	8.2938e-21	4.5039e+01	3.2580e-21	5.6673e+01	3.0654e-21	7.1311e+01	3.6530e-21	8.9731e+01	3.7845e-21	1.1291e+02	3.3682e-21	1.4207e+02	2.6674e-21	1.7877e+02	1.9290e-21	2.2495e+02	1.2983e-21	2.8305e+02	8.2491e-22	3.5616e+02	5.0090e-22	4.4816e+02	2.9361e-22	5.6391e+02	1.6736e-22	7.0957e+02	9.3047e-23	8.9285e+02	5.0525e-23	1.1235e+03	2.6761e-23	1.4137e+03	1.3792e-23	1.7788e+03	6.9074e-24	
0	20	1	18	2.3907e+01	2.4146e+01	4.6093e-20	3.0383e+01	1.2904e-20	3.8231e+01	4.1544e-21	4.8106e+01	2.9313e-21	6.0532e+01	3.6736e-21	7.6167e+01	4.2253e-21	9.5841e+01	4.1169e-21	1.2060e+02	3.5138e-21	1.5175e+02	2.7051e-21	1.9094e+02	1.9174e-21	2.4026e+02	1.2718e-21	3.0232e+02	7.9932e-22	3.8041e+02	4.8157e-22	4.7867e+02	2.8064e-22	6.0231e+02	1.5924e-22	7.5789e+02	8.8104e-23	9.5365e+02	4.7609e-23	1.2000e+03	2.5066e-23	1.5099e+03	1.2831e-23	1.8999e+03	6.3800e-24	2.3907e+03	3.4901e-24	
0	20	1	21	2.5776e+01	2.6034e+01	3.7621e-19	3.2759e+01	2.4736e-19	4.1220e+01	6.5563e-20	5.1867e+01	4.0928e-20	6.5265e+01	4.9006e-20	8.2122e+01	5.4713e-20	1.0333e+02	5.1536e-20	1.3003e+02	4.2539e-20	1.6361e+02	3.1752e-20	2.0587e+02	2.1898e-20	2.5905e+02	1.4185e-20	3.2596e+02	8.7412e-21	4.1016e+02	5.1821e-21	5.1610e+02	2.9804e-21	6.4941e+02	1.6714e-21	8.1715e+02	9.1507e-22	1.0282e+03	4.8926e-22	1.2938e+03	2.5479e-22	1.6280e+03	1.2898e-22	2.0485e+03	6.3463e-23	2.5776e+03	3.5744e-23	
0	20	1	24	3.2882e+01	3.3211e+01	1.0000e-26	4.1789e+01	1.0000e-26	5.2583e+01	1.0000e-26	6.6165e+01	8.2728e-21	8.3256e+01	9.3585e-22	1.0476e+02	2.4355e-22	1.3182e+02	7.0049e-23	1.6587e+02	2.0520e-23	2.0871e+02	6.1312e-24	2.6262e+02	1.9230e-24	3.3046e+02	6.4545e-25	4.1582e+02	2.3563e-25	5.2322e+02	9.3139e-26	6.5837e+02	3.8780e-26	8.2843e+02	1.6610e-26	1.0424e+03	7.0012e-27	1.3117e+03	2.8709e-27	1.6505e+03	1.1255e-27	2.0768e+03	4.2349e-28	2.6132e+03	1.4937e-28	3.2882e+03	5.1590e-29	
0	20	1	32	4.8152e+01	4.8633e+01	7.0509e-20	6.1195e+01	1.0664e-19	7.7002e+01	1.1374e-19	9.6892e+01	1.0405e-19	1.2192e+02	8.5855e-20	1.5341e+02	6.5305e-20	1.9304e+02	4.7261e-20	2.4290e+02	3.3018e-20	3.0564e+02	2.2261e-20	3.8458e+02	1.4766e-20	4.8392e+02	9.6327e-21	6.0892e+02	6.2451e-21	7.6620e+02	4.0079e-21	9.6411e+02	2.5551e-21	1.2131e+03	1.6113e-21	1.5265e+03	1.0006e-21	1.9208e+03	6.1022e-22	2.4169e+03	3.6491e-22	3.0412e+03	2.1279e-22	3.8267e+03	1.2104e-22	4.8152e+03	6.7525e-23	
0	21	1	3	3.7157e+00	3.7529e+00	1.0811e-17	4.7222e+00	6.7357e-19	5.9420e+00	4.8016e-20	7.4768e+00	6.0429e-21	9.4080e+00	1.0368e-21	1.1838e+01	2.1626e-22	1.4896e+01	5.0791e-23	1.8743e+01	1.3399e-23	2.3585e+01	3.9264e-24	2.9677e+01	1.3136e-24	3.7342e+01	5.3399e-25	4.6988e+01	2.3769e-25	5.9125e+01	1.1111e-25	7.4397e+01	5.2357e-26	9.3613e+01	2.2890e-26	1.1779e+02	9.0693e-27	1.4822e+02	3.2252e-27	1.8650e+02	1.1293e-27	2.3468e+02	2.5068e-28	2.9530e+02	5.7880e-29	3.7157e+02	1.3738e-29	
0	21	1	7	5.7038e+00	5.7609e+00	1.0000e-26	7.2489e+00	1.0000e-26	9.1213e+00	4.4956e-20	1.1477e+01	1.6412e-21	1.4442e+01	1.5192e-22	1.8172e+01	2.1847e-23	2.2866e+01	4.1753e-24	2.8772e+01	1.0025e-24	3.6204e+01	3.0650e-25	4.5556e+01	1.2184e-25	5.7323e+01	5.0486e-26	7.2129e+01	2.2792e-26	9.0760e+01	9.8106e-27	1.1420e+02	3.8206e-27	1.4370e+02	1.3372e-27	1.8082e+02	4.5052e-28	2.2753e+02	1.0692e-28	2.8630e+02	2.4162e-29	3.6025e+02	5.6351e-30	4.5330e+02	1.3935e-30	5.7038e+02	4.5501e-31	
0	21	1	10	7.5257e+00	7.6010e+00	1.0000e-26	9.5643e+00	2.4885e-18	1.2035e+01	7.9550e-21	1.5143e+01	3.6959e-22	1.9055e+01	3.8391e-23	2.3977e+01	6.0337e-24	3.0170e+01	1.2930e-24	3.7963e+01	3.7160e-25	4.7768e+01	1.3653e-25	6.0107e+01	5.5724e-26	7.5632e+01	2.4372e-26	9.5168e+01	1.0110e-26	1.1975e+02	3.7565e-27	1.5068e+02	1.2974e-27	1.8960e+02	3.9303e-28	2.3858e+02	9.3447e-29	3.0020e+02	2.1492e-29	3.7774e+02	4.9206e-30	4.7531e+02	1.1424e-30	5.9809e+02	2.8382e-31	7.5257e+02	7.0512e-32	
0	21	1	11	7.9267e+00	8.0060e+00	1.0000e-26	1.0074e+01	1.0000e-26	1.2676e+01	4.3177e-22	1.5950e+01	5.8044e-22	2.0070e+01	7.5054e-22	2.5254e+01	9.2819e-22	3.1777e+01	1.0941e-21	3.9985e+01	1.2270e-21	5.0313e+01	1.3072e-21	6.3309e+01	1.3193e-21	7.9662e+01	1.2560e-21	1.0024e+02	1.1255e-21	1.2613e+02	9.5401e-22	1.5871e+02	7.7213e-22	1.9970e+02	5.9827e-22	2.5129e+02	4.4386e-22	3.1620e+02	3.1906e-22	3.9787e+02	2.2332e-22	5.0064e+02	1.5293e-22	6.2995e+02	1.0305e-22	7.9267e+02	6.8359e-23	
0	21	1	22	2.6222e+01	2.6485e+01	3.3946e-19	3.3326e+01	2.1368e-19	4.1934e+01	5.9964e-20	5.2765e+01	4.1573e-20	6.6394e+01	5.0201e-20	8.3544e+01	5.4902e-20	1.0512e+02	5.0913e-20	1.3228e+02	4.1578e-20	1.6644e+02	3.0809e-20	2.0943e+02	2.1139e-20	2.6353e+02	1.3641e-20	3.3160e+02	8.3824e-21	4.1725e+02	4.9586e-21	5.2503e+02	2.8472e-21	6.6065e+02	1.5943e-21	8.3129e+02	8.7147e-22	1.0460e+03	4.6516e-22	1.3162e+03	2.4178e-22	1.6562e+03	1.2215e-22	2.0840e+03	5.9983e-23	2.6222e+03	3.3662e-23	
0	21	1	24	3.2818e+01	3.3146e+01	1.0000e-26	4.1708e+01	1.0000e-26	5.2481e+01	1.0000e-26	6.6036e+01	1.6553e-23	8.3093e+01	2.2283e-25	1.0456e+02	2.9615e-26	1.3156e+02	6.6238e-27	1.6555e+02	1.5022e-27	2.0831e+02	3.4311e-28	2.6211e+02	5.8853e-29	3.2981e+02	1.0665e-29	4.1501e+02	1.9360e-30	5.2220e+02	4.1077e-31	6.5709e+02	5.6828e-32	8.2681e+02	8.1976e-32	1.0404e+03	8.8492e-33	1.3091e+03	3.1939e-33	1.6472e+03	5.8011e-34	2.0727e+03	3.0056e-34	2.6081e+03	1.6778e-34	3.2818e+03	1.1994e-34	
0	21	1	33	4.8643e+01	4.9129e+01	7.5418e-20	6.1819e+01	1.0989e-19	7.7787e+01	1.1503e-19	9.7880e+01	1.0401e-19	1.2316e+02	8.5155e-20	1.5497e+02	6.4476e-20	1.9500e+02	4.6537e-20	2.4537e+02	3.2448e-20	3.0875e+02	2.1854e-20	3.8851e+02	1.4488e-20	4.8886e+02	9.4477e-21	6.1513e+02	6.1246e-21	7.7401e+02	3.9274e-21	9.7394e+02	2.5040e-21	1.2255e+03	1.5783e-21	1.5421e+03	9.7953e-22	1.9404e+03	5.9695e-22	2.4416e+03	3.5662e-22	3.0722e+03	2.0772e-22	3.8658e+03	1.1805e-22	4.8643e+03	6.5783e-23	
0	22	1	3	3.7133e+00	3.7504e+00	1.6481e-17	4.7192e+00	9.1643e-20	5.9381e+00	3.3772e-21	7.4719e+00	2.4836e-22	9.4019e+00	2.6005e-23	1.1830e+01	3.5574e-24	1.4886e+01	5.6614e-25	1.8731e+01	9.0607e-26	2.3570e+01	1.7680e-26	2.9658e+01	3.9995e-27	3.7318e+01	1.0856e-27	4.6957e+01	5.9546e-28	5.9087e+01	1.2649e-28	7.4349e+01	4.2562e-29	9.3553e+01	2.1608e-29	1.1772e+02	5.2564e-30	1.4812e+02	1.3238e-30	1.8638e+02	3.3350e-31	2.3453e+02	8.4034e-32	2.9510e+02	2.1166e-32	3.7133e+02	5.3327e-33	
0	22	1	7	5.7014e+00	5.7584e+00	1.0000e-26	7.2458e+00	1.0000e-26	9.1174e+00	3.7109e-21	1.1472e+01	5.8535e-23	1.4436e+01	2.8456e-24	1.8165e+01	2.5164e-25	2.2856e+01	2.6471e-26	2.8760e+01	3.9506e-27	3.6189e+01	7.9188e-28	4.5536e+01	2.4128e-28	5.7299e+01	6.1997e-29	7.2099e+01	2.1266e-29	9.0722e+01	9.0507e-30	1.1416e+02	1.9922e-30	1.4364e+02	4.3250e-31	1.8074e+02	9.3882e-32	2.2743e+02	2.0374e-32	2.8617e+02	4.4231e-33	3.6009e+02	9.6012e-34	4.5310e+02	2.0843e-34	5.7014e+02	1.1887e-34	
0	22	1	10	7.5233e+00	7.5985e+00	1.0000e-26	9.5612e+00	4.9432e-19	1.2031e+01	3.8982e-22	1.5138e+01	8.3212e-24	1.9049e+01	4.6411e-25	2.3969e+01	3.9957e-26	3.0160e+01	5.2217e-27	3.7950e+01	9.5237e-28	4.7753e+01	2.3418e-28	6.0087e+01	7.2845e-29	7.5608e+01	2.5394e-29	9.5137e+01	9.0058e-30	1.1971e+02	2.5942e-30	1.5063e+02	6.9531e-31	1.8954e+02	1.8631e-31	2.3850e+02	4.9931e-32	3.0010e+02	1.3381e-32	3.7762e+02	3.5860e-33	4.7516e+02	9.6101e-34	5.9789e+02	2.6517e-34	7.5233e+02	1.1755e-34	
0	22	1	12	7.9592e+00	8.0388e+00	1.0000e-26	1.0115e+01	1.0000e-26	1.2728e+01	4.3521e-22	1.6016e+01	5.8409e-22	2.0152e+01	7.5428e-22	2.5358e+01	9.3170e-22	3.1908e+01	1.0971e-21	4.0149e+01	1.2292e-21	5.0520e+01	1.3084e-21	6.3569e+01	1.3194e-21	7.9989e+01	1.2547e-21	1.0065e+02	1.1232e-21	1.2665e+02	9.5119e-22	1.5936e+02	7.6924e-22	2.0052e+02	5.9558e-22	2.5232e+02	4.4156e-22	3.1749e+02	3.1726e-22	3.9950e+02	2.2194e-22	5.0269e+02	1.5194e-22	6.3254e+02	1.0234e-22	7.9592e+02	6.7876e-23	
0	22	1	14	1.7722e+01	1.7899e+01	1.0000e-26	2.2522e+01	1.0000e-26	2.8340e+01	1.3215e-20	3.5660e+01	3.6458e-21	4.4871e+01	1.8619e-21	5.6461e+01	1.9291e-21	7.1044e+01	2.3000e-21	8.9395e+01	2.3579e-21	1.1249e+02	2.0901e-21	1.4154e+02	1.6555e-21	1.7810e+02	1.2001e-21	2.2410e+02	8.1020e-22	2.8199e+02	5.1646e-22	3.5483e+02	3.1453e-22	4.4648e+02	1.8483e-22	5.6180e+02	1.0558e-22	7.0692e+02	5.8805e-23	8.8951e+02	3.1977e-23	1.1193e+03	1.6960e-23	1.4084e+03	8.7514e-24	1.7722e+03	4.3877e-24	
0	22	1	23	2.6257e+01	2.6520e+01	3.3686e-19	3.3370e+01	2.1207e-19	4.1989e+01	5.9632e-20	5.2835e+01	4.1518e-20	6.6482e+01	5.0160e-20	8.3654e+01	5.4820e-20	1.0526e+02	5.0804e-20	1.3245e+02	4.1465e-20	1.6666e+02	3.0710e-20	2.0971e+02	2.1063e-20	2.6388e+02	1.3587e-20	3.3204e+02	8.3470e-21	4.1781e+02	4.9365e-21	5.2573e+02	2.8340e-21	6.6152e+02	1.5866e-21	8.3239e+02	8.6715e-22	1.0474e+03	4.6277e-22	1.3179e+03	2.4050e-22	1.6584e+03	1.2149e-22	2.0867e+03	5.9646e-23	2.6257e+03	3.3459e-23	
0	22	1	24	3.2815e+01	3.3144e+01	1.0000e-26	4.1704e+01	1.0000e-26	5.2477e+01	1.0000e-26	6.6031e+01	1.4853e-25	8.3087e+01	5.3998e-28	1.0455e+02	3.5754e-29	1.3155e+02	5.1367e-30	1.6553e+02	8.6958e-31	2.0829e+02	5.7410e-31	2.6209e+02	6.2617e-33	3.2979e+02	2.8465e-32	4.1497e+02	1.2502e-33	5.2216e+02	5.1367e-33	6.5704e+02	2.7238e-32	8.2675e+02	5.5570e-33	1.0403e+03	1.4910e-34	1.3090e+03	1.1755e-34	1.6471e+03	1.1755e-34	2.0726e+03	1.1755e-34	2.6079e+03	1.1755e-34	3.2815e+03	1.1755e-34	
0	22	1	34	4.8680e+01	4.9167e+01	7.5796e-20	6.1866e+01	1.0996e-19	7.7846e+01	1.1500e-19	9.7954e+01	1.0395e-19	1.2326e+02	8.5104e-20	1.5509e+02	6.4424e-20	1.9515e+02	4.6494e-20	2.4556e+02	3.2414e-20	3.0899e+02	2.1827e-20	3.8880e+02	1.4470e-20	4.8923e+02	9.4354e-21	6.1559e+02	6.1163e-21	7.7460e+02	3.9219e-21	9.7468e+02	2.5004e-21	1.2264e+03	1.5761e-21	1.5432e+03	9.7804e-22	1.9418e+03	5.9599e-22	2.4434e+03	3.5603e-22	3.0745e+03	2.0734e-22	3.8687e+03	1.1783e-22	4.8680e+03	6.5655e-23	
0	23	1	13	6.8665e-05	6.9351e-05	1.0000e-26	8.7265e-05	1.0000e-26	1.0980e-04	1.0000e-26	1.3817e-04	1.0000e-26	1.7386e-04	1.0000e-26	2.1876e-04	1.0000e-26	2.7527e-04	1.0000e-26	3.4637e-04	1.0000e-26	4.3584e-04	1.0000e-26	5.4842e-04	1.0000e-26	6.9007e-04	1.0000e-26	8.6831e-04	1.0000e-26	1.0926e-03	1.0000e-26	1.3748e-03	1.0000e-26	1.7299e-03	1.0000e-26	2.1768e-03	1.0000e-26	2.7390e-03	1.0000e-26	3.4465e-03	1.0000e-26	4.3368e-03	1.0000e-26	5.4569e-03	1.0000e-26	6.8665e-03	1.0000e-26	
0	23	1	14	1.2614e+00	1.2740e+00	2.9201e-21	1.6031e+00	4.3809e-21	2.0172e+00	6.9503e-21	2.5382e+00	1.2423e-20	3.1938e+00	2.0864e-20	4.0188e+00	3.1657e-20	5.0568e+00	7.8098e-20	6.3630e+00	1.1895e-19	8.0066e+00	1.5288e-19	1.0075e+01	2.5001e-19	1.2677e+01	2.2531e-19	1.5951e+01	1.4907e-19	2.0072e+01	6.2761e-20	2.5256e+01	3.2788e-20	3.1780e+01	1.8272e-20	3.9989e+01	1.0328e-20	5.0318e+01	5.8136e-21	6.3314e+01	3.2700e-21	7.9669e+01	1.8799e-21	1.0025e+02	1.1545e-21	1.2614e+02	7.9567e-22	
0	23	1	15	3.8682e+00	3.9069e+00	1.1856e-21	4.9160e+00	1.0858e-21	6.1858e+00	9.7924e-22	7.7836e+00	8.6605e-22	9.7942e+00	7.4757e-22	1.2324e+01	6.2694e-22	1.5507e+01	5.0911e-22	1.9513e+01	4.0110e-22	2.4553e+01	3.0978e-22	3.0895e+01	2.3866e-22	3.8875e+01	2.1411e-22	4.8916e+01	2.1411e-22	6.1551e+01	2.1411e-22	7.7450e+01	2.1411e-22	9.7456e+01	2.1411e-22	1.2263e+02	2.1411e-22	1.5430e+02	2.1411e-22	1.9416e+02	2.1411e-22	2.4431e+02	2.1411e-22	3.0742e+02	2.1411e-22	3.8682e+02	2.1411e-22	
0	23	1	18	7.3802e+00	7.4540e+00	1.6247e-19	9.3794e+00	8.6673e-20	1.1802e+01	4.8051e-20	1.4850e+01	3.2146e-20	1.8686e+01	1.7378e-20	2.3513e+01	1.0233e-20	2.9586e+01	6.1141e-21	3.7229e+01	3.5843e-21	4.6845e+01	2.0179e-21	5.8945e+01	1.0770e-21	7.4170e+01	5.4256e-22	9.3328e+01	2.5881e-22	1.1743e+02	1.1800e-22	1.4777e+02	5.2401e-23	1.8594e+02	2.3522e-23	2.3396e+02	1.1025e-23	2.9440e+02	5.6527e-24	3.7044e+02	3.3049e-24	4.6612e+02	2.2449e-24	5.8652e+02	1.7584e-24	7.3802e+02	1.6092e-24	
0	23	1	21	9.2495e+00	9.3420e+00	1.5623e-19	1.1755e+01	1.4117e-19	1.4791e+01	5.8580e-20	1.8612e+01	2.9380e-20	2.3419e+01	1.6082e-20	2.9469e+01	9.1257e-21	3.7080e+01	5.1948e-21	4.6658e+01	2.8968e-21	5.8710e+01	1.5554e-21	7.3875e+01	7.9536e-22	9.2957e+01	3.8575e-22	1.1697e+02	1.7791e-22	1.4718e+02	7.8678e-23	1.8520e+02	3.3838e-23	2.3303e+02	1.4405e-23	2.9322e+02	6.2361e-24	3.6896e+02	2.9929e-24	4.6427e+02	1.6832e-24	5.8419e+02	1.1149e-24	7.3508e+02	8.6176e-25	9.2495e+02	7.8060e-25	
0	23	1	24	1.6355e+01	1.6519e+01	1.9304e-20	2.0785e+01	1.8414e-19	2.6154e+01	2.4720e-19	3.2910e+01	1.1379e-19	4.1411e+01	2.3774e-20	5.2107e+01	8.9607e-21	6.5566e+01	9.2344e-21	8.2502e+01	1.1351e-20	1.0381e+02	1.1349e-20	1.3063e+02	9.5822e-21	1.6437e+02	7.1659e-21	2.0682e+02	4.9078e-21	2.6024e+02	3.1501e-21	3.2747e+02	1.9252e-21	4.1205e+02	1.1331e-21	5.1848e+02	6.4826e-22	6.5241e+02	3.6183e-22	8.2092e+02	1.9727e-22	1.0330e+03	1.0503e-22	1.2998e+03	5.4512e-23	1.6355e+03	2.7678e-23	
0	23	1	25	2.1889e+01	2.2108e+01	6.0833e-20	2.7818e+01	1.9987e-20	3.5003e+01	6.2429e-21	4.4045e+01	2.9605e-21	5.5421e+01	2.8896e-21	6.9737e+01	3.7690e-21	8.7750e+01	4.1594e-21	1.1042e+02	3.8375e-21	1.3894e+02	3.1073e-21	1.7482e+02	2.2776e-21	2.1998e+02	1.5441e-21	2.7680e+02	9.8863e-22	3.4830e+02	6.0381e-22	4.3826e+02	3.5608e-22	5.5146e+02	2.0389e-22	6.9391e+02	1.1391e-22	8.7314e+02	6.2049e-23	1.0987e+03	3.3003e-23	1.3825e+03	1.8064e-23	1.7395e+03	1.2130e-23	2.1889e+03	1.2079e-23	
0	23	1	35	4.2376e+01	4.2800e+01	2.4025e-20	5.3856e+01	3.0105e-20	6.7766e+01	1.8325e-20	8.5270e+01	1.9635e-20	1.0730e+02	1.8555e-20	1.3501e+02	1.5370e-20	1.6988e+02	1.1620e-20	2.1376e+02	8.3278e-21	2.6898e+02	5.7172e-21	3.3846e+02	3.8110e-21	4.2588e+02	2.5033e-21	5.3588e+02	1.6227e-21	6.7430e+02	1.0462e-21	8.4847e+02	6.6783e-22	1.0676e+03	4.2260e-22	1.3434e+03	2.6429e-22	1.6904e+03	1.6260e-22	2.1270e+03	9.8189e-23	2.6764e+03	5.8034e-23	3.3678e+03	3.3428e-23	4.2376e+03	2.0446e-23	
0	24	1	24	5.4915e+00	5.5464e+00	1.4792e-19	6.9790e+00	8.6544e-20	8.7817e+00	5.6598e-20	1.1050e+01	1.7005e-18	1.3904e+01	9.6746e-19	1.7496e+01	4.2823e-19	2.2015e+01	2.2188e-19	2.7701e+01	1.2308e-19	3.4856e+01	6.9598e-20	4.3860e+01	3.8926e-20	5.5189e+01	2.1072e-20	6.9444e+01	1.0921e-20	8.7381e+01	5.3941e-21	1.0995e+02	2.5570e-21	1.3835e+02	1.1821e-21	1.7409e+02	5.4504e-22	2.1906e+02	2.5706e-22	2.7564e+02	1.2931e-22	3.4683e+02	7.3106e-23	4.3642e+02	4.9708e-23	5.4915e+02	4.0390e-23	
0	24	1	35	2.0685e+01	2.0892e+01	1.9158e-18	2.6288e+01	8.7099e-19	3.3078e+01	2.8472e-19	4.1622e+01	6.8224e-20	5.2373e+01	3.8938e-20	6.5901e+01	4.6995e-20	8.2923e+01	5.4590e-20	1.0434e+02	5.2359e-20	1.3129e+02	4.3339e-20	1.6521e+02	3.2105e-20	2.0788e+02	2.1958e-20	2.6157e+02	1.4144e-20	3.2914e+02	8.6893e-21	4.1415e+02	5.1483e-21	5.2113e+02	2.9634e-21	6.5574e+02	1.6624e-21	8.2511e+02	9.0918e-22	1.0382e+03	4.8487e-22	1.3064e+03	2.5187e-22	1.6439e+03	1.2718e-22	2.0685e+03	7.2141e-23	
